variable,country,year,area
basin_forest,GRL,2005,0.0
basin_forest,CAN,2005,555412.7623052568
basin_forest,RUS,2005,874671.014695636
basin_forest,NOR,2005,27959.18081654211
basin_forest,USA,2005,279827.4286231621
basin_forest,FIN,2005,15866.670130799528
basin_forest,SWE,2005,30902.818870840143
basin_forest,ISL,2005,6191.156896725508
basin_forest,FRO,2005,0.0
basin_forest,GBR,2005,3846.5366693931473
basin_forest,EST,2005,993.9421281115962
basin_forest,DNK,2005,468.88536582690165
basin_forest,LVA,2005,1222.1196002620247
basin_forest,LTU,2005,1210.6717149430729
basin_forest,BLR,2005,2408.3680865603383
basin_forest,IRL,2005,2212.9121495033937
basin_forest,KAZ,2005,2367.477240660375
basin_forest,DEU,2005,3790.619192121857
basin_forest,POL,2005,817.6598816150547
basin_forest,NLD,2005,258.7573985367519
basin_forest,CHN,2005,201151.49578096916
basin_forest,UKR,2005,1593.1907176989355
basin_forest,MNG,2005,10800.019944064046
basin_forest,FRA,2005,18573.261673939858
basin_forest,BEL,2005,580.2251728035537
basin_forest,CZE,2005,911.8220556274032
basin_forest,LUX,2005,75.00363476765543
basin_forest,SVK,2005,2423.626725991236
basin_forest,AUT,2005,3786.794395740928
basin_forest,HUN,2005,401.09927462167036
basin_forest,ROU,2005,3713.865873816333
basin_forest,MDA,2005,344.3454903244357
basin_forest,CHE,2005,1772.4221971543034
basin_forest,ITA,2005,6189.57392931078
basin_forest,SVN,2005,1504.7797293627987
basin_forest,HRV,2005,2879.0008682075104
basin_forest,SRB,2005,500.83371097069835
basin_forest,JPN,2005,26951.516902224852
basin_forest,UZB,2005,220.1139969985519
basin_forest,BIH,2005,1746.8929111591822
basin_forest,ESP,2005,6028.435913156729
basin_forest,BGR,2005,3469.348628519514
basin_forest,MNE,2005,39.396671947235134
basin_forest,GEO,2005,3360.8153965758647
basin_forest,XKX,2005,81.549451957509
basin_forest,KGZ,2005,1742.7418399534686
basin_forest,PRK,2005,9545.921067549007
basin_forest,ALB,2005,1338.7826521144248
basin_forest,MKD,2005,312.22827344172214
basin_forest,TUR,2005,2246.9787758472958
basin_forest,TKM,2005,3752.305780052673
basin_forest,PRT,2005,1986.5640302630077
basin_forest,AZE,2005,704.5398990537516
basin_forest,GRC,2005,662.791378532218
basin_forest,ARM,2005,307.2128269921062
basin_forest,TJK,2005,4326.080398363569
basin_forest,IRN,2005,10276.403032953956
basin_forest,AFG,2005,1751.5571320799502
basin_forest,KOR,2005,7490.798603014656
basin_forest,DZA,2005,1840.687039674563
basin_forest,TUN,2005,752.653560504333
basin_forest,SYR,2005,11.046054085258191
basin_forest,IRQ,2005,862.2403909266357
basin_forest,PAK,2005,1743.6762151548216
basin_forest,MLT,2005,0.0
basin_forest,MAR,2005,5687.927280324691
basin_forest,CYP,2005,0.0
basin_forest,IND,2005,26604.502134162263
basin_forest,LBN,2005,165.01779355634227
basin_forest,LBY,2005,279.3711147544127
basin_forest,ISR,2005,290.40584287536757
basin_forest,JOR,2005,187.73437780434853
basin_forest,MEX,2005,11507.963866125763
basin_forest,BMU,2005,0.0
basin_forest,PSE,2005,28.99638454510304
basin_forest,EGY,2005,304.28901387614485
basin_forest,SAU,2005,2242.571605196942
basin_forest,NPL,2005,9635.14708939461
basin_forest,KWT,2005,114.87293011891282
basin_forest,MMR,2005,50853.805332457254
basin_forest,BTN,2005,2420.792548810966
basin_forest,BHS,2005,369.6275951809941
basin_forest,ESH,2005,0.0
basin_forest,MRT,2005,528.6375717367644
basin_forest,BHR,2005,0.0
basin_forest,QAT,2005,0.0
basin_forest,OMN,2005,305.03278338861344
basin_forest,ARE,2005,0.0
basin_forest,BGD,2005,2332.560789550614
basin_forest,TWN,2005,2393.0496983919697
basin_forest,MLI,2005,13562.443158296093
basin_forest,CUB,2005,0.0
basin_forest,NER,2005,1404.141338895308
basin_forest,TCD,2005,6044.313685745652
basin_forest,VNM,2005,19822.921914275306
basin_forest,LAO,2005,21396.962123648795
basin_forest,HKG,2005,0.0
basin_forest,TCA,2005,0.0
basin_forest,SDN,2005,21281.665730640692
basin_forest,PHL,2005,13102.624006084192
basin_forest,HTI,2005,407.9581244765222
basin_forest,THA,2005,11860.276984462824
basin_forest,CYM,2005,0.0
basin_forest,DOM,2005,1554.5450598035827
basin_forest,JAM,2005,533.4597344902788
basin_forest,PRI,2005,0.0
basin_forest,VGB,2005,0.0
basin_forest,YEM,2005,92.65063857825282
basin_forest,MNP,2005,0.0
basin_forest,BLZ,2005,914.7162098600975
basin_forest,VIR,2005,0.0
basin_forest,GTM,2005,6204.314358953372
basin_forest,ATG,2005,0.0
basin_forest,ERI,2005,18.01621807258835
basin_forest,KNA,2005,0.0
basin_forest,CPV,2005,0.0
basin_forest,HND,2005,7076.429289613972
basin_forest,SEN,2005,8643.762494463843
basin_forest,DMA,2005,0.0
basin_forest,NIC,2005,6287.591845260688
basin_forest,BFA,2005,6806.403556517351
basin_forest,MHL,2005,0.0
basin_forest,SLV,2005,491.0966839020519
basin_forest,LCA,2005,0.0
basin_forest,ETH,2005,13243.93877151731
basin_forest,KHM,2005,10270.115578288725
basin_forest,GMB,2005,349.6923580067629
basin_forest,NGA,2005,6912.89588786543
basin_forest,GUM,2005,0.0
basin_forest,COL,2005,68980.94100847618
basin_forest,VCT,2005,0.0
basin_forest,BRB,2005,0.0
basin_forest,ABW,2005,0.0
basin_forest,GRD,2005,0.0
basin_forest,CMR,2005,28956.76716824396
basin_forest,DJI,2005,71.83358715370188
basin_forest,VEN,2005,52645.32250401912
basin_forest,GNB,2005,669.3405726859258
basin_forest,GIN,2005,8048.922015555238
basin_forest,BEN,2005,4374.8468193411245
basin_forest,SSD,2005,1784.2375899619306
basin_forest,SOM,2005,0.0
basin_forest,TTO,2005,371.78458039330735
basin_forest,CRI,2005,2666.5033983282074
basin_forest,GHA,2005,320.1975853276938
basin_forest,TGO,2005,1230.349864150152
basin_forest,CAF,2005,24673.215206858946
basin_forest,CIV,2005,2945.4828359956746
basin_forest,PAN,2005,4321.844842368982
basin_forest,SLE,2005,2721.1833771275888
basin_forest,LKA,2005,2282.079687515241
basin_forest,FSM,2005,0.0
basin_forest,GUY,2005,18628.063509280393
basin_forest,LBR,2005,6472.669536994257
basin_forest,PLW,2005,0.0
basin_forest,MYS,2005,22958.648218175233
basin_forest,MDV,2005,0.0
basin_forest,SUR,2005,14601.488072427837
basin_forest,IDN,2005,119466.46273965863
basin_forest,COD,2005,157456.13831933425
basin_forest,BRN,2005,232.17836904144303
basin_forest,BRA,2005,450173.9977446529
basin_forest,KEN,2005,1892.035996027897
basin_forest,KIR,2005,0.0
basin_forest,GNQ,2005,288.23957385064836
basin_forest,UGA,2005,549.2695943578949
basin_forest,COG,2005,21708.565181793794
basin_forest,GAB,2005,21278.531238957046
basin_forest,STP,2005,0.0
basin_forest,ECU,2005,14828.406846341983
basin_forest,SGP,2005,0.0
basin_forest,PER,2005,74927.47369947829
basin_forest,NRU,2005,0.0
basin_forest,RWA,2005,180.24458330342378
basin_forest,TZA,2005,7696.43435225666
basin_forest,PNG,2005,39096.71055214833
basin_forest,BDI,2005,426.60900589088294
basin_forest,SYC,2005,0.0
basin_forest,AGO,2005,18040.459313632695
basin_forest,SLB,2005,393.06035811397965
basin_forest,PYF,2005,0.0
basin_forest,ZMB,2005,6710.56134707822
basin_forest,TLS,2005,676.1918219895139
basin_forest,TUV,2005,0.0
basin_forest,MWI,2005,219.4880015354363
basin_forest,BOL,2005,31650.959015863198
basin_forest,MOZ,2005,2250.8768370449043
basin_forest,AUS,2005,16586.88670614508
basin_forest,COM,2005,0.0
basin_forest,MDG,2005,11740.203943179778
basin_forest,FJI,2005,812.8182310025919
basin_forest,WSM,2005,0.0
basin_forest,VUT,2005,191.1549820759802
basin_forest,ASM,2005,0.0
basin_forest,TON,2005,0.0
basin_forest,ZWE,2005,651.9266653306073
basin_forest,NAM,2005,7804.059511875354
basin_forest,CHL,2005,16242.650826476623
basin_forest,BWA,2005,16808.68037149431
basin_forest,PRY,2005,3909.15863641566
basin_forest,MUS,2005,0.0
basin_forest,NCL,2005,0.0
basin_forest,ARG,2005,10097.23465741603
basin_forest,ZAF,2005,469.6739334404431
basin_forest,SWZ,2005,57.60582367653542
basin_forest,LSO,2005,221.57845086566485
basin_forest,NZL,2005,12632.922661401877
basin_forest,URY,2005,2302.2012075310895
basin_forest,GRL,2010,0.0
basin_forest,CAN,2010,553601.3392125678
basin_forest,RUS,2010,872106.6155563329
basin_forest,NOR,2010,27974.31098596446
basin_forest,USA,2010,282207.5301759335
basin_forest,FIN,2010,15778.690033469547
basin_forest,SWE,2010,30857.061221588563
basin_forest,ISL,2010,6191.157296593222
basin_forest,FRO,2010,0.0
basin_forest,GBR,2010,3909.25329577931
basin_forest,EST,2010,941.6621014692186
basin_forest,DNK,2010,419.9547496117626
basin_forest,LVA,2010,1191.7899020040259
basin_forest,LTU,2010,1113.428663361945
basin_forest,BLR,2010,2196.6259790187373
basin_forest,IRL,2010,2897.3771688807633
basin_forest,KAZ,2010,2326.4610609602664
basin_forest,DEU,2010,3759.7608090376734
basin_forest,POL,2010,761.7070214987835
basin_forest,NLD,2010,251.8564795737392
basin_forest,CHN,2010,195800.8056196971
basin_forest,UKR,2010,1457.8443275007185
basin_forest,MNG,2010,10803.237019131902
basin_forest,FRA,2010,18647.507868781715
basin_forest,BEL,2010,526.593482707365
basin_forest,CZE,2010,1039.488914015684
basin_forest,LUX,2010,78.10416260575805
basin_forest,SVK,2010,2532.05392280835
basin_forest,AUT,2010,3784.7953762005054
basin_forest,HUN,2010,458.3515526956421
basin_forest,ROU,2010,3692.101672422736
basin_forest,MDA,2010,345.69343673516994
basin_forest,CHE,2010,1827.9729641596768
basin_forest,ITA,2010,6420.967759660998
basin_forest,SVN,2010,1449.4204196353026
basin_forest,HRV,2010,2861.1161458881797
basin_forest,SRB,2010,479.94736476892035
basin_forest,JPN,2010,27016.78599487008
basin_forest,UZB,2010,260.177011572694
basin_forest,BIH,2010,1754.3184688979682
basin_forest,ESP,2010,6125.773078938243
basin_forest,BGR,2010,3367.4368362671917
basin_forest,MNE,2010,38.90061641269472
basin_forest,GEO,2010,3364.2387057533656
basin_forest,XKX,2010,75.9933124625841
basin_forest,KGZ,2010,1741.993622154117
basin_forest,PRK,2010,9531.825633031702
basin_forest,ALB,2010,1312.645916672631
basin_forest,MKD,2010,322.5402808505014
basin_forest,TUR,2010,2280.805047733053
basin_forest,TKM,2010,3825.196370692285
basin_forest,PRT,2010,2027.722454271999
basin_forest,AZE,2010,668.7672791358978
basin_forest,GRC,2010,669.1902550390215
basin_forest,ARM,2010,306.3385649246686
basin_forest,TJK,2010,4338.807205544117
basin_forest,IRN,2010,10443.079960362778
basin_forest,AFG,2010,1770.0784106295814
basin_forest,KOR,2010,7525.446594622083
basin_forest,DZA,2010,1840.9739059883639
basin_forest,TUN,2010,777.346193928546
basin_forest,SYR,2010,11.046234045641137
basin_forest,IRQ,2010,882.4885079087917
basin_forest,PAK,2010,1738.1585534282526
basin_forest,MLT,2010,0.0
basin_forest,MAR,2010,5643.6407613072515
basin_forest,CYP,2010,0.0
basin_forest,IND,2010,26581.770305138813
basin_forest,LBN,2010,180.95070800493997
basin_forest,LBY,2010,277.68774257204643
basin_forest,ISR,2010,294.14187216743824
basin_forest,JOR,2010,200.05472027012968
basin_forest,MEX,2010,11432.553337252408
basin_forest,BMU,2010,0.0
basin_forest,PSE,2010,23.73464120416245
basin_forest,EGY,2010,304.59247771263074
basin_forest,SAU,2010,2290.6425831357537
basin_forest,NPL,2010,9919.760942194143
basin_forest,KWT,2010,114.23519589199512
basin_forest,MMR,2010,49841.938058512
basin_forest,BTN,2010,2420.792124598673
basin_forest,BHS,2010,369.6300831915592
basin_forest,ESH,2010,0.0
basin_forest,MRT,2010,529.6046847565256
basin_forest,BHR,2010,0.0
basin_forest,QAT,2010,0.0
basin_forest,OMN,2010,273.0580081230439
basin_forest,ARE,2010,0.0
basin_forest,BGD,2010,2409.985080225456
basin_forest,TWN,2010,2404.4692725015843
basin_forest,MLI,2010,13499.973142507972
basin_forest,CUB,2010,0.0
basin_forest,NER,2010,1248.1174686626175
basin_forest,TCD,2010,5957.898184837756
basin_forest,VNM,2010,19237.31591483366
basin_forest,LAO,2010,21132.367644407135
basin_forest,HKG,2010,0.0
basin_forest,TCA,2010,0.0
basin_forest,SDN,2010,21275.565265507554
basin_forest,PHL,2010,12637.246484297128
basin_forest,HTI,2010,408.26531999562144
basin_forest,THA,2010,11413.513181943084
basin_forest,CYM,2010,0.0
basin_forest,DOM,2010,1467.3099274469243
basin_forest,JAM,2010,550.8331385318803
basin_forest,PRI,2010,0.0
basin_forest,VGB,2010,0.0
basin_forest,YEM,2010,95.68436563740951
basin_forest,MNP,2010,0.0
basin_forest,BLZ,2010,911.3384327524213
basin_forest,VIR,2010,0.0
basin_forest,GTM,2010,6140.3543045177175
basin_forest,ATG,2010,0.0
basin_forest,ERI,2010,18.083499181695487
basin_forest,KNA,2010,0.0
basin_forest,CPV,2010,0.0
basin_forest,HND,2010,7045.021691253011
basin_forest,SEN,2010,8477.818159782244
basin_forest,DMA,2010,0.0
basin_forest,NIC,2010,6583.871379093343
basin_forest,BFA,2010,6576.283591973835
basin_forest,MHL,2010,0.0
basin_forest,SLV,2010,459.2845809427929
basin_forest,LCA,2010,0.0
basin_forest,ETH,2010,12392.099922983354
basin_forest,KHM,2010,10378.623696932233
basin_forest,GMB,2010,318.1352904416703
basin_forest,NGA,2010,6561.070747184326
basin_forest,GUM,2010,0.0
basin_forest,COL,2010,69107.29898002843
basin_forest,VCT,2010,0.0
basin_forest,BRB,2010,0.0
basin_forest,ABW,2010,0.0
basin_forest,GRD,2010,0.0
basin_forest,CMR,2010,28650.152227772334
basin_forest,DJI,2010,71.83289160556801
basin_forest,VEN,2010,52633.7269839474
basin_forest,GNB,2010,631.406687552632
basin_forest,GIN,2010,7729.833281680521
basin_forest,BEN,2010,4294.092064235375
basin_forest,SSD,2010,1774.9890916576253
basin_forest,SOM,2010,0.0
basin_forest,TTO,2010,380.5493028125743
basin_forest,CRI,2010,2614.567955565103
basin_forest,GHA,2010,323.50937722743373
basin_forest,TGO,2010,1192.3770270499058
basin_forest,CAF,2010,24671.49654395612
basin_forest,CIV,2010,2776.902660222746
basin_forest,PAN,2010,4281.837746025371
basin_forest,SLE,2010,2505.7228695317826
basin_forest,LKA,2010,1503.1837750718146
basin_forest,FSM,2010,0.0
basin_forest,GUY,2010,18641.488088825005
basin_forest,LBR,2010,6522.468309535041
basin_forest,PLW,2010,0.0
basin_forest,MYS,2010,22816.194887383645
basin_forest,MDV,2010,0.0
basin_forest,SUR,2010,14580.029165987944
basin_forest,IDN,2010,116223.75608055986
basin_forest,COD,2010,156323.55603571952
basin_forest,BRN,2010,226.1188111124721
basin_forest,BRA,2010,449207.2262742135
basin_forest,KEN,2010,1775.116326234233
basin_forest,KIR,2010,0.0
basin_forest,GNQ,2010,285.4256350739116
basin_forest,UGA,2010,483.28249148019205
basin_forest,COG,2010,21660.130848098313
basin_forest,GAB,2010,21272.07744656958
basin_forest,STP,2010,0.0
basin_forest,ECU,2010,14806.589794778849
basin_forest,SGP,2010,0.0
basin_forest,PER,2010,74796.48094133983
basin_forest,NRU,2010,0.0
basin_forest,RWA,2010,213.36916827027824
basin_forest,TZA,2010,7251.662788749587
basin_forest,PNG,2010,39089.987990208654
basin_forest,BDI,2010,426.989648163872
basin_forest,SYC,2010,0.0
basin_forest,AGO,2010,17783.811015386415
basin_forest,SLB,2010,393.12598425987517
basin_forest,PYF,2010,0.0
basin_forest,ZMB,2010,6606.367422413251
basin_forest,TLS,2010,671.7181197418926
basin_forest,TUV,2010,0.0
basin_forest,MWI,2010,210.16097385533445
basin_forest,BOL,2010,31405.845427667708
basin_forest,MOZ,2010,2148.322429094757
basin_forest,AUS,2010,16586.362707229124
basin_forest,COM,2010,0.0
basin_forest,MDG,2010,11718.811026856925
basin_forest,FJI,2010,813.9064310290057
basin_forest,WSM,2010,0.0
basin_forest,VUT,2010,191.16829293077737
basin_forest,ASM,2010,0.0
basin_forest,TON,2010,0.0
basin_forest,ZWE,2010,637.01848325397
basin_forest,NAM,2010,7806.894154435937
basin_forest,CHL,2010,16308.314437623194
basin_forest,BWA,2010,16774.626099007604
basin_forest,PRY,2010,3763.4592552858408
basin_forest,MUS,2010,0.0
basin_forest,NCL,2010,0.0
basin_forest,ARG,2010,9700.279446497261
basin_forest,ZAF,2010,490.10439240863235
basin_forest,SWZ,2010,57.605794765645534
basin_forest,LSO,2010,223.9495301783288
basin_forest,NZL,2010,12541.458758013963
basin_forest,URY,2010,2039.6490045891614
basin_forest,GRL,2020,0.0
basin_forest,CAN,2020,551457.4268785048
basin_forest,RUS,2020,868751.4735088712
basin_forest,NOR,2020,27972.386243334164
basin_forest,USA,2020,280407.3332273295
basin_forest,FIN,2020,15833.404049663071
basin_forest,SWE,2020,30915.38812356424
basin_forest,ISL,2020,6147.157847023536
basin_forest,FRO,2020,0.0
basin_forest,GBR,2020,4041.858992369741
basin_forest,EST,2020,918.2431392017604
basin_forest,DNK,2020,432.8534244910804
basin_forest,LVA,2020,1224.480575264388
basin_forest,LTU,2020,1223.1934428950472
basin_forest,BLR,2020,2170.4161946159993
basin_forest,IRL,2020,3296.2890628805253
basin_forest,KAZ,2020,2047.3243484090513
basin_forest,DEU,2020,3646.379691892015
basin_forest,POL,2020,678.7946548190063
basin_forest,NLD,2020,184.3333698398531
basin_forest,CHN,2020,198421.21659646498
basin_forest,UKR,2020,1395.3354587103945
basin_forest,MNG,2020,23410.58349421669
basin_forest,FRA,2020,18444.083331728096
basin_forest,BEL,2020,569.9858343694136
basin_forest,CZE,2020,1068.6622874227176
basin_forest,LUX,2020,73.48177721384171
basin_forest,SVK,2020,2515.422474027931
basin_forest,AUT,2020,3702.661317074351
basin_forest,HUN,2020,481.74486058615247
basin_forest,ROU,2020,3752.610525234192
basin_forest,MDA,2020,411.0532013222586
basin_forest,CHE,2020,1802.1230462833225
basin_forest,ITA,2020,7220.310457892394
basin_forest,SVN,2020,1361.905676404354
basin_forest,HRV,2020,2831.1628095392557
basin_forest,SRB,2020,397.3093285625773
basin_forest,JPN,2020,26775.86594207237
basin_forest,UZB,2020,263.7904675625494
basin_forest,BIH,2020,1807.8500005705032
basin_forest,ESP,2020,6118.265116780123
basin_forest,BGR,2020,3276.4701591830635
basin_forest,MNE,2020,35.33114691620235
basin_forest,GEO,2020,3382.3729551461456
basin_forest,XKX,2020,43.90952763282435
basin_forest,KGZ,2020,1647.7365897705768
basin_forest,PRK,2020,9526.694322746192
basin_forest,ALB,2020,1321.2280200391738
basin_forest,MKD,2020,276.677338665743
basin_forest,TUR,2020,2335.539425742502
basin_forest,TKM,2020,3376.2533305993165
basin_forest,PRT,2020,2020.928168945782
basin_forest,AZE,2020,594.6979495843956
basin_forest,GRC,2020,682.7033857477734
basin_forest,ARM,2020,347.7929991234647
basin_forest,TJK,2020,4420.66721207238
basin_forest,IRN,2020,10433.509076976723
basin_forest,AFG,2020,1556.0120711885556
basin_forest,KOR,2020,7520.729203365973
basin_forest,DZA,2020,1205.6821763039247
basin_forest,TUN,2020,679.0704999677869
basin_forest,SYR,2020,22.954074228252786
basin_forest,IRQ,2020,672.5492603133864
basin_forest,PAK,2020,1679.0944548820464
basin_forest,MLT,2020,0.0
basin_forest,MAR,2020,5440.897741242628
basin_forest,CYP,2020,0.0
basin_forest,IND,2020,25352.02279033041
basin_forest,LBN,2020,146.99707180824598
basin_forest,LBY,2020,195.19410416289574
basin_forest,ISR,2020,291.9698021976741
basin_forest,JOR,2020,174.3025443853562
basin_forest,MEX,2020,11109.819810255809
basin_forest,BMU,2020,0.0
basin_forest,PSE,2020,16.790421027049693
basin_forest,EGY,2020,276.39191117397326
basin_forest,SAU,2020,1738.4519334662377
basin_forest,NPL,2020,9795.389540126558
basin_forest,KWT,2020,111.49642104658345
basin_forest,MMR,2020,48926.29220679607
basin_forest,BTN,2020,2420.715838183073
basin_forest,BHS,2020,369.382699701255
basin_forest,ESH,2020,0.0
basin_forest,MRT,2020,409.75206941361824
basin_forest,BHR,2020,0.0
basin_forest,QAT,2020,0.0
basin_forest,OMN,2020,268.64048647669483
basin_forest,ARE,2020,0.0
basin_forest,BGD,2020,2457.01572796953
basin_forest,TWN,2020,2249.588938174492
basin_forest,MLI,2020,12684.362568189212
basin_forest,CUB,2020,0.0
basin_forest,NER,2020,879.9888842330769
basin_forest,TCD,2020,6553.774987761609
basin_forest,VNM,2020,17756.956123142503
basin_forest,LAO,2020,20821.009927640454
basin_forest,HKG,2020,0.0
basin_forest,TCA,2020,0.0
basin_forest,SDN,2020,16207.493118475864
basin_forest,PHL,2020,12289.895945506734
basin_forest,HTI,2020,418.3752233502788
basin_forest,THA,2020,10916.707941556055
basin_forest,CYM,2020,0.0
basin_forest,DOM,2020,1312.8599293175446
basin_forest,JAM,2020,532.977169818427
basin_forest,PRI,2020,0.0
basin_forest,VGB,2020,0.0
basin_forest,YEM,2020,4.09586000393869e-15
basin_forest,MNP,2020,0.0
basin_forest,BLZ,2020,904.8769696956836
basin_forest,VIR,2020,0.0
basin_forest,GTM,2020,5852.780151633308
basin_forest,ATG,2020,0.0
basin_forest,ERI,2020,4.259133770844269
basin_forest,KNA,2020,0.0
basin_forest,CPV,2020,0.0
basin_forest,HND,2020,6830.246956954545
basin_forest,SEN,2020,8283.455932980598
basin_forest,DMA,2020,0.0
basin_forest,NIC,2020,6159.869752235272
basin_forest,BFA,2020,6249.865885315282
basin_forest,MHL,2020,0.0
basin_forest,SLV,2020,406.6588484219568
basin_forest,LCA,2020,0.0
basin_forest,ETH,2020,11216.445983341819
basin_forest,KHM,2020,10004.469128746528
basin_forest,GMB,2020,310.3238889191364
basin_forest,NGA,2020,6248.3039055242225
basin_forest,GUM,2020,0.0
basin_forest,COL,2020,66802.45232171906
basin_forest,VCT,2020,0.0
basin_forest,BRB,2020,0.0
basin_forest,ABW,2020,0.0
basin_forest,GRD,2020,0.0
basin_forest,CMR,2020,28615.249496225577
basin_forest,DJI,2020,70.8372641339285
basin_forest,VEN,2020,52539.53785867212
basin_forest,GNB,2020,616.1876683130099
basin_forest,GIN,2020,6929.188265167089
basin_forest,BEN,2020,4071.1312763492465
basin_forest,SSD,2020,1710.0948114107798
basin_forest,SOM,2020,0.0
basin_forest,TTO,2020,371.27961514637184
basin_forest,CRI,2020,2533.2215789501633
basin_forest,GHA,2020,322.6174343406802
basin_forest,TGO,2020,1073.3328744043654
basin_forest,CAF,2020,24554.245194364223
basin_forest,CIV,2020,4766.815845314607
basin_forest,PAN,2020,4143.309783608861
basin_forest,SLE,2020,2292.8167920406504
basin_forest,LKA,2020,1463.1893915143723
basin_forest,FSM,2020,0.0
basin_forest,GUY,2020,18731.67435123064
basin_forest,LBR,2020,6370.875163611066
basin_forest,PLW,2020,0.0
basin_forest,MYS,2020,21830.431596544284
basin_forest,MDV,2020,0.0
basin_forest,SUR,2020,14550.021470538171
basin_forest,IDN,2020,112799.09345913865
basin_forest,COD,2020,153728.14418868412
basin_forest,BRN,2020,226.17648962890615
basin_forest,BRA,2020,435752.11083538143
basin_forest,KEN,2020,1431.9954311223446
basin_forest,KIR,2020,0.0
basin_forest,GNQ,2020,283.10095947654037
basin_forest,UGA,2020,442.4587672393674
basin_forest,COG,2020,20635.940765397623
basin_forest,GAB,2020,20883.911778440848
basin_forest,STP,2020,0.0
basin_forest,ECU,2020,14588.05376892353
basin_forest,SGP,2020,0.0
basin_forest,PER,2020,74115.51854690796
basin_forest,NRU,2020,0.0
basin_forest,RWA,2020,208.01153067065945
basin_forest,TZA,2020,6371.470599119744
basin_forest,PNG,2020,39029.92673884574
basin_forest,BDI,2020,451.150212785901
basin_forest,SYC,2020,0.0
basin_forest,AGO,2020,16261.246424185094
basin_forest,SLB,2020,393.02472060815717
basin_forest,PYF,2020,0.0
basin_forest,ZMB,2020,6308.209138930098
basin_forest,TLS,2020,678.7508538881145
basin_forest,TUV,2020,0.0
basin_forest,MWI,2020,198.1641008019167
basin_forest,BOL,2020,30672.202035481594
basin_forest,MOZ,2020,2057.012672150234
basin_forest,AUS,2020,15525.1955506665
basin_forest,COM,2020,0.0
basin_forest,MDG,2020,9966.791123332448
basin_forest,FJI,2020,819.6800981618685
basin_forest,WSM,2020,0.0
basin_forest,VUT,2020,191.1614509026106
basin_forest,ASM,2020,0.0
basin_forest,TON,2020,0.0
basin_forest,ZWE,2020,629.6821163356316
basin_forest,NAM,2020,7129.040190966269
basin_forest,CHL,2020,15861.376005421804
basin_forest,BWA,2020,15752.909389497487
basin_forest,PRY,2020,3373.896160797509
basin_forest,MUS,2020,0.0
basin_forest,NCL,2020,0.0
basin_forest,ARG,2020,9214.940757335251
basin_forest,ZAF,2020,423.69301160185915
basin_forest,SWZ,2020,47.80097209162367
basin_forest,LSO,2020,225.39322387876612
basin_forest,NZL,2020,12351.115488065956
basin_forest,URY,2020,1474.137868000677
basin_forest,GRL,2030,0.0
basin_forest,CAN,2030,549198.560107646
basin_forest,RUS,2030,864582.7813882094
basin_forest,NOR,2030,27913.656918887315
basin_forest,USA,2030,286054.9106063731
basin_forest,FIN,2030,15824.6759426413
basin_forest,SWE,2030,30981.231234254916
basin_forest,ISL,2030,5804.654086264607
basin_forest,FRO,2030,0.0
basin_forest,GBR,2030,3939.674275202514
basin_forest,EST,2030,915.3359246543951
basin_forest,DNK,2030,403.0820557134001
basin_forest,LVA,2030,1211.6481248057971
basin_forest,LTU,2030,1255.7191530551852
basin_forest,BLR,2030,2084.2386216090804
basin_forest,IRL,2030,4685.658726696309
basin_forest,KAZ,2030,1935.5463765832083
basin_forest,DEU,2030,3553.8089671822827
basin_forest,POL,2030,615.4576791362329
basin_forest,NLD,2030,184.5166329684162
basin_forest,CHN,2030,212376.9204415077
basin_forest,UKR,2030,1322.1708014646526
basin_forest,MNG,2030,19155.694072076156
basin_forest,FRA,2030,18140.46421953577
basin_forest,BEL,2030,554.4528150561132
basin_forest,CZE,2030,1000.2203014500643
basin_forest,LUX,2030,73.16095518332138
basin_forest,SVK,2030,2449.8341428276467
basin_forest,AUT,2030,3497.87882944245
basin_forest,HUN,2030,457.1470718987186
basin_forest,ROU,2030,3580.1457176766858
basin_forest,MDA,2030,379.5094680467074
basin_forest,CHE,2030,1682.6597049188651
basin_forest,ITA,2030,7569.615138786189
basin_forest,SVN,2030,1397.269090222305
basin_forest,HRV,2030,2900.9799223192317
basin_forest,SRB,2030,361.31686225873614
basin_forest,JPN,2030,26724.953757467665
basin_forest,UZB,2030,178.06444319936088
basin_forest,BIH,2030,1892.2972614063447
basin_forest,ESP,2030,6320.822820519655
basin_forest,BGR,2030,3114.9111156002045
basin_forest,MNE,2030,33.6471894851937
basin_forest,GEO,2030,3650.8717140479466
basin_forest,XKX,2030,30.886737891521644
basin_forest,KGZ,2030,1571.6036859251215
basin_forest,PRK,2030,9508.832056096322
basin_forest,ALB,2030,1369.3037756949345
basin_forest,MKD,2030,274.3697181858372
basin_forest,TUR,2030,2320.397038943513
basin_forest,TKM,2030,3119.0993280368575
basin_forest,PRT,2030,2111.7379372856085
basin_forest,AZE,2030,585.4933884617985
basin_forest,GRC,2030,699.5482341426432
basin_forest,ARM,2030,391.9947130621606
basin_forest,TJK,2030,4308.383165192552
basin_forest,IRN,2030,9510.741883712602
basin_forest,AFG,2030,1342.6022469502932
basin_forest,KOR,2030,7390.878109494919
basin_forest,DZA,2030,427.6035680603699
basin_forest,TUN,2030,574.2215674431066
basin_forest,SYR,2030,15.459983648987194
basin_forest,IRQ,2030,377.358818607865
basin_forest,PAK,2030,1646.722204531337
basin_forest,MLT,2030,0.0
basin_forest,MAR,2030,3871.0982141616128
basin_forest,CYP,2030,0.0
basin_forest,IND,2030,22539.61586717755
basin_forest,LBN,2030,108.18631528330629
basin_forest,LBY,2030,121.0497539262123
basin_forest,ISR,2030,283.62146537628246
basin_forest,JOR,2030,127.42200446571792
basin_forest,MEX,2030,10501.195942988814
basin_forest,BMU,2030,0.0
basin_forest,PSE,2030,14.542413880167334
basin_forest,EGY,2030,278.6039232574019
basin_forest,SAU,2030,1785.731271577939
basin_forest,NPL,2030,9098.11541583154
basin_forest,KWT,2030,107.4120673630142
basin_forest,MMR,2030,47766.80057421574
basin_forest,BTN,2030,2420.6633922430833
basin_forest,BHS,2030,369.1941214557512
basin_forest,ESH,2030,0.0
basin_forest,MRT,2030,344.9337756042491
basin_forest,BHR,2030,0.0
basin_forest,QAT,2030,0.0
basin_forest,OMN,2030,265.02175164424835
basin_forest,ARE,2030,0.0
basin_forest,BGD,2030,2168.075322404772
basin_forest,TWN,2030,1709.3958782928153
basin_forest,MLI,2030,11301.0664773063
basin_forest,CUB,2030,0.0
basin_forest,NER,2030,465.3665024597493
basin_forest,TCD,2030,4185.441989225449
basin_forest,VNM,2030,16874.685024200782
basin_forest,LAO,2030,20613.347168603672
basin_forest,HKG,2030,0.0
basin_forest,TCA,2030,0.0
basin_forest,SDN,2030,16085.870725333243
basin_forest,PHL,2030,11979.493521719558
basin_forest,HTI,2030,397.4436792456389
basin_forest,THA,2030,10695.627177626664
basin_forest,CYM,2030,0.0
basin_forest,DOM,2030,1230.955102944259
basin_forest,JAM,2030,502.0752311061613
basin_forest,PRI,2030,0.0
basin_forest,VGB,2030,0.0
basin_forest,YEM,2030,0.0
basin_forest,MNP,2030,0.0
basin_forest,BLZ,2030,900.4727693463542
basin_forest,VIR,2030,0.0
basin_forest,GTM,2030,5282.894100378248
basin_forest,ATG,2030,0.0
basin_forest,ERI,2030,0.0
basin_forest,KNA,2030,0.0
basin_forest,CPV,2030,0.0
basin_forest,HND,2030,6526.526902095542
basin_forest,SEN,2030,6074.531336812391
basin_forest,DMA,2030,0.0
basin_forest,NIC,2030,5771.009503767083
basin_forest,BFA,2030,5187.75677898028
basin_forest,MHL,2030,0.0
basin_forest,SLV,2030,379.770333362357
basin_forest,LCA,2030,0.0
basin_forest,ETH,2030,8596.25180396928
basin_forest,KHM,2030,9311.40377982952
basin_forest,GMB,2030,221.08843009843176
basin_forest,NGA,2030,4591.121511597479
basin_forest,GUM,2030,0.0
basin_forest,COL,2030,65807.83755288947
basin_forest,VCT,2030,0.0
basin_forest,BRB,2030,0.0
basin_forest,ABW,2030,0.0
basin_forest,GRD,2030,0.0
basin_forest,CMR,2030,27693.719583975875
basin_forest,DJI,2030,46.13374302260287
basin_forest,VEN,2030,52477.6884813984
basin_forest,GNB,2030,507.77787884156726
basin_forest,GIN,2030,4217.8219400600265
basin_forest,BEN,2030,3835.944754928763
basin_forest,SSD,2030,1705.3587377838855
basin_forest,SOM,2030,0.0
basin_forest,TTO,2030,355.72555879099804
basin_forest,CRI,2030,2372.088548377556
basin_forest,GHA,2030,196.36999467299282
basin_forest,TGO,2030,727.3181976843986
basin_forest,CAF,2030,24181.392449510386
basin_forest,CIV,2030,4426.367018906136
basin_forest,PAN,2030,4123.316856569029
basin_forest,SLE,2030,1467.8232827373347
basin_forest,LKA,2030,1241.1929757743699
basin_forest,FSM,2030,0.0
basin_forest,GUY,2030,19179.557309550764
basin_forest,LBR,2030,5435.727321133061
basin_forest,PLW,2030,0.0
basin_forest,MYS,2030,21915.701372553252
basin_forest,MDV,2030,0.0
basin_forest,SUR,2030,14513.843760309963
basin_forest,IDN,2030,109956.64962199997
basin_forest,COD,2030,141965.1821036032
basin_forest,BRN,2030,226.43858538719888
basin_forest,BRA,2030,413934.4372583063
basin_forest,KEN,2030,1046.408907462809
basin_forest,KIR,2030,0.0
basin_forest,GNQ,2030,265.26621545153375
basin_forest,UGA,2030,307.6154709899349
basin_forest,COG,2030,19148.147162242793
basin_forest,GAB,2030,19244.451640902935
basin_forest,STP,2030,0.0
basin_forest,ECU,2030,14397.017948221535
basin_forest,SGP,2030,0.0
basin_forest,PER,2030,73861.49287845893
basin_forest,NRU,2030,0.0
basin_forest,RWA,2030,126.31149149319803
basin_forest,TZA,2030,4790.692724809554
basin_forest,PNG,2030,38881.837732142354
basin_forest,BDI,2030,246.18978271360328
basin_forest,SYC,2030,0.0
basin_forest,AGO,2030,13625.86897070448
basin_forest,SLB,2030,392.79530512545796
basin_forest,PYF,2030,0.0
basin_forest,ZMB,2030,5782.249712815477
basin_forest,TLS,2030,659.4713174025744
basin_forest,TUV,2030,0.0
basin_forest,MWI,2030,179.72645670751677
basin_forest,BOL,2030,29034.163223182142
basin_forest,MOZ,2030,1782.045173693774
basin_forest,AUS,2030,13312.145149411044
basin_forest,COM,2030,0.0
basin_forest,MDG,2030,6810.360764714002
basin_forest,FJI,2030,818.4955202268246
basin_forest,WSM,2030,0.0
basin_forest,VUT,2030,191.11851495442642
basin_forest,ASM,2030,0.0
basin_forest,TON,2030,0.0
basin_forest,ZWE,2030,524.6682933305738
basin_forest,NAM,2030,6123.003873246958
basin_forest,CHL,2030,15423.995727390133
basin_forest,BWA,2030,12806.438041370475
basin_forest,PRY,2030,2405.400817971603
basin_forest,MUS,2030,0.0
basin_forest,NCL,2030,0.0
basin_forest,ARG,2030,8735.919270812421
basin_forest,ZAF,2030,353.1100761285299
basin_forest,SWZ,2030,20.5619948415146
basin_forest,LSO,2030,190.49727786079103
basin_forest,NZL,2030,10753.4628175779
basin_forest,URY,2030,1147.6012807941215
basin_forest,GRL,2040,0.0
basin_forest,CAN,2040,549743.7009579286
basin_forest,RUS,2040,867733.6367070933
basin_forest,NOR,2040,27890.545323466107
basin_forest,USA,2040,284740.01632920885
basin_forest,FIN,2040,15821.324703575501
basin_forest,SWE,2040,31020.305700459037
basin_forest,ISL,2040,5689.17133397977
basin_forest,FRO,2040,0.0
basin_forest,GBR,2040,4299.012336528303
basin_forest,EST,2040,931.8721299281906
basin_forest,DNK,2040,370.21132049865605
basin_forest,LVA,2040,1208.3944091289225
basin_forest,LTU,2040,1278.9684128877805
basin_forest,BLR,2040,2119.0878437102047
basin_forest,IRL,2040,4785.059598368866
basin_forest,KAZ,2040,1938.2184508651926
basin_forest,DEU,2040,3731.890152869772
basin_forest,POL,2040,555.8760933785312
basin_forest,NLD,2040,187.9451756332438
basin_forest,CHN,2040,219344.67412926815
basin_forest,UKR,2040,1277.973148608394
basin_forest,MNG,2040,19254.074226727414
basin_forest,FRA,2040,18540.25895345653
basin_forest,BEL,2040,559.9798629906624
basin_forest,CZE,2040,975.8345627951632
basin_forest,LUX,2040,77.32947547199997
basin_forest,SVK,2040,2376.504649110283
basin_forest,AUT,2040,3530.049844877815
basin_forest,HUN,2040,452.9852181292012
basin_forest,ROU,2040,3665.023973670137
basin_forest,MDA,2040,372.3437353503075
basin_forest,CHE,2040,1738.387869065832
basin_forest,ITA,2040,7795.862798393711
basin_forest,SVN,2040,1407.0806272775712
basin_forest,HRV,2040,2938.156308761885
basin_forest,SRB,2040,376.88096617176274
basin_forest,JPN,2040,26722.083349139808
basin_forest,UZB,2040,127.60195994878488
basin_forest,BIH,2040,1954.0290011639406
basin_forest,ESP,2040,6465.117293783271
basin_forest,BGR,2040,2980.3053060541693
basin_forest,MNE,2040,35.024231589395704
basin_forest,GEO,2040,3853.3707149616544
basin_forest,XKX,2040,9.266405242881563
basin_forest,KGZ,2040,1565.3415382092749
basin_forest,PRK,2040,9496.327982312067
basin_forest,ALB,2040,1343.2894785525616
basin_forest,MKD,2040,283.03186282381444
basin_forest,TUR,2040,2223.5345802369075
basin_forest,TKM,2040,3187.1578738142953
basin_forest,PRT,2040,2239.96457680566
basin_forest,AZE,2040,585.0534620664055
basin_forest,GRC,2040,755.6752133610361
basin_forest,ARM,2040,227.7281021635631
basin_forest,TJK,2040,3935.676546706509
basin_forest,IRN,2040,9356.745406789361
basin_forest,AFG,2040,1417.5637857332733
basin_forest,KOR,2040,7357.984235583286
basin_forest,DZA,2040,405.9571823604215
basin_forest,TUN,2040,651.3887647935035
basin_forest,SYR,2040,17.11160319983697
basin_forest,IRQ,2040,17.115110583542815
basin_forest,PAK,2040,1594.703798755077
basin_forest,MLT,2040,0.0
basin_forest,MAR,2040,3674.9257755430062
basin_forest,CYP,2040,0.0
basin_forest,IND,2040,21074.63408179844
basin_forest,LBN,2040,108.90456691848307
basin_forest,LBY,2040,72.83585553391461
basin_forest,ISR,2040,272.18213440820773
basin_forest,JOR,2040,98.23639022038924
basin_forest,MEX,2040,10113.928322808408
basin_forest,BMU,2040,0.0
basin_forest,PSE,2040,9.863093011559114
basin_forest,EGY,2040,251.68385781280003
basin_forest,SAU,2040,1792.57515218474
basin_forest,NPL,2040,9051.715295002565
basin_forest,KWT,2040,105.58007374512333
basin_forest,MMR,2040,46760.45819712019
basin_forest,BTN,2040,2420.6200084334578
basin_forest,BHS,2040,368.98703948485803
basin_forest,ESH,2040,0.0
basin_forest,MRT,2040,336.6736322245601
basin_forest,BHR,2040,0.0
basin_forest,QAT,2040,0.0
basin_forest,OMN,2040,261.42273290684903
basin_forest,ARE,2040,0.0
basin_forest,BGD,2040,1961.1778079675198
basin_forest,TWN,2040,1575.8136318132174
basin_forest,MLI,2040,11565.781753991469
basin_forest,CUB,2040,0.0
basin_forest,NER,2040,442.7388010371864
basin_forest,TCD,2040,3420.5187702970525
basin_forest,VNM,2040,16196.833359923472
basin_forest,LAO,2040,20436.34822009968
basin_forest,HKG,2040,0.0
basin_forest,TCA,2040,0.0
basin_forest,SDN,2040,17735.879128399978
basin_forest,PHL,2040,11604.732530997353
basin_forest,HTI,2040,368.1875726654629
basin_forest,THA,2040,10512.983720994416
basin_forest,CYM,2040,0.0
basin_forest,DOM,2040,1216.5341413960791
basin_forest,JAM,2040,492.2085698795865
basin_forest,PRI,2040,0.0
basin_forest,VGB,2040,0.0
basin_forest,YEM,2040,0.0
basin_forest,MNP,2040,0.0
basin_forest,BLZ,2040,896.9514474859661
basin_forest,VIR,2040,0.0
basin_forest,GTM,2040,4895.725308999268
basin_forest,ATG,2040,0.0
basin_forest,ERI,2040,0.018143572475961246
basin_forest,KNA,2040,0.0
basin_forest,CPV,2040,0.0
basin_forest,HND,2040,6400.291785245907
basin_forest,SEN,2040,3237.495149421676
basin_forest,DMA,2040,0.0
basin_forest,NIC,2040,5449.503535643421
basin_forest,BFA,2040,3826.8634377385397
basin_forest,MHL,2040,0.0
basin_forest,SLV,2040,369.0849764894267
basin_forest,LCA,2040,0.0
basin_forest,ETH,2040,5927.073978527407
basin_forest,KHM,2040,8229.422968824347
basin_forest,GMB,2040,136.70881435861565
basin_forest,NGA,2040,2880.389794602397
basin_forest,GUM,2040,0.0
basin_forest,COL,2040,67071.18989804536
basin_forest,VCT,2040,0.0
basin_forest,BRB,2040,0.0
basin_forest,ABW,2040,0.0
basin_forest,GRD,2040,0.0
basin_forest,CMR,2040,26138.68994027836
basin_forest,DJI,2040,46.087308409846905
basin_forest,VEN,2040,52455.7029962188
basin_forest,GNB,2040,416.9019854362075
basin_forest,GIN,2040,2971.0557271582684
basin_forest,BEN,2040,3524.204822494081
basin_forest,SSD,2040,1661.8296996000201
basin_forest,SOM,2040,0.0
basin_forest,TTO,2040,340.5009232959577
basin_forest,CRI,2040,2330.8274537507186
basin_forest,GHA,2040,89.66259814516576
basin_forest,TGO,2040,385.7358200473239
basin_forest,CAF,2040,23617.965998623393
basin_forest,CIV,2040,5189.09131923576
basin_forest,PAN,2040,4104.4415886984425
basin_forest,SLE,2040,1306.7505289835317
basin_forest,LKA,2040,1111.9896743401266
basin_forest,FSM,2040,0.0
basin_forest,GUY,2040,19089.706005708456
basin_forest,LBR,2040,3908.8739560086733
basin_forest,PLW,2040,0.0
basin_forest,MYS,2040,22059.24819092134
basin_forest,MDV,2040,0.0
basin_forest,SUR,2040,14471.69753394553
basin_forest,IDN,2040,108785.80405672608
basin_forest,COD,2040,122632.69218870049
basin_forest,BRN,2040,227.22455149582188
basin_forest,BRA,2040,393767.2639906751
basin_forest,KEN,2040,846.5761747479492
basin_forest,KIR,2040,0.0
basin_forest,GNQ,2040,247.54186391127507
basin_forest,UGA,2040,130.0642090760092
basin_forest,COG,2040,15449.492292743034
basin_forest,GAB,2040,17487.2425755423
basin_forest,STP,2040,0.0
basin_forest,ECU,2040,14463.185880667654
basin_forest,SGP,2040,0.0
basin_forest,PER,2040,73998.98747019432
basin_forest,NRU,2040,0.0
basin_forest,RWA,2040,47.29757619848086
basin_forest,TZA,2040,3195.9353325652532
basin_forest,PNG,2040,38713.692364437215
basin_forest,BDI,2040,186.5740198544269
basin_forest,SYC,2040,0.0
basin_forest,AGO,2040,11109.659809206618
basin_forest,SLB,2040,392.5693639155438
basin_forest,PYF,2040,0.0
basin_forest,ZMB,2040,5110.653909174564
basin_forest,TLS,2040,643.7208762227963
basin_forest,TUV,2040,0.0
basin_forest,MWI,2040,157.30018878292358
basin_forest,BOL,2040,27422.511576509773
basin_forest,MOZ,2040,1179.9243690373046
basin_forest,AUS,2040,11965.856897613943
basin_forest,COM,2040,0.0
basin_forest,MDG,2040,6869.467448349455
basin_forest,FJI,2040,817.4591355765468
basin_forest,WSM,2040,0.0
basin_forest,VUT,2040,191.06930566613084
basin_forest,ASM,2040,0.0
basin_forest,TON,2040,0.0
basin_forest,ZWE,2040,364.2221311770944
basin_forest,NAM,2040,5976.376203466321
basin_forest,CHL,2040,15070.259054109705
basin_forest,BWA,2040,8690.997122729665
basin_forest,PRY,2040,1478.8707363712147
basin_forest,MUS,2040,0.0
basin_forest,NCL,2040,0.0
basin_forest,ARG,2040,7975.783821699902
basin_forest,ZAF,2040,316.66975687869643
basin_forest,SWZ,2040,20.030664312075285
basin_forest,LSO,2040,138.18187075232498
basin_forest,NZL,2040,11301.745142852462
basin_forest,URY,2040,1072.2246817930916
basin_forest,GRL,2050,0.0
basin_forest,CAN,2050,548753.5764237517
basin_forest,RUS,2050,874838.992981741
basin_forest,NOR,2050,27903.285016758942
basin_forest,USA,2050,283456.0476837455
basin_forest,FIN,2050,15815.710253794856
basin_forest,SWE,2050,31035.511704916127
basin_forest,ISL,2050,5913.305403761661
basin_forest,FRO,2050,0.0
basin_forest,GBR,2050,4988.45875990368
basin_forest,EST,2050,947.6250247187232
basin_forest,DNK,2050,356.84186888490075
basin_forest,LVA,2050,1271.5236797474795
basin_forest,LTU,2050,1323.5468611262231
basin_forest,BLR,2050,2161.862763763614
basin_forest,IRL,2050,5102.818585433834
basin_forest,KAZ,2050,1936.1704624782017
basin_forest,DEU,2050,3746.0055183368177
basin_forest,POL,2050,556.964041039884
basin_forest,NLD,2050,176.56565791694644
basin_forest,CHN,2050,229929.74096737456
basin_forest,UKR,2050,1196.4822339155073
basin_forest,MNG,2050,19362.089499408226
basin_forest,FRA,2050,18784.338846815317
basin_forest,BEL,2050,590.1875094091897
basin_forest,CZE,2050,990.3130324905632
basin_forest,LUX,2050,82.44728667833441
basin_forest,SVK,2050,2330.8677496452065
basin_forest,AUT,2050,3571.16445381387
basin_forest,HUN,2050,445.8337395889997
basin_forest,ROU,2050,3810.10471478232
basin_forest,MDA,2050,373.04415737730085
basin_forest,CHE,2050,1813.524042660197
basin_forest,ITA,2050,8092.3158212014905
basin_forest,SVN,2050,1420.7801679659856
basin_forest,HRV,2050,2980.0552889912688
basin_forest,SRB,2050,381.5867963108649
basin_forest,JPN,2050,26501.38642510771
basin_forest,UZB,2050,129.90430873224244
basin_forest,BIH,2050,2002.1777119491094
basin_forest,ESP,2050,6616.694829663859
basin_forest,BGR,2050,2910.4494906213604
basin_forest,MNE,2050,33.92611619929158
basin_forest,GEO,2050,3973.5548501942912
basin_forest,XKX,2050,0.5578036940979771
basin_forest,KGZ,2050,1590.915629827663
basin_forest,PRK,2050,9481.255940824416
basin_forest,ALB,2050,1233.1795843242808
basin_forest,MKD,2050,300.34643220912005
basin_forest,TUR,2050,2244.326194011607
basin_forest,TKM,2050,3242.5318938549735
basin_forest,PRT,2050,2399.9794277861065
basin_forest,AZE,2050,552.2272879922315
basin_forest,GRC,2050,825.370536873965
basin_forest,ARM,2050,96.07833425789325
basin_forest,TJK,2050,3909.3357635725106
basin_forest,IRN,2050,9432.593711237072
basin_forest,AFG,2050,1406.656696656174
basin_forest,KOR,2050,7409.434015999337
basin_forest,DZA,2050,384.6813974460778
basin_forest,TUN,2050,693.5685174906453
basin_forest,SYR,2050,19.923234816809817
basin_forest,IRQ,2050,0.0
basin_forest,PAK,2050,1517.6713267186387
basin_forest,MLT,2050,0.0
basin_forest,MAR,2050,3689.5530467761414
basin_forest,CYP,2050,0.0
basin_forest,IND,2050,20004.74552987734
basin_forest,LBN,2050,114.22281987351707
basin_forest,LBY,2050,72.05835490297673
basin_forest,ISR,2050,263.1822246886477
basin_forest,JOR,2050,78.41225551178601
basin_forest,MEX,2050,10041.536461567799
basin_forest,BMU,2050,0.0
basin_forest,PSE,2050,6.801833848944383
basin_forest,EGY,2050,174.80500078408048
basin_forest,SAU,2050,1801.9295287879986
basin_forest,NPL,2050,9992.138541661674
basin_forest,KWT,2050,103.59862378674823
basin_forest,MMR,2050,46210.41019771743
basin_forest,BTN,2050,2420.5829833357657
basin_forest,BHS,2050,368.80252023651445
basin_forest,ESH,2050,0.0
basin_forest,MRT,2050,337.51981512754105
basin_forest,BHR,2050,0.0
basin_forest,QAT,2050,0.0
basin_forest,OMN,2050,255.44000744936505
basin_forest,ARE,2050,0.0
basin_forest,BGD,2050,1857.8932553189713
basin_forest,TWN,2050,1530.1923334588173
basin_forest,MLI,2050,11748.248672514334
basin_forest,CUB,2050,0.0
basin_forest,NER,2050,444.5451207531781
basin_forest,TCD,2050,3338.4543448025224
basin_forest,VNM,2050,16187.207282428097
basin_forest,LAO,2050,20324.77031637539
basin_forest,HKG,2050,0.0
basin_forest,TCA,2050,0.0
basin_forest,SDN,2050,18314.827239755876
basin_forest,PHL,2050,11183.280650793182
basin_forest,HTI,2050,347.8966195468261
basin_forest,THA,2050,10566.59008807187
basin_forest,CYM,2050,0.0
basin_forest,DOM,2050,1234.5832672572476
basin_forest,JAM,2050,508.09854052953114
basin_forest,PRI,2050,0.0
basin_forest,VGB,2050,0.0
basin_forest,YEM,2050,6.100520494354005
basin_forest,MNP,2050,0.0
basin_forest,BLZ,2050,894.94054925673
basin_forest,VIR,2050,0.0
basin_forest,GTM,2050,4705.741090807751
basin_forest,ATG,2050,0.0
basin_forest,ERI,2050,0.03747688783509286
basin_forest,KNA,2050,0.0
basin_forest,CPV,2050,0.0
basin_forest,HND,2050,6420.207890375996
basin_forest,SEN,2050,2069.6245989625313
basin_forest,DMA,2050,0.0
basin_forest,NIC,2050,5328.7339316854
basin_forest,BFA,2050,3025.2395616116537
basin_forest,MHL,2050,0.0
basin_forest,SLV,2050,374.5808174559945
basin_forest,LCA,2050,0.0
basin_forest,ETH,2050,5633.698436946561
basin_forest,KHM,2050,7252.434506235567
basin_forest,GMB,2050,109.13752942268508
basin_forest,NGA,2050,1709.1680283267278
basin_forest,GUM,2050,0.0
basin_forest,COL,2050,71060.43020184903
basin_forest,VCT,2050,0.0
basin_forest,BRB,2050,0.0
basin_forest,ABW,2050,0.0
basin_forest,GRD,2050,0.0
basin_forest,CMR,2050,24733.460994780668
basin_forest,DJI,2050,54.71839230244053
basin_forest,VEN,2050,52447.30120911206
basin_forest,GNB,2050,350.80102326897105
basin_forest,GIN,2050,2769.0330539169818
basin_forest,BEN,2050,3112.2086214186456
basin_forest,SSD,2050,1633.501435771804
basin_forest,SOM,2050,0.0
basin_forest,TTO,2050,326.5113146222571
basin_forest,CRI,2050,2297.240581304699
basin_forest,GHA,2050,37.142693283691216
basin_forest,TGO,2050,293.6670339175096
basin_forest,CAF,2050,23217.687018808367
basin_forest,CIV,2050,5143.758223267692
basin_forest,PAN,2050,4121.0809431647995
basin_forest,SLE,2050,1254.1464168628233
basin_forest,LKA,2050,986.0709037676411
basin_forest,FSM,2050,0.0
basin_forest,GUY,2050,19084.122305557445
basin_forest,LBR,2050,2848.332134736362
basin_forest,PLW,2050,0.0
basin_forest,MYS,2050,22338.380302153368
basin_forest,MDV,2050,0.0
basin_forest,SUR,2050,14448.517284994054
basin_forest,IDN,2050,108918.50324976607
basin_forest,COD,2050,111091.16460684815
basin_forest,BRN,2050,228.44075922130412
basin_forest,BRA,2050,393933.5474593765
basin_forest,KEN,2050,807.258546119569
basin_forest,KIR,2050,0.0
basin_forest,GNQ,2050,227.0365489724084
basin_forest,UGA,2050,117.66023413594232
basin_forest,COG,2050,12474.461807762307
basin_forest,GAB,2050,16099.00572769693
basin_forest,STP,2050,0.0
basin_forest,ECU,2050,15443.519902003125
basin_forest,SGP,2050,0.0
basin_forest,PER,2050,74673.17753889404
basin_forest,NRU,2050,0.0
basin_forest,RWA,2050,1.0659940064126616
basin_forest,TZA,2050,2566.743719346152
basin_forest,PNG,2050,38547.91566930835
basin_forest,BDI,2050,184.12520198487815
basin_forest,SYC,2050,0.0
basin_forest,AGO,2050,9724.407282077225
basin_forest,SLB,2050,392.3406089529474
basin_forest,PYF,2050,0.0
basin_forest,ZMB,2050,4549.236605368037
basin_forest,TLS,2050,644.2052454948761
basin_forest,TUV,2050,0.0
basin_forest,MWI,2050,156.8815160850413
basin_forest,BOL,2050,27174.487400557377
basin_forest,MOZ,2050,693.8420101999865
basin_forest,AUS,2050,11485.389869854942
basin_forest,COM,2050,0.0
basin_forest,MDG,2050,7201.9278891072345
basin_forest,FJI,2050,816.975775548914
basin_forest,WSM,2050,0.0
basin_forest,VUT,2050,191.0320388269991
basin_forest,ASM,2050,0.0
basin_forest,TON,2050,0.0
basin_forest,ZWE,2050,300.43177806829107
basin_forest,NAM,2050,5953.681055304519
basin_forest,CHL,2050,15122.623974301972
basin_forest,BWA,2050,6162.0341610498635
basin_forest,PRY,2050,1141.7349013954604
basin_forest,MUS,2050,0.0
basin_forest,NCL,2050,0.0
basin_forest,ARG,2050,7603.550979039306
basin_forest,ZAF,2050,315.5165931686846
basin_forest,SWZ,2050,19.739360250689334
basin_forest,LSO,2050,130.066538134674
basin_forest,NZL,2050,10862.049748622438
basin_forest,URY,2050,1039.4721158690095
basin_forest,GRL,2060,0.0
basin_forest,CAN,2060,547271.7432390061
basin_forest,RUS,2060,880385.1015733016
basin_forest,NOR,2060,27836.77097896891
basin_forest,USA,2060,286645.84864185494
basin_forest,FIN,2060,15802.642612606558
basin_forest,SWE,2060,31014.00163429339
basin_forest,ISL,2060,6110.166355035447
basin_forest,FRO,2060,0.0
basin_forest,GBR,2060,5613.509923704076
basin_forest,EST,2060,942.1813730451793
basin_forest,DNK,2060,344.6039451262455
basin_forest,LVA,2060,1322.6516946896988
basin_forest,LTU,2060,1354.01916274847
basin_forest,BLR,2060,2156.0520339389677
basin_forest,IRL,2060,5206.660066291207
basin_forest,KAZ,2060,1929.6503367900443
basin_forest,DEU,2060,3651.510716912818
basin_forest,POL,2060,553.8794409413215
basin_forest,NLD,2060,149.6636419068322
basin_forest,CHN,2060,240452.87963515273
basin_forest,UKR,2060,1152.6000738953196
basin_forest,MNG,2060,19428.752774792865
basin_forest,FRA,2060,19159.8548327233
basin_forest,BEL,2060,596.0552079551242
basin_forest,CZE,2060,947.2019908481001
basin_forest,LUX,2060,62.70159879896767
basin_forest,SVK,2060,2265.685194813931
basin_forest,AUT,2060,3506.583518429472
basin_forest,HUN,2060,436.0393649324857
basin_forest,ROU,2060,3899.526622652068
basin_forest,MDA,2060,371.68151469352944
basin_forest,CHE,2060,1811.6256629950299
basin_forest,ITA,2060,8172.603206512076
basin_forest,SVN,2060,1423.942454955926
basin_forest,HRV,2060,2998.3912957749544
basin_forest,SRB,2060,388.4602532308315
basin_forest,JPN,2060,26205.865262304927
basin_forest,UZB,2060,121.54612322925936
basin_forest,BIH,2060,2055.1760949454524
basin_forest,ESP,2060,6670.15415482957
basin_forest,BGR,2060,2844.9421328230355
basin_forest,MNE,2060,32.954032123072345
basin_forest,GEO,2060,4041.112799007916
basin_forest,XKX,2060,0.7044029861197062
basin_forest,KGZ,2060,1612.9636197094615
basin_forest,PRK,2060,9457.250546320689
basin_forest,ALB,2060,1257.5572452883691
basin_forest,MKD,2060,302.0936976818193
basin_forest,TUR,2060,2272.0123090139336
basin_forest,TKM,2060,3284.1428290436143
basin_forest,PRT,2060,2468.737803714501
basin_forest,AZE,2060,561.606140935178
basin_forest,GRC,2060,866.4633067656787
basin_forest,ARM,2060,99.35183780035128
basin_forest,TJK,2060,4010.548024603196
basin_forest,IRN,2060,9714.503820264912
basin_forest,AFG,2060,1490.694761584266
basin_forest,KOR,2060,7485.2906546090135
basin_forest,DZA,2060,428.1115208399582
basin_forest,TUN,2060,829.1722541391099
basin_forest,SYR,2060,19.82315401670237
basin_forest,IRQ,2060,0.0
basin_forest,PAK,2060,1466.2441278166602
basin_forest,MLT,2060,0.0
basin_forest,MAR,2060,3730.504108093296
basin_forest,CYP,2060,0.0
basin_forest,IND,2060,19256.47686912878
basin_forest,LBN,2060,108.11381256744421
basin_forest,LBY,2060,198.3419859884492
basin_forest,ISR,2060,252.28895413287495
basin_forest,JOR,2060,76.30395797929782
basin_forest,MEX,2060,10088.552611673273
basin_forest,BMU,2060,0.0
basin_forest,PSE,2060,3.6780306771461815
basin_forest,EGY,2060,178.0865568063874
basin_forest,SAU,2060,1798.4420822596992
basin_forest,NPL,2060,10482.377245882026
basin_forest,KWT,2060,101.89951845319244
basin_forest,MMR,2060,45941.470142484926
basin_forest,BTN,2060,2420.5421098025276
basin_forest,BHS,2060,368.6714532444447
basin_forest,ESH,2060,0.0
basin_forest,MRT,2060,338.47957546832276
basin_forest,BHR,2060,0.0
basin_forest,QAT,2060,0.0
basin_forest,OMN,2060,252.91406219793708
basin_forest,ARE,2060,0.0
basin_forest,BGD,2060,1814.533533538763
basin_forest,TWN,2060,1475.440421826202
basin_forest,MLI,2060,11823.221262950883
basin_forest,CUB,2060,0.0
basin_forest,NER,2060,588.8677114879256
basin_forest,TCD,2060,3385.6236081261923
basin_forest,VNM,2060,15730.223689401959
basin_forest,LAO,2060,20177.292616705385
basin_forest,HKG,2060,0.0
basin_forest,TCA,2060,0.0
basin_forest,SDN,2060,18582.920331257967
basin_forest,PHL,2060,10591.361119297886
basin_forest,HTI,2060,344.2081804074091
basin_forest,THA,2060,10604.33718759906
basin_forest,CYM,2060,0.0
basin_forest,DOM,2060,1228.677044010326
basin_forest,JAM,2060,540.0264687369718
basin_forest,PRI,2060,0.0
basin_forest,VGB,2060,0.0
basin_forest,YEM,2060,4.720961062550752
basin_forest,MNP,2060,0.0
basin_forest,BLZ,2060,893.8985459166869
basin_forest,VIR,2060,0.0
basin_forest,GTM,2060,4676.71641772777
basin_forest,ATG,2060,0.0
basin_forest,ERI,2060,0.03777432572001442
basin_forest,KNA,2060,0.0
basin_forest,CPV,2060,0.0
basin_forest,HND,2060,6556.436979222507
basin_forest,SEN,2060,1089.275177581776
basin_forest,DMA,2060,0.0
basin_forest,NIC,2060,5378.594264598703
basin_forest,BFA,2060,2390.620729287611
basin_forest,MHL,2060,0.0
basin_forest,SLV,2060,387.9891701546179
basin_forest,LCA,2060,0.0
basin_forest,ETH,2060,5754.118753416341
basin_forest,KHM,2060,6329.331796254039
basin_forest,GMB,2060,94.49866064892707
basin_forest,NGA,2060,1681.7244009679257
basin_forest,GUM,2060,0.0
basin_forest,COL,2060,72450.75733022628
basin_forest,VCT,2060,0.0
basin_forest,BRB,2060,0.0
basin_forest,ABW,2060,0.0
basin_forest,GRD,2060,0.0
basin_forest,CMR,2060,23626.365596473755
basin_forest,DJI,2060,87.85119801660812
basin_forest,VEN,2060,52458.91030790967
basin_forest,GNB,2060,317.6386649817982
basin_forest,GIN,2060,2646.8677114122056
basin_forest,BEN,2060,2499.1798177559463
basin_forest,SSD,2060,1623.3863893776484
basin_forest,SOM,2060,0.0
basin_forest,TTO,2060,314.31065939507084
basin_forest,CRI,2060,2250.627461705265
basin_forest,GHA,2060,17.88822880703315
basin_forest,TGO,2060,225.0701125924941
basin_forest,CAF,2060,23126.888797875592
basin_forest,CIV,2060,5059.034793088752
basin_forest,PAN,2060,4150.232907709228
basin_forest,SLE,2060,1245.247996394314
basin_forest,LKA,2060,906.5825531456464
basin_forest,FSM,2060,0.0
basin_forest,GUY,2060,19149.04277616655
basin_forest,LBR,2060,2119.6494113819913
basin_forest,PLW,2060,0.0
basin_forest,MYS,2060,22652.751984531365
basin_forest,MDV,2060,0.0
basin_forest,SUR,2060,14449.511402911075
basin_forest,IDN,2060,109297.2282023099
basin_forest,COD,2060,103851.72504207432
basin_forest,BRN,2060,231.90482975722932
basin_forest,BRA,2060,419399.4608649763
basin_forest,KEN,2060,760.2254548919332
basin_forest,KIR,2060,0.0
basin_forest,GNQ,2060,212.2400381983838
basin_forest,UGA,2060,117.37985921089502
basin_forest,COG,2060,9771.261148524653
basin_forest,GAB,2060,14315.912144652604
basin_forest,STP,2060,0.0
basin_forest,ECU,2060,16229.11903735534
basin_forest,SGP,2060,0.0
basin_forest,PER,2060,75101.40566024269
basin_forest,NRU,2060,0.0
basin_forest,RWA,2060,0.0
basin_forest,TZA,2060,2064.7992887864457
basin_forest,PNG,2060,38321.47550252624
basin_forest,BDI,2060,175.54736399577004
basin_forest,SYC,2060,0.0
basin_forest,AGO,2060,8192.614979808932
basin_forest,SLB,2060,392.22558568972363
basin_forest,PYF,2060,0.0
basin_forest,ZMB,2060,3664.383202478488
basin_forest,TLS,2060,643.4684437832404
basin_forest,TUV,2060,0.0
basin_forest,MWI,2060,154.3877412368553
basin_forest,BOL,2060,27646.30570133164
basin_forest,MOZ,2060,459.1386830195141
basin_forest,AUS,2060,11130.301734580684
basin_forest,COM,2060,0.0
basin_forest,MDG,2060,8256.745635427884
basin_forest,FJI,2060,816.6517320914644
basin_forest,WSM,2060,0.0
basin_forest,VUT,2060,191.00491951535628
basin_forest,ASM,2060,0.0
basin_forest,TON,2060,0.0
basin_forest,ZWE,2060,270.6539256202819
basin_forest,NAM,2060,5949.0558844893085
basin_forest,CHL,2060,15444.894347660993
basin_forest,BWA,2060,5663.0456174699375
basin_forest,PRY,2060,921.7910094653763
basin_forest,MUS,2060,0.0
basin_forest,NCL,2060,0.0
basin_forest,ARG,2060,7614.463009381345
basin_forest,ZAF,2060,282.6744701206386
basin_forest,SWZ,2060,19.77924488834491
basin_forest,LSO,2060,126.50979712128952
basin_forest,NZL,2060,10281.539529481639
basin_forest,URY,2060,1037.1856510808827
basin_forest,GRL,2070,0.0
basin_forest,CAN,2070,546468.1437222997
basin_forest,RUS,2070,883773.1895605336
basin_forest,NOR,2070,27754.711265925656
basin_forest,USA,2070,284335.53817539837
basin_forest,FIN,2070,15767.720764003685
basin_forest,SWE,2070,30946.100162014383
basin_forest,ISL,2070,6342.217320838162
basin_forest,FRO,2070,0.0
basin_forest,GBR,2070,6221.601768332632
basin_forest,EST,2070,942.6081831257856
basin_forest,DNK,2070,323.5992788112944
basin_forest,LVA,2070,1345.624646679412
basin_forest,LTU,2070,1400.3015133981917
basin_forest,BLR,2070,2032.1256362359363
basin_forest,IRL,2070,5258.121705003071
basin_forest,KAZ,2070,1821.2710318691052
basin_forest,DEU,2070,3608.698124457468
basin_forest,POL,2070,559.0292879563037
basin_forest,NLD,2070,114.18960901633255
basin_forest,CHN,2070,249931.88061059423
basin_forest,UKR,2070,1144.732568458315
basin_forest,MNG,2070,19460.748327790505
basin_forest,FRA,2070,19555.194899696697
basin_forest,BEL,2070,615.2323941752169
basin_forest,CZE,2070,939.7012350476607
basin_forest,LUX,2070,65.76636205027279
basin_forest,SVK,2070,2206.3951358836475
basin_forest,AUT,2070,3347.5798512259576
basin_forest,HUN,2070,430.4609373762461
basin_forest,ROU,2070,3956.3153030567887
basin_forest,MDA,2070,356.6707691854947
basin_forest,CHE,2070,1794.6234420682938
basin_forest,ITA,2070,8135.85499467631
basin_forest,SVN,2070,1421.0583336225277
basin_forest,HRV,2070,3006.325425002809
basin_forest,SRB,2070,392.73883268381167
basin_forest,JPN,2070,25890.229933964707
basin_forest,UZB,2070,114.79505982566643
basin_forest,BIH,2070,2077.8723973129413
basin_forest,ESP,2070,6604.0888985463835
basin_forest,BGR,2070,2788.9625974051833
basin_forest,MNE,2070,33.945492736645704
basin_forest,GEO,2070,4079.81145529007
basin_forest,XKX,2070,0.8898080166013353
basin_forest,KGZ,2070,1624.3017898762967
basin_forest,PRK,2070,9428.464077637425
basin_forest,ALB,2070,1271.3725816713995
basin_forest,MKD,2070,310.84718546419833
basin_forest,TUR,2070,2309.8223403162788
basin_forest,TKM,2070,3290.136356888407
basin_forest,PRT,2070,2497.7555435501945
basin_forest,AZE,2070,568.0738325382104
basin_forest,GRC,2070,890.572279792649
basin_forest,ARM,2070,103.74492025203473
basin_forest,TJK,2070,4164.482700428476
basin_forest,IRN,2070,10172.174813442753
basin_forest,AFG,2070,1717.2758640328752
basin_forest,KOR,2070,7553.436313020879
basin_forest,DZA,2070,421.84329182916167
basin_forest,TUN,2070,1051.706426306304
basin_forest,SYR,2070,17.77953298031271
basin_forest,IRQ,2070,0.0
basin_forest,PAK,2070,1503.608630143716
basin_forest,MLT,2070,0.0
basin_forest,MAR,2070,3801.86005957858
basin_forest,CYP,2070,0.0
basin_forest,IND,2070,18818.130000682977
basin_forest,LBN,2070,100.69421073389799
basin_forest,LBY,2070,391.2839872535874
basin_forest,ISR,2070,243.85187237185895
basin_forest,JOR,2070,80.00705855034306
basin_forest,MEX,2070,10119.721721934935
basin_forest,BMU,2070,0.0
basin_forest,PSE,2070,1.547316696632205
basin_forest,EGY,2070,178.41760253797753
basin_forest,SAU,2070,1795.392440222311
basin_forest,NPL,2070,10429.137642615222
basin_forest,KWT,2070,101.57620946946774
basin_forest,MMR,2070,45976.214803740346
basin_forest,BTN,2070,2420.5050871075737
basin_forest,BHS,2070,368.53251187271997
basin_forest,ESH,2070,0.0
basin_forest,MRT,2070,341.8980938761762
basin_forest,BHR,2070,0.0
basin_forest,QAT,2070,0.0
basin_forest,OMN,2070,257.71302181906725
basin_forest,ARE,2070,0.0
basin_forest,BGD,2070,1814.4557519003156
basin_forest,TWN,2070,1483.2155170091169
basin_forest,MLI,2070,11855.845669102018
basin_forest,CUB,2070,0.0
basin_forest,NER,2070,782.4164862520211
basin_forest,TCD,2070,3369.38331895191
basin_forest,VNM,2070,14949.29297023623
basin_forest,LAO,2070,19920.570786558856
basin_forest,HKG,2070,0.0
basin_forest,TCA,2070,0.0
basin_forest,SDN,2070,18727.987567699176
basin_forest,PHL,2070,10320.608062840143
basin_forest,HTI,2070,401.6467483613417
basin_forest,THA,2070,10570.613072643691
basin_forest,CYM,2070,0.0
basin_forest,DOM,2070,1227.200172503311
basin_forest,JAM,2070,553.3819919393835
basin_forest,PRI,2070,0.0
basin_forest,VGB,2070,0.0
basin_forest,YEM,2070,0.19803746950621798
basin_forest,MNP,2070,0.0
basin_forest,BLZ,2070,892.4201670311395
basin_forest,VIR,2070,0.0
basin_forest,GTM,2070,4781.6014805307495
basin_forest,ATG,2070,0.0
basin_forest,ERI,2070,0.03747688783509286
basin_forest,KNA,2070,0.0
basin_forest,CPV,2070,0.0
basin_forest,HND,2070,6743.641540238942
basin_forest,SEN,2070,850.1299373068139
basin_forest,DMA,2070,0.0
basin_forest,NIC,2070,5615.562047606429
basin_forest,BFA,2070,1789.3527997287226
basin_forest,MHL,2070,0.0
basin_forest,SLV,2070,414.1322996965345
basin_forest,LCA,2070,0.0
basin_forest,ETH,2070,5790.851088865593
basin_forest,KHM,2070,6341.0252862858615
basin_forest,GMB,2070,109.5686472139072
basin_forest,NGA,2070,1719.0622721582279
basin_forest,GUM,2070,0.0
basin_forest,COL,2070,73819.66425179316
basin_forest,VCT,2070,0.0
basin_forest,BRB,2070,0.0
basin_forest,ABW,2070,0.0
basin_forest,GRD,2070,0.0
basin_forest,CMR,2070,22849.747388304262
basin_forest,DJI,2070,118.62951006594372
basin_forest,VEN,2070,52474.73002747504
basin_forest,GNB,2070,329.14736947853527
basin_forest,GIN,2070,2570.8184979311313
basin_forest,BEN,2070,1988.8005857984851
basin_forest,SSD,2070,1646.5269991063487
basin_forest,SOM,2070,0.0
basin_forest,TTO,2070,298.4344052344713
basin_forest,CRI,2070,2199.796261721006
basin_forest,GHA,2070,8.44954248923425
basin_forest,TGO,2070,186.23389016405196
basin_forest,CAF,2070,23350.83560503432
basin_forest,CIV,2070,5088.522780259414
basin_forest,PAN,2070,4195.102313159605
basin_forest,SLE,2070,1247.3335199555656
basin_forest,LKA,2070,879.9390958475128
basin_forest,FSM,2070,0.0
basin_forest,GUY,2070,19232.244382497516
basin_forest,LBR,2070,1676.1052724767173
basin_forest,PLW,2070,0.0
basin_forest,MYS,2070,22995.77012989088
basin_forest,MDV,2070,0.0
basin_forest,SUR,2070,14463.848163841732
basin_forest,IDN,2070,109744.5697336827
basin_forest,COD,2070,96954.90370816698
basin_forest,BRN,2070,232.49797209074853
basin_forest,BRA,2070,453632.6579914849
basin_forest,KEN,2070,752.1840820919094
basin_forest,KIR,2070,0.0
basin_forest,GNQ,2070,209.23883507801895
basin_forest,UGA,2070,111.19436160035164
basin_forest,COG,2070,7171.895380294614
basin_forest,GAB,2070,12375.627822455075
basin_forest,STP,2070,0.0
basin_forest,ECU,2070,16406.433036721035
basin_forest,SGP,2070,0.0
basin_forest,PER,2070,75262.79800176746
basin_forest,NRU,2070,0.0
basin_forest,RWA,2070,0.0
basin_forest,TZA,2070,1707.7960097275645
basin_forest,PNG,2070,38298.86751198728
basin_forest,BDI,2070,155.17224684784233
basin_forest,SYC,2070,0.0
basin_forest,AGO,2070,6857.088891305426
basin_forest,SLB,2070,392.1427619199702
basin_forest,PYF,2070,0.0
basin_forest,ZMB,2070,2472.2796007072056
basin_forest,TLS,2070,633.3076002457486
basin_forest,TUV,2070,0.0
basin_forest,MWI,2070,154.80963277991336
basin_forest,BOL,2070,29355.77325437563
basin_forest,MOZ,2070,383.8817815041218
basin_forest,AUS,2070,10518.40146666445
basin_forest,COM,2070,0.0
basin_forest,MDG,2070,10528.682524809119
basin_forest,FJI,2070,816.3904930810287
basin_forest,WSM,2070,0.0
basin_forest,VUT,2070,190.99864617524491
basin_forest,ASM,2070,0.0
basin_forest,TON,2070,0.0
basin_forest,ZWE,2070,219.65598390002583
basin_forest,NAM,2070,5937.91799975701
basin_forest,CHL,2070,15637.915399546744
basin_forest,BWA,2070,5327.030969588104
basin_forest,PRY,2070,807.3675757426511
basin_forest,MUS,2070,0.0
basin_forest,NCL,2070,0.0
basin_forest,ARG,2070,7344.726100939437
basin_forest,ZAF,2070,260.42673084310184
basin_forest,SWZ,2070,19.510668916533216
basin_forest,LSO,2070,123.06618997486393
basin_forest,NZL,2070,9363.16220523871
basin_forest,URY,2070,993.2941644642034
basin_forest,GRL,2080,0.0
basin_forest,CAN,2080,546390.1139750816
basin_forest,RUS,2080,885757.7637935036
basin_forest,NOR,2080,27623.380435223244
basin_forest,USA,2080,278648.1073792089
basin_forest,FIN,2080,15717.406119478146
basin_forest,SWE,2080,30832.587285714668
basin_forest,ISL,2080,6610.245240102345
basin_forest,FRO,2080,0.0
basin_forest,GBR,2080,6450.608434377683
basin_forest,EST,2080,942.7804492781303
basin_forest,DNK,2080,301.1514011187659
basin_forest,LVA,2080,1353.9552271591444
basin_forest,LTU,2080,1450.6843051412152
basin_forest,BLR,2080,1887.2881278896823
basin_forest,IRL,2080,5313.347771906761
basin_forest,KAZ,2080,1421.7123873368473
basin_forest,DEU,2080,3499.0002645189966
basin_forest,POL,2080,562.5276690997166
basin_forest,NLD,2080,110.9936115397882
basin_forest,CHN,2080,256962.56448386435
basin_forest,UKR,2080,1126.8570367614873
basin_forest,MNG,2080,19483.975381526237
basin_forest,FRA,2080,19860.89081546476
basin_forest,BEL,2080,638.9669735794068
basin_forest,CZE,2080,927.7084543825536
basin_forest,LUX,2080,66.12372822846757
basin_forest,SVK,2080,2122.4406493609586
basin_forest,AUT,2080,3134.4277280966853
basin_forest,HUN,2080,415.4334901579671
basin_forest,ROU,2080,3986.5255523380883
basin_forest,MDA,2080,327.8446462005567
basin_forest,CHE,2080,1816.1904262601615
basin_forest,ITA,2080,8069.851442340509
basin_forest,SVN,2080,1423.7456001676503
basin_forest,HRV,2080,3011.3527013997796
basin_forest,SRB,2080,393.81804668310554
basin_forest,JPN,2080,25467.255093414708
basin_forest,UZB,2080,112.40942100559093
basin_forest,BIH,2080,2070.071737440466
basin_forest,ESP,2080,6429.682127567933
basin_forest,BGR,2080,2751.1985371459714
basin_forest,MNE,2080,31.97128983717793
basin_forest,GEO,2080,4082.3744283760266
basin_forest,XKX,2080,1.0479809758732281
basin_forest,KGZ,2080,1631.0129458105432
basin_forest,PRK,2080,9393.273439460596
basin_forest,ALB,2080,1261.1839084929902
basin_forest,MKD,2080,317.7321073651442
basin_forest,TUR,2080,2353.796158119322
basin_forest,TKM,2080,3296.9853189572796
basin_forest,PRT,2080,2514.2253740193705
basin_forest,AZE,2080,568.0362096786873
basin_forest,GRC,2080,926.740155978767
basin_forest,ARM,2080,103.77356374350174
basin_forest,TJK,2080,4364.072576983204
basin_forest,IRN,2080,10376.209531565046
basin_forest,AFG,2080,2551.542681877458
basin_forest,KOR,2080,7629.904050134956
basin_forest,DZA,2080,436.37939793142027
basin_forest,TUN,2080,1240.9037681008738
basin_forest,SYR,2080,11.267598643327114
basin_forest,IRQ,2080,0.0
basin_forest,PAK,2080,1507.6991205935954
basin_forest,MLT,2080,0.0
basin_forest,MAR,2080,3806.573954043557
basin_forest,CYP,2080,0.0
basin_forest,IND,2080,18368.90319695578
basin_forest,LBN,2080,78.68017839151216
basin_forest,LBY,2080,588.7110854502758
basin_forest,ISR,2080,214.32391034593235
basin_forest,JOR,2080,83.28581736495948
basin_forest,MEX,2080,9796.455256018635
basin_forest,BMU,2080,0.0
basin_forest,PSE,2080,0.623078743378618
basin_forest,EGY,2080,178.71218639740908
basin_forest,SAU,2080,1800.8037960070028
basin_forest,NPL,2080,10392.551499555933
basin_forest,KWT,2080,101.03251015582886
basin_forest,MMR,2080,45849.13528022765
basin_forest,BTN,2080,2420.4698123656613
basin_forest,BHS,2080,368.4355849129366
basin_forest,ESH,2080,0.0
basin_forest,MRT,2080,342.3170462347965
basin_forest,BHR,2080,0.0
basin_forest,QAT,2080,0.0
basin_forest,OMN,2080,266.9001888514848
basin_forest,ARE,2080,0.0
basin_forest,BGD,2080,1859.0180872414373
basin_forest,TWN,2080,1476.8587577545022
basin_forest,MLI,2080,11833.826779421484
basin_forest,CUB,2080,0.0
basin_forest,NER,2080,851.2716456551493
basin_forest,TCD,2080,3290.162867018336
basin_forest,VNM,2080,14126.124753574493
basin_forest,LAO,2080,19570.205080656327
basin_forest,HKG,2080,0.0
basin_forest,TCA,2080,0.0
basin_forest,SDN,2080,18903.04859823253
basin_forest,PHL,2080,10287.746180461869
basin_forest,HTI,2080,410.05474657464634
basin_forest,THA,2080,10300.196110018569
basin_forest,CYM,2080,0.0
basin_forest,DOM,2080,1229.2281295663715
basin_forest,JAM,2080,558.2326632186034
basin_forest,PRI,2080,0.0
basin_forest,VGB,2080,0.0
basin_forest,YEM,2080,0.0
basin_forest,MNP,2080,0.0
basin_forest,BLZ,2080,893.5360732600317
basin_forest,VIR,2080,0.0
basin_forest,GTM,2080,4724.891600783301
basin_forest,ATG,2080,0.0
basin_forest,ERI,2080,0.0020659647501372258
basin_forest,KNA,2080,0.0
basin_forest,CPV,2080,0.0
basin_forest,HND,2080,7100.492873110522
basin_forest,SEN,2080,1016.4735361589376
basin_forest,DMA,2080,0.0
basin_forest,NIC,2080,5993.330572784579
basin_forest,BFA,2080,1318.4594904274686
basin_forest,MHL,2080,0.0
basin_forest,SLV,2080,424.84042999294513
basin_forest,LCA,2080,0.0
basin_forest,ETH,2080,5850.202339679316
basin_forest,KHM,2080,6668.6365661094715
basin_forest,GMB,2080,152.52544720321032
basin_forest,NGA,2080,1841.3080176288108
basin_forest,GUM,2080,0.0
basin_forest,COL,2080,75136.0179361997
basin_forest,VCT,2080,0.0
basin_forest,BRB,2080,0.0
basin_forest,ABW,2080,0.0
basin_forest,GRD,2080,0.0
basin_forest,CMR,2080,22503.846897734224
basin_forest,DJI,2080,134.68671749047155
basin_forest,VEN,2080,52478.4787113817
basin_forest,GNB,2080,367.3248513225289
basin_forest,GIN,2080,2485.892582768812
basin_forest,BEN,2080,1376.2672000102061
basin_forest,SSD,2080,1690.844688968508
basin_forest,SOM,2080,0.0
basin_forest,TTO,2080,281.2866015750486
basin_forest,CRI,2080,2129.3465504450537
basin_forest,GHA,2080,13.561501900571244
basin_forest,TGO,2080,148.08897589969666
basin_forest,CAF,2080,23722.70100147836
basin_forest,CIV,2080,5055.334160500146
basin_forest,PAN,2080,4253.564380346597
basin_forest,SLE,2080,1242.4718207150231
basin_forest,LKA,2080,838.5982366100241
basin_forest,FSM,2080,0.0
basin_forest,GUY,2080,19288.70673251
basin_forest,LBR,2080,1355.4513290779832
basin_forest,PLW,2080,0.0
basin_forest,MYS,2080,23172.168570329057
basin_forest,MDV,2080,0.0
basin_forest,SUR,2080,14475.787982309177
basin_forest,IDN,2080,108655.98563598213
basin_forest,COD,2080,93793.15668118416
basin_forest,BRN,2080,232.86925764285706
basin_forest,BRA,2080,484244.6428201505
basin_forest,KEN,2080,792.0217379438802
basin_forest,KIR,2080,0.0
basin_forest,GNQ,2080,207.86670984100033
basin_forest,UGA,2080,88.43389077115674
basin_forest,COG,2080,5079.612994687239
basin_forest,GAB,2080,9602.084603222109
basin_forest,STP,2080,0.0
basin_forest,ECU,2080,16555.6691075173
basin_forest,SGP,2080,0.0
basin_forest,PER,2080,75322.60121742354
basin_forest,NRU,2080,0.0
basin_forest,RWA,2080,0.0
basin_forest,TZA,2080,1385.7511846581601
basin_forest,PNG,2080,38216.71524603182
basin_forest,BDI,2080,149.44873197715555
basin_forest,SYC,2080,0.0
basin_forest,AGO,2080,6050.059082726168
basin_forest,SLB,2080,392.0152000943738
basin_forest,PYF,2080,0.0
basin_forest,ZMB,2080,1489.7665890672836
basin_forest,TLS,2080,632.7122686380856
basin_forest,TUV,2080,0.0
basin_forest,MWI,2080,152.10350356336104
basin_forest,BOL,2080,30246.655582157437
basin_forest,MOZ,2080,315.72446481695874
basin_forest,AUS,2080,9724.8983224958
basin_forest,COM,2080,0.0
basin_forest,MDG,2080,11097.304126270075
basin_forest,FJI,2080,816.019011805895
basin_forest,WSM,2080,0.0
basin_forest,VUT,2080,190.9795773538866
basin_forest,ASM,2080,0.0
basin_forest,TON,2080,0.0
basin_forest,ZWE,2080,219.7434172508407
basin_forest,NAM,2080,5935.150606416724
basin_forest,CHL,2080,15743.572434918668
basin_forest,BWA,2080,5308.733620958854
basin_forest,PRY,2080,1043.4972643167093
basin_forest,MUS,2080,0.0
basin_forest,NCL,2080,0.0
basin_forest,ARG,2080,6958.226128771012
basin_forest,ZAF,2080,272.1811418173786
basin_forest,SWZ,2080,19.798119569310632
basin_forest,LSO,2080,119.24621512243428
basin_forest,NZL,2080,7755.107866916074
basin_forest,URY,2080,987.6373743340108
basin_forest,GRL,2090,0.0
basin_forest,CAN,2090,546468.6132530816
basin_forest,RUS,2090,881569.3125828556
basin_forest,NOR,2090,27504.70740285528
basin_forest,USA,2090,274844.27025144035
basin_forest,FIN,2090,15652.531606029403
basin_forest,SWE,2090,30702.22073456261
basin_forest,ISL,2090,6658.952642349828
basin_forest,FRO,2090,0.0
basin_forest,GBR,2090,6594.19529659599
basin_forest,EST,2090,941.8346579419881
basin_forest,DNK,2090,283.62993950904365
basin_forest,LVA,2090,1354.6560270772388
basin_forest,LTU,2090,1487.4997435933124
basin_forest,BLR,2090,1724.0566378677763
basin_forest,IRL,2090,5327.892588569654
basin_forest,KAZ,2090,850.1780193286637
basin_forest,DEU,2090,3485.4112439813457
basin_forest,POL,2090,563.302504642111
basin_forest,NLD,2090,106.50157709823361
basin_forest,CHN,2090,242033.10942915519
basin_forest,UKR,2090,1099.0171475850752
basin_forest,MNG,2090,19471.87972089914
basin_forest,FRA,2090,20258.4813142369
basin_forest,BEL,2090,666.6564852276646
basin_forest,CZE,2090,908.3815598674164
basin_forest,LUX,2090,69.47525086556273
basin_forest,SVK,2090,2008.4805681130804
basin_forest,AUT,2090,3026.520849821081
basin_forest,HUN,2090,403.3169641605769
basin_forest,ROU,2090,4004.1821604170063
basin_forest,MDA,2090,302.6180061026457
basin_forest,CHE,2090,1836.9851932344568
basin_forest,ITA,2090,7996.22256102155
basin_forest,SVN,2090,1419.4727473283347
basin_forest,HRV,2090,2986.6698770640987
basin_forest,SRB,2090,396.31074393422375
basin_forest,JPN,2090,24911.681229917896
basin_forest,UZB,2090,113.06229386073687
basin_forest,BIH,2090,1994.4052113162918
basin_forest,ESP,2090,6291.238022679687
basin_forest,BGR,2090,2717.9501548751405
basin_forest,MNE,2090,30.741367489553785
basin_forest,GEO,2090,4021.0585513717615
basin_forest,XKX,2090,1.140116231149845
basin_forest,KGZ,2090,1630.7465326151148
basin_forest,PRK,2090,9354.564787125038
basin_forest,ALB,2090,1241.5569491599383
basin_forest,MKD,2090,288.3068190371992
basin_forest,TUR,2090,2396.4254636362157
basin_forest,TKM,2090,3307.9009605926885
basin_forest,PRT,2090,2508.3207145044626
basin_forest,AZE,2090,552.1281510231602
basin_forest,GRC,2090,954.06097354242
basin_forest,ARM,2090,104.671467149431
basin_forest,TJK,2090,4591.733848697097
basin_forest,IRN,2090,9799.948198404549
basin_forest,AFG,2090,3425.64286654221
basin_forest,KOR,2090,7686.404125636587
basin_forest,DZA,2090,458.6838805545062
basin_forest,TUN,2090,1393.5006908553364
basin_forest,SYR,2090,0.19014751365607188
basin_forest,IRQ,2090,0.0
basin_forest,PAK,2090,1558.7599836466234
basin_forest,MLT,2090,0.0
basin_forest,MAR,2090,3904.194627812559
basin_forest,CYP,2090,0.0
basin_forest,IND,2090,18256.81061867231
basin_forest,LBN,2090,32.045163306956404
basin_forest,LBY,2090,776.9439766055432
basin_forest,ISR,2090,180.1197174586838
basin_forest,JOR,2090,81.3218337354109
basin_forest,MEX,2090,9540.559394826503
basin_forest,BMU,2090,0.0
basin_forest,PSE,2090,0.20287507853070097
basin_forest,EGY,2090,178.62394243664704
basin_forest,SAU,2090,1817.9867598653777
basin_forest,NPL,2090,10342.879441311303
basin_forest,KWT,2090,100.22198677576134
basin_forest,MMR,2090,45593.50966748172
basin_forest,BTN,2090,2420.4329721245654
basin_forest,BHS,2090,368.28993316355957
basin_forest,ESH,2090,0.0
basin_forest,MRT,2090,352.4830497377753
basin_forest,BHR,2090,0.0
basin_forest,QAT,2090,0.0
basin_forest,OMN,2090,280.1394111570146
basin_forest,ARE,2090,0.0
basin_forest,BGD,2090,1945.3474554966228
basin_forest,TWN,2090,1477.1106366512715
basin_forest,MLI,2090,11751.55550212473
basin_forest,CUB,2090,0.0
basin_forest,NER,2090,817.1932278262082
basin_forest,TCD,2090,3269.947019966433
basin_forest,VNM,2090,13755.497829779806
basin_forest,LAO,2090,19326.877168778236
basin_forest,HKG,2090,0.0
basin_forest,TCA,2090,0.0
basin_forest,SDN,2090,19067.188894514642
basin_forest,PHL,2090,10475.626336711626
basin_forest,HTI,2090,420.0453690741027
basin_forest,THA,2090,9925.713906576511
basin_forest,CYM,2090,0.0
basin_forest,DOM,2090,1219.737287446216
basin_forest,JAM,2090,560.5708546085573
basin_forest,PRI,2090,0.0
basin_forest,VGB,2090,0.0
basin_forest,YEM,2090,0.0
basin_forest,MNP,2090,0.0
basin_forest,BLZ,2090,894.0062427338518
basin_forest,VIR,2090,0.0
basin_forest,GTM,2090,4605.18299671441
basin_forest,ATG,2090,0.0
basin_forest,ERI,2090,0.010920099719528677
basin_forest,KNA,2090,0.0
basin_forest,CPV,2090,0.0
basin_forest,HND,2090,7512.501422374431
basin_forest,SEN,2090,1307.7477872065556
basin_forest,DMA,2090,0.0
basin_forest,NIC,2090,6646.5051501740845
basin_forest,BFA,2090,837.3091498648699
basin_forest,MHL,2090,0.0
basin_forest,SLV,2090,453.3823530702145
basin_forest,LCA,2090,0.0
basin_forest,ETH,2090,5890.899452832925
basin_forest,KHM,2090,6982.691875783706
basin_forest,GMB,2090,175.09052112481479
basin_forest,NGA,2090,1789.1428868609746
basin_forest,GUM,2090,0.0
basin_forest,COL,2090,76246.30319912931
basin_forest,VCT,2090,0.0
basin_forest,BRB,2090,0.0
basin_forest,ABW,2090,0.0
basin_forest,GRD,2090,0.0
basin_forest,CMR,2090,22316.66572991244
basin_forest,DJI,2090,144.85238832753512
basin_forest,VEN,2090,52472.222923538524
basin_forest,GNB,2090,419.9665062852285
basin_forest,GIN,2090,2461.5274822922697
basin_forest,BEN,2090,658.8192754188876
basin_forest,SSD,2090,1725.3479041005055
basin_forest,SOM,2090,0.0
basin_forest,TTO,2090,261.9980064066925
basin_forest,CRI,2090,2064.3000604975314
basin_forest,GHA,2090,17.42867072873131
basin_forest,TGO,2090,227.37660523735283
basin_forest,CAF,2090,24118.679188720023
basin_forest,CIV,2090,5093.501128834944
basin_forest,PAN,2090,4316.196555702909
basin_forest,SLE,2090,1211.211622300429
basin_forest,LKA,2090,785.8833073455746
basin_forest,FSM,2090,0.0
basin_forest,GUY,2090,19316.11811746848
basin_forest,LBR,2090,1510.5249845213639
basin_forest,PLW,2090,0.0
basin_forest,MYS,2090,23255.75386469612
basin_forest,MDV,2090,0.0
basin_forest,SUR,2090,14478.02379271316
basin_forest,IDN,2090,106890.92259577791
basin_forest,COD,2090,98059.53813691498
basin_forest,BRN,2090,232.95457516528023
basin_forest,BRA,2090,518991.73272183194
basin_forest,KEN,2090,845.0721878110614
basin_forest,KIR,2090,0.0
basin_forest,GNQ,2090,204.89493421286986
basin_forest,UGA,2090,88.29986094482037
basin_forest,COG,2090,3759.424218297755
basin_forest,GAB,2090,6713.358061180579
basin_forest,STP,2090,0.0
basin_forest,ECU,2090,16677.606953793034
basin_forest,SGP,2090,0.0
basin_forest,PER,2090,75413.12441702804
basin_forest,NRU,2090,0.0
basin_forest,RWA,2090,0.0
basin_forest,TZA,2090,1369.8346405612876
basin_forest,PNG,2090,38079.48116891262
basin_forest,BDI,2090,154.00085670014082
basin_forest,SYC,2090,0.0
basin_forest,AGO,2090,6071.725318925688
basin_forest,SLB,2090,391.82608835759225
basin_forest,PYF,2090,0.0
basin_forest,ZMB,2090,1093.5486679655564
basin_forest,TLS,2090,633.4720695320837
basin_forest,TUV,2090,0.0
basin_forest,MWI,2090,152.91566721399195
basin_forest,BOL,2090,33015.92909956532
basin_forest,MOZ,2090,342.25866205325497
basin_forest,AUS,2090,9087.769590594304
basin_forest,COM,2090,0.0
basin_forest,MDG,2090,11589.63322813481
basin_forest,FJI,2090,815.4464697114114
basin_forest,WSM,2090,0.0
basin_forest,VUT,2090,190.94737539274848
basin_forest,ASM,2090,0.0
basin_forest,TON,2090,0.0
basin_forest,ZWE,2090,218.6772297252482
basin_forest,NAM,2090,5932.941898248859
basin_forest,CHL,2090,15937.06885569424
basin_forest,BWA,2090,5306.262273010055
basin_forest,PRY,2090,1424.6537180776502
basin_forest,MUS,2090,0.0
basin_forest,NCL,2090,0.0
basin_forest,ARG,2090,6556.480729308289
basin_forest,ZAF,2090,341.49192295599283
basin_forest,SWZ,2090,21.691177792947805
basin_forest,LSO,2090,117.2635428231232
basin_forest,NZL,2090,6188.937104293388
basin_forest,URY,2090,1017.873184897464
basin_forest,GRL,2100,0.0
basin_forest,CAN,2100,546454.8632752446
basin_forest,RUS,2100,881531.5272591666
basin_forest,NOR,2100,27394.32182469227
basin_forest,USA,2100,273667.7357193785
basin_forest,FIN,2100,15665.522708900153
basin_forest,SWE,2100,30673.823875070437
basin_forest,ISL,2100,6665.779388091818
basin_forest,FRO,2100,0.0
basin_forest,GBR,2100,6694.687648468627
basin_forest,EST,2100,940.308554965772
basin_forest,DNK,2100,281.3579636744562
basin_forest,LVA,2100,1357.003188556541
basin_forest,LTU,2100,1515.5332012260737
basin_forest,BLR,2100,1612.2599871306193
basin_forest,IRL,2100,5350.923881987848
basin_forest,KAZ,2100,871.8133769790685
basin_forest,DEU,2100,3504.4576280100614
basin_forest,POL,2100,562.8318748287991
basin_forest,NLD,2100,101.27311576748744
basin_forest,CHN,2100,211545.16780793192
basin_forest,UKR,2100,1084.6864064632653
basin_forest,MNG,2100,19471.32250894588
basin_forest,FRA,2100,20668.275576356707
basin_forest,BEL,2100,674.893989853683
basin_forest,CZE,2100,883.2659129378127
basin_forest,LUX,2100,71.42875306219794
basin_forest,SVK,2100,1891.3344094123183
basin_forest,AUT,2100,2934.242793512668
basin_forest,HUN,2100,389.55479819995884
basin_forest,ROU,2100,3965.6535968182634
basin_forest,MDA,2100,283.2822716240494
basin_forest,CHE,2100,1823.5932296833173
basin_forest,ITA,2100,7901.774340050977
basin_forest,SVN,2100,1402.680979553978
basin_forest,HRV,2100,2936.9678701383214
basin_forest,SRB,2100,397.81458852491176
basin_forest,JPN,2100,24464.740484926377
basin_forest,UZB,2100,112.83207696360516
basin_forest,BIH,2100,1849.5064231955287
basin_forest,ESP,2100,6192.224047008546
basin_forest,BGR,2100,2669.9491044993506
basin_forest,MNE,2100,30.567311303035783
basin_forest,GEO,2100,3917.3987859974895
basin_forest,XKX,2100,0.009304292207511899
basin_forest,KGZ,2100,1628.7981110264589
basin_forest,PRK,2100,9307.508059043867
basin_forest,ALB,2100,1096.019736371102
basin_forest,MKD,2100,254.15448869161975
basin_forest,TUR,2100,2441.7467501808633
basin_forest,TKM,2100,3316.5535986510213
basin_forest,PRT,2100,2490.228103709891
basin_forest,AZE,2100,556.0212664197827
basin_forest,GRC,2100,968.7198970438145
basin_forest,ARM,2100,97.52140462573371
basin_forest,TJK,2100,4618.021409191454
basin_forest,IRN,2100,8164.204815209605
basin_forest,AFG,2100,3691.9674461796662
basin_forest,KOR,2100,7727.278234714861
basin_forest,DZA,2100,480.79589278454705
basin_forest,TUN,2100,1463.2663008751097
basin_forest,SYR,2100,0.0
basin_forest,IRQ,2100,0.0
basin_forest,PAK,2100,1537.2907070178878
basin_forest,MLT,2100,0.0
basin_forest,MAR,2100,3969.57995546933
basin_forest,CYP,2100,0.0
basin_forest,IND,2100,18362.90016803876
basin_forest,LBN,2100,0.49673052124943856
basin_forest,LBY,2100,950.8400160206215
basin_forest,ISR,2100,146.02227350016895
basin_forest,JOR,2100,48.49422555295976
basin_forest,MEX,2100,9552.272448137974
basin_forest,BMU,2100,0.0
basin_forest,PSE,2100,0.0
basin_forest,EGY,2100,178.38774511684275
basin_forest,SAU,2100,1812.2065122700737
basin_forest,NPL,2100,10305.170120696828
basin_forest,KWT,2100,98.48174916381215
basin_forest,MMR,2100,45333.092626440455
basin_forest,BTN,2100,2420.381836397597
basin_forest,BHS,2100,368.1240864882343
basin_forest,ESH,2100,0.0
basin_forest,MRT,2100,368.42082720638234
basin_forest,BHR,2100,0.0
basin_forest,QAT,2100,0.0
basin_forest,OMN,2100,288.9575382956199
basin_forest,ARE,2100,0.0
basin_forest,BGD,2100,2034.5341183782757
basin_forest,TWN,2100,1476.6658601249428
basin_forest,MLI,2100,11691.993421075098
basin_forest,CUB,2100,0.0
basin_forest,NER,2100,943.4743427473012
basin_forest,TCD,2100,3291.9364267331157
basin_forest,VNM,2100,13415.128564339768
basin_forest,LAO,2100,18532.64871205684
basin_forest,HKG,2100,0.0
basin_forest,TCA,2100,0.0
basin_forest,SDN,2100,19265.27666481876
basin_forest,PHL,2100,10434.171996443423
basin_forest,HTI,2100,426.89538331264606
basin_forest,THA,2100,9652.277459954643
basin_forest,CYM,2100,0.0
basin_forest,DOM,2100,1234.0834439500961
basin_forest,JAM,2100,560.1461018325301
basin_forest,PRI,2100,0.0
basin_forest,VGB,2100,0.0
basin_forest,YEM,2100,0.0
basin_forest,MNP,2100,0.0
basin_forest,BLZ,2100,895.1229633390662
basin_forest,VIR,2100,0.0
basin_forest,GTM,2100,4578.461782447436
basin_forest,ATG,2100,0.0
basin_forest,ERI,2100,0.23306547443976577
basin_forest,KNA,2100,0.0
basin_forest,CPV,2100,0.0
basin_forest,HND,2100,7745.850438465027
basin_forest,SEN,2100,1919.4738775639619
basin_forest,DMA,2100,0.0
basin_forest,NIC,2100,7754.59545426442
basin_forest,BFA,2100,1368.0184099649998
basin_forest,MHL,2100,0.0
basin_forest,SLV,2100,463.34922735666237
basin_forest,LCA,2100,0.0
basin_forest,ETH,2100,5863.970097517232
basin_forest,KHM,2100,7299.509960196694
basin_forest,GMB,2100,192.9236649216492
basin_forest,NGA,2100,1643.302166417406
basin_forest,GUM,2100,0.0
basin_forest,COL,2100,77029.89860021287
basin_forest,VCT,2100,0.0
basin_forest,BRB,2100,0.0
basin_forest,ABW,2100,0.0
basin_forest,GRD,2100,0.0
basin_forest,CMR,2100,22373.023226016034
basin_forest,DJI,2100,153.39936509448518
basin_forest,VEN,2100,52458.81030516146
basin_forest,GNB,2100,470.94983097493775
basin_forest,GIN,2100,2482.347144434696
basin_forest,BEN,2100,359.38863951816586
basin_forest,SSD,2100,1754.1077871650841
basin_forest,SOM,2100,0.0
basin_forest,TTO,2100,241.94053585608992
basin_forest,CRI,2100,2024.9189810453468
basin_forest,GHA,2100,37.06355397991277
basin_forest,TGO,2100,313.1545633527653
basin_forest,CAF,2100,24457.16197927759
basin_forest,CIV,2100,5179.173794133953
basin_forest,PAN,2100,4386.482357763002
basin_forest,SLE,2100,1201.6442902100212
basin_forest,LKA,2100,733.2440692408114
basin_forest,FSM,2100,0.0
basin_forest,GUY,2100,19321.805334183467
basin_forest,LBR,2100,2102.9324127797568
basin_forest,PLW,2100,0.0
basin_forest,MYS,2100,23285.78338716165
basin_forest,MDV,2100,0.0
basin_forest,SUR,2100,14473.01873535574
basin_forest,IDN,2100,107158.50337807303
basin_forest,COD,2100,101259.62856358416
basin_forest,BRN,2100,232.9733550763788
basin_forest,BRA,2100,545979.8990609301
basin_forest,KEN,2100,911.1291374440643
basin_forest,KIR,2100,0.0
basin_forest,GNQ,2100,203.67916027529444
basin_forest,UGA,2100,89.98768042108621
basin_forest,COG,2100,3097.280337296426
basin_forest,GAB,2100,5096.651038268332
basin_forest,STP,2100,0.0
basin_forest,ECU,2100,16784.111082249703
basin_forest,SGP,2100,0.0
basin_forest,PER,2100,75523.90796074754
basin_forest,NRU,2100,0.0
basin_forest,RWA,2100,0.0
basin_forest,TZA,2100,1479.67713224088
basin_forest,PNG,2100,37963.15949899977
basin_forest,BDI,2100,189.07382927136658
basin_forest,SYC,2100,0.0
basin_forest,AGO,2100,7207.478015305236
basin_forest,SLB,2100,391.6156770133979
basin_forest,PYF,2100,0.0
basin_forest,ZMB,2100,1186.9149225215124
basin_forest,TLS,2100,629.6369475956515
basin_forest,TUV,2100,0.0
basin_forest,MWI,2100,146.61874603226983
basin_forest,BOL,2100,34204.859206824825
basin_forest,MOZ,2100,342.5745630350998
basin_forest,AUS,2100,8791.964225721898
basin_forest,COM,2100,0.0
basin_forest,MDG,2100,11774.729799215267
basin_forest,FJI,2100,814.81972358056
basin_forest,WSM,2100,0.0
basin_forest,VUT,2100,190.92231757530652
basin_forest,ASM,2100,0.0
basin_forest,TON,2100,0.0
basin_forest,ZWE,2100,203.54722809605892
basin_forest,NAM,2100,5928.7038969966925
basin_forest,CHL,2100,16353.184489940759
basin_forest,BWA,2100,5304.134558497895
basin_forest,PRY,2100,2049.751677094889
basin_forest,MUS,2100,0.0
basin_forest,NCL,2100,0.0
basin_forest,ARG,2100,6802.642455524188
basin_forest,ZAF,2100,482.7624007176187
basin_forest,SWZ,2100,30.21135540038751
basin_forest,LSO,2100,136.0926147722104
basin_forest,NZL,2100,5752.041455288063
basin_forest,URY,2100,1039.3705667767179
region_forest,GRL,2005,0.0
region_forest,CAN,2005,535648.7800380057
region_forest,RUS,2005,867565.4727711995
region_forest,NOR,2005,25082.943266147377
region_forest,USA,2005,298479.11426804215
region_forest,FIN,2005,9835.586191464725
region_forest,SWE,2005,22271.85813345704
region_forest,ISL,2005,5554.875597004434
region_forest,FRO,2005,23.16884947426718
region_forest,GBR,2005,2440.937926785001
region_forest,EST,2005,1575.9575648944574
region_forest,DNK,2005,816.4401927057397
region_forest,LVA,2005,1956.0309420759195
region_forest,LTU,2005,1784.147551225285
region_forest,BLR,2005,9478.781649862096
region_forest,IRL,2005,2346.3492738297914
region_forest,KAZ,2005,2212.1963534381675
region_forest,DEU,2005,9570.650907561048
region_forest,POL,2005,3005.551323203743
region_forest,NLD,2005,1035.4634366226348
region_forest,CHN,2005,200699.43683601028
region_forest,UKR,2005,9035.445602596357
region_forest,MNG,2005,6677.841597229932
region_forest,FRA,2005,24204.184745860344
region_forest,BEL,2005,718.9071567658037
region_forest,CZE,2005,1742.9211545856303
region_forest,LUX,2005,73.23553119026754
region_forest,SVK,2005,1304.5936020174574
region_forest,AUT,2005,3468.949932816671
region_forest,HUN,2005,48.300539555870145
region_forest,ROU,2005,4767.046070770051
region_forest,MDA,2005,41.65703245434884
region_forest,CHE,2005,1656.6670674614966
region_forest,ITA,2005,5791.832277114496
region_forest,SVN,2005,820.1869727727633
region_forest,HRV,2005,3142.9358363880037
region_forest,SRB,2005,3375.264553837732
region_forest,JPN,2005,26951.516902224852
region_forest,UZB,2005,47.915486042490635
region_forest,BIH,2005,1807.0025073447214
region_forest,ESP,2005,6184.935758195409
region_forest,BGR,2005,2519.6645527853425
region_forest,MNE,2005,546.8304526522311
region_forest,GEO,2005,1901.7342706816235
region_forest,XKX,2005,693.8156728363364
region_forest,KGZ,2005,2736.742863030392
region_forest,PRK,2005,6079.997447990709
region_forest,ALB,2005,1165.7087075329903
region_forest,MKD,2005,849.6265404888375
region_forest,TUR,2005,2228.826535584679
region_forest,TKM,2005,0.0
region_forest,PRT,2005,1770.0228053261167
region_forest,AZE,2005,843.8416198029984
region_forest,GRC,2005,664.9286619142082
region_forest,ARM,2005,239.8209108933822
region_forest,TJK,2005,1413.6871610239336
region_forest,IRN,2005,7486.010093954806
region_forest,AFG,2005,2812.9189379556947
region_forest,KOR,2005,5655.144868516661
region_forest,DZA,2005,3879.9055762521916
region_forest,TUN,2005,628.4257196588752
region_forest,SYR,2005,722.4423421513436
region_forest,IRQ,2005,802.3571990240406
region_forest,PAK,2005,4675.438219547526
region_forest,MLT,2005,0.0
region_forest,MAR,2005,3226.547404373951
region_forest,CYP,2005,0.0
region_forest,IND,2005,23641.847048869637
region_forest,LBN,2005,475.1187145908406
region_forest,LBY,2005,586.7130145867263
region_forest,ISR,2005,431.7366006770602
region_forest,JOR,2005,339.8966698507527
region_forest,MEX,2005,28616.435603197
region_forest,BMU,2005,0.0
region_forest,PSE,2005,393.6012558139317
region_forest,EGY,2005,0.0
region_forest,SAU,2005,0.0
region_forest,NPL,2005,6549.200891770886
region_forest,KWT,2005,0.0
region_forest,MMR,2005,44939.049616355886
region_forest,BTN,2005,2435.7331971281333
region_forest,BHS,2005,0.0
region_forest,ESH,2005,0.0
region_forest,MRT,2005,0.0
region_forest,BHR,2005,0.0
region_forest,QAT,2005,0.0
region_forest,OMN,2005,0.0
region_forest,ARE,2005,0.0
region_forest,BGD,2005,2776.3210998474933
region_forest,TWN,2005,2040.1716166570395
region_forest,MLI,2005,257.73756381624025
region_forest,CUB,2005,1760.040177970085
region_forest,NER,2005,0.0
region_forest,TCD,2005,175.8770514841174
region_forest,VNM,2005,18263.013455221197
region_forest,LAO,2005,21577.782978817195
region_forest,HKG,2005,0.0
region_forest,TCA,2005,0.0
region_forest,SDN,2005,191.73974667394054
region_forest,PHL,2005,11468.785634959919
region_forest,HTI,2005,218.9713136943512
region_forest,THA,2005,27447.162490214723
region_forest,CYM,2005,0.0
region_forest,DOM,2005,1093.742353930705
region_forest,JAM,2005,265.4659016999333
region_forest,PRI,2005,123.75365127426271
region_forest,VGB,2005,0.0
region_forest,YEM,2005,303.7356345299653
region_forest,MNP,2005,0.0
region_forest,BLZ,2005,1330.052493631984
region_forest,VIR,2005,0.0
region_forest,GTM,2005,6958.482557494936
region_forest,ATG,2005,0.0
region_forest,ERI,2005,0.0
region_forest,KNA,2005,0.0
region_forest,CPV,2005,0.0
region_forest,HND,2005,6837.361386614114
region_forest,SEN,2005,615.3433760563804
region_forest,DMA,2005,0.0
region_forest,NIC,2005,6188.032514039586
region_forest,BFA,2005,0.0
region_forest,MHL,2005,0.0
region_forest,SLV,2005,910.6546186418202
region_forest,LCA,2005,0.0
region_forest,ETH,2005,13078.459024136242
region_forest,KHM,2005,13264.854520713869
region_forest,GMB,2005,163.25148269254484
region_forest,NGA,2005,3800.4947074483284
region_forest,GUM,2005,0.0
region_forest,COL,2005,56059.25453421539
region_forest,VCT,2005,0.0
region_forest,BRB,2005,0.0
region_forest,ABW,2005,0.0
region_forest,GRD,2005,0.0
region_forest,CMR,2005,22017.441130825042
region_forest,DJI,2005,0.0
region_forest,VEN,2005,31431.208857269467
region_forest,GNB,2005,730.2133845896561
region_forest,GIN,2005,2419.2585655830712
region_forest,BEN,2005,1417.1146564394107
region_forest,SSD,2005,2417.976175064555
region_forest,SOM,2005,0.0
region_forest,TTO,2005,211.5968905282193
region_forest,CRI,2005,2577.31934959051
region_forest,GHA,2005,4052.9015830224894
region_forest,TGO,2005,508.16841316327327
region_forest,CAF,2005,20461.344228607504
region_forest,CIV,2005,6870.866793531928
region_forest,PAN,2005,4374.751237204438
region_forest,SLE,2005,1631.857335282121
region_forest,LKA,2005,2270.7072982368145
region_forest,FSM,2005,0.0
region_forest,GUY,2005,13584.859615739339
region_forest,LBR,2005,5221.35903095372
region_forest,PLW,2005,0.0
region_forest,MYS,2005,22693.295750103694
region_forest,MDV,2005,0.0
region_forest,SUR,2005,8680.558433455039
region_forest,IDN,2005,118391.30217096236
region_forest,COD,2005,146169.14369321664
region_forest,BRN,2005,516.2264829861232
region_forest,BRA,2005,452708.67787183827
region_forest,KEN,2005,2719.419963600423
region_forest,KIR,2005,0.0
region_forest,GNQ,2005,2370.4551600918776
region_forest,UGA,2005,560.4476602590505
region_forest,COG,2005,18606.494052134767
region_forest,GAB,2005,21539.09046657078
region_forest,STP,2005,0.0
region_forest,ECU,2005,13429.350036611271
region_forest,SGP,2005,0.0
region_forest,PER,2005,68446.60163062265
region_forest,NRU,2005,0.0
region_forest,RWA,2005,92.09408897801711
region_forest,TZA,2005,22083.16386772893
region_forest,PNG,2005,38447.42950804626
region_forest,BDI,2005,533.3620084724018
region_forest,SYC,2005,0.0
region_forest,AGO,2005,38004.81914943887
region_forest,SLB,2005,389.25647911634456
region_forest,PYF,2005,0.0
region_forest,ZMB,2005,35978.933175699996
region_forest,TLS,2005,886.0979440830611
region_forest,TUV,2005,0.0
region_forest,MWI,2005,2399.408439860556
region_forest,BOL,2005,18914.741604325733
region_forest,MOZ,2005,19796.48042664114
region_forest,AUS,2005,21701.45426487484
region_forest,COM,2005,0.0
region_forest,MDG,2005,4865.779883760517
region_forest,FJI,2005,698.8998868969056
region_forest,WSM,2005,94.6859868412348
region_forest,VUT,2005,181.37946543283425
region_forest,ASM,2005,0.0
region_forest,TON,2005,0.0
region_forest,ZWE,2005,2831.9613612998837
region_forest,NAM,2005,0.0
region_forest,CHL,2005,9327.888487952338
region_forest,BWA,2005,0.0
region_forest,PRY,2005,7887.305043908337
region_forest,MUS,2005,0.0
region_forest,NCL,2005,448.6825319527673
region_forest,ARG,2005,7836.231115968125
region_forest,ZAF,2005,3807.8842851881654
region_forest,SWZ,2005,75.96000950133272
region_forest,LSO,2005,0.0
region_forest,NZL,2005,5638.403528554452
region_forest,URY,2005,209.88297955043421
region_forest,GRL,2010,0.0
region_forest,CAN,2010,533256.5994458874
region_forest,RUS,2010,859965.0402404768
region_forest,NOR,2010,24748.615174985298
region_forest,USA,2010,300625.0729000174
region_forest,FIN,2010,10012.063960797106
region_forest,SWE,2010,22362.214624223285
region_forest,ISL,2010,5432.376217929084
region_forest,FRO,2010,23.160614737050143
region_forest,GBR,2010,2581.095565598858
region_forest,EST,2010,1604.7980991079023
region_forest,DNK,2010,843.215901048512
region_forest,LVA,2010,2050.170543006487
region_forest,LTU,2010,1903.884680937963
region_forest,BLR,2010,9521.950447733194
region_forest,IRL,2010,2387.7774411753676
region_forest,KAZ,2010,2262.959442232983
region_forest,DEU,2010,9106.233731371065
region_forest,POL,2010,2951.7189717123238
region_forest,NLD,2010,975.6942711765566
region_forest,CHN,2010,194292.01961596828
region_forest,UKR,2010,9191.058364986055
region_forest,MNG,2010,6659.441511289717
region_forest,FRA,2010,24320.03419878288
region_forest,BEL,2010,632.1577437624928
region_forest,CZE,2010,1774.4469746135883
region_forest,LUX,2010,76.8517891306673
region_forest,SVK,2010,1296.0707853502845
region_forest,AUT,2010,3427.5265630523745
region_forest,HUN,2010,4.594386067057399
region_forest,ROU,2010,4026.453171593105
region_forest,MDA,2010,42.27053482636202
region_forest,CHE,2010,1425.4118800244105
region_forest,ITA,2010,5515.024851057009
region_forest,SVN,2010,721.4142931226099
region_forest,HRV,2010,2625.9519635277766
region_forest,SRB,2010,2705.313714451524
region_forest,JPN,2010,27016.78599487008
region_forest,UZB,2010,47.91106248277236
region_forest,BIH,2010,1526.6072805027707
region_forest,ESP,2010,6229.666193180257
region_forest,BGR,2010,2319.1929883970074
region_forest,MNE,2010,495.17282767620753
region_forest,GEO,2010,1906.6306044715352
region_forest,XKX,2010,600.442548694682
region_forest,KGZ,2010,2754.992857945716
region_forest,PRK,2010,6083.077629933859
region_forest,ALB,2010,935.0176985724817
region_forest,MKD,2010,731.0973402009993
region_forest,TUR,2010,2131.630275139099
region_forest,TKM,2010,0.0
region_forest,PRT,2010,1781.7629988971232
region_forest,AZE,2010,856.950766504203
region_forest,GRC,2010,656.9324363353737
region_forest,ARM,2010,240.71451181981615
region_forest,TJK,2010,1424.4078754744833
region_forest,IRN,2010,7570.55369469402
region_forest,AFG,2010,2787.5814062935488
region_forest,KOR,2010,5076.014226088899
region_forest,DZA,2010,4026.4371905840217
region_forest,TUN,2010,625.5049005645055
region_forest,SYR,2010,748.0780556890514
region_forest,IRQ,2010,829.5995378356563
region_forest,PAK,2010,4693.08990126146
region_forest,MLT,2010,0.0
region_forest,MAR,2010,3291.2271253476047
region_forest,CYP,2010,0.0
region_forest,IND,2010,23363.13048698254
region_forest,LBN,2010,479.135951908614
region_forest,LBY,2010,613.6660063065897
region_forest,ISR,2010,437.3744439851047
region_forest,JOR,2010,342.4634096404018
region_forest,MEX,2010,27942.229470817525
region_forest,BMU,2010,0.0
region_forest,PSE,2010,393.6010682766786
region_forest,EGY,2010,0.0
region_forest,SAU,2010,0.0
region_forest,NPL,2010,6519.842556439995
region_forest,KWT,2010,0.0
region_forest,MMR,2010,43896.80316478514
region_forest,BTN,2010,2409.3455571300506
region_forest,BHS,2010,0.0
region_forest,ESH,2010,0.0
region_forest,MRT,2010,0.0
region_forest,BHR,2010,0.0
region_forest,QAT,2010,0.0
region_forest,OMN,2010,0.0
region_forest,ARE,2010,0.0
region_forest,BGD,2010,2744.5080471223605
region_forest,TWN,2010,2041.4590380884836
region_forest,MLI,2010,252.0739354537272
region_forest,CUB,2010,1628.2676140039325
region_forest,NER,2010,0.0
region_forest,TCD,2010,172.8146066124864
region_forest,VNM,2010,17032.452453688522
region_forest,LAO,2010,21193.34791512039
region_forest,HKG,2010,0.0
region_forest,TCA,2010,0.0
region_forest,SDN,2010,188.69828732180645
region_forest,PHL,2010,10869.685330816563
region_forest,HTI,2010,228.02776046838986
region_forest,THA,2010,26709.36311429512
region_forest,CYM,2010,0.0
region_forest,DOM,2010,1083.592748746919
region_forest,JAM,2010,265.4659016999333
region_forest,PRI,2010,125.15637367889715
region_forest,VGB,2010,0.0
region_forest,YEM,2010,314.43387698824654
region_forest,MNP,2010,0.0
region_forest,BLZ,2010,1331.5713729953986
region_forest,VIR,2010,0.0
region_forest,GTM,2010,6834.01578455987
region_forest,ATG,2010,0.0
region_forest,ERI,2010,0.0
region_forest,KNA,2010,0.0
region_forest,CPV,2010,0.0
region_forest,HND,2010,6864.969580907048
region_forest,SEN,2010,603.5128440895213
region_forest,DMA,2010,0.0
region_forest,NIC,2010,6262.655751302918
region_forest,BFA,2010,0.0
region_forest,MHL,2010,0.0
region_forest,SLV,2010,929.0717459068037
region_forest,LCA,2010,0.0
region_forest,ETH,2010,12911.17953099585
region_forest,KHM,2010,13177.852530519833
region_forest,GMB,2010,163.309682711218
region_forest,NGA,2010,3712.1742417964674
region_forest,GUM,2010,0.0
region_forest,COL,2010,55882.51175276185
region_forest,VCT,2010,0.0
region_forest,BRB,2010,0.0
region_forest,ABW,2010,0.0
region_forest,GRD,2010,0.0
region_forest,CMR,2010,21792.425483686293
region_forest,DJI,2010,0.0
region_forest,VEN,2010,30707.806159941534
region_forest,GNB,2010,727.2710411458876
region_forest,GIN,2010,2423.3441629690956
region_forest,BEN,2010,1390.2786162193347
region_forest,SSD,2010,2387.367256600962
region_forest,SOM,2010,0.0
region_forest,TTO,2010,212.06534277023363
region_forest,CRI,2010,2590.725232865409
region_forest,GHA,2010,4045.655766396061
region_forest,TGO,2010,496.459621949288
region_forest,CAF,2010,20253.70799766291
region_forest,CIV,2010,6822.098066851251
region_forest,PAN,2010,4373.944030640064
region_forest,SLE,2010,1608.9182001958138
region_forest,LKA,2010,2242.1480599085844
region_forest,FSM,2010,0.0
region_forest,GUY,2010,13590.275577315751
region_forest,LBR,2010,5212.941746950222
region_forest,PLW,2010,0.0
region_forest,MYS,2010,22392.153036138487
region_forest,MDV,2010,0.0
region_forest,SUR,2010,8646.633762100693
region_forest,IDN,2010,117484.42735259076
region_forest,COD,2010,145000.899215253
region_forest,BRN,2010,476.67708663881035
region_forest,BRA,2010,449734.9983555875
region_forest,KEN,2010,2678.40317850862
region_forest,KIR,2010,0.0
region_forest,GNQ,2010,2358.181610050746
region_forest,UGA,2010,548.707388846792
region_forest,COG,2010,18390.975374653728
region_forest,GAB,2010,21391.300994635094
region_forest,STP,2010,0.0
region_forest,ECU,2010,13361.585876693662
region_forest,SGP,2010,0.0
region_forest,PER,2010,68375.30877017105
region_forest,NRU,2010,0.0
region_forest,RWA,2010,98.30610487365601
region_forest,TZA,2010,21800.73024276996
region_forest,PNG,2010,38049.58432974976
region_forest,BDI,2010,523.7756745583577
region_forest,SYC,2010,0.0
region_forest,AGO,2010,37549.18917929556
region_forest,SLB,2010,380.4097052042875
region_forest,PYF,2010,0.0
region_forest,ZMB,2010,35512.13041384669
region_forest,TLS,2010,886.2127046922105
region_forest,TUV,2010,0.0
region_forest,MWI,2010,2360.475763096786
region_forest,BOL,2010,18541.791243078507
region_forest,MOZ,2010,19511.715419731223
region_forest,AUS,2010,21885.347483148696
region_forest,COM,2010,0.0
region_forest,MDG,2010,4782.475074702759
region_forest,FJI,2010,690.4914210788927
region_forest,WSM,2010,92.24021598192316
region_forest,VUT,2010,179.05378008719103
region_forest,ASM,2010,0.0
region_forest,TON,2010,0.0
region_forest,ZWE,2010,2780.5694494571126
region_forest,NAM,2010,0.0
region_forest,CHL,2010,9216.540958673933
region_forest,BWA,2010,0.0
region_forest,PRY,2010,7921.412615481166
region_forest,MUS,2010,0.0
region_forest,NCL,2010,443.012600582659
region_forest,ARG,2010,7781.442304371274
region_forest,ZAF,2010,3733.927734684681
region_forest,SWZ,2010,73.18763688725691
region_forest,LSO,2010,0.0
region_forest,NZL,2010,5647.663742799198
region_forest,URY,2010,208.09421304308773
region_forest,GRL,2020,0.0
region_forest,CAN,2020,530749.9840666652
region_forest,RUS,2020,856043.922008461
region_forest,NOR,2020,25072.68326382992
region_forest,USA,2020,298619.12180988037
region_forest,FIN,2020,10377.2624321978
region_forest,SWE,2020,22456.01662972323
region_forest,ISL,2020,5474.798260393979
region_forest,FRO,2020,23.17597258734957
region_forest,GBR,2020,2990.8035348920266
region_forest,EST,2020,1674.0818788215875
region_forest,DNK,2020,940.0137842134386
region_forest,LVA,2020,2179.588628898222
region_forest,LTU,2020,2222.75448813769
region_forest,BLR,2020,9305.779895341704
region_forest,IRL,2020,2641.297551736301
region_forest,KAZ,2020,2278.182115796279
region_forest,DEU,2020,8384.140430647769
region_forest,POL,2020,2971.247384400873
region_forest,NLD,2020,957.0264076150341
region_forest,CHN,2020,196228.95059693768
region_forest,UKR,2020,9079.14558009315
region_forest,MNG,2020,7274.955352060731
region_forest,FRA,2020,23435.01225000884
region_forest,BEL,2020,557.4752333218478
region_forest,CZE,2020,1813.3304978763988
region_forest,LUX,2020,57.77601778353503
region_forest,SVK,2020,1315.1865633173522
region_forest,AUT,2020,3277.930121266521
region_forest,HUN,2020,10.944359873446146
region_forest,ROU,2020,4449.921224937587
region_forest,MDA,2020,44.50636938854434
region_forest,CHE,2020,1445.6272540969746
region_forest,ITA,2020,5009.658649391236
region_forest,SVN,2020,605.8858157166152
region_forest,HRV,2020,2687.956175919566
region_forest,SRB,2020,2831.7788700645415
region_forest,JPN,2020,26775.86594207237
region_forest,UZB,2020,42.710390073509366
region_forest,BIH,2020,1696.064593541209
region_forest,ESP,2020,6297.197527902187
region_forest,BGR,2020,2443.804598655788
region_forest,MNE,2020,500.5551418603493
region_forest,GEO,2020,1854.8523534791225
region_forest,XKX,2020,561.683431339732
region_forest,KGZ,2020,2746.2549480594566
region_forest,PRK,2020,6007.571184882076
region_forest,ALB,2020,1046.9764601709153
region_forest,MKD,2020,755.1596708656036
region_forest,TUR,2020,2132.4527999501724
region_forest,TKM,2020,0.0
region_forest,PRT,2020,1838.1384468296756
region_forest,AZE,2020,850.7202836637603
region_forest,GRC,2020,697.3072073491885
region_forest,ARM,2020,231.05265501438438
region_forest,TJK,2020,1430.7324967146847
region_forest,IRN,2020,7142.217149179065
region_forest,AFG,2020,2350.9526300438442
region_forest,KOR,2020,4911.189335375326
region_forest,DZA,2020,4012.8773395955077
region_forest,TUN,2020,664.5243735068634
region_forest,SYR,2020,653.7924830418142
region_forest,IRQ,2020,788.2525762859564
region_forest,PAK,2020,4579.288388597365
region_forest,MLT,2020,0.0
region_forest,MAR,2020,3072.8346906867773
region_forest,CYP,2020,0.0
region_forest,IND,2020,22313.495643214836
region_forest,LBN,2020,436.87783028462303
region_forest,LBY,2020,556.9593801319777
region_forest,ISR,2020,428.87468183753344
region_forest,JOR,2020,318.0298928890668
region_forest,MEX,2020,27441.262144484157
region_forest,BMU,2020,0.0
region_forest,PSE,2020,383.05301545162786
region_forest,EGY,2020,0.0
region_forest,SAU,2020,0.0
region_forest,NPL,2020,6421.587572868992
region_forest,KWT,2020,0.0
region_forest,MMR,2020,43645.8679281373
region_forest,BTN,2020,2348.5669351915126
region_forest,BHS,2020,0.0
region_forest,ESH,2020,0.0
region_forest,MRT,2020,0.0
region_forest,BHR,2020,0.0
region_forest,QAT,2020,0.0
region_forest,OMN,2020,0.0
region_forest,ARE,2020,0.0
region_forest,BGD,2020,2627.465096503836
region_forest,TWN,2020,1919.7906763084832
region_forest,MLI,2020,200.81543129635514
region_forest,CUB,2020,1578.509105121914
region_forest,NER,2020,0.0
region_forest,TCD,2020,129.69301080681296
region_forest,VNM,2020,16690.37310428741
region_forest,LAO,2020,20998.516455831465
region_forest,HKG,2020,0.0
region_forest,TCA,2020,0.0
region_forest,SDN,2020,172.01744325567577
region_forest,PHL,2020,10616.27510304495
region_forest,HTI,2020,208.10669556707086
region_forest,THA,2020,26225.28200412543
region_forest,CYM,2020,0.0
region_forest,DOM,2020,1026.5587663520478
region_forest,JAM,2020,254.36040226361354
region_forest,PRI,2020,113.24048432682395
region_forest,VGB,2020,0.0
region_forest,YEM,2020,213.46231616063056
region_forest,MNP,2020,0.0
region_forest,BLZ,2020,1323.4543040246563
region_forest,VIR,2020,0.0
region_forest,GTM,2020,6675.013256613982
region_forest,ATG,2020,0.0
region_forest,ERI,2020,0.0
region_forest,KNA,2020,0.0
region_forest,CPV,2020,0.0
region_forest,HND,2020,6730.022911307024
region_forest,SEN,2020,567.2042190909999
region_forest,DMA,2020,0.0
region_forest,NIC,2020,6094.637033691315
region_forest,BFA,2020,0.0
region_forest,MHL,2020,0.0
region_forest,SLV,2020,919.3277704554416
region_forest,LCA,2020,0.0
region_forest,ETH,2020,11444.45836614063
region_forest,KHM,2020,13164.874366028103
region_forest,GMB,2020,155.84955554873213
region_forest,NGA,2020,3449.180764969887
region_forest,GUM,2020,0.0
region_forest,COL,2020,54602.48850599913
region_forest,VCT,2020,0.0
region_forest,BRB,2020,0.0
region_forest,ABW,2020,0.0
region_forest,GRD,2020,0.0
region_forest,CMR,2020,21706.029438896938
region_forest,DJI,2020,0.0
region_forest,VEN,2020,30292.388862551812
region_forest,GNB,2020,721.8932976750883
region_forest,GIN,2020,2181.8657564337277
region_forest,BEN,2020,1335.2262584395958
region_forest,SSD,2020,2175.0886514990652
region_forest,SOM,2020,0.0
region_forest,TTO,2020,205.55968597634083
region_forest,CRI,2020,2483.3521174759235
region_forest,GHA,2020,3731.3295232175983
region_forest,TGO,2020,474.8817163838551
region_forest,CAF,2020,20076.41305592837
region_forest,CIV,2020,5757.949147684353
region_forest,PAN,2020,4284.695605001029
region_forest,SLE,2020,1481.0351603606907
region_forest,LKA,2020,2177.832985865262
region_forest,FSM,2020,0.0
region_forest,GUY,2020,13546.55025839468
region_forest,LBR,2020,5133.462665173697
region_forest,PLW,2020,0.0
region_forest,MYS,2020,22037.13547342873
region_forest,MDV,2020,0.0
region_forest,SUR,2020,8553.24997659837
region_forest,IDN,2020,115929.59492109535
region_forest,COD,2020,142755.87690068525
region_forest,BRN,2020,454.5261420143398
region_forest,BRA,2020,437162.37635069696
region_forest,KEN,2020,2435.880006987843
region_forest,KIR,2020,0.0
region_forest,GNQ,2020,2355.0394766425893
region_forest,UGA,2020,384.3219492728796
region_forest,COG,2020,17389.98068479953
region_forest,GAB,2020,20603.065976797112
region_forest,STP,2020,0.0
region_forest,ECU,2020,13186.675197169445
region_forest,SGP,2020,0.0
region_forest,PER,2020,67662.54259346897
region_forest,NRU,2020,0.0
region_forest,RWA,2020,148.07856137058218
region_forest,TZA,2020,19856.821521705213
region_forest,PNG,2020,37964.387654144884
region_forest,BDI,2020,466.16413714948106
region_forest,SYC,2020,0.0
region_forest,AGO,2020,34905.0150374841
region_forest,SLB,2020,368.1429259291526
region_forest,PYF,2020,0.0
region_forest,ZMB,2020,31595.60133058379
region_forest,TLS,2020,884.8201408271561
region_forest,TUV,2020,0.0
region_forest,MWI,2020,2001.6266132004773
region_forest,BOL,2020,18087.62174145234
region_forest,MOZ,2020,17447.028654205977
region_forest,AUS,2020,20966.527208712716
region_forest,COM,2020,0.0
region_forest,MDG,2020,3941.698242609912
region_forest,FJI,2020,674.4712410887674
region_forest,WSM,2020,89.0639944071007
region_forest,VUT,2020,178.98532426251987
region_forest,ASM,2020,0.0
region_forest,TON,2020,0.0
region_forest,ZWE,2020,2362.319323587706
region_forest,NAM,2020,0.0
region_forest,CHL,2020,8997.602874840102
region_forest,BWA,2020,0.0
region_forest,PRY,2020,7459.652972734157
region_forest,MUS,2020,0.0
region_forest,NCL,2020,438.9747642002528
region_forest,ARG,2020,7555.397113234314
region_forest,ZAF,2020,2555.994581253814
region_forest,SWZ,2020,13.59786844208182
region_forest,LSO,2020,0.0
region_forest,NZL,2020,5349.574008671256
region_forest,URY,2020,167.9598777553034
region_forest,GRL,2030,0.0
region_forest,CAN,2030,528644.6429627333
region_forest,RUS,2030,852938.9996426251
region_forest,NOR,2030,24997.9782146731
region_forest,USA,2030,303024.23320577707
region_forest,FIN,2030,10483.217796715815
region_forest,SWE,2030,22500.624884297904
region_forest,ISL,2030,5476.276672327533
region_forest,FRO,2030,23.17597258734957
region_forest,GBR,2030,3036.847304268863
region_forest,EST,2030,1696.3283338616536
region_forest,DNK,2030,972.2100086900672
region_forest,LVA,2030,2219.710837926487
region_forest,LTU,2030,2357.2642567425332
region_forest,BLR,2030,9002.931725329909
region_forest,IRL,2030,2699.946073583944
region_forest,KAZ,2030,2239.705717326287
region_forest,DEU,2030,8233.593110723723
region_forest,POL,2030,2866.866211996119
region_forest,NLD,2030,937.6338217761285
region_forest,CHN,2030,215011.9016933873
region_forest,UKR,2030,8611.234230607472
region_forest,MNG,2030,6506.746831544767
region_forest,FRA,2030,23311.699686150543
region_forest,BEL,2030,546.0100517883391
region_forest,CZE,2030,1812.0977654869816
region_forest,LUX,2030,57.013053817163154
region_forest,SVK,2030,1290.665932921801
region_forest,AUT,2030,3249.4338232798736
region_forest,HUN,2030,8.72187190919003
region_forest,ROU,2030,4312.22162822323
region_forest,MDA,2030,43.309124133703826
region_forest,CHE,2030,1391.9817383851582
region_forest,ITA,2030,4916.118065864774
region_forest,SVN,2030,593.6314676037687
region_forest,HRV,2030,2599.726888260824
region_forest,SRB,2030,2724.067149674901
region_forest,JPN,2030,26724.953757467665
region_forest,UZB,2030,38.54198741973549
region_forest,BIH,2030,1652.038041077678
region_forest,ESP,2030,6323.213720556613
region_forest,BGR,2030,2379.2976813032765
region_forest,MNE,2030,495.9356557833863
region_forest,GEO,2030,1682.8738556323378
region_forest,XKX,2030,511.4459569760236
region_forest,KGZ,2030,2695.781608643619
region_forest,PRK,2030,5913.741439198902
region_forest,ALB,2030,1009.8978533870699
region_forest,MKD,2030,742.6977405808899
region_forest,TUR,2030,2072.480079429156
region_forest,TKM,2030,0.0
region_forest,PRT,2030,1868.0091853922881
region_forest,AZE,2030,837.6598107070124
region_forest,GRC,2030,722.7347048413559
region_forest,ARM,2030,226.5647304090353
region_forest,TJK,2030,1425.726603020017
region_forest,IRN,2030,6582.212943402057
region_forest,AFG,2030,1947.6408804892053
region_forest,KOR,2030,4692.489432547953
region_forest,DZA,2030,2796.7660994303205
region_forest,TUN,2030,519.5785542724652
region_forest,SYR,2030,544.0580534409839
region_forest,IRQ,2030,727.5185740786583
region_forest,PAK,2030,4445.524352295992
region_forest,MLT,2030,0.0
region_forest,MAR,2030,2241.752464599978
region_forest,CYP,2030,0.0
region_forest,IND,2030,19556.319299916504
region_forest,LBN,2030,391.28704590337554
region_forest,LBY,2030,292.6832688895423
region_forest,ISR,2030,426.8071981326973
region_forest,JOR,2030,285.2239139117437
region_forest,MEX,2030,26598.66587221865
region_forest,BMU,2030,0.0
region_forest,PSE,2030,376.809331566021
region_forest,EGY,2030,0.0
region_forest,SAU,2030,0.0
region_forest,NPL,2030,6289.166198457194
region_forest,KWT,2030,0.0
region_forest,MMR,2030,42070.452816601806
region_forest,BTN,2030,2292.5261627082355
region_forest,BHS,2030,0.0
region_forest,ESH,2030,0.0
region_forest,MRT,2030,0.0
region_forest,BHR,2030,0.0
region_forest,QAT,2030,0.0
region_forest,OMN,2030,0.0
region_forest,ARE,2030,0.0
region_forest,BGD,2030,2424.2485953706705
region_forest,TWN,2030,1903.970783478867
region_forest,MLI,2030,94.9060586743685
region_forest,CUB,2030,1448.7053599806848
region_forest,NER,2030,0.0
region_forest,TCD,2030,111.42663905149368
region_forest,VNM,2030,15923.07352166095
region_forest,LAO,2030,20710.8151170551
region_forest,HKG,2030,0.0
region_forest,TCA,2030,0.0
region_forest,SDN,2030,139.59469879941128
region_forest,PHL,2030,10194.73301512762
region_forest,HTI,2030,184.57190270967516
region_forest,THA,2030,25634.253444632253
region_forest,CYM,2030,0.0
region_forest,DOM,2030,950.1598782512513
region_forest,JAM,2030,246.69549565310274
region_forest,PRI,2030,103.76738045658337
region_forest,VGB,2030,0.0
region_forest,YEM,2030,95.00661722189643
region_forest,MNP,2030,0.0
region_forest,BLZ,2030,1320.1513398194106
region_forest,VIR,2030,0.0
region_forest,GTM,2030,6417.350749151871
region_forest,ATG,2030,0.0
region_forest,ERI,2030,0.0
region_forest,KNA,2030,0.0
region_forest,CPV,2030,0.0
region_forest,HND,2030,6558.393023270066
region_forest,SEN,2030,495.1610102641828
region_forest,DMA,2030,0.0
region_forest,NIC,2030,5892.994629901398
region_forest,BFA,2030,0.0
region_forest,MHL,2030,0.0
region_forest,SLV,2030,898.9288162868772
region_forest,LCA,2030,0.0
region_forest,ETH,2030,10638.265006746933
region_forest,KHM,2030,12951.993973776665
region_forest,GMB,2030,141.3540573674347
region_forest,NGA,2030,2981.9507419844276
region_forest,GUM,2030,0.0
region_forest,COL,2030,53625.80200498634
region_forest,VCT,2030,0.0
region_forest,BRB,2030,0.0
region_forest,ABW,2030,0.0
region_forest,GRD,2030,0.0
region_forest,CMR,2030,21676.043574423908
region_forest,DJI,2030,0.0
region_forest,VEN,2030,30096.370855905643
region_forest,GNB,2030,715.5778001430605
region_forest,GIN,2030,1681.1338625770527
region_forest,BEN,2030,1233.3613050835593
region_forest,SSD,2030,1950.815333661504
region_forest,SOM,2030,0.0
region_forest,TTO,2030,202.77112268056734
region_forest,CRI,2030,2388.130156552175
region_forest,GHA,2030,3171.8670878686116
region_forest,TGO,2030,430.18808943729124
region_forest,CAF,2030,19915.584989328974
region_forest,CIV,2030,4042.4447594055055
region_forest,PAN,2030,4170.661974149814
region_forest,SLE,2030,1213.958495084294
region_forest,LKA,2030,2070.0324405498227
region_forest,FSM,2030,0.0
region_forest,GUY,2030,13520.453424818847
region_forest,LBR,2030,4970.15743940947
region_forest,PLW,2030,0.0
region_forest,MYS,2030,21748.931161036613
region_forest,MDV,2030,0.0
region_forest,SUR,2030,8551.544831891639
region_forest,IDN,2030,112653.38207402972
region_forest,COD,2030,139691.67003902275
region_forest,BRN,2030,434.6627651597938
region_forest,BRA,2030,414924.7425439014
region_forest,KEN,2030,2044.0895840666565
region_forest,KIR,2030,0.0
region_forest,GNQ,2030,2352.4131537428498
region_forest,UGA,2030,325.70803882801073
region_forest,COG,2030,16394.24476679841
region_forest,GAB,2030,20366.85657212104
region_forest,STP,2030,0.0
region_forest,ECU,2030,12994.921182145896
region_forest,SGP,2030,0.0
region_forest,PER,2030,66955.27642112791
region_forest,NRU,2030,0.0
region_forest,RWA,2030,181.2879777485498
region_forest,TZA,2030,17763.244405522506
region_forest,PNG,2030,37250.47324422134
region_forest,BDI,2030,355.5476900732617
region_forest,SYC,2030,0.0
region_forest,AGO,2030,32083.480067584165
region_forest,SLB,2030,349.78014648886597
region_forest,PYF,2030,0.0
region_forest,ZMB,2030,28321.621063431536
region_forest,TLS,2030,865.9097672265104
region_forest,TUV,2030,0.0
region_forest,MWI,2030,1731.2358034620447
region_forest,BOL,2030,17696.277870146667
region_forest,MOZ,2030,14125.540963713545
region_forest,AUS,2030,17477.906825722806
region_forest,COM,2030,0.0
region_forest,MDG,2030,3170.3215741067584
region_forest,FJI,2030,648.2962409804855
region_forest,WSM,2030,82.89576081879173
region_forest,VUT,2030,175.97156191282198
region_forest,ASM,2030,0.0
region_forest,TON,2030,0.0
region_forest,ZWE,2030,1667.2461259728323
region_forest,NAM,2030,0.0
region_forest,CHL,2030,8825.222300643756
region_forest,BWA,2030,0.0
region_forest,PRY,2030,7016.726601681727
region_forest,MUS,2030,0.0
region_forest,NCL,2030,424.3158484659957
region_forest,ARG,2030,7336.016421359236
region_forest,ZAF,2030,1708.317004511067
region_forest,SWZ,2030,0.0
region_forest,LSO,2030,0.0
region_forest,NZL,2030,3986.7256524279674
region_forest,URY,2030,116.00037708740328
region_forest,GRL,2040,0.0
region_forest,CAN,2040,529680.3348765629
region_forest,RUS,2040,851851.644605655
region_forest,NOR,2040,24968.12767038068
region_forest,USA,2040,300257.6201021301
region_forest,FIN,2040,10505.592337038233
region_forest,SWE,2040,22522.002555569386
region_forest,ISL,2040,5575.474178456976
region_forest,FRO,2040,23.17597258734957
region_forest,GBR,2040,3494.845851938686
region_forest,EST,2040,1708.933738306696
region_forest,DNK,2040,989.0019510858708
region_forest,LVA,2040,2258.018889341345
region_forest,LTU,2040,2438.3696941497833
region_forest,BLR,2040,8926.041021507943
region_forest,IRL,2040,3090.224089308256
region_forest,KAZ,2040,2287.622189291129
region_forest,DEU,2040,8169.563057090839
region_forest,POL,2040,2814.3121500929747
region_forest,NLD,2040,920.8084663861978
region_forest,CHN,2040,229368.13844161743
region_forest,UKR,2040,8421.282982114975
region_forest,MNG,2040,6416.95637432738
region_forest,FRA,2040,23588.113946631245
region_forest,BEL,2040,516.2757523606233
region_forest,CZE,2040,1833.2051395462447
region_forest,LUX,2040,62.66251959073153
region_forest,SVK,2040,1299.8288913556485
region_forest,AUT,2040,3286.6296801900844
region_forest,HUN,2040,9.353752931174945
region_forest,ROU,2040,4344.752495777847
region_forest,MDA,2040,38.52997401823972
region_forest,CHE,2040,1410.7739129747051
region_forest,ITA,2040,4883.646626139872
region_forest,SVN,2040,575.7179440942272
region_forest,HRV,2040,2573.2971012602798
region_forest,SRB,2040,2698.486225814328
region_forest,JPN,2040,26722.083349139808
region_forest,UZB,2040,45.431761919028794
region_forest,BIH,2040,1670.842256952842
region_forest,ESP,2040,6423.823529893289
region_forest,BGR,2040,2374.953805021611
region_forest,MNE,2040,499.4793227132702
region_forest,GEO,2040,1681.4812222602968
region_forest,XKX,2040,468.7738216049083
region_forest,KGZ,2040,2815.653550023
region_forest,PRK,2040,5883.063805585316
region_forest,ALB,2040,1007.4031615704713
region_forest,MKD,2040,756.3248787710448
region_forest,TUR,2040,1915.8775069554658
region_forest,TKM,2040,0.0
region_forest,PRT,2040,1912.0832508669428
region_forest,AZE,2040,831.1978491941671
region_forest,GRC,2040,778.0514679879711
region_forest,ARM,2040,227.2854706225033
region_forest,TJK,2040,1451.852685694912
region_forest,IRN,2040,5887.172779016566
region_forest,AFG,2040,2089.221487495455
region_forest,KOR,2040,4573.096133673211
region_forest,DZA,2040,1814.7475670999731
region_forest,TUN,2040,310.70346506615897
region_forest,SYR,2040,444.2738703620116
region_forest,IRQ,2040,646.3737315854461
region_forest,PAK,2040,4289.24320355829
region_forest,MLT,2040,0.0
region_forest,MAR,2040,1455.6425091045157
region_forest,CYP,2040,0.0
region_forest,IND,2040,18642.95045664496
region_forest,LBN,2040,338.46978123392324
region_forest,LBY,2040,70.9384766921461
region_forest,ISR,2040,418.5421367085206
region_forest,JOR,2040,269.6125382528704
region_forest,MEX,2040,25952.110781646115
region_forest,BMU,2040,0.0
region_forest,PSE,2040,368.1697123824446
region_forest,EGY,2040,0.0
region_forest,SAU,2040,0.0
region_forest,NPL,2040,6082.9672272983225
region_forest,KWT,2040,0.0
region_forest,MMR,2040,41373.754987007196
region_forest,BTN,2040,2052.604165741014
region_forest,BHS,2040,0.0
region_forest,ESH,2040,0.0
region_forest,MRT,2040,0.0
region_forest,BHR,2040,0.0
region_forest,QAT,2040,0.0
region_forest,OMN,2040,0.0
region_forest,ARE,2040,0.0
region_forest,BGD,2040,1902.428126151326
region_forest,TWN,2040,1916.1741158154646
region_forest,MLI,2040,0.0
region_forest,CUB,2040,1339.937036221258
region_forest,NER,2040,0.0
region_forest,TCD,2040,83.55582268145194
region_forest,VNM,2040,15374.135421627678
region_forest,LAO,2040,20621.65621591897
region_forest,HKG,2040,0.0
region_forest,TCA,2040,0.0
region_forest,SDN,2040,95.47266593078776
region_forest,PHL,2040,10070.328114477721
region_forest,HTI,2040,163.924466054111
region_forest,THA,2040,25294.42472848692
region_forest,CYM,2040,0.0
region_forest,DOM,2040,888.0582388684303
region_forest,JAM,2040,238.5849751769905
region_forest,PRI,2040,94.77374926860784
region_forest,VGB,2040,0.0
region_forest,YEM,2040,31.933580633119952
region_forest,MNP,2040,0.0
region_forest,BLZ,2040,1316.8826496979952
region_forest,VIR,2040,0.0
region_forest,GTM,2040,6213.213800435595
region_forest,ATG,2040,0.0
region_forest,ERI,2040,0.0
region_forest,KNA,2040,0.0
region_forest,CPV,2040,0.0
region_forest,HND,2040,6403.871219007175
region_forest,SEN,2040,404.5667764674886
region_forest,DMA,2040,0.0
region_forest,NIC,2040,5689.646386392727
region_forest,BFA,2040,0.0
region_forest,MHL,2040,0.0
region_forest,SLV,2040,884.0556214663661
region_forest,LCA,2040,0.0
region_forest,ETH,2040,9656.460667129517
region_forest,KHM,2040,12919.233866582017
region_forest,GMB,2040,122.9220074610098
region_forest,NGA,2040,2488.7620415279703
region_forest,GUM,2040,0.0
region_forest,COL,2040,52726.995951611185
region_forest,VCT,2040,0.0
region_forest,BRB,2040,0.0
region_forest,ABW,2040,0.0
region_forest,GRD,2040,0.0
region_forest,CMR,2040,21624.157221581027
region_forest,DJI,2040,0.0
region_forest,VEN,2040,29994.893324051616
region_forest,GNB,2040,708.4022487197467
region_forest,GIN,2040,998.4049707414839
region_forest,BEN,2040,1113.2300913681743
region_forest,SSD,2040,1641.0645739597796
region_forest,SOM,2040,0.0
region_forest,TTO,2040,202.27816388263275
region_forest,CRI,2040,2296.980689489582
region_forest,GHA,2040,2444.4308783021124
region_forest,TGO,2040,378.95863103583446
region_forest,CAF,2040,19701.40069538803
region_forest,CIV,2040,2575.8733480681835
region_forest,PAN,2040,4075.5904392599223
region_forest,SLE,2040,847.3867702283725
region_forest,LKA,2040,1828.8487239370647
region_forest,FSM,2040,0.0
region_forest,GUY,2040,13494.326067942013
region_forest,LBR,2040,4752.297496440435
region_forest,PLW,2040,0.0
region_forest,MYS,2040,21577.87694530192
region_forest,MDV,2040,0.0
region_forest,SUR,2040,8494.885853854992
region_forest,IDN,2040,110290.99282680036
region_forest,COD,2040,135861.68965736398
region_forest,BRN,2040,365.7431250414023
region_forest,BRA,2040,395116.00193377957
region_forest,KEN,2040,1656.6233238952314
region_forest,KIR,2040,0.0
region_forest,GNQ,2040,2347.9009876211776
region_forest,UGA,2040,254.11540090333585
region_forest,COG,2040,15562.254980470947
region_forest,GAB,2040,19971.689792976085
region_forest,STP,2040,0.0
region_forest,ECU,2040,12867.057442916343
region_forest,SGP,2040,0.0
region_forest,PER,2040,66613.16898586263
region_forest,NRU,2040,0.0
region_forest,RWA,2040,205.04603119547812
region_forest,TZA,2040,15054.58360682708
region_forest,PNG,2040,36702.168013385715
region_forest,BDI,2040,211.94233452243063
region_forest,SYC,2040,0.0
region_forest,AGO,2040,28487.809509104318
region_forest,SLB,2040,333.8786614669172
region_forest,PYF,2040,0.0
region_forest,ZMB,2040,24545.702770850792
region_forest,TLS,2040,860.650013384176
region_forest,TUV,2040,0.0
region_forest,MWI,2040,1338.7894024616069
region_forest,BOL,2040,17364.94391369342
region_forest,MOZ,2040,10853.460528108708
region_forest,AUS,2040,14457.953259700653
region_forest,COM,2040,0.0
region_forest,MDG,2040,2440.694427137053
region_forest,FJI,2040,649.9752074478391
region_forest,WSM,2040,82.67641984337355
region_forest,VUT,2040,175.75599359681436
region_forest,ASM,2040,0.0
region_forest,TON,2040,0.0
region_forest,ZWE,2040,882.515143721268
region_forest,NAM,2040,0.0
region_forest,CHL,2040,8726.16908962504
region_forest,BWA,2040,0.0
region_forest,PRY,2040,6596.755803225453
region_forest,MUS,2040,0.0
region_forest,NCL,2040,425.96299754467276
region_forest,ARG,2040,7133.864759064642
region_forest,ZAF,2040,964.5112067422008
region_forest,SWZ,2040,2.0904021510400583
region_forest,LSO,2040,0.0
region_forest,NZL,2040,3185.316040250434
region_forest,URY,2040,75.22765269936889
region_forest,GRL,2050,0.0
region_forest,CAN,2050,529076.919853319
region_forest,RUS,2050,852458.5894966266
region_forest,NOR,2050,24943.122006763737
region_forest,USA,2050,296347.3346515605
region_forest,FIN,2050,10510.59007903984
region_forest,SWE,2050,22528.58607958728
region_forest,ISL,2050,5733.0211895517405
region_forest,FRO,2050,23.176120803900854
region_forest,GBR,2050,4027.4034630860833
region_forest,EST,2050,1725.2313475639098
region_forest,DNK,2050,984.5557705486553
region_forest,LVA,2050,2290.6269772732776
region_forest,LTU,2050,2506.1314303842505
region_forest,BLR,2050,8587.298044007595
region_forest,IRL,2050,3748.921996703303
region_forest,KAZ,2050,2359.170930687251
region_forest,DEU,2050,7984.775200743457
region_forest,POL,2050,2718.2818295320203
region_forest,NLD,2050,832.285047980745
region_forest,CHN,2050,245984.70708386513
region_forest,UKR,2050,7889.189017608091
region_forest,MNG,2050,6349.834817532073
region_forest,FRA,2050,24018.380145305175
region_forest,BEL,2050,490.1434157063222
region_forest,CZE,2050,1876.078191291579
region_forest,LUX,2050,50.9324789769483
region_forest,SVK,2050,1300.1063817777742
region_forest,AUT,2050,3376.9432385418895
region_forest,HUN,2050,10.377105700349041
region_forest,ROU,2050,4457.857922169476
region_forest,MDA,2050,37.97357429513108
region_forest,CHE,2050,1463.7416770592376
region_forest,ITA,2050,4902.55640763469
region_forest,SVN,2050,582.3201799240652
region_forest,HRV,2050,2561.8204061929796
region_forest,SRB,2050,2702.7511374251867
region_forest,JPN,2050,26501.38642510771
region_forest,UZB,2050,56.81779880579002
region_forest,BIH,2050,1715.8922673510165
region_forest,ESP,2050,6614.336655791464
region_forest,BGR,2050,2384.899646347522
region_forest,MNE,2050,509.8328302254931
region_forest,GEO,2050,1551.409528043848
region_forest,XKX,2050,432.85442788461455
region_forest,KGZ,2050,3020.77475603982
region_forest,PRK,2050,5854.923915072348
region_forest,ALB,2050,1018.0952736502701
region_forest,MKD,2050,783.8334293678547
region_forest,TUR,2050,1889.1516382667724
region_forest,TKM,2050,0.0
region_forest,PRT,2050,1970.473472525744
region_forest,AZE,2050,849.8709563274391
region_forest,GRC,2050,856.7873343733206
region_forest,ARM,2050,236.6013129586149
region_forest,TJK,2050,1495.8869101270725
region_forest,IRN,2050,5346.454140709671
region_forest,AFG,2050,2490.9681660930064
region_forest,KOR,2050,4531.528537871085
region_forest,DZA,2050,1494.218044384696
region_forest,TUN,2050,214.5724917516436
region_forest,SYR,2050,377.6435974919807
region_forest,IRQ,2050,579.2866029328028
region_forest,PAK,2050,4168.639600225439
region_forest,MLT,2050,0.0
region_forest,MAR,2050,1221.0808090129694
region_forest,CYP,2050,0.0
region_forest,IND,2050,17887.637906937744
region_forest,LBN,2050,293.4373792395472
region_forest,LBY,2050,44.359655559887756
region_forest,ISR,2050,410.3183975267633
region_forest,JOR,2050,269.5516290246027
region_forest,MEX,2050,25832.29780011614
region_forest,BMU,2050,0.0
region_forest,PSE,2050,355.1679821839689
region_forest,EGY,2050,0.0
region_forest,SAU,2050,0.0
region_forest,NPL,2050,5941.784676457056
region_forest,KWT,2050,0.0
region_forest,MMR,2050,41057.40924603749
region_forest,BTN,2050,1896.688343985933
region_forest,BHS,2050,0.0
region_forest,ESH,2050,0.0
region_forest,MRT,2050,0.0
region_forest,BHR,2050,0.0
region_forest,QAT,2050,0.0
region_forest,OMN,2050,0.0
region_forest,ARE,2050,0.0
region_forest,BGD,2050,1646.218358126052
region_forest,TWN,2050,1938.933773476402
region_forest,MLI,2050,0.0
region_forest,CUB,2050,1360.8771925936035
region_forest,NER,2050,0.0
region_forest,TCD,2050,63.909030008546296
region_forest,VNM,2050,15190.731294895239
region_forest,LAO,2050,20597.80335172306
region_forest,HKG,2050,0.0
region_forest,TCA,2050,0.0
region_forest,SDN,2050,68.16574205902005
region_forest,PHL,2050,10026.648515908186
region_forest,HTI,2050,161.9890397997652
region_forest,THA,2050,25050.522993602903
region_forest,CYM,2050,0.0
region_forest,DOM,2050,890.2224508164553
region_forest,JAM,2050,237.51736846412356
region_forest,PRI,2050,95.5898683305547
region_forest,VGB,2050,0.0
region_forest,YEM,2050,10.039641497781414
region_forest,MNP,2050,0.0
region_forest,BLZ,2050,1317.4930936498433
region_forest,VIR,2050,0.0
region_forest,GTM,2050,6219.976222094358
region_forest,ATG,2050,0.0
region_forest,ERI,2050,0.0
region_forest,KNA,2050,0.0
region_forest,CPV,2050,0.0
region_forest,HND,2050,6408.101105770346
region_forest,SEN,2050,355.7057734047123
region_forest,DMA,2050,0.0
region_forest,NIC,2050,5739.722989550658
region_forest,BFA,2050,0.0
region_forest,MHL,2050,0.0
region_forest,SLV,2050,880.353254807949
region_forest,LCA,2050,0.0
region_forest,ETH,2050,8916.786513778472
region_forest,KHM,2050,12902.826702391863
region_forest,GMB,2050,110.0245265207081
region_forest,NGA,2050,2199.9553683821377
region_forest,GUM,2050,0.0
region_forest,COL,2050,52795.38602719857
region_forest,VCT,2050,0.0
region_forest,BRB,2050,0.0
region_forest,ABW,2050,0.0
region_forest,GRD,2050,0.0
region_forest,CMR,2050,21556.026799194115
region_forest,DJI,2050,0.0
region_forest,VEN,2050,29933.118280758157
region_forest,GNB,2050,702.2616725609967
region_forest,GIN,2050,642.8416451223283
region_forest,BEN,2050,1028.467230207376
region_forest,SSD,2050,1429.706804694326
region_forest,SOM,2050,0.0
region_forest,TTO,2050,198.40962639434048
region_forest,CRI,2050,2315.054725840429
region_forest,GHA,2050,1967.8879375248234
region_forest,TGO,2050,341.7617023216059
region_forest,CAF,2050,19542.55177242057
region_forest,CIV,2050,1994.6504805765628
region_forest,PAN,2050,4102.56684269178
region_forest,SLE,2050,627.2632969573194
region_forest,LKA,2050,1548.0304463247107
region_forest,FSM,2050,0.0
region_forest,GUY,2050,13494.503606586337
region_forest,LBR,2050,4595.811505597686
region_forest,PLW,2050,0.0
region_forest,MYS,2050,21500.835753782332
region_forest,MDV,2050,0.0
region_forest,SUR,2050,8453.473527218746
region_forest,IDN,2050,109460.29465441823
region_forest,COD,2050,133254.308472578
region_forest,BRN,2050,306.3918245795192
region_forest,BRA,2050,394807.61669337226
region_forest,KEN,2050,1426.1175965323985
region_forest,KIR,2050,0.0
region_forest,GNQ,2050,2342.7928924780613
region_forest,UGA,2050,199.2032390387991
region_forest,COG,2050,15078.013591098734
region_forest,GAB,2050,19667.034604407607
region_forest,STP,2050,0.0
region_forest,ECU,2050,12886.572595732994
region_forest,SGP,2050,0.0
region_forest,PER,2050,66399.8773140119
region_forest,NRU,2050,0.0
region_forest,RWA,2050,197.6130301999161
region_forest,TZA,2050,13374.04356977548
region_forest,PNG,2050,36099.7942225555
region_forest,BDI,2050,122.0313285424176
region_forest,SYC,2050,0.0
region_forest,AGO,2050,26519.799961174263
region_forest,SLB,2050,325.3574619378983
region_forest,PYF,2050,0.0
region_forest,ZMB,2050,22391.19519993034
region_forest,TLS,2050,855.8279243430994
region_forest,TUV,2050,0.0
region_forest,MWI,2050,1126.7166342565895
region_forest,BOL,2050,17440.979024183584
region_forest,MOZ,2050,9067.393029086237
region_forest,AUS,2050,13109.256297671334
region_forest,COM,2050,0.0
region_forest,MDG,2050,2058.429236043861
region_forest,FJI,2050,655.967252077777
region_forest,WSM,2050,82.55844735610543
region_forest,VUT,2050,175.6009550157055
region_forest,ASM,2050,0.0
region_forest,TON,2050,0.0
region_forest,ZWE,2050,575.7699101069848
region_forest,NAM,2050,0.0
region_forest,CHL,2050,8734.28232007454
region_forest,BWA,2050,0.0
region_forest,PRY,2050,6698.0442932147735
region_forest,MUS,2050,0.0
region_forest,NCL,2050,430.01382089159847
region_forest,ARG,2050,7182.508149270045
region_forest,ZAF,2050,624.8126976383296
region_forest,SWZ,2050,2.276104798872483
region_forest,LSO,2050,0.0
region_forest,NZL,2050,3013.5478057287874
region_forest,URY,2050,82.22907965733039
region_forest,GRL,2060,0.0
region_forest,CAN,2060,527911.420590494
region_forest,RUS,2060,853200.8567959709
region_forest,NOR,2060,24930.019510884766
region_forest,USA,2060,296723.31130724656
region_forest,FIN,2060,10491.158208422574
region_forest,SWE,2060,22491.247192394465
region_forest,ISL,2060,5830.715920946876
region_forest,FRO,2060,23.176704951485334
region_forest,GBR,2060,4289.328903628959
region_forest,EST,2060,1737.9267600583187
region_forest,DNK,2060,978.6139120108982
region_forest,LVA,2060,2330.7318737397723
region_forest,LTU,2060,2515.9085233636797
region_forest,BLR,2060,8332.799454337062
region_forest,IRL,2060,4316.647159466908
region_forest,KAZ,2060,2411.1805269618417
region_forest,DEU,2060,7586.61785406692
region_forest,POL,2060,2706.0858654759813
region_forest,NLD,2060,702.7001366687916
region_forest,CHN,2060,262791.2327677475
region_forest,UKR,2060,7539.463073401585
region_forest,MNG,2060,6204.265998632962
region_forest,FRA,2060,23943.882438722496
region_forest,BEL,2060,472.07813731538164
region_forest,CZE,2060,1886.8634186620304
region_forest,LUX,2060,37.72398925833545
region_forest,SVK,2060,1302.6079422758944
region_forest,AUT,2060,3376.5344632665674
region_forest,HUN,2060,11.124101475398305
region_forest,ROU,2060,4521.869958170383
region_forest,MDA,2060,37.246792680510694
region_forest,CHE,2060,1457.2870016574168
region_forest,ITA,2060,4908.94635306985
region_forest,SVN,2060,590.1461021316661
region_forest,HRV,2060,2540.767106078075
region_forest,SRB,2060,2684.150869847855
region_forest,JPN,2060,26205.865262304927
region_forest,UZB,2060,66.26792478596792
region_forest,BIH,2060,1744.97629303155
region_forest,ESP,2060,6746.376043451338
region_forest,BGR,2060,2398.415835982407
region_forest,MNE,2060,517.442548587986
region_forest,GEO,2060,1446.2428775498158
region_forest,XKX,2060,412.618235357504
region_forest,KGZ,2060,3181.9399264681333
region_forest,PRK,2060,5825.782249164842
region_forest,ALB,2060,1020.4953766963879
region_forest,MKD,2060,799.7794261882258
region_forest,TUR,2060,1876.497749948322
region_forest,TKM,2060,0.0
region_forest,PRT,2060,2013.381100142652
region_forest,AZE,2060,868.4229057162423
region_forest,GRC,2060,923.3518515191055
region_forest,ARM,2060,243.99345801793314
region_forest,TJK,2060,1533.2495702380047
region_forest,IRN,2060,5208.8543925351705
region_forest,AFG,2060,3426.5284761266057
region_forest,KOR,2060,4500.040373273487
region_forest,DZA,2060,1588.2422984066288
region_forest,TUN,2060,239.32387743671725
region_forest,SYR,2060,374.70181968278456
region_forest,IRQ,2060,564.9162411000232
region_forest,PAK,2060,4230.058642747714
region_forest,MLT,2060,0.0
region_forest,MAR,2060,1231.6735830558023
region_forest,CYP,2060,0.0
region_forest,IND,2060,17196.561144379717
region_forest,LBN,2060,274.1072274440281
region_forest,LBY,2060,57.62700858847328
region_forest,ISR,2060,407.5084583843049
region_forest,JOR,2060,263.99821440412404
region_forest,MEX,2060,25828.342974437983
region_forest,BMU,2060,0.0
region_forest,PSE,2060,347.54872933118236
region_forest,EGY,2060,0.0
region_forest,SAU,2060,0.0
region_forest,NPL,2060,5849.975263062698
region_forest,KWT,2060,0.0
region_forest,MMR,2060,40768.092387391385
region_forest,BTN,2060,1846.3962199800035
region_forest,BHS,2060,0.0
region_forest,ESH,2060,0.0
region_forest,MRT,2060,0.0
region_forest,BHR,2060,0.0
region_forest,QAT,2060,0.0
region_forest,OMN,2060,0.0
region_forest,ARE,2060,0.0
region_forest,BGD,2060,1483.688024961623
region_forest,TWN,2060,1966.908464247834
region_forest,MLI,2060,0.0
region_forest,CUB,2060,1420.6160582115235
region_forest,NER,2060,0.0
region_forest,TCD,2060,47.15940239265408
region_forest,VNM,2060,15096.161108823928
region_forest,LAO,2060,20554.01426524291
region_forest,HKG,2060,0.0
region_forest,TCA,2060,0.0
region_forest,SDN,2060,44.92624033397374
region_forest,PHL,2060,9958.483870159442
region_forest,HTI,2060,166.67875589964217
region_forest,THA,2060,24926.547832297118
region_forest,CYM,2060,0.0
region_forest,DOM,2060,908.4082106751782
region_forest,JAM,2060,237.63728692872132
region_forest,PRI,2060,98.73414621652577
region_forest,VGB,2060,0.0
region_forest,YEM,2060,10.084851502272477
region_forest,MNP,2060,0.0
region_forest,BLZ,2060,1319.1302225204615
region_forest,VIR,2060,0.0
region_forest,GTM,2060,6283.771488868924
region_forest,ATG,2060,0.0
region_forest,ERI,2060,0.0
region_forest,KNA,2060,0.0
region_forest,CPV,2060,0.0
region_forest,HND,2060,6447.593962161682
region_forest,SEN,2060,317.52645533704896
region_forest,DMA,2060,0.0
region_forest,NIC,2060,5846.328885824723
region_forest,BFA,2060,0.0
region_forest,MHL,2060,0.0
region_forest,SLV,2060,879.211050112372
region_forest,LCA,2060,0.0
region_forest,ETH,2060,8256.000106586314
region_forest,KHM,2060,12860.66695629189
region_forest,GMB,2060,99.4603266432593
region_forest,NGA,2060,2005.7807434882611
region_forest,GUM,2060,0.0
region_forest,COL,2060,53040.802043210235
region_forest,VCT,2060,0.0
region_forest,BRB,2060,0.0
region_forest,ABW,2060,0.0
region_forest,GRD,2060,0.0
region_forest,CMR,2060,21486.505365654622
region_forest,DJI,2060,0.0
region_forest,VEN,2060,29895.568416834634
region_forest,GNB,2060,695.6182681228099
region_forest,GIN,2060,421.8052758527401
region_forest,BEN,2060,956.523577272495
region_forest,SSD,2060,1253.0384163209112
region_forest,SOM,2060,0.0
region_forest,TTO,2060,186.9286130902594
region_forest,CRI,2060,2362.666172562768
region_forest,GHA,2060,1590.517171267256
region_forest,TGO,2060,312.7839993096064
region_forest,CAF,2060,19407.404275525794
region_forest,CIV,2060,1660.9547042388328
region_forest,PAN,2060,4164.250793388437
region_forest,SLE,2060,461.59165680805654
region_forest,LKA,2060,1264.1341144537405
region_forest,FSM,2060,0.0
region_forest,GUY,2060,13513.588314632
region_forest,LBR,2060,4460.981389295388
region_forest,PLW,2060,0.0
region_forest,MYS,2060,21451.3924646781
region_forest,MDV,2060,0.0
region_forest,SUR,2060,8438.192359747787
region_forest,IDN,2060,109005.36947369197
region_forest,COD,2060,130999.01305807795
region_forest,BRN,2060,277.2392393819397
region_forest,BRA,2060,417297.89078502223
region_forest,KEN,2060,1253.139245079954
region_forest,KIR,2060,0.0
region_forest,GNQ,2060,2337.294484978575
region_forest,UGA,2060,149.54930267405695
region_forest,COG,2060,14718.906727778784
region_forest,GAB,2060,19401.299906839282
region_forest,STP,2060,0.0
region_forest,ECU,2060,12933.818755084701
region_forest,SGP,2060,0.0
region_forest,PER,2060,65965.03122235555
region_forest,NRU,2060,0.0
region_forest,RWA,2060,179.06343858949174
region_forest,TZA,2060,12053.79774973722
region_forest,PNG,2060,35474.26145789049
region_forest,BDI,2060,61.37266325740746
region_forest,SYC,2060,0.0
region_forest,AGO,2060,24950.418678938324
region_forest,SLB,2060,325.04784408793995
region_forest,PYF,2060,0.0
region_forest,ZMB,2060,20907.16487413594
region_forest,TLS,2060,846.6353384742223
region_forest,TUV,2060,0.0
region_forest,MWI,2060,939.1764229015902
region_forest,BOL,2060,17576.45635672998
region_forest,MOZ,2060,7877.883200271313
region_forest,AUS,2060,11526.712891343308
region_forest,COM,2060,0.0
region_forest,MDG,2060,1815.8359690602758
region_forest,FJI,2060,670.3034120849254
region_forest,WSM,2060,82.51372570115333
region_forest,VUT,2060,175.40178979579642
region_forest,ASM,2060,0.0
region_forest,TON,2060,0.0
region_forest,ZWE,2060,410.2632520416241
region_forest,NAM,2060,0.0
region_forest,CHL,2060,8781.002662418234
region_forest,BWA,2060,0.0
region_forest,PRY,2060,6939.849442516243
region_forest,MUS,2060,0.0
region_forest,NCL,2060,439.1155968418276
region_forest,ARG,2060,7286.623353726827
region_forest,ZAF,2060,447.7398191093909
region_forest,SWZ,2060,0.31541735687832134
region_forest,LSO,2060,0.0
region_forest,NZL,2060,2850.708345822218
region_forest,URY,2060,139.75120449305132
region_forest,GRL,2070,0.0
region_forest,CAN,2070,527026.1613111496
region_forest,RUS,2070,853358.7264180025
region_forest,NOR,2070,24911.221391319123
region_forest,USA,2070,290258.143358936
region_forest,FIN,2070,10506.951762668476
region_forest,SWE,2070,22473.30653516225
region_forest,ISL,2070,5908.824274175888
region_forest,FRO,2070,23.177437315621102
region_forest,GBR,2070,4337.380540585753
region_forest,EST,2070,1752.800786422855
region_forest,DNK,2070,995.0707906150432
region_forest,LVA,2070,2367.427620457959
region_forest,LTU,2070,2574.834273401408
region_forest,BLR,2070,8034.225907439581
region_forest,IRL,2070,4660.265011865299
region_forest,KAZ,2070,2449.9148747701274
region_forest,DEU,2070,7239.972370334566
region_forest,POL,2070,2691.6434065470903
region_forest,NLD,2070,585.6442632485188
region_forest,CHN,2070,274928.63831204944
region_forest,UKR,2070,7392.685990095657
region_forest,MNG,2070,6050.841024214045
region_forest,FRA,2070,23389.39644611416
region_forest,BEL,2070,440.4700040549885
region_forest,CZE,2070,1898.4245178066801
region_forest,LUX,2070,20.12585175007753
region_forest,SVK,2070,1306.3081080437582
region_forest,AUT,2070,3368.191196890528
region_forest,HUN,2070,12.103174456964691
region_forest,ROU,2070,4566.345367197833
region_forest,MDA,2070,36.20487018772375
region_forest,CHE,2070,1446.6319654837334
region_forest,ITA,2070,4927.854590128616
region_forest,SVN,2070,591.279255054918
region_forest,HRV,2070,2511.081421574487
region_forest,SRB,2070,2651.6455537137917
region_forest,JPN,2070,25890.229933964707
region_forest,UZB,2070,72.78814017513767
region_forest,BIH,2070,1766.7158827107055
region_forest,ESP,2070,6839.895822369614
region_forest,BGR,2070,2396.9545378840808
region_forest,MNE,2070,520.8903134009608
region_forest,GEO,2070,1388.0884927012341
region_forest,XKX,2070,402.7394668105642
region_forest,KGZ,2070,3303.8742233936014
region_forest,PRK,2070,5813.4842287214715
region_forest,ALB,2070,1013.9586200217244
region_forest,MKD,2070,807.6136125328651
region_forest,TUR,2070,1874.9182256592344
region_forest,TKM,2070,0.0
region_forest,PRT,2070,2052.2110711823148
region_forest,AZE,2070,882.1732963304308
region_forest,GRC,2070,973.6514214728959
region_forest,ARM,2070,248.70598642594967
region_forest,TJK,2070,1560.475870154215
region_forest,IRN,2070,5303.286261767794
region_forest,AFG,2070,4251.574957102221
region_forest,KOR,2070,4474.196274867832
region_forest,DZA,2070,1859.4233103028664
region_forest,TUN,2070,259.6132513798203
region_forest,SYR,2070,394.2397541520146
region_forest,IRQ,2070,578.1027273349819
region_forest,PAK,2070,4259.315027198892
region_forest,MLT,2070,0.0
region_forest,MAR,2070,1369.906273742317
region_forest,CYP,2070,0.0
region_forest,IND,2070,16715.075196098933
region_forest,LBN,2070,272.59588228120606
region_forest,LBY,2070,77.24204224678834
region_forest,ISR,2070,407.1322185563187
region_forest,JOR,2070,264.11751757723727
region_forest,MEX,2070,25810.61450310253
region_forest,BMU,2070,0.0
region_forest,PSE,2070,342.4145579233832
region_forest,EGY,2070,0.0
region_forest,SAU,2070,0.0
region_forest,NPL,2070,5834.446013643371
region_forest,KWT,2070,0.0
region_forest,MMR,2070,40465.99588234019
region_forest,BTN,2070,1794.6382189169435
region_forest,BHS,2070,0.0
region_forest,ESH,2070,0.0
region_forest,MRT,2070,0.0
region_forest,BHR,2070,0.0
region_forest,QAT,2070,0.0
region_forest,OMN,2070,0.0
region_forest,ARE,2070,0.0
region_forest,BGD,2070,1262.331826179898
region_forest,TWN,2070,1844.5492067078326
region_forest,MLI,2070,0.0
region_forest,CUB,2070,1476.6714516249522
region_forest,NER,2070,0.0
region_forest,TCD,2070,35.30148144292342
region_forest,VNM,2070,15058.376091608177
region_forest,LAO,2070,20515.80488782046
region_forest,HKG,2070,0.0
region_forest,TCA,2070,0.0
region_forest,SDN,2070,24.637752999964512
region_forest,PHL,2070,9889.38397576375
region_forest,HTI,2070,172.0037473200585
region_forest,THA,2070,24849.47473751463
region_forest,CYM,2070,0.0
region_forest,DOM,2070,927.6306649932917
region_forest,JAM,2070,236.52509783700287
region_forest,PRI,2070,100.42995599619601
region_forest,VGB,2070,0.0
region_forest,YEM,2070,19.150899666337917
region_forest,MNP,2070,0.0
region_forest,BLZ,2070,1317.7237958471112
region_forest,VIR,2070,0.0
region_forest,GTM,2070,6339.096463783146
region_forest,ATG,2070,0.0
region_forest,ERI,2070,0.0
region_forest,KNA,2070,0.0
region_forest,CPV,2070,0.0
region_forest,HND,2070,6483.026800417613
region_forest,SEN,2070,283.2496787450773
region_forest,DMA,2070,0.0
region_forest,NIC,2070,5940.097501489265
region_forest,BFA,2070,0.0
region_forest,MHL,2070,0.0
region_forest,SLV,2070,879.4236111666783
region_forest,LCA,2070,0.0
region_forest,ETH,2070,7436.692218944967
region_forest,KHM,2070,12819.730637962643
region_forest,GMB,2070,91.27954841776365
region_forest,NGA,2070,1910.2383339856508
region_forest,GUM,2070,0.0
region_forest,COL,2070,53162.337916738106
region_forest,VCT,2070,0.0
region_forest,BRB,2070,0.0
region_forest,ABW,2070,0.0
region_forest,GRD,2070,0.0
region_forest,CMR,2070,21438.75149636098
region_forest,DJI,2070,0.0
region_forest,VEN,2070,29841.30465628655
region_forest,GNB,2070,689.0853444053918
region_forest,GIN,2070,298.84849432696166
region_forest,BEN,2070,911.218699153841
region_forest,SSD,2070,1110.5838047651887
region_forest,SOM,2070,0.0
region_forest,TTO,2070,183.4126111094326
region_forest,CRI,2070,2398.151111026591
region_forest,GHA,2070,1297.5879748778138
region_forest,TGO,2070,286.4255581122852
region_forest,CAF,2070,19296.1560452681
region_forest,CIV,2070,1423.3318169201727
region_forest,PAN,2070,4215.883128693673
region_forest,SLE,2070,386.1512329625204
region_forest,LKA,2070,1100.6044139578662
region_forest,FSM,2070,0.0
region_forest,GUY,2070,13532.304862644729
region_forest,LBR,2070,4340.636700771804
region_forest,PLW,2070,0.0
region_forest,MYS,2070,21415.812082264907
region_forest,MDV,2070,0.0
region_forest,SUR,2070,8437.370500221987
region_forest,IDN,2070,108776.86640721303
region_forest,COD,2070,129087.0409412151
region_forest,BRN,2070,276.2421023251557
region_forest,BRA,2070,448375.2944679139
region_forest,KEN,2070,1085.4769979560547
region_forest,KIR,2070,0.0
region_forest,GNQ,2070,2332.04416798179
region_forest,UGA,2070,81.22664738116048
region_forest,COG,2070,14516.017661026239
region_forest,GAB,2070,19249.994511627767
region_forest,STP,2070,0.0
region_forest,ECU,2070,12973.153702419895
region_forest,SGP,2070,0.0
region_forest,PER,2070,65472.33064069779
region_forest,NRU,2070,0.0
region_forest,RWA,2070,158.3003042133692
region_forest,TZA,2070,11056.594195689227
region_forest,PNG,2070,34957.680882744964
region_forest,BDI,2070,20.382809872998724
region_forest,SYC,2070,0.0
region_forest,AGO,2070,23830.37048303748
region_forest,SLB,2070,324.5060435392292
region_forest,PYF,2070,0.0
region_forest,ZMB,2070,19872.02553881434
region_forest,TLS,2070,834.3217055104795
region_forest,TUV,2070,0.0
region_forest,MWI,2070,870.6753493138073
region_forest,BOL,2070,17658.43562751401
region_forest,MOZ,2070,7013.088218067774
region_forest,AUS,2070,8013.3025256099845
region_forest,COM,2070,0.0
region_forest,MDG,2070,1635.5591467293145
region_forest,FJI,2070,681.566869862727
region_forest,WSM,2070,82.1189870928104
region_forest,VUT,2070,174.83839764789258
region_forest,ASM,2070,0.0
region_forest,TON,2070,0.0
region_forest,ZWE,2070,321.44478064956337
region_forest,NAM,2070,0.0
region_forest,CHL,2070,8825.221639739966
region_forest,BWA,2070,0.0
region_forest,PRY,2070,7143.938056925213
region_forest,MUS,2070,0.0
region_forest,NCL,2070,447.48167933201455
region_forest,ARG,2070,7373.084762600961
region_forest,ZAF,2070,333.7297481883004
region_forest,SWZ,2070,0.5856562856573457
region_forest,LSO,2070,0.0
region_forest,NZL,2070,2613.606372244038
region_forest,URY,2070,203.65849898913956
region_forest,GRL,2080,0.0
region_forest,CAN,2080,526552.683933691
region_forest,RUS,2080,853057.9769350374
region_forest,NOR,2080,24886.254545239284
region_forest,USA,2080,282311.44612591376
region_forest,FIN,2080,10508.136416181722
region_forest,SWE,2080,22467.935736162766
region_forest,ISL,2080,5980.436685424273
region_forest,FRO,2080,23.177875426309463
region_forest,GBR,2080,4270.251146010901
region_forest,EST,2080,1766.8999575270848
region_forest,DNK,2080,1012.0598856793587
region_forest,LVA,2080,2394.7904688283925
region_forest,LTU,2080,2656.9256017930443
region_forest,BLR,2080,7735.498925751559
region_forest,IRL,2080,4832.58111839211
region_forest,KAZ,2080,2488.1648480186805
region_forest,DEU,2080,7037.790194688856
region_forest,POL,2080,2656.559741643597
region_forest,NLD,2080,476.68242396923927
region_forest,CHN,2080,281904.2656969633
region_forest,UKR,2080,7355.930425970261
region_forest,MNG,2080,5876.477227623802
region_forest,FRA,2080,22701.4439148744
region_forest,BEL,2080,410.5194101801498
region_forest,CZE,2080,1891.5341432647067
region_forest,LUX,2080,1.3855393950212846e-15
region_forest,SVK,2080,1298.5630040716242
region_forest,AUT,2080,3348.4412757986947
region_forest,HUN,2080,12.860995573418293
region_forest,ROU,2080,4601.10184108481
region_forest,MDA,2080,34.81974305118255
region_forest,CHE,2080,1444.6166424823216
region_forest,ITA,2080,4890.694045462476
region_forest,SVN,2080,587.4055596868687
region_forest,HRV,2080,2481.65792676547
region_forest,SRB,2080,2617.924046141171
region_forest,JPN,2080,25467.255093414708
region_forest,UZB,2080,76.62010111027509
region_forest,BIH,2080,1786.5364235597553
region_forest,ESP,2080,6915.387565921572
region_forest,BGR,2080,2404.539752970012
region_forest,MNE,2080,525.606480197064
region_forest,GEO,2080,1340.332320457315
region_forest,XKX,2080,297.05117306710827
region_forest,KGZ,2080,3380.3790369833227
region_forest,PRK,2080,5801.646338271414
region_forest,ALB,2080,1007.6231510281838
region_forest,MKD,2080,817.264943996589
region_forest,TUR,2080,1887.5424847619602
region_forest,TKM,2080,0.0
region_forest,PRT,2080,2069.7279315292935
region_forest,AZE,2080,889.373217864717
region_forest,GRC,2080,1004.372151625264
region_forest,ARM,2080,250.8162197738286
region_forest,TJK,2080,1578.1721946728503
region_forest,IRN,2080,5427.430601788715
region_forest,AFG,2080,4907.369289201091
region_forest,KOR,2080,4329.77489626274
region_forest,DZA,2080,2269.691168174919
region_forest,TUN,2080,267.02428825691516
region_forest,SYR,2080,424.77818876102407
region_forest,IRQ,2080,588.6004683080082
region_forest,PAK,2080,4426.142089121686
region_forest,MLT,2080,0.0
region_forest,MAR,2080,1676.259500244198
region_forest,CYP,2080,0.0
region_forest,IND,2080,16445.449595218728
region_forest,LBN,2080,276.4370387335099
region_forest,LBY,2080,141.93109375851293
region_forest,ISR,2080,411.5580662554253
region_forest,JOR,2080,263.45188170298246
region_forest,MEX,2080,25731.6686448404
region_forest,BMU,2080,0.0
region_forest,PSE,2080,341.94277443239537
region_forest,EGY,2080,0.0
region_forest,SAU,2080,0.0
region_forest,NPL,2080,5822.615228911707
region_forest,KWT,2080,0.0
region_forest,MMR,2080,39961.62800550023
region_forest,BTN,2080,1806.578098955528
region_forest,BHS,2080,0.0
region_forest,ESH,2080,0.0
region_forest,MRT,2080,0.0
region_forest,BHR,2080,0.0
region_forest,QAT,2080,0.0
region_forest,OMN,2080,0.0
region_forest,ARE,2080,0.0
region_forest,BGD,2080,1174.362565935904
region_forest,TWN,2080,1737.966930883609
region_forest,MLI,2080,0.0
region_forest,CUB,2080,1511.4455288406589
region_forest,NER,2080,0.0
region_forest,TCD,2080,24.59771525188812
region_forest,VNM,2080,14936.89200284197
region_forest,LAO,2080,20447.484392114617
region_forest,HKG,2080,0.0
region_forest,TCA,2080,0.0
region_forest,SDN,2080,6.410866088134638
region_forest,PHL,2080,9774.766612773892
region_forest,HTI,2080,173.89585361156492
region_forest,THA,2080,24676.755619285235
region_forest,CYM,2080,0.0
region_forest,DOM,2080,937.3055287197542
region_forest,JAM,2080,234.3512148611606
region_forest,PRI,2080,100.42085933659123
region_forest,VGB,2080,0.0
region_forest,YEM,2080,20.455722894329142
region_forest,MNP,2080,0.0
region_forest,BLZ,2080,1315.7119959022814
region_forest,VIR,2080,0.0
region_forest,GTM,2080,6359.8810313125905
region_forest,ATG,2080,0.0
region_forest,ERI,2080,0.0
region_forest,KNA,2080,0.0
region_forest,CPV,2080,0.0
region_forest,HND,2080,6494.7475494721175
region_forest,SEN,2080,251.97935624653235
region_forest,DMA,2080,0.0
region_forest,NIC,2080,5997.2876016323735
region_forest,BFA,2080,0.0
region_forest,MHL,2080,0.0
region_forest,SLV,2080,878.559491554639
region_forest,LCA,2080,0.0
region_forest,ETH,2080,6786.002690893403
region_forest,KHM,2080,12728.525468450585
region_forest,GMB,2080,84.14270389134869
region_forest,NGA,2080,1817.8025410875448
region_forest,GUM,2080,0.0
region_forest,COL,2080,53146.422520113876
region_forest,VCT,2080,0.0
region_forest,BRB,2080,0.0
region_forest,ABW,2080,0.0
region_forest,GRD,2080,0.0
region_forest,CMR,2080,21395.342575723284
region_forest,DJI,2080,0.0
region_forest,VEN,2080,29799.22321929215
region_forest,GNB,2080,683.2840140713472
region_forest,GIN,2080,246.84326952607321
region_forest,BEN,2080,879.2372952762303
region_forest,SSD,2080,982.0706015549351
region_forest,SOM,2080,0.0
region_forest,TTO,2080,173.6971755268113
region_forest,CRI,2080,2416.4107846063403
region_forest,GHA,2080,1104.4609019211828
region_forest,TGO,2080,260.5495527668513
region_forest,CAF,2080,19194.104770515703
region_forest,CIV,2080,1252.409821427121
region_forest,PAN,2080,4248.256320457729
region_forest,SLE,2080,343.1826590342032
region_forest,LKA,2080,1022.0317998763103
region_forest,FSM,2080,0.0
region_forest,GUY,2080,13552.459078539985
region_forest,LBR,2080,4229.704117629863
region_forest,PLW,2080,0.0
region_forest,MYS,2080,21354.68468567569
region_forest,MDV,2080,0.0
region_forest,SUR,2080,8437.27317757834
region_forest,IDN,2080,107956.29482031523
region_forest,COD,2080,127409.85284545735
region_forest,BRN,2080,275.355192703825
region_forest,BRA,2080,477154.9228386715
region_forest,KEN,2080,997.2393129523442
region_forest,KIR,2080,0.0
region_forest,GNQ,2080,2326.8509333338525
region_forest,UGA,2080,82.33791345539213
region_forest,COG,2080,14339.588810009798
region_forest,GAB,2080,19112.97893706506
region_forest,STP,2080,0.0
region_forest,ECU,2080,12998.002927368898
region_forest,SGP,2080,0.0
region_forest,PER,2080,64971.69971688045
region_forest,NRU,2080,0.0
region_forest,RWA,2080,138.5102008031916
region_forest,TZA,2080,10247.20360509201
region_forest,PNG,2080,34948.90429312683
region_forest,BDI,2080,10.728796765261988
region_forest,SYC,2080,0.0
region_forest,AGO,2080,22894.44510935557
region_forest,SLB,2080,324.03061278237436
region_forest,PYF,2080,0.0
region_forest,ZMB,2080,19045.582042436425
region_forest,TLS,2080,817.7015733352293
region_forest,TUV,2080,0.0
region_forest,MWI,2080,778.382147695808
region_forest,BOL,2080,17697.547183121005
region_forest,MOZ,2080,6364.675591660337
region_forest,AUS,2080,6522.204502518974
region_forest,COM,2080,0.0
region_forest,MDG,2080,1476.2398628509904
region_forest,FJI,2080,688.6753137305502
region_forest,WSM,2080,81.6828190017543
region_forest,VUT,2080,174.2841222803772
region_forest,ASM,2080,0.0
region_forest,TON,2080,0.0
region_forest,ZWE,2080,262.2457470971714
region_forest,NAM,2080,0.0
region_forest,CHL,2080,8845.154960371157
region_forest,BWA,2080,0.0
region_forest,PRY,2080,7274.584245125181
region_forest,MUS,2080,0.0
region_forest,NCL,2080,453.34765532072345
region_forest,ARG,2080,7423.758611933723
region_forest,ZAF,2080,268.7915731411224
region_forest,SWZ,2080,0.004711858455834809
region_forest,LSO,2080,0.0
region_forest,NZL,2080,2621.114370563684
region_forest,URY,2080,265.8147228664543
region_forest,GRL,2090,0.0
region_forest,CAN,2090,526191.7666914323
region_forest,RUS,2090,851874.821566921
region_forest,NOR,2090,24864.8595717875
region_forest,USA,2090,278492.5627537684
region_forest,FIN,2090,10509.720720281563
region_forest,SWE,2090,22485.7358495676
region_forest,ISL,2090,5993.275221586559
region_forest,FRO,2090,23.178313536997823
region_forest,GBR,2090,4266.795718997866
region_forest,EST,2090,1786.6693872148653
region_forest,DNK,2090,1043.9505449417807
region_forest,LVA,2090,2425.8409796726164
region_forest,LTU,2090,2745.6831475421695
region_forest,BLR,2090,7527.562663769351
region_forest,IRL,2090,4978.251503237566
region_forest,KAZ,2090,2486.581755074497
region_forest,DEU,2090,6939.690798866684
region_forest,POL,2090,2638.010142868048
region_forest,NLD,2090,441.80479365722
region_forest,CHN,2090,270686.44243928447
region_forest,UKR,2090,7299.860388691277
region_forest,MNG,2090,5784.104344176621
region_forest,FRA,2090,22200.794121434123
region_forest,BEL,2090,406.297887412786
region_forest,CZE,2090,1879.7300039396944
region_forest,LUX,2090,0.0
region_forest,SVK,2090,1286.9701644902143
region_forest,AUT,2090,3338.134210500076
region_forest,HUN,2090,13.218409875408469
region_forest,ROU,2090,4572.397771019843
region_forest,MDA,2090,33.021221192838276
region_forest,CHE,2090,1405.5287671499104
region_forest,ITA,2090,4841.851144779017
region_forest,SVN,2090,584.1070944112944
region_forest,HRV,2090,2445.7590278387424
region_forest,SRB,2090,2559.9699153464626
region_forest,JPN,2090,24911.681229917896
region_forest,UZB,2090,76.26751409638926
region_forest,BIH,2090,1787.6193203613657
region_forest,ESP,2090,6982.718205475051
region_forest,BGR,2090,2401.21813322758
region_forest,MNE,2090,526.141585114511
region_forest,GEO,2090,1328.7280025175453
region_forest,XKX,2090,222.6578034684091
region_forest,KGZ,2090,3376.8028641573637
region_forest,PRK,2090,5777.815471930922
region_forest,ALB,2090,991.4055899844786
region_forest,MKD,2090,813.5080635520794
region_forest,TUR,2090,1880.5042421536693
region_forest,TKM,2090,0.0
region_forest,PRT,2090,2084.1428814148644
region_forest,AZE,2090,885.2478745865295
region_forest,GRC,2090,1031.9322837423092
region_forest,ARM,2090,249.05803619362368
region_forest,TJK,2090,1577.357312169907
region_forest,IRN,2090,5175.996917277235
region_forest,AFG,2090,5334.076529305974
region_forest,KOR,2090,4109.998229002167
region_forest,DZA,2090,2522.0832213628228
region_forest,TUN,2090,271.59658673543026
region_forest,SYR,2090,409.6182344783795
region_forest,IRQ,2090,549.8584491097978
region_forest,PAK,2090,4407.751258993911
region_forest,MLT,2090,0.0
region_forest,MAR,2090,1975.0119324494644
region_forest,CYP,2090,0.0
region_forest,IND,2090,16300.537461021186
region_forest,LBN,2090,251.99569238239326
region_forest,LBY,2090,203.29943535785196
region_forest,ISR,2090,416.6351514153096
region_forest,JOR,2090,265.40566105717784
region_forest,MEX,2090,25613.87112567726
region_forest,BMU,2090,0.0
region_forest,PSE,2090,345.7623546578533
region_forest,EGY,2090,0.0
region_forest,SAU,2090,0.0
region_forest,NPL,2090,5791.651437330414
region_forest,KWT,2090,0.0
region_forest,MMR,2090,39633.646406918415
region_forest,BTN,2090,1827.0771896807673
region_forest,BHS,2090,0.0
region_forest,ESH,2090,0.0
region_forest,MRT,2090,0.0
region_forest,BHR,2090,0.0
region_forest,QAT,2090,0.0
region_forest,OMN,2090,0.0
region_forest,ARE,2090,0.0
region_forest,BGD,2090,1150.0926806761559
region_forest,TWN,2090,1655.5800239965383
region_forest,MLI,2090,2.075814896103366
region_forest,CUB,2090,1562.1772858506447
region_forest,NER,2090,0.0
region_forest,TCD,2090,24.534604846168506
region_forest,VNM,2090,14556.704329964574
region_forest,LAO,2090,20396.51951792254
region_forest,HKG,2090,0.0
region_forest,TCA,2090,0.0
region_forest,SDN,2090,6.920852139003857
region_forest,PHL,2090,9685.23989856584
region_forest,HTI,2090,174.15450254653751
region_forest,THA,2090,24467.55542907286
region_forest,CYM,2090,0.0
region_forest,DOM,2090,933.3846018064282
region_forest,JAM,2090,227.51664084322914
region_forest,PRI,2090,98.77612205252902
region_forest,VGB,2090,0.0
region_forest,YEM,2090,0.0
region_forest,MNP,2090,0.0
region_forest,BLZ,2090,1314.1427484874075
region_forest,VIR,2090,0.0
region_forest,GTM,2090,6329.4834558362845
region_forest,ATG,2090,0.0
region_forest,ERI,2090,0.0
region_forest,KNA,2090,0.0
region_forest,CPV,2090,0.0
region_forest,HND,2090,6481.374566882282
region_forest,SEN,2090,252.98223913005006
region_forest,DMA,2090,0.0
region_forest,NIC,2090,6094.675054177462
region_forest,BFA,2090,0.0
region_forest,MHL,2090,0.0
region_forest,SLV,2090,865.3448927357728
region_forest,LCA,2090,0.0
region_forest,ETH,2090,6742.319293636803
region_forest,KHM,2090,12665.360408984658
region_forest,GMB,2090,84.79417295434295
region_forest,NGA,2090,1873.7458993785992
region_forest,GUM,2090,0.0
region_forest,COL,2090,53231.492446965254
region_forest,VCT,2090,0.0
region_forest,BRB,2090,0.0
region_forest,ABW,2090,0.0
region_forest,GRD,2090,0.0
region_forest,CMR,2090,21408.696276591392
region_forest,DJI,2090,0.0
region_forest,VEN,2090,29729.0627125236
region_forest,GNB,2090,684.3085404903944
region_forest,GIN,2090,266.35809006650106
region_forest,BEN,2090,902.0387040986324
region_forest,SSD,2090,982.063655971272
region_forest,SOM,2090,0.0
region_forest,TTO,2090,157.6113223616294
region_forest,CRI,2090,2448.3004928470627
region_forest,GHA,2090,1156.7739887832129
region_forest,TGO,2090,290.4096044328027
region_forest,CAF,2090,19191.89672856786
region_forest,CIV,2090,1376.9261513319716
region_forest,PAN,2090,4293.714881427284
region_forest,SLE,2090,342.72372727178185
region_forest,LKA,2090,981.7965660373737
region_forest,FSM,2090,0.0
region_forest,GUY,2090,13570.73013799364
region_forest,LBR,2090,4216.244724679197
region_forest,PLW,2090,0.0
region_forest,MYS,2090,21285.704160319678
region_forest,MDV,2090,0.0
region_forest,SUR,2090,8436.308301990406
region_forest,IDN,2090,107053.55966713547
region_forest,COD,2090,127390.53855797791
region_forest,BRN,2090,273.77550568827763
region_forest,BRA,2090,511542.20566056547
region_forest,KEN,2090,1019.5499755872728
region_forest,KIR,2090,0.0
region_forest,GNQ,2090,2324.902188041863
region_forest,UGA,2090,85.04629560634598
region_forest,COG,2090,14339.506580041796
region_forest,GAB,2090,19110.601307574692
region_forest,STP,2090,0.0
region_forest,ECU,2090,12959.749703822012
region_forest,SGP,2090,0.0
region_forest,PER,2090,64425.149388355814
region_forest,NRU,2090,0.0
region_forest,RWA,2090,132.83027694975385
region_forest,TZA,2090,10256.321521918828
region_forest,PNG,2090,34936.342666754696
region_forest,BDI,2090,5.4237920754735605
region_forest,SYC,2090,0.0
region_forest,AGO,2090,22901.191691376276
region_forest,SLB,2090,323.5957335790592
region_forest,PYF,2090,0.0
region_forest,ZMB,2090,19050.83428055867
region_forest,TLS,2090,806.1214388615031
region_forest,TUV,2090,0.0
region_forest,MWI,2090,778.0372654771709
region_forest,BOL,2090,17766.721965242454
region_forest,MOZ,2090,6417.653136676238
region_forest,AUS,2090,6306.505248414043
region_forest,COM,2090,0.0
region_forest,MDG,2090,1477.068733110426
region_forest,FJI,2090,693.8327115627275
region_forest,WSM,2090,81.30218842498957
region_forest,VUT,2090,173.8469077947697
region_forest,ASM,2090,0.0
region_forest,TON,2090,0.0
region_forest,ZWE,2090,264.8002337808837
region_forest,NAM,2090,0.0
region_forest,CHL,2090,8880.87812859582
region_forest,BWA,2090,0.0
region_forest,PRY,2090,7468.451870504163
region_forest,MUS,2090,0.0
region_forest,NCL,2090,457.72779811724195
region_forest,ARG,2090,7506.9507446264015
region_forest,ZAF,2090,261.1397605049694
region_forest,SWZ,2090,0.0
region_forest,LSO,2090,0.0
region_forest,NZL,2090,2619.2364725790194
region_forest,URY,2090,343.4553407939112
region_forest,GRL,2100,0.0
region_forest,CAN,2100,525801.0413807828
region_forest,RUS,2100,852004.8406706236
region_forest,NOR,2100,24830.71854271249
region_forest,USA,2100,278415.2470317479
region_forest,FIN,2100,10503.001152956385
region_forest,SWE,2100,22519.53601184646
region_forest,ISL,2100,5961.32894315637
region_forest,FRO,2100,23.178459573893942
region_forest,GBR,2100,4309.952410577827
region_forest,EST,2100,1801.4145801547024
region_forest,DNK,2100,1095.4965139067394
region_forest,LVA,2100,2448.316847819252
region_forest,LTU,2100,2810.8651172647888
region_forest,BLR,2100,7488.232123013142
region_forest,IRL,2100,5088.63929941627
region_forest,KAZ,2100,2510.9102902470195
region_forest,DEU,2100,6849.948473880492
region_forest,POL,2100,2642.197708849925
region_forest,NLD,2100,438.49979165076985
region_forest,CHN,2100,241205.05714027467
region_forest,UKR,2100,7284.891621651972
region_forest,MNG,2100,5844.638677109665
region_forest,FRA,2100,21904.44178615658
region_forest,BEL,2100,407.9813660059906
region_forest,CZE,2100,1861.6012374985978
region_forest,LUX,2100,0.0
region_forest,SVK,2100,1270.824415403177
region_forest,AUT,2100,3323.5523523578327
region_forest,HUN,2100,13.155637602555878
region_forest,ROU,2100,4456.45143276312
region_forest,MDA,2100,31.32348909750782
region_forest,CHE,2100,1332.3961872462014
region_forest,ITA,2100,4761.084970942408
region_forest,SVN,2100,578.87719469944
region_forest,HRV,2100,2400.6568669565395
region_forest,SRB,2100,2476.3201551418874
region_forest,JPN,2100,24464.740484926377
region_forest,UZB,2100,81.29276166303887
region_forest,BIH,2100,1766.7440724571268
region_forest,ESP,2100,7035.759181176638
region_forest,BGR,2100,2381.1596328060723
region_forest,MNE,2100,520.4420120606193
region_forest,GEO,2100,1340.3912054120397
region_forest,XKX,2100,159.05302861277707
region_forest,KGZ,2100,3449.3836175079273
region_forest,PRK,2100,5742.289212032395
region_forest,ALB,2100,961.3066080990387
region_forest,MKD,2100,797.7629684382048
region_forest,TUR,2100,1892.838222981345
region_forest,TKM,2100,0.0
region_forest,PRT,2100,2085.493025050062
region_forest,AZE,2100,881.7323551823542
region_forest,GRC,2100,1057.854772223314
region_forest,ARM,2100,251.80148746300512
region_forest,TJK,2100,1588.2303461204958
region_forest,IRN,2100,4240.555927973902
region_forest,AFG,2100,5474.072197745887
region_forest,KOR,2100,3993.0977199985355
region_forest,DZA,2100,2734.1275940124347
region_forest,TUN,2100,287.07607055733354
region_forest,SYR,2100,360.2235583961378
region_forest,IRQ,2100,423.3487662046696
region_forest,PAK,2100,4475.474777462255
region_forest,MLT,2100,0.0
region_forest,MAR,2100,2093.7461255228955
region_forest,CYP,2100,0.0
region_forest,IND,2100,16262.73954835518
region_forest,LBN,2100,176.45852865771187
region_forest,LBY,2100,241.63261127510864
region_forest,ISR,2100,405.40485306291424
region_forest,JOR,2100,263.239119538198
region_forest,MEX,2100,25524.929084224437
region_forest,BMU,2100,0.0
region_forest,PSE,2100,335.4221131613032
region_forest,EGY,2100,0.0
region_forest,SAU,2100,0.0
region_forest,NPL,2100,5769.032139704698
region_forest,KWT,2100,0.0
region_forest,MMR,2100,39547.97843404673
region_forest,BTN,2100,1833.4810991314582
region_forest,BHS,2100,0.0
region_forest,ESH,2100,0.0
region_forest,MRT,2100,0.0
region_forest,BHR,2100,0.0
region_forest,QAT,2100,0.0
region_forest,OMN,2100,0.0
region_forest,ARE,2100,0.0
region_forest,BGD,2100,1147.0675575529742
region_forest,TWN,2100,1633.86911424772
region_forest,MLI,2100,20.60057228079317
region_forest,CUB,2100,1605.1386291704748
region_forest,NER,2100,0.0
region_forest,TCD,2100,28.75673479330003
region_forest,VNM,2100,14069.033613063059
region_forest,LAO,2100,20392.150331557477
region_forest,HKG,2100,0.0
region_forest,TCA,2100,0.0
region_forest,SDN,2100,14.761930437505223
region_forest,PHL,2100,9610.253407996863
region_forest,HTI,2100,172.68382786694005
region_forest,THA,2100,24271.897518943813
region_forest,CYM,2100,0.0
region_forest,DOM,2100,934.1747801456969
region_forest,JAM,2100,220.77127531694117
region_forest,PRI,2100,100.88897868792647
region_forest,VGB,2100,0.0
region_forest,YEM,2100,0.0
region_forest,MNP,2100,0.0
region_forest,BLZ,2100,1312.703124472951
region_forest,VIR,2100,0.0
region_forest,GTM,2100,6332.4777582268125
region_forest,ATG,2100,0.0
region_forest,ERI,2100,0.0
region_forest,KNA,2100,0.0
region_forest,CPV,2100,0.0
region_forest,HND,2100,6479.186284809475
region_forest,SEN,2100,285.01332310663224
region_forest,DMA,2100,0.0
region_forest,NIC,2100,6210.5617521915765
region_forest,BFA,2100,0.0
region_forest,MHL,2100,0.0
region_forest,SLV,2100,844.1494813574166
region_forest,LCA,2100,0.0
region_forest,ETH,2100,6853.656151365187
region_forest,KHM,2100,12672.089064644442
region_forest,GMB,2100,88.09867355246601
region_forest,NGA,2100,1962.6118282585246
region_forest,GUM,2100,0.0
region_forest,COL,2100,53512.9943205462
region_forest,VCT,2100,0.0
region_forest,BRB,2100,0.0
region_forest,ABW,2100,0.0
region_forest,GRD,2100,0.0
region_forest,CMR,2100,21434.257680598235
region_forest,DJI,2100,0.0
region_forest,VEN,2100,29705.330287626915
region_forest,GNB,2100,688.0316953153007
region_forest,GIN,2100,403.4852227482146
region_forest,BEN,2100,970.2784775378477
region_forest,SSD,2100,1033.584237453132
region_forest,SOM,2100,0.0
region_forest,TTO,2100,145.02619083212585
region_forest,CRI,2100,2485.833313500685
region_forest,GHA,2100,1346.3569744852102
region_forest,TGO,2100,341.890086850679
region_forest,CAF,2100,19232.18679214375
region_forest,CIV,2100,2032.6828920789358
region_forest,PAN,2100,4351.824193222964
region_forest,SLE,2100,392.0633910156357
region_forest,LKA,2100,972.6061621664553
region_forest,FSM,2100,0.0
region_forest,GUY,2100,13587.450452799614
region_forest,LBR,2100,4239.726192577023
region_forest,PLW,2100,0.0
region_forest,MYS,2100,21148.814779234322
region_forest,MDV,2100,0.0
region_forest,SUR,2100,8436.2657619124
region_forest,IDN,2100,106356.60844182408
region_forest,COD,2100,128035.6462514523
region_forest,BRN,2100,272.4109044937006
region_forest,BRA,2100,537330.8698306445
region_forest,KEN,2100,1077.5025518343518
region_forest,KIR,2100,0.0
region_forest,GNQ,2100,2323.6391824111934
region_forest,UGA,2100,92.8327290147952
region_forest,COG,2100,14515.657269869445
region_forest,GAB,2100,19161.251297084935
region_forest,STP,2100,0.0
region_forest,ECU,2100,12932.320623362506
region_forest,SGP,2100,0.0
region_forest,PER,2100,63915.94385463148
region_forest,NRU,2100,0.0
region_forest,RWA,2100,128.67540890070782
region_forest,TZA,2100,10708.100751017942
region_forest,PNG,2100,34926.950827966975
region_forest,BDI,2100,25.75781131341656
region_forest,SYC,2100,0.0
region_forest,AGO,2100,23483.27952834164
region_forest,SLB,2100,323.4169969247166
region_forest,PYF,2100,0.0
region_forest,ZMB,2100,19701.470000124515
region_forest,TLS,2100,803.8953203723455
region_forest,TUV,2100,0.0
region_forest,MWI,2100,769.915944535911
region_forest,BOL,2100,17888.972107356298
region_forest,MOZ,2100,7101.12630148948
region_forest,AUS,2100,6242.804102347234
region_forest,COM,2100,0.0
region_forest,MDG,2100,1657.9930155750883
region_forest,FJI,2100,696.492943445515
region_forest,WSM,2100,81.32619981164518
region_forest,VUT,2100,173.9663500579096
region_forest,ASM,2100,0.0
region_forest,TON,2100,0.0
region_forest,ZWE,2100,380.6376542453313
region_forest,NAM,2100,0.0
region_forest,CHL,2100,8914.17898266206
region_forest,BWA,2100,0.0
region_forest,PRY,2100,7719.561621481357
region_forest,MUS,2100,0.0
region_forest,NCL,2100,458.99067412058355
region_forest,ARG,2100,7620.12015192323
region_forest,ZAF,2100,362.37265791745466
region_forest,SWZ,2100,3.785285259190242
region_forest,LSO,2100,0.0
region_forest,NZL,2100,2611.246644574766
region_forest,URY,2100,407.9317414544026
basin_agri,GRL,2005,0.0
basin_agri,CAN,2005,45051.35010232632
basin_agri,RUS,2005,109352.45164789914
basin_agri,NOR,2005,776.7891825384218
basin_agri,USA,2005,152572.69626569015
basin_agri,FIN,2005,1927.5214887807213
basin_agri,SWE,2005,2174.120800814441
basin_agri,ISL,2005,0.0
basin_agri,FRO,2005,0.0
basin_agri,GBR,2005,5535.9036706119
basin_agri,EST,2005,555.6119108750713
basin_agri,DNK,2005,1956.8539531371362
basin_agri,LVA,2005,820.9535087594272
basin_agri,LTU,2005,2108.722215342107
basin_agri,BLR,2005,5477.570794340203
basin_agri,IRL,2005,1153.9805858561308
basin_agri,KAZ,2005,18965.322681707934
basin_agri,DEU,2005,11296.832543209806
basin_agri,POL,2005,10409.108369927239
basin_agri,NLD,2005,717.8835650390249
basin_agri,CHN,2005,106419.19526982683
basin_agri,UKR,2005,29432.155175013337
basin_agri,MNG,2005,282.3716926803979
basin_agri,FRA,2005,17576.442845959693
basin_agri,BEL,2005,806.995405696839
basin_agri,CZE,2005,3130.877753433879
basin_agri,LUX,2005,49.82466941318397
basin_agri,SVK,2005,1400.234510302784
basin_agri,AUT,2005,1529.4546557613726
basin_agri,HUN,2005,4695.360604116168
basin_agri,ROU,2005,8933.791137236172
basin_agri,MDA,2005,2166.5664738384053
basin_agri,CHE,2005,309.48373809776234
basin_agri,ITA,2005,9441.57743647237
basin_agri,SVN,2005,178.4024427932284
basin_agri,HRV,2005,1165.3196434725517
basin_agri,SRB,2005,3251.078982833457
basin_agri,JPN,2005,3985.140736391435
basin_agri,UZB,2005,4389.868162408105
basin_agri,BIH,2005,674.608062684991
basin_agri,ESP,2005,12488.113421864578
basin_agri,BGR,2005,2972.6204920897335
basin_agri,MNE,2005,631.4185293684411
basin_agri,GEO,2005,490.93303528803824
basin_agri,XKX,2005,105.25851104648132
basin_agri,KGZ,2005,1454.0761001085295
basin_agri,PRK,2005,41.84764126193445
basin_agri,ALB,2005,407.87290455964165
basin_agri,MKD,2005,362.838357799124
basin_agri,TUR,2005,18925.335605307882
basin_agri,TKM,2005,2171.823551682808
basin_agri,PRT,2005,1530.5834579221373
basin_agri,AZE,2005,1895.7998350424746
basin_agri,GRC,2005,3078.1641306182796
basin_agri,ARM,2005,256.3541043859469
basin_agri,TJK,2005,883.9719718862247
basin_agri,IRN,2005,16572.096388156446
basin_agri,AFG,2005,3576.600215506362
basin_agri,KOR,2005,1585.4682604455907
basin_agri,DZA,2005,4917.852000624311
basin_agri,TUN,2005,3977.048542851413
basin_agri,SYR,2005,193.84756585426638
basin_agri,IRQ,2005,1495.3739127789518
basin_agri,PAK,2005,11744.147734508146
basin_agri,MLT,2005,0.0
basin_agri,MAR,2005,7338.326723955899
basin_agri,CYP,2005,0.0
basin_agri,IND,2005,139345.6071332463
basin_agri,LBN,2005,216.9167432619185
basin_agri,LBY,2005,1679.0811289998735
basin_agri,ISR,2005,301.09298569009144
basin_agri,JOR,2005,196.04518498874836
basin_agri,MEX,2005,16649.89402854036
basin_agri,BMU,2005,0.0
basin_agri,PSE,2005,9.832520414871839
basin_agri,EGY,2005,3083.258793814264
basin_agri,SAU,2005,1375.4644416416484
basin_agri,NPL,2005,2161.8564672438115
basin_agri,KWT,2005,7.31089606900325
basin_agri,MMR,2005,10415.236801819405
basin_agri,BTN,2005,0.0
basin_agri,BHS,2005,0.0
basin_agri,ESH,2005,0.0
basin_agri,MRT,2005,330.9520905118897
basin_agri,BHR,2005,0.0
basin_agri,QAT,2005,0.0
basin_agri,OMN,2005,49.24904959696741
basin_agri,ARE,2005,239.28563425652115
basin_agri,BGD,2005,5278.007587278343
basin_agri,TWN,2005,413.99674576761754
basin_agri,MLI,2005,5033.767105456672
basin_agri,CUB,2005,0.0
basin_agri,NER,2005,11394.68378059016
basin_agri,TCD,2005,3732.4739646895237
basin_agri,VNM,2005,8259.276843538835
basin_agri,LAO,2005,1062.1139725649648
basin_agri,HKG,2005,0.0
basin_agri,TCA,2005,0.0
basin_agri,SDN,2005,22767.692211774436
basin_agri,PHL,2005,8246.263829584506
basin_agri,HTI,2005,814.2905813492692
basin_agri,THA,2005,21184.534058752208
basin_agri,CYM,2005,0.0
basin_agri,DOM,2005,1036.6734941782618
basin_agri,JAM,2005,197.5330792784937
basin_agri,PRI,2005,0.0
basin_agri,VGB,2005,0.0
basin_agri,YEM,2005,26.345667781226084
basin_agri,MNP,2005,0.0
basin_agri,BLZ,2005,62.44908898483948
basin_agri,VIR,2005,0.0
basin_agri,GTM,2005,1634.406767895197
basin_agri,ATG,2005,0.0
basin_agri,ERI,2005,67.67724468119118
basin_agri,KNA,2005,0.0
basin_agri,CPV,2005,0.0
basin_agri,HND,2005,1194.4095198260252
basin_agri,SEN,2005,1969.373719553121
basin_agri,DMA,2005,0.0
basin_agri,NIC,2005,894.880004376399
basin_agri,BFA,2005,4180.160074568941
basin_agri,MHL,2005,0.0
basin_agri,SLV,2005,737.981762394352
basin_agri,LCA,2005,0.0
basin_agri,ETH,2005,12868.99349831495
basin_agri,KHM,2005,3882.334072079917
basin_agri,GMB,2005,150.06652015658216
basin_agri,NGA,2005,39652.81117862277
basin_agri,GUM,2005,0.0
basin_agri,COL,2005,3225.881176598999
basin_agri,VCT,2005,0.0
basin_agri,BRB,2005,0.0
basin_agri,ABW,2005,0.0
basin_agri,GRD,2005,0.0
basin_agri,CMR,2005,6478.95546752314
basin_agri,DJI,2005,0.9705620144345172
basin_agri,VEN,2005,28.54218085200469
basin_agri,GNB,2005,423.81987798603205
basin_agri,GIN,2005,1875.5136276056974
basin_agri,BEN,2005,2606.4806046816016
basin_agri,SSD,2005,287.366398707127
basin_agri,SOM,2005,0.9214970900819801
basin_agri,TTO,2005,18.83012968303299
basin_agri,CRI,2005,486.67575229629506
basin_agri,GHA,2005,5799.177216243287
basin_agri,TGO,2005,2388.572412631871
basin_agri,CAF,2005,1409.3279360191723
basin_agri,CIV,2005,4797.15647607432
basin_agri,PAN,2005,419.9843186325408
basin_agri,SLE,2005,1980.9766143200175
basin_agri,LKA,2005,1859.6148703904034
basin_agri,FSM,2005,0.0
basin_agri,GUY,2005,335.09954295736827
basin_agri,LBR,2005,673.1421525666598
basin_agri,PLW,2005,0.0
basin_agri,MYS,2005,5588.4003797993755
basin_agri,MDV,2005,0.0
basin_agri,SUR,2005,44.68844939637212
basin_agri,IDN,2005,26403.69154520271
basin_agri,COD,2005,3999.370810517943
basin_agri,BRN,2005,3.1422828647076946
basin_agri,BRA,2005,70339.35024124743
basin_agri,KEN,2005,4479.702318681861
basin_agri,KIR,2005,0.0
basin_agri,GNQ,2005,5.273091324726652
basin_agri,UGA,2005,7485.750262501497
basin_agri,COG,2005,479.5726139429988
basin_agri,GAB,2005,434.1729660159146
basin_agri,STP,2005,0.0
basin_agri,ECU,2005,2273.90448606317
basin_agri,SGP,2005,14.047952192055437
basin_agri,PER,2005,2366.318930045233
basin_agri,NRU,2005,0.0
basin_agri,RWA,2005,1140.6542708431757
basin_agri,TZA,2005,14228.413163420393
basin_agri,PNG,2005,729.8059946643328
basin_agri,BDI,2005,1431.6183931092698
basin_agri,SYC,2005,0.0
basin_agri,AGO,2005,3443.359198787085
basin_agri,SLB,2005,37.87898040458555
basin_agri,PYF,2005,0.0
basin_agri,ZMB,2005,2726.261980341307
basin_agri,TLS,2005,193.8005217158411
basin_agri,TUV,2005,0.0
basin_agri,MWI,2005,2857.2113571250247
basin_agri,BOL,2005,2215.212660591816
basin_agri,MOZ,2005,5502.258460147267
basin_agri,AUS,2005,34391.41595566066
basin_agri,COM,2005,0.0
basin_agri,MDG,2005,3785.19011039525
basin_agri,FJI,2005,0.0
basin_agri,WSM,2005,0.0
basin_agri,VUT,2005,0.0
basin_agri,ASM,2005,0.0
basin_agri,TON,2005,0.0
basin_agri,ZWE,2005,3577.097953242371
basin_agri,NAM,2005,770.128622014367
basin_agri,CHL,2005,1308.0598118261607
basin_agri,BWA,2005,217.37419462505252
basin_agri,PRY,2005,3477.728237110129
basin_agri,MUS,2005,0.0
basin_agri,NCL,2005,0.0
basin_agri,ARG,2005,34412.57529936103
basin_agri,ZAF,2005,10067.558068905768
basin_agri,SWZ,2005,183.3368500853108
basin_agri,LSO,2005,296.0961061816834
basin_agri,NZL,2005,504.6425587137784
basin_agri,URY,2005,850.7465950977554
basin_agri,GRL,2010,0.0
basin_agri,CAN,2010,44258.5496547506
basin_agri,RUS,2010,108418.85442342199
basin_agri,NOR,2010,743.4515715067132
basin_agri,USA,2010,145171.18916521722
basin_agri,FIN,2010,1950.2977993210407
basin_agri,SWE,2010,2244.449778224965
basin_agri,ISL,2010,0.0
basin_agri,FRO,2010,0.0
basin_agri,GBR,2010,5203.865917432478
basin_agri,EST,2010,655.7275915336897
basin_agri,DNK,2010,1967.4601648354144
basin_agri,LVA,2010,896.8916481630582
basin_agri,LTU,2010,2299.066870100175
basin_agri,BLR,2010,5788.7839024939585
basin_agri,IRL,2010,461.8232107889667
basin_agri,KAZ,2010,19321.266646044056
basin_agri,DEU,2010,11915.336416689646
basin_agri,POL,2010,9938.26415439327
basin_agri,NLD,2010,627.2791624779125
basin_agri,CHN,2010,114425.3946644626
basin_agri,UKR,2010,30567.069749748764
basin_agri,MNG,2010,336.22684964612097
basin_agri,FRA,2010,17999.16417948889
basin_agri,BEL,2010,924.0590125181354
basin_agri,CZE,2010,2922.6411736329223
basin_agri,LUX,2010,48.86502104738817
basin_agri,SVK,2010,1230.8782059216112
basin_agri,AUT,2010,1556.7130948939227
basin_agri,HUN,2010,4510.821165877271
basin_agri,ROU,2010,8355.352514212642
basin_agri,MDA,2010,2089.2379915418596
basin_agri,CHE,2010,217.26955690460866
basin_agri,ITA,2010,8713.852118795208
basin_agri,SVN,2010,239.2679890942078
basin_agri,HRV,2010,1201.8396278828516
basin_agri,SRB,2010,3303.180723395732
basin_agri,JPN,2010,3901.044956086316
basin_agri,UZB,2010,4302.4326348543
basin_agri,BIH,2010,658.058852643456
basin_agri,ESP,2010,11698.617082997815
basin_agri,BGR,2010,3034.8616230105154
basin_agri,MNE,2010,703.1143273232633
basin_agri,GEO,2010,499.88397179839086
basin_agri,XKX,2010,121.73951900784779
basin_agri,KGZ,2010,1459.5697008334262
basin_agri,PRK,2010,51.66029078983245
basin_agri,ALB,2010,377.6581919687845
basin_agri,MKD,2010,314.67491956008985
basin_agri,TUR,2010,17613.050728612663
basin_agri,TKM,2010,1985.4229306005313
basin_agri,PRT,2010,1371.1867704085748
basin_agri,AZE,2010,1887.950811771554
basin_agri,GRC,2010,2918.386725634161
basin_agri,ARM,2010,256.0577024620359
basin_agri,TJK,2010,853.5601779503361
basin_agri,IRN,2010,15742.42141489556
basin_agri,AFG,2010,3632.083980607613
basin_agri,KOR,2010,1485.9386730996314
basin_agri,DZA,2010,5187.799389043753
basin_agri,TUN,2010,3979.8899798145067
basin_agri,SYR,2010,107.99676816540064
basin_agri,IRQ,2010,1409.8453684261149
basin_agri,PAK,2010,12207.632613551978
basin_agri,MLT,2010,0.0
basin_agri,MAR,2010,7210.150860515648
basin_agri,CYP,2010,0.0
basin_agri,IND,2010,137554.61752432075
basin_agri,LBN,2010,202.22221559300687
basin_agri,LBY,2010,1639.692962277323
basin_agri,ISR,2010,321.4692159061498
basin_agri,JOR,2010,133.82465414400176
basin_agri,MEX,2010,17409.200155523486
basin_agri,BMU,2010,0.0
basin_agri,PSE,2010,15.013055882025313
basin_agri,EGY,2010,3189.022260623413
basin_agri,SAU,2010,1024.6421396175854
basin_agri,NPL,2010,2018.6521041124856
basin_agri,KWT,2010,7.9635995954765235
basin_agri,MMR,2010,11631.256702326817
basin_agri,BTN,2010,0.0
basin_agri,BHS,2010,0.0
basin_agri,ESH,2010,0.0
basin_agri,MRT,2010,347.837369575042
basin_agri,BHR,2010,0.0
basin_agri,QAT,2010,0.0
basin_agri,OMN,2010,108.06425553765224
basin_agri,ARE,2010,92.6273602158589
basin_agri,BGD,2010,5136.339514780179
basin_agri,TWN,2010,413.9953090614405
basin_agri,MLI,2010,5569.357508290723
basin_agri,CUB,2010,0.0
basin_agri,NER,2010,12821.861019278425
basin_agri,TCD,2010,4068.785674297999
basin_agri,VNM,2010,8931.453503982459
basin_agri,LAO,2010,1278.2481097067732
basin_agri,HKG,2010,0.0
basin_agri,TCA,2010,0.0
basin_agri,SDN,2010,22777.622470246348
basin_agri,PHL,2010,8869.72423224492
basin_agri,HTI,2010,874.8319035450838
basin_agri,THA,2010,21683.39998233878
basin_agri,CYM,2010,0.0
basin_agri,DOM,2010,1116.669036840248
basin_agri,JAM,2010,158.6936192779465
basin_agri,PRI,2010,0.0
basin_agri,VGB,2010,0.0
basin_agri,YEM,2010,2.8512381658499892
basin_agri,MNP,2010,0.0
basin_agri,BLZ,2010,63.56772672456492
basin_agri,VIR,2010,0.0
basin_agri,GTM,2010,1862.8300053073513
basin_agri,ATG,2010,0.0
basin_agri,ERI,2010,77.9696679632545
basin_agri,KNA,2010,0.0
basin_agri,CPV,2010,0.0
basin_agri,HND,2010,1250.0733236354765
basin_agri,SEN,2010,2427.3429811641554
basin_agri,DMA,2010,0.0
basin_agri,NIC,2010,842.5581728272068
basin_agri,BFA,2010,4910.218357535119
basin_agri,MHL,2010,0.0
basin_agri,SLV,2010,769.0719462861387
basin_agri,LCA,2010,0.0
basin_agri,ETH,2010,15870.023679111222
basin_agri,KHM,2010,3684.05766776399
basin_agri,GMB,2010,175.3831091148455
basin_agri,NGA,2010,40035.27466274456
basin_agri,GUM,2010,0.0
basin_agri,COL,2010,3047.7758084829265
basin_agri,VCT,2010,0.0
basin_agri,BRB,2010,0.0
basin_agri,ABW,2010,0.0
basin_agri,GRD,2010,0.0
basin_agri,CMR,2010,6971.329120313701
basin_agri,DJI,2010,0.9705617901554494
basin_agri,VEN,2010,34.35209388494932
basin_agri,GNB,2010,438.0947156097217
basin_agri,GIN,2010,2370.216379865863
basin_agri,BEN,2010,2835.8987979765584
basin_agri,SSD,2010,291.8581896549637
basin_agri,SOM,2010,3.904793306480932
basin_agri,TTO,2010,16.56501418910581
basin_agri,CRI,2010,538.3771571891868
basin_agri,GHA,2010,6038.210448381763
basin_agri,TGO,2010,2482.3427309567305
basin_agri,CAF,2010,1498.061790055813
basin_agri,CIV,2010,5351.3926274946025
basin_agri,PAN,2010,454.3658924052637
basin_agri,SLE,2010,2196.233405873775
basin_agri,LKA,2010,3329.7343408412544
basin_agri,FSM,2010,0.0
basin_agri,GUY,2010,318.105519819847
basin_agri,LBR,2010,586.9412054629004
basin_agri,PLW,2010,0.0
basin_agri,MYS,2010,5727.370847819358
basin_agri,MDV,2010,0.0
basin_agri,SUR,2010,65.84610244151763
basin_agri,IDN,2010,30133.161850866556
basin_agri,COD,2010,5230.836477838682
basin_agri,BRN,2010,9.302860879203937
basin_agri,BRA,2010,73631.63258332398
basin_agri,KEN,2010,4946.911578409765
basin_agri,KIR,2010,0.0
basin_agri,GNQ,2010,8.361555446428152
basin_agri,UGA,2010,8312.849619180775
basin_agri,COG,2010,543.1340545842046
basin_agri,GAB,2010,444.4521835644132
basin_agri,STP,2010,0.0
basin_agri,ECU,2010,2313.262364393797
basin_agri,SGP,2010,20.922787855948787
basin_agri,PER,2010,2615.4324885249525
basin_agri,NRU,2010,0.0
basin_agri,RWA,2010,1240.5132154183905
basin_agri,TZA,2010,16235.152857675028
basin_agri,PNG,2010,826.5540963813506
basin_agri,BDI,2010,1436.3475021502825
basin_agri,SYC,2010,0.0
basin_agri,AGO,2010,4474.703118145225
basin_agri,SLB,2010,39.47773075516539
basin_agri,PYF,2010,0.0
basin_agri,ZMB,2010,3484.159538071023
basin_agri,TLS,2010,202.0157907638099
basin_agri,TUV,2010,0.0
basin_agri,MWI,2010,3240.5144363928343
basin_agri,BOL,2010,2845.334036919612
basin_agri,MOZ,2010,6128.698670998303
basin_agri,AUS,2010,33362.78088875248
basin_agri,COM,2010,0.0
basin_agri,MDG,2010,3828.898562209072
basin_agri,FJI,2010,0.0
basin_agri,WSM,2010,0.0
basin_agri,VUT,2010,0.0
basin_agri,ASM,2010,0.0
basin_agri,TON,2010,0.0
basin_agri,ZWE,2010,3712.628388163117
basin_agri,NAM,2010,773.9859967992725
basin_agri,CHL,2010,1118.9027502947404
basin_agri,BWA,2010,297.78835379178264
basin_agri,PRY,2010,3941.2530653107433
basin_agri,MUS,2010,0.0
basin_agri,NCL,2010,0.0
basin_agri,ARG,2010,38833.51661881393
basin_agri,ZAF,2010,9687.866865708133
basin_agri,SWZ,2010,177.5989189656567
basin_agri,LSO,2010,276.6572980798009
basin_agri,NZL,2010,596.3525180968799
basin_agri,URY,2010,1312.381158186973
basin_agri,GRL,2020,0.0
basin_agri,CAN,2020,45233.66590909487
basin_agri,RUS,2020,109317.52873862677
basin_agri,NOR,2020,709.527887995488
basin_agri,USA,2020,142594.0659948323
basin_agri,FIN,2020,1964.6409480052496
basin_agri,SWE,2020,2156.529721970517
basin_agri,ISL,2020,0.0
basin_agri,FRO,2020,0.0
basin_agri,GBR,2020,4388.403562509775
basin_agri,EST,2020,686.4899577415814
basin_agri,DNK,2020,1930.5651689733372
basin_agri,LVA,2020,889.6611025923152
basin_agri,LTU,2020,2282.6847521420063
basin_agri,BLR,2020,6002.663024972619
basin_agri,IRL,2020,1031.6749217851147
basin_agri,KAZ,2020,18529.835157835176
basin_agri,DEU,2020,11711.70871344173
basin_agri,POL,2020,10324.669378950075
basin_agri,NLD,2020,764.4374127103811
basin_agri,CHN,2020,111606.62082671291
basin_agri,UKR,2020,31741.001977780146
basin_agri,MNG,2020,339.5332978543052
basin_agri,FRA,2020,17922.036059253427
basin_agri,BEL,2020,779.2093916651098
basin_agri,CZE,2020,2853.016452390432
basin_agri,LUX,2020,48.400771717201714
basin_agri,SVK,2020,1255.7586428439217
basin_agri,AUT,2020,1502.6917705089556
basin_agri,HUN,2020,4577.810413147653
basin_agri,ROU,2020,8770.554633892707
basin_agri,MDA,2020,1872.0930947591014
basin_agri,CHE,2020,239.15576742144145
basin_agri,ITA,2020,8145.897734326526
basin_agri,SVN,2020,348.08332987069775
basin_agri,HRV,2020,890.6261360078887
basin_agri,SRB,2020,3279.3227829548505
basin_agri,JPN,2020,3778.7765448412
basin_agri,UZB,2020,4205.48583651538
basin_agri,BIH,2020,532.3489309261021
basin_agri,ESP,2020,11865.04604242003
basin_agri,BGR,2020,3231.9069763169437
basin_agri,MNE,2020,168.93503783686273
basin_agri,GEO,2020,521.773819633128
basin_agri,XKX,2020,122.41628395263673
basin_agri,KGZ,2020,1414.9324929857414
basin_agri,PRK,2020,27.845538677007823
basin_agri,ALB,2020,392.83096172022124
basin_agri,MKD,2020,310.9460072255146
basin_agri,TUR,2020,16565.13024907026
basin_agri,TKM,2020,1814.4832043847175
basin_agri,PRT,2020,1339.8502137167766
basin_agri,AZE,2020,1870.3556088750047
basin_agri,GRC,2020,2516.1033016860647
basin_agri,ARM,2020,293.09172899079925
basin_agri,TJK,2020,906.8362705235568
basin_agri,IRN,2020,14768.220802540533
basin_agri,AFG,2020,3413.3041743524873
basin_agri,KOR,2020,1488.5872358288204
basin_agri,DZA,2020,4994.218398378271
basin_agri,TUN,2020,3512.415950536951
basin_agri,SYR,2020,66.18128754651377
basin_agri,IRQ,2020,871.4957343257087
basin_agri,PAK,2020,12443.994624110754
basin_agri,MLT,2020,0.0
basin_agri,MAR,2020,7610.268530111476
basin_agri,CYP,2020,0.0
basin_agri,IND,2020,140551.80100919888
basin_agri,LBN,2020,197.98224704110845
basin_agri,LBY,2020,1569.1266581282146
basin_agri,ISR,2020,354.4967330125938
basin_agri,JOR,2020,132.37385625384445
basin_agri,MEX,2020,18045.248174231565
basin_agri,BMU,2020,0.0
basin_agri,PSE,2020,21.520636765579
basin_agri,EGY,2020,3243.0496226997498
basin_agri,SAU,2020,972.184328367531
basin_agri,NPL,2020,1876.1217383813869
basin_agri,KWT,2020,6.525710718999713
basin_agri,MMR,2020,12277.589585641315
basin_agri,BTN,2020,0.0
basin_agri,BHS,2020,0.0
basin_agri,ESH,2020,0.0
basin_agri,MRT,2020,319.70673660863076
basin_agri,BHR,2020,0.0
basin_agri,QAT,2020,0.0
basin_agri,OMN,2020,86.03408172223837
basin_agri,ARE,2020,57.07978623289362
basin_agri,BGD,2020,5246.088905346581
basin_agri,TWN,2020,552.1686098824679
basin_agri,MLI,2020,5973.938054335753
basin_agri,CUB,2020,0.0
basin_agri,NER,2020,14372.362967590883
basin_agri,TCD,2020,4767.501305379331
basin_agri,VNM,2020,10475.19225594167
basin_agri,LAO,2020,1513.7806375913706
basin_agri,HKG,2020,0.0
basin_agri,TCA,2020,0.0
basin_agri,SDN,2020,21356.019803049032
basin_agri,PHL,2020,9323.10800240924
basin_agri,HTI,2020,879.6243370863147
basin_agri,THA,2020,21880.42857321581
basin_agri,CYM,2020,0.0
basin_agri,DOM,2020,1270.7372627221448
basin_agri,JAM,2020,152.92763645353517
basin_agri,PRI,2020,0.0
basin_agri,VGB,2020,0.0
basin_agri,YEM,2020,10.382779325830672
basin_agri,MNP,2020,0.0
basin_agri,BLZ,2020,65.8595785846026
basin_agri,VIR,2020,0.0
basin_agri,GTM,2020,2102.811849255147
basin_agri,ATG,2020,0.0
basin_agri,ERI,2020,68.99257645572746
basin_agri,KNA,2020,0.0
basin_agri,CPV,2020,0.0
basin_agri,HND,2020,1314.2074882067411
basin_agri,SEN,2020,2504.140762779206
basin_agri,DMA,2020,0.0
basin_agri,NIC,2020,911.6851077574105
basin_agri,BFA,2020,5391.078120257856
basin_agri,MHL,2020,0.0
basin_agri,SLV,2020,786.310841404438
basin_agri,LCA,2020,0.0
basin_agri,ETH,2020,17093.938761958776
basin_agri,KHM,2020,3902.601692725062
basin_agri,GMB,2020,165.03377817345228
basin_agri,NGA,2020,38624.926183746684
basin_agri,GUM,2020,0.0
basin_agri,COL,2020,3368.717718850296
basin_agri,VCT,2020,0.0
basin_agri,BRB,2020,0.0
basin_agri,ABW,2020,0.0
basin_agri,GRD,2020,0.0
basin_agri,CMR,2020,6898.597073196481
basin_agri,DJI,2020,0.9732843137914298
basin_agri,VEN,2020,99.11388356907045
basin_agri,GNB,2020,418.848123133083
basin_agri,GIN,2020,2847.565869470669
basin_agri,BEN,2020,3200.896191635031
basin_agri,SSD,2020,286.9195566486534
basin_agri,SOM,2020,4.256330768652826
basin_agri,TTO,2020,15.426124798682919
basin_agri,CRI,2020,542.644688607428
basin_agri,GHA,2020,6227.93099338563
basin_agri,TGO,2020,2633.100460501618
basin_agri,CAF,2020,1568.1316705329787
basin_agri,CIV,2020,7653.949261522928
basin_agri,PAN,2020,411.8698906149546
basin_agri,SLE,2020,2306.1705904537953
basin_agri,LKA,2020,3294.105384719395
basin_agri,FSM,2020,0.0
basin_agri,GUY,2020,315.74418260562004
basin_agri,LBR,2020,679.7382440298784
basin_agri,PLW,2020,0.0
basin_agri,MYS,2020,6799.486961706511
basin_agri,MDV,2020,0.0
basin_agri,SUR,2020,93.76126029688058
basin_agri,IDN,2020,32972.52581787736
basin_agri,COD,2020,6758.679364630286
basin_agri,BRN,2020,9.262207895448146
basin_agri,BRA,2020,73760.46641294821
basin_agri,KEN,2020,5507.659793544539
basin_agri,KIR,2020,0.0
basin_agri,GNQ,2020,8.517582789195824
basin_agri,UGA,2020,8325.759000152648
basin_agri,COG,2020,598.2841666004653
basin_agri,GAB,2020,440.53959440135264
basin_agri,STP,2020,0.0
basin_agri,ECU,2020,2237.6058909013445
basin_agri,SGP,2020,18.35961633999248
basin_agri,PER,2020,3369.652843680475
basin_agri,NRU,2020,0.0
basin_agri,RWA,2020,1292.3533400222923
basin_agri,TZA,2020,17688.111351111686
basin_agri,PNG,2020,869.534364895862
basin_agri,BDI,2020,1457.8007251444901
basin_agri,SYC,2020,0.0
basin_agri,AGO,2020,5115.678860859355
basin_agri,SLB,2020,40.41798346866588
basin_agri,PYF,2020,0.0
basin_agri,ZMB,2020,3991.871123067211
basin_agri,TLS,2020,188.34019594240078
basin_agri,TUV,2020,0.0
basin_agri,MWI,2020,3369.3835142627677
basin_agri,BOL,2020,3293.3247021289335
basin_agri,MOZ,2020,5936.2492204479495
basin_agri,AUS,2020,38685.92175707687
basin_agri,COM,2020,0.0
basin_agri,MDG,2020,3803.4585057747818
basin_agri,FJI,2020,0.0
basin_agri,WSM,2020,0.0
basin_agri,VUT,2020,0.0
basin_agri,ASM,2020,0.0
basin_agri,TON,2020,0.0
basin_agri,ZWE,2020,3505.971567801408
basin_agri,NAM,2020,719.4349902145862
basin_agri,CHL,2020,1266.240149983364
basin_agri,BWA,2020,184.15148892976876
basin_agri,PRY,2020,4319.4278368713285
basin_agri,MUS,2020,0.0
basin_agri,NCL,2020,0.0
basin_agri,ARG,2020,41808.34976827307
basin_agri,ZAF,2020,8681.07283860756
basin_agri,SWZ,2020,146.90026797009526
basin_agri,LSO,2020,172.84459040975705
basin_agri,NZL,2020,544.7461360739021
basin_agri,URY,2020,1478.8446539300633
basin_agri,GRL,2030,0.0
basin_agri,CAN,2030,45509.72783148901
basin_agri,RUS,2030,112749.81798373541
basin_agri,NOR,2030,728.3358347559617
basin_agri,USA,2030,135570.3231192716
basin_agri,FIN,2030,1937.3299586903688
basin_agri,SWE,2030,2122.629789139935
basin_agri,ISL,2030,0.0
basin_agri,FRO,2030,0.0
basin_agri,GBR,2030,3864.5957942831756
basin_agri,EST,2030,666.9343029315014
basin_agri,DNK,2030,1993.7247512090769
basin_agri,LVA,2030,761.3480941078027
basin_agri,LTU,2030,2242.1572527452868
basin_agri,BLR,2030,6306.848000385213
basin_agri,IRL,2030,1185.0918019745645
basin_agri,KAZ,2030,18337.581988251382
basin_agri,DEU,2030,11333.679873619798
basin_agri,POL,2030,10837.755435372608
basin_agri,NLD,2030,760.4524976261356
basin_agri,CHN,2030,118161.83734268523
basin_agri,UKR,2030,32582.363270614587
basin_agri,MNG,2030,258.36312520924577
basin_agri,FRA,2030,17750.5382163072
basin_agri,BEL,2030,743.3995045548771
basin_agri,CZE,2030,2900.1090194031704
basin_agri,LUX,2030,44.2654541759502
basin_agri,SVK,2030,1312.6761366037704
basin_agri,AUT,2030,1551.027428062443
basin_agri,HUN,2030,4750.4526376416525
basin_agri,ROU,2030,9245.518643932583
basin_agri,MDA,2030,1940.3037504381023
basin_agri,CHE,2030,242.2409035524032
basin_agri,ITA,2030,7004.830910669888
basin_agri,SVN,2030,368.38259288533266
basin_agri,HRV,2030,835.037944694623
basin_agri,SRB,2030,3467.394291307688
basin_agri,JPN,2030,3429.0555243715626
basin_agri,UZB,2030,4454.347237699425
basin_agri,BIH,2030,531.4008289132667
basin_agri,ESP,2030,10591.631755619019
basin_agri,BGR,2030,3534.2897424953503
basin_agri,MNE,2030,179.28617680413322
basin_agri,GEO,2030,585.636519144422
basin_agri,XKX,2030,141.0261597579101
basin_agri,KGZ,2030,1399.3727076629345
basin_agri,PRK,2030,30.158573848354827
basin_agri,ALB,2030,427.9573673442952
basin_agri,MKD,2030,361.31035934829043
basin_agri,TUR,2030,17318.689184474046
basin_agri,TKM,2030,1526.9570060825836
basin_agri,PRT,2030,1220.764154053612
basin_agri,AZE,2030,1992.200663495532
basin_agri,GRC,2030,2475.0715474335
basin_agri,ARM,2030,337.67908747165967
basin_agri,TJK,2030,998.751856310455
basin_agri,IRN,2030,14320.63327701951
basin_agri,AFG,2030,3580.9910963125367
basin_agri,KOR,2030,1559.160551052098
basin_agri,DZA,2030,4604.688411077497
basin_agri,TUN,2030,3435.6634278035244
basin_agri,SYR,2030,58.04072318052917
basin_agri,IRQ,2030,868.9488203003391
basin_agri,PAK,2030,13761.493667101968
basin_agri,MLT,2030,0.0
basin_agri,MAR,2030,7888.94211704198
basin_agri,CYP,2030,0.0
basin_agri,IND,2030,151316.46726987994
basin_agri,LBN,2030,164.86851670997797
basin_agri,LBY,2030,1454.541245112132
basin_agri,ISR,2030,291.69238849257647
basin_agri,JOR,2030,106.20488559249492
basin_agri,MEX,2030,18251.044367271905
basin_agri,BMU,2030,0.0
basin_agri,PSE,2030,22.334948926170775
basin_agri,EGY,2030,3583.908595595564
basin_agri,SAU,2030,598.8946246038007
basin_agri,NPL,2030,2004.8591937275867
basin_agri,KWT,2030,5.808727365064891
basin_agri,MMR,2030,13404.618243182587
basin_agri,BTN,2030,0.0
basin_agri,BHS,2030,0.0
basin_agri,ESH,2030,0.0
basin_agri,MRT,2030,270.7457073072174
basin_agri,BHR,2030,0.0
basin_agri,QAT,2030,0.0
basin_agri,OMN,2030,52.76536462213785
basin_agri,ARE,2030,53.614318999987766
basin_agri,BGD,2030,5546.466781715476
basin_agri,TWN,2030,1123.9971525325595
basin_agri,MLI,2030,5198.515233709283
basin_agri,CUB,2030,0.0
basin_agri,NER,2030,15328.359567915411
basin_agri,TCD,2030,5067.237338282678
basin_agri,VNM,2030,11311.231475217544
basin_agri,LAO,2030,1633.6369795026285
basin_agri,HKG,2030,0.0
basin_agri,TCA,2030,0.0
basin_agri,SDN,2030,14468.671774994538
basin_agri,PHL,2030,9988.593144194998
basin_agri,HTI,2030,886.9502176738964
basin_agri,THA,2030,22065.4970324303
basin_agri,CYM,2030,0.0
basin_agri,DOM,2030,1341.1629226203424
basin_agri,JAM,2030,158.69742787780154
basin_agri,PRI,2030,0.0
basin_agri,VGB,2030,0.0
basin_agri,YEM,2030,8.057336616182644
basin_agri,MNP,2030,0.0
basin_agri,BLZ,2030,69.53286310640989
basin_agri,VIR,2030,0.0
basin_agri,GTM,2030,2266.36047603324
basin_agri,ATG,2030,0.0
basin_agri,ERI,2030,72.32212844476317
basin_agri,KNA,2030,0.0
basin_agri,CPV,2030,0.0
basin_agri,HND,2030,1426.0750237780342
basin_agri,SEN,2030,2632.8604708661032
basin_agri,DMA,2030,0.0
basin_agri,NIC,2030,945.9512939624435
basin_agri,BFA,2030,5912.962896793108
basin_agri,MHL,2030,0.0
basin_agri,SLV,2030,804.9641489281498
basin_agri,LCA,2030,0.0
basin_agri,ETH,2030,19093.047449164045
basin_agri,KHM,2030,3978.375386256863
basin_agri,GMB,2030,182.8653041441081
basin_agri,NGA,2030,36179.03547200917
basin_agri,GUM,2030,0.0
basin_agri,COL,2030,3715.0720046486354
basin_agri,VCT,2030,0.0
basin_agri,BRB,2030,0.0
basin_agri,ABW,2030,0.0
basin_agri,GRD,2030,0.0
basin_agri,CMR,2030,7479.580131995651
basin_agri,DJI,2030,2.775042743253501
basin_agri,VEN,2030,147.79099689893735
basin_agri,GNB,2030,383.639302836323
basin_agri,GIN,2030,2844.986385716594
basin_agri,BEN,2030,3215.0748086256876
basin_agri,SSD,2030,250.86692745674225
basin_agri,SOM,2030,6.350046939199947
basin_agri,TTO,2030,16.97911557629567
basin_agri,CRI,2030,592.544795740095
basin_agri,GHA,2030,6353.501769348113
basin_agri,TGO,2030,2686.8484305693287
basin_agri,CAF,2030,1651.7125190468962
basin_agri,CIV,2030,9068.439881589919
basin_agri,PAN,2030,454.7408358027418
basin_agri,SLE,2030,2330.3675780222893
basin_agri,LKA,2030,3543.4719289013597
basin_agri,FSM,2030,0.0
basin_agri,GUY,2030,346.8759091139068
basin_agri,LBR,2030,682.6057686555208
basin_agri,PLW,2030,0.0
basin_agri,MYS,2030,6655.714335038592
basin_agri,MDV,2030,0.0
basin_agri,SUR,2030,126.3335997403911
basin_agri,IDN,2030,35183.653775301864
basin_agri,COD,2030,6991.909047657599
basin_agri,BRN,2030,9.262207895448146
basin_agri,BRA,2030,76579.03741315981
basin_agri,KEN,2030,5666.949584111919
basin_agri,KIR,2030,0.0
basin_agri,GNQ,2030,12.095602063190457
basin_agri,UGA,2030,8444.593260023536
basin_agri,COG,2030,624.0023603463598
basin_agri,GAB,2030,445.41114660412586
basin_agri,STP,2030,0.0
basin_agri,ECU,2030,2304.023936190933
basin_agri,SGP,2030,8.754208947989737
basin_agri,PER,2030,3723.437616974783
basin_agri,NRU,2030,0.0
basin_agri,RWA,2030,1274.0860694433889
basin_agri,TZA,2030,19863.00770124951
basin_agri,PNG,2030,977.2851614176229
basin_agri,BDI,2030,1430.3241016796499
basin_agri,SYC,2030,0.0
basin_agri,AGO,2030,4643.645325109845
basin_agri,SLB,2030,45.902282095116135
basin_agri,PYF,2030,0.0
basin_agri,ZMB,2030,4292.731795936626
basin_agri,TLS,2030,191.83935670278677
basin_agri,TUV,2030,0.0
basin_agri,MWI,2030,3562.8666653986907
basin_agri,BOL,2030,3581.617372345646
basin_agri,MOZ,2030,6685.929520040278
basin_agri,AUS,2030,37110.41462267919
basin_agri,COM,2030,0.0
basin_agri,MDG,2030,3599.470705188206
basin_agri,FJI,2030,0.0
basin_agri,WSM,2030,0.0
basin_agri,VUT,2030,0.0
basin_agri,ASM,2030,0.0
basin_agri,TON,2030,0.0
basin_agri,ZWE,2030,3820.8087254387383
basin_agri,NAM,2030,621.205069435858
basin_agri,CHL,2030,1323.2249719722026
basin_agri,BWA,2030,177.32051954026787
basin_agri,PRY,2030,4608.856970696304
basin_agri,MUS,2030,0.0
basin_agri,NCL,2030,0.0
basin_agri,ARG,2030,43672.16689406591
basin_agri,ZAF,2030,7088.737683531943
basin_agri,SWZ,2030,145.77436258474205
basin_agri,LSO,2030,168.82982978275345
basin_agri,NZL,2030,503.3818268327758
basin_agri,URY,2030,1479.5228568131872
basin_agri,GRL,2040,0.0
basin_agri,CAN,2040,46697.96768755195
basin_agri,RUS,2040,114407.7955886862
basin_agri,NOR,2040,736.721046973791
basin_agri,USA,2040,141018.8514333159
basin_agri,FIN,2040,1939.5737763299953
basin_agri,SWE,2040,2140.706069911888
basin_agri,ISL,2040,0.0
basin_agri,FRO,2040,0.0
basin_agri,GBR,2040,3610.8622513675464
basin_agri,EST,2040,676.4421561100679
basin_agri,DNK,2040,2046.6509830959014
basin_agri,LVA,2040,662.3712397663186
basin_agri,LTU,2040,2257.81101085434
basin_agri,BLR,2040,6858.571306790074
basin_agri,IRL,2040,1237.2607643857534
basin_agri,KAZ,2040,19331.87776128925
basin_agri,DEU,2040,11264.611012117031
basin_agri,POL,2040,11272.419320588244
basin_agri,NLD,2040,911.7382084187577
basin_agri,CHN,2040,120729.3174979689
basin_agri,UKR,2040,34263.03053779716
basin_agri,MNG,2040,217.16252433657235
basin_agri,FRA,2040,17894.22353649266
basin_agri,BEL,2040,704.8059018474244
basin_agri,CZE,2040,3037.8432409228717
basin_agri,LUX,2040,42.268683375221045
basin_agri,SVK,2040,1403.759618356997
basin_agri,AUT,2040,1653.7330457512735
basin_agri,HUN,2040,4859.854088992538
basin_agri,ROU,2040,9085.29427174747
basin_agri,MDA,2040,1995.7308516103885
basin_agri,CHE,2040,267.76632235291015
basin_agri,ITA,2040,6677.253519523184
basin_agri,SVN,2040,378.5892815824408
basin_agri,HRV,2040,808.1465272749825
basin_agri,SRB,2040,3623.6942212869644
basin_agri,JPN,2040,3052.1147115050626
basin_agri,UZB,2040,4668.368070576776
basin_agri,BIH,2040,518.2469030877202
basin_agri,ESP,2040,10236.03755156671
basin_agri,BGR,2040,3840.3795153721126
basin_agri,MNE,2040,183.71425883743535
basin_agri,GEO,2040,630.0170047231991
basin_agri,XKX,2040,172.0536697283855
basin_agri,KGZ,2040,1429.1045518823532
basin_agri,PRK,2040,29.19447248790167
basin_agri,ALB,2040,487.62798909599474
basin_agri,MKD,2040,418.7275011777215
basin_agri,TUR,2040,18054.671362966274
basin_agri,TKM,2040,1261.4375927299493
basin_agri,PRT,2040,1188.0319225559945
basin_agri,AZE,2040,2039.761185121597
basin_agri,GRC,2040,2619.4815254101286
basin_agri,ARM,2040,399.2036986286532
basin_agri,TJK,2040,1098.735956236595
basin_agri,IRN,2040,13999.698601983146
basin_agri,AFG,2040,4309.9299971058135
basin_agri,KOR,2040,1561.1617566348634
basin_agri,DZA,2040,4374.007081912829
basin_agri,TUN,2040,3402.5935622736406
basin_agri,SYR,2040,55.91435820844268
basin_agri,IRQ,2040,856.7070726272607
basin_agri,PAK,2040,15634.492292292678
basin_agri,MLT,2040,0.0
basin_agri,MAR,2040,8100.814064539565
basin_agri,CYP,2040,0.0
basin_agri,IND,2040,159209.7151659543
basin_agri,LBN,2040,157.2774657365861
basin_agri,LBY,2040,1328.1415498254594
basin_agri,ISR,2040,279.8995218597629
basin_agri,JOR,2040,83.1978713869883
basin_agri,MEX,2040,18684.117624803006
basin_agri,BMU,2040,0.0
basin_agri,PSE,2040,26.183164940729938
basin_agri,EGY,2040,4062.056487093544
basin_agri,SAU,2040,439.73630181758756
basin_agri,NPL,2040,2146.0497783863725
basin_agri,KWT,2040,5.897268599886112
basin_agri,MMR,2040,14401.02157815855
basin_agri,BTN,2040,0.0
basin_agri,BHS,2040,0.0
basin_agri,ESH,2040,0.0
basin_agri,MRT,2040,250.9769200058601
basin_agri,BHR,2040,0.0
basin_agri,QAT,2040,0.0
basin_agri,OMN,2040,41.449622493153264
basin_agri,ARE,2040,52.09617611037905
basin_agri,BGD,2040,5738.297894795668
basin_agri,TWN,2040,1285.8311215410085
basin_agri,MLI,2040,3957.9088420405806
basin_agri,CUB,2040,0.0
basin_agri,NER,2040,15469.113334156564
basin_agri,TCD,2040,4065.1344198893617
basin_agri,VNM,2040,12061.980229845884
basin_agri,LAO,2040,1769.2504512270825
basin_agri,HKG,2040,0.0
basin_agri,TCA,2040,0.0
basin_agri,SDN,2040,6353.9719499917255
basin_agri,PHL,2040,10664.14064594305
basin_agri,HTI,2040,847.1559765402859
basin_agri,THA,2040,22270.23255283074
basin_agri,CYM,2040,0.0
basin_agri,DOM,2040,1411.0604338729536
basin_agri,JAM,2040,170.5960216174825
basin_agri,PRI,2040,0.0
basin_agri,VGB,2040,0.0
basin_agri,YEM,2040,2.8664177182265336
basin_agri,MNP,2040,0.0
basin_agri,BLZ,2040,72.57420569772646
basin_agri,VIR,2040,0.0
basin_agri,GTM,2040,2370.992125583985
basin_agri,ATG,2040,0.0
basin_agri,ERI,2040,68.70160855755756
basin_agri,KNA,2040,0.0
basin_agri,CPV,2040,0.0
basin_agri,HND,2040,1518.9368903247864
basin_agri,SEN,2040,2724.4340734310877
basin_agri,DMA,2040,0.0
basin_agri,NIC,2040,1023.7773175233513
basin_agri,BFA,2040,6528.180046739696
basin_agri,MHL,2040,0.0
basin_agri,SLV,2040,821.8739674249073
basin_agri,LCA,2040,0.0
basin_agri,ETH,2040,20630.219553273288
basin_agri,KHM,2040,4036.9184314132744
basin_agri,GMB,2040,186.9196120098109
basin_agri,NGA,2040,29318.445005116188
basin_agri,GUM,2040,0.0
basin_agri,COL,2040,4141.009097407858
basin_agri,VCT,2040,0.0
basin_agri,BRB,2040,0.0
basin_agri,ABW,2040,0.0
basin_agri,GRD,2040,0.0
basin_agri,CMR,2040,8401.032997016457
basin_agri,DJI,2040,2.634351074146424
basin_agri,VEN,2040,166.24941238515783
basin_agri,GNB,2040,320.74182128555486
basin_agri,GIN,2040,2262.9042097765628
basin_agri,BEN,2040,3349.8275489710177
basin_agri,SSD,2040,212.40543724843832
basin_agri,SOM,2040,17.752886864001255
basin_agri,TTO,2040,20.658143816343653
basin_agri,CRI,2040,647.6248022384976
basin_agri,GHA,2040,6349.494736431984
basin_agri,TGO,2040,2711.2317199078198
basin_agri,CAF,2040,1898.2877051289183
basin_agri,CIV,2040,11023.938693513264
basin_agri,PAN,2040,501.64448628902153
basin_agri,SLE,2040,1933.0441724942352
basin_agri,LKA,2040,3643.4134081883353
basin_agri,FSM,2040,0.0
basin_agri,GUY,2040,361.9301839566495
basin_agri,LBR,2040,767.3484578607184
basin_agri,PLW,2040,0.0
basin_agri,MYS,2040,6454.334502553887
basin_agri,MDV,2040,0.0
basin_agri,SUR,2040,162.53471407837537
basin_agri,IDN,2040,36304.71319662743
basin_agri,COD,2040,7843.306890972938
basin_agri,BRN,2040,8.540001761963596
basin_agri,BRA,2040,79206.41352935924
basin_agri,KEN,2040,5554.923165032344
basin_agri,KIR,2040,0.0
basin_agri,GNQ,2040,12.693692548773958
basin_agri,UGA,2040,8228.954452585676
basin_agri,COG,2040,692.3922850778482
basin_agri,GAB,2040,465.1377116326778
basin_agri,STP,2040,0.0
basin_agri,ECU,2040,2422.604015701298
basin_agri,SGP,2040,6.163230242688525
basin_agri,PER,2040,4089.819295156527
basin_agri,NRU,2040,0.0
basin_agri,RWA,2040,1108.926625951306
basin_agri,TZA,2040,23612.285765294277
basin_agri,PNG,2040,1059.4002179108618
basin_agri,BDI,2040,1382.4430991320992
basin_agri,SYC,2040,0.0
basin_agri,AGO,2040,4178.848923953961
basin_agri,SLB,2040,51.6434805129633
basin_agri,PYF,2040,0.0
basin_agri,ZMB,2040,4638.504335860836
basin_agri,TLS,2040,189.16796253292722
basin_agri,TUV,2040,0.0
basin_agri,MWI,2040,3854.038191707354
basin_agri,BOL,2040,3858.3081590842166
basin_agri,MOZ,2040,7899.659969992381
basin_agri,AUS,2040,33189.0570291929
basin_agri,COM,2040,0.0
basin_agri,MDG,2040,3829.722356761984
basin_agri,FJI,2040,0.0
basin_agri,WSM,2040,0.0
basin_agri,VUT,2040,0.0
basin_agri,ASM,2040,0.0
basin_agri,TON,2040,0.0
basin_agri,ZWE,2040,4245.017273788208
basin_agri,NAM,2040,390.66357355362453
basin_agri,CHL,2040,1359.0493712674845
basin_agri,BWA,2040,169.4284721799663
basin_agri,PRY,2040,4451.223234675019
basin_agri,MUS,2040,0.0
basin_agri,NCL,2040,0.0
basin_agri,ARG,2040,43220.53075974596
basin_agri,ZAF,2040,6093.91995489719
basin_agri,SWZ,2040,142.308090720471
basin_agri,LSO,2040,150.0255007173624
basin_agri,NZL,2040,479.7728729180445
basin_agri,URY,2040,1441.559043062661
basin_agri,GRL,2050,0.0
basin_agri,CAN,2050,48295.29563536108
basin_agri,RUS,2050,116052.15452145695
basin_agri,NOR,2050,694.7169059499624
basin_agri,USA,2050,150966.83161442622
basin_agri,FIN,2050,1943.8482179126192
basin_agri,SWE,2050,2145.3589163495753
basin_agri,ISL,2050,0.0
basin_agri,FRO,2050,0.0
basin_agri,GBR,2050,3599.6825419363354
basin_agri,EST,2050,691.0665382932245
basin_agri,DNK,2050,2105.7873911902134
basin_agri,LVA,2050,634.6589062197912
basin_agri,LTU,2050,2289.5892984727766
basin_agri,BLR,2050,7593.841693297743
basin_agri,IRL,2050,1155.1658895253631
basin_agri,KAZ,2050,20018.844532535564
basin_agri,DEU,2050,11992.225881072907
basin_agri,POL,2050,11934.501397038388
basin_agri,NLD,2050,1126.3294821219738
basin_agri,CHN,2050,121676.10848552438
basin_agri,UKR,2050,35896.76870142949
basin_agri,MNG,2050,208.76414983742822
basin_agri,FRA,2050,17962.480617953
basin_agri,BEL,2050,668.9564778659246
basin_agri,CZE,2050,3302.0539456168185
basin_agri,LUX,2050,40.27190959906869
basin_agri,SVK,2050,1529.110701227932
basin_agri,AUT,2050,1835.342060084139
basin_agri,HUN,2050,4938.5973436891945
basin_agri,ROU,2050,9002.79649694059
basin_agri,MDA,2050,2029.7821711972526
basin_agri,CHE,2050,293.2672405339449
basin_agri,ITA,2050,6783.609275881095
basin_agri,SVN,2050,386.8120944005225
basin_agri,HRV,2050,782.5331870850573
basin_agri,SRB,2050,3746.857087861843
basin_agri,JPN,2050,2928.107711253422
basin_agri,UZB,2050,4798.352215048756
basin_agri,BIH,2050,489.1722234977546
basin_agri,ESP,2050,10460.21031161556
basin_agri,BGR,2050,4111.735606942964
basin_agri,MNE,2050,186.94642656352076
basin_agri,GEO,2050,632.0784796341791
basin_agri,XKX,2050,189.4417445100492
basin_agri,KGZ,2050,1544.2585535361995
basin_agri,PRK,2050,25.32438661257923
basin_agri,ALB,2050,554.5369840332178
basin_agri,MKD,2050,498.18421621431054
basin_agri,TUR,2050,18140.781371695535
basin_agri,TKM,2050,1081.6578050937512
basin_agri,PRT,2050,1175.9114364520126
basin_agri,AZE,2050,2065.9787898394075
basin_agri,GRC,2050,2887.6886906747413
basin_agri,ARM,2050,415.43112089145563
basin_agri,TJK,2050,1200.3499660213874
basin_agri,IRN,2050,13438.438726606792
basin_agri,AFG,2050,5413.924694235162
basin_agri,KOR,2050,1474.944171992652
basin_agri,DZA,2050,3982.447448384908
basin_agri,TUN,2050,3426.5207231303243
basin_agri,SYR,2050,57.541887014701544
basin_agri,IRQ,2050,832.9120521781903
basin_agri,PAK,2050,17505.43837948059
basin_agri,MLT,2050,0.0
basin_agri,MAR,2050,8318.76722542447
basin_agri,CYP,2050,0.0
basin_agri,IND,2050,160088.8885955073
basin_agri,LBN,2050,162.31913919442076
basin_agri,LBY,2050,1255.4318198715825
basin_agri,ISR,2050,285.474914171154
basin_agri,JOR,2050,78.52825026514728
basin_agri,MEX,2050,19354.754734863294
basin_agri,BMU,2050,0.0
basin_agri,PSE,2050,28.959274462032056
basin_agri,EGY,2050,4370.481241507457
basin_agri,SAU,2050,419.10834931879276
basin_agri,NPL,2050,2256.384567058494
basin_agri,KWT,2050,6.089912889385666
basin_agri,MMR,2050,14957.304644683727
basin_agri,BTN,2050,0.0
basin_agri,BHS,2050,0.0
basin_agri,ESH,2050,0.0
basin_agri,MRT,2050,254.27860753020852
basin_agri,BHR,2050,0.0
basin_agri,QAT,2050,0.0
basin_agri,OMN,2050,45.93464005636108
basin_agri,ARE,2050,53.766650665083745
basin_agri,BGD,2050,5818.607174687998
basin_agri,TWN,2050,1375.3277158491062
basin_agri,MLI,2050,3186.907331665615
basin_agri,CUB,2050,0.0
basin_agri,NER,2050,15849.962355662716
basin_agri,TCD,2050,3286.942750441458
basin_agri,VNM,2050,12245.12311412441
basin_agri,LAO,2050,1880.4491565082446
basin_agri,HKG,2050,0.0
basin_agri,TCA,2050,0.0
basin_agri,SDN,2050,3707.512067803957
basin_agri,PHL,2050,10862.438593340037
basin_agri,HTI,2050,769.8701122638345
basin_agri,THA,2050,21872.31640732087
basin_agri,CYM,2050,0.0
basin_agri,DOM,2050,1458.1908001334962
basin_agri,JAM,2050,169.17580618335927
basin_agri,PRI,2050,0.0
basin_agri,VGB,2050,0.0
basin_agri,YEM,2050,0.4377143831424231
basin_agri,MNP,2050,0.0
basin_agri,BLZ,2050,74.55221888144217
basin_agri,VIR,2050,0.0
basin_agri,GTM,2050,2469.177139980421
basin_agri,ATG,2050,0.0
basin_agri,ERI,2050,47.872125234195366
basin_agri,KNA,2050,0.0
basin_agri,CPV,2050,0.0
basin_agri,HND,2050,1580.110330997733
basin_agri,SEN,2050,2719.3908704810156
basin_agri,DMA,2050,0.0
basin_agri,NIC,2050,1086.1351084423475
basin_agri,BFA,2050,6922.190844763465
basin_agri,MHL,2050,0.0
basin_agri,SLV,2050,835.848213312487
basin_agri,LCA,2050,0.0
basin_agri,ETH,2050,20713.366105718047
basin_agri,KHM,2050,4003.5346267327122
basin_agri,GMB,2050,181.31155110415878
basin_agri,NGA,2050,22134.817621464237
basin_agri,GUM,2050,0.0
basin_agri,COL,2050,4838.112022638099
basin_agri,VCT,2050,0.0
basin_agri,BRB,2050,0.0
basin_agri,ABW,2050,0.0
basin_agri,GRD,2050,0.0
basin_agri,CMR,2050,9490.937624081042
basin_agri,DJI,2050,2.641613228159538
basin_agri,VEN,2050,187.67933851538834
basin_agri,GNB,2050,255.59270001244806
basin_agri,GIN,2050,1597.709498274349
basin_agri,BEN,2050,3550.6472776236287
basin_agri,SSD,2050,163.47575798854703
basin_agri,SOM,2050,14.810174613727877
basin_agri,TTO,2050,23.811982054312722
basin_agri,CRI,2050,681.8885970191392
basin_agri,GHA,2050,6512.431846549656
basin_agri,TGO,2050,2721.3352217298398
basin_agri,CAF,2050,2150.3781734241534
basin_agri,CIV,2050,12802.037582966113
basin_agri,PAN,2050,538.4624702364958
basin_agri,SLE,2050,1667.6323589115793
basin_agri,LKA,2050,3717.212343286236
basin_agri,FSM,2050,0.0
basin_agri,GUY,2050,349.50109948047026
basin_agri,LBR,2050,754.8177304199053
basin_agri,PLW,2050,0.0
basin_agri,MYS,2050,6097.341323823655
basin_agri,MDV,2050,0.0
basin_agri,SUR,2050,181.99828383620948
basin_agri,IDN,2050,36623.29886461339
basin_agri,COD,2050,8836.255700897105
basin_agri,BRN,2050,6.166028766242494
basin_agri,BRA,2050,81304.66868444663
basin_agri,KEN,2050,4911.699382343494
basin_agri,KIR,2050,0.0
basin_agri,GNQ,2050,12.68720409429088
basin_agri,UGA,2050,8034.314414262215
basin_agri,COG,2050,697.4547490715092
basin_agri,GAB,2050,451.37133618152404
basin_agri,STP,2050,0.0
basin_agri,ECU,2050,2653.284804121415
basin_agri,SGP,2050,5.493085554304423
basin_agri,PER,2050,4355.8370360656845
basin_agri,NRU,2050,0.0
basin_agri,RWA,2050,905.9812181564164
basin_agri,TZA,2050,27717.834189144956
basin_agri,PNG,2050,1108.1687395220524
basin_agri,BDI,2050,1365.8595228135714
basin_agri,SYC,2050,0.0
basin_agri,AGO,2050,3806.8701948951884
basin_agri,SLB,2050,55.306297035311246
basin_agri,PYF,2050,0.0
basin_agri,ZMB,2050,4930.686133788977
basin_agri,TLS,2050,186.64923671302745
basin_agri,TUV,2050,0.0
basin_agri,MWI,2050,4093.546282566146
basin_agri,BOL,2050,4100.23614729575
basin_agri,MOZ,2050,8563.952681516399
basin_agri,AUS,2050,31191.43365808001
basin_agri,COM,2050,0.0
basin_agri,MDG,2050,5289.698074447707
basin_agri,FJI,2050,0.0
basin_agri,WSM,2050,0.0
basin_agri,VUT,2050,0.0
basin_agri,ASM,2050,0.0
basin_agri,TON,2050,0.0
basin_agri,ZWE,2050,4304.652115861898
basin_agri,NAM,2050,221.08462902603748
basin_agri,CHL,2050,1337.701828622482
basin_agri,BWA,2050,154.59572594068476
basin_agri,PRY,2050,4325.846461852469
basin_agri,MUS,2050,0.0
basin_agri,NCL,2050,0.0
basin_agri,ARG,2050,42557.671008533995
basin_agri,ZAF,2050,6242.022264526182
basin_agri,SWZ,2050,135.8704087407762
basin_agri,LSO,2050,132.70962518107953
basin_agri,NZL,2050,465.6960196049761
basin_agri,URY,2050,1414.1675773775041
basin_agri,GRL,2060,0.0
basin_agri,CAN,2060,50127.83434216641
basin_agri,RUS,2060,116872.2026930605
basin_agri,NOR,2060,728.6156689250552
basin_agri,USA,2060,165215.68769213365
basin_agri,FIN,2060,1972.3414676458383
basin_agri,SWE,2060,2178.4446313991925
basin_agri,ISL,2060,0.0
basin_agri,FRO,2060,0.0
basin_agri,GBR,2060,3526.014035406323
basin_agri,EST,2060,718.1561843129913
basin_agri,DNK,2060,2216.2447992009497
basin_agri,LVA,2060,637.7936398449458
basin_agri,LTU,2060,2345.202585277137
basin_agri,BLR,2060,8698.594263983483
basin_agri,IRL,2060,1084.3876013589795
basin_agri,KAZ,2060,20235.484368582787
basin_agri,DEU,2060,12807.905575877046
basin_agri,POL,2060,12805.867019487694
basin_agri,NLD,2060,1337.3004301999626
basin_agri,CHN,2060,124453.83322261611
basin_agri,UKR,2060,36833.32659563858
basin_agri,MNG,2060,200.7405945686451
basin_agri,FRA,2060,18309.238913185567
basin_agri,BEL,2060,640.3261997150911
basin_agri,CZE,2060,3542.6630561084867
basin_agri,LUX,2060,56.03083686643731
basin_agri,SVK,2060,1658.8769403244885
basin_agri,AUT,2060,2043.3345104690834
basin_agri,HUN,2060,4938.686893906229
basin_agri,ROU,2060,8817.676463014568
basin_agri,MDA,2060,2029.6626301075603
basin_agri,CHE,2060,315.3780724178718
basin_agri,ITA,2060,6937.916987496654
basin_agri,SVN,2060,392.66656312633853
basin_agri,HRV,2060,766.3422211620192
basin_agri,SRB,2060,3821.434136294693
basin_agri,JPN,2060,2769.732143416889
basin_agri,UZB,2060,4880.749043089219
basin_agri,BIH,2060,458.21699178702823
basin_agri,ESP,2060,11399.308224239805
basin_agri,BGR,2060,4290.679135000107
basin_agri,MNE,2060,185.3768938183216
basin_agri,GEO,2060,622.101600047198
basin_agri,XKX,2060,189.72379286583487
basin_agri,KGZ,2060,1640.2844155999032
basin_agri,PRK,2060,25.17937560618751
basin_agri,ALB,2060,565.4743061214635
basin_agri,MKD,2060,522.8281336805626
basin_agri,TUR,2060,17843.815273774297
basin_agri,TKM,2060,1016.6863116651019
basin_agri,PRT,2060,1154.2420018919254
basin_agri,AZE,2060,2074.9200032278895
basin_agri,GRC,2060,3158.558213039969
basin_agri,ARM,2060,315.60651970874574
basin_agri,TJK,2060,1272.5405859474736
basin_agri,IRN,2060,12894.89449205721
basin_agri,AFG,2060,7054.325375390826
basin_agri,KOR,2060,1345.3859800637565
basin_agri,DZA,2060,3474.5213982053565
basin_agri,TUN,2060,3385.670900380126
basin_agri,SYR,2060,60.34695712714179
basin_agri,IRQ,2060,743.265789421552
basin_agri,PAK,2060,19318.21866320629
basin_agri,MLT,2060,0.0
basin_agri,MAR,2060,8439.204846561874
basin_agri,CYP,2060,0.0
basin_agri,IND,2060,160817.09121452202
basin_agri,LBN,2060,166.05893971609427
basin_agri,LBY,2060,1213.5104385667503
basin_agri,ISR,2060,290.49984550869067
basin_agri,JOR,2060,81.93819221767728
basin_agri,MEX,2060,20079.489199490345
basin_agri,BMU,2060,0.0
basin_agri,PSE,2060,31.71002815561156
basin_agri,EGY,2060,4032.357202401522
basin_agri,SAU,2060,414.5067516751611
basin_agri,NPL,2060,2252.227727022857
basin_agri,KWT,2060,6.515179175358084
basin_agri,MMR,2060,15148.09947497522
basin_agri,BTN,2060,0.0
basin_agri,BHS,2060,0.0
basin_agri,ESH,2060,0.0
basin_agri,MRT,2060,242.0208127564439
basin_agri,BHR,2060,0.0
basin_agri,QAT,2060,0.0
basin_agri,OMN,2060,51.1311810732459
basin_agri,ARE,2060,56.71477733734259
basin_agri,BGD,2060,5838.205000194302
basin_agri,TWN,2060,1474.1537685233563
basin_agri,MLI,2060,2566.2150358017507
basin_agri,CUB,2060,0.0
basin_agri,NER,2060,16392.93442684558
basin_agri,TCD,2060,2704.194696911658
basin_agri,VNM,2060,12538.188290040052
basin_agri,LAO,2060,1954.8502930273644
basin_agri,HKG,2060,0.0
basin_agri,TCA,2060,0.0
basin_agri,SDN,2060,2487.5139461504536
basin_agri,PHL,2060,10553.58253760037
basin_agri,HTI,2060,690.9052937581697
basin_agri,THA,2060,21462.714118964104
basin_agri,CYM,2060,0.0
basin_agri,DOM,2060,1500.6558822796878
basin_agri,JAM,2060,168.46217059988743
basin_agri,PRI,2060,0.0
basin_agri,VGB,2060,0.0
basin_agri,YEM,2060,0.4285532823398106
basin_agri,MNP,2060,0.0
basin_agri,BLZ,2060,75.21021030769748
basin_agri,VIR,2060,0.0
basin_agri,GTM,2060,2525.10083822268
basin_agri,ATG,2060,0.0
basin_agri,ERI,2060,35.949688421605686
basin_agri,KNA,2060,0.0
basin_agri,CPV,2060,0.0
basin_agri,HND,2060,1605.4845320937106
basin_agri,SEN,2060,2735.587507146475
basin_agri,DMA,2060,0.0
basin_agri,NIC,2060,1119.4344629936277
basin_agri,BFA,2060,7172.495048108364
basin_agri,MHL,2060,0.0
basin_agri,SLV,2060,836.4870250738658
basin_agri,LCA,2060,0.0
basin_agri,ETH,2060,21284.715364798067
basin_agri,KHM,2060,3681.4638233523747
basin_agri,GMB,2060,179.16365466042595
basin_agri,NGA,2060,16589.17440182627
basin_agri,GUM,2060,0.0
basin_agri,COL,2060,5620.595048851692
basin_agri,VCT,2060,0.0
basin_agri,BRB,2060,0.0
basin_agri,ABW,2060,0.0
basin_agri,GRD,2060,0.0
basin_agri,CMR,2060,10684.857618646614
basin_agri,DJI,2060,2.6624900319362275
basin_agri,VEN,2060,160.84316230516754
basin_agri,GNB,2060,232.83814567290142
basin_agri,GIN,2060,1150.7974682259749
basin_agri,BEN,2060,3775.923378995203
basin_agri,SSD,2060,169.61459453942905
basin_agri,SOM,2060,14.730140536455727
basin_agri,TTO,2060,25.607560060479464
basin_agri,CRI,2060,714.6160817307045
basin_agri,GHA,2060,6588.853476203796
basin_agri,TGO,2060,2754.1551707114027
basin_agri,CAF,2060,2238.8452365649546
basin_agri,CIV,2060,14112.031118967192
basin_agri,PAN,2060,556.6902811703158
basin_agri,SLE,2060,1441.2613622579793
basin_agri,LKA,2060,3731.815877255909
basin_agri,FSM,2060,0.0
basin_agri,GUY,2060,294.36074889451305
basin_agri,LBR,2060,706.5882172065718
basin_agri,PLW,2060,0.0
basin_agri,MYS,2060,5616.604247802259
basin_agri,MDV,2060,0.0
basin_agri,SUR,2060,169.2655549051055
basin_agri,IDN,2060,36764.11342500259
basin_agri,COD,2060,9888.469970175107
basin_agri,BRN,2060,3.9877076534758227
basin_agri,BRA,2060,79955.96867317414
basin_agri,KEN,2060,4300.004855825242
basin_agri,KIR,2060,0.0
basin_agri,GNQ,2060,12.074974034405129
basin_agri,UGA,2060,7875.62484069435
basin_agri,COG,2060,663.5302835224782
basin_agri,GAB,2060,402.81855163265107
basin_agri,STP,2060,0.0
basin_agri,ECU,2060,2875.540068399744
basin_agri,SGP,2060,5.339220909803648
basin_agri,PER,2060,4324.532746942041
basin_agri,NRU,2060,0.0
basin_agri,RWA,2060,743.4376529399323
basin_agri,TZA,2060,29807.65950651048
basin_agri,PNG,2060,1168.393109175385
basin_agri,BDI,2060,1376.485563090211
basin_agri,SYC,2060,0.0
basin_agri,AGO,2060,3371.6951506004625
basin_agri,SLB,2060,56.68250605493622
basin_agri,PYF,2060,0.0
basin_agri,ZMB,2060,5169.960581131808
basin_agri,TLS,2060,194.37348428552912
basin_agri,TUV,2060,0.0
basin_agri,MWI,2060,4145.354907593215
basin_agri,BOL,2060,4294.597946559933
basin_agri,MOZ,2060,9096.400134852429
basin_agri,AUS,2060,28571.549716847076
basin_agri,COM,2060,0.0
basin_agri,MDG,2060,6979.740072684209
basin_agri,FJI,2060,0.0
basin_agri,WSM,2060,0.0
basin_agri,VUT,2060,0.0
basin_agri,ASM,2060,0.0
basin_agri,TON,2060,0.0
basin_agri,ZWE,2060,4278.245591008712
basin_agri,NAM,2060,122.4685141226485
basin_agri,CHL,2060,1279.2081875852045
basin_agri,BWA,2060,143.53801798904834
basin_agri,PRY,2060,4072.2800608980597
basin_agri,MUS,2060,0.0
basin_agri,NCL,2060,0.0
basin_agri,ARG,2060,42424.153907295906
basin_agri,ZAF,2060,6680.994154689935
basin_agri,SWZ,2060,124.71624314989192
basin_agri,LSO,2060,123.79484951064761
basin_agri,NZL,2060,439.25002922295766
basin_agri,URY,2060,1324.8103830431114
basin_agri,GRL,2070,0.0
basin_agri,CAN,2070,51457.152435572585
basin_agri,RUS,2070,117132.56914429681
basin_agri,NOR,2070,821.0681626501859
basin_agri,USA,2070,187819.51980868704
basin_agri,FIN,2070,2032.9672939872778
basin_agri,SWE,2070,2251.846709146679
basin_agri,ISL,2070,0.0
basin_agri,FRO,2070,0.0
basin_agri,GBR,2070,3350.047328146145
basin_agri,EST,2070,728.8415132323978
basin_agri,DNK,2070,2309.4140585385753
basin_agri,LVA,2070,645.914293845051
basin_agri,LTU,2070,2277.0760214061515
basin_agri,BLR,2070,10224.320887562535
basin_agri,IRL,2070,1009.900947569616
basin_agri,KAZ,2070,20265.294065793183
basin_agri,DEU,2070,13127.115525484896
basin_agri,POL,2070,13039.301086497275
basin_agri,NLD,2070,1439.8563512291676
basin_agri,CHN,2070,127205.66994895037
basin_agri,UKR,2070,37363.52394223123
basin_agri,MNG,2070,192.0058962360301
basin_agri,FRA,2070,18613.10166092284
basin_agri,BEL,2070,588.2431702614181
basin_agri,CZE,2070,3613.2199501939344
basin_agri,LUX,2070,48.935904554149985
basin_agri,SVK,2070,1714.0279348279025
basin_agri,AUT,2070,2382.9220752487163
basin_agri,HUN,2070,4897.020200473073
basin_agri,ROU,2070,8561.889379828217
basin_agri,MDA,2070,2029.6776972062944
basin_agri,CHE,2070,316.5700196935309
basin_agri,ITA,2070,6939.3268753744715
basin_agri,SVN,2070,383.706508706189
basin_agri,HRV,2070,748.1714007022974
basin_agri,SRB,2070,3939.557203442025
basin_agri,JPN,2070,2549.643932195947
basin_agri,UZB,2070,4876.371469237104
basin_agri,BIH,2070,429.3842271460768
basin_agri,ESP,2070,12182.869348952141
basin_agri,BGR,2070,4427.40537855179
basin_agri,MNE,2070,179.92667080261978
basin_agri,GEO,2070,603.0151991260199
basin_agri,XKX,2070,189.0960663786343
basin_agri,KGZ,2070,1738.9384644199456
basin_agri,PRK,2070,23.90531634634122
basin_agri,ALB,2070,571.2373727142815
basin_agri,MKD,2070,546.7037853165245
basin_agri,TUR,2070,17374.11025739091
basin_agri,TKM,2070,1003.9061625413169
basin_agri,PRT,2070,1067.1383079227694
basin_agri,AZE,2070,2097.122764391859
basin_agri,GRC,2070,3334.1112433376948
basin_agri,ARM,2070,295.8651443243436
basin_agri,TJK,2070,1396.2172747151385
basin_agri,IRN,2070,12178.117359004267
basin_agri,AFG,2070,9069.758638755931
basin_agri,KOR,2070,1205.5087870776208
basin_agri,DZA,2070,3025.4111917261594
basin_agri,TUN,2070,3277.1277692139133
basin_agri,SYR,2070,54.496040856250815
basin_agri,IRQ,2070,640.3699347610282
basin_agri,PAK,2070,20422.308963613526
basin_agri,MLT,2070,0.0
basin_agri,MAR,2070,8568.544261554476
basin_agri,CYP,2070,0.0
basin_agri,IND,2070,159916.76946058503
basin_agri,LBN,2070,158.9533897913703
basin_agri,LBY,2070,1120.190658689311
basin_agri,ISR,2070,287.1369603131871
basin_agri,JOR,2070,87.34899474810156
basin_agri,MEX,2070,21321.481511473306
basin_agri,BMU,2070,0.0
basin_agri,PSE,2070,33.59209700152158
basin_agri,EGY,2070,3767.2923708780127
basin_agri,SAU,2070,402.3666686229099
basin_agri,NPL,2070,2245.9397402750797
basin_agri,KWT,2070,6.373244915777629
basin_agri,MMR,2070,15004.846043726791
basin_agri,BTN,2070,0.0
basin_agri,BHS,2070,0.0
basin_agri,ESH,2070,0.0
basin_agri,MRT,2070,208.42325959890593
basin_agri,BHR,2070,0.0
basin_agri,QAT,2070,0.0
basin_agri,OMN,2070,43.097663415800916
basin_agri,ARE,2070,59.6941385166334
basin_agri,BGD,2070,5811.540725077961
basin_agri,TWN,2070,1490.4276448817318
basin_agri,MLI,2070,1922.1481226766527
basin_agri,CUB,2070,0.0
basin_agri,NER,2070,16475.046349617707
basin_agri,TCD,2070,2156.065618327383
basin_agri,VNM,2070,12169.043107871188
basin_agri,LAO,2070,2076.2632166431713
basin_agri,HKG,2070,0.0
basin_agri,TCA,2070,0.0
basin_agri,SDN,2070,1726.534697996928
basin_agri,PHL,2070,9804.515068181423
basin_agri,HTI,2070,633.495906316996
basin_agri,THA,2070,21212.43006296082
basin_agri,CYM,2070,0.0
basin_agri,DOM,2070,1521.7092664155534
basin_agri,JAM,2070,161.01377518553895
basin_agri,PRI,2070,0.0
basin_agri,VGB,2070,0.0
basin_agri,YEM,2070,0.42057509870452064
basin_agri,MNP,2070,0.0
basin_agri,BLZ,2070,75.99253037876234
basin_agri,VIR,2070,0.0
basin_agri,GTM,2070,2568.7667024656807
basin_agri,ATG,2070,0.0
basin_agri,ERI,2070,36.18877147250688
basin_agri,KNA,2070,0.0
basin_agri,CPV,2070,0.0
basin_agri,HND,2070,1640.9002729629976
basin_agri,SEN,2070,2670.5706199104916
basin_agri,DMA,2070,0.0
basin_agri,NIC,2070,1166.0008034005562
basin_agri,BFA,2070,7384.462866761306
basin_agri,MHL,2070,0.0
basin_agri,SLV,2070,833.7454106709253
basin_agri,LCA,2070,0.0
basin_agri,ETH,2070,22129.948369962767
basin_agri,KHM,2070,3768.0025188476206
basin_agri,GMB,2070,170.6067979763353
basin_agri,NGA,2070,13184.763030285783
basin_agri,GUM,2070,0.0
basin_agri,COL,2070,6363.3177486997065
basin_agri,VCT,2070,0.0
basin_agri,BRB,2070,0.0
basin_agri,ABW,2070,0.0
basin_agri,GRD,2070,0.0
basin_agri,CMR,2070,11682.709620112879
basin_agri,DJI,2070,2.680038691973195
basin_agri,VEN,2070,145.36903761995976
basin_agri,GNB,2070,223.51624398576098
basin_agri,GIN,2070,841.2529580175291
basin_agri,BEN,2070,3918.990331418089
basin_agri,SSD,2070,168.0709171430334
basin_agri,SOM,2070,14.721197611818564
basin_agri,TTO,2070,25.95194879297076
basin_agri,CRI,2070,739.8281795550777
basin_agri,GHA,2070,6501.4054467583355
basin_agri,TGO,2070,2773.178866906124
basin_agri,CAF,2070,2185.7742661926127
basin_agri,CIV,2070,14699.142981236837
basin_agri,PAN,2070,561.474700495222
basin_agri,SLE,2070,1384.2559163145677
basin_agri,LKA,2070,3673.9312384897294
basin_agri,FSM,2070,0.0
basin_agri,GUY,2070,249.93258916906396
basin_agri,LBR,2070,630.3648296492596
basin_agri,PLW,2070,0.0
basin_agri,MYS,2070,5075.092689197865
basin_agri,MDV,2070,0.0
basin_agri,SUR,2070,147.28680663023331
basin_agri,IDN,2070,36240.48333019655
basin_agri,COD,2070,10231.117754165347
basin_agri,BRN,2070,3.9877076534758227
basin_agri,BRA,2070,76317.54549789759
basin_agri,KEN,2070,4064.6377686943165
basin_agri,KIR,2070,0.0
basin_agri,GNQ,2070,9.314373543172925
basin_agri,UGA,2070,7855.473083760584
basin_agri,COG,2070,606.2377842195706
basin_agri,GAB,2070,338.3819508076995
basin_agri,STP,2070,0.0
basin_agri,ECU,2070,2802.9339949318905
basin_agri,SGP,2070,5.182267025202634
basin_agri,PER,2070,4270.760456798128
basin_agri,NRU,2070,0.0
basin_agri,RWA,2070,635.2491210580124
basin_agri,TZA,2070,30729.960765285105
basin_agri,PNG,2070,1200.118105861098
basin_agri,BDI,2070,1403.681575635154
basin_agri,SYC,2070,0.0
basin_agri,AGO,2070,2915.6811200462266
basin_agri,SLB,2070,54.21214843901594
basin_agri,PYF,2070,0.0
basin_agri,ZMB,2070,5191.073741735008
basin_agri,TLS,2070,208.59887617276308
basin_agri,TUV,2070,0.0
basin_agri,MWI,2070,4150.283173557405
basin_agri,BOL,2070,4541.062758019317
basin_agri,MOZ,2070,9147.436661693682
basin_agri,AUS,2070,23064.32862973785
basin_agri,COM,2070,0.0
basin_agri,MDG,2070,8558.318266691156
basin_agri,FJI,2070,0.0
basin_agri,WSM,2070,0.0
basin_agri,VUT,2070,0.0
basin_agri,ASM,2070,0.0
basin_agri,TON,2070,0.0
basin_agri,ZWE,2070,4257.4462286950875
basin_agri,NAM,2070,64.65821741681465
basin_agri,CHL,2070,1178.9855860169023
basin_agri,BWA,2070,141.74625613821507
basin_agri,PRY,2070,3810.7619551163993
basin_agri,MUS,2070,0.0
basin_agri,NCL,2070,0.0
basin_agri,ARG,2070,41433.970958258185
basin_agri,ZAF,2070,7462.365583053544
basin_agri,SWZ,2070,121.08013208553531
basin_agri,LSO,2070,124.12413892174662
basin_agri,NZL,2070,386.9142308232865
basin_agri,URY,2070,1264.5491483470482
basin_agri,GRL,2080,0.0
basin_agri,CAN,2080,52166.74582396707
basin_agri,RUS,2080,116947.57705750898
basin_agri,NOR,2080,936.6177456160002
basin_agri,USA,2080,201774.95928744023
basin_agri,FIN,2080,2105.2581025745526
basin_agri,SWE,2080,2374.7170171257994
basin_agri,ISL,2080,0.0
basin_agri,FRO,2080,0.0
basin_agri,GBR,2080,3261.278581327553
basin_agri,EST,2080,726.6099736058396
basin_agri,DNK,2080,2377.9141486721287
basin_agri,LVA,2080,640.9880811054986
basin_agri,LTU,2080,2171.5636137547936
basin_agri,BLR,2080,11748.581475397827
basin_agri,IRL,2080,930.2807795999094
basin_agri,KAZ,2080,19805.782745564342
basin_agri,DEU,2080,13196.886370795917
basin_agri,POL,2080,12975.917466540355
basin_agri,NLD,2080,1434.901127242202
basin_agri,CHN,2080,130402.8209987635
basin_agri,UKR,2080,37868.442485272986
basin_agri,MNG,2080,188.3429249137762
basin_agri,FRA,2080,18732.117580758968
basin_agri,BEL,2080,528.0030826666696
basin_agri,CZE,2080,3672.63464044403
basin_agri,LUX,2080,42.34536003094248
basin_agri,SVK,2080,1774.7366560117416
basin_agri,AUT,2080,2858.221194841212
basin_agri,HUN,2080,4909.049207848061
basin_agri,ROU,2080,8352.315076468672
basin_agri,MDA,2080,2044.9177752827334
basin_agri,CHE,2080,285.56390636001726
basin_agri,ITA,2080,6727.964566468048
basin_agri,SVN,2080,369.3284138478273
basin_agri,HRV,2080,715.8322776539833
basin_agri,SRB,2080,4062.7875387763247
basin_agri,JPN,2080,2323.7520597333328
basin_agri,UZB,2080,4883.406177528301
basin_agri,BIH,2080,404.49517654845346
basin_agri,ESP,2080,12571.29791209404
basin_agri,BGR,2080,4514.53473008029
basin_agri,MNE,2080,177.18486097259452
basin_agri,GEO,2080,578.3682409389842
basin_agri,XKX,2080,185.46479006536913
basin_agri,KGZ,2080,1778.0662293797427
basin_agri,PRK,2080,23.90531634634122
basin_agri,ALB,2080,588.3189631284282
basin_agri,MKD,2080,600.9668213234514
basin_agri,TUR,2080,16724.844802476127
basin_agri,TKM,2080,983.4750565444732
basin_agri,PRT,2080,949.2099191360873
basin_agri,AZE,2080,2088.050109712911
basin_agri,GRC,2080,3485.667439640647
basin_agri,ARM,2080,286.02405440180723
basin_agri,TJK,2080,1471.5871477776182
basin_agri,IRN,2080,11310.917675959998
basin_agri,AFG,2080,9605.01558322618
basin_agri,KOR,2080,1082.5313127448915
basin_agri,DZA,2080,2631.770701486608
basin_agri,TUN,2080,3146.2400401805544
basin_agri,SYR,2080,47.86025935160888
basin_agri,IRQ,2080,560.5421812706247
basin_agri,PAK,2080,21140.926662140446
basin_agri,MLT,2080,0.0
basin_agri,MAR,2080,9177.790856067846
basin_agri,CYP,2080,0.0
basin_agri,IND,2080,158783.46820306173
basin_agri,LBN,2080,138.4915726904649
basin_agri,LBY,2080,993.6771507848201
basin_agri,ISR,2080,286.81913839779526
basin_agri,JOR,2080,95.17241860602297
basin_agri,MEX,2080,23365.090102275193
basin_agri,BMU,2080,0.0
basin_agri,PSE,2080,34.16734834055788
basin_agri,EGY,2080,3481.5600514118314
basin_agri,SAU,2080,361.98463292474463
basin_agri,NPL,2080,2204.7704035660377
basin_agri,KWT,2080,6.198040545646784
basin_agri,MMR,2080,15021.706544369152
basin_agri,BTN,2080,0.0
basin_agri,BHS,2080,0.0
basin_agri,ESH,2080,0.0
basin_agri,MRT,2080,168.95596073274334
basin_agri,BHR,2080,0.0
basin_agri,QAT,2080,0.0
basin_agri,OMN,2080,32.26132865841377
basin_agri,ARE,2080,58.11633570328397
basin_agri,BGD,2080,5771.886765089374
basin_agri,TWN,2080,1494.9248367571622
basin_agri,MLI,2080,1334.5481088235103
basin_agri,CUB,2080,0.0
basin_agri,NER,2080,15799.171000643102
basin_agri,TCD,2080,1590.878414482383
basin_agri,VNM,2080,11770.417742893145
basin_agri,LAO,2080,2377.8656570218377
basin_agri,HKG,2080,0.0
basin_agri,TCA,2080,0.0
basin_agri,SDN,2080,1376.9948819300903
basin_agri,PHL,2080,9325.429969211436
basin_agri,HTI,2080,617.755729398511
basin_agri,THA,2080,21417.781758263256
basin_agri,CYM,2080,0.0
basin_agri,DOM,2080,1547.3213387673095
basin_agri,JAM,2080,150.3437031912996
basin_agri,PRI,2080,0.0
basin_agri,VGB,2080,0.0
basin_agri,YEM,2080,0.41466523525144605
basin_agri,MNP,2080,0.0
basin_agri,BLZ,2080,78.37960508093599
basin_agri,VIR,2080,0.0
basin_agri,GTM,2080,2621.6450639860636
basin_agri,ATG,2080,0.0
basin_agri,ERI,2080,36.55733089414037
basin_agri,KNA,2080,0.0
basin_agri,CPV,2080,0.0
basin_agri,HND,2080,1680.4574073764718
basin_agri,SEN,2080,2579.4784276878495
basin_agri,DMA,2080,0.0
basin_agri,NIC,2080,1214.7868039449766
basin_agri,BFA,2080,7396.777960004292
basin_agri,MHL,2080,0.0
basin_agri,SLV,2080,803.5446537461727
basin_agri,LCA,2080,0.0
basin_agri,ETH,2080,22926.79437340858
basin_agri,KHM,2080,4073.5128860783025
basin_agri,GMB,2080,157.8352562980179
basin_agri,NGA,2080,10907.219504600518
basin_agri,GUM,2080,0.0
basin_agri,COL,2080,6987.97961725177
basin_agri,VCT,2080,0.0
basin_agri,BRB,2080,0.0
basin_agri,ABW,2080,0.0
basin_agri,GRD,2080,0.0
basin_agri,CMR,2080,12414.111121071677
basin_agri,DJI,2080,2.678223302417429
basin_agri,VEN,2080,144.52752277131157
basin_agri,GNB,2080,216.31455477734198
basin_agri,GIN,2080,605.7763712708665
basin_agri,BEN,2080,3860.775006767488
basin_agri,SSD,2080,156.10476282819698
basin_agri,SOM,2080,14.721197611818564
basin_agri,TTO,2080,25.60584889577229
basin_agri,CRI,2080,752.7191992099026
basin_agri,GHA,2080,6327.777574181135
basin_agri,TGO,2080,2791.397036511303
basin_agri,CAF,2080,2066.6072824905928
basin_agri,CIV,2080,14834.813040132098
basin_agri,PAN,2080,562.7206917434243
basin_agri,SLE,2080,1312.78074396846
basin_agri,LKA,2080,3625.537129887161
basin_agri,FSM,2080,0.0
basin_agri,GUY,2080,229.9453249609913
basin_agri,LBR,2080,545.6935446423776
basin_agri,PLW,2080,0.0
basin_agri,MYS,2080,4793.288548371248
basin_agri,MDV,2080,0.0
basin_agri,SUR,2080,128.7929029079723
basin_agri,IDN,2080,35665.5895284998
basin_agri,COD,2080,10137.90102812628
basin_agri,BRN,2080,3.6547839726124725
basin_agri,BRA,2080,70263.51121184052
basin_agri,KEN,2080,4102.086934553327
basin_agri,KIR,2080,0.0
basin_agri,GNQ,2080,8.176765605590724
basin_agri,UGA,2080,7942.243365922839
basin_agri,COG,2080,506.0524351444222
basin_agri,GAB,2080,274.4029367070675
basin_agri,STP,2080,0.0
basin_agri,ECU,2080,2647.9904638242792
basin_agri,SGP,2080,4.635399303236638
basin_agri,PER,2080,4206.9146322208135
basin_agri,NRU,2080,0.0
basin_agri,RWA,2080,563.3343154129578
basin_agri,TZA,2080,30698.621714496592
basin_agri,PNG,2080,1174.847864072219
basin_agri,BDI,2080,1401.251433237653
basin_agri,SYC,2080,0.0
basin_agri,AGO,2080,2399.1100375215774
basin_agri,SLB,2080,51.97751069386548
basin_agri,PYF,2080,0.0
basin_agri,ZMB,2080,5064.045740183645
basin_agri,TLS,2080,236.90292537527728
basin_agri,TUV,2080,0.0
basin_agri,MWI,2080,4086.2317165022705
basin_agri,BOL,2080,4865.250894627767
basin_agri,MOZ,2080,7285.033492924366
basin_agri,AUS,2080,18312.58079077522
basin_agri,COM,2080,0.0
basin_agri,MDG,2080,9584.816899807709
basin_agri,FJI,2080,0.0
basin_agri,WSM,2080,0.0
basin_agri,VUT,2080,0.0
basin_agri,ASM,2080,0.0
basin_agri,TON,2080,0.0
basin_agri,ZWE,2080,4168.666618169114
basin_agri,NAM,2080,34.709470351036025
basin_agri,CHL,2080,1080.2750537671855
basin_agri,BWA,2080,140.0993647149932
basin_agri,PRY,2080,3769.139326553842
basin_agri,MUS,2080,0.0
basin_agri,NCL,2080,0.0
basin_agri,ARG,2080,39614.10685076771
basin_agri,ZAF,2080,8156.309598970722
basin_agri,SWZ,2080,121.86816795461124
basin_agri,LSO,2080,115.8268109130558
basin_agri,NZL,2080,319.70695484144153
basin_agri,URY,2080,1155.6131311859767
basin_agri,GRL,2090,0.0
basin_agri,CAN,2090,52862.02964690079
basin_agri,RUS,2090,116821.08774544195
basin_agri,NOR,2090,1048.694933933628
basin_agri,USA,2090,208909.52992715273
basin_agri,FIN,2090,2198.080739683043
basin_agri,SWE,2090,2502.3607081314913
basin_agri,ISL,2090,0.0
basin_agri,FRO,2090,0.0
basin_agri,GBR,2090,3196.219700139002
basin_agri,EST,2090,724.9732400219086
basin_agri,DNK,2090,2466.0039355305735
basin_agri,LVA,2090,628.1046435433772
basin_agri,LTU,2090,2079.991779968399
basin_agri,BLR,2090,12990.118396810638
basin_agri,IRL,2090,868.6245424839606
basin_agri,KAZ,2090,19648.259489116812
basin_agri,DEU,2090,12728.855418486937
basin_agri,POL,2090,12854.715283923962
basin_agri,NLD,2090,1388.588375260433
basin_agri,CHN,2090,131374.46315449808
basin_agri,UKR,2090,37880.596581934304
basin_agri,MNG,2090,195.2699102820913
basin_agri,FRA,2090,18729.219385846714
basin_agri,BEL,2090,465.9770678695385
basin_agri,CZE,2090,3731.577057641313
basin_agri,LUX,2090,38.52233993275913
basin_agri,SVK,2090,1851.329284132085
basin_agri,AUT,2090,3147.0389032041435
basin_agri,HUN,2090,4891.384837185067
basin_agri,ROU,2090,8120.546732941179
basin_agri,MDA,2090,2039.3260561721772
basin_agri,CHE,2090,254.10867046650594
basin_agri,ITA,2090,6473.651760711984
basin_agri,SVN,2090,354.4086342711541
basin_agri,HRV,2090,698.7558236785318
basin_agri,SRB,2090,4073.0779111060465
basin_agri,JPN,2090,2118.3874316557403
basin_agri,UZB,2090,4901.883066765542
basin_agri,BIH,2090,379.50202600227885
basin_agri,ESP,2090,12607.963717247967
basin_agri,BGR,2090,4589.385345782256
basin_agri,MNE,2090,173.47862109749246
basin_agri,GEO,2090,546.7642974043167
basin_agri,XKX,2090,181.91504713808166
basin_agri,KGZ,2090,1790.9281169335102
basin_agri,PRK,2090,20.703429956993478
basin_agri,ALB,2090,598.0047881860617
basin_agri,MKD,2090,675.9509839910988
basin_agri,TUR,2090,15952.880043124742
basin_agri,TKM,2090,986.697087934875
basin_agri,PRT,2090,851.6810499785046
basin_agri,AZE,2090,2059.9235040398257
basin_agri,GRC,2090,3623.4886325309317
basin_agri,ARM,2090,273.7318459405402
basin_agri,TJK,2090,1540.2032351422308
basin_agri,IRN,2090,10477.208810014732
basin_agri,AFG,2090,9565.465270714401
basin_agri,KOR,2090,985.0694503451296
basin_agri,DZA,2090,2264.4225252710876
basin_agri,TUN,2090,3054.5813059792818
basin_agri,SYR,2090,39.64970044519261
basin_agri,IRQ,2090,495.7050212871934
basin_agri,PAK,2090,21692.262736174336
basin_agri,MLT,2090,0.0
basin_agri,MAR,2090,9756.476581369436
basin_agri,CYP,2090,0.0
basin_agri,IND,2090,157029.46527943632
basin_agri,LBN,2090,103.49856474213423
basin_agri,LBY,2090,843.3736504016996
basin_agri,ISR,2090,276.2325593122737
basin_agri,JOR,2090,100.1388395538086
basin_agri,MEX,2090,25807.172225132268
basin_agri,BMU,2090,0.0
basin_agri,PSE,2090,34.17309872284971
basin_agri,EGY,2090,3296.458696897525
basin_agri,SAU,2090,302.9480171967704
basin_agri,NPL,2090,2161.2724391844326
basin_agri,KWT,2090,5.030932718581554
basin_agri,MMR,2090,15153.700561587899
basin_agri,BTN,2090,0.0
basin_agri,BHS,2090,0.0
basin_agri,ESH,2090,0.0
basin_agri,MRT,2090,153.23513727656294
basin_agri,BHR,2090,0.0
basin_agri,QAT,2090,0.0
basin_agri,OMN,2090,24.426903973233006
basin_agri,ARE,2090,49.93505627568403
basin_agri,BGD,2090,5634.252257721705
basin_agri,TWN,2090,1498.2393616134145
basin_agri,MLI,2090,924.5925346314618
basin_agri,CUB,2090,0.0
basin_agri,NER,2090,13864.17386280838
basin_agri,TCD,2090,1180.9068090072356
basin_agri,VNM,2090,11624.424473468607
basin_agri,LAO,2090,2872.078763520899
basin_agri,HKG,2090,0.0
basin_agri,TCA,2090,0.0
basin_agri,SDN,2090,1096.9268382378623
basin_agri,PHL,2090,9244.757005493553
basin_agri,HTI,2090,620.054900504238
basin_agri,THA,2090,21869.892896601297
basin_agri,CYM,2090,0.0
basin_agri,DOM,2090,1594.5813770000009
basin_agri,JAM,2090,139.01679388565836
basin_agri,PRI,2090,0.0
basin_agri,VGB,2090,0.0
basin_agri,YEM,2090,0.30310653585909886
basin_agri,MNP,2090,0.0
basin_agri,BLZ,2090,78.98302928728563
basin_agri,VIR,2090,0.0
basin_agri,GTM,2090,2676.5678166786333
basin_agri,ATG,2090,0.0
basin_agri,ERI,2090,37.075902610331575
basin_agri,KNA,2090,0.0
basin_agri,CPV,2090,0.0
basin_agri,HND,2090,1699.751984272664
basin_agri,SEN,2090,2533.277137680156
basin_agri,DMA,2090,0.0
basin_agri,NIC,2090,1309.6542754947654
basin_agri,BFA,2090,7095.391840014662
basin_agri,MHL,2090,0.0
basin_agri,SLV,2090,798.6137914861703
basin_agri,LCA,2090,0.0
basin_agri,ETH,2090,23607.296134786582
basin_agri,KHM,2090,4421.724219574526
basin_agri,GMB,2090,150.46794050990394
basin_agri,NGA,2090,9006.675956891906
basin_agri,GUM,2090,0.0
basin_agri,COL,2090,7687.373338876319
basin_agri,VCT,2090,0.0
basin_agri,BRB,2090,0.0
basin_agri,ABW,2090,0.0
basin_agri,GRD,2090,0.0
basin_agri,CMR,2090,12832.258304350416
basin_agri,DJI,2090,2.656741368788817
basin_agri,VEN,2090,151.55525561112842
basin_agri,GNB,2090,217.09745554631948
basin_agri,GIN,2090,558.6118045190233
basin_agri,BEN,2090,3629.436285727438
basin_agri,SSD,2090,155.50823070945287
basin_agri,SOM,2090,26.716244953936695
basin_agri,TTO,2090,26.25011960352888
basin_agri,CRI,2090,767.0272239744077
basin_agri,GHA,2090,6083.701471120202
basin_agri,TGO,2090,2769.4423514094683
basin_agri,CAF,2090,1904.8226252839338
basin_agri,CIV,2090,14661.22563984806
basin_agri,PAN,2090,567.6057870789942
basin_agri,SLE,2090,1142.6607159478287
basin_agri,LKA,2090,3544.8512086343694
basin_agri,FSM,2090,0.0
basin_agri,GUY,2090,231.47540095018326
basin_agri,LBR,2090,499.9853253889725
basin_agri,PLW,2090,0.0
basin_agri,MYS,2090,4635.1038179727875
basin_agri,MDV,2090,0.0
basin_agri,SUR,2090,119.95983964050771
basin_agri,IDN,2090,35175.70732936296
basin_agri,COD,2090,9730.561933362604
basin_agri,BRN,2090,3.6547839726124725
basin_agri,BRA,2090,64298.76796654856
basin_agri,KEN,2090,4238.098268290716
basin_agri,KIR,2090,0.0
basin_agri,GNQ,2090,10.302122248269622
basin_agri,UGA,2090,7858.0495933220245
basin_agri,COG,2090,431.2777019503812
basin_agri,GAB,2090,196.8447538560515
basin_agri,STP,2090,0.0
basin_agri,ECU,2090,2548.971215749289
basin_agri,SGP,2090,4.455890743149674
basin_agri,PER,2090,4110.577489053221
basin_agri,NRU,2090,0.0
basin_agri,RWA,2090,527.7133342380632
basin_agri,TZA,2090,30202.580206538623
basin_agri,PNG,2090,1134.1575954490595
basin_agri,BDI,2090,1392.542868441257
basin_agri,SYC,2090,0.0
basin_agri,AGO,2090,1993.7871877139219
basin_agri,SLB,2090,50.606548992486104
basin_agri,PYF,2090,0.0
basin_agri,ZMB,2090,4970.456462732096
basin_agri,TLS,2090,241.7072725728406
basin_agri,TUV,2090,0.0
basin_agri,MWI,2090,4014.682708125166
basin_agri,BOL,2090,5254.421798314459
basin_agri,MOZ,2090,6147.207859418269
basin_agri,AUS,2090,15335.10586431673
basin_agri,COM,2090,0.0
basin_agri,MDG,2090,10373.172175999629
basin_agri,FJI,2090,0.0
basin_agri,WSM,2090,0.0
basin_agri,VUT,2090,0.0
basin_agri,ASM,2090,0.0
basin_agri,TON,2090,0.0
basin_agri,ZWE,2090,4098.573800835223
basin_agri,NAM,2090,21.84456159688297
basin_agri,CHL,2090,1011.0272530727106
basin_agri,BWA,2090,139.04008325262646
basin_agri,PRY,2090,3947.1698410710824
basin_agri,MUS,2090,0.0
basin_agri,NCL,2090,0.0
basin_agri,ARG,2090,38384.026557022305
basin_agri,ZAF,2090,9051.38057920287
basin_agri,SWZ,2090,118.02271039692772
basin_agri,LSO,2090,124.25951376900305
basin_agri,NZL,2090,269.8408124639227
basin_agri,URY,2090,1101.6425431268344
basin_agri,GRL,2100,0.0
basin_agri,CAN,2100,53524.74370936918
basin_agri,RUS,2100,116993.0020736969
basin_agri,NOR,2100,1148.2087827022708
basin_agri,USA,2100,211186.5594694064
basin_agri,FIN,2100,2177.916839753165
basin_agri,SWE,2100,2498.8318200809113
basin_agri,ISL,2100,0.0
basin_agri,FRO,2100,0.0
basin_agri,GBR,2100,3146.1546755402264
basin_agri,EST,2100,733.9975190945959
basin_agri,DNK,2100,2528.0913809682065
basin_agri,LVA,2100,615.7038396791826
basin_agri,LTU,2100,1984.0131320501648
basin_agri,BLR,2100,13628.349731883229
basin_agri,IRL,2100,811.6347705087614
basin_agri,KAZ,2100,20033.785341449824
basin_agri,DEU,2100,11989.039509800044
basin_agri,POL,2100,12778.776664410168
basin_agri,NLD,2100,1328.4459020403056
basin_agri,CHN,2100,126461.68615784786
basin_agri,UKR,2100,37737.994483571
basin_agri,MNG,2100,197.89775965743752
basin_agri,FRA,2100,18522.76128115524
basin_agri,BEL,2100,411.1918975948307
basin_agri,CZE,2100,3793.921106428092
basin_agri,LUX,2100,36.57688328044178
basin_agri,SVK,2100,1926.8890416176107
basin_agri,AUT,2100,3264.838384307851
basin_agri,HUN,2100,4861.994066968714
basin_agri,ROU,2100,7880.404128479951
basin_agri,MDA,2100,2008.0637453411327
basin_agri,CHE,2100,244.7752165368929
basin_agri,ITA,2100,6204.760151283288
basin_agri,SVN,2100,347.0527075984239
basin_agri,HRV,2100,683.113219197789
basin_agri,SRB,2100,4076.504867414735
basin_agri,JPN,2100,1926.7278705297783
basin_agri,UZB,2100,4792.255589909226
basin_agri,BIH,2100,363.98689773942306
basin_agri,ESP,2100,12563.48183889396
basin_agri,BGR,2100,4649.306497280099
basin_agri,MNE,2100,167.66939442616086
basin_agri,GEO,2100,516.2661387052552
basin_agri,XKX,2100,183.1804144677189
basin_agri,KGZ,2100,1778.7178971771768
basin_agri,PRK,2100,20.36668197886222
basin_agri,ALB,2100,731.6773262580538
basin_agri,MKD,2100,763.9356509992635
basin_agri,TUR,2100,15088.375493167376
basin_agri,TKM,2100,1012.4970438738425
basin_agri,PRT,2100,770.8633060320524
basin_agri,AZE,2100,2006.6346681263217
basin_agri,GRC,2100,3753.068637123656
basin_agri,ARM,2100,260.54860392191404
basin_agri,TJK,2100,1601.6632866819136
basin_agri,IRN,2100,9912.29110108249
basin_agri,AFG,2100,9503.524942665004
basin_agri,KOR,2100,898.2902595048108
basin_agri,DZA,2100,1862.4902901406404
basin_agri,TUN,2100,3018.8611656792755
basin_agri,SYR,2100,23.13079454332481
basin_agri,IRQ,2100,427.7516246166533
basin_agri,PAK,2100,21881.965808470508
basin_agri,MLT,2100,0.0
basin_agri,MAR,2100,10142.1907967372
basin_agri,CYP,2100,0.0
basin_agri,IND,2100,154317.07638352443
basin_agri,LBN,2100,89.68911927623837
basin_agri,LBY,2100,696.9230399828577
basin_agri,ISR,2100,266.49990820251276
basin_agri,JOR,2100,103.00668574519682
basin_agri,MEX,2100,27673.089614761633
basin_agri,BMU,2100,0.0
basin_agri,PSE,2100,34.123999756858076
basin_agri,EGY,2100,3271.6236708363413
basin_agri,SAU,2100,241.98995472594703
basin_agri,NPL,2100,2109.199477844511
basin_agri,KWT,2100,4.12115312320434
basin_agri,MMR,2100,15274.650405662851
basin_agri,BTN,2100,0.0
basin_agri,BHS,2100,0.0
basin_agri,ESH,2100,0.0
basin_agri,MRT,2100,144.22067871607877
basin_agri,BHR,2100,0.0
basin_agri,QAT,2100,0.0
basin_agri,OMN,2100,19.38507751582902
basin_agri,ARE,2100,35.87059725830289
basin_agri,BGD,2100,5492.914536921888
basin_agri,TWN,2100,1500.7512595980222
basin_agri,MLI,2100,778.6317666640116
basin_agri,CUB,2100,0.0
basin_agri,NER,2100,11988.051515610565
basin_agri,TCD,2100,971.4247734623183
basin_agri,VNM,2100,11554.550114186179
basin_agri,LAO,2100,3712.7873332506883
basin_agri,HKG,2100,0.0
basin_agri,TCA,2100,0.0
basin_agri,SDN,2100,970.9186189286273
basin_agri,PHL,2100,9140.143218701003
basin_agri,HTI,2100,632.191940738232
basin_agri,THA,2100,22124.232392447157
basin_agri,CYM,2100,0.0
basin_agri,DOM,2100,1616.2124457340306
basin_agri,JAM,2100,128.2478164980477
basin_agri,PRI,2100,0.0
basin_agri,VGB,2100,0.0
basin_agri,YEM,2100,0.17737782173641944
basin_agri,MNP,2100,0.0
basin_agri,BLZ,2100,74.78735653789933
basin_agri,VIR,2100,0.0
basin_agri,GTM,2100,2715.329410405999
basin_agri,ATG,2100,0.0
basin_agri,ERI,2100,37.645769546780194
basin_agri,KNA,2100,0.0
basin_agri,CPV,2100,0.0
basin_agri,HND,2100,1649.2654128210802
basin_agri,SEN,2100,2367.9873354085435
basin_agri,DMA,2100,0.0
basin_agri,NIC,2100,1432.877161597333
basin_agri,BFA,2100,6756.653564696946
basin_agri,MHL,2100,0.0
basin_agri,SLV,2100,815.7081933001677
basin_agri,LCA,2100,0.0
basin_agri,ETH,2100,23752.364205121536
basin_agri,KHM,2100,5243.57915875658
basin_agri,GMB,2100,135.38099777688302
basin_agri,NGA,2100,7740.255997267196
basin_agri,GUM,2100,0.0
basin_agri,COL,2100,8213.719925190977
basin_agri,VCT,2100,0.0
basin_agri,BRB,2100,0.0
basin_agri,ABW,2100,0.0
basin_agri,GRD,2100,0.0
basin_agri,CMR,2100,12910.883830158988
basin_agri,DJI,2100,2.195635926305171
basin_agri,VEN,2100,168.74719939622815
basin_agri,GNB,2100,216.46373673882061
basin_agri,GIN,2100,582.3023430226343
basin_agri,BEN,2100,3301.4911428882797
basin_agri,SSD,2100,154.85734693510238
basin_agri,SOM,2100,26.716244953936695
basin_agri,TTO,2100,28.340810963856548
basin_agri,CRI,2100,781.6414927145311
basin_agri,GHA,2100,5713.759416453142
basin_agri,TGO,2100,2657.7283545479067
basin_agri,CAF,2100,1706.1743917006936
basin_agri,CIV,2100,14410.230211645929
basin_agri,PAN,2100,570.5012946470532
basin_agri,SLE,2100,1041.2126086921003
basin_agri,LKA,2100,3469.4436277512054
basin_agri,FSM,2100,0.0
basin_agri,GUY,2100,238.36949564014859
basin_agri,LBR,2100,518.2924553500937
basin_agri,PLW,2100,0.0
basin_agri,MYS,2100,4503.485105424006
basin_agri,MDV,2100,0.0
basin_agri,SUR,2100,120.33085899872756
basin_agri,IDN,2100,34867.84354853301
basin_agri,COD,2100,9009.668355373133
basin_agri,BRN,2100,3.6547839726124725
basin_agri,BRA,2100,57884.46637394222
basin_agri,KEN,2100,4312.547046063166
basin_agri,KIR,2100,0.0
basin_agri,GNQ,2100,10.302122248269622
basin_agri,UGA,2100,7646.962290692977
basin_agri,COG,2100,376.8095378038992
basin_agri,GAB,2100,125.76079984018787
basin_agri,STP,2100,0.0
basin_agri,ECU,2100,2472.2818698869323
basin_agri,SGP,2100,4.263096666607035
basin_agri,PER,2100,4020.590894531419
basin_agri,NRU,2100,0.0
basin_agri,RWA,2100,514.1175948685735
basin_agri,TZA,2100,30867.439909116005
basin_agri,PNG,2100,1088.8144374592548
basin_agri,BDI,2100,1362.7032488800553
basin_agri,SYC,2100,0.0
basin_agri,AGO,2100,1772.417702156109
basin_agri,SLB,2100,48.46937608529035
basin_agri,PYF,2100,0.0
basin_agri,ZMB,2100,4933.757017789061
basin_agri,TLS,2100,244.01433937006047
basin_agri,TUV,2100,0.0
basin_agri,MWI,2100,4069.261020289552
basin_agri,BOL,2100,5591.970268132722
basin_agri,MOZ,2100,5927.206011367209
basin_agri,AUS,2100,14236.046313649305
basin_agri,COM,2100,0.0
basin_agri,MDG,2100,10957.096036187495
basin_agri,FJI,2100,0.0
basin_agri,WSM,2100,0.0
basin_agri,VUT,2100,0.0
basin_agri,ASM,2100,0.0
basin_agri,TON,2100,0.0
basin_agri,ZWE,2100,4139.772994620776
basin_agri,NAM,2100,16.430173520807955
basin_agri,CHL,2100,959.1744820474647
basin_agri,BWA,2100,142.51562042400047
basin_agri,PRY,2100,4274.581598465447
basin_agri,MUS,2100,0.0
basin_agri,NCL,2100,0.0
basin_agri,ARG,2100,38742.83872072089
basin_agri,ZAF,2100,9202.222600037036
basin_agri,SWZ,2100,116.0761348620376
basin_agri,LSO,2100,136.3592657779648
basin_agri,NZL,2100,237.40847362797876
basin_agri,URY,2100,1085.5198651891885
region_agri,GRL,2005,0.0
region_agri,CAN,2005,45036.52859038603
region_agri,RUS,2005,101390.11330321048
region_agri,NOR,2005,294.3590177064493
region_agri,USA,2005,152823.8834419447
region_agri,FIN,2005,1704.5480638528238
region_agri,SWE,2005,1619.1127025583073
region_agri,ISL,2005,0.0
region_agri,FRO,2005,0.0
region_agri,GBR,2005,5246.04498421013
region_agri,EST,2005,605.3146010364818
region_agri,DNK,2005,2243.553395338129
region_agri,LVA,2005,763.5159701378367
region_agri,LTU,2005,2137.414720428644
region_agri,BLR,2005,5519.59021272646
region_agri,IRL,2005,491.92196877575844
region_agri,KAZ,2005,23181.49296598872
region_agri,DEU,2005,13519.16182597231
region_agri,POL,2005,12200.903420923994
region_agri,NLD,2005,602.9344860809284
region_agri,CHN,2005,106558.40061976074
region_agri,UKR,2005,32449.453213575318
region_agri,MNG,2005,257.4595922748811
region_agri,FRA,2005,17352.512432937703
region_agri,BEL,2005,662.4805068808489
region_agri,CZE,2005,2651.8972484782903
region_agri,LUX,2005,42.273914169196914
region_agri,SVK,2005,1334.0941641519655
region_agri,AUT,2005,1583.51209796566
region_agri,HUN,2005,4999.042473192095
region_agri,ROU,2005,7772.7809687933095
region_agri,MDA,2005,2236.0414940150617
region_agri,CHE,2005,202.87865872827115
region_agri,ITA,2005,6807.137819714907
region_agri,SVN,2005,195.4053008621516
region_agri,HRV,2005,1034.923540185032
region_agri,SRB,2005,2341.303441306306
region_agri,JPN,2005,3985.140736391435
region_agri,UZB,2005,4546.075792538339
region_agri,BIH,2005,453.029476426197
region_agri,ESP,2005,14001.675995030833
region_agri,BGR,2005,2891.6645203684334
region_agri,MNE,2005,191.3543271920646
region_agri,GEO,2005,793.1288386585389
region_agri,XKX,2005,295.39034702637997
region_agri,KGZ,2005,1640.5535640610797
region_agri,PRK,2005,2374.7342484771484
region_agri,ALB,2005,286.7930630863985
region_agri,MKD,2005,326.73268847122836
region_agri,TUR,2005,19024.29688467172
region_agri,TKM,2005,2032.5828866832408
region_agri,PRT,2005,1637.024627182177
region_agri,AZE,2005,1716.702445739841
region_agri,GRC,2005,2270.587611892879
region_agri,ARM,2005,300.2642199163995
region_agri,TJK,2005,951.4998335060108
region_agri,IRN,2005,11415.850864984866
region_agri,AFG,2005,1813.5904525035758
region_agri,KOR,2005,1703.7295668855932
region_agri,DZA,2005,5100.0047047752
region_agri,TUN,2005,2278.0806822029963
region_agri,SYR,2005,3603.9786458610943
region_agri,IRQ,2005,635.8765906967258
region_agri,PAK,2005,15649.882303975493
region_agri,MLT,2005,0.0
region_agri,MAR,2005,8404.024999505242
region_agri,CYP,2005,0.0
region_agri,IND,2005,139111.15644613854
region_agri,LBN,2005,140.7300463560474
region_agri,LBY,2005,863.6078985791645
region_agri,ISR,2005,278.6302951725856
region_agri,JOR,2005,124.60170733483831
region_agri,MEX,2005,16061.838725808597
region_agri,BMU,2005,0.0
region_agri,PSE,2005,60.267455796845894
region_agri,EGY,2005,4317.893704403672
region_agri,SAU,2005,1936.3703275759726
region_agri,NPL,2005,1965.8836126715935
region_agri,KWT,2005,3.9252111379400425
region_agri,MMR,2005,10966.782028095477
region_agri,BTN,2005,44.125638769396105
region_agri,BHS,2005,0.0
region_agri,ESH,2005,0.0
region_agri,MRT,2005,401.6608787088549
region_agri,BHR,2005,0.0
region_agri,QAT,2005,0.0
region_agri,OMN,2005,33.508500425578674
region_agri,ARE,2005,72.31898778692255
region_agri,BGD,2005,4288.551807488625
region_agri,TWN,2005,568.9421458280874
region_agri,MLI,2005,4249.563638638311
region_agri,CUB,2005,1840.08067237686
region_agri,NER,2005,10029.27080618882
region_agri,TCD,2005,3271.1391339465986
region_agri,VNM,2005,7021.1924409959165
region_agri,LAO,2005,1085.521412129632
region_agri,HKG,2005,0.0
region_agri,TCA,2005,0.0
region_agri,SDN,2005,16573.84470379233
region_agri,PHL,2005,9388.646781473257
region_agri,HTI,2005,854.0148055892189
region_agri,THA,2005,18765.955278715344
region_agri,CYM,2005,0.0
region_agri,DOM,2005,796.5012187414006
region_agri,JAM,2005,166.27913718024342
region_agri,PRI,2005,40.27872513884953
region_agri,VGB,2005,0.0
region_agri,YEM,2005,1316.8762502290676
region_agri,MNP,2005,0.0
region_agri,BLZ,2005,39.287044401414526
region_agri,VIR,2005,0.0
region_agri,GTM,2005,1392.347856963358
region_agri,ATG,2005,0.0
region_agri,ERI,2005,714.858676364078
region_agri,KNA,2005,0.0
region_agri,CPV,2005,0.0
region_agri,HND,2005,870.091965171184
region_agri,SEN,2005,2789.349821763932
region_agri,DMA,2005,0.0
region_agri,NIC,2005,873.85296160919
region_agri,BFA,2005,4447.1487486695305
region_agri,MHL,2005,0.0
region_agri,SLV,2005,614.3234443615183
region_agri,LCA,2005,0.0
region_agri,ETH,2005,10562.263884142649
region_agri,KHM,2005,2735.2783340732494
region_agri,GMB,2005,239.38303320368686
region_agri,NGA,2005,41095.32662607796
region_agri,GUM,2005,0.0
region_agri,COL,2005,2826.3871649887037
region_agri,VCT,2005,0.0
region_agri,BRB,2005,0.0
region_agri,ABW,2005,0.0
region_agri,GRD,2005,0.0
region_agri,CMR,2005,3925.5000035267967
region_agri,DJI,2005,0.7355188301688189
region_agri,VEN,2005,1545.7090971020464
region_agri,GNB,2005,337.8671627496202
region_agri,GIN,2005,2491.35834772202
region_agri,BEN,2005,1878.3231701867742
region_agri,SSD,2005,2481.025158244758
region_agri,SOM,2005,899.4762513465874
region_agri,TTO,2005,35.08805750092989
region_agri,CRI,2005,291.79639498993805
region_agri,GHA,2005,4874.968752751779
region_agri,TGO,2005,1786.8808557153916
region_agri,CAF,2005,762.4522630372346
region_agri,CIV,2005,6470.290301212994
region_agri,PAN,2005,227.84567586756782
region_agri,SLE,2005,636.5949250325527
region_agri,LKA,2005,1400.174027897856
region_agri,FSM,2005,0.0
region_agri,GUY,2005,176.9172615342497
region_agri,LBR,2005,392.00173664928855
region_agri,PLW,2005,0.0
region_agri,MYS,2005,5542.640264907721
region_agri,MDV,2005,0.0
region_agri,SUR,2005,42.2275062320279
region_agri,IDN,2005,26845.958093119865
region_agri,COD,2005,5839.8252463455365
region_agri,BRN,2005,8.882675976336497
region_agri,BRA,2005,70347.98508171795
region_agri,KEN,2005,4989.613084238144
region_agri,KIR,2005,0.0
region_agri,GNQ,2005,50.092215335020526
region_agri,UGA,2005,6510.178021122694
region_agri,COG,2005,239.43064365798176
region_agri,GAB,2005,172.58759601035345
region_agri,STP,2005,0.0
region_agri,ECU,2005,2093.4733718291473
region_agri,SGP,2005,31.0969077762411
region_agri,PER,2005,2191.323572608326
region_agri,NRU,2005,0.0
region_agri,RWA,2005,1026.3085243089397
region_agri,TZA,2005,6669.335063368582
region_agri,PNG,2005,645.265825613063
region_agri,BDI,2005,932.3024217246622
region_agri,SYC,2005,0.0
region_agri,AGO,2005,2448.3779849679886
region_agri,SLB,2005,0.0
region_agri,PYF,2005,0.0
region_agri,ZMB,2005,1612.4145040341386
region_agri,TLS,2005,164.2331072212482
region_agri,TUV,2005,0.0
region_agri,MWI,2005,1754.2808956595184
region_agri,BOL,2005,2877.6949333062344
region_agri,MOZ,2005,3976.4442135202326
region_agri,AUS,2005,34309.48766859977
region_agri,COM,2005,0.0
region_agri,MDG,2005,2878.9538601849836
region_agri,FJI,2005,0.0
region_agri,WSM,2005,0.0
region_agri,VUT,2005,0.0
region_agri,ASM,2005,0.0
region_agri,TON,2005,1.5411130955400636
region_agri,ZWE,2005,3046.4820035393204
region_agri,NAM,2005,265.6228256034512
region_agri,CHL,2005,1357.0481535786976
region_agri,BWA,2005,247.3305922306859
region_agri,PRY,2005,3446.7877947448806
region_agri,MUS,2005,0.0
region_agri,NCL,2005,0.0
region_agri,ARG,2005,33384.65413012376
region_agri,ZAF,2005,10667.873492753384
region_agri,SWZ,2005,198.61630503653555
region_agri,LSO,2005,342.5732596861898
region_agri,NZL,2005,590.0529525625171
region_agri,URY,2005,960.6785775381638
region_agri,GRL,2010,2686.219105955954
region_agri,CAN,2010,44353.87325379395
region_agri,RUS,2010,106443.94135470368
region_agri,NOR,2010,509.80212824675345
region_agri,USA,2010,145338.411580096
region_agri,FIN,2010,969.6606103167816
region_agri,SWE,2010,1632.589926603949
region_agri,ISL,2010,129.42825379267953
region_agri,FRO,2010,0.0
region_agri,GBR,2010,4833.799022652396
region_agri,EST,2010,347.72977625967224
region_agri,DNK,2010,2135.0056469801902
region_agri,LVA,2010,444.7957709259224
region_agri,LTU,2010,1642.137242618102
region_agri,BLR,2010,5517.837460208163
region_agri,IRL,2010,281.80652163178434
region_agri,KAZ,2010,19680.040676924647
region_agri,DEU,2010,14398.40617927652
region_agri,POL,2010,11938.012831674876
region_agri,NLD,2010,727.5644745489757
region_agri,CHN,2010,114466.8141358416
region_agri,UKR,2010,32373.94035313768
region_agri,MNG,2010,277.90281787719266
region_agri,FRA,2010,17954.67581651642
region_agri,BEL,2010,812.804214373731
region_agri,CZE,2010,2691.0386542540577
region_agri,LUX,2010,42.27367613534136
region_agri,SVK,2010,1348.7276273866476
region_agri,AUT,2010,1623.5455883341288
region_agri,HUN,2010,5088.429301665127
region_agri,ROU,2010,8950.214425266622
region_agri,MDA,2010,2137.156146358263
region_agri,CHE,2010,411.3419101519426
region_agri,ITA,2010,7485.70952657392
region_agri,SVN,2010,332.7109132832734
region_agri,HRV,2010,1680.5523958406618
region_agri,SRB,2010,3128.692731959945
region_agri,JPN,2010,3901.044956086316
region_agri,UZB,2010,4461.140728774549
region_agri,BIH,2010,785.3582083102386
region_agri,ESP,2010,12955.132009825185
region_agri,BGR,2010,3115.9228123279595
region_agri,MNE,2010,241.2800394541017
region_agri,GEO,2010,792.2619927175334
region_agri,XKX,2010,389.72048508846956
region_agri,KGZ,2010,1478.7171395833882
region_agri,PRK,2010,2372.1459836301638
region_agri,ALB,2010,516.2124777489727
region_agri,MKD,2010,558.0897478560639
region_agri,TUR,2010,17827.03999576256
region_agri,TKM,2010,1967.9120448044732
region_agri,PRT,2010,1507.8888790999395
region_agri,AZE,2010,1661.13410015993
region_agri,GRC,2010,2323.322625559396
region_agri,ARM,2010,300.2641528528618
region_agri,TJK,2010,924.8634896072014
region_agri,IRN,2010,10543.318535453593
region_agri,AFG,2010,2031.6886925742156
region_agri,KOR,2010,2501.6390743107354
region_agri,DZA,2010,4674.9651334541195
region_agri,TUN,2010,2359.9649969848174
region_agri,SYR,2010,3490.4751702700632
region_agri,IRQ,2010,570.4757408387229
region_agri,PAK,2010,16255.29806309491
region_agri,MLT,2010,0.0
region_agri,MAR,2010,8379.756080492192
region_agri,CYP,2010,0.0
region_agri,IND,2010,137169.26244105166
region_agri,LBN,2010,133.16785623411215
region_agri,LBY,2010,767.5588202315457
region_agri,ISR,2010,267.07316705766675
region_agri,JOR,2010,109.72989082893386
region_agri,MEX,2010,17334.956190321
region_agri,BMU,2010,0.0
region_agri,PSE,2010,55.02559881199764
region_agri,EGY,2010,5346.851559099272
region_agri,SAU,2010,1759.27948429973
region_agri,NPL,2010,1971.962522293979
region_agri,KWT,2010,3.8291036830353407
region_agri,MMR,2010,12037.657387265168
region_agri,BTN,2010,71.47197023852995
region_agri,BHS,2010,0.0
region_agri,ESH,2010,0.0
region_agri,MRT,2010,845.1559293929934
region_agri,BHR,2010,0.0
region_agri,QAT,2010,0.0
region_agri,OMN,2010,31.030661297898526
region_agri,ARE,2010,72.17593848816043
region_agri,BGD,2010,4376.288630918656
region_agri,TWN,2010,568.9427864871346
region_agri,MLI,2010,4827.091313150001
region_agri,CUB,2010,2186.365306044603
region_agri,NER,2010,10843.09890734909
region_agri,TCD,2010,3949.8670965361416
region_agri,VNM,2010,8589.54010535506
region_agri,LAO,2010,1469.1534382197008
region_agri,HKG,2010,0.0
region_agri,TCA,2010,0.0
region_agri,SDN,2010,17098.048710222105
region_agri,PHL,2010,10067.247167537538
region_agri,HTI,2010,854.014621879642
region_agri,THA,2010,19530.975666944312
region_agri,CYM,2010,0.0
region_agri,DOM,2010,860.7858894153723
region_agri,JAM,2010,166.27940959787784
region_agri,PRI,2010,40.278166711097946
region_agri,VGB,2010,0.0
region_agri,YEM,2010,1183.085574504587
region_agri,MNP,2010,0.0
region_agri,BLZ,2010,39.28736851299945
region_agri,VIR,2010,0.0
region_agri,GTM,2010,1646.2225943578378
region_agri,ATG,2010,0.0
region_agri,ERI,2010,813.1471432726728
region_agri,KNA,2010,0.0
region_agri,CPV,2010,5.963126330713737
region_agri,HND,2010,899.9737559568534
region_agri,SEN,2010,2998.9291731753383
region_agri,DMA,2010,0.0
region_agri,NIC,2010,873.7425570599255
region_agri,BFA,2010,4712.796096056843
region_agri,MHL,2010,0.0
region_agri,SLV,2010,614.2944536304502
region_agri,LCA,2010,0.0
region_agri,ETH,2010,11631.02786200052
region_agri,KHM,2010,2810.127488904294
region_agri,GMB,2010,245.39306977212073
region_agri,NGA,2010,41969.4274457839
region_agri,GUM,2010,0.0
region_agri,COL,2010,3283.673224508918
region_agri,VCT,2010,0.0
region_agri,BRB,2010,0.0
region_agri,ABW,2010,0.0
region_agri,GRD,2010,0.0
region_agri,CMR,2010,4370.9566402994315
region_agri,DJI,2010,9.812499907555317
region_agri,VEN,2010,2320.1861750040944
region_agri,GNB,2010,343.9076152863994
region_agri,GIN,2010,2640.0068711872223
region_agri,BEN,2010,1997.1153049030117
region_agri,SSD,2010,3075.5982308462912
region_agri,SOM,2010,1139.469071203667
region_agri,TTO,2010,35.088331627095386
region_agri,CRI,2010,291.79769535826614
region_agri,GHA,2010,4975.71200741564
region_agri,TGO,2010,1844.704747988316
region_agri,CAF,2010,1376.2824763577555
region_agri,CIV,2010,6656.750599557333
region_agri,PAN,2010,261.4444085626235
region_agri,SLE,2010,712.9944903123414
region_agri,LKA,2010,1473.6662750432542
region_agri,FSM,2010,0.0
region_agri,GUY,2010,178.3722349864771
region_agri,LBR,2010,410.4016019954847
region_agri,PLW,2010,0.0
region_agri,MYS,2010,5893.803447542424
region_agri,MDV,2010,0.0
region_agri,SUR,2010,76.18149913312455
region_agri,IDN,2010,28181.29753786183
region_agri,COD,2010,7450.357098224971
region_agri,BRN,2010,48.94544281673615
region_agri,BRA,2010,73564.18296608352
region_agri,KEN,2010,5520.778035571384
region_agri,KIR,2010,0.0
region_agri,GNQ,2010,65.53141879920562
region_agri,UGA,2010,6726.546869132842
region_agri,COG,2010,566.7067955533477
region_agri,GAB,2010,330.16518170055645
region_agri,STP,2010,0.0
region_agri,ECU,2010,2189.4163618624175
region_agri,SGP,2010,31.096691391316046
region_agri,PER,2010,2280.024903494407
region_agri,NRU,2010,0.0
region_agri,RWA,2010,1045.9890860676292
region_agri,TZA,2010,7506.9655201380165
region_agri,PNG,2010,1133.114460177214
region_agri,BDI,2010,956.9828838999838
region_agri,SYC,2010,0.0
region_agri,AGO,2010,3681.6597468557634
region_agri,SLB,2010,51.847817448110945
region_agri,PYF,2010,0.0
region_agri,ZMB,2010,2369.2005785690267
region_agri,TLS,2010,164.23329340260221
region_agri,TUV,2010,0.0
region_agri,MWI,2010,1850.4091900577935
region_agri,BOL,2010,4649.653495156183
region_agri,MOZ,2010,4644.267206255749
region_agri,AUS,2010,33431.35876395633
region_agri,COM,2010,6.045645372869293
region_agri,MDG,2010,3424.5747740735187
region_agri,FJI,2010,23.593458702645087
region_agri,WSM,2010,3.0018197569040987
region_agri,VUT,2010,17.68420028872731
region_agri,ASM,2010,0.0
region_agri,TON,2010,4.421490315404076
region_agri,ZWE,2010,3434.893923079297
region_agri,NAM,2010,584.4472802605779
region_agri,CHL,2010,1520.8263822943788
region_agri,BWA,2010,739.9480444376763
region_agri,PRY,2010,3804.6973420321156
region_agri,MUS,2010,0.0
region_agri,NCL,2010,20.160519325377265
region_agri,ARG,2010,33118.04655256605
region_agri,ZAF,2010,11557.431699988847
region_agri,SWZ,2010,212.42612483353076
region_agri,LSO,2010,374.8473517918416
region_agri,NZL,2010,532.8318682093765
region_agri,URY,2010,929.8617382675923
region_agri,GRL,2020,2692.318576691977
region_agri,CAN,2020,45321.007095442794
region_agri,RUS,2020,110363.20939838185
region_agri,NOR,2020,405.97667587668343
region_agri,USA,2020,142732.44866672036
region_agri,FIN,2020,648.30738315946
region_agri,SWE,2020,1607.6925333944278
region_agri,ISL,2020,155.6953569653002
region_agri,FRO,2020,0.0
region_agri,GBR,2020,4761.566545052812
region_agri,EST,2020,330.6710480950197
region_agri,DNK,2020,1997.2697671373908
region_agri,LVA,2020,327.3096121553635
region_agri,LTU,2020,1056.232111641513
region_agri,BLR,2020,5717.394256513877
region_agri,IRL,2020,259.38424899979566
region_agri,KAZ,2020,17917.152116990776
region_agri,DEU,2020,15474.926179668313
region_agri,POL,2020,11998.718474905923
region_agri,NLD,2020,744.6941080920615
region_agri,CHN,2020,111630.11353859141
region_agri,UKR,2020,32345.674843846897
region_agri,MNG,2020,1784.8237355035865
region_agri,FRA,2020,19601.779659860636
region_agri,BEL,2020,1019.9140715793441
region_agri,CZE,2020,2615.980713820627
region_agri,LUX,2020,64.21381598163133
region_agri,SVK,2020,1308.7019367343787
region_agri,AUT,2020,1765.7393411145913
region_agri,HUN,2020,5084.422871941201
region_agri,ROU,2020,7963.3166221939
region_agri,MDA,2020,2041.4479104113059
region_agri,CHE,2020,414.2208416731804
region_agri,ITA,2020,8310.222097071086
region_agri,SVN,2020,498.0169167503575
region_agri,HRV,2020,1674.0928403368687
region_agri,SRB,2020,3127.716970979876
region_agri,JPN,2020,3778.7765448412
region_agri,UZB,2020,4245.310139233639
region_agri,BIH,2020,690.0768044498977
region_agri,ESP,2020,10500.922700894476
region_agri,BGR,2020,2666.274419443289
region_agri,MNE,2020,235.6269453414335
region_agri,GEO,2020,843.9482543721017
region_agri,XKX,2020,398.77798442191363
region_agri,KGZ,2020,1236.0319719401502
region_agri,PRK,2020,2420.3657857576623
region_agri,ALB,2020,484.303208038519
region_agri,MKD,2020,555.1345559196292
region_agri,TUR,2020,16751.202033360394
region_agri,TKM,2020,1660.3209734681523
region_agri,PRT,2020,1115.6263705598315
region_agri,AZE,2020,1555.3132078844985
region_agri,GRC,2020,1981.1874338169516
region_agri,ARM,2020,307.18552062378257
region_agri,TJK,2020,797.0904700428541
region_agri,IRN,2020,9347.820555922885
region_agri,AFG,2020,1617.2099192030819
region_agri,KOR,2020,2682.1606867867986
region_agri,DZA,2020,4218.789544599441
region_agri,TUN,2020,2446.1093059055456
region_agri,SYR,2020,3268.4061335456076
region_agri,IRQ,2020,697.3185311034508
region_agri,PAK,2020,16288.124947249746
region_agri,MLT,2020,0.0
region_agri,MAR,2020,8382.374812344968
region_agri,CYP,2020,0.0
region_agri,IND,2020,139857.67691988114
region_agri,LBN,2020,124.49990891447976
region_agri,LBY,2020,896.2912061401596
region_agri,ISR,2020,263.25254972755977
region_agri,JOR,2020,92.20445251247709
region_agri,MEX,2020,18343.568564777728
region_agri,BMU,2020,0.0
region_agri,PSE,2020,53.11204978470097
region_agri,EGY,2020,4958.96098779868
region_agri,SAU,2020,1499.8931780511307
region_agri,NPL,2020,1969.0428208844276
region_agri,KWT,2020,3.6490155414329535
region_agri,MMR,2020,12571.958867475267
region_agri,BTN,2020,110.49758545036026
region_agri,BHS,2020,2.806511167269586
region_agri,ESH,2020,0.0
region_agri,MRT,2020,3132.553543557123
region_agri,BHR,2020,0.0
region_agri,QAT,2020,0.0
region_agri,OMN,2020,48.54399174224129
region_agri,ARE,2020,72.17593848816043
region_agri,BGD,2020,4412.033996516944
region_agri,TWN,2020,638.5667873916066
region_agri,MLI,2020,4726.734673608758
region_agri,CUB,2020,2170.124695081824
region_agri,NER,2020,16105.37401242508
region_agri,TCD,2020,4044.5793389208943
region_agri,VNM,2020,9119.529317851053
region_agri,LAO,2020,1599.9629462941052
region_agri,HKG,2020,0.0
region_agri,TCA,2020,0.0
region_agri,SDN,2020,16400.177538797874
region_agri,PHL,2020,10461.902390540465
region_agri,HTI,2020,848.1357614283887
region_agri,THA,2020,19908.679139196458
region_agri,CYM,2020,0.0
region_agri,DOM,2020,898.7229891868853
region_agri,JAM,2020,175.08421075135533
region_agri,PRI,2020,47.95243703158715
region_agri,VGB,2020,0.0
region_agri,YEM,2020,1039.8653198960992
region_agri,MNP,2020,0.0
region_agri,BLZ,2020,45.198009738151974
region_agri,VIR,2020,0.0
region_agri,GTM,2020,1746.658345561814
region_agri,ATG,2020,0.0
region_agri,ERI,2020,811.8493326656154
region_agri,KNA,2020,0.0
region_agri,CPV,2020,2.9815631653568686
region_agri,HND,2020,962.4515052989306
region_agri,SEN,2020,3011.6352653410186
region_agri,DMA,2020,0.0
region_agri,NIC,2020,857.9095561352831
region_agri,BFA,2020,4943.5764722912945
region_agri,MHL,2020,0.0
region_agri,SLV,2020,632.3051268831173
region_agri,LCA,2020,0.0
region_agri,ETH,2020,15042.276112031304
region_agri,KHM,2020,2865.123375041557
region_agri,GMB,2020,236.37501862552142
region_agri,NGA,2020,41662.64728076903
region_agri,GUM,2020,0.0
region_agri,COL,2020,3914.5767906385636
region_agri,VCT,2020,0.0
region_agri,BRB,2020,0.0
region_agri,ABW,2020,0.0
region_agri,GRD,2020,0.0
region_agri,CMR,2020,4307.6894712926905
region_agri,DJI,2020,9.12502741749631
region_agri,VEN,2020,3154.4690313127867
region_agri,GNB,2020,312.68832517481417
region_agri,GIN,2020,2657.043064072077
region_agri,BEN,2020,2135.877247123516
region_agri,SSD,2020,5193.378350039442
region_agri,SOM,2020,917.6691088118822
region_agri,TTO,2020,44.1965453099709
region_agri,CRI,2020,297.8749045492188
region_agri,GHA,2020,4780.078773185804
region_agri,TGO,2020,1801.9120812366814
region_agri,CAF,2020,3264.9518762813304
region_agri,CIV,2020,6548.969058307406
region_agri,PAN,2020,264.49882190970516
region_agri,SLE,2020,767.8270168356221
region_agri,LKA,2020,1516.6205088170932
region_agri,FSM,2020,0.0
region_agri,GUY,2020,213.9792161731919
region_agri,LBR,2020,340.1498419357274
region_agri,PLW,2020,0.0
region_agri,MYS,2020,6333.513975945024
region_agri,MDV,2020,0.0
region_agri,SUR,2020,202.60900653569522
region_agri,IDN,2020,31387.40032551663
region_agri,COD,2020,7381.417138092282
region_agri,BRN,2020,70.4005019355996
region_agri,BRA,2020,73893.98153328341
region_agri,KEN,2020,5979.973859527809
region_agri,KIR,2020,0.0
region_agri,GNQ,2020,48.02052427431918
region_agri,UGA,2020,8856.762381124956
region_agri,COG,2020,1142.3780940294882
region_agri,GAB,2020,1022.5457116518674
region_agri,STP,2020,0.0
region_agri,ECU,2020,2314.219896913616
region_agri,SGP,2020,34.18633893976521
region_agri,PER,2020,3028.740521039294
region_agri,NRU,2020,0.0
region_agri,RWA,2020,1193.6158687724464
region_agri,TZA,2020,9407.809089224389
region_agri,PNG,2020,1206.2450677842915
region_agri,BDI,2020,973.0367173068014
region_agri,SYC,2020,0.0
region_agri,AGO,2020,6528.998820223276
region_agri,SLB,2020,131.03535642783925
region_agri,PYF,2020,0.0
region_agri,ZMB,2020,5039.661659410673
region_agri,TLS,2020,175.77330114414187
region_agri,TUV,2020,0.0
region_agri,MWI,2020,2144.7391093304736
region_agri,BOL,2020,5186.0244313953735
region_agri,MOZ,2020,4492.038075720975
region_agri,AUS,2020,38466.733011234224
region_agri,COM,2020,6.045645372869293
region_agri,MDG,2020,5326.4063531808215
region_agri,FJI,2020,38.365444945465455
region_agri,WSM,2020,6.0036395138081975
region_agri,VUT,2020,23.482943323115304
region_agri,ASM,2020,0.0
region_agri,TON,2020,10.182015137136965
region_agri,ZWE,2020,3754.0537781269177
region_agri,NAM,2020,454.98498154568813
region_agri,CHL,2020,1852.0717701799445
region_agri,BWA,2020,741.4780638562177
region_agri,PRY,2020,3998.2517175815137
region_agri,MUS,2020,0.0
region_agri,NCL,2020,20.160519325377265
region_agri,ARG,2020,34019.66500156523
region_agri,ZAF,2020,15555.218487103097
region_agri,SWZ,2020,240.15497240703314
region_agri,LSO,2020,401.07329458104294
region_agri,NZL,2020,800.169374857277
region_agri,URY,2020,1085.4096980519175
region_agri,GRL,2030,2992.3171848734196
region_agri,CAN,2030,45603.96861247026
region_agri,RUS,2030,113821.0658664247
region_agri,NOR,2030,484.394946315226
region_agri,USA,2030,135631.4440522767
region_agri,FIN,2030,471.25951083548694
region_agri,SWE,2030,1467.3189655362748
region_agri,ISL,2030,168.769947311214
region_agri,FRO,2030,0.0
region_agri,GBR,2030,4594.689537199207
region_agri,EST,2030,271.2711878471448
region_agri,DNK,2030,1943.5116751453706
region_agri,LVA,2030,244.89827971050656
region_agri,LTU,2030,881.0403419180818
region_agri,BLR,2030,5978.547510840972
region_agri,IRL,2030,212.8187510781182
region_agri,KAZ,2030,17903.085205772575
region_agri,DEU,2030,15413.820026137882
region_agri,POL,2030,12016.130108467238
region_agri,NLD,2030,716.6560611202341
region_agri,CHN,2030,118815.07306860134
region_agri,UKR,2030,32815.74663856201
region_agri,MNG,2030,1775.2133450040174
region_agri,FRA,2030,19610.26820936009
region_agri,BEL,2030,1009.8394405981136
region_agri,CZE,2030,2582.795614626866
region_agri,LUX,2030,64.21381598163133
region_agri,SVK,2030,1286.60759032126
region_agri,AUT,2030,1751.2450818107923
region_agri,HUN,2030,5037.327360791527
region_agri,ROU,2030,8236.265428239765
region_agri,MDA,2030,2070.933866774508
region_agri,CHE,2030,451.6161232076726
region_agri,ITA,2030,8312.794251685915
region_agri,SVN,2030,506.711888421552
region_agri,HRV,2030,1774.2054838496524
region_agri,SRB,2030,3258.374885851448
region_agri,JPN,2030,3429.0555243715626
region_agri,UZB,2030,4244.028620070783
region_agri,BIH,2030,769.1301488329722
region_agri,ESP,2030,9468.21532841504
region_agri,BGR,2030,2783.2141137306753
region_agri,MNE,2030,240.16562697617076
region_agri,GEO,2030,1193.8664909783192
region_agri,XKX,2030,424.73447847278874
region_agri,KGZ,2030,1236.0319719401502
region_agri,PRK,2030,2517.244752606317
region_agri,ALB,2030,518.3127309197206
region_agri,MKD,2030,566.4873397751069
region_agri,TUR,2030,17512.14331526221
region_agri,TKM,2030,1663.159649865613
region_agri,PRT,2030,838.3030001834516
region_agri,AZE,2030,1547.4670125640807
region_agri,GRC,2030,1805.0850936621032
region_agri,ARM,2030,307.18552062378257
region_agri,TJK,2030,801.7563098775926
region_agri,IRN,2030,8785.636317076616
region_agri,AFG,2030,1863.8584323315542
region_agri,KOR,2030,2945.9225316407615
region_agri,DZA,2030,4245.019044433772
region_agri,TUN,2030,2477.8167472412433
region_agri,SYR,2030,3068.990716364576
region_agri,IRQ,2030,692.7464993274373
region_agri,PAK,2030,17131.639422784436
region_agri,MLT,2030,0.0
region_agri,MAR,2030,8328.13867741729
region_agri,CYP,2030,0.0
region_agri,IND,2030,150157.12298648502
region_agri,LBN,2030,121.26149086344462
region_agri,LBY,2030,901.255592379161
region_agri,ISR,2030,252.88538401018167
region_agri,JOR,2030,79.72041557045108
region_agri,MEX,2030,19246.89434810789
region_agri,BMU,2030,0.0
region_agri,PSE,2030,53.11204978470097
region_agri,EGY,2030,5039.064832518618
region_agri,SAU,2030,1408.4025253942664
region_agri,NPL,2030,2138.110526638672
region_agri,KWT,2030,3.6490155414329535
region_agri,MMR,2030,13391.692964014863
region_agri,BTN,2030,165.3460554743554
region_agri,BHS,2030,2.806511167269586
region_agri,ESH,2030,0.0
region_agri,MRT,2030,3360.1799962273626
region_agri,BHR,2030,0.0
region_agri,QAT,2030,0.0
region_agri,OMN,2030,62.554294408258954
region_agri,ARE,2030,72.17593848816043
region_agri,BGD,2030,4587.511769296031
region_agri,TWN,2030,710.978903593937
region_agri,MLI,2030,4677.882506800619
region_agri,CUB,2030,2265.9887603440493
region_agri,NER,2030,16238.848193288284
region_agri,TCD,2030,4006.0375235357255
region_agri,VNM,2030,9963.847318395303
region_agri,LAO,2030,1781.8591568714933
region_agri,HKG,2030,2.8602755710678576
region_agri,TCA,2030,0.0
region_agri,SDN,2030,14972.206694383387
region_agri,PHL,2030,10745.577924051102
region_agri,HTI,2030,859.8237009658903
region_agri,THA,2030,20202.948559719793
region_agri,CYM,2030,0.0
region_agri,DOM,2030,927.9340841074518
region_agri,JAM,2030,175.08421075135533
region_agri,PRI,2030,47.95243703158715
region_agri,VGB,2030,0.0
region_agri,YEM,2030,914.1667165224916
region_agri,MNP,2030,0.0
region_agri,BLZ,2030,45.198009738151974
region_agri,VIR,2030,0.0
region_agri,GTM,2030,1833.078133377213
region_agri,ATG,2030,0.0
region_agri,ERI,2030,811.6376173054032
region_agri,KNA,2030,0.0
region_agri,CPV,2030,2.9815631653568686
region_agri,HND,2030,1016.2006633085116
region_agri,SEN,2030,2999.7566735777154
region_agri,DMA,2030,0.0
region_agri,NIC,2030,858.1432387812181
region_agri,BFA,2030,4943.5764722912945
region_agri,MHL,2030,0.0
region_agri,SLV,2030,644.3124036742037
region_agri,LCA,2030,0.0
region_agri,ETH,2030,15491.229633632956
region_agri,KHM,2030,2910.30397450083
region_agri,GMB,2030,233.36690153284252
region_agri,NGA,2030,41186.65761304744
region_agri,GUM,2030,0.0
region_agri,COL,2030,4214.637466398966
region_agri,VCT,2030,0.0
region_agri,BRB,2030,0.0
region_agri,ABW,2030,0.0
region_agri,GRD,2030,0.0
region_agri,CMR,2030,4268.696296808324
region_agri,DJI,2030,9.12502741749631
region_agri,VEN,2030,3390.395037419482
region_agri,GNB,2030,272.50535235250453
region_agri,GIN,2030,2584.49832205936
region_agri,BEN,2030,2135.842578578129
region_agri,SSD,2030,5194.812872345405
region_agri,SOM,2030,684.5964909727002
region_agri,TTO,2030,50.268841407190955
region_agri,CRI,2030,297.8749045492188
region_agri,GHA,2030,4491.4409799344485
region_agri,TGO,2030,1765.4783046533607
region_agri,CAF,2030,3405.6708638327946
region_agri,CIV,2030,6422.133747739775
region_agri,PAN,2030,270.60765770673834
region_agri,SLE,2030,767.4868659559564
region_agri,LKA,2030,1663.6041020925006
region_agri,FSM,2030,0.0
region_agri,GUY,2030,213.9792161731919
region_agri,LBR,2030,340.1498419357274
region_agri,PLW,2030,0.0
region_agri,MYS,2030,6605.258831777798
region_agri,MDV,2030,0.0
region_agri,SUR,2030,202.59820443893608
region_agri,IDN,2030,33402.71427235558
region_agri,COD,2030,6812.957680681397
region_agri,BRN,2030,88.88546807382254
region_agri,BRA,2030,76745.10934446547
region_agri,KEN,2030,6205.790389099696
region_agri,KIR,2030,0.0
region_agri,GNQ,2030,48.02052427431918
region_agri,UGA,2030,9537.17117025132
region_agri,COG,2030,1194.5198741663432
region_agri,GAB,2030,1036.314511923185
region_agri,STP,2030,0.0
region_agri,ECU,2030,2460.939910329312
region_agri,SGP,2030,37.27598879018165
region_agri,PER,2030,3807.067754394686
region_agri,NRU,2030,0.0
region_agri,RWA,2030,1182.4397597996322
region_agri,TZA,2030,9450.931494131866
region_agri,PNG,2030,2003.922276412091
region_agri,BDI,2030,972.4689931589307
region_agri,SYC,2030,0.0
region_agri,AGO,2030,6687.640022918747
region_agri,SLB,2030,234.73098678553743
region_agri,PYF,2030,0.0
region_agri,ZMB,2030,5098.064903395038
region_agri,TLS,2030,175.77330114414187
region_agri,TUV,2030,0.0
region_agri,MWI,2030,2147.7647326660117
region_agri,BOL,2030,5792.017685094248
region_agri,MOZ,2030,4427.574916257367
region_agri,AUS,2030,36699.35898434054
region_agri,COM,2030,6.045645372869293
region_agri,MDG,2030,5375.546363583333
region_agri,FJI,2030,82.60909361754283
region_agri,WSM,2030,12.007279027616395
region_agri,VUT,2030,41.1604750739326
region_agri,ASM,2030,0.0
region_agri,TON,2030,11.274211371677216
region_agri,ZWE,2030,3753.7760398514542
region_agri,NAM,2030,451.8872952784257
region_agri,CHL,2030,2033.2134218625627
region_agri,BWA,2030,749.8241328486743
region_agri,PRY,2030,4100.677813521995
region_agri,MUS,2030,0.0
region_agri,NCL,2030,57.59163157149456
region_agri,ARG,2030,34294.88849178545
region_agri,ZAF,2030,15362.785853624999
region_agri,SWZ,2030,238.93381756352375
region_agri,LSO,2030,396.6446126756778
region_agri,NZL,2030,801.3640043111373
region_agri,URY,2030,1103.2707474389968
region_agri,GRL,2040,2991.3141066291814
region_agri,CAN,2040,46935.02808171627
region_agri,RUS,2040,118060.88998047523
region_agri,NOR,2040,507.8701979954621
region_agri,USA,2040,141368.25617289194
region_agri,FIN,2040,420.2720477503959
region_agri,SWE,2040,1491.9702484460695
region_agri,ISL,2040,170.1072827461014
region_agri,FRO,2040,0.0
region_agri,GBR,2040,4571.93750954754
region_agri,EST,2040,235.99181008824632
region_agri,DNK,2040,1899.842585687284
region_agri,LVA,2040,193.72260191976014
region_agri,LTU,2040,666.9630975666694
region_agri,BLR,2040,6183.638560471178
region_agri,IRL,2040,231.23120559203355
region_agri,KAZ,2040,18154.745027761892
region_agri,DEU,2040,15643.558343103752
region_agri,POL,2040,12110.153535772446
region_agri,NLD,2040,764.0513324953656
region_agri,CHN,2040,122406.99984404127
region_agri,UKR,2040,33360.43252130733
region_agri,MNG,2040,1794.5240825271476
region_agri,FRA,2040,19967.741643132686
region_agri,BEL,2040,1067.0660853591814
region_agri,CZE,2040,2596.3565007957277
region_agri,LUX,2040,64.21381598163133
region_agri,SVK,2040,1288.1528151319017
region_agri,AUT,2040,1770.7679477908273
region_agri,HUN,2040,5069.546468601884
region_agri,ROU,2040,8380.01572682467
region_agri,MDA,2040,2113.0509258011725
region_agri,CHE,2040,470.5943878973145
region_agri,ITA,2040,8586.564989498585
region_agri,SVN,2040,534.4576948366482
region_agri,HRV,2040,1828.6318729645911
region_agri,SRB,2040,3326.5933039673087
region_agri,JPN,2040,3052.1147115050626
region_agri,UZB,2040,4343.649069065552
region_agri,BIH,2040,811.2816309894881
region_agri,ESP,2040,9232.086660652934
region_agri,BGR,2040,2796.807207780285
region_agri,MNE,2040,249.22458415786772
region_agri,GEO,2040,1249.6128982604187
region_agri,XKX,2040,441.9814455819562
region_agri,KGZ,2040,1307.9561255994201
region_agri,PRK,2040,2537.0462282415333
region_agri,ALB,2040,536.8283502081255
region_agri,MKD,2040,576.1634719502989
region_agri,TUR,2040,18252.11408587415
region_agri,TKM,2040,1671.6690946147403
region_agri,PRT,2040,803.4362089904225
region_agri,AZE,2040,1625.1399818809573
region_agri,GRC,2040,1769.531186774073
region_agri,ARM,2040,328.3950755062093
region_agri,TJK,2040,842.6910299018506
region_agri,IRN,2040,8555.71657935706
region_agri,AFG,2040,1928.3941101736802
region_agri,KOR,2040,3061.9308883625486
region_agri,DZA,2040,4362.521079614481
region_agri,TUN,2040,2505.3951945165463
region_agri,SYR,2040,2955.664004860107
region_agri,IRQ,2040,659.2841640411291
region_agri,PAK,2040,17709.774595359777
region_agri,MLT,2040,0.0
region_agri,MAR,2040,8393.166285858873
region_agri,CYP,2040,0.0
region_agri,IND,2040,157198.07517232548
region_agri,LBN,2040,110.99852499770249
region_agri,LBY,2040,904.04194704626
region_agri,ISR,2040,247.13995956180582
region_agri,JOR,2040,73.78993722530365
region_agri,MEX,2040,19833.588375454612
region_agri,BMU,2040,0.0
region_agri,PSE,2040,53.11204978470097
region_agri,EGY,2040,5058.264106657874
region_agri,SAU,2040,1378.878204293431
region_agri,NPL,2040,2454.7691074547292
region_agri,KWT,2040,3.6490155414329535
region_agri,MMR,2040,13909.515528245294
region_agri,BTN,2040,412.99113437364343
region_agri,BHS,2040,2.806511167269586
region_agri,ESH,2040,0.0
region_agri,MRT,2040,3226.040805330617
region_agri,BHR,2040,0.0
region_agri,QAT,2040,0.0
region_agri,OMN,2040,62.41695204583348
region_agri,ARE,2040,72.17593848816043
region_agri,BGD,2040,5083.717022450061
region_agri,TWN,2040,736.4342855775285
region_agri,MLI,2040,4260.74555471876
region_agri,CUB,2040,2297.0302478840235
region_agri,NER,2040,16365.340477563808
region_agri,TCD,2040,3698.37386690592
region_agri,VNM,2040,10605.753052945933
region_agri,LAO,2040,1851.705483408711
region_agri,HKG,2040,5.720551142135715
region_agri,TCA,2040,0.0
region_agri,SDN,2040,14136.164177702443
region_agri,PHL,2040,10770.945961761612
region_agri,HTI,2040,865.6676707346411
region_agri,THA,2040,20364.167565697324
region_agri,CYM,2040,0.0
region_agri,DOM,2040,942.5484029007846
region_agri,JAM,2040,175.08421075135533
region_agri,PRI,2040,47.95243703158715
region_agri,VGB,2040,0.0
region_agri,YEM,2040,859.8871139337316
region_agri,MNP,2040,0.0
region_agri,BLZ,2040,45.198009738151974
region_agri,VIR,2040,0.0
region_agri,GTM,2040,1875.7695411118534
region_agri,ATG,2040,0.0
region_agri,ERI,2040,762.7614702042142
region_agri,KNA,2040,0.0
region_agri,CPV,2040,2.9815631653568686
region_agri,HND,2040,1049.0732794439796
region_agri,SEN,2040,2854.5720254039625
region_agri,DMA,2040,0.0
region_agri,NIC,2040,861.1317808140999
region_agri,BFA,2040,4836.397136351408
region_agri,MHL,2040,0.0
region_agri,SLV,2040,650.3160554889272
region_agri,LCA,2040,0.0
region_agri,ETH,2040,15564.918757851174
region_agri,KHM,2040,2909.9175218603086
region_agri,GMB,2040,224.34885935112595
region_agri,NGA,2040,40236.323904810284
region_agri,GUM,2040,0.0
region_agri,COL,2040,4483.832841728085
region_agri,VCT,2040,0.0
region_agri,BRB,2040,0.0
region_agri,ABW,2040,0.0
region_agri,GRD,2040,0.0
region_agri,CMR,2040,4082.6492656056557
region_agri,DJI,2040,9.124421608952508
region_agri,VEN,2040,3458.8425729687824
region_agri,GNB,2040,263.441063962835
region_agri,GIN,2040,2421.978206230126
region_agri,BEN,2040,2059.488403624554
region_agri,SSD,2040,5189.377756554677
region_agri,SOM,2040,561.6569533818432
region_agri,TTO,2040,53.304991717908024
region_agri,CRI,2040,297.8749045492188
region_agri,GHA,2040,4271.458655991819
region_agri,TGO,2040,1707.4097762648805
region_agri,CAF,2040,3559.0569246291416
region_agri,CIV,2040,6115.506969372955
region_agri,PAN,2040,272.60661034900863
region_agri,SLE,2040,770.3045719539778
region_agri,LKA,2040,1933.5179310416745
region_agri,FSM,2040,0.0
region_agri,GUY,2040,213.9385631894361
region_agri,LBR,2040,325.5559858991329
region_agri,PLW,2040,0.0
region_agri,MYS,2040,6762.670421636627
region_agri,MDV,2040,0.0
region_agri,SUR,2040,258.13964639854174
region_agri,IDN,2040,35460.746279057494
region_agri,COD,2040,6397.846542805868
region_agri,BRN,2040,156.66367839040623
region_agri,BRA,2040,79345.25130161963
region_agri,KEN,2040,5936.787811607548
region_agri,KIR,2040,0.0
region_agri,GNQ,2040,48.02052427431918
region_agri,UGA,2040,9646.971199526724
region_agri,COG,2040,1206.032828720223
region_agri,GAB,2040,1116.2814933589912
region_agri,STP,2040,0.0
region_agri,ECU,2040,2510.311162703098
region_agri,SGP,2040,37.27598879018165
region_agri,PER,2040,4123.625551405712
region_agri,NRU,2040,0.0
region_agri,RWA,2040,1172.1168780745004
region_agri,TZA,2040,8965.560082603344
region_agri,PNG,2040,2545.957918225664
region_agri,BDI,2040,949.5321782575174
region_agri,SYC,2040,0.0
region_agri,AGO,2040,6281.801823208323
region_agri,SLB,2040,405.35079797183266
region_agri,PYF,2040,0.0
region_agri,ZMB,2040,4921.567514234439
region_agri,TLS,2040,175.77330114414187
region_agri,TUV,2040,0.0
region_agri,MWI,2040,2165.2539561843405
region_agri,BOL,2040,6022.688160147522
region_agri,MOZ,2040,3878.920030818732
region_agri,AUS,2040,32614.742874327436
region_agri,COM,2040,6.045645372869293
region_agri,MDG,2040,5538.309251025762
region_agri,FJI,2040,82.60909361754283
region_agri,WSM,2040,12.007279027616395
region_agri,VUT,2040,41.15960559336611
region_agri,ASM,2040,0.0
region_agri,TON,2040,18.81790501490315
region_agri,ZWE,2040,3546.296969230424
region_agri,NAM,2040,362.05615436292464
region_agri,CHL,2040,2052.696271450087
region_agri,BWA,2040,587.6696990910289
region_agri,PRY,2040,4123.5529517594105
region_agri,MUS,2040,0.0
region_agri,NCL,2040,57.59163157149456
region_agri,ARG,2040,34448.861159654
region_agri,ZAF,2040,15313.810501261527
region_agri,SWZ,2040,223.481112868445
region_agri,LSO,2040,376.81626401435744
region_agri,NZL,2040,799.8188437128374
region_agri,URY,2040,1127.9737636305822
region_agri,GRL,2050,2986.55281955551
region_agri,CAN,2050,48589.03307797614
region_agri,RUS,2050,120540.46595915474
region_agri,NOR,2050,530.5517685528467
region_agri,USA,2050,151744.2319974203
region_agri,FIN,2050,426.8116157644337
region_agri,SWE,2050,1545.495915163919
region_agri,ISL,2050,171.43981141739897
region_agri,FRO,2050,0.0
region_agri,GBR,2050,5035.099133535354
region_agri,EST,2050,235.98165746822943
region_agri,DNK,2050,1902.8574868268813
region_agri,LVA,2050,246.8418726284747
region_agri,LTU,2050,666.9630975666694
region_agri,BLR,2050,6854.56920023696
region_agri,IRL,2050,251.3323371931135
region_agri,KAZ,2050,18232.18293206358
region_agri,DEU,2050,16425.23628737092
region_agri,POL,2050,12362.734780373255
region_agri,NLD,2050,943.7855778764321
region_agri,CHN,2050,123929.93484064878
region_agri,UKR,2050,34484.236854138566
region_agri,MNG,2050,1789.8923013591923
region_agri,FRA,2050,20768.9744215308
region_agri,BEL,2050,1217.3004151863297
region_agri,CZE,2050,2634.832518434564
region_agri,LUX,2050,86.1783126421912
region_agri,SVK,2050,1311.8640131285752
region_agri,AUT,2050,1819.0394634631746
region_agri,HUN,2050,5125.499808952215
region_agri,ROU,2050,8546.158952487784
region_agri,MDA,2050,2233.361637474575
region_agri,CHE,2050,490.0640431239561
region_agri,ITA,2050,8953.459972906245
region_agri,SVN,2050,595.8375284556357
region_agri,HRV,2050,1878.080355740402
region_agri,SRB,2050,3395.2788335776013
region_agri,JPN,2050,2928.107711253422
region_agri,UZB,2050,4374.051354655801
region_agri,BIH,2050,843.4700303817799
region_agri,ESP,2050,9181.508655827103
region_agri,BGR,2050,2786.9442950718762
region_agri,MNE,2050,256.03261675471214
region_agri,GEO,2050,1650.7915602424816
region_agri,XKX,2050,459.5704091384731
region_agri,KGZ,2050,1307.9561255994201
region_agri,PRK,2050,2554.8048940621848
region_agri,ALB,2050,555.34394877788
region_agri,MKD,2050,585.772786112093
region_agri,TUR,2050,18331.362288003784
region_agri,TKM,2050,1669.0479989196995
region_agri,PRT,2050,803.4362089904225
region_agri,AZE,2050,1623.558983256485
region_agri,GRC,2050,1769.531186774073
region_agri,ARM,2050,379.8987951046371
region_agri,TJK,2050,855.2724747382063
region_agri,IRN,2050,8163.528534145791
region_agri,AFG,2050,2013.6656486264155
region_agri,KOR,2050,3099.799977283817
region_agri,DZA,2050,4459.091733001573
region_agri,TUN,2050,2594.7869689453455
region_agri,SYR,2050,2843.535420046648
region_agri,IRQ,2050,656.5196943034712
region_agri,PAK,2050,18535.486145623323
region_agri,MLT,2050,0.0
region_agri,MAR,2050,8304.369414276876
region_agri,CYP,2050,0.0
region_agri,IND,2050,158644.47929025587
region_agri,LBN,2050,106.99070418789607
region_agri,LBY,2050,913.0003688585418
region_agri,ISR,2050,241.42921502159433
region_agri,JOR,2050,69.08560197394326
region_agri,MEX,2050,20383.93190367765
region_agri,BMU,2050,0.0
region_agri,PSE,2050,58.353592391482024
region_agri,EGY,2050,5093.809930199109
region_agri,SAU,2050,1292.7638844063003
region_agri,NPL,2050,2728.463118677136
region_agri,KWT,2050,3.6490155414329535
region_agri,MMR,2050,13943.290119088742
region_agri,BTN,2050,587.8893486936731
region_agri,BHS,2050,2.806511167269586
region_agri,ESH,2050,0.0
region_agri,MRT,2050,3183.1040097713926
region_agri,BHR,2050,0.0
region_agri,QAT,2050,0.0
region_agri,OMN,2050,62.22195903108474
region_agri,ARE,2050,72.17593848816043
region_agri,BGD,2050,5372.972151519261
region_agri,TWN,2050,759.0397128137175
region_agri,MLI,2050,4061.9187411592493
region_agri,CUB,2050,2297.00564945945
region_agri,NER,2050,16587.74412953891
region_agri,TCD,2050,3547.312289979085
region_agri,VNM,2050,10741.501482700845
region_agri,LAO,2050,1864.6904668607078
region_agri,HKG,2050,8.580826713203573
region_agri,TCA,2050,0.0
region_agri,SDN,2050,13407.416323369456
region_agri,PHL,2050,10769.246522640577
region_agri,HTI,2050,863.1127596635542
region_agri,THA,2050,20438.377325133315
region_agri,CYM,2050,0.0
region_agri,DOM,2050,952.5728108620028
region_agri,JAM,2050,175.08421075135533
region_agri,PRI,2050,47.95243703158715
region_agri,VGB,2050,0.0
region_agri,YEM,2050,827.2842595252906
region_agri,MNP,2050,0.0
region_agri,BLZ,2050,45.198009738151974
region_agri,VIR,2050,0.0
region_agri,GTM,2050,1895.4746212789435
region_agri,ATG,2050,0.0
region_agri,ERI,2050,780.5078773496834
region_agri,KNA,2050,0.0
region_agri,CPV,2050,2.9815631653568686
region_agri,HND,2050,1069.9921677905077
region_agri,SEN,2050,2771.983701831816
region_agri,DMA,2050,0.0
region_agri,NIC,2050,864.1203245169603
region_agri,BFA,2050,4853.569427035759
region_agri,MHL,2050,0.0
region_agri,SLV,2050,650.3160554889272
region_agri,LCA,2050,0.0
region_agri,ETH,2050,15942.219268518202
region_agri,KHM,2050,2807.996244726018
region_agri,GMB,2050,213.42284230802758
region_agri,NGA,2050,39481.0797529849
region_agri,GUM,2050,0.0
region_agri,COL,2050,4765.4710027246065
region_agri,VCT,2050,0.0
region_agri,BRB,2050,0.0
region_agri,ABW,2050,0.0
region_agri,GRD,2050,0.0
region_agri,CMR,2050,3994.659347377382
region_agri,DJI,2050,9.123816619992285
region_agri,VEN,2050,3499.3378447719015
region_agri,GNB,2050,256.8396022651123
region_agri,GIN,2050,2373.3675066571964
region_agri,BEN,2050,2047.0570410453124
region_agri,SSD,2050,5359.870140486895
region_agri,SOM,2050,526.0117275132511
region_agri,TTO,2050,56.3411420286251
region_agri,CRI,2050,297.8749045492188
region_agri,GHA,2050,4074.2176794426873
region_agri,TGO,2050,1655.4580972810581
region_agri,CAF,2050,3755.6704292490194
region_agri,CIV,2050,5877.159526847796
region_agri,PAN,2050,272.60661034900863
region_agri,SLE,2050,786.1925117287774
region_agri,LKA,2050,2270.8740392684867
region_agri,FSM,2050,0.0
region_agri,GUY,2050,213.9385631894361
region_agri,LBR,2050,325.5559858991329
region_agri,PLW,2050,0.0
region_agri,MYS,2050,6828.177254199683
region_agri,MDV,2050,0.0
region_agri,SUR,2050,298.89427155996185
region_agri,IDN,2050,35807.53783709281
region_agri,COD,2050,6485.782255842361
region_agri,BRN,2050,214.8673854547327
region_agri,BRA,2050,81421.10407850311
region_agri,KEN,2050,5878.374277081978
region_agri,KIR,2050,0.0
region_agri,GNQ,2050,48.02052427431918
region_agri,UGA,2050,9735.713288325624
region_agri,COG,2050,1288.5911830584002
region_agri,GAB,2050,1221.0690210209696
region_agri,STP,2050,0.0
region_agri,ECU,2050,2465.572168316999
region_agri,SGP,2050,37.27598879018165
region_agri,PER,2050,4383.477526809405
region_agri,NRU,2050,0.0
region_agri,RWA,2050,1173.757900152407
region_agri,TZA,2050,8826.20404312472
region_agri,PNG,2050,3151.667000183692
region_agri,BDI,2050,942.1491539412184
region_agri,SYC,2050,0.0
region_agri,AGO,2050,6373.801553107174
region_agri,SLB,2050,576.60866818761
region_agri,PYF,2050,0.0
region_agri,ZMB,2050,5002.067933669823
region_agri,TLS,2050,170.97094547437712
region_agri,TUV,2050,0.0
region_agri,MWI,2050,2214.013262872538
region_agri,BOL,2050,6082.075821115188
region_agri,MOZ,2050,3614.988059062178
region_agri,AUS,2050,30623.827327412917
region_agri,COM,2050,6.045645372869293
region_agri,MDG,2050,5748.497271848765
region_agri,FJI,2050,82.60909361754283
region_agri,WSM,2050,12.007279027616395
region_agri,VUT,2050,41.15815501895517
region_agri,ASM,2050,0.0
region_agri,TON,2050,19.951863827044498
region_agri,ZWE,2050,3510.900828330019
region_agri,NAM,2050,348.9405762878803
region_agri,CHL,2050,2078.8237231034605
region_agri,BWA,2050,616.3031503351899
region_agri,PRY,2050,4135.792139863027
region_agri,MUS,2050,0.0
region_agri,NCL,2050,57.59163157149456
region_agri,ARG,2050,34484.87031573786
region_agri,ZAF,2050,15646.90923733765
region_agri,SWZ,2050,219.77876740069362
region_agri,LSO,2050,379.6884156442758
region_agri,NZL,2050,795.9785650887588
region_agri,URY,2050,1151.674787525279
region_agri,GRL,2060,2987.6045796778253
region_agri,CAN,2060,50459.43022795879
region_agri,RUS,2060,122195.64999548094
region_agri,NOR,2060,543.6821098116928
region_agri,USA,2060,165926.40552271504
region_agri,FIN,2060,458.73148866933667
region_agri,SWE,2060,1653.5304141920649
region_agri,ISL,2060,172.77339095289602
region_agri,FRO,2060,0.0
region_agri,GBR,2060,5705.132576349108
region_agri,EST,2060,235.98165746822943
region_agri,DNK,2060,1912.9691799461991
region_agri,LVA,2060,284.20910420034926
region_agri,LTU,2060,723.5279711744943
region_agri,BLR,2060,7371.90469845804
region_agri,IRL,2060,271.4334715171953
region_agri,KAZ,2060,18317.026829510043
region_agri,DEU,2060,17340.565357696156
region_agri,POL,2060,12561.745841796162
region_agri,NLD,2060,1141.8986111572685
region_agri,CHN,2060,127077.94535179046
region_agri,UKR,2060,35025.76418358613
region_agri,MNG,2060,1718.560514311152
region_agri,FRA,2060,21997.365090698593
region_agri,BEL,2060,1342.0216508387693
region_agri,CZE,2060,2719.7795413009444
region_agri,LUX,2060,108.14281525359746
region_agri,SVK,2060,1325.8848658976808
region_agri,AUT,2060,1956.8207570070904
region_agri,HUN,2060,5156.911156580045
region_agri,ROU,2060,8501.356975844716
region_agri,MDA,2060,2247.6645398232718
region_agri,CHE,2060,532.9850538456953
region_agri,ITA,2060,9255.897326158743
region_agri,SVN,2060,649.5743626036574
region_agri,HRV,2060,1915.0640345519919
region_agri,SRB,2060,3461.8189824571627
region_agri,JPN,2060,2769.732143416889
region_agri,UZB,2060,4350.342182481179
region_agri,BIH,2060,843.3395668887453
region_agri,ESP,2060,9346.646421302054
region_agri,BGR,2060,2752.32705297155
region_agri,MNE,2060,258.3019609536603
region_agri,GEO,2060,1971.7469796454554
region_agri,XKX,2060,467.36953568938264
region_agri,KGZ,2060,1317.4925852264307
region_agri,PRK,2060,2573.450633744385
region_agri,ALB,2060,566.6132648670387
region_agri,MKD,2060,588.4419381344248
region_agri,TUR,2060,18032.779512219116
region_agri,TKM,2060,1671.5187872425238
region_agri,PRT,2060,854.3560849584409
region_agri,AZE,2060,1622.8107640625155
region_agri,GRC,2060,1796.2274382968262
region_agri,ARM,2060,405.8443045817593
region_agri,TJK,2060,855.2571584345828
region_agri,IRN,2060,7810.3947560922425
region_agri,AFG,2060,2185.3439758745944
region_agri,KOR,2060,3099.799977283817
region_agri,DZA,2060,4043.1475312071034
region_agri,TUN,2060,2566.7506436628455
region_agri,SYR,2060,2728.4392639220514
region_agri,IRQ,2060,621.3029922106336
region_agri,PAK,2060,19373.342450802673
region_agri,MLT,2060,0.0
region_agri,MAR,2060,8114.896352521368
region_agri,CYP,2060,0.0
region_agri,IND,2060,158967.16456579848
region_agri,LBN,2060,104.42114272609425
region_agri,LBY,2060,914.1240627670985
region_agri,ISR,2060,243.05972740861677
region_agri,JOR,2060,65.46390391022024
region_agri,MEX,2060,20906.248560833796
region_agri,BMU,2060,0.0
region_agri,PSE,2060,58.35359043353239
region_agri,EGY,2060,5080.2820569465675
region_agri,SAU,2060,1194.2960874118542
region_agri,NPL,2060,3131.4510574733686
region_agri,KWT,2060,3.6490155414329535
region_agri,MMR,2060,13814.767202909703
region_agri,BTN,2060,680.3779421665765
region_agri,BHS,2060,2.806511167269586
region_agri,ESH,2060,0.0
region_agri,MRT,2060,3171.5191149320317
region_agri,BHR,2060,0.0
region_agri,QAT,2060,0.0
region_agri,OMN,2060,62.079881841554354
region_agri,ARE,2060,72.17593848816043
region_agri,BGD,2060,5642.828537855192
region_agri,TWN,2060,787.2524326008339
region_agri,MLI,2060,3895.8150299324575
region_agri,CUB,2060,2240.0896441040445
region_agri,NER,2060,16762.628320321368
region_agri,TCD,2060,3475.083536461902
region_agri,VNM,2060,10739.053734354875
region_agri,LAO,2060,1878.0571870865722
region_agri,HKG,2060,11.44110228427143
region_agri,TCA,2060,0.0
region_agri,SDN,2060,12697.496758511446
region_agri,PHL,2060,10768.837179776414
region_agri,HTI,2060,830.9680459175032
region_agri,THA,2060,20333.342528161716
region_agri,CYM,2060,0.0
region_agri,DOM,2060,958.4082319744482
region_agri,JAM,2060,174.89373413400094
region_agri,PRI,2060,47.95243703158715
region_agri,VGB,2060,0.0
region_agri,YEM,2060,832.2680857842922
region_agri,MNP,2060,0.0
region_agri,BLZ,2060,42.254740456712625
region_agri,VIR,2060,0.0
region_agri,GTM,2060,1919.168780104683
region_agri,ATG,2060,0.0
region_agri,ERI,2060,792.1741471863681
region_agri,KNA,2060,0.0
region_agri,CPV,2060,2.9815631653568686
region_agri,HND,2060,1088.9942103481283
region_agri,SEN,2060,2712.633512401897
region_agri,DMA,2060,0.0
region_agri,NIC,2060,804.2490031767833
region_agri,BFA,2060,4879.518452025008
region_agri,MHL,2060,0.0
region_agri,SLV,2060,647.3079428786896
region_agri,LCA,2060,0.0
region_agri,ETH,2060,16359.833763080473
region_agri,KHM,2060,2798.6583361381254
region_agri,GMB,2060,202.16873749340476
region_agri,NGA,2060,38870.68544275858
region_agri,GUM,2060,0.0
region_agri,COL,2060,5164.9778918803195
region_agri,VCT,2060,0.0
region_agri,BRB,2060,0.0
region_agri,ABW,2060,0.0
region_agri,GRD,2060,0.0
region_agri,CMR,2060,3935.1783774059054
region_agri,DJI,2060,9.12260449187261
region_agri,VEN,2060,3573.19005348521
region_agri,GNB,2060,255.25771719596696
region_agri,GIN,2060,2332.570912765628
region_agri,BEN,2060,2038.227990241282
region_agri,SSD,2060,5514.720576515545
region_agri,SOM,2060,487.441116201807
region_agri,TTO,2060,62.418352919819846
region_agri,CRI,2060,297.5850911880425
region_agri,GHA,2060,3886.359589880248
region_agri,TGO,2060,1607.919277704239
region_agri,CAF,2060,3938.2831324985414
region_agri,CIV,2060,5690.109731765076
region_agri,PAN,2060,261.0866831779523
region_agri,SLE,2060,828.3598153016247
region_agri,LKA,2060,2552.6149035722465
region_agri,FSM,2060,0.0
region_agri,GUY,2060,212.97349900219194
region_agri,LBR,2060,325.5559858991329
region_agri,PLW,2060,0.0
region_agri,MYS,2060,6832.497740662296
region_agri,MDV,2060,0.0
region_agri,SUR,2060,314.30359872171465
region_agri,IDN,2060,35141.32742166408
region_agri,COD,2060,6750.270549356957
region_agri,BRN,2060,243.20835556049664
region_agri,BRA,2060,80037.86415305446
region_agri,KEN,2060,5874.357213108422
region_agri,KIR,2060,0.0
region_agri,GNQ,2060,48.02052427431918
region_agri,UGA,2060,9808.595431099202
region_agri,COG,2060,1358.9320114415486
region_agri,GAB,2060,1319.758101978094
region_agri,STP,2060,0.0
region_agri,ECU,2060,2447.960176349863
region_agri,SGP,2060,37.27598879018165
region_agri,PER,2060,4790.594684944865
region_agri,NRU,2060,0.0
region_agri,RWA,2060,1174.4805701962869
region_agri,TZA,2060,8912.038357957172
region_agri,PNG,2060,3823.176471401027
region_agri,BDI,2060,939.6668623355581
region_agri,SYC,2060,0.0
region_agri,AGO,2060,6612.71644351838
region_agri,SLB,2060,744.6764970817688
region_agri,PYF,2060,0.0
region_agri,ZMB,2060,5192.326658508579
region_agri,TLS,2060,169.94924164276898
region_agri,TUV,2060,0.0
region_agri,MWI,2060,2284.1786094113504
region_agri,BOL,2060,6143.35375342246
region_agri,MOZ,2060,3450.362991380658
region_agri,AUS,2060,28244.666602215588
region_agri,COM,2060,6.045645372869293
region_agri,MDG,2060,5995.9276547870295
region_agri,FJI,2060,82.60909361754283
region_agri,WSM,2060,12.007279027616395
region_agri,VUT,2060,41.157286618488754
region_agri,ASM,2060,0.0
region_agri,TON,2060,20.736449202756766
region_agri,ZWE,2060,3502.5760135017085
region_agri,NAM,2060,339.65731618768666
region_agri,CHL,2060,2071.198720330837
region_agri,BWA,2060,627.0958087573187
region_agri,PRY,2060,4110.451894832668
region_agri,MUS,2060,0.0
region_agri,NCL,2060,57.59163157149456
region_agri,ARG,2060,34533.256930941534
region_agri,ZAF,2060,15935.526867906572
region_agri,SWZ,2060,218.86476426243203
region_agri,LSO,2060,390.0810687554061
region_agri,NZL,2060,534.9629715736023
region_agri,URY,2060,1162.7686815791476
region_agri,GRL,2070,2986.2563294906145
region_agri,CAN,2070,51820.43278187693
region_agri,RUS,2070,123669.59526623212
region_agri,NOR,2070,569.6880094669805
region_agri,USA,2070,188318.89408597787
region_agri,FIN,2070,482.25366580209527
region_agri,SWE,2070,1612.6358378455525
region_agri,ISL,2070,174.10181185030217
region_agri,FRO,2070,0.0
region_agri,GBR,2070,6058.920892978612
region_agri,EST,2070,232.66840426582982
region_agri,DNK,2070,1901.9841564068383
region_agri,LVA,2070,295.12469568354095
region_agri,LTU,2070,714.0365698349026
region_agri,BLR,2070,7885.483239739133
region_agri,IRL,2070,276.3533122974763
region_agri,KAZ,2070,18356.112919877953
region_agri,DEU,2070,17890.018170865565
region_agri,POL,2070,12642.438481234
region_agri,NLD,2070,1274.2258029364957
region_agri,CHN,2070,129885.24198519989
region_agri,UKR,2070,35188.59244294226
region_agri,MNG,2070,1172.1715330456368
region_agri,FRA,2070,23209.675321850875
region_agri,BEL,2070,1429.1002719515845
region_agri,CZE,2070,2746.9705964193618
region_agri,LUX,2070,130.10730596331095
region_agri,SVK,2070,1300.427497929724
region_agri,AUT,2070,1981.7481803657565
region_agri,HUN,2070,5140.72907485643
region_agri,ROU,2070,8396.739090833375
region_agri,MDA,2070,2247.198032534592
region_agri,CHE,2070,569.7077914201236
region_agri,ITA,2070,9442.190870702008
region_agri,SVN,2070,699.5137764094377
region_agri,HRV,2070,1958.4868033817131
region_agri,SRB,2070,3523.1442965272995
region_agri,JPN,2070,2549.643932195947
region_agri,UZB,2070,4310.9892219627745
region_agri,BIH,2070,843.2464120771821
region_agri,ESP,2070,9067.912102454447
region_agri,BGR,2070,2750.8007171719255
region_agri,MNE,2070,257.6545753755845
region_agri,GEO,2070,2156.486946730604
region_agri,XKX,2070,472.4876639421718
region_agri,KGZ,2070,1316.876528962338
region_agri,PRK,2070,2560.902815448884
region_agri,ALB,2070,587.420038989226
region_agri,MKD,2070,593.6697006671347
region_agri,TUR,2070,17567.089129512235
region_agri,TKM,2070,1661.5364098484881
region_agri,PRT,2070,852.5450244891706
region_agri,AZE,2070,1616.24253208811
region_agri,GRC,2070,1806.0073186537165
region_agri,ARM,2070,431.7898140588816
region_agri,TJK,2070,855.1900147904439
region_agri,IRN,2070,7368.545295325463
region_agri,AFG,2070,2486.329874580779
region_agri,KOR,2070,3063.1890954430055
region_agri,DZA,2070,3910.819286210097
region_agri,TUN,2070,2537.7480186480816
region_agri,SYR,2070,2631.781311403916
region_agri,IRQ,2070,478.70235486459586
region_agri,PAK,2070,20388.185694247855
region_agri,MLT,2070,0.0
region_agri,MAR,2070,7715.059904512079
region_agri,CYP,2070,0.0
region_agri,IND,2070,158466.41233473906
region_agri,LBN,2070,100.53557199694404
region_agri,LBY,2070,914.073062508055
region_agri,ISR,2070,245.6215950755657
region_agri,JOR,2070,62.74006903959298
region_agri,MEX,2070,21284.633594715364
region_agri,BMU,2070,0.0
region_agri,PSE,2070,58.353596286085676
region_agri,EGY,2070,5073.208935170898
region_agri,SAU,2070,1092.4628588305773
region_agri,NPL,2070,3447.2867759501087
region_agri,KWT,2070,3.647137393848704
region_agri,MMR,2070,13674.210001682703
region_agri,BTN,2070,770.8913829301323
region_agri,BHS,2070,2.806511167269586
region_agri,ESH,2070,0.0
region_agri,MRT,2070,3169.7716736067446
region_agri,BHR,2070,0.0
region_agri,QAT,2070,0.0
region_agri,OMN,2070,61.65686290391035
region_agri,ARE,2070,72.17593848816043
region_agri,BGD,2070,5924.635969155461
region_agri,TWN,2070,955.2567271881944
region_agri,MLI,2070,3854.3083247254854
region_agri,CUB,2070,2220.167168239819
region_agri,NER,2070,16731.870288301718
region_agri,TCD,2070,3460.0499813696783
region_agri,VNM,2070,10693.678642930558
region_agri,LAO,2070,1874.1273624463338
region_agri,HKG,2070,11.44110228427143
region_agri,TCA,2070,0.0
region_agri,SDN,2070,11070.830879486966
region_agri,PHL,2070,10721.498123937974
region_agri,HTI,2070,798.8233582754381
region_agri,THA,2070,20245.29960939633
region_agri,CYM,2070,0.0
region_agri,DOM,2070,937.9505912810852
region_agri,JAM,2070,173.58329862555814
region_agri,PRI,2070,47.95243703158715
region_agri,VGB,2070,0.0
region_agri,YEM,2070,802.0003089050697
region_agri,MNP,2070,0.0
region_agri,BLZ,2070,44.32322671278267
region_agri,VIR,2070,0.0
region_agri,GTM,2070,1936.3613275871535
region_agri,ATG,2070,0.0
region_agri,ERI,2070,786.8001262002409
region_agri,KNA,2070,0.0
region_agri,CPV,2070,2.9815631653568686
region_agri,HND,2070,1061.4573913384806
region_agri,SEN,2070,2694.1228154672986
region_agri,DMA,2070,0.0
region_agri,NIC,2070,739.6832523524807
region_agri,BFA,2070,4878.621058250612
region_agri,MHL,2070,0.0
region_agri,SLV,2070,627.5808067703257
region_agri,LCA,2070,0.0
region_agri,ETH,2070,17200.780943226593
region_agri,KHM,2070,2789.965455262314
region_agri,GMB,2070,194.13341094739116
region_agri,NGA,2070,37415.650341987
region_agri,GUM,2070,0.0
region_agri,COL,2070,5458.9815023411975
region_agri,VCT,2070,0.0
region_agri,BRB,2070,0.0
region_agri,ABW,2070,0.0
region_agri,GRD,2070,0.0
region_agri,CMR,2070,3934.004240698164
region_agri,DJI,2070,9.1223018565008
region_agri,VEN,2070,3555.323981427138
region_agri,GNB,2070,255.25771719596696
region_agri,GIN,2070,2324.3133537185554
region_agri,BEN,2070,2002.506743488711
region_agri,SSD,2070,5407.839304923013
region_agri,SOM,2070,484.72634410412394
region_agri,TTO,2070,64.93741202432045
region_agri,CRI,2070,285.9583689899631
region_agri,GHA,2070,3617.411295948539
region_agri,TGO,2070,1573.3554492893813
region_agri,CAF,2070,3938.26535709393
region_agri,CIV,2070,5651.915602938347
region_agri,PAN,2070,234.46625442615016
region_agri,SLE,2070,827.4871548688837
region_agri,LKA,2070,2675.0541330153574
region_agri,FSM,2070,0.0
region_agri,GUY,2070,195.90658670331464
region_agri,LBR,2070,325.5559858991329
region_agri,PLW,2070,0.0
region_agri,MYS,2070,6830.30527205199
region_agri,MDV,2070,0.0
region_agri,SUR,2070,314.28725370029537
region_agri,IDN,2070,33893.246813783495
region_agri,COD,2070,7090.565988570687
region_agri,BRN,2070,241.83168707111224
region_agri,BRA,2070,76308.03038334014
region_agri,KEN,2070,6143.432767000401
region_agri,KIR,2070,0.0
region_agri,GNQ,2070,48.02052427431918
region_agri,UGA,2070,10614.884035010058
region_agri,COG,2070,1358.5349300142993
region_agri,GAB,2070,1319.6234026121404
region_agri,STP,2070,0.0
region_agri,ECU,2070,2373.670395424779
region_agri,SGP,2070,37.27598879018165
region_agri,PER,2070,5314.310213537468
region_agri,NRU,2070,0.0
region_agri,RWA,2070,1238.051885333143
region_agri,TZA,2070,9015.490710552594
region_agri,PNG,2070,4373.106931542792
region_agri,BDI,2070,934.615992460694
region_agri,SYC,2070,0.0
region_agri,AGO,2070,6960.76891338039
region_agri,SLB,2070,782.3661234326598
region_agri,PYF,2070,0.0
region_agri,ZMB,2070,5188.012080662882
region_agri,TLS,2070,169.94924164276898
region_agri,TUV,2070,0.0
region_agri,MWI,2070,2270.6891656937914
region_agri,BOL,2070,6256.7935426366375
region_agri,MOZ,2070,3396.975634293967
region_agri,AUS,2070,22520.982738291146
region_agri,COM,2070,6.045645372869293
region_agri,MDG,2070,6122.938178724317
region_agri,FJI,2070,82.60909361754283
region_agri,WSM,2070,12.007279027616395
region_agri,VUT,2070,41.15641605782217
region_agri,ASM,2070,0.0
region_agri,TON,2070,21.299539051666862
region_agri,ZWE,2070,3498.2719115892346
region_agri,NAM,2070,339.4054143922286
region_agri,CHL,2070,2053.558653337702
region_agri,BWA,2070,626.6767252498571
region_agri,PRY,2070,4050.8796832585385
region_agri,MUS,2070,0.0
region_agri,NCL,2070,57.59163157149456
region_agri,ARG,2070,34386.843150150155
region_agri,ZAF,2070,15943.575293957507
region_agri,SWZ,2070,218.1990652197788
region_agri,LSO,2070,388.803808272264
region_agri,NZL,2070,534.7420133856158
region_agri,URY,2070,1135.0675487486749
region_agri,GRL,2080,2981.74361860129
region_agri,CAN,2080,52630.980385135714
region_agri,RUS,2080,124646.57779583945
region_agri,NOR,2080,594.4646380732692
region_agri,USA,2080,202428.80193869717
region_agri,FIN,2080,496.9072790383257
region_agri,SWE,2080,1510.9935273189906
region_agri,ISL,2080,175.43033506832057
region_agri,FRO,2080,0.0
region_agri,GBR,2080,6354.503823082539
region_agri,EST,2080,207.6812349758838
region_agri,DNK,2080,1826.7057387840173
region_agri,LVA,2080,265.778412298942
region_agri,LTU,2080,565.0850571783682
region_agri,BLR,2080,8352.01196756841
region_agri,IRL,2080,278.7484538350436
region_agri,KAZ,2080,18203.65747173669
region_agri,DEU,2080,17941.08364862987
region_agri,POL,2080,12609.949274113353
region_agri,NLD,2080,1338.9218654340084
region_agri,CHN,2080,132527.96663902048
region_agri,UKR,2080,35211.238157182204
region_agri,MNG,2080,1068.6739362874575
region_agri,FRA,2080,24200.0167101208
region_agri,BEL,2080,1455.3645910981159
region_agri,CZE,2080,2765.4969965565147
region_agri,LUX,2080,151.63131502331538
region_agri,SVK,2080,1299.027998801517
region_agri,AUT,2080,1998.0248611014367
region_agri,HUN,2080,5132.692924013725
region_agri,ROU,2080,8296.371672081528
region_agri,MDA,2080,2246.4261015616376
region_agri,CHE,2080,589.0737392843299
region_agri,ITA,2080,9432.810953502318
region_agri,SVN,2080,717.4126864709483
region_agri,HRV,2080,1991.1003757493886
region_agri,SRB,2080,3587.6109605829056
region_agri,JPN,2080,2323.7520597333328
region_agri,UZB,2080,4244.705007981585
region_agri,BIH,2080,845.8252448365558
region_agri,ESP,2080,8724.345817942933
region_agri,BGR,2080,2734.5928039132
region_agri,MNE,2080,259.9239128113736
region_agri,GEO,2080,2225.7427564054105
region_agri,XKX,2080,583.8188811738473
region_agri,KGZ,2080,1312.7091599473197
region_agri,PRK,2080,2408.308958397463
region_agri,ALB,2080,603.6481013462377
region_agri,MKD,2080,595.681501094335
region_agri,TUR,2080,16958.35726796736
region_agri,TKM,2080,1661.404575183947
region_agri,PRT,2080,854.6211048095249
region_agri,AZE,2080,1612.041912982976
region_agri,GRC,2080,1809.3165398254623
region_agri,ARM,2080,456.8243808363417
region_agri,TJK,2080,853.7434365123524
region_agri,IRN,2080,6757.828668993037
region_agri,AFG,2080,2499.8915612351448
region_agri,KOR,2080,3183.8749428195943
region_agri,DZA,2080,3872.021082491441
region_agri,TUN,2080,2554.360570761096
region_agri,SYR,2080,2146.410687249204
region_agri,IRQ,2080,478.70235486459586
region_agri,PAK,2080,20426.326767509592
region_agri,MLT,2080,0.0
region_agri,MAR,2080,7230.011941271407
region_agri,CYP,2080,0.0
region_agri,IND,2080,157419.36706643633
region_agri,LBN,2080,92.58576576211607
region_agri,LBY,2080,882.3971244733966
region_agri,ISR,2080,245.6215950755657
region_agri,JOR,2080,62.74006903959298
region_agri,MEX,2080,21736.02991884647
region_agri,BMU,2080,0.0
region_agri,PSE,2080,58.353596286085676
region_agri,EGY,2080,5213.765891396159
region_agri,SAU,2080,1076.5166904072555
region_agri,NPL,2080,3611.9835800137016
region_agri,KWT,2080,3.647137393848704
region_agri,MMR,2080,13429.562143510186
region_agri,BTN,2080,786.2156382390313
region_agri,BHS,2080,2.806511167269586
region_agri,ESH,2080,0.0
region_agri,MRT,2080,3166.1062403509623
region_agri,BHR,2080,0.0
region_agri,QAT,2080,0.0
region_agri,OMN,2080,61.51113242707151
region_agri,ARE,2080,72.17593848816043
region_agri,BGD,2080,6047.965189552804
region_agri,TWN,2080,1097.0643945459692
region_agri,MLI,2080,3787.1326416500415
region_agri,CUB,2080,2208.0876488849144
region_agri,NER,2080,16709.47435355426
region_agri,TCD,2080,3385.7664194722374
region_agri,VNM,2080,10726.387374467118
region_agri,LAO,2080,1864.9658275669628
region_agri,HKG,2080,11.44110228427143
region_agri,TCA,2080,0.0
region_agri,SDN,2080,9387.214032851774
region_agri,PHL,2080,10700.881005620053
region_agri,HTI,2080,792.9971709607286
region_agri,THA,2080,20180.862901213244
region_agri,CYM,2080,0.0
region_agri,DOM,2080,917.3109295270904
region_agri,JAM,2080,167.70509818675316
region_agri,PRI,2080,47.60406011573951
region_agri,VGB,2080,0.0
region_agri,YEM,2080,796.9025295062581
region_agri,MNP,2080,0.0
region_agri,BLZ,2080,46.38827516645942
region_agri,VIR,2080,0.0
region_agri,GTM,2080,1957.0811219625816
region_agri,ATG,2080,0.0
region_agri,ERI,2080,748.6977540086185
region_agri,KNA,2080,0.0
region_agri,CPV,2080,2.9815631653568686
region_agri,HND,2080,1062.9874124160428
region_agri,SEN,2080,2682.2625123888542
region_agri,DMA,2080,0.0
region_agri,NIC,2080,692.1577957554011
region_agri,BFA,2080,4877.152347815123
region_agri,MHL,2080,0.0
region_agri,SLV,2080,615.9631025918749
region_agri,LCA,2080,0.0
region_agri,ETH,2080,17604.15952364884
region_agri,KHM,2080,2728.3839967454132
region_agri,GMB,2080,193.20613664104192
region_agri,NGA,2080,34742.18667120754
region_agri,GUM,2080,0.0
region_agri,COL,2080,5705.3644763304565
region_agri,VCT,2080,0.0
region_agri,BRB,2080,0.0
region_agri,ABW,2080,0.0
region_agri,GRD,2080,0.0
region_agri,CMR,2080,3931.2744189522946
region_agri,DJI,2080,9.121091058996774
region_agri,VEN,2080,3569.2936463221877
region_agri,GNB,2080,255.25771719596696
region_agri,GIN,2080,2315.616854687768
region_agri,BEN,2080,1985.701247410921
region_agri,SSD,2080,5313.851639614042
region_agri,SOM,2080,482.9674608636039
region_agri,TTO,2080,68.25325912014145
region_agri,CRI,2080,257.5814548264406
region_agri,GHA,2080,3406.344771820629
region_agri,TGO,2080,1479.65920474113
region_agri,CAF,2080,3938.2438974424294
region_agri,CIV,2080,5544.696439854104
region_agri,PAN,2080,217.65724748718867
region_agri,SLE,2080,826.4102778840626
region_agri,LKA,2080,2666.5226941475003
region_agri,FSM,2080,0.0
region_agri,GUY,2080,183.35634307690043
region_agri,LBR,2080,325.5559858991329
region_agri,PLW,2080,0.0
region_agri,MYS,2080,6828.152245987799
region_agri,MDV,2080,0.0
region_agri,SUR,2080,311.991012648324
region_agri,IDN,2080,33407.957844705255
region_agri,COD,2080,7258.441867510164
region_agri,BRN,2080,240.76422940825785
region_agri,BRA,2080,70016.21981832816
region_agri,KEN,2080,6146.548845090491
region_agri,KIR,2080,0.0
region_agri,GNQ,2080,48.02052427431918
region_agri,UGA,2080,10688.367292325898
region_agri,COG,2080,1358.226780874778
region_agri,GAB,2080,1319.5418438732045
region_agri,STP,2080,0.0
region_agri,ECU,2080,2288.5039377414973
region_agri,SGP,2080,37.27598879018165
region_agri,PER,2080,5887.23802953352
region_agri,NRU,2080,0.0
region_agri,RWA,2080,1280.7349018096336
region_agri,TZA,2080,8978.321753014006
region_agri,PNG,2080,4373.072493997673
region_agri,BDI,2080,930.2414774993686
region_agri,SYC,2080,0.0
region_agri,AGO,2080,6957.816176053184
region_agri,SLB,2080,780.9387510175658
region_agri,PYF,2080,0.0
region_agri,ZMB,2080,5184.596067009859
region_agri,TLS,2080,169.94924164276898
region_agri,TUV,2080,0.0
region_agri,MWI,2080,2266.0896296027026
region_agri,BOL,2080,6374.469335363332
region_agri,MOZ,2080,3334.122174785907
region_agri,AUS,2080,17791.643228832872
region_agri,COM,2080,6.045645372869293
region_agri,MDG,2080,6139.886067329622
region_agri,FJI,2080,82.60909361754283
region_agri,WSM,2080,12.007279027616395
region_agri,VUT,2080,41.155836044077816
region_agri,ASM,2080,0.0
region_agri,TON,2080,21.299539051666862
region_agri,ZWE,2080,3494.9254139604573
region_agri,NAM,2080,339.11753126300306
region_agri,CHL,2080,2053.2120785076813
region_agri,BWA,2080,626.3547844512341
region_agri,PRY,2080,4023.3746919804316
region_agri,MUS,2080,0.0
region_agri,NCL,2080,57.59163157149456
region_agri,ARG,2080,34102.5325002725
region_agri,ZAF,2080,15885.898688385425
region_agri,SWZ,2080,217.8573381285706
region_agri,LSO,2080,387.71096216440367
region_agri,NZL,2080,534.6321186012443
region_agri,URY,2080,1116.464573939058
region_agri,GRL,2090,2981.4861966455624
region_agri,CAN,2090,53361.28265803889
region_agri,RUS,2090,125158.22358072994
region_agri,NOR,2090,609.0982530120144
region_agri,USA,2090,209352.89895170066
region_agri,FIN,2090,476.2397241007254
region_agri,SWE,2090,1399.3475918081288
region_agri,ISL,2090,176.75714399518736
region_agri,FRO,2090,0.0
region_agri,GBR,2090,6577.384077651603
region_agri,EST,2090,132.94316994615164
region_agri,DNK,2090,1678.8800901527975
region_agri,LVA,2090,212.62299700212466
region_agri,LTU,2090,414.25369554844247
region_agri,BLR,2090,8650.50000422954
region_agri,IRL,2090,279.8777698393892
region_agri,KAZ,2090,18083.757223456374
region_agri,DEU,2090,17788.887994593162
region_agri,POL,2090,12538.42796307688
region_agri,NLD,2090,1304.2160771733536
region_agri,CHN,2090,133118.90641794674
region_agri,UKR,2090,35195.01132980361
region_agri,MNG,2090,1064.0930140805153
region_agri,FRA,2090,24755.57801860595
region_agri,BEL,2090,1417.5190733849863
region_agri,CZE,2090,2775.7241650705305
region_agri,LUX,2090,153.02346792923586
region_agri,SVK,2090,1290.7058604225952
region_agri,AUT,2090,1992.6482519216593
region_agri,HUN,2090,5087.05950040694
region_agri,ROU,2090,8142.174804343965
region_agri,MDA,2090,2243.2620638990124
region_agri,CHE,2090,606.052409857529
region_agri,ITA,2090,9389.639321040093
region_agri,SVN,2090,714.5981301472598
region_agri,HRV,2090,2013.3662684347187
region_agri,SRB,2090,3649.7302014470315
region_agri,JPN,2090,2118.3874316557403
region_agri,UZB,2090,4209.617098713461
region_agri,BIH,2090,844.9743503350567
region_agri,ESP,2090,8433.522243239804
region_agri,BGR,2090,2708.623420052779
region_agri,MNE,2090,255.38523793979536
region_agri,GEO,2090,2236.282750235595
region_agri,XKX,2090,644.6798651868451
region_agri,KGZ,2090,1308.3012422598476
region_agri,PRK,2090,2384.367773429811
region_agri,ALB,2090,612.9418244955385
region_agri,MKD,2090,596.2836099939667
region_agri,TUR,2090,16184.072635886298
region_agri,TKM,2090,1661.3337141269492
region_agri,PRT,2090,849.5922355359396
region_agri,AZE,2090,1592.0903126432245
region_agri,GRC,2090,1772.401341341519
region_agri,ARM,2090,463.20746086036775
region_agri,TJK,2090,853.5992362946497
region_agri,IRN,2090,6129.397693819416
region_agri,AFG,2090,2584.114742281313
region_agri,KOR,2090,3518.5027471723533
region_agri,DZA,2090,3970.0353939999627
region_agri,TUN,2090,2632.5266701273285
region_agri,SYR,2090,1868.1514426679396
region_agri,IRQ,2090,451.1566367418621
region_agri,PAK,2090,20778.475411438634
region_agri,MLT,2090,0.0
region_agri,MAR,2090,6817.891505977264
region_agri,CYP,2090,0.0
region_agri,IND,2090,155649.29453714294
region_agri,LBN,2090,89.2169167233067
region_agri,LBY,2090,875.5030627265925
region_agri,ISR,2090,219.18892693098044
region_agri,JOR,2090,62.52536811347633
region_agri,MEX,2090,22506.292542165782
region_agri,BMU,2090,0.0
region_agri,PSE,2090,27.963562957028557
region_agri,EGY,2090,5311.128379387112
region_agri,SAU,2090,1070.4382927324878
region_agri,NPL,2090,3761.1701813602413
region_agri,KWT,2090,3.647137393848704
region_agri,MMR,2090,13063.462602318461
region_agri,BTN,2090,786.209063727837
region_agri,BHS,2090,2.806511167269586
region_agri,ESH,2090,0.0
region_agri,MRT,2090,2973.476581029395
region_agri,BHR,2090,0.0
region_agri,QAT,2090,0.0
region_agri,OMN,2090,61.351892785589186
region_agri,ARE,2090,72.17593848816043
region_agri,BGD,2090,6105.477428234932
region_agri,TWN,2090,1178.5829515891692
region_agri,MLI,2090,3698.6244469620306
region_agri,CUB,2090,2197.7063234521374
region_agri,NER,2090,16397.149637692983
region_agri,TCD,2090,3309.6149234415543
region_agri,VNM,2090,11109.131886514284
region_agri,LAO,2090,1864.6073899884436
region_agri,HKG,2090,11.44110228427143
region_agri,TCA,2090,0.0
region_agri,SDN,2090,7672.3681752756
region_agri,PHL,2090,10695.586061452883
region_agri,HTI,2090,787.179739762777
region_agri,THA,2090,20116.78203847629
region_agri,CYM,2090,0.0
region_agri,DOM,2090,945.9946713018995
region_agri,JAM,2090,164.76183108890626
region_agri,PRI,2090,56.408865095936775
region_agri,VGB,2090,0.0
region_agri,YEM,2090,753.7068236612633
region_agri,MNP,2090,0.0
region_agri,BLZ,2090,49.24517493018242
region_agri,VIR,2090,0.0
region_agri,GTM,2090,2042.1535199777156
region_agri,ATG,2090,0.0
region_agri,ERI,2090,735.8682966689529
region_agri,KNA,2090,0.0
region_agri,CPV,2090,2.9815631653568686
region_agri,HND,2090,1125.292350978866
region_agri,SEN,2090,2679.2352518973025
region_agri,DMA,2090,0.0
region_agri,NIC,2090,688.2414165048648
region_agri,BFA,2090,4808.659123132242
region_agri,MHL,2090,0.0
region_agri,SLV,2090,616.8416819589708
region_agri,LCA,2090,0.0
region_agri,ETH,2090,17616.349128703885
region_agri,KHM,2090,2728.3839967454132
region_agri,GMB,2090,160.16355415551803
region_agri,NGA,2090,32261.597298191296
region_agri,GUM,2090,0.0
region_agri,COL,2090,6252.306209046876
region_agri,VCT,2090,0.0
region_agri,BRB,2090,0.0
region_agri,ABW,2090,0.0
region_agri,GRD,2090,0.0
region_agri,CMR,2090,3888.1421552262364
region_agri,DJI,2090,9.119575475420962
region_agri,VEN,2090,3848.8110862285052
region_agri,GNB,2090,255.25771719596696
region_agri,GIN,2090,2218.797017075817
region_agri,BEN,2090,1951.9426722071776
region_agri,SSD,2090,5281.956017130189
region_agri,SOM,2090,449.92664717096346
region_agri,TTO,2090,74.33047001499801
region_agri,CRI,2090,256.71219777128874
region_agri,GHA,2090,3257.039846534151
region_agri,TGO,2090,1277.17246460707
region_agri,CAF,2090,3938.2215295949654
region_agri,CIV,2090,5228.746942544957
region_agri,PAN,2090,224.67014296620118
region_agri,SLE,2090,825.5252448423112
region_agri,LKA,2090,2592.7421454599043
region_agri,FSM,2090,0.0
region_agri,GUY,2090,185.47603956362175
region_agri,LBR,2090,325.5559858991329
region_agri,PLW,2090,0.0
region_agri,MYS,2090,6826.031679453372
region_agri,MDV,2090,0.0
region_agri,SUR,2090,311.9515626396011
region_agri,IDN,2090,33469.862348331284
region_agri,COD,2090,6942.143865319507
region_agri,BRN,2090,239.04755370671938
region_agri,BRA,2090,63980.41047177342
region_agri,KEN,2090,6081.205982801807
region_agri,KIR,2090,0.0
region_agri,GNQ,2090,48.02052427431918
region_agri,UGA,2090,10612.907700802087
region_agri,COG,2090,1358.0095163990657
region_agri,GAB,2090,1319.5418438732045
region_agri,STP,2090,0.0
region_agri,ECU,2090,2385.119229011891
region_agri,SGP,2090,37.27598879018165
region_agri,PER,2090,6588.346431495568
region_agri,NRU,2090,0.0
region_agri,RWA,2090,1278.0957654457848
region_agri,TZA,2090,8971.992150271406
region_agri,PNG,2090,4373.0520768938295
region_agri,BDI,2090,921.9471380790859
region_agri,SYC,2090,0.0
region_agri,AGO,2090,6957.651483064012
region_agri,SLB,2090,780.9214133542982
region_agri,PYF,2090,0.0
region_agri,ZMB,2090,5183.898032395391
region_agri,TLS,2090,169.94924164276898
region_agri,TUV,2090,0.0
region_agri,MWI,2090,2240.0177163932517
region_agri,BOL,2090,6583.120336975691
region_agri,MOZ,2090,3203.64692177059
region_agri,AUS,2090,14876.534806652526
region_agri,COM,2090,6.045645372869293
region_agri,MDG,2090,6139.3140486859575
region_agri,FJI,2090,82.60909361754283
region_agri,WSM,2090,12.007279027616395
region_agri,VUT,2090,41.15554657725568
region_agri,ASM,2090,0.0
region_agri,TON,2090,20.148876066870105
region_agri,ZWE,2090,3494.312013723381
region_agri,NAM,2090,324.18488515683134
region_agri,CHL,2090,2072.7159473785296
region_agri,BWA,2090,626.1690419495869
region_agri,PRY,2090,4044.717762728458
region_agri,MUS,2090,0.0
region_agri,NCL,2090,57.59163157149456
region_agri,ARG,2090,34037.60645274938
region_agri,ZAF,2090,15809.73335613031
region_agri,SWZ,2090,217.08512021399537
region_agri,LSO,2090,386.5159426603642
region_agri,NZL,2090,534.5611442111385
region_agri,URY,2090,1109.0647187749194
region_agri,GRL,2100,2984.572592062128
region_agri,CAN,2100,53993.884500134234
region_agri,RUS,2100,125734.21452699385
region_agri,NOR,2100,618.4236160037879
region_agri,USA,2100,211336.74949348846
region_agri,FIN,2100,482.72920101634963
region_agri,SWE,2100,1327.9067760741962
region_agri,ISL,2100,178.08392177572273
region_agri,FRO,2100,0.0
region_agri,GBR,2100,6618.056225820709
region_agri,EST,2100,129.03573558950941
region_agri,DNK,2100,1437.9757506949784
region_agri,LVA,2100,206.45936117478584
region_agri,LTU,2100,412.52683296841485
region_agri,BLR,2100,8828.646696035288
region_agri,IRL,2100,280.06489452670206
region_agri,KAZ,2100,18090.561248481426
region_agri,DEU,2100,17463.637250643675
region_agri,POL,2100,12389.33657587881
region_agri,NLD,2100,1244.492639332551
region_agri,CHN,2100,130689.27589055312
region_agri,UKR,2100,35182.13635884721
region_agri,MNG,2100,1064.0528993213993
region_agri,FRA,2100,24952.005370284558
region_agri,BEL,2100,1385.7457238029497
region_agri,CZE,2100,2754.8958548172886
region_agri,LUX,2100,153.32220041796046
region_agri,SVK,2100,1257.7356081027847
region_agri,AUT,2100,1967.9127900918147
region_agri,HUN,2100,4973.644549865083
region_agri,ROU,2100,8084.834721522738
region_agri,MDA,2100,2240.3346534980933
region_agri,CHE,2100,623.0002655377623
region_agri,ITA,2100,9302.112136224096
region_agri,SVN,2100,709.3363440599544
region_agri,HRV,2100,2028.4989909220972
region_agri,SRB,2100,3707.3125269505535
region_agri,JPN,2100,1926.7278705297783
region_agri,UZB,2100,4153.718522812487
region_agri,BIH,2100,840.664712129112
region_agri,ESP,2100,8080.1695155805955
region_agri,BGR,2100,2686.6792125489274
region_agri,MNE,2100,255.38523793979536
region_agri,GEO,2100,2246.820299816099
region_agri,XKX,2100,648.852737212831
region_agri,KGZ,2100,1308.3012422598476
region_agri,PRK,2100,2399.9800340635943
region_agri,ALB,2100,622.2355442358488
region_agri,MKD,2100,601.2297721344348
region_agri,TUR,2100,15350.333316042608
region_agri,TKM,2100,1647.4944053633735
region_agri,PRT,2100,867.7503905985955
region_agri,AZE,2100,1587.4064205675952
region_agri,GRC,2100,1668.9163020199999
region_agri,ARM,2100,470.05140380032276
region_agri,TJK,2100,851.6407224549654
region_agri,IRN,2100,5676.813754159634
region_agri,AFG,2100,2614.5162683933777
region_agri,KOR,2100,3665.314437336641
region_agri,DZA,2100,3996.7091163087416
region_agri,TUN,2100,2619.9419167181986
region_agri,SYR,2100,1763.5532318341584
region_agri,IRQ,2100,434.8686537703263
region_agri,PAK,2100,20730.21051940349
region_agri,MLT,2100,0.0
region_agri,MAR,2100,6822.230927984988
region_agri,CYP,2100,0.0
region_agri,IND,2100,152992.74156017476
region_agri,LBN,2100,80.45568072420264
region_agri,LBY,2100,863.4769691533751
region_agri,ISR,2100,214.06010544138448
region_agri,JOR,2100,62.40067742823608
region_agri,MEX,2100,23364.186153659244
region_agri,BMU,2100,0.0
region_agri,PSE,2100,27.963562957028557
region_agri,EGY,2100,5259.000525175723
region_agri,SAU,2100,1005.5529558065124
region_agri,NPL,2100,3782.8011688112697
region_agri,KWT,2100,3.647137393848704
region_agri,MMR,2100,13105.794898063803
region_agri,BTN,2100,786.2046735546314
region_agri,BHS,2100,2.806511167269586
region_agri,ESH,2100,0.0
region_agri,MRT,2100,2951.634366718746
region_agri,BHR,2100,0.0
region_agri,QAT,2100,0.0
region_agri,OMN,2100,61.173932406943884
region_agri,ARE,2100,72.17593848816043
region_agri,BGD,2100,6116.8832563685
region_agri,TWN,2100,1157.454860192101
region_agri,MLI,2100,3582.9055005920522
region_agri,CUB,2100,2209.105853312887
region_agri,NER,2100,16359.019096119104
region_agri,TCD,2100,3224.388771983084
region_agri,VNM,2100,11560.776757381482
region_agri,LAO,2100,1864.3743115834704
region_agri,HKG,2100,11.44110228427143
region_agri,TCA,2100,0.0
region_agri,SDN,2100,6506.509986592317
region_agri,PHL,2100,10722.405080807557
region_agri,HTI,2100,795.9323106677939
region_agri,THA,2100,20051.59331310189
region_agri,CYM,2100,0.0
region_agri,DOM,2100,986.8667038767194
region_agri,JAM,2100,170.63169888900745
region_agri,PRI,2100,65.21366843611128
region_agri,VGB,2100,0.0
region_agri,YEM,2100,704.7046559032015
region_agri,MNP,2100,0.0
region_agri,BLZ,2100,52.196553587951
region_agri,VIR,2100,0.0
region_agri,GTM,2100,2125.0116692575707
region_agri,ATG,2100,0.0
region_agri,ERI,2100,734.0250942667037
region_agri,KNA,2100,0.0
region_agri,CPV,2100,2.9815631653568686
region_agri,HND,2100,1196.318219415618
region_agri,SEN,2100,2635.528436835648
region_agri,DMA,2100,0.0
region_agri,NIC,2100,706.2570215497643
region_agri,BFA,2100,4760.1976311738645
region_agri,MHL,2100,0.0
region_agri,SLV,2100,631.8442470744606
region_agri,LCA,2100,0.0
region_agri,ETH,2100,17567.533208937853
region_agri,KHM,2100,2728.3839967454132
region_agri,GMB,2100,145.44593394589756
region_agri,NGA,2100,30114.76873334061
region_agri,GUM,2100,0.0
region_agri,COL,2100,6833.87326164433
region_agri,VCT,2100,0.0
region_agri,BRB,2100,0.0
region_agri,ABW,2100,0.0
region_agri,GRD,2100,0.0
region_agri,CMR,2100,3777.4049028043128
region_agri,DJI,2100,9.119575475420962
region_agri,VEN,2100,4135.521910905182
region_agri,GNB,2100,253.21165212014435
region_agri,GIN,2100,2087.4902055211755
region_agri,BEN,2100,1852.546801061701
region_agri,SSD,2100,5279.349400304392
region_agri,SOM,2100,436.70279449212654
region_agri,TTO,2100,80.40768316829981
region_agri,CRI,2100,274.9534312137804
region_agri,GHA,2100,2878.9977308417992
region_agri,TGO,2100,1071.6122393475664
region_agri,CAF,2100,3937.8033639251144
region_agri,CIV,2100,4361.833824270788
region_agri,PAN,2100,236.88335599372698
region_agri,SLE,2100,825.5252448423112
region_agri,LKA,2100,2496.437049893674
region_agri,FSM,2100,0.0
region_agri,GUY,2100,188.22370626429642
region_agri,LBR,2100,325.5559858991329
region_agri,PLW,2100,0.0
region_agri,MYS,2100,6865.271740816246
region_agri,MDV,2100,0.0
region_agri,SUR,2100,311.9515626396011
region_agri,IDN,2100,33927.08048035508
region_agri,COD,2100,6913.091386902096
region_agri,BRN,2100,237.4873395153117
region_agri,BRA,2100,57525.22032264374
region_agri,KEN,2100,6137.587494032143
region_agri,KIR,2100,0.0
region_agri,GNQ,2100,48.02052427431918
region_agri,UGA,2100,10577.051262887524
region_agri,COG,2100,1358.0095163990657
region_agri,GAB,2100,1319.5418438732045
region_agri,STP,2100,0.0
region_agri,ECU,2100,2533.346212728577
region_agri,SGP,2100,37.27598879018165
region_agri,PER,2100,7278.203575456586
region_agri,NRU,2100,0.0
region_agri,RWA,2100,1277.1650809477237
region_agri,TZA,2100,8999.013767648117
region_agri,PNG,2100,4373.020687380117
region_agri,BDI,2100,856.8317915090757
region_agri,SYC,2100,0.0
region_agri,AGO,2100,6952.674402797815
region_agri,SLB,2100,780.6916896387586
region_agri,PYF,2100,0.0
region_agri,ZMB,2100,5171.731541004066
region_agri,TLS,2100,169.94924164276898
region_agri,TUV,2100,0.0
region_agri,MWI,2100,2236.9789713511327
region_agri,BOL,2100,6869.214996558044
region_agri,MOZ,2100,3068.0047973915334
region_agri,AUS,2100,13797.417944101915
region_agri,COM,2100,6.045645372869293
region_agri,MDG,2100,6152.4934225366305
region_agri,FJI,2100,82.60909361754283
region_agri,WSM,2100,12.007279027616395
region_agri,VUT,2100,41.154966563511316
region_agri,ASM,2100,0.0
region_agri,TON,2100,20.148876066870105
region_agri,ZWE,2100,3494.2932847635802
region_agri,NAM,2100,324.18488515683134
region_agri,CHL,2100,2139.4431978440025
region_agri,BWA,2100,626.1510581797264
region_agri,PRY,2100,4096.128240661194
region_agri,MUS,2100,0.0
region_agri,NCL,2100,57.59163157149456
region_agri,ARG,2100,34362.33412337133
region_agri,ZAF,2100,15801.053301947417
region_agri,SWZ,2100,217.08512021399537
region_agri,LSO,2100,386.5159426603642
region_agri,NZL,2100,527.3932402506091
region_agri,URY,2100,1123.4688354942505
basin_grassland,GRL,2005,0.0
basin_grassland,CAN,2005,15547.880119254007
basin_grassland,RUS,2005,104192.70766785987
basin_grassland,NOR,2005,145.19494004920125
basin_grassland,USA,2005,245234.61389507644
basin_grassland,FIN,2005,35.747165003248156
basin_grassland,SWE,2005,391.83448608302854
basin_grassland,ISL,2005,1526.0865704862751
basin_grassland,FRO,2005,0.0
basin_grassland,GBR,2005,10033.264997806706
basin_grassland,EST,2005,275.3265625197671
basin_grassland,DNK,2005,154.86693261495324
basin_grassland,LVA,2005,571.6833953125802
basin_grassland,LTU,2005,656.6935209070953
basin_grassland,BLR,2005,3245.892501976251
basin_grassland,IRL,2005,3250.9499758077145
basin_grassland,KAZ,2005,191670.59786989522
basin_grassland,DEU,2005,4689.5589444704565
basin_grassland,POL,2005,3332.0116513446005
basin_grassland,NLD,2005,676.7723568595521
basin_grassland,CHN,2005,387653.98790510336
basin_grassland,UKR,2005,7224.613542173605
basin_grassland,MNG,2005,133532.7848011809
basin_grassland,FRA,2005,9440.851356817922
basin_grassland,BEL,2005,569.8164469920912
basin_grassland,CZE,2005,940.0034374073472
basin_grassland,LUX,2005,56.61697143236196
basin_grassland,SVK,2005,530.471610611977
basin_grassland,AUT,2005,1662.2377916979367
basin_grassland,HUN,2005,841.6804092355844
basin_grassland,ROU,2005,4409.60497410601
basin_grassland,MDA,2005,370.5374362947592
basin_grassland,CHE,2005,925.6617780553225
basin_grassland,ITA,2005,4407.132084404169
basin_grassland,SVN,2005,279.489203844002
basin_grassland,HRV,2005,432.5568425103838
basin_grassland,SRB,2005,996.6103813717647
basin_grassland,JPN,2005,359.9998323529576
basin_grassland,UZB,2005,21695.471409105186
basin_grassland,BIH,2005,899.10154760519
basin_grassland,ESP,2005,10077.69972989391
basin_grassland,BGR,2005,1637.1376941870299
basin_grassland,MNE,2005,196.81418157453234
basin_grassland,GEO,2005,1632.0937640450322
basin_grassland,XKX,2005,43.83987495478928
basin_grassland,KGZ,2005,9172.340105003406
basin_grassland,PRK,2005,154.25135528479225
basin_grassland,ALB,2005,414.21923987052537
basin_grassland,MKD,2005,652.9537976321864
basin_grassland,TUR,2005,13251.689388316647
basin_grassland,TKM,2005,31512.464243886076
basin_grassland,PRT,2005,1807.3623362002336
basin_grassland,AZE,2005,2925.563916895321
basin_grassland,GRC,2005,3601.7862251017436
basin_grassland,ARM,2005,940.0664613298837
basin_grassland,TJK,2005,3808.6249213404326
basin_grassland,IRN,2005,29137.16840114742
basin_grassland,AFG,2005,30400.201512526357
basin_grassland,KOR,2005,143.10997525022216
basin_grassland,DZA,2005,31981.484975305797
basin_grassland,TUN,2005,4972.534388589837
basin_grassland,SYR,2005,161.71030906825996
basin_grassland,IRQ,2005,4265.055837757362
basin_grassland,PAK,2005,5081.0960228654
basin_grassland,MLT,2005,0.0
basin_grassland,MAR,2005,21894.619180810812
basin_grassland,CYP,2005,1.407565874974679
basin_grassland,IND,2005,10748.879143985565
basin_grassland,LBN,2005,293.3167179056201
basin_grassland,LBY,2005,13066.304062230232
basin_grassland,ISR,2005,77.65044071691156
basin_grassland,JOR,2005,717.7626740804837
basin_grassland,MEX,2005,74234.15018287452
basin_grassland,BMU,2005,0.0
basin_grassland,PSE,2005,3.368641361219603
basin_grassland,EGY,2005,102.52962588122395
basin_grassland,SAU,2005,129039.62562273553
basin_grassland,NPL,2005,1679.1772262172144
basin_grassland,KWT,2005,213.58127466119328
basin_grassland,MMR,2005,481.3152224978834
basin_grassland,BTN,2005,283.00290223285623
basin_grassland,BHS,2005,0.7223064640204979
basin_grassland,ESH,2005,5.750904471525515
basin_grassland,MRT,2005,26854.038879199758
basin_grassland,BHR,2005,1.9718295569815063
basin_grassland,QAT,2005,83.7256842323128
basin_grassland,OMN,2005,1377.2654816283837
basin_grassland,ARE,2005,277.4504432921133
basin_grassland,BGD,2005,392.05487331079246
basin_grassland,TWN,2005,242.28189696102126
basin_grassland,MLI,2005,35373.32281856833
basin_grassland,CUB,2005,0.0
basin_grassland,NER,2005,26117.22753815948
basin_grassland,TCD,2005,45337.821388975295
basin_grassland,VNM,2005,674.2387390679845
basin_grassland,LAO,2005,849.5893477168578
basin_grassland,HKG,2005,0.021452068281418518
basin_grassland,TCA,2005,0.0
basin_grassland,SDN,2005,75493.14484695121
basin_grassland,PHL,2005,1067.8502302972076
basin_grassland,HTI,2005,381.1542142243604
basin_grassland,THA,2005,828.6129539893752
basin_grassland,CYM,2005,0.0
basin_grassland,DOM,2005,1097.9633224034778
basin_grassland,JAM,2005,170.76722074863267
basin_grassland,PRI,2005,0.0
basin_grassland,VGB,2005,0.0
basin_grassland,YEM,2005,26496.890468439487
basin_grassland,MNP,2005,0.0
basin_grassland,BLZ,2005,29.45207927587427
basin_grassland,VIR,2005,0.0
basin_grassland,GTM,2005,2038.612396768834
basin_grassland,ATG,2005,0.8444621017185977
basin_grassland,ERI,2005,438.78665100141427
basin_grassland,KNA,2005,0.0
basin_grassland,CPV,2005,0.0
basin_grassland,HND,2005,1752.0099622015816
basin_grassland,SEN,2005,5742.551395693987
basin_grassland,DMA,2005,2.088176417638977
basin_grassland,NIC,2005,3146.5165022494034
basin_grassland,BFA,2005,5945.307098366163
basin_grassland,MHL,2005,0.0
basin_grassland,SLV,2005,487.85666433776396
basin_grassland,LCA,2005,1.010409959612765
basin_grassland,ETH,2005,21694.491498189225
basin_grassland,KHM,2005,1415.3166882431365
basin_grassland,GMB,2005,149.36092387037112
basin_grassland,NGA,2005,29946.207687785776
basin_grassland,GUM,2005,0.0
basin_grassland,COL,2005,38338.61078156985
basin_grassland,VCT,2005,0.3706900565493282
basin_grassland,BRB,2005,0.5226600783578106
basin_grassland,ABW,2005,0.0
basin_grassland,GRD,2005,0.3838444560736372
basin_grassland,CMR,2005,2285.812772338337
basin_grassland,DJI,2005,1373.224056144973
basin_grassland,VEN,2005,20192.475035321502
basin_grassland,GNB,2005,625.2501726387936
basin_grassland,GIN,2005,10605.107978769964
basin_grassland,BEN,2005,807.6328808268111
basin_grassland,SSD,2005,36476.68913768076
basin_grassland,SOM,2005,42610.21894468724
basin_grassland,TTO,2005,5.0482606272896255
basin_grassland,CRI,2005,1137.8987919022827
basin_grassland,GHA,2005,8073.763945922313
basin_grassland,TGO,2005,981.4606329530836
basin_grassland,CAF,2005,3265.9290126587384
basin_grassland,CIV,2005,13415.580442964825
basin_grassland,PAN,2005,1428.4746064938893
basin_grassland,SLE,2005,2337.214977431242
basin_grassland,LKA,2005,389.65001256107155
basin_grassland,FSM,2005,0.0
basin_grassland,GUY,2005,1095.3172636831218
basin_grassland,LBR,2005,1748.7218137241548
basin_grassland,PLW,2005,0.0
basin_grassland,MYS,2005,257.5310313878964
basin_grassland,MDV,2005,0.0
basin_grassland,SUR,2005,6.942287286976006
basin_grassland,IDN,2005,9211.428929640293
basin_grassland,COD,2005,19151.464378587094
basin_grassland,BRN,2005,1.642364982630358
basin_grassland,BRA,2005,192539.0849281622
basin_grassland,KEN,2005,21053.60851145082
basin_grassland,KIR,2005,0.0
basin_grassland,GNQ,2005,25.61754006763478
basin_grassland,UGA,2005,5276.42891222636
basin_grassland,COG,2005,10080.840626721221
basin_grassland,GAB,2005,4162.3564666927505
basin_grassland,STP,2005,0.0
basin_grassland,ECU,2005,4903.747569333018
basin_grassland,SGP,2005,1.3678491046296724
basin_grassland,PER,2005,18528.58904964647
basin_grassland,NRU,2005,0.0
basin_grassland,RWA,2005,488.5734811578609
basin_grassland,TZA,2005,23616.07465786407
basin_grassland,PNG,2005,90.74419647851335
basin_grassland,BDI,2005,502.289479403427
basin_grassland,SYC,2005,0.0
basin_grassland,AGO,2005,53424.58244993466
basin_grassland,SLB,2005,0.0
basin_grassland,PYF,2005,0.0
basin_grassland,ZMB,2005,20108.575607877843
basin_grassland,TLS,2005,136.21044429830505
basin_grassland,TUV,2005,0.0
basin_grassland,MWI,2005,2134.7618323133906
basin_grassland,BOL,2005,32160.770446429255
basin_grassland,MOZ,2005,42694.78247780174
basin_grassland,AUS,2005,332779.8940164231
basin_grassland,COM,2005,6.298915883982311
basin_grassland,MDG,2005,36456.33019269468
basin_grassland,FJI,2005,0.0
basin_grassland,WSM,2005,0.0
basin_grassland,VUT,2005,0.0
basin_grassland,ASM,2005,0.0
basin_grassland,TON,2005,0.0
basin_grassland,ZWE,2005,12143.122678019608
basin_grassland,NAM,2005,37648.37855038199
basin_grassland,CHL,2005,13726.891870964047
basin_grassland,BWA,2005,25869.51597042338
basin_grassland,PRY,2005,16259.381295940395
basin_grassland,MUS,2005,0.0
basin_grassland,NCL,2005,0.0
basin_grassland,ARG,2005,107712.55979438183
basin_grassland,ZAF,2005,83179.88546699387
basin_grassland,SWZ,2005,817.9400078944088
basin_grassland,LSO,2005,2145.2430833369726
basin_grassland,NZL,2005,9964.648224409737
basin_grassland,URY,2005,13442.5699049177
basin_grassland,GRL,2010,0.0
basin_grassland,CAN,2010,15543.814866628349
basin_grassland,RUS,2010,104188.6741782378
basin_grassland,NOR,2010,145.19460001714063
basin_grassland,USA,2010,245234.62213454177
basin_grassland,FIN,2010,35.72370708257475
basin_grassland,SWE,2010,391.8189047263606
basin_grassland,ISL,2010,1526.0856174492665
basin_grassland,FRO,2010,0.0
basin_grassland,GBR,2010,10033.264956556148
basin_grassland,EST,2010,275.247511291062
basin_grassland,DNK,2010,154.8673620516014
basin_grassland,LVA,2010,571.6504995048807
basin_grassland,LTU,2010,655.6986550870847
basin_grassland,BLR,2010,3238.920709962876
basin_grassland,IRL,2010,3250.950447998006
basin_grassland,KAZ,2010,191664.04672307137
basin_grassland,DEU,2010,4684.464159851916
basin_grassland,POL,2010,3323.939740310069
basin_grassland,NLD,2010,676.7719472894473
basin_grassland,CHN,2010,387553.04598153185
basin_grassland,UKR,2010,7207.616475666844
basin_grassland,MNG,2010,133533.36947817897
basin_grassland,FRA,2010,9437.871546366725
basin_grassland,BEL,2010,565.2129541985165
basin_grassland,CZE,2010,940.0036543025672
basin_grassland,LUX,2010,56.6168940713589
basin_grassland,SVK,2010,530.1625521016698
basin_grassland,AUT,2010,1662.2378032186898
basin_grassland,HUN,2010,840.8775544385529
basin_grassland,ROU,2010,4405.739215884633
basin_grassland,MDA,2010,369.76744509345036
basin_grassland,CHE,2010,926.1383987161471
basin_grassland,ITA,2010,4406.6221448269725
basin_grassland,SVN,2010,279.48926245420597
basin_grassland,HRV,2010,432.55636534816193
basin_grassland,SRB,2010,996.4843119838532
basin_grassland,JPN,2010,360.0013674136852
basin_grassland,UZB,2010,21695.897562693935
basin_grassland,BIH,2010,899.1015300709815
basin_grassland,ESP,2010,10077.479521255575
basin_grassland,BGR,2010,1636.3436179226949
basin_grassland,MNE,2010,201.71408626478316
basin_grassland,GEO,2010,1630.1366313226347
basin_grassland,XKX,2010,43.83990002780569
basin_grassland,KGZ,2010,9169.474497323314
basin_grassland,PRK,2010,154.28253069083848
basin_grassland,ALB,2010,414.21958536181086
basin_grassland,MKD,2010,652.9532140140227
basin_grassland,TUR,2010,13248.806435947474
basin_grassland,TKM,2010,31512.504171964334
basin_grassland,PRT,2010,1807.3652993950586
basin_grassland,AZE,2010,2925.444355383813
basin_grassland,GRC,2010,3601.785529121088
basin_grassland,ARM,2010,939.457189132521
basin_grassland,TJK,2010,3810.770387000075
basin_grassland,IRN,2010,29149.162823512637
basin_grassland,AFG,2010,30396.156745613443
basin_grassland,KOR,2010,143.1105034884797
basin_grassland,DZA,2010,31972.84874770902
basin_grassland,TUN,2010,4973.966665517594
basin_grassland,SYR,2010,161.71046017260545
basin_grassland,IRQ,2010,4265.216678469812
basin_grassland,PAK,2010,5080.990946776691
basin_grassland,MLT,2010,0.0
basin_grassland,MAR,2010,21882.425476132386
basin_grassland,CYP,2010,1.4076672597047142
basin_grassland,IND,2010,10747.99917519412
basin_grassland,LBN,2010,293.3168700478087
basin_grassland,LBY,2010,13061.989608339823
basin_grassland,ISR,2010,77.65092056998928
basin_grassland,JOR,2010,717.7627651336632
basin_grassland,MEX,2010,74227.33022999912
basin_grassland,BMU,2010,0.0
basin_grassland,PSE,2010,3.3683534415046967
basin_grassland,EGY,2010,102.52968707865261
basin_grassland,SAU,2010,128898.27855119319
basin_grassland,NPL,2010,1689.5468287456306
basin_grassland,KWT,2010,213.6133273726306
basin_grassland,MMR,2010,481.32968067707486
basin_grassland,BTN,2010,283.00287548995897
basin_grassland,BHS,2010,0.7221780834119667
basin_grassland,ESH,2010,5.7510198170137246
basin_grassland,MRT,2010,26852.376098632583
basin_grassland,BHR,2010,1.9717741874647237
basin_grassland,QAT,2010,83.72930494581067
basin_grassland,OMN,2010,1372.43080702673
basin_grassland,ARE,2010,275.7423235943668
basin_grassland,BGD,2010,392.0545882151241
basin_grassland,TWN,2010,242.2821004799065
basin_grassland,MLI,2010,35361.189838761165
basin_grassland,CUB,2010,0.0
basin_grassland,NER,2010,26090.887432822386
basin_grassland,TCD,2010,45337.17494606627
basin_grassland,VNM,2010,673.3685667373968
basin_grassland,LAO,2010,849.5948915573208
basin_grassland,HKG,2010,0.021452068281418518
basin_grassland,TCA,2010,0.0
basin_grassland,SDN,2010,75537.75110416932
basin_grassland,PHL,2010,1067.8487767603658
basin_grassland,HTI,2010,381.15425252247417
basin_grassland,THA,2010,828.5436134337933
basin_grassland,CYM,2010,0.0
basin_grassland,DOM,2010,1097.0677074964738
basin_grassland,JAM,2010,170.7675461950422
basin_grassland,PRI,2010,0.0
basin_grassland,VGB,2010,0.0
basin_grassland,YEM,2010,26497.110756984875
basin_grassland,MNP,2010,0.0
basin_grassland,BLZ,2010,29.452462460651244
basin_grassland,VIR,2010,0.0
basin_grassland,GTM,2010,2034.759769097825
basin_grassland,ATG,2010,0.8443146595164063
basin_grassland,ERI,2010,434.7268485366791
basin_grassland,KNA,2010,0.0
basin_grassland,CPV,2010,0.0
basin_grassland,HND,2010,1752.0097053231666
basin_grassland,SEN,2010,5739.842004180937
basin_grassland,DMA,2010,2.0882953927929457
basin_grassland,NIC,2010,3146.393085659092
basin_grassland,BFA,2010,5937.336754359334
basin_grassland,MHL,2010,0.0
basin_grassland,SLV,2010,487.85705430649534
basin_grassland,LCA,2010,1.0103497928207725
basin_grassland,ETH,2010,21688.592075253033
basin_grassland,KHM,2010,1415.315219084069
basin_grassland,GMB,2010,149.3609779223427
basin_grassland,NGA,2010,29917.38834189487
basin_grassland,GUM,2010,0.0
basin_grassland,COL,2010,38340.28398432774
basin_grassland,VCT,2010,0.37059981239779993
basin_grassland,BRB,2010,0.5228104852770243
basin_grassland,ABW,2010,0.0
basin_grassland,GRD,2010,0.3838444560736372
basin_grassland,CMR,2010,2285.4795010621137
basin_grassland,DJI,2010,1373.2243578024593
basin_grassland,VEN,2010,20192.47501613892
basin_grassland,GNB,2010,624.8767165495137
basin_grassland,GIN,2010,10590.599801747814
basin_grassland,BEN,2010,807.213788104002
basin_grassland,SSD,2010,36476.68611474536
basin_grassland,SOM,2010,42610.22100920542
basin_grassland,TTO,2010,5.04841235017714
basin_grassland,CRI,2010,1137.8991273539157
basin_grassland,GHA,2010,8054.013581687128
basin_grassland,TGO,2010,980.336676305953
basin_grassland,CAF,2010,3266.7400216119495
basin_grassland,CIV,2010,13387.218627784108
basin_grassland,PAN,2010,1428.4736537933873
basin_grassland,SLE,2010,2335.9467898036787
basin_grassland,LKA,2010,385.9850546176733
basin_grassland,FSM,2010,0.0
basin_grassland,GUY,2010,1095.3188589902898
basin_grassland,LBR,2010,1748.7221523905382
basin_grassland,PLW,2010,0.0
basin_grassland,MYS,2010,257.5280544562212
basin_grassland,MDV,2010,0.0
basin_grassland,SUR,2010,6.942461048235935
basin_grassland,IDN,2010,9218.952346987466
basin_grassland,COD,2010,19149.929510537957
basin_grassland,BRN,2010,1.642488153199562
basin_grassland,BRA,2010,192474.81027575192
basin_grassland,KEN,2010,21042.999317689595
basin_grassland,KIR,2010,0.0
basin_grassland,GNQ,2010,25.61791047296285
basin_grassland,UGA,2010,5266.821138507777
basin_grassland,COG,2010,10077.818820333581
basin_grassland,GAB,2010,4162.355303899928
basin_grassland,STP,2010,0.0
basin_grassland,ECU,2010,4903.797640373426
basin_grassland,SGP,2010,1.3433790484873107
basin_grassland,PER,2010,18517.460074622246
basin_grassland,NRU,2010,0.0
basin_grassland,RWA,2010,487.37132419985477
basin_grassland,TZA,2010,23590.742700141407
basin_grassland,PNG,2010,90.74368004759529
basin_grassland,BDI,2010,503.4954127513918
basin_grassland,SYC,2010,0.0
basin_grassland,AGO,2010,53423.293201540684
basin_grassland,SLB,2010,0.0
basin_grassland,PYF,2010,0.0
basin_grassland,ZMB,2010,20106.45416491234
basin_grassland,TLS,2010,136.25959220158248
basin_grassland,TUV,2010,0.0
basin_grassland,MWI,2010,2113.8077710780144
basin_grassland,BOL,2010,32154.068941265024
basin_grassland,MOZ,2010,42683.399817733065
basin_grassland,AUS,2010,332696.6361993997
basin_grassland,COM,2010,6.298674091787519
basin_grassland,MDG,2010,36456.331269660404
basin_grassland,FJI,2010,0.0
basin_grassland,WSM,2010,0.0
basin_grassland,VUT,2010,0.0
basin_grassland,ASM,2010,0.0
basin_grassland,TON,2010,0.0
basin_grassland,ZWE,2010,12142.275239958284
basin_grassland,NAM,2010,37648.38067407043
basin_grassland,CHL,2010,13727.029930107614
basin_grassland,BWA,2010,25869.307969017274
basin_grassland,PRY,2010,16254.570041052064
basin_grassland,MUS,2010,0.0
basin_grassland,NCL,2010,0.0
basin_grassland,ARG,2010,107502.39515950833
basin_grassland,ZAF,2010,83176.58322738035
basin_grassland,SWZ,2010,816.9528245501401
basin_grassland,LSO,2010,2144.616170636236
basin_grassland,NZL,2010,9964.647901151195
basin_grassland,URY,2010,13401.597148042121
basin_grassland,GRL,2020,0.0
basin_grassland,CAN,2020,16480.535239802208
basin_grassland,RUS,2020,105936.47327340656
basin_grassland,NOR,2020,155.46435326889082
basin_grassland,USA,2020,251561.213778287
basin_grassland,FIN,2020,35.49222579848266
basin_grassland,SWE,2020,394.450645377103
basin_grassland,ISL,2020,1569.967441970221
basin_grassland,FRO,2020,0.0
basin_grassland,GBR,2020,10074.10068352148
basin_grassland,EST,2020,290.0634290846634
basin_grassland,DNK,2020,133.01777603860918
basin_grassland,LVA,2020,594.5939755349675
basin_grassland,LTU,2020,466.50675679569275
basin_grassland,BLR,2020,3165.421094780085
basin_grassland,IRL,2020,2253.9568963918496
basin_grassland,KAZ,2020,197860.28109195986
basin_grassland,DEU,2020,4744.591752246319
basin_grassland,POL,2020,2739.4532600954985
basin_grassland,NLD,2020,677.8003650089183
basin_grassland,CHN,2020,379208.7691504933
basin_grassland,UKR,2020,7085.385199494696
basin_grassland,MNG,2020,113635.38308434968
basin_grassland,FRA,2020,9826.28701710912
basin_grassland,BEL,2020,598.7924585811322
basin_grassland,CZE,2020,928.2542303441617
basin_grassland,LUX,2020,59.684495876391544
basin_grassland,SVK,2020,499.04092872637625
basin_grassland,AUT,2020,1758.362254036001
basin_grassland,HUN,2020,596.8832318167703
basin_grassland,ROU,2020,4150.332281485728
basin_grassland,MDA,2020,337.80927006918563
basin_grassland,CHE,2020,954.5106614740574
basin_grassland,ITA,2020,4113.503211350848
basin_grassland,SVN,2020,247.56950656711751
basin_grassland,HRV,2020,418.0549762829339
basin_grassland,SRB,2020,946.5132121650926
basin_grassland,JPN,2020,377.728918441494
basin_grassland,UZB,2020,21554.996308038368
basin_grassland,BIH,2020,857.3879360243421
basin_grassland,ESP,2020,9543.940004440767
basin_grassland,BGR,2020,1482.5590306633667
basin_grassland,MNE,2020,353.6643277161795
basin_grassland,GEO,2020,1595.8571074971712
basin_grassland,XKX,2020,50.442423141058484
basin_grassland,KGZ,2020,9725.365932767785
basin_grassland,PRK,2020,153.83531980616112
basin_grassland,ALB,2020,395.8333017777903
basin_grassland,MKD,2020,912.4817353466588
basin_grassland,TUR,2020,13251.58383209037
basin_grassland,TKM,2020,32356.810070695206
basin_grassland,PRT,2020,1847.8387429818683
basin_grassland,AZE,2020,2973.533912948446
basin_grassland,GRC,2020,3855.6488745267093
basin_grassland,ARM,2020,801.5105747140249
basin_grassland,TJK,2020,3630.768625863371
basin_grassland,IRN,2020,29786.49401411765
basin_grassland,AFG,2020,32355.188700480965
basin_grassland,KOR,2020,154.21892484667435
basin_grassland,DZA,2020,34324.31090561194
basin_grassland,TUN,2020,5388.146573275184
basin_grassland,SYR,2020,181.68133742885206
basin_grassland,IRQ,2020,5044.768007090735
basin_grassland,PAK,2020,5428.046736231268
basin_grassland,MLT,2020,0.0
basin_grassland,MAR,2020,22497.505498312632
basin_grassland,CYP,2020,1.4076672597047142
basin_grassland,IND,2020,11314.409609751618
basin_grassland,LBN,2020,339.9905219843765
basin_grassland,LBY,2020,14704.708368866424
basin_grassland,ISR,2020,84.32408386003297
basin_grassland,JOR,2020,836.7395742313768
basin_grassland,MEX,2020,81442.67122367394
basin_grassland,BMU,2020,0.0
basin_grassland,PSE,2020,3.5692632170844742
basin_grassland,EGY,2020,166.04799283242772
basin_grassland,SAU,2020,136254.45256831936
basin_grassland,NPL,2020,1988.514034697533
basin_grassland,KWT,2020,285.00501973477077
basin_grassland,MMR,2020,503.3946676417964
basin_grassland,BTN,2020,282.99744495291316
basin_grassland,BHS,2020,0.7882657075968715
basin_grassland,ESH,2020,5.7510198170137246
basin_grassland,MRT,2020,28329.44899365072
basin_grassland,BHR,2020,1.9717741874647237
basin_grassland,QAT,2020,88.55797841379254
basin_grassland,OMN,2020,1564.6126807749517
basin_grassland,ARE,2020,318.66068523579446
basin_grassland,BGD,2020,309.3606750585451
basin_grassland,TWN,2020,240.46442919233368
basin_grassland,MLI,2020,37379.94570563752
basin_grassland,CUB,2020,0.0
basin_grassland,NER,2020,25902.74886662564
basin_grassland,TCD,2020,41129.59159481799
basin_grassland,VNM,2020,668.7147029828964
basin_grassland,LAO,2020,922.8672869101958
basin_grassland,HKG,2020,0.009152882008891194
basin_grassland,TCA,2020,0.0
basin_grassland,SDN,2020,85136.1596303652
basin_grassland,PHL,2020,1048.648491273545
basin_grassland,HTI,2020,400.1304991833151
basin_grassland,THA,2020,867.2791283830283
basin_grassland,CYM,2020,0.0
basin_grassland,DOM,2020,1159.4826325424501
basin_grassland,JAM,2020,186.73303506018766
basin_grassland,PRI,2020,0.0
basin_grassland,VGB,2020,0.0
basin_grassland,YEM,2020,26693.165549271
basin_grassland,MNP,2020,0.0
basin_grassland,BLZ,2020,32.109861554472864
basin_grassland,VIR,2020,0.0
basin_grassland,GTM,2020,2199.535497170976
basin_grassland,ATG,2020,0.8443146595164063
basin_grassland,ERI,2020,476.72218970946176
basin_grassland,KNA,2020,0.0
basin_grassland,CPV,2020,0.0
basin_grassland,HND,2020,1919.4034839961123
basin_grassland,SEN,2020,6095.305608881363
basin_grassland,DMA,2020,2.04308524979763
basin_grassland,NIC,2020,3626.1358574444116
basin_grassland,BFA,2020,6262.305108752176
basin_grassland,MHL,2020,0.0
basin_grassland,SLV,2020,510.4236154438747
basin_grassland,LCA,2020,0.9917789578378103
basin_grassland,ETH,2020,24404.315667685332
basin_grassland,KHM,2020,1622.4107167118582
basin_grassland,GMB,2020,158.3536711000233
basin_grassland,NGA,2020,30180.21499467188
basin_grassland,GUM,2020,0.0
basin_grassland,COL,2020,40800.82653261686
basin_grassland,VCT,2020,0.3612746534446926
basin_grassland,BRB,2020,0.5228104852770243
basin_grassland,ABW,2020,0.0
basin_grassland,GRD,2020,0.3838444560736372
basin_grassland,CMR,2020,2436.4414748182353
basin_grassland,DJI,2020,1384.698668610137
basin_grassland,VEN,2020,20283.171751070127
basin_grassland,GNB,2020,679.359963959358
basin_grassland,GIN,2020,11277.056451300208
basin_grassland,BEN,2020,856.1347432921832
basin_grassland,SSD,2020,36594.74861186385
basin_grassland,SOM,2020,42612.24998853807
basin_grassland,TTO,2020,8.93862622226213
basin_grassland,CRI,2020,1203.757988071177
basin_grassland,GHA,2020,8236.080764477241
basin_grassland,TGO,2020,1012.2380404295859
basin_grassland,CAF,2020,3485.8374922867542
basin_grassland,CIV,2020,5122.870524932428
basin_grassland,PAN,2020,1615.2294687870149
basin_grassland,SLE,2020,2481.0884056816844
basin_grassland,LKA,2020,417.32915566924004
basin_grassland,FSM,2020,0.0
basin_grassland,GUY,2020,1000.2961758678077
basin_grassland,LBR,2020,1798.1412245709382
basin_grassland,PLW,2020,0.0
basin_grassland,MYS,2020,254.43485661509717
basin_grassland,MDV,2020,0.0
basin_grassland,SUR,2020,7.290714327598332
basin_grassland,IDN,2020,9481.739629567383
basin_grassland,COD,2020,20744.610470451684
basin_grassland,BRN,2020,1.6073777303016599
basin_grassland,BRA,2020,212743.50183865853
basin_grassland,KEN,2020,23826.94166217086
basin_grassland,KIR,2020,0.0
basin_grassland,GNQ,2020,28.29729833672404
basin_grassland,UGA,2020,6271.048209636686
basin_grassland,COG,2020,11296.871351795575
basin_grassland,GAB,2020,4591.401723904455
basin_grassland,STP,2020,0.0
basin_grassland,ECU,2020,5421.593614524255
basin_grassland,SGP,2020,1.2367861654794199
basin_grassland,PER,2020,20440.312647854364
basin_grassland,NRU,2020,0.0
basin_grassland,RWA,2020,584.4386367048631
basin_grassland,TZA,2020,26254.12362829913
basin_grassland,PNG,2020,99.38268173582031
basin_grassland,BDI,2020,431.1337529256143
basin_grassland,SYC,2020,0.0
basin_grassland,AGO,2020,62803.10246840491
basin_grassland,SLB,2020,0.0
basin_grassland,PYF,2020,0.0
basin_grassland,ZMB,2020,21887.54642688242
basin_grassland,TLS,2020,142.16862706119343
basin_grassland,TUV,2020,0.0
basin_grassland,MWI,2020,2307.617216386077
basin_grassland,BOL,2020,33977.177179443584
basin_grassland,MOZ,2020,43502.024772012555
basin_grassland,AUS,2020,348744.0706583321
basin_grassland,COM,2020,6.298674087384653
basin_grassland,MDG,2020,39629.68751092983
basin_grassland,FJI,2020,0.0
basin_grassland,WSM,2020,0.0
basin_grassland,VUT,2020,0.0
basin_grassland,ASM,2020,0.0
basin_grassland,TON,2020,0.0
basin_grassland,ZWE,2020,12122.250264118451
basin_grassland,NAM,2020,41026.53707757703
basin_grassland,CHL,2020,14899.524602420248
basin_grassland,BWA,2020,27842.29536028125
basin_grassland,PRY,2020,17088.927041106068
basin_grassland,MUS,2020,0.0
basin_grassland,NCL,2020,0.0
basin_grassland,ARG,2020,117125.72708013994
basin_grassland,ZAF,2020,88562.46956468484
basin_grassland,SWZ,2020,864.7923536170206
basin_grassland,LSO,2020,2197.626589700695
basin_grassland,NZL,2020,10108.067468511232
basin_grassland,URY,2020,14002.535644366464
basin_grassland,GRL,2030,0.0
basin_grassland,CAN,2030,18400.145629485138
basin_grassland,RUS,2030,107865.90318507077
basin_grassland,NOR,2030,178.19554503104936
basin_grassland,USA,2030,235393.14504219888
basin_grassland,FIN,2030,37.673852564763564
basin_grassland,SWE,2030,300.12995380118423
basin_grassland,ISL,2030,1912.4337233306035
basin_grassland,FRO,2030,0.0
basin_grassland,GBR,2030,10445.758397185069
basin_grassland,EST,2030,304.4717586690039
basin_grassland,DNK,2030,137.905406429899
basin_grassland,LVA,2030,759.8503694923578
basin_grassland,LTU,2030,432.66377276308936
basin_grassland,BLR,2030,3510.8925040033637
basin_grassland,IRL,2030,600.5784399288077
basin_grassland,KAZ,2030,199298.79611558677
basin_grassland,DEU,2030,5109.05076690634
basin_grassland,POL,2030,3551.9945734129633
basin_grassland,NLD,2030,693.4534752896218
basin_grassland,CHN,2030,328547.41626901587
basin_grassland,UKR,2030,7247.695212958417
basin_grassland,MNG,2030,117754.76536846854
basin_grassland,FRA,2030,10482.35342664057
basin_grassland,BEL,2030,625.1186592269217
basin_grassland,CZE,2030,1092.8683475301418
basin_grassland,LUX,2030,62.894549042282534
basin_grassland,SVK,2030,500.15529857900776
basin_grassland,AUT,2030,1915.2418088859806
basin_grassland,HUN,2030,547.6006467890951
basin_grassland,ROU,2030,4061.6074642578833
basin_grassland,MDA,2030,286.3012384774851
basin_grassland,CHE,2030,1046.815558094337
basin_grassland,ITA,2030,3820.929643383983
basin_grassland,SVN,2030,180.1461492892
basin_grassland,HRV,2030,341.70077957615723
basin_grassland,SRB,2030,872.3289771412594
basin_grassland,JPN,2030,381.0661432780263
basin_grassland,UZB,2030,22120.86998184205
basin_grassland,BIH,2030,750.7123229571171
basin_grassland,ESP,2030,8947.248363657302
basin_grassland,BGR,2030,1436.3661813042866
basin_grassland,MNE,2030,325.04947109147724
basin_grassland,GEO,2030,1221.1603198288135
basin_grassland,XKX,2030,44.66948273749399
basin_grassland,KGZ,2030,10207.72262692787
basin_grassland,PRK,2030,152.5831078236679
basin_grassland,ALB,2030,282.46998234587875
basin_grassland,MKD,2030,875.6605269445718
basin_grassland,TUR,2030,12869.95159072872
basin_grassland,TKM,2030,33540.52485550684
basin_grassland,PRT,2030,1601.1997362125207
basin_grassland,AZE,2030,3033.8009139679884
basin_grassland,GRC,2030,3633.4451372229023
basin_grassland,ARM,2030,597.9531376242852
basin_grassland,TJK,2030,3688.9798068130904
basin_grassland,IRN,2030,34137.72912565453
basin_grassland,AFG,2030,33796.75051118425
basin_grassland,KOR,2030,186.67222629222942
basin_grassland,DZA,2030,40917.743765791296
basin_grassland,TUN,2030,5781.741756725112
basin_grassland,SYR,2030,222.09860732998692
basin_grassland,IRQ,2030,6826.428098814391
basin_grassland,PAK,2030,5177.201595205562
basin_grassland,MLT,2030,0.0
basin_grassland,MAR,2030,24347.276689719674
basin_grassland,CYP,2030,1.4076672597047142
basin_grassland,IND,2030,11586.296611003367
basin_grassland,LBN,2030,424.97269386729596
basin_grassland,LBY,2030,16206.925552460198
basin_grassland,ISR,2030,113.58976110789257
basin_grassland,JOR,2030,1190.5423551915842
basin_grassland,MEX,2030,87008.65383497725
basin_grassland,BMU,2030,0.0
basin_grassland,PSE,2030,4.836338414839279
basin_grassland,EGY,2030,379.0772080732928
basin_grassland,SAU,2030,137616.16352028883
basin_grassland,NPL,2030,2521.2339474385303
basin_grassland,KWT,2030,347.2556897788151
basin_grassland,MMR,2030,542.4636971105174
basin_grassland,BTN,2030,282.9935691215254
basin_grassland,BHS,2030,0.804270655091221
basin_grassland,ESH,2030,5.7510198170137246
basin_grassland,MRT,2030,33888.14722637567
basin_grassland,BHR,2030,1.9717741874647237
basin_grassland,QAT,2030,89.96567304213514
basin_grassland,OMN,2030,2153.8903136520676
basin_grassland,ARE,2030,425.99242055180764
basin_grassland,BGD,2030,268.26221859796544
basin_grassland,TWN,2030,209.6242689324332
basin_grassland,MLI,2030,41815.482537126496
basin_grassland,CUB,2030,0.0
basin_grassland,NER,2030,30179.49731931139
basin_grassland,TCD,2030,50688.67814936436
basin_grassland,VNM,2030,694.8522312552071
basin_grassland,LAO,2030,1007.1880754113738
basin_grassland,HKG,2030,0.007436716567188957
basin_grassland,TCA,2030,0.0
basin_grassland,SDN,2030,95335.88480520307
basin_grassland,PHL,2030,608.7497747421344
basin_grassland,HTI,2030,441.49206493223585
basin_grassland,THA,2030,945.4729158889945
basin_grassland,CYM,2030,0.0
basin_grassland,DOM,2030,1202.9725294351324
basin_grassland,JAM,2030,206.9507720439408
basin_grassland,PRI,2030,0.0
basin_grassland,VGB,2030,0.0
basin_grassland,YEM,2030,26704.069571118518
basin_grassland,MNP,2030,0.0
basin_grassland,BLZ,2030,33.378868575950555
basin_grassland,VIR,2030,0.0
basin_grassland,GTM,2030,2722.264841203989
basin_grassland,ATG,2030,0.8443146595164063
basin_grassland,ERI,2030,580.129403942318
basin_grassland,KNA,2030,0.0
basin_grassland,CPV,2030,0.0
basin_grassland,HND,2030,2110.2475517546322
basin_grassland,SEN,2030,8883.968632843083
basin_grassland,DMA,2030,2.04308524979763
basin_grassland,NIC,2030,3994.094021964061
basin_grassland,BFA,2030,8725.801255565882
basin_grassland,MHL,2030,0.0
basin_grassland,SLV,2030,518.1650895513243
basin_grassland,LCA,2030,0.9917789578378103
basin_grassland,ETH,2030,35046.56382934394
basin_grassland,KHM,2030,2483.958588307946
basin_grassland,GMB,2030,227.96486221286779
basin_grassland,NGA,2030,39399.3607221095
basin_grassland,GUM,2030,0.0
basin_grassland,COL,2030,41524.44763717308
basin_grassland,VCT,2030,0.31886025241714144
basin_grassland,BRB,2030,0.5228104852770243
basin_grassland,ABW,2030,0.0
basin_grassland,GRD,2030,0.3838444560736372
basin_grassland,CMR,2030,3266.380744805739
basin_grassland,DJI,2030,1556.6992562591709
basin_grassland,VEN,2030,20319.24215361215
basin_grassland,GNB,2030,940.7493314010645
basin_grassland,GIN,2030,15093.280547636812
basin_grassland,BEN,2030,1203.5615663040544
basin_grassland,SSD,2030,36747.2094769938
basin_grassland,SOM,2030,42710.156622112074
basin_grassland,TTO,2030,14.61466595524979
basin_grassland,CRI,2030,1306.8170755543802
basin_grassland,GHA,2030,11300.78319685304
basin_grassland,TGO,2030,1455.180459502402
basin_grassland,CAF,2030,4320.424181612618
basin_grassland,CIV,2030,6076.592996058092
basin_grassland,PAN,2030,1574.714689124686
basin_grassland,SLE,2030,3316.8598703371995
basin_grassland,LKA,2030,444.381898972082
basin_grassland,FSM,2030,0.0
basin_grassland,GUY,2030,487.94284844346373
basin_grassland,LBR,2030,2758.2773477519095
basin_grassland,PLW,2030,0.0
basin_grassland,MYS,2030,221.2895368225888
basin_grassland,MDV,2030,0.0
basin_grassland,SUR,2030,8.639355420780777
basin_grassland,IDN,2030,9922.962906443574
basin_grassland,COD,2030,37048.1599009047
basin_grassland,BRN,2030,1.4047232273594745
basin_grassland,BRA,2030,245192.09942927572
basin_grassland,KEN,2030,30849.996285552494
basin_grassland,KIR,2030,0.0
basin_grassland,GNQ,2030,42.28859487900072
basin_grassland,UGA,2030,8388.188290981476
basin_grassland,COG,2030,13039.602708984536
basin_grassland,GAB,2030,6438.772453445432
basin_grassland,STP,2030,0.0
basin_grassland,ECU,2030,5692.217915622744
basin_grassland,SGP,2030,1.0081521847410653
basin_grassland,PER,2030,20640.209835075588
basin_grassland,NRU,2030,0.0
basin_grassland,RWA,2030,943.1004496551782
basin_grassland,TZA,2030,34524.48821041441
basin_grassland,PNG,2030,129.54197343455058
basin_grassland,BDI,2030,765.0121495475719
basin_grassland,SYC,2030,0.0
basin_grassland,AGO,2030,76854.14275253346
basin_grassland,SLB,2030,0.0
basin_grassland,PYF,2030,0.0
basin_grassland,ZMB,2030,26154.290039758744
basin_grassland,TLS,2030,163.34188334567114
basin_grassland,TUV,2030,0.0
basin_grassland,MWI,2030,2936.9318756926677
basin_grassland,BOL,2030,38265.237985115564
basin_grassland,MOZ,2030,46938.615399656075
basin_grassland,AUS,2030,391331.68350834615
basin_grassland,COM,2030,6.298674087384653
basin_grassland,MDG,2030,45384.97446806387
basin_grassland,FJI,2030,0.0
basin_grassland,WSM,2030,0.0
basin_grassland,VUT,2030,0.0
basin_grassland,ASM,2030,0.0
basin_grassland,TON,2030,0.0
basin_grassland,ZWE,2030,16531.05512222284
basin_grassland,NAM,2030,44946.07612497364
basin_grassland,CHL,2030,16256.901673985802
basin_grassland,BWA,2030,33107.81097821004
basin_grassland,PRY,2030,19582.326004155064
basin_grassland,MUS,2030,0.0
basin_grassland,NCL,2030,0.0
basin_grassland,ARG,2030,122834.36942765891
basin_grassland,ZAF,2030,93032.95078425645
basin_grassland,SWZ,2030,990.8687380238332
basin_grassland,LSO,2030,2307.1522070202172
basin_grassland,NZL,2030,11875.988835433578
basin_grassland,URY,2030,14488.134151378208
basin_grassland,GRL,2040,0.0
basin_grassland,CAN,2040,14244.63470201093
basin_grassland,RUS,2040,98630.95580251815
basin_grassland,NOR,2040,174.90741905066565
basin_grassland,USA,2040,224150.86488331307
basin_grassland,FIN,2040,34.53846577778402
basin_grassland,SWE,2040,186.60133299751215
basin_grassland,ISL,2040,2028.0372171784932
basin_grassland,FRO,2040,0.0
basin_grassland,GBR,2040,9783.63093992187
basin_grassland,EST,2040,234.39446827156362
basin_grassland,DNK,2040,121.22047627607726
basin_grassland,LVA,2040,886.2455040147164
basin_grassland,LTU,2040,370.71789564503655
basin_grassland,BLR,2040,2955.1398456568313
basin_grassland,IRL,2040,430.11236911646876
basin_grassland,KAZ,2040,193539.75552532496
basin_grassland,DEU,2040,4174.336616641794
basin_grassland,POL,2040,3846.758801842977
basin_grassland,NLD,2040,562.7555582180341
basin_grassland,CHN,2040,292297.8008125041
basin_grassland,UKR,2040,5554.43462195927
basin_grassland,MNG,2040,117380.61212321173
basin_grassland,FRA,2040,9306.889661949848
basin_grassland,BEL,2040,601.3942426313201
basin_grassland,CZE,2040,946.8125113968316
basin_grassland,LUX,2040,59.350117817797226
basin_grassland,SVK,2040,454.2855136820835
basin_grassland,AUT,2040,1711.704551839961
basin_grassland,HUN,2040,485.4105039068569
basin_grassland,ROU,2040,3752.7549856688083
basin_grassland,MDA,2040,229.76042651871947
basin_grassland,CHE,2040,937.6001801500562
basin_grassland,ITA,2040,2915.496777749324
basin_grassland,SVN,2040,139.88608069376033
basin_grassland,HRV,2040,299.30437967225595
basin_grassland,SRB,2040,737.4669815129317
basin_grassland,JPN,2040,312.53541865963456
basin_grassland,UZB,2040,23338.745204171813
basin_grassland,BIH,2040,709.932422327199
basin_grassland,ESP,2040,7642.4224567301135
basin_grassland,BGR,2040,1257.9561183350136
basin_grassland,MNE,2040,275.0562479877633
basin_grassland,GEO,2040,932.5516980405058
basin_grassland,XKX,2040,34.20397832933568
basin_grassland,KGZ,2040,10269.643801092114
basin_grassland,PRK,2040,150.65100875856302
basin_grassland,ALB,2040,222.8709394329011
basin_grassland,MKD,2040,714.872197228528
basin_grassland,TUR,2040,12622.917772459277
basin_grassland,TKM,2040,33974.05112324813
basin_grassland,PRT,2040,1153.3524472720637
basin_grassland,AZE,2040,2963.5846426169915
basin_grassland,GRC,2040,2817.330207006346
basin_grassland,ARM,2040,794.6168018055262
basin_grassland,TJK,2040,4162.603210375769
basin_grassland,IRN,2040,35358.01230290104
basin_grassland,AFG,2040,32639.507347593953
basin_grassland,KOR,2040,182.14664008433678
basin_grassland,DZA,2040,48526.314769231925
basin_grassland,TUN,2040,5785.75917549769
basin_grassland,SYR,2040,241.05839260484083
basin_grassland,IRQ,2040,10233.716917841019
basin_grassland,PAK,2040,4963.994599456797
basin_grassland,MLT,2040,0.0
basin_grassland,MAR,2040,24569.880288676562
basin_grassland,CYP,2040,1.4076672597047142
basin_grassland,IND,2040,9076.950497671798
basin_grassland,LBN,2040,422.30849971084075
basin_grassland,LBY,2040,18731.380248415295
basin_grassland,ISR,2040,160.55345552705776
basin_grassland,JOR,2040,1569.7257166455652
basin_grassland,MEX,2040,89517.41496279626
basin_grassland,BMU,2040,0.0
basin_grassland,PSE,2040,5.4107342119347335
basin_grassland,EGY,2040,698.1852915567863
basin_grassland,SAU,2040,138081.46544623282
basin_grassland,NPL,2040,2412.4254736165826
basin_grassland,KWT,2040,431.19010785008794
basin_grassland,MMR,2040,558.9277199690507
basin_grassland,BTN,2040,282.99079614700855
basin_grassland,BHS,2040,0.8441775574868019
basin_grassland,ESH,2040,5.7510198170137246
basin_grassland,MRT,2040,34894.312975716915
basin_grassland,BHR,2040,1.9717741874647237
basin_grassland,QAT,2040,90.45814018783118
basin_grassland,OMN,2040,2550.637200554736
basin_grassland,ARE,2040,502.55652413491634
basin_grassland,BGD,2040,257.7911224668319
basin_grassland,TWN,2040,172.95912315479595
basin_grassland,MLI,2040,43298.55674959323
basin_grassland,CUB,2040,0.0
basin_grassland,NER,2040,31359.604862525546
basin_grassland,TCD,2040,53966.46254429996
basin_grassland,VNM,2040,555.0195295973849
basin_grassland,LAO,2040,1037.0935068936085
basin_grassland,HKG,2040,0.007436716567188957
basin_grassland,TCA,2040,0.0
basin_grassland,SDN,2040,103286.68716921059
basin_grassland,PHL,2040,214.76970470696736
basin_grassland,HTI,2040,590.1104504252513
basin_grassland,THA,2040,968.0975295412021
basin_grassland,CYM,2040,0.0
basin_grassland,DOM,2040,1151.6612790526758
basin_grassland,JAM,2040,196.38624365243678
basin_grassland,PRI,2040,0.0
basin_grassland,VGB,2040,0.0
basin_grassland,YEM,2040,26685.34465145579
basin_grassland,MNP,2040,0.0
basin_grassland,BLZ,2040,34.15085727662709
basin_grassland,VIR,2040,0.0
basin_grassland,GTM,2040,3035.3313222641045
basin_grassland,ATG,2040,0.8304448400789589
basin_grassland,ERI,2040,694.2552640822504
basin_grassland,KNA,2040,0.0
basin_grassland,CPV,2040,0.0
basin_grassland,HND,2040,2138.7032260073493
basin_grassland,SEN,2040,12387.549300068154
basin_grassland,DMA,2040,1.798593108947409
basin_grassland,NIC,2040,4272.074611390525
basin_grassland,BFA,2040,11818.842774714518
basin_grassland,MHL,2040,0.0
basin_grassland,SLV,2040,506.0194917174698
basin_grassland,LCA,2040,0.8920356202008456
basin_grassland,ETH,2040,48247.73689589017
basin_grassland,KHM,2040,3870.2647883947893
basin_grassland,GMB,2040,305.5585264298185
basin_grassland,NGA,2040,51979.26400133957
basin_grassland,GUM,2040,0.0
basin_grassland,COL,2040,39457.21121653968
basin_grassland,VCT,2040,0.2875758408446531
basin_grassland,BRB,2040,0.4334694318716676
basin_grassland,ABW,2040,0.0
basin_grassland,GRD,2040,0.3838444560736372
basin_grassland,CMR,2040,4608.062298651366
basin_grassland,DJI,2040,1560.0874768297326
basin_grassland,VEN,2040,20286.440100434796
basin_grassland,GNB,2040,1202.5734626443943
basin_grassland,GIN,2040,17245.464604471217
basin_grassland,BEN,2040,1582.7637374848498
basin_grassland,SSD,2040,36937.043909816246
basin_grassland,SOM,2040,42679.95251044797
basin_grassland,TTO,2040,13.347103534572245
basin_grassland,CRI,2040,1282.0668515744353
basin_grassland,GHA,2040,12781.934649127612
basin_grassland,TGO,2040,1903.9960882158475
basin_grassland,CAF,2040,5527.023582692707
basin_grassland,CIV,2040,2630.2728149558898
basin_grassland,PAN,2040,1528.7648915259585
basin_grassland,SLE,2040,3933.0519991119763
basin_grassland,LKA,2040,483.99401225645835
basin_grassland,FSM,2040,0.0
basin_grassland,GUY,2040,556.0806718424833
basin_grassland,LBR,2040,4271.762417169838
basin_grassland,PLW,2040,0.0
basin_grassland,MYS,2040,185.8327163329377
basin_grassland,MDV,2040,0.0
basin_grassland,SUR,2040,11.302665726339736
basin_grassland,IDN,2040,9670.317715846028
basin_grassland,COD,2040,63003.223440580776
basin_grassland,BRN,2040,1.1247640798666245
basin_grassland,BRA,2040,275752.8471227279
basin_grassland,KEN,2040,36419.526197203566
basin_grassland,KIR,2040,0.0
basin_grassland,GNQ,2040,59.26719176978019
basin_grassland,UGA,2040,10238.076108692208
basin_grassland,COG,2040,16888.795895788593
basin_grassland,GAB,2040,8351.756917757335
basin_grassland,STP,2040,0.0
basin_grassland,ECU,2040,5375.165264125838
basin_grassland,SGP,2040,0.8431650097974214
basin_grassland,PER,2040,18620.929591504173
basin_grassland,NRU,2040,0.0
basin_grassland,RWA,2040,1190.4538962630425
basin_grassland,TZA,2040,39118.61946755208
basin_grassland,PNG,2040,198.19219867862395
basin_grassland,BDI,2040,913.7969550836957
basin_grassland,SYC,2040,0.0
basin_grassland,AGO,2040,87502.90513244721
basin_grassland,SLB,2040,0.0
basin_grassland,PYF,2040,0.0
basin_grassland,ZMB,2040,31608.878459226777
basin_grassland,TLS,2040,188.75671996083796
basin_grassland,TUV,2040,0.0
basin_grassland,MWI,2040,3514.8251313898418
basin_grassland,BOL,2040,41716.41911043628
basin_grassland,MOZ,2040,53773.640884838955
basin_grassland,AUS,2040,402812.95640153124
basin_grassland,COM,2040,6.298674087384653
basin_grassland,MDG,2040,45084.99090768835
basin_grassland,FJI,2040,0.0
basin_grassland,WSM,2040,0.0
basin_grassland,VUT,2040,0.0
basin_grassland,ASM,2040,0.0
basin_grassland,TON,2040,0.0
basin_grassland,ZWE,2040,21678.638855757094
basin_grassland,NAM,2040,45443.31323278685
basin_grassland,CHL,2040,17321.212023341453
basin_grassland,BWA,2040,40301.10162583811
basin_grassland,PRY,2040,22504.27518600856
basin_grassland,MUS,2040,0.0
basin_grassland,NCL,2040,0.0
basin_grassland,ARG,2040,135701.45573703933
basin_grassland,ZAF,2040,95036.03013189093
basin_grassland,SWZ,2040,1049.2694064323239
basin_grassland,LSO,2040,2473.9044266478913
basin_grassland,NZL,2040,11124.090143399659
basin_grassland,URY,2040,14637.921569314072
basin_grassland,GRL,2050,0.0
basin_grassland,CAN,2050,12463.415993084256
basin_grassland,RUS,2050,81844.20502914664
basin_grassland,NOR,2050,177.59245205460155
basin_grassland,USA,2050,202741.7746535115
basin_grassland,FIN,2050,33.43216524978244
basin_grassland,SWE,2050,115.46937806663863
basin_grassland,ISL,2050,1778.7937348020553
basin_grassland,FRO,2050,0.0
basin_grassland,GBR,2050,8190.8194511485235
basin_grassland,EST,2050,157.8731866717776
basin_grassland,DNK,2050,84.15111478654772
basin_grassland,LVA,2050,723.0139718255068
basin_grassland,LTU,2050,230.66740139013567
basin_grassland,BLR,2050,2078.2702472258957
basin_grassland,IRL,2050,159.91170675729114
basin_grassland,KAZ,2050,189268.73863351365
basin_grassland,DEU,2050,3072.4604660733994
basin_grassland,POL,2050,2544.668557768472
basin_grassland,NLD,2050,449.7185643146059
basin_grassland,CHN,2050,254267.13632313162
basin_grassland,UKR,2050,4550.030766711849
basin_grassland,MNG,2050,116973.51514579516
basin_grassland,FRA,2050,8542.380997438268
basin_grassland,BEL,2050,496.9319813438208
basin_grassland,CZE,2050,599.7382909456734
basin_grassland,LUX,2050,54.37907233595311
basin_grassland,SVK,2050,337.2811683256445
basin_grassland,AUT,2050,1398.2983713394972
basin_grassland,HUN,2050,442.76845135655253
basin_grassland,ROU,2050,3223.8792965886378
basin_grassland,MDA,2050,165.95703346360816
basin_grassland,CHE,2050,804.0472333089062
basin_grassland,ITA,2050,1513.033869138862
basin_grassland,SVN,2050,101.05430784442997
basin_grassland,HRV,2050,248.24665866728574
basin_grassland,SRB,2050,684.9390432762366
basin_grassland,JPN,2050,185.59255820231874
basin_grassland,UZB,2050,22659.490752126363
basin_grassland,BIH,2050,698.285558969142
basin_grassland,ESP,2050,5725.090479927458
basin_grassland,BGR,2050,929.9608781788082
basin_grassland,MNE,2050,235.65621737471926
basin_grassland,GEO,2050,778.3607399800311
basin_grassland,XKX,2050,24.664828762876994
basin_grassland,KGZ,2050,10161.413939940296
basin_grassland,PRK,2050,148.20583030837346
basin_grassland,ALB,2050,254.53845480337984
basin_grassland,MKD,2050,567.6146310632703
basin_grassland,TUR,2050,12407.239758971951
basin_grassland,TKM,2050,34182.46641743177
basin_grassland,PRT,2050,615.0545617235128
basin_grassland,AZE,2050,2828.882758065586
basin_grassland,GRC,2050,1804.8087131227092
basin_grassland,ARM,2050,1034.453256460544
basin_grassland,TJK,2050,4180.542189784646
basin_grassland,IRN,2050,35708.79626552707
basin_grassland,AFG,2050,30841.06074045048
basin_grassland,KOR,2050,169.75888989331025
basin_grassland,DZA,2050,51536.10607678906
basin_grassland,TUN,2050,5687.278208484344
basin_grassland,SYR,2050,246.63668196683713
basin_grassland,IRQ,2050,13770.7246903702
basin_grassland,PAK,2050,4843.077688693221
basin_grassland,MLT,2050,0.0
basin_grassland,MAR,2050,24306.977837817234
basin_grassland,CYP,2050,1.4076672597047142
basin_grassland,IND,2050,11102.94351957833
basin_grassland,LBN,2050,398.0587363850311
basin_grassland,LBY,2050,19838.563103189193
basin_grassland,ISR,2050,260.48517307824903
basin_grassland,JOR,2050,1664.9202815191154
basin_grassland,MEX,2050,87269.54316320887
basin_grassland,BMU,2050,0.0
basin_grassland,PSE,2050,5.398653289481775
basin_grassland,EGY,2050,1634.3402042571988
basin_grassland,SAU,2050,137976.49877376034
basin_grassland,NPL,2050,1301.452297509577
basin_grassland,KWT,2050,463.99211805591034
basin_grassland,MMR,2050,550.697867707125
basin_grassland,BTN,2050,282.98861184215
basin_grassland,BHS,2050,0.8558980897048751
basin_grassland,ESH,2050,5.74842749422753
basin_grassland,MRT,2050,34879.15341432404
basin_grassland,BHR,2050,1.9717741874647237
basin_grassland,QAT,2050,90.38631882655275
basin_grassland,OMN,2050,2747.692903574098
basin_grassland,ARE,2050,652.2298669112482
basin_grassland,BGD,2050,269.41345662640407
basin_grassland,TWN,2050,137.5769830130767
basin_grassland,MLI,2050,44232.114879395136
basin_grassland,CUB,2050,0.0
basin_grassland,NER,2050,30683.70233302505
basin_grassland,TCD,2050,54970.342101444476
basin_grassland,VNM,2050,255.34651129538958
basin_grassland,LAO,2050,1023.8542513437874
basin_grassland,HKG,2050,0.007436716567188957
basin_grassland,TCA,2050,0.0
basin_grassland,SDN,2050,106302.25871839322
basin_grassland,PHL,2050,465.35972648784445
basin_grassland,HTI,2050,725.2690488668202
basin_grassland,THA,2050,920.9834849076599
basin_grassland,CYM,2050,0.0
basin_grassland,DOM,2050,1073.954598766442
basin_grassland,JAM,2050,161.76459904037827
basin_grassland,PRI,2050,0.0
basin_grassland,VGB,2050,0.0
basin_grassland,YEM,2050,26641.77417085986
basin_grassland,MNP,2050,0.0
basin_grassland,BLZ,2050,33.67088931496865
basin_grassland,VIR,2050,0.0
basin_grassland,GTM,2050,3129.653427289712
basin_grassland,ATG,2050,0.78440739899343
basin_grassland,ERI,2050,735.0281067377623
basin_grassland,KNA,2050,0.0
basin_grassland,CPV,2050,0.0
basin_grassland,HND,2050,2038.737989744478
basin_grassland,SEN,2050,13779.876610758609
basin_grassland,DMA,2050,1.6335163986063552
basin_grassland,NIC,2050,4326.305322762398
basin_grassland,BFA,2050,13400.196372290175
basin_grassland,MHL,2050,0.0
basin_grassland,SLV,2050,473.2444338014079
basin_grassland,LCA,2050,0.8246414429911509
basin_grassland,ETH,2050,51017.7332829415
basin_grassland,KHM,2050,5120.649447248201
basin_grassland,GMB,2050,331.3102569215807
basin_grassland,NGA,2050,61508.58950846519
basin_grassland,GUM,2050,0.0
basin_grassland,COL,2050,33699.75449459292
basin_grassland,VCT,2050,0.25358413974539007
basin_grassland,BRB,2050,0.27163282559736557
basin_grassland,ABW,2050,0.0
basin_grassland,GRD,2050,0.3838444560736372
basin_grassland,CMR,2050,5575.208008970891
basin_grassland,DJI,2050,1495.6245396517074
basin_grassland,VEN,2050,20197.567078046988
basin_grassland,GNB,2050,1387.0874264636907
basin_grassland,GIN,2050,18106.980626110577
basin_grassland,BEN,2050,2034.8324437702968
basin_grassland,SSD,2050,37039.01717259736
basin_grassland,SOM,2050,42631.28906268983
basin_grassland,TTO,2050,8.82521689790168
basin_grassland,CRI,2050,1270.7767670373767
basin_grassland,GHA,2050,12751.17796915607
basin_grassland,TGO,2050,2014.490184960337
basin_grassland,CAF,2050,6440.497261083364
basin_grassland,CIV,2050,2366.666138149798
basin_grassland,PAN,2050,1450.4743682650897
basin_grassland,SLE,2050,4291.781363431492
basin_grassland,LKA,2050,499.5710320619629
basin_grassland,FSM,2050,0.0
basin_grassland,GUY,2050,566.6696909166442
basin_grassland,LBR,2050,5367.186728871198
basin_grassland,PLW,2050,0.0
basin_grassland,MYS,2050,139.21733877009513
basin_grassland,MDV,2050,0.0
basin_grassland,SUR,2050,12.129891481203774
basin_grassland,IDN,2050,8433.733330988845
basin_grassland,COD,2050,77870.64985070194
basin_grassland,BRN,2050,0.7450176653881608
basin_grassland,BRA,2050,272934.2244020186
basin_grassland,KEN,2050,40027.637914769
basin_grassland,KIR,2050,0.0
basin_grassland,GNQ,2050,79.72408644803934
basin_grassland,UGA,2050,10447.681694394536
basin_grassland,COG,2050,19852.67326577807
basin_grassland,GAB,2050,9757.04832736956
basin_grassland,STP,2050,0.0
basin_grassland,ECU,2050,3191.3751243391393
basin_grassland,SGP,2050,0.6744702287908505
basin_grassland,PER,2050,14097.90242378432
basin_grassland,NRU,2050,0.0
basin_grassland,RWA,2050,1406.7818447010793
basin_grassland,TZA,2050,38463.19834474647
basin_grassland,PNG,2050,295.726614405007
basin_grassland,BDI,2050,914.5576772970178
basin_grassland,SYC,2050,0.0
basin_grassland,AGO,2050,92767.08319448447
basin_grassland,SLB,2050,0.0
basin_grassland,PYF,2050,0.0
basin_grassland,ZMB,2050,36134.00024340357
basin_grassland,TLS,2050,189.219970647046
basin_grassland,TUV,2050,0.0
basin_grassland,MWI,2050,3651.2766525749535
basin_grassland,BOL,2050,41566.36275967652
basin_grassland,MOZ,2050,58963.69231948865
basin_grassland,AUS,2050,406718.9365717325
basin_grassland,COM,2050,5.977085964531587
basin_grassland,MDG,2050,42570.635101334105
basin_grassland,FJI,2050,0.0
basin_grassland,WSM,2050,0.0
basin_grassland,VUT,2050,0.0
basin_grassland,ASM,2050,0.0
basin_grassland,TON,2050,0.0
basin_grassland,ZWE,2050,24104.929290070162
basin_grassland,NAM,2050,45643.373395059476
basin_grassland,CHL,2050,16971.285657209402
basin_grassland,BWA,2050,43695.954148483084
basin_grassland,PRY,2050,23954.050345455733
basin_grassland,MUS,2050,0.0
basin_grassland,NCL,2050,0.0
basin_grassland,ARG,2050,140975.63015655137
basin_grassland,ZAF,2050,94535.40611714625
basin_grassland,SWZ,2050,1055.6032660950113
basin_grassland,LSO,2050,2518.071105157317
basin_grassland,NZL,2050,11599.823201776953
basin_grassland,URY,2050,14702.522159972103
basin_grassland,GRL,2060,0.0
basin_grassland,CAN,2060,11225.882775828413
basin_grassland,RUS,2060,69616.9545854849
basin_grassland,NOR,2060,180.27324213095636
basin_grassland,USA,2060,146309.88562942084
basin_grassland,FIN,2060,31.94956942897877
basin_grassland,SWE,2060,65.80920680028628
basin_grassland,ISL,2060,1559.7718889017021
basin_grassland,FRO,2060,0.0
basin_grassland,GBR,2060,6764.073956013804
basin_grassland,EST,2060,145.42771013927094
basin_grassland,DNK,2060,71.8866525141623
basin_grassland,LVA,2060,554.9451919717908
basin_grassland,LTU,2060,174.0709557690172
basin_grassland,BLR,2060,1359.211670024888
basin_grassland,IRL,2060,104.2162645633557
basin_grassland,KAZ,2060,183150.12772123812
basin_grassland,DEU,2060,2379.6249879506136
basin_grassland,POL,2060,1423.4347639268753
basin_grassland,NLD,2060,387.01920160019137
basin_grassland,CHN,2060,215045.762637377
basin_grassland,UKR,2060,4308.16973424448
basin_grassland,MNG,2060,116652.64458171885
basin_grassland,FRA,2060,7119.41764556308
basin_grassland,BEL,2060,403.37244709694136
basin_grassland,CZE,2060,493.9946506669438
basin_grassland,LUX,2060,56.48805824703844
basin_grassland,SVK,2060,254.99961946421138
basin_grassland,AUT,2060,1186.2462925186148
basin_grassland,HUN,2060,404.83863005529116
basin_grassland,ROU,2060,2963.495432926261
basin_grassland,MDA,2060,135.88090242982878
basin_grassland,CHE,2060,750.2170377552718
basin_grassland,ITA,2060,691.5234529656166
basin_grassland,SVN,2060,78.96433572296002
basin_grassland,HRV,2060,219.93363852109124
basin_grassland,SRB,2060,645.7038642997143
basin_grassland,JPN,2060,143.04916962990296
basin_grassland,UZB,2060,22433.27186390157
basin_grassland,BIH,2060,658.3638993909168
basin_grassland,ESP,2060,2980.286775744111
basin_grassland,BGR,2060,756.9546528142452
basin_grassland,MNE,2060,235.3513484422888
basin_grassland,GEO,2060,695.5148903577289
basin_grassland,XKX,2060,19.84713172442166
basin_grassland,KGZ,2060,10062.394347639658
basin_grassland,PRK,2060,145.80988697458093
basin_grassland,ALB,2060,204.10270031728692
basin_grassland,MKD,2060,527.0925553890692
basin_grassland,TUR,2060,12219.486649582761
basin_grassland,TKM,2060,34269.238944369274
basin_grassland,PRT,2060,312.9265196383942
basin_grassland,AZE,2060,2780.4676354140274
basin_grassland,GRC,2060,1302.1069089447517
basin_grassland,ARM,2060,1101.6985069851203
basin_grassland,TJK,2060,3985.3226220006945
basin_grassland,IRN,2060,35114.46699653939
basin_grassland,AFG,2060,24597.81318916656
basin_grassland,KOR,2060,181.7504871253214
basin_grassland,DZA,2060,52822.309443059974
basin_grassland,TUN,2060,5540.095600764331
basin_grassland,SYR,2060,245.92011337718114
basin_grassland,IRQ,2060,15319.18687865404
basin_grassland,PAK,2060,4597.0622095715535
basin_grassland,MLT,2060,0.0
basin_grassland,MAR,2060,24203.7351877463
basin_grassland,CYP,2060,1.4076672597047142
basin_grassland,IND,2060,13051.15901984838
basin_grassland,LBN,2060,392.69460413822634
basin_grassland,LBY,2060,18284.95365960634
basin_grassland,ISR,2060,366.1806474701392
basin_grassland,JOR,2060,1713.061538828254
basin_grassland,MEX,2060,83175.68231441618
basin_grassland,BMU,2060,0.0
basin_grassland,PSE,2060,5.466059882608093
basin_grassland,EGY,2060,3023.6802769493524
basin_grassland,SAU,2060,137975.32502868812
basin_grassland,NPL,2060,800.7163244694123
basin_grassland,KWT,2060,467.8507360258917
basin_grassland,MMR,2060,580.7348692736397
basin_grassland,BTN,2060,282.98586972211416
basin_grassland,BHS,2060,0.8411877909999426
basin_grassland,ESH,2060,5.74842749422753
basin_grassland,MRT,2060,34883.41433090358
basin_grassland,BHR,2060,1.9717741874647237
basin_grassland,QAT,2060,90.33079528630694
basin_grassland,OMN,2060,2752.2165154717472
basin_grassland,ARE,2060,843.4431512725984
basin_grassland,BGD,2060,286.5829132787974
basin_grassland,TWN,2060,97.20790819417593
basin_grassland,MLI,2060,44954.44316731746
basin_grassland,CUB,2060,0.0
basin_grassland,NER,2060,29589.77878301317
basin_grassland,TCD,2060,55714.86567705537
basin_grassland,VNM,2060,345.247837264003
basin_grassland,LAO,2060,1090.1093059224627
basin_grassland,HKG,2060,0.007436716567188957
basin_grassland,TCA,2060,0.0
basin_grassland,SDN,2060,107530.99869341147
basin_grassland,PHL,2060,1179.1606439171196
basin_grassland,HTI,2060,820.4846149952072
basin_grassland,THA,2060,877.2097680348688
basin_grassland,CYM,2060,0.0
basin_grassland,DOM,2060,1020.3039145020725
basin_grassland,JAM,2060,98.52149448843078
basin_grassland,PRI,2060,0.0
basin_grassland,VGB,2060,0.0
basin_grassland,YEM,2060,26605.55199507193
basin_grassland,MNP,2060,0.0
basin_grassland,BLZ,2060,33.4688261024156
basin_grassland,VIR,2060,0.0
basin_grassland,GTM,2060,3094.8759509617953
basin_grassland,ATG,2060,0.7374845377137262
basin_grassland,ERI,2060,724.58816222748
basin_grassland,KNA,2060,0.0
basin_grassland,CPV,2060,0.0
basin_grassland,HND,2060,1837.0962482022255
basin_grassland,SEN,2060,14887.665980756561
basin_grassland,DMA,2060,1.35630636742327
basin_grassland,NIC,2060,4209.419283320701
basin_grassland,BFA,2060,14559.57539388926
basin_grassland,MHL,2060,0.0
basin_grassland,SLV,2060,436.63970700707904
basin_grassland,LCA,2060,0.7114192420163826
basin_grassland,ETH,2060,50107.28780461609
basin_grassland,KHM,2060,6574.7142139483285
basin_grassland,GMB,2060,345.1235574860336
basin_grassland,NGA,2060,67631.36143652623
basin_grassland,GUM,2060,0.0
basin_grassland,COL,2060,31041.534450213105
basin_grassland,VCT,2060,0.2210964903287282
basin_grassland,BRB,2060,0.22109649470611234
basin_grassland,ABW,2060,0.0
basin_grassland,GRD,2060,0.37629438552399685
basin_grassland,CMR,2060,6158.3992703188305
basin_grassland,DJI,2060,1263.7863893391416
basin_grassland,VEN,2060,20161.593755657177
basin_grassland,GNB,2060,1465.4897857870492
basin_grassland,GIN,2060,18702.185057432376
basin_grassland,BEN,2060,2711.505629192705
basin_grassland,SSD,2060,37040.58749268111
basin_grassland,SOM,2060,42571.10501730397
basin_grassland,TTO,2060,4.385707087965078
basin_grassland,CRI,2060,1274.3537106616582
basin_grassland,GHA,2060,12980.079919605798
basin_grassland,TGO,2060,2077.845533280365
basin_grassland,CAF,2060,7095.281150528649
basin_grassland,CIV,2060,2606.9086410329064
basin_grassland,PAN,2060,1380.7862092573948
basin_grassland,SLE,2060,4494.301415305683
basin_grassland,LKA,2060,505.8982308596145
basin_grassland,FSM,2060,0.0
basin_grassland,GUY,2060,542.5617391792546
basin_grassland,LBR,2060,6132.223987647039
basin_grassland,PLW,2060,0.0
basin_grassland,MYS,2060,118.61505856081315
basin_grassland,MDV,2060,0.0
basin_grassland,SUR,2060,13.09069192210362
basin_grassland,IDN,2060,6966.691008064561
basin_grassland,COD,2060,86530.86156525211
basin_grassland,BRN,2060,0.5297356475301778
basin_grassland,BRA,2060,235581.99298729742
basin_grassland,KEN,2060,41453.54267174062
basin_grassland,KIR,2060,0.0
basin_grassland,GNQ,2060,94.89075620760939
basin_grassland,UGA,2060,10525.082945735423
basin_grassland,COG,2060,22589.97163440308
basin_grassland,GAB,2060,11587.243857858171
basin_grassland,STP,2060,0.0
basin_grassland,ECU,2060,1308.9701010495457
basin_grassland,SGP,2060,0.6197833990450686
basin_grassland,PER,2060,11815.343272205566
basin_grassland,NRU,2060,0.0
basin_grassland,RWA,2060,1511.8396390057146
basin_grassland,TZA,2060,39290.80282181867
basin_grassland,PNG,2060,439.1044254256934
basin_grassland,BDI,2060,876.575613654536
basin_grassland,SYC,2060,0.0
basin_grassland,AGO,2060,98567.65080936607
basin_grassland,SLB,2060,0.0
basin_grassland,PYF,2060,0.0
basin_grassland,ZMB,2060,41748.854684797145
basin_grassland,TLS,2060,174.530655731687
basin_grassland,TUV,2060,0.0
basin_grassland,MWI,2060,3594.8579519681166
basin_grassland,BOL,2060,38651.65822734241
basin_grassland,MOZ,2060,61378.97567329698
basin_grassland,AUS,2060,409745.1964853103
basin_grassland,COM,2060,5.977085964531587
basin_grassland,MDG,2060,38061.25161568816
basin_grassland,FJI,2060,0.0
basin_grassland,WSM,2060,0.0
basin_grassland,VUT,2060,0.0
basin_grassland,ASM,2060,0.0
basin_grassland,TON,2060,0.0
basin_grassland,ZWE,2060,25661.185436072654
basin_grassland,NAM,2060,45770.833250896394
basin_grassland,CHL,2060,15194.711251585713
basin_grassland,BWA,2060,44512.89228291717
basin_grassland,PRY,2060,25275.412135697774
basin_grassland,MUS,2060,0.0
basin_grassland,NCL,2060,0.0
basin_grassland,ARG,2060,140490.0335547787
basin_grassland,ZAF,2060,93605.07349727448
basin_grassland,SWZ,2060,1067.2780223723519
basin_grassland,LSO,2060,2543.056964127129
basin_grassland,NZL,2060,12239.455982507108
basin_grassland,URY,2060,14769.70387226819
basin_grassland,GRL,2070,0.0
basin_grassland,CAN,2070,9881.218550545305
basin_grassland,RUS,2070,63095.81384159489
basin_grassland,NOR,2070,182.9001124397031
basin_grassland,USA,2070,100707.5842566044
basin_grassland,FIN,2070,31.235698090476475
basin_grassland,SWE,2070,39.2581851439579
basin_grassland,ISL,2070,1301.5810346604135
basin_grassland,FRO,2070,0.0
basin_grassland,GBR,2070,5525.105780081531
basin_grassland,EST,2070,134.82956998611502
basin_grassland,DNK,2070,70.79928067251173
basin_grassland,LVA,2070,469.7701569755842
basin_grassland,LTU,2070,150.62499763876667
basin_grassland,BLR,2070,1062.874557137679
basin_grassland,IRL,2070,106.31071686195608
basin_grassland,KAZ,2070,176340.47321739956
basin_grassland,DEU,2070,1830.8310043820395
basin_grassland,POL,2070,1045.0439178287597
basin_grassland,NLD,2070,346.4913964430326
basin_grassland,CHN,2070,181880.81257940448
basin_grassland,UKR,2070,4142.801458491254
basin_grassland,MNG,2070,116457.00125075504
basin_grassland,FRA,2070,5683.427808050868
basin_grassland,BEL,2070,319.19954225541903
basin_grassland,CZE,2070,447.8805469757896
basin_grassland,LUX,2070,58.57718618372388
basin_grassland,SVK,2070,213.97699637008495
basin_grassland,AUT,2070,965.9447514170387
basin_grassland,HUN,2070,372.8997234877372
basin_grassland,ROU,2070,2809.593456873165
basin_grassland,MDA,2070,125.32558998755397
basin_grassland,CHE,2070,730.8133027722663
basin_grassland,ITA,2070,344.0130934836848
basin_grassland,SVN,2070,68.66928239913592
basin_grassland,HRV,2070,206.50887463548133
basin_grassland,SRB,2070,602.0251532240362
basin_grassland,JPN,2070,144.52413397362727
basin_grassland,UZB,2070,22830.9236326491
basin_grassland,BIH,2070,650.1380648511412
basin_grassland,ESP,2070,1912.940503044204
basin_grassland,BGR,2070,669.9509392651901
basin_grassland,MNE,2070,217.22356235340789
basin_grassland,GEO,2070,653.1433317974366
basin_grassland,XKX,2070,15.09207132599882
basin_grassland,KGZ,2070,9970.599342543726
basin_grassland,PRK,2070,144.00004274853958
basin_grassland,ALB,2070,165.3083068664327
basin_grassland,MKD,2070,449.24409230851086
basin_grassland,TUR,2070,12012.277997061712
basin_grassland,TKM,2070,34293.196845243605
basin_grassland,PRT,2070,191.96007794099657
basin_grassland,AZE,2070,2721.6363747937494
basin_grassland,GRC,2070,1088.1686954419833
basin_grassland,ARM,2070,1108.238900953075
basin_grassland,TJK,2070,3676.684436814347
basin_grassland,IRN,2070,33683.711722338325
basin_grassland,AFG,2070,18738.4715552524
basin_grassland,KOR,2070,210.76762004463382
basin_grassland,DZA,2070,53500.47562741952
basin_grassland,TUN,2070,5279.689879961843
basin_grassland,SYR,2070,244.94214481847948
basin_grassland,IRQ,2070,15606.87961482032
basin_grassland,PAK,2070,4056.6829860550993
basin_grassland,MLT,2070,0.0
basin_grassland,MAR,2070,23892.186692619092
basin_grassland,CYP,2070,1.4076672597047142
basin_grassland,IND,2070,14029.291638988992
basin_grassland,LBN,2070,404.67071028812654
basin_grassland,LBY,2070,16136.798346654283
basin_grassland,ISR,2070,381.0430222250998
basin_grassland,JOR,2070,1751.5844959102499
basin_grassland,MEX,2070,79031.11795315599
basin_grassland,BMU,2070,0.0
basin_grassland,PSE,2070,5.365435251470246
basin_grassland,EGY,2070,4181.637380468528
basin_grassland,SAU,2070,138053.8015380794
basin_grassland,NPL,2070,865.3246030985858
basin_grassland,KWT,2070,462.91210158994016
basin_grassland,MMR,2070,615.9336976459495
basin_grassland,BTN,2070,282.9841995396252
basin_grassland,BHS,2070,0.8100781097727783
basin_grassland,ESH,2070,5.74842749422753
basin_grassland,MRT,2070,34901.6459700325
basin_grassland,BHR,2070,1.9717741874647237
basin_grassland,QAT,2070,90.30369540508859
basin_grassland,OMN,2070,2561.5091725318807
basin_grassland,ARE,2070,822.7944156909191
basin_grassland,BGD,2070,288.6638215520447
basin_grassland,TWN,2070,79.44813111748519
basin_grassland,MLI,2070,45648.9595169332
basin_grassland,CUB,2070,0.0
basin_grassland,NER,2070,28566.271658376096
basin_grassland,TCD,2070,56403.25210275165
basin_grassland,VNM,2070,1336.946848497632
basin_grassland,LAO,2070,1224.9392204299213
basin_grassland,HKG,2070,0.007436716567188957
basin_grassland,TCA,2070,0.0
basin_grassland,SDN,2070,108199.5720689669
basin_grassland,PHL,2070,2220.6667419301766
basin_grassland,HTI,2070,852.2481079771062
basin_grassland,THA,2070,865.9210895969669
basin_grassland,CYM,2070,0.0
basin_grassland,DOM,2070,987.1459914161633
basin_grassland,JAM,2070,72.97862452848089
basin_grassland,PRI,2070,0.0
basin_grassland,VGB,2070,0.0
basin_grassland,YEM,2070,26566.557343660614
basin_grassland,MNP,2070,0.0
basin_grassland,BLZ,2070,32.31018289087905
basin_grassland,VIR,2070,0.0
basin_grassland,GTM,2070,2891.753369038975
basin_grassland,ATG,2070,0.7067926163892694
basin_grassland,ERI,2070,710.9996579675524
basin_grassland,KNA,2070,0.0
basin_grassland,CPV,2070,0.0
basin_grassland,HND,2070,1565.6496761055243
basin_grassland,SEN,2070,15265.174895940601
basin_grassland,DMA,2070,1.0799887191470765
basin_grassland,NIC,2070,3846.5204050282227
basin_grassland,BFA,2070,15604.393555936018
basin_grassland,MHL,2070,0.0
basin_grassland,SLV,2070,387.47929498810544
basin_grassland,LCA,2070,0.5987961396037769
basin_grassland,ETH,2070,48852.478318046386
basin_grassland,KHM,2070,6450.373460340756
basin_grassland,GMB,2070,334.20695310132663
basin_grassland,NGA,2070,70989.92853730815
basin_grassland,GUM,2070,0.0
basin_grassland,COL,2070,28446.061814099598
basin_grassland,VCT,2070,0.19101533410995
basin_grassland,BRB,2070,0.21177133137562085
basin_grassland,ABW,2070,0.0
basin_grassland,GRD,2070,0.3427721974448337
basin_grassland,CMR,2070,6416.907409767831
basin_grassland,DJI,2070,1048.9098937005633
basin_grassland,VEN,2070,20121.84933105923
basin_grassland,GNB,2070,1451.0634130509775
basin_grassland,GIN,2070,19069.42798037724
basin_grassland,BEN,2070,3617.667104516321
basin_grassland,SSD,2070,36997.375513162886
basin_grassland,SOM,2070,42504.43491068439
basin_grassland,TTO,2070,1.4542017157727885
basin_grassland,CRI,2070,1288.8654073212413
basin_grassland,GHA,2070,13210.691493996404
basin_grassland,TGO,2070,2130.0330394408898
basin_grassland,CAF,2070,7992.195009236858
basin_grassland,CIV,2070,2752.5705422666274
basin_grassland,PAN,2070,1305.7012925404758
basin_grassland,SLE,2070,4527.630144198844
basin_grassland,LKA,2070,499.1307158906036
basin_grassland,FSM,2070,0.0
basin_grassland,GUY,2070,499.54589923853666
basin_grassland,LBR,2070,6636.789387453231
basin_grassland,PLW,2070,0.0
basin_grassland,MYS,2070,107.27892156097492
basin_grassland,MDV,2070,0.0
basin_grassland,SUR,2070,14.658280256311366
basin_grassland,IDN,2070,6241.1339589327345
basin_grassland,COD,2070,95527.78699330923
basin_grassland,BRN,2070,0.4139328982874163
basin_grassland,BRA,2070,186820.3992319682
basin_grassland,KEN,2070,41475.15888104051
basin_grassland,KIR,2070,0.0
basin_grassland,GNQ,2070,99.76405808205736
basin_grassland,UGA,2070,10453.546327497832
basin_grassland,COG,2070,25244.35042782742
basin_grassland,GAB,2070,13587.935755873334
basin_grassland,STP,2070,0.0
basin_grassland,ECU,2070,1056.1007456749628
basin_grassland,SGP,2070,0.5956841754454776
basin_grassland,PER,2070,10972.0040215792
basin_grassland,NRU,2070,0.0
basin_grassland,RWA,2070,1586.5265697484497
basin_grassland,TZA,2070,40191.401250592244
basin_grassland,PNG,2070,403.3909681669413
basin_grassland,BDI,2070,823.8226026434439
basin_grassland,SYC,2070,0.0
basin_grassland,AGO,2070,103404.11983577012
basin_grassland,SLB,2070,0.0
basin_grassland,PYF,2070,0.0
basin_grassland,ZMB,2070,47498.49311410329
basin_grassland,TLS,2070,168.11636677813726
basin_grassland,TUV,2070,0.0
basin_grassland,MWI,2070,3507.1708283904095
basin_grassland,BOL,2070,31422.688735740343
basin_grassland,MOZ,2070,63337.449016207436
basin_grassland,AUS,2070,415950.4054132134
basin_grassland,COM,2070,5.977085964531587
basin_grassland,MDG,2070,31235.05613796327
basin_grassland,FJI,2070,0.0
basin_grassland,WSM,2070,0.0
basin_grassland,VUT,2070,0.0
basin_grassland,ASM,2070,0.0
basin_grassland,TON,2070,0.0
basin_grassland,ZWE,2070,27036.367848806978
basin_grassland,NAM,2070,45851.353875451045
basin_grassland,CHL,2070,13473.65511630754
basin_grassland,BWA,2070,45153.46949845225
basin_grassland,PRY,2070,26615.42833849816
basin_grassland,MUS,2070,0.0
basin_grassland,NCL,2070,0.0
basin_grassland,ARG,2070,144864.2091762374
basin_grassland,ZAF,2070,91955.64477709073
basin_grassland,SWZ,2070,1068.6182078972686
basin_grassland,LSO,2070,2557.18315235674
basin_grassland,NZL,2070,13285.764674824493
basin_grassland,URY,2070,14845.062288121555
basin_grassland,GRL,2080,0.0
basin_grassland,CAN,2080,8397.079410956081
basin_grassland,RUS,2080,59642.43719170945
basin_grassland,NOR,2080,183.46314487775723
basin_grassland,USA,2080,84797.1708538899
basin_grassland,FIN,2080,31.976743449719127
basin_grassland,SWE,2080,28.505855415691144
basin_grassland,ISL,2080,1003.3426625780023
basin_grassland,FRO,2080,0.0
basin_grassland,GBR,2080,4924.1149306809275
basin_grassland,EST,2080,126.93928292792012
basin_grassland,DNK,2080,71.7197770531705
basin_grassland,LVA,2080,438.806548143247
basin_grassland,LTU,2080,139.63106726807536
basin_grassland,BLR,2080,961.3122666295793
basin_grassland,IRL,2080,107.87538191354164
basin_grassland,KAZ,2080,171061.3746486407
basin_grassland,DEU,2080,1522.4703014635907
basin_grassland,POL,2080,903.5146195307836
basin_grassland,NLD,2080,315.69806842130515
basin_grassland,CHN,2080,158591.53067078197
basin_grassland,UKR,2080,4328.212696791577
basin_grassland,MNG,2080,116332.55816812052
basin_grassland,FRA,2080,4724.221857645112
basin_grassland,BEL,2080,283.07042489882133
basin_grassland,CZE,2080,407.2706815318973
basin_grassland,LUX,2080,62.64714855450891
basin_grassland,SVK,2080,190.6376059691809
basin_grassland,AUT,2080,694.0706640432261
basin_grassland,HUN,2080,351.6009675957014
basin_grassland,ROU,2080,2675.5714225306574
basin_grassland,MDA,2080,124.98773436225578
basin_grassland,CHE,2080,698.7964777445634
basin_grassland,ITA,2080,239.39657724848985
basin_grassland,SVN,2080,62.16550435017348
basin_grassland,HRV,2080,197.5563351309358
basin_grassland,SRB,2080,564.4397071703718
basin_grassland,JPN,2080,221.58100226500406
basin_grassland,UZB,2080,24040.649576878644
basin_grassland,BIH,2080,680.4335646249921
basin_grassland,ESP,2080,1793.9567965610688
basin_grassland,BGR,2080,573.2624778412974
basin_grassland,MNE,2080,218.36814836955696
basin_grassland,GEO,2080,656.1003177395426
basin_grassland,XKX,2080,11.521093024169742
basin_grassland,KGZ,2080,9993.439791770814
basin_grassland,PRK,2080,142.69079914915233
basin_grassland,ALB,2080,143.14784532387182
basin_grassland,MKD,2080,382.8212279614111
basin_grassland,TUR,2080,11643.323651604718
basin_grassland,TKM,2080,34318.85252095934
basin_grassland,PRT,2080,148.31988166101004
basin_grassland,AZE,2080,2680.2932650756907
basin_grassland,GRC,2080,781.6168390651173
basin_grassland,ARM,2080,1107.3374551875709
basin_grassland,TJK,2080,3283.909127248249
basin_grassland,IRN,2080,33706.469655502944
basin_grassland,AFG,2080,14775.506649283427
basin_grassland,KOR,2080,210.62316717932708
basin_grassland,DZA,2080,53982.65283846084
basin_grassland,TUN,2080,5051.3853966412535
basin_grassland,SYR,2080,247.85577137583948
basin_grassland,IRQ,2080,15879.677565290927
basin_grassland,PAK,2080,3410.892856835109
basin_grassland,MLT,2080,0.0
basin_grassland,MAR,2080,23049.92398820497
basin_grassland,CYP,2080,1.4076672597047142
basin_grassland,IND,2080,14508.506734573177
basin_grassland,LBN,2080,451.1221516864634
basin_grassland,LBY,2080,14100.869663588863
basin_grassland,ISR,2080,440.458463290774
basin_grassland,JOR,2080,1749.2791220236659
basin_grassland,MEX,2080,75346.61799383297
basin_grassland,BMU,2080,0.0
basin_grassland,PSE,2080,5.317083260308165
basin_grassland,EGY,2080,4490.754228471882
basin_grassland,SAU,2080,138171.30785215122
basin_grassland,NPL,2080,923.3674402051913
basin_grassland,KWT,2080,464.6966385827807
basin_grassland,MMR,2080,670.9900913388001
basin_grassland,BTN,2080,282.98211012225187
basin_grassland,BHS,2080,0.7673734822008773
basin_grassland,ESH,2080,5.74842749422753
basin_grassland,MRT,2080,34912.442619938316
basin_grassland,BHR,2080,1.9717741874647237
basin_grassland,QAT,2080,90.33985965950976
basin_grassland,OMN,2080,2199.259427694978
basin_grassland,ARE,2080,799.7579095773316
basin_grassland,BGD,2080,253.4001061117652
basin_grassland,TWN,2080,80.32495283243418
basin_grassland,MLI,2080,46334.53066103416
basin_grassland,CUB,2080,0.0
basin_grassland,NER,2080,29012.454455715797
basin_grassland,TCD,2080,57030.58495814917
basin_grassland,VNM,2080,2320.6600923586893
basin_grassland,LAO,2080,1257.2668280177124
basin_grassland,HKG,2080,0.007436716567188957
basin_grassland,TCA,2080,0.0
basin_grassland,SDN,2080,108366.19028867004
basin_grassland,PHL,2080,2667.844323102998
basin_grassland,HTI,2080,840.4092237623231
basin_grassland,THA,2080,870.3895520992619
basin_grassland,CYM,2080,0.0
basin_grassland,DOM,2080,940.1715854354125
basin_grassland,JAM,2080,63.31978158535308
basin_grassland,PRI,2080,0.0
basin_grassland,VGB,2080,0.0
basin_grassland,YEM,2080,26517.65064237319
basin_grassland,MNP,2080,0.0
basin_grassland,BLZ,2080,23.55899060706767
basin_grassland,VIR,2080,0.0
basin_grassland,GTM,2080,2887.9196631416503
basin_grassland,ATG,2080,0.6660668855251147
basin_grassland,ERI,2080,695.1985141785095
basin_grassland,KNA,2080,0.0
basin_grassland,CPV,2080,0.0
basin_grassland,HND,2080,1110.6829926204803
basin_grassland,SEN,2080,15101.852330497359
basin_grassland,DMA,2080,0.8691068515366105
basin_grassland,NIC,2080,3307.0763828383274
basin_grassland,BFA,2080,16565.003337417907
basin_grassland,MHL,2080,0.0
basin_grassland,SLV,2080,361.83402288732776
basin_grassland,LCA,2080,0.5128311622809507
basin_grassland,ETH,2080,47384.79412564053
basin_grassland,KHM,2080,5700.233744242334
basin_grassland,GMB,2080,298.09895381562086
basin_grassland,NGA,2080,73047.46469819345
basin_grassland,GUM,2080,0.0
basin_grassland,COL,2080,26043.284116159688
basin_grassland,VCT,2080,0.16243822957377294
basin_grassland,BRB,2080,0.20214535420670185
basin_grassland,ABW,2080,0.0
basin_grassland,GRD,2080,0.3086459657514355
basin_grassland,CMR,2080,6389.093819185427
basin_grassland,DJI,2080,935.2295130725746
basin_grassland,VEN,2080,20076.458579984894
basin_grassland,GNB,2080,1375.3668691106773
basin_grassland,GIN,2080,19338.0372694187
basin_grassland,BEN,2080,5044.241473862113
basin_grassland,SSD,2080,36935.64298316087
basin_grassland,SOM,2080,42430.50080173644
basin_grassland,TTO,2080,0.5912253062984443
basin_grassland,CRI,2080,1334.6267390595347
basin_grassland,GHA,2080,13380.95600097789
basin_grassland,TGO,2080,2150.921547842274
basin_grassland,CAF,2080,8510.578293404807
basin_grassland,CIV,2080,2773.307090155827
basin_grassland,PAN,2080,1217.3147031492888
basin_grassland,SLE,2080,4593.981763877754
basin_grassland,LKA,2080,499.0335705821926
basin_grassland,FSM,2080,0.0
basin_grassland,GUY,2080,455.8968481487427
basin_grassland,LBR,2080,7016.264924018046
basin_grassland,PLW,2080,0.0
basin_grassland,MYS,2080,95.69735420955745
basin_grassland,MDV,2080,0.0
basin_grassland,SUR,2080,17.48998993969003
basin_grassland,IDN,2080,7426.653140625213
basin_grassland,COD,2080,99786.11002106921
basin_grassland,BRN,2080,0.3520278378495236
basin_grassland,BRA,2080,145103.26595691202
basin_grassland,KEN,2080,40546.29563313559
basin_grassland,KIR,2080,0.0
basin_grassland,GNQ,2080,102.54814129580568
basin_grassland,UGA,2080,10333.791593640319
basin_grassland,COG,2080,27429.17254841541
basin_grassland,GAB,2080,16423.817874627446
basin_grassland,STP,2080,0.0
basin_grassland,ECU,2080,962.8018838910361
basin_grassland,SGP,2080,0.5477946234817282
basin_grassland,PER,2080,10443.89185092942
basin_grassland,NRU,2080,0.0
basin_grassland,RWA,2080,1631.338537709618
basin_grassland,TZA,2080,41877.082630148114
basin_grassland,PNG,2080,484.46733631472057
basin_grassland,BDI,2080,786.6601360292739
basin_grassland,SYC,2080,0.0
basin_grassland,AGO,2080,105907.05867927743
basin_grassland,SLB,2080,0.0
basin_grassland,PYF,2080,0.0
basin_grassland,ZMB,2080,52376.34975394998
basin_grassland,TLS,2080,133.10861786861295
basin_grassland,TUV,2080,0.0
basin_grassland,MWI,2080,3475.364916830708
basin_grassland,BOL,2080,28017.19925618544
basin_grassland,MOZ,2080,66041.73810038064
basin_grassland,AUS,2080,421581.5322387499
basin_grassland,COM,2080,5.977085964531587
basin_grassland,MDG,2080,28548.046857276546
basin_grassland,FJI,2080,0.0
basin_grassland,WSM,2080,0.0
basin_grassland,VUT,2080,0.0
basin_grassland,ASM,2080,0.0
basin_grassland,TON,2080,0.0
basin_grassland,ZWE,2080,27683.382796849226
basin_grassland,NAM,2080,45894.53836586325
basin_grassland,CHL,2080,11820.554835292949
basin_grassland,BWA,2080,45187.18459054358
basin_grassland,PRY,2080,26050.56497879919
basin_grassland,MUS,2080,0.0
basin_grassland,NCL,2080,0.0
basin_grassland,ARG,2080,151346.308907307
basin_grassland,ZAF,2080,89904.10073492455
basin_grassland,SWZ,2080,1060.5427691439481
basin_grassland,LSO,2080,2562.2114836832657
basin_grassland,NZL,2080,15106.372028218202
basin_grassland,URY,2080,14925.539998609149
basin_grassland,GRL,2090,0.0
basin_grassland,CAN,2090,6979.987992071593
basin_grassland,RUS,2090,65712.81527428082
basin_grassland,NOR,2090,185.3436422922756
basin_grassland,USA,2090,70788.67551115362
basin_grassland,FIN,2090,33.72335871249852
basin_grassland,SWE,2090,27.40674109486875
basin_grassland,ISL,2090,948.9130980116513
basin_grassland,FRO,2090,0.0
basin_grassland,GBR,2090,4442.999573175239
basin_grassland,EST,2090,121.02692141667116
basin_grassland,DNK,2090,65.40846566180925
basin_grassland,LVA,2090,430.18732671810807
basin_grassland,LTU,2090,130.90980436669494
basin_grassland,BLR,2090,897.2429471640215
basin_grassland,IRL,2090,109.49343031553246
basin_grassland,KAZ,2090,163784.3670370641
basin_grassland,DEU,2090,1313.818661053485
basin_grassland,POL,2090,806.4172348046777
basin_grassland,NLD,2090,296.20322911798223
basin_grassland,CHN,2090,168501.45159890235
basin_grassland,UKR,2090,4770.934101013397
basin_grassland,MNG,2090,116310.5444631856
basin_grassland,FRA,2090,3669.1888609632415
basin_grassland,BEL,2090,265.21749039026764
basin_grassland,CZE,2090,379.4981407765086
basin_grassland,LUX,2090,60.816245695178566
basin_grassland,SVK,2090,177.23190832318593
basin_grassland,AUT,2090,405.60300841165065
basin_grassland,HUN,2090,336.6770846275538
basin_grassland,ROU,2090,2607.5263179192107
basin_grassland,MDA,2090,134.7335303721104
basin_grassland,CHE,2090,669.5268376354741
basin_grassland,ITA,2090,202.5854431938029
basin_grassland,SVN,2090,61.837348826863376
basin_grassland,HRV,2090,223.3164920914312
basin_grassland,SRB,2090,528.488913430915
basin_grassland,JPN,2090,368.14786881314177
basin_grassland,UZB,2090,24607.822014877773
basin_grassland,BIH,2090,819.1861338767745
basin_grassland,ESP,2090,1672.2951484223158
basin_grassland,BGR,2090,513.3634324684518
basin_grassland,MNE,2090,208.8403690537102
basin_grassland,GEO,2090,729.8609053483361
basin_grassland,XKX,2090,9.731620921055123
basin_grassland,KGZ,2090,10042.540176469189
basin_grassland,PRK,2090,142.1108136922918
basin_grassland,ALB,2090,138.5885092794969
basin_grassland,MKD,2090,370.5766054141841
basin_grassland,TUR,2090,11176.281536807752
basin_grassland,TKM,2090,34309.30455076489
basin_grassland,PRT,2090,133.36795398488778
basin_grassland,AZE,2090,2606.5788399965154
basin_grassland,GRC,2090,548.0653545854157
basin_grassland,ARM,2090,1097.0479536697426
basin_grassland,TJK,2090,2851.1750060396926
basin_grassland,IRN,2090,36461.514945481336
basin_grassland,AFG,2090,11526.913783852458
basin_grassland,KOR,2090,191.17606906758238
basin_grassland,DZA,2090,54486.28019747218
basin_grassland,TUN,2090,4773.589411013763
basin_grassland,SYR,2090,261.57386952137307
basin_grassland,IRQ,2090,16045.657483754385
basin_grassland,PAK,2090,3044.8694641080046
basin_grassland,MLT,2090,0.0
basin_grassland,MAR,2090,22152.351127426802
basin_grassland,CYP,2090,1.4076672597047142
basin_grassland,IND,2090,14923.896268956141
basin_grassland,LBN,2090,580.0454110489233
basin_grassland,LBY,2090,12219.422371199782
basin_grassland,ISR,2090,525.484064298166
basin_grassland,JOR,2090,1794.768534965093
basin_grassland,MEX,2090,71307.08124474765
basin_grassland,BMU,2090,0.0
basin_grassland,PSE,2090,5.291208365590406
basin_grassland,EGY,2090,4678.143562797408
basin_grassland,SAU,2090,138376.06125291242
basin_grassland,NPL,2090,998.5442365468285
basin_grassland,KWT,2090,473.4155060623357
basin_grassland,MMR,2090,742.4380703544991
basin_grassland,BTN,2090,282.97972893367495
basin_grassland,BHS,2090,0.7133498914347794
basin_grassland,ESH,2090,5.747851303277122
basin_grassland,MRT,2090,34874.80851646775
basin_grassland,BHR,2090,1.9717741874647237
basin_grassland,QAT,2090,90.50050649669691
basin_grassland,OMN,2090,1732.5287674964743
basin_grassland,ARE,2090,1004.2167664148116
basin_grassland,BGD,2090,247.59637588666237
basin_grassland,TWN,2090,81.69646720850685
basin_grassland,MLI,2090,46820.820708620806
basin_grassland,CUB,2090,0.0
basin_grassland,NER,2090,31678.476885912314
basin_grassland,TCD,2090,57440.12180887538
basin_grassland,VNM,2090,2640.7179508552954
basin_grassland,LAO,2090,949.6144547726469
basin_grassland,HKG,2090,0.007436716567188957
basin_grassland,TCA,2090,0.0
basin_grassland,SDN,2090,108505.26629623008
basin_grassland,PHL,2090,2496.329793734997
basin_grassland,HTI,2090,829.0322455852457
basin_grassland,THA,2090,858.945136103567
basin_grassland,CYM,2090,0.0
basin_grassland,DOM,2090,886.6246699217508
basin_grassland,JAM,2090,56.92922537832688
basin_grassland,PRI,2090,0.0
basin_grassland,VGB,2090,0.0
basin_grassland,YEM,2090,26463.304220860213
basin_grassland,MNP,2090,0.0
basin_grassland,BLZ,2090,17.689100967190758
basin_grassland,VIR,2090,0.0
basin_grassland,GTM,2090,2955.8526347578963
basin_grassland,ATG,2090,0.6501310169174648
basin_grassland,ERI,2090,680.8467035299552
basin_grassland,KNA,2090,0.0
basin_grassland,CPV,2090,0.0
basin_grassland,HND,2090,595.8774746358886
basin_grassland,SEN,2090,14698.02819439487
basin_grassland,DMA,2090,0.6296712239821824
basin_grassland,NIC,2090,2370.2622819866992
basin_grassland,BFA,2090,17595.20652680552
basin_grassland,MHL,2090,0.0
basin_grassland,SLV,2090,289.2582774655208
basin_grassland,LCA,2090,0.40439883502358015
basin_grassland,ETH,2090,45882.64505392959
basin_grassland,KHM,2090,4925.070372873808
basin_grassland,GMB,2090,277.094123247041
basin_grassland,NGA,2090,74946.96199959691
basin_grassland,GUM,2090,0.0
basin_grassland,COL,2090,23882.316557937924
basin_grassland,VCT,2090,0.13987736678707344
basin_grassland,BRB,2090,0.19161695740942095
basin_grassland,ABW,2090,0.0
basin_grassland,GRD,2090,0.2754257643217382
basin_grassland,CMR,2090,6252.021601330393
basin_grassland,DJI,2090,862.4613038227315
basin_grassland,VEN,2090,20035.680255291314
basin_grassland,GNB,2090,1267.657480507075
basin_grassland,GIN,2090,19354.52463405115
basin_grassland,BEN,2090,6483.7448701921385
basin_grassland,SSD,2090,36867.55546593187
basin_grassland,SOM,2090,42360.69940159836
basin_grassland,TTO,2090,0.4900031229498263
basin_grassland,CRI,2090,1373.0769399361325
basin_grassland,GHA,2090,13146.649800561203
basin_grassland,TGO,2090,2029.8814060686773
basin_grassland,CAF,2090,8584.26416110051
basin_grassland,CIV,2090,2787.029286309732
basin_grassland,PAN,2090,1117.0682520308058
basin_grassland,SLE,2090,4785.741314644101
basin_grassland,LKA,2090,564.5521900993588
basin_grassland,FSM,2090,0.0
basin_grassland,GUY,2090,415.93423506451967
basin_grassland,LBR,2090,6864.782614638768
basin_grassland,PLW,2090,0.0
basin_grassland,MYS,2090,88.12978536654941
basin_grassland,MDV,2090,0.0
basin_grassland,SUR,2090,21.478659619440954
basin_grassland,IDN,2090,9273.36235878397
basin_grassland,COD,2090,93923.11547618167
basin_grassland,BRN,2090,0.32369311338536944
basin_grassland,BRA,2090,93664.64378442505
basin_grassland,KEN,2090,39472.52018012894
basin_grassland,KIR,2090,0.0
basin_grassland,GNQ,2090,103.36226376801618
basin_grassland,UGA,2090,10238.699158342843
basin_grassland,COG,2090,28812.789037835017
basin_grassland,GAB,2090,19377.924778823235
basin_grassland,STP,2090,0.0
basin_grassland,ECU,2090,841.8372888149883
basin_grassland,SGP,2090,0.5082471132230865
basin_grassland,PER,2090,9869.74875821871
basin_grassland,NRU,2090,0.0
basin_grassland,RWA,2090,1643.4889349192135
basin_grassland,TZA,2090,42368.70265519107
basin_grassland,PNG,2090,630.3596587672896
basin_grassland,BDI,2090,746.7677064976597
basin_grassland,SYC,2090,0.0
basin_grassland,AGO,2090,106058.44120910965
basin_grassland,SLB,2090,0.0
basin_grassland,PYF,2090,0.0
basin_grassland,ZMB,2090,54742.65922196795
basin_grassland,TLS,2090,122.28922620930116
basin_grassland,TUV,2090,0.0
basin_grassland,MWI,2090,3415.9397212900603
basin_grassland,BOL,2090,20249.749854027108
basin_grassland,MOZ,2090,67458.22471380416
basin_grassland,AUS,2090,424850.8645836697
basin_grassland,COM,2090,5.977085964531587
basin_grassland,MDG,2090,26408.220885024515
basin_grassland,FJI,2090,0.0
basin_grassland,WSM,2090,0.0
basin_grassland,VUT,2090,0.0
basin_grassland,ASM,2090,0.0
basin_grassland,TON,2090,0.0
basin_grassland,ZWE,2090,27751.730096760766
basin_grassland,NAM,2090,45905.687388439095
basin_grassland,CHL,2090,10388.71114498443
basin_grassland,BWA,2090,45160.23893351675
basin_grassland,PRY,2090,24535.54217465711
basin_grassland,MUS,2090,0.0
basin_grassland,NCL,2090,0.0
basin_grassland,ARG,2090,157013.0518621113
basin_grassland,ZAF,2090,81169.06417515423
basin_grassland,SWZ,2090,1039.0763693148901
basin_grassland,LSO,2090,2537.4559410567217
basin_grassland,NZL,2090,16847.09251039096
basin_grassland,URY,2090,14910.859518071891
basin_grassland,GRL,2100,0.0
basin_grassland,CAN,2100,6220.402055298398
basin_grassland,RUS,2100,63839.37426253242
basin_grassland,NOR,2100,195.31281662027405
basin_grassland,USA,2100,55765.71765231423
basin_grassland,FIN,2100,35.148040938732564
basin_grassland,SWE,2100,27.695912393635915
basin_grassland,ISL,2100,941.0045748500834
basin_grassland,FRO,2100,0.0
basin_grassland,GBR,2100,4033.510800438894
basin_grassland,EST,2100,115.27724360285568
basin_grassland,DNK,2100,58.26678053439534
basin_grassland,LVA,2100,424.32579667636054
basin_grassland,LTU,2100,122.3572571694416
basin_grassland,BLR,2100,922.5894721147025
basin_grassland,IRL,2100,109.4173167687034
basin_grassland,KAZ,2100,153484.76584640783
basin_grassland,DEU,2100,1134.4464788806506
basin_grassland,POL,2100,770.448430160805
basin_grassland,NLD,2100,280.8095364850027
basin_grassland,CHN,2100,205829.32439370928
basin_grassland,UKR,2100,5178.10098568105
basin_grassland,MNG,2100,116286.95518384321
basin_grassland,FRA,2100,2673.547035785945
basin_grassland,BEL,2100,247.7606860169738
basin_grassland,CZE,2100,358.38626522999397
basin_grassland,LUX,2100,58.56614141282601
basin_grassland,SVK,2100,165.38631737597956
basin_grassland,AUT,2100,291.94181552230043
basin_grassland,HUN,2100,329.4049898384949
basin_grassland,ROU,2100,2679.13189037774
basin_grassland,MDA,2100,151.88689544934837
basin_grassland,CHE,2100,645.3185058811081
basin_grassland,ITA,2100,167.57900587788276
basin_grassland,SVN,2100,65.37376308406306
basin_grassland,HRV,2100,281.19545322419543
basin_grassland,SRB,2100,497.5537568238254
basin_grassland,JPN,2100,346.93028023878077
basin_grassland,UZB,2100,24728.59645620548
basin_grassland,BIH,2100,1056.7275379639748
basin_grassland,ESP,2100,1504.8055598246615
basin_grassland,BGR,2100,497.6682142177227
basin_grassland,MNE,2100,195.5823468744104
basin_grassland,GEO,2100,842.1923993221274
basin_grassland,XKX,2100,8.498617382995686
basin_grassland,KGZ,2100,10081.670416017421
basin_grassland,PRK,2100,141.52714504382797
basin_grassland,ALB,2100,128.49772041664392
basin_grassland,MKD,2100,394.01675591565856
basin_grassland,TUR,2100,10663.58383843186
basin_grassland,TKM,2100,34232.35844604229
basin_grassland,PRT,2100,125.08934177025931
basin_grassland,AZE,2100,2534.15383860544
basin_grassland,GRC,2100,439.4377778469649
basin_grassland,ARM,2100,1108.443622605756
basin_grassland,TJK,2100,2801.3604061978594
basin_grassland,IRN,2100,43058.979238109256
basin_grassland,AFG,2100,10417.797747171364
basin_grassland,KOR,2100,172.87952739813653
basin_grassland,DZA,2100,55254.479545283655
basin_grassland,TUN,2100,4591.495375941975
basin_grassland,SYR,2100,297.5606473148876
basin_grassland,IRQ,2100,16147.166085320998
basin_grassland,PAK,2100,3083.384920027821
basin_grassland,MLT,2100,0.0
basin_grassland,MAR,2100,21430.468243380372
basin_grassland,CYP,2100,1.4076672597047142
basin_grassland,IND,2100,15290.075266989603
basin_grassland,LBN,2100,640.1815259783169
basin_grassland,LBY,2100,10445.709205181118
basin_grassland,ISR,2100,604.2317200115554
basin_grassland,JOR,2100,1936.809470509839
basin_grassland,MEX,2100,67736.69412862268
basin_grassland,BMU,2100,0.0
basin_grassland,PSE,2100,5.084388632555644
basin_grassland,EGY,2100,4712.773367915246
basin_grassland,SAU,2100,138584.77845204668
basin_grassland,NPL,2100,1060.3100081874472
basin_grassland,KWT,2100,489.2936948360636
basin_grassland,MMR,2100,817.555980634167
basin_grassland,BTN,2100,282.9751802428318
basin_grassland,BHS,2100,0.6519735244210493
basin_grassland,ESH,2100,5.736042071246969
basin_grassland,MRT,2100,34775.610366722
basin_grassland,BHR,2100,1.9717741874647237
basin_grassland,QAT,2100,90.66974039037946
basin_grassland,OMN,2100,1425.7921141836373
basin_grassland,ARE,2100,1241.3738506270463
basin_grassland,BGD,2100,252.16076510462628
basin_grassland,TWN,2100,82.04335787879691
basin_grassland,MLI,2100,47041.79912858293
basin_grassland,CUB,2100,0.0
basin_grassland,NER,2100,33650.550851066204
basin_grassland,TCD,2100,57670.442049828125
basin_grassland,VNM,2100,2901.8250642590415
basin_grassland,LAO,2100,863.2139195391258
basin_grassland,HKG,2100,0.007436716567188957
basin_grassland,TCA,2100,0.0
basin_grassland,SDN,2100,108385.25698333708
basin_grassland,PHL,2100,2585.0099065844324
basin_grassland,HTI,2100,811.4815896823934
basin_grassland,THA,2100,860.3258323315497
basin_grassland,CYM,2100,0.0
basin_grassland,DOM,2100,825.1530895794436
basin_grassland,JAM,2100,52.85243544185203
basin_grassland,PRI,2100,0.0
basin_grassland,VGB,2100,0.0
basin_grassland,YEM,2100,26406.400719090612
basin_grassland,MNP,2100,0.0
basin_grassland,BLZ,2100,16.97578620241783
basin_grassland,VIR,2100,0.0
basin_grassland,GTM,2100,2939.5742934015825
basin_grassland,ATG,2100,0.6312438163796933
basin_grassland,ERI,2100,683.3453104635199
basin_grassland,KNA,2100,0.0
basin_grassland,CPV,2100,0.0
basin_grassland,HND,2100,331.5779329209564
basin_grassland,SEN,2100,14072.122753565412
basin_grassland,DMA,2100,0.41105604061588286
basin_grassland,NIC,2100,827.3958578238509
basin_grassland,BFA,2100,16703.286793971107
basin_grassland,MHL,2100,0.0
basin_grassland,SLV,2100,230.62335017141862
basin_grassland,LCA,2100,0.30375430198874764
basin_grassland,ETH,2100,45147.634446738695
basin_grassland,KHM,2100,3756.9489605001604
basin_grassland,GMB,2100,271.1821118596848
basin_grassland,NGA,2100,76063.3642710082
basin_grassland,GUM,2100,0.0
basin_grassland,COL,2100,22170.824555075178
basin_grassland,VCT,2100,0.1251376025161119
basin_grassland,BRB,2100,0.18108854966867968
basin_grassland,ABW,2100,0.0
basin_grassland,GRD,2100,0.24703757780823024
basin_grassland,CMR,2100,6017.763523510652
basin_grassland,DJI,2100,801.7417777775481
basin_grassland,VEN,2100,19973.595449263903
basin_grassland,GNB,2100,1166.412200140761
basin_grassland,GIN,2100,19237.944163353666
basin_grassland,BEN,2100,7131.469046021985
basin_grassland,SSD,2100,36816.06604731297
basin_grassland,SOM,2100,42271.77796668586
basin_grassland,TTO,2100,0.40580253524510296
basin_grassland,CRI,2100,1383.5061798324998
basin_grassland,GHA,2100,14127.128516904875
basin_grassland,TGO,2100,1991.2010366622499
basin_grassland,CAF,2100,8263.175655239116
basin_grassland,CIV,2100,2738.6577624675883
basin_grassland,PAN,2100,1010.0627103723209
basin_grassland,SLE,2100,4872.401686167191
basin_grassland,LKA,2100,625.7117649104246
basin_grassland,FSM,2100,0.0
basin_grassland,GUY,2100,391.94683119628576
basin_grassland,LBR,2100,6195.526979744503
basin_grassland,PLW,2100,0.0
basin_grassland,MYS,2100,98.72122197631336
basin_grassland,MDV,2100,0.0
basin_grassland,SUR,2100,26.039337080447037
basin_grassland,IDN,2100,8536.81601001203
basin_grassland,COD,2100,89864.29750902613
basin_grassland,BRN,2100,0.3233851340627808
basin_grassland,BRA,2100,57625.542150590074
basin_grassland,KEN,2100,38267.5853797608
basin_grassland,KIR,2100,0.0
basin_grassland,GNQ,2100,104.49091177448993
basin_grassland,UGA,2100,10235.736952294086
basin_grassland,COG,2100,29522.155078673277
basin_grassland,GAB,2100,21073.901663581266
basin_grassland,STP,2100,0.0
basin_grassland,ECU,2100,713.3017055905835
basin_grassland,SGP,2100,0.4983602356584261
basin_grassland,PER,2100,9300.12765287259
basin_grassland,NRU,2100,0.0
basin_grassland,RWA,2100,1635.2399262135748
basin_grassland,TZA,2100,40755.28029793902
basin_grassland,PNG,2100,760.1222715362393
basin_grassland,BDI,2100,699.669377529289
basin_grassland,SYC,2100,0.0
basin_grassland,AGO,2100,99706.30168045918
basin_grassland,SLB,2100,0.0
basin_grassland,PYF,2100,0.0
basin_grassland,ZMB,2100,54174.611161227724
basin_grassland,TLS,2100,119.86294709335445
basin_grassland,TUV,2100,0.0
basin_grassland,MWI,2100,3277.755820565641
basin_grassland,BOL,2100,16808.237180257427
basin_grassland,MOZ,2100,67560.96032721989
basin_grassland,AUS,2100,425636.7879481194
basin_grassland,COM,2100,5.977085964531587
basin_grassland,MDG,2100,25306.967624125376
basin_grassland,FJI,2100,0.0
basin_grassland,WSM,2100,0.0
basin_grassland,VUT,2100,0.0
basin_grassland,ASM,2100,0.0
basin_grassland,TON,2100,0.0
basin_grassland,ZWE,2100,27141.4482106152
basin_grassland,NAM,2100,45840.46985522079
basin_grassland,CHL,2100,9010.972423278236
basin_grassland,BWA,2100,45019.688914326056
basin_grassland,PRY,2100,22058.591484458884
basin_grassland,MUS,2100,0.0
basin_grassland,NCL,2100,0.0
basin_grassland,ARG,2100,152690.64685299178
basin_grassland,ZAF,2100,59205.401663146724
basin_grassland,SWZ,2100,976.7321445782287
basin_grassland,LSO,2100,2387.6654064879594
basin_grassland,NZL,2100,17304.60872114689
basin_grassland,URY,2100,14871.913807478646
region_grassland,GRL,2005,0.0
region_grassland,CAN,2005,14758.070241743395
region_grassland,RUS,2005,91076.2161192579
region_grassland,NOR,2005,163.8514865331541
region_grassland,USA,2005,243805.93925721018
region_grassland,FIN,2005,48.615523239109876
region_grassland,SWE,2005,383.20680333378016
region_grassland,ISL,2005,1662.709821664594
region_grassland,FRO,2005,0.0
region_grassland,GBR,2005,10536.026203946412
region_grassland,EST,2005,202.64659852025935
region_grassland,DNK,2005,245.7899954016651
region_grassland,LVA,2005,504.8220934768777
region_grassland,LTU,2005,618.9975849999928
region_grassland,BLR,2005,3090.4172382858105
region_grassland,IRL,2005,3721.354053941986
region_grassland,KAZ,2005,187336.3694460458
region_grassland,DEU,2005,3982.7855173758217
region_grassland,POL,2005,3278.5805333947783
region_grassland,NLD,2005,730.1524681466258
region_grassland,CHN,2005,386945.4560688888
region_grassland,UKR,2005,6278.301444028162
region_grassland,MNG,2005,121669.03746231468
region_grassland,FRA,2005,8699.815898977931
region_grassland,BEL,2005,742.6819251054828
region_grassland,CZE,2005,753.3973043094086
region_grassland,LUX,2005,61.17233244139972
region_grassland,SVK,2005,525.3529675906885
region_grassland,AUT,2005,1194.0875500049258
region_grassland,HUN,2005,846.6355487356876
region_grassland,ROU,2005,4583.111515765146
region_grassland,MDA,2005,305.5118526561592
region_grassland,CHE,2005,859.2504051910807
region_grassland,ITA,2005,4852.290903759042
region_grassland,SVN,2005,277.01916338341255
region_grassland,HRV,2005,460.29309016955045
region_grassland,SRB,2005,895.9450904999691
region_grassland,JPN,2005,360.1552510742488
region_grassland,UZB,2005,21316.920174818424
region_grassland,BIH,2005,853.4632530271701
region_grassland,ESP,2005,10174.21863832761
region_grassland,BGR,2005,1668.4074170640731
region_grassland,MNE,2005,180.92469484481148
region_grassland,GEO,2005,1501.9771474947245
region_grassland,XKX,2005,142.18782604399922
region_grassland,KGZ,2005,8819.576592792246
region_grassland,PRK,2005,153.39836425433208
region_grassland,ALB,2005,431.4562030058287
region_grassland,MKD,2005,623.2391471562588
region_grassland,TUR,2005,13305.876178192853
region_grassland,TKM,2005,31469.33851587591
region_grassland,PRT,2005,1507.0422759639364
region_grassland,AZE,2005,2751.599025771153
region_grassland,GRC,2005,4333.30481690314
region_grassland,ARM,2005,803.9625399219171
region_grassland,TJK,2005,3734.2527270564897
region_grassland,IRN,2005,14399.19741256912
region_grassland,AFG,2005,29435.41158184588
region_grassland,KOR,2005,62.492598887673765
region_grassland,DZA,2005,30330.010540087562
region_grassland,TUN,2005,4955.7450003036765
region_grassland,SYR,2005,5109.400767763898
region_grassland,IRQ,2005,2327.8714491974783
region_grassland,PAK,2005,4969.076129900502
region_grassland,MLT,2005,0.0
region_grassland,MAR,2005,24456.353700498526
region_grassland,CYP,2005,0.19303091755571986
region_grassland,IND,2005,10464.285108847887
region_grassland,LBN,2005,160.23439125428703
region_grassland,LBY,2005,12234.873749330118
region_grassland,ISR,2005,50.60410857983792
region_grassland,JOR,2005,492.960969070412
region_grassland,MEX,2005,75755.7980386306
region_grassland,BMU,2005,0.0
region_grassland,PSE,2005,21.368920650456722
region_grassland,EGY,2005,37.98641193273472
region_grassland,SAU,2005,124426.91385651362
region_grassland,NPL,2005,1637.3406728965413
region_grassland,KWT,2005,77.29922126370839
region_grassland,MMR,2005,6686.12981112972
region_grassland,BTN,2005,239.83511318957306
region_grassland,BHS,2005,2.114086789723599
region_grassland,ESH,2005,10.067553785506153
region_grassland,MRT,2005,35977.04330466599
region_grassland,BHR,2005,0.5848802089570798
region_grassland,QAT,2005,26.439529593644778
region_grassland,OMN,2005,467.48544672065344
region_grassland,ARE,2005,154.88861343151976
region_grassland,BGD,2005,473.3187559559525
region_grassland,TWN,2005,560.8534923198853
region_grassland,MLI,2005,29650.72391614939
region_grassland,CUB,2005,3054.076960440857
region_grassland,NER,2005,23232.871447634
region_grassland,TCD,2005,39262.135188677836
region_grassland,VNM,2005,911.1951211991609
region_grassland,LAO,2005,869.6431421441733
region_grassland,HKG,2005,0.21111693721536856
region_grassland,TCA,2005,0.0
region_grassland,SDN,2005,48731.700982478316
region_grassland,PHL,2005,1765.274300943856
region_grassland,HTI,2005,542.2446944132607
region_grassland,THA,2005,1105.4490651762726
region_grassland,CYM,2005,0.0
region_grassland,DOM,2005,1330.0384054172544
region_grassland,JAM,2005,206.59387704934156
region_grassland,PRI,2005,199.7272652991272
region_grassland,VGB,2005,0.0
region_grassland,YEM,2005,18332.336711558033
region_grassland,MNP,2005,0.0
region_grassland,BLZ,2005,40.7775693223546
region_grassland,VIR,2005,3.5579704768645084
region_grassland,GTM,2005,2214.384275723154
region_grassland,ATG,2005,4.341317994642675
region_grassland,ERI,2005,5412.493517275756
region_grassland,KNA,2005,1.7658981150702941
region_grassland,CPV,2005,18.854789038984254
region_grassland,HND,2005,1675.5817835170262
region_grassland,SEN,2005,4660.056416572458
region_grassland,DMA,2005,9.385469579908488
region_grassland,NIC,2005,3418.0589035558387
region_grassland,BFA,2005,4449.946089801824
region_grassland,MHL,2005,0.0
region_grassland,SLV,2005,76.80116866606055
region_grassland,LCA,2005,6.350738300253613
region_grassland,ETH,2005,15924.672936012726
region_grassland,KHM,2005,1380.3959096614315
region_grassland,GMB,2005,121.53066053880977
region_grassland,NGA,2005,19921.14639542804
region_grassland,GUM,2005,0.0
region_grassland,COL,2005,38950.890536443985
region_grassland,VCT,2005,2.117442546282551
region_grassland,BRB,2005,2.8291627300839104
region_grassland,ABW,2005,0.0
region_grassland,GRD,2005,1.240533240830133
region_grassland,CMR,2005,1806.4025402431691
region_grassland,DJI,2005,1252.8005723166816
region_grassland,VEN,2005,19169.036871683977
region_grassland,GNB,2005,115.76174726868489
region_grassland,GIN,2005,8191.957651683781
region_grassland,BEN,2005,659.8360574237033
region_grassland,SSD,2005,30652.019367734414
region_grassland,SOM,2005,36843.34089088162
region_grassland,TTO,2005,6.684385552622572
region_grassland,CRI,2005,1306.9272717601289
region_grassland,GHA,2005,5096.676274455565
region_grassland,TGO,2005,773.9624962384752
region_grassland,CAF,2005,2314.543949223179
region_grassland,CIV,2005,11023.415728705697
region_grassland,PAN,2005,1679.9390032805702
region_grassland,SLE,2005,1889.5753199474937
region_grassland,LKA,2005,402.1248353343499
region_grassland,FSM,2005,0.0
region_grassland,GUY,2005,556.548442258771
region_grassland,LBR,2005,699.230288653847
region_grassland,PLW,2005,0.0
region_grassland,MYS,2005,355.653783371577
region_grassland,MDV,2005,0.0
region_grassland,SUR,2005,12.945066232692236
region_grassland,IDN,2005,13525.756746301915
region_grassland,COD,2005,13572.751287383393
region_grassland,BRN,2005,4.593768846518061
region_grassland,BRA,2005,192740.0828770721
region_grassland,KEN,2005,16356.758410808612
region_grassland,KIR,2005,0.0
region_grassland,GNQ,2005,15.825356676143723
region_grassland,UGA,2005,4658.703636611677
region_grassland,COG,2005,8011.704015688382
region_grassland,GAB,2005,1121.7160921891527
region_grassland,STP,2005,1.9014439152182194
region_grassland,ECU,2005,3706.9941544875696
region_grassland,SGP,2005,3.577163647833586
region_grassland,PER,2005,16894.7699386572
region_grassland,NRU,2005,0.0
region_grassland,RWA,2005,454.3654118253707
region_grassland,TZA,2005,19446.28086363575
region_grassland,PNG,2005,152.06356515047537
region_grassland,BDI,2005,540.8869068806389
region_grassland,SYC,2005,0.0
region_grassland,AGO,2005,32234.633865059008
region_grassland,SLB,2005,5.357302767891911
region_grassland,PYF,2005,0.0
region_grassland,ZMB,2005,15490.172861354311
region_grassland,TLS,2005,175.7076076378715
region_grassland,TUV,2005,0.0
region_grassland,MWI,2005,1807.0998667094236
region_grassland,BOL,2005,31996.006034971688
region_grassland,MOZ,2005,25419.965182282776
region_grassland,AUS,2005,332329.7662398147
region_grassland,COM,2005,0.747922710896583
region_grassland,MDG,2005,32709.88772983644
region_grassland,FJI,2005,161.39333307595916
region_grassland,WSM,2005,3.978516749059555
region_grassland,VUT,2005,21.600045664304293
region_grassland,ASM,2005,6.204695282425321
region_grassland,TON,2005,3.8957754375507667
region_grassland,ZWE,2005,9572.378265720492
region_grassland,NAM,2005,32335.426522691952
region_grassland,CHL,2005,13347.404227495528
region_grassland,BWA,2005,20138.361758053936
region_grassland,PRY,2005,11281.165458508516
region_grassland,MUS,2005,0.3455471035649499
region_grassland,NCL,2005,179.1954161256298
region_grassland,ARG,2005,90935.78497770964
region_grassland,ZAF,2005,76378.48716528583
region_grassland,SWZ,2005,698.8392206394956
region_grassland,LSO,2005,1848.8893631405779
region_grassland,NZL,2005,10415.314230010557
region_grassland,URY,2005,13006.262547768278
region_grassland,GRL,2010,0.0
region_grassland,CAN,2010,14758.070313120717
region_grassland,RUS,2010,91078.61497301552
region_grassland,NOR,2010,163.8525045241468
region_grassland,USA,2010,243805.9460303776
region_grassland,FIN,2010,48.615650703360124
region_grassland,SWE,2010,383.1978298370724
region_grassland,ISL,2010,1662.7101282981703
region_grassland,FRO,2010,0.0
region_grassland,GBR,2010,10536.02671039485
region_grassland,EST,2010,202.64682466943765
region_grassland,DNK,2010,245.7899228533272
region_grassland,LVA,2010,504.82260942137475
region_grassland,LTU,2010,618.9990477480698
region_grassland,BLR,2010,3090.4939450370284
region_grassland,IRL,2010,3721.354374410724
region_grassland,KAZ,2010,187338.89598978037
region_grassland,DEU,2010,3982.1826600054037
region_grassland,POL,2010,3278.582184505154
region_grassland,NLD,2010,730.1522696581056
region_grassland,CHN,2010,386618.0770194559
region_grassland,UKR,2010,6277.787506421437
region_grassland,MNG,2010,121674.77542079115
region_grassland,FRA,2010,8699.774348348896
region_grassland,BEL,2010,742.6817250590171
region_grassland,CZE,2010,753.3977075739753
region_grassland,LUX,2010,61.17233244139972
region_grassland,SVK,2010,525.3527476464319
region_grassland,AUT,2010,1194.0871751228367
region_grassland,HUN,2010,843.6628769415507
region_grassland,ROU,2010,4583.010892841299
region_grassland,MDA,2010,304.45255049322463
region_grassland,CHE,2010,859.2501580284968
region_grassland,ITA,2010,4850.937486574358
region_grassland,SVN,2010,276.5266153580545
region_grassland,HRV,2010,460.29294846243516
region_grassland,SRB,2010,895.9451858880561
region_grassland,JPN,2010,360.15674122708685
region_grassland,UZB,2010,21317.43732769785
region_grassland,BIH,2010,853.4630990628343
region_grassland,ESP,2010,10174.193070903311
region_grassland,BGR,2010,1668.4068898903233
region_grassland,MNE,2010,180.92474333292137
region_grassland,GEO,2010,1502.0131614619231
region_grassland,XKX,2010,141.23070023279524
region_grassland,KGZ,2010,8819.817100039347
region_grassland,PRK,2010,153.40880980777266
region_grassland,ALB,2010,431.45635792012246
region_grassland,MKD,2010,623.2389143134914
region_grassland,TUR,2010,13305.875160748223
region_grassland,TKM,2010,31469.01530428692
region_grassland,PRT,2010,1507.0425414670087
region_grassland,AZE,2010,2751.6631851753627
region_grassland,GRC,2010,4330.586730684889
region_grassland,ARM,2010,803.9809577079366
region_grassland,TJK,2010,3734.2874755854227
region_grassland,IRN,2010,14399.237866490785
region_grassland,AFG,2010,29436.235344795816
region_grassland,KOR,2010,62.49514954567666
region_grassland,DZA,2010,30345.39288054942
region_grassland,TUN,2010,4958.090059231813
region_grassland,SYR,2010,5109.41240674431
region_grassland,IRQ,2010,2327.8759834422117
region_grassland,PAK,2010,4969.203096967283
region_grassland,MLT,2010,0.0
region_grassland,MAR,2010,24468.464046926216
region_grassland,CYP,2010,0.19297982369498895
region_grassland,IND,2010,10463.46058202309
region_grassland,LBN,2010,160.23487919574873
region_grassland,LBY,2010,12240.710330707134
region_grassland,ISR,2010,50.603977006310195
region_grassland,JOR,2010,492.9622930058636
region_grassland,MEX,2010,75750.16354519004
region_grassland,BMU,2010,0.0
region_grassland,PSE,2010,21.368710740528286
region_grassland,EGY,2010,37.99045713912963
region_grassland,SAU,2010,124427.18366649206
region_grassland,NPL,2010,1637.4104281859252
region_grassland,KWT,2010,77.29907431679004
region_grassland,MMR,2010,6686.432170759212
region_grassland,BTN,2010,239.8418460834745
region_grassland,BHS,2010,2.1141676845453414
region_grassland,ESH,2010,10.06766859450372
region_grassland,MRT,2010,35977.23400476777
region_grassland,BHR,2010,0.5848247749070609
region_grassland,QAT,2010,26.439669046160585
region_grassland,OMN,2010,467.48778964730013
region_grassland,ARE,2010,154.88920230099612
region_grassland,BGD,2010,473.3298057363606
region_grassland,TWN,2010,560.9636714385276
region_grassland,MLI,2010,29650.880207112194
region_grassland,CUB,2010,3054.077074071363
region_grassland,NER,2010,23232.989068834155
region_grassland,TCD,2010,39262.337673911374
region_grassland,VNM,2010,911.2384791341136
region_grassland,LAO,2010,869.6887754996607
region_grassland,HKG,2010,0.21108833424122309
region_grassland,TCA,2010,0.0
region_grassland,SDN,2010,48731.95627525904
region_grassland,PHL,2010,1765.3252741491876
region_grassland,HTI,2010,542.244328512645
region_grassland,THA,2010,1105.497731366795
region_grassland,CYM,2010,0.0
region_grassland,DOM,2010,1330.0382771968839
region_grassland,JAM,2010,206.59376258441384
region_grassland,PRI,2010,199.7269366859445
region_grassland,VGB,2010,0.0
region_grassland,YEM,2010,18332.37508073441
region_grassland,MNP,2010,0.0
region_grassland,BLZ,2010,40.777540277809024
region_grassland,VIR,2010,3.557823278039825
region_grassland,GTM,2010,2214.3854656691383
region_grassland,ATG,2010,4.341612763594127
region_grassland,ERI,2010,5412.520816876842
region_grassland,KNA,2010,1.7658096074094405
region_grassland,CPV,2010,18.855263349650734
region_grassland,HND,2010,1675.5814823138026
region_grassland,SEN,2010,4660.08015786557
region_grassland,DMA,2010,9.385529413746106
region_grassland,NIC,2010,3418.0588600296956
region_grassland,BFA,2010,4449.967719388991
region_grassland,MHL,2010,0.0
region_grassland,SLV,2010,76.8011394808925
region_grassland,LCA,2010,6.350498953735326
region_grassland,ETH,2010,15924.251233837404
region_grassland,KHM,2010,1380.4570430388578
region_grassland,GMB,2010,121.53108119408499
region_grassland,NGA,2010,19921.248066975644
region_grassland,GUM,2010,0.0
region_grassland,COL,2010,38927.68363737836
region_grassland,VCT,2010,2.117412429879635
region_grassland,BRB,2010,2.8291326136809944
region_grassland,ABW,2010,0.0
region_grassland,GRD,2010,1.2406239475715757
region_grassland,CMR,2010,1806.4119101890892
region_grassland,DJI,2010,1252.8066259382645
region_grassland,VEN,2010,19169.036909674593
region_grassland,GNB,2010,115.7622612831863
region_grassland,GIN,2010,8192.001535531337
region_grassland,BEN,2010,659.8404882140236
region_grassland,SSD,2010,30652.179059912116
region_grassland,SOM,2010,36843.531114565194
region_grassland,TTO,2010,6.6843856808346125
region_grassland,CRI,2010,1306.927239965646
region_grassland,GHA,2010,5096.702193173411
region_grassland,TGO,2010,773.966230925753
region_grassland,CAF,2010,2314.5543123933394
region_grassland,CIV,2010,11023.472457662167
region_grassland,PAN,2010,1679.9392535907107
region_grassland,SLE,2010,1889.584934987968
region_grassland,LKA,2010,402.1339518897652
region_grassland,FSM,2010,0.0
region_grassland,GUY,2010,556.5493814822736
region_grassland,LBR,2010,699.2337250871083
region_grassland,PLW,2010,0.0
region_grassland,MYS,2010,355.66713116540154
region_grassland,MDV,2010,0.0
region_grassland,SUR,2010,12.945250855235026
region_grassland,IDN,2010,13525.183867602791
region_grassland,COD,2010,13572.819910814891
region_grassland,BRN,2010,4.59389189483414
region_grassland,BRA,2010,192735.48579545825
region_grassland,KEN,2010,16356.842971438062
region_grassland,KIR,2010,0.0
region_grassland,GNQ,2010,15.825510659170712
region_grassland,UGA,2010,4658.7268281402
region_grassland,COG,2010,8011.745911564569
region_grassland,GAB,2010,1121.7220593482118
region_grassland,STP,2010,1.901505837066562
region_grassland,ECU,2010,3706.9954118023147
region_grassland,SGP,2010,3.5771947243919713
region_grassland,PER,2010,16894.76405790777
region_grassland,NRU,2010,0.0
region_grassland,RWA,2010,453.9233277094529
region_grassland,TZA,2010,19446.37793380823
region_grassland,PNG,2010,152.0649409169407
region_grassland,BDI,2010,540.8898763802265
region_grassland,SYC,2010,0.0
region_grassland,AGO,2010,32234.802953323175
region_grassland,SLB,2010,5.357424689513774
region_grassland,PYF,2010,0.0
region_grassland,ZMB,2010,15490.252039785184
region_grassland,TLS,2010,175.71398756293829
region_grassland,TUV,2010,0.0
region_grassland,MWI,2010,1807.108604811481
region_grassland,BOL,2010,31996.00478462057
region_grassland,MOZ,2010,25359.291571054502
region_grassland,AUS,2010,332023.7992998591
region_grassland,COM,2010,0.7479832426384256
region_grassland,MDG,2010,32710.0522865853
region_grassland,FJI,2010,161.3956995550729
region_grassland,WSM,2010,3.9783368691710477
region_grassland,VUT,2010,21.60078415890885
region_grassland,ASM,2010,6.20475497957557
region_grassland,TON,2010,3.89574837660317
region_grassland,ZWE,2010,9572.428520321606
region_grassland,NAM,2010,32335.59558119064
region_grassland,CHL,2010,13342.755664867964
region_grassland,BWA,2010,20138.4676172034
region_grassland,PRY,2010,11281.165334607891
region_grassland,MUS,2010,0.3456050914381348
region_grassland,NCL,2010,179.19791909986378
region_grassland,ARG,2010,90930.03875455513
region_grassland,ZAF,2010,76378.88319455172
region_grassland,SWZ,2010,698.8430392089874
region_grassland,LSO,2010,1848.8993763353965
region_grassland,NZL,2010,10415.314802239836
region_grassland,URY,2010,13005.803546449253
region_grassland,GRL,2020,0.0
region_grassland,CAN,2020,15737.749291313165
region_grassland,RUS,2020,93562.93843155206
region_grassland,NOR,2020,161.7743943232854
region_grassland,USA,2020,250206.46075205333
region_grassland,FIN,2020,47.54660135148512
region_grassland,SWE,2020,369.97730545803563
region_grassland,ISL,2020,1641.6371733276565
region_grassland,FRO,2020,0.0
region_grassland,GBR,2020,10126.829658955117
region_grassland,EST,2020,196.2687055275034
region_grassland,DNK,2020,236.8236941490898
region_grassland,LVA,2020,490.18266056004614
region_grassland,LTU,2020,602.2997663960448
region_grassland,BLR,2020,3187.140078506881
region_grassland,IRL,2020,3602.335277732837
region_grassland,KAZ,2020,191871.53561338363
region_grassland,DEU,2020,3841.678770795299
region_grassland,POL,2020,3180.541359887622
region_grassland,NLD,2020,703.9054664325938
region_grassland,CHN,2020,378179.64941763575
region_grassland,UKR,2020,6472.198480171852
region_grassland,MNG,2020,105562.79823503477
region_grassland,FRA,2020,8416.26159942107
region_grassland,BEL,2020,712.9582771836416
region_grassland,CZE,2020,730.1903284143699
region_grassland,LUX,2020,59.28797312895757
region_grassland,SVK,2020,509.62874208254345
region_grassland,AUT,2020,1157.6093603006932
region_grassland,HUN,2020,818.6021582637693
region_grassland,ROU,2020,4533.570479139167
region_grassland,MDA,2020,312.5691771192352
region_grassland,CHE,2020,848.924574827709
region_grassland,ITA,2020,4674.305911931894
region_grassland,SVN,2020,268.03920456559473
region_grassland,HRV,2020,454.5567477809582
region_grassland,SRB,2020,887.4807617936294
region_grassland,JPN,2020,377.8838458787891
region_grassland,UZB,2020,21841.99822600984
region_grassland,BIH,2020,844.3279881203277
region_grassland,ESP,2020,9818.686068870238
region_grassland,BGR,2020,1650.2064944643057
region_grassland,MNE,2020,178.77382069937
region_grassland,GEO,2020,1548.8024546341067
region_grassland,XKX,2020,161.90266946002026
region_grassland,KGZ,2020,9014.4804050735
region_grassland,PRK,2020,138.6142744335972
region_grassland,ALB,2020,427.0743686178188
region_grassland,MKD,2020,617.0179183947946
region_grassland,TUR,2020,13309.653417637459
region_grassland,TKM,2020,32123.061687747802
region_grassland,PRT,2020,1456.3706223223076
region_grassland,AZE,2020,2839.718669503172
region_grassland,GRC,2020,4162.762951835179
region_grassland,ARM,2020,823.5379924490298
region_grassland,TJK,2020,3836.0855578034916
region_grassland,IRN,2020,16117.119904106363
region_grassland,AFG,2020,31397.238029893997
region_grassland,KOR,2020,55.15716772947897
region_grassland,DZA,2020,32562.29874954845
region_grassland,TUN,2020,5299.4706380617745
region_grassland,SYR,2020,5741.911354048647
region_grassland,IRQ,2020,2803.3696290966654
region_grassland,PAK,2020,5364.981908709049
region_grassland,MLT,2020,0.0
region_grassland,MAR,2020,26203.26685601542
region_grassland,CYP,2020,0.18283692528842999
region_grassland,IND,2020,11002.21118916042
region_grassland,LBN,2020,197.87011657404025
region_grassland,LBY,2020,13048.13457576907
region_grassland,ISR,2020,62.56739942394787
region_grassland,JOR,2020,586.0598134939
region_grassland,MEX,2020,82304.73493158646
region_grassland,BMU,2020,0.0
region_grassland,PSE,2020,26.603613330648535
region_grassland,EGY,2020,39.30632941465012
region_grassland,SAU,2020,127237.3344158643
region_grassland,NPL,2020,1750.1913522504074
region_grassland,KWT,2020,95.83182362962162
region_grassland,MMR,2020,5949.412787289574
region_grassland,BTN,2020,259.41313668011895
region_grassland,BHS,2020,2.1306936402422902
region_grassland,ESH,2020,10.06766859450372
region_grassland,MRT,2020,42512.76896213655
region_grassland,BHR,2020,0.5848247749070609
region_grassland,QAT,2020,28.885139246762474
region_grassland,OMN,2020,569.2491545180288
region_grassland,ARE,2020,183.72985375073586
region_grassland,BGD,2020,504.2600957692441
region_grassland,TWN,2020,549.8502143031001
region_grassland,MLI,2020,35583.94402130098
region_grassland,CUB,2020,3281.1756305931276
region_grassland,NER,2020,26688.027549414364
region_grassland,TCD,2020,46781.646452513494
region_grassland,VNM,2020,811.1386027258488
region_grassland,LAO,2020,776.8511951338007
region_grassland,HKG,2020,0.20679792141738915
region_grassland,TCA,2020,0.0
region_grassland,SDN,2020,57634.4544054288
region_grassland,PHL,2020,1549.4548101525218
region_grassland,HTI,2020,587.3230899345626
region_grassland,THA,2020,982.6612395154194
region_grassland,CYM,2020,0.0
region_grassland,DOM,2020,1439.8117646353692
region_grassland,JAM,2020,218.8872365644359
region_grassland,PRI,2020,212.26532939831887
region_grassland,VGB,2020,0.0
region_grassland,YEM,2020,21537.63476469178
region_grassland,MNP,2020,0.0
region_grassland,BLZ,2020,44.079416814081526
region_grassland,VIR,2020,3.557823278039825
region_grassland,GTM,2020,2412.25690863585
region_grassland,ATG,2020,4.341612763594127
region_grassland,ERI,2020,6435.544317488917
region_grassland,KNA,2020,1.7657800590444042
region_grassland,CPV,2020,18.85529333905991
region_grassland,HND,2020,1819.1457462152018
region_grassland,SEN,2020,5584.953176898631
region_grassland,DMA,2020,9.273395815895567
region_grassland,NIC,2020,3713.371798733949
region_grassland,BFA,2020,5340.401359298217
region_grassland,MHL,2020,0.0
region_grassland,SLV,2020,83.80014082910992
region_grassland,LCA,2020,6.304970113118111
region_grassland,ETH,2020,19097.007749209166
region_grassland,KHM,2020,1228.326712503182
region_grassland,GMB,2020,145.84932013622182
region_grassland,NGA,2020,23859.424426265545
region_grassland,GUM,2020,0.0
region_grassland,COL,2020,40844.4325311642
region_grassland,VCT,2020,2.117412429879635
region_grassland,BRB,2020,2.8291326136809944
region_grassland,ABW,2020,0.0
region_grassland,GRD,2020,1.2406239475715757
region_grassland,CMR,2020,2166.9676541593703
region_grassland,DJI,2020,1484.18458280915
region_grassland,VEN,2020,20887.06510970905
region_grassland,GNB,2020,138.0203892871568
region_grassland,GIN,2020,9825.959044414842
region_grassland,BEN,2020,787.6112418672745
region_grassland,SSD,2020,35652.780122529075
region_grassland,SOM,2020,43934.96318647231
region_grassland,TTO,2020,7.2540247983712565
region_grassland,CRI,2020,1419.2115674378315
region_grassland,GHA,2020,6108.748422726236
region_grassland,TGO,2020,927.7519289728151
region_grassland,CAF,2020,2777.6915306052097
region_grassland,CIV,2020,13179.157084404877
region_grassland,PAN,2020,1815.9695290367238
region_grassland,SLE,2020,2252.37369308586
region_grassland,LKA,2020,429.87679242061097
region_grassland,FSM,2020,0.0
region_grassland,GUY,2020,606.276117400779
region_grassland,LBR,2020,835.3742707718283
region_grassland,PLW,2020,0.0
region_grassland,MYS,2020,314.7776473447744
region_grassland,MDV,2020,0.0
region_grassland,SUR,2020,14.126265500101221
region_grassland,IDN,2020,11885.3824340325
region_grassland,COD,2020,16238.952942242406
region_grassland,BRN,2020,4.516894783046793
region_grassland,BRA,2020,213286.62836159047
region_grassland,KEN,2020,19609.599095863225
region_grassland,KIR,2020,0.0
region_grassland,GNQ,2020,18.90797011453748
region_grassland,UGA,2020,5529.923729001226
region_grassland,COG,2020,9506.754011693603
region_grassland,GAB,2020,1342.7444939260363
region_grassland,STP,2020,1.901505837066562
region_grassland,ECU,2020,4039.9888971753844
region_grassland,SGP,2020,3.060605641400255
region_grassland,PER,2020,18291.9037512673
region_grassland,NRU,2020,0.0
region_grassland,RWA,2020,522.1339311168382
region_grassland,TZA,2020,23198.461314538607
region_grassland,PNG,2020,163.1689943613422
region_grassland,BDI,2020,649.120867141073
region_grassland,SYC,2020,0.0
region_grassland,AGO,2020,38632.70749938022
region_grassland,SLB,2020,5.357424689513774
region_grassland,PYF,2020,0.0
region_grassland,ZMB,2020,18583.358563505615
region_grassland,TLS,2020,155.1186783609854
region_grassland,TUV,2020,0.0
region_grassland,MWI,2020,2120.985177318518
region_grassland,BOL,2020,34780.660151243865
region_grassland,MOZ,2020,30043.079836476496
region_grassland,AUS,2020,347887.71163007256
region_grassland,COM,2020,0.7479832426384256
region_grassland,MDG,2020,36770.41667703216
region_grassland,FJI,2020,168.57830020362888
region_grassland,WSM,2020,4.1221239454505065
region_grassland,VUT,2020,21.681584512970527
region_grassland,ASM,2020,6.20475497957557
region_grassland,TON,2020,3.89574837660317
region_grassland,ZWE,2020,11475.68781603763
region_grassland,NAM,2020,38800.809199215364
region_grassland,CHL,2020,14430.280301553612
region_grassland,BWA,2020,24122.983547600095
region_grassland,PRY,2020,12314.092575686049
region_grassland,MUS,2020,0.3456050914381348
region_grassland,NCL,2020,185.36548290092205
region_grassland,ARG,2020,99091.56162218632
region_grassland,ZAF,2020,90160.60370069856
region_grassland,SWZ,2020,838.6808996395544
region_grassland,LSO,2020,2213.802328648075
region_grassland,NZL,2020,11111.280313374302
region_grassland,URY,2020,14064.63043049056
region_grassland,GRL,2030,0.0
region_grassland,CAN,2030,17823.148433755556
region_grassland,RUS,2030,95207.24367455053
region_grassland,NOR,2030,160.52198531976936
region_grassland,USA,2030,234453.94905682188
region_grassland,FIN,2030,47.424572369417774
region_grassland,SWE,2030,366.94691798964317
region_grassland,ISL,2030,1628.440092880795
region_grassland,FRO,2030,0.0
region_grassland,GBR,2030,10028.887638970806
region_grassland,EST,2030,194.87614481818824
region_grassland,DNK,2030,234.73435160269838
region_grassland,LVA,2030,487.21912695809397
region_grassland,LTU,2030,599.2044735600625
region_grassland,BLR,2030,3255.6759124246864
region_grassland,IRL,2030,3575.8954056777457
region_grassland,KAZ,2030,195057.12557076043
region_grassland,DEU,2030,3806.358555596735
region_grassland,POL,2030,3155.6035358931103
region_grassland,NLD,2030,697.6528061933875
region_grassland,CHN,2030,327510.7172265253
region_grassland,UKR,2030,6609.168739018462
region_grassland,MNG,2030,109111.63936559326
region_grassland,FRA,2030,8350.748896057707
region_grassland,BEL,2030,706.3403868406301
region_grassland,CZE,2030,725.0778341469685
region_grassland,LUX,2030,58.872848035711776
region_grassland,SVK,2030,506.2790023149263
region_grassland,AUT,2030,1149.4939439380778
region_grassland,HUN,2030,811.2834423569192
region_grassland,ROU,2030,4492.116964925765
region_grassland,MDA,2030,318.27216555985757
region_grassland,CHE,2030,842.3394528653419
region_grassland,ITA,2030,4631.954277914749
region_grassland,SVN,2030,265.1125043420229
region_grassland,HRV,2030,450.9792620541679
region_grassland,SRB,2030,881.951260225313
region_grassland,JPN,2030,381.22107071532145
region_grassland,UZB,2030,22214.381905477945
region_grassland,BIH,2030,837.7592705556659
region_grassland,ESP,2030,9736.312820244337
region_grassland,BGR,2030,1637.3325507309737
region_grassland,MNE,2030,177.35992912441515
region_grassland,GEO,2030,1581.772536588968
region_grassland,XKX,2030,187.3520603871457
region_grassland,KGZ,2030,9142.177405142373
region_grassland,PRK,2030,147.96654019265617
region_grassland,ALB,2030,424.0272506245544
region_grassland,MKD,2030,612.6543942587913
region_grassland,TUR,2030,12920.150923156569
region_grassland,TKM,2030,32623.942015051398
region_grassland,PRT,2030,1444.991209064933
region_grassland,AZE,2030,2908.5002171621613
region_grassland,GRC,2030,4122.708401706226
region_grassland,ARM,2030,837.5780990623387
region_grassland,TJK,2030,3896.3756115437955
region_grassland,IRN,2030,18312.395668545276
region_grassland,AFG,2030,32768.22797655202
region_grassland,KOR,2030,60.88779604614317
region_grassland,DZA,2030,36768.39751524066
region_grassland,TUN,2030,6326.663982567648
region_grassland,SYR,2030,6360.913129757782
region_grassland,IRQ,2030,3416.5530726102897
region_grassland,PAK,2030,5663.11701747011
region_grassland,MLT,2030,0.0
region_grassland,MAR,2030,29337.14191055274
region_grassland,CYP,2030,0.1803008130530656
region_grassland,IND,2030,11207.277182289201
region_grassland,LBN,2030,246.40340392705815
region_grassland,LBY,2030,15248.057943209984
region_grassland,ISR,2030,78.00612778314674
region_grassland,JOR,2030,706.0993671079198
region_grassland,MEX,2030,86259.92232849538
region_grassland,BMU,2030,0.0
region_grassland,PSE,2030,33.3547976940776
region_grassland,EGY,2030,42.438311399293
region_grassland,SAU,2030,129118.33896303097
region_grassland,NPL,2030,1816.9307336020638
region_grassland,KWT,2030,119.73048040019287
region_grassland,MMR,2030,6676.6831491362045
region_grassland,BTN,2030,260.605082927134
region_grassland,BHS,2030,2.142707314094898
region_grassland,ESH,2030,10.06766859450372
region_grassland,MRT,2030,44099.48502898303
region_grassland,BHR,2030,0.5848247749070609
region_grassland,QAT,2030,32.03945814662224
region_grassland,OMN,2030,698.7165667717557
region_grassland,ARE,2030,220.92246926820044
region_grassland,BGD,2030,525.4193381131055
region_grassland,TWN,2030,475.9456059693546
region_grassland,MLI,2030,43998.65815486132
region_grassland,CUB,2030,3482.080822675199
region_grassland,NER,2030,29938.73796829756
region_grassland,TCD,2030,54733.66362821619
region_grassland,VNM,2030,897.4976723162117
region_grassland,LAO,2030,870.1537042063323
region_grassland,HKG,2030,0.17905325293319607
region_grassland,TCA,2030,0.0
region_grassland,SDN,2030,67590.64620046617
region_grassland,PHL,2030,1680.0081186175094
region_grassland,HTI,2030,628.7490145163166
region_grassland,THA,2030,1107.6924716216408
region_grassland,CYM,2030,0.0
region_grassland,DOM,2030,1540.6896467144202
region_grassland,JAM,2030,230.18447543563934
region_grassland,PRI,2030,223.78706223907426
region_grassland,VGB,2030,0.0
region_grassland,YEM,2030,24473.290147836713
region_grassland,MNP,2030,0.0
region_grassland,BLZ,2030,47.11420223680577
region_grassland,VIR,2030,3.557823278039825
region_grassland,GTM,2030,2593.598004786596
region_grassland,ATG,2030,4.341612763594127
region_grassland,ERI,2030,8203.032470482136
region_grassland,KNA,2030,1.7658096074094405
region_grassland,CPV,2030,18.85529333905991
region_grassland,HND,2030,1951.0757789587308
region_grassland,SEN,2030,7364.373446770424
region_grassland,DMA,2030,9.246329314628339
region_grassland,NIC,2030,3969.1569246618765
region_grassland,BFA,2030,7073.4443101164725
region_grassland,MHL,2030,0.0
region_grassland,SLV,2030,90.23240703748999
region_grassland,LCA,2030,6.293887644028958
region_grassland,ETH,2030,25262.46894558456
region_grassland,KHM,2030,1388.7411156952094
region_grassland,GMB,2030,193.17958334383854
region_grassland,NGA,2030,31263.080348753487
region_grassland,GUM,2030,0.0
region_grassland,COL,2030,42356.26000640178
region_grassland,VCT,2030,2.117412429879635
region_grassland,BRB,2030,2.8291326136809944
region_grassland,ABW,2030,0.0
region_grassland,GRD,2030,1.2406239475715757
region_grassland,CMR,2030,2868.715825506944
region_grassland,DJI,2030,1863.3973172961719
region_grassland,VEN,2030,22463.182825366184
region_grassland,GNB,2030,181.34060560166483
region_grassland,GIN,2030,12933.685370827036
region_grassland,BEN,2030,1036.2879257526058
region_grassland,SSD,2030,40844.03776517113
region_grassland,SOM,2030,50607.30975979635
region_grassland,TTO,2030,7.777459616548424
region_grassland,CRI,2030,1511.6925830305686
region_grassland,GHA,2030,8071.89315263911
region_grassland,TGO,2030,1227.0628207036573
region_grassland,CAF,2030,3666.2094691371376
region_grassland,CIV,2030,16888.053184943987
region_grassland,PAN,2030,1940.9745903342787
region_grassland,SLE,2030,2958.4655340823815
region_grassland,LKA,2030,449.4436663218038
region_grassland,FSM,2030,0.0
region_grassland,GUY,2030,657.7055880552507
region_grassland,LBR,2030,1100.3410629253042
region_grassland,PLW,2030,0.0
region_grassland,MYS,2030,349.1187987128469
region_grassland,MDV,2030,0.0
region_grassland,SUR,2030,15.224498119358296
region_grassland,IDN,2030,12960.719639448434
region_grassland,COD,2030,21376.676839456864
region_grassland,BRN,2030,4.834737252203855
region_grassland,BRA,2030,245918.1223110787
region_grassland,KEN,2030,25818.393944067586
region_grassland,KIR,2030,0.0
region_grassland,GNQ,2030,24.908031148458157
region_grassland,UGA,2030,6917.295936055032
region_grassland,COG,2030,11847.377655711864
region_grassland,GAB,2030,1772.9179831933586
region_grassland,STP,2030,1.901505837066562
region_grassland,ECU,2030,4345.995678246818
region_grassland,SGP,2030,3.060605641400255
region_grassland,PER,2030,19431.631843682015
region_grassland,NRU,2030,0.0
region_grassland,RWA,2030,649.7090885083337
region_grassland,TZA,2030,30458.948938828555
region_grassland,PNG,2030,171.23817794587143
region_grassland,BDI,2030,859.770395485729
region_grassland,SYC,2030,0.0
region_grassland,AGO,2030,50865.41823809759
region_grassland,SLB,2030,5.217243821810896
region_grassland,PYF,2030,0.0
region_grassland,ZMB,2030,24231.504445996106
region_grassland,TLS,2030,171.3492360372873
region_grassland,TUV,2030,0.0
region_grassland,MWI,2030,2731.2738189135966
region_grassland,BOL,2030,37211.58246586981
region_grassland,MOZ,2030,38147.86840510077
region_grassland,AUS,2030,392905.93448898563
region_grassland,COM,2030,0.7479832426384256
region_grassland,MDG,2030,41533.46264225127
region_grassland,FJI,2030,172.1447764589297
region_grassland,WSM,2030,4.174378353481794
region_grassland,VUT,2030,21.203517143572586
region_grassland,ASM,2030,6.0424099742675645
region_grassland,TON,2030,3.608977049610385
region_grassland,ZWE,2030,15170.14046917727
region_grassland,NAM,2030,48355.799255781094
region_grassland,CHL,2030,15377.153958167466
region_grassland,BWA,2030,31265.48258836649
region_grassland,PRY,2030,13202.333538211979
region_grassland,MUS,2030,0.3456050914381348
region_grassland,NCL,2030,187.36495205131274
region_grassland,ARG,2030,106115.33779006674
region_grassland,ZAF,2030,97265.03386923767
region_grassland,SWZ,2030,1042.2586924287998
region_grassland,LSO,2030,2686.7627583787043
region_grassland,NZL,2030,15630.075157428148
region_grassland,URY,2030,14725.969213007356
region_grassland,GRL,2040,0.0
region_grassland,CAN,2040,13774.608029234629
region_grassland,RUS,2040,91528.44003634801
region_grassland,NOR,2040,147.84645560998
region_grassland,USA,2040,223562.99572570997
region_grassland,FIN,2040,42.31307971631412
region_grassland,SWE,2040,321.96320256760924
region_grassland,ISL,2040,1500.7415543796678
region_grassland,FRO,2040,0.0
region_grassland,GBR,2040,8775.598720101694
region_grassland,EST,2040,171.08084659406003
region_grassland,DNK,2040,205.89901380559874
region_grassland,LVA,2040,428.93109415627
region_grassland,LTU,2040,528.961192168346
region_grassland,BLR,2040,3128.0983788859758
region_grassland,IRL,2040,3136.631918847277
region_grassland,KAZ,2040,187564.72038785467
region_grassland,DEU,2040,3316.3763351028347
region_grassland,POL,2040,2771.495044101961
region_grassland,NLD,2040,607.9598973925911
region_grassland,CHN,2040,291441.4213326896
region_grassland,UKR,2040,6354.275658411734
region_grassland,MNG,2040,109431.98231688372
region_grassland,FRA,2040,7316.61997748489
region_grassland,BEL,2040,612.4677418563234
region_grassland,CZE,2040,635.3055906244667
region_grassland,LUX,2040,51.640933190397526
region_grassland,SVK,2040,444.68923706194533
region_grassland,AUT,2040,1008.3715873449462
region_grassland,HUN,2040,713.5963884497512
region_grassland,ROU,2040,4131.9925769346355
region_grassland,MDA,2040,304.525357845763
region_grassland,CHE,2040,775.2227468595844
region_grassland,ITA,2040,4062.2283179157803
region_grassland,SVN,2040,233.30917367504526
region_grassland,HRV,2040,414.94111405227494
region_grassland,SRB,2040,814.7301252818526
region_grassland,JPN,2040,312.68431866809783
region_grassland,UZB,2040,21364.851417903534
region_grassland,BIH,2040,772.0638052983246
region_grassland,ESP,2040,8540.305520746144
region_grassland,BGR,2040,1508.9248876405763
region_grassland,MNE,2040,163.45184660179171
region_grassland,GEO,2040,1521.2818211311285
region_grassland,XKX,2040,212.5461876882663
region_grassland,KGZ,2040,8785.812792264338
region_grassland,PRK,2040,147.39939954951788
region_grassland,ALB,2040,390.96959128549486
region_grassland,MKD,2040,564.0759983191341
region_grassland,TUR,2040,12655.891703087793
region_grassland,TKM,2040,31438.571568412903
region_grassland,PRT,2040,1267.4893930328187
region_grassland,AZE,2040,2815.7269227166885
region_grassland,GRC,2040,3621.5208760617325
region_grassland,ARM,2040,805.5472178422212
region_grassland,TJK,2040,3743.839181180835
region_grassland,IRN,2040,20661.288274408344
region_grassland,AFG,2040,31765.06229515348
region_grassland,KOR,2040,61.767787321437275
region_grassland,DZA,2040,40472.25139445419
region_grassland,TUN,2040,7395.92932657809
region_grassland,SYR,2040,6757.99110515484
region_grassland,IRQ,2040,4082.8134983157343
region_grassland,PAK,2040,5472.500810292408
region_grassland,MLT,2040,0.0
region_grassland,MAR,2040,31070.45627284227
region_grassland,CYP,2040,0.15798519835223673
region_grassland,IND,2040,8569.55950260882
region_grassland,LBN,2040,299.13790590231497
region_grassland,LBY,2040,18840.896723575148
region_grassland,ISR,2040,94.80406806819133
region_grassland,JOR,2040,815.1168256702514
region_grassland,MEX,2040,88835.56463101608
region_grassland,BMU,2040,0.0
region_grassland,PSE,2040,40.689918967808026
region_grassland,EGY,2040,48.62422986084879
region_grassland,SAU,2040,130383.30743728146
region_grassland,NPL,2040,1733.2058467980066
region_grassland,KWT,2040,145.6980732458173
region_grassland,MMR,2040,6780.991917852926
region_grassland,BTN,2040,252.5137297314549
region_grassland,BHS,2040,2.1538723863994624
region_grassland,ESH,2040,10.06766859450372
region_grassland,MRT,2040,45134.57079532311
region_grassland,BHR,2040,0.5848247749070609
region_grassland,QAT,2040,35.46674233644805
region_grassland,OMN,2040,838.2793074515123
region_grassland,ARE,2040,261.33504202234946
region_grassland,BGD,2040,509.10597929137225
region_grassland,TWN,2040,423.4074925957319
region_grassland,MLI,2040,48387.20263922607
region_grassland,CUB,2040,3684.61536436361
region_grassland,NER,2040,32205.68162516852
region_grassland,TCD,2040,58315.27492905224
region_grassland,VNM,2040,907.8363466514553
region_grassland,LAO,2040,882.1099693757359
region_grassland,HKG,2040,0.1593173506137609
region_grassland,TCA,2040,0.0
region_grassland,SDN,2040,75344.53825367468
region_grassland,PHL,2040,1690.237456869707
region_grassland,HTI,2040,670.4390371776002
region_grassland,THA,2040,1126.8929761823588
region_grassland,CYM,2040,0.0
region_grassland,DOM,2040,1641.59750676514
region_grassland,JAM,2040,241.55353637047722
region_grassland,PRI,2040,235.38228996668462
region_grassland,VGB,2040,0.0
region_grassland,YEM,2040,25524.364057883668
region_grassland,MNP,2040,0.0
region_grassland,BLZ,2040,50.16789228687111
region_grassland,VIR,2040,3.557823278039825
region_grassland,GTM,2040,2751.008345377149
region_grassland,ATG,2040,4.341612763594127
region_grassland,ERI,2040,9515.104235171437
region_grassland,KNA,2040,1.7658096074094405
region_grassland,CPV,2040,18.85529333905991
region_grassland,HND,2040,2083.8457060399883
region_grassland,SEN,2040,9492.309765866223
region_grassland,DMA,2040,9.001242713521036
region_grassland,NIC,2040,4241.146282355192
region_grassland,BFA,2040,9432.818326799514
region_grassland,MHL,2040,0.0
region_grassland,SLV,2040,96.70494441180071
region_grassland,LCA,2040,6.194443907977821
region_grassland,ETH,2040,33195.26958631953
region_grassland,KHM,2040,1413.3794081675242
region_grassland,GMB,2040,257.61554450516064
region_grassland,NGA,2040,37926.78337365688
region_grassland,GUM,2040,0.0
region_grassland,COL,2040,43665.936128652116
region_grassland,VCT,2040,2.117412429879635
region_grassland,BRB,2040,2.8291326136809944
region_grassland,ABW,2040,0.0
region_grassland,GRD,2040,1.2406239475715757
region_grassland,CMR,2040,3824.0811608513222
region_grassland,DJI,2040,1914.1182249079106
region_grassland,VEN,2040,24022.57473772826
region_grassland,GNB,2040,240.31758736455848
region_grassland,GIN,2040,16697.594562908984
region_grassland,BEN,2040,1374.8388894049424
region_grassland,SSD,2040,45083.2724405316
region_grassland,SOM,2040,54275.44342794074
region_grassland,TTO,2040,8.304542972173987
region_grassland,CRI,2040,1600.2652500569197
region_grassland,GHA,2040,10711.991999378026
region_grassland,TGO,2040,1634.5473833996673
region_grassland,CAF,2040,4866.416188431243
region_grassland,CIV,2040,20503.599156361215
region_grassland,PAN,2040,2051.590884069051
region_grassland,SLE,2040,3915.708543604977
region_grassland,LKA,2040,435.48935833175096
region_grassland,FSM,2040,0.0
region_grassland,GUY,2040,710.5795403317559
region_grassland,LBR,2040,1461.0703979430616
region_grassland,PLW,2040,0.0
region_grassland,MYS,2040,354.3173737633227
region_grassland,MDV,2040,0.0
region_grassland,SUR,2040,16.33166530825946
region_grassland,IDN,2040,13083.086576124313
region_grassland,COD,2040,27927.189119895622
region_grassland,BRN,2040,4.7793008412883085
region_grassland,BRA,2040,276447.57823664637
region_grassland,KEN,2040,33168.96563152792
region_grassland,KIR,2040,0.0
region_grassland,GNQ,2040,33.07648870787733
region_grassland,UGA,2040,7987.748744531615
region_grassland,COG,2040,13411.780141884725
region_grassland,GAB,2040,2339.8761015426153
region_grassland,STP,2040,1.901505837066562
region_grassland,ECU,2040,4653.954779323629
region_grassland,SGP,2040,3.060605641400255
region_grassland,PER,2040,20520.87257453749
region_grassland,NRU,2040,0.0
region_grassland,RWA,2040,759.2673824388883
region_grassland,TZA,2040,39024.33928516265
region_grassland,PNG,2040,165.9241244532854
region_grassland,BDI,2040,1137.368570856151
region_grassland,SYC,2040,0.0
region_grassland,AGO,2040,61556.79553383657
region_grassland,SLB,2040,5.055379178149192
region_grassland,PYF,2040,0.0
region_grassland,ZMB,2040,30833.826150854155
region_grassland,TLS,2040,173.84185432645805
region_grassland,TUV,2040,0.0
region_grassland,MWI,2040,3525.5823253739673
region_grassland,BOL,2040,39318.45077279721
region_grassland,MOZ,2040,45912.85903957249
region_grassland,AUS,2040,411570.0923063834
region_grassland,COM,2040,0.7479832426384256
region_grassland,MDG,2040,44516.597230027975
region_grassland,FJI,2040,166.800171418215
region_grassland,WSM,2040,4.044726582040101
region_grassland,VUT,2040,20.545531454365804
region_grassland,ASM,2040,5.854904572840271
region_grassland,TON,2040,3.3942882208686806
region_grassland,ZWE,2040,19600.66664765238
region_grassland,NAM,2040,54681.815632503225
region_grassland,CHL,2040,16315.904752289549
region_grassland,BWA,2040,39933.147384510055
region_grassland,PRY,2040,14070.437913487265
region_grassland,MUS,2040,0.3456050914381348
region_grassland,NCL,2040,181.546887621313
region_grassland,ARG,2040,113045.92328392903
region_grassland,ZAF,2040,100206.87593106556
region_grassland,SWZ,2040,1079.9304746395205
region_grassland,LSO,2040,2788.2372898099015
region_grassland,NZL,2040,17417.318204672458
region_grassland,URY,2040,15175.61761139693
region_grassland,GRL,2050,0.0
region_grassland,CAN,2050,12252.215695582
region_grassland,RUS,2050,85588.24536637386
region_grassland,NOR,2050,127.77334270867405
region_grassland,USA,2050,202375.87499096213
region_grassland,FIN,2050,33.79238374352312
region_grassland,SWE,2050,246.8429989991102
region_grassland,ISL,2050,1298.932869663269
region_grassland,FRO,2050,0.0
region_grassland,GBR,2050,6703.854018947539
region_grassland,EST,2050,131.32903405139322
region_grassland,DNK,2050,157.7238703184631
region_grassland,LVA,2050,331.3436982654066
region_grassland,LTU,2050,411.6765003327296
region_grassland,BLR,2050,2920.951178862565
region_grassland,IRL,2050,2402.741342681065
region_grassland,KAZ,2050,175440.72504586997
region_grassland,DEU,2050,2516.9768382448
region_grassland,POL,2050,2127.379773325415
region_grassland,NLD,2050,459.5552002038621
region_grassland,CHN,2050,253688.15432743842
region_grassland,UKR,2050,5936.932821196154
region_grassland,MNG,2050,109663.04343026459
region_grassland,FRA,2050,5596.6372727323
region_grassland,BEL,2050,455.5138356652428
region_grassland,CZE,2050,485.8217768342899
region_grassland,LUX,2050,39.55826327214512
region_grassland,SVK,2050,341.3011153869598
region_grassland,AUT,2050,773.0136443666366
region_grassland,HUN,2050,551.4459621259101
region_grassland,ROU,2050,3575.6161385604582
region_grassland,MDA,2050,282.20838425555974
region_grassland,CHE,2050,668.7174875330138
region_grassland,ITA,2050,3112.5875856303137
region_grassland,SVN,2050,178.9913860885687
region_grassland,HRV,2050,357.8196368147137
region_grassland,SRB,2050,707.438074617674
region_grassland,JPN,2050,185.73185894147105
region_grassland,UZB,2050,19984.944692465666
region_grassland,BIH,2050,668.2423111543555
region_grassland,ESP,2050,6542.107316228962
region_grassland,BGR,2050,1305.994026721639
region_grassland,MNE,2050,141.4721622360319
region_grassland,GEO,2050,1423.1656689238298
region_grassland,XKX,2050,230.31784112412296
region_grassland,KGZ,2050,8213.665172114432
region_grassland,PRK,2050,146.55943970728353
region_grassland,ALB,2050,338.70919746616954
region_grassland,MKD,2050,487.2730051152905
region_grassland,TUR,2050,12415.952069358305
region_grassland,TKM,2050,29472.499840578916
region_grassland,PRT,2050,970.9294484275079
region_grassland,AZE,2050,2653.02431104856
region_grassland,GRC,2050,2785.0075161668033
region_grassland,ARM,2050,753.5928958122246
region_grassland,TJK,2050,3498.216893449137
region_grassland,IRN,2050,22550.745834135076
region_grassland,AFG,2050,29371.111716244053
region_grassland,KOR,2050,62.60461795643845
region_grassland,DZA,2050,42336.633794834925
region_grassland,TUN,2050,7728.36992791022
region_grassland,SYR,2050,7022.987563304932
region_grassland,IRQ,2050,4630.756243726695
region_grassland,PAK,2050,5080.747022153206
region_grassland,MLT,2050,0.0
region_grassland,MAR,2050,31806.55151835973
region_grassland,CYP,2050,0.1212146775630497
region_grassland,IND,2050,10640.912837898093
region_grassland,LBN,2050,342.5076062657993
region_grassland,LBY,2050,20589.76123324057
region_grassland,ISR,2050,108.6140469417215
region_grassland,JOR,2050,891.4987628203943
region_grassland,MEX,2050,87195.55168314927
region_grassland,BMU,2050,0.0
region_grassland,PSE,2050,46.72260094118897
region_grassland,EGY,2050,53.11853689508444
region_grassland,SAU,2050,131170.90722687467
region_grassland,NPL,2050,1610.4263817101637
region_grassland,KWT,2050,167.0543835497998
region_grassland,MMR,2050,6881.576964932317
region_grassland,BTN,2050,233.23940809551124
region_grassland,BHS,2050,2.1141734375463392
region_grassland,ESH,2050,10.06766859450372
region_grassland,MRT,2050,45522.15048839218
region_grassland,BHR,2050,0.5848247749070609
region_grassland,QAT,2050,38.28507151511129
region_grassland,OMN,2050,953.0580082385849
region_grassland,ARE,2050,294.5706681927516
region_grassland,BGD,2050,461.8029254259396
region_grassland,TWN,2050,368.10603802918837
region_grassland,MLI,2050,50106.29344925887
region_grassland,CUB,2050,3616.8179523036997
region_grassland,NER,2050,33072.143148854506
region_grassland,TCD,2050,59324.117612587535
region_grassland,VNM,2050,915.9056440388144
region_grassland,LAO,2050,893.1675574951224
region_grassland,HKG,2050,0.1384373376530035
region_grassland,TCA,2050,0.0
region_grassland,SDN,2050,78985.05672889596
region_grassland,PHL,2050,1708.824886097028
region_grassland,HTI,2050,658.1027278111583
region_grassland,THA,2050,1145.0711723354327
region_grassland,CYM,2050,0.0
region_grassland,DOM,2050,1611.3908154905932
region_grassland,JAM,2050,237.1089391225968
region_grassland,PRI,2050,231.0511683586763
region_grassland,VGB,2050,0.0
region_grassland,YEM,2050,26021.6156436132
region_grassland,MNP,2050,0.0
region_grassland,BLZ,2050,49.24444335027941
region_grassland,VIR,2050,3.4924826243366094
region_grassland,GTM,2050,2700.387915174341
region_grassland,ATG,2050,4.261933622424242
region_grassland,ERI,2050,9909.463605586376
region_grassland,KNA,2050,1.7333149267931711
region_grassland,CPV,2050,18.85529333905991
region_grassland,HND,2050,2045.5015559540172
region_grassland,SEN,2050,10736.480934542758
region_grassland,DMA,2050,8.458660514766118
region_grassland,NIC,2050,4163.10722224062
region_grassland,BFA,2050,10924.43173778975
region_grassland,MHL,2050,0.0
region_grassland,SLV,2050,94.92581541984627
region_grassland,LCA,2050,5.927526624701344
region_grassland,ETH,2050,38165.847547432815
region_grassland,KHM,2050,1436.8038708774802
region_grassland,GMB,2050,289.26707465266054
region_grassland,NGA,2050,40644.70825438787
region_grassland,GUM,2050,0.0
region_grassland,COL,2050,42862.48496408021
region_grassland,VCT,2050,2.0783070511129327
region_grassland,BRB,2050,2.777092274880981
region_grassland,ABW,2050,0.0
region_grassland,GRD,2050,1.2176717668520147
region_grassland,CMR,2050,4461.670064546643
region_grassland,DJI,2050,1940.1377854121358
region_grassland,VEN,2050,23580.575990049925
region_grassland,GNB,2050,279.677797701193
region_grassland,GIN,2050,18628.496078383818
region_grassland,BEN,2050,1600.2275280705385
region_grassland,SSD,2050,47275.0997645679
region_grassland,SOM,2050,55897.81675496419
region_grassland,TTO,2050,8.151644583055466
region_grassland,CRI,2050,1570.820016316259
region_grassland,GHA,2050,12363.805807255416
region_grassland,TGO,2050,1906.4931360560704
region_grassland,CAF,2050,5667.407526503312
region_grassland,CIV,2050,22083.062120589733
region_grassland,PAN,2050,2013.8410075991867
region_grassland,SLE,2050,4519.618269752301
region_grassland,LKA,2050,402.247637166551
region_grassland,FSM,2050,0.0
region_grassland,GUY,2050,698.4565407286866
region_grassland,LBR,2050,1701.813210911844
region_grassland,PLW,2050,0.0
region_grassland,MYS,2050,359.0343524687837
region_grassland,MDV,2050,0.0
region_grassland,SUR,2050,16.029947268492474
region_grassland,IDN,2050,13170.72230970698
region_grassland,COD,2050,31866.750110364894
region_grassland,BRN,2050,4.603443084014782
region_grassland,BRA,2050,273357.5125784784
region_grassland,KEN,2050,37180.94648360233
region_grassland,KIR,2050,0.0
region_grassland,GNQ,2050,38.5280058260228
region_grassland,UGA,2050,8412.121939859046
region_grassland,COG,2050,14084.006908986748
region_grassland,GAB,2050,2635.55572210454
region_grassland,STP,2050,1.901505837066562
region_grassland,ECU,2050,4568.318988572862
region_grassland,SGP,2050,3.060605641400255
region_grassland,PER,2050,20143.294292622708
region_grassland,NRU,2050,0.0
region_grassland,RWA,2050,790.8038650636238
region_grassland,TZA,2050,43656.11615372068
region_grassland,PNG,2050,153.2681835548899
region_grassland,BDI,2050,1276.8342798719352
region_grassland,SYC,2050,0.0
region_grassland,AGO,2050,66572.75816768045
region_grassland,SLB,2050,4.669652402749395
region_grassland,PYF,2050,0.0
region_grassland,ZMB,2050,34402.59265493089
region_grassland,TLS,2050,176.21175049989557
region_grassland,TUV,2050,0.0
region_grassland,MWI,2050,3953.73661511578
region_grassland,BOL,2050,38594.976644500595
region_grassland,MOZ,2050,50011.03726723604
region_grassland,AUS,2050,418259.4058007534
region_grassland,COM,2050,0.7479832426384256
region_grassland,MDG,2050,45707.308444084076
region_grassland,FJI,2050,154.06810732589287
region_grassland,WSM,2050,3.735902622201404
region_grassland,VUT,2050,18.97748542979359
region_grassland,ASM,2050,5.408006126905869
region_grassland,TON,2050,3.0772309922040155
region_grassland,ZWE,2050,21868.119604099542
region_grassland,NAM,2050,57297.01362106635
region_grassland,CHL,2050,16015.166760348358
region_grassland,BWA,2050,44690.933746599665
region_grassland,PRY,2050,13813.494583148835
region_grassland,MUS,2050,0.3456050914381348
region_grassland,NCL,2050,167.68937648067168
region_grassland,ARG,2050,110965.84133819645
region_grassland,ZAF,2050,100645.15161920368
region_grassland,SWZ,2050,1079.0825229890406
region_grassland,LSO,2050,2786.6928629464824
region_grassland,NZL,2050,17669.36947037855
region_grassland,URY,2050,14892.914579440321
region_grassland,GRL,2060,0.0
region_grassland,CAN,2060,11428.529796949362
region_grassland,RUS,2060,80665.28026082493
region_grassland,NOR,2060,115.61860234058256
region_grassland,USA,2060,146225.4837226986
region_grassland,FIN,2060,26.372851904371764
region_grassland,SWE,2060,181.26245434548525
region_grassland,ISL,2060,1178.876871593879
region_grassland,FRO,2060,0.0
region_grassland,GBR,2060,4888.575464397912
region_grassland,EST,2060,96.58366231260908
region_grassland,DNK,2060,115.34710206146157
region_grassland,LVA,2060,245.96247653883492
region_grassland,LTU,2060,309.1068132526087
region_grassland,BLR,2060,2749.877809419676
region_grassland,IRL,2060,1761.1878947182277
region_grassland,KAZ,2060,165438.27662492314
region_grassland,DEU,2060,1822.2065878100925
region_grassland,POL,2060,1563.5271249670445
region_grassland,NLD,2060,330.7761691910448
region_grassland,CHN,2060,214615.39964601863
region_grassland,UKR,2060,5569.636033904404
region_grassland,MNG,2060,110148.58363489193
region_grassland,FRA,2060,4099.5169172965
region_grassland,BEL,2060,320.82983532130714
region_grassland,CZE,2060,355.5245088557521
region_grassland,LUX,2060,28.995915589338093
region_grassland,SVK,2060,250.3907277191569
region_grassland,AUT,2060,568.3017028333778
region_grassland,HUN,2060,411.35943646027516
region_grassland,ROU,2060,3239.4462568105646
region_grassland,MDA,2060,263.17188617852696
region_grassland,CHE,2060,604.0569880110434
region_grassland,ITA,2060,2283.021115240366
region_grassland,SVN,2060,133.71515341107866
region_grassland,HRV,2060,322.9692795865874
region_grassland,SRB,2060,643.3199249684479
region_grassland,JPN,2060,143.18065701998384
region_grassland,UZB,2060,18841.742185992396
region_grassland,BIH,2060,606.4792902549814
region_grassland,ESP,2060,4795.327955021361
region_grassland,BGR,2060,1185.256067172524
region_grassland,MNE,2060,128.39660788855525
region_grassland,GEO,2060,1342.3128326316328
region_grassland,XKX,2060,234.78328056854923
region_grassland,KGZ,2060,7739.892956414335
region_grassland,PRK,2060,149.52253378799128
region_grassland,ALB,2060,307.5259401017323
region_grassland,MKD,2060,440.53833760543955
region_grassland,TUR,2060,12207.0696201455
region_grassland,TKM,2060,27816.475019663012
region_grassland,PRT,2060,711.6824678055845
region_grassland,AZE,2060,2513.0109260041827
region_grassland,GRC,2060,2057.832934270044
region_grassland,ARM,2060,710.7804461801194
region_grassland,TJK,2060,3286.8350531364185
region_grassland,IRN,2060,23191.036515356427
region_grassland,AFG,2060,24108.795568350673
region_grassland,KOR,2060,65.17149948899483
region_grassland,DZA,2060,42949.68141304487
region_grassland,TUN,2060,7875.301562549885
region_grassland,SYR,2060,7096.124625531439
region_grassland,IRQ,2060,4823.444390187583
region_grassland,PAK,2060,4187.559618065259
region_grassland,MLT,2060,0.0
region_grassland,MAR,2060,32069.9573697541
region_grassland,CYP,2060,0.08875616445566187
region_grassland,IND,2060,12600.864995034703
region_grassland,LBN,2060,357.75915104890663
region_grassland,LBY,2060,21099.552532887665
region_grassland,ISR,2060,113.46997729105938
region_grassland,JOR,2060,916.2419737414837
region_grassland,MEX,2060,83817.62834864773
region_grassland,BMU,2060,0.0
region_grassland,PSE,2060,48.84427724353195
region_grassland,EGY,2060,54.70502449761898
region_grassland,SAU,2060,131471.03346259362
region_grassland,NPL,2060,1326.0251677840151
region_grassland,KWT,2060,174.5644851642779
region_grassland,MMR,2060,7202.218642353204
region_grassland,BTN,2060,190.56626172424887
region_grassland,BHS,2060,2.0327973842300313
region_grassland,ESH,2060,10.06766859450372
region_grassland,MRT,2060,45756.91617306441
region_grassland,BHR,2060,0.5848247749070609
region_grassland,QAT,2060,39.27645309154882
region_grassland,OMN,2060,993.4211166470075
region_grassland,ARE,2060,306.25839332104334
region_grassland,BGD,2060,361.48392912169885
region_grassland,TWN,2060,310.86369223001856
region_grassland,MLI,2060,51198.39014462913
region_grassland,CUB,2060,3476.7445055878634
region_grassland,NER,2060,33506.84511797223
region_grassland,TCD,2060,59939.25247374387
region_grassland,VNM,2060,950.0998531535429
region_grassland,LAO,2060,933.5396853623835
region_grassland,HKG,2060,0.11698527353383384
region_grassland,TCA,2060,0.0
region_grassland,SDN,2060,81369.16426424184
region_grassland,PHL,2060,1766.2472281282166
region_grassland,HTI,2060,632.6150111032591
region_grassland,THA,2060,1200.0139028328654
region_grassland,CYM,2060,0.0
region_grassland,DOM,2060,1548.9852331899128
region_grassland,JAM,2060,227.9262181324502
region_grassland,PRI,2060,222.10303413618058
region_grassland,VGB,2060,0.0
region_grassland,YEM,2060,26143.5449284543
region_grassland,MNP,2060,0.0
region_grassland,BLZ,2060,47.337483969910856
region_grassland,VIR,2060,3.357092325106645
region_grassland,GTM,2060,2595.8056136865484
region_grassland,ATG,2060,4.096968644364706
region_grassland,ERI,2060,10147.78109339255
region_grassland,KNA,2060,1.666348161485539
region_grassland,CPV,2060,18.855293459636158
region_grassland,HND,2060,1966.2809902810436
region_grassland,SEN,2060,11659.181817806137
region_grassland,DMA,2060,7.825000148078969
region_grassland,NIC,2060,4001.875602460002
region_grassland,BFA,2060,12121.375048744821
region_grassland,MHL,2060,0.0
region_grassland,SLV,2060,91.2492219924599
region_grassland,LCA,2060,5.5740064766679485
region_grassland,ETH,2060,42048.79949485851
region_grassland,KHM,2060,1508.6108324028528
region_grassland,GMB,2060,309.9461962607242
region_grassland,NGA,2060,42226.76667827232
region_grassland,GUM,2060,0.0
region_grassland,COL,2060,41200.46434051897
region_grassland,VCT,2060,1.9976895027195234
region_grassland,BRB,2060,2.6694016561244593
region_grassland,ABW,2060,0.0
region_grassland,GRD,2060,1.1705595291303326
region_grassland,CMR,2060,4987.367982324814
region_grassland,DJI,2060,1961.4844947404827
region_grassland,VEN,2060,22667.069517687785
region_grassland,GNB,2060,312.13045576883655
region_grassland,GIN,2060,19723.301347309556
region_grassland,BEN,2060,1784.2777138046465
region_grassland,SSD,2060,48696.124350653554
region_grassland,SOM,2060,56867.45503816358
region_grassland,TTO,2060,7.835817073011157
region_grassland,CRI,2060,1509.9843961340116
region_grassland,GHA,2060,13481.294359724498
region_grassland,TGO,2060,2126.0830449763366
region_grassland,CAF,2060,6327.828660160007
region_grassland,CIV,2060,23087.586949909182
region_grassland,PAN,2060,1935.8477333881601
region_grassland,SLE,2060,4974.091795901337
region_grassland,LKA,2060,328.65408030915484
region_grassland,FSM,2060,0.0
region_grassland,GUY,2060,661.741816555552
region_grassland,LBR,2060,1900.3067704140115
region_grassland,PLW,2060,0.0
region_grassland,MYS,2060,373.71025008009246
region_grassland,MDV,2060,0.0
region_grassland,SUR,2060,15.384567659946967
region_grassland,IDN,2060,13578.035276419982
region_grassland,COD,2060,34953.71372163904
region_grassland,BRN,2060,4.239716512257485
region_grassland,BRA,2060,236072.51851725084
region_grassland,KEN,2060,39919.4231342586
region_grassland,KIR,2060,0.0
region_grassland,GNQ,2060,43.02271570384227
region_grassland,UGA,2060,8563.660159204228
region_grassland,COG,2060,14551.136839354967
region_grassland,GAB,2060,2878.2755427838283
region_grassland,STP,2060,1.901505837066562
region_grassland,ECU,2060,4391.393992169077
region_grassland,SGP,2060,3.060605641400255
region_grassland,PER,2060,19363.108601192318
region_grassland,NRU,2060,0.0
region_grassland,RWA,2060,815.1359022666027
region_grassland,TZA,2060,46764.7095441425
region_grassland,PNG,2060,125.24271050007009
region_grassland,BDI,2060,1338.1545160424564
region_grassland,SYC,2060,0.0
region_grassland,AGO,2060,70085.74950508558
region_grassland,SLB,2060,3.815127489477179
region_grassland,PYF,2060,0.0
region_grassland,ZMB,2060,36782.250045501794
region_grassland,TLS,2060,183.47728621841136
region_grassland,TUV,2060,0.0
region_grassland,MWI,2060,4231.206199384544
region_grassland,BOL,2060,37100.24436480553
region_grassland,MOZ,2060,52853.237782996686
region_grassland,AUS,2060,425260.84850485297
region_grassland,COM,2060,0.7479832426384256
region_grassland,MDG,2060,46258.49086641267
region_grassland,FJI,2060,125.87997408562688
region_grassland,WSM,2060,3.0525271542241876
region_grassland,VUT,2060,15.505418693707526
region_grassland,ASM,2060,4.418660040643039
region_grassland,TON,2060,2.4820711214124356
region_grassland,ZWE,2060,23329.36470826908
region_grassland,NAM,2060,59077.8628209742
region_grassland,CHL,2060,15394.424835077409
region_grassland,BWA,2060,46590.49648118458
region_grassland,PRY,2060,13250.421463900246
region_grassland,MUS,2060,0.3456050914381348
region_grassland,NCL,2060,137.00950311160443
region_grassland,ARG,2060,106667.29049310205
region_grassland,ZAF,2060,100605.43735228287
region_grassland,SWZ,2060,1078.1889525009146
region_grassland,LSO,2060,2774.0680396629377
region_grassland,NZL,2060,18011.481891115956
region_grassland,URY,2060,14283.865956536343
region_grassland,GRL,2070,0.0
region_grassland,CAN,2070,10746.011242738175
region_grassland,RUS,2070,77203.62880170098
region_grassland,NOR,2070,106.21289477058947
region_grassland,USA,2070,100941.22476787177
region_grassland,FIN,2070,21.91541776110242
region_grassland,SWE,2070,141.97358097698452
region_grassland,ISL,2070,1084.7842014692112
region_grassland,FRO,2070,0.0
region_grassland,GBR,2070,3798.8995216696308
region_grassland,EST,2070,75.9264353117024
region_grassland,DNK,2070,89.88929864230894
region_grassland,LVA,2070,195.09249168405066
region_grassland,LTU,2070,246.42416689313444
region_grassland,BLR,2070,2627.272714233757
region_grassland,IRL,2070,1378.0847070981956
region_grassland,KAZ,2070,158438.79322217996
region_grassland,DEU,2070,1405.670002862102
region_grassland,POL,2070,1227.547593367733
region_grassland,NLD,2070,252.76353984344098
region_grassland,CHN,2070,181512.41229733863
region_grassland,UKR,2070,5309.661002627442
region_grassland,MNG,2070,110559.78795158662
region_grassland,FRA,2070,3209.402998615994
region_grassland,BEL,2070,240.66514789359144
region_grassland,CZE,2070,277.7825309385927
region_grassland,LUX,2070,22.718860166188147
region_grassland,SVK,2070,195.4662905951989
region_grassland,AUT,2070,445.18203860578876
region_grassland,HUN,2070,326.57391871706693
region_grassland,ROU,2070,2976.294878237126
region_grassland,MDA,2070,250.1961279175593
region_grassland,CHE,2070,554.2103409213308
region_grassland,ITA,2070,1789.3822972414462
region_grassland,SVN,2070,106.55599854747983
region_grassland,HRV,2070,296.1720188333561
region_grassland,SRB,2070,592.6994197817725
region_grassland,JPN,2070,144.65004041493626
region_grassland,UZB,2070,18033.671095593003
region_grassland,BIH,2070,558.0733022279571
region_grassland,ESP,2070,3757.0589018279484
region_grassland,BGR,2070,1090.6367197349175
region_grassland,MNE,2070,118.1485906436412
region_grassland,GEO,2070,1285.8391214880924
region_grassland,XKX,2070,230.89728216859132
region_grassland,KGZ,2070,7407.33685952158
region_grassland,PRK,2070,155.5886530219216
region_grassland,ALB,2070,283.13158985678285
region_grassland,MKD,2070,404.4538487797279
region_grassland,TUR,2070,11988.518196558243
region_grassland,TKM,2070,26654.47513934878
region_grassland,PRT,2070,557.3723809777824
region_grassland,AZE,2070,2411.7767911219994
region_grassland,GRC,2070,1624.0368272315477
region_grassland,ARM,2070,680.8763152348183
region_grassland,TJK,2070,3135.4123240713398
region_grassland,IRN,2070,23094.552124451253
region_grassland,AFG,2070,19222.838641184477
region_grassland,KOR,2070,68.93689832097594
region_grassland,DZA,2070,42849.17891791097
region_grassland,TUN,2070,7856.419824976163
region_grassland,SYR,2070,7068.856456555519
region_grassland,IRQ,2070,4808.773147766606
region_grassland,PAK,2070,3346.4342953836085
region_grassland,MLT,2070,0.0
region_grassland,MAR,2070,31996.848924653063
region_grassland,CYP,2070,0.06948295356095122
region_grassland,IND,2070,13560.988362745684
region_grassland,LBN,2070,356.67114766781594
region_grassland,LBY,2070,21050.148646384154
region_grassland,ISR,2070,113.12487487867091
region_grassland,JOR,2070,913.4559538954463
region_grassland,MEX,2070,81258.99435489313
region_grassland,BMU,2070,0.0
region_grassland,PSE,2070,48.69575080106621
region_grassland,EGY,2070,54.7092985879275
region_grassland,SAU,2070,131068.49063331826
region_grassland,NPL,2070,1060.5015241083693
region_grassland,KWT,2070,174.03333000249984
region_grassland,MMR,2070,7678.547168158341
region_grassland,BTN,2070,150.91465504561887
region_grassland,BHS,2070,1.9712657840062309
region_grassland,ESH,2070,10.06766859450372
region_grassland,MRT,2070,45919.230956773754
region_grassland,BHR,2070,0.5831617534064911
region_grassland,QAT,2070,39.15680102461873
region_grassland,OMN,2070,990.3998762067387
region_grassland,ARE,2070,305.32649432289935
region_grassland,BGD,2070,277.08940671456077
region_grassland,TWN,2070,262.55138832530525
region_grassland,MLI,2070,52034.128778123035
region_grassland,CUB,2070,3370.684479575794
region_grassland,NER,2070,33876.834718997605
region_grassland,TCD,2070,60430.7202302001
region_grassland,VNM,2070,1001.4045651659949
region_grassland,LAO,2070,994.8375039922779
region_grassland,HKG,2070,0.09867951159717588
region_grassland,TCA,2070,0.0
region_grassland,SDN,2070,82939.07696820864
region_grassland,PHL,2070,1850.5117883173273
region_grassland,HTI,2070,613.3163610659205
region_grassland,THA,2070,1280.5263065805225
region_grassland,CYM,2070,0.0
region_grassland,DOM,2070,1501.7324820347226
region_grassland,JAM,2070,220.97317960482505
region_grassland,PRI,2070,215.32729676370104
region_grassland,VGB,2070,0.0
region_grassland,YEM,2070,26005.964173861423
region_grassland,MNP,2070,0.0
region_grassland,BLZ,2070,45.893251519982655
region_grassland,VIR,2070,3.2546666133210214
region_grassland,GTM,2070,2516.6191549081573
region_grassland,ATG,2070,3.972138299671671
region_grassland,ERI,2070,10332.632389986957
region_grassland,KNA,2070,1.6156140310206515
region_grassland,CPV,2070,18.855293459636158
region_grassland,HND,2070,1906.2978989339265
region_grassland,SEN,2070,12352.617772231008
region_grassland,DMA,2070,7.403441226099173
region_grassland,NIC,2070,3879.7969018805325
region_grassland,BFA,2070,13120.155518735748
region_grassland,MHL,2070,0.0
region_grassland,SLV,2070,88.46557596173875
region_grassland,LCA,2070,5.329833127285225
region_grassland,ETH,2070,45187.16215371693
region_grassland,KHM,2070,1613.979093705319
region_grassland,GMB,2070,327.1367432717347
region_grassland,NGA,2070,43339.85554772342
region_grassland,GUM,2070,0.0
region_grassland,COL,2070,39940.61710275325
region_grassland,VCT,2070,1.9366247837857575
region_grassland,BRB,2070,2.5878817012348407
region_grassland,ABW,2070,0.0
region_grassland,GRD,2070,1.1349232411378243
region_grassland,CMR,2070,5425.925087768074
region_grassland,DJI,2070,1979.9518841459435
region_grassland,VEN,2070,21975.181696069296
region_grassland,GNB,2070,340.23190540723243
region_grassland,GIN,2070,20324.42244485142
region_grassland,BEN,2070,1940.267084427073
region_grassland,SSD,2070,49770.445472981635
region_grassland,SOM,2070,57473.94159567454
region_grassland,TTO,2070,7.596894053199592
region_grassland,CRI,2070,1463.9213977143581
region_grassland,GHA,2070,14277.436238725675
region_grassland,TGO,2070,2308.133422732777
region_grassland,CAF,2070,6899.709705395098
region_grassland,CIV,2070,23785.013608152713
region_grassland,PAN,2070,1876.7930166345416
region_grassland,SLE,2070,5219.274704321572
region_grassland,LKA,2070,260.270004441697
region_grassland,FSM,2070,0.0
region_grassland,GUY,2070,626.427866031298
region_grassland,LBR,2070,2072.189329123008
region_grassland,PLW,2070,0.0
region_grassland,MYS,2070,395.4355645984596
region_grassland,MDV,2070,0.0
region_grassland,SUR,2070,14.880472271622539
region_grassland,IDN,2070,14212.554931537894
region_grassland,COD,2070,37549.684678251506
region_grassland,BRN,2070,3.950522909112164
region_grassland,BRA,2070,187081.65146539547
region_grassland,KEN,2070,41737.251890761094
region_grassland,KIR,2070,0.0
region_grassland,GNQ,2070,46.914827566856495
region_grassland,UGA,2070,8145.94597086419
region_grassland,COG,2070,14871.454575945256
region_grassland,GAB,2070,3088.2371962439634
region_grassland,STP,2070,1.901505837066562
region_grassland,ECU,2070,4257.432494522069
region_grassland,SGP,2070,3.060605641400255
region_grassland,PER,2070,18772.328089822244
region_grassland,NRU,2070,0.0
region_grassland,RWA,2070,798.9289871667717
region_grassland,TZA,2070,49015.37197765535
region_grassland,PNG,2070,99.20368761771778
region_grassland,BDI,2070,1383.090127909373
region_grassland,SYC,2070,0.0
region_grassland,AGO,2070,72712.54967634237
region_grassland,SLB,2070,3.0213781155929045
region_grassland,PYF,2070,0.0
region_grassland,ZMB,2070,38613.42881583757
region_grassland,TLS,2070,194.13880677563873
region_grassland,TUV,2070,0.0
region_grassland,MWI,2070,4353.045597865872
region_grassland,BOL,2070,35968.481796141794
region_grassland,MOZ,2070,55011.11548085985
region_grassland,AUS,2070,436874.9935857556
region_grassland,COM,2070,0.7479832426384256
region_grassland,MDG,2070,46669.837882336724
region_grassland,FJI,2070,99.68785391831918
region_grassland,WSM,2070,2.417171843152942
region_grassland,VUT,2070,12.278864000387893
region_grassland,ASM,2070,3.4994039879450582
region_grassland,TON,2070,1.9474017715902823
region_grassland,ZWE,2070,24340.580389491486
region_grassland,NAM,2070,60257.08534371639
region_grassland,CHL,2070,14924.810071138254
region_grassland,BWA,2070,47403.40659307812
region_grassland,PRY,2070,12802.104947981967
region_grassland,MUS,2070,0.3456050914381348
region_grassland,NCL,2070,108.50181749415997
region_grassland,ARG,2070,103413.23178698402
region_grassland,ZAF,2070,100639.75519264559
region_grassland,SWZ,2070,1075.8507431581293
region_grassland,LSO,2070,2770.4460724553023
region_grassland,NZL,2070,18503.151761619087
region_grassland,URY,2070,13797.61106168032
region_grassland,GRL,2080,0.0
region_grassland,CAN,2080,9997.238532467925
region_grassland,RUS,2080,75177.17805548708
region_grassland,NOR,2080,97.55780791254227
region_grassland,USA,2080,85196.66227773903
region_grassland,FIN,2080,19.617182781898368
region_grassland,SWE,2080,121.34558102786023
region_grassland,ISL,2080,996.465751080469
region_grassland,FRO,2080,0.0
region_grassland,GBR,2080,3224.856182295447
region_grassland,EST,2080,65.37441721367799
region_grassland,DNK,2080,76.90503451735162
region_grassland,LVA,2080,168.8150771771331
region_grassland,LTU,2080,213.00703300815795
region_grassland,BLR,2080,2548.786923141707
region_grassland,IRL,2080,1182.2297371369796
region_grassland,KAZ,2080,154364.64256094547
region_grassland,DEU,2080,1186.1385076529743
region_grassland,POL,2080,1053.2953448820535
region_grassland,NLD,2080,209.01583570082732
region_grassland,CHN,2080,158311.69710462962
region_grassland,UKR,2080,5148.224854432259
region_grassland,MNG,2080,110919.90623065739
region_grassland,FRA,2080,2749.1495351803737
region_grassland,BEL,2080,195.3629828950174
region_grassland,CZE,2080,238.0045019076072
region_grassland,LUX,2080,19.457152165929593
region_grassland,SVK,2080,167.2694080979183
region_grassland,AUT,2080,381.493673032159
region_grassland,HUN,2080,281.5106289513039
region_grassland,ROU,2080,2731.477615177167
region_grassland,MDA,2080,241.67584341405546
region_grassland,CHE,2080,508.5237295300198
region_grassland,ITA,2080,1535.0994806459673
region_grassland,SVN,2080,90.64732770571547
region_grassland,HRV,2080,271.710570463216
region_grassland,SRB,2080,545.2401822833937
region_grassland,JPN,2080,221.70378334589378
region_grassland,UZB,2080,17554.8510083875
region_grassland,BIH,2080,512.6369462542931
region_grassland,ESP,2080,3226.895179115053
region_grassland,BGR,2080,1001.8359146774682
region_grassland,MNE,2080,108.52953497262712
region_grassland,GEO,2080,1245.8246400823016
region_grassland,XKX,2080,228.25492451192957
region_grassland,KGZ,2080,7213.2261375006465
region_grassland,PRK,2080,165.18114233298323
region_grassland,ALB,2080,260.3180159755755
region_grassland,MKD,2080,371.29819998918214
region_grassland,TUR,2080,11617.786917213722
region_grassland,TKM,2080,25979.43340837097
region_grassland,PRT,2080,478.58230066624276
region_grassland,AZE,2080,2353.4256813931775
region_grassland,GRC,2080,1399.6111669199342
region_grassland,ARM,2080,663.0702144383349
region_grassland,TJK,2080,3045.422731896354
region_grassland,IRN,2080,23107.73585295604
region_grassland,AFG,2080,15742.982813511564
region_grassland,KOR,2080,73.93662866597559
region_grassland,DZA,2080,41832.86619567506
region_grassland,TUN,2080,7647.881120060136
region_grassland,SYR,2080,7077.2590131372135
region_grassland,IRQ,2080,4817.505953954923
region_grassland,PAK,2080,2734.3051803068224
region_grassland,MLT,2080,0.0
region_grassland,MAR,2080,31246.64362178183
region_grassland,CYP,2080,0.059846350420175755
region_grassland,IND,2080,14033.092431031913
region_grassland,LBN,2080,357.36243116915597
region_grassland,LBY,2080,20532.900580828064
region_grassland,ISR,2080,113.34042519083164
region_grassland,JOR,2080,914.6601953580877
region_grassland,MEX,2080,79745.23456944327
region_grassland,BMU,2080,0.0
region_grassland,PSE,2080,48.791876536066106
region_grassland,EGY,2080,53.77962027590625
region_grassland,SAU,2080,131281.70479047234
region_grassland,NPL,2080,870.7793470679782
region_grassland,KWT,2080,174.37341412624423
region_grassland,MMR,2080,8321.636696088677
region_grassland,BTN,2080,122.81620101176692
region_grassland,BHS,2080,1.934975530215258
region_grassland,ESH,2080,10.06766859450372
region_grassland,MRT,2080,46039.00406789716
region_grassland,BHR,2080,0.5831617534064911
region_grassland,QAT,2080,39.201837714858904
region_grassland,OMN,2080,992.2282868039201
region_grassland,ARE,2080,305.855811151547
region_grassland,BGD,2080,219.13791885933676
region_grassland,TWN,2080,227.02939596546
region_grassland,MLI,2080,52726.37966167026
region_grassland,CUB,2080,3308.041611371773
region_grassland,NER,2080,34180.239157621676
region_grassland,TCD,2080,60832.86142216291
region_grassland,VNM,2080,1070.945397060922
region_grassland,LAO,2080,1078.8357896383386
region_grassland,HKG,2080,0.08609429454263134
region_grassland,TCA,2080,0.0
region_grassland,SDN,2080,84891.42629747603
region_grassland,PHL,2080,1963.511326850884
region_grassland,HTI,2080,601.9182334857016
region_grassland,THA,2080,1388.6230137149469
region_grassland,CYM,2080,0.0
region_grassland,DOM,2080,1473.822454048875
region_grassland,JAM,2080,216.86639184913136
region_grassland,PRI,2080,211.32535337735177
region_grassland,VGB,2080,0.0
region_grassland,YEM,2080,26033.084603617073
region_grassland,MNP,2080,0.0
region_grassland,BLZ,2080,45.039874741724425
region_grassland,VIR,2080,3.1940352255546074
region_grassland,GTM,2080,2469.847871770212
region_grassland,ATG,2080,3.8980667510144316
region_grassland,ERI,2080,10482.326557380553
region_grassland,KNA,2080,1.5854803334879255
region_grassland,CPV,2080,18.855293459636158
region_grassland,HND,2080,1870.8692344123986
region_grassland,SEN,2080,12906.183380947334
region_grassland,DMA,2080,7.17168379485848
region_grassland,NIC,2080,3807.6901924716253
region_grassland,BFA,2080,13985.088974569004
region_grassland,MHL,2080,0.0
region_grassland,SLV,2080,86.8216789121912
region_grassland,LCA,2080,5.192615558632481
region_grassland,ETH,2080,47873.3416516453
region_grassland,KHM,2080,1755.2783880955615
region_grassland,GMB,2080,342.18883421287023
region_grassland,NGA,2080,44729.18326770954
region_grassland,GUM,2080,0.0
region_grassland,COL,2080,39195.65873097993
region_grassland,VCT,2080,1.9005274033270383
region_grassland,BRB,2080,2.5397519073153125
region_grassland,ABW,2080,0.0
region_grassland,GRD,2080,1.1137831561033167
region_grassland,CMR,2080,5809.270849294766
region_grassland,DJI,2080,1996.6233003660982
region_grassland,VEN,2080,21566.38988390513
region_grassland,GNB,2080,365.58314298121854
region_grassland,GIN,2080,20587.914008152427
region_grassland,BEN,2080,2077.441067334411
region_grassland,SSD,2080,50705.38212392699
region_grassland,SOM,2080,57906.83657245236
region_grassland,TTO,2080,7.4555470554678385
region_grassland,CRI,2080,1436.7147211547458
region_grassland,GHA,2080,14944.224942452309
region_grassland,TGO,2080,2448.77845447706
region_grassland,CAF,2080,7415.612525103207
region_grassland,CIV,2080,24355.688913358284
region_grassland,PAN,2080,1841.912803202052
region_grassland,SLE,2080,5355.5927954018025
region_grassland,LKA,2080,211.78276141462402
region_grassland,FSM,2080,0.0
region_grassland,GUY,2080,600.8721112352689
region_grassland,LBR,2080,2227.2462111696905
region_grassland,PLW,2080,0.0
region_grassland,MYS,2080,424.771710887317
region_grassland,MDV,2080,0.0
region_grassland,SUR,2080,14.572813106463688
region_grassland,IDN,2080,15056.814990669847
region_grassland,COD,2080,39889.12649296062
region_grassland,BRN,2080,3.830104659549396
region_grassland,BRA,2080,145167.9155115402
region_grassland,KEN,2080,43062.22753814551
region_grassland,KIR,2080,0.0
region_grassland,GNQ,2080,50.42603554424241
region_grassland,UGA,2080,8082.931102324408
region_grassland,COG,2080,15121.132117994403
region_grassland,GAB,2080,3277.635139996717
region_grassland,STP,2080,1.901505837066562
region_grassland,ECU,2080,4178.307673679093
region_grassland,SGP,2080,3.060605641400255
region_grassland,PER,2080,18423.353792500206
region_grassland,NRU,2080,0.0
region_grassland,RWA,2080,796.8631871528721
region_grassland,TZA,2080,50845.39429909966
region_grassland,PNG,2080,80.74701032412736
region_grassland,BDI,2080,1388.4056732187858
region_grassland,SYC,2080,0.0
region_grassland,AGO,2080,74895.79196625653
region_grassland,SLB,2080,2.4588206667786126
region_grassland,PYF,2080,0.0
region_grassland,ZMB,2080,40031.05010951552
region_grassland,TLS,2080,208.43533390717275
region_grassland,TUV,2080,0.0
region_grassland,MWI,2080,4416.157294612561
region_grassland,BOL,2080,35300.00776224886
region_grassland,MOZ,2080,56712.59952227818
region_grassland,AUS,2080,444215.51505329413
region_grassland,COM,2080,0.7479832426384256
region_grassland,MDG,2080,47056.65628608949
region_grassland,FJI,2080,81.12710538516862
region_grassland,WSM,2080,1.9669907690504849
region_grassland,VUT,2080,9.992719632418828
region_grassland,ASM,2080,2.8479270345708914
region_grassland,TON,2080,1.5848767244419653
region_grassland,ZWE,2080,25126.065800462922
region_grassland,NAM,2080,61138.88016525661
region_grassland,CHL,2080,14647.432446791627
region_grassland,BWA,2080,47858.26580094737
region_grassland,PRY,2080,12523.754396338203
region_grassland,MUS,2080,0.3456050914381348
region_grassland,NCL,2080,88.3000215327244
region_grassland,ARG,2080,101491.1075766102
region_grassland,ZAF,2080,100613.09861053317
region_grassland,SWZ,2080,1074.135672389213
region_grassland,LSO,2080,2765.809826585673
region_grassland,NZL,2080,18507.076380059523
region_grassland,URY,2080,13494.914863329213
region_grassland,GRL,2090,0.0
region_grassland,CAN,2090,9190.42497069176
region_grassland,RUS,2090,75298.62611302863
region_grassland,NOR,2090,96.17172871680789
region_grassland,USA,2090,71138.07540658317
region_grassland,FIN,2090,17.782407308682348
region_grassland,SWE,2090,103.62883993430023
region_grassland,ISL,2090,983.5971408694429
region_grassland,FRO,2090,0.0
region_grassland,GBR,2090,2730.218581551214
region_grassland,EST,2090,56.20594211550959
region_grassland,DNK,2090,65.71267559153745
region_grassland,LVA,2090,146.21187870134432
region_grassland,LTU,2090,184.70165391584476
region_grassland,BLR,2090,2526.422561377348
region_grassland,IRL,2090,1012.05581347071
region_grassland,KAZ,2090,154449.3713445022
region_grassland,DEU,2090,1002.0595135895474
region_grassland,POL,2090,901.5211057769277
region_grassland,NLD,2090,169.61459008246152
region_grassland,CHN,2090,168103.90478139726
region_grassland,UKR,2090,5134.129617704492
region_grassland,MNG,2090,111152.46946855116
region_grassland,FRA,2090,2347.823150443674
region_grassland,BEL,2090,158.11837717079467
region_grassland,CZE,2090,203.46013370854274
region_grassland,LUX,2090,15.972983675113442
region_grassland,SVK,2090,143.06726031687055
region_grassland,AUT,2090,326.69786334918814
region_grassland,HUN,2090,244.56975127622482
region_grassland,ROU,2090,2685.3184082171106
region_grassland,MDA,2090,240.975768093271
region_grassland,CHE,2090,500.9330946179955
region_grassland,ITA,2090,1316.7358922912974
region_grassland,SVN,2090,78.28704759834964
region_grassland,HRV,2090,267.54690525861105
region_grassland,SRB,2090,539.0796243684407
region_grassland,JPN,2090,368.27064989403146
region_grassland,UZB,2090,17555.006559537658
region_grassland,BIH,2090,506.0166118279844
region_grassland,ESP,2090,2764.4387730041667
region_grassland,BGR,2090,988.8867770716408
region_grassland,MNE,2090,107.12808255937081
region_grassland,GEO,2090,1236.0821566885993
region_grassland,XKX,2090,243.53140609624467
region_grassland,KGZ,2090,7226.55480675503
region_grassland,PRK,2090,172.82713779942605
region_grassland,ALB,2090,256.92983535347673
region_grassland,MKD,2090,365.6614846446228
region_grassland,TUR,2090,11160.068420571217
region_grassland,TKM,2090,25984.21841500827
region_grassland,PRT,2090,409.9345372598568
region_grassland,AZE,2090,2365.489396708125
region_grassland,GRC,2090,1206.1980058152028
region_grassland,ARM,2090,655.6521895303346
region_grassland,TJK,2090,3045.6108461457197
region_grassland,IRN,2090,24336.707984960332
region_grassland,AFG,2090,13165.239371733951
region_grassland,KOR,2090,76.94765389189156
region_grassland,DZA,2090,40880.53443718278
region_grassland,TUN,2090,7439.515047688813
region_grassland,SYR,2090,7263.645097437497
region_grassland,IRQ,2090,5175.781947036104
region_grassland,PAK,2090,2290.2847980763318
region_grassland,MLT,2090,0.0
region_grassland,MAR,2090,30542.920529175826
region_grassland,CYP,2090,0.051477802478952464
region_grassland,IND,2090,14451.775864283842
region_grassland,LBN,2090,385.72011110105353
region_grassland,LBY,2090,20053.140687598774
region_grassland,ISR,2090,122.34686797965144
region_grassland,JOR,2090,942.4227804922031
region_grassland,MEX,2090,76763.84263257807
region_grassland,BMU,2090,0.0
region_grassland,PSE,2090,52.73652583579128
region_grassland,EGY,2090,53.24063326445522
region_grassland,SAU,2090,131964.72449191008
region_grassland,NPL,2090,739.576180524791
region_grassland,KWT,2090,188.3372296001375
region_grassland,MMR,2090,8714.239493353682
region_grassland,BTN,2090,101.67640875186319
region_grassland,BHS,2090,1.8638050771746808
region_grassland,ESH,2090,10.067379962537872
region_grassland,MRT,2090,46023.34678413824
region_grassland,BHR,2090,0.5831617534064911
region_grassland,QAT,2090,41.045010975717624
region_grassland,OMN,2090,1067.278924130422
region_grassland,ARE,2090,327.5869704000986
region_grassland,BGD,2090,175.9651800986131
region_grassland,TWN,2090,232.04070164335144
region_grassland,MLI,2090,52721.142091583
region_grassland,CUB,2090,3184.46629326649
region_grassland,NER,2090,34167.549521847126
region_grassland,TCD,2090,60828.73589967669
region_grassland,VNM,2090,1113.0915788986676
region_grassland,LAO,2090,1132.1785736125087
region_grassland,HKG,2090,0.08609429454263134
region_grassland,TCA,2090,0.0
region_grassland,SDN,2090,84878.65345346645
region_grassland,PHL,2090,2029.0064329032612
region_grassland,HTI,2090,579.4328763188113
region_grassland,THA,2090,1453.7973326291844
region_grassland,CYM,2090,0.0
region_grassland,DOM,2090,1418.765917285788
region_grassland,JAM,2090,208.76510788953107
region_grassland,PRI,2090,203.43129938417727
region_grassland,VGB,2090,0.0
region_grassland,YEM,2090,26446.563644007067
region_grassland,MNP,2090,0.0
region_grassland,BLZ,2090,43.357045624417545
region_grassland,VIR,2090,3.07483295945408
region_grassland,GTM,2090,2377.5842261092616
region_grassland,ATG,2090,3.752284177991501
region_grassland,ERI,2090,10468.761491302146
region_grassland,KNA,2090,1.5261576614981058
region_grassland,CPV,2090,18.855293459636158
region_grassland,HND,2090,1800.9813168463952
region_grassland,SEN,2090,12901.244443702517
region_grassland,DMA,2090,6.833689229979887
region_grassland,NIC,2090,3665.4508097435887
region_grassland,BFA,2090,13981.422059738677
region_grassland,MHL,2090,0.0
region_grassland,SLV,2090,83.57818163419563
region_grassland,LCA,2090,4.9702985863597915
region_grassland,ETH,2090,47867.3440592847
region_grassland,KHM,2090,1840.9459709870732
region_grassland,GMB,2090,342.1781805790972
region_grassland,NGA,2090,44704.96629312786
region_grassland,GUM,2090,0.0
region_grassland,COL,2090,37731.118695067395
region_grassland,VCT,2090,1.82953589776331
region_grassland,BRB,2090,2.444695399734601
region_grassland,ABW,2090,0.0
region_grassland,GRD,2090,1.072106853860278
region_grassland,CMR,2090,5809.093536442028
region_grassland,DJI,2090,1996.399030402365
region_grassland,VEN,2090,20760.295938068335
region_grassland,GNB,2090,365.57205246226914
region_grassland,GIN,2090,20576.158049582482
region_grassland,BEN,2090,2077.377709530728
region_grassland,SSD,2090,50703.55437681277
region_grassland,SOM,2090,57822.919555074026
region_grassland,TTO,2090,7.177107713069127
region_grassland,CRI,2090,1383.0449202764132
region_grassland,GHA,2090,14910.148990845408
region_grassland,TGO,2090,2448.702409022963
region_grassland,CAF,2090,7415.385780805178
region_grassland,CIV,2090,24347.08837258642
region_grassland,PAN,2090,1773.1060482688022
region_grassland,SLE,2090,5347.0322118102595
region_grassland,LKA,2090,174.9148764745198
region_grassland,FSM,2090,0.0
region_grassland,GUY,2090,561.740220249958
region_grassland,LBR,2090,2227.1780849184456
region_grassland,PLW,2090,0.0
region_grassland,MYS,2090,442.43620176185334
region_grassland,MDV,2090,0.0
region_grassland,SUR,2090,13.990824261760242
region_grassland,IDN,2090,15497.912123425405
region_grassland,COD,2090,39878.02705925981
region_grassland,BRN,2090,3.713688814301748
region_grassland,BRA,2090,93651.5389911402
region_grassland,KEN,2090,43030.731698607866
region_grassland,KIR,2090,0.0
region_grassland,GNQ,2090,50.4245198652683
region_grassland,UGA,2090,8014.4322496189525
region_grassland,COG,2090,15113.31256523624
region_grassland,GAB,2090,3277.534840014638
region_grassland,STP,2090,1.901505837066562
region_grassland,ECU,2090,4022.2224181079296
region_grassland,SGP,2090,3.060605641400255
region_grassland,PER,2090,17735.020849981804
region_grassland,NRU,2090,0.0
region_grassland,RWA,2090,795.7912250257925
region_grassland,TZA,2090,50831.627748175655
region_grassland,PNG,2090,66.86392694974003
region_grassland,BDI,2090,1373.4606176540128
region_grassland,SYC,2090,0.0
region_grassland,AGO,2090,74885.18248265462
region_grassland,SLB,2090,2.035222678306888
region_grassland,PYF,2090,0.0
region_grassland,ZMB,2090,40021.2263556074
region_grassland,TLS,2090,217.10312146217177
region_grassland,TUV,2090,0.0
region_grassland,MWI,2090,4358.581417517366
region_grassland,BOL,2090,33981.34120095464
region_grassland,MOZ,2090,56696.5149200259
region_grassland,AUS,2090,449530.2444549068
region_grassland,COM,2090,0.7479832426384256
region_grassland,MDG,2090,47051.83828037673
region_grassland,FJI,2090,67.16388154896339
region_grassland,WSM,2090,1.628454674272338
region_grassland,VUT,2090,8.272908493239846
region_grassland,ASM,2090,2.3575972380787125
region_grassland,TON,2090,1.3028871154674788
region_grassland,ZWE,2090,25119.14347575398
region_grassland,NAM,2090,61125.36673791897
region_grassland,CHL,2090,14099.922301064234
region_grassland,BWA,2090,47851.93223836436
region_grassland,PRY,2090,12007.442642058075
region_grassland,MUS,2090,0.3456050914381348
region_grassland,NCL,2090,73.10151171048496
region_grassland,ARG,2090,97698.43115772624
region_grassland,ZAF,2090,100394.54670558861
region_grassland,SWZ,2090,1071.1490978111424
region_grassland,LSO,2090,2759.498252674627
region_grassland,NZL,2090,18507.207680247957
region_grassland,URY,2090,12935.315889136258
region_grassland,GRL,2100,0.0
region_grassland,CAN,2100,8521.033636512602
region_grassland,RUS,2100,72794.89984821249
region_grassland,NOR,2100,99.71286463416132
region_grassland,USA,2100,55935.35250814584
region_grassland,FIN,2100,16.0634539070128
region_grassland,SWE,2100,89.52836684717478
region_grassland,ISL,2100,1021.0949561055863
region_grassland,FRO,2100,0.0
region_grassland,GBR,2100,2333.171176615359
region_grassland,EST,2100,48.746819664759514
region_grassland,DNK,2100,56.73091503518805
region_grassland,LVA,2100,127.19891863332997
region_grassland,LTU,2100,160.98982918722808
region_grassland,BLR,2100,2411.5243465680674
region_grassland,IRL,2100,874.7745663850127
region_grassland,KAZ,2100,149218.95027576276
region_grassland,DEU,2100,856.4794779499914
region_grassland,POL,2100,778.2702389005685
region_grassland,NLD,2100,140.69820421139082
region_grassland,CHN,2100,205563.93271861656
region_grassland,UKR,2100,4937.830086908234
region_grassland,MNG,2100,110366.08732531729
region_grassland,FRA,2100,2026.4548565998248
region_grassland,BEL,2100,131.29506282055252
region_grassland,CZE,2100,175.36630233744987
region_grassland,LUX,2100,13.456251720304612
region_grassland,SVK,2100,123.38579964061203
region_grassland,AUT,2100,283.33556780633666
region_grassland,HUN,2100,215.97119334638228
region_grassland,ROU,2100,2781.860384632525
region_grassland,MDA,2100,233.8294071656958
region_grassland,CHE,2100,522.4589052272656
region_grassland,ITA,2100,1142.8087117460577
region_grassland,SVN,2100,69.27800611314615
region_grassland,HRV,2100,278.0177983377711
region_grassland,SRB,2100,564.4067177019704
region_grassland,JPN,2100,347.0488197591015
region_grassland,UZB,2100,16940.85794272746
region_grassland,BIH,2100,528.9751972840522
region_grassland,ESP,2100,2390.266702001946
region_grassland,BGR,2100,1033.1312119145923
region_grassland,MNE,2100,111.60135931831206
region_grassland,GEO,2100,1184.0056558539472
region_grassland,XKX,2100,294.32516957691007
region_grassland,KGZ,2100,6996.982028083762
region_grassland,PRK,2100,174.8824357085953
region_grassland,ALB,2100,267.68718908509413
region_grassland,MKD,2100,381.04202099604987
region_grassland,TUR,2100,10664.017975907642
region_grassland,TKM,2100,25121.399991260132
region_grassland,PRT,2100,354.47616545356516
region_grassland,AZE,2100,2314.5506318359808
region_grassland,GRC,2100,1054.4523451306284
region_grassland,ARM,2100,626.6324156855303
region_grassland,TJK,2100,2949.2008847240627
region_grassland,IRN,2100,27847.56906223466
region_grassland,AFG,2100,12403.501347596168
region_grassland,KOR,2100,76.15336507315978
region_grassland,DZA,2100,40115.84567731213
region_grassland,TUN,2100,7293.305260482882
region_grassland,SYR,2100,7561.908872124869
region_grassland,IRQ,2100,6191.130524499098
region_grassland,PAK,2100,2158.029661694757
region_grassland,MLT,2100,0.0
region_grassland,MAR,2100,29974.468991746966
region_grassland,CYP,2100,0.044631230319787704
region_grassland,IND,2100,14882.624825677842
region_grassland,LBN,2100,466.6823266680916
region_grassland,LBY,2100,19679.834831164866
region_grassland,ISR,2100,150.50462218403396
region_grassland,JOR,2100,1037.7173416216328
region_grassland,MEX,2100,72440.29683829426
region_grassland,BMU,2100,0.0
region_grassland,PSE,2100,65.06475359072888
region_grassland,EGY,2100,53.78557886522204
region_grassland,SAU,2100,132988.8945418485
region_grassland,NPL,2100,715.2866396660595
region_grassland,KWT,2100,231.98030494243724
region_grassland,MMR,2100,8655.518063372054
region_grassland,BTN,2100,95.38836320089703
region_grassland,BHS,2100,1.7580413060397222
region_grassland,ESH,2100,9.78338649478891
region_grassland,MRT,2100,44711.78747525084
region_grassland,BHR,2100,0.5831617534064911
region_grassland,QAT,2100,46.80505898287563
region_grassland,OMN,2100,1301.8386531354108
region_grassland,ARE,2100,395.5058711181046
region_grassland,BGD,2100,162.72797399205513
region_grassland,TWN,2100,269.7898426805716
region_grassland,MLI,2100,51233.248592974865
region_grassland,CUB,2100,3005.2555706808953
region_grassland,NER,2100,33203.16089405539
region_grassland,TCD,2100,59112.0220841606
region_grassland,VNM,2100,1103.5045127492608
region_grassland,LAO,2100,1128.2779060229996
region_grassland,HKG,2100,0.08609429454263134
region_grassland,TCA,2100,0.0
region_grassland,SDN,2100,82483.20347081557
region_grassland,PHL,2100,2012.1728455087346
region_grassland,HTI,2100,546.824575123099
region_grassland,THA,2100,1440.8536359431682
region_grassland,CYM,2100,0.0
region_grassland,DOM,2100,1338.922578165972
region_grassland,JAM,2100,197.01620630066668
region_grassland,PRI,2100,191.98305817791672
region_grassland,VGB,2100,0.0
region_grassland,YEM,2100,27214.400302368726
region_grassland,MNP,2100,0.0
region_grassland,BLZ,2100,40.91716570337951
region_grassland,VIR,2100,2.9017688068429734
region_grassland,GTM,2100,2243.7822068106966
region_grassland,ATG,2100,3.5412823614972178
region_grassland,ERI,2100,10166.414343782073
region_grassland,KNA,2100,1.4402725211172962
region_grassland,CPV,2100,18.323194662115554
region_grassland,HND,2100,1699.6286329628049
region_grassland,SEN,2100,12537.146637284057
region_grassland,DMA,2100,6.404630592931899
region_grassland,NIC,2100,3459.1737126056405
region_grassland,BFA,2100,13586.837931509966
region_grassland,MHL,2100,0.0
region_grassland,SLV,2100,78.87455007236125
region_grassland,LCA,2100,4.6721707955638045
region_grassland,ETH,2100,46516.37872295763
region_grassland,KHM,2100,1826.9412729375608
region_grassland,GMB,2100,332.5214759877794
region_grassland,NGA,2100,43442.19840987514
region_grassland,GUM,2100,0.0
region_grassland,COL,2100,35607.51841036523
region_grassland,VCT,2100,1.7266582654025555
region_grassland,BRB,2100,2.3072245961835574
region_grassland,ABW,2100,0.0
region_grassland,GRD,2100,1.0117065004090655
region_grassland,CMR,2100,5645.149125312665
region_grassland,DJI,2100,1940.1673188148593
region_grassland,VEN,2100,19591.673174318283
region_grassland,GNB,2100,355.2547840814133
region_grassland,GIN,2100,19995.456614985196
region_grassland,BEN,2100,2018.7495662047756
region_grassland,SSD,2100,49272.59358860867
region_grassland,SOM,2100,56135.54782589554
region_grassland,TTO,2100,6.772823644573351
region_grassland,CRI,2100,1305.2113956720393
region_grassland,GHA,2100,14457.167016285293
region_grassland,TGO,2100,2379.595477181864
region_grassland,CAF,2100,7206.110014083939
region_grassland,CIV,2100,23659.960856127887
region_grassland,PAN,2100,1673.322424875793
region_grassland,SLE,2100,5196.128619071147
region_grassland,LKA,2100,163.10452506113853
region_grassland,FSM,2100,0.0
region_grassland,GUY,2100,518.9932268728367
region_grassland,LBR,2100,2164.3215772254553
region_grassland,PLW,2100,0.0
region_grassland,MYS,2100,438.3969984887858
region_grassland,MDV,2100,0.0
region_grassland,SUR,2100,13.17858981803878
region_grassland,IDN,2100,15226.333712407148
region_grassland,COD,2100,38726.34866430632
region_grassland,BRN,2100,3.6268375118039007
region_grassland,BRA,2100,57623.7766449545
region_grassland,KEN,2100,41762.87785956361
region_grassland,KIR,2100,0.0
region_grassland,GNQ,2100,49.00138107786092
region_grassland,UGA,2100,7709.6836653142145
region_grassland,COG,2100,14686.784703018298
region_grassland,GAB,2100,3185.0344590383793
region_grassland,STP,2100,1.8477421666098364
region_grassland,ECU,2100,3795.8644865894576
region_grassland,SGP,2100,3.03743317544344
region_grassland,PER,2100,16736.87501256969
region_grassland,NRU,2100,0.0
region_grassland,RWA,2100,773.1867631367885
region_grassland,TZA,2100,49368.41228115109
region_grassland,PNG,2100,62.73591659961154
region_grassland,BDI,2100,1326.6080023353668
region_grassland,SYC,2100,0.0
region_grassland,AGO,2100,72771.76463402738
region_grassland,SLB,2100,1.9093958821998291
region_grassland,PYF,2100,0.0
region_grassland,ZMB,2100,38891.74994428778
region_grassland,TLS,2100,215.45136219574883
region_grassland,TUV,2100,0.0
region_grassland,MWI,2100,4228.447940639993
region_grassland,BOL,2100,32068.989683025502
region_grassland,MOZ,2100,55096.41906750611
region_grassland,AUS,2100,450976.40033913887
region_grassland,COM,2100,0.7270704502356159
region_grassland,MDG,2100,45716.07788272893
region_grassland,FJI,2100,63.01129002960188
region_grassland,WSM,2100,1.5279140124341424
region_grassland,VUT,2100,7.760746464860896
region_grassland,ASM,2100,2.2117262750908466
region_grassland,TON,2100,1.2221882968175388
region_grassland,ZWE,2100,24410.22563117332
region_grassland,NAM,2100,59400.27909515561
region_grassland,CHL,2100,13306.429586588461
region_grassland,BWA,2100,46501.45272616407
region_grassland,PRY,2100,11299.358199813572
region_grassland,MUS,2100,0.3357472205029546
region_grassland,NCL,2100,68.58089576142345
region_grassland,ARG,2100,92198.2586784956
region_grassland,ZAF,2100,97555.7069261854
region_grassland,SWZ,2100,1040.9188230987463
region_grassland,LSO,2100,2681.6205379110684
region_grassland,NZL,2100,18510.246788218257
region_grassland,URY,2100,12170.337569636893
