Rall,I,J
XE25,40,415
XE25,40,416
XE25,41,412
XE25,41,413
XE25,41,414
XE25,41,415
XE25,41,416
XE25,41,417
XE25,41,418
XE25,41,419
XE25,42,401
XE25,42,402
XE25,42,403
XE25,42,404
XE25,42,405
XE25,42,412
XE25,42,413
XE25,42,414
XE25,42,415
XE25,42,416
XE25,42,417
XE25,42,418
XE25,42,419
XE25,43,397
XE25,43,398
XE25,43,399
XE25,43,401
XE25,43,402
XE25,43,403
XE25,43,404
XE25,43,405
XE25,43,406
XE25,43,407
XE25,43,408
XE25,43,409
XE25,43,410
XE25,43,411
XE25,43,412
XE25,43,413
XE25,43,414
XE25,43,415
XE25,43,416
XE25,43,417
XE25,43,418
XE25,44,395
XE25,44,396
XE25,44,397
XE25,44,398
XE25,44,399
XE25,44,400
XE25,44,401
XE25,44,402
XE25,44,403
XE25,44,404
XE25,44,405
XE25,44,406
XE25,44,407
XE25,44,408
XE25,44,409
XE25,44,410
XE25,44,411
XE25,44,412
XE25,44,413
XE25,44,414
XE25,44,415
XE25,44,416
XE25,44,417
XE25,44,418
XE25,44,419
XE25,45,393
XE25,45,394
XE25,45,395
XE25,45,396
XE25,45,397
XE25,45,398
XE25,45,399
XE25,45,400
XE25,45,401
XE25,45,402
XE25,45,403
XE25,45,404
XE25,45,405
XE25,45,406
XE25,45,407
XE25,45,408
XE25,45,409
XE25,45,410
XE25,45,411
XE25,45,412
XE25,45,413
XE25,45,414
XE25,45,415
XE25,45,416
XE25,45,417
XE25,45,418
XE25,45,419
XE25,45,420
XE25,46,393
XE25,46,394
XE25,46,395
XE25,46,396
XE25,46,397
XE25,46,398
XE25,46,399
XE25,46,400
XE25,46,401
XE25,46,402
XE25,46,403
XE25,46,404
XE25,46,405
XE25,46,406
XE25,46,407
XE25,46,408
XE25,46,409
XE25,46,410
XE25,46,411
XE25,46,412
XE25,46,413
XE25,46,414
XE25,46,415
XE25,46,416
XE25,46,417
XE25,46,418
XE25,46,419
XE25,46,420
XE25,47,391
XE25,47,392
XE25,47,393
XE25,47,394
XE25,47,395
XE25,47,396
XE25,47,397
XE25,47,398
XE25,47,399
XE25,47,400
XE25,47,401
XE25,47,402
XE25,47,403
XE25,47,404
XE25,47,405
XE25,47,406
XE25,47,407
XE25,47,408
XE25,47,409
XE25,47,410
XE25,47,411
XE25,47,412
XE25,47,413
XE25,47,414
XE25,47,415
XE25,47,416
XE25,47,417
XE25,47,418
XE25,47,419
XE25,47,420
XE25,48,390
XE25,48,391
XE25,48,392
XE25,48,393
XE25,48,394
XE25,48,395
XE25,48,396
XE25,48,397
XE25,48,398
XE25,48,399
XE25,48,400
XE25,48,401
XE25,48,402
XE25,48,403
XE25,48,404
XE25,48,405
XE25,48,406
XE25,48,407
XE25,48,408
XE25,48,409
XE25,48,410
XE25,48,411
XE25,48,412
XE25,48,413
XE25,48,414
XE25,48,415
XE25,48,416
XE25,48,417
XE25,48,418
XE25,48,419
XE25,48,420
XE25,49,390
XE25,49,391
XE25,49,392
XE25,49,393
XE25,49,394
XE25,49,395
XE25,49,396
XE25,49,397
XE25,49,398
XE25,49,399
XE25,49,400
XE25,49,401
XE25,49,402
XE25,49,403
XE25,49,404
XE25,49,405
XE25,49,406
XE25,49,407
XE25,49,408
XE25,49,409
XE25,49,410
XE25,49,411
XE25,49,412
XE25,49,413
XE25,49,414
XE25,49,415
XE25,49,416
XE25,49,417
XE25,49,418
XE25,49,419
XE25,49,420
XE25,49,421
XE25,50,389
XE25,50,390
XE25,50,391
XE25,50,392
XE25,50,393
XE25,50,394
XE25,50,395
XE25,50,396
XE25,50,397
XE25,50,398
XE25,50,399
XE25,50,400
XE25,50,401
XE25,50,402
XE25,50,403
XE25,50,404
XE25,50,405
XE25,50,410
XE25,50,411
XE25,50,412
XE25,50,413
XE25,50,414
XE25,50,415
XE25,50,416
XE25,50,417
XE25,50,418
XE25,50,419
XE25,50,420
XE25,51,388
XE25,51,389
XE25,51,390
XE25,51,391
XE25,51,392
XE25,51,393
XE25,51,394
XE25,51,395
XE25,51,396
XE25,51,397
XE25,51,398
XE25,51,399
XE25,51,400
XE25,51,401
XE25,51,402
XE25,51,403
XE25,51,409
XE25,51,410
XE25,51,411
XE25,51,412
XE25,51,413
XE25,51,414
XE25,51,415
XE25,51,416
XE25,51,417
XE25,51,418
XE25,51,419
XE25,51,420
XE25,51,421
XE25,52,386
XE25,52,387
XE25,52,388
XE25,52,389
XE25,52,390
XE25,52,391
XE25,52,392
XE25,52,393
XE25,52,394
XE25,52,395
XE25,52,396
XE25,52,397
XE25,52,398
XE25,52,399
XE25,52,400
XE25,52,401
XE25,52,402
XE25,52,403
XE25,52,404
XE25,52,407
XE25,52,408
XE25,52,409
XE25,52,410
XE25,52,411
XE25,52,412
XE25,52,413
XE25,52,414
XE25,52,415
XE25,52,416
XE25,52,417
XE25,52,418
XE25,52,419
XE25,52,420
XE25,52,421
XE25,52,422
XE25,53,385
XE25,53,386
XE25,53,387
XE25,53,388
XE25,53,389
XE25,53,390
XE25,53,391
XE25,53,392
XE25,53,393
XE25,53,394
XE25,53,395
XE25,53,396
XE25,53,397
XE25,53,398
XE25,53,399
XE25,53,400
XE25,53,401
XE25,53,402
XE25,53,405
XE25,53,406
XE25,53,407
XE25,53,408
XE25,53,409
XE25,53,410
XE25,53,411
XE25,53,412
XE25,53,413
XE25,53,414
XE25,53,415
XE25,53,416
XE25,53,417
XE25,53,418
XE25,53,419
XE25,53,420
XE25,53,421
XE25,54,385
XE25,54,386
XE25,54,387
XE25,54,388
XE25,54,389
XE25,54,390
XE25,54,391
XE25,54,392
XE25,54,393
XE25,54,394
XE25,54,395
XE25,54,396
XE25,54,397
XE25,54,398
XE25,54,399
XE25,54,400
XE25,54,403
XE25,54,404
XE25,54,405
XE25,54,406
XE25,54,407
XE25,54,408
XE25,54,409
XE25,54,410
XE25,54,411
XE25,54,412
XE25,54,413
XE25,54,414
XE25,54,415
XE25,54,416
XE25,54,417
XE25,54,418
XE25,54,419
XE25,54,420
XE25,54,421
XE25,54,422
XE25,54,423
XE25,55,385
XE25,55,386
XE25,55,387
XE25,55,388
XE25,55,389
XE25,55,390
XE25,55,391
XE25,55,392
XE25,55,393
XE25,55,394
XE25,55,395
XE25,55,396
XE25,55,397
XE25,55,398
XE25,55,403
XE25,55,404
XE25,55,405
XE25,55,406
XE25,55,407
XE25,55,408
XE25,55,409
XE25,55,410
XE25,55,411
XE25,55,412
XE25,55,413
XE25,55,414
XE25,55,415
XE25,55,416
XE25,55,417
XE25,55,418
XE25,55,419
XE25,55,420
XE25,55,421
XE25,55,422
XE25,55,423
XE25,55,424
XE25,56,385
XE25,56,386
XE25,56,387
XE25,56,388
XE25,56,389
XE25,56,390
XE25,56,391
XE25,56,392
XE25,56,393
XE25,56,394
XE25,56,395
XE25,56,396
XE25,56,403
XE25,56,404
XE25,56,405
XE25,56,406
XE25,56,407
XE25,56,408
XE25,56,409
XE25,56,410
XE25,56,411
XE25,56,412
XE25,56,413
XE25,56,414
XE25,56,415
XE25,56,416
XE25,56,417
XE25,56,418
XE25,56,419
XE25,56,420
XE25,56,421
XE25,56,422
XE25,56,423
XE25,57,385
XE25,57,386
XE25,57,387
XE25,57,388
XE25,57,389
XE25,57,390
XE25,57,391
XE25,57,392
XE25,57,393
XE25,57,394
XE25,57,395
XE25,57,396
XE25,57,403
XE25,57,404
XE25,57,405
XE25,57,406
XE25,57,407
XE25,57,408
XE25,57,409
XE25,57,410
XE25,57,411
XE25,57,412
XE25,57,413
XE25,57,414
XE25,57,415
XE25,57,416
XE25,57,417
XE25,57,418
XE25,57,419
XE25,57,420
XE25,57,421
XE25,58,385
XE25,58,386
XE25,58,387
XE25,58,388
XE25,58,389
XE25,58,390
XE25,58,391
XE25,58,392
XE25,58,393
XE25,58,394
XE25,58,395
XE25,58,403
XE25,58,404
XE25,58,405
XE25,58,406
XE25,58,407
XE25,58,408
XE25,58,409
XE25,58,410
XE25,58,411
XE25,58,412
XE25,58,413
XE25,58,414
XE25,58,415
XE25,58,416
XE25,58,417
XE25,58,418
XE25,58,419
XE25,59,357
XE25,59,358
XE25,59,359
XE25,59,385
XE25,59,386
XE25,59,387
XE25,59,388
XE25,59,389
XE25,59,390
XE25,59,391
XE25,59,392
XE25,59,393
XE25,59,394
XE25,59,395
XE25,59,396
XE25,59,397
XE25,59,403
XE25,59,404
XE25,59,405
XE25,59,406
XE25,59,407
XE25,59,408
XE25,59,409
XE25,59,410
XE25,59,411
XE25,59,412
XE25,59,413
XE25,59,414
XE25,59,415
XE25,59,416
XE25,59,417
XE25,59,418
XE25,60,356
XE25,60,357
XE25,60,358
XE25,60,359
XE25,60,385
XE25,60,386
XE25,60,387
XE25,60,388
XE25,60,389
XE25,60,390
XE25,60,391
XE25,60,392
XE25,60,393
XE25,60,394
XE25,60,395
XE25,60,396
XE25,60,397
XE25,60,398
XE25,60,403
XE25,60,404
XE25,60,405
XE25,60,406
XE25,60,407
XE25,60,408
XE25,60,409
XE25,60,410
XE25,60,411
XE25,60,412
XE25,60,413
XE25,60,414
XE25,61,358
XE25,61,384
XE25,61,385
XE25,61,386
XE25,61,387
XE25,61,388
XE25,61,389
XE25,61,390
XE25,61,391
XE25,61,392
XE25,61,393
XE25,61,394
XE25,61,395
XE25,61,396
XE25,61,397
XE25,61,398
XE25,61,399
XE25,61,407
XE25,61,410
XE25,61,411
XE25,61,412
XE25,61,413
XE25,61,414
XE25,62,354
XE25,62,355
XE25,62,356
XE25,62,383
XE25,62,384
XE25,62,385
XE25,62,386
XE25,62,387
XE25,62,388
XE25,62,389
XE25,62,390
XE25,62,391
XE25,62,392
XE25,62,393
XE25,62,394
XE25,62,395
XE25,62,396
XE25,62,397
XE25,62,398
XE25,62,406
XE25,62,407
XE25,62,408
XE25,62,409
XE25,62,410
XE25,62,411
XE25,62,412
XE25,62,413
XE25,62,414
XE25,62,415
XE25,62,416
XE25,62,417
XE25,63,348
XE25,63,350
XE25,63,351
XE25,63,352
XE25,63,353
XE25,63,354
XE25,63,355
XE25,63,383
XE25,63,384
XE25,63,385
XE25,63,386
XE25,63,387
XE25,63,388
XE25,63,389
XE25,63,390
XE25,63,391
XE25,63,392
XE25,63,393
XE25,63,394
XE25,63,395
XE25,63,396
XE25,63,397
XE25,63,404
XE25,63,405
XE25,63,406
XE25,63,407
XE25,63,408
XE25,63,409
XE25,63,410
XE25,63,411
XE25,63,412
XE25,63,413
XE25,63,414
XE25,63,415
XE25,63,416
XE25,64,346
XE25,64,347
XE25,64,348
XE25,64,350
XE25,64,351
XE25,64,352
XE25,64,353
XE25,64,354
XE25,64,383
XE25,64,384
XE25,64,385
XE25,64,386
XE25,64,387
XE25,64,388
XE25,64,389
XE25,64,390
XE25,64,391
XE25,64,392
XE25,64,393
XE25,64,394
XE25,64,399
XE25,64,404
XE25,64,405
XE25,64,406
XE25,64,407
XE25,64,408
XE25,64,409
XE25,64,410
XE25,64,411
XE25,64,412
XE25,64,413
XE25,64,414
XE25,64,415
XE25,64,416
XE25,65,346
XE25,65,347
XE25,65,348
XE25,65,349
XE25,65,350
XE25,65,351
XE25,65,352
XE25,65,353
XE25,65,354
XE25,65,355
XE25,65,356
XE25,65,357
XE25,65,380
XE25,65,381
XE25,65,382
XE25,65,384
XE25,65,385
XE25,65,386
XE25,65,387
XE25,65,388
XE25,65,389
XE25,65,390
XE25,65,391
XE25,65,392
XE25,65,393
XE25,65,394
XE25,65,397
XE25,65,398
XE25,65,399
XE25,65,404
XE25,65,405
XE25,65,406
XE25,65,407
XE25,65,409
XE25,65,410
XE25,65,411
XE25,65,412
XE25,65,413
XE25,65,414
XE25,65,415
XE25,65,416
XE25,66,346
XE25,66,347
XE25,66,348
XE25,66,349
XE25,66,350
XE25,66,351
XE25,66,352
XE25,66,353
XE25,66,354
XE25,66,355
XE25,66,356
XE25,66,357
XE25,66,377
XE25,66,378
XE25,66,379
XE25,66,380
XE25,66,381
XE25,66,382
XE25,66,383
XE25,66,384
XE25,66,385
XE25,66,386
XE25,66,387
XE25,66,388
XE25,66,389
XE25,66,390
XE25,66,391
XE25,66,392
XE25,66,393
XE25,66,394
XE25,66,395
XE25,66,397
XE25,66,398
XE25,66,403
XE25,66,404
XE25,66,405
XE25,66,406
XE25,66,407
XE25,66,408
XE25,66,409
XE25,66,410
XE25,66,411
XE25,66,412
XE25,66,413
XE25,66,414
XE25,66,415
XE25,66,416
XE25,67,346
XE25,67,347
XE25,67,348
XE25,67,349
XE25,67,350
XE25,67,351
XE25,67,352
XE25,67,353
XE25,67,354
XE25,67,355
XE25,67,356
XE25,67,377
XE25,67,378
XE25,67,379
XE25,67,380
XE25,67,381
XE25,67,382
XE25,67,384
XE25,67,385
XE25,67,386
XE25,67,387
XE25,67,388
XE25,67,389
XE25,67,390
XE25,67,391
XE25,67,392
XE25,67,393
XE25,67,394
XE25,67,397
XE25,67,403
XE25,67,404
XE25,67,405
XE25,67,406
XE25,67,407
XE25,67,408
XE25,67,409
XE25,67,410
XE25,67,411
XE25,67,412
XE25,67,413
XE25,67,414
XE25,67,415
XE25,67,416
XE25,67,417
XE25,68,347
XE25,68,348
XE25,68,349
XE25,68,350
XE25,68,351
XE25,68,352
XE25,68,353
XE25,68,354
XE25,68,355
XE25,68,356
XE25,68,377
XE25,68,378
XE25,68,379
XE25,68,380
XE25,68,381
XE25,68,382
XE25,68,384
XE25,68,385
XE25,68,386
XE25,68,387
XE25,68,388
XE25,68,389
XE25,68,390
XE25,68,391
XE25,68,392
XE25,68,393
XE25,68,394
XE25,68,403
XE25,68,404
XE25,68,405
XE25,68,406
XE25,68,407
XE25,68,408
XE25,68,409
XE25,68,410
XE25,68,411
XE25,68,412
XE25,68,413
XE25,68,414
XE25,68,415
XE25,68,416
XE25,68,417
XE25,69,348
XE25,69,349
XE25,69,350
XE25,69,351
XE25,69,352
XE25,69,353
XE25,69,354
XE25,69,355
XE25,69,356
XE25,69,357
XE25,69,377
XE25,69,378
XE25,69,379
XE25,69,380
XE25,69,381
XE25,69,382
XE25,69,383
XE25,69,384
XE25,69,385
XE25,69,386
XE25,69,387
XE25,69,388
XE25,69,389
XE25,69,403
XE25,69,404
XE25,69,405
XE25,69,406
XE25,69,407
XE25,69,408
XE25,69,409
XE25,69,410
XE25,69,411
XE25,69,412
XE25,69,413
XE25,69,414
XE25,69,415
XE25,69,416
XE25,70,343
XE25,70,344
XE25,70,345
XE25,70,346
XE25,70,347
XE25,70,348
XE25,70,349
XE25,70,350
XE25,70,351
XE25,70,352
XE25,70,353
XE25,70,354
XE25,70,355
XE25,70,356
XE25,70,357
XE25,70,358
XE25,70,377
XE25,70,378
XE25,70,379
XE25,70,380
XE25,70,381
XE25,70,382
XE25,70,383
XE25,70,384
XE25,70,385
XE25,70,386
XE25,70,387
XE25,70,388
XE25,70,389
XE25,70,390
XE25,70,391
XE25,70,402
XE25,70,403
XE25,70,404
XE25,70,405
XE25,70,406
XE25,70,407
XE25,70,408
XE25,70,409
XE25,70,410
XE25,70,411
XE25,70,412
XE25,70,413
XE25,70,414
XE25,71,343
XE25,71,344
XE25,71,345
XE25,71,346
XE25,71,347
XE25,71,348
XE25,71,349
XE25,71,350
XE25,71,351
XE25,71,352
XE25,71,353
XE25,71,354
XE25,71,355
XE25,71,356
XE25,71,357
XE25,71,358
XE25,71,359
XE25,71,377
XE25,71,378
XE25,71,379
XE25,71,380
XE25,71,381
XE25,71,382
XE25,71,383
XE25,71,384
XE25,71,385
XE25,71,386
XE25,71,387
XE25,71,388
XE25,71,394
XE25,71,395
XE25,71,396
XE25,71,397
XE25,71,398
XE25,71,406
XE25,71,407
XE25,71,408
XE25,71,409
XE25,71,410
XE25,71,411
XE25,71,412
XE25,71,413
XE25,72,340
XE25,72,341
XE25,72,342
XE25,72,343
XE25,72,344
XE25,72,345
XE25,72,346
XE25,72,347
XE25,72,348
XE25,72,349
XE25,72,350
XE25,72,353
XE25,72,354
XE25,72,355
XE25,72,356
XE25,72,357
XE25,72,358
XE25,72,359
XE25,72,360
XE25,72,378
XE25,72,379
XE25,72,380
XE25,72,381
XE25,72,382
XE25,72,383
XE25,72,384
XE25,72,385
XE25,72,386
XE25,72,387
XE25,72,388
XE25,72,389
XE25,72,390
XE25,72,391
XE25,72,392
XE25,72,393
XE25,72,394
XE25,72,395
XE25,72,396
XE25,72,397
XE25,72,398
XE25,72,399
XE25,72,400
XE25,72,401
XE25,72,402
XE25,72,403
XE25,72,404
XE25,72,405
XE25,72,406
XE25,72,407
XE25,72,408
XE25,72,409
XE25,72,410
XE25,72,411
XE25,72,412
XE25,73,340
XE25,73,341
XE25,73,342
XE25,73,343
XE25,73,344
XE25,73,345
XE25,73,346
XE25,73,347
XE25,73,348
XE25,73,354
XE25,73,355
XE25,73,356
XE25,73,357
XE25,73,358
XE25,73,359
XE25,73,360
XE25,73,361
XE25,73,373
XE25,73,374
XE25,73,375
XE25,73,376
XE25,73,377
XE25,73,378
XE25,73,379
XE25,73,380
XE25,73,381
XE25,73,382
XE25,73,383
XE25,73,384
XE25,73,385
XE25,73,386
XE25,73,387
XE25,73,388
XE25,73,389
XE25,73,390
XE25,73,391
XE25,73,392
XE25,73,393
XE25,73,394
XE25,73,395
XE25,73,396
XE25,73,397
XE25,73,398
XE25,73,399
XE25,73,400
XE25,73,401
XE25,73,402
XE25,73,403
XE25,73,404
XE25,73,405
XE25,73,406
XE25,73,407
XE25,73,408
XE25,73,409
XE25,73,410
XE25,74,340
XE25,74,341
XE25,74,342
XE25,74,343
XE25,74,344
XE25,74,345
XE25,74,346
XE25,74,347
XE25,74,348
XE25,74,351
XE25,74,352
XE25,74,353
XE25,74,354
XE25,74,355
XE25,74,356
XE25,74,357
XE25,74,358
XE25,74,359
XE25,74,360
XE25,74,361
XE25,74,370
XE25,74,371
XE25,74,372
XE25,74,373
XE25,74,374
XE25,74,375
XE25,74,376
XE25,74,377
XE25,74,378
XE25,74,379
XE25,74,380
XE25,74,381
XE25,74,382
XE25,74,383
XE25,74,384
XE25,74,385
XE25,74,386
XE25,74,387
XE25,74,388
XE25,74,389
XE25,74,390
XE25,74,391
XE25,74,392
XE25,74,393
XE25,74,394
XE25,74,395
XE25,74,396
XE25,74,397
XE25,74,398
XE25,74,399
XE25,74,400
XE25,74,401
XE25,74,402
XE25,74,403
XE25,74,404
XE25,74,405
XE25,74,406
XE25,74,407
XE25,74,408
XE25,75,341
XE25,75,342
XE25,75,343
XE25,75,344
XE25,75,345
XE25,75,346
XE25,75,347
XE25,75,348
XE25,75,351
XE25,75,352
XE25,75,353
XE25,75,354
XE25,75,355
XE25,75,356
XE25,75,357
XE25,75,358
XE25,75,359
XE25,75,360
XE25,75,361
XE25,75,362
XE25,75,363
XE25,75,364
XE25,75,370
XE25,75,371
XE25,75,372
XE25,75,373
XE25,75,374
XE25,75,375
XE25,75,376
XE25,75,377
XE25,75,378
XE25,75,379
XE25,75,380
XE25,75,381
XE25,75,382
XE25,75,383
XE25,75,384
XE25,75,385
XE25,75,386
XE25,75,387
XE25,75,388
XE25,75,389
XE25,75,390
XE25,75,391
XE25,75,392
XE25,75,393
XE25,75,394
XE25,75,395
XE25,75,396
XE25,75,397
XE25,75,398
XE25,75,399
XE25,75,400
XE25,75,401
XE25,75,402
XE25,75,403
XE25,75,404
XE25,75,405
XE25,75,406
XE25,75,407
XE25,75,408
XE25,76,340
XE25,76,341
XE25,76,342
XE25,76,343
XE25,76,344
XE25,76,345
XE25,76,346
XE25,76,347
XE25,76,348
XE25,76,350
XE25,76,351
XE25,76,352
XE25,76,353
XE25,76,354
XE25,76,355
XE25,76,356
XE25,76,357
XE25,76,358
XE25,76,359
XE25,76,360
XE25,76,361
XE25,76,362
XE25,76,363
XE25,76,364
XE25,76,369
XE25,76,370
XE25,76,371
XE25,76,372
XE25,76,373
XE25,76,374
XE25,76,375
XE25,76,376
XE25,76,377
XE25,76,378
XE25,76,379
XE25,76,380
XE25,76,381
XE25,76,382
XE25,76,383
XE25,76,384
XE25,76,385
XE25,76,386
XE25,76,387
XE25,76,388
XE25,76,389
XE25,76,390
XE25,76,391
XE25,76,392
XE25,76,393
XE25,76,394
XE25,76,395
XE25,76,396
XE25,76,397
XE25,76,398
XE25,76,399
XE25,76,400
XE25,76,401
XE25,76,402
XE25,76,403
XE25,76,404
XE25,76,405
XE25,76,406
XE25,76,407
XE25,76,408
XE25,77,340
XE25,77,341
XE25,77,342
XE25,77,343
XE25,77,344
XE25,77,345
XE25,77,350
XE25,77,351
XE25,77,352
XE25,77,353
XE25,77,354
XE25,77,355
XE25,77,356
XE25,77,357
XE25,77,358
XE25,77,359
XE25,77,360
XE25,77,361
XE25,77,362
XE25,77,363
XE25,77,368
XE25,77,369
XE25,77,370
XE25,77,371
XE25,77,372
XE25,77,373
XE25,77,374
XE25,77,375
XE25,77,376
XE25,77,377
XE25,77,378
XE25,77,379
XE25,77,380
XE25,77,381
XE25,77,382
XE25,77,383
XE25,77,384
XE25,77,385
XE25,77,386
XE25,77,387
XE25,77,388
XE25,77,389
XE25,77,390
XE25,77,391
XE25,77,392
XE25,77,393
XE25,77,394
XE25,77,395
XE25,77,396
XE25,77,397
XE25,77,398
XE25,77,399
XE25,77,400
XE25,77,401
XE25,77,402
XE25,77,403
XE25,77,404
XE25,77,405
XE25,77,406
XE25,77,407
XE25,77,408
XE25,78,341
XE25,78,352
XE25,78,353
XE25,78,354
XE25,78,355
XE25,78,356
XE25,78,357
XE25,78,358
XE25,78,359
XE25,78,360
XE25,78,361
XE25,78,362
XE25,78,363
XE25,78,365
XE25,78,366
XE25,78,367
XE25,78,368
XE25,78,369
XE25,78,370
XE25,78,371
XE25,78,372
XE25,78,373
XE25,78,374
XE25,78,375
XE25,78,376
XE25,78,377
XE25,78,378
XE25,78,379
XE25,78,380
XE25,78,381
XE25,78,382
XE25,78,383
XE25,78,384
XE25,78,385
XE25,78,386
XE25,78,387
XE25,78,388
XE25,78,389
XE25,78,390
XE25,78,391
XE25,78,392
XE25,78,393
XE25,78,394
XE25,78,395
XE25,78,396
XE25,78,397
XE25,78,398
XE25,78,399
XE25,78,400
XE25,78,401
XE25,78,402
XE25,78,403
XE25,78,404
XE25,78,405
XE25,78,406
XE25,78,407
XE25,78,408
XE25,79,351
XE25,79,352
XE25,79,353
XE25,79,354
XE25,79,355
XE25,79,356
XE25,79,357
XE25,79,358
XE25,79,359
XE25,79,360
XE25,79,361
XE25,79,362
XE25,79,364
XE25,79,365
XE25,79,366
XE25,79,367
XE25,79,368
XE25,79,369
XE25,79,370
XE25,79,371
XE25,79,372
XE25,79,373
XE25,79,374
XE25,79,375
XE25,79,376
XE25,79,377
XE25,79,378
XE25,79,379
XE25,79,380
XE25,79,381
XE25,79,382
XE25,79,383
XE25,79,384
XE25,79,385
XE25,79,386
XE25,79,387
XE25,79,388
XE25,79,389
XE25,79,390
XE25,79,391
XE25,79,392
XE25,79,393
XE25,79,394
XE25,79,395
XE25,79,396
XE25,79,397
XE25,79,398
XE25,79,399
XE25,79,400
XE25,79,401
XE25,79,402
XE25,79,403
XE25,79,404
XE25,79,405
XE25,79,406
XE25,79,407
XE25,79,408
XE25,79,409
XE25,80,349
XE25,80,350
XE25,80,351
XE25,80,352
XE25,80,353
XE25,80,354
XE25,80,363
XE25,80,364
XE25,80,365
XE25,80,366
XE25,80,367
XE25,80,368
XE25,80,369
XE25,80,370
XE25,80,371
XE25,80,372
XE25,80,373
XE25,80,374
XE25,80,375
XE25,80,376
XE25,80,377
XE25,80,378
XE25,80,379
XE25,80,380
XE25,80,381
XE25,80,382
XE25,80,383
XE25,80,384
XE25,80,385
XE25,80,386
XE25,80,387
XE25,80,388
XE25,80,389
XE25,80,390
XE25,80,391
XE25,80,392
XE25,80,393
XE25,80,394
XE25,80,395
XE25,80,396
XE25,80,397
XE25,80,398
XE25,80,399
XE25,80,400
XE25,80,401
XE25,80,402
XE25,80,403
XE25,80,404
XE25,80,405
XE25,80,406
XE25,80,407
XE25,80,408
XE25,80,409
XE25,81,357
XE25,81,358
XE25,81,361
XE25,81,362
XE25,81,363
XE25,81,364
XE25,81,365
XE25,81,366
XE25,81,367
XE25,81,368
XE25,81,369
XE25,81,370
XE25,81,371
XE25,81,372
XE25,81,373
XE25,81,374
XE25,81,375
XE25,81,376
XE25,81,377
XE25,81,378
XE25,81,379
XE25,81,380
XE25,81,381
XE25,81,382
XE25,81,383
XE25,81,384
XE25,81,385
XE25,81,386
XE25,81,387
XE25,81,388
XE25,81,389
XE25,81,390
XE25,81,391
XE25,81,392
XE25,81,393
XE25,81,394
XE25,81,395
XE25,81,396
XE25,81,397
XE25,81,398
XE25,81,399
XE25,81,400
XE25,81,401
XE25,81,402
XE25,81,403
XE25,81,404
XE25,81,405
XE25,81,406
XE25,81,407
XE25,82,357
XE25,82,358
XE25,82,359
XE25,82,360
XE25,82,361
XE25,82,362
XE25,82,363
XE25,82,364
XE25,82,365
XE25,82,366
XE25,82,367
XE25,82,368
XE25,82,369
XE25,82,370
XE25,82,371
XE25,82,372
XE25,82,373
XE25,82,374
XE25,82,375
XE25,82,376
XE25,82,377
XE25,82,378
XE25,82,379
XE25,82,380
XE25,82,381
XE25,82,382
XE25,82,383
XE25,82,384
XE25,82,385
XE25,82,386
XE25,82,387
XE25,82,388
XE25,82,389
XE25,82,390
XE25,82,391
XE25,82,392
XE25,82,393
XE25,82,394
XE25,82,395
XE25,82,396
XE25,82,397
XE25,82,398
XE25,82,399
XE25,82,400
XE25,82,401
XE25,82,402
XE25,82,403
XE25,82,404
XE25,82,405
XE25,82,406
XE25,83,351
XE25,83,352
XE25,83,353
XE25,83,354
XE25,83,355
XE25,83,356
XE25,83,357
XE25,83,358
XE25,83,359
XE25,83,360
XE25,83,361
XE25,83,362
XE25,83,363
XE25,83,364
XE25,83,365
XE25,83,366
XE25,83,367
XE25,83,368
XE25,83,369
XE25,83,370
XE25,83,371
XE25,83,372
XE25,83,373
XE25,83,374
XE25,83,375
XE25,83,376
XE25,83,377
XE25,83,378
XE25,83,379
XE25,83,380
XE25,83,381
XE25,83,382
XE25,83,383
XE25,83,384
XE25,83,385
XE25,83,386
XE25,83,387
XE25,83,388
XE25,83,389
XE25,83,390
XE25,83,391
XE25,83,392
XE25,83,393
XE25,83,394
XE25,83,395
XE25,83,396
XE25,83,397
XE25,83,398
XE25,83,399
XE25,83,400
XE25,83,401
XE25,83,402
XE25,83,403
XE25,83,404
XE25,83,405
XE25,84,350
XE25,84,351
XE25,84,352
XE25,84,353
XE25,84,354
XE25,84,355
XE25,84,356
XE25,84,357
XE25,84,358
XE25,84,359
XE25,84,360
XE25,84,361
XE25,84,362
XE25,84,363
XE25,84,364
XE25,84,365
XE25,84,366
XE25,84,367
XE25,84,368
XE25,84,369
XE25,84,370
XE25,84,371
XE25,84,372
XE25,84,373
XE25,84,374
XE25,84,375
XE25,84,376
XE25,84,377
XE25,84,378
XE25,84,379
XE25,84,380
XE25,84,381
XE25,84,382
XE25,84,383
XE25,84,384
XE25,84,385
XE25,84,386
XE25,84,387
XE25,84,388
XE25,84,389
XE25,84,390
XE25,84,391
XE25,84,392
XE25,84,393
XE25,84,394
XE25,84,395
XE25,84,396
XE25,84,397
XE25,84,398
XE25,84,399
XE25,84,400
XE25,84,401
XE25,84,402
XE25,84,403
XE25,84,404
XE25,84,405
XE25,84,406
XE25,85,352
XE25,85,353
XE25,85,354
XE25,85,355
XE25,85,356
XE25,85,357
XE25,85,358
XE25,85,359
XE25,85,360
XE25,85,361
XE25,85,362
XE25,85,363
XE25,85,364
XE25,85,365
XE25,85,366
XE25,85,367
XE25,85,368
XE25,85,369
XE25,85,370
XE25,85,371
XE25,85,372
XE25,85,373
XE25,85,374
XE25,85,375
XE25,85,376
XE25,85,377
XE25,85,378
XE25,85,379
XE25,85,380
XE25,85,381
XE25,85,382
XE25,85,383
XE25,85,384
XE25,85,385
XE25,85,386
XE25,85,387
XE25,85,388
XE25,85,389
XE25,85,390
XE25,85,391
XE25,85,392
XE25,85,393
XE25,85,394
XE25,85,395
XE25,85,396
XE25,85,397
XE25,85,398
XE25,85,399
XE25,85,400
XE25,85,401
XE25,85,402
XE25,85,403
XE25,85,404
XE25,85,405
XE25,85,406
XE25,86,354
XE25,86,356
XE25,86,357
XE25,86,358
XE25,86,359
XE25,86,360
XE25,86,361
XE25,86,362
XE25,86,363
XE25,86,364
XE25,86,365
XE25,86,366
XE25,86,367
XE25,86,368
XE25,86,369
XE25,86,370
XE25,86,371
XE25,86,372
XE25,86,373
XE25,86,374
XE25,86,375
XE25,86,380
XE25,86,381
XE25,86,382
XE25,86,383
XE25,86,384
XE25,86,385
XE25,86,386
XE25,86,387
XE25,86,388
XE25,86,389
XE25,86,390
XE25,86,391
XE25,86,392
XE25,86,393
XE25,86,394
XE25,86,395
XE25,86,396
XE25,86,397
XE25,86,398
XE25,86,399
XE25,86,400
XE25,86,401
XE25,86,402
XE25,86,403
XE25,86,404
XE25,86,405
XE25,87,356
XE25,87,357
XE25,87,358
XE25,87,359
XE25,87,360
XE25,87,361
XE25,87,362
XE25,87,363
XE25,87,364
XE25,87,365
XE25,87,366
XE25,87,367
XE25,87,368
XE25,87,369
XE25,87,370
XE25,87,371
XE25,87,372
XE25,87,373
XE25,87,380
XE25,87,381
XE25,87,382
XE25,87,383
XE25,87,384
XE25,87,385
XE25,87,386
XE25,87,387
XE25,87,388
XE25,87,389
XE25,87,390
XE25,87,391
XE25,87,392
XE25,87,393
XE25,87,394
XE25,87,395
XE25,87,396
XE25,87,397
XE25,87,398
XE25,87,399
XE25,87,400
XE25,87,401
XE25,87,402
XE25,87,403
XE25,87,404
XE25,88,357
XE25,88,358
XE25,88,359
XE25,88,360
XE25,88,361
XE25,88,362
XE25,88,363
XE25,88,364
XE25,88,365
XE25,88,366
XE25,88,367
XE25,88,368
XE25,88,369
XE25,88,370
XE25,88,371
XE25,88,372
XE25,88,373
XE25,88,374
XE25,88,377
XE25,88,378
XE25,88,379
XE25,88,380
XE25,88,381
XE25,88,382
XE25,88,383
XE25,88,384
XE25,88,385
XE25,88,386
XE25,88,387
XE25,88,388
XE25,88,389
XE25,88,390
XE25,88,391
XE25,88,392
XE25,88,393
XE25,88,394
XE25,88,395
XE25,88,396
XE25,88,397
XE25,88,398
XE25,88,399
XE25,88,400
XE25,88,401
XE25,88,402
XE25,88,403
XE25,89,358
XE25,89,359
XE25,89,360
XE25,89,361
XE25,89,362
XE25,89,363
XE25,89,364
XE25,89,365
XE25,89,366
XE25,89,367
XE25,89,368
XE25,89,369
XE25,89,370
XE25,89,371
XE25,89,372
XE25,89,373
XE25,89,374
XE25,89,375
XE25,89,376
XE25,89,377
XE25,89,378
XE25,89,379
XE25,89,380
XE25,89,381
XE25,89,382
XE25,89,383
XE25,89,384
XE25,89,385
XE25,89,386
XE25,89,387
XE25,89,388
XE25,89,389
XE25,89,390
XE25,89,391
XE25,89,392
XE25,89,396
XE25,89,397
XE25,89,398
XE25,90,358
XE25,90,359
XE25,90,360
XE25,90,361
XE25,90,362
XE25,90,363
XE25,90,364
XE25,90,365
XE25,90,366
XE25,90,367
XE25,90,368
XE25,90,369
XE25,90,370
XE25,90,371
XE25,90,372
XE25,90,373
XE25,90,374
XE25,90,375
XE25,90,376
XE25,90,377
XE25,90,378
XE25,90,379
XE25,90,380
XE25,90,381
XE25,90,382
XE25,90,383
XE25,90,384
XE25,90,385
XE25,90,388
XE25,90,391
XE25,91,358
XE25,91,359
XE25,91,360
XE25,91,361
XE25,91,362
XE25,91,363
XE25,91,364
XE25,91,365
XE25,91,366
XE25,91,367
XE25,91,368
XE25,91,369
XE25,91,370
XE25,91,371
XE25,91,372
XE25,91,373
XE25,91,374
XE25,91,375
XE25,91,376
XE25,91,377
XE25,91,378
XE25,91,379
XE25,91,380
XE25,91,381
XE25,91,382
XE25,91,383
XE25,91,384
XE25,91,385
XE25,91,386
XE25,92,358
XE25,92,359
XE25,92,360
XE25,92,361
XE25,92,362
XE25,92,363
XE25,92,364
XE25,92,365
XE25,92,366
XE25,92,367
XE25,92,368
XE25,92,369
XE25,92,370
XE25,92,371
XE25,92,372
XE25,92,373
XE25,92,374
XE25,92,375
XE25,92,376
XE25,92,377
XE25,92,378
XE25,92,379
XE25,92,380
XE25,92,381
XE25,92,382
XE25,92,383
XE25,92,384
XE25,92,385
XE25,92,386
XE25,93,344
XE25,93,345
XE25,93,346
XE25,93,347
XE25,93,348
XE25,93,349
XE25,93,350
XE25,93,353
XE25,93,357
XE25,93,358
XE25,93,359
XE25,93,360
XE25,93,361
XE25,93,362
XE25,93,363
XE25,93,364
XE25,93,365
XE25,93,366
XE25,93,367
XE25,93,368
XE25,93,369
XE25,93,370
XE25,93,371
XE25,93,372
XE25,93,373
XE25,93,374
XE25,93,375
XE25,93,376
XE25,93,377
XE25,93,381
XE25,93,382
XE25,93,383
XE25,93,384
XE25,93,385
XE25,93,386
XE25,93,387
XE25,93,388
XE25,94,342
XE25,94,343
XE25,94,344
XE25,94,345
XE25,94,346
XE25,94,347
XE25,94,348
XE25,94,349
XE25,94,350
XE25,94,351
XE25,94,352
XE25,94,353
XE25,94,354
XE25,94,355
XE25,94,356
XE25,94,357
XE25,94,358
XE25,94,359
XE25,94,360
XE25,94,361
XE25,94,362
XE25,94,363
XE25,94,364
XE25,94,365
XE25,94,366
XE25,94,367
XE25,94,368
XE25,94,369
XE25,94,370
XE25,94,371
XE25,94,372
XE25,94,373
XE25,94,374
XE25,94,379
XE25,94,380
XE25,94,381
XE25,94,382
XE25,94,383
XE25,94,384
XE25,94,385
XE25,94,386
XE25,94,387
XE25,94,388
XE25,95,342
XE25,95,343
XE25,95,344
XE25,95,345
XE25,95,346
XE25,95,347
XE25,95,348
XE25,95,349
XE25,95,350
XE25,95,351
XE25,95,352
XE25,95,353
XE25,95,354
XE25,95,355
XE25,95,356
XE25,95,357
XE25,95,358
XE25,95,359
XE25,95,360
XE25,95,361
XE25,95,362
XE25,95,363
XE25,95,364
XE25,95,365
XE25,95,366
XE25,95,367
XE25,95,378
XE25,95,379
XE25,95,380
XE25,95,381
XE25,95,382
XE25,95,383
XE25,95,384
XE25,95,385
XE25,95,386
XE25,95,387
XE25,95,388
XE25,95,389
XE25,96,343
XE25,96,344
XE25,96,345
XE25,96,346
XE25,96,347
XE25,96,348
XE25,96,349
XE25,96,350
XE25,96,351
XE25,96,352
XE25,96,353
XE25,96,354
XE25,96,355
XE25,96,356
XE25,96,357
XE25,96,358
XE25,96,359
XE25,96,360
XE25,96,361
XE25,96,362
XE25,96,363
XE25,96,364
XE25,96,365
XE25,96,366
XE25,96,367
XE25,96,378
XE25,96,379
XE25,96,380
XE25,96,382
XE25,96,383
XE25,96,384
XE25,96,385
XE25,96,386
XE25,96,387
XE25,96,388
XE25,96,389
XE25,96,390
XE25,96,391
XE25,97,343
XE25,97,344
XE25,97,345
XE25,97,346
XE25,97,347
XE25,97,348
XE25,97,349
XE25,97,350
XE25,97,351
XE25,97,352
XE25,97,353
XE25,97,354
XE25,97,355
XE25,97,356
XE25,97,357
XE25,97,358
XE25,97,359
XE25,97,360
XE25,97,361
XE25,97,362
XE25,97,363
XE25,97,364
XE25,97,365
XE25,97,366
XE25,97,367
XE25,97,378
XE25,97,379
XE25,97,385
XE25,97,386
XE25,97,387
XE25,97,388
XE25,97,389
XE25,97,390
XE25,97,391
XE25,97,392
XE25,97,393
XE25,97,409
XE25,97,410
XE25,97,413
XE25,97,414
XE25,98,343
XE25,98,344
XE25,98,345
XE25,98,346
XE25,98,347
XE25,98,348
XE25,98,349
XE25,98,350
XE25,98,351
XE25,98,352
XE25,98,353
XE25,98,354
XE25,98,355
XE25,98,356
XE25,98,357
XE25,98,358
XE25,98,359
XE25,98,360
XE25,98,361
XE25,98,362
XE25,98,363
XE25,98,364
XE25,98,365
XE25,98,377
XE25,98,378
XE25,98,379
XE25,98,380
XE25,98,386
XE25,98,387
XE25,98,388
XE25,98,389
XE25,98,390
XE25,98,391
XE25,98,392
XE25,98,393
XE25,98,394
XE25,98,395
XE25,98,404
XE25,98,405
XE25,98,406
XE25,98,407
XE25,98,408
XE25,98,409
XE25,98,410
XE25,98,411
XE25,98,412
XE25,98,413
XE25,98,414
XE25,99,343
XE25,99,344
XE25,99,345
XE25,99,346
XE25,99,347
XE25,99,348
XE25,99,349
XE25,99,350
XE25,99,351
XE25,99,352
XE25,99,353
XE25,99,354
XE25,99,355
XE25,99,356
XE25,99,357
XE25,99,358
XE25,99,359
XE25,99,360
XE25,99,361
XE25,99,362
XE25,99,377
XE25,99,378
XE25,99,379
XE25,99,380
XE25,99,388
XE25,99,389
XE25,99,390
XE25,99,391
XE25,99,392
XE25,99,393
XE25,99,394
XE25,99,395
XE25,99,396
XE25,99,397
XE25,99,403
XE25,99,404
XE25,99,405
XE25,99,406
XE25,99,407
XE25,99,408
XE25,99,409
XE25,99,410
XE25,99,411
XE25,99,412
XE25,99,413
XE25,100,343
XE25,100,344
XE25,100,345
XE25,100,346
XE25,100,347
XE25,100,348
XE25,100,349
XE25,100,350
XE25,100,351
XE25,100,352
XE25,100,353
XE25,100,354
XE25,100,355
XE25,100,356
XE25,100,357
XE25,100,358
XE25,100,359
XE25,100,360
XE25,100,361
XE25,100,368
XE25,100,369
XE25,100,377
XE25,100,378
XE25,100,379
XE25,100,380
XE25,100,390
XE25,100,391
XE25,100,392
XE25,100,393
XE25,100,394
XE25,100,395
XE25,100,396
XE25,100,397
XE25,100,398
XE25,100,401
XE25,100,402
XE25,100,403
XE25,100,404
XE25,100,405
XE25,100,406
XE25,100,407
XE25,100,408
XE25,100,409
XE25,100,411
XE25,100,412
XE25,101,298
XE25,101,342
XE25,101,343
XE25,101,344
XE25,101,345
XE25,101,346
XE25,101,347
XE25,101,348
XE25,101,349
XE25,101,350
XE25,101,351
XE25,101,352
XE25,101,353
XE25,101,354
XE25,101,355
XE25,101,356
XE25,101,357
XE25,101,358
XE25,101,359
XE25,101,360
XE25,101,361
XE25,101,365
XE25,101,366
XE25,101,367
XE25,101,368
XE25,101,369
XE25,101,377
XE25,101,378
XE25,101,379
XE25,101,380
XE25,101,392
XE25,101,393
XE25,101,394
XE25,101,397
XE25,101,400
XE25,101,401
XE25,101,402
XE25,101,403
XE25,101,404
XE25,101,405
XE25,101,406
XE25,101,407
XE25,101,408
XE25,101,411
XE25,102,298
XE25,102,304
XE25,102,305
XE25,102,342
XE25,102,343
XE25,102,344
XE25,102,345
XE25,102,346
XE25,102,347
XE25,102,348
XE25,102,349
XE25,102,350
XE25,102,351
XE25,102,352
XE25,102,353
XE25,102,354
XE25,102,355
XE25,102,356
XE25,102,357
XE25,102,358
XE25,102,359
XE25,102,360
XE25,102,363
XE25,102,364
XE25,102,366
XE25,102,367
XE25,102,377
XE25,102,378
XE25,102,379
XE25,102,380
XE25,102,393
XE25,102,394
XE25,102,395
XE25,102,400
XE25,102,401
XE25,102,402
XE25,102,403
XE25,102,404
XE25,102,405
XE25,102,406
XE25,102,407
XE25,102,408
XE25,102,409
XE25,102,412
XE25,102,413
XE25,102,414
XE25,103,303
XE25,103,304
XE25,103,305
XE25,103,306
XE25,103,342
XE25,103,343
XE25,103,344
XE25,103,345
XE25,103,346
XE25,103,347
XE25,103,348
XE25,103,349
XE25,103,350
XE25,103,351
XE25,103,352
XE25,103,353
XE25,103,354
XE25,103,355
XE25,103,356
XE25,103,357
XE25,103,358
XE25,103,359
XE25,103,360
XE25,103,361
XE25,103,363
XE25,103,364
XE25,103,378
XE25,103,390
XE25,103,391
XE25,103,392
XE25,103,393
XE25,103,394
XE25,103,395
XE25,103,402
XE25,103,403
XE25,103,404
XE25,103,405
XE25,103,406
XE25,103,407
XE25,103,408
XE25,103,409
XE25,103,410
XE25,103,412
XE25,103,413
XE25,104,304
XE25,104,342
XE25,104,343
XE25,104,344
XE25,104,345
XE25,104,346
XE25,104,347
XE25,104,348
XE25,104,349
XE25,104,350
XE25,104,351
XE25,104,352
XE25,104,353
XE25,104,354
XE25,104,355
XE25,104,356
XE25,104,357
XE25,104,358
XE25,104,359
XE25,104,360
XE25,104,386
XE25,104,387
XE25,104,388
XE25,104,389
XE25,104,390
XE25,104,391
XE25,104,392
XE25,104,393
XE25,104,394
XE25,104,401
XE25,104,402
XE25,104,403
XE25,104,404
XE25,104,405
XE25,104,406
XE25,104,407
XE25,104,408
XE25,104,409
XE25,104,410
XE25,104,412
XE25,104,413
XE25,105,309
XE25,105,310
XE25,105,343
XE25,105,344
XE25,105,345
XE25,105,346
XE25,105,347
XE25,105,348
XE25,105,349
XE25,105,350
XE25,105,351
XE25,105,352
XE25,105,353
XE25,105,354
XE25,105,355
XE25,105,356
XE25,105,357
XE25,105,358
XE25,105,359
XE25,105,385
XE25,105,386
XE25,105,387
XE25,105,388
XE25,105,389
XE25,105,390
XE25,105,391
XE25,105,392
XE25,105,393
XE25,105,402
XE25,105,403
XE25,105,404
XE25,105,405
XE25,105,406
XE25,105,407
XE25,105,408
XE25,105,409
XE25,105,410
XE25,105,411
XE25,105,413
XE25,105,414
XE25,105,415
XE25,106,310
XE25,106,343
XE25,106,344
XE25,106,345
XE25,106,346
XE25,106,347
XE25,106,348
XE25,106,349
XE25,106,350
XE25,106,351
XE25,106,352
XE25,106,353
XE25,106,354
XE25,106,355
XE25,106,356
XE25,106,357
XE25,106,358
XE25,106,387
XE25,106,388
XE25,106,389
XE25,106,390
XE25,106,391
XE25,106,404
XE25,106,405
XE25,106,406
XE25,106,407
XE25,106,408
XE25,106,409
XE25,106,410
XE25,106,411
XE25,106,412
XE25,106,414
XE25,106,415
XE25,107,310
XE25,107,348
XE25,107,349
XE25,107,350
XE25,107,351
XE25,107,352
XE25,107,353
XE25,107,354
XE25,107,355
XE25,107,356
XE25,107,357
XE25,107,384
XE25,107,385
XE25,107,389
XE25,107,390
XE25,107,391
XE25,107,404
XE25,107,405
XE25,107,406
XE25,107,407
XE25,107,409
XE25,107,410
XE25,107,411
XE25,107,412
XE25,107,413
XE25,107,414
XE25,107,415
XE25,107,416
XE25,108,348
XE25,108,349
XE25,108,350
XE25,108,389
XE25,108,406
XE25,108,407
XE25,108,411
XE25,108,415
XE25,108,416
XE25,108,417
XE25,109,350
XE25,109,386
XE25,109,389
XE25,109,390
XE25,109,408
XE25,109,409
XE25,109,415
XE25,109,416
XE25,110,355
XE25,110,408
XE25,110,409
XE25,110,410
XE25,110,411
XE25,110,412
XE25,110,413
XE25,110,414
XE25,110,415
XE25,110,425
XE25,110,426
XE25,110,427
XE25,110,428
XE25,110,429
XE25,111,409
XE25,111,410
XE25,111,411
XE25,111,425
XE25,111,426
XE25,111,427
XE25,111,428
XE25,114,328
XE25,115,326
XE25,115,327
XE25,122,333
XE25,122,334
XE25,123,325
XE25,123,328
XE25,123,332
XE25,123,333
XE25,124,326
XE25,124,327
XE25,124,328
XE25,124,329
XE25,124,330
XE25,124,332
XE25,124,333
XE25,125,324
XE25,125,325
XE25,125,329
XE25,125,330
XE25,147,238
XE25,148,237
XE25,148,238
XE25,149,238
XE25,151,238
XE25,151,239
XE25,152,239
XE25,156,224
XE25,169,253
XE25,169,254
XE25,170,252
XE25,170,253
XE25,170,254
XE25,170,255
XE25,170,256
XE25,171,252
XE25,171,253
XE25,171,254
XE25,171,255
XE25,171,256
XE25,171,257
XE25,172,252
XE25,172,253
XE25,172,254
XE25,172,255
XE25,172,256
XE25,172,257
XE25,173,252
XE25,173,253
XE25,173,254
XE25,173,255
XE25,173,256
XE25,173,257
XE25,174,252
XE25,174,253
XE25,174,254
XE25,174,255
XE25,174,256
XE25,175,252
XE25,175,253
XE25,175,254
XE25,175,255
XE25,175,256
XE25,176,252
XE25,176,253
XE25,176,254
XE25,176,255
XE25,206,451
XE25,222,471
XE25,222,472
XE25,223,471
XE25,223,472
XER,19,400
XER,19,401
XER,19,402
XER,19,403
XER,19,406
XER,19,409
XER,20,393
XER,20,394
XER,20,396
XER,20,397
XER,20,398
XER,20,399
XER,20,400
XER,20,401
XER,20,402
XER,20,403
XER,20,404
XER,20,405
XER,20,406
XER,20,407
XER,20,408
XER,20,409
XER,20,410
XER,20,411
XER,20,412
XER,20,413
XER,20,414
XER,20,415
XER,20,424
XER,20,425
XER,20,426
XER,20,427
XER,20,428
XER,21,382
XER,21,383
XER,21,384
XER,21,385
XER,21,386
XER,21,387
XER,21,388
XER,21,389
XER,21,390
XER,21,391
XER,21,392
XER,21,393
XER,21,394
XER,21,395
XER,21,396
XER,21,397
XER,21,398
XER,21,399
XER,21,400
XER,21,401
XER,21,402
XER,21,403
XER,21,404
XER,21,405
XER,21,406
XER,21,407
XER,21,408
XER,21,409
XER,21,410
XER,21,411
XER,21,412
XER,21,413
XER,21,414
XER,21,415
XER,22,382
XER,22,383
XER,22,384
XER,22,385
XER,22,386
XER,22,387
XER,22,388
XER,22,389
XER,22,390
XER,22,391
XER,22,392
XER,22,393
XER,22,394
XER,22,395
XER,22,396
XER,22,397
XER,22,398
XER,22,399
XER,22,400
XER,22,401
XER,22,402
XER,22,403
XER,22,404
XER,22,405
XER,22,406
XER,22,407
XER,22,408
XER,22,409
XER,22,410
XER,22,411
XER,22,412
XER,22,421
XER,23,382
XER,23,383
XER,23,384
XER,23,385
XER,23,386
XER,23,387
XER,23,388
XER,23,389
XER,23,390
XER,23,391
XER,23,392
XER,23,393
XER,23,394
XER,23,395
XER,23,396
XER,23,397
XER,23,398
XER,23,399
XER,23,400
XER,23,401
XER,23,402
XER,23,403
XER,23,404
XER,23,405
XER,23,413
XER,23,414
XER,23,415
XER,23,416
XER,23,417
XER,23,418
XER,23,419
XER,23,420
XER,24,383
XER,24,384
XER,24,385
XER,24,386
XER,24,387
XER,24,388
XER,24,389
XER,24,390
XER,24,391
XER,24,392
XER,24,393
XER,24,394
XER,24,395
XER,24,396
XER,24,397
XER,24,398
XER,24,399
XER,24,401
XER,24,402
XER,24,403
XER,24,404
XER,24,405
XER,24,406
XER,24,407
XER,25,388
XER,25,389
XER,25,390
XER,25,391
XER,25,392
XER,25,393
XER,25,394
XER,25,395
XER,25,396
XER,25,397
XER,25,402
XER,25,403
XER,25,404
XER,25,405
XER,25,406
XER,25,407
XER,25,408
XER,25,409
XER,26,389
XER,26,390
XER,26,391
XER,26,392
XER,26,393
XER,26,394
XER,26,395
XER,26,396
XER,26,402
XER,26,403
XER,26,405
XER,26,406
XER,26,407
XER,26,408
XER,27,392
XER,27,393
XER,27,394
XER,27,395
XER,27,411
XER,27,412
XER,28,410
XER,28,411
XER,31,398
XER,31,399
XER,32,398
XER,32,399
XER,38,343
XER,38,344
XER,38,345
XER,38,408
XER,38,409
XER,38,410
XER,38,411
XER,38,412
XER,38,413
XER,38,415
XER,38,416
XER,38,417
XER,39,342
XER,39,343
XER,39,405
XER,39,406
XER,39,407
XER,39,408
XER,39,409
XER,39,410
XER,39,411
XER,39,412
XER,39,413
XER,39,414
XER,39,415
XER,39,416
XER,39,417
XER,39,418
XER,39,419
XER,39,420
XER,39,421
XER,39,422
XER,40,398
XER,40,399
XER,40,400
XER,40,401
XER,40,402
XER,40,403
XER,40,404
XER,40,405
XER,40,406
XER,40,407
XER,40,408
XER,40,409
XER,40,410
XER,40,411
XER,40,412
XER,40,413
XER,40,414
XER,40,415
XER,40,416
XER,40,417
XER,40,418
XER,40,419
XER,40,420
XER,40,421
XER,40,422
XER,40,423
XER,41,395
XER,41,396
XER,41,397
XER,41,398
XER,41,399
XER,41,400
XER,41,401
XER,41,402
XER,41,403
XER,41,404
XER,41,405
XER,41,406
XER,41,407
XER,41,408
XER,41,409
XER,41,410
XER,41,411
XER,41,412
XER,41,413
XER,41,414
XER,41,415
XER,41,417
XER,41,418
XER,41,419
XER,41,420
XER,41,421
XER,41,422
XER,42,391
XER,42,392
XER,42,393
XER,42,394
XER,42,395
XER,42,396
XER,42,397
XER,42,398
XER,42,399
XER,42,400
XER,42,401
XER,42,402
XER,42,403
XER,42,404
XER,42,405
XER,42,406
XER,42,407
XER,42,408
XER,42,409
XER,42,410
XER,42,411
XER,42,412
XER,42,418
XER,42,419
XER,42,420
XER,42,421
XER,43,389
XER,43,390
XER,43,391
XER,43,392
XER,43,393
XER,43,394
XER,43,395
XER,43,396
XER,43,397
XER,43,398
XER,43,399
XER,43,400
XER,43,401
XER,43,405
XER,43,406
XER,43,407
XER,43,408
XER,43,409
XER,43,410
XER,43,411
XER,43,412
XER,44,386
XER,44,387
XER,44,388
XER,44,389
XER,44,390
XER,44,391
XER,44,392
XER,44,393
XER,44,394
XER,44,395
XER,44,396
XER,44,397
XER,44,399
XER,44,400
XER,44,401
XER,45,386
XER,45,387
XER,45,390
XER,45,391
XER,45,392
XER,45,393
XER,45,394
XER,46,389
XER,46,390
XER,46,391
XER,46,392
XER,46,393
XER,47,325
XER,47,327
XER,47,328
XER,47,329
XER,47,387
XER,47,388
XER,47,389
XER,47,390
XER,47,391
XER,47,392
XER,47,393
XER,48,313
XER,48,314
XER,48,315
XER,48,316
XER,48,317
XER,48,318
XER,48,320
XER,48,321
XER,48,322
XER,48,323
XER,48,324
XER,48,325
XER,48,326
XER,48,327
XER,48,328
XER,48,329
XER,48,330
XER,48,331
XER,48,385
XER,48,386
XER,48,387
XER,48,388
XER,48,389
XER,48,390
XER,48,391
XER,49,312
XER,49,313
XER,49,314
XER,49,315
XER,49,316
XER,49,317
XER,49,318
XER,49,319
XER,49,320
XER,49,321
XER,49,322
XER,49,323
XER,49,324
XER,49,325
XER,49,326
XER,49,327
XER,49,328
XER,49,329
XER,49,330
XER,49,331
XER,49,332
XER,49,333
XER,49,384
XER,49,385
XER,49,386
XER,49,387
XER,49,388
XER,49,389
XER,49,390
XER,50,313
XER,50,314
XER,50,315
XER,50,316
XER,50,317
XER,50,318
XER,50,319
XER,50,320
XER,50,321
XER,50,322
XER,50,323
XER,50,324
XER,50,325
XER,50,326
XER,50,327
XER,50,328
XER,50,329
XER,50,330
XER,50,331
XER,50,332
XER,50,333
XER,50,384
XER,50,385
XER,50,386
XER,50,387
XER,50,388
XER,50,389
XER,50,390
XER,51,313
XER,51,314
XER,51,315
XER,51,316
XER,51,317
XER,51,318
XER,51,319
XER,51,320
XER,51,321
XER,51,322
XER,51,323
XER,51,324
XER,51,325
XER,51,326
XER,51,327
XER,51,328
XER,51,329
XER,51,330
XER,51,331
XER,51,332
XER,51,333
XER,51,382
XER,51,383
XER,51,384
XER,51,385
XER,51,386
XER,51,387
XER,51,388
XER,51,389
XER,52,315
XER,52,316
XER,52,317
XER,52,318
XER,52,319
XER,52,320
XER,52,321
XER,52,322
XER,52,323
XER,52,324
XER,52,325
XER,52,326
XER,52,327
XER,52,328
XER,52,329
XER,52,330
XER,52,331
XER,52,380
XER,52,381
XER,52,382
XER,52,383
XER,52,384
XER,52,385
XER,52,386
XER,52,387
XER,52,388
XER,52,389
XER,53,315
XER,53,316
XER,53,317
XER,53,318
XER,53,319
XER,53,320
XER,53,321
XER,53,322
XER,53,323
XER,53,324
XER,53,325
XER,53,326
XER,53,327
XER,53,328
XER,53,377
XER,53,378
XER,53,379
XER,53,380
XER,53,381
XER,53,382
XER,53,383
XER,53,384
XER,53,385
XER,53,386
XER,54,322
XER,54,323
XER,54,324
XER,54,375
XER,54,376
XER,54,377
XER,54,378
XER,54,379
XER,54,380
XER,54,381
XER,54,382
XER,54,383
XER,54,384
XER,54,385
XER,55,373
XER,55,374
XER,55,375
XER,55,376
XER,55,377
XER,55,378
XER,55,379
XER,55,380
XER,55,381
XER,55,382
XER,55,383
XER,55,384
XER,55,385
XER,56,345
XER,56,346
XER,56,347
XER,56,348
XER,56,371
XER,56,372
XER,56,373
XER,56,374
XER,56,375
XER,56,376
XER,56,377
XER,56,378
XER,56,379
XER,56,380
XER,56,381
XER,56,382
XER,56,383
XER,56,384
XER,56,385
XER,57,347
XER,57,370
XER,57,371
XER,57,372
XER,57,373
XER,57,374
XER,57,375
XER,57,376
XER,57,377
XER,57,378
XER,57,379
XER,57,380
XER,57,381
XER,57,382
XER,57,383
XER,57,384
XER,57,385
XER,57,386
XER,58,347
XER,58,370
XER,58,371
XER,58,372
XER,58,373
XER,58,374
XER,58,375
XER,58,376
XER,58,377
XER,58,378
XER,58,379
XER,58,380
XER,58,381
XER,58,382
XER,58,383
XER,58,384
XER,58,385
XER,58,386
XER,59,370
XER,59,371
XER,59,372
XER,59,373
XER,59,374
XER,59,375
XER,59,376
XER,59,377
XER,59,378
XER,59,379
XER,59,380
XER,59,381
XER,59,382
XER,59,383
XER,59,384
XER,59,385
XER,59,386
XER,60,371
XER,60,372
XER,60,373
XER,60,374
XER,60,375
XER,60,376
XER,60,377
XER,60,378
XER,60,379
XER,60,380
XER,60,381
XER,60,382
XER,60,383
XER,60,384
XER,60,385
XER,60,386
XER,61,371
XER,61,372
XER,61,373
XER,61,374
XER,61,375
XER,61,376
XER,61,377
XER,61,378
XER,61,379
XER,61,380
XER,61,381
XER,61,382
XER,61,383
XER,61,384
XER,61,385
XER,62,371
XER,62,372
XER,62,373
XER,62,374
XER,62,375
XER,62,376
XER,62,377
XER,62,378
XER,62,379
XER,62,380
XER,62,381
XER,62,382
XER,62,383
XER,62,384
XER,63,372
XER,63,373
XER,63,374
XER,63,375
XER,63,376
XER,63,377
XER,63,378
XER,63,379
XER,63,380
XER,63,384
XER,64,373
XER,64,374
XER,64,375
XER,64,376
XER,64,377
XER,64,378
XER,84,406
XER,84,407
XER,84,408
XER,84,413
XER,84,414
XER,84,415
XER,85,376
XER,85,377
XER,85,378
XER,85,379
XER,85,380
XER,85,405
XER,85,406
XER,85,407
XER,85,408
XER,85,409
XER,85,410
XER,85,411
XER,85,412
XER,85,413
XER,85,414
XER,85,415
XER,86,374
XER,86,375
XER,86,376
XER,86,377
XER,86,378
XER,86,379
XER,86,380
XER,86,404
XER,86,405
XER,86,406
XER,86,407
XER,86,408
XER,86,409
XER,86,410
XER,86,411
XER,86,412
XER,86,413
XER,86,414
XER,86,415
XER,86,416
XER,86,417
XER,87,373
XER,87,374
XER,87,375
XER,87,376
XER,87,377
XER,87,378
XER,87,379
XER,87,380
XER,87,381
XER,87,393
XER,87,394
XER,87,403
XER,87,404
XER,87,405
XER,87,406
XER,87,407
XER,87,408
XER,87,409
XER,87,410
XER,87,411
XER,87,412
XER,87,413
XER,87,414
XER,87,415
XER,87,416
XER,87,417
XER,88,373
XER,88,374
XER,88,375
XER,88,376
XER,88,377
XER,88,378
XER,88,379
XER,88,380
XER,88,381
XER,88,392
XER,88,393
XER,88,394
XER,88,395
XER,88,399
XER,88,400
XER,88,401
XER,88,402
XER,88,403
XER,88,404
XER,88,405
XER,88,406
XER,88,407
XER,88,408
XER,88,409
XER,88,410
XER,88,411
XER,88,412
XER,88,413
XER,88,414
XER,88,415
XER,88,416
XER,88,417
XER,89,375
XER,89,376
XER,89,378
XER,89,379
XER,89,389
XER,89,390
XER,89,391
XER,89,392
XER,89,393
XER,89,394
XER,89,395
XER,89,396
XER,89,397
XER,89,398
XER,89,399
XER,89,400
XER,89,401
XER,89,402
XER,89,403
XER,89,404
XER,89,405
XER,89,406
XER,89,407
XER,89,408
XER,89,409
XER,89,410
XER,89,411
XER,89,412
XER,89,413
XER,89,414
XER,89,415
XER,89,416
XER,89,417
XER,90,388
XER,90,389
XER,90,390
XER,90,391
XER,90,392
XER,90,393
XER,90,394
XER,90,395
XER,90,396
XER,90,397
XER,90,398
XER,90,399
XER,90,400
XER,90,401
XER,90,402
XER,90,403
XER,90,404
XER,90,405
XER,90,406
XER,90,407
XER,90,408
XER,90,409
XER,90,410
XER,90,411
XER,90,412
XER,90,413
XER,90,414
XER,90,415
XER,90,416
XER,90,417
XER,90,418
XER,90,419
XER,90,420
XER,91,388
XER,91,389
XER,91,390
XER,91,391
XER,91,392
XER,91,393
XER,91,394
XER,91,395
XER,91,396
XER,91,397
XER,91,398
XER,91,399
XER,91,400
XER,91,401
XER,91,402
XER,91,403
XER,91,404
XER,91,405
XER,91,406
XER,91,407
XER,91,408
XER,91,409
XER,91,410
XER,91,411
XER,91,412
XER,91,413
XER,91,414
XER,91,415
XER,91,416
XER,91,417
XER,91,418
XER,91,419
XER,91,420
XER,92,390
XER,92,391
XER,92,392
XER,92,393
XER,92,394
XER,92,395
XER,92,396
XER,92,397
XER,92,398
XER,92,399
XER,92,400
XER,92,401
XER,92,402
XER,92,403
XER,92,404
XER,92,405
XER,92,406
XER,92,407
XER,92,408
XER,92,409
XER,92,410
XER,92,411
XER,92,412
XER,92,413
XER,92,414
XER,92,415
XER,92,416
XER,92,417
XER,92,418
XER,93,375
XER,93,385
XER,93,391
XER,93,392
XER,93,393
XER,93,394
XER,93,395
XER,93,396
XER,93,397
XER,93,398
XER,93,399
XER,93,400
XER,93,401
XER,93,402
XER,93,403
XER,93,404
XER,93,405
XER,93,406
XER,93,407
XER,93,408
XER,93,409
XER,93,410
XER,93,411
XER,93,412
XER,93,413
XER,93,414
XER,93,415
XER,93,416
XER,93,417
XER,93,418
XER,94,393
XER,94,394
XER,94,395
XER,94,396
XER,94,397
XER,94,398
XER,94,399
XER,94,400
XER,94,401
XER,94,402
XER,94,403
XER,94,404
XER,94,405
XER,94,406
XER,94,407
XER,94,408
XER,94,409
XER,94,410
XER,94,411
XER,94,412
XER,94,413
XER,94,414
XER,94,415
XER,94,416
XER,94,417
XER,94,418
XER,95,363
XER,95,364
XER,95,394
XER,95,395
XER,95,396
XER,95,397
XER,95,398
XER,95,399
XER,95,400
XER,95,401
XER,95,403
XER,95,404
XER,95,405
XER,95,406
XER,95,407
XER,95,408
XER,95,409
XER,95,410
XER,95,411
XER,95,412
XER,95,413
XER,95,414
XER,95,415
XER,95,416
XER,96,363
XER,96,364
XER,96,398
XER,96,399
XER,96,400
XER,96,401
XER,96,402
XER,96,403
XER,96,404
XER,96,405
XER,96,406
XER,96,407
XER,96,408
XER,96,409
XER,96,410
XER,96,411
XER,96,412
XER,96,413
XER,96,414
XER,96,415
XER,96,416
XER,96,417
XER,97,399
XER,97,400
XER,97,401
XER,97,402
XER,97,403
XER,97,404
XER,97,405
XER,97,406
XER,97,407
XER,97,408
XER,97,409
XER,97,410
XER,97,411
XER,97,412
XER,97,413
XER,97,414
XER,97,416
XER,98,399
XER,98,400
XER,98,401
XER,98,402
XER,98,403
XER,98,404
XER,98,405
XER,98,406
XER,98,407
XER,98,408
XER,98,410
XER,98,411
XER,98,412
XER,98,413
XER,99,399
XER,99,400
XER,99,401
XER,99,402
XER,99,403
XER,99,404
XER,100,399
XER,100,400
XER,100,401
XER,100,402
XER,101,400
XER,101,401
XER,289,367
XOC,199,645
XOC,199,646
XOC,201,645
XOC,202,645
XOC,202,646
XOC,203,621
XOC,203,622
XOC,203,623
XOC,203,624
XOC,203,625
XOC,203,626
XOC,203,627
XOC,203,628
XOC,203,633
XOC,203,634
XOC,203,645
XOC,203,646
XOC,204,621
XOC,204,622
XOC,204,623
XOC,204,626
XOC,204,627
XOC,204,628
XOC,204,629
XOC,204,630
XOC,204,632
XOC,204,633
XOC,204,634
XOC,204,644
XOC,204,645
XOC,204,646
XOC,204,647
XOC,205,622
XOC,205,623
XOC,205,624
XOC,205,625
XOC,205,626
XOC,205,627
XOC,205,628
XOC,205,629
XOC,205,630
XOC,205,631
XOC,205,632
XOC,205,633
XOC,205,634
XOC,205,644
XOC,205,645
XOC,205,646
XOC,205,647
XOC,206,621
XOC,206,622
XOC,206,623
XOC,206,624
XOC,206,625
XOC,206,626
XOC,206,627
XOC,206,628
XOC,206,629
XOC,206,630
XOC,206,631
XOC,206,632
XOC,206,633
XOC,206,634
XOC,206,644
XOC,206,645
XOC,206,646
XOC,206,647
XOC,206,648
XOC,207,620
XOC,207,621
XOC,207,622
XOC,207,623
XOC,207,624
XOC,207,625
XOC,207,626
XOC,207,627
XOC,207,628
XOC,207,629
XOC,207,630
XOC,207,631
XOC,207,632
XOC,207,633
XOC,207,634
XOC,207,644
XOC,207,645
XOC,207,646
XOC,207,647
XOC,207,648
XOC,208,613
XOC,208,614
XOC,208,615
XOC,208,620
XOC,208,621
XOC,208,622
XOC,208,623
XOC,208,624
XOC,208,625
XOC,208,626
XOC,208,627
XOC,208,628
XOC,208,629
XOC,208,630
XOC,208,631
XOC,208,632
XOC,208,633
XOC,208,634
XOC,208,644
XOC,208,645
XOC,208,646
XOC,208,647
XOC,208,648
XOC,209,611
XOC,209,612
XOC,209,613
XOC,209,614
XOC,209,615
XOC,209,616
XOC,209,619
XOC,209,620
XOC,209,621
XOC,209,622
XOC,209,623
XOC,209,624
XOC,209,625
XOC,209,626
XOC,209,627
XOC,209,628
XOC,209,629
XOC,209,630
XOC,209,631
XOC,209,632
XOC,209,633
XOC,209,634
XOC,209,644
XOC,209,645
XOC,209,646
XOC,209,647
XOC,209,648
XOC,209,649
XOC,209,650
XOC,210,611
XOC,210,612
XOC,210,613
XOC,210,614
XOC,210,615
XOC,210,616
XOC,210,617
XOC,210,618
XOC,210,619
XOC,210,620
XOC,210,621
XOC,210,622
XOC,210,623
XOC,210,624
XOC,210,625
XOC,210,626
XOC,210,627
XOC,210,628
XOC,210,629
XOC,210,630
XOC,210,631
XOC,210,632
XOC,210,644
XOC,210,645
XOC,210,646
XOC,210,647
XOC,210,648
XOC,210,649
XOC,210,650
XOC,210,651
XOC,211,609
XOC,211,610
XOC,211,611
XOC,211,612
XOC,211,613
XOC,211,614
XOC,211,615
XOC,211,616
XOC,211,617
XOC,211,618
XOC,211,619
XOC,211,620
XOC,211,621
XOC,211,622
XOC,211,623
XOC,211,624
XOC,211,625
XOC,211,626
XOC,211,627
XOC,211,628
XOC,211,629
XOC,211,630
XOC,211,631
XOC,211,632
XOC,211,633
XOC,211,644
XOC,211,645
XOC,211,646
XOC,211,647
XOC,211,648
XOC,211,649
XOC,211,650
XOC,211,651
XOC,212,609
XOC,212,610
XOC,212,611
XOC,212,612
XOC,212,613
XOC,212,614
XOC,212,615
XOC,212,616
XOC,212,617
XOC,212,618
XOC,212,619
XOC,212,620
XOC,212,621
XOC,212,622
XOC,212,623
XOC,212,624
XOC,212,625
XOC,212,626
XOC,212,627
XOC,212,628
XOC,212,629
XOC,212,630
XOC,212,631
XOC,212,632
XOC,212,633
XOC,212,634
XOC,212,635
XOC,212,643
XOC,212,644
XOC,212,645
XOC,212,646
XOC,212,647
XOC,212,648
XOC,212,649
XOC,212,650
XOC,212,651
XOC,213,606
XOC,213,607
XOC,213,608
XOC,213,609
XOC,213,610
XOC,213,611
XOC,213,612
XOC,213,613
XOC,213,614
XOC,213,615
XOC,213,616
XOC,213,617
XOC,213,618
XOC,213,619
XOC,213,620
XOC,213,621
XOC,213,622
XOC,213,623
XOC,213,624
XOC,213,625
XOC,213,626
XOC,213,627
XOC,213,628
XOC,213,629
XOC,213,630
XOC,213,631
XOC,213,632
XOC,213,633
XOC,213,634
XOC,213,635
XOC,213,636
XOC,213,639
XOC,213,640
XOC,213,643
XOC,213,644
XOC,213,645
XOC,213,646
XOC,213,647
XOC,213,648
XOC,213,649
XOC,213,650
XOC,213,651
XOC,214,605
XOC,214,606
XOC,214,607
XOC,214,608
XOC,214,609
XOC,214,610
XOC,214,611
XOC,214,612
XOC,214,613
XOC,214,614
XOC,214,615
XOC,214,616
XOC,214,617
XOC,214,618
XOC,214,619
XOC,214,620
XOC,214,621
XOC,214,622
XOC,214,623
XOC,214,624
XOC,214,625
XOC,214,626
XOC,214,627
XOC,214,628
XOC,214,629
XOC,214,630
XOC,214,631
XOC,214,632
XOC,214,633
XOC,214,634
XOC,214,635
XOC,214,636
XOC,214,637
XOC,214,638
XOC,214,639
XOC,214,640
XOC,214,643
XOC,214,644
XOC,214,645
XOC,214,646
XOC,214,647
XOC,214,648
XOC,214,649
XOC,214,650
XOC,214,651
XOC,214,652
XOC,215,605
XOC,215,606
XOC,215,607
XOC,215,608
XOC,215,609
XOC,215,610
XOC,215,611
XOC,215,612
XOC,215,613
XOC,215,614
XOC,215,615
XOC,215,616
XOC,215,617
XOC,215,618
XOC,215,619
XOC,215,620
XOC,215,621
XOC,215,622
XOC,215,623
XOC,215,624
XOC,215,625
XOC,215,626
XOC,215,627
XOC,215,628
XOC,215,629
XOC,215,630
XOC,215,631
XOC,215,632
XOC,215,633
XOC,215,634
XOC,215,635
XOC,215,636
XOC,215,637
XOC,215,638
XOC,215,639
XOC,215,640
XOC,215,642
XOC,215,643
XOC,215,644
XOC,215,645
XOC,215,646
XOC,215,647
XOC,215,648
XOC,215,649
XOC,215,650
XOC,215,651
XOC,215,652
XOC,215,653
XOC,216,605
XOC,216,606
XOC,216,607
XOC,216,608
XOC,216,609
XOC,216,610
XOC,216,611
XOC,216,612
XOC,216,613
XOC,216,614
XOC,216,615
XOC,216,616
XOC,216,617
XOC,216,618
XOC,216,619
XOC,216,620
XOC,216,621
XOC,216,622
XOC,216,623
XOC,216,624
XOC,216,625
XOC,216,626
XOC,216,627
XOC,216,628
XOC,216,629
XOC,216,630
XOC,216,631
XOC,216,632
XOC,216,633
XOC,216,634
XOC,216,635
XOC,216,636
XOC,216,637
XOC,216,638
XOC,216,639
XOC,216,640
XOC,216,641
XOC,216,642
XOC,216,643
XOC,216,644
XOC,216,645
XOC,216,646
XOC,216,647
XOC,216,648
XOC,216,649
XOC,216,650
XOC,216,651
XOC,216,652
XOC,216,653
XOC,217,604
XOC,217,605
XOC,217,606
XOC,217,607
XOC,217,608
XOC,217,609
XOC,217,610
XOC,217,611
XOC,217,612
XOC,217,613
XOC,217,614
XOC,217,615
XOC,217,616
XOC,217,617
XOC,217,618
XOC,217,619
XOC,217,620
XOC,217,621
XOC,217,622
XOC,217,623
XOC,217,624
XOC,217,625
XOC,217,626
XOC,217,627
XOC,217,628
XOC,217,629
XOC,217,630
XOC,217,631
XOC,217,632
XOC,217,633
XOC,217,634
XOC,217,635
XOC,217,636
XOC,217,637
XOC,217,638
XOC,217,639
XOC,217,640
XOC,217,641
XOC,217,642
XOC,217,643
XOC,217,644
XOC,217,645
XOC,217,646
XOC,217,647
XOC,217,648
XOC,217,649
XOC,217,650
XOC,217,651
XOC,217,652
XOC,217,653
XOC,218,604
XOC,218,605
XOC,218,606
XOC,218,607
XOC,218,608
XOC,218,609
XOC,218,610
XOC,218,611
XOC,218,612
XOC,218,613
XOC,218,614
XOC,218,615
XOC,218,616
XOC,218,617
XOC,218,618
XOC,218,619
XOC,218,620
XOC,218,621
XOC,218,622
XOC,218,623
XOC,218,624
XOC,218,625
XOC,218,626
XOC,218,627
XOC,218,628
XOC,218,629
XOC,218,630
XOC,218,631
XOC,218,632
XOC,218,633
XOC,218,634
XOC,218,635
XOC,218,636
XOC,218,637
XOC,218,638
XOC,218,639
XOC,218,640
XOC,218,641
XOC,218,642
XOC,218,643
XOC,218,644
XOC,218,645
XOC,218,646
XOC,218,647
XOC,218,648
XOC,218,649
XOC,218,650
XOC,218,651
XOC,218,652
XOC,218,653
XOC,218,654
XOC,219,603
XOC,219,604
XOC,219,605
XOC,219,606
XOC,219,607
XOC,219,608
XOC,219,609
XOC,219,610
XOC,219,611
XOC,219,612
XOC,219,613
XOC,219,614
XOC,219,615
XOC,219,616
XOC,219,617
XOC,219,618
XOC,219,619
XOC,219,620
XOC,219,621
XOC,219,622
XOC,219,623
XOC,219,624
XOC,219,625
XOC,219,626
XOC,219,627
XOC,219,628
XOC,219,629
XOC,219,630
XOC,219,631
XOC,219,632
XOC,219,633
XOC,219,634
XOC,219,635
XOC,219,636
XOC,219,637
XOC,219,638
XOC,219,639
XOC,219,640
XOC,219,641
XOC,219,642
XOC,219,643
XOC,219,644
XOC,219,645
XOC,219,646
XOC,219,647
XOC,219,648
XOC,219,649
XOC,219,650
XOC,219,651
XOC,219,652
XOC,219,653
XOC,219,654
XOC,219,655
XOC,219,656
XOC,220,599
XOC,220,600
XOC,220,601
XOC,220,602
XOC,220,603
XOC,220,604
XOC,220,605
XOC,220,606
XOC,220,607
XOC,220,608
XOC,220,609
XOC,220,610
XOC,220,611
XOC,220,612
XOC,220,613
XOC,220,614
XOC,220,615
XOC,220,616
XOC,220,617
XOC,220,618
XOC,220,619
XOC,220,620
XOC,220,621
XOC,220,622
XOC,220,623
XOC,220,624
XOC,220,625
XOC,220,626
XOC,220,627
XOC,220,628
XOC,220,629
XOC,220,630
XOC,220,631
XOC,220,632
XOC,220,633
XOC,220,634
XOC,220,635
XOC,220,636
XOC,220,637
XOC,220,638
XOC,220,639
XOC,220,640
XOC,220,641
XOC,220,642
XOC,220,643
XOC,220,644
XOC,220,645
XOC,220,646
XOC,220,647
XOC,220,648
XOC,220,649
XOC,220,650
XOC,220,651
XOC,220,652
XOC,220,653
XOC,220,654
XOC,220,655
XOC,220,656
XOC,220,657
XOC,221,596
XOC,221,597
XOC,221,598
XOC,221,599
XOC,221,600
XOC,221,601
XOC,221,602
XOC,221,603
XOC,221,604
XOC,221,605
XOC,221,606
XOC,221,607
XOC,221,608
XOC,221,609
XOC,221,610
XOC,221,611
XOC,221,612
XOC,221,613
XOC,221,614
XOC,221,615
XOC,221,616
XOC,221,617
XOC,221,618
XOC,221,619
XOC,221,620
XOC,221,621
XOC,221,622
XOC,221,623
XOC,221,624
XOC,221,625
XOC,221,626
XOC,221,627
XOC,221,628
XOC,221,629
XOC,221,630
XOC,221,631
XOC,221,632
XOC,221,633
XOC,221,634
XOC,221,635
XOC,221,636
XOC,221,637
XOC,221,638
XOC,221,639
XOC,221,640
XOC,221,641
XOC,221,642
XOC,221,643
XOC,221,644
XOC,221,645
XOC,221,646
XOC,221,647
XOC,221,648
XOC,221,649
XOC,221,650
XOC,221,651
XOC,221,652
XOC,221,653
XOC,221,654
XOC,221,655
XOC,221,656
XOC,221,657
XOC,221,658
XOC,221,659
XOC,222,591
XOC,222,593
XOC,222,594
XOC,222,595
XOC,222,596
XOC,222,597
XOC,222,598
XOC,222,599
XOC,222,600
XOC,222,601
XOC,222,602
XOC,222,603
XOC,222,604
XOC,222,605
XOC,222,606
XOC,222,607
XOC,222,608
XOC,222,609
XOC,222,610
XOC,222,611
XOC,222,612
XOC,222,613
XOC,222,614
XOC,222,615
XOC,222,616
XOC,222,617
XOC,222,618
XOC,222,619
XOC,222,620
XOC,222,621
XOC,222,622
XOC,222,623
XOC,222,624
XOC,222,625
XOC,222,626
XOC,222,627
XOC,222,628
XOC,222,629
XOC,222,630
XOC,222,631
XOC,222,632
XOC,222,633
XOC,222,634
XOC,222,635
XOC,222,636
XOC,222,637
XOC,222,638
XOC,222,639
XOC,222,640
XOC,222,641
XOC,222,642
XOC,222,643
XOC,222,644
XOC,222,645
XOC,222,646
XOC,222,647
XOC,222,648
XOC,222,649
XOC,222,650
XOC,222,651
XOC,222,652
XOC,222,653
XOC,222,654
XOC,222,655
XOC,222,656
XOC,222,657
XOC,222,658
XOC,222,659
XOC,223,592
XOC,223,593
XOC,223,594
XOC,223,595
XOC,223,596
XOC,223,597
XOC,223,598
XOC,223,599
XOC,223,600
XOC,223,601
XOC,223,602
XOC,223,603
XOC,223,604
XOC,223,605
XOC,223,606
XOC,223,607
XOC,223,608
XOC,223,609
XOC,223,610
XOC,223,611
XOC,223,612
XOC,223,613
XOC,223,614
XOC,223,615
XOC,223,616
XOC,223,617
XOC,223,618
XOC,223,619
XOC,223,620
XOC,223,621
XOC,223,622
XOC,223,623
XOC,223,624
XOC,223,625
XOC,223,626
XOC,223,627
XOC,223,628
XOC,223,629
XOC,223,630
XOC,223,631
XOC,223,632
XOC,223,633
XOC,223,634
XOC,223,635
XOC,223,636
XOC,223,637
XOC,223,638
XOC,223,639
XOC,223,640
XOC,223,641
XOC,223,642
XOC,223,643
XOC,223,644
XOC,223,645
XOC,223,646
XOC,223,647
XOC,223,648
XOC,223,649
XOC,223,650
XOC,223,651
XOC,223,652
XOC,223,653
XOC,223,654
XOC,223,655
XOC,223,656
XOC,223,657
XOC,223,658
XOC,223,659
XOC,224,588
XOC,224,589
XOC,224,590
XOC,224,591
XOC,224,592
XOC,224,593
XOC,224,594
XOC,224,595
XOC,224,596
XOC,224,597
XOC,224,598
XOC,224,599
XOC,224,600
XOC,224,601
XOC,224,602
XOC,224,603
XOC,224,604
XOC,224,605
XOC,224,606
XOC,224,607
XOC,224,608
XOC,224,609
XOC,224,610
XOC,224,611
XOC,224,612
XOC,224,613
XOC,224,614
XOC,224,615
XOC,224,616
XOC,224,617
XOC,224,618
XOC,224,619
XOC,224,620
XOC,224,621
XOC,224,622
XOC,224,623
XOC,224,624
XOC,224,625
XOC,224,626
XOC,224,627
XOC,224,628
XOC,224,629
XOC,224,630
XOC,224,631
XOC,224,632
XOC,224,633
XOC,224,634
XOC,224,635
XOC,224,636
XOC,224,637
XOC,224,638
XOC,224,639
XOC,224,640
XOC,224,641
XOC,224,642
XOC,224,643
XOC,224,644
XOC,224,645
XOC,224,646
XOC,224,647
XOC,224,648
XOC,224,649
XOC,224,650
XOC,224,651
XOC,224,652
XOC,224,653
XOC,224,654
XOC,224,655
XOC,224,656
XOC,224,657
XOC,224,658
XOC,224,659
XOC,224,660
XOC,224,661
XOC,225,588
XOC,225,589
XOC,225,590
XOC,225,591
XOC,225,592
XOC,225,593
XOC,225,594
XOC,225,595
XOC,225,596
XOC,225,597
XOC,225,598
XOC,225,599
XOC,225,600
XOC,225,601
XOC,225,602
XOC,225,603
XOC,225,604
XOC,225,605
XOC,225,606
XOC,225,607
XOC,225,608
XOC,225,609
XOC,225,610
XOC,225,611
XOC,225,612
XOC,225,613
XOC,225,614
XOC,225,615
XOC,225,616
XOC,225,617
XOC,225,618
XOC,225,619
XOC,225,620
XOC,225,621
XOC,225,622
XOC,225,623
XOC,225,624
XOC,225,625
XOC,225,626
XOC,225,627
XOC,225,628
XOC,225,629
XOC,225,630
XOC,225,631
XOC,225,632
XOC,225,633
XOC,225,634
XOC,225,635
XOC,225,636
XOC,225,637
XOC,225,638
XOC,225,639
XOC,225,640
XOC,225,641
XOC,225,642
XOC,225,643
XOC,225,644
XOC,225,645
XOC,225,646
XOC,225,647
XOC,225,648
XOC,225,649
XOC,225,650
XOC,225,651
XOC,225,652
XOC,225,653
XOC,225,654
XOC,225,655
XOC,225,656
XOC,225,657
XOC,225,658
XOC,225,659
XOC,225,660
XOC,225,661
XOC,225,662
XOC,226,588
XOC,226,589
XOC,226,590
XOC,226,591
XOC,226,592
XOC,226,593
XOC,226,594
XOC,226,595
XOC,226,596
XOC,226,597
XOC,226,598
XOC,226,599
XOC,226,600
XOC,226,601
XOC,226,602
XOC,226,603
XOC,226,604
XOC,226,605
XOC,226,606
XOC,226,607
XOC,226,608
XOC,226,609
XOC,226,610
XOC,226,611
XOC,226,612
XOC,226,613
XOC,226,614
XOC,226,615
XOC,226,616
XOC,226,617
XOC,226,618
XOC,226,619
XOC,226,620
XOC,226,621
XOC,226,622
XOC,226,623
XOC,226,624
XOC,226,625
XOC,226,626
XOC,226,627
XOC,226,628
XOC,226,629
XOC,226,630
XOC,226,631
XOC,226,632
XOC,226,633
XOC,226,634
XOC,226,635
XOC,226,636
XOC,226,637
XOC,226,638
XOC,226,639
XOC,226,640
XOC,226,641
XOC,226,642
XOC,226,643
XOC,226,644
XOC,226,645
XOC,226,646
XOC,226,647
XOC,226,648
XOC,226,649
XOC,226,650
XOC,226,651
XOC,226,652
XOC,226,653
XOC,226,654
XOC,226,655
XOC,226,656
XOC,226,657
XOC,226,658
XOC,226,659
XOC,226,660
XOC,226,661
XOC,226,662
XOC,227,588
XOC,227,589
XOC,227,590
XOC,227,591
XOC,227,592
XOC,227,593
XOC,227,594
XOC,227,595
XOC,227,596
XOC,227,597
XOC,227,598
XOC,227,599
XOC,227,600
XOC,227,601
XOC,227,602
XOC,227,603
XOC,227,604
XOC,227,605
XOC,227,606
XOC,227,607
XOC,227,608
XOC,227,609
XOC,227,610
XOC,227,611
XOC,227,612
XOC,227,613
XOC,227,614
XOC,227,615
XOC,227,616
XOC,227,617
XOC,227,618
XOC,227,619
XOC,227,620
XOC,227,621
XOC,227,622
XOC,227,623
XOC,227,624
XOC,227,625
XOC,227,626
XOC,227,627
XOC,227,628
XOC,227,629
XOC,227,630
XOC,227,631
XOC,227,632
XOC,227,633
XOC,227,634
XOC,227,635
XOC,227,636
XOC,227,637
XOC,227,638
XOC,227,639
XOC,227,640
XOC,227,641
XOC,227,642
XOC,227,643
XOC,227,644
XOC,227,645
XOC,227,646
XOC,227,647
XOC,227,648
XOC,227,649
XOC,227,650
XOC,227,651
XOC,227,652
XOC,227,653
XOC,227,654
XOC,227,655
XOC,227,656
XOC,227,657
XOC,227,658
XOC,227,659
XOC,227,660
XOC,227,661
XOC,227,662
XOC,227,663
XOC,228,588
XOC,228,589
XOC,228,590
XOC,228,591
XOC,228,592
XOC,228,593
XOC,228,594
XOC,228,595
XOC,228,596
XOC,228,597
XOC,228,598
XOC,228,599
XOC,228,600
XOC,228,601
XOC,228,602
XOC,228,603
XOC,228,604
XOC,228,605
XOC,228,606
XOC,228,607
XOC,228,608
XOC,228,609
XOC,228,610
XOC,228,611
XOC,228,612
XOC,228,613
XOC,228,614
XOC,228,615
XOC,228,616
XOC,228,617
XOC,228,618
XOC,228,619
XOC,228,620
XOC,228,621
XOC,228,622
XOC,228,623
XOC,228,624
XOC,228,625
XOC,228,626
XOC,228,627
XOC,228,628
XOC,228,629
XOC,228,630
XOC,228,631
XOC,228,632
XOC,228,633
XOC,228,634
XOC,228,635
XOC,228,636
XOC,228,637
XOC,228,638
XOC,228,639
XOC,228,640
XOC,228,641
XOC,228,642
XOC,228,643
XOC,228,644
XOC,228,645
XOC,228,646
XOC,228,647
XOC,228,648
XOC,228,649
XOC,228,650
XOC,228,651
XOC,228,652
XOC,228,653
XOC,228,654
XOC,228,655
XOC,228,656
XOC,228,657
XOC,228,658
XOC,228,659
XOC,228,660
XOC,228,661
XOC,228,662
XOC,228,663
XOC,228,664
XOC,229,587
XOC,229,588
XOC,229,589
XOC,229,590
XOC,229,591
XOC,229,592
XOC,229,593
XOC,229,594
XOC,229,595
XOC,229,596
XOC,229,597
XOC,229,598
XOC,229,599
XOC,229,600
XOC,229,601
XOC,229,602
XOC,229,603
XOC,229,604
XOC,229,605
XOC,229,606
XOC,229,607
XOC,229,608
XOC,229,609
XOC,229,610
XOC,229,611
XOC,229,612
XOC,229,613
XOC,229,614
XOC,229,615
XOC,229,616
XOC,229,617
XOC,229,618
XOC,229,619
XOC,229,620
XOC,229,621
XOC,229,622
XOC,229,623
XOC,229,624
XOC,229,625
XOC,229,626
XOC,229,627
XOC,229,628
XOC,229,629
XOC,229,630
XOC,229,631
XOC,229,632
XOC,229,633
XOC,229,634
XOC,229,635
XOC,229,636
XOC,229,637
XOC,229,638
XOC,229,639
XOC,229,640
XOC,229,641
XOC,229,642
XOC,229,643
XOC,229,644
XOC,229,645
XOC,229,646
XOC,229,647
XOC,229,648
XOC,229,649
XOC,229,650
XOC,229,651
XOC,229,652
XOC,229,653
XOC,229,654
XOC,229,655
XOC,229,656
XOC,229,657
XOC,229,658
XOC,229,659
XOC,229,660
XOC,229,661
XOC,229,662
XOC,229,663
XOC,229,664
XOC,229,665
XOC,230,587
XOC,230,588
XOC,230,589
XOC,230,590
XOC,230,591
XOC,230,592
XOC,230,593
XOC,230,594
XOC,230,595
XOC,230,596
XOC,230,597
XOC,230,598
XOC,230,599
XOC,230,600
XOC,230,601
XOC,230,602
XOC,230,603
XOC,230,604
XOC,230,605
XOC,230,606
XOC,230,607
XOC,230,608
XOC,230,609
XOC,230,610
XOC,230,611
XOC,230,612
XOC,230,613
XOC,230,614
XOC,230,615
XOC,230,616
XOC,230,617
XOC,230,618
XOC,230,619
XOC,230,620
XOC,230,621
XOC,230,622
XOC,230,623
XOC,230,624
XOC,230,625
XOC,230,626
XOC,230,627
XOC,230,628
XOC,230,629
XOC,230,630
XOC,230,631
XOC,230,632
XOC,230,633
XOC,230,634
XOC,230,635
XOC,230,636
XOC,230,637
XOC,230,638
XOC,230,639
XOC,230,640
XOC,230,641
XOC,230,642
XOC,230,643
XOC,230,644
XOC,230,645
XOC,230,646
XOC,230,647
XOC,230,648
XOC,230,649
XOC,230,650
XOC,230,651
XOC,230,652
XOC,230,653
XOC,230,654
XOC,230,655
XOC,230,656
XOC,230,657
XOC,230,658
XOC,230,659
XOC,230,660
XOC,230,661
XOC,230,662
XOC,230,663
XOC,230,664
XOC,230,665
XOC,230,666
XOC,230,667
XOC,231,586
XOC,231,587
XOC,231,588
XOC,231,589
XOC,231,590
XOC,231,591
XOC,231,592
XOC,231,593
XOC,231,594
XOC,231,595
XOC,231,596
XOC,231,597
XOC,231,598
XOC,231,599
XOC,231,600
XOC,231,601
XOC,231,602
XOC,231,603
XOC,231,604
XOC,231,605
XOC,231,606
XOC,231,607
XOC,231,608
XOC,231,609
XOC,231,610
XOC,231,611
XOC,231,612
XOC,231,613
XOC,231,614
XOC,231,615
XOC,231,616
XOC,231,617
XOC,231,618
XOC,231,619
XOC,231,620
XOC,231,621
XOC,231,622
XOC,231,623
XOC,231,624
XOC,231,625
XOC,231,626
XOC,231,627
XOC,231,628
XOC,231,629
XOC,231,630
XOC,231,631
XOC,231,632
XOC,231,633
XOC,231,634
XOC,231,635
XOC,231,636
XOC,231,637
XOC,231,638
XOC,231,639
XOC,231,640
XOC,231,641
XOC,231,642
XOC,231,643
XOC,231,644
XOC,231,645
XOC,231,646
XOC,231,647
XOC,231,648
XOC,231,649
XOC,231,650
XOC,231,651
XOC,231,652
XOC,231,653
XOC,231,654
XOC,231,655
XOC,231,656
XOC,231,657
XOC,231,658
XOC,231,659
XOC,231,660
XOC,231,661
XOC,231,662
XOC,231,663
XOC,231,664
XOC,231,665
XOC,231,666
XOC,231,667
XOC,232,586
XOC,232,587
XOC,232,588
XOC,232,589
XOC,232,590
XOC,232,591
XOC,232,592
XOC,232,593
XOC,232,594
XOC,232,595
XOC,232,596
XOC,232,597
XOC,232,598
XOC,232,599
XOC,232,600
XOC,232,601
XOC,232,602
XOC,232,603
XOC,232,604
XOC,232,605
XOC,232,606
XOC,232,607
XOC,232,608
XOC,232,609
XOC,232,610
XOC,232,611
XOC,232,612
XOC,232,613
XOC,232,614
XOC,232,615
XOC,232,616
XOC,232,617
XOC,232,618
XOC,232,619
XOC,232,620
XOC,232,621
XOC,232,622
XOC,232,623
XOC,232,624
XOC,232,625
XOC,232,626
XOC,232,627
XOC,232,628
XOC,232,629
XOC,232,630
XOC,232,631
XOC,232,632
XOC,232,633
XOC,232,634
XOC,232,635
XOC,232,636
XOC,232,637
XOC,232,638
XOC,232,639
XOC,232,640
XOC,232,641
XOC,232,642
XOC,232,643
XOC,232,644
XOC,232,645
XOC,232,646
XOC,232,647
XOC,232,648
XOC,232,649
XOC,232,650
XOC,232,651
XOC,232,652
XOC,232,653
XOC,232,654
XOC,232,655
XOC,232,656
XOC,232,657
XOC,232,658
XOC,232,659
XOC,232,660
XOC,232,661
XOC,232,662
XOC,232,663
XOC,232,664
XOC,232,665
XOC,232,666
XOC,232,667
XOC,233,587
XOC,233,588
XOC,233,589
XOC,233,590
XOC,233,591
XOC,233,592
XOC,233,593
XOC,233,594
XOC,233,595
XOC,233,596
XOC,233,597
XOC,233,598
XOC,233,599
XOC,233,600
XOC,233,601
XOC,233,602
XOC,233,603
XOC,233,604
XOC,233,605
XOC,233,606
XOC,233,607
XOC,233,608
XOC,233,609
XOC,233,610
XOC,233,611
XOC,233,612
XOC,233,613
XOC,233,614
XOC,233,615
XOC,233,616
XOC,233,617
XOC,233,618
XOC,233,619
XOC,233,620
XOC,233,621
XOC,233,622
XOC,233,623
XOC,233,624
XOC,233,625
XOC,233,626
XOC,233,627
XOC,233,628
XOC,233,629
XOC,233,630
XOC,233,631
XOC,233,632
XOC,233,633
XOC,233,634
XOC,233,635
XOC,233,636
XOC,233,637
XOC,233,638
XOC,233,639
XOC,233,640
XOC,233,641
XOC,233,642
XOC,233,643
XOC,233,644
XOC,233,645
XOC,233,646
XOC,233,647
XOC,233,648
XOC,233,649
XOC,233,650
XOC,233,651
XOC,233,652
XOC,233,653
XOC,233,654
XOC,233,655
XOC,233,656
XOC,233,657
XOC,233,658
XOC,233,659
XOC,233,660
XOC,233,661
XOC,233,662
XOC,233,663
XOC,233,664
XOC,233,665
XOC,233,666
XOC,233,667
XOC,234,588
XOC,234,589
XOC,234,590
XOC,234,591
XOC,234,592
XOC,234,593
XOC,234,594
XOC,234,595
XOC,234,596
XOC,234,597
XOC,234,598
XOC,234,599
XOC,234,600
XOC,234,601
XOC,234,602
XOC,234,603
XOC,234,604
XOC,234,605
XOC,234,606
XOC,234,607
XOC,234,608
XOC,234,609
XOC,234,610
XOC,234,611
XOC,234,612
XOC,234,613
XOC,234,614
XOC,234,615
XOC,234,616
XOC,234,617
XOC,234,618
XOC,234,619
XOC,234,620
XOC,234,621
XOC,234,622
XOC,234,623
XOC,234,624
XOC,234,625
XOC,234,626
XOC,234,627
XOC,234,628
XOC,234,629
XOC,234,630
XOC,234,631
XOC,234,632
XOC,234,633
XOC,234,634
XOC,234,635
XOC,234,636
XOC,234,637
XOC,234,638
XOC,234,639
XOC,234,640
XOC,234,641
XOC,234,642
XOC,234,643
XOC,234,644
XOC,234,645
XOC,234,646
XOC,234,647
XOC,234,648
XOC,234,649
XOC,234,650
XOC,234,651
XOC,234,652
XOC,234,653
XOC,234,654
XOC,234,655
XOC,234,656
XOC,234,657
XOC,234,658
XOC,234,659
XOC,234,660
XOC,234,661
XOC,234,662
XOC,234,663
XOC,234,664
XOC,234,665
XOC,234,666
XOC,234,667
XOC,235,588
XOC,235,589
XOC,235,590
XOC,235,591
XOC,235,592
XOC,235,593
XOC,235,594
XOC,235,595
XOC,235,596
XOC,235,597
XOC,235,598
XOC,235,599
XOC,235,600
XOC,235,601
XOC,235,602
XOC,235,603
XOC,235,604
XOC,235,605
XOC,235,606
XOC,235,607
XOC,235,608
XOC,235,609
XOC,235,610
XOC,235,611
XOC,235,612
XOC,235,613
XOC,235,614
XOC,235,615
XOC,235,616
XOC,235,617
XOC,235,618
XOC,235,619
XOC,235,620
XOC,235,621
XOC,235,622
XOC,235,623
XOC,235,624
XOC,235,625
XOC,235,626
XOC,235,627
XOC,235,628
XOC,235,629
XOC,235,630
XOC,235,631
XOC,235,632
XOC,235,633
XOC,235,634
XOC,235,635
XOC,235,636
XOC,235,637
XOC,235,638
XOC,235,639
XOC,235,640
XOC,235,641
XOC,235,642
XOC,235,643
XOC,235,644
XOC,235,645
XOC,235,646
XOC,235,647
XOC,235,648
XOC,235,649
XOC,235,650
XOC,235,651
XOC,235,652
XOC,235,653
XOC,235,654
XOC,235,655
XOC,235,656
XOC,235,657
XOC,235,658
XOC,235,659
XOC,235,660
XOC,235,661
XOC,235,662
XOC,235,663
XOC,235,664
XOC,235,665
XOC,235,666
XOC,235,667
XOC,235,668
XOC,236,589
XOC,236,590
XOC,236,591
XOC,236,592
XOC,236,593
XOC,236,594
XOC,236,595
XOC,236,596
XOC,236,597
XOC,236,598
XOC,236,599
XOC,236,600
XOC,236,601
XOC,236,602
XOC,236,603
XOC,236,604
XOC,236,605
XOC,236,606
XOC,236,607
XOC,236,608
XOC,236,609
XOC,236,610
XOC,236,611
XOC,236,612
XOC,236,613
XOC,236,614
XOC,236,615
XOC,236,616
XOC,236,617
XOC,236,618
XOC,236,619
XOC,236,620
XOC,236,621
XOC,236,622
XOC,236,623
XOC,236,624
XOC,236,625
XOC,236,626
XOC,236,627
XOC,236,628
XOC,236,629
XOC,236,630
XOC,236,631
XOC,236,632
XOC,236,633
XOC,236,634
XOC,236,635
XOC,236,636
XOC,236,637
XOC,236,638
XOC,236,639
XOC,236,640
XOC,236,641
XOC,236,642
XOC,236,643
XOC,236,644
XOC,236,645
XOC,236,646
XOC,236,647
XOC,236,648
XOC,236,649
XOC,236,650
XOC,236,651
XOC,236,652
XOC,236,653
XOC,236,654
XOC,236,655
XOC,236,656
XOC,236,657
XOC,236,658
XOC,236,659
XOC,236,660
XOC,236,661
XOC,236,662
XOC,236,663
XOC,236,664
XOC,236,665
XOC,236,666
XOC,236,667
XOC,237,588
XOC,237,589
XOC,237,590
XOC,237,591
XOC,237,592
XOC,237,593
XOC,237,594
XOC,237,595
XOC,237,596
XOC,237,597
XOC,237,598
XOC,237,599
XOC,237,600
XOC,237,601
XOC,237,602
XOC,237,603
XOC,237,604
XOC,237,605
XOC,237,606
XOC,237,607
XOC,237,608
XOC,237,609
XOC,237,610
XOC,237,611
XOC,237,612
XOC,237,613
XOC,237,614
XOC,237,615
XOC,237,616
XOC,237,617
XOC,237,618
XOC,237,619
XOC,237,620
XOC,237,621
XOC,237,622
XOC,237,623
XOC,237,624
XOC,237,625
XOC,237,626
XOC,237,627
XOC,237,628
XOC,237,629
XOC,237,630
XOC,237,631
XOC,237,632
XOC,237,633
XOC,237,634
XOC,237,635
XOC,237,636
XOC,237,637
XOC,237,638
XOC,237,639
XOC,237,640
XOC,237,641
XOC,237,642
XOC,237,643
XOC,237,644
XOC,237,645
XOC,237,646
XOC,237,647
XOC,237,648
XOC,237,649
XOC,237,650
XOC,237,651
XOC,237,652
XOC,237,653
XOC,237,654
XOC,237,655
XOC,237,656
XOC,237,657
XOC,237,658
XOC,237,659
XOC,237,660
XOC,237,661
XOC,237,662
XOC,237,663
XOC,237,664
XOC,237,665
XOC,237,666
XOC,237,667
XOC,237,668
XOC,238,590
XOC,238,591
XOC,238,592
XOC,238,593
XOC,238,594
XOC,238,595
XOC,238,596
XOC,238,597
XOC,238,598
XOC,238,599
XOC,238,600
XOC,238,601
XOC,238,602
XOC,238,603
XOC,238,604
XOC,238,605
XOC,238,606
XOC,238,607
XOC,238,608
XOC,238,609
XOC,238,610
XOC,238,611
XOC,238,612
XOC,238,613
XOC,238,614
XOC,238,615
XOC,238,616
XOC,238,617
XOC,238,618
XOC,238,619
XOC,238,620
XOC,238,621
XOC,238,622
XOC,238,623
XOC,238,624
XOC,238,625
XOC,238,626
XOC,238,627
XOC,238,628
XOC,238,629
XOC,238,630
XOC,238,631
XOC,238,632
XOC,238,633
XOC,238,634
XOC,238,635
XOC,238,636
XOC,238,637
XOC,238,638
XOC,238,639
XOC,238,640
XOC,238,641
XOC,238,642
XOC,238,643
XOC,238,644
XOC,238,645
XOC,238,646
XOC,238,647
XOC,238,648
XOC,238,649
XOC,238,650
XOC,238,651
XOC,238,652
XOC,238,653
XOC,238,654
XOC,238,655
XOC,238,656
XOC,238,657
XOC,238,658
XOC,238,659
XOC,238,660
XOC,238,661
XOC,238,662
XOC,238,663
XOC,238,664
XOC,238,665
XOC,238,666
XOC,238,667
XOC,238,668
XOC,239,5
XOC,239,590
XOC,239,591
XOC,239,592
XOC,239,593
XOC,239,594
XOC,239,595
XOC,239,596
XOC,239,597
XOC,239,598
XOC,239,599
XOC,239,600
XOC,239,601
XOC,239,602
XOC,239,603
XOC,239,604
XOC,239,605
XOC,239,606
XOC,239,607
XOC,239,608
XOC,239,609
XOC,239,610
XOC,239,611
XOC,239,612
XOC,239,613
XOC,239,614
XOC,239,615
XOC,239,616
XOC,239,617
XOC,239,618
XOC,239,619
XOC,239,620
XOC,239,621
XOC,239,622
XOC,239,623
XOC,239,624
XOC,239,625
XOC,239,626
XOC,239,627
XOC,239,628
XOC,239,629
XOC,239,630
XOC,239,631
XOC,239,632
XOC,239,633
XOC,239,634
XOC,239,635
XOC,239,636
XOC,239,637
XOC,239,638
XOC,239,639
XOC,239,640
XOC,239,641
XOC,239,642
XOC,239,643
XOC,239,644
XOC,239,645
XOC,239,646
XOC,239,647
XOC,239,648
XOC,239,649
XOC,239,650
XOC,239,651
XOC,239,652
XOC,239,653
XOC,239,654
XOC,239,655
XOC,239,656
XOC,239,657
XOC,239,658
XOC,239,659
XOC,239,660
XOC,239,661
XOC,239,662
XOC,239,663
XOC,239,664
XOC,239,665
XOC,239,666
XOC,239,667
XOC,240,590
XOC,240,591
XOC,240,592
XOC,240,593
XOC,240,594
XOC,240,595
XOC,240,596
XOC,240,597
XOC,240,598
XOC,240,599
XOC,240,600
XOC,240,601
XOC,240,602
XOC,240,603
XOC,240,604
XOC,240,605
XOC,240,606
XOC,240,607
XOC,240,608
XOC,240,609
XOC,240,610
XOC,240,611
XOC,240,612
XOC,240,613
XOC,240,614
XOC,240,615
XOC,240,616
XOC,240,617
XOC,240,618
XOC,240,619
XOC,240,620
XOC,240,621
XOC,240,622
XOC,240,623
XOC,240,624
XOC,240,625
XOC,240,626
XOC,240,627
XOC,240,628
XOC,240,629
XOC,240,630
XOC,240,631
XOC,240,632
XOC,240,633
XOC,240,634
XOC,240,635
XOC,240,636
XOC,240,637
XOC,240,638
XOC,240,639
XOC,240,640
XOC,240,641
XOC,240,642
XOC,240,643
XOC,240,644
XOC,240,645
XOC,240,646
XOC,240,647
XOC,240,648
XOC,240,649
XOC,240,650
XOC,240,651
XOC,240,652
XOC,240,653
XOC,240,654
XOC,240,655
XOC,240,656
XOC,240,657
XOC,240,658
XOC,240,659
XOC,240,660
XOC,240,661
XOC,240,662
XOC,240,663
XOC,240,664
XOC,240,665
XOC,240,666
XOC,240,667
XOC,241,590
XOC,241,591
XOC,241,592
XOC,241,593
XOC,241,594
XOC,241,595
XOC,241,596
XOC,241,597
XOC,241,598
XOC,241,599
XOC,241,600
XOC,241,601
XOC,241,602
XOC,241,603
XOC,241,604
XOC,241,605
XOC,241,606
XOC,241,607
XOC,241,608
XOC,241,609
XOC,241,610
XOC,241,611
XOC,241,612
XOC,241,613
XOC,241,614
XOC,241,615
XOC,241,616
XOC,241,617
XOC,241,618
XOC,241,619
XOC,241,620
XOC,241,621
XOC,241,622
XOC,241,623
XOC,241,624
XOC,241,625
XOC,241,626
XOC,241,627
XOC,241,628
XOC,241,629
XOC,241,630
XOC,241,631
XOC,241,632
XOC,241,633
XOC,241,634
XOC,241,635
XOC,241,636
XOC,241,637
XOC,241,638
XOC,241,639
XOC,241,640
XOC,241,641
XOC,241,642
XOC,241,643
XOC,241,644
XOC,241,645
XOC,241,646
XOC,241,647
XOC,241,648
XOC,241,649
XOC,241,650
XOC,241,651
XOC,241,652
XOC,241,653
XOC,241,654
XOC,241,655
XOC,241,656
XOC,241,657
XOC,241,658
XOC,241,659
XOC,241,660
XOC,241,661
XOC,241,662
XOC,241,663
XOC,241,664
XOC,241,665
XOC,241,666
XOC,241,667
XOC,242,591
XOC,242,592
XOC,242,593
XOC,242,594
XOC,242,595
XOC,242,596
XOC,242,597
XOC,242,598
XOC,242,599
XOC,242,600
XOC,242,601
XOC,242,602
XOC,242,603
XOC,242,604
XOC,242,605
XOC,242,606
XOC,242,607
XOC,242,608
XOC,242,609
XOC,242,610
XOC,242,611
XOC,242,612
XOC,242,613
XOC,242,614
XOC,242,615
XOC,242,616
XOC,242,617
XOC,242,618
XOC,242,619
XOC,242,620
XOC,242,621
XOC,242,622
XOC,242,623
XOC,242,624
XOC,242,625
XOC,242,626
XOC,242,627
XOC,242,628
XOC,242,629
XOC,242,630
XOC,242,631
XOC,242,632
XOC,242,633
XOC,242,634
XOC,242,635
XOC,242,636
XOC,242,637
XOC,242,638
XOC,242,639
XOC,242,640
XOC,242,641
XOC,242,642
XOC,242,643
XOC,242,644
XOC,242,645
XOC,242,646
XOC,242,647
XOC,242,648
XOC,242,649
XOC,242,650
XOC,242,651
XOC,242,652
XOC,242,653
XOC,242,654
XOC,242,655
XOC,242,656
XOC,242,657
XOC,242,658
XOC,242,659
XOC,242,660
XOC,242,661
XOC,242,662
XOC,242,663
XOC,242,664
XOC,242,665
XOC,242,666
XOC,242,667
XOC,243,591
XOC,243,592
XOC,243,593
XOC,243,594
XOC,243,595
XOC,243,596
XOC,243,597
XOC,243,598
XOC,243,599
XOC,243,600
XOC,243,601
XOC,243,602
XOC,243,603
XOC,243,604
XOC,243,605
XOC,243,606
XOC,243,607
XOC,243,608
XOC,243,609
XOC,243,610
XOC,243,611
XOC,243,612
XOC,243,613
XOC,243,614
XOC,243,615
XOC,243,616
XOC,243,617
XOC,243,618
XOC,243,619
XOC,243,620
XOC,243,621
XOC,243,622
XOC,243,623
XOC,243,624
XOC,243,625
XOC,243,626
XOC,243,627
XOC,243,628
XOC,243,629
XOC,243,630
XOC,243,631
XOC,243,632
XOC,243,633
XOC,243,634
XOC,243,635
XOC,243,636
XOC,243,637
XOC,243,638
XOC,243,639
XOC,243,640
XOC,243,641
XOC,243,642
XOC,243,643
XOC,243,644
XOC,243,645
XOC,243,646
XOC,243,647
XOC,243,648
XOC,243,649
XOC,243,650
XOC,243,651
XOC,243,652
XOC,243,653
XOC,243,654
XOC,243,655
XOC,243,656
XOC,243,657
XOC,243,658
XOC,243,659
XOC,243,660
XOC,243,661
XOC,243,662
XOC,243,663
XOC,243,664
XOC,243,665
XOC,243,666
XOC,243,667
XOC,244,592
XOC,244,593
XOC,244,594
XOC,244,595
XOC,244,596
XOC,244,597
XOC,244,598
XOC,244,599
XOC,244,600
XOC,244,601
XOC,244,602
XOC,244,603
XOC,244,604
XOC,244,605
XOC,244,606
XOC,244,607
XOC,244,608
XOC,244,609
XOC,244,610
XOC,244,611
XOC,244,612
XOC,244,613
XOC,244,614
XOC,244,615
XOC,244,616
XOC,244,617
XOC,244,618
XOC,244,619
XOC,244,620
XOC,244,621
XOC,244,622
XOC,244,623
XOC,244,624
XOC,244,625
XOC,244,626
XOC,244,627
XOC,244,628
XOC,244,629
XOC,244,630
XOC,244,631
XOC,244,632
XOC,244,633
XOC,244,634
XOC,244,635
XOC,244,636
XOC,244,637
XOC,244,638
XOC,244,639
XOC,244,640
XOC,244,641
XOC,244,642
XOC,244,643
XOC,244,644
XOC,244,645
XOC,244,646
XOC,244,647
XOC,244,648
XOC,244,649
XOC,244,650
XOC,244,651
XOC,244,652
XOC,244,653
XOC,244,654
XOC,244,655
XOC,244,656
XOC,244,657
XOC,244,658
XOC,244,659
XOC,244,660
XOC,244,661
XOC,244,662
XOC,244,663
XOC,244,664
XOC,244,665
XOC,244,666
XOC,245,592
XOC,245,593
XOC,245,594
XOC,245,595
XOC,245,596
XOC,245,597
XOC,245,598
XOC,245,599
XOC,245,600
XOC,245,601
XOC,245,602
XOC,245,603
XOC,245,604
XOC,245,605
XOC,245,606
XOC,245,607
XOC,245,608
XOC,245,609
XOC,245,610
XOC,245,611
XOC,245,612
XOC,245,613
XOC,245,614
XOC,245,615
XOC,245,616
XOC,245,617
XOC,245,626
XOC,245,627
XOC,245,628
XOC,245,629
XOC,245,630
XOC,245,631
XOC,245,632
XOC,245,633
XOC,245,634
XOC,245,635
XOC,245,636
XOC,245,637
XOC,245,638
XOC,245,639
XOC,245,640
XOC,245,641
XOC,245,642
XOC,245,643
XOC,245,644
XOC,245,645
XOC,245,646
XOC,245,647
XOC,245,648
XOC,245,649
XOC,245,650
XOC,245,651
XOC,245,652
XOC,245,653
XOC,245,654
XOC,245,655
XOC,245,656
XOC,245,657
XOC,245,658
XOC,245,659
XOC,245,660
XOC,245,661
XOC,245,662
XOC,245,663
XOC,245,664
XOC,245,665
XOC,245,666
XOC,246,592
XOC,246,593
XOC,246,594
XOC,246,595
XOC,246,596
XOC,246,597
XOC,246,598
XOC,246,599
XOC,246,600
XOC,246,601
XOC,246,602
XOC,246,603
XOC,246,604
XOC,246,605
XOC,246,606
XOC,246,607
XOC,246,608
XOC,246,609
XOC,246,610
XOC,246,611
XOC,246,612
XOC,246,629
XOC,246,630
XOC,246,631
XOC,246,632
XOC,246,633
XOC,246,634
XOC,246,635
XOC,246,636
XOC,246,637
XOC,246,638
XOC,246,639
XOC,246,640
XOC,246,641
XOC,246,642
XOC,246,643
XOC,246,644
XOC,246,645
XOC,246,646
XOC,246,647
XOC,246,648
XOC,246,649
XOC,246,650
XOC,246,651
XOC,246,652
XOC,246,653
XOC,246,654
XOC,246,655
XOC,246,656
XOC,246,657
XOC,246,658
XOC,246,659
XOC,246,660
XOC,246,661
XOC,246,662
XOC,246,663
XOC,246,664
XOC,246,665
XOC,247,592
XOC,247,593
XOC,247,594
XOC,247,595
XOC,247,596
XOC,247,597
XOC,247,598
XOC,247,599
XOC,247,600
XOC,247,601
XOC,247,602
XOC,247,603
XOC,247,604
XOC,247,605
XOC,247,606
XOC,247,607
XOC,247,608
XOC,247,609
XOC,247,629
XOC,247,630
XOC,247,631
XOC,247,632
XOC,247,633
XOC,247,634
XOC,247,635
XOC,247,636
XOC,247,637
XOC,247,638
XOC,247,639
XOC,247,640
XOC,247,641
XOC,247,642
XOC,247,643
XOC,247,644
XOC,247,645
XOC,247,646
XOC,247,647
XOC,247,648
XOC,247,649
XOC,247,650
XOC,247,651
XOC,247,652
XOC,247,653
XOC,247,654
XOC,247,655
XOC,247,656
XOC,247,657
XOC,247,658
XOC,247,659
XOC,247,660
XOC,247,661
XOC,247,662
XOC,247,663
XOC,247,664
XOC,248,591
XOC,248,592
XOC,248,593
XOC,248,594
XOC,248,595
XOC,248,596
XOC,248,597
XOC,248,598
XOC,248,599
XOC,248,600
XOC,248,601
XOC,248,602
XOC,248,603
XOC,248,604
XOC,248,605
XOC,248,606
XOC,248,607
XOC,248,608
XOC,248,630
XOC,248,631
XOC,248,632
XOC,248,633
XOC,248,634
XOC,248,635
XOC,248,636
XOC,248,637
XOC,248,638
XOC,248,639
XOC,248,640
XOC,248,641
XOC,248,642
XOC,248,643
XOC,248,644
XOC,248,645
XOC,248,646
XOC,248,647
XOC,248,648
XOC,248,649
XOC,248,650
XOC,248,651
XOC,248,652
XOC,248,653
XOC,248,654
XOC,248,655
XOC,248,656
XOC,248,657
XOC,248,658
XOC,248,659
XOC,248,660
XOC,248,661
XOC,248,662
XOC,248,663
XOC,249,591
XOC,249,592
XOC,249,593
XOC,249,594
XOC,249,595
XOC,249,596
XOC,249,597
XOC,249,598
XOC,249,599
XOC,249,600
XOC,249,631
XOC,249,632
XOC,249,633
XOC,249,635
XOC,249,636
XOC,249,637
XOC,249,638
XOC,249,639
XOC,249,640
XOC,249,641
XOC,249,642
XOC,249,643
XOC,249,644
XOC,249,645
XOC,249,646
XOC,249,647
XOC,249,648
XOC,249,649
XOC,249,650
XOC,249,651
XOC,249,652
XOC,249,653
XOC,249,654
XOC,249,655
XOC,249,656
XOC,249,657
XOC,249,658
XOC,249,659
XOC,249,660
XOC,249,661
XOC,249,662
XOC,249,663
XOC,249,705
XOC,249,706
XOC,249,707
XOC,250,592
XOC,250,593
XOC,250,594
XOC,250,595
XOC,250,596
XOC,250,597
XOC,250,598
XOC,250,631
XOC,250,632
XOC,250,633
XOC,250,635
XOC,250,636
XOC,250,637
XOC,250,638
XOC,250,639
XOC,250,640
XOC,250,641
XOC,250,642
XOC,250,643
XOC,250,644
XOC,250,645
XOC,250,646
XOC,250,647
XOC,250,648
XOC,250,649
XOC,250,650
XOC,250,651
XOC,250,652
XOC,250,653
XOC,250,654
XOC,250,655
XOC,250,656
XOC,250,657
XOC,250,658
XOC,250,659
XOC,250,660
XOC,250,661
XOC,250,662
XOC,250,706
XOC,250,707
XOC,250,708
XOC,251,594
XOC,251,595
XOC,251,596
XOC,251,633
XOC,251,634
XOC,251,635
XOC,251,636
XOC,251,637
XOC,251,638
XOC,251,639
XOC,251,640
XOC,251,641
XOC,251,642
XOC,251,643
XOC,251,644
XOC,251,645
XOC,251,646
XOC,251,647
XOC,251,648
XOC,251,649
XOC,251,650
XOC,251,651
XOC,251,652
XOC,251,653
XOC,251,654
XOC,251,655
XOC,251,656
XOC,251,657
XOC,251,658
XOC,251,659
XOC,251,660
XOC,251,661
XOC,251,662
XOC,251,707
XOC,251,708
XOC,251,709
XOC,251,710
XOC,252,634
XOC,252,635
XOC,252,636
XOC,252,637
XOC,252,638
XOC,252,639
XOC,252,640
XOC,252,641
XOC,252,642
XOC,252,643
XOC,252,644
XOC,252,645
XOC,252,646
XOC,252,647
XOC,252,648
XOC,252,649
XOC,252,650
XOC,252,651
XOC,252,652
XOC,252,653
XOC,252,654
XOC,252,655
XOC,252,656
XOC,252,657
XOC,252,658
XOC,252,659
XOC,252,660
XOC,252,661
XOC,252,707
XOC,252,708
XOC,252,709
XOC,252,710
XOC,253,634
XOC,253,635
XOC,253,636
XOC,253,640
XOC,253,641
XOC,253,642
XOC,253,643
XOC,253,644
XOC,253,645
XOC,253,646
XOC,253,647
XOC,253,648
XOC,253,649
XOC,253,650
XOC,253,651
XOC,253,652
XOC,253,653
XOC,253,654
XOC,253,655
XOC,253,656
XOC,253,657
XOC,253,658
XOC,253,659
XOC,253,660
XOC,253,661
XOC,253,708
XOC,253,709
XOC,253,710
XOC,253,711
XOC,253,712
XOC,254,640
XOC,254,641
XOC,254,642
XOC,254,643
XOC,254,644
XOC,254,645
XOC,254,646
XOC,254,647
XOC,254,648
XOC,254,649
XOC,254,650
XOC,254,651
XOC,254,652
XOC,254,653
XOC,254,654
XOC,254,655
XOC,254,656
XOC,254,657
XOC,254,658
XOC,254,659
XOC,254,660
XOC,254,661
XOC,254,709
XOC,254,710
XOC,254,711
XOC,254,712
XOC,255,640
XOC,255,641
XOC,255,642
XOC,255,643
XOC,255,644
XOC,255,645
XOC,255,646
XOC,255,647
XOC,255,648
XOC,255,649
XOC,255,650
XOC,255,651
XOC,255,652
XOC,255,653
XOC,255,654
XOC,255,655
XOC,255,656
XOC,255,657
XOC,255,658
XOC,255,659
XOC,255,660
XOC,255,661
XOC,255,710
XOC,255,711
XOC,255,712
XOC,255,713
XOC,256,641
XOC,256,642
XOC,256,643
XOC,256,644
XOC,256,645
XOC,256,646
XOC,256,647
XOC,256,648
XOC,256,649
XOC,256,650
XOC,256,651
XOC,256,652
XOC,256,653
XOC,256,654
XOC,256,655
XOC,256,656
XOC,256,657
XOC,256,658
XOC,256,659
XOC,256,660
XOC,256,710
XOC,256,711
XOC,256,712
XOC,256,713
XOC,256,714
XOC,256,715
XOC,256,716
XOC,256,717
XOC,256,718
XOC,257,642
XOC,257,643
XOC,257,644
XOC,257,645
XOC,257,646
XOC,257,647
XOC,257,648
XOC,257,649
XOC,257,650
XOC,257,651
XOC,257,652
XOC,257,653
XOC,257,654
XOC,257,655
XOC,257,656
XOC,257,710
XOC,257,711
XOC,257,712
XOC,257,713
XOC,257,714
XOC,257,715
XOC,257,716
XOC,257,717
XOC,258,646
XOC,258,647
XOC,258,648
XOC,258,651
XOC,258,652
XOC,258,653
XOC,258,654
XOC,258,655
XOC,258,709
XOC,258,710
XOC,258,711
XOC,258,712
XOC,258,713
XOC,258,714
XOC,258,715
XOC,258,716
XOC,258,717
XOC,259,653
XOC,259,708
XOC,259,709
XOC,259,710
XOC,259,711
XOC,259,712
XOC,259,713
XOC,259,714
XOC,259,715
XOC,259,716
XOC,260,648
XOC,260,649
XOC,260,656
XOC,260,657
XOC,260,709
XOC,260,710
XOC,260,711
XOC,260,712
XOC,260,713
XOC,260,714
XOC,260,715
XOC,261,648
XOC,261,649
XOC,261,650
XOC,261,656
XOC,261,657
XOC,261,711
XOC,261,712
XOC,261,713
XOC,261,714
XOC,262,650
XOC,262,651
XOC,262,652
XOC,262,655
XOC,262,656
XOC,262,657
XOC,262,705
XOC,262,706
XOC,262,707
XOC,262,708
XOC,262,709
XOC,262,710
XOC,262,711
XOC,262,712
XOC,262,713
XOC,263,650
XOC,263,651
XOC,263,652
XOC,263,653
XOC,263,654
XOC,263,655
XOC,263,656
XOC,263,657
XOC,263,705
XOC,263,706
XOC,263,707
XOC,263,708
XOC,263,709
XOC,263,710
XOC,263,711
XOC,263,712
XOC,263,713
XOC,264,650
XOC,264,651
XOC,264,652
XOC,264,653
XOC,264,654
XOC,264,655
XOC,264,656
XOC,264,657
XOC,264,703
XOC,264,704
XOC,264,705
XOC,264,706
XOC,264,707
XOC,264,708
XOC,264,709
XOC,264,711
XOC,265,651
XOC,265,652
XOC,265,653
XOC,265,654
XOC,265,655
XOC,265,656
XOC,265,657
XOC,265,703
XOC,265,704
XOC,265,705
XOC,265,706
XOC,265,707
XOC,265,708
XOC,266,651
XOC,266,652
XOC,266,653
XOC,266,654
XOC,266,655
XOC,266,656
XOC,266,657
XOC,266,702
XOC,266,703
XOC,266,704
XOC,266,705
XOC,266,706
XOC,266,707
XOC,266,708
XOC,267,652
XOC,267,653
XOC,267,654
XOC,267,655
XOC,267,656
XOC,267,657
XOC,267,700
XOC,267,701
XOC,267,702
XOC,267,703
XOC,267,704
XOC,267,705
XOC,267,706
XOC,267,707
XOC,268,7
XOC,268,8
XOC,268,654
XOC,268,698
XOC,268,699
XOC,268,700
XOC,268,701
XOC,268,702
XOC,268,703
XOC,268,704
XOC,268,705
XOC,268,706
XOC,268,707
XOC,269,7
XOC,269,8
XOC,269,696
XOC,269,697
XOC,269,698
XOC,269,699
XOC,269,700
XOC,269,701
XOC,269,702
XOC,269,703
XOC,269,704
XOC,270,695
XOC,270,696
XOC,270,697
XOC,270,698
XOC,270,699
XOC,270,700
XOC,270,701
XOC,270,702
XOC,270,703
XOC,271,694
XOC,271,695
XOC,271,696
XOC,271,697
XOC,271,698
XOC,271,699
XOC,271,700
XOC,271,701
XOC,271,702
XOC,271,703
XOC,272,694
XOC,272,695
XOC,272,696
XOC,272,697
XOC,272,698
XOC,272,699
XOC,272,700
XOC,272,701
XOC,272,702
XOC,273,694
XOC,273,695
XOC,273,696
XOC,273,697
XOC,273,698
XOC,273,699
XOC,273,700
XOC,273,701
XOC,274,696
XOC,274,697
XOC,274,698
XOC,274,699
XOC,274,700
XOC,275,696
XOC,275,697
XOC,280,718
XOC,282,692
XOC,282,693
XOC,285,699
XOC,286,699
XOC,289,678
XOC,290,678
XSE,76,558
XSE,76,559
XSE,77,557
XSE,77,558
XSE,77,559
XSE,77,560
XSE,77,561
XSE,77,562
XSE,77,563
XSE,78,556
XSE,78,557
XSE,78,558
XSE,78,559
XSE,78,560
XSE,78,561
XSE,78,562
XSE,78,563
XSE,78,564
XSE,78,565
XSE,79,543
XSE,79,544
XSE,79,545
XSE,79,546
XSE,79,547
XSE,79,548
XSE,79,549
XSE,79,556
XSE,79,557
XSE,79,558
XSE,79,559
XSE,79,560
XSE,79,561
XSE,79,562
XSE,79,563
XSE,79,564
XSE,79,565
XSE,79,566
XSE,80,541
XSE,80,542
XSE,80,543
XSE,80,544
XSE,80,545
XSE,80,546
XSE,80,547
XSE,80,548
XSE,80,549
XSE,80,550
XSE,80,552
XSE,80,557
XSE,80,558
XSE,80,559
XSE,80,560
XSE,80,561
XSE,80,562
XSE,80,563
XSE,80,564
XSE,80,565
XSE,80,566
XSE,80,567
XSE,80,568
XSE,80,569
XSE,80,570
XSE,80,571
XSE,80,572
XSE,80,573
XSE,80,574
XSE,80,575
XSE,80,588
XSE,80,589
XSE,80,590
XSE,80,591
XSE,80,593
XSE,81,538
XSE,81,539
XSE,81,540
XSE,81,541
XSE,81,542
XSE,81,543
XSE,81,544
XSE,81,545
XSE,81,546
XSE,81,547
XSE,81,548
XSE,81,549
XSE,81,550
XSE,81,551
XSE,81,552
XSE,81,553
XSE,81,554
XSE,81,555
XSE,81,556
XSE,81,557
XSE,81,558
XSE,81,559
XSE,81,560
XSE,81,561
XSE,81,562
XSE,81,563
XSE,81,564
XSE,81,565
XSE,81,566
XSE,81,567
XSE,81,568
XSE,81,569
XSE,81,570
XSE,81,571
XSE,81,572
XSE,81,573
XSE,81,574
XSE,81,575
XSE,81,576
XSE,81,577
XSE,81,585
XSE,81,586
XSE,81,587
XSE,81,588
XSE,81,589
XSE,81,590
XSE,81,591
XSE,81,592
XSE,81,593
XSE,81,594
XSE,82,536
XSE,82,537
XSE,82,538
XSE,82,539
XSE,82,540
XSE,82,541
XSE,82,542
XSE,82,543
XSE,82,544
XSE,82,545
XSE,82,546
XSE,82,547
XSE,82,548
XSE,82,549
XSE,82,550
XSE,82,551
XSE,82,552
XSE,82,553
XSE,82,554
XSE,82,555
XSE,82,556
XSE,82,557
XSE,82,558
XSE,82,559
XSE,82,560
XSE,82,561
XSE,82,562
XSE,82,563
XSE,82,564
XSE,82,565
XSE,82,566
XSE,82,567
XSE,82,568
XSE,82,569
XSE,82,570
XSE,82,571
XSE,82,572
XSE,82,573
XSE,82,574
XSE,82,575
XSE,82,576
XSE,82,577
XSE,82,578
XSE,82,579
XSE,82,580
XSE,82,581
XSE,82,582
XSE,82,583
XSE,82,584
XSE,82,585
XSE,82,586
XSE,82,587
XSE,82,588
XSE,82,589
XSE,82,590
XSE,82,591
XSE,82,592
XSE,82,593
XSE,83,536
XSE,83,537
XSE,83,538
XSE,83,539
XSE,83,540
XSE,83,541
XSE,83,542
XSE,83,543
XSE,83,544
XSE,83,545
XSE,83,546
XSE,83,547
XSE,83,548
XSE,83,549
XSE,83,550
XSE,83,551
XSE,83,552
XSE,83,553
XSE,83,554
XSE,83,555
XSE,83,556
XSE,83,557
XSE,83,558
XSE,83,559
XSE,83,560
XSE,83,561
XSE,83,562
XSE,83,563
XSE,83,564
XSE,83,565
XSE,83,566
XSE,83,567
XSE,83,568
XSE,83,569
XSE,83,570
XSE,83,571
XSE,83,572
XSE,83,573
XSE,83,574
XSE,83,575
XSE,83,576
XSE,83,577
XSE,83,578
XSE,83,579
XSE,83,580
XSE,83,581
XSE,83,582
XSE,83,583
XSE,83,584
XSE,83,585
XSE,83,586
XSE,83,587
XSE,83,588
XSE,83,589
XSE,83,590
XSE,83,591
XSE,83,592
XSE,83,593
XSE,84,537
XSE,84,538
XSE,84,539
XSE,84,540
XSE,84,541
XSE,84,542
XSE,84,543
XSE,84,544
XSE,84,545
XSE,84,546
XSE,84,547
XSE,84,548
XSE,84,549
XSE,84,550
XSE,84,551
XSE,84,552
XSE,84,553
XSE,84,554
XSE,84,555
XSE,84,556
XSE,84,557
XSE,84,558
XSE,84,559
XSE,84,560
XSE,84,561
XSE,84,562
XSE,84,563
XSE,84,564
XSE,84,565
XSE,84,566
XSE,84,567
XSE,84,568
XSE,84,569
XSE,84,570
XSE,84,571
XSE,84,572
XSE,84,573
XSE,84,574
XSE,84,575
XSE,84,576
XSE,84,577
XSE,84,578
XSE,84,579
XSE,84,580
XSE,84,581
XSE,84,582
XSE,84,583
XSE,84,584
XSE,84,585
XSE,84,586
XSE,84,587
XSE,84,588
XSE,84,589
XSE,84,590
XSE,84,591
XSE,84,592
XSE,84,596
XSE,84,597
XSE,85,540
XSE,85,541
XSE,85,542
XSE,85,543
XSE,85,544
XSE,85,545
XSE,85,546
XSE,85,547
XSE,85,548
XSE,85,549
XSE,85,550
XSE,85,551
XSE,85,552
XSE,85,553
XSE,85,554
XSE,85,555
XSE,85,556
XSE,85,557
XSE,85,558
XSE,85,559
XSE,85,560
XSE,85,561
XSE,85,562
XSE,85,563
XSE,85,564
XSE,85,565
XSE,85,566
XSE,85,567
XSE,85,568
XSE,85,569
XSE,85,570
XSE,85,571
XSE,85,572
XSE,85,573
XSE,85,574
XSE,85,575
XSE,85,576
XSE,85,577
XSE,85,578
XSE,85,579
XSE,85,580
XSE,85,581
XSE,85,582
XSE,85,583
XSE,85,584
XSE,85,585
XSE,85,586
XSE,85,587
XSE,85,588
XSE,85,589
XSE,85,590
XSE,85,591
XSE,85,592
XSE,85,593
XSE,85,594
XSE,85,595
XSE,85,596
XSE,85,597
XSE,85,598
XSE,85,599
XSE,86,541
XSE,86,542
XSE,86,543
XSE,86,544
XSE,86,545
XSE,86,546
XSE,86,547
XSE,86,548
XSE,86,549
XSE,86,550
XSE,86,551
XSE,86,552
XSE,86,553
XSE,86,554
XSE,86,555
XSE,86,556
XSE,86,557
XSE,86,558
XSE,86,559
XSE,86,560
XSE,86,561
XSE,86,562
XSE,86,563
XSE,86,564
XSE,86,565
XSE,86,566
XSE,86,567
XSE,86,568
XSE,86,569
XSE,86,570
XSE,86,571
XSE,86,572
XSE,86,573
XSE,86,574
XSE,86,575
XSE,86,576
XSE,86,577
XSE,86,578
XSE,86,579
XSE,86,580
XSE,86,581
XSE,86,582
XSE,86,583
XSE,86,584
XSE,86,585
XSE,86,586
XSE,86,587
XSE,86,588
XSE,86,589
XSE,86,590
XSE,86,591
XSE,86,592
XSE,86,593
XSE,86,594
XSE,86,595
XSE,86,596
XSE,86,597
XSE,86,598
XSE,86,599
XSE,86,600
XSE,87,542
XSE,87,543
XSE,87,544
XSE,87,545
XSE,87,546
XSE,87,547
XSE,87,548
XSE,87,549
XSE,87,550
XSE,87,551
XSE,87,552
XSE,87,553
XSE,87,554
XSE,87,555
XSE,87,556
XSE,87,557
XSE,87,558
XSE,87,559
XSE,87,560
XSE,87,561
XSE,87,562
XSE,87,563
XSE,87,564
XSE,87,565
XSE,87,566
XSE,87,567
XSE,87,568
XSE,87,569
XSE,87,570
XSE,87,571
XSE,87,572
XSE,87,573
XSE,87,574
XSE,87,575
XSE,87,576
XSE,87,577
XSE,87,578
XSE,87,579
XSE,87,580
XSE,87,581
XSE,87,582
XSE,87,583
XSE,87,584
XSE,87,585
XSE,87,586
XSE,87,587
XSE,87,588
XSE,87,589
XSE,87,590
XSE,87,591
XSE,87,592
XSE,87,593
XSE,87,594
XSE,87,595
XSE,87,596
XSE,87,597
XSE,87,598
XSE,87,599
XSE,87,600
XSE,88,542
XSE,88,543
XSE,88,544
XSE,88,545
XSE,88,546
XSE,88,547
XSE,88,548
XSE,88,549
XSE,88,550
XSE,88,551
XSE,88,552
XSE,88,553
XSE,88,554
XSE,88,555
XSE,88,556
XSE,88,557
XSE,88,558
XSE,88,559
XSE,88,560
XSE,88,561
XSE,88,562
XSE,88,563
XSE,88,564
XSE,88,565
XSE,88,566
XSE,88,567
XSE,88,568
XSE,88,569
XSE,88,570
XSE,88,571
XSE,88,572
XSE,88,573
XSE,88,574
XSE,88,575
XSE,88,576
XSE,88,577
XSE,88,578
XSE,88,579
XSE,88,580
XSE,88,581
XSE,88,582
XSE,88,583
XSE,88,584
XSE,88,585
XSE,88,586
XSE,88,587
XSE,88,588
XSE,88,589
XSE,88,590
XSE,88,591
XSE,88,592
XSE,88,593
XSE,88,594
XSE,88,595
XSE,89,542
XSE,89,543
XSE,89,544
XSE,89,545
XSE,89,546
XSE,89,547
XSE,89,548
XSE,89,549
XSE,89,550
XSE,89,551
XSE,89,552
XSE,89,553
XSE,89,554
XSE,89,555
XSE,89,556
XSE,89,557
XSE,89,558
XSE,89,559
XSE,89,560
XSE,89,561
XSE,89,562
XSE,89,563
XSE,89,564
XSE,89,565
XSE,89,566
XSE,89,567
XSE,89,568
XSE,89,569
XSE,89,570
XSE,89,571
XSE,89,572
XSE,89,573
XSE,89,574
XSE,89,575
XSE,89,576
XSE,89,577
XSE,89,578
XSE,89,579
XSE,89,580
XSE,89,581
XSE,89,582
XSE,89,583
XSE,89,584
XSE,89,585
XSE,89,586
XSE,89,587
XSE,89,588
XSE,89,589
XSE,89,590
XSE,89,591
XSE,89,592
XSE,89,593
XSE,90,542
XSE,90,543
XSE,90,544
XSE,90,545
XSE,90,546
XSE,90,547
XSE,90,548
XSE,90,549
XSE,90,550
XSE,90,551
XSE,90,552
XSE,90,553
XSE,90,554
XSE,90,555
XSE,90,556
XSE,90,557
XSE,90,558
XSE,90,559
XSE,90,560
XSE,90,561
XSE,90,562
XSE,90,563
XSE,90,564
XSE,90,565
XSE,90,566
XSE,90,567
XSE,90,568
XSE,90,569
XSE,90,570
XSE,90,571
XSE,90,572
XSE,90,573
XSE,90,574
XSE,90,575
XSE,90,576
XSE,90,577
XSE,90,578
XSE,90,579
XSE,90,580
XSE,90,581
XSE,90,582
XSE,90,583
XSE,90,584
XSE,90,585
XSE,90,586
XSE,90,587
XSE,90,588
XSE,90,589
XSE,90,590
XSE,90,591
XSE,90,592
XSE,91,548
XSE,91,549
XSE,91,550
XSE,91,551
XSE,91,552
XSE,91,553
XSE,91,554
XSE,91,555
XSE,91,556
XSE,91,557
XSE,91,558
XSE,91,559
XSE,91,560
XSE,91,561
XSE,91,562
XSE,91,563
XSE,91,564
XSE,91,565
XSE,91,566
XSE,91,567
XSE,91,568
XSE,91,569
XSE,91,570
XSE,91,571
XSE,91,572
XSE,91,573
XSE,91,574
XSE,91,575
XSE,91,576
XSE,91,577
XSE,91,578
XSE,91,579
XSE,91,580
XSE,91,581
XSE,91,582
XSE,91,583
XSE,91,584
XSE,91,586
XSE,91,587
XSE,91,588
XSE,91,589
XSE,92,550
XSE,92,551
XSE,92,552
XSE,92,553
XSE,92,554
XSE,92,555
XSE,92,556
XSE,92,557
XSE,92,558
XSE,92,559
XSE,92,560
XSE,92,561
XSE,92,562
XSE,92,563
XSE,92,564
XSE,92,565
XSE,92,566
XSE,92,567
XSE,92,568
XSE,92,569
XSE,92,570
XSE,92,571
XSE,92,572
XSE,92,573
XSE,92,574
XSE,92,575
XSE,92,576
XSE,92,577
XSE,92,578
XSE,92,579
XSE,92,580
XSE,92,581
XSE,92,582
XSE,92,583
XSE,92,584
XSE,93,552
XSE,93,553
XSE,93,554
XSE,93,555
XSE,93,556
XSE,93,557
XSE,93,558
XSE,93,559
XSE,93,560
XSE,93,561
XSE,93,562
XSE,93,563
XSE,93,564
XSE,93,565
XSE,93,566
XSE,93,567
XSE,93,568
XSE,93,569
XSE,93,570
XSE,93,571
XSE,93,572
XSE,93,573
XSE,93,574
XSE,93,575
XSE,93,576
XSE,93,577
XSE,93,578
XSE,93,579
XSE,93,580
XSE,93,581
XSE,93,582
XSE,93,583
XSE,93,584
XSE,94,552
XSE,94,553
XSE,94,554
XSE,94,555
XSE,94,556
XSE,94,557
XSE,94,558
XSE,94,559
XSE,94,560
XSE,94,561
XSE,94,562
XSE,94,563
XSE,94,564
XSE,94,565
XSE,94,566
XSE,94,567
XSE,94,568
XSE,94,569
XSE,94,570
XSE,94,571
XSE,94,572
XSE,94,573
XSE,94,574
XSE,94,575
XSE,94,576
XSE,94,577
XSE,94,578
XSE,94,579
XSE,94,580
XSE,94,581
XSE,94,582
XSE,94,583
XSE,94,620
XSE,95,553
XSE,95,554
XSE,95,555
XSE,95,556
XSE,95,557
XSE,95,558
XSE,95,559
XSE,95,560
XSE,95,561
XSE,95,562
XSE,95,563
XSE,95,564
XSE,95,565
XSE,95,566
XSE,95,567
XSE,95,568
XSE,95,569
XSE,95,570
XSE,95,571
XSE,95,572
XSE,95,573
XSE,95,574
XSE,95,575
XSE,95,576
XSE,95,577
XSE,95,578
XSE,95,579
XSE,95,580
XSE,95,581
XSE,95,582
XSE,95,620
XSE,95,621
XSE,95,622
XSE,96,564
XSE,96,565
XSE,96,566
XSE,96,567
XSE,96,568
XSE,96,569
XSE,96,570
XSE,96,571
XSE,96,572
XSE,96,573
XSE,96,574
XSE,96,575
XSE,96,576
XSE,96,577
XSE,96,578
XSE,96,579
XSE,96,617
XSE,96,618
XSE,96,619
XSE,96,620
XSE,96,621
XSE,96,622
XSE,97,567
XSE,97,568
XSE,97,569
XSE,97,570
XSE,97,571
XSE,97,572
XSE,97,614
XSE,97,615
XSE,97,617
XSE,97,618
XSE,97,619
XSE,97,620
XSE,98,613
XSE,98,614
XSE,98,615
XSE,98,616
XSE,98,617
XSE,98,618
XSE,98,619
XSE,98,620
XSE,99,611
XSE,99,612
XSE,99,613
XSE,99,614
XSE,99,615
XSE,99,616
XSE,99,617
XSE,99,618
XSE,99,619
XSE,99,620
XSE,100,609
XSE,100,610
XSE,100,611
XSE,100,612
XSE,100,613
XSE,100,614
XSE,100,615
XSE,100,616
XSE,100,617
XSE,100,618
XSE,101,609
XSE,101,610
XSE,101,611
XSE,101,612
XSE,101,613
XSE,101,614
XSE,101,615
XSE,101,616
XSE,102,611
XSE,102,612
XSE,102,613
XSE,102,614
XSE,102,615
XSE,102,616
XSE,103,610
XSE,103,611
XSE,103,612
XSE,103,613
XSE,103,614
XSE,103,615
XSE,103,616
XSE,103,617
XSE,104,610
XSE,104,611
XSE,104,612
XSE,104,613
XSE,104,614
XSE,104,615
XSE,104,616
XSE,104,617
XSE,104,618
XSE,105,610
XSE,105,611
XSE,105,612
XSE,105,613
XSE,105,614
XSE,105,615
XSE,105,616
XSE,105,617
XSE,105,618
XSE,105,619
XSE,105,622
XSE,106,613
XSE,106,614
XSE,106,615
XSE,106,616
XSE,106,617
XSE,106,618
XSE,106,619
XSE,107,613
XSE,107,614
XSE,107,615
XSE,107,616
XSE,107,617
XSE,107,618
XSE,107,619
XSE,108,613
XSE,108,614
XSE,108,615
XSE,108,616
XSE,108,617
XSE,108,618
XSE,108,619
XSE,108,620
XSE,109,613
XSE,109,614
XSE,109,615
XSE,109,616
XSE,109,617
XSE,109,618
XSE,109,619
XSE,109,620
XSE,110,613
XSE,110,614
XSE,110,615
XSE,110,616
XSE,110,617
XSE,110,618
XSE,110,619
XSE,111,611
XSE,111,612
XSE,111,613
XSE,111,614
XSE,111,615
XSE,111,616
XSE,111,617
XSE,111,618
XSE,112,613
XSE,112,614
XSE,112,615
XSE,112,616
XSE,113,613
XSE,113,614
XSE,114,613
XSE,114,614
XSE,123,556
XSE,124,555
XSE,124,556
XSE,124,557
XSE,125,554
XSE,125,555
XSE,125,556
XSE,125,557
XSE,125,558
XSE,126,552
XSE,126,553
XSE,126,554
XSE,126,555
XSE,126,556
XSE,126,557
XSE,126,558
XSE,127,551
XSE,127,552
XSE,127,553
XSE,127,554
XSE,127,555
XSE,127,556
XSE,127,557
XSE,127,558
XSE,128,551
XSE,128,552
XSE,128,553
XSE,128,554
XSE,128,555
XSE,128,556
XSE,128,557
XSE,128,558
XSE,129,550
XSE,129,551
XSE,129,552
XSE,129,553
XSE,129,554
XSE,129,555
XSE,129,556
XSE,129,557
XSE,129,558
XSE,130,550
XSE,130,551
XSE,130,552
XSE,130,553
XSE,130,554
XSE,130,555
XSE,130,556
XSE,130,557
XSE,131,549
XSE,131,550
XSE,131,551
XSE,131,552
XSE,131,553
XSE,131,554
XSE,131,555
XSE,131,556
XSE,132,547
XSE,132,548
XSE,132,549
XSE,132,550
XSE,132,551
XSE,132,552
XSE,132,553
XSE,132,554
XSE,132,555
XSE,132,556
XSE,132,557
XSE,132,558
XSE,133,547
XSE,133,548
XSE,133,549
XSE,133,550
XSE,133,551
XSE,133,552
XSE,133,553
XSE,133,554
XSE,133,555
XSE,133,556
XSE,133,557
XSE,133,558
XSE,134,547
XSE,134,548
XSE,134,549
XSE,134,550
XSE,134,551
XSE,134,552
XSE,134,553
XSE,134,554
XSE,134,555
XSE,134,556
XSE,134,557
XSE,134,558
XSE,134,559
XSE,134,570
XSE,134,571
XSE,134,572
XSE,135,547
XSE,135,548
XSE,135,549
XSE,135,550
XSE,135,551
XSE,135,552
XSE,135,553
XSE,135,554
XSE,135,555
XSE,135,556
XSE,135,557
XSE,135,558
XSE,135,559
XSE,135,560
XSE,135,565
XSE,135,566
XSE,135,567
XSE,135,568
XSE,135,569
XSE,135,570
XSE,135,571
XSE,135,572
XSE,135,573
XSE,135,574
XSE,136,546
XSE,136,547
XSE,136,548
XSE,136,549
XSE,136,550
XSE,136,551
XSE,136,552
XSE,136,553
XSE,136,554
XSE,136,555
XSE,136,556
XSE,136,557
XSE,136,558
XSE,136,559
XSE,136,560
XSE,136,564
XSE,136,565
XSE,136,566
XSE,136,567
XSE,136,568
XSE,136,569
XSE,136,570
XSE,136,571
XSE,136,572
XSE,136,573
XSE,136,574
XSE,137,546
XSE,137,547
XSE,137,548
XSE,137,549
XSE,137,550
XSE,137,551
XSE,137,552
XSE,137,553
XSE,137,554
XSE,137,555
XSE,137,556
XSE,137,557
XSE,137,558
XSE,137,559
XSE,137,560
XSE,137,561
XSE,137,562
XSE,137,563
XSE,137,564
XSE,137,565
XSE,137,566
XSE,137,567
XSE,137,568
XSE,137,569
XSE,137,570
XSE,137,571
XSE,137,572
XSE,137,573
XSE,137,574
XSE,137,575
XSE,137,576
XSE,138,545
XSE,138,546
XSE,138,547
XSE,138,548
XSE,138,549
XSE,138,550
XSE,138,551
XSE,138,552
XSE,138,553
XSE,138,554
XSE,138,555
XSE,138,556
XSE,138,557
XSE,138,558
XSE,138,559
XSE,138,560
XSE,138,561
XSE,138,562
XSE,138,563
XSE,138,564
XSE,138,565
XSE,138,566
XSE,138,567
XSE,138,568
XSE,138,569
XSE,138,570
XSE,138,571
XSE,138,572
XSE,138,573
XSE,138,574
XSE,138,575
XSE,138,576
XSE,139,545
XSE,139,546
XSE,139,547
XSE,139,548
XSE,139,549
XSE,139,550
XSE,139,551
XSE,139,552
XSE,139,553
XSE,139,554
XSE,139,555
XSE,139,556
XSE,139,557
XSE,139,558
XSE,139,559
XSE,139,560
XSE,139,561
XSE,139,562
XSE,139,563
XSE,139,564
XSE,139,565
XSE,139,566
XSE,139,567
XSE,139,568
XSE,139,569
XSE,139,570
XSE,139,571
XSE,139,572
XSE,139,573
XSE,139,574
XSE,139,575
XSE,139,576
XSE,139,604
XSE,140,546
XSE,140,547
XSE,140,548
XSE,140,549
XSE,140,550
XSE,140,551
XSE,140,552
XSE,140,553
XSE,140,554
XSE,140,555
XSE,140,556
XSE,140,557
XSE,140,558
XSE,140,559
XSE,140,560
XSE,140,561
XSE,140,562
XSE,140,563
XSE,140,564
XSE,140,565
XSE,140,566
XSE,140,567
XSE,140,568
XSE,140,569
XSE,140,570
XSE,140,571
XSE,140,572
XSE,140,573
XSE,140,574
XSE,140,604
XSE,140,605
XSE,141,547
XSE,141,548
XSE,141,549
XSE,141,550
XSE,141,551
XSE,141,552
XSE,141,553
XSE,141,554
XSE,141,555
XSE,141,556
XSE,141,557
XSE,141,558
XSE,141,559
XSE,141,560
XSE,141,561
XSE,141,562
XSE,141,563
XSE,141,564
XSE,141,565
XSE,141,566
XSE,141,567
XSE,141,568
XSE,141,569
XSE,141,570
XSE,141,571
XSE,141,572
XSE,141,604
XSE,142,548
XSE,142,549
XSE,142,550
XSE,142,551
XSE,142,552
XSE,142,553
XSE,142,554
XSE,142,555
XSE,142,556
XSE,142,557
XSE,142,558
XSE,142,559
XSE,142,560
XSE,142,561
XSE,142,562
XSE,142,563
XSE,142,564
XSE,142,565
XSE,142,566
XSE,142,567
XSE,142,568
XSE,142,569
XSE,142,570
XSE,142,571
XSE,142,572
XSE,142,603
XSE,142,604
XSE,143,548
XSE,143,549
XSE,143,550
XSE,143,551
XSE,143,552
XSE,143,553
XSE,143,554
XSE,143,555
XSE,143,556
XSE,143,557
XSE,143,558
XSE,143,559
XSE,143,560
XSE,143,561
XSE,143,562
XSE,143,563
XSE,143,564
XSE,143,565
XSE,143,566
XSE,143,567
XSE,143,568
XSE,143,569
XSE,143,570
XSE,143,571
XSE,143,572
XSE,143,602
XSE,143,603
XSE,143,604
XSE,143,605
XSE,144,549
XSE,144,550
XSE,144,551
XSE,144,552
XSE,144,553
XSE,144,554
XSE,144,555
XSE,144,556
XSE,144,557
XSE,144,558
XSE,144,559
XSE,144,560
XSE,144,561
XSE,144,562
XSE,144,563
XSE,144,564
XSE,144,565
XSE,144,566
XSE,144,567
XSE,144,568
XSE,144,569
XSE,144,570
XSE,144,571
XSE,144,572
XSE,144,573
XSE,144,602
XSE,144,603
XSE,144,604
XSE,144,605
XSE,145,550
XSE,145,551
XSE,145,552
XSE,145,553
XSE,145,554
XSE,145,555
XSE,145,556
XSE,145,557
XSE,145,558
XSE,145,559
XSE,145,560
XSE,145,561
XSE,145,562
XSE,145,563
XSE,145,564
XSE,145,565
XSE,145,566
XSE,145,567
XSE,145,568
XSE,145,569
XSE,145,570
XSE,145,571
XSE,145,572
XSE,145,573
XSE,145,574
XSE,145,601
XSE,145,602
XSE,145,603
XSE,145,604
XSE,145,605
XSE,146,550
XSE,146,551
XSE,146,552
XSE,146,553
XSE,146,554
XSE,146,555
XSE,146,556
XSE,146,557
XSE,146,558
XSE,146,559
XSE,146,560
XSE,146,561
XSE,146,562
XSE,146,563
XSE,146,564
XSE,146,565
XSE,146,566
XSE,146,567
XSE,146,568
XSE,146,569
XSE,146,570
XSE,146,571
XSE,146,572
XSE,146,573
XSE,146,574
XSE,146,575
XSE,146,601
XSE,146,602
XSE,146,603
XSE,146,604
XSE,146,605
XSE,146,606
XSE,147,549
XSE,147,550
XSE,147,551
XSE,147,552
XSE,147,553
XSE,147,554
XSE,147,555
XSE,147,556
XSE,147,557
XSE,147,558
XSE,147,559
XSE,147,560
XSE,147,561
XSE,147,562
XSE,147,563
XSE,147,564
XSE,147,565
XSE,147,566
XSE,147,567
XSE,147,568
XSE,147,569
XSE,147,570
XSE,147,571
XSE,147,572
XSE,147,573
XSE,147,574
XSE,147,575
XSE,147,576
XSE,147,601
XSE,147,602
XSE,147,603
XSE,147,604
XSE,147,605
XSE,148,549
XSE,148,550
XSE,148,551
XSE,148,552
XSE,148,553
XSE,148,556
XSE,148,557
XSE,148,558
XSE,148,559
XSE,148,560
XSE,148,561
XSE,148,562
XSE,148,563
XSE,148,564
XSE,148,565
XSE,148,566
XSE,148,567
XSE,148,568
XSE,148,569
XSE,148,570
XSE,148,571
XSE,148,572
XSE,148,573
XSE,148,574
XSE,148,575
XSE,148,576
XSE,148,577
XSE,148,600
XSE,148,601
XSE,148,602
XSE,148,603
XSE,148,604
XSE,148,605
XSE,149,549
XSE,149,550
XSE,149,551
XSE,149,552
XSE,149,556
XSE,149,557
XSE,149,558
XSE,149,559
XSE,149,560
XSE,149,561
XSE,149,562
XSE,149,563
XSE,149,564
XSE,149,565
XSE,149,566
XSE,149,567
XSE,149,568
XSE,149,569
XSE,149,570
XSE,149,571
XSE,149,572
XSE,149,573
XSE,149,574
XSE,149,575
XSE,149,576
XSE,149,577
XSE,149,578
XSE,149,600
XSE,149,601
XSE,149,602
XSE,149,603
XSE,149,604
XSE,150,556
XSE,150,557
XSE,150,558
XSE,150,559
XSE,150,560
XSE,150,561
XSE,150,562
XSE,150,563
XSE,150,564
XSE,150,565
XSE,150,566
XSE,150,567
XSE,150,568
XSE,150,569
XSE,150,570
XSE,150,571
XSE,150,572
XSE,150,573
XSE,150,574
XSE,150,575
XSE,150,576
XSE,150,577
XSE,150,578
XSE,150,600
XSE,150,601
XSE,150,602
XSE,150,603
XSE,150,604
XSE,150,605
XSE,151,556
XSE,151,557
XSE,151,558
XSE,151,559
XSE,151,560
XSE,151,561
XSE,151,562
XSE,151,563
XSE,151,564
XSE,151,565
XSE,151,566
XSE,151,567
XSE,151,568
XSE,151,569
XSE,151,570
XSE,151,571
XSE,151,572
XSE,151,573
XSE,151,574
XSE,151,575
XSE,151,576
XSE,151,577
XSE,151,578
XSE,151,579
XSE,151,601
XSE,151,602
XSE,151,603
XSE,151,604
XSE,151,605
XSE,152,557
XSE,152,558
XSE,152,559
XSE,152,560
XSE,152,561
XSE,152,562
XSE,152,563
XSE,152,564
XSE,152,565
XSE,152,566
XSE,152,567
XSE,152,568
XSE,152,569
XSE,152,570
XSE,152,571
XSE,152,572
XSE,152,573
XSE,152,574
XSE,152,575
XSE,152,576
XSE,152,577
XSE,152,578
XSE,152,579
XSE,152,601
XSE,152,602
XSE,152,603
XSE,152,604
XSE,152,605
XSE,152,606
XSE,152,607
XSE,152,609
XSE,153,557
XSE,153,558
XSE,153,559
XSE,153,560
XSE,153,561
XSE,153,562
XSE,153,563
XSE,153,564
XSE,153,565
XSE,153,566
XSE,153,567
XSE,153,568
XSE,153,569
XSE,153,570
XSE,153,571
XSE,153,572
XSE,153,573
XSE,153,574
XSE,153,575
XSE,153,576
XSE,153,577
XSE,153,578
XSE,153,579
XSE,153,601
XSE,153,602
XSE,153,603
XSE,153,604
XSE,153,605
XSE,153,606
XSE,153,607
XSE,153,608
XSE,153,609
XSE,154,557
XSE,154,558
XSE,154,559
XSE,154,560
XSE,154,561
XSE,154,562
XSE,154,563
XSE,154,564
XSE,154,565
XSE,154,566
XSE,154,567
XSE,154,568
XSE,154,569
XSE,154,570
XSE,154,571
XSE,154,572
XSE,154,573
XSE,154,574
XSE,154,575
XSE,154,576
XSE,154,577
XSE,154,578
XSE,154,579
XSE,154,601
XSE,154,602
XSE,154,603
XSE,154,604
XSE,154,605
XSE,154,606
XSE,154,607
XSE,154,608
XSE,154,609
XSE,155,556
XSE,155,557
XSE,155,558
XSE,155,559
XSE,155,560
XSE,155,561
XSE,155,562
XSE,155,563
XSE,155,564
XSE,155,565
XSE,155,566
XSE,155,567
XSE,155,568
XSE,155,569
XSE,155,570
XSE,155,571
XSE,155,572
XSE,155,573
XSE,155,574
XSE,155,575
XSE,155,576
XSE,155,577
XSE,155,578
XSE,155,579
XSE,155,602
XSE,155,603
XSE,155,604
XSE,155,605
XSE,155,607
XSE,155,608
XSE,155,609
XSE,155,610
XSE,155,611
XSE,156,556
XSE,156,557
XSE,156,558
XSE,156,559
XSE,156,560
XSE,156,561
XSE,156,565
XSE,156,566
XSE,156,567
XSE,156,568
XSE,156,569
XSE,156,570
XSE,156,571
XSE,156,572
XSE,156,573
XSE,156,574
XSE,156,575
XSE,156,576
XSE,156,577
XSE,156,578
XSE,156,579
XSE,156,600
XSE,156,601
XSE,156,603
XSE,156,604
XSE,156,605
XSE,156,606
XSE,156,607
XSE,156,608
XSE,156,609
XSE,156,610
XSE,156,611
XSE,156,612
XSE,157,555
XSE,157,556
XSE,157,557
XSE,157,558
XSE,157,559
XSE,157,560
XSE,157,566
XSE,157,567
XSE,157,568
XSE,157,569
XSE,157,570
XSE,157,571
XSE,157,572
XSE,157,573
XSE,157,574
XSE,157,575
XSE,157,576
XSE,157,577
XSE,157,578
XSE,157,579
XSE,157,600
XSE,157,601
XSE,157,603
XSE,157,604
XSE,157,605
XSE,157,606
XSE,157,607
XSE,157,608
XSE,157,609
XSE,157,610
XSE,157,611
XSE,157,612
XSE,158,557
XSE,158,558
XSE,158,559
XSE,158,560
XSE,158,567
XSE,158,568
XSE,158,569
XSE,158,570
XSE,158,571
XSE,158,572
XSE,158,573
XSE,158,574
XSE,158,575
XSE,158,576
XSE,158,577
XSE,158,578
XSE,158,579
XSE,158,599
XSE,158,600
XSE,158,605
XSE,158,606
XSE,158,607
XSE,158,608
XSE,158,609
XSE,158,610
XSE,158,611
XSE,158,612
XSE,159,556
XSE,159,557
XSE,159,558
XSE,159,559
XSE,159,560
XSE,159,567
XSE,159,568
XSE,159,569
XSE,159,570
XSE,159,571
XSE,159,572
XSE,159,573
XSE,159,574
XSE,159,575
XSE,159,576
XSE,159,577
XSE,159,599
XSE,159,600
XSE,159,603
XSE,159,604
XSE,159,605
XSE,159,606
XSE,159,607
XSE,159,608
XSE,159,609
XSE,159,610
XSE,159,611
XSE,159,612
XSE,160,556
XSE,160,557
XSE,160,558
XSE,160,559
XSE,160,568
XSE,160,569
XSE,160,570
XSE,160,571
XSE,160,572
XSE,160,573
XSE,160,574
XSE,160,575
XSE,160,598
XSE,160,599
XSE,160,600
XSE,160,604
XSE,160,605
XSE,160,606
XSE,160,607
XSE,160,608
XSE,160,609
XSE,160,610
XSE,160,611
XSE,160,612
XSE,160,613
XSE,161,557
XSE,161,558
XSE,161,559
XSE,161,560
XSE,161,561
XSE,161,570
XSE,161,571
XSE,161,572
XSE,161,573
XSE,161,574
XSE,161,597
XSE,161,598
XSE,161,605
XSE,161,606
XSE,161,607
XSE,161,608
XSE,161,609
XSE,161,610
XSE,161,611
XSE,161,612
XSE,161,613
XSE,162,556
XSE,162,557
XSE,162,558
XSE,162,559
XSE,162,560
XSE,162,561
XSE,162,570
XSE,162,571
XSE,162,572
XSE,162,573
XSE,162,596
XSE,162,597
XSE,162,598
XSE,162,606
XSE,162,607
XSE,162,608
XSE,162,610
XSE,162,611
XSE,162,612
XSE,162,613
XSE,163,557
XSE,163,558
XSE,163,559
XSE,163,560
XSE,163,561
XSE,163,570
XSE,163,571
XSE,163,574
XSE,163,595
XSE,163,596
XSE,163,597
XSE,163,607
XSE,163,608
XSE,163,609
XSE,163,610
XSE,163,611
XSE,163,612
XSE,163,613
XSE,164,557
XSE,164,558
XSE,164,559
XSE,164,560
XSE,164,561
XSE,164,595
XSE,164,605
XSE,164,606
XSE,164,607
XSE,164,608
XSE,164,609
XSE,164,610
XSE,164,611
XSE,164,612
XSE,164,613
XSE,165,557
XSE,165,558
XSE,165,559
XSE,165,560
XSE,165,561
XSE,165,595
XSE,165,605
XSE,165,606
XSE,165,607
XSE,165,608
XSE,165,609
XSE,165,610
XSE,165,611
XSE,165,612
XSE,165,613
XSE,165,614
XSE,166,559
XSE,166,560
XSE,166,561
XSE,166,562
XSE,166,594
XSE,166,595
XSE,166,597
XSE,166,598
XSE,166,604
XSE,166,605
XSE,166,606
XSE,166,607
XSE,166,609
XSE,166,610
XSE,166,611
XSE,166,612
XSE,166,613
XSE,166,614
XSE,167,559
XSE,167,560
XSE,167,561
XSE,167,562
XSE,167,563
XSE,167,564
XSE,167,594
XSE,167,595
XSE,167,596
XSE,167,604
XSE,167,605
XSE,167,609
XSE,167,610
XSE,167,611
XSE,167,612
XSE,167,613
XSE,168,560
XSE,168,561
XSE,168,562
XSE,168,563
XSE,168,564
XSE,168,565
XSE,168,593
XSE,168,594
XSE,168,595
XSE,168,596
XSE,168,597
XSE,168,602
XSE,168,603
XSE,168,604
XSE,168,605
XSE,168,609
XSE,168,610
XSE,168,611
XSE,168,612
XSE,168,613
XSE,169,551
XSE,169,552
XSE,169,561
XSE,169,562
XSE,169,563
XSE,169,564
XSE,169,565
XSE,169,566
XSE,169,567
XSE,169,592
XSE,169,593
XSE,169,594
XSE,169,595
XSE,169,596
XSE,169,597
XSE,169,598
XSE,169,602
XSE,169,603
XSE,169,610
XSE,169,611
XSE,169,612
XSE,170,551
XSE,170,552
XSE,170,553
XSE,170,554
XSE,170,555
XSE,170,556
XSE,170,561
XSE,170,562
XSE,170,563
XSE,170,564
XSE,170,565
XSE,170,566
XSE,170,567
XSE,170,591
XSE,170,592
XSE,170,593
XSE,170,594
XSE,170,595
XSE,170,596
XSE,170,597
XSE,170,598
XSE,170,599
XSE,170,600
XSE,170,601
XSE,170,611
XSE,171,551
XSE,171,552
XSE,171,553
XSE,171,554
XSE,171,555
XSE,171,556
XSE,171,557
XSE,171,561
XSE,171,562
XSE,171,563
XSE,171,564
XSE,171,565
XSE,171,566
XSE,171,567
XSE,171,576
XSE,171,577
XSE,171,589
XSE,171,590
XSE,171,591
XSE,171,592
XSE,171,593
XSE,171,594
XSE,171,595
XSE,171,596
XSE,171,597
XSE,171,598
XSE,171,599
XSE,171,600
XSE,171,614
XSE,172,552
XSE,172,553
XSE,172,554
XSE,172,555
XSE,172,556
XSE,172,557
XSE,172,558
XSE,172,562
XSE,172,563
XSE,172,564
XSE,172,565
XSE,172,566
XSE,172,567
XSE,172,577
XSE,172,588
XSE,172,589
XSE,172,590
XSE,172,591
XSE,172,592
XSE,172,593
XSE,172,594
XSE,172,595
XSE,172,596
XSE,172,597
XSE,172,598
XSE,172,614
XSE,173,553
XSE,173,554
XSE,173,555
XSE,173,556
XSE,173,557
XSE,173,558
XSE,173,559
XSE,173,562
XSE,173,563
XSE,173,564
XSE,173,565
XSE,173,566
XSE,173,567
XSE,173,577
XSE,173,587
XSE,173,588
XSE,173,589
XSE,173,590
XSE,173,591
XSE,173,592
XSE,173,593
XSE,173,594
XSE,173,595
XSE,173,596
XSE,173,611
XSE,173,612
XSE,173,614
XSE,174,555
XSE,174,556
XSE,174,557
XSE,174,558
XSE,174,559
XSE,174,560
XSE,174,563
XSE,174,564
XSE,174,565
XSE,174,566
XSE,174,567
XSE,174,572
XSE,174,573
XSE,174,576
XSE,174,585
XSE,174,586
XSE,174,587
XSE,174,588
XSE,174,589
XSE,174,590
XSE,174,591
XSE,174,592
XSE,174,593
XSE,174,594
XSE,174,595
XSE,174,596
XSE,174,612
XSE,175,552
XSE,175,553
XSE,175,555
XSE,175,556
XSE,175,557
XSE,175,558
XSE,175,559
XSE,175,560
XSE,175,561
XSE,175,563
XSE,175,564
XSE,175,565
XSE,175,566
XSE,175,567
XSE,175,568
XSE,175,569
XSE,175,572
XSE,175,578
XSE,175,579
XSE,175,583
XSE,175,584
XSE,175,585
XSE,175,586
XSE,175,587
XSE,175,588
XSE,175,589
XSE,175,590
XSE,175,591
XSE,175,592
XSE,175,593
XSE,175,594
XSE,175,595
XSE,175,596
XSE,175,611
XSE,175,617
XSE,175,618
XSE,176,553
XSE,176,554
XSE,176,555
XSE,176,556
XSE,176,557
XSE,176,558
XSE,176,559
XSE,176,560
XSE,176,561
XSE,176,562
XSE,176,563
XSE,176,564
XSE,176,565
XSE,176,566
XSE,176,567
XSE,176,568
XSE,176,569
XSE,176,580
XSE,176,583
XSE,176,584
XSE,176,585
XSE,176,586
XSE,176,587
XSE,176,588
XSE,176,589
XSE,176,590
XSE,176,591
XSE,176,592
XSE,176,593
XSE,176,594
XSE,176,595
XSE,176,596
XSE,176,597
XSE,176,611
XSE,176,616
XSE,176,617
XSE,176,618
XSE,177,555
XSE,177,557
XSE,177,558
XSE,177,559
XSE,177,560
XSE,177,561
XSE,177,562
XSE,177,563
XSE,177,564
XSE,177,565
XSE,177,566
XSE,177,567
XSE,177,568
XSE,177,569
XSE,177,579
XSE,177,580
XSE,177,581
XSE,177,582
XSE,177,583
XSE,177,584
XSE,177,585
XSE,177,586
XSE,177,587
XSE,177,588
XSE,177,589
XSE,177,590
XSE,177,591
XSE,177,592
XSE,177,593
XSE,177,594
XSE,177,595
XSE,177,596
XSE,177,597
XSE,177,610
XSE,177,611
XSE,177,616
XSE,177,617
XSE,177,618
XSE,178,555
XSE,178,556
XSE,178,558
XSE,178,559
XSE,178,560
XSE,178,561
XSE,178,562
XSE,178,563
XSE,178,564
XSE,178,565
XSE,178,566
XSE,178,567
XSE,178,568
XSE,178,569
XSE,178,570
XSE,178,578
XSE,178,579
XSE,178,580
XSE,178,581
XSE,178,582
XSE,178,583
XSE,178,584
XSE,178,585
XSE,178,586
XSE,178,587
XSE,178,588
XSE,178,589
XSE,178,590
XSE,178,591
XSE,178,592
XSE,178,593
XSE,178,594
XSE,178,595
XSE,178,596
XSE,178,597
XSE,178,598
XSE,178,599
XSE,178,601
XSE,178,602
XSE,178,603
XSE,178,604
XSE,178,605
XSE,178,609
XSE,178,610
XSE,178,611
XSE,178,615
XSE,178,616
XSE,178,617
XSE,178,618
XSE,179,555
XSE,179,556
XSE,179,559
XSE,179,560
XSE,179,561
XSE,179,562
XSE,179,563
XSE,179,564
XSE,179,565
XSE,179,566
XSE,179,567
XSE,179,568
XSE,179,569
XSE,179,570
XSE,179,578
XSE,179,579
XSE,179,580
XSE,179,581
XSE,179,582
XSE,179,583
XSE,179,584
XSE,179,585
XSE,179,586
XSE,179,587
XSE,179,588
XSE,179,589
XSE,179,590
XSE,179,591
XSE,179,592
XSE,179,593
XSE,179,594
XSE,179,595
XSE,179,596
XSE,179,597
XSE,179,598
XSE,179,601
XSE,179,602
XSE,179,603
XSE,179,604
XSE,179,605
XSE,179,606
XSE,179,607
XSE,179,608
XSE,179,609
XSE,179,610
XSE,179,615
XSE,179,616
XSE,179,617
XSE,179,618
XSE,180,557
XSE,180,558
XSE,180,559
XSE,180,560
XSE,180,561
XSE,180,562
XSE,180,563
XSE,180,564
XSE,180,565
XSE,180,566
XSE,180,567
XSE,180,568
XSE,180,569
XSE,180,570
XSE,180,578
XSE,180,579
XSE,180,580
XSE,180,581
XSE,180,582
XSE,180,583
XSE,180,584
XSE,180,585
XSE,180,586
XSE,180,587
XSE,180,588
XSE,180,589
XSE,180,590
XSE,180,591
XSE,180,592
XSE,180,593
XSE,180,594
XSE,180,595
XSE,180,596
XSE,180,600
XSE,180,601
XSE,180,602
XSE,180,603
XSE,180,604
XSE,180,607
XSE,180,608
XSE,180,609
XSE,180,615
XSE,180,616
XSE,180,617
XSE,180,618
XSE,180,619
XSE,181,557
XSE,181,558
XSE,181,560
XSE,181,561
XSE,181,562
XSE,181,563
XSE,181,564
XSE,181,565
XSE,181,566
XSE,181,567
XSE,181,568
XSE,181,569
XSE,181,570
XSE,181,579
XSE,181,580
XSE,181,581
XSE,181,582
XSE,181,583
XSE,181,584
XSE,181,585
XSE,181,586
XSE,181,587
XSE,181,588
XSE,181,589
XSE,181,590
XSE,181,591
XSE,181,592
XSE,181,593
XSE,181,594
XSE,181,595
XSE,181,596
XSE,181,600
XSE,181,601
XSE,181,604
XSE,181,605
XSE,181,615
XSE,181,616
XSE,181,617
XSE,181,619
XSE,181,620
XSE,181,621
XSE,181,622
XSE,181,623
XSE,181,625
XSE,181,626
XSE,181,627
XSE,182,557
XSE,182,558
XSE,182,561
XSE,182,562
XSE,182,563
XSE,182,564
XSE,182,565
XSE,182,566
XSE,182,567
XSE,182,568
XSE,182,569
XSE,182,570
XSE,182,579
XSE,182,580
XSE,182,581
XSE,182,582
XSE,182,583
XSE,182,584
XSE,182,585
XSE,182,586
XSE,182,587
XSE,182,588
XSE,182,589
XSE,182,590
XSE,182,591
XSE,182,592
XSE,182,593
XSE,182,594
XSE,182,595
XSE,182,596
XSE,182,600
XSE,182,601
XSE,182,602
XSE,182,603
XSE,182,604
XSE,182,605
XSE,182,606
XSE,182,607
XSE,182,615
XSE,182,616
XSE,182,617
XSE,182,621
XSE,182,622
XSE,182,623
XSE,182,624
XSE,182,625
XSE,182,626
XSE,182,627
XSE,182,628
XSE,182,629
XSE,182,630
XSE,182,631
XSE,182,632
XSE,182,633
XSE,183,558
XSE,183,559
XSE,183,561
XSE,183,562
XSE,183,563
XSE,183,564
XSE,183,565
XSE,183,566
XSE,183,567
XSE,183,568
XSE,183,569
XSE,183,572
XSE,183,579
XSE,183,580
XSE,183,581
XSE,183,582
XSE,183,583
XSE,183,584
XSE,183,585
XSE,183,586
XSE,183,587
XSE,183,588
XSE,183,589
XSE,183,590
XSE,183,591
XSE,183,592
XSE,183,593
XSE,183,594
XSE,183,595
XSE,183,599
XSE,183,600
XSE,183,601
XSE,183,602
XSE,183,603
XSE,183,604
XSE,183,605
XSE,183,606
XSE,183,607
XSE,183,608
XSE,183,615
XSE,183,616
XSE,183,617
XSE,183,620
XSE,183,622
XSE,183,623
XSE,183,624
XSE,183,625
XSE,183,626
XSE,183,627
XSE,183,628
XSE,183,629
XSE,183,630
XSE,183,631
XSE,183,632
XSE,183,633
XSE,183,636
XSE,184,558
XSE,184,559
XSE,184,562
XSE,184,563
XSE,184,564
XSE,184,565
XSE,184,566
XSE,184,567
XSE,184,568
XSE,184,569
XSE,184,570
XSE,184,571
XSE,184,572
XSE,184,573
XSE,184,578
XSE,184,580
XSE,184,581
XSE,184,582
XSE,184,583
XSE,184,584
XSE,184,585
XSE,184,586
XSE,184,587
XSE,184,588
XSE,184,589
XSE,184,590
XSE,184,591
XSE,184,592
XSE,184,593
XSE,184,594
XSE,184,599
XSE,184,600
XSE,184,601
XSE,184,602
XSE,184,603
XSE,184,604
XSE,184,605
XSE,184,606
XSE,184,607
XSE,184,608
XSE,184,609
XSE,184,610
XSE,184,611
XSE,184,612
XSE,184,613
XSE,184,615
XSE,184,616
XSE,184,617
XSE,184,620
XSE,184,621
XSE,184,624
XSE,184,625
XSE,184,626
XSE,184,627
XSE,184,628
XSE,184,629
XSE,184,631
XSE,184,632
XSE,184,633
XSE,184,634
XSE,184,635
XSE,184,636
XSE,184,637
XSE,184,638
XSE,184,639
XSE,185,560
XSE,185,561
XSE,185,562
XSE,185,563
XSE,185,564
XSE,185,565
XSE,185,566
XSE,185,567
XSE,185,568
XSE,185,569
XSE,185,570
XSE,185,571
XSE,185,572
XSE,185,573
XSE,185,574
XSE,185,581
XSE,185,582
XSE,185,583
XSE,185,584
XSE,185,585
XSE,185,586
XSE,185,587
XSE,185,588
XSE,185,589
XSE,185,590
XSE,185,591
XSE,185,592
XSE,185,593
XSE,185,594
XSE,185,599
XSE,185,600
XSE,185,601
XSE,185,602
XSE,185,603
XSE,185,604
XSE,185,608
XSE,185,612
XSE,185,613
XSE,185,621
XSE,185,625
XSE,185,626
XSE,185,627
XSE,185,628
XSE,185,629
XSE,185,630
XSE,185,633
XSE,185,634
XSE,185,635
XSE,185,636
XSE,185,637
XSE,185,638
XSE,185,639
XSE,185,640
XSE,185,641
XSE,185,642
XSE,186,561
XSE,186,563
XSE,186,564
XSE,186,565
XSE,186,566
XSE,186,567
XSE,186,568
XSE,186,569
XSE,186,570
XSE,186,571
XSE,186,572
XSE,186,573
XSE,186,574
XSE,186,575
XSE,186,576
XSE,186,577
XSE,186,581
XSE,186,582
XSE,186,583
XSE,186,584
XSE,186,585
XSE,186,586
XSE,186,587
XSE,186,588
XSE,186,589
XSE,186,590
XSE,186,591
XSE,186,592
XSE,186,593
XSE,186,594
XSE,186,598
XSE,186,599
XSE,186,600
XSE,186,601
XSE,186,602
XSE,186,603
XSE,186,604
XSE,186,605
XSE,186,616
XSE,186,617
XSE,186,618
XSE,186,619
XSE,186,620
XSE,186,621
XSE,186,624
XSE,186,625
XSE,186,626
XSE,186,627
XSE,186,628
XSE,186,629
XSE,186,630
XSE,186,632
XSE,186,633
XSE,186,634
XSE,186,635
XSE,186,636
XSE,186,637
XSE,186,638
XSE,186,639
XSE,186,640
XSE,186,641
XSE,186,642
XSE,187,561
XSE,187,562
XSE,187,564
XSE,187,565
XSE,187,566
XSE,187,567
XSE,187,568
XSE,187,569
XSE,187,570
XSE,187,571
XSE,187,572
XSE,187,573
XSE,187,574
XSE,187,576
XSE,187,577
XSE,187,582
XSE,187,583
XSE,187,584
XSE,187,585
XSE,187,586
XSE,187,587
XSE,187,588
XSE,187,589
XSE,187,590
XSE,187,591
XSE,187,592
XSE,187,593
XSE,187,598
XSE,187,599
XSE,187,600
XSE,187,601
XSE,187,602
XSE,187,603
XSE,187,604
XSE,187,605
XSE,187,613
XSE,187,614
XSE,187,615
XSE,187,616
XSE,187,617
XSE,187,618
XSE,187,619
XSE,187,620
XSE,187,621
XSE,187,622
XSE,187,626
XSE,187,627
XSE,187,628
XSE,187,629
XSE,187,630
XSE,187,631
XSE,187,632
XSE,187,633
XSE,187,634
XSE,187,635
XSE,187,636
XSE,187,637
XSE,187,638
XSE,187,639
XSE,187,640
XSE,187,641
XSE,187,642
XSE,188,565
XSE,188,566
XSE,188,567
XSE,188,568
XSE,188,569
XSE,188,570
XSE,188,571
XSE,188,572
XSE,188,584
XSE,188,590
XSE,188,591
XSE,188,592
XSE,188,593
XSE,188,598
XSE,188,599
XSE,188,600
XSE,188,601
XSE,188,602
XSE,188,603
XSE,188,604
XSE,188,605
XSE,188,606
XSE,188,607
XSE,188,613
XSE,188,614
XSE,188,615
XSE,188,616
XSE,188,617
XSE,188,618
XSE,188,621
XSE,188,622
XSE,188,623
XSE,188,626
XSE,188,627
XSE,188,628
XSE,188,629
XSE,188,630
XSE,188,631
XSE,188,632
XSE,188,633
XSE,188,634
XSE,188,635
XSE,188,636
XSE,188,637
XSE,188,638
XSE,188,639
XSE,188,640
XSE,188,641
XSE,188,642
XSE,189,565
XSE,189,566
XSE,189,567
XSE,189,568
XSE,189,569
XSE,189,570
XSE,189,571
XSE,189,572
XSE,189,590
XSE,189,593
XSE,189,600
XSE,189,601
XSE,189,604
XSE,189,605
XSE,189,606
XSE,189,607
XSE,189,623
XSE,189,624
XSE,189,626
XSE,189,627
XSE,189,630
XSE,189,631
XSE,189,632
XSE,189,633
XSE,189,634
XSE,189,635
XSE,189,636
XSE,189,637
XSE,189,638
XSE,189,639
XSE,189,640
XSE,189,641
XSE,189,642
XSE,190,567
XSE,190,568
XSE,190,569
XSE,190,570
XSE,190,571
XSE,190,572
XSE,190,592
XSE,190,600
XSE,190,601
XSE,190,604
XSE,190,605
XSE,190,606
XSE,190,607
XSE,190,620
XSE,190,624
XSE,190,633
XSE,190,634
XSE,190,635
XSE,190,636
XSE,190,637
XSE,190,638
XSE,190,639
XSE,190,640
XSE,190,641
XSE,190,642
XSE,191,565
XSE,191,568
XSE,191,569
XSE,191,570
XSE,191,571
XSE,191,572
XSE,191,599
XSE,191,600
XSE,191,601
XSE,191,604
XSE,191,605
XSE,191,606
XSE,191,607
XSE,191,608
XSE,191,625
XSE,191,627
XSE,191,630
XSE,191,635
XSE,191,636
XSE,191,637
XSE,191,638
XSE,191,639
XSE,191,640
XSE,191,641
XSE,191,642
XSE,192,569
XSE,192,570
XSE,192,571
XSE,192,572
XSE,192,573
XSE,192,575
XSE,192,581
XSE,192,586
XSE,192,599
XSE,192,600
XSE,192,601
XSE,192,602
XSE,192,606
XSE,192,608
XSE,192,609
XSE,192,625
XSE,192,626
XSE,192,627
XSE,192,629
XSE,192,630
XSE,192,637
XSE,192,638
XSE,192,639
XSE,192,640
XSE,192,641
XSE,192,642
XSE,193,572
XSE,193,573
XSE,193,574
XSE,193,575
XSE,193,576
XSE,193,577
XSE,193,578
XSE,193,582
XSE,193,583
XSE,193,601
XSE,193,602
XSE,193,629
XSE,193,630
XSE,193,637
XSE,193,638
XSE,193,639
XSE,193,640
XSE,193,641
XSE,193,642
XSE,194,571
XSE,194,572
XSE,194,573
XSE,194,574
XSE,194,575
XSE,194,576
XSE,194,577
XSE,194,578
XSE,194,579
XSE,194,580
XSE,194,581
XSE,194,582
XSE,194,583
XSE,194,584
XSE,194,585
XSE,194,586
XSE,194,587
XSE,194,588
XSE,194,589
XSE,194,591
XSE,194,592
XSE,194,620
XSE,194,624
XSE,194,629
XSE,194,630
XSE,194,638
XSE,194,639
XSE,194,640
XSE,194,641
XSE,194,642
XSE,195,573
XSE,195,574
XSE,195,575
XSE,195,576
XSE,195,577
XSE,195,578
XSE,195,579
XSE,195,580
XSE,195,581
XSE,195,582
XSE,195,583
XSE,195,584
XSE,195,585
XSE,195,586
XSE,195,587
XSE,195,588
XSE,195,589
XSE,195,590
XSE,195,592
XSE,195,602
XSE,195,603
XSE,195,604
XSE,195,618
XSE,195,623
XSE,195,624
XSE,195,637
XSE,195,638
XSE,195,639
XSE,195,640
XSE,195,641
XSE,195,642
XSE,196,576
XSE,196,577
XSE,196,578
XSE,196,579
XSE,196,580
XSE,196,581
XSE,196,582
XSE,196,583
XSE,196,584
XSE,196,585
XSE,196,586
XSE,196,587
XSE,196,588
XSE,196,589
XSE,196,612
XSE,196,613
XSE,196,614
XSE,196,615
XSE,196,620
XSE,196,622
XSE,196,623
XSE,196,624
XSE,196,636
XSE,196,637
XSE,196,638
XSE,196,639
XSE,196,640
XSE,196,641
XSE,196,642
XSE,197,581
XSE,197,582
XSE,197,583
XSE,197,584
XSE,197,585
XSE,197,586
XSE,197,587
XSE,197,588
XSE,197,589
XSE,197,590
XSE,197,591
XSE,197,592
XSE,197,593
XSE,197,594
XSE,197,595
XSE,197,596
XSE,197,597
XSE,197,598
XSE,197,599
XSE,197,600
XSE,197,601
XSE,197,602
XSE,197,603
XSE,197,604
XSE,197,605
XSE,197,606
XSE,197,607
XSE,197,608
XSE,197,609
XSE,197,610
XSE,197,611
XSE,197,612
XSE,197,613
XSE,197,614
XSE,197,615
XSE,197,616
XSE,197,617
XSE,197,618
XSE,197,619
XSE,197,620
XSE,197,622
XSE,197,623
XSE,197,636
XSE,197,637
XSE,197,638
XSE,197,639
XSE,197,640
XSE,197,641
XSE,197,642
XSE,198,588
XSE,198,589
XSE,198,590
XSE,198,591
XSE,198,592
XSE,198,593
XSE,198,594
XSE,198,595
XSE,198,596
XSE,198,597
XSE,198,598
XSE,198,599
XSE,198,600
XSE,198,601
XSE,198,602
XSE,198,603
XSE,198,604
XSE,198,605
XSE,198,606
XSE,198,607
XSE,198,608
XSE,198,609
XSE,198,610
XSE,198,611
XSE,198,612
XSE,198,613
XSE,198,614
XSE,198,615
XSE,198,641
XSE,198,642
XSE,199,594
XSE,199,595
XSE,199,599
XSE,199,600
XSE,199,601
XSE,199,608
XSE,199,609
XSE,199,610
XSE,199,611
XSE,199,612
XSE,199,613
XSE,199,642
XSE,200,598
XSE,200,599
XSE,200,600
XSE,200,601
XSE,200,602
XSE,200,608
XSE,200,609
XSE,200,610
XSE,201,601
XSE,201,602
XSE,201,604
XSE,201,607
XSE,201,608
XSE,201,609
XSE,201,610
XSE,202,604
XSE,202,606
XSE,202,607
XSA,104,501
XSA,104,502
XSA,104,503
XSA,105,492
XSA,105,499
XSA,105,500
XSA,105,501
XSA,105,502
XSA,105,503
XSA,105,504
XSA,106,490
XSA,106,491
XSA,106,492
XSA,106,493
XSA,106,494
XSA,106,495
XSA,106,496
XSA,106,497
XSA,106,498
XSA,106,499
XSA,106,500
XSA,106,501
XSA,106,502
XSA,106,503
XSA,106,504
XSA,106,505
XSA,106,506
XSA,106,507
XSA,106,508
XSA,106,509
XSA,106,510
XSA,107,490
XSA,107,491
XSA,107,492
XSA,107,493
XSA,107,494
XSA,107,495
XSA,107,496
XSA,107,497
XSA,107,498
XSA,107,499
XSA,107,500
XSA,107,501
XSA,107,502
XSA,107,503
XSA,107,504
XSA,107,505
XSA,107,506
XSA,107,507
XSA,107,508
XSA,107,509
XSA,107,510
XSA,107,511
XSA,107,512
XSA,108,488
XSA,108,489
XSA,108,490
XSA,108,491
XSA,108,492
XSA,108,493
XSA,108,494
XSA,108,495
XSA,108,496
XSA,108,497
XSA,108,498
XSA,108,499
XSA,108,500
XSA,108,501
XSA,108,502
XSA,108,503
XSA,108,504
XSA,108,505
XSA,108,506
XSA,108,507
XSA,108,508
XSA,108,509
XSA,108,510
XSA,108,511
XSA,108,512
XSA,108,513
XSA,109,483
XSA,109,487
XSA,109,488
XSA,109,489
XSA,109,490
XSA,109,491
XSA,109,492
XSA,109,493
XSA,109,494
XSA,109,495
XSA,109,496
XSA,109,497
XSA,109,498
XSA,109,499
XSA,109,500
XSA,109,501
XSA,109,502
XSA,109,503
XSA,109,504
XSA,109,505
XSA,109,506
XSA,109,507
XSA,109,508
XSA,109,509
XSA,109,510
XSA,109,511
XSA,109,512
XSA,109,513
XSA,109,514
XSA,110,483
XSA,110,484
XSA,110,485
XSA,110,486
XSA,110,487
XSA,110,488
XSA,110,489
XSA,110,490
XSA,110,491
XSA,110,492
XSA,110,493
XSA,110,494
XSA,110,495
XSA,110,496
XSA,110,497
XSA,110,498
XSA,110,499
XSA,110,500
XSA,110,501
XSA,110,502
XSA,110,503
XSA,110,504
XSA,110,505
XSA,110,506
XSA,110,507
XSA,110,508
XSA,110,509
XSA,110,510
XSA,110,511
XSA,110,512
XSA,110,513
XSA,110,514
XSA,110,515
XSA,111,482
XSA,111,483
XSA,111,484
XSA,111,485
XSA,111,486
XSA,111,487
XSA,111,488
XSA,111,489
XSA,111,490
XSA,111,491
XSA,111,492
XSA,111,493
XSA,111,494
XSA,111,495
XSA,111,496
XSA,111,497
XSA,111,498
XSA,111,499
XSA,111,500
XSA,111,501
XSA,111,502
XSA,111,503
XSA,111,504
XSA,111,505
XSA,111,506
XSA,111,507
XSA,111,508
XSA,111,509
XSA,111,510
XSA,111,511
XSA,111,512
XSA,111,513
XSA,111,514
XSA,112,482
XSA,112,483
XSA,112,484
XSA,112,485
XSA,112,486
XSA,112,487
XSA,112,488
XSA,112,489
XSA,112,490
XSA,112,491
XSA,112,492
XSA,112,493
XSA,112,494
XSA,112,495
XSA,112,496
XSA,112,497
XSA,112,498
XSA,112,499
XSA,112,500
XSA,112,501
XSA,112,502
XSA,112,503
XSA,112,504
XSA,112,505
XSA,112,506
XSA,112,507
XSA,112,508
XSA,112,509
XSA,113,482
XSA,113,483
XSA,113,484
XSA,113,485
XSA,113,486
XSA,113,487
XSA,113,488
XSA,113,489
XSA,113,490
XSA,113,491
XSA,113,492
XSA,113,493
XSA,113,494
XSA,113,495
XSA,113,496
XSA,113,497
XSA,113,498
XSA,113,499
XSA,113,500
XSA,113,501
XSA,113,502
XSA,113,503
XSA,113,504
XSA,113,505
XSA,113,506
XSA,113,507
XSA,113,508
XSA,113,509
XSA,114,482
XSA,114,483
XSA,114,484
XSA,114,485
XSA,114,486
XSA,114,487
XSA,114,488
XSA,114,489
XSA,114,490
XSA,114,491
XSA,114,492
XSA,114,493
XSA,114,494
XSA,114,495
XSA,114,496
XSA,114,497
XSA,114,498
XSA,114,499
XSA,114,500
XSA,114,501
XSA,114,502
XSA,114,503
XSA,114,504
XSA,114,505
XSA,114,506
XSA,114,507
XSA,114,508
XSA,114,509
XSA,115,482
XSA,115,483
XSA,115,484
XSA,115,485
XSA,115,486
XSA,115,487
XSA,115,488
XSA,115,489
XSA,115,490
XSA,115,491
XSA,115,492
XSA,115,493
XSA,115,494
XSA,115,495
XSA,115,496
XSA,115,497
XSA,115,498
XSA,115,499
XSA,115,500
XSA,115,501
XSA,115,502
XSA,115,503
XSA,115,504
XSA,115,505
XSA,115,506
XSA,115,507
XSA,115,508
XSA,115,509
XSA,115,510
XSA,116,482
XSA,116,483
XSA,116,484
XSA,116,485
XSA,116,486
XSA,116,487
XSA,116,488
XSA,116,489
XSA,116,490
XSA,116,491
XSA,116,492
XSA,116,493
XSA,116,494
XSA,116,495
XSA,116,496
XSA,116,497
XSA,116,498
XSA,116,499
XSA,116,500
XSA,116,501
XSA,116,502
XSA,116,503
XSA,116,504
XSA,116,505
XSA,116,506
XSA,116,507
XSA,116,508
XSA,116,509
XSA,116,510
XSA,116,511
XSA,117,482
XSA,117,483
XSA,117,484
XSA,117,485
XSA,117,486
XSA,117,487
XSA,117,488
XSA,117,489
XSA,117,490
XSA,117,491
XSA,117,492
XSA,117,493
XSA,117,494
XSA,117,495
XSA,117,496
XSA,117,497
XSA,117,498
XSA,117,499
XSA,117,500
XSA,117,501
XSA,117,502
XSA,117,503
XSA,117,504
XSA,117,505
XSA,117,506
XSA,117,507
XSA,117,508
XSA,117,509
XSA,117,510
XSA,118,483
XSA,118,484
XSA,118,485
XSA,118,486
XSA,118,487
XSA,118,488
XSA,118,489
XSA,118,490
XSA,118,491
XSA,118,492
XSA,118,493
XSA,118,494
XSA,118,495
XSA,118,496
XSA,118,497
XSA,118,498
XSA,118,499
XSA,118,500
XSA,118,501
XSA,118,502
XSA,118,503
XSA,118,504
XSA,118,505
XSA,118,506
XSA,118,507
XSA,118,508
XSA,118,509
XSA,118,510
XSA,119,484
XSA,119,485
XSA,119,486
XSA,119,487
XSA,119,488
XSA,119,489
XSA,119,490
XSA,119,491
XSA,119,492
XSA,119,493
XSA,119,494
XSA,119,495
XSA,119,496
XSA,119,497
XSA,119,498
XSA,119,499
XSA,119,500
XSA,119,501
XSA,119,502
XSA,119,503
XSA,119,504
XSA,119,505
XSA,119,506
XSA,119,507
XSA,119,508
XSA,119,509
XSA,120,483
XSA,120,484
XSA,120,485
XSA,120,486
XSA,120,487
XSA,120,488
XSA,120,489
XSA,120,490
XSA,120,491
XSA,120,492
XSA,120,493
XSA,120,494
XSA,120,495
XSA,120,496
XSA,120,497
XSA,120,498
XSA,120,499
XSA,120,500
XSA,120,501
XSA,120,502
XSA,120,503
XSA,120,504
XSA,120,505
XSA,120,506
XSA,120,507
XSA,120,508
XSA,120,522
XSA,120,523
XSA,120,524
XSA,120,525
XSA,121,482
XSA,121,483
XSA,121,484
XSA,121,485
XSA,121,486
XSA,121,487
XSA,121,488
XSA,121,489
XSA,121,490
XSA,121,491
XSA,121,492
XSA,121,493
XSA,121,494
XSA,121,495
XSA,121,496
XSA,121,497
XSA,121,498
XSA,121,499
XSA,121,500
XSA,121,501
XSA,121,502
XSA,121,503
XSA,121,504
XSA,121,505
XSA,121,506
XSA,121,507
XSA,121,521
XSA,121,522
XSA,121,523
XSA,121,524
XSA,121,525
XSA,121,526
XSA,121,527
XSA,122,483
XSA,122,484
XSA,122,485
XSA,122,486
XSA,122,487
XSA,122,488
XSA,122,489
XSA,122,490
XSA,122,491
XSA,122,492
XSA,122,493
XSA,122,494
XSA,122,495
XSA,122,496
XSA,122,497
XSA,122,498
XSA,122,499
XSA,122,500
XSA,122,501
XSA,122,502
XSA,122,503
XSA,122,504
XSA,122,505
XSA,122,506
XSA,122,507
XSA,122,521
XSA,122,522
XSA,122,523
XSA,122,524
XSA,122,525
XSA,122,526
XSA,122,527
XSA,122,528
XSA,122,529
XSA,123,484
XSA,123,485
XSA,123,486
XSA,123,487
XSA,123,488
XSA,123,489
XSA,123,490
XSA,123,491
XSA,123,492
XSA,123,493
XSA,123,494
XSA,123,495
XSA,123,496
XSA,123,497
XSA,123,498
XSA,123,499
XSA,123,500
XSA,123,501
XSA,123,502
XSA,123,503
XSA,123,504
XSA,123,505
XSA,123,506
XSA,123,521
XSA,123,522
XSA,123,523
XSA,123,524
XSA,123,525
XSA,123,526
XSA,123,527
XSA,123,528
XSA,123,529
XSA,123,530
XSA,123,531
XSA,124,485
XSA,124,486
XSA,124,487
XSA,124,488
XSA,124,489
XSA,124,490
XSA,124,491
XSA,124,492
XSA,124,493
XSA,124,494
XSA,124,495
XSA,124,496
XSA,124,497
XSA,124,498
XSA,124,499
XSA,124,500
XSA,124,501
XSA,124,502
XSA,124,503
XSA,124,504
XSA,124,505
XSA,124,522
XSA,124,523
XSA,124,524
XSA,124,525
XSA,124,526
XSA,124,527
XSA,124,528
XSA,124,529
XSA,124,530
XSA,124,531
XSA,124,532
XSA,124,533
XSA,124,534
XSA,124,539
XSA,124,540
XSA,124,541
XSA,124,542
XSA,124,543
XSA,125,486
XSA,125,487
XSA,125,488
XSA,125,489
XSA,125,490
XSA,125,491
XSA,125,492
XSA,125,493
XSA,125,494
XSA,125,495
XSA,125,496
XSA,125,497
XSA,125,498
XSA,125,499
XSA,125,500
XSA,125,501
XSA,125,502
XSA,125,503
XSA,125,504
XSA,125,524
XSA,125,525
XSA,125,526
XSA,125,527
XSA,125,528
XSA,125,529
XSA,125,530
XSA,125,531
XSA,125,532
XSA,125,533
XSA,125,534
XSA,125,535
XSA,125,536
XSA,125,537
XSA,125,539
XSA,125,540
XSA,125,541
XSA,125,542
XSA,125,543
XSA,125,544
XSA,126,486
XSA,126,487
XSA,126,488
XSA,126,489
XSA,126,490
XSA,126,491
XSA,126,492
XSA,126,493
XSA,126,494
XSA,126,495
XSA,126,496
XSA,126,497
XSA,126,498
XSA,126,499
XSA,126,500
XSA,126,527
XSA,126,528
XSA,126,529
XSA,126,530
XSA,126,531
XSA,126,532
XSA,126,533
XSA,126,534
XSA,126,535
XSA,126,536
XSA,126,537
XSA,126,538
XSA,126,539
XSA,126,540
XSA,126,541
XSA,126,542
XSA,126,543
XSA,126,544
XSA,126,545
XSA,127,485
XSA,127,486
XSA,127,487
XSA,127,488
XSA,127,489
XSA,127,490
XSA,127,491
XSA,127,492
XSA,127,493
XSA,127,494
XSA,127,495
XSA,127,496
XSA,127,497
XSA,127,498
XSA,127,499
XSA,127,500
XSA,127,501
XSA,127,530
XSA,127,531
XSA,127,532
XSA,127,533
XSA,127,534
XSA,127,535
XSA,127,536
XSA,127,537
XSA,127,538
XSA,127,539
XSA,127,540
XSA,127,541
XSA,127,542
XSA,127,543
XSA,127,544
XSA,127,545
XSA,128,484
XSA,128,485
XSA,128,486
XSA,128,487
XSA,128,488
XSA,128,489
XSA,128,490
XSA,128,491
XSA,128,492
XSA,128,493
XSA,128,494
XSA,128,495
XSA,128,496
XSA,128,497
XSA,128,498
XSA,128,499
XSA,128,500
XSA,128,501
XSA,128,534
XSA,128,535
XSA,128,536
XSA,128,537
XSA,128,538
XSA,128,539
XSA,128,540
XSA,129,484
XSA,129,485
XSA,129,486
XSA,129,487
XSA,129,488
XSA,129,489
XSA,129,490
XSA,129,491
XSA,129,492
XSA,129,493
XSA,129,494
XSA,129,495
XSA,129,496
XSA,129,497
XSA,129,498
XSA,129,499
XSA,129,500
XSA,129,501
XSA,129,502
XSA,129,537
XSA,129,538
XSA,129,539
XSA,129,540
XSA,130,484
XSA,130,485
XSA,130,486
XSA,130,487
XSA,130,488
XSA,130,489
XSA,130,490
XSA,130,491
XSA,130,492
XSA,130,493
XSA,130,494
XSA,130,495
XSA,130,496
XSA,130,497
XSA,130,498
XSA,130,499
XSA,130,500
XSA,130,501
XSA,130,502
XSA,130,537
XSA,130,538
XSA,130,539
XSA,130,540
XSA,130,541
XSA,130,542
XSA,130,543
XSA,130,544
XSA,130,545
XSA,131,494
XSA,131,495
XSA,131,496
XSA,131,497
XSA,131,498
XSA,131,499
XSA,131,500
XSA,131,501
XSA,131,502
XSA,131,503
XSA,131,537
XSA,131,538
XSA,131,539
XSA,131,540
XSA,131,541
XSA,131,542
XSA,131,543
XSA,131,544
XSA,131,545
XSA,132,495
XSA,132,496
XSA,132,497
XSA,132,498
XSA,132,499
XSA,132,500
XSA,132,501
XSA,132,502
XSA,132,503
XSA,132,537
XSA,132,538
XSA,132,539
XSA,132,540
XSA,132,541
XSA,132,542
XSA,132,543
XSA,132,544
XSA,132,545
XSA,133,496
XSA,133,497
XSA,133,538
XSA,133,539
XSA,133,540
XSA,133,541
XSA,133,542
XSA,133,543
XSA,133,544
XSA,133,545
XSA,134,538
XSA,134,539
XSA,134,540
XSA,134,541
XSA,134,542
XSA,134,543
XSA,134,544
XSA,134,545
XSA,135,538
XSA,135,539
XSA,135,540
XSA,135,541
XSA,135,542
XSA,135,543
XSA,135,544
XSA,135,545
XSA,135,546
XSA,136,539
XSA,136,540
XSA,136,541
XSA,136,542
XSA,136,543
XSA,136,544
XSA,136,545
XSA,136,546
XSA,137,539
XSA,137,540
XSA,137,541
XSA,137,542
XSA,137,544
XSA,137,545
XSA,137,546
XSA,138,545
XSA,138,546
XSA,139,545
XSA,143,652
XSA,144,652
XSA,145,652
XSA,146,652
XSA,148,652
XSA,150,652
XSA,151,652
XSA,151,699
XSA,152,651
XSA,153,650
XSA,154,650
XSA,158,694
XSA,161,520
XSA,161,521
XSA,161,522
XSA,161,637
XSA,162,520
XSA,162,521
XSA,162,522
XSA,163,520
XSA,163,521
XSA,163,522
XSA,163,523
XSA,163,702
XSA,164,520
XSA,164,521
XSA,164,522
XSA,164,523
XSA,164,524
XSA,165,520
XSA,165,521
XSA,165,522
XSA,165,523
XSA,165,524
XSA,165,630
XSA,166,520
XSA,166,521
XSA,166,522
XSA,166,523
XSA,166,524
XSA,166,629
XSA,166,630
XSA,166,664
XSA,166,698
XSA,166,703
XSA,166,704
XSA,167,507
XSA,167,520
XSA,167,521
XSA,167,522
XSA,167,523
XSA,167,524
XSA,167,629
XSA,167,677
XSA,168,521
XSA,168,522
XSA,168,523
XSA,168,524
XSA,169,522
XSA,169,700
XSA,170,590
XSA,170,591
XSA,170,686
XSA,170,687
XSA,171,589
XSA,171,590
XSA,171,591
XSA,171,698
XSA,172,506
XSA,172,508
XSA,172,589
XSA,172,590
XSA,172,591
XSA,173,42
XSA,174,623
XSA,176,46
XSA,176,707
XSA,177,45
XSA,177,46
XSA,177,507
XSA,177,707
XSA,180,708
XSA,181,694
XSA,182,709
XSA,183,660
XSA,183,711
XSA,183,713
XSA,184,646
XSA,184,654
XSA,184,655
XSA,184,660
XSA,185,654
XSA,185,655
XSA,185,656
XSA,185,661
XSA,186,17
XSA,186,643
XSA,186,644
XSA,186,645
XSA,186,661
XSA,186,662
XSA,186,663
XSA,186,664
XSA,186,665
XSA,187,643
XSA,187,644
XSA,187,645
XSA,187,646
XSA,187,647
XSA,187,648
XSA,187,649
XSA,187,650
XSA,187,663
XSA,187,664
XSA,187,665
XSA,187,666
XSA,187,670
XSA,188,643
XSA,188,644
XSA,188,645
XSA,188,646
XSA,188,647
XSA,188,648
XSA,188,649
XSA,188,650
XSA,188,665
XSA,188,666
XSA,189,18
XSA,189,51
XSA,189,643
XSA,189,644
XSA,189,645
XSA,189,646
XSA,189,647
XSA,189,648
XSA,189,649
XSA,189,650
XSA,189,651
XSA,189,664
XSA,189,665
XSA,189,666
XSA,189,667
XSA,189,668
XSA,189,669
XSA,190,643
XSA,190,644
XSA,190,645
XSA,190,646
XSA,190,647
XSA,190,648
XSA,190,649
XSA,190,650
XSA,190,651
XSA,190,652
XSA,190,653
XSA,190,659
XSA,190,660
XSA,190,663
XSA,190,664
XSA,190,665
XSA,190,666
XSA,190,667
XSA,190,669
XSA,191,643
XSA,191,644
XSA,191,645
XSA,191,646
XSA,191,647
XSA,191,648
XSA,191,649
XSA,191,650
XSA,191,651
XSA,191,652
XSA,191,653
XSA,191,655
XSA,191,656
XSA,191,657
XSA,191,658
XSA,191,659
XSA,191,660
XSA,191,661
XSA,191,662
XSA,191,663
XSA,191,664
XSA,191,665
XSA,191,670
XSA,192,643
XSA,192,644
XSA,192,645
XSA,192,646
XSA,192,647
XSA,192,648
XSA,192,649
XSA,192,650
XSA,192,651
XSA,192,652
XSA,192,653
XSA,192,654
XSA,192,655
XSA,192,656
XSA,192,657
XSA,192,658
XSA,192,659
XSA,192,660
XSA,192,661
XSA,192,662
XSA,192,663
XSA,192,664
XSA,192,670
XSA,192,671
XSA,193,642
XSA,193,643
XSA,193,644
XSA,193,645
XSA,193,646
XSA,193,647
XSA,193,648
XSA,193,649
XSA,193,650
XSA,193,651
XSA,193,652
XSA,193,653
XSA,193,654
XSA,193,655
XSA,193,656
XSA,193,659
XSA,193,660
XSA,193,661
XSA,193,662
XSA,193,670
XSA,193,671
XSA,193,672
XSA,194,642
XSA,194,643
XSA,194,644
XSA,194,645
XSA,194,646
XSA,194,647
XSA,194,648
XSA,194,649
XSA,194,650
XSA,194,651
XSA,194,652
XSA,194,653
XSA,194,654
XSA,194,655
XSA,194,656
XSA,194,671
XSA,194,672
XSA,194,673
XSA,194,674
XSA,194,675
XSA,195,643
XSA,195,644
XSA,195,645
XSA,195,646
XSA,195,647
XSA,195,648
XSA,195,649
XSA,195,650
XSA,195,651
XSA,195,652
XSA,195,653
XSA,195,654
XSA,195,655
XSA,195,672
XSA,195,674
XSA,195,675
XSA,195,676
XSA,195,677
XSA,196,79
XSA,196,643
XSA,196,644
XSA,196,645
XSA,196,646
XSA,196,647
XSA,196,648
XSA,196,649
XSA,196,650
XSA,196,651
XSA,196,652
XSA,196,653
XSA,196,654
XSA,196,655
XSA,196,656
XSA,196,674
XSA,196,675
XSA,196,676
XSA,196,677
XSA,196,678
XSA,196,679
XSA,197,643
XSA,197,644
XSA,197,645
XSA,197,646
XSA,197,647
XSA,197,648
XSA,197,653
XSA,197,654
XSA,197,655
XSA,197,656
XSA,197,657
XSA,197,663
XSA,197,674
XSA,197,675
XSA,197,676
XSA,197,679
XSA,197,680
XSA,197,682
XSA,197,719
XSA,198,80
XSA,198,81
XSA,198,643
XSA,198,644
XSA,198,645
XSA,198,646
XSA,198,647
XSA,198,648
XSA,198,653
XSA,198,654
XSA,198,655
XSA,198,656
XSA,198,657
XSA,198,658
XSA,198,659
XSA,198,663
XSA,198,665
XSA,198,666
XSA,198,675
XSA,198,676
XSA,198,677
XSA,198,679
XSA,198,681
XSA,198,682
XSA,198,683
XSA,199,80
XSA,199,643
XSA,199,644
XSA,199,645
XSA,199,646
XSA,199,647
XSA,199,654
XSA,199,655
XSA,199,656
XSA,199,657
XSA,199,658
XSA,199,659
XSA,199,661
XSA,199,662
XSA,199,666
XSA,199,667
XSA,199,679
XSA,199,680
XSA,199,681
XSA,199,682
XSA,199,683
XSA,200,82
XSA,200,83
XSA,200,655
XSA,200,656
XSA,200,657
XSA,200,658
XSA,200,659
XSA,200,660
XSA,200,661
XSA,200,662
XSA,200,663
XSA,200,680
XSA,200,681
XSA,200,682
XSA,200,683
XSA,200,684
XSA,201,83
XSA,201,656
XSA,201,657
XSA,201,658
XSA,201,659
XSA,201,660
XSA,201,661
XSA,201,662
XSA,201,663
XSA,201,665
XSA,201,683
XSA,201,684
XSA,201,685
XSA,201,692
XSA,201,693
XSA,202,660
XSA,202,661
XSA,202,662
XSA,202,663
XSA,202,666
XSA,202,684
XSA,202,685
XSA,202,692
XSA,202,693
XSA,203,57
XSA,203,667
XSA,203,668
XSA,203,669
XSA,203,680
XSA,203,681
XSA,203,694
XSA,204,667
XSA,204,668
XSA,204,681
XSA,204,682
XSA,204,694
XSA,205,715
XSA,207,15
XSA,207,16
XSA,207,694
XSA,207,695
XSA,208,15
XSA,208,16
XSA,208,17
XSA,208,18
XSA,208,695
XSA,208,696
XSA,209,17
XSA,209,18
XSA,209,19
XSA,209,22
XSA,209,695
XSA,209,696
XSA,210,70
XSA,210,694
XSA,210,695
XSA,210,697
XSA,211,694
XSA,211,695
XSA,211,696
XSA,211,697
XSA,212,9
XSA,212,64
XSA,212,694
XSA,212,695
XSA,212,697
XSA,213,1
XSA,213,57
XSA,213,68
XSA,213,69
XSA,213,76
XSA,213,695
XSA,213,696
XSA,213,697
XSA,213,718
XSA,213,719
XSA,213,720
XSA,214,1
XSA,214,58
XSA,214,59
XSA,214,695
XSA,214,696
XSA,214,697
XSA,214,698
XSA,214,715
XSA,214,716
XSA,214,717
XSA,214,718
XSA,214,719
XSA,214,720
XSA,215,2
XSA,215,3
XSA,215,61
XSA,215,62
XSA,215,78
XSA,215,697
XSA,215,715
XSA,215,716
XSA,215,717
XSA,215,719
XSA,216,2
XSA,216,4
XSA,216,61
XSA,216,62
XSA,216,79
XSA,216,697
XSA,216,698
XSA,216,715
XSA,216,716
XSA,216,717
XSA,216,718
XSA,216,719
XSA,217,3
XSA,217,715
XSA,217,716
XSA,217,717
XSA,217,718
XSA,217,719
XSA,218,1
XSA,218,3
XSA,218,4
XSA,218,11
XSA,218,12
XSA,218,13
XSA,218,699
XSA,218,716
XSA,218,717
XSA,218,718
XSA,218,720
XSA,219,4
XSA,219,78
XSA,219,82
XSA,219,699
XSA,219,717
XSA,220,10
XSA,220,12
XSA,220,688
XSA,220,699
XSA,221,688
XSA,221,689
XSA,221,690
XSA,221,694
XSA,221,700
XSA,222,689
XSA,222,690
XSA,222,691
XSA,222,694
XSA,222,695
XSA,223,10
XSA,223,11
XSA,223,90
XSA,223,690
XSA,223,691
XSA,223,692
XSA,223,693
XSA,223,695
XSA,223,696
XSA,223,697
XSA,224,79
XSA,224,691
XSA,224,692
XSA,224,693
XSA,224,694
XSA,224,696
XSA,224,697
XSA,224,710
XSA,225,693
XSA,225,694
XSA,225,695
XSA,226,695
XSA,226,696
XLM,13,285
XLM,13,287
XLM,13,288
XLM,13,289
XLM,13,290
XLM,13,291
XLM,13,292
XLM,13,293
XLM,13,294
XLM,13,295
XLM,13,296
XLM,13,297
XLM,13,298
XLM,13,299
XLM,13,300
XLM,13,301
XLM,13,302
XLM,13,303
XLM,14,267
XLM,14,268
XLM,14,269
XLM,14,270
XLM,14,271
XLM,14,272
XLM,14,273
XLM,14,274
XLM,14,275
XLM,14,276
XLM,14,277
XLM,14,278
XLM,14,279
XLM,14,280
XLM,14,281
XLM,14,282
XLM,14,283
XLM,14,284
XLM,14,285
XLM,14,286
XLM,14,287
XLM,14,288
XLM,14,289
XLM,14,290
XLM,14,291
XLM,14,292
XLM,14,293
XLM,14,294
XLM,14,295
XLM,14,296
XLM,14,297
XLM,14,298
XLM,14,299
XLM,14,300
XLM,14,301
XLM,14,302
XLM,14,303
XLM,14,304
XLM,14,305
XLM,14,306
XLM,14,307
XLM,14,308
XLM,14,309
XLM,14,310
XLM,14,311
XLM,15,258
XLM,15,259
XLM,15,264
XLM,15,265
XLM,15,266
XLM,15,267
XLM,15,268
XLM,15,269
XLM,15,270
XLM,15,271
XLM,15,272
XLM,15,273
XLM,15,274
XLM,15,275
XLM,15,276
XLM,15,277
XLM,15,278
XLM,15,279
XLM,15,280
XLM,15,281
XLM,15,282
XLM,15,283
XLM,15,284
XLM,15,285
XLM,15,286
XLM,15,287
XLM,15,288
XLM,15,289
XLM,15,290
XLM,15,291
XLM,15,292
XLM,15,293
XLM,15,294
XLM,15,295
XLM,15,296
XLM,15,297
XLM,15,298
XLM,15,299
XLM,15,300
XLM,15,301
XLM,15,302
XLM,15,303
XLM,15,304
XLM,15,305
XLM,15,306
XLM,15,307
XLM,15,308
XLM,15,309
XLM,15,310
XLM,15,311
XLM,15,312
XLM,15,313
XLM,15,314
XLM,15,315
XLM,15,316
XLM,15,317
XLM,15,318
XLM,16,242
XLM,16,243
XLM,16,244
XLM,16,245
XLM,16,246
XLM,16,247
XLM,16,248
XLM,16,249
XLM,16,250
XLM,16,251
XLM,16,252
XLM,16,253
XLM,16,254
XLM,16,255
XLM,16,256
XLM,16,257
XLM,16,258
XLM,16,259
XLM,16,260
XLM,16,261
XLM,16,262
XLM,16,263
XLM,16,264
XLM,16,265
XLM,16,266
XLM,16,267
XLM,16,268
XLM,16,269
XLM,16,270
XLM,16,271
XLM,16,272
XLM,16,273
XLM,16,274
XLM,16,275
XLM,16,276
XLM,16,277
XLM,16,278
XLM,16,279
XLM,16,280
XLM,16,281
XLM,16,282
XLM,16,283
XLM,16,284
XLM,16,285
XLM,16,286
XLM,16,287
XLM,16,288
XLM,16,289
XLM,16,290
XLM,16,291
XLM,16,292
XLM,16,293
XLM,16,294
XLM,16,295
XLM,16,296
XLM,16,297
XLM,16,298
XLM,16,299
XLM,16,300
XLM,16,301
XLM,16,302
XLM,16,303
XLM,16,304
XLM,16,305
XLM,16,306
XLM,16,307
XLM,16,308
XLM,16,309
XLM,16,310
XLM,16,311
XLM,16,312
XLM,16,313
XLM,16,314
XLM,16,315
XLM,16,316
XLM,16,317
XLM,16,318
XLM,16,321
XLM,16,322
XLM,17,238
XLM,17,239
XLM,17,240
XLM,17,241
XLM,17,242
XLM,17,243
XLM,17,244
XLM,17,245
XLM,17,246
XLM,17,247
XLM,17,248
XLM,17,249
XLM,17,250
XLM,17,251
XLM,17,252
XLM,17,253
XLM,17,254
XLM,17,255
XLM,17,256
XLM,17,257
XLM,17,258
XLM,17,259
XLM,17,260
XLM,17,261
XLM,17,262
XLM,17,263
XLM,17,264
XLM,17,265
XLM,17,266
XLM,17,267
XLM,17,268
XLM,17,269
XLM,17,270
XLM,17,271
XLM,17,272
XLM,17,273
XLM,17,274
XLM,17,275
XLM,17,276
XLM,17,277
XLM,17,278
XLM,17,279
XLM,17,280
XLM,17,281
XLM,17,282
XLM,17,283
XLM,17,284
XLM,17,285
XLM,17,286
XLM,17,287
XLM,17,288
XLM,17,289
XLM,17,290
XLM,17,291
XLM,17,292
XLM,17,293
XLM,17,294
XLM,17,295
XLM,17,296
XLM,17,297
XLM,17,298
XLM,17,299
XLM,17,300
XLM,17,301
XLM,17,302
XLM,17,303
XLM,17,304
XLM,17,305
XLM,17,306
XLM,17,307
XLM,17,308
XLM,17,309
XLM,17,310
XLM,17,311
XLM,17,312
XLM,17,313
XLM,17,314
XLM,17,315
XLM,17,316
XLM,17,317
XLM,17,318
XLM,17,321
XLM,17,322
XLM,17,323
XLM,17,324
XLM,17,325
XLM,17,326
XLM,17,327
XLM,17,328
XLM,17,329
XLM,17,330
XLM,17,331
XLM,17,332
XLM,17,333
XLM,17,334
XLM,17,335
XLM,17,336
XLM,17,337
XLM,18,231
XLM,18,232
XLM,18,233
XLM,18,234
XLM,18,235
XLM,18,236
XLM,18,237
XLM,18,238
XLM,18,239
XLM,18,240
XLM,18,241
XLM,18,242
XLM,18,243
XLM,18,244
XLM,18,245
XLM,18,246
XLM,18,247
XLM,18,248
XLM,18,249
XLM,18,250
XLM,18,251
XLM,18,252
XLM,18,253
XLM,18,254
XLM,18,255
XLM,18,256
XLM,18,257
XLM,18,258
XLM,18,259
XLM,18,260
XLM,18,261
XLM,18,262
XLM,18,263
XLM,18,264
XLM,18,265
XLM,18,266
XLM,18,267
XLM,18,268
XLM,18,269
XLM,18,270
XLM,18,271
XLM,18,272
XLM,18,273
XLM,18,274
XLM,18,275
XLM,18,276
XLM,18,277
XLM,18,278
XLM,18,279
XLM,18,280
XLM,18,281
XLM,18,282
XLM,18,283
XLM,18,284
XLM,18,285
XLM,18,286
XLM,18,287
XLM,18,288
XLM,18,289
XLM,18,290
XLM,18,291
XLM,18,292
XLM,18,293
XLM,18,294
XLM,18,295
XLM,18,296
XLM,18,297
XLM,18,298
XLM,18,299
XLM,18,300
XLM,18,301
XLM,18,302
XLM,18,303
XLM,18,304
XLM,18,305
XLM,18,306
XLM,18,307
XLM,18,308
XLM,18,309
XLM,18,310
XLM,18,311
XLM,18,312
XLM,18,313
XLM,18,314
XLM,18,315
XLM,18,316
XLM,18,317
XLM,18,318
XLM,18,319
XLM,18,320
XLM,18,321
XLM,18,322
XLM,18,323
XLM,18,324
XLM,18,325
XLM,18,326
XLM,18,327
XLM,18,328
XLM,18,329
XLM,18,330
XLM,18,331
XLM,18,332
XLM,18,333
XLM,18,334
XLM,18,335
XLM,18,336
XLM,18,337
XLM,18,338
XLM,19,227
XLM,19,228
XLM,19,229
XLM,19,230
XLM,19,231
XLM,19,232
XLM,19,233
XLM,19,234
XLM,19,235
XLM,19,236
XLM,19,237
XLM,19,238
XLM,19,239
XLM,19,240
XLM,19,241
XLM,19,242
XLM,19,243
XLM,19,244
XLM,19,245
XLM,19,246
XLM,19,247
XLM,19,248
XLM,19,249
XLM,19,250
XLM,19,251
XLM,19,252
XLM,19,253
XLM,19,254
XLM,19,255
XLM,19,256
XLM,19,257
XLM,19,258
XLM,19,259
XLM,19,260
XLM,19,261
XLM,19,262
XLM,19,263
XLM,19,264
XLM,19,265
XLM,19,266
XLM,19,267
XLM,19,268
XLM,19,269
XLM,19,270
XLM,19,271
XLM,19,272
XLM,19,273
XLM,19,274
XLM,19,275
XLM,19,276
XLM,19,277
XLM,19,278
XLM,19,279
XLM,19,280
XLM,19,281
XLM,19,282
XLM,19,283
XLM,19,284
XLM,19,285
XLM,19,286
XLM,19,287
XLM,19,288
XLM,19,289
XLM,19,290
XLM,19,291
XLM,19,292
XLM,19,293
XLM,19,294
XLM,19,295
XLM,19,296
XLM,19,297
XLM,19,298
XLM,19,299
XLM,19,300
XLM,19,301
XLM,19,302
XLM,19,303
XLM,19,304
XLM,19,305
XLM,19,306
XLM,19,307
XLM,19,308
XLM,19,309
XLM,19,310
XLM,19,311
XLM,19,312
XLM,19,313
XLM,19,314
XLM,19,315
XLM,19,316
XLM,19,317
XLM,19,318
XLM,19,319
XLM,19,320
XLM,19,321
XLM,19,322
XLM,19,323
XLM,19,324
XLM,19,325
XLM,19,326
XLM,19,327
XLM,19,328
XLM,19,329
XLM,19,330
XLM,19,331
XLM,19,332
XLM,20,226
XLM,20,227
XLM,20,228
XLM,20,229
XLM,20,230
XLM,20,231
XLM,20,232
XLM,20,233
XLM,20,234
XLM,20,235
XLM,20,236
XLM,20,237
XLM,20,238
XLM,20,239
XLM,20,240
XLM,20,241
XLM,20,242
XLM,20,243
XLM,20,244
XLM,20,245
XLM,20,246
XLM,20,247
XLM,20,248
XLM,20,249
XLM,20,250
XLM,20,251
XLM,20,252
XLM,20,253
XLM,20,254
XLM,20,255
XLM,20,256
XLM,20,257
XLM,20,258
XLM,20,259
XLM,20,260
XLM,20,261
XLM,20,262
XLM,20,263
XLM,20,264
XLM,20,265
XLM,20,266
XLM,20,267
XLM,20,268
XLM,20,269
XLM,20,270
XLM,20,271
XLM,20,272
XLM,20,273
XLM,20,274
XLM,20,275
XLM,20,276
XLM,20,277
XLM,20,278
XLM,20,279
XLM,20,280
XLM,20,281
XLM,20,282
XLM,20,283
XLM,20,284
XLM,20,285
XLM,20,286
XLM,20,287
XLM,20,288
XLM,20,289
XLM,20,290
XLM,20,291
XLM,20,292
XLM,20,293
XLM,20,294
XLM,20,295
XLM,20,296
XLM,20,297
XLM,20,298
XLM,20,299
XLM,20,300
XLM,20,301
XLM,20,302
XLM,20,303
XLM,20,304
XLM,20,305
XLM,20,306
XLM,20,307
XLM,20,308
XLM,20,309
XLM,20,310
XLM,20,311
XLM,20,312
XLM,20,313
XLM,20,314
XLM,20,315
XLM,20,316
XLM,20,317
XLM,20,318
XLM,20,319
XLM,20,320
XLM,20,321
XLM,20,322
XLM,20,323
XLM,20,324
XLM,20,325
XLM,20,326
XLM,20,327
XLM,20,328
XLM,20,329
XLM,21,230
XLM,21,231
XLM,21,232
XLM,21,233
XLM,21,234
XLM,21,235
XLM,21,236
XLM,21,237
XLM,21,238
XLM,21,239
XLM,21,240
XLM,21,241
XLM,21,242
XLM,21,243
XLM,21,244
XLM,21,245
XLM,21,246
XLM,21,247
XLM,21,248
XLM,21,249
XLM,21,250
XLM,21,251
XLM,21,252
XLM,21,253
XLM,21,254
XLM,21,255
XLM,21,256
XLM,21,257
XLM,21,258
XLM,21,259
XLM,21,260
XLM,21,261
XLM,21,262
XLM,21,263
XLM,21,264
XLM,21,265
XLM,21,266
XLM,21,267
XLM,21,268
XLM,21,269
XLM,21,270
XLM,21,271
XLM,21,272
XLM,21,273
XLM,21,274
XLM,21,275
XLM,21,276
XLM,21,277
XLM,21,278
XLM,21,279
XLM,21,280
XLM,21,281
XLM,21,282
XLM,21,283
XLM,21,284
XLM,21,285
XLM,21,286
XLM,21,287
XLM,21,288
XLM,21,289
XLM,21,290
XLM,21,291
XLM,21,292
XLM,21,293
XLM,21,294
XLM,21,295
XLM,21,296
XLM,21,297
XLM,21,298
XLM,21,299
XLM,21,300
XLM,21,301
XLM,21,302
XLM,21,303
XLM,21,304
XLM,21,305
XLM,21,306
XLM,21,307
XLM,21,308
XLM,21,309
XLM,21,310
XLM,21,311
XLM,21,312
XLM,21,313
XLM,21,314
XLM,21,315
XLM,21,316
XLM,21,317
XLM,21,318
XLM,21,319
XLM,21,320
XLM,21,321
XLM,21,322
XLM,21,323
XLM,21,324
XLM,21,325
XLM,21,326
XLM,22,223
XLM,22,224
XLM,22,225
XLM,22,226
XLM,22,227
XLM,22,228
XLM,22,229
XLM,22,230
XLM,22,231
XLM,22,232
XLM,22,233
XLM,22,234
XLM,22,235
XLM,22,236
XLM,22,237
XLM,22,238
XLM,22,239
XLM,22,240
XLM,22,241
XLM,22,242
XLM,22,243
XLM,22,244
XLM,22,245
XLM,22,246
XLM,22,247
XLM,22,248
XLM,22,249
XLM,22,250
XLM,22,251
XLM,22,252
XLM,22,253
XLM,22,254
XLM,22,255
XLM,22,256
XLM,22,257
XLM,22,258
XLM,22,259
XLM,22,260
XLM,22,261
XLM,22,262
XLM,22,263
XLM,22,264
XLM,22,265
XLM,22,266
XLM,22,267
XLM,22,268
XLM,22,269
XLM,22,270
XLM,22,271
XLM,22,272
XLM,22,273
XLM,22,274
XLM,22,275
XLM,22,276
XLM,22,277
XLM,22,278
XLM,22,279
XLM,22,280
XLM,22,281
XLM,22,282
XLM,22,283
XLM,22,284
XLM,22,285
XLM,22,286
XLM,22,287
XLM,22,288
XLM,22,289
XLM,22,290
XLM,22,291
XLM,22,292
XLM,22,293
XLM,22,294
XLM,22,295
XLM,22,296
XLM,22,297
XLM,22,298
XLM,22,299
XLM,22,300
XLM,22,301
XLM,22,302
XLM,22,303
XLM,22,304
XLM,22,305
XLM,22,306
XLM,22,307
XLM,22,308
XLM,22,309
XLM,22,310
XLM,22,311
XLM,22,312
XLM,22,313
XLM,22,314
XLM,22,315
XLM,22,316
XLM,22,317
XLM,22,318
XLM,22,319
XLM,22,320
XLM,22,321
XLM,22,322
XLM,22,323
XLM,22,325
XLM,22,326
XLM,23,215
XLM,23,216
XLM,23,217
XLM,23,218
XLM,23,219
XLM,23,220
XLM,23,221
XLM,23,222
XLM,23,223
XLM,23,224
XLM,23,225
XLM,23,226
XLM,23,227
XLM,23,228
XLM,23,229
XLM,23,230
XLM,23,231
XLM,23,232
XLM,23,233
XLM,23,234
XLM,23,235
XLM,23,236
XLM,23,237
XLM,23,238
XLM,23,239
XLM,23,240
XLM,23,241
XLM,23,242
XLM,23,243
XLM,23,244
XLM,23,245
XLM,23,246
XLM,23,247
XLM,23,248
XLM,23,249
XLM,23,250
XLM,23,251
XLM,23,252
XLM,23,253
XLM,23,254
XLM,23,255
XLM,23,256
XLM,23,257
XLM,23,258
XLM,23,259
XLM,23,260
XLM,23,261
XLM,23,262
XLM,23,263
XLM,23,264
XLM,23,265
XLM,23,266
XLM,23,267
XLM,23,268
XLM,23,269
XLM,23,270
XLM,23,271
XLM,23,272
XLM,23,273
XLM,23,274
XLM,23,275
XLM,23,276
XLM,23,277
XLM,23,278
XLM,23,279
XLM,23,280
XLM,23,281
XLM,23,282
XLM,23,283
XLM,23,284
XLM,23,285
XLM,23,286
XLM,23,287
XLM,23,288
XLM,23,289
XLM,23,290
XLM,23,291
XLM,23,292
XLM,23,293
XLM,23,294
XLM,23,295
XLM,23,296
XLM,23,297
XLM,23,298
XLM,23,299
XLM,23,300
XLM,23,301
XLM,23,302
XLM,23,303
XLM,23,304
XLM,23,305
XLM,23,306
XLM,23,307
XLM,23,308
XLM,23,309
XLM,23,310
XLM,23,311
XLM,23,312
XLM,23,313
XLM,23,314
XLM,23,315
XLM,23,316
XLM,23,317
XLM,23,318
XLM,23,319
XLM,23,320
XLM,23,321
XLM,23,322
XLM,23,323
XLM,23,324
XLM,23,325
XLM,24,215
XLM,24,216
XLM,24,217
XLM,24,218
XLM,24,219
XLM,24,220
XLM,24,221
XLM,24,222
XLM,24,223
XLM,24,224
XLM,24,225
XLM,24,226
XLM,24,227
XLM,24,228
XLM,24,229
XLM,24,230
XLM,24,231
XLM,24,232
XLM,24,233
XLM,24,234
XLM,24,235
XLM,24,236
XLM,24,237
XLM,24,238
XLM,24,239
XLM,24,240
XLM,24,241
XLM,24,242
XLM,24,243
XLM,24,244
XLM,24,245
XLM,24,246
XLM,24,247
XLM,24,248
XLM,24,249
XLM,24,250
XLM,24,251
XLM,24,252
XLM,24,253
XLM,24,254
XLM,24,255
XLM,24,256
XLM,24,257
XLM,24,258
XLM,24,259
XLM,24,260
XLM,24,261
XLM,24,262
XLM,24,263
XLM,24,264
XLM,24,265
XLM,24,266
XLM,24,267
XLM,24,268
XLM,24,269
XLM,24,270
XLM,24,271
XLM,24,272
XLM,24,273
XLM,24,274
XLM,24,275
XLM,24,276
XLM,24,277
XLM,24,278
XLM,24,279
XLM,24,280
XLM,24,281
XLM,24,282
XLM,24,283
XLM,24,284
XLM,24,285
XLM,24,286
XLM,24,287
XLM,24,288
XLM,24,289
XLM,24,290
XLM,24,291
XLM,24,292
XLM,24,293
XLM,24,294
XLM,24,295
XLM,24,296
XLM,24,297
XLM,24,298
XLM,24,299
XLM,24,300
XLM,24,301
XLM,24,302
XLM,24,303
XLM,24,304
XLM,24,305
XLM,24,306
XLM,24,307
XLM,24,308
XLM,24,309
XLM,24,310
XLM,24,311
XLM,24,312
XLM,24,313
XLM,24,314
XLM,24,315
XLM,24,316
XLM,24,317
XLM,24,318
XLM,24,319
XLM,24,320
XLM,24,321
XLM,24,322
XLM,24,323
XLM,25,216
XLM,25,217
XLM,25,218
XLM,25,219
XLM,25,220
XLM,25,221
XLM,25,222
XLM,25,223
XLM,25,224
XLM,25,225
XLM,25,226
XLM,25,227
XLM,25,228
XLM,25,229
XLM,25,230
XLM,25,231
XLM,25,232
XLM,25,233
XLM,25,234
XLM,25,235
XLM,25,236
XLM,25,237
XLM,25,238
XLM,25,239
XLM,25,240
XLM,25,241
XLM,25,242
XLM,25,243
XLM,25,244
XLM,25,245
XLM,25,246
XLM,25,247
XLM,25,248
XLM,25,249
XLM,25,250
XLM,25,251
XLM,25,252
XLM,25,253
XLM,25,254
XLM,25,255
XLM,25,256
XLM,25,257
XLM,25,258
XLM,25,259
XLM,25,260
XLM,25,261
XLM,25,262
XLM,25,263
XLM,25,264
XLM,25,265
XLM,25,266
XLM,25,267
XLM,25,268
XLM,25,269
XLM,25,270
XLM,25,271
XLM,25,272
XLM,25,273
XLM,25,274
XLM,25,275
XLM,25,276
XLM,25,277
XLM,25,278
XLM,25,279
XLM,25,280
XLM,25,281
XLM,25,282
XLM,25,283
XLM,25,284
XLM,25,285
XLM,25,286
XLM,25,287
XLM,25,288
XLM,25,289
XLM,25,290
XLM,25,291
XLM,25,292
XLM,25,293
XLM,25,294
XLM,25,295
XLM,25,296
XLM,25,297
XLM,25,298
XLM,25,299
XLM,25,300
XLM,25,301
XLM,25,302
XLM,25,303
XLM,25,304
XLM,25,305
XLM,25,306
XLM,25,307
XLM,25,308
XLM,25,309
XLM,25,310
XLM,25,311
XLM,25,312
XLM,25,313
XLM,25,314
XLM,25,315
XLM,25,316
XLM,25,317
XLM,25,318
XLM,25,319
XLM,25,320
XLM,25,321
XLM,25,322
XLM,25,323
XLM,25,324
XLM,25,325
XLM,26,215
XLM,26,216
XLM,26,217
XLM,26,218
XLM,26,219
XLM,26,220
XLM,26,221
XLM,26,222
XLM,26,223
XLM,26,224
XLM,26,225
XLM,26,226
XLM,26,227
XLM,26,228
XLM,26,229
XLM,26,230
XLM,26,231
XLM,26,232
XLM,26,233
XLM,26,234
XLM,26,235
XLM,26,236
XLM,26,237
XLM,26,238
XLM,26,239
XLM,26,240
XLM,26,241
XLM,26,242
XLM,26,243
XLM,26,244
XLM,26,245
XLM,26,246
XLM,26,247
XLM,26,248
XLM,26,249
XLM,26,250
XLM,26,251
XLM,26,252
XLM,26,253
XLM,26,254
XLM,26,255
XLM,26,256
XLM,26,257
XLM,26,258
XLM,26,259
XLM,26,260
XLM,26,261
XLM,26,262
XLM,26,263
XLM,26,264
XLM,26,265
XLM,26,266
XLM,26,267
XLM,26,268
XLM,26,269
XLM,26,270
XLM,26,271
XLM,26,272
XLM,26,273
XLM,26,274
XLM,26,275
XLM,26,276
XLM,26,277
XLM,26,278
XLM,26,279
XLM,26,280
XLM,26,281
XLM,26,282
XLM,26,283
XLM,26,284
XLM,26,285
XLM,26,286
XLM,26,287
XLM,26,288
XLM,26,289
XLM,26,290
XLM,26,291
XLM,26,292
XLM,26,293
XLM,26,294
XLM,26,295
XLM,26,296
XLM,26,297
XLM,26,298
XLM,26,299
XLM,26,300
XLM,26,301
XLM,26,302
XLM,26,303
XLM,26,304
XLM,26,305
XLM,26,306
XLM,26,307
XLM,26,308
XLM,26,309
XLM,26,310
XLM,26,311
XLM,26,312
XLM,26,313
XLM,26,314
XLM,26,315
XLM,26,316
XLM,26,317
XLM,26,318
XLM,26,319
XLM,26,320
XLM,26,321
XLM,26,322
XLM,26,323
XLM,26,324
XLM,27,218
XLM,27,219
XLM,27,220
XLM,27,221
XLM,27,222
XLM,27,223
XLM,27,224
XLM,27,225
XLM,27,226
XLM,27,227
XLM,27,228
XLM,27,229
XLM,27,230
XLM,27,231
XLM,27,232
XLM,27,233
XLM,27,234
XLM,27,235
XLM,27,236
XLM,27,237
XLM,27,238
XLM,27,239
XLM,27,240
XLM,27,241
XLM,27,242
XLM,27,243
XLM,27,244
XLM,27,245
XLM,27,246
XLM,27,247
XLM,27,248
XLM,27,249
XLM,27,250
XLM,27,251
XLM,27,252
XLM,27,253
XLM,27,254
XLM,27,255
XLM,27,256
XLM,27,257
XLM,27,258
XLM,27,259
XLM,27,260
XLM,27,261
XLM,27,262
XLM,27,263
XLM,27,264
XLM,27,265
XLM,27,266
XLM,27,267
XLM,27,268
XLM,27,269
XLM,27,270
XLM,27,271
XLM,27,272
XLM,27,273
XLM,27,274
XLM,27,275
XLM,27,276
XLM,27,277
XLM,27,278
XLM,27,279
XLM,27,280
XLM,27,281
XLM,27,282
XLM,27,283
XLM,27,284
XLM,27,285
XLM,27,286
XLM,27,287
XLM,27,288
XLM,27,289
XLM,27,290
XLM,27,291
XLM,27,292
XLM,27,293
XLM,27,294
XLM,27,295
XLM,27,296
XLM,27,297
XLM,27,298
XLM,27,299
XLM,27,300
XLM,27,301
XLM,27,302
XLM,27,303
XLM,27,304
XLM,27,305
XLM,27,306
XLM,27,307
XLM,27,308
XLM,27,309
XLM,27,310
XLM,27,311
XLM,27,312
XLM,27,313
XLM,27,314
XLM,27,315
XLM,27,316
XLM,27,317
XLM,27,318
XLM,27,319
XLM,27,320
XLM,27,321
XLM,27,322
XLM,27,323
XLM,27,324
XLM,28,221
XLM,28,222
XLM,28,223
XLM,28,224
XLM,28,225
XLM,28,226
XLM,28,227
XLM,28,228
XLM,28,229
XLM,28,230
XLM,28,231
XLM,28,232
XLM,28,233
XLM,28,234
XLM,28,235
XLM,28,236
XLM,28,237
XLM,28,238
XLM,28,239
XLM,28,240
XLM,28,241
XLM,28,242
XLM,28,243
XLM,28,244
XLM,28,245
XLM,28,246
XLM,28,247
XLM,28,248
XLM,28,249
XLM,28,250
XLM,28,251
XLM,28,252
XLM,28,253
XLM,28,254
XLM,28,255
XLM,28,256
XLM,28,257
XLM,28,258
XLM,28,259
XLM,28,260
XLM,28,261
XLM,28,262
XLM,28,263
XLM,28,264
XLM,28,265
XLM,28,266
XLM,28,267
XLM,28,268
XLM,28,269
XLM,28,270
XLM,28,271
XLM,28,272
XLM,28,273
XLM,28,274
XLM,28,275
XLM,28,276
XLM,28,277
XLM,28,278
XLM,28,279
XLM,28,280
XLM,28,281
XLM,28,282
XLM,28,283
XLM,28,284
XLM,28,285
XLM,28,286
XLM,28,287
XLM,28,288
XLM,28,289
XLM,28,290
XLM,28,291
XLM,28,292
XLM,28,293
XLM,28,294
XLM,28,295
XLM,28,296
XLM,28,297
XLM,28,298
XLM,28,299
XLM,28,300
XLM,28,301
XLM,28,302
XLM,28,303
XLM,28,304
XLM,28,305
XLM,28,306
XLM,28,307
XLM,28,308
XLM,28,309
XLM,28,310
XLM,28,311
XLM,28,312
XLM,28,313
XLM,28,314
XLM,28,315
XLM,28,316
XLM,28,317
XLM,28,318
XLM,28,319
XLM,28,320
XLM,28,321
XLM,28,322
XLM,28,323
XLM,29,227
XLM,29,228
XLM,29,241
XLM,29,242
XLM,29,243
XLM,29,244
XLM,29,245
XLM,29,246
XLM,29,247
XLM,29,248
XLM,29,249
XLM,29,250
XLM,29,251
XLM,29,252
XLM,29,253
XLM,29,254
XLM,29,255
XLM,29,256
XLM,29,257
XLM,29,258
XLM,29,259
XLM,29,260
XLM,29,261
XLM,29,262
XLM,29,263
XLM,29,264
XLM,29,265
XLM,29,266
XLM,29,267
XLM,29,268
XLM,29,269
XLM,29,270
XLM,29,271
XLM,29,272
XLM,29,273
XLM,29,274
XLM,29,275
XLM,29,276
XLM,29,277
XLM,29,278
XLM,29,279
XLM,29,280
XLM,29,281
XLM,29,282
XLM,29,283
XLM,29,284
XLM,29,285
XLM,29,286
XLM,29,287
XLM,29,288
XLM,29,289
XLM,29,290
XLM,29,291
XLM,29,292
XLM,29,293
XLM,29,294
XLM,29,295
XLM,29,296
XLM,29,297
XLM,29,298
XLM,29,299
XLM,29,300
XLM,29,301
XLM,29,302
XLM,29,303
XLM,29,304
XLM,29,305
XLM,29,306
XLM,29,307
XLM,29,308
XLM,29,309
XLM,29,310
XLM,29,311
XLM,29,312
XLM,29,313
XLM,29,314
XLM,29,315
XLM,29,316
XLM,29,317
XLM,29,318
XLM,29,319
XLM,29,320
XLM,29,321
XLM,29,322
XLM,29,323
XLM,30,243
XLM,30,244
XLM,30,245
XLM,30,246
XLM,30,247
XLM,30,248
XLM,30,249
XLM,30,250
XLM,30,251
XLM,30,252
XLM,30,253
XLM,30,254
XLM,30,255
XLM,30,256
XLM,30,257
XLM,30,258
XLM,30,259
XLM,30,260
XLM,30,261
XLM,30,262
XLM,30,263
XLM,30,264
XLM,30,265
XLM,30,266
XLM,30,267
XLM,30,268
XLM,30,269
XLM,30,270
XLM,30,271
XLM,30,272
XLM,30,273
XLM,30,274
XLM,30,275
XLM,30,276
XLM,30,277
XLM,30,278
XLM,30,279
XLM,30,280
XLM,30,281
XLM,30,282
XLM,30,283
XLM,30,284
XLM,30,285
XLM,30,286
XLM,30,287
XLM,30,288
XLM,30,289
XLM,30,290
XLM,30,291
XLM,30,292
XLM,30,293
XLM,30,294
XLM,30,295
XLM,30,296
XLM,30,297
XLM,30,298
XLM,30,299
XLM,30,300
XLM,30,301
XLM,30,302
XLM,30,303
XLM,30,304
XLM,30,305
XLM,30,306
XLM,30,307
XLM,30,308
XLM,30,309
XLM,30,310
XLM,30,311
XLM,30,312
XLM,30,313
XLM,30,314
XLM,30,315
XLM,30,316
XLM,30,317
XLM,30,318
XLM,30,319
XLM,30,320
XLM,30,321
XLM,30,322
XLM,30,323
XLM,30,324
XLM,30,325
XLM,30,326
XLM,31,246
XLM,31,247
XLM,31,248
XLM,31,249
XLM,31,250
XLM,31,251
XLM,31,252
XLM,31,253
XLM,31,254
XLM,31,255
XLM,31,256
XLM,31,257
XLM,31,258
XLM,31,259
XLM,31,260
XLM,31,261
XLM,31,262
XLM,31,263
XLM,31,264
XLM,31,265
XLM,31,266
XLM,31,267
XLM,31,268
XLM,31,269
XLM,31,270
XLM,31,271
XLM,31,272
XLM,31,273
XLM,31,274
XLM,31,275
XLM,31,276
XLM,31,277
XLM,31,278
XLM,31,279
XLM,31,280
XLM,31,281
XLM,31,282
XLM,31,283
XLM,31,284
XLM,31,285
XLM,31,286
XLM,31,287
XLM,31,288
XLM,31,289
XLM,31,290
XLM,31,291
XLM,31,292
XLM,31,293
XLM,31,294
XLM,31,295
XLM,31,296
XLM,31,297
XLM,31,298
XLM,31,299
XLM,31,300
XLM,31,301
XLM,31,302
XLM,31,303
XLM,31,304
XLM,31,305
XLM,31,306
XLM,31,307
XLM,31,308
XLM,31,309
XLM,31,310
XLM,31,311
XLM,31,312
XLM,31,313
XLM,31,314
XLM,31,315
XLM,31,316
XLM,31,317
XLM,31,318
XLM,31,319
XLM,31,320
XLM,31,321
XLM,31,322
XLM,31,323
XLM,31,324
XLM,31,325
XLM,32,246
XLM,32,247
XLM,32,248
XLM,32,249
XLM,32,250
XLM,32,251
XLM,32,252
XLM,32,253
XLM,32,254
XLM,32,255
XLM,32,256
XLM,32,257
XLM,32,258
XLM,32,259
XLM,32,260
XLM,32,261
XLM,32,262
XLM,32,263
XLM,32,264
XLM,32,265
XLM,32,266
XLM,32,267
XLM,32,268
XLM,32,269
XLM,32,270
XLM,32,271
XLM,32,272
XLM,32,273
XLM,32,274
XLM,32,275
XLM,32,276
XLM,32,277
XLM,32,278
XLM,32,279
XLM,32,280
XLM,32,281
XLM,32,282
XLM,32,283
XLM,32,284
XLM,32,285
XLM,32,286
XLM,32,287
XLM,32,288
XLM,32,289
XLM,32,290
XLM,32,291
XLM,32,292
XLM,32,293
XLM,32,294
XLM,32,295
XLM,32,296
XLM,32,297
XLM,32,298
XLM,32,299
XLM,32,300
XLM,32,301
XLM,32,302
XLM,32,303
XLM,32,304
XLM,32,305
XLM,32,306
XLM,32,307
XLM,32,308
XLM,32,309
XLM,32,310
XLM,32,311
XLM,32,312
XLM,32,313
XLM,32,314
XLM,32,315
XLM,32,316
XLM,32,317
XLM,32,318
XLM,32,319
XLM,32,320
XLM,32,321
XLM,32,322
XLM,33,247
XLM,33,248
XLM,33,249
XLM,33,250
XLM,33,251
XLM,33,252
XLM,33,253
XLM,33,254
XLM,33,255
XLM,33,256
XLM,33,257
XLM,33,258
XLM,33,259
XLM,33,260
XLM,33,261
XLM,33,262
XLM,33,263
XLM,33,264
XLM,33,265
XLM,33,266
XLM,33,267
XLM,33,268
XLM,33,269
XLM,33,270
XLM,33,271
XLM,33,272
XLM,33,273
XLM,33,274
XLM,33,275
XLM,33,276
XLM,33,277
XLM,33,278
XLM,33,279
XLM,33,280
XLM,33,281
XLM,33,282
XLM,33,283
XLM,33,284
XLM,33,285
XLM,33,286
XLM,33,287
XLM,33,288
XLM,33,289
XLM,33,290
XLM,33,291
XLM,33,292
XLM,33,293
XLM,33,294
XLM,33,295
XLM,33,296
XLM,33,297
XLM,33,298
XLM,33,299
XLM,33,300
XLM,33,301
XLM,33,302
XLM,33,303
XLM,33,304
XLM,33,305
XLM,33,306
XLM,33,307
XLM,33,308
XLM,33,309
XLM,33,310
XLM,33,311
XLM,33,312
XLM,33,313
XLM,33,314
XLM,33,315
XLM,33,316
XLM,33,317
XLM,33,318
XLM,33,319
XLM,33,320
XLM,34,249
XLM,34,250
XLM,34,251
XLM,34,252
XLM,34,253
XLM,34,254
XLM,34,255
XLM,34,256
XLM,34,257
XLM,34,258
XLM,34,259
XLM,34,260
XLM,34,261
XLM,34,262
XLM,34,263
XLM,34,264
XLM,34,265
XLM,34,266
XLM,34,267
XLM,34,268
XLM,34,269
XLM,34,270
XLM,34,271
XLM,34,272
XLM,34,273
XLM,34,274
XLM,34,275
XLM,34,276
XLM,34,277
XLM,34,278
XLM,34,279
XLM,34,280
XLM,34,281
XLM,34,282
XLM,34,283
XLM,34,284
XLM,34,285
XLM,34,286
XLM,34,287
XLM,34,288
XLM,34,289
XLM,34,290
XLM,34,291
XLM,34,292
XLM,34,293
XLM,34,294
XLM,34,295
XLM,34,296
XLM,34,297
XLM,34,298
XLM,34,299
XLM,34,300
XLM,34,301
XLM,34,302
XLM,34,303
XLM,34,304
XLM,34,305
XLM,34,306
XLM,34,307
XLM,34,308
XLM,34,309
XLM,34,310
XLM,34,311
XLM,34,312
XLM,34,313
XLM,34,314
XLM,34,315
XLM,34,316
XLM,34,317
XLM,34,319
XLM,35,248
XLM,35,249
XLM,35,250
XLM,35,251
XLM,35,252
XLM,35,253
XLM,35,254
XLM,35,255
XLM,35,256
XLM,35,257
XLM,35,258
XLM,35,259
XLM,35,260
XLM,35,261
XLM,35,262
XLM,35,263
XLM,35,264
XLM,35,265
XLM,35,266
XLM,35,267
XLM,35,268
XLM,35,269
XLM,35,270
XLM,35,271
XLM,35,272
XLM,35,273
XLM,35,274
XLM,35,275
XLM,35,276
XLM,35,277
XLM,35,278
XLM,35,279
XLM,35,280
XLM,35,281
XLM,35,282
XLM,35,283
XLM,35,284
XLM,35,285
XLM,35,286
XLM,35,287
XLM,35,288
XLM,35,289
XLM,35,290
XLM,35,291
XLM,35,292
XLM,35,293
XLM,35,294
XLM,35,295
XLM,35,296
XLM,35,297
XLM,35,298
XLM,35,299
XLM,35,300
XLM,35,301
XLM,35,302
XLM,35,303
XLM,35,304
XLM,35,305
XLM,35,306
XLM,35,307
XLM,35,308
XLM,35,309
XLM,35,310
XLM,35,311
XLM,35,312
XLM,35,313
XLM,35,314
XLM,35,315
XLM,35,316
XLM,35,317
XLM,36,249
XLM,36,250
XLM,36,251
XLM,36,252
XLM,36,253
XLM,36,254
XLM,36,255
XLM,36,256
XLM,36,257
XLM,36,258
XLM,36,259
XLM,36,260
XLM,36,261
XLM,36,262
XLM,36,263
XLM,36,264
XLM,36,265
XLM,36,266
XLM,36,267
XLM,36,268
XLM,36,269
XLM,36,270
XLM,36,271
XLM,36,272
XLM,36,273
XLM,36,274
XLM,36,275
XLM,36,276
XLM,36,277
XLM,36,278
XLM,36,279
XLM,36,280
XLM,36,281
XLM,36,282
XLM,36,283
XLM,36,284
XLM,36,285
XLM,36,286
XLM,36,287
XLM,36,288
XLM,36,289
XLM,36,290
XLM,36,291
XLM,36,292
XLM,36,293
XLM,36,294
XLM,36,295
XLM,36,296
XLM,36,297
XLM,36,298
XLM,36,299
XLM,36,300
XLM,36,301
XLM,36,302
XLM,36,303
XLM,36,304
XLM,36,305
XLM,36,306
XLM,36,307
XLM,36,308
XLM,36,309
XLM,36,310
XLM,36,311
XLM,36,312
XLM,36,313
XLM,36,314
XLM,36,315
XLM,36,316
XLM,36,317
XLM,37,249
XLM,37,250
XLM,37,251
XLM,37,252
XLM,37,253
XLM,37,254
XLM,37,255
XLM,37,256
XLM,37,257
XLM,37,258
XLM,37,259
XLM,37,260
XLM,37,261
XLM,37,262
XLM,37,263
XLM,37,264
XLM,37,265
XLM,37,266
XLM,37,267
XLM,37,268
XLM,37,269
XLM,37,270
XLM,37,271
XLM,37,272
XLM,37,273
XLM,37,274
XLM,37,275
XLM,37,276
XLM,37,277
XLM,37,278
XLM,37,279
XLM,37,280
XLM,37,281
XLM,37,282
XLM,37,283
XLM,37,284
XLM,37,285
XLM,37,286
XLM,37,287
XLM,37,288
XLM,37,289
XLM,37,290
XLM,37,291
XLM,37,292
XLM,37,293
XLM,37,294
XLM,37,295
XLM,37,296
XLM,37,297
XLM,37,298
XLM,37,299
XLM,37,300
XLM,37,301
XLM,37,302
XLM,37,303
XLM,37,304
XLM,37,305
XLM,37,306
XLM,37,307
XLM,37,308
XLM,37,309
XLM,37,310
XLM,37,311
XLM,37,312
XLM,37,313
XLM,37,314
XLM,37,315
XLM,37,316
XLM,37,317
XLM,38,250
XLM,38,251
XLM,38,252
XLM,38,253
XLM,38,254
XLM,38,255
XLM,38,256
XLM,38,257
XLM,38,258
XLM,38,259
XLM,38,260
XLM,38,261
XLM,38,262
XLM,38,263
XLM,38,264
XLM,38,265
XLM,38,266
XLM,38,267
XLM,38,268
XLM,38,269
XLM,38,270
XLM,38,271
XLM,38,272
XLM,38,273
XLM,38,274
XLM,38,275
XLM,38,276
XLM,38,277
XLM,38,278
XLM,38,279
XLM,38,280
XLM,38,281
XLM,38,282
XLM,38,283
XLM,38,284
XLM,38,285
XLM,38,286
XLM,38,287
XLM,38,288
XLM,38,289
XLM,38,290
XLM,38,291
XLM,38,292
XLM,38,293
XLM,38,294
XLM,38,295
XLM,38,296
XLM,38,297
XLM,38,298
XLM,38,299
XLM,38,300
XLM,38,301
XLM,38,302
XLM,38,303
XLM,38,304
XLM,38,305
XLM,38,306
XLM,38,307
XLM,38,308
XLM,38,309
XLM,38,310
XLM,38,311
XLM,38,312
XLM,38,313
XLM,38,314
XLM,38,315
XLM,38,316
XLM,38,317
XLM,39,251
XLM,39,252
XLM,39,253
XLM,39,254
XLM,39,255
XLM,39,256
XLM,39,257
XLM,39,258
XLM,39,259
XLM,39,260
XLM,39,261
XLM,39,262
XLM,39,263
XLM,39,264
XLM,39,265
XLM,39,266
XLM,39,267
XLM,39,268
XLM,39,269
XLM,39,270
XLM,39,271
XLM,39,272
XLM,39,273
XLM,39,274
XLM,39,275
XLM,39,276
XLM,39,277
XLM,39,278
XLM,39,279
XLM,39,280
XLM,39,281
XLM,39,282
XLM,39,283
XLM,39,284
XLM,39,285
XLM,39,286
XLM,39,287
XLM,39,288
XLM,39,289
XLM,39,290
XLM,39,291
XLM,39,292
XLM,39,293
XLM,39,294
XLM,39,295
XLM,39,296
XLM,39,297
XLM,39,298
XLM,39,299
XLM,39,300
XLM,39,301
XLM,39,302
XLM,39,303
XLM,39,304
XLM,39,305
XLM,39,306
XLM,39,307
XLM,39,308
XLM,39,309
XLM,39,310
XLM,39,312
XLM,39,313
XLM,39,314
XLM,39,315
XLM,39,316
XLM,39,317
XLM,39,318
XLM,40,251
XLM,40,252
XLM,40,253
XLM,40,254
XLM,40,255
XLM,40,256
XLM,40,257
XLM,40,258
XLM,40,259
XLM,40,260
XLM,40,261
XLM,40,262
XLM,40,263
XLM,40,264
XLM,40,265
XLM,40,266
XLM,40,267
XLM,40,268
XLM,40,269
XLM,40,270
XLM,40,271
XLM,40,272
XLM,40,273
XLM,40,274
XLM,40,275
XLM,40,276
XLM,40,277
XLM,40,278
XLM,40,279
XLM,40,280
XLM,40,281
XLM,40,282
XLM,40,283
XLM,40,284
XLM,40,285
XLM,40,286
XLM,40,287
XLM,40,288
XLM,40,289
XLM,40,290
XLM,40,291
XLM,40,292
XLM,40,293
XLM,40,294
XLM,40,295
XLM,40,296
XLM,40,297
XLM,40,298
XLM,40,299
XLM,40,300
XLM,40,301
XLM,40,302
XLM,40,303
XLM,40,304
XLM,40,305
XLM,40,306
XLM,40,307
XLM,40,308
XLM,40,309
XLM,40,310
XLM,40,311
XLM,40,312
XLM,40,313
XLM,40,314
XLM,40,315
XLM,40,316
XLM,40,317
XLM,41,251
XLM,41,252
XLM,41,253
XLM,41,254
XLM,41,255
XLM,41,256
XLM,41,257
XLM,41,258
XLM,41,259
XLM,41,260
XLM,41,261
XLM,41,262
XLM,41,263
XLM,41,264
XLM,41,265
XLM,41,266
XLM,41,267
XLM,41,268
XLM,41,269
XLM,41,270
XLM,41,271
XLM,41,272
XLM,41,273
XLM,41,274
XLM,41,275
XLM,41,276
XLM,41,277
XLM,41,278
XLM,41,279
XLM,41,280
XLM,41,281
XLM,41,282
XLM,41,283
XLM,41,284
XLM,41,285
XLM,41,286
XLM,41,287
XLM,41,288
XLM,41,289
XLM,41,290
XLM,41,291
XLM,41,292
XLM,41,293
XLM,41,294
XLM,41,295
XLM,41,296
XLM,41,297
XLM,41,298
XLM,41,299
XLM,41,300
XLM,41,301
XLM,41,302
XLM,41,303
XLM,41,304
XLM,41,305
XLM,41,306
XLM,41,307
XLM,41,308
XLM,41,309
XLM,41,310
XLM,41,311
XLM,41,312
XLM,41,313
XLM,41,314
XLM,41,315
XLM,42,252
XLM,42,253
XLM,42,254
XLM,42,255
XLM,42,256
XLM,42,258
XLM,42,259
XLM,42,260
XLM,42,261
XLM,42,262
XLM,42,263
XLM,42,264
XLM,42,265
XLM,42,266
XLM,42,267
XLM,42,268
XLM,42,269
XLM,42,270
XLM,42,271
XLM,42,272
XLM,42,273
XLM,42,274
XLM,42,275
XLM,42,276
XLM,42,277
XLM,42,278
XLM,42,279
XLM,42,280
XLM,42,281
XLM,42,282
XLM,42,283
XLM,42,284
XLM,42,285
XLM,42,286
XLM,42,287
XLM,42,288
XLM,42,289
XLM,42,290
XLM,42,291
XLM,42,292
XLM,42,293
XLM,42,294
XLM,42,295
XLM,42,296
XLM,42,297
XLM,42,298
XLM,42,299
XLM,42,300
XLM,42,301
XLM,42,302
XLM,42,303
XLM,42,304
XLM,42,305
XLM,42,306
XLM,42,307
XLM,42,308
XLM,42,309
XLM,42,310
XLM,42,311
XLM,42,312
XLM,43,254
XLM,43,255
XLM,43,256
XLM,43,257
XLM,43,258
XLM,43,259
XLM,43,260
XLM,43,261
XLM,43,262
XLM,43,263
XLM,43,264
XLM,43,265
XLM,43,266
XLM,43,267
XLM,43,268
XLM,43,269
XLM,43,270
XLM,43,271
XLM,43,272
XLM,43,273
XLM,43,274
XLM,43,275
XLM,43,276
XLM,43,277
XLM,43,278
XLM,43,279
XLM,43,280
XLM,43,281
XLM,43,282
XLM,43,283
XLM,43,284
XLM,43,285
XLM,43,286
XLM,43,287
XLM,43,288
XLM,43,289
XLM,43,290
XLM,43,291
XLM,43,292
XLM,43,293
XLM,43,294
XLM,43,295
XLM,43,296
XLM,43,297
XLM,43,298
XLM,43,299
XLM,43,300
XLM,43,301
XLM,43,302
XLM,43,303
XLM,43,304
XLM,43,305
XLM,43,306
XLM,43,307
XLM,43,308
XLM,43,309
XLM,44,254
XLM,44,255
XLM,44,256
XLM,44,257
XLM,44,258
XLM,44,259
XLM,44,260
XLM,44,261
XLM,44,262
XLM,44,263
XLM,44,264
XLM,44,265
XLM,44,266
XLM,44,267
XLM,44,268
XLM,44,269
XLM,44,270
XLM,44,271
XLM,44,272
XLM,44,273
XLM,44,274
XLM,44,275
XLM,44,276
XLM,44,277
XLM,44,278
XLM,44,279
XLM,44,280
XLM,44,281
XLM,44,282
XLM,44,283
XLM,44,284
XLM,44,285
XLM,44,286
XLM,44,287
XLM,44,288
XLM,44,289
XLM,44,290
XLM,44,291
XLM,44,292
XLM,44,293
XLM,44,294
XLM,44,295
XLM,44,296
XLM,44,297
XLM,44,298
XLM,44,299
XLM,44,300
XLM,44,301
XLM,44,302
XLM,44,303
XLM,44,304
XLM,45,253
XLM,45,254
XLM,45,255
XLM,45,256
XLM,45,257
XLM,45,258
XLM,45,259
XLM,45,260
XLM,45,261
XLM,45,262
XLM,45,263
XLM,45,264
XLM,45,265
XLM,45,266
XLM,45,267
XLM,45,268
XLM,45,269
XLM,45,270
XLM,45,271
XLM,45,272
XLM,45,273
XLM,45,274
XLM,45,275
XLM,45,276
XLM,45,277
XLM,45,278
XLM,45,279
XLM,45,280
XLM,45,281
XLM,45,282
XLM,45,283
XLM,45,284
XLM,45,285
XLM,45,286
XLM,45,287
XLM,45,288
XLM,45,289
XLM,45,290
XLM,45,291
XLM,45,292
XLM,45,293
XLM,45,294
XLM,45,295
XLM,45,296
XLM,46,253
XLM,46,254
XLM,46,255
XLM,46,256
XLM,46,257
XLM,46,258
XLM,46,259
XLM,46,260
XLM,46,261
XLM,46,262
XLM,46,263
XLM,46,264
XLM,46,265
XLM,46,266
XLM,46,267
XLM,46,268
XLM,46,269
XLM,46,270
XLM,46,271
XLM,46,272
XLM,46,273
XLM,46,274
XLM,46,275
XLM,46,276
XLM,46,277
XLM,46,278
XLM,46,279
XLM,46,280
XLM,46,281
XLM,46,282
XLM,46,283
XLM,46,284
XLM,46,285
XLM,46,286
XLM,46,287
XLM,46,288
XLM,46,289
XLM,46,290
XLM,46,291
XLM,46,292
XLM,46,293
XLM,46,294
XLM,47,253
XLM,47,254
XLM,47,255
XLM,47,256
XLM,47,257
XLM,47,258
XLM,47,259
XLM,47,260
XLM,47,261
XLM,47,262
XLM,47,263
XLM,47,264
XLM,47,265
XLM,47,266
XLM,47,267
XLM,47,268
XLM,47,269
XLM,47,270
XLM,47,271
XLM,47,272
XLM,47,273
XLM,47,274
XLM,47,275
XLM,47,276
XLM,47,277
XLM,47,278
XLM,47,279
XLM,47,280
XLM,47,281
XLM,47,282
XLM,47,283
XLM,47,284
XLM,47,285
XLM,47,286
XLM,47,287
XLM,47,288
XLM,47,289
XLM,47,290
XLM,47,291
XLM,47,292
XLM,47,293
XLM,48,253
XLM,48,254
XLM,48,255
XLM,48,256
XLM,48,257
XLM,48,258
XLM,48,259
XLM,48,260
XLM,48,261
XLM,48,262
XLM,48,263
XLM,48,264
XLM,48,265
XLM,48,266
XLM,48,267
XLM,48,268
XLM,48,269
XLM,48,270
XLM,48,271
XLM,48,272
XLM,48,273
XLM,48,274
XLM,48,275
XLM,48,276
XLM,48,277
XLM,48,278
XLM,48,279
XLM,48,280
XLM,48,281
XLM,48,282
XLM,48,283
XLM,48,284
XLM,48,285
XLM,48,286
XLM,48,287
XLM,48,288
XLM,48,289
XLM,48,290
XLM,48,291
XLM,49,254
XLM,49,255
XLM,49,256
XLM,49,257
XLM,49,258
XLM,49,259
XLM,49,260
XLM,49,261
XLM,49,262
XLM,49,263
XLM,49,264
XLM,49,265
XLM,49,266
XLM,49,267
XLM,49,268
XLM,49,269
XLM,49,270
XLM,49,271
XLM,49,272
XLM,49,273
XLM,49,274
XLM,49,275
XLM,49,276
XLM,49,277
XLM,49,278
XLM,49,279
XLM,49,280
XLM,49,281
XLM,49,282
XLM,49,283
XLM,49,284
XLM,49,285
XLM,49,286
XLM,49,287
XLM,49,288
XLM,50,256
XLM,50,257
XLM,50,258
XLM,50,259
XLM,50,260
XLM,50,261
XLM,50,262
XLM,50,263
XLM,50,264
XLM,50,265
XLM,50,266
XLM,50,267
XLM,50,268
XLM,50,269
XLM,50,270
XLM,50,271
XLM,50,272
XLM,50,273
XLM,50,274
XLM,50,275
XLM,50,276
XLM,50,277
XLM,50,278
XLM,50,279
XLM,50,280
XLM,50,281
XLM,51,256
XLM,51,257
XLM,51,258
XLM,51,259
XLM,51,260
XLM,51,261
XLM,51,262
XLM,51,263
XLM,51,264
XLM,51,265
XLM,51,266
XLM,51,267
XLM,51,268
XLM,51,269
XLM,51,270
XLM,51,271
XLM,51,272
XLM,51,273
XLM,51,274
XLM,51,275
XLM,51,276
XLM,51,277
XLM,51,278
XLM,51,279
XLM,51,280
XLM,52,256
XLM,52,257
XLM,52,258
XLM,52,259
XLM,52,260
XLM,52,261
XLM,52,262
XLM,52,263
XLM,52,264
XLM,52,265
XLM,52,266
XLM,52,267
XLM,52,268
XLM,52,269
XLM,52,270
XLM,52,271
XLM,52,272
XLM,52,273
XLM,52,274
XLM,52,275
XLM,52,276
XLM,52,277
XLM,52,278
XLM,52,279
XLM,52,280
XLM,53,258
XLM,53,259
XLM,53,260
XLM,53,261
XLM,53,262
XLM,53,263
XLM,53,264
XLM,53,265
XLM,53,266
XLM,53,267
XLM,53,268
XLM,53,269
XLM,53,270
XLM,53,271
XLM,53,272
XLM,53,273
XLM,53,274
XLM,53,275
XLM,53,276
XLM,53,277
XLM,53,278
XLM,53,279
XLM,54,258
XLM,54,259
XLM,54,260
XLM,54,261
XLM,54,262
XLM,54,263
XLM,54,264
XLM,54,265
XLM,54,266
XLM,54,267
XLM,54,268
XLM,54,269
XLM,54,270
XLM,54,271
XLM,54,272
XLM,54,273
XLM,54,274
XLM,54,275
XLM,54,276
XLM,54,277
XLM,54,278
XLM,55,260
XLM,55,261
XLM,55,262
XLM,55,263
XLM,55,264
XLM,55,265
XLM,55,266
XLM,55,267
XLM,55,268
XLM,55,269
XLM,55,270
XLM,55,271
XLM,55,272
XLM,55,273
XLM,55,274
XLM,55,275
XLM,55,276
XLM,55,277
XLM,55,278
XLM,56,260
XLM,56,261
XLM,56,262
XLM,56,263
XLM,56,264
XLM,56,265
XLM,56,266
XLM,56,267
XLM,56,268
XLM,56,269
XLM,56,270
XLM,56,271
XLM,56,272
XLM,56,273
XLM,56,274
XLM,56,275
XLM,56,276
XLM,57,262
XLM,57,263
XLM,57,264
XLM,57,265
XLM,57,266
XLM,57,267
XLM,57,268
XLM,57,269
XLM,57,270
XLM,57,271
XLM,57,272
XLM,57,273
XLM,57,274
XLM,57,275
XLM,57,276
XLM,58,262
XLM,58,263
XLM,58,264
XLM,58,265
XLM,58,266
XLM,58,267
XLM,58,268
XLM,58,269
XLM,58,270
XLM,58,271
XLM,58,272
XLM,58,273
XLM,58,274
XLM,58,275
XLM,58,276
XLM,59,264
XLM,59,265
XLM,59,266
XLM,59,267
XLM,59,268
XLM,59,269
XLM,59,270
XLM,59,271
XLM,59,272
XLM,59,273
XLM,59,274
XLM,59,275
XLM,60,270
XLM,60,271
XLM,60,272
XLM,60,273
XLM,60,274
XLM,61,271
XLM,61,272
XLM,61,273
XLM,61,274
XLM,115,126
XLM,115,127
XLM,115,128
XLM,115,129
XLM,115,130
XLM,115,131
XLM,116,126
XLM,116,127
XLM,116,128
XLM,116,129
XLM,116,130
XLM,116,131
XLM,116,132
XLM,116,133
XLM,116,134
XLM,116,231
XLM,117,127
XLM,117,128
XLM,117,129
XLM,117,130
XLM,117,131
XLM,117,132
XLM,117,133
XLM,117,134
XLM,117,135
XLM,117,136
XLM,117,137
XLM,117,144
XLM,117,145
XLM,117,146
XLM,117,147
XLM,117,148
XLM,118,128
XLM,118,129
XLM,118,130
XLM,118,131
XLM,118,133
XLM,118,134
XLM,118,135
XLM,118,136
XLM,118,137
XLM,118,138
XLM,118,139
XLM,118,140
XLM,118,141
XLM,118,142
XLM,118,143
XLM,118,144
XLM,118,145
XLM,118,146
XLM,118,147
XLM,118,148
XLM,118,149
XLM,119,128
XLM,119,129
XLM,119,130
XLM,119,131
XLM,119,134
XLM,119,135
XLM,119,136
XLM,119,137
XLM,119,138
XLM,119,139
XLM,119,140
XLM,119,141
XLM,119,142
XLM,119,143
XLM,119,144
XLM,119,145
XLM,119,146
XLM,119,147
XLM,119,148
XLM,119,149
XLM,119,150
XLM,119,151
XLM,120,129
XLM,120,130
XLM,120,131
XLM,120,135
XLM,120,136
XLM,120,137
XLM,120,138
XLM,120,139
XLM,120,140
XLM,120,141
XLM,120,142
XLM,120,143
XLM,120,144
XLM,120,145
XLM,120,146
XLM,120,147
XLM,120,148
XLM,120,149
XLM,120,150
XLM,120,151
XLM,121,129
XLM,121,130
XLM,121,131
XLM,121,132
XLM,121,133
XLM,121,134
XLM,121,135
XLM,121,136
XLM,121,137
XLM,121,138
XLM,121,139
XLM,121,140
XLM,121,141
XLM,121,142
XLM,121,143
XLM,121,144
XLM,121,145
XLM,121,146
XLM,121,147
XLM,121,148
XLM,121,149
XLM,121,150
XLM,121,151
XLM,121,152
XLM,121,155
XLM,121,156
XLM,121,157
XLM,121,158
XLM,122,124
XLM,122,130
XLM,122,131
XLM,122,132
XLM,122,133
XLM,122,134
XLM,122,136
XLM,122,137
XLM,122,138
XLM,122,139
XLM,122,140
XLM,122,141
XLM,122,142
XLM,122,143
XLM,122,144
XLM,122,145
XLM,122,146
XLM,122,147
XLM,122,148
XLM,122,149
XLM,122,150
XLM,122,151
XLM,122,152
XLM,122,153
XLM,122,154
XLM,122,155
XLM,122,156
XLM,122,157
XLM,122,158
XLM,122,159
XLM,123,124
XLM,123,132
XLM,123,133
XLM,123,134
XLM,123,135
XLM,123,136
XLM,123,137
XLM,123,138
XLM,123,139
XLM,123,140
XLM,123,141
XLM,123,142
XLM,123,143
XLM,123,144
XLM,123,145
XLM,123,146
XLM,123,147
XLM,123,148
XLM,123,149
XLM,123,150
XLM,123,151
XLM,123,152
XLM,123,153
XLM,123,154
XLM,123,155
XLM,123,156
XLM,123,157
XLM,123,158
XLM,123,159
XLM,123,160
XLM,124,130
XLM,124,132
XLM,124,133
XLM,124,134
XLM,124,135
XLM,124,137
XLM,124,138
XLM,124,139
XLM,124,140
XLM,124,141
XLM,124,142
XLM,124,143
XLM,124,144
XLM,124,145
XLM,124,146
XLM,124,147
XLM,124,148
XLM,124,149
XLM,124,150
XLM,124,151
XLM,124,152
XLM,124,153
XLM,124,154
XLM,124,155
XLM,124,156
XLM,124,157
XLM,124,158
XLM,124,159
XLM,124,160
XLM,124,161
XLM,125,130
XLM,125,131
XLM,125,132
XLM,125,133
XLM,125,134
XLM,125,135
XLM,125,136
XLM,125,138
XLM,125,139
XLM,125,140
XLM,125,141
XLM,125,142
XLM,125,143
XLM,125,144
XLM,125,145
XLM,125,146
XLM,125,147
XLM,125,148
XLM,125,149
XLM,125,150
XLM,125,151
XLM,125,152
XLM,125,153
XLM,125,154
XLM,125,155
XLM,125,156
XLM,125,157
XLM,125,158
XLM,125,159
XLM,125,160
XLM,125,161
XLM,126,131
XLM,126,132
XLM,126,133
XLM,126,134
XLM,126,135
XLM,126,136
XLM,126,137
XLM,126,139
XLM,126,140
XLM,126,141
XLM,126,142
XLM,126,143
XLM,126,144
XLM,126,145
XLM,126,146
XLM,126,147
XLM,126,148
XLM,126,149
XLM,126,150
XLM,126,151
XLM,126,152
XLM,126,153
XLM,126,154
XLM,126,155
XLM,126,156
XLM,126,157
XLM,126,158
XLM,126,159
XLM,126,160
XLM,126,161
XLM,126,162
XLM,127,133
XLM,127,134
XLM,127,135
XLM,127,136
XLM,127,137
XLM,127,138
XLM,127,141
XLM,127,142
XLM,127,143
XLM,127,144
XLM,127,145
XLM,127,146
XLM,127,147
XLM,127,148
XLM,127,149
XLM,127,150
XLM,127,151
XLM,127,152
XLM,127,153
XLM,127,154
XLM,127,155
XLM,127,156
XLM,127,157
XLM,127,158
XLM,127,159
XLM,127,160
XLM,127,161
XLM,127,162
XLM,127,203
XLM,127,204
XLM,127,205
XLM,127,206
XLM,128,135
XLM,128,136
XLM,128,137
XLM,128,138
XLM,128,142
XLM,128,143
XLM,128,144
XLM,128,145
XLM,128,146
XLM,128,147
XLM,128,148
XLM,128,149
XLM,128,150
XLM,128,151
XLM,128,152
XLM,128,153
XLM,128,154
XLM,128,155
XLM,128,156
XLM,128,157
XLM,128,158
XLM,128,159
XLM,128,160
XLM,128,161
XLM,128,162
XLM,128,163
XLM,128,164
XLM,128,165
XLM,128,205
XLM,128,206
XLM,129,136
XLM,129,137
XLM,129,138
XLM,129,139
XLM,129,142
XLM,129,143
XLM,129,144
XLM,129,145
XLM,129,146
XLM,129,147
XLM,129,148
XLM,129,149
XLM,129,150
XLM,129,151
XLM,129,152
XLM,129,153
XLM,129,154
XLM,129,155
XLM,129,156
XLM,129,157
XLM,129,158
XLM,129,159
XLM,129,160
XLM,129,161
XLM,129,162
XLM,129,163
XLM,129,164
XLM,129,165
XLM,129,166
XLM,129,202
XLM,129,205
XLM,129,206
XLM,129,207
XLM,130,136
XLM,130,137
XLM,130,138
XLM,130,139
XLM,130,143
XLM,130,144
XLM,130,145
XLM,130,146
XLM,130,147
XLM,130,148
XLM,130,149
XLM,130,150
XLM,130,151
XLM,130,152
XLM,130,153
XLM,130,154
XLM,130,155
XLM,130,156
XLM,130,157
XLM,130,158
XLM,130,159
XLM,130,160
XLM,130,161
XLM,130,162
XLM,130,163
XLM,130,164
XLM,130,165
XLM,130,166
XLM,130,204
XLM,130,205
XLM,130,206
XLM,130,207
XLM,130,208
XLM,131,136
XLM,131,137
XLM,131,138
XLM,131,139
XLM,131,140
XLM,131,144
XLM,131,145
XLM,131,146
XLM,131,147
XLM,131,148
XLM,131,149
XLM,131,150
XLM,131,151
XLM,131,152
XLM,131,153
XLM,131,154
XLM,131,155
XLM,131,156
XLM,131,157
XLM,131,158
XLM,131,159
XLM,131,160
XLM,131,161
XLM,131,162
XLM,131,163
XLM,131,164
XLM,131,165
XLM,131,204
XLM,131,205
XLM,131,208
XLM,131,209
XLM,132,137
XLM,132,138
XLM,132,139
XLM,132,140
XLM,132,141
XLM,132,145
XLM,132,146
XLM,132,147
XLM,132,148
XLM,132,149
XLM,132,150
XLM,132,151
XLM,132,152
XLM,132,153
XLM,132,154
XLM,132,155
XLM,132,156
XLM,132,157
XLM,132,158
XLM,132,159
XLM,132,160
XLM,132,161
XLM,132,162
XLM,132,163
XLM,132,164
XLM,132,165
XLM,132,204
XLM,132,205
XLM,132,208
XLM,132,209
XLM,132,210
XLM,132,212
XLM,133,139
XLM,133,140
XLM,133,141
XLM,133,142
XLM,133,147
XLM,133,148
XLM,133,149
XLM,133,150
XLM,133,151
XLM,133,152
XLM,133,153
XLM,133,154
XLM,133,155
XLM,133,156
XLM,133,157
XLM,133,158
XLM,133,159
XLM,133,160
XLM,133,161
XLM,133,162
XLM,133,163
XLM,133,164
XLM,133,165
XLM,133,205
XLM,133,209
XLM,133,210
XLM,133,211
XLM,134,140
XLM,134,141
XLM,134,142
XLM,134,147
XLM,134,148
XLM,134,149
XLM,134,150
XLM,134,151
XLM,134,152
XLM,134,153
XLM,134,154
XLM,134,155
XLM,134,156
XLM,134,157
XLM,134,158
XLM,134,159
XLM,134,160
XLM,134,161
XLM,134,162
XLM,134,163
XLM,134,164
XLM,134,165
XLM,134,194
XLM,134,195
XLM,134,196
XLM,134,197
XLM,134,198
XLM,134,199
XLM,134,200
XLM,134,209
XLM,134,210
XLM,134,211
XLM,134,213
XLM,135,140
XLM,135,141
XLM,135,148
XLM,135,149
XLM,135,150
XLM,135,151
XLM,135,152
XLM,135,153
XLM,135,154
XLM,135,155
XLM,135,156
XLM,135,157
XLM,135,158
XLM,135,159
XLM,135,160
XLM,135,161
XLM,135,162
XLM,135,163
XLM,135,164
XLM,135,165
XLM,135,181
XLM,135,192
XLM,135,193
XLM,135,194
XLM,135,195
XLM,135,196
XLM,135,197
XLM,135,198
XLM,135,199
XLM,135,200
XLM,135,201
XLM,135,202
XLM,135,203
XLM,135,204
XLM,135,211
XLM,135,212
XLM,135,213
XLM,135,214
XLM,136,149
XLM,136,150
XLM,136,151
XLM,136,152
XLM,136,153
XLM,136,154
XLM,136,155
XLM,136,156
XLM,136,157
XLM,136,158
XLM,136,159
XLM,136,160
XLM,136,161
XLM,136,162
XLM,136,163
XLM,136,164
XLM,136,165
XLM,136,181
XLM,136,191
XLM,136,192
XLM,136,193
XLM,136,194
XLM,136,196
XLM,136,197
XLM,136,198
XLM,136,199
XLM,136,200
XLM,136,201
XLM,136,202
XLM,136,203
XLM,136,204
XLM,136,205
XLM,136,209
XLM,136,212
XLM,136,213
XLM,136,214
XLM,136,215
XLM,137,147
XLM,137,149
XLM,137,150
XLM,137,151
XLM,137,152
XLM,137,153
XLM,137,154
XLM,137,155
XLM,137,156
XLM,137,157
XLM,137,158
XLM,137,159
XLM,137,160
XLM,137,161
XLM,137,162
XLM,137,163
XLM,137,164
XLM,137,165
XLM,137,166
XLM,137,183
XLM,137,184
XLM,137,185
XLM,137,186
XLM,137,187
XLM,137,191
XLM,137,192
XLM,137,193
XLM,137,194
XLM,137,195
XLM,137,196
XLM,137,198
XLM,137,200
XLM,137,201
XLM,137,202
XLM,137,203
XLM,137,204
XLM,137,205
XLM,137,206
XLM,137,207
XLM,137,214
XLM,137,215
XLM,137,216
XLM,137,217
XLM,137,218
XLM,138,148
XLM,138,150
XLM,138,151
XLM,138,152
XLM,138,153
XLM,138,154
XLM,138,155
XLM,138,156
XLM,138,157
XLM,138,158
XLM,138,159
XLM,138,160
XLM,138,161
XLM,138,162
XLM,138,163
XLM,138,164
XLM,138,165
XLM,138,166
XLM,138,180
XLM,138,181
XLM,138,182
XLM,138,183
XLM,138,184
XLM,138,185
XLM,138,186
XLM,138,187
XLM,138,195
XLM,138,202
XLM,138,203
XLM,138,204
XLM,138,205
XLM,138,206
XLM,138,207
XLM,138,208
XLM,138,209
XLM,138,213
XLM,138,214
XLM,138,218
XLM,139,150
XLM,139,151
XLM,139,152
XLM,139,153
XLM,139,154
XLM,139,155
XLM,139,156
XLM,139,157
XLM,139,158
XLM,139,159
XLM,139,160
XLM,139,161
XLM,139,162
XLM,139,163
XLM,139,164
XLM,139,165
XLM,139,166
XLM,139,180
XLM,139,181
XLM,139,182
XLM,139,183
XLM,139,184
XLM,139,185
XLM,139,186
XLM,139,187
XLM,139,202
XLM,139,203
XLM,139,204
XLM,139,205
XLM,139,206
XLM,139,207
XLM,139,208
XLM,139,209
XLM,139,210
XLM,139,211
XLM,139,213
XLM,139,214
XLM,140,149
XLM,140,150
XLM,140,151
XLM,140,152
XLM,140,153
XLM,140,154
XLM,140,155
XLM,140,156
XLM,140,157
XLM,140,158
XLM,140,159
XLM,140,160
XLM,140,161
XLM,140,162
XLM,140,163
XLM,140,164
XLM,140,165
XLM,140,166
XLM,140,167
XLM,140,180
XLM,140,181
XLM,140,182
XLM,140,183
XLM,140,184
XLM,140,185
XLM,140,186
XLM,140,187
XLM,140,205
XLM,140,206
XLM,140,207
XLM,140,208
XLM,140,209
XLM,140,210
XLM,140,211
XLM,140,212
XLM,140,215
XLM,141,150
XLM,141,151
XLM,141,152
XLM,141,153
XLM,141,154
XLM,141,155
XLM,141,156
XLM,141,157
XLM,141,158
XLM,141,159
XLM,141,160
XLM,141,161
XLM,141,162
XLM,141,163
XLM,141,164
XLM,141,165
XLM,141,166
XLM,141,167
XLM,141,168
XLM,141,179
XLM,141,180
XLM,141,181
XLM,141,182
XLM,141,183
XLM,141,184
XLM,141,185
XLM,141,186
XLM,141,200
XLM,141,201
XLM,141,205
XLM,141,206
XLM,141,207
XLM,141,208
XLM,141,209
XLM,141,210
XLM,141,211
XLM,141,214
XLM,141,215
XLM,141,216
XLM,141,217
XLM,141,218
XLM,141,219
XLM,141,220
XLM,141,221
XLM,142,150
XLM,142,151
XLM,142,152
XLM,142,153
XLM,142,154
XLM,142,155
XLM,142,156
XLM,142,157
XLM,142,158
XLM,142,159
XLM,142,160
XLM,142,161
XLM,142,162
XLM,142,163
XLM,142,164
XLM,142,165
XLM,142,166
XLM,142,167
XLM,142,168
XLM,142,169
XLM,142,178
XLM,142,179
XLM,142,180
XLM,142,181
XLM,142,182
XLM,142,183
XLM,142,184
XLM,142,185
XLM,142,186
XLM,142,198
XLM,142,215
XLM,142,216
XLM,142,217
XLM,142,218
XLM,142,219
XLM,142,220
XLM,142,221
XLM,142,222
XLM,142,223
XLM,143,138
XLM,143,139
XLM,143,152
XLM,143,153
XLM,143,154
XLM,143,155
XLM,143,156
XLM,143,157
XLM,143,158
XLM,143,159
XLM,143,160
XLM,143,161
XLM,143,162
XLM,143,163
XLM,143,164
XLM,143,165
XLM,143,166
XLM,143,167
XLM,143,168
XLM,143,169
XLM,143,170
XLM,143,171
XLM,143,175
XLM,143,176
XLM,143,177
XLM,143,178
XLM,143,179
XLM,143,180
XLM,143,181
XLM,143,182
XLM,143,183
XLM,143,184
XLM,143,185
XLM,143,205
XLM,143,212
XLM,143,213
XLM,143,214
XLM,143,215
XLM,143,216
XLM,143,217
XLM,143,218
XLM,143,219
XLM,143,220
XLM,143,221
XLM,143,222
XLM,143,223
XLM,143,224
XLM,143,226
XLM,143,227
XLM,143,232
XLM,144,131
XLM,144,153
XLM,144,154
XLM,144,155
XLM,144,156
XLM,144,157
XLM,144,158
XLM,144,159
XLM,144,160
XLM,144,161
XLM,144,162
XLM,144,163
XLM,144,164
XLM,144,165
XLM,144,166
XLM,144,167
XLM,144,168
XLM,144,169
XLM,144,170
XLM,144,171
XLM,144,172
XLM,144,173
XLM,144,174
XLM,144,175
XLM,144,176
XLM,144,177
XLM,144,178
XLM,144,179
XLM,144,180
XLM,144,181
XLM,144,182
XLM,144,183
XLM,144,184
XLM,144,185
XLM,144,204
XLM,144,205
XLM,144,206
XLM,144,207
XLM,144,208
XLM,144,212
XLM,144,213
XLM,144,214
XLM,144,215
XLM,144,216
XLM,144,217
XLM,144,218
XLM,144,219
XLM,144,220
XLM,144,221
XLM,144,222
XLM,144,223
XLM,144,224
XLM,144,225
XLM,144,226
XLM,144,227
XLM,144,228
XLM,144,229
XLM,144,230
XLM,144,231
XLM,145,156
XLM,145,157
XLM,145,158
XLM,145,159
XLM,145,160
XLM,145,161
XLM,145,162
XLM,145,163
XLM,145,164
XLM,145,165
XLM,145,166
XLM,145,167
XLM,145,168
XLM,145,169
XLM,145,170
XLM,145,171
XLM,145,172
XLM,145,173
XLM,145,174
XLM,145,175
XLM,145,176
XLM,145,177
XLM,145,178
XLM,145,179
XLM,145,180
XLM,145,181
XLM,145,182
XLM,145,183
XLM,145,184
XLM,145,185
XLM,145,205
XLM,145,206
XLM,145,207
XLM,145,208
XLM,145,217
XLM,145,218
XLM,145,226
XLM,145,227
XLM,145,228
XLM,145,231
XLM,145,237
XLM,146,158
XLM,146,159
XLM,146,160
XLM,146,161
XLM,146,162
XLM,146,163
XLM,146,164
XLM,146,165
XLM,146,166
XLM,146,167
XLM,146,168
XLM,146,169
XLM,146,170
XLM,146,171
XLM,146,172
XLM,146,173
XLM,146,174
XLM,146,175
XLM,146,176
XLM,146,177
XLM,146,178
XLM,146,179
XLM,146,180
XLM,146,181
XLM,146,182
XLM,146,183
XLM,146,184
XLM,146,185
XLM,146,235
XLM,146,237
XLM,147,160
XLM,147,161
XLM,147,162
XLM,147,163
XLM,147,164
XLM,147,165
XLM,147,166
XLM,147,167
XLM,147,168
XLM,147,169
XLM,147,170
XLM,147,171
XLM,147,172
XLM,147,173
XLM,147,174
XLM,147,175
XLM,147,176
XLM,147,177
XLM,147,178
XLM,147,179
XLM,147,180
XLM,147,181
XLM,147,182
XLM,147,183
XLM,147,184
XLM,147,189
XLM,148,163
XLM,148,164
XLM,148,165
XLM,148,166
XLM,148,167
XLM,148,168
XLM,148,169
XLM,148,170
XLM,148,171
XLM,148,172
XLM,148,173
XLM,148,174
XLM,148,175
XLM,148,176
XLM,148,177
XLM,148,178
XLM,148,179
XLM,148,180
XLM,148,181
XLM,148,182
XLM,148,183
XLM,148,184
XLM,148,187
XLM,148,188
XLM,148,189
XLM,149,166
XLM,149,167
XLM,149,168
XLM,149,169
XLM,149,173
XLM,149,174
XLM,149,175
XLM,149,176
XLM,149,177
XLM,149,178
XLM,149,179
XLM,149,180
XLM,149,181
XLM,149,182
XLM,149,183
XLM,149,184
XLM,149,185
XLM,149,186
XLM,149,187
XLM,149,188
XLM,149,189
XLM,149,190
XLM,149,191
XLM,149,192
XLM,149,193
XLM,149,238
XLM,150,174
XLM,150,175
XLM,150,176
XLM,150,177
XLM,150,178
XLM,150,179
XLM,150,180
XLM,150,181
XLM,150,182
XLM,150,183
XLM,150,184
XLM,150,185
XLM,150,186
XLM,150,187
XLM,150,188
XLM,150,189
XLM,150,190
XLM,150,191
XLM,150,192
XLM,150,193
XLM,150,194
XLM,150,238
XLM,151,175
XLM,151,176
XLM,151,177
XLM,151,178
XLM,151,179
XLM,151,180
XLM,151,181
XLM,151,182
XLM,151,183
XLM,151,184
XLM,151,185
XLM,151,186
XLM,151,187
XLM,151,188
XLM,151,189
XLM,151,190
XLM,151,191
XLM,151,192
XLM,151,193
XLM,151,194
XLM,152,176
XLM,152,177
XLM,152,178
XLM,152,179
XLM,152,180
XLM,152,181
XLM,152,182
XLM,152,183
XLM,152,184
XLM,152,185
XLM,152,186
XLM,152,187
XLM,152,188
XLM,152,189
XLM,152,190
XLM,152,191
XLM,152,192
XLM,152,193
XLM,152,194
XLM,152,195
XLM,152,239
XLM,153,178
XLM,153,179
XLM,153,180
XLM,153,181
XLM,153,182
XLM,153,183
XLM,153,184
XLM,153,185
XLM,153,186
XLM,153,187
XLM,153,188
XLM,153,189
XLM,153,190
XLM,153,191
XLM,153,192
XLM,153,193
XLM,153,194
XLM,153,238
XLM,153,239
XLM,154,182
XLM,154,183
XLM,154,184
XLM,154,185
XLM,154,186
XLM,154,187
XLM,154,188
XLM,154,189
XLM,154,190
XLM,154,191
XLM,154,192
XLM,154,193
XLM,154,198
XLM,154,238
XLM,154,241
XLM,154,242
XLM,155,185
XLM,155,186
XLM,155,187
XLM,155,188
XLM,155,189
XLM,155,190
XLM,155,191
XLM,155,192
XLM,155,193
XLM,155,197
XLM,155,220
XLM,155,221
XLM,155,238
XLM,156,186
XLM,156,187
XLM,156,188
XLM,156,189
XLM,156,190
XLM,156,191
XLM,156,192
XLM,156,193
XLM,156,194
XLM,156,216
XLM,156,217
XLM,156,218
XLM,156,220
XLM,156,221
XLM,156,237
XLM,157,187
XLM,157,188
XLM,157,189
XLM,157,190
XLM,157,191
XLM,157,192
XLM,157,193
XLM,157,215
XLM,157,216
XLM,157,217
XLM,157,218
XLM,157,220
XLM,157,221
XLM,157,222
XLM,157,227
XLM,157,228
XLM,157,231
XLM,158,188
XLM,158,189
XLM,158,190
XLM,158,191
XLM,158,192
XLM,158,193
XLM,158,211
XLM,158,212
XLM,158,213
XLM,158,214
XLM,158,215
XLM,158,216
XLM,158,217
XLM,158,218
XLM,158,219
XLM,158,220
XLM,158,221
XLM,158,222
XLM,158,223
XLM,158,224
XLM,158,232
XLM,158,233
XLM,158,239
XLM,159,189
XLM,159,190
XLM,159,191
XLM,159,192
XLM,159,193
XLM,159,194
XLM,159,210
XLM,159,211
XLM,159,212
XLM,159,213
XLM,159,214
XLM,159,215
XLM,159,216
XLM,159,217
XLM,159,218
XLM,159,219
XLM,159,220
XLM,159,221
XLM,159,222
XLM,159,223
XLM,159,224
XLM,159,225
XLM,159,226
XLM,159,227
XLM,159,228
XLM,159,230
XLM,159,232
XLM,159,233
XLM,159,234
XLM,159,235
XLM,159,236
XLM,159,237
XLM,159,238
XLM,159,239
XLM,160,189
XLM,160,190
XLM,160,191
XLM,160,192
XLM,160,193
XLM,160,194
XLM,160,209
XLM,160,210
XLM,160,211
XLM,160,212
XLM,160,213
XLM,160,214
XLM,160,215
XLM,160,216
XLM,160,217
XLM,160,218
XLM,160,219
XLM,160,220
XLM,160,221
XLM,160,222
XLM,160,223
XLM,160,224
XLM,160,225
XLM,160,226
XLM,160,227
XLM,160,228
XLM,160,229
XLM,160,230
XLM,160,231
XLM,160,232
XLM,160,233
XLM,160,234
XLM,160,235
XLM,160,236
XLM,160,237
XLM,160,238
XLM,160,239
XLM,161,189
XLM,161,190
XLM,161,191
XLM,161,192
XLM,161,193
XLM,161,194
XLM,161,195
XLM,161,196
XLM,161,201
XLM,161,202
XLM,161,203
XLM,161,209
XLM,161,210
XLM,161,211
XLM,161,212
XLM,161,213
XLM,161,214
XLM,161,215
XLM,161,216
XLM,161,217
XLM,161,218
XLM,161,219
XLM,161,220
XLM,161,221
XLM,161,222
XLM,161,223
XLM,161,224
XLM,161,225
XLM,161,226
XLM,161,227
XLM,161,228
XLM,161,229
XLM,161,230
XLM,161,231
XLM,161,232
XLM,161,233
XLM,161,234
XLM,161,235
XLM,161,236
XLM,161,237
XLM,161,238
XLM,161,239
XLM,162,192
XLM,162,193
XLM,162,194
XLM,162,195
XLM,162,196
XLM,162,197
XLM,162,199
XLM,162,200
XLM,162,201
XLM,162,202
XLM,162,203
XLM,162,204
XLM,162,205
XLM,162,208
XLM,162,209
XLM,162,210
XLM,162,211
XLM,162,212
XLM,162,213
XLM,162,214
XLM,162,215
XLM,162,216
XLM,162,217
XLM,162,218
XLM,162,219
XLM,162,220
XLM,162,221
XLM,162,222
XLM,162,223
XLM,162,224
XLM,162,225
XLM,162,226
XLM,162,227
XLM,162,228
XLM,162,229
XLM,162,230
XLM,162,231
XLM,162,232
XLM,162,233
XLM,162,234
XLM,162,235
XLM,162,236
XLM,162,237
XLM,162,238
XLM,162,239
XLM,163,193
XLM,163,194
XLM,163,195
XLM,163,196
XLM,163,197
XLM,163,198
XLM,163,199
XLM,163,200
XLM,163,201
XLM,163,203
XLM,163,204
XLM,163,205
XLM,163,206
XLM,163,207
XLM,163,208
XLM,163,209
XLM,163,210
XLM,163,211
XLM,163,212
XLM,163,213
XLM,163,214
XLM,163,215
XLM,163,216
XLM,163,217
XLM,163,218
XLM,163,219
XLM,163,220
XLM,163,221
XLM,163,222
XLM,163,223
XLM,163,224
XLM,163,225
XLM,163,226
XLM,163,227
XLM,163,228
XLM,163,229
XLM,163,230
XLM,163,231
XLM,163,232
XLM,163,233
XLM,163,234
XLM,163,235
XLM,163,236
XLM,163,237
XLM,163,238
XLM,163,239
XLM,163,240
XLM,163,241
XLM,164,193
XLM,164,194
XLM,164,195
XLM,164,196
XLM,164,197
XLM,164,198
XLM,164,199
XLM,164,200
XLM,164,201
XLM,164,202
XLM,164,203
XLM,164,204
XLM,164,205
XLM,164,206
XLM,164,207
XLM,164,208
XLM,164,209
XLM,164,210
XLM,164,211
XLM,164,212
XLM,164,213
XLM,164,214
XLM,164,215
XLM,164,216
XLM,164,217
XLM,164,218
XLM,164,219
XLM,164,220
XLM,164,221
XLM,164,222
XLM,164,223
XLM,164,224
XLM,164,225
XLM,164,226
XLM,164,227
XLM,164,228
XLM,164,229
XLM,164,230
XLM,164,231
XLM,164,232
XLM,164,233
XLM,164,234
XLM,164,235
XLM,164,236
XLM,164,237
XLM,164,238
XLM,164,239
XLM,164,240
XLM,164,241
XLM,164,242
XLM,165,197
XLM,165,198
XLM,165,199
XLM,165,200
XLM,165,201
XLM,165,204
XLM,165,205
XLM,165,206
XLM,165,207
XLM,165,208
XLM,165,209
XLM,165,210
XLM,165,211
XLM,165,212
XLM,165,213
XLM,165,214
XLM,165,215
XLM,165,216
XLM,165,217
XLM,165,218
XLM,165,219
XLM,165,220
XLM,165,221
XLM,165,222
XLM,165,223
XLM,165,224
XLM,165,225
XLM,165,226
XLM,165,227
XLM,165,228
XLM,165,229
XLM,165,230
XLM,165,231
XLM,165,232
XLM,165,233
XLM,165,234
XLM,165,235
XLM,165,236
XLM,165,237
XLM,165,238
XLM,165,239
XLM,165,240
XLM,165,241
XLM,165,242
XLM,165,243
XLM,166,197
XLM,166,199
XLM,166,200
XLM,166,204
XLM,166,205
XLM,166,206
XLM,166,207
XLM,166,208
XLM,166,209
XLM,166,210
XLM,166,211
XLM,166,212
XLM,166,213
XLM,166,214
XLM,166,215
XLM,166,216
XLM,166,217
XLM,166,218
XLM,166,219
XLM,166,220
XLM,166,221
XLM,166,222
XLM,166,223
XLM,166,224
XLM,166,225
XLM,166,226
XLM,166,227
XLM,166,228
XLM,166,229
XLM,166,230
XLM,166,231
XLM,166,232
XLM,166,233
XLM,166,234
XLM,166,235
XLM,166,236
XLM,166,237
XLM,166,238
XLM,166,239
XLM,166,240
XLM,166,241
XLM,166,242
XLM,166,243
XLM,166,244
XLM,167,205
XLM,167,206
XLM,167,207
XLM,167,208
XLM,167,209
XLM,167,210
XLM,167,211
XLM,167,212
XLM,167,213
XLM,167,214
XLM,167,215
XLM,167,216
XLM,167,217
XLM,167,218
XLM,167,219
XLM,167,220
XLM,167,221
XLM,167,222
XLM,167,223
XLM,167,224
XLM,167,225
XLM,167,226
XLM,167,227
XLM,167,228
XLM,167,229
XLM,167,230
XLM,167,231
XLM,167,232
XLM,167,233
XLM,167,234
XLM,167,235
XLM,167,236
XLM,167,237
XLM,167,238
XLM,167,239
XLM,167,240
XLM,167,241
XLM,167,242
XLM,167,243
XLM,167,244
XLM,167,245
XLM,168,206
XLM,168,207
XLM,168,208
XLM,168,209
XLM,168,210
XLM,168,211
XLM,168,212
XLM,168,213
XLM,168,214
XLM,168,215
XLM,168,216
XLM,168,217
XLM,168,218
XLM,168,219
XLM,168,220
XLM,168,221
XLM,168,222
XLM,168,223
XLM,168,224
XLM,168,225
XLM,168,226
XLM,168,227
XLM,168,228
XLM,168,229
XLM,168,230
XLM,168,231
XLM,168,232
XLM,168,233
XLM,168,234
XLM,168,235
XLM,168,236
XLM,168,237
XLM,168,238
XLM,168,239
XLM,168,240
XLM,168,241
XLM,168,242
XLM,168,243
XLM,168,244
XLM,168,245
XLM,168,246
XLM,168,247
XLM,169,205
XLM,169,206
XLM,169,207
XLM,169,208
XLM,169,209
XLM,169,210
XLM,169,211
XLM,169,212
XLM,169,213
XLM,169,214
XLM,169,215
XLM,169,216
XLM,169,217
XLM,169,218
XLM,169,219
XLM,169,220
XLM,169,221
XLM,169,222
XLM,169,223
XLM,169,224
XLM,169,225
XLM,169,226
XLM,169,227
XLM,169,228
XLM,169,229
XLM,169,230
XLM,169,231
XLM,169,232
XLM,169,233
XLM,169,234
XLM,169,235
XLM,169,236
XLM,169,237
XLM,169,238
XLM,169,239
XLM,169,240
XLM,169,241
XLM,169,242
XLM,169,243
XLM,169,244
XLM,169,245
XLM,169,246
XLM,169,247
XLM,169,248
XLM,169,249
XLM,169,250
XLM,169,251
XLM,169,252
XLM,169,253
XLM,170,206
XLM,170,207
XLM,170,208
XLM,170,209
XLM,170,210
XLM,170,211
XLM,170,212
XLM,170,213
XLM,170,214
XLM,170,215
XLM,170,216
XLM,170,217
XLM,170,218
XLM,170,219
XLM,170,220
XLM,170,221
XLM,170,222
XLM,170,223
XLM,170,224
XLM,170,225
XLM,170,226
XLM,170,227
XLM,170,228
XLM,170,229
XLM,170,230
XLM,170,231
XLM,170,232
XLM,170,233
XLM,170,234
XLM,170,235
XLM,170,236
XLM,170,237
XLM,170,238
XLM,170,239
XLM,170,240
XLM,170,241
XLM,170,242
XLM,170,243
XLM,170,244
XLM,170,245
XLM,170,246
XLM,170,247
XLM,170,248
XLM,170,249
XLM,170,250
XLM,170,251
XLM,170,252
XLM,171,206
XLM,171,207
XLM,171,208
XLM,171,209
XLM,171,210
XLM,171,211
XLM,171,212
XLM,171,213
XLM,171,214
XLM,171,215
XLM,171,216
XLM,171,217
XLM,171,218
XLM,171,219
XLM,171,220
XLM,171,221
XLM,171,222
XLM,171,223
XLM,171,224
XLM,171,225
XLM,171,226
XLM,171,227
XLM,171,228
XLM,171,229
XLM,171,230
XLM,171,231
XLM,171,232
XLM,171,233
XLM,171,234
XLM,171,235
XLM,171,236
XLM,171,237
XLM,171,238
XLM,171,239
XLM,171,240
XLM,171,241
XLM,171,242
XLM,171,243
XLM,171,244
XLM,171,245
XLM,171,246
XLM,171,247
XLM,171,248
XLM,171,249
XLM,171,250
XLM,171,251
XLM,171,252
XLM,172,206
XLM,172,207
XLM,172,208
XLM,172,209
XLM,172,210
XLM,172,211
XLM,172,212
XLM,172,213
XLM,172,214
XLM,172,215
XLM,172,216
XLM,172,217
XLM,172,218
XLM,172,219
XLM,172,220
XLM,172,221
XLM,172,222
XLM,172,223
XLM,172,224
XLM,172,225
XLM,172,226
XLM,172,227
XLM,172,228
XLM,172,229
XLM,172,230
XLM,172,231
XLM,172,232
XLM,172,233
XLM,172,234
XLM,172,235
XLM,172,236
XLM,172,237
XLM,172,238
XLM,172,241
XLM,172,242
XLM,172,243
XLM,172,244
XLM,172,245
XLM,172,246
XLM,172,247
XLM,172,248
XLM,172,249
XLM,172,250
XLM,172,251
XLM,172,252
XLM,173,206
XLM,173,207
XLM,173,208
XLM,173,209
XLM,173,210
XLM,173,211
XLM,173,212
XLM,173,213
XLM,173,214
XLM,173,215
XLM,173,216
XLM,173,217
XLM,173,218
XLM,173,219
XLM,173,220
XLM,173,221
XLM,173,222
XLM,173,223
XLM,173,224
XLM,173,225
XLM,173,226
XLM,173,227
XLM,173,228
XLM,173,229
XLM,173,230
XLM,173,231
XLM,173,232
XLM,173,233
XLM,173,234
XLM,173,235
XLM,173,241
XLM,173,242
XLM,173,243
XLM,173,244
XLM,173,245
XLM,173,246
XLM,173,247
XLM,173,248
XLM,173,249
XLM,173,250
XLM,173,251
XLM,173,252
XLM,173,253
XLM,174,205
XLM,174,206
XLM,174,207
XLM,174,208
XLM,174,209
XLM,174,210
XLM,174,211
XLM,174,212
XLM,174,213
XLM,174,214
XLM,174,215
XLM,174,216
XLM,174,217
XLM,174,218
XLM,174,219
XLM,174,220
XLM,174,221
XLM,174,222
XLM,174,223
XLM,174,224
XLM,174,225
XLM,174,226
XLM,174,227
XLM,174,228
XLM,174,229
XLM,174,230
XLM,174,231
XLM,174,232
XLM,174,241
XLM,174,242
XLM,174,243
XLM,174,244
XLM,174,245
XLM,174,246
XLM,174,247
XLM,174,248
XLM,174,249
XLM,174,250
XLM,174,251
XLM,174,252
XLM,175,204
XLM,175,205
XLM,175,206
XLM,175,207
XLM,175,208
XLM,175,209
XLM,175,210
XLM,175,211
XLM,175,212
XLM,175,213
XLM,175,214
XLM,175,215
XLM,175,216
XLM,175,217
XLM,175,218
XLM,175,219
XLM,175,220
XLM,175,221
XLM,175,222
XLM,175,223
XLM,175,224
XLM,175,225
XLM,175,226
XLM,175,227
XLM,175,228
XLM,175,229
XLM,175,230
XLM,175,231
XLM,175,232
XLM,175,233
XLM,175,241
XLM,175,242
XLM,175,243
XLM,175,244
XLM,175,245
XLM,175,246
XLM,175,247
XLM,175,248
XLM,175,249
XLM,175,250
XLM,175,251
XLM,175,252
XLM,176,203
XLM,176,204
XLM,176,205
XLM,176,206
XLM,176,207
XLM,176,208
XLM,176,209
XLM,176,210
XLM,176,211
XLM,176,212
XLM,176,213
XLM,176,214
XLM,176,215
XLM,176,216
XLM,176,217
XLM,176,218
XLM,176,219
XLM,176,220
XLM,176,221
XLM,176,222
XLM,176,223
XLM,176,224
XLM,176,225
XLM,176,226
XLM,176,227
XLM,176,228
XLM,176,229
XLM,176,230
XLM,176,231
XLM,176,232
XLM,176,233
XLM,176,234
XLM,176,241
XLM,176,242
XLM,176,243
XLM,176,244
XLM,176,245
XLM,176,246
XLM,176,247
XLM,176,248
XLM,176,249
XLM,176,250
XLM,176,251
XLM,176,252
XLM,177,203
XLM,177,204
XLM,177,205
XLM,177,206
XLM,177,207
XLM,177,208
XLM,177,209
XLM,177,210
XLM,177,211
XLM,177,212
XLM,177,213
XLM,177,214
XLM,177,215
XLM,177,216
XLM,177,217
XLM,177,218
XLM,177,219
XLM,177,220
XLM,177,221
XLM,177,222
XLM,177,223
XLM,177,224
XLM,177,225
XLM,177,226
XLM,177,227
XLM,177,228
XLM,177,229
XLM,177,230
XLM,177,231
XLM,177,232
XLM,177,241
XLM,177,242
XLM,177,243
XLM,177,244
XLM,177,245
XLM,177,246
XLM,177,247
XLM,177,248
XLM,177,249
XLM,178,202
XLM,178,203
XLM,178,204
XLM,178,205
XLM,178,206
XLM,178,207
XLM,178,208
XLM,178,209
XLM,178,210
XLM,178,211
XLM,178,212
XLM,178,213
XLM,178,214
XLM,178,215
XLM,178,216
XLM,178,217
XLM,178,218
XLM,178,219
XLM,178,220
XLM,178,221
XLM,178,222
XLM,178,226
XLM,178,227
XLM,178,228
XLM,178,229
XLM,178,230
XLM,178,231
XLM,178,232
XLM,178,242
XLM,178,243
XLM,178,244
XLM,179,179
XLM,179,200
XLM,179,201
XLM,179,202
XLM,179,203
XLM,179,204
XLM,179,205
XLM,179,206
XLM,179,207
XLM,179,208
XLM,179,209
XLM,179,210
XLM,179,211
XLM,179,212
XLM,179,213
XLM,179,214
XLM,179,215
XLM,179,216
XLM,179,217
XLM,179,218
XLM,179,219
XLM,179,220
XLM,179,221
XLM,179,222
XLM,179,227
XLM,179,228
XLM,179,229
XLM,179,230
XLM,180,177
XLM,180,178
XLM,180,180
XLM,180,200
XLM,180,201
XLM,180,202
XLM,180,203
XLM,180,204
XLM,180,205
XLM,180,206
XLM,180,207
XLM,180,208
XLM,180,209
XLM,180,210
XLM,180,211
XLM,180,212
XLM,180,213
XLM,180,214
XLM,180,215
XLM,180,216
XLM,180,217
XLM,180,218
XLM,180,219
XLM,180,220
XLM,181,177
XLM,181,178
XLM,181,179
XLM,181,180
XLM,181,200
XLM,181,201
XLM,181,202
XLM,181,203
XLM,181,204
XLM,181,205
XLM,181,206
XLM,181,207
XLM,181,208
XLM,181,209
XLM,181,210
XLM,181,211
XLM,181,212
XLM,181,213
XLM,181,214
XLM,181,215
XLM,181,216
XLM,181,217
XLM,181,218
XLM,181,219
XLM,181,220
XLM,181,221
XLM,182,178
XLM,182,179
XLM,182,180
XLM,182,181
XLM,182,182
XLM,182,199
XLM,182,200
XLM,182,201
XLM,182,202
XLM,182,203
XLM,182,204
XLM,182,205
XLM,182,206
XLM,182,207
XLM,182,208
XLM,182,209
XLM,182,210
XLM,182,211
XLM,182,212
XLM,182,213
XLM,182,214
XLM,182,215
XLM,182,216
XLM,182,217
XLM,182,218
XLM,182,219
XLM,182,220
XLM,182,221
XLM,182,222
XLM,183,180
XLM,183,181
XLM,183,199
XLM,183,200
XLM,183,201
XLM,183,202
XLM,183,203
XLM,183,204
XLM,183,205
XLM,183,206
XLM,183,207
XLM,183,208
XLM,183,209
XLM,183,210
XLM,183,211
XLM,183,212
XLM,183,213
XLM,183,214
XLM,183,215
XLM,183,216
XLM,183,217
XLM,183,218
XLM,183,219
XLM,183,220
XLM,183,221
XLM,183,222
XLM,184,199
XLM,184,200
XLM,184,201
XLM,184,202
XLM,184,203
XLM,184,204
XLM,184,205
XLM,184,206
XLM,184,207
XLM,184,208
XLM,184,209
XLM,184,210
XLM,184,211
XLM,184,212
XLM,184,213
XLM,184,214
XLM,184,215
XLM,184,216
XLM,184,217
XLM,184,218
XLM,184,219
XLM,184,220
XLM,184,221
XLM,184,222
XLM,185,199
XLM,185,200
XLM,185,201
XLM,185,202
XLM,185,203
XLM,185,204
XLM,185,205
XLM,185,206
XLM,185,207
XLM,185,208
XLM,185,209
XLM,185,210
XLM,185,211
XLM,185,212
XLM,185,213
XLM,185,214
XLM,185,215
XLM,185,216
XLM,185,217
XLM,185,218
XLM,185,219
XLM,185,220
XLM,185,221
XLM,186,200
XLM,186,201
XLM,186,202
XLM,186,203
XLM,186,204
XLM,186,205
XLM,186,206
XLM,186,207
XLM,186,208
XLM,186,209
XLM,186,210
XLM,186,211
XLM,186,212
XLM,186,213
XLM,186,214
XLM,186,215
XLM,186,216
XLM,186,217
XLM,186,218
XLM,186,219
XLM,186,220
XLM,186,221
XLM,187,200
XLM,187,201
XLM,187,202
XLM,187,203
XLM,187,204
XLM,187,205
XLM,187,206
XLM,187,207
XLM,187,208
XLM,187,209
XLM,187,210
XLM,187,211
XLM,187,212
XLM,187,213
XLM,187,214
XLM,187,215
XLM,187,216
XLM,187,217
XLM,187,218
XLM,187,219
XLM,187,220
XLM,187,221
XLM,188,199
XLM,188,200
XLM,188,201
XLM,188,202
XLM,188,203
XLM,188,204
XLM,188,205
XLM,188,206
XLM,188,207
XLM,188,208
XLM,188,209
XLM,188,210
XLM,188,211
XLM,188,212
XLM,188,213
XLM,188,214
XLM,188,215
XLM,188,216
XLM,188,217
XLM,188,218
XLM,188,219
XLM,188,220
XLM,188,221
XLM,189,198
XLM,189,199
XLM,189,200
XLM,189,201
XLM,189,202
XLM,189,203
XLM,189,204
XLM,189,205
XLM,189,206
XLM,189,207
XLM,189,208
XLM,189,209
XLM,189,210
XLM,189,211
XLM,189,212
XLM,189,213
XLM,189,214
XLM,189,215
XLM,189,216
XLM,189,217
XLM,189,218
XLM,189,219
XLM,189,220
XLM,189,221
XLM,190,198
XLM,190,199
XLM,190,200
XLM,190,201
XLM,190,202
XLM,190,203
XLM,190,204
XLM,190,205
XLM,190,206
XLM,190,207
XLM,190,208
XLM,190,209
XLM,190,210
XLM,190,211
XLM,190,212
XLM,190,213
XLM,190,214
XLM,190,215
XLM,190,216
XLM,190,217
XLM,191,198
XLM,191,199
XLM,191,200
XLM,191,201
XLM,191,202
XLM,191,203
XLM,191,204
XLM,191,205
XLM,191,206
XLM,191,207
XLM,191,208
XLM,191,209
XLM,191,210
XLM,191,211
XLM,191,212
XLM,191,213
XLM,191,214
XLM,191,215
XLM,192,198
XLM,192,199
XLM,192,200
XLM,192,201
XLM,192,202
XLM,192,203
XLM,192,204
XLM,192,205
XLM,192,206
XLM,192,207
XLM,192,208
XLM,192,209
XLM,192,210
XLM,192,211
XLM,192,212
XLM,192,213
XLM,192,214
XLM,192,215
XLM,193,198
XLM,193,199
XLM,193,200
XLM,193,201
XLM,193,202
XLM,193,203
XLM,193,204
XLM,193,205
XLM,193,206
XLM,193,207
XLM,193,208
XLM,193,209
XLM,193,210
XLM,193,211
XLM,193,212
XLM,193,213
XLM,193,214
XLM,194,200
XLM,194,201
XLM,194,202
XLM,194,203
XLM,194,204
XLM,194,205
XLM,194,206
XLM,194,207
XLM,194,208
XLM,194,209
XLM,194,210
XLM,194,211
XLM,194,212
XLM,194,213
XLM,194,214
XLM,195,201
XLM,195,202
XLM,195,203
XLM,195,204
XLM,195,205
XLM,195,206
XLM,195,207
XLM,195,208
XLM,195,209
XLM,195,210
XLM,195,211
XLM,195,212
XLM,195,213
XLM,196,202
XLM,196,203
XLM,196,204
XLM,196,205
XLM,196,206
XLM,196,207
XLM,196,208
XLM,196,209
XLM,196,210
XLM,196,211
XLM,196,212
XLM,196,213
XLM,197,202
XLM,197,203
XLM,197,204
XLM,197,205
XLM,197,206
XLM,197,207
XLM,197,208
XLM,197,209
XLM,197,210
XLM,197,211
XLM,197,212
XLM,197,213
XLM,197,214
XLM,198,203
XLM,198,204
XLM,198,205
XLM,198,206
XLM,198,207
XLM,198,208
XLM,198,209
XLM,198,210
XLM,198,211
XLM,198,212
XLM,198,213
XLM,198,214
XLM,198,215
XLM,199,203
XLM,199,204
XLM,199,205
XLM,199,206
XLM,199,207
XLM,199,208
XLM,199,209
XLM,199,210
XLM,199,211
XLM,199,212
XLM,199,213
XLM,199,214
XLM,199,215
XLM,199,216
XLM,199,219
XLM,200,204
XLM,200,205
XLM,200,206
XLM,200,207
XLM,200,208
XLM,200,209
XLM,200,210
XLM,200,211
XLM,200,212
XLM,200,213
XLM,200,214
XLM,200,215
XLM,200,216
XLM,200,218
XLM,200,219
XLM,200,227
XLM,200,228
XLM,200,229
XLM,200,230
XLM,201,204
XLM,201,205
XLM,201,206
XLM,201,207
XLM,201,208
XLM,201,209
XLM,201,210
XLM,201,211
XLM,201,212
XLM,201,213
XLM,201,214
XLM,201,215
XLM,201,216
XLM,201,217
XLM,201,218
XLM,201,219
XLM,201,225
XLM,201,226
XLM,201,227
XLM,201,228
XLM,201,229
XLM,201,230
XLM,202,205
XLM,202,206
XLM,202,207
XLM,202,208
XLM,202,209
XLM,202,210
XLM,202,211
XLM,202,212
XLM,202,213
XLM,202,214
XLM,202,215
XLM,202,216
XLM,202,217
XLM,202,218
XLM,202,219
XLM,202,220
XLM,202,221
XLM,202,222
XLM,202,223
XLM,202,224
XLM,202,225
XLM,202,226
XLM,202,227
XLM,202,228
XLM,202,229
XLM,202,230
XLM,203,205
XLM,203,206
XLM,203,207
XLM,203,208
XLM,203,209
XLM,203,210
XLM,203,211
XLM,203,212
XLM,203,213
XLM,203,214
XLM,203,215
XLM,203,216
XLM,203,217
XLM,203,218
XLM,203,219
XLM,203,220
XLM,203,221
XLM,203,222
XLM,203,223
XLM,203,224
XLM,203,225
XLM,203,226
XLM,203,227
XLM,203,228
XLM,203,229
XLM,203,230
XLM,204,206
XLM,204,207
XLM,204,208
XLM,204,209
XLM,204,210
XLM,204,211
XLM,204,212
XLM,204,213
XLM,204,214
XLM,204,215
XLM,204,216
XLM,204,217
XLM,204,218
XLM,204,219
XLM,204,220
XLM,204,221
XLM,204,222
XLM,204,223
XLM,204,224
XLM,204,225
XLM,204,226
XLM,204,227
XLM,204,228
XLM,204,229
XLM,204,230
XLM,204,231
XLM,205,206
XLM,205,207
XLM,205,208
XLM,205,209
XLM,205,210
XLM,205,211
XLM,205,212
XLM,205,213
XLM,205,214
XLM,205,215
XLM,205,216
XLM,205,217
XLM,205,218
XLM,205,219
XLM,205,220
XLM,205,221
XLM,205,222
XLM,205,223
XLM,205,224
XLM,205,225
XLM,205,226
XLM,205,227
XLM,205,228
XLM,205,229
XLM,205,230
XLM,205,231
XLM,205,232
XLM,205,233
XLM,206,207
XLM,206,208
XLM,206,209
XLM,206,210
XLM,206,211
XLM,206,212
XLM,206,213
XLM,206,214
XLM,206,215
XLM,206,216
XLM,206,217
XLM,206,218
XLM,206,219
XLM,206,220
XLM,206,221
XLM,206,222
XLM,206,223
XLM,206,224
XLM,206,225
XLM,206,226
XLM,206,227
XLM,206,228
XLM,206,229
XLM,206,230
XLM,206,231
XLM,206,232
XLM,206,233
XLM,206,234
XLM,206,235
XLM,207,208
XLM,207,209
XLM,207,210
XLM,207,211
XLM,207,212
XLM,207,213
XLM,207,214
XLM,207,215
XLM,207,216
XLM,207,217
XLM,207,218
XLM,207,219
XLM,207,220
XLM,207,221
XLM,207,222
XLM,207,223
XLM,207,224
XLM,207,225
XLM,207,226
XLM,207,227
XLM,207,228
XLM,207,229
XLM,207,230
XLM,207,231
XLM,207,232
XLM,207,233
XLM,207,234
XLM,207,235
XLM,207,236
XLM,207,237
XLM,207,238
XLM,208,208
XLM,208,209
XLM,208,210
XLM,208,211
XLM,208,212
XLM,208,213
XLM,208,214
XLM,208,215
XLM,208,216
XLM,208,217
XLM,208,218
XLM,208,219
XLM,208,220
XLM,208,221
XLM,208,222
XLM,208,223
XLM,208,224
XLM,208,225
XLM,208,226
XLM,208,227
XLM,208,228
XLM,208,229
XLM,208,230
XLM,208,231
XLM,208,232
XLM,208,233
XLM,208,234
XLM,208,235
XLM,208,236
XLM,208,237
XLM,208,238
XLM,208,239
XLM,208,240
XLM,209,208
XLM,209,209
XLM,209,210
XLM,209,211
XLM,209,212
XLM,209,213
XLM,209,214
XLM,209,215
XLM,209,216
XLM,209,217
XLM,209,218
XLM,209,219
XLM,209,220
XLM,209,221
XLM,209,222
XLM,209,223
XLM,209,224
XLM,209,225
XLM,209,226
XLM,209,227
XLM,209,228
XLM,209,229
XLM,209,230
XLM,209,231
XLM,209,232
XLM,209,233
XLM,209,234
XLM,209,235
XLM,209,236
XLM,209,237
XLM,209,238
XLM,209,239
XLM,209,240
XLM,210,209
XLM,210,210
XLM,210,211
XLM,210,212
XLM,210,213
XLM,210,214
XLM,210,215
XLM,210,216
XLM,210,217
XLM,210,218
XLM,210,219
XLM,210,220
XLM,210,221
XLM,210,222
XLM,210,223
XLM,210,224
XLM,210,225
XLM,210,226
XLM,210,227
XLM,210,228
XLM,210,229
XLM,210,230
XLM,210,231
XLM,210,232
XLM,210,233
XLM,210,234
XLM,210,235
XLM,210,236
XLM,210,237
XLM,210,238
XLM,210,239
XLM,210,240
XLM,211,210
XLM,211,211
XLM,211,212
XLM,211,213
XLM,211,214
XLM,211,215
XLM,211,216
XLM,211,217
XLM,211,218
XLM,211,219
XLM,211,220
XLM,211,221
XLM,211,222
XLM,211,223
XLM,211,224
XLM,211,225
XLM,211,226
XLM,211,227
XLM,211,228
XLM,211,229
XLM,211,230
XLM,211,231
XLM,211,232
XLM,211,233
XLM,211,234
XLM,211,235
XLM,211,236
XLM,211,237
XLM,211,238
XLM,211,239
XLM,211,240
XLM,212,211
XLM,212,212
XLM,212,213
XLM,212,214
XLM,212,215
XLM,212,216
XLM,212,217
XLM,212,218
XLM,212,219
XLM,212,220
XLM,212,221
XLM,212,222
XLM,212,223
XLM,212,224
XLM,212,225
XLM,212,226
XLM,212,227
XLM,212,228
XLM,212,229
XLM,212,230
XLM,212,231
XLM,212,232
XLM,212,233
XLM,212,234
XLM,212,235
XLM,212,236
XLM,212,237
XLM,212,238
XLM,212,239
XLM,212,240
XLM,213,213
XLM,213,214
XLM,213,215
XLM,213,216
XLM,213,217
XLM,213,218
XLM,213,219
XLM,213,220
XLM,213,221
XLM,213,222
XLM,213,223
XLM,213,224
XLM,213,225
XLM,213,226
XLM,213,227
XLM,213,228
XLM,213,229
XLM,213,230
XLM,213,231
XLM,213,232
XLM,213,233
XLM,213,234
XLM,213,235
XLM,213,236
XLM,213,237
XLM,213,238
XLM,213,239
XLM,213,240
XLM,213,241
XLM,213,242
XLM,213,243
XLM,213,244
XLM,214,215
XLM,214,216
XLM,214,217
XLM,214,218
XLM,214,219
XLM,214,220
XLM,214,221
XLM,214,222
XLM,214,223
XLM,214,224
XLM,214,225
XLM,214,226
XLM,214,227
XLM,214,228
XLM,214,229
XLM,214,230
XLM,214,231
XLM,214,232
XLM,214,233
XLM,214,234
XLM,214,235
XLM,214,236
XLM,214,237
XLM,214,238
XLM,214,239
XLM,214,240
XLM,214,241
XLM,214,242
XLM,214,243
XLM,214,244
XLM,215,217
XLM,215,218
XLM,215,219
XLM,215,220
XLM,215,221
XLM,215,222
XLM,215,223
XLM,215,224
XLM,215,225
XLM,215,226
XLM,215,227
XLM,215,228
XLM,215,229
XLM,215,230
XLM,215,231
XLM,215,232
XLM,215,233
XLM,215,234
XLM,215,235
XLM,215,236
XLM,215,237
XLM,215,238
XLM,215,239
XLM,215,240
XLM,215,241
XLM,215,242
XLM,215,243
XLM,215,244
XLM,216,218
XLM,216,219
XLM,216,220
XLM,216,221
XLM,216,222
XLM,216,223
XLM,216,224
XLM,216,225
XLM,216,226
XLM,216,227
XLM,216,228
XLM,216,229
XLM,216,230
XLM,216,231
XLM,216,232
XLM,216,233
XLM,216,234
XLM,216,235
XLM,216,236
XLM,216,237
XLM,216,238
XLM,216,239
XLM,216,240
XLM,216,241
XLM,216,242
XLM,216,243
XLM,216,244
XLM,216,245
XLM,217,219
XLM,217,220
XLM,217,221
XLM,217,222
XLM,217,223
XLM,217,224
XLM,217,225
XLM,217,226
XLM,217,227
XLM,217,228
XLM,217,229
XLM,217,230
XLM,217,231
XLM,217,232
XLM,217,233
XLM,217,234
XLM,217,235
XLM,217,236
XLM,217,237
XLM,217,238
XLM,217,239
XLM,217,240
XLM,217,241
XLM,217,242
XLM,217,243
XLM,217,244
XLM,217,245
XLM,218,220
XLM,218,221
XLM,218,222
XLM,218,223
XLM,218,224
XLM,218,225
XLM,218,226
XLM,218,227
XLM,218,228
XLM,218,229
XLM,218,230
XLM,218,231
XLM,218,232
XLM,218,233
XLM,218,234
XLM,218,235
XLM,218,236
XLM,218,237
XLM,218,238
XLM,218,239
XLM,218,240
XLM,218,241
XLM,218,242
XLM,218,243
XLM,218,244
XLM,218,245
XLM,219,220
XLM,219,221
XLM,219,222
XLM,219,223
XLM,219,224
XLM,219,225
XLM,219,226
XLM,219,227
XLM,219,228
XLM,219,229
XLM,219,230
XLM,219,231
XLM,219,232
XLM,219,233
XLM,219,234
XLM,219,235
XLM,219,236
XLM,219,237
XLM,219,238
XLM,219,239
XLM,219,240
XLM,219,241
XLM,219,242
XLM,219,243
XLM,219,244
XLM,219,245
XLM,220,220
XLM,220,221
XLM,220,222
XLM,220,223
XLM,220,224
XLM,220,225
XLM,220,226
XLM,220,227
XLM,220,228
XLM,220,229
XLM,220,230
XLM,220,231
XLM,220,232
XLM,220,233
XLM,220,234
XLM,220,235
XLM,220,236
XLM,220,237
XLM,220,238
XLM,220,239
XLM,220,240
XLM,220,241
XLM,220,242
XLM,220,243
XLM,220,244
XLM,220,245
XLM,221,220
XLM,221,221
XLM,221,222
XLM,221,223
XLM,221,224
XLM,221,225
XLM,221,226
XLM,221,227
XLM,221,228
XLM,221,229
XLM,221,230
XLM,221,231
XLM,221,232
XLM,221,233
XLM,221,234
XLM,221,235
XLM,221,236
XLM,221,237
XLM,221,238
XLM,221,239
XLM,221,240
XLM,221,241
XLM,221,242
XLM,221,243
XLM,221,244
XLM,221,245
XLM,222,220
XLM,222,221
XLM,222,222
XLM,222,223
XLM,222,224
XLM,222,225
XLM,222,226
XLM,222,227
XLM,222,228
XLM,222,229
XLM,222,230
XLM,222,231
XLM,222,232
XLM,222,233
XLM,222,234
XLM,222,235
XLM,222,236
XLM,222,237
XLM,222,238
XLM,222,239
XLM,222,240
XLM,222,241
XLM,222,242
XLM,222,243
XLM,222,244
XLM,222,245
XLM,223,220
XLM,223,221
XLM,223,222
XLM,223,223
XLM,223,224
XLM,223,225
XLM,223,226
XLM,223,227
XLM,223,228
XLM,223,229
XLM,223,230
XLM,223,231
XLM,223,232
XLM,223,233
XLM,223,234
XLM,223,235
XLM,223,236
XLM,223,237
XLM,223,238
XLM,223,239
XLM,223,240
XLM,223,241
XLM,223,242
XLM,223,243
XLM,223,244
XLM,223,245
XLM,224,220
XLM,224,221
XLM,224,222
XLM,224,223
XLM,224,224
XLM,224,225
XLM,224,226
XLM,224,227
XLM,224,228
XLM,224,229
XLM,224,230
XLM,224,231
XLM,224,232
XLM,224,233
XLM,224,234
XLM,224,235
XLM,224,236
XLM,224,237
XLM,224,238
XLM,224,239
XLM,224,240
XLM,224,241
XLM,224,242
XLM,224,243
XLM,224,244
XLM,224,245
XLM,225,220
XLM,225,221
XLM,225,222
XLM,225,223
XLM,225,224
XLM,225,225
XLM,225,226
XLM,225,227
XLM,225,228
XLM,225,229
XLM,225,230
XLM,225,231
XLM,225,232
XLM,225,233
XLM,225,234
XLM,225,235
XLM,225,236
XLM,225,237
XLM,225,238
XLM,225,239
XLM,225,240
XLM,225,241
XLM,225,242
XLM,225,243
XLM,225,244
XLM,225,245
XLM,225,246
XLM,225,247
XLM,225,248
XLM,225,249
XLM,226,220
XLM,226,221
XLM,226,222
XLM,226,223
XLM,226,224
XLM,226,225
XLM,226,226
XLM,226,227
XLM,226,228
XLM,226,229
XLM,226,230
XLM,226,231
XLM,226,232
XLM,226,233
XLM,226,234
XLM,226,235
XLM,226,236
XLM,226,237
XLM,226,238
XLM,226,239
XLM,226,240
XLM,226,241
XLM,226,242
XLM,226,243
XLM,226,244
XLM,226,245
XLM,226,246
XLM,226,247
XLM,226,248
XLM,226,249
XLM,227,219
XLM,227,220
XLM,227,221
XLM,227,222
XLM,227,223
XLM,227,224
XLM,227,225
XLM,227,226
XLM,227,227
XLM,227,228
XLM,227,229
XLM,227,230
XLM,227,231
XLM,227,232
XLM,227,233
XLM,227,234
XLM,227,235
XLM,227,236
XLM,227,237
XLM,227,238
XLM,227,239
XLM,227,240
XLM,227,241
XLM,227,242
XLM,227,243
XLM,227,244
XLM,227,245
XLM,227,246
XLM,227,247
XLM,227,248
XLM,227,249
XLM,228,220
XLM,228,221
XLM,228,222
XLM,228,223
XLM,228,224
XLM,228,225
XLM,228,226
XLM,228,227
XLM,228,228
XLM,228,229
XLM,228,230
XLM,228,231
XLM,228,232
XLM,228,233
XLM,228,234
XLM,228,235
XLM,228,236
XLM,228,237
XLM,228,238
XLM,228,239
XLM,228,240
XLM,228,241
XLM,228,242
XLM,228,243
XLM,228,244
XLM,228,245
XLM,228,246
XLM,228,247
XLM,228,248
XLM,228,249
XLM,228,250
XLM,228,251
XLM,228,252
XLM,229,219
XLM,229,220
XLM,229,221
XLM,229,222
XLM,229,223
XLM,229,224
XLM,229,225
XLM,229,226
XLM,229,227
XLM,229,228
XLM,229,229
XLM,229,230
XLM,229,231
XLM,229,232
XLM,229,233
XLM,229,234
XLM,229,235
XLM,229,236
XLM,229,237
XLM,229,238
XLM,229,239
XLM,229,240
XLM,229,241
XLM,229,242
XLM,229,243
XLM,229,244
XLM,229,245
XLM,229,246
XLM,229,247
XLM,229,248
XLM,229,249
XLM,229,250
XLM,229,251
XLM,229,252
XLM,230,219
XLM,230,220
XLM,230,221
XLM,230,222
XLM,230,223
XLM,230,224
XLM,230,225
XLM,230,226
XLM,230,227
XLM,230,228
XLM,230,229
XLM,230,230
XLM,230,231
XLM,230,232
XLM,230,233
XLM,230,234
XLM,230,235
XLM,230,236
XLM,230,237
XLM,230,238
XLM,230,239
XLM,230,240
XLM,230,241
XLM,230,242
XLM,230,243
XLM,230,244
XLM,230,245
XLM,230,246
XLM,230,247
XLM,230,248
XLM,230,249
XLM,230,250
XLM,230,251
XLM,230,252
XLM,231,219
XLM,231,220
XLM,231,221
XLM,231,222
XLM,231,223
XLM,231,224
XLM,231,225
XLM,231,226
XLM,231,227
XLM,231,228
XLM,231,229
XLM,231,230
XLM,231,231
XLM,231,232
XLM,231,233
XLM,231,234
XLM,231,235
XLM,231,236
XLM,231,237
XLM,231,238
XLM,231,239
XLM,231,240
XLM,231,241
XLM,231,242
XLM,231,243
XLM,231,244
XLM,231,245
XLM,231,246
XLM,231,247
XLM,231,248
XLM,231,249
XLM,231,250
XLM,231,251
XLM,231,252
XLM,232,219
XLM,232,220
XLM,232,221
XLM,232,222
XLM,232,223
XLM,232,224
XLM,232,225
XLM,232,226
XLM,232,227
XLM,232,228
XLM,232,229
XLM,232,230
XLM,232,231
XLM,232,232
XLM,232,233
XLM,232,234
XLM,232,235
XLM,232,236
XLM,232,237
XLM,232,238
XLM,232,239
XLM,232,240
XLM,232,241
XLM,232,242
XLM,232,243
XLM,232,244
XLM,232,245
XLM,232,246
XLM,232,247
XLM,232,248
XLM,232,249
XLM,232,250
XLM,232,251
XLM,232,252
XLM,232,253
XLM,233,201
XLM,233,219
XLM,233,220
XLM,233,221
XLM,233,222
XLM,233,223
XLM,233,224
XLM,233,225
XLM,233,226
XLM,233,227
XLM,233,228
XLM,233,229
XLM,233,230
XLM,233,231
XLM,233,232
XLM,233,233
XLM,233,234
XLM,233,235
XLM,233,236
XLM,233,237
XLM,233,238
XLM,233,239
XLM,233,240
XLM,233,241
XLM,233,242
XLM,233,243
XLM,233,244
XLM,233,245
XLM,233,246
XLM,233,247
XLM,233,248
XLM,233,249
XLM,233,250
XLM,233,251
XLM,233,252
XLM,233,253
XLM,234,219
XLM,234,220
XLM,234,221
XLM,234,222
XLM,234,223
XLM,234,224
XLM,234,225
XLM,234,226
XLM,234,227
XLM,234,228
XLM,234,229
XLM,234,230
XLM,234,231
XLM,234,232
XLM,234,233
XLM,234,234
XLM,234,235
XLM,234,236
XLM,234,237
XLM,234,238
XLM,234,239
XLM,234,240
XLM,234,241
XLM,234,242
XLM,234,243
XLM,234,244
XLM,234,245
XLM,234,246
XLM,234,247
XLM,234,248
XLM,234,249
XLM,234,250
XLM,234,251
XLM,234,252
XLM,234,253
XLM,235,142
XLM,235,219
XLM,235,220
XLM,235,221
XLM,235,222
XLM,235,223
XLM,235,224
XLM,235,225
XLM,235,226
XLM,235,227
XLM,235,228
XLM,235,229
XLM,235,230
XLM,235,231
XLM,235,232
XLM,235,233
XLM,235,234
XLM,235,235
XLM,235,236
XLM,235,237
XLM,235,238
XLM,235,239
XLM,235,240
XLM,235,241
XLM,235,242
XLM,235,243
XLM,235,244
XLM,235,245
XLM,235,246
XLM,235,247
XLM,235,248
XLM,235,249
XLM,235,250
XLM,235,251
XLM,235,252
XLM,235,253
XLM,236,218
XLM,236,219
XLM,236,220
XLM,236,221
XLM,236,222
XLM,236,223
XLM,236,224
XLM,236,225
XLM,236,226
XLM,236,227
XLM,236,228
XLM,236,229
XLM,236,230
XLM,236,231
XLM,236,232
XLM,236,233
XLM,236,234
XLM,236,235
XLM,236,236
XLM,236,237
XLM,236,238
XLM,236,239
XLM,236,240
XLM,236,241
XLM,236,242
XLM,236,243
XLM,236,244
XLM,236,245
XLM,236,246
XLM,236,247
XLM,236,248
XLM,236,249
XLM,236,250
XLM,236,251
XLM,237,218
XLM,237,219
XLM,237,220
XLM,237,221
XLM,237,222
XLM,237,223
XLM,237,224
XLM,237,225
XLM,237,226
XLM,237,227
XLM,237,228
XLM,237,229
XLM,237,230
XLM,237,231
XLM,237,232
XLM,237,233
XLM,237,234
XLM,237,235
XLM,237,236
XLM,237,237
XLM,237,238
XLM,237,239
XLM,237,240
XLM,237,241
XLM,237,242
XLM,237,243
XLM,237,244
XLM,237,245
XLM,237,246
XLM,237,247
XLM,237,248
XLM,237,249
XLM,237,250
XLM,238,218
XLM,238,219
XLM,238,220
XLM,238,221
XLM,238,222
XLM,238,223
XLM,238,224
XLM,238,225
XLM,238,226
XLM,238,227
XLM,238,228
XLM,238,229
XLM,238,230
XLM,238,231
XLM,238,232
XLM,238,233
XLM,238,234
XLM,238,235
XLM,238,236
XLM,238,237
XLM,238,238
XLM,238,239
XLM,238,240
XLM,238,241
XLM,238,242
XLM,238,243
XLM,238,244
XLM,238,245
XLM,238,246
XLM,238,247
XLM,238,248
XLM,239,218
XLM,239,219
XLM,239,220
XLM,239,221
XLM,239,222
XLM,239,223
XLM,239,224
XLM,239,225
XLM,239,226
XLM,239,227
XLM,239,228
XLM,239,229
XLM,239,230
XLM,239,231
XLM,239,232
XLM,239,233
XLM,239,234
XLM,239,235
XLM,239,236
XLM,239,237
XLM,239,238
XLM,239,239
XLM,239,240
XLM,239,241
XLM,239,242
XLM,239,243
XLM,239,244
XLM,239,245
XLM,239,246
XLM,239,247
XLM,239,248
XLM,240,218
XLM,240,219
XLM,240,220
XLM,240,221
XLM,240,222
XLM,240,223
XLM,240,224
XLM,240,225
XLM,240,226
XLM,240,227
XLM,240,228
XLM,240,229
XLM,240,230
XLM,240,231
XLM,240,232
XLM,240,233
XLM,240,234
XLM,240,235
XLM,240,236
XLM,240,237
XLM,240,238
XLM,240,239
XLM,240,240
XLM,240,241
XLM,240,242
XLM,240,243
XLM,240,244
XLM,240,245
XLM,240,246
XLM,240,247
XLM,241,217
XLM,241,218
XLM,241,219
XLM,241,220
XLM,241,221
XLM,241,222
XLM,241,223
XLM,241,224
XLM,241,225
XLM,241,226
XLM,241,227
XLM,241,228
XLM,241,229
XLM,241,230
XLM,241,231
XLM,241,232
XLM,241,233
XLM,241,234
XLM,241,235
XLM,241,236
XLM,241,237
XLM,241,238
XLM,241,239
XLM,241,240
XLM,241,241
XLM,241,242
XLM,241,243
XLM,241,244
XLM,241,245
XLM,241,246
XLM,241,247
XLM,241,248
XLM,242,217
XLM,242,218
XLM,242,219
XLM,242,220
XLM,242,221
XLM,242,222
XLM,242,223
XLM,242,224
XLM,242,225
XLM,242,226
XLM,242,227
XLM,242,228
XLM,242,229
XLM,242,230
XLM,242,231
XLM,242,232
XLM,242,233
XLM,242,234
XLM,242,235
XLM,242,236
XLM,242,237
XLM,242,238
XLM,242,239
XLM,242,240
XLM,242,241
XLM,242,242
XLM,242,243
XLM,242,244
XLM,242,245
XLM,242,246
XLM,242,247
XLM,242,248
XLM,242,249
XLM,242,250
XLM,243,217
XLM,243,218
XLM,243,219
XLM,243,220
XLM,243,221
XLM,243,222
XLM,243,223
XLM,243,224
XLM,243,225
XLM,243,226
XLM,243,227
XLM,243,228
XLM,243,229
XLM,243,230
XLM,243,231
XLM,243,232
XLM,243,233
XLM,243,234
XLM,243,235
XLM,243,236
XLM,243,237
XLM,243,238
XLM,243,239
XLM,243,240
XLM,243,241
XLM,243,242
XLM,243,243
XLM,243,244
XLM,243,245
XLM,243,246
XLM,243,247
XLM,243,248
XLM,243,249
XLM,243,250
XLM,243,251
XLM,244,217
XLM,244,218
XLM,244,219
XLM,244,220
XLM,244,221
XLM,244,222
XLM,244,223
XLM,244,224
XLM,244,225
XLM,244,226
XLM,244,227
XLM,244,228
XLM,244,229
XLM,244,230
XLM,244,231
XLM,244,232
XLM,244,233
XLM,244,234
XLM,244,235
XLM,244,236
XLM,244,237
XLM,244,238
XLM,244,239
XLM,244,240
XLM,244,241
XLM,244,242
XLM,244,243
XLM,244,244
XLM,244,245
XLM,244,246
XLM,244,247
XLM,244,248
XLM,244,249
XLM,244,250
XLM,244,251
XLM,244,252
XLM,244,253
XLM,245,218
XLM,245,219
XLM,245,220
XLM,245,221
XLM,245,222
XLM,245,223
XLM,245,224
XLM,245,225
XLM,245,226
XLM,245,227
XLM,245,228
XLM,245,229
XLM,245,230
XLM,245,231
XLM,245,232
XLM,245,233
XLM,245,234
XLM,245,235
XLM,245,236
XLM,245,237
XLM,245,238
XLM,245,239
XLM,245,240
XLM,245,241
XLM,245,242
XLM,245,243
XLM,245,244
XLM,245,245
XLM,245,246
XLM,245,247
XLM,245,248
XLM,245,249
XLM,245,250
XLM,245,251
XLM,245,252
XLM,245,253
XLM,245,254
XLM,246,217
XLM,246,218
XLM,246,219
XLM,246,220
XLM,246,221
XLM,246,222
XLM,246,223
XLM,246,224
XLM,246,225
XLM,246,226
XLM,246,227
XLM,246,228
XLM,246,229
XLM,246,230
XLM,246,231
XLM,246,232
XLM,246,233
XLM,246,234
XLM,246,235
XLM,246,236
XLM,246,237
XLM,246,238
XLM,246,239
XLM,246,240
XLM,246,241
XLM,246,242
XLM,246,243
XLM,246,244
XLM,246,245
XLM,246,246
XLM,246,247
XLM,246,248
XLM,246,249
XLM,246,250
XLM,246,251
XLM,246,252
XLM,246,253
XLM,246,254
XLM,247,217
XLM,247,218
XLM,247,219
XLM,247,220
XLM,247,221
XLM,247,222
XLM,247,223
XLM,247,224
XLM,247,225
XLM,247,226
XLM,247,227
XLM,247,228
XLM,247,229
XLM,247,230
XLM,247,231
XLM,247,232
XLM,247,233
XLM,247,234
XLM,247,235
XLM,247,236
XLM,247,237
XLM,247,238
XLM,247,239
XLM,247,240
XLM,247,241
XLM,247,242
XLM,247,243
XLM,247,244
XLM,247,245
XLM,247,246
XLM,247,247
XLM,247,248
XLM,247,249
XLM,247,250
XLM,247,251
XLM,247,252
XLM,247,253
XLM,247,254
XLM,248,199
XLM,248,203
XLM,248,217
XLM,248,218
XLM,248,219
XLM,248,220
XLM,248,221
XLM,248,222
XLM,248,223
XLM,248,224
XLM,248,225
XLM,248,226
XLM,248,227
XLM,248,228
XLM,248,229
XLM,248,230
XLM,248,231
XLM,248,232
XLM,248,233
XLM,248,234
XLM,248,235
XLM,248,236
XLM,248,237
XLM,248,238
XLM,248,239
XLM,248,240
XLM,248,241
XLM,248,242
XLM,248,243
XLM,248,244
XLM,248,245
XLM,248,246
XLM,248,247
XLM,248,248
XLM,248,249
XLM,248,250
XLM,248,251
XLM,248,252
XLM,248,253
XLM,248,254
XLM,249,216
XLM,249,217
XLM,249,218
XLM,249,219
XLM,249,220
XLM,249,221
XLM,249,222
XLM,249,223
XLM,249,224
XLM,249,225
XLM,249,226
XLM,249,227
XLM,249,228
XLM,249,229
XLM,249,230
XLM,249,231
XLM,249,232
XLM,249,233
XLM,249,234
XLM,249,235
XLM,249,236
XLM,249,237
XLM,249,238
XLM,249,239
XLM,249,240
XLM,249,241
XLM,249,242
XLM,249,243
XLM,249,244
XLM,249,245
XLM,249,246
XLM,249,247
XLM,249,248
XLM,249,249
XLM,249,250
XLM,249,251
XLM,249,252
XLM,249,253
XLM,250,216
XLM,250,217
XLM,250,218
XLM,250,219
XLM,250,220
XLM,250,221
XLM,250,222
XLM,250,223
XLM,250,224
XLM,250,225
XLM,250,226
XLM,250,227
XLM,250,228
XLM,250,229
XLM,250,230
XLM,250,231
XLM,250,232
XLM,250,233
XLM,250,234
XLM,250,235
XLM,250,236
XLM,250,237
XLM,250,238
XLM,250,239
XLM,250,240
XLM,250,241
XLM,250,242
XLM,250,243
XLM,250,244
XLM,250,245
XLM,250,247
XLM,250,248
XLM,250,249
XLM,250,250
XLM,250,251
XLM,250,252
XLM,251,216
XLM,251,217
XLM,251,218
XLM,251,219
XLM,251,220
XLM,251,221
XLM,251,222
XLM,251,223
XLM,251,224
XLM,251,225
XLM,251,226
XLM,251,227
XLM,251,228
XLM,251,229
XLM,251,230
XLM,251,231
XLM,251,232
XLM,251,233
XLM,251,234
XLM,251,235
XLM,251,236
XLM,251,237
XLM,251,238
XLM,251,239
XLM,251,240
XLM,251,241
XLM,251,242
XLM,251,243
XLM,251,244
XLM,251,245
XLM,251,246
XLM,252,215
XLM,252,216
XLM,252,217
XLM,252,218
XLM,252,219
XLM,252,220
XLM,252,221
XLM,252,222
XLM,252,223
XLM,252,224
XLM,252,225
XLM,252,226
XLM,252,227
XLM,252,228
XLM,252,229
XLM,252,230
XLM,252,231
XLM,252,232
XLM,252,233
XLM,252,234
XLM,252,235
XLM,252,236
XLM,252,237
XLM,252,238
XLM,252,239
XLM,252,240
XLM,252,241
XLM,252,242
XLM,252,243
XLM,252,244
XLM,252,245
XLM,252,246
XLM,253,215
XLM,253,216
XLM,253,217
XLM,253,218
XLM,253,219
XLM,253,220
XLM,253,221
XLM,253,222
XLM,253,223
XLM,253,224
XLM,253,225
XLM,253,226
XLM,253,227
XLM,253,228
XLM,253,229
XLM,253,230
XLM,253,231
XLM,253,232
XLM,253,233
XLM,253,234
XLM,253,235
XLM,253,236
XLM,253,237
XLM,253,238
XLM,253,239
XLM,253,240
XLM,253,241
XLM,253,242
XLM,253,243
XLM,253,244
XLM,253,245
XLM,253,246
XLM,253,247
XLM,254,214
XLM,254,215
XLM,254,216
XLM,254,217
XLM,254,218
XLM,254,219
XLM,254,220
XLM,254,221
XLM,254,222
XLM,254,223
XLM,254,224
XLM,254,225
XLM,254,226
XLM,254,227
XLM,254,228
XLM,254,229
XLM,254,230
XLM,254,231
XLM,254,232
XLM,254,233
XLM,254,234
XLM,254,235
XLM,254,236
XLM,254,237
XLM,254,238
XLM,254,239
XLM,254,240
XLM,254,241
XLM,254,242
XLM,254,243
XLM,254,244
XLM,254,245
XLM,254,246
XLM,254,247
XLM,255,213
XLM,255,214
XLM,255,215
XLM,255,216
XLM,255,217
XLM,255,218
XLM,255,219
XLM,255,220
XLM,255,221
XLM,255,222
XLM,255,223
XLM,255,224
XLM,255,225
XLM,255,226
XLM,255,227
XLM,255,228
XLM,255,229
XLM,255,230
XLM,255,231
XLM,255,232
XLM,255,233
XLM,255,234
XLM,255,235
XLM,255,236
XLM,255,237
XLM,255,238
XLM,255,239
XLM,255,240
XLM,255,241
XLM,255,242
XLM,255,243
XLM,255,244
XLM,255,245
XLM,255,246
XLM,255,247
XLM,256,213
XLM,256,214
XLM,256,215
XLM,256,216
XLM,256,217
XLM,256,218
XLM,256,219
XLM,256,220
XLM,256,221
XLM,256,222
XLM,256,223
XLM,256,224
XLM,256,225
XLM,256,226
XLM,256,227
XLM,256,228
XLM,256,229
XLM,256,230
XLM,256,231
XLM,256,232
XLM,256,233
XLM,256,234
XLM,256,235
XLM,256,236
XLM,256,237
XLM,256,238
XLM,256,239
XLM,256,240
XLM,256,241
XLM,256,242
XLM,256,243
XLM,256,244
XLM,256,245
XLM,256,246
XLM,257,213
XLM,257,214
XLM,257,215
XLM,257,216
XLM,257,217
XLM,257,218
XLM,257,219
XLM,257,220
XLM,257,221
XLM,257,222
XLM,257,223
XLM,257,224
XLM,257,225
XLM,257,226
XLM,257,227
XLM,257,228
XLM,257,229
XLM,257,230
XLM,257,231
XLM,257,232
XLM,257,233
XLM,257,234
XLM,257,235
XLM,257,236
XLM,257,237
XLM,257,238
XLM,257,239
XLM,257,240
XLM,257,241
XLM,257,242
XLM,257,243
XLM,257,244
XLM,257,245
XLM,258,214
XLM,258,215
XLM,258,216
XLM,258,217
XLM,258,218
XLM,258,219
XLM,258,220
XLM,258,221
XLM,258,222
XLM,258,223
XLM,258,224
XLM,258,225
XLM,258,226
XLM,258,227
XLM,258,228
XLM,258,229
XLM,258,230
XLM,258,231
XLM,258,232
XLM,258,233
XLM,258,234
XLM,258,235
XLM,258,236
XLM,258,237
XLM,258,238
XLM,258,239
XLM,258,240
XLM,258,241
XLM,258,242
XLM,258,243
XLM,259,214
XLM,259,215
XLM,259,216
XLM,259,217
XLM,259,218
XLM,259,219
XLM,259,220
XLM,259,221
XLM,259,222
XLM,259,223
XLM,259,224
XLM,259,225
XLM,259,226
XLM,259,227
XLM,259,228
XLM,259,229
XLM,259,230
XLM,259,231
XLM,259,232
XLM,259,233
XLM,259,234
XLM,259,235
XLM,259,236
XLM,259,237
XLM,260,213
XLM,260,214
XLM,260,215
XLM,260,216
XLM,260,217
XLM,260,218
XLM,260,219
XLM,260,220
XLM,260,221
XLM,260,222
XLM,260,223
XLM,260,224
XLM,260,225
XLM,260,226
XLM,260,227
XLM,260,228
XLM,260,229
XLM,260,230
XLM,260,231
XLM,260,232
XLM,260,233
XLM,260,234
XLM,260,235
XLM,260,236
XLM,261,213
XLM,261,214
XLM,261,215
XLM,261,216
XLM,261,217
XLM,261,218
XLM,261,219
XLM,261,220
XLM,261,221
XLM,261,222
XLM,261,223
XLM,261,224
XLM,261,225
XLM,261,226
XLM,261,227
XLM,261,228
XLM,261,229
XLM,261,230
XLM,261,231
XLM,261,232
XLM,261,233
XLM,261,234
XLM,261,235
XLM,261,236
XLM,262,213
XLM,262,214
XLM,262,215
XLM,262,216
XLM,262,217
XLM,262,218
XLM,262,219
XLM,262,220
XLM,262,221
XLM,262,222
XLM,262,223
XLM,262,224
XLM,262,225
XLM,262,226
XLM,262,227
XLM,262,228
XLM,262,229
XLM,262,230
XLM,262,231
XLM,262,232
XLM,262,233
XLM,262,234
XLM,262,235
XLM,262,236
XLM,263,213
XLM,263,214
XLM,263,215
XLM,263,216
XLM,263,217
XLM,263,218
XLM,263,219
XLM,263,220
XLM,263,221
XLM,263,222
XLM,263,223
XLM,263,224
XLM,263,225
XLM,263,226
XLM,263,227
XLM,263,228
XLM,263,229
XLM,263,230
XLM,263,233
XLM,263,234
XLM,263,235
XLM,264,212
XLM,264,213
XLM,264,214
XLM,264,215
XLM,264,216
XLM,264,217
XLM,264,218
XLM,264,219
XLM,264,220
XLM,264,221
XLM,264,222
XLM,264,223
XLM,264,224
XLM,264,225
XLM,264,226
XLM,264,227
XLM,264,228
XLM,264,229
XLM,264,230
XLM,264,231
XLM,265,212
XLM,265,213
XLM,265,214
XLM,265,215
XLM,265,216
XLM,265,217
XLM,265,218
XLM,265,219
XLM,265,220
XLM,265,221
XLM,265,222
XLM,265,223
XLM,265,224
XLM,265,225
XLM,265,226
XLM,265,227
XLM,265,228
XLM,265,229
XLM,265,230
XLM,265,231
XLM,265,232
XLM,265,233
XLM,266,212
XLM,266,213
XLM,266,214
XLM,266,215
XLM,266,216
XLM,266,217
XLM,266,218
XLM,266,219
XLM,266,220
XLM,266,221
XLM,266,222
XLM,266,223
XLM,266,224
XLM,266,225
XLM,266,226
XLM,266,227
XLM,266,228
XLM,266,229
XLM,266,230
XLM,266,231
XLM,266,232
XLM,266,233
XLM,267,212
XLM,267,213
XLM,267,214
XLM,267,215
XLM,267,216
XLM,267,217
XLM,267,218
XLM,267,219
XLM,267,220
XLM,267,221
XLM,267,222
XLM,267,223
XLM,267,224
XLM,267,225
XLM,267,226
XLM,267,227
XLM,267,228
XLM,267,229
XLM,267,230
XLM,267,231
XLM,267,232
XLM,268,211
XLM,268,212
XLM,268,213
XLM,268,214
XLM,268,215
XLM,268,216
XLM,268,217
XLM,268,218
XLM,268,219
XLM,268,220
XLM,268,221
XLM,268,222
XLM,268,223
XLM,268,224
XLM,268,225
XLM,268,226
XLM,268,227
XLM,268,228
XLM,268,229
XLM,268,230
XLM,269,212
XLM,269,213
XLM,269,214
XLM,269,215
XLM,269,216
XLM,269,217
XLM,269,218
XLM,269,219
XLM,269,220
XLM,269,221
XLM,269,222
XLM,269,223
XLM,269,224
XLM,269,225
XLM,269,226
XLM,269,227
XLM,269,228
XLM,269,229
XLM,269,230
XLM,270,210
XLM,270,211
XLM,270,212
XLM,270,213
XLM,270,214
XLM,270,215
XLM,270,216
XLM,270,217
XLM,270,218
XLM,270,219
XLM,270,220
XLM,270,221
XLM,270,222
XLM,270,223
XLM,270,224
XLM,270,225
XLM,270,226
XLM,270,227
XLM,270,228
XLM,270,229
XLM,270,230
XLM,271,211
XLM,271,212
XLM,271,213
XLM,271,214
XLM,271,215
XLM,271,216
XLM,271,217
XLM,271,218
XLM,271,219
XLM,271,220
XLM,271,221
XLM,271,222
XLM,271,223
XLM,271,224
XLM,271,225
XLM,271,226
XLM,271,227
XLM,271,228
XLM,271,229
XLM,272,210
XLM,272,211
XLM,272,212
XLM,272,213
XLM,272,214
XLM,272,215
XLM,272,216
XLM,272,217
XLM,272,218
XLM,272,219
XLM,272,220
XLM,272,221
XLM,272,222
XLM,272,223
XLM,272,224
XLM,272,225
XLM,272,226
XLM,273,210
XLM,273,211
XLM,273,212
XLM,273,213
XLM,273,214
XLM,273,215
XLM,273,216
XLM,273,217
XLM,273,218
XLM,273,219
XLM,273,220
XLM,273,221
XLM,273,222
XLM,273,223
XLM,273,224
XLM,273,225
XLM,273,226
XLM,274,209
XLM,274,210
XLM,274,211
XLM,274,212
XLM,274,213
XLM,274,214
XLM,274,215
XLM,274,216
XLM,274,217
XLM,274,218
XLM,274,219
XLM,274,220
XLM,274,221
XLM,274,222
XLM,274,223
XLM,274,224
XLM,274,225
XLM,274,226
XLM,274,227
XLM,275,212
XLM,275,213
XLM,275,214
XLM,275,215
XLM,275,216
XLM,275,217
XLM,275,218
XLM,275,219
XLM,275,220
XLM,275,221
XLM,275,222
XLM,275,223
XLM,275,224
XLM,275,225
XLM,275,226
XLM,275,227
XLM,275,228
XLM,275,229
XLM,276,210
XLM,276,211
XLM,276,212
XLM,276,213
XLM,276,214
XLM,276,215
XLM,276,216
XLM,276,217
XLM,276,218
XLM,276,219
XLM,276,220
XLM,276,221
XLM,276,222
XLM,276,223
XLM,276,224
XLM,276,225
XLM,276,226
XLM,276,227
XLM,276,228
XLM,276,229
XLM,277,209
XLM,277,210
XLM,277,211
XLM,277,212
XLM,277,213
XLM,277,214
XLM,277,215
XLM,277,216
XLM,277,217
XLM,277,218
XLM,277,219
XLM,277,220
XLM,277,221
XLM,277,222
XLM,277,223
XLM,277,224
XLM,277,225
XLM,277,226
XLM,277,227
XLM,277,228
XLM,277,229
XLM,278,209
XLM,278,210
XLM,278,211
XLM,278,212
XLM,278,213
XLM,278,214
XLM,278,215
XLM,278,216
XLM,278,217
XLM,278,218
XLM,278,219
XLM,278,220
XLM,278,221
XLM,278,222
XLM,278,223
XLM,278,224
XLM,278,225
XLM,278,226
XLM,278,227
XLM,279,209
XLM,279,210
XLM,279,211
XLM,279,212
XLM,279,213
XLM,279,214
XLM,279,215
XLM,279,216
XLM,279,217
XLM,279,218
XLM,279,219
XLM,279,220
XLM,279,221
XLM,279,222
XLM,279,223
XLM,279,224
XLM,279,225
XLM,280,209
XLM,280,210
XLM,280,211
XLM,280,212
XLM,280,213
XLM,280,214
XLM,280,215
XLM,280,216
XLM,280,217
XLM,280,218
XLM,280,219
XLM,280,220
XLM,280,221
XLM,280,222
XLM,280,223
XLM,280,224
XLM,280,225
XLM,281,210
XLM,281,211
XLM,281,212
XLM,281,213
XLM,281,214
XLM,281,215
XLM,281,216
XLM,281,217
XLM,281,218
XLM,281,219
XLM,281,220
XLM,281,221
XLM,281,222
XLM,281,223
XLM,281,224
XLM,281,225
XLM,282,210
XLM,282,211
XLM,282,212
XLM,282,213
XLM,282,214
XLM,282,215
XLM,282,216
XLM,282,217
XLM,282,218
XLM,282,219
XLM,282,220
XLM,282,221
XLM,282,222
XLM,283,210
XLM,283,211
XLM,283,212
XLM,283,213
XLM,283,214
XLM,283,215
XLM,283,216
XLM,283,217
XLM,283,218
XLM,283,219
XLM,283,220
XLM,283,221
XLM,283,222
XLM,283,223
XLM,284,210
XLM,284,211
XLM,284,212
XLM,284,213
XLM,284,214
XLM,284,215
XLM,284,216
XLM,284,217
XLM,284,218
XLM,284,219
XLM,284,220
XLM,284,221
XLM,284,222
XLM,284,223
XLM,285,211
XLM,285,212
XLM,285,213
XLM,285,214
XLM,285,215
XLM,285,216
XLM,285,217
XLM,285,218
XLM,285,219
XLM,285,220
XLM,285,221
XLM,285,222
XLM,285,223
XLM,285,224
XLM,286,211
XLM,286,212
XLM,286,213
XLM,286,214
XLM,286,215
XLM,286,216
XLM,286,217
XLM,286,218
XLM,286,219
XLM,286,220
XLM,286,221
XLM,286,222
XLM,286,223
XLM,286,224
XLM,287,212
XLM,287,213
XLM,287,214
XLM,287,215
XLM,287,216
XLM,287,217
XLM,287,218
XLM,287,219
XLM,287,220
XLM,287,221
XLM,287,222
XLM,287,223
XLM,287,224
XLM,288,213
XLM,288,214
XLM,288,215
XLM,288,216
XLM,288,217
XLM,288,218
XLM,288,219
XLM,288,220
XLM,288,221
XLM,288,222
XLM,288,223
XLM,288,224
XLM,288,225
XLM,288,226
XLM,289,214
XLM,289,215
XLM,289,216
XLM,289,217
XLM,289,218
XLM,289,219
XLM,289,220
XLM,289,221
XLM,289,222
XLM,289,223
XLM,289,224
XLM,289,225
XLM,289,226
XLM,289,227
XLM,289,228
XLM,290,216
XLM,290,217
XLM,290,218
XLM,290,219
XLM,290,220
XLM,290,221
XLM,290,222
XLM,290,223
XLM,290,224
XLM,290,225
XLM,290,226
XLM,290,227
XLM,290,228
XLM,290,229
XLM,290,230
XLM,290,231
XLM,290,232
XLM,290,233
XLM,291,219
XLM,291,220
XLM,291,221
XLM,291,222
XLM,291,223
XLM,291,224
XLM,291,225
XLM,291,226
XLM,291,227
XLM,291,228
XLM,292,224
XLM,292,225
XLM,292,226
CIS,17,475
CIS,17,476
CIS,17,477
CIS,17,478
CIS,17,479
CIS,17,484
CIS,17,485
CIS,17,486
CIS,17,487
CIS,17,488
CIS,18,461
CIS,18,462
CIS,18,469
CIS,18,470
CIS,18,471
CIS,18,472
CIS,18,473
CIS,18,474
CIS,18,475
CIS,18,476
CIS,18,477
CIS,18,478
CIS,18,479
CIS,18,480
CIS,18,481
CIS,18,482
CIS,18,483
CIS,18,484
CIS,18,489
CIS,18,490
CIS,18,491
CIS,18,540
CIS,18,541
CIS,18,542
CIS,18,543
CIS,18,544
CIS,18,547
CIS,18,548
CIS,18,549
CIS,18,550
CIS,18,551
CIS,18,552
CIS,18,553
CIS,18,554
CIS,19,451
CIS,19,452
CIS,19,453
CIS,19,454
CIS,19,455
CIS,19,456
CIS,19,457
CIS,19,458
CIS,19,459
CIS,19,460
CIS,19,461
CIS,19,462
CIS,19,463
CIS,19,464
CIS,19,468
CIS,19,469
CIS,19,470
CIS,19,471
CIS,19,472
CIS,19,473
CIS,19,474
CIS,19,475
CIS,19,476
CIS,19,477
CIS,19,478
CIS,19,479
CIS,19,480
CIS,19,481
CIS,19,482
CIS,19,483
CIS,19,484
CIS,19,485
CIS,19,486
CIS,19,487
CIS,19,488
CIS,19,489
CIS,19,490
CIS,19,491
CIS,19,519
CIS,19,520
CIS,19,521
CIS,19,545
CIS,19,546
CIS,19,547
CIS,19,548
CIS,19,549
CIS,19,550
CIS,19,551
CIS,19,552
CIS,19,553
CIS,19,554
CIS,19,555
CIS,19,556
CIS,20,434
CIS,20,453
CIS,20,454
CIS,20,455
CIS,20,456
CIS,20,457
CIS,20,458
CIS,20,459
CIS,20,460
CIS,20,461
CIS,20,462
CIS,20,463
CIS,20,465
CIS,20,466
CIS,20,467
CIS,20,468
CIS,20,469
CIS,20,470
CIS,20,471
CIS,20,472
CIS,20,473
CIS,20,474
CIS,20,475
CIS,20,476
CIS,20,477
CIS,20,478
CIS,20,479
CIS,20,480
CIS,20,481
CIS,20,482
CIS,20,483
CIS,20,543
CIS,20,544
CIS,20,545
CIS,20,546
CIS,20,547
CIS,20,548
CIS,20,549
CIS,20,550
CIS,20,551
CIS,20,552
CIS,20,553
CIS,20,554
CIS,20,555
CIS,20,556
CIS,20,557
CIS,20,558
CIS,20,559
CIS,21,462
CIS,21,463
CIS,21,477
CIS,21,478
CIS,21,479
CIS,21,480
CIS,21,513
CIS,21,514
CIS,21,515
CIS,21,516
CIS,21,542
CIS,21,543
CIS,21,544
CIS,21,545
CIS,21,546
CIS,21,547
CIS,21,548
CIS,21,549
CIS,21,550
CIS,21,551
CIS,21,552
CIS,21,553
CIS,21,554
CIS,21,555
CIS,21,556
CIS,21,557
CIS,21,558
CIS,21,559
CIS,21,560
CIS,21,561
CIS,22,545
CIS,22,546
CIS,22,547
CIS,22,548
CIS,22,549
CIS,22,550
CIS,22,551
CIS,22,552
CIS,22,553
CIS,22,554
CIS,22,555
CIS,22,556
CIS,22,557
CIS,22,558
CIS,22,559
CIS,22,560
CIS,22,563
CIS,22,564
CIS,22,565
CIS,22,566
CIS,22,567
CIS,22,568
CIS,22,569
CIS,23,554
CIS,23,555
CIS,23,556
CIS,23,557
CIS,23,558
CIS,23,559
CIS,23,560
CIS,23,561
CIS,23,562
CIS,23,563
CIS,23,564
CIS,23,565
CIS,23,566
CIS,23,567
CIS,23,568
CIS,23,569
CIS,23,570
CIS,23,571
CIS,24,548
CIS,24,559
CIS,24,560
CIS,24,561
CIS,24,562
CIS,24,563
CIS,24,564
CIS,24,565
CIS,24,566
CIS,24,567
CIS,24,568
CIS,24,569
CIS,24,570
CIS,24,571
CIS,24,573
CIS,24,574
CIS,24,575
CIS,24,576
CIS,25,544
CIS,25,545
CIS,25,560
CIS,25,566
CIS,25,567
CIS,25,568
CIS,25,569
CIS,25,570
CIS,25,571
CIS,25,572
CIS,26,496
CIS,26,538
CIS,26,539
CIS,26,540
CIS,26,551
CIS,26,552
CIS,26,553
CIS,26,554
CIS,26,563
CIS,26,564
CIS,26,565
CIS,26,566
CIS,26,567
CIS,26,568
CIS,26,569
CIS,26,570
CIS,26,571
CIS,26,572
CIS,26,573
CIS,26,574
CIS,26,575
CIS,26,576
CIS,26,674
CIS,27,491
CIS,27,492
CIS,27,493
CIS,27,494
CIS,27,495
CIS,27,496
CIS,27,497
CIS,27,498
CIS,27,548
CIS,27,549
CIS,27,550
CIS,27,551
CIS,27,552
CIS,27,553
CIS,27,555
CIS,27,556
CIS,27,558
CIS,27,559
CIS,27,562
CIS,27,563
CIS,27,564
CIS,27,565
CIS,27,566
CIS,27,567
CIS,27,568
CIS,27,569
CIS,27,570
CIS,27,571
CIS,27,572
CIS,27,573
CIS,27,574
CIS,27,575
CIS,27,576
CIS,27,577
CIS,27,578
CIS,27,579
CIS,27,580
CIS,27,581
CIS,27,582
CIS,27,583
CIS,27,584
CIS,27,585
CIS,27,586
CIS,27,658
CIS,27,659
CIS,28,481
CIS,28,482
CIS,28,483
CIS,28,484
CIS,28,485
CIS,28,486
CIS,28,487
CIS,28,488
CIS,28,489
CIS,28,490
CIS,28,491
CIS,28,492
CIS,28,493
CIS,28,494
CIS,28,495
CIS,28,496
CIS,28,497
CIS,28,498
CIS,28,546
CIS,28,547
CIS,28,548
CIS,28,549
CIS,28,550
CIS,28,551
CIS,28,552
CIS,28,553
CIS,28,554
CIS,28,555
CIS,28,556
CIS,28,557
CIS,28,558
CIS,28,559
CIS,28,560
CIS,28,561
CIS,28,562
CIS,28,563
CIS,28,564
CIS,28,565
CIS,28,566
CIS,28,567
CIS,28,568
CIS,28,569
CIS,28,570
CIS,28,571
CIS,28,572
CIS,28,573
CIS,28,574
CIS,28,575
CIS,28,576
CIS,28,577
CIS,28,578
CIS,28,579
CIS,28,580
CIS,28,581
CIS,28,582
CIS,28,583
CIS,28,584
CIS,28,585
CIS,28,586
CIS,28,587
CIS,28,588
CIS,28,636
CIS,28,637
CIS,28,638
CIS,28,639
CIS,28,640
CIS,28,642
CIS,28,643
CIS,28,644
CIS,28,645
CIS,28,666
CIS,29,476
CIS,29,477
CIS,29,478
CIS,29,479
CIS,29,480
CIS,29,481
CIS,29,482
CIS,29,483
CIS,29,484
CIS,29,485
CIS,29,486
CIS,29,487
CIS,29,488
CIS,29,489
CIS,29,490
CIS,29,491
CIS,29,492
CIS,29,493
CIS,29,524
CIS,29,525
CIS,29,526
CIS,29,527
CIS,29,539
CIS,29,540
CIS,29,541
CIS,29,542
CIS,29,543
CIS,29,544
CIS,29,545
CIS,29,546
CIS,29,547
CIS,29,548
CIS,29,549
CIS,29,550
CIS,29,551
CIS,29,552
CIS,29,553
CIS,29,554
CIS,29,555
CIS,29,556
CIS,29,557
CIS,29,558
CIS,29,559
CIS,29,560
CIS,29,561
CIS,29,562
CIS,29,563
CIS,29,564
CIS,29,565
CIS,29,566
CIS,29,567
CIS,29,568
CIS,29,569
CIS,29,570
CIS,29,571
CIS,29,572
CIS,29,573
CIS,29,574
CIS,29,575
CIS,29,576
CIS,29,577
CIS,29,578
CIS,29,579
CIS,29,580
CIS,29,581
CIS,29,582
CIS,29,583
CIS,29,584
CIS,29,585
CIS,29,586
CIS,29,587
CIS,29,588
CIS,29,632
CIS,29,633
CIS,29,635
CIS,29,636
CIS,29,637
CIS,29,638
CIS,29,639
CIS,29,640
CIS,29,641
CIS,29,642
CIS,29,643
CIS,29,644
CIS,29,645
CIS,29,646
CIS,29,647
CIS,29,648
CIS,29,649
CIS,29,650
CIS,29,651
CIS,29,653
CIS,29,654
CIS,30,472
CIS,30,473
CIS,30,474
CIS,30,475
CIS,30,476
CIS,30,477
CIS,30,478
CIS,30,479
CIS,30,480
CIS,30,481
CIS,30,482
CIS,30,483
CIS,30,484
CIS,30,485
CIS,30,524
CIS,30,525
CIS,30,534
CIS,30,535
CIS,30,536
CIS,30,537
CIS,30,538
CIS,30,539
CIS,30,540
CIS,30,541
CIS,30,542
CIS,30,543
CIS,30,544
CIS,30,545
CIS,30,546
CIS,30,547
CIS,30,548
CIS,30,549
CIS,30,550
CIS,30,551
CIS,30,552
CIS,30,553
CIS,30,554
CIS,30,555
CIS,30,556
CIS,30,557
CIS,30,558
CIS,30,559
CIS,30,560
CIS,30,561
CIS,30,562
CIS,30,563
CIS,30,564
CIS,30,565
CIS,30,566
CIS,30,567
CIS,30,568
CIS,30,569
CIS,30,570
CIS,30,571
CIS,30,572
CIS,30,573
CIS,30,574
CIS,30,575
CIS,30,576
CIS,30,577
CIS,30,578
CIS,30,579
CIS,30,580
CIS,30,581
CIS,30,582
CIS,30,583
CIS,30,584
CIS,30,585
CIS,30,586
CIS,30,587
CIS,30,588
CIS,30,632
CIS,30,633
CIS,30,634
CIS,30,635
CIS,30,636
CIS,30,637
CIS,30,638
CIS,30,639
CIS,30,640
CIS,30,641
CIS,30,642
CIS,30,643
CIS,30,644
CIS,30,645
CIS,30,646
CIS,30,647
CIS,30,648
CIS,30,649
CIS,30,650
CIS,30,653
CIS,30,654
CIS,30,655
CIS,30,656
CIS,30,657
CIS,30,658
CIS,30,659
CIS,30,660
CIS,30,661
CIS,30,662
CIS,31,472
CIS,31,473
CIS,31,474
CIS,31,475
CIS,31,476
CIS,31,477
CIS,31,478
CIS,31,479
CIS,31,480
CIS,31,481
CIS,31,482
CIS,31,519
CIS,31,520
CIS,31,530
CIS,31,531
CIS,31,532
CIS,31,533
CIS,31,534
CIS,31,535
CIS,31,536
CIS,31,537
CIS,31,538
CIS,31,539
CIS,31,540
CIS,31,541
CIS,31,542
CIS,31,543
CIS,31,544
CIS,31,545
CIS,31,546
CIS,31,547
CIS,31,548
CIS,31,549
CIS,31,550
CIS,31,551
CIS,31,552
CIS,31,553
CIS,31,554
CIS,31,555
CIS,31,556
CIS,31,557
CIS,31,558
CIS,31,559
CIS,31,560
CIS,31,561
CIS,31,562
CIS,31,563
CIS,31,564
CIS,31,565
CIS,31,566
CIS,31,567
CIS,31,568
CIS,31,569
CIS,31,570
CIS,31,571
CIS,31,572
CIS,31,573
CIS,31,574
CIS,31,575
CIS,31,576
CIS,31,577
CIS,31,578
CIS,31,579
CIS,31,580
CIS,31,581
CIS,31,582
CIS,31,583
CIS,31,584
CIS,31,585
CIS,31,586
CIS,31,636
CIS,31,637
CIS,31,638
CIS,31,639
CIS,31,640
CIS,31,641
CIS,31,642
CIS,31,643
CIS,31,644
CIS,31,645
CIS,31,646
CIS,31,647
CIS,31,648
CIS,31,656
CIS,31,657
CIS,31,658
CIS,31,659
CIS,31,660
CIS,31,661
CIS,31,662
CIS,32,470
CIS,32,471
CIS,32,472
CIS,32,473
CIS,32,474
CIS,32,475
CIS,32,476
CIS,32,477
CIS,32,478
CIS,32,479
CIS,32,525
CIS,32,526
CIS,32,527
CIS,32,528
CIS,32,529
CIS,32,530
CIS,32,532
CIS,32,533
CIS,32,534
CIS,32,535
CIS,32,536
CIS,32,537
CIS,32,538
CIS,32,539
CIS,32,540
CIS,32,541
CIS,32,542
CIS,32,543
CIS,32,544
CIS,32,545
CIS,32,546
CIS,32,547
CIS,32,548
CIS,32,549
CIS,32,550
CIS,32,551
CIS,32,552
CIS,32,553
CIS,32,554
CIS,32,555
CIS,32,556
CIS,32,557
CIS,32,558
CIS,32,559
CIS,32,560
CIS,32,561
CIS,32,562
CIS,32,563
CIS,32,564
CIS,32,565
CIS,32,566
CIS,32,567
CIS,32,568
CIS,32,569
CIS,32,570
CIS,32,571
CIS,32,572
CIS,32,573
CIS,32,574
CIS,32,575
CIS,32,576
CIS,32,577
CIS,32,578
CIS,32,579
CIS,32,580
CIS,32,581
CIS,32,583
CIS,32,584
CIS,32,585
CIS,32,586
CIS,32,587
CIS,32,592
CIS,32,593
CIS,32,631
CIS,32,632
CIS,32,633
CIS,32,641
CIS,32,642
CIS,32,643
CIS,33,468
CIS,33,469
CIS,33,470
CIS,33,471
CIS,33,472
CIS,33,473
CIS,33,474
CIS,33,475
CIS,33,476
CIS,33,502
CIS,33,503
CIS,33,511
CIS,33,512
CIS,33,513
CIS,33,514
CIS,33,522
CIS,33,523
CIS,33,524
CIS,33,525
CIS,33,526
CIS,33,527
CIS,33,528
CIS,33,529
CIS,33,530
CIS,33,531
CIS,33,532
CIS,33,533
CIS,33,534
CIS,33,535
CIS,33,536
CIS,33,537
CIS,33,538
CIS,33,539
CIS,33,540
CIS,33,541
CIS,33,542
CIS,33,543
CIS,33,544
CIS,33,545
CIS,33,546
CIS,33,547
CIS,33,548
CIS,33,549
CIS,33,550
CIS,33,551
CIS,33,552
CIS,33,553
CIS,33,554
CIS,33,555
CIS,33,556
CIS,33,557
CIS,33,558
CIS,33,559
CIS,33,560
CIS,33,561
CIS,33,562
CIS,33,563
CIS,33,564
CIS,33,565
CIS,33,566
CIS,33,567
CIS,33,568
CIS,33,569
CIS,33,570
CIS,33,571
CIS,33,572
CIS,33,573
CIS,33,574
CIS,33,575
CIS,33,576
CIS,33,577
CIS,33,578
CIS,33,579
CIS,33,580
CIS,33,581
CIS,33,582
CIS,33,583
CIS,33,584
CIS,33,585
CIS,33,586
CIS,33,587
CIS,33,588
CIS,33,589
CIS,33,590
CIS,33,591
CIS,33,592
CIS,33,593
CIS,33,594
CIS,33,595
CIS,33,596
CIS,33,597
CIS,33,598
CIS,33,607
CIS,33,608
CIS,33,609
CIS,33,610
CIS,33,611
CIS,33,612
CIS,33,613
CIS,33,614
CIS,33,615
CIS,33,616
CIS,33,633
CIS,33,641
CIS,33,642
CIS,33,643
CIS,33,644
CIS,33,645
CIS,33,646
CIS,33,647
CIS,34,467
CIS,34,468
CIS,34,469
CIS,34,470
CIS,34,471
CIS,34,472
CIS,34,473
CIS,34,474
CIS,34,475
CIS,34,500
CIS,34,501
CIS,34,502
CIS,34,503
CIS,34,504
CIS,34,509
CIS,34,510
CIS,34,511
CIS,34,512
CIS,34,513
CIS,34,514
CIS,34,518
CIS,34,519
CIS,34,521
CIS,34,522
CIS,34,523
CIS,34,524
CIS,34,525
CIS,34,526
CIS,34,527
CIS,34,528
CIS,34,529
CIS,34,530
CIS,34,531
CIS,34,532
CIS,34,533
CIS,34,534
CIS,34,535
CIS,34,536
CIS,34,537
CIS,34,538
CIS,34,539
CIS,34,540
CIS,34,541
CIS,34,542
CIS,34,543
CIS,34,544
CIS,34,545
CIS,34,546
CIS,34,547
CIS,34,548
CIS,34,549
CIS,34,550
CIS,34,551
CIS,34,552
CIS,34,553
CIS,34,554
CIS,34,555
CIS,34,556
CIS,34,557
CIS,34,558
CIS,34,559
CIS,34,560
CIS,34,561
CIS,34,562
CIS,34,563
CIS,34,564
CIS,34,565
CIS,34,566
CIS,34,567
CIS,34,568
CIS,34,569
CIS,34,570
CIS,34,571
CIS,34,572
CIS,34,573
CIS,34,574
CIS,34,575
CIS,34,576
CIS,34,577
CIS,34,578
CIS,34,579
CIS,34,580
CIS,34,581
CIS,34,582
CIS,34,583
CIS,34,584
CIS,34,585
CIS,34,586
CIS,34,587
CIS,34,588
CIS,34,589
CIS,34,590
CIS,34,591
CIS,34,592
CIS,34,593
CIS,34,594
CIS,34,595
CIS,34,596
CIS,34,597
CIS,34,598
CIS,34,599
CIS,34,600
CIS,34,601
CIS,34,606
CIS,34,607
CIS,34,608
CIS,34,609
CIS,34,610
CIS,34,611
CIS,34,612
CIS,34,613
CIS,34,614
CIS,34,615
CIS,34,616
CIS,34,617
CIS,34,618
CIS,34,619
CIS,34,640
CIS,34,641
CIS,34,642
CIS,34,643
CIS,34,644
CIS,34,645
CIS,34,646
CIS,34,647
CIS,34,648
CIS,35,465
CIS,35,466
CIS,35,467
CIS,35,468
CIS,35,469
CIS,35,470
CIS,35,471
CIS,35,472
CIS,35,473
CIS,35,498
CIS,35,499
CIS,35,500
CIS,35,501
CIS,35,502
CIS,35,503
CIS,35,504
CIS,35,505
CIS,35,506
CIS,35,509
CIS,35,510
CIS,35,511
CIS,35,512
CIS,35,515
CIS,35,516
CIS,35,517
CIS,35,518
CIS,35,519
CIS,35,520
CIS,35,522
CIS,35,523
CIS,35,524
CIS,35,525
CIS,35,526
CIS,35,527
CIS,35,528
CIS,35,529
CIS,35,530
CIS,35,531
CIS,35,532
CIS,35,533
CIS,35,534
CIS,35,535
CIS,35,536
CIS,35,537
CIS,35,538
CIS,35,539
CIS,35,540
CIS,35,541
CIS,35,542
CIS,35,543
CIS,35,544
CIS,35,545
CIS,35,546
CIS,35,547
CIS,35,548
CIS,35,549
CIS,35,550
CIS,35,551
CIS,35,552
CIS,35,553
CIS,35,554
CIS,35,555
CIS,35,556
CIS,35,557
CIS,35,558
CIS,35,559
CIS,35,560
CIS,35,561
CIS,35,562
CIS,35,563
CIS,35,564
CIS,35,565
CIS,35,566
CIS,35,567
CIS,35,568
CIS,35,569
CIS,35,570
CIS,35,571
CIS,35,572
CIS,35,573
CIS,35,574
CIS,35,575
CIS,35,576
CIS,35,577
CIS,35,578
CIS,35,579
CIS,35,580
CIS,35,581
CIS,35,582
CIS,35,583
CIS,35,584
CIS,35,585
CIS,35,586
CIS,35,587
CIS,35,588
CIS,35,589
CIS,35,590
CIS,35,591
CIS,35,592
CIS,35,593
CIS,35,594
CIS,35,595
CIS,35,596
CIS,35,597
CIS,35,598
CIS,35,599
CIS,35,600
CIS,35,601
CIS,35,602
CIS,35,603
CIS,35,604
CIS,35,605
CIS,35,606
CIS,35,607
CIS,35,608
CIS,35,609
CIS,35,610
CIS,35,611
CIS,35,612
CIS,35,613
CIS,35,614
CIS,35,615
CIS,35,616
CIS,35,617
CIS,35,618
CIS,35,619
CIS,35,640
CIS,35,642
CIS,35,643
CIS,35,644
CIS,35,645
CIS,35,646
CIS,35,647
CIS,35,648
CIS,35,649
CIS,35,650
CIS,35,651
CIS,35,652
CIS,36,464
CIS,36,465
CIS,36,466
CIS,36,467
CIS,36,468
CIS,36,469
CIS,36,470
CIS,36,471
CIS,36,472
CIS,36,498
CIS,36,499
CIS,36,500
CIS,36,501
CIS,36,502
CIS,36,503
CIS,36,504
CIS,36,505
CIS,36,506
CIS,36,510
CIS,36,511
CIS,36,512
CIS,36,513
CIS,36,514
CIS,36,515
CIS,36,516
CIS,36,517
CIS,36,518
CIS,36,519
CIS,36,520
CIS,36,521
CIS,36,522
CIS,36,523
CIS,36,524
CIS,36,525
CIS,36,526
CIS,36,527
CIS,36,528
CIS,36,529
CIS,36,530
CIS,36,531
CIS,36,532
CIS,36,533
CIS,36,534
CIS,36,535
CIS,36,536
CIS,36,537
CIS,36,538
CIS,36,539
CIS,36,540
CIS,36,541
CIS,36,542
CIS,36,543
CIS,36,544
CIS,36,545
CIS,36,546
CIS,36,547
CIS,36,548
CIS,36,549
CIS,36,550
CIS,36,551
CIS,36,552
CIS,36,553
CIS,36,554
CIS,36,555
CIS,36,556
CIS,36,557
CIS,36,558
CIS,36,559
CIS,36,560
CIS,36,561
CIS,36,562
CIS,36,563
CIS,36,564
CIS,36,565
CIS,36,566
CIS,36,567
CIS,36,568
CIS,36,569
CIS,36,570
CIS,36,571
CIS,36,572
CIS,36,573
CIS,36,574
CIS,36,575
CIS,36,576
CIS,36,577
CIS,36,578
CIS,36,579
CIS,36,580
CIS,36,581
CIS,36,582
CIS,36,583
CIS,36,584
CIS,36,585
CIS,36,586
CIS,36,587
CIS,36,588
CIS,36,589
CIS,36,590
CIS,36,591
CIS,36,592
CIS,36,593
CIS,36,594
CIS,36,595
CIS,36,596
CIS,36,597
CIS,36,598
CIS,36,599
CIS,36,600
CIS,36,601
CIS,36,602
CIS,36,603
CIS,36,604
CIS,36,605
CIS,36,606
CIS,36,607
CIS,36,608
CIS,36,609
CIS,36,610
CIS,36,611
CIS,36,612
CIS,36,613
CIS,36,614
CIS,36,615
CIS,36,616
CIS,36,617
CIS,36,618
CIS,36,619
CIS,36,620
CIS,36,639
CIS,36,640
CIS,36,641
CIS,36,642
CIS,36,643
CIS,36,644
CIS,36,645
CIS,36,646
CIS,36,647
CIS,36,648
CIS,36,649
CIS,36,650
CIS,36,651
CIS,36,652
CIS,36,653
CIS,36,654
CIS,36,655
CIS,36,656
CIS,36,657
CIS,36,658
CIS,36,659
CIS,36,660
CIS,37,1
CIS,37,2
CIS,37,3
CIS,37,4
CIS,37,463
CIS,37,464
CIS,37,465
CIS,37,466
CIS,37,467
CIS,37,468
CIS,37,469
CIS,37,470
CIS,37,471
CIS,37,472
CIS,37,496
CIS,37,497
CIS,37,498
CIS,37,499
CIS,37,500
CIS,37,501
CIS,37,502
CIS,37,503
CIS,37,504
CIS,37,505
CIS,37,506
CIS,37,507
CIS,37,508
CIS,37,509
CIS,37,510
CIS,37,511
CIS,37,512
CIS,37,513
CIS,37,514
CIS,37,515
CIS,37,516
CIS,37,517
CIS,37,518
CIS,37,519
CIS,37,520
CIS,37,521
CIS,37,522
CIS,37,523
CIS,37,524
CIS,37,525
CIS,37,526
CIS,37,527
CIS,37,528
CIS,37,529
CIS,37,530
CIS,37,531
CIS,37,532
CIS,37,533
CIS,37,534
CIS,37,535
CIS,37,536
CIS,37,537
CIS,37,538
CIS,37,539
CIS,37,540
CIS,37,541
CIS,37,542
CIS,37,543
CIS,37,544
CIS,37,545
CIS,37,546
CIS,37,547
CIS,37,548
CIS,37,549
CIS,37,550
CIS,37,551
CIS,37,552
CIS,37,553
CIS,37,554
CIS,37,555
CIS,37,556
CIS,37,557
CIS,37,558
CIS,37,559
CIS,37,560
CIS,37,561
CIS,37,562
CIS,37,563
CIS,37,564
CIS,37,565
CIS,37,566
CIS,37,567
CIS,37,568
CIS,37,569
CIS,37,570
CIS,37,571
CIS,37,572
CIS,37,573
CIS,37,574
CIS,37,575
CIS,37,576
CIS,37,577
CIS,37,578
CIS,37,579
CIS,37,580
CIS,37,581
CIS,37,582
CIS,37,583
CIS,37,584
CIS,37,585
CIS,37,586
CIS,37,587
CIS,37,588
CIS,37,589
CIS,37,590
CIS,37,591
CIS,37,592
CIS,37,593
CIS,37,594
CIS,37,595
CIS,37,596
CIS,37,597
CIS,37,598
CIS,37,599
CIS,37,600
CIS,37,601
CIS,37,602
CIS,37,603
CIS,37,604
CIS,37,605
CIS,37,606
CIS,37,607
CIS,37,608
CIS,37,609
CIS,37,610
CIS,37,611
CIS,37,612
CIS,37,613
CIS,37,614
CIS,37,615
CIS,37,616
CIS,37,617
CIS,37,618
CIS,37,619
CIS,37,625
CIS,37,626
CIS,37,627
CIS,37,630
CIS,37,631
CIS,37,632
CIS,37,633
CIS,37,634
CIS,37,635
CIS,37,636
CIS,37,637
CIS,37,638
CIS,37,639
CIS,37,640
CIS,37,641
CIS,37,642
CIS,37,643
CIS,37,644
CIS,37,645
CIS,37,646
CIS,37,647
CIS,37,648
CIS,37,649
CIS,37,650
CIS,37,651
CIS,37,652
CIS,37,653
CIS,37,654
CIS,37,655
CIS,37,656
CIS,37,657
CIS,37,658
CIS,37,659
CIS,37,660
CIS,37,661
CIS,37,662
CIS,37,720
CIS,38,1
CIS,38,2
CIS,38,3
CIS,38,4
CIS,38,5
CIS,38,6
CIS,38,9
CIS,38,465
CIS,38,466
CIS,38,467
CIS,38,468
CIS,38,469
CIS,38,470
CIS,38,471
CIS,38,472
CIS,38,473
CIS,38,474
CIS,38,494
CIS,38,495
CIS,38,496
CIS,38,497
CIS,38,498
CIS,38,499
CIS,38,500
CIS,38,501
CIS,38,502
CIS,38,503
CIS,38,504
CIS,38,505
CIS,38,506
CIS,38,507
CIS,38,508
CIS,38,509
CIS,38,510
CIS,38,511
CIS,38,512
CIS,38,513
CIS,38,514
CIS,38,515
CIS,38,516
CIS,38,517
CIS,38,518
CIS,38,519
CIS,38,520
CIS,38,521
CIS,38,522
CIS,38,523
CIS,38,524
CIS,38,525
CIS,38,526
CIS,38,527
CIS,38,528
CIS,38,529
CIS,38,530
CIS,38,531
CIS,38,532
CIS,38,533
CIS,38,534
CIS,38,535
CIS,38,536
CIS,38,537
CIS,38,538
CIS,38,539
CIS,38,540
CIS,38,541
CIS,38,542
CIS,38,543
CIS,38,544
CIS,38,545
CIS,38,546
CIS,38,547
CIS,38,548
CIS,38,549
CIS,38,550
CIS,38,551
CIS,38,552
CIS,38,553
CIS,38,554
CIS,38,555
CIS,38,556
CIS,38,557
CIS,38,558
CIS,38,559
CIS,38,560
CIS,38,561
CIS,38,562
CIS,38,563
CIS,38,564
CIS,38,565
CIS,38,566
CIS,38,567
CIS,38,568
CIS,38,569
CIS,38,570
CIS,38,571
CIS,38,572
CIS,38,573
CIS,38,574
CIS,38,575
CIS,38,576
CIS,38,577
CIS,38,578
CIS,38,579
CIS,38,580
CIS,38,581
CIS,38,582
CIS,38,583
CIS,38,584
CIS,38,585
CIS,38,586
CIS,38,587
CIS,38,588
CIS,38,589
CIS,38,590
CIS,38,591
CIS,38,592
CIS,38,593
CIS,38,594
CIS,38,595
CIS,38,596
CIS,38,597
CIS,38,598
CIS,38,599
CIS,38,600
CIS,38,601
CIS,38,602
CIS,38,603
CIS,38,604
CIS,38,605
CIS,38,606
CIS,38,607
CIS,38,608
CIS,38,609
CIS,38,610
CIS,38,611
CIS,38,612
CIS,38,613
CIS,38,614
CIS,38,615
CIS,38,616
CIS,38,617
CIS,38,618
CIS,38,619
CIS,38,620
CIS,38,621
CIS,38,624
CIS,38,625
CIS,38,626
CIS,38,627
CIS,38,628
CIS,38,629
CIS,38,630
CIS,38,631
CIS,38,632
CIS,38,633
CIS,38,634
CIS,38,635
CIS,38,636
CIS,38,637
CIS,38,638
CIS,38,639
CIS,38,640
CIS,38,641
CIS,38,642
CIS,38,643
CIS,38,644
CIS,38,645
CIS,38,646
CIS,38,647
CIS,38,648
CIS,38,649
CIS,38,650
CIS,38,651
CIS,38,652
CIS,38,653
CIS,38,654
CIS,38,655
CIS,38,656
CIS,38,657
CIS,38,658
CIS,38,659
CIS,38,660
CIS,38,661
CIS,38,662
CIS,38,663
CIS,38,664
CIS,38,665
CIS,38,670
CIS,38,671
CIS,38,672
CIS,38,673
CIS,38,674
CIS,38,675
CIS,38,676
CIS,38,677
CIS,38,718
CIS,38,719
CIS,38,720
CIS,39,1
CIS,39,2
CIS,39,3
CIS,39,467
CIS,39,468
CIS,39,469
CIS,39,470
CIS,39,471
CIS,39,472
CIS,39,473
CIS,39,474
CIS,39,475
CIS,39,476
CIS,39,493
CIS,39,494
CIS,39,495
CIS,39,496
CIS,39,497
CIS,39,498
CIS,39,499
CIS,39,500
CIS,39,501
CIS,39,502
CIS,39,503
CIS,39,504
CIS,39,505
CIS,39,506
CIS,39,508
CIS,39,509
CIS,39,510
CIS,39,511
CIS,39,512
CIS,39,513
CIS,39,514
CIS,39,515
CIS,39,516
CIS,39,517
CIS,39,518
CIS,39,519
CIS,39,520
CIS,39,521
CIS,39,522
CIS,39,523
CIS,39,524
CIS,39,525
CIS,39,526
CIS,39,527
CIS,39,528
CIS,39,529
CIS,39,530
CIS,39,531
CIS,39,532
CIS,39,533
CIS,39,534
CIS,39,535
CIS,39,536
CIS,39,537
CIS,39,538
CIS,39,539
CIS,39,540
CIS,39,541
CIS,39,542
CIS,39,543
CIS,39,544
CIS,39,545
CIS,39,546
CIS,39,547
CIS,39,548
CIS,39,549
CIS,39,550
CIS,39,551
CIS,39,552
CIS,39,553
CIS,39,554
CIS,39,555
CIS,39,556
CIS,39,557
CIS,39,558
CIS,39,559
CIS,39,560
CIS,39,561
CIS,39,562
CIS,39,563
CIS,39,564
CIS,39,565
CIS,39,566
CIS,39,567
CIS,39,568
CIS,39,569
CIS,39,570
CIS,39,571
CIS,39,572
CIS,39,573
CIS,39,574
CIS,39,575
CIS,39,576
CIS,39,577
CIS,39,578
CIS,39,579
CIS,39,580
CIS,39,581
CIS,39,582
CIS,39,583
CIS,39,584
CIS,39,585
CIS,39,586
CIS,39,587
CIS,39,588
CIS,39,589
CIS,39,590
CIS,39,591
CIS,39,592
CIS,39,593
CIS,39,594
CIS,39,595
CIS,39,596
CIS,39,597
CIS,39,598
CIS,39,599
CIS,39,600
CIS,39,601
CIS,39,602
CIS,39,603
CIS,39,604
CIS,39,605
CIS,39,606
CIS,39,607
CIS,39,608
CIS,39,609
CIS,39,610
CIS,39,611
CIS,39,612
CIS,39,613
CIS,39,614
CIS,39,615
CIS,39,616
CIS,39,617
CIS,39,618
CIS,39,619
CIS,39,620
CIS,39,621
CIS,39,622
CIS,39,623
CIS,39,624
CIS,39,625
CIS,39,626
CIS,39,627
CIS,39,628
CIS,39,629
CIS,39,630
CIS,39,631
CIS,39,632
CIS,39,633
CIS,39,634
CIS,39,635
CIS,39,636
CIS,39,637
CIS,39,638
CIS,39,639
CIS,39,640
CIS,39,641
CIS,39,642
CIS,39,643
CIS,39,644
CIS,39,645
CIS,39,646
CIS,39,647
CIS,39,648
CIS,39,649
CIS,39,650
CIS,39,651
CIS,39,652
CIS,39,653
CIS,39,654
CIS,39,655
CIS,39,656
CIS,39,657
CIS,39,658
CIS,39,659
CIS,39,660
CIS,39,661
CIS,39,662
CIS,39,663
CIS,39,664
CIS,39,665
CIS,39,666
CIS,39,667
CIS,39,668
CIS,39,669
CIS,39,670
CIS,39,671
CIS,39,672
CIS,39,673
CIS,39,674
CIS,39,675
CIS,39,676
CIS,39,677
CIS,39,678
CIS,39,679
CIS,39,680
CIS,39,681
CIS,39,682
CIS,39,684
CIS,39,685
CIS,39,718
CIS,39,719
CIS,39,720
CIS,40,477
CIS,40,478
CIS,40,479
CIS,40,480
CIS,40,481
CIS,40,494
CIS,40,495
CIS,40,496
CIS,40,497
CIS,40,498
CIS,40,499
CIS,40,500
CIS,40,501
CIS,40,502
CIS,40,503
CIS,40,504
CIS,40,505
CIS,40,506
CIS,40,508
CIS,40,509
CIS,40,510
CIS,40,511
CIS,40,512
CIS,40,513
CIS,40,514
CIS,40,515
CIS,40,516
CIS,40,517
CIS,40,518
CIS,40,519
CIS,40,520
CIS,40,521
CIS,40,522
CIS,40,523
CIS,40,524
CIS,40,525
CIS,40,526
CIS,40,527
CIS,40,528
CIS,40,529
CIS,40,530
CIS,40,531
CIS,40,532
CIS,40,533
CIS,40,534
CIS,40,535
CIS,40,536
CIS,40,537
CIS,40,538
CIS,40,539
CIS,40,540
CIS,40,541
CIS,40,542
CIS,40,543
CIS,40,544
CIS,40,545
CIS,40,546
CIS,40,547
CIS,40,548
CIS,40,549
CIS,40,550
CIS,40,551
CIS,40,552
CIS,40,553
CIS,40,554
CIS,40,555
CIS,40,556
CIS,40,557
CIS,40,558
CIS,40,559
CIS,40,560
CIS,40,561
CIS,40,562
CIS,40,563
CIS,40,564
CIS,40,565
CIS,40,566
CIS,40,567
CIS,40,568
CIS,40,569
CIS,40,570
CIS,40,571
CIS,40,572
CIS,40,573
CIS,40,574
CIS,40,575
CIS,40,576
CIS,40,577
CIS,40,578
CIS,40,579
CIS,40,580
CIS,40,581
CIS,40,582
CIS,40,583
CIS,40,584
CIS,40,585
CIS,40,586
CIS,40,587
CIS,40,588
CIS,40,589
CIS,40,590
CIS,40,591
CIS,40,592
CIS,40,593
CIS,40,594
CIS,40,595
CIS,40,596
CIS,40,597
CIS,40,598
CIS,40,599
CIS,40,600
CIS,40,601
CIS,40,602
CIS,40,603
CIS,40,604
CIS,40,605
CIS,40,606
CIS,40,607
CIS,40,608
CIS,40,609
CIS,40,610
CIS,40,611
CIS,40,612
CIS,40,613
CIS,40,614
CIS,40,615
CIS,40,616
CIS,40,617
CIS,40,618
CIS,40,619
CIS,40,620
CIS,40,621
CIS,40,622
CIS,40,623
CIS,40,624
CIS,40,625
CIS,40,626
CIS,40,627
CIS,40,628
CIS,40,629
CIS,40,630
CIS,40,631
CIS,40,632
CIS,40,633
CIS,40,634
CIS,40,635
CIS,40,636
CIS,40,637
CIS,40,638
CIS,40,639
CIS,40,640
CIS,40,641
CIS,40,642
CIS,40,643
CIS,40,644
CIS,40,645
CIS,40,646
CIS,40,647
CIS,40,648
CIS,40,649
CIS,40,650
CIS,40,651
CIS,40,652
CIS,40,653
CIS,40,654
CIS,40,655
CIS,40,656
CIS,40,657
CIS,40,658
CIS,40,659
CIS,40,660
CIS,40,661
CIS,40,662
CIS,40,663
CIS,40,664
CIS,40,665
CIS,40,666
CIS,40,667
CIS,40,668
CIS,40,669
CIS,40,670
CIS,40,671
CIS,40,672
CIS,40,673
CIS,40,674
CIS,40,675
CIS,40,676
CIS,40,677
CIS,40,678
CIS,40,679
CIS,40,680
CIS,40,681
CIS,40,697
CIS,40,698
CIS,40,702
CIS,40,703
CIS,40,704
CIS,41,421
CIS,41,422
CIS,41,423
CIS,41,424
CIS,41,425
CIS,41,426
CIS,41,427
CIS,41,458
CIS,41,459
CIS,41,478
CIS,41,479
CIS,41,480
CIS,41,481
CIS,41,482
CIS,41,483
CIS,41,484
CIS,41,485
CIS,41,486
CIS,41,487
CIS,41,488
CIS,41,489
CIS,41,494
CIS,41,495
CIS,41,496
CIS,41,497
CIS,41,498
CIS,41,499
CIS,41,500
CIS,41,501
CIS,41,502
CIS,41,503
CIS,41,504
CIS,41,505
CIS,41,506
CIS,41,508
CIS,41,509
CIS,41,510
CIS,41,511
CIS,41,512
CIS,41,513
CIS,41,514
CIS,41,515
CIS,41,516
CIS,41,517
CIS,41,518
CIS,41,519
CIS,41,520
CIS,41,521
CIS,41,522
CIS,41,523
CIS,41,524
CIS,41,525
CIS,41,526
CIS,41,527
CIS,41,528
CIS,41,529
CIS,41,530
CIS,41,531
CIS,41,532
CIS,41,533
CIS,41,534
CIS,41,535
CIS,41,536
CIS,41,537
CIS,41,538
CIS,41,539
CIS,41,540
CIS,41,541
CIS,41,542
CIS,41,543
CIS,41,544
CIS,41,545
CIS,41,546
CIS,41,547
CIS,41,548
CIS,41,549
CIS,41,550
CIS,41,551
CIS,41,552
CIS,41,553
CIS,41,554
CIS,41,555
CIS,41,556
CIS,41,557
CIS,41,558
CIS,41,559
CIS,41,560
CIS,41,561
CIS,41,562
CIS,41,563
CIS,41,564
CIS,41,565
CIS,41,566
CIS,41,567
CIS,41,568
CIS,41,569
CIS,41,570
CIS,41,571
CIS,41,572
CIS,41,573
CIS,41,574
CIS,41,575
CIS,41,576
CIS,41,577
CIS,41,578
CIS,41,579
CIS,41,580
CIS,41,581
CIS,41,582
CIS,41,583
CIS,41,584
CIS,41,585
CIS,41,586
CIS,41,587
CIS,41,588
CIS,41,589
CIS,41,590
CIS,41,591
CIS,41,592
CIS,41,593
CIS,41,594
CIS,41,595
CIS,41,596
CIS,41,597
CIS,41,598
CIS,41,599
CIS,41,600
CIS,41,601
CIS,41,602
CIS,41,603
CIS,41,604
CIS,41,605
CIS,41,606
CIS,41,607
CIS,41,608
CIS,41,609
CIS,41,610
CIS,41,611
CIS,41,612
CIS,41,613
CIS,41,614
CIS,41,615
CIS,41,616
CIS,41,617
CIS,41,618
CIS,41,619
CIS,41,620
CIS,41,621
CIS,41,622
CIS,41,623
CIS,41,624
CIS,41,625
CIS,41,626
CIS,41,627
CIS,41,628
CIS,41,629
CIS,41,630
CIS,41,631
CIS,41,632
CIS,41,633
CIS,41,634
CIS,41,635
CIS,41,636
CIS,41,637
CIS,41,638
CIS,41,639
CIS,41,640
CIS,41,641
CIS,41,642
CIS,41,643
CIS,41,644
CIS,41,645
CIS,41,646
CIS,41,647
CIS,41,648
CIS,41,649
CIS,41,650
CIS,41,651
CIS,41,652
CIS,41,653
CIS,41,654
CIS,41,655
CIS,41,656
CIS,41,657
CIS,41,658
CIS,41,659
CIS,41,660
CIS,41,661
CIS,41,662
CIS,41,663
CIS,41,664
CIS,41,665
CIS,41,666
CIS,41,667
CIS,41,668
CIS,41,669
CIS,41,670
CIS,41,671
CIS,41,672
CIS,41,673
CIS,41,674
CIS,41,675
CIS,41,676
CIS,41,677
CIS,41,678
CIS,41,679
CIS,41,680
CIS,41,681
CIS,41,682
CIS,41,683
CIS,41,684
CIS,41,685
CIS,41,686
CIS,41,687
CIS,41,688
CIS,41,689
CIS,41,690
CIS,41,691
CIS,41,692
CIS,41,693
CIS,41,694
CIS,41,695
CIS,41,696
CIS,41,697
CIS,41,698
CIS,41,699
CIS,41,701
CIS,41,702
CIS,41,703
CIS,41,704
CIS,41,705
CIS,41,706
CIS,41,707
CIS,41,708
CIS,41,709
CIS,41,710
CIS,41,711
CIS,41,712
CIS,41,713
CIS,41,714
CIS,41,715
CIS,41,716
CIS,42,418
CIS,42,419
CIS,42,420
CIS,42,421
CIS,42,422
CIS,42,423
CIS,42,424
CIS,42,425
CIS,42,426
CIS,42,427
CIS,42,428
CIS,42,429
CIS,42,430
CIS,42,431
CIS,42,432
CIS,42,433
CIS,42,434
CIS,42,457
CIS,42,458
CIS,42,459
CIS,42,460
CIS,42,461
CIS,42,469
CIS,42,470
CIS,42,478
CIS,42,479
CIS,42,481
CIS,42,482
CIS,42,483
CIS,42,484
CIS,42,485
CIS,42,486
CIS,42,487
CIS,42,488
CIS,42,489
CIS,42,490
CIS,42,491
CIS,42,492
CIS,42,493
CIS,42,494
CIS,42,495
CIS,42,497
CIS,42,498
CIS,42,499
CIS,42,500
CIS,42,501
CIS,42,502
CIS,42,503
CIS,42,504
CIS,42,505
CIS,42,506
CIS,42,508
CIS,42,509
CIS,42,510
CIS,42,511
CIS,42,512
CIS,42,513
CIS,42,514
CIS,42,515
CIS,42,516
CIS,42,517
CIS,42,518
CIS,42,519
CIS,42,520
CIS,42,521
CIS,42,522
CIS,42,523
CIS,42,524
CIS,42,525
CIS,42,526
CIS,42,527
CIS,42,528
CIS,42,529
CIS,42,530
CIS,42,531
CIS,42,532
CIS,42,533
CIS,42,534
CIS,42,535
CIS,42,536
CIS,42,537
CIS,42,538
CIS,42,539
CIS,42,540
CIS,42,541
CIS,42,542
CIS,42,543
CIS,42,544
CIS,42,545
CIS,42,546
CIS,42,547
CIS,42,548
CIS,42,549
CIS,42,550
CIS,42,551
CIS,42,552
CIS,42,553
CIS,42,554
CIS,42,555
CIS,42,556
CIS,42,557
CIS,42,558
CIS,42,559
CIS,42,560
CIS,42,561
CIS,42,562
CIS,42,563
CIS,42,564
CIS,42,565
CIS,42,566
CIS,42,567
CIS,42,568
CIS,42,569
CIS,42,570
CIS,42,571
CIS,42,572
CIS,42,573
CIS,42,574
CIS,42,575
CIS,42,576
CIS,42,577
CIS,42,578
CIS,42,579
CIS,42,580
CIS,42,581
CIS,42,582
CIS,42,583
CIS,42,584
CIS,42,585
CIS,42,586
CIS,42,587
CIS,42,588
CIS,42,589
CIS,42,590
CIS,42,591
CIS,42,592
CIS,42,593
CIS,42,594
CIS,42,595
CIS,42,596
CIS,42,597
CIS,42,598
CIS,42,599
CIS,42,600
CIS,42,601
CIS,42,602
CIS,42,603
CIS,42,604
CIS,42,605
CIS,42,606
CIS,42,607
CIS,42,608
CIS,42,609
CIS,42,610
CIS,42,611
CIS,42,612
CIS,42,613
CIS,42,614
CIS,42,615
CIS,42,616
CIS,42,617
CIS,42,618
CIS,42,619
CIS,42,620
CIS,42,621
CIS,42,622
CIS,42,623
CIS,42,624
CIS,42,625
CIS,42,626
CIS,42,627
CIS,42,628
CIS,42,629
CIS,42,630
CIS,42,631
CIS,42,632
CIS,42,633
CIS,42,634
CIS,42,635
CIS,42,636
CIS,42,637
CIS,42,638
CIS,42,639
CIS,42,640
CIS,42,641
CIS,42,642
CIS,42,643
CIS,42,644
CIS,42,645
CIS,42,646
CIS,42,647
CIS,42,648
CIS,42,649
CIS,42,650
CIS,42,651
CIS,42,652
CIS,42,653
CIS,42,654
CIS,42,655
CIS,42,656
CIS,42,657
CIS,42,658
CIS,42,659
CIS,42,660
CIS,42,661
CIS,42,662
CIS,42,663
CIS,42,664
CIS,42,665
CIS,42,666
CIS,42,667
CIS,42,668
CIS,42,669
CIS,42,670
CIS,42,671
CIS,42,672
CIS,42,673
CIS,42,674
CIS,42,675
CIS,42,676
CIS,42,677
CIS,42,678
CIS,42,679
CIS,42,680
CIS,42,681
CIS,42,682
CIS,42,683
CIS,42,684
CIS,42,685
CIS,42,686
CIS,42,687
CIS,42,688
CIS,42,689
CIS,42,690
CIS,42,691
CIS,42,692
CIS,42,693
CIS,42,694
CIS,42,695
CIS,42,696
CIS,42,697
CIS,42,698
CIS,42,699
CIS,42,702
CIS,42,703
CIS,42,704
CIS,42,705
CIS,42,706
CIS,42,707
CIS,42,708
CIS,42,709
CIS,42,710
CIS,42,711
CIS,42,712
CIS,42,713
CIS,42,714
CIS,42,715
CIS,42,716
CIS,42,717
CIS,42,718
CIS,42,719
CIS,42,720
CIS,43,1
CIS,43,2
CIS,43,3
CIS,43,4
CIS,43,418
CIS,43,419
CIS,43,420
CIS,43,421
CIS,43,422
CIS,43,423
CIS,43,424
CIS,43,425
CIS,43,426
CIS,43,427
CIS,43,428
CIS,43,429
CIS,43,430
CIS,43,431
CIS,43,432
CIS,43,433
CIS,43,434
CIS,43,435
CIS,43,436
CIS,43,437
CIS,43,447
CIS,43,448
CIS,43,449
CIS,43,450
CIS,43,451
CIS,43,452
CIS,43,457
CIS,43,458
CIS,43,459
CIS,43,460
CIS,43,463
CIS,43,464
CIS,43,465
CIS,43,466
CIS,43,467
CIS,43,468
CIS,43,469
CIS,43,471
CIS,43,472
CIS,43,473
CIS,43,474
CIS,43,475
CIS,43,476
CIS,43,477
CIS,43,478
CIS,43,479
CIS,43,480
CIS,43,481
CIS,43,482
CIS,43,483
CIS,43,484
CIS,43,485
CIS,43,486
CIS,43,487
CIS,43,488
CIS,43,489
CIS,43,490
CIS,43,491
CIS,43,492
CIS,43,493
CIS,43,494
CIS,43,495
CIS,43,496
CIS,43,498
CIS,43,499
CIS,43,500
CIS,43,501
CIS,43,502
CIS,43,503
CIS,43,504
CIS,43,505
CIS,43,506
CIS,43,507
CIS,43,508
CIS,43,509
CIS,43,510
CIS,43,511
CIS,43,512
CIS,43,513
CIS,43,514
CIS,43,515
CIS,43,516
CIS,43,517
CIS,43,518
CIS,43,519
CIS,43,520
CIS,43,521
CIS,43,522
CIS,43,523
CIS,43,524
CIS,43,525
CIS,43,526
CIS,43,527
CIS,43,528
CIS,43,529
CIS,43,530
CIS,43,531
CIS,43,532
CIS,43,533
CIS,43,534
CIS,43,535
CIS,43,536
CIS,43,537
CIS,43,538
CIS,43,539
CIS,43,540
CIS,43,541
CIS,43,542
CIS,43,543
CIS,43,544
CIS,43,545
CIS,43,546
CIS,43,547
CIS,43,548
CIS,43,549
CIS,43,550
CIS,43,551
CIS,43,552
CIS,43,553
CIS,43,554
CIS,43,555
CIS,43,556
CIS,43,557
CIS,43,558
CIS,43,559
CIS,43,560
CIS,43,561
CIS,43,562
CIS,43,563
CIS,43,564
CIS,43,565
CIS,43,566
CIS,43,567
CIS,43,568
CIS,43,569
CIS,43,570
CIS,43,571
CIS,43,572
CIS,43,573
CIS,43,574
CIS,43,575
CIS,43,576
CIS,43,577
CIS,43,578
CIS,43,579
CIS,43,580
CIS,43,581
CIS,43,582
CIS,43,583
CIS,43,584
CIS,43,585
CIS,43,586
CIS,43,587
CIS,43,588
CIS,43,589
CIS,43,590
CIS,43,591
CIS,43,592
CIS,43,593
CIS,43,594
CIS,43,595
CIS,43,596
CIS,43,597
CIS,43,598
CIS,43,599
CIS,43,600
CIS,43,601
CIS,43,602
CIS,43,603
CIS,43,604
CIS,43,605
CIS,43,606
CIS,43,607
CIS,43,608
CIS,43,609
CIS,43,610
CIS,43,611
CIS,43,612
CIS,43,613
CIS,43,614
CIS,43,615
CIS,43,616
CIS,43,617
CIS,43,618
CIS,43,619
CIS,43,620
CIS,43,621
CIS,43,622
CIS,43,623
CIS,43,624
CIS,43,625
CIS,43,626
CIS,43,627
CIS,43,628
CIS,43,629
CIS,43,630
CIS,43,631
CIS,43,632
CIS,43,633
CIS,43,634
CIS,43,635
CIS,43,636
CIS,43,637
CIS,43,638
CIS,43,639
CIS,43,640
CIS,43,641
CIS,43,642
CIS,43,643
CIS,43,644
CIS,43,645
CIS,43,646
CIS,43,647
CIS,43,648
CIS,43,649
CIS,43,650
CIS,43,651
CIS,43,652
CIS,43,653
CIS,43,654
CIS,43,655
CIS,43,656
CIS,43,657
CIS,43,658
CIS,43,659
CIS,43,660
CIS,43,661
CIS,43,662
CIS,43,663
CIS,43,664
CIS,43,665
CIS,43,666
CIS,43,667
CIS,43,668
CIS,43,669
CIS,43,670
CIS,43,671
CIS,43,672
CIS,43,673
CIS,43,674
CIS,43,675
CIS,43,676
CIS,43,677
CIS,43,678
CIS,43,679
CIS,43,680
CIS,43,681
CIS,43,682
CIS,43,683
CIS,43,684
CIS,43,685
CIS,43,686
CIS,43,687
CIS,43,688
CIS,43,689
CIS,43,690
CIS,43,691
CIS,43,692
CIS,43,693
CIS,43,694
CIS,43,695
CIS,43,696
CIS,43,697
CIS,43,698
CIS,43,699
CIS,43,700
CIS,43,701
CIS,43,702
CIS,43,703
CIS,43,704
CIS,43,705
CIS,43,706
CIS,43,707
CIS,43,708
CIS,43,709
CIS,43,710
CIS,43,711
CIS,43,712
CIS,43,713
CIS,43,714
CIS,43,715
CIS,43,716
CIS,43,717
CIS,43,718
CIS,43,719
CIS,43,720
CIS,44,1
CIS,44,2
CIS,44,3
CIS,44,4
CIS,44,5
CIS,44,6
CIS,44,7
CIS,44,418
CIS,44,419
CIS,44,420
CIS,44,421
CIS,44,422
CIS,44,423
CIS,44,424
CIS,44,425
CIS,44,426
CIS,44,427
CIS,44,428
CIS,44,429
CIS,44,430
CIS,44,431
CIS,44,432
CIS,44,433
CIS,44,434
CIS,44,435
CIS,44,436
CIS,44,437
CIS,44,438
CIS,44,439
CIS,44,440
CIS,44,441
CIS,44,448
CIS,44,449
CIS,44,450
CIS,44,451
CIS,44,452
CIS,44,453
CIS,44,454
CIS,44,460
CIS,44,461
CIS,44,462
CIS,44,463
CIS,44,464
CIS,44,465
CIS,44,466
CIS,44,467
CIS,44,468
CIS,44,469
CIS,44,470
CIS,44,471
CIS,44,472
CIS,44,473
CIS,44,474
CIS,44,475
CIS,44,476
CIS,44,477
CIS,44,478
CIS,44,479
CIS,44,480
CIS,44,481
CIS,44,482
CIS,44,483
CIS,44,484
CIS,44,485
CIS,44,486
CIS,44,487
CIS,44,488
CIS,44,489
CIS,44,490
CIS,44,491
CIS,44,492
CIS,44,493
CIS,44,494
CIS,44,495
CIS,44,496
CIS,44,497
CIS,44,498
CIS,44,499
CIS,44,500
CIS,44,501
CIS,44,502
CIS,44,503
CIS,44,504
CIS,44,505
CIS,44,506
CIS,44,507
CIS,44,508
CIS,44,509
CIS,44,510
CIS,44,511
CIS,44,512
CIS,44,513
CIS,44,514
CIS,44,515
CIS,44,516
CIS,44,517
CIS,44,518
CIS,44,519
CIS,44,520
CIS,44,521
CIS,44,522
CIS,44,523
CIS,44,524
CIS,44,525
CIS,44,526
CIS,44,527
CIS,44,528
CIS,44,529
CIS,44,530
CIS,44,531
CIS,44,532
CIS,44,533
CIS,44,534
CIS,44,535
CIS,44,536
CIS,44,537
CIS,44,538
CIS,44,539
CIS,44,540
CIS,44,541
CIS,44,542
CIS,44,543
CIS,44,544
CIS,44,545
CIS,44,546
CIS,44,547
CIS,44,548
CIS,44,549
CIS,44,550
CIS,44,551
CIS,44,552
CIS,44,553
CIS,44,554
CIS,44,555
CIS,44,556
CIS,44,557
CIS,44,558
CIS,44,559
CIS,44,560
CIS,44,561
CIS,44,562
CIS,44,563
CIS,44,564
CIS,44,565
CIS,44,566
CIS,44,567
CIS,44,568
CIS,44,569
CIS,44,570
CIS,44,571
CIS,44,572
CIS,44,573
CIS,44,574
CIS,44,575
CIS,44,576
CIS,44,577
CIS,44,578
CIS,44,579
CIS,44,580
CIS,44,581
CIS,44,582
CIS,44,583
CIS,44,584
CIS,44,585
CIS,44,586
CIS,44,587
CIS,44,588
CIS,44,589
CIS,44,590
CIS,44,591
CIS,44,592
CIS,44,593
CIS,44,594
CIS,44,595
CIS,44,596
CIS,44,597
CIS,44,598
CIS,44,599
CIS,44,600
CIS,44,601
CIS,44,602
CIS,44,603
CIS,44,604
CIS,44,605
CIS,44,606
CIS,44,607
CIS,44,608
CIS,44,609
CIS,44,610
CIS,44,611
CIS,44,612
CIS,44,613
CIS,44,614
CIS,44,615
CIS,44,616
CIS,44,617
CIS,44,618
CIS,44,619
CIS,44,620
CIS,44,621
CIS,44,622
CIS,44,623
CIS,44,624
CIS,44,625
CIS,44,626
CIS,44,627
CIS,44,628
CIS,44,629
CIS,44,630
CIS,44,631
CIS,44,632
CIS,44,633
CIS,44,634
CIS,44,635
CIS,44,636
CIS,44,637
CIS,44,638
CIS,44,639
CIS,44,640
CIS,44,641
CIS,44,642
CIS,44,643
CIS,44,644
CIS,44,645
CIS,44,646
CIS,44,647
CIS,44,648
CIS,44,649
CIS,44,650
CIS,44,651
CIS,44,652
CIS,44,653
CIS,44,654
CIS,44,655
CIS,44,656
CIS,44,657
CIS,44,658
CIS,44,659
CIS,44,660
CIS,44,661
CIS,44,662
CIS,44,663
CIS,44,664
CIS,44,665
CIS,44,666
CIS,44,667
CIS,44,668
CIS,44,669
CIS,44,670
CIS,44,671
CIS,44,672
CIS,44,673
CIS,44,674
CIS,44,675
CIS,44,676
CIS,44,677
CIS,44,678
CIS,44,679
CIS,44,680
CIS,44,681
CIS,44,682
CIS,44,683
CIS,44,684
CIS,44,685
CIS,44,686
CIS,44,687
CIS,44,688
CIS,44,689
CIS,44,690
CIS,44,691
CIS,44,692
CIS,44,693
CIS,44,694
CIS,44,695
CIS,44,696
CIS,44,697
CIS,44,698
CIS,44,699
CIS,44,700
CIS,44,701
CIS,44,702
CIS,44,703
CIS,44,704
CIS,44,705
CIS,44,706
CIS,44,707
CIS,44,708
CIS,44,709
CIS,44,710
CIS,44,711
CIS,44,712
CIS,44,713
CIS,44,714
CIS,44,715
CIS,44,716
CIS,44,717
CIS,44,718
CIS,44,719
CIS,44,720
CIS,45,1
CIS,45,2
CIS,45,3
CIS,45,4
CIS,45,5
CIS,45,6
CIS,45,7
CIS,45,8
CIS,45,9
CIS,45,10
CIS,45,420
CIS,45,421
CIS,45,422
CIS,45,423
CIS,45,424
CIS,45,425
CIS,45,426
CIS,45,427
CIS,45,428
CIS,45,429
CIS,45,430
CIS,45,431
CIS,45,432
CIS,45,433
CIS,45,434
CIS,45,435
CIS,45,436
CIS,45,437
CIS,45,438
CIS,45,439
CIS,45,440
CIS,45,441
CIS,45,442
CIS,45,443
CIS,45,448
CIS,45,449
CIS,45,450
CIS,45,451
CIS,45,452
CIS,45,453
CIS,45,454
CIS,45,456
CIS,45,457
CIS,45,458
CIS,45,459
CIS,45,460
CIS,45,461
CIS,45,462
CIS,45,463
CIS,45,464
CIS,45,465
CIS,45,466
CIS,45,467
CIS,45,468
CIS,45,469
CIS,45,470
CIS,45,471
CIS,45,472
CIS,45,473
CIS,45,474
CIS,45,475
CIS,45,476
CIS,45,477
CIS,45,478
CIS,45,479
CIS,45,480
CIS,45,481
CIS,45,482
CIS,45,483
CIS,45,484
CIS,45,485
CIS,45,486
CIS,45,487
CIS,45,488
CIS,45,489
CIS,45,490
CIS,45,491
CIS,45,492
CIS,45,493
CIS,45,494
CIS,45,495
CIS,45,496
CIS,45,497
CIS,45,498
CIS,45,499
CIS,45,500
CIS,45,501
CIS,45,502
CIS,45,503
CIS,45,504
CIS,45,505
CIS,45,506
CIS,45,507
CIS,45,509
CIS,45,510
CIS,45,511
CIS,45,512
CIS,45,513
CIS,45,514
CIS,45,515
CIS,45,516
CIS,45,517
CIS,45,518
CIS,45,519
CIS,45,520
CIS,45,521
CIS,45,522
CIS,45,523
CIS,45,524
CIS,45,525
CIS,45,526
CIS,45,527
CIS,45,528
CIS,45,529
CIS,45,530
CIS,45,531
CIS,45,532
CIS,45,533
CIS,45,534
CIS,45,535
CIS,45,536
CIS,45,537
CIS,45,538
CIS,45,539
CIS,45,540
CIS,45,541
CIS,45,542
CIS,45,543
CIS,45,544
CIS,45,545
CIS,45,546
CIS,45,547
CIS,45,548
CIS,45,549
CIS,45,550
CIS,45,551
CIS,45,552
CIS,45,553
CIS,45,554
CIS,45,555
CIS,45,556
CIS,45,557
CIS,45,558
CIS,45,559
CIS,45,560
CIS,45,561
CIS,45,562
CIS,45,563
CIS,45,564
CIS,45,565
CIS,45,566
CIS,45,567
CIS,45,568
CIS,45,569
CIS,45,570
CIS,45,571
CIS,45,572
CIS,45,573
CIS,45,574
CIS,45,575
CIS,45,576
CIS,45,577
CIS,45,578
CIS,45,579
CIS,45,580
CIS,45,581
CIS,45,582
CIS,45,583
CIS,45,584
CIS,45,585
CIS,45,586
CIS,45,587
CIS,45,588
CIS,45,589
CIS,45,590
CIS,45,591
CIS,45,592
CIS,45,593
CIS,45,594
CIS,45,595
CIS,45,596
CIS,45,597
CIS,45,598
CIS,45,599
CIS,45,600
CIS,45,601
CIS,45,602
CIS,45,603
CIS,45,604
CIS,45,605
CIS,45,606
CIS,45,607
CIS,45,608
CIS,45,609
CIS,45,610
CIS,45,611
CIS,45,612
CIS,45,613
CIS,45,614
CIS,45,615
CIS,45,616
CIS,45,617
CIS,45,618
CIS,45,619
CIS,45,620
CIS,45,621
CIS,45,622
CIS,45,623
CIS,45,624
CIS,45,625
CIS,45,626
CIS,45,627
CIS,45,628
CIS,45,629
CIS,45,630
CIS,45,631
CIS,45,632
CIS,45,633
CIS,45,634
CIS,45,635
CIS,45,636
CIS,45,637
CIS,45,638
CIS,45,639
CIS,45,640
CIS,45,641
CIS,45,642
CIS,45,643
CIS,45,644
CIS,45,645
CIS,45,646
CIS,45,647
CIS,45,648
CIS,45,649
CIS,45,650
CIS,45,651
CIS,45,652
CIS,45,653
CIS,45,654
CIS,45,655
CIS,45,656
CIS,45,657
CIS,45,658
CIS,45,659
CIS,45,660
CIS,45,661
CIS,45,662
CIS,45,663
CIS,45,664
CIS,45,665
CIS,45,666
CIS,45,667
CIS,45,668
CIS,45,669
CIS,45,670
CIS,45,671
CIS,45,672
CIS,45,673
CIS,45,674
CIS,45,675
CIS,45,676
CIS,45,677
CIS,45,678
CIS,45,679
CIS,45,680
CIS,45,681
CIS,45,682
CIS,45,683
CIS,45,684
CIS,45,685
CIS,45,686
CIS,45,687
CIS,45,688
CIS,45,689
CIS,45,690
CIS,45,691
CIS,45,692
CIS,45,693
CIS,45,694
CIS,45,695
CIS,45,696
CIS,45,697
CIS,45,698
CIS,45,699
CIS,45,700
CIS,45,701
CIS,45,702
CIS,45,703
CIS,45,704
CIS,45,705
CIS,45,706
CIS,45,707
CIS,45,708
CIS,45,709
CIS,45,710
CIS,45,711
CIS,45,712
CIS,45,713
CIS,45,714
CIS,45,715
CIS,45,716
CIS,45,717
CIS,45,718
CIS,45,719
CIS,45,720
CIS,46,1
CIS,46,2
CIS,46,3
CIS,46,4
CIS,46,5
CIS,46,6
CIS,46,7
CIS,46,8
CIS,46,9
CIS,46,10
CIS,46,11
CIS,46,12
CIS,46,13
CIS,46,14
CIS,46,15
CIS,46,419
CIS,46,420
CIS,46,421
CIS,46,422
CIS,46,423
CIS,46,424
CIS,46,425
CIS,46,426
CIS,46,427
CIS,46,428
CIS,46,429
CIS,46,430
CIS,46,431
CIS,46,432
CIS,46,433
CIS,46,434
CIS,46,435
CIS,46,436
CIS,46,437
CIS,46,438
CIS,46,439
CIS,46,440
CIS,46,441
CIS,46,442
CIS,46,443
CIS,46,448
CIS,46,449
CIS,46,450
CIS,46,451
CIS,46,452
CIS,46,456
CIS,46,457
CIS,46,458
CIS,46,459
CIS,46,460
CIS,46,461
CIS,46,462
CIS,46,463
CIS,46,464
CIS,46,465
CIS,46,466
CIS,46,467
CIS,46,468
CIS,46,469
CIS,46,470
CIS,46,471
CIS,46,472
CIS,46,473
CIS,46,474
CIS,46,475
CIS,46,476
CIS,46,477
CIS,46,478
CIS,46,479
CIS,46,480
CIS,46,481
CIS,46,482
CIS,46,483
CIS,46,484
CIS,46,485
CIS,46,486
CIS,46,487
CIS,46,488
CIS,46,489
CIS,46,490
CIS,46,491
CIS,46,492
CIS,46,493
CIS,46,494
CIS,46,495
CIS,46,496
CIS,46,497
CIS,46,498
CIS,46,499
CIS,46,500
CIS,46,501
CIS,46,502
CIS,46,503
CIS,46,504
CIS,46,505
CIS,46,508
CIS,46,509
CIS,46,510
CIS,46,511
CIS,46,512
CIS,46,513
CIS,46,514
CIS,46,515
CIS,46,516
CIS,46,517
CIS,46,518
CIS,46,519
CIS,46,520
CIS,46,521
CIS,46,522
CIS,46,523
CIS,46,524
CIS,46,525
CIS,46,526
CIS,46,527
CIS,46,528
CIS,46,529
CIS,46,530
CIS,46,531
CIS,46,532
CIS,46,533
CIS,46,534
CIS,46,535
CIS,46,536
CIS,46,537
CIS,46,538
CIS,46,539
CIS,46,540
CIS,46,541
CIS,46,542
CIS,46,543
CIS,46,544
CIS,46,545
CIS,46,546
CIS,46,547
CIS,46,548
CIS,46,549
CIS,46,550
CIS,46,551
CIS,46,552
CIS,46,553
CIS,46,554
CIS,46,555
CIS,46,556
CIS,46,557
CIS,46,558
CIS,46,559
CIS,46,560
CIS,46,561
CIS,46,562
CIS,46,563
CIS,46,564
CIS,46,565
CIS,46,566
CIS,46,567
CIS,46,568
CIS,46,569
CIS,46,570
CIS,46,571
CIS,46,572
CIS,46,573
CIS,46,574
CIS,46,575
CIS,46,576
CIS,46,577
CIS,46,578
CIS,46,579
CIS,46,580
CIS,46,581
CIS,46,582
CIS,46,583
CIS,46,584
CIS,46,585
CIS,46,586
CIS,46,587
CIS,46,588
CIS,46,589
CIS,46,590
CIS,46,591
CIS,46,592
CIS,46,593
CIS,46,594
CIS,46,595
CIS,46,596
CIS,46,597
CIS,46,598
CIS,46,599
CIS,46,600
CIS,46,601
CIS,46,602
CIS,46,603
CIS,46,604
CIS,46,605
CIS,46,606
CIS,46,607
CIS,46,608
CIS,46,609
CIS,46,610
CIS,46,611
CIS,46,612
CIS,46,613
CIS,46,614
CIS,46,615
CIS,46,616
CIS,46,617
CIS,46,618
CIS,46,619
CIS,46,620
CIS,46,621
CIS,46,622
CIS,46,623
CIS,46,624
CIS,46,625
CIS,46,626
CIS,46,627
CIS,46,628
CIS,46,629
CIS,46,630
CIS,46,631
CIS,46,632
CIS,46,633
CIS,46,634
CIS,46,635
CIS,46,636
CIS,46,637
CIS,46,638
CIS,46,639
CIS,46,640
CIS,46,641
CIS,46,642
CIS,46,643
CIS,46,644
CIS,46,645
CIS,46,646
CIS,46,647
CIS,46,648
CIS,46,649
CIS,46,650
CIS,46,651
CIS,46,652
CIS,46,653
CIS,46,654
CIS,46,655
CIS,46,656
CIS,46,657
CIS,46,658
CIS,46,659
CIS,46,660
CIS,46,661
CIS,46,662
CIS,46,663
CIS,46,664
CIS,46,665
CIS,46,666
CIS,46,667
CIS,46,668
CIS,46,669
CIS,46,670
CIS,46,671
CIS,46,672
CIS,46,673
CIS,46,674
CIS,46,675
CIS,46,676
CIS,46,677
CIS,46,678
CIS,46,679
CIS,46,680
CIS,46,681
CIS,46,682
CIS,46,683
CIS,46,684
CIS,46,685
CIS,46,686
CIS,46,687
CIS,46,688
CIS,46,689
CIS,46,690
CIS,46,691
CIS,46,692
CIS,46,693
CIS,46,694
CIS,46,695
CIS,46,696
CIS,46,697
CIS,46,698
CIS,46,699
CIS,46,700
CIS,46,701
CIS,46,702
CIS,46,703
CIS,46,704
CIS,46,705
CIS,46,706
CIS,46,707
CIS,46,708
CIS,46,709
CIS,46,710
CIS,46,711
CIS,46,712
CIS,46,713
CIS,46,714
CIS,46,715
CIS,46,716
CIS,46,717
CIS,46,718
CIS,46,719
CIS,46,720
CIS,47,1
CIS,47,2
CIS,47,3
CIS,47,4
CIS,47,5
CIS,47,6
CIS,47,7
CIS,47,8
CIS,47,9
CIS,47,10
CIS,47,11
CIS,47,12
CIS,47,13
CIS,47,14
CIS,47,15
CIS,47,16
CIS,47,17
CIS,47,18
CIS,47,19
CIS,47,419
CIS,47,420
CIS,47,421
CIS,47,422
CIS,47,423
CIS,47,424
CIS,47,425
CIS,47,426
CIS,47,427
CIS,47,428
CIS,47,429
CIS,47,430
CIS,47,431
CIS,47,432
CIS,47,433
CIS,47,434
CIS,47,435
CIS,47,436
CIS,47,437
CIS,47,438
CIS,47,439
CIS,47,440
CIS,47,441
CIS,47,442
CIS,47,443
CIS,47,445
CIS,47,446
CIS,47,449
CIS,47,450
CIS,47,451
CIS,47,452
CIS,47,453
CIS,47,454
CIS,47,455
CIS,47,456
CIS,47,457
CIS,47,458
CIS,47,459
CIS,47,460
CIS,47,461
CIS,47,462
CIS,47,463
CIS,47,464
CIS,47,465
CIS,47,466
CIS,47,467
CIS,47,468
CIS,47,469
CIS,47,470
CIS,47,471
CIS,47,472
CIS,47,473
CIS,47,474
CIS,47,475
CIS,47,476
CIS,47,477
CIS,47,478
CIS,47,479
CIS,47,480
CIS,47,481
CIS,47,482
CIS,47,483
CIS,47,484
CIS,47,485
CIS,47,486
CIS,47,487
CIS,47,488
CIS,47,489
CIS,47,490
CIS,47,491
CIS,47,492
CIS,47,493
CIS,47,494
CIS,47,495
CIS,47,496
CIS,47,497
CIS,47,498
CIS,47,499
CIS,47,500
CIS,47,501
CIS,47,502
CIS,47,503
CIS,47,504
CIS,47,505
CIS,47,506
CIS,47,507
CIS,47,508
CIS,47,509
CIS,47,510
CIS,47,511
CIS,47,512
CIS,47,513
CIS,47,514
CIS,47,515
CIS,47,516
CIS,47,517
CIS,47,518
CIS,47,519
CIS,47,520
CIS,47,521
CIS,47,522
CIS,47,523
CIS,47,524
CIS,47,525
CIS,47,526
CIS,47,527
CIS,47,528
CIS,47,529
CIS,47,530
CIS,47,531
CIS,47,532
CIS,47,533
CIS,47,534
CIS,47,535
CIS,47,536
CIS,47,537
CIS,47,538
CIS,47,539
CIS,47,540
CIS,47,541
CIS,47,542
CIS,47,543
CIS,47,544
CIS,47,545
CIS,47,546
CIS,47,547
CIS,47,548
CIS,47,549
CIS,47,550
CIS,47,551
CIS,47,552
CIS,47,553
CIS,47,554
CIS,47,555
CIS,47,556
CIS,47,557
CIS,47,558
CIS,47,559
CIS,47,560
CIS,47,561
CIS,47,562
CIS,47,563
CIS,47,564
CIS,47,565
CIS,47,566
CIS,47,567
CIS,47,568
CIS,47,569
CIS,47,570
CIS,47,571
CIS,47,572
CIS,47,573
CIS,47,574
CIS,47,575
CIS,47,576
CIS,47,577
CIS,47,578
CIS,47,579
CIS,47,580
CIS,47,581
CIS,47,582
CIS,47,583
CIS,47,584
CIS,47,585
CIS,47,586
CIS,47,587
CIS,47,588
CIS,47,589
CIS,47,590
CIS,47,591
CIS,47,592
CIS,47,593
CIS,47,594
CIS,47,595
CIS,47,596
CIS,47,597
CIS,47,598
CIS,47,599
CIS,47,600
CIS,47,601
CIS,47,602
CIS,47,603
CIS,47,604
CIS,47,605
CIS,47,606
CIS,47,607
CIS,47,608
CIS,47,609
CIS,47,610
CIS,47,611
CIS,47,612
CIS,47,613
CIS,47,614
CIS,47,615
CIS,47,616
CIS,47,617
CIS,47,618
CIS,47,619
CIS,47,620
CIS,47,621
CIS,47,622
CIS,47,623
CIS,47,624
CIS,47,625
CIS,47,626
CIS,47,627
CIS,47,628
CIS,47,629
CIS,47,630
CIS,47,631
CIS,47,632
CIS,47,633
CIS,47,634
CIS,47,635
CIS,47,636
CIS,47,637
CIS,47,638
CIS,47,639
CIS,47,640
CIS,47,641
CIS,47,642
CIS,47,643
CIS,47,644
CIS,47,645
CIS,47,646
CIS,47,647
CIS,47,648
CIS,47,649
CIS,47,650
CIS,47,651
CIS,47,652
CIS,47,653
CIS,47,654
CIS,47,655
CIS,47,656
CIS,47,657
CIS,47,658
CIS,47,659
CIS,47,660
CIS,47,661
CIS,47,662
CIS,47,663
CIS,47,664
CIS,47,665
CIS,47,666
CIS,47,667
CIS,47,668
CIS,47,669
CIS,47,670
CIS,47,671
CIS,47,672
CIS,47,673
CIS,47,674
CIS,47,675
CIS,47,676
CIS,47,677
CIS,47,678
CIS,47,679
CIS,47,680
CIS,47,681
CIS,47,682
CIS,47,683
CIS,47,684
CIS,47,685
CIS,47,686
CIS,47,687
CIS,47,688
CIS,47,689
CIS,47,690
CIS,47,691
CIS,47,692
CIS,47,693
CIS,47,694
CIS,47,695
CIS,47,696
CIS,47,697
CIS,47,698
CIS,47,699
CIS,47,700
CIS,47,701
CIS,47,702
CIS,47,703
CIS,47,704
CIS,47,705
CIS,47,706
CIS,47,707
CIS,47,708
CIS,47,709
CIS,47,710
CIS,47,711
CIS,47,712
CIS,47,713
CIS,47,714
CIS,47,715
CIS,47,716
CIS,47,717
CIS,47,718
CIS,47,719
CIS,47,720
CIS,48,1
CIS,48,2
CIS,48,3
CIS,48,4
CIS,48,5
CIS,48,6
CIS,48,7
CIS,48,8
CIS,48,9
CIS,48,10
CIS,48,11
CIS,48,12
CIS,48,13
CIS,48,14
CIS,48,15
CIS,48,16
CIS,48,17
CIS,48,18
CIS,48,19
CIS,48,20
CIS,48,21
CIS,48,420
CIS,48,421
CIS,48,422
CIS,48,423
CIS,48,424
CIS,48,425
CIS,48,426
CIS,48,427
CIS,48,428
CIS,48,429
CIS,48,430
CIS,48,431
CIS,48,432
CIS,48,433
CIS,48,434
CIS,48,435
CIS,48,436
CIS,48,437
CIS,48,438
CIS,48,439
CIS,48,440
CIS,48,441
CIS,48,442
CIS,48,443
CIS,48,444
CIS,48,445
CIS,48,446
CIS,48,447
CIS,48,448
CIS,48,449
CIS,48,450
CIS,48,451
CIS,48,452
CIS,48,453
CIS,48,454
CIS,48,455
CIS,48,456
CIS,48,457
CIS,48,458
CIS,48,459
CIS,48,460
CIS,48,461
CIS,48,462
CIS,48,463
CIS,48,464
CIS,48,465
CIS,48,466
CIS,48,467
CIS,48,468
CIS,48,469
CIS,48,470
CIS,48,471
CIS,48,472
CIS,48,473
CIS,48,474
CIS,48,475
CIS,48,476
CIS,48,477
CIS,48,478
CIS,48,479
CIS,48,480
CIS,48,481
CIS,48,482
CIS,48,483
CIS,48,484
CIS,48,485
CIS,48,486
CIS,48,487
CIS,48,488
CIS,48,489
CIS,48,490
CIS,48,491
CIS,48,492
CIS,48,493
CIS,48,494
CIS,48,495
CIS,48,496
CIS,48,497
CIS,48,498
CIS,48,499
CIS,48,500
CIS,48,501
CIS,48,502
CIS,48,503
CIS,48,504
CIS,48,505
CIS,48,506
CIS,48,507
CIS,48,508
CIS,48,509
CIS,48,510
CIS,48,511
CIS,48,512
CIS,48,513
CIS,48,514
CIS,48,515
CIS,48,516
CIS,48,517
CIS,48,518
CIS,48,519
CIS,48,520
CIS,48,521
CIS,48,522
CIS,48,523
CIS,48,524
CIS,48,525
CIS,48,526
CIS,48,527
CIS,48,528
CIS,48,529
CIS,48,530
CIS,48,531
CIS,48,532
CIS,48,533
CIS,48,534
CIS,48,535
CIS,48,536
CIS,48,537
CIS,48,538
CIS,48,539
CIS,48,540
CIS,48,541
CIS,48,542
CIS,48,543
CIS,48,544
CIS,48,545
CIS,48,546
CIS,48,547
CIS,48,548
CIS,48,549
CIS,48,550
CIS,48,551
CIS,48,552
CIS,48,553
CIS,48,554
CIS,48,555
CIS,48,556
CIS,48,557
CIS,48,558
CIS,48,559
CIS,48,560
CIS,48,561
CIS,48,562
CIS,48,563
CIS,48,564
CIS,48,565
CIS,48,566
CIS,48,567
CIS,48,568
CIS,48,569
CIS,48,570
CIS,48,571
CIS,48,572
CIS,48,573
CIS,48,574
CIS,48,575
CIS,48,576
CIS,48,577
CIS,48,578
CIS,48,579
CIS,48,580
CIS,48,581
CIS,48,582
CIS,48,583
CIS,48,584
CIS,48,585
CIS,48,586
CIS,48,587
CIS,48,588
CIS,48,589
CIS,48,590
CIS,48,591
CIS,48,592
CIS,48,593
CIS,48,594
CIS,48,595
CIS,48,596
CIS,48,597
CIS,48,598
CIS,48,599
CIS,48,600
CIS,48,601
CIS,48,602
CIS,48,603
CIS,48,604
CIS,48,605
CIS,48,606
CIS,48,607
CIS,48,608
CIS,48,609
CIS,48,610
CIS,48,611
CIS,48,612
CIS,48,613
CIS,48,614
CIS,48,615
CIS,48,616
CIS,48,617
CIS,48,618
CIS,48,619
CIS,48,620
CIS,48,621
CIS,48,622
CIS,48,623
CIS,48,624
CIS,48,625
CIS,48,626
CIS,48,627
CIS,48,628
CIS,48,629
CIS,48,630
CIS,48,631
CIS,48,632
CIS,48,633
CIS,48,634
CIS,48,635
CIS,48,636
CIS,48,637
CIS,48,638
CIS,48,639
CIS,48,640
CIS,48,641
CIS,48,642
CIS,48,643
CIS,48,644
CIS,48,645
CIS,48,646
CIS,48,647
CIS,48,648
CIS,48,649
CIS,48,650
CIS,48,651
CIS,48,652
CIS,48,653
CIS,48,654
CIS,48,655
CIS,48,656
CIS,48,657
CIS,48,658
CIS,48,659
CIS,48,660
CIS,48,661
CIS,48,662
CIS,48,663
CIS,48,664
CIS,48,665
CIS,48,666
CIS,48,667
CIS,48,668
CIS,48,669
CIS,48,670
CIS,48,671
CIS,48,672
CIS,48,673
CIS,48,674
CIS,48,675
CIS,48,676
CIS,48,677
CIS,48,678
CIS,48,679
CIS,48,680
CIS,48,681
CIS,48,682
CIS,48,683
CIS,48,684
CIS,48,685
CIS,48,686
CIS,48,687
CIS,48,688
CIS,48,689
CIS,48,690
CIS,48,691
CIS,48,692
CIS,48,693
CIS,48,694
CIS,48,695
CIS,48,696
CIS,48,697
CIS,48,698
CIS,48,699
CIS,48,700
CIS,48,701
CIS,48,702
CIS,48,703
CIS,48,704
CIS,48,705
CIS,48,706
CIS,48,707
CIS,48,708
CIS,48,709
CIS,48,710
CIS,48,711
CIS,48,712
CIS,48,713
CIS,48,714
CIS,48,715
CIS,48,716
CIS,48,717
CIS,48,718
CIS,48,719
CIS,48,720
CIS,49,1
CIS,49,2
CIS,49,3
CIS,49,4
CIS,49,5
CIS,49,6
CIS,49,7
CIS,49,8
CIS,49,9
CIS,49,10
CIS,49,11
CIS,49,12
CIS,49,13
CIS,49,14
CIS,49,15
CIS,49,16
CIS,49,17
CIS,49,18
CIS,49,19
CIS,49,20
CIS,49,22
CIS,49,420
CIS,49,421
CIS,49,422
CIS,49,423
CIS,49,424
CIS,49,425
CIS,49,426
CIS,49,427
CIS,49,428
CIS,49,429
CIS,49,430
CIS,49,440
CIS,49,441
CIS,49,442
CIS,49,443
CIS,49,444
CIS,49,445
CIS,49,446
CIS,49,447
CIS,49,448
CIS,49,449
CIS,49,450
CIS,49,451
CIS,49,452
CIS,49,453
CIS,49,454
CIS,49,455
CIS,49,456
CIS,49,457
CIS,49,458
CIS,49,459
CIS,49,460
CIS,49,461
CIS,49,462
CIS,49,463
CIS,49,464
CIS,49,465
CIS,49,466
CIS,49,467
CIS,49,468
CIS,49,469
CIS,49,470
CIS,49,471
CIS,49,472
CIS,49,473
CIS,49,474
CIS,49,475
CIS,49,476
CIS,49,477
CIS,49,478
CIS,49,479
CIS,49,480
CIS,49,481
CIS,49,482
CIS,49,483
CIS,49,484
CIS,49,485
CIS,49,486
CIS,49,487
CIS,49,488
CIS,49,489
CIS,49,490
CIS,49,491
CIS,49,492
CIS,49,493
CIS,49,494
CIS,49,495
CIS,49,496
CIS,49,497
CIS,49,498
CIS,49,499
CIS,49,500
CIS,49,501
CIS,49,502
CIS,49,503
CIS,49,504
CIS,49,505
CIS,49,506
CIS,49,507
CIS,49,508
CIS,49,509
CIS,49,510
CIS,49,511
CIS,49,512
CIS,49,513
CIS,49,514
CIS,49,515
CIS,49,516
CIS,49,517
CIS,49,518
CIS,49,519
CIS,49,520
CIS,49,521
CIS,49,522
CIS,49,523
CIS,49,524
CIS,49,525
CIS,49,526
CIS,49,527
CIS,49,528
CIS,49,529
CIS,49,530
CIS,49,531
CIS,49,532
CIS,49,533
CIS,49,534
CIS,49,535
CIS,49,536
CIS,49,537
CIS,49,538
CIS,49,539
CIS,49,540
CIS,49,541
CIS,49,542
CIS,49,543
CIS,49,544
CIS,49,545
CIS,49,546
CIS,49,547
CIS,49,548
CIS,49,549
CIS,49,550
CIS,49,551
CIS,49,552
CIS,49,553
CIS,49,554
CIS,49,555
CIS,49,556
CIS,49,557
CIS,49,558
CIS,49,559
CIS,49,560
CIS,49,561
CIS,49,562
CIS,49,563
CIS,49,564
CIS,49,565
CIS,49,566
CIS,49,567
CIS,49,568
CIS,49,569
CIS,49,570
CIS,49,571
CIS,49,572
CIS,49,573
CIS,49,574
CIS,49,575
CIS,49,576
CIS,49,577
CIS,49,578
CIS,49,579
CIS,49,580
CIS,49,581
CIS,49,582
CIS,49,583
CIS,49,584
CIS,49,585
CIS,49,586
CIS,49,587
CIS,49,588
CIS,49,589
CIS,49,590
CIS,49,591
CIS,49,592
CIS,49,593
CIS,49,594
CIS,49,595
CIS,49,596
CIS,49,597
CIS,49,598
CIS,49,599
CIS,49,600
CIS,49,601
CIS,49,602
CIS,49,603
CIS,49,604
CIS,49,605
CIS,49,606
CIS,49,607
CIS,49,608
CIS,49,609
CIS,49,610
CIS,49,611
CIS,49,612
CIS,49,613
CIS,49,614
CIS,49,615
CIS,49,616
CIS,49,617
CIS,49,618
CIS,49,619
CIS,49,620
CIS,49,621
CIS,49,622
CIS,49,623
CIS,49,624
CIS,49,625
CIS,49,626
CIS,49,627
CIS,49,628
CIS,49,629
CIS,49,630
CIS,49,631
CIS,49,632
CIS,49,633
CIS,49,634
CIS,49,635
CIS,49,636
CIS,49,637
CIS,49,638
CIS,49,639
CIS,49,640
CIS,49,641
CIS,49,642
CIS,49,643
CIS,49,644
CIS,49,645
CIS,49,646
CIS,49,647
CIS,49,648
CIS,49,649
CIS,49,650
CIS,49,651
CIS,49,652
CIS,49,653
CIS,49,654
CIS,49,655
CIS,49,656
CIS,49,657
CIS,49,658
CIS,49,659
CIS,49,660
CIS,49,661
CIS,49,662
CIS,49,663
CIS,49,664
CIS,49,665
CIS,49,666
CIS,49,667
CIS,49,668
CIS,49,669
CIS,49,670
CIS,49,671
CIS,49,672
CIS,49,673
CIS,49,674
CIS,49,675
CIS,49,676
CIS,49,677
CIS,49,678
CIS,49,679
CIS,49,680
CIS,49,681
CIS,49,682
CIS,49,683
CIS,49,684
CIS,49,685
CIS,49,686
CIS,49,687
CIS,49,688
CIS,49,689
CIS,49,690
CIS,49,691
CIS,49,692
CIS,49,693
CIS,49,694
CIS,49,695
CIS,49,696
CIS,49,697
CIS,49,698
CIS,49,699
CIS,49,700
CIS,49,701
CIS,49,702
CIS,49,703
CIS,49,704
CIS,49,705
CIS,49,706
CIS,49,707
CIS,49,708
CIS,49,709
CIS,49,710
CIS,49,711
CIS,49,712
CIS,49,713
CIS,49,714
CIS,49,715
CIS,49,716
CIS,49,717
CIS,49,718
CIS,49,719
CIS,49,720
CIS,50,1
CIS,50,2
CIS,50,4
CIS,50,5
CIS,50,6
CIS,50,9
CIS,50,10
CIS,50,11
CIS,50,12
CIS,50,13
CIS,50,14
CIS,50,15
CIS,50,16
CIS,50,420
CIS,50,421
CIS,50,422
CIS,50,423
CIS,50,424
CIS,50,425
CIS,50,426
CIS,50,427
CIS,50,428
CIS,50,429
CIS,50,430
CIS,50,432
CIS,50,433
CIS,50,434
CIS,50,435
CIS,50,436
CIS,50,440
CIS,50,441
CIS,50,442
CIS,50,443
CIS,50,444
CIS,50,445
CIS,50,446
CIS,50,447
CIS,50,448
CIS,50,449
CIS,50,450
CIS,50,451
CIS,50,452
CIS,50,453
CIS,50,454
CIS,50,455
CIS,50,456
CIS,50,457
CIS,50,458
CIS,50,459
CIS,50,460
CIS,50,461
CIS,50,462
CIS,50,463
CIS,50,464
CIS,50,465
CIS,50,466
CIS,50,467
CIS,50,468
CIS,50,469
CIS,50,470
CIS,50,471
CIS,50,472
CIS,50,473
CIS,50,474
CIS,50,475
CIS,50,476
CIS,50,477
CIS,50,478
CIS,50,479
CIS,50,480
CIS,50,481
CIS,50,482
CIS,50,483
CIS,50,484
CIS,50,485
CIS,50,486
CIS,50,487
CIS,50,488
CIS,50,489
CIS,50,490
CIS,50,491
CIS,50,492
CIS,50,493
CIS,50,494
CIS,50,495
CIS,50,496
CIS,50,497
CIS,50,498
CIS,50,499
CIS,50,500
CIS,50,501
CIS,50,502
CIS,50,503
CIS,50,504
CIS,50,505
CIS,50,506
CIS,50,507
CIS,50,508
CIS,50,509
CIS,50,510
CIS,50,511
CIS,50,512
CIS,50,513
CIS,50,514
CIS,50,515
CIS,50,516
CIS,50,517
CIS,50,518
CIS,50,519
CIS,50,520
CIS,50,521
CIS,50,522
CIS,50,523
CIS,50,524
CIS,50,525
CIS,50,526
CIS,50,527
CIS,50,528
CIS,50,529
CIS,50,530
CIS,50,531
CIS,50,532
CIS,50,533
CIS,50,534
CIS,50,535
CIS,50,536
CIS,50,537
CIS,50,538
CIS,50,539
CIS,50,540
CIS,50,541
CIS,50,542
CIS,50,543
CIS,50,544
CIS,50,545
CIS,50,546
CIS,50,547
CIS,50,548
CIS,50,549
CIS,50,550
CIS,50,551
CIS,50,552
CIS,50,553
CIS,50,554
CIS,50,555
CIS,50,556
CIS,50,557
CIS,50,558
CIS,50,559
CIS,50,560
CIS,50,561
CIS,50,562
CIS,50,563
CIS,50,564
CIS,50,565
CIS,50,566
CIS,50,567
CIS,50,568
CIS,50,569
CIS,50,570
CIS,50,571
CIS,50,572
CIS,50,573
CIS,50,574
CIS,50,575
CIS,50,576
CIS,50,577
CIS,50,578
CIS,50,579
CIS,50,580
CIS,50,581
CIS,50,582
CIS,50,583
CIS,50,584
CIS,50,585
CIS,50,586
CIS,50,587
CIS,50,588
CIS,50,589
CIS,50,590
CIS,50,591
CIS,50,592
CIS,50,593
CIS,50,594
CIS,50,595
CIS,50,596
CIS,50,597
CIS,50,598
CIS,50,599
CIS,50,600
CIS,50,601
CIS,50,602
CIS,50,603
CIS,50,604
CIS,50,605
CIS,50,606
CIS,50,607
CIS,50,608
CIS,50,609
CIS,50,610
CIS,50,611
CIS,50,612
CIS,50,613
CIS,50,614
CIS,50,615
CIS,50,616
CIS,50,617
CIS,50,618
CIS,50,619
CIS,50,620
CIS,50,621
CIS,50,622
CIS,50,623
CIS,50,624
CIS,50,625
CIS,50,626
CIS,50,627
CIS,50,628
CIS,50,629
CIS,50,630
CIS,50,631
CIS,50,632
CIS,50,633
CIS,50,634
CIS,50,635
CIS,50,636
CIS,50,637
CIS,50,638
CIS,50,639
CIS,50,640
CIS,50,641
CIS,50,642
CIS,50,643
CIS,50,644
CIS,50,645
CIS,50,646
CIS,50,647
CIS,50,648
CIS,50,649
CIS,50,650
CIS,50,651
CIS,50,652
CIS,50,653
CIS,50,654
CIS,50,655
CIS,50,656
CIS,50,657
CIS,50,658
CIS,50,659
CIS,50,660
CIS,50,661
CIS,50,662
CIS,50,663
CIS,50,664
CIS,50,665
CIS,50,666
CIS,50,667
CIS,50,668
CIS,50,669
CIS,50,670
CIS,50,671
CIS,50,672
CIS,50,673
CIS,50,674
CIS,50,675
CIS,50,676
CIS,50,677
CIS,50,678
CIS,50,679
CIS,50,680
CIS,50,681
CIS,50,682
CIS,50,683
CIS,50,684
CIS,50,685
CIS,50,686
CIS,50,687
CIS,50,688
CIS,50,689
CIS,50,690
CIS,50,691
CIS,50,692
CIS,50,693
CIS,50,694
CIS,50,695
CIS,50,696
CIS,50,697
CIS,50,698
CIS,50,699
CIS,50,700
CIS,50,701
CIS,50,702
CIS,50,703
CIS,50,704
CIS,50,705
CIS,50,706
CIS,50,707
CIS,50,708
CIS,50,709
CIS,50,710
CIS,50,711
CIS,50,712
CIS,50,713
CIS,50,714
CIS,50,715
CIS,50,716
CIS,50,717
CIS,50,718
CIS,50,719
CIS,50,720
CIS,51,9
CIS,51,10
CIS,51,11
CIS,51,12
CIS,51,13
CIS,51,14
CIS,51,15
CIS,51,16
CIS,51,420
CIS,51,421
CIS,51,422
CIS,51,423
CIS,51,424
CIS,51,425
CIS,51,426
CIS,51,427
CIS,51,428
CIS,51,429
CIS,51,430
CIS,51,431
CIS,51,434
CIS,51,435
CIS,51,436
CIS,51,437
CIS,51,438
CIS,51,439
CIS,51,440
CIS,51,441
CIS,51,442
CIS,51,443
CIS,51,444
CIS,51,445
CIS,51,446
CIS,51,447
CIS,51,448
CIS,51,449
CIS,51,450
CIS,51,451
CIS,51,452
CIS,51,453
CIS,51,454
CIS,51,455
CIS,51,456
CIS,51,457
CIS,51,458
CIS,51,459
CIS,51,460
CIS,51,461
CIS,51,462
CIS,51,463
CIS,51,464
CIS,51,465
CIS,51,466
CIS,51,467
CIS,51,468
CIS,51,469
CIS,51,470
CIS,51,471
CIS,51,472
CIS,51,473
CIS,51,474
CIS,51,475
CIS,51,476
CIS,51,477
CIS,51,478
CIS,51,479
CIS,51,480
CIS,51,481
CIS,51,482
CIS,51,483
CIS,51,484
CIS,51,485
CIS,51,486
CIS,51,487
CIS,51,488
CIS,51,489
CIS,51,490
CIS,51,491
CIS,51,492
CIS,51,493
CIS,51,494
CIS,51,495
CIS,51,496
CIS,51,497
CIS,51,498
CIS,51,499
CIS,51,500
CIS,51,501
CIS,51,502
CIS,51,503
CIS,51,504
CIS,51,505
CIS,51,506
CIS,51,507
CIS,51,508
CIS,51,509
CIS,51,510
CIS,51,511
CIS,51,512
CIS,51,513
CIS,51,514
CIS,51,515
CIS,51,516
CIS,51,517
CIS,51,518
CIS,51,519
CIS,51,520
CIS,51,521
CIS,51,522
CIS,51,523
CIS,51,524
CIS,51,525
CIS,51,526
CIS,51,527
CIS,51,528
CIS,51,529
CIS,51,530
CIS,51,531
CIS,51,532
CIS,51,533
CIS,51,534
CIS,51,535
CIS,51,536
CIS,51,537
CIS,51,538
CIS,51,539
CIS,51,540
CIS,51,541
CIS,51,542
CIS,51,543
CIS,51,544
CIS,51,545
CIS,51,546
CIS,51,547
CIS,51,548
CIS,51,549
CIS,51,550
CIS,51,551
CIS,51,552
CIS,51,553
CIS,51,554
CIS,51,555
CIS,51,556
CIS,51,557
CIS,51,558
CIS,51,559
CIS,51,560
CIS,51,561
CIS,51,562
CIS,51,563
CIS,51,564
CIS,51,565
CIS,51,566
CIS,51,567
CIS,51,568
CIS,51,569
CIS,51,570
CIS,51,571
CIS,51,572
CIS,51,573
CIS,51,574
CIS,51,575
CIS,51,576
CIS,51,577
CIS,51,578
CIS,51,579
CIS,51,580
CIS,51,581
CIS,51,582
CIS,51,583
CIS,51,584
CIS,51,585
CIS,51,586
CIS,51,587
CIS,51,588
CIS,51,589
CIS,51,590
CIS,51,591
CIS,51,592
CIS,51,593
CIS,51,594
CIS,51,595
CIS,51,596
CIS,51,597
CIS,51,598
CIS,51,599
CIS,51,600
CIS,51,601
CIS,51,602
CIS,51,603
CIS,51,604
CIS,51,605
CIS,51,606
CIS,51,607
CIS,51,608
CIS,51,609
CIS,51,610
CIS,51,611
CIS,51,612
CIS,51,613
CIS,51,614
CIS,51,615
CIS,51,616
CIS,51,617
CIS,51,618
CIS,51,619
CIS,51,620
CIS,51,621
CIS,51,622
CIS,51,623
CIS,51,624
CIS,51,625
CIS,51,626
CIS,51,627
CIS,51,628
CIS,51,629
CIS,51,630
CIS,51,631
CIS,51,632
CIS,51,633
CIS,51,634
CIS,51,635
CIS,51,636
CIS,51,637
CIS,51,638
CIS,51,639
CIS,51,640
CIS,51,641
CIS,51,642
CIS,51,643
CIS,51,644
CIS,51,645
CIS,51,646
CIS,51,647
CIS,51,648
CIS,51,649
CIS,51,650
CIS,51,651
CIS,51,652
CIS,51,653
CIS,51,654
CIS,51,655
CIS,51,656
CIS,51,657
CIS,51,658
CIS,51,659
CIS,51,660
CIS,51,661
CIS,51,662
CIS,51,663
CIS,51,664
CIS,51,665
CIS,51,666
CIS,51,667
CIS,51,668
CIS,51,669
CIS,51,670
CIS,51,671
CIS,51,672
CIS,51,673
CIS,51,674
CIS,51,675
CIS,51,676
CIS,51,677
CIS,51,678
CIS,51,679
CIS,51,680
CIS,51,681
CIS,51,682
CIS,51,683
CIS,51,684
CIS,51,685
CIS,51,686
CIS,51,687
CIS,51,688
CIS,51,689
CIS,51,690
CIS,51,691
CIS,51,692
CIS,51,693
CIS,51,694
CIS,51,695
CIS,51,696
CIS,51,697
CIS,51,698
CIS,51,699
CIS,51,700
CIS,51,701
CIS,51,702
CIS,51,703
CIS,51,704
CIS,51,705
CIS,51,706
CIS,51,707
CIS,51,708
CIS,51,709
CIS,51,710
CIS,51,711
CIS,51,712
CIS,51,713
CIS,51,714
CIS,51,715
CIS,51,716
CIS,51,717
CIS,51,718
CIS,51,719
CIS,51,720
CIS,52,13
CIS,52,14
CIS,52,15
CIS,52,16
CIS,52,421
CIS,52,422
CIS,52,423
CIS,52,424
CIS,52,425
CIS,52,426
CIS,52,427
CIS,52,428
CIS,52,429
CIS,52,430
CIS,52,431
CIS,52,432
CIS,52,433
CIS,52,435
CIS,52,436
CIS,52,437
CIS,52,438
CIS,52,439
CIS,52,440
CIS,52,441
CIS,52,442
CIS,52,443
CIS,52,444
CIS,52,445
CIS,52,446
CIS,52,447
CIS,52,448
CIS,52,449
CIS,52,450
CIS,52,451
CIS,52,452
CIS,52,453
CIS,52,454
CIS,52,455
CIS,52,456
CIS,52,457
CIS,52,458
CIS,52,459
CIS,52,460
CIS,52,461
CIS,52,462
CIS,52,463
CIS,52,464
CIS,52,465
CIS,52,466
CIS,52,467
CIS,52,468
CIS,52,469
CIS,52,470
CIS,52,471
CIS,52,472
CIS,52,473
CIS,52,474
CIS,52,475
CIS,52,476
CIS,52,477
CIS,52,478
CIS,52,479
CIS,52,480
CIS,52,481
CIS,52,482
CIS,52,483
CIS,52,484
CIS,52,485
CIS,52,486
CIS,52,487
CIS,52,488
CIS,52,489
CIS,52,490
CIS,52,491
CIS,52,492
CIS,52,493
CIS,52,494
CIS,52,495
CIS,52,496
CIS,52,497
CIS,52,498
CIS,52,499
CIS,52,500
CIS,52,501
CIS,52,502
CIS,52,503
CIS,52,504
CIS,52,505
CIS,52,506
CIS,52,507
CIS,52,508
CIS,52,509
CIS,52,510
CIS,52,511
CIS,52,512
CIS,52,513
CIS,52,514
CIS,52,515
CIS,52,516
CIS,52,517
CIS,52,518
CIS,52,519
CIS,52,520
CIS,52,521
CIS,52,522
CIS,52,523
CIS,52,524
CIS,52,525
CIS,52,526
CIS,52,527
CIS,52,528
CIS,52,529
CIS,52,530
CIS,52,531
CIS,52,532
CIS,52,533
CIS,52,534
CIS,52,535
CIS,52,536
CIS,52,537
CIS,52,538
CIS,52,539
CIS,52,540
CIS,52,541
CIS,52,542
CIS,52,543
CIS,52,544
CIS,52,545
CIS,52,546
CIS,52,547
CIS,52,548
CIS,52,549
CIS,52,550
CIS,52,551
CIS,52,552
CIS,52,553
CIS,52,554
CIS,52,555
CIS,52,556
CIS,52,557
CIS,52,558
CIS,52,559
CIS,52,560
CIS,52,561
CIS,52,562
CIS,52,563
CIS,52,564
CIS,52,565
CIS,52,566
CIS,52,567
CIS,52,568
CIS,52,569
CIS,52,570
CIS,52,571
CIS,52,572
CIS,52,573
CIS,52,574
CIS,52,575
CIS,52,576
CIS,52,577
CIS,52,578
CIS,52,579
CIS,52,580
CIS,52,581
CIS,52,582
CIS,52,583
CIS,52,584
CIS,52,585
CIS,52,586
CIS,52,587
CIS,52,588
CIS,52,589
CIS,52,590
CIS,52,591
CIS,52,592
CIS,52,593
CIS,52,594
CIS,52,595
CIS,52,596
CIS,52,597
CIS,52,598
CIS,52,599
CIS,52,600
CIS,52,601
CIS,52,602
CIS,52,603
CIS,52,604
CIS,52,605
CIS,52,606
CIS,52,607
CIS,52,608
CIS,52,609
CIS,52,610
CIS,52,611
CIS,52,612
CIS,52,613
CIS,52,614
CIS,52,615
CIS,52,616
CIS,52,617
CIS,52,618
CIS,52,619
CIS,52,620
CIS,52,621
CIS,52,622
CIS,52,623
CIS,52,624
CIS,52,625
CIS,52,626
CIS,52,627
CIS,52,628
CIS,52,629
CIS,52,630
CIS,52,631
CIS,52,632
CIS,52,633
CIS,52,634
CIS,52,635
CIS,52,636
CIS,52,637
CIS,52,638
CIS,52,639
CIS,52,640
CIS,52,641
CIS,52,642
CIS,52,643
CIS,52,644
CIS,52,645
CIS,52,646
CIS,52,647
CIS,52,648
CIS,52,649
CIS,52,650
CIS,52,651
CIS,52,652
CIS,52,653
CIS,52,654
CIS,52,655
CIS,52,656
CIS,52,657
CIS,52,658
CIS,52,659
CIS,52,660
CIS,52,661
CIS,52,662
CIS,52,663
CIS,52,664
CIS,52,665
CIS,52,666
CIS,52,667
CIS,52,668
CIS,52,669
CIS,52,670
CIS,52,671
CIS,52,672
CIS,52,673
CIS,52,674
CIS,52,675
CIS,52,676
CIS,52,677
CIS,52,678
CIS,52,679
CIS,52,680
CIS,52,681
CIS,52,682
CIS,52,683
CIS,52,684
CIS,52,685
CIS,52,686
CIS,52,687
CIS,52,688
CIS,52,689
CIS,52,690
CIS,52,691
CIS,52,692
CIS,52,693
CIS,52,694
CIS,52,695
CIS,52,696
CIS,52,697
CIS,52,698
CIS,52,699
CIS,52,700
CIS,52,701
CIS,52,702
CIS,52,703
CIS,52,704
CIS,52,705
CIS,52,706
CIS,52,707
CIS,52,708
CIS,52,709
CIS,52,710
CIS,52,711
CIS,52,712
CIS,52,713
CIS,52,714
CIS,52,715
CIS,52,716
CIS,52,717
CIS,52,718
CIS,53,421
CIS,53,422
CIS,53,423
CIS,53,424
CIS,53,425
CIS,53,426
CIS,53,427
CIS,53,428
CIS,53,429
CIS,53,430
CIS,53,431
CIS,53,432
CIS,53,433
CIS,53,434
CIS,53,435
CIS,53,436
CIS,53,437
CIS,53,438
CIS,53,439
CIS,53,440
CIS,53,441
CIS,53,442
CIS,53,443
CIS,53,444
CIS,53,445
CIS,53,446
CIS,53,447
CIS,53,448
CIS,53,449
CIS,53,450
CIS,53,451
CIS,53,452
CIS,53,453
CIS,53,454
CIS,53,455
CIS,53,456
CIS,53,457
CIS,53,458
CIS,53,459
CIS,53,460
CIS,53,461
CIS,53,462
CIS,53,463
CIS,53,464
CIS,53,465
CIS,53,466
CIS,53,467
CIS,53,468
CIS,53,469
CIS,53,470
CIS,53,471
CIS,53,472
CIS,53,473
CIS,53,474
CIS,53,475
CIS,53,476
CIS,53,477
CIS,53,478
CIS,53,479
CIS,53,480
CIS,53,481
CIS,53,482
CIS,53,483
CIS,53,484
CIS,53,485
CIS,53,486
CIS,53,487
CIS,53,488
CIS,53,489
CIS,53,490
CIS,53,491
CIS,53,492
CIS,53,493
CIS,53,494
CIS,53,495
CIS,53,496
CIS,53,497
CIS,53,498
CIS,53,499
CIS,53,500
CIS,53,501
CIS,53,502
CIS,53,503
CIS,53,504
CIS,53,505
CIS,53,506
CIS,53,507
CIS,53,508
CIS,53,509
CIS,53,510
CIS,53,511
CIS,53,512
CIS,53,513
CIS,53,514
CIS,53,515
CIS,53,516
CIS,53,517
CIS,53,518
CIS,53,519
CIS,53,520
CIS,53,521
CIS,53,522
CIS,53,523
CIS,53,524
CIS,53,525
CIS,53,526
CIS,53,527
CIS,53,528
CIS,53,529
CIS,53,530
CIS,53,531
CIS,53,532
CIS,53,533
CIS,53,534
CIS,53,535
CIS,53,536
CIS,53,537
CIS,53,538
CIS,53,539
CIS,53,540
CIS,53,541
CIS,53,542
CIS,53,543
CIS,53,544
CIS,53,545
CIS,53,546
CIS,53,547
CIS,53,548
CIS,53,549
CIS,53,550
CIS,53,551
CIS,53,552
CIS,53,553
CIS,53,554
CIS,53,555
CIS,53,556
CIS,53,557
CIS,53,558
CIS,53,559
CIS,53,560
CIS,53,561
CIS,53,562
CIS,53,563
CIS,53,564
CIS,53,565
CIS,53,566
CIS,53,567
CIS,53,568
CIS,53,569
CIS,53,570
CIS,53,571
CIS,53,572
CIS,53,573
CIS,53,574
CIS,53,575
CIS,53,576
CIS,53,577
CIS,53,578
CIS,53,579
CIS,53,580
CIS,53,581
CIS,53,582
CIS,53,583
CIS,53,584
CIS,53,585
CIS,53,586
CIS,53,587
CIS,53,588
CIS,53,589
CIS,53,590
CIS,53,591
CIS,53,592
CIS,53,593
CIS,53,594
CIS,53,595
CIS,53,596
CIS,53,597
CIS,53,598
CIS,53,599
CIS,53,600
CIS,53,601
CIS,53,602
CIS,53,603
CIS,53,604
CIS,53,605
CIS,53,606
CIS,53,607
CIS,53,608
CIS,53,609
CIS,53,610
CIS,53,611
CIS,53,612
CIS,53,613
CIS,53,614
CIS,53,615
CIS,53,616
CIS,53,617
CIS,53,618
CIS,53,619
CIS,53,620
CIS,53,621
CIS,53,622
CIS,53,623
CIS,53,624
CIS,53,625
CIS,53,626
CIS,53,627
CIS,53,628
CIS,53,629
CIS,53,630
CIS,53,631
CIS,53,632
CIS,53,633
CIS,53,634
CIS,53,635
CIS,53,636
CIS,53,637
CIS,53,638
CIS,53,639
CIS,53,640
CIS,53,641
CIS,53,642
CIS,53,643
CIS,53,644
CIS,53,645
CIS,53,646
CIS,53,647
CIS,53,648
CIS,53,649
CIS,53,650
CIS,53,651
CIS,53,652
CIS,53,653
CIS,53,654
CIS,53,655
CIS,53,656
CIS,53,657
CIS,53,658
CIS,53,659
CIS,53,660
CIS,53,661
CIS,53,662
CIS,53,663
CIS,53,664
CIS,53,665
CIS,53,666
CIS,53,667
CIS,53,668
CIS,53,669
CIS,53,670
CIS,53,671
CIS,53,672
CIS,53,673
CIS,53,674
CIS,53,675
CIS,53,676
CIS,53,677
CIS,53,678
CIS,53,679
CIS,53,680
CIS,53,681
CIS,53,682
CIS,53,683
CIS,53,684
CIS,53,685
CIS,53,686
CIS,53,687
CIS,53,688
CIS,53,689
CIS,53,690
CIS,53,691
CIS,53,692
CIS,53,693
CIS,53,694
CIS,53,695
CIS,53,696
CIS,53,697
CIS,53,698
CIS,53,699
CIS,53,700
CIS,53,701
CIS,53,702
CIS,53,703
CIS,53,704
CIS,53,705
CIS,53,706
CIS,53,707
CIS,53,708
CIS,53,709
CIS,53,710
CIS,53,711
CIS,53,712
CIS,53,713
CIS,53,714
CIS,53,715
CIS,53,716
CIS,53,717
CIS,53,718
CIS,54,422
CIS,54,423
CIS,54,424
CIS,54,425
CIS,54,426
CIS,54,427
CIS,54,428
CIS,54,429
CIS,54,430
CIS,54,431
CIS,54,432
CIS,54,433
CIS,54,434
CIS,54,435
CIS,54,436
CIS,54,437
CIS,54,438
CIS,54,439
CIS,54,440
CIS,54,441
CIS,54,442
CIS,54,443
CIS,54,444
CIS,54,445
CIS,54,446
CIS,54,447
CIS,54,448
CIS,54,449
CIS,54,450
CIS,54,451
CIS,54,452
CIS,54,453
CIS,54,454
CIS,54,455
CIS,54,456
CIS,54,457
CIS,54,458
CIS,54,459
CIS,54,460
CIS,54,461
CIS,54,462
CIS,54,463
CIS,54,464
CIS,54,465
CIS,54,466
CIS,54,467
CIS,54,468
CIS,54,469
CIS,54,470
CIS,54,471
CIS,54,472
CIS,54,473
CIS,54,474
CIS,54,475
CIS,54,476
CIS,54,477
CIS,54,478
CIS,54,479
CIS,54,480
CIS,54,481
CIS,54,482
CIS,54,483
CIS,54,484
CIS,54,485
CIS,54,486
CIS,54,487
CIS,54,488
CIS,54,489
CIS,54,490
CIS,54,491
CIS,54,492
CIS,54,493
CIS,54,494
CIS,54,495
CIS,54,496
CIS,54,497
CIS,54,498
CIS,54,499
CIS,54,500
CIS,54,501
CIS,54,502
CIS,54,503
CIS,54,504
CIS,54,505
CIS,54,506
CIS,54,507
CIS,54,508
CIS,54,509
CIS,54,510
CIS,54,511
CIS,54,512
CIS,54,513
CIS,54,514
CIS,54,515
CIS,54,516
CIS,54,517
CIS,54,518
CIS,54,519
CIS,54,520
CIS,54,521
CIS,54,522
CIS,54,523
CIS,54,524
CIS,54,525
CIS,54,526
CIS,54,527
CIS,54,528
CIS,54,529
CIS,54,530
CIS,54,531
CIS,54,532
CIS,54,533
CIS,54,534
CIS,54,535
CIS,54,536
CIS,54,537
CIS,54,538
CIS,54,539
CIS,54,540
CIS,54,541
CIS,54,542
CIS,54,543
CIS,54,544
CIS,54,545
CIS,54,546
CIS,54,547
CIS,54,548
CIS,54,549
CIS,54,550
CIS,54,551
CIS,54,552
CIS,54,553
CIS,54,554
CIS,54,555
CIS,54,556
CIS,54,557
CIS,54,558
CIS,54,559
CIS,54,560
CIS,54,561
CIS,54,562
CIS,54,563
CIS,54,564
CIS,54,565
CIS,54,566
CIS,54,567
CIS,54,568
CIS,54,569
CIS,54,570
CIS,54,571
CIS,54,572
CIS,54,573
CIS,54,574
CIS,54,575
CIS,54,576
CIS,54,577
CIS,54,578
CIS,54,579
CIS,54,580
CIS,54,581
CIS,54,582
CIS,54,583
CIS,54,584
CIS,54,585
CIS,54,586
CIS,54,587
CIS,54,588
CIS,54,589
CIS,54,590
CIS,54,591
CIS,54,592
CIS,54,593
CIS,54,594
CIS,54,595
CIS,54,596
CIS,54,597
CIS,54,598
CIS,54,599
CIS,54,600
CIS,54,601
CIS,54,602
CIS,54,603
CIS,54,604
CIS,54,605
CIS,54,606
CIS,54,607
CIS,54,608
CIS,54,609
CIS,54,610
CIS,54,611
CIS,54,612
CIS,54,613
CIS,54,614
CIS,54,615
CIS,54,616
CIS,54,617
CIS,54,618
CIS,54,619
CIS,54,620
CIS,54,621
CIS,54,622
CIS,54,623
CIS,54,624
CIS,54,625
CIS,54,626
CIS,54,627
CIS,54,628
CIS,54,629
CIS,54,630
CIS,54,631
CIS,54,632
CIS,54,633
CIS,54,634
CIS,54,635
CIS,54,636
CIS,54,637
CIS,54,638
CIS,54,639
CIS,54,640
CIS,54,641
CIS,54,642
CIS,54,643
CIS,54,644
CIS,54,645
CIS,54,646
CIS,54,647
CIS,54,648
CIS,54,649
CIS,54,650
CIS,54,651
CIS,54,652
CIS,54,653
CIS,54,654
CIS,54,655
CIS,54,656
CIS,54,657
CIS,54,658
CIS,54,659
CIS,54,660
CIS,54,661
CIS,54,662
CIS,54,663
CIS,54,664
CIS,54,665
CIS,54,666
CIS,54,667
CIS,54,668
CIS,54,669
CIS,54,670
CIS,54,671
CIS,54,672
CIS,54,673
CIS,54,674
CIS,54,675
CIS,54,676
CIS,54,677
CIS,54,678
CIS,54,679
CIS,54,680
CIS,54,681
CIS,54,682
CIS,54,683
CIS,54,684
CIS,54,685
CIS,54,686
CIS,54,687
CIS,54,688
CIS,54,689
CIS,54,690
CIS,54,691
CIS,54,692
CIS,54,693
CIS,54,694
CIS,54,695
CIS,54,696
CIS,54,697
CIS,54,698
CIS,54,699
CIS,54,700
CIS,54,701
CIS,54,702
CIS,54,703
CIS,54,704
CIS,54,705
CIS,54,706
CIS,54,707
CIS,54,708
CIS,54,709
CIS,54,710
CIS,54,711
CIS,54,712
CIS,54,713
CIS,54,714
CIS,54,715
CIS,54,716
CIS,54,717
CIS,54,718
CIS,54,719
CIS,55,423
CIS,55,424
CIS,55,425
CIS,55,426
CIS,55,427
CIS,55,428
CIS,55,429
CIS,55,430
CIS,55,431
CIS,55,432
CIS,55,433
CIS,55,434
CIS,55,435
CIS,55,436
CIS,55,437
CIS,55,438
CIS,55,439
CIS,55,440
CIS,55,441
CIS,55,442
CIS,55,443
CIS,55,444
CIS,55,445
CIS,55,446
CIS,55,447
CIS,55,448
CIS,55,449
CIS,55,450
CIS,55,451
CIS,55,452
CIS,55,453
CIS,55,454
CIS,55,455
CIS,55,456
CIS,55,457
CIS,55,458
CIS,55,459
CIS,55,460
CIS,55,461
CIS,55,462
CIS,55,463
CIS,55,464
CIS,55,465
CIS,55,466
CIS,55,467
CIS,55,468
CIS,55,469
CIS,55,470
CIS,55,471
CIS,55,472
CIS,55,473
CIS,55,474
CIS,55,475
CIS,55,476
CIS,55,477
CIS,55,478
CIS,55,479
CIS,55,480
CIS,55,481
CIS,55,482
CIS,55,483
CIS,55,484
CIS,55,485
CIS,55,486
CIS,55,487
CIS,55,488
CIS,55,489
CIS,55,490
CIS,55,491
CIS,55,492
CIS,55,493
CIS,55,494
CIS,55,495
CIS,55,496
CIS,55,497
CIS,55,498
CIS,55,499
CIS,55,500
CIS,55,501
CIS,55,502
CIS,55,503
CIS,55,504
CIS,55,505
CIS,55,506
CIS,55,507
CIS,55,508
CIS,55,509
CIS,55,510
CIS,55,511
CIS,55,512
CIS,55,513
CIS,55,514
CIS,55,515
CIS,55,516
CIS,55,517
CIS,55,518
CIS,55,519
CIS,55,520
CIS,55,521
CIS,55,522
CIS,55,523
CIS,55,524
CIS,55,525
CIS,55,526
CIS,55,527
CIS,55,528
CIS,55,529
CIS,55,530
CIS,55,531
CIS,55,532
CIS,55,533
CIS,55,534
CIS,55,535
CIS,55,536
CIS,55,537
CIS,55,538
CIS,55,539
CIS,55,540
CIS,55,541
CIS,55,542
CIS,55,543
CIS,55,544
CIS,55,545
CIS,55,546
CIS,55,547
CIS,55,548
CIS,55,549
CIS,55,550
CIS,55,551
CIS,55,552
CIS,55,553
CIS,55,554
CIS,55,555
CIS,55,556
CIS,55,557
CIS,55,558
CIS,55,559
CIS,55,560
CIS,55,561
CIS,55,562
CIS,55,563
CIS,55,564
CIS,55,565
CIS,55,566
CIS,55,567
CIS,55,568
CIS,55,569
CIS,55,570
CIS,55,571
CIS,55,572
CIS,55,573
CIS,55,574
CIS,55,575
CIS,55,576
CIS,55,577
CIS,55,578
CIS,55,579
CIS,55,580
CIS,55,581
CIS,55,582
CIS,55,583
CIS,55,584
CIS,55,585
CIS,55,586
CIS,55,587
CIS,55,588
CIS,55,589
CIS,55,590
CIS,55,591
CIS,55,592
CIS,55,593
CIS,55,594
CIS,55,595
CIS,55,596
CIS,55,597
CIS,55,598
CIS,55,599
CIS,55,600
CIS,55,601
CIS,55,602
CIS,55,603
CIS,55,604
CIS,55,605
CIS,55,606
CIS,55,607
CIS,55,608
CIS,55,609
CIS,55,610
CIS,55,611
CIS,55,612
CIS,55,613
CIS,55,614
CIS,55,615
CIS,55,616
CIS,55,617
CIS,55,618
CIS,55,619
CIS,55,620
CIS,55,621
CIS,55,622
CIS,55,623
CIS,55,624
CIS,55,625
CIS,55,626
CIS,55,627
CIS,55,628
CIS,55,629
CIS,55,630
CIS,55,631
CIS,55,632
CIS,55,633
CIS,55,634
CIS,55,635
CIS,55,636
CIS,55,637
CIS,55,638
CIS,55,639
CIS,55,640
CIS,55,641
CIS,55,642
CIS,55,643
CIS,55,644
CIS,55,645
CIS,55,646
CIS,55,647
CIS,55,648
CIS,55,649
CIS,55,650
CIS,55,651
CIS,55,652
CIS,55,653
CIS,55,654
CIS,55,655
CIS,55,656
CIS,55,657
CIS,55,658
CIS,55,659
CIS,55,660
CIS,55,661
CIS,55,662
CIS,55,663
CIS,55,664
CIS,55,665
CIS,55,666
CIS,55,667
CIS,55,668
CIS,55,669
CIS,55,670
CIS,55,671
CIS,55,672
CIS,55,673
CIS,55,674
CIS,55,675
CIS,55,676
CIS,55,677
CIS,55,678
CIS,55,679
CIS,55,680
CIS,55,681
CIS,55,682
CIS,55,683
CIS,55,684
CIS,55,685
CIS,55,686
CIS,55,687
CIS,55,688
CIS,55,689
CIS,55,690
CIS,55,691
CIS,55,692
CIS,55,693
CIS,55,694
CIS,55,695
CIS,55,696
CIS,55,697
CIS,55,698
CIS,55,699
CIS,55,700
CIS,55,701
CIS,55,702
CIS,55,703
CIS,55,704
CIS,55,705
CIS,55,706
CIS,55,707
CIS,55,708
CIS,55,709
CIS,55,710
CIS,55,711
CIS,55,712
CIS,55,713
CIS,55,714
CIS,55,715
CIS,55,716
CIS,55,717
CIS,55,718
CIS,55,719
CIS,55,720
CIS,56,421
CIS,56,422
CIS,56,423
CIS,56,424
CIS,56,425
CIS,56,426
CIS,56,427
CIS,56,428
CIS,56,429
CIS,56,430
CIS,56,431
CIS,56,432
CIS,56,433
CIS,56,434
CIS,56,435
CIS,56,436
CIS,56,437
CIS,56,438
CIS,56,439
CIS,56,440
CIS,56,441
CIS,56,442
CIS,56,443
CIS,56,444
CIS,56,445
CIS,56,446
CIS,56,447
CIS,56,448
CIS,56,449
CIS,56,450
CIS,56,451
CIS,56,452
CIS,56,453
CIS,56,454
CIS,56,455
CIS,56,456
CIS,56,457
CIS,56,458
CIS,56,459
CIS,56,460
CIS,56,461
CIS,56,462
CIS,56,463
CIS,56,464
CIS,56,465
CIS,56,466
CIS,56,467
CIS,56,468
CIS,56,469
CIS,56,470
CIS,56,471
CIS,56,472
CIS,56,473
CIS,56,474
CIS,56,475
CIS,56,476
CIS,56,477
CIS,56,478
CIS,56,479
CIS,56,480
CIS,56,481
CIS,56,482
CIS,56,483
CIS,56,484
CIS,56,485
CIS,56,486
CIS,56,487
CIS,56,488
CIS,56,489
CIS,56,490
CIS,56,491
CIS,56,492
CIS,56,493
CIS,56,494
CIS,56,495
CIS,56,496
CIS,56,497
CIS,56,498
CIS,56,499
CIS,56,500
CIS,56,501
CIS,56,502
CIS,56,503
CIS,56,504
CIS,56,505
CIS,56,506
CIS,56,507
CIS,56,508
CIS,56,509
CIS,56,510
CIS,56,511
CIS,56,512
CIS,56,513
CIS,56,514
CIS,56,515
CIS,56,516
CIS,56,517
CIS,56,518
CIS,56,519
CIS,56,520
CIS,56,521
CIS,56,522
CIS,56,523
CIS,56,524
CIS,56,525
CIS,56,526
CIS,56,527
CIS,56,528
CIS,56,529
CIS,56,530
CIS,56,531
CIS,56,532
CIS,56,533
CIS,56,534
CIS,56,535
CIS,56,536
CIS,56,537
CIS,56,538
CIS,56,539
CIS,56,540
CIS,56,541
CIS,56,542
CIS,56,543
CIS,56,544
CIS,56,545
CIS,56,546
CIS,56,547
CIS,56,548
CIS,56,549
CIS,56,550
CIS,56,551
CIS,56,552
CIS,56,553
CIS,56,554
CIS,56,555
CIS,56,556
CIS,56,557
CIS,56,558
CIS,56,559
CIS,56,560
CIS,56,561
CIS,56,562
CIS,56,563
CIS,56,564
CIS,56,565
CIS,56,566
CIS,56,567
CIS,56,568
CIS,56,569
CIS,56,570
CIS,56,571
CIS,56,572
CIS,56,573
CIS,56,574
CIS,56,575
CIS,56,576
CIS,56,577
CIS,56,578
CIS,56,579
CIS,56,580
CIS,56,581
CIS,56,582
CIS,56,583
CIS,56,584
CIS,56,585
CIS,56,586
CIS,56,587
CIS,56,588
CIS,56,589
CIS,56,590
CIS,56,591
CIS,56,592
CIS,56,593
CIS,56,594
CIS,56,595
CIS,56,596
CIS,56,597
CIS,56,598
CIS,56,599
CIS,56,600
CIS,56,601
CIS,56,602
CIS,56,603
CIS,56,604
CIS,56,605
CIS,56,606
CIS,56,607
CIS,56,608
CIS,56,609
CIS,56,610
CIS,56,611
CIS,56,612
CIS,56,613
CIS,56,614
CIS,56,615
CIS,56,616
CIS,56,617
CIS,56,618
CIS,56,619
CIS,56,620
CIS,56,621
CIS,56,622
CIS,56,623
CIS,56,624
CIS,56,625
CIS,56,626
CIS,56,627
CIS,56,628
CIS,56,629
CIS,56,630
CIS,56,631
CIS,56,632
CIS,56,633
CIS,56,634
CIS,56,635
CIS,56,636
CIS,56,637
CIS,56,638
CIS,56,639
CIS,56,640
CIS,56,641
CIS,56,642
CIS,56,643
CIS,56,644
CIS,56,645
CIS,56,646
CIS,56,647
CIS,56,648
CIS,56,649
CIS,56,650
CIS,56,651
CIS,56,652
CIS,56,653
CIS,56,654
CIS,56,655
CIS,56,656
CIS,56,657
CIS,56,658
CIS,56,659
CIS,56,660
CIS,56,661
CIS,56,662
CIS,56,663
CIS,56,664
CIS,56,665
CIS,56,666
CIS,56,667
CIS,56,668
CIS,56,669
CIS,56,670
CIS,56,671
CIS,56,672
CIS,56,673
CIS,56,674
CIS,56,675
CIS,56,676
CIS,56,677
CIS,56,678
CIS,56,679
CIS,56,680
CIS,56,681
CIS,56,682
CIS,56,683
CIS,56,684
CIS,56,685
CIS,56,686
CIS,56,687
CIS,56,689
CIS,56,690
CIS,56,691
CIS,56,692
CIS,56,693
CIS,56,694
CIS,56,695
CIS,56,696
CIS,56,697
CIS,56,698
CIS,56,699
CIS,56,700
CIS,56,701
CIS,56,702
CIS,56,703
CIS,56,704
CIS,56,705
CIS,56,706
CIS,56,707
CIS,56,708
CIS,56,709
CIS,56,710
CIS,56,711
CIS,56,712
CIS,56,713
CIS,56,714
CIS,56,717
CIS,56,718
CIS,56,719
CIS,57,420
CIS,57,421
CIS,57,422
CIS,57,423
CIS,57,424
CIS,57,425
CIS,57,426
CIS,57,427
CIS,57,428
CIS,57,429
CIS,57,430
CIS,57,431
CIS,57,432
CIS,57,433
CIS,57,434
CIS,57,435
CIS,57,436
CIS,57,437
CIS,57,438
CIS,57,439
CIS,57,440
CIS,57,441
CIS,57,442
CIS,57,443
CIS,57,444
CIS,57,445
CIS,57,446
CIS,57,447
CIS,57,448
CIS,57,449
CIS,57,450
CIS,57,451
CIS,57,452
CIS,57,453
CIS,57,454
CIS,57,455
CIS,57,456
CIS,57,457
CIS,57,458
CIS,57,459
CIS,57,460
CIS,57,461
CIS,57,462
CIS,57,463
CIS,57,464
CIS,57,465
CIS,57,466
CIS,57,467
CIS,57,468
CIS,57,469
CIS,57,470
CIS,57,471
CIS,57,472
CIS,57,473
CIS,57,474
CIS,57,475
CIS,57,476
CIS,57,477
CIS,57,478
CIS,57,479
CIS,57,480
CIS,57,481
CIS,57,482
CIS,57,483
CIS,57,484
CIS,57,485
CIS,57,486
CIS,57,487
CIS,57,488
CIS,57,489
CIS,57,490
CIS,57,491
CIS,57,492
CIS,57,493
CIS,57,494
CIS,57,495
CIS,57,496
CIS,57,497
CIS,57,498
CIS,57,499
CIS,57,500
CIS,57,501
CIS,57,502
CIS,57,503
CIS,57,504
CIS,57,505
CIS,57,506
CIS,57,507
CIS,57,508
CIS,57,509
CIS,57,510
CIS,57,511
CIS,57,512
CIS,57,513
CIS,57,514
CIS,57,515
CIS,57,516
CIS,57,517
CIS,57,518
CIS,57,519
CIS,57,520
CIS,57,521
CIS,57,522
CIS,57,523
CIS,57,524
CIS,57,525
CIS,57,526
CIS,57,527
CIS,57,528
CIS,57,529
CIS,57,530
CIS,57,531
CIS,57,532
CIS,57,533
CIS,57,534
CIS,57,535
CIS,57,536
CIS,57,537
CIS,57,538
CIS,57,539
CIS,57,540
CIS,57,541
CIS,57,542
CIS,57,543
CIS,57,544
CIS,57,545
CIS,57,546
CIS,57,547
CIS,57,548
CIS,57,549
CIS,57,550
CIS,57,551
CIS,57,552
CIS,57,553
CIS,57,554
CIS,57,555
CIS,57,556
CIS,57,557
CIS,57,558
CIS,57,559
CIS,57,560
CIS,57,561
CIS,57,562
CIS,57,563
CIS,57,564
CIS,57,565
CIS,57,566
CIS,57,567
CIS,57,568
CIS,57,569
CIS,57,570
CIS,57,571
CIS,57,572
CIS,57,573
CIS,57,574
CIS,57,575
CIS,57,576
CIS,57,577
CIS,57,578
CIS,57,579
CIS,57,580
CIS,57,581
CIS,57,582
CIS,57,583
CIS,57,584
CIS,57,585
CIS,57,586
CIS,57,587
CIS,57,588
CIS,57,589
CIS,57,590
CIS,57,591
CIS,57,592
CIS,57,593
CIS,57,594
CIS,57,595
CIS,57,596
CIS,57,597
CIS,57,598
CIS,57,599
CIS,57,600
CIS,57,601
CIS,57,602
CIS,57,603
CIS,57,604
CIS,57,605
CIS,57,606
CIS,57,607
CIS,57,608
CIS,57,609
CIS,57,610
CIS,57,611
CIS,57,612
CIS,57,613
CIS,57,614
CIS,57,615
CIS,57,616
CIS,57,617
CIS,57,618
CIS,57,619
CIS,57,620
CIS,57,621
CIS,57,622
CIS,57,623
CIS,57,624
CIS,57,625
CIS,57,626
CIS,57,627
CIS,57,628
CIS,57,629
CIS,57,630
CIS,57,631
CIS,57,632
CIS,57,633
CIS,57,634
CIS,57,635
CIS,57,636
CIS,57,637
CIS,57,638
CIS,57,639
CIS,57,640
CIS,57,641
CIS,57,642
CIS,57,643
CIS,57,644
CIS,57,645
CIS,57,646
CIS,57,647
CIS,57,648
CIS,57,649
CIS,57,650
CIS,57,651
CIS,57,652
CIS,57,653
CIS,57,654
CIS,57,655
CIS,57,656
CIS,57,657
CIS,57,658
CIS,57,659
CIS,57,660
CIS,57,661
CIS,57,662
CIS,57,663
CIS,57,664
CIS,57,665
CIS,57,666
CIS,57,667
CIS,57,668
CIS,57,669
CIS,57,670
CIS,57,671
CIS,57,672
CIS,57,673
CIS,57,674
CIS,57,675
CIS,57,676
CIS,57,677
CIS,57,678
CIS,57,679
CIS,57,680
CIS,57,681
CIS,57,682
CIS,57,683
CIS,57,684
CIS,57,685
CIS,57,686
CIS,57,687
CIS,57,688
CIS,57,689
CIS,57,690
CIS,57,691
CIS,57,692
CIS,57,693
CIS,57,694
CIS,57,695
CIS,57,696
CIS,57,697
CIS,57,698
CIS,57,699
CIS,57,700
CIS,57,701
CIS,57,702
CIS,57,703
CIS,57,704
CIS,57,705
CIS,57,706
CIS,57,707
CIS,57,708
CIS,57,709
CIS,57,710
CIS,58,418
CIS,58,419
CIS,58,420
CIS,58,421
CIS,58,422
CIS,58,423
CIS,58,424
CIS,58,425
CIS,58,426
CIS,58,427
CIS,58,428
CIS,58,429
CIS,58,430
CIS,58,431
CIS,58,432
CIS,58,433
CIS,58,434
CIS,58,435
CIS,58,436
CIS,58,437
CIS,58,438
CIS,58,439
CIS,58,440
CIS,58,441
CIS,58,442
CIS,58,443
CIS,58,444
CIS,58,445
CIS,58,446
CIS,58,447
CIS,58,448
CIS,58,449
CIS,58,450
CIS,58,451
CIS,58,452
CIS,58,453
CIS,58,454
CIS,58,455
CIS,58,456
CIS,58,457
CIS,58,458
CIS,58,459
CIS,58,460
CIS,58,461
CIS,58,462
CIS,58,463
CIS,58,464
CIS,58,465
CIS,58,466
CIS,58,467
CIS,58,468
CIS,58,469
CIS,58,470
CIS,58,471
CIS,58,472
CIS,58,473
CIS,58,474
CIS,58,475
CIS,58,476
CIS,58,477
CIS,58,478
CIS,58,479
CIS,58,480
CIS,58,481
CIS,58,482
CIS,58,483
CIS,58,484
CIS,58,485
CIS,58,486
CIS,58,487
CIS,58,488
CIS,58,489
CIS,58,490
CIS,58,491
CIS,58,492
CIS,58,493
CIS,58,494
CIS,58,495
CIS,58,496
CIS,58,497
CIS,58,498
CIS,58,499
CIS,58,500
CIS,58,501
CIS,58,502
CIS,58,503
CIS,58,504
CIS,58,505
CIS,58,506
CIS,58,507
CIS,58,508
CIS,58,509
CIS,58,510
CIS,58,511
CIS,58,512
CIS,58,513
CIS,58,514
CIS,58,515
CIS,58,516
CIS,58,517
CIS,58,518
CIS,58,519
CIS,58,520
CIS,58,521
CIS,58,522
CIS,58,523
CIS,58,524
CIS,58,525
CIS,58,526
CIS,58,527
CIS,58,528
CIS,58,529
CIS,58,530
CIS,58,531
CIS,58,532
CIS,58,533
CIS,58,534
CIS,58,535
CIS,58,536
CIS,58,537
CIS,58,538
CIS,58,539
CIS,58,540
CIS,58,541
CIS,58,542
CIS,58,543
CIS,58,544
CIS,58,545
CIS,58,546
CIS,58,547
CIS,58,548
CIS,58,549
CIS,58,550
CIS,58,551
CIS,58,552
CIS,58,553
CIS,58,554
CIS,58,555
CIS,58,556
CIS,58,557
CIS,58,558
CIS,58,559
CIS,58,560
CIS,58,561
CIS,58,562
CIS,58,563
CIS,58,564
CIS,58,565
CIS,58,566
CIS,58,567
CIS,58,568
CIS,58,569
CIS,58,570
CIS,58,571
CIS,58,572
CIS,58,573
CIS,58,574
CIS,58,575
CIS,58,576
CIS,58,577
CIS,58,578
CIS,58,579
CIS,58,580
CIS,58,581
CIS,58,582
CIS,58,583
CIS,58,584
CIS,58,585
CIS,58,586
CIS,58,587
CIS,58,588
CIS,58,589
CIS,58,590
CIS,58,591
CIS,58,592
CIS,58,593
CIS,58,594
CIS,58,595
CIS,58,596
CIS,58,597
CIS,58,598
CIS,58,599
CIS,58,600
CIS,58,601
CIS,58,602
CIS,58,603
CIS,58,604
CIS,58,605
CIS,58,606
CIS,58,607
CIS,58,608
CIS,58,609
CIS,58,610
CIS,58,611
CIS,58,612
CIS,58,613
CIS,58,614
CIS,58,615
CIS,58,616
CIS,58,617
CIS,58,618
CIS,58,619
CIS,58,620
CIS,58,621
CIS,58,622
CIS,58,623
CIS,58,624
CIS,58,625
CIS,58,626
CIS,58,627
CIS,58,628
CIS,58,629
CIS,58,630
CIS,58,631
CIS,58,632
CIS,58,633
CIS,58,634
CIS,58,635
CIS,58,636
CIS,58,637
CIS,58,638
CIS,58,639
CIS,58,640
CIS,58,641
CIS,58,642
CIS,58,643
CIS,58,644
CIS,58,645
CIS,58,646
CIS,58,647
CIS,58,648
CIS,58,649
CIS,58,650
CIS,58,651
CIS,58,652
CIS,58,653
CIS,58,654
CIS,58,655
CIS,58,656
CIS,58,657
CIS,58,658
CIS,58,659
CIS,58,660
CIS,58,661
CIS,58,662
CIS,58,663
CIS,58,664
CIS,58,665
CIS,58,666
CIS,58,667
CIS,58,668
CIS,58,669
CIS,58,670
CIS,58,671
CIS,58,672
CIS,58,673
CIS,58,674
CIS,58,680
CIS,58,681
CIS,58,682
CIS,58,683
CIS,58,684
CIS,58,685
CIS,58,688
CIS,58,689
CIS,58,690
CIS,58,691
CIS,58,692
CIS,58,693
CIS,58,694
CIS,58,695
CIS,58,696
CIS,58,697
CIS,58,698
CIS,58,699
CIS,58,700
CIS,58,701
CIS,58,702
CIS,58,703
CIS,58,704
CIS,58,705
CIS,58,706
CIS,58,707
CIS,59,416
CIS,59,417
CIS,59,418
CIS,59,419
CIS,59,420
CIS,59,421
CIS,59,422
CIS,59,423
CIS,59,424
CIS,59,425
CIS,59,426
CIS,59,427
CIS,59,428
CIS,59,429
CIS,59,430
CIS,59,431
CIS,59,432
CIS,59,433
CIS,59,434
CIS,59,435
CIS,59,436
CIS,59,437
CIS,59,438
CIS,59,439
CIS,59,440
CIS,59,441
CIS,59,442
CIS,59,443
CIS,59,444
CIS,59,445
CIS,59,446
CIS,59,447
CIS,59,448
CIS,59,449
CIS,59,450
CIS,59,451
CIS,59,452
CIS,59,453
CIS,59,454
CIS,59,455
CIS,59,456
CIS,59,457
CIS,59,458
CIS,59,459
CIS,59,460
CIS,59,461
CIS,59,462
CIS,59,463
CIS,59,464
CIS,59,465
CIS,59,466
CIS,59,467
CIS,59,468
CIS,59,469
CIS,59,470
CIS,59,471
CIS,59,472
CIS,59,473
CIS,59,474
CIS,59,475
CIS,59,476
CIS,59,477
CIS,59,478
CIS,59,479
CIS,59,480
CIS,59,481
CIS,59,482
CIS,59,483
CIS,59,484
CIS,59,485
CIS,59,486
CIS,59,487
CIS,59,488
CIS,59,489
CIS,59,490
CIS,59,491
CIS,59,492
CIS,59,493
CIS,59,494
CIS,59,495
CIS,59,496
CIS,59,497
CIS,59,498
CIS,59,499
CIS,59,500
CIS,59,501
CIS,59,502
CIS,59,503
CIS,59,504
CIS,59,505
CIS,59,506
CIS,59,507
CIS,59,508
CIS,59,509
CIS,59,510
CIS,59,511
CIS,59,512
CIS,59,513
CIS,59,514
CIS,59,515
CIS,59,516
CIS,59,517
CIS,59,518
CIS,59,519
CIS,59,520
CIS,59,521
CIS,59,522
CIS,59,523
CIS,59,524
CIS,59,525
CIS,59,526
CIS,59,527
CIS,59,528
CIS,59,529
CIS,59,530
CIS,59,531
CIS,59,532
CIS,59,533
CIS,59,534
CIS,59,535
CIS,59,536
CIS,59,537
CIS,59,538
CIS,59,539
CIS,59,540
CIS,59,541
CIS,59,542
CIS,59,543
CIS,59,544
CIS,59,545
CIS,59,546
CIS,59,547
CIS,59,548
CIS,59,549
CIS,59,550
CIS,59,551
CIS,59,552
CIS,59,553
CIS,59,554
CIS,59,555
CIS,59,556
CIS,59,557
CIS,59,558
CIS,59,559
CIS,59,560
CIS,59,561
CIS,59,562
CIS,59,563
CIS,59,564
CIS,59,565
CIS,59,566
CIS,59,567
CIS,59,568
CIS,59,569
CIS,59,570
CIS,59,571
CIS,59,572
CIS,59,573
CIS,59,574
CIS,59,575
CIS,59,576
CIS,59,577
CIS,59,578
CIS,59,579
CIS,59,580
CIS,59,581
CIS,59,582
CIS,59,583
CIS,59,584
CIS,59,585
CIS,59,586
CIS,59,587
CIS,59,588
CIS,59,589
CIS,59,590
CIS,59,591
CIS,59,592
CIS,59,593
CIS,59,594
CIS,59,595
CIS,59,596
CIS,59,597
CIS,59,598
CIS,59,599
CIS,59,600
CIS,59,601
CIS,59,602
CIS,59,603
CIS,59,604
CIS,59,605
CIS,59,606
CIS,59,607
CIS,59,608
CIS,59,609
CIS,59,610
CIS,59,611
CIS,59,612
CIS,59,613
CIS,59,614
CIS,59,615
CIS,59,616
CIS,59,617
CIS,59,618
CIS,59,619
CIS,59,620
CIS,59,621
CIS,59,622
CIS,59,623
CIS,59,624
CIS,59,625
CIS,59,626
CIS,59,627
CIS,59,628
CIS,59,629
CIS,59,630
CIS,59,631
CIS,59,632
CIS,59,633
CIS,59,634
CIS,59,635
CIS,59,636
CIS,59,637
CIS,59,638
CIS,59,639
CIS,59,640
CIS,59,641
CIS,59,642
CIS,59,643
CIS,59,644
CIS,59,645
CIS,59,646
CIS,59,647
CIS,59,648
CIS,59,649
CIS,59,650
CIS,59,651
CIS,59,652
CIS,59,653
CIS,59,654
CIS,59,655
CIS,59,656
CIS,59,657
CIS,59,658
CIS,59,659
CIS,59,660
CIS,59,661
CIS,59,662
CIS,59,663
CIS,59,664
CIS,59,665
CIS,59,666
CIS,59,667
CIS,59,668
CIS,59,669
CIS,59,670
CIS,59,671
CIS,59,672
CIS,59,673
CIS,59,680
CIS,59,681
CIS,59,682
CIS,59,683
CIS,59,685
CIS,59,686
CIS,59,687
CIS,59,688
CIS,59,689
CIS,59,690
CIS,59,691
CIS,59,692
CIS,59,693
CIS,59,694
CIS,59,695
CIS,59,696
CIS,59,697
CIS,59,698
CIS,59,699
CIS,59,700
CIS,59,701
CIS,59,702
CIS,59,703
CIS,59,704
CIS,59,705
CIS,60,415
CIS,60,416
CIS,60,417
CIS,60,418
CIS,60,419
CIS,60,420
CIS,60,421
CIS,60,422
CIS,60,423
CIS,60,424
CIS,60,425
CIS,60,426
CIS,60,427
CIS,60,428
CIS,60,429
CIS,60,430
CIS,60,431
CIS,60,432
CIS,60,433
CIS,60,434
CIS,60,435
CIS,60,436
CIS,60,437
CIS,60,438
CIS,60,439
CIS,60,440
CIS,60,441
CIS,60,442
CIS,60,443
CIS,60,444
CIS,60,445
CIS,60,446
CIS,60,447
CIS,60,448
CIS,60,449
CIS,60,450
CIS,60,451
CIS,60,452
CIS,60,453
CIS,60,454
CIS,60,455
CIS,60,456
CIS,60,457
CIS,60,458
CIS,60,459
CIS,60,460
CIS,60,461
CIS,60,462
CIS,60,463
CIS,60,464
CIS,60,465
CIS,60,466
CIS,60,467
CIS,60,468
CIS,60,469
CIS,60,470
CIS,60,471
CIS,60,472
CIS,60,473
CIS,60,474
CIS,60,475
CIS,60,476
CIS,60,477
CIS,60,478
CIS,60,479
CIS,60,480
CIS,60,481
CIS,60,482
CIS,60,483
CIS,60,484
CIS,60,485
CIS,60,486
CIS,60,487
CIS,60,488
CIS,60,489
CIS,60,490
CIS,60,491
CIS,60,492
CIS,60,493
CIS,60,494
CIS,60,495
CIS,60,496
CIS,60,497
CIS,60,498
CIS,60,499
CIS,60,500
CIS,60,501
CIS,60,502
CIS,60,503
CIS,60,504
CIS,60,505
CIS,60,506
CIS,60,507
CIS,60,508
CIS,60,509
CIS,60,510
CIS,60,511
CIS,60,512
CIS,60,513
CIS,60,514
CIS,60,515
CIS,60,516
CIS,60,517
CIS,60,518
CIS,60,519
CIS,60,520
CIS,60,521
CIS,60,522
CIS,60,523
CIS,60,524
CIS,60,525
CIS,60,526
CIS,60,527
CIS,60,528
CIS,60,529
CIS,60,530
CIS,60,531
CIS,60,532
CIS,60,533
CIS,60,534
CIS,60,535
CIS,60,536
CIS,60,537
CIS,60,538
CIS,60,539
CIS,60,540
CIS,60,541
CIS,60,542
CIS,60,543
CIS,60,544
CIS,60,545
CIS,60,546
CIS,60,547
CIS,60,548
CIS,60,549
CIS,60,550
CIS,60,551
CIS,60,552
CIS,60,553
CIS,60,554
CIS,60,555
CIS,60,556
CIS,60,557
CIS,60,558
CIS,60,559
CIS,60,560
CIS,60,561
CIS,60,562
CIS,60,563
CIS,60,564
CIS,60,565
CIS,60,566
CIS,60,567
CIS,60,568
CIS,60,569
CIS,60,570
CIS,60,571
CIS,60,572
CIS,60,573
CIS,60,574
CIS,60,575
CIS,60,576
CIS,60,577
CIS,60,578
CIS,60,579
CIS,60,580
CIS,60,581
CIS,60,582
CIS,60,583
CIS,60,584
CIS,60,585
CIS,60,586
CIS,60,587
CIS,60,588
CIS,60,589
CIS,60,590
CIS,60,591
CIS,60,592
CIS,60,593
CIS,60,594
CIS,60,595
CIS,60,596
CIS,60,597
CIS,60,598
CIS,60,599
CIS,60,600
CIS,60,601
CIS,60,602
CIS,60,603
CIS,60,604
CIS,60,605
CIS,60,606
CIS,60,607
CIS,60,608
CIS,60,609
CIS,60,610
CIS,60,611
CIS,60,612
CIS,60,613
CIS,60,614
CIS,60,615
CIS,60,616
CIS,60,617
CIS,60,618
CIS,60,619
CIS,60,620
CIS,60,621
CIS,60,622
CIS,60,623
CIS,60,624
CIS,60,625
CIS,60,626
CIS,60,627
CIS,60,628
CIS,60,629
CIS,60,630
CIS,60,631
CIS,60,632
CIS,60,633
CIS,60,634
CIS,60,635
CIS,60,636
CIS,60,637
CIS,60,638
CIS,60,639
CIS,60,640
CIS,60,641
CIS,60,642
CIS,60,643
CIS,60,644
CIS,60,645
CIS,60,646
CIS,60,647
CIS,60,648
CIS,60,649
CIS,60,650
CIS,60,651
CIS,60,652
CIS,60,653
CIS,60,654
CIS,60,655
CIS,60,656
CIS,60,657
CIS,60,658
CIS,60,659
CIS,60,660
CIS,60,661
CIS,60,662
CIS,60,663
CIS,60,664
CIS,60,665
CIS,60,666
CIS,60,667
CIS,60,668
CIS,60,669
CIS,60,670
CIS,60,671
CIS,60,683
CIS,60,684
CIS,60,685
CIS,60,686
CIS,60,687
CIS,60,688
CIS,60,689
CIS,60,690
CIS,60,691
CIS,60,692
CIS,60,693
CIS,60,694
CIS,60,695
CIS,60,696
CIS,60,700
CIS,60,701
CIS,60,702
CIS,61,417
CIS,61,418
CIS,61,419
CIS,61,420
CIS,61,421
CIS,61,422
CIS,61,423
CIS,61,424
CIS,61,425
CIS,61,426
CIS,61,427
CIS,61,428
CIS,61,429
CIS,61,430
CIS,61,431
CIS,61,432
CIS,61,433
CIS,61,434
CIS,61,435
CIS,61,436
CIS,61,437
CIS,61,438
CIS,61,439
CIS,61,440
CIS,61,441
CIS,61,442
CIS,61,443
CIS,61,444
CIS,61,445
CIS,61,446
CIS,61,447
CIS,61,448
CIS,61,449
CIS,61,450
CIS,61,451
CIS,61,452
CIS,61,453
CIS,61,454
CIS,61,455
CIS,61,456
CIS,61,457
CIS,61,458
CIS,61,459
CIS,61,460
CIS,61,461
CIS,61,462
CIS,61,463
CIS,61,464
CIS,61,465
CIS,61,466
CIS,61,467
CIS,61,468
CIS,61,469
CIS,61,470
CIS,61,471
CIS,61,472
CIS,61,473
CIS,61,474
CIS,61,475
CIS,61,476
CIS,61,477
CIS,61,478
CIS,61,479
CIS,61,480
CIS,61,481
CIS,61,482
CIS,61,483
CIS,61,484
CIS,61,485
CIS,61,486
CIS,61,487
CIS,61,488
CIS,61,489
CIS,61,490
CIS,61,491
CIS,61,492
CIS,61,493
CIS,61,494
CIS,61,495
CIS,61,496
CIS,61,497
CIS,61,498
CIS,61,499
CIS,61,500
CIS,61,501
CIS,61,502
CIS,61,503
CIS,61,504
CIS,61,505
CIS,61,506
CIS,61,507
CIS,61,508
CIS,61,509
CIS,61,510
CIS,61,511
CIS,61,512
CIS,61,513
CIS,61,514
CIS,61,515
CIS,61,516
CIS,61,517
CIS,61,518
CIS,61,519
CIS,61,520
CIS,61,521
CIS,61,522
CIS,61,523
CIS,61,524
CIS,61,525
CIS,61,526
CIS,61,527
CIS,61,528
CIS,61,529
CIS,61,530
CIS,61,531
CIS,61,532
CIS,61,533
CIS,61,534
CIS,61,535
CIS,61,536
CIS,61,537
CIS,61,538
CIS,61,539
CIS,61,540
CIS,61,541
CIS,61,542
CIS,61,543
CIS,61,544
CIS,61,545
CIS,61,546
CIS,61,547
CIS,61,548
CIS,61,549
CIS,61,550
CIS,61,551
CIS,61,552
CIS,61,553
CIS,61,554
CIS,61,555
CIS,61,556
CIS,61,557
CIS,61,558
CIS,61,559
CIS,61,560
CIS,61,561
CIS,61,562
CIS,61,563
CIS,61,564
CIS,61,565
CIS,61,566
CIS,61,567
CIS,61,568
CIS,61,569
CIS,61,570
CIS,61,571
CIS,61,572
CIS,61,573
CIS,61,574
CIS,61,575
CIS,61,576
CIS,61,577
CIS,61,578
CIS,61,579
CIS,61,580
CIS,61,581
CIS,61,582
CIS,61,583
CIS,61,584
CIS,61,585
CIS,61,586
CIS,61,587
CIS,61,588
CIS,61,589
CIS,61,590
CIS,61,591
CIS,61,592
CIS,61,593
CIS,61,594
CIS,61,595
CIS,61,596
CIS,61,597
CIS,61,598
CIS,61,599
CIS,61,600
CIS,61,601
CIS,61,602
CIS,61,603
CIS,61,604
CIS,61,605
CIS,61,606
CIS,61,607
CIS,61,608
CIS,61,609
CIS,61,610
CIS,61,611
CIS,61,612
CIS,61,613
CIS,61,614
CIS,61,615
CIS,61,616
CIS,61,617
CIS,61,618
CIS,61,619
CIS,61,620
CIS,61,621
CIS,61,622
CIS,61,623
CIS,61,624
CIS,61,625
CIS,61,626
CIS,61,627
CIS,61,628
CIS,61,629
CIS,61,630
CIS,61,631
CIS,61,632
CIS,61,633
CIS,61,634
CIS,61,635
CIS,61,636
CIS,61,637
CIS,61,638
CIS,61,639
CIS,61,640
CIS,61,641
CIS,61,642
CIS,61,643
CIS,61,644
CIS,61,645
CIS,61,646
CIS,61,647
CIS,61,648
CIS,61,649
CIS,61,650
CIS,61,651
CIS,61,652
CIS,61,653
CIS,61,654
CIS,61,655
CIS,61,656
CIS,61,657
CIS,61,658
CIS,61,659
CIS,61,660
CIS,61,661
CIS,61,662
CIS,61,663
CIS,61,664
CIS,61,665
CIS,61,666
CIS,61,667
CIS,61,668
CIS,61,669
CIS,61,670
CIS,61,682
CIS,61,683
CIS,61,684
CIS,61,685
CIS,61,686
CIS,61,687
CIS,61,688
CIS,61,689
CIS,61,690
CIS,61,691
CIS,61,693
CIS,61,701
CIS,62,416
CIS,62,417
CIS,62,418
CIS,62,419
CIS,62,420
CIS,62,421
CIS,62,422
CIS,62,423
CIS,62,424
CIS,62,425
CIS,62,426
CIS,62,427
CIS,62,428
CIS,62,429
CIS,62,430
CIS,62,431
CIS,62,432
CIS,62,433
CIS,62,434
CIS,62,435
CIS,62,436
CIS,62,437
CIS,62,438
CIS,62,439
CIS,62,440
CIS,62,441
CIS,62,442
CIS,62,443
CIS,62,444
CIS,62,445
CIS,62,446
CIS,62,447
CIS,62,448
CIS,62,449
CIS,62,450
CIS,62,451
CIS,62,452
CIS,62,453
CIS,62,454
CIS,62,455
CIS,62,456
CIS,62,457
CIS,62,458
CIS,62,459
CIS,62,460
CIS,62,461
CIS,62,462
CIS,62,463
CIS,62,464
CIS,62,465
CIS,62,466
CIS,62,467
CIS,62,468
CIS,62,469
CIS,62,470
CIS,62,471
CIS,62,472
CIS,62,473
CIS,62,474
CIS,62,475
CIS,62,476
CIS,62,477
CIS,62,478
CIS,62,479
CIS,62,480
CIS,62,481
CIS,62,482
CIS,62,483
CIS,62,484
CIS,62,485
CIS,62,486
CIS,62,487
CIS,62,488
CIS,62,489
CIS,62,490
CIS,62,491
CIS,62,492
CIS,62,493
CIS,62,494
CIS,62,495
CIS,62,496
CIS,62,497
CIS,62,498
CIS,62,499
CIS,62,500
CIS,62,501
CIS,62,502
CIS,62,503
CIS,62,504
CIS,62,505
CIS,62,506
CIS,62,507
CIS,62,508
CIS,62,509
CIS,62,510
CIS,62,511
CIS,62,512
CIS,62,513
CIS,62,514
CIS,62,515
CIS,62,516
CIS,62,517
CIS,62,518
CIS,62,519
CIS,62,520
CIS,62,521
CIS,62,522
CIS,62,523
CIS,62,524
CIS,62,525
CIS,62,526
CIS,62,527
CIS,62,528
CIS,62,529
CIS,62,530
CIS,62,531
CIS,62,532
CIS,62,533
CIS,62,534
CIS,62,535
CIS,62,536
CIS,62,537
CIS,62,538
CIS,62,539
CIS,62,540
CIS,62,541
CIS,62,542
CIS,62,543
CIS,62,544
CIS,62,545
CIS,62,546
CIS,62,547
CIS,62,548
CIS,62,549
CIS,62,550
CIS,62,551
CIS,62,552
CIS,62,553
CIS,62,554
CIS,62,555
CIS,62,556
CIS,62,557
CIS,62,558
CIS,62,559
CIS,62,560
CIS,62,561
CIS,62,562
CIS,62,563
CIS,62,564
CIS,62,565
CIS,62,566
CIS,62,567
CIS,62,568
CIS,62,569
CIS,62,570
CIS,62,571
CIS,62,572
CIS,62,573
CIS,62,574
CIS,62,575
CIS,62,576
CIS,62,577
CIS,62,578
CIS,62,579
CIS,62,580
CIS,62,581
CIS,62,582
CIS,62,583
CIS,62,584
CIS,62,585
CIS,62,586
CIS,62,587
CIS,62,588
CIS,62,589
CIS,62,590
CIS,62,591
CIS,62,592
CIS,62,593
CIS,62,594
CIS,62,595
CIS,62,596
CIS,62,597
CIS,62,598
CIS,62,599
CIS,62,600
CIS,62,601
CIS,62,602
CIS,62,603
CIS,62,604
CIS,62,605
CIS,62,606
CIS,62,607
CIS,62,608
CIS,62,609
CIS,62,610
CIS,62,611
CIS,62,612
CIS,62,613
CIS,62,614
CIS,62,615
CIS,62,616
CIS,62,617
CIS,62,618
CIS,62,619
CIS,62,620
CIS,62,621
CIS,62,622
CIS,62,623
CIS,62,624
CIS,62,625
CIS,62,626
CIS,62,627
CIS,62,628
CIS,62,629
CIS,62,630
CIS,62,631
CIS,62,632
CIS,62,633
CIS,62,634
CIS,62,635
CIS,62,636
CIS,62,637
CIS,62,638
CIS,62,639
CIS,62,640
CIS,62,641
CIS,62,642
CIS,62,643
CIS,62,644
CIS,62,645
CIS,62,646
CIS,62,647
CIS,62,648
CIS,62,649
CIS,62,650
CIS,62,651
CIS,62,652
CIS,62,653
CIS,62,654
CIS,62,655
CIS,62,656
CIS,62,657
CIS,62,658
CIS,62,659
CIS,62,662
CIS,62,663
CIS,62,664
CIS,62,665
CIS,62,666
CIS,62,667
CIS,62,668
CIS,62,669
CIS,62,670
CIS,62,671
CIS,62,680
CIS,62,681
CIS,62,682
CIS,62,683
CIS,62,684
CIS,62,685
CIS,62,686
CIS,62,687
CIS,62,688
CIS,62,689
CIS,62,690
CIS,63,415
CIS,63,416
CIS,63,417
CIS,63,418
CIS,63,419
CIS,63,420
CIS,63,421
CIS,63,422
CIS,63,423
CIS,63,424
CIS,63,425
CIS,63,426
CIS,63,427
CIS,63,428
CIS,63,429
CIS,63,430
CIS,63,431
CIS,63,432
CIS,63,433
CIS,63,434
CIS,63,435
CIS,63,436
CIS,63,437
CIS,63,438
CIS,63,439
CIS,63,440
CIS,63,441
CIS,63,442
CIS,63,443
CIS,63,444
CIS,63,445
CIS,63,446
CIS,63,447
CIS,63,448
CIS,63,449
CIS,63,450
CIS,63,451
CIS,63,452
CIS,63,453
CIS,63,454
CIS,63,455
CIS,63,456
CIS,63,457
CIS,63,458
CIS,63,459
CIS,63,460
CIS,63,461
CIS,63,462
CIS,63,463
CIS,63,464
CIS,63,465
CIS,63,466
CIS,63,467
CIS,63,468
CIS,63,469
CIS,63,470
CIS,63,471
CIS,63,472
CIS,63,473
CIS,63,474
CIS,63,475
CIS,63,476
CIS,63,477
CIS,63,478
CIS,63,479
CIS,63,480
CIS,63,481
CIS,63,482
CIS,63,483
CIS,63,484
CIS,63,485
CIS,63,486
CIS,63,487
CIS,63,488
CIS,63,489
CIS,63,490
CIS,63,491
CIS,63,492
CIS,63,493
CIS,63,494
CIS,63,495
CIS,63,496
CIS,63,497
CIS,63,498
CIS,63,499
CIS,63,500
CIS,63,501
CIS,63,502
CIS,63,503
CIS,63,504
CIS,63,505
CIS,63,506
CIS,63,507
CIS,63,508
CIS,63,509
CIS,63,510
CIS,63,511
CIS,63,512
CIS,63,513
CIS,63,514
CIS,63,515
CIS,63,516
CIS,63,517
CIS,63,518
CIS,63,519
CIS,63,520
CIS,63,521
CIS,63,522
CIS,63,523
CIS,63,524
CIS,63,525
CIS,63,526
CIS,63,527
CIS,63,528
CIS,63,529
CIS,63,530
CIS,63,531
CIS,63,532
CIS,63,533
CIS,63,534
CIS,63,535
CIS,63,536
CIS,63,537
CIS,63,538
CIS,63,539
CIS,63,540
CIS,63,541
CIS,63,542
CIS,63,543
CIS,63,544
CIS,63,545
CIS,63,546
CIS,63,547
CIS,63,548
CIS,63,549
CIS,63,550
CIS,63,551
CIS,63,552
CIS,63,553
CIS,63,554
CIS,63,555
CIS,63,556
CIS,63,557
CIS,63,558
CIS,63,559
CIS,63,560
CIS,63,561
CIS,63,562
CIS,63,563
CIS,63,564
CIS,63,565
CIS,63,566
CIS,63,567
CIS,63,568
CIS,63,569
CIS,63,570
CIS,63,571
CIS,63,572
CIS,63,573
CIS,63,574
CIS,63,575
CIS,63,576
CIS,63,577
CIS,63,578
CIS,63,579
CIS,63,580
CIS,63,581
CIS,63,582
CIS,63,583
CIS,63,584
CIS,63,585
CIS,63,586
CIS,63,587
CIS,63,588
CIS,63,589
CIS,63,590
CIS,63,591
CIS,63,592
CIS,63,593
CIS,63,594
CIS,63,595
CIS,63,596
CIS,63,597
CIS,63,598
CIS,63,599
CIS,63,600
CIS,63,601
CIS,63,602
CIS,63,603
CIS,63,604
CIS,63,605
CIS,63,606
CIS,63,607
CIS,63,608
CIS,63,609
CIS,63,610
CIS,63,611
CIS,63,612
CIS,63,613
CIS,63,614
CIS,63,615
CIS,63,616
CIS,63,617
CIS,63,618
CIS,63,619
CIS,63,620
CIS,63,621
CIS,63,622
CIS,63,623
CIS,63,624
CIS,63,625
CIS,63,626
CIS,63,627
CIS,63,628
CIS,63,629
CIS,63,630
CIS,63,631
CIS,63,632
CIS,63,633
CIS,63,634
CIS,63,635
CIS,63,636
CIS,63,637
CIS,63,638
CIS,63,639
CIS,63,640
CIS,63,641
CIS,63,642
CIS,63,643
CIS,63,644
CIS,63,663
CIS,63,664
CIS,63,665
CIS,63,666
CIS,63,679
CIS,63,680
CIS,63,681
CIS,63,682
CIS,63,683
CIS,63,684
CIS,63,685
CIS,63,686
CIS,63,687
CIS,63,688
CIS,63,689
CIS,63,690
CIS,64,416
CIS,64,417
CIS,64,418
CIS,64,419
CIS,64,420
CIS,64,421
CIS,64,422
CIS,64,423
CIS,64,424
CIS,64,425
CIS,64,426
CIS,64,427
CIS,64,428
CIS,64,429
CIS,64,430
CIS,64,431
CIS,64,432
CIS,64,433
CIS,64,434
CIS,64,435
CIS,64,436
CIS,64,437
CIS,64,438
CIS,64,439
CIS,64,440
CIS,64,441
CIS,64,442
CIS,64,443
CIS,64,444
CIS,64,445
CIS,64,446
CIS,64,447
CIS,64,448
CIS,64,449
CIS,64,450
CIS,64,451
CIS,64,452
CIS,64,453
CIS,64,454
CIS,64,455
CIS,64,456
CIS,64,457
CIS,64,458
CIS,64,459
CIS,64,460
CIS,64,461
CIS,64,462
CIS,64,463
CIS,64,464
CIS,64,465
CIS,64,466
CIS,64,467
CIS,64,468
CIS,64,469
CIS,64,470
CIS,64,471
CIS,64,472
CIS,64,473
CIS,64,474
CIS,64,475
CIS,64,476
CIS,64,477
CIS,64,478
CIS,64,479
CIS,64,480
CIS,64,481
CIS,64,482
CIS,64,483
CIS,64,484
CIS,64,485
CIS,64,486
CIS,64,487
CIS,64,488
CIS,64,489
CIS,64,490
CIS,64,491
CIS,64,492
CIS,64,493
CIS,64,494
CIS,64,495
CIS,64,496
CIS,64,497
CIS,64,498
CIS,64,499
CIS,64,500
CIS,64,501
CIS,64,502
CIS,64,503
CIS,64,504
CIS,64,505
CIS,64,506
CIS,64,507
CIS,64,508
CIS,64,509
CIS,64,510
CIS,64,511
CIS,64,512
CIS,64,513
CIS,64,514
CIS,64,515
CIS,64,516
CIS,64,517
CIS,64,518
CIS,64,519
CIS,64,520
CIS,64,521
CIS,64,522
CIS,64,523
CIS,64,524
CIS,64,525
CIS,64,526
CIS,64,527
CIS,64,528
CIS,64,529
CIS,64,530
CIS,64,531
CIS,64,532
CIS,64,533
CIS,64,534
CIS,64,535
CIS,64,536
CIS,64,537
CIS,64,538
CIS,64,539
CIS,64,540
CIS,64,541
CIS,64,542
CIS,64,543
CIS,64,544
CIS,64,545
CIS,64,546
CIS,64,547
CIS,64,548
CIS,64,549
CIS,64,550
CIS,64,551
CIS,64,552
CIS,64,553
CIS,64,554
CIS,64,555
CIS,64,556
CIS,64,557
CIS,64,558
CIS,64,559
CIS,64,560
CIS,64,561
CIS,64,562
CIS,64,563
CIS,64,564
CIS,64,565
CIS,64,566
CIS,64,567
CIS,64,568
CIS,64,569
CIS,64,570
CIS,64,571
CIS,64,572
CIS,64,573
CIS,64,574
CIS,64,575
CIS,64,576
CIS,64,577
CIS,64,578
CIS,64,579
CIS,64,580
CIS,64,581
CIS,64,582
CIS,64,583
CIS,64,584
CIS,64,585
CIS,64,586
CIS,64,587
CIS,64,588
CIS,64,589
CIS,64,590
CIS,64,591
CIS,64,592
CIS,64,593
CIS,64,594
CIS,64,595
CIS,64,596
CIS,64,597
CIS,64,598
CIS,64,599
CIS,64,600
CIS,64,601
CIS,64,602
CIS,64,603
CIS,64,604
CIS,64,605
CIS,64,606
CIS,64,607
CIS,64,608
CIS,64,609
CIS,64,610
CIS,64,611
CIS,64,612
CIS,64,613
CIS,64,614
CIS,64,615
CIS,64,616
CIS,64,617
CIS,64,618
CIS,64,619
CIS,64,620
CIS,64,621
CIS,64,622
CIS,64,623
CIS,64,624
CIS,64,625
CIS,64,626
CIS,64,627
CIS,64,628
CIS,64,629
CIS,64,630
CIS,64,631
CIS,64,632
CIS,64,633
CIS,64,634
CIS,64,635
CIS,64,636
CIS,64,637
CIS,64,638
CIS,64,639
CIS,64,640
CIS,64,641
CIS,64,642
CIS,64,643
CIS,64,676
CIS,64,677
CIS,64,678
CIS,64,679
CIS,64,680
CIS,64,681
CIS,64,682
CIS,64,683
CIS,64,684
CIS,64,685
CIS,65,415
CIS,65,416
CIS,65,417
CIS,65,418
CIS,65,419
CIS,65,420
CIS,65,421
CIS,65,422
CIS,65,423
CIS,65,424
CIS,65,425
CIS,65,426
CIS,65,427
CIS,65,428
CIS,65,429
CIS,65,430
CIS,65,431
CIS,65,432
CIS,65,433
CIS,65,434
CIS,65,435
CIS,65,436
CIS,65,437
CIS,65,438
CIS,65,439
CIS,65,440
CIS,65,441
CIS,65,442
CIS,65,443
CIS,65,444
CIS,65,445
CIS,65,446
CIS,65,447
CIS,65,448
CIS,65,449
CIS,65,450
CIS,65,451
CIS,65,452
CIS,65,453
CIS,65,454
CIS,65,455
CIS,65,456
CIS,65,457
CIS,65,458
CIS,65,459
CIS,65,460
CIS,65,461
CIS,65,462
CIS,65,463
CIS,65,464
CIS,65,465
CIS,65,466
CIS,65,467
CIS,65,468
CIS,65,469
CIS,65,470
CIS,65,471
CIS,65,472
CIS,65,473
CIS,65,474
CIS,65,475
CIS,65,476
CIS,65,477
CIS,65,478
CIS,65,479
CIS,65,480
CIS,65,481
CIS,65,482
CIS,65,483
CIS,65,484
CIS,65,485
CIS,65,486
CIS,65,487
CIS,65,488
CIS,65,489
CIS,65,490
CIS,65,491
CIS,65,492
CIS,65,493
CIS,65,494
CIS,65,495
CIS,65,496
CIS,65,497
CIS,65,498
CIS,65,499
CIS,65,500
CIS,65,501
CIS,65,502
CIS,65,503
CIS,65,504
CIS,65,505
CIS,65,506
CIS,65,507
CIS,65,508
CIS,65,509
CIS,65,510
CIS,65,511
CIS,65,512
CIS,65,513
CIS,65,514
CIS,65,515
CIS,65,516
CIS,65,517
CIS,65,518
CIS,65,519
CIS,65,520
CIS,65,521
CIS,65,522
CIS,65,523
CIS,65,524
CIS,65,525
CIS,65,526
CIS,65,527
CIS,65,528
CIS,65,529
CIS,65,530
CIS,65,531
CIS,65,532
CIS,65,533
CIS,65,534
CIS,65,535
CIS,65,536
CIS,65,537
CIS,65,538
CIS,65,539
CIS,65,540
CIS,65,541
CIS,65,542
CIS,65,543
CIS,65,544
CIS,65,545
CIS,65,546
CIS,65,547
CIS,65,548
CIS,65,549
CIS,65,550
CIS,65,551
CIS,65,552
CIS,65,553
CIS,65,554
CIS,65,555
CIS,65,556
CIS,65,557
CIS,65,558
CIS,65,559
CIS,65,560
CIS,65,561
CIS,65,562
CIS,65,563
CIS,65,564
CIS,65,565
CIS,65,566
CIS,65,567
CIS,65,568
CIS,65,569
CIS,65,570
CIS,65,571
CIS,65,572
CIS,65,573
CIS,65,574
CIS,65,575
CIS,65,576
CIS,65,577
CIS,65,578
CIS,65,579
CIS,65,580
CIS,65,581
CIS,65,582
CIS,65,583
CIS,65,584
CIS,65,585
CIS,65,586
CIS,65,587
CIS,65,588
CIS,65,589
CIS,65,590
CIS,65,591
CIS,65,592
CIS,65,593
CIS,65,594
CIS,65,595
CIS,65,596
CIS,65,597
CIS,65,598
CIS,65,599
CIS,65,600
CIS,65,601
CIS,65,602
CIS,65,603
CIS,65,604
CIS,65,605
CIS,65,606
CIS,65,607
CIS,65,608
CIS,65,609
CIS,65,610
CIS,65,611
CIS,65,612
CIS,65,613
CIS,65,614
CIS,65,615
CIS,65,616
CIS,65,617
CIS,65,618
CIS,65,619
CIS,65,620
CIS,65,621
CIS,65,622
CIS,65,623
CIS,65,624
CIS,65,625
CIS,65,626
CIS,65,627
CIS,65,628
CIS,65,629
CIS,65,630
CIS,65,631
CIS,65,632
CIS,65,633
CIS,65,634
CIS,65,635
CIS,65,636
CIS,65,637
CIS,65,638
CIS,65,639
CIS,65,640
CIS,65,641
CIS,65,642
CIS,65,674
CIS,65,675
CIS,65,676
CIS,65,677
CIS,65,678
CIS,65,679
CIS,65,680
CIS,65,681
CIS,65,682
CIS,65,683
CIS,65,684
CIS,65,685
CIS,65,686
CIS,65,687
CIS,66,416
CIS,66,417
CIS,66,418
CIS,66,419
CIS,66,420
CIS,66,421
CIS,66,422
CIS,66,423
CIS,66,424
CIS,66,425
CIS,66,426
CIS,66,427
CIS,66,428
CIS,66,429
CIS,66,430
CIS,66,431
CIS,66,432
CIS,66,433
CIS,66,434
CIS,66,435
CIS,66,436
CIS,66,437
CIS,66,438
CIS,66,439
CIS,66,440
CIS,66,441
CIS,66,442
CIS,66,443
CIS,66,444
CIS,66,445
CIS,66,446
CIS,66,447
CIS,66,448
CIS,66,449
CIS,66,450
CIS,66,451
CIS,66,452
CIS,66,453
CIS,66,454
CIS,66,455
CIS,66,456
CIS,66,457
CIS,66,458
CIS,66,459
CIS,66,460
CIS,66,461
CIS,66,462
CIS,66,463
CIS,66,464
CIS,66,465
CIS,66,466
CIS,66,467
CIS,66,468
CIS,66,469
CIS,66,470
CIS,66,471
CIS,66,472
CIS,66,473
CIS,66,474
CIS,66,475
CIS,66,476
CIS,66,477
CIS,66,478
CIS,66,479
CIS,66,480
CIS,66,481
CIS,66,482
CIS,66,483
CIS,66,484
CIS,66,485
CIS,66,486
CIS,66,487
CIS,66,488
CIS,66,489
CIS,66,490
CIS,66,491
CIS,66,492
CIS,66,493
CIS,66,494
CIS,66,495
CIS,66,496
CIS,66,497
CIS,66,498
CIS,66,499
CIS,66,500
CIS,66,501
CIS,66,502
CIS,66,503
CIS,66,504
CIS,66,505
CIS,66,506
CIS,66,507
CIS,66,508
CIS,66,509
CIS,66,510
CIS,66,511
CIS,66,512
CIS,66,513
CIS,66,514
CIS,66,515
CIS,66,516
CIS,66,517
CIS,66,518
CIS,66,519
CIS,66,520
CIS,66,521
CIS,66,522
CIS,66,523
CIS,66,524
CIS,66,525
CIS,66,526
CIS,66,527
CIS,66,528
CIS,66,529
CIS,66,530
CIS,66,531
CIS,66,532
CIS,66,533
CIS,66,534
CIS,66,535
CIS,66,536
CIS,66,537
CIS,66,538
CIS,66,539
CIS,66,540
CIS,66,541
CIS,66,542
CIS,66,543
CIS,66,544
CIS,66,545
CIS,66,546
CIS,66,547
CIS,66,548
CIS,66,549
CIS,66,550
CIS,66,551
CIS,66,552
CIS,66,553
CIS,66,554
CIS,66,555
CIS,66,556
CIS,66,557
CIS,66,558
CIS,66,559
CIS,66,560
CIS,66,561
CIS,66,562
CIS,66,563
CIS,66,564
CIS,66,565
CIS,66,566
CIS,66,567
CIS,66,568
CIS,66,569
CIS,66,570
CIS,66,571
CIS,66,572
CIS,66,573
CIS,66,574
CIS,66,575
CIS,66,576
CIS,66,577
CIS,66,578
CIS,66,579
CIS,66,580
CIS,66,581
CIS,66,582
CIS,66,583
CIS,66,584
CIS,66,585
CIS,66,586
CIS,66,587
CIS,66,588
CIS,66,589
CIS,66,590
CIS,66,591
CIS,66,592
CIS,66,593
CIS,66,594
CIS,66,595
CIS,66,596
CIS,66,597
CIS,66,598
CIS,66,599
CIS,66,600
CIS,66,601
CIS,66,602
CIS,66,603
CIS,66,604
CIS,66,605
CIS,66,606
CIS,66,607
CIS,66,608
CIS,66,609
CIS,66,610
CIS,66,611
CIS,66,612
CIS,66,613
CIS,66,614
CIS,66,615
CIS,66,616
CIS,66,617
CIS,66,618
CIS,66,619
CIS,66,620
CIS,66,621
CIS,66,622
CIS,66,623
CIS,66,624
CIS,66,625
CIS,66,626
CIS,66,627
CIS,66,628
CIS,66,629
CIS,66,630
CIS,66,631
CIS,66,632
CIS,66,633
CIS,66,634
CIS,66,635
CIS,66,636
CIS,66,637
CIS,66,638
CIS,66,639
CIS,66,640
CIS,66,674
CIS,66,675
CIS,66,676
CIS,66,677
CIS,66,678
CIS,66,679
CIS,66,680
CIS,66,681
CIS,66,682
CIS,66,683
CIS,66,684
CIS,66,685
CIS,66,686
CIS,66,687
CIS,67,416
CIS,67,417
CIS,67,418
CIS,67,419
CIS,67,420
CIS,67,421
CIS,67,422
CIS,67,423
CIS,67,424
CIS,67,425
CIS,67,426
CIS,67,427
CIS,67,428
CIS,67,429
CIS,67,430
CIS,67,431
CIS,67,432
CIS,67,433
CIS,67,434
CIS,67,435
CIS,67,436
CIS,67,437
CIS,67,438
CIS,67,439
CIS,67,440
CIS,67,441
CIS,67,442
CIS,67,443
CIS,67,444
CIS,67,445
CIS,67,446
CIS,67,447
CIS,67,448
CIS,67,449
CIS,67,450
CIS,67,451
CIS,67,452
CIS,67,453
CIS,67,454
CIS,67,455
CIS,67,456
CIS,67,457
CIS,67,458
CIS,67,459
CIS,67,460
CIS,67,461
CIS,67,462
CIS,67,463
CIS,67,464
CIS,67,465
CIS,67,466
CIS,67,467
CIS,67,468
CIS,67,469
CIS,67,470
CIS,67,471
CIS,67,472
CIS,67,473
CIS,67,474
CIS,67,475
CIS,67,476
CIS,67,477
CIS,67,478
CIS,67,479
CIS,67,480
CIS,67,481
CIS,67,482
CIS,67,483
CIS,67,484
CIS,67,485
CIS,67,486
CIS,67,487
CIS,67,488
CIS,67,489
CIS,67,490
CIS,67,491
CIS,67,492
CIS,67,493
CIS,67,494
CIS,67,495
CIS,67,496
CIS,67,497
CIS,67,498
CIS,67,499
CIS,67,500
CIS,67,501
CIS,67,502
CIS,67,503
CIS,67,504
CIS,67,505
CIS,67,506
CIS,67,507
CIS,67,508
CIS,67,509
CIS,67,510
CIS,67,511
CIS,67,512
CIS,67,513
CIS,67,514
CIS,67,515
CIS,67,516
CIS,67,517
CIS,67,518
CIS,67,519
CIS,67,520
CIS,67,521
CIS,67,522
CIS,67,523
CIS,67,524
CIS,67,525
CIS,67,526
CIS,67,527
CIS,67,528
CIS,67,529
CIS,67,530
CIS,67,531
CIS,67,532
CIS,67,533
CIS,67,534
CIS,67,535
CIS,67,536
CIS,67,537
CIS,67,538
CIS,67,539
CIS,67,540
CIS,67,541
CIS,67,542
CIS,67,543
CIS,67,544
CIS,67,545
CIS,67,546
CIS,67,547
CIS,67,548
CIS,67,549
CIS,67,550
CIS,67,551
CIS,67,552
CIS,67,553
CIS,67,554
CIS,67,555
CIS,67,556
CIS,67,557
CIS,67,558
CIS,67,559
CIS,67,560
CIS,67,561
CIS,67,562
CIS,67,563
CIS,67,564
CIS,67,565
CIS,67,566
CIS,67,567
CIS,67,568
CIS,67,569
CIS,67,570
CIS,67,571
CIS,67,572
CIS,67,573
CIS,67,574
CIS,67,575
CIS,67,576
CIS,67,577
CIS,67,578
CIS,67,579
CIS,67,580
CIS,67,581
CIS,67,582
CIS,67,583
CIS,67,584
CIS,67,585
CIS,67,586
CIS,67,587
CIS,67,588
CIS,67,589
CIS,67,590
CIS,67,591
CIS,67,592
CIS,67,593
CIS,67,594
CIS,67,595
CIS,67,596
CIS,67,597
CIS,67,598
CIS,67,599
CIS,67,600
CIS,67,601
CIS,67,602
CIS,67,603
CIS,67,604
CIS,67,605
CIS,67,606
CIS,67,607
CIS,67,608
CIS,67,609
CIS,67,610
CIS,67,611
CIS,67,612
CIS,67,613
CIS,67,614
CIS,67,615
CIS,67,616
CIS,67,617
CIS,67,618
CIS,67,619
CIS,67,620
CIS,67,621
CIS,67,622
CIS,67,623
CIS,67,624
CIS,67,625
CIS,67,626
CIS,67,627
CIS,67,628
CIS,67,629
CIS,67,630
CIS,67,631
CIS,67,632
CIS,67,633
CIS,67,634
CIS,67,635
CIS,67,636
CIS,67,637
CIS,67,638
CIS,67,672
CIS,67,673
CIS,67,674
CIS,67,675
CIS,67,676
CIS,67,677
CIS,67,678
CIS,67,679
CIS,67,680
CIS,67,681
CIS,67,682
CIS,67,683
CIS,67,684
CIS,67,685
CIS,67,686
CIS,67,687
CIS,68,416
CIS,68,417
CIS,68,418
CIS,68,419
CIS,68,420
CIS,68,421
CIS,68,422
CIS,68,423
CIS,68,424
CIS,68,425
CIS,68,426
CIS,68,427
CIS,68,428
CIS,68,429
CIS,68,430
CIS,68,431
CIS,68,432
CIS,68,433
CIS,68,434
CIS,68,435
CIS,68,436
CIS,68,437
CIS,68,438
CIS,68,439
CIS,68,440
CIS,68,441
CIS,68,442
CIS,68,443
CIS,68,444
CIS,68,445
CIS,68,446
CIS,68,447
CIS,68,448
CIS,68,449
CIS,68,450
CIS,68,451
CIS,68,452
CIS,68,453
CIS,68,454
CIS,68,455
CIS,68,456
CIS,68,457
CIS,68,458
CIS,68,459
CIS,68,460
CIS,68,461
CIS,68,462
CIS,68,463
CIS,68,464
CIS,68,465
CIS,68,466
CIS,68,467
CIS,68,468
CIS,68,469
CIS,68,470
CIS,68,471
CIS,68,472
CIS,68,473
CIS,68,474
CIS,68,475
CIS,68,476
CIS,68,477
CIS,68,478
CIS,68,479
CIS,68,480
CIS,68,481
CIS,68,482
CIS,68,483
CIS,68,484
CIS,68,485
CIS,68,486
CIS,68,487
CIS,68,488
CIS,68,489
CIS,68,490
CIS,68,491
CIS,68,492
CIS,68,493
CIS,68,494
CIS,68,495
CIS,68,496
CIS,68,497
CIS,68,498
CIS,68,499
CIS,68,500
CIS,68,501
CIS,68,502
CIS,68,503
CIS,68,504
CIS,68,505
CIS,68,506
CIS,68,507
CIS,68,508
CIS,68,509
CIS,68,510
CIS,68,511
CIS,68,512
CIS,68,513
CIS,68,514
CIS,68,515
CIS,68,516
CIS,68,517
CIS,68,518
CIS,68,519
CIS,68,520
CIS,68,521
CIS,68,522
CIS,68,523
CIS,68,524
CIS,68,525
CIS,68,526
CIS,68,527
CIS,68,528
CIS,68,529
CIS,68,530
CIS,68,531
CIS,68,532
CIS,68,533
CIS,68,534
CIS,68,535
CIS,68,536
CIS,68,537
CIS,68,538
CIS,68,539
CIS,68,540
CIS,68,541
CIS,68,542
CIS,68,543
CIS,68,544
CIS,68,545
CIS,68,546
CIS,68,547
CIS,68,548
CIS,68,549
CIS,68,550
CIS,68,551
CIS,68,552
CIS,68,553
CIS,68,554
CIS,68,555
CIS,68,556
CIS,68,557
CIS,68,558
CIS,68,559
CIS,68,560
CIS,68,561
CIS,68,562
CIS,68,563
CIS,68,564
CIS,68,565
CIS,68,566
CIS,68,567
CIS,68,568
CIS,68,569
CIS,68,570
CIS,68,571
CIS,68,572
CIS,68,573
CIS,68,574
CIS,68,575
CIS,68,576
CIS,68,577
CIS,68,578
CIS,68,579
CIS,68,580
CIS,68,581
CIS,68,582
CIS,68,583
CIS,68,584
CIS,68,585
CIS,68,586
CIS,68,587
CIS,68,588
CIS,68,589
CIS,68,590
CIS,68,591
CIS,68,592
CIS,68,593
CIS,68,594
CIS,68,595
CIS,68,596
CIS,68,597
CIS,68,598
CIS,68,599
CIS,68,600
CIS,68,601
CIS,68,602
CIS,68,603
CIS,68,604
CIS,68,605
CIS,68,606
CIS,68,607
CIS,68,608
CIS,68,609
CIS,68,610
CIS,68,611
CIS,68,612
CIS,68,613
CIS,68,614
CIS,68,615
CIS,68,616
CIS,68,617
CIS,68,618
CIS,68,619
CIS,68,620
CIS,68,621
CIS,68,622
CIS,68,623
CIS,68,624
CIS,68,625
CIS,68,626
CIS,68,627
CIS,68,628
CIS,68,629
CIS,68,630
CIS,68,631
CIS,68,632
CIS,68,633
CIS,68,634
CIS,68,635
CIS,68,636
CIS,68,637
CIS,68,672
CIS,68,673
CIS,68,674
CIS,68,675
CIS,68,676
CIS,68,677
CIS,68,678
CIS,68,679
CIS,68,680
CIS,68,681
CIS,68,682
CIS,68,683
CIS,68,684
CIS,68,685
CIS,68,686
CIS,68,687
CIS,69,414
CIS,69,415
CIS,69,416
CIS,69,417
CIS,69,418
CIS,69,419
CIS,69,420
CIS,69,421
CIS,69,422
CIS,69,423
CIS,69,424
CIS,69,425
CIS,69,426
CIS,69,427
CIS,69,428
CIS,69,429
CIS,69,430
CIS,69,431
CIS,69,432
CIS,69,433
CIS,69,434
CIS,69,435
CIS,69,436
CIS,69,437
CIS,69,438
CIS,69,439
CIS,69,440
CIS,69,441
CIS,69,442
CIS,69,443
CIS,69,444
CIS,69,445
CIS,69,446
CIS,69,447
CIS,69,448
CIS,69,449
CIS,69,450
CIS,69,451
CIS,69,452
CIS,69,453
CIS,69,454
CIS,69,455
CIS,69,456
CIS,69,457
CIS,69,458
CIS,69,459
CIS,69,460
CIS,69,461
CIS,69,462
CIS,69,463
CIS,69,464
CIS,69,465
CIS,69,466
CIS,69,467
CIS,69,468
CIS,69,469
CIS,69,470
CIS,69,471
CIS,69,472
CIS,69,473
CIS,69,474
CIS,69,475
CIS,69,476
CIS,69,477
CIS,69,478
CIS,69,479
CIS,69,480
CIS,69,481
CIS,69,482
CIS,69,483
CIS,69,484
CIS,69,485
CIS,69,486
CIS,69,487
CIS,69,488
CIS,69,489
CIS,69,490
CIS,69,491
CIS,69,492
CIS,69,493
CIS,69,494
CIS,69,495
CIS,69,496
CIS,69,497
CIS,69,498
CIS,69,499
CIS,69,500
CIS,69,501
CIS,69,502
CIS,69,503
CIS,69,504
CIS,69,505
CIS,69,506
CIS,69,507
CIS,69,508
CIS,69,509
CIS,69,510
CIS,69,511
CIS,69,512
CIS,69,513
CIS,69,514
CIS,69,515
CIS,69,516
CIS,69,517
CIS,69,518
CIS,69,519
CIS,69,520
CIS,69,521
CIS,69,522
CIS,69,523
CIS,69,524
CIS,69,525
CIS,69,526
CIS,69,527
CIS,69,528
CIS,69,529
CIS,69,530
CIS,69,531
CIS,69,532
CIS,69,533
CIS,69,534
CIS,69,535
CIS,69,536
CIS,69,537
CIS,69,538
CIS,69,539
CIS,69,540
CIS,69,541
CIS,69,542
CIS,69,543
CIS,69,544
CIS,69,545
CIS,69,546
CIS,69,547
CIS,69,548
CIS,69,549
CIS,69,550
CIS,69,551
CIS,69,552
CIS,69,553
CIS,69,554
CIS,69,555
CIS,69,556
CIS,69,557
CIS,69,558
CIS,69,559
CIS,69,560
CIS,69,561
CIS,69,562
CIS,69,563
CIS,69,564
CIS,69,565
CIS,69,566
CIS,69,567
CIS,69,568
CIS,69,569
CIS,69,570
CIS,69,571
CIS,69,572
CIS,69,573
CIS,69,574
CIS,69,575
CIS,69,576
CIS,69,577
CIS,69,578
CIS,69,579
CIS,69,580
CIS,69,581
CIS,69,582
CIS,69,583
CIS,69,584
CIS,69,585
CIS,69,586
CIS,69,587
CIS,69,588
CIS,69,589
CIS,69,590
CIS,69,591
CIS,69,592
CIS,69,593
CIS,69,594
CIS,69,595
CIS,69,596
CIS,69,597
CIS,69,598
CIS,69,599
CIS,69,600
CIS,69,601
CIS,69,602
CIS,69,603
CIS,69,604
CIS,69,605
CIS,69,606
CIS,69,607
CIS,69,608
CIS,69,609
CIS,69,610
CIS,69,611
CIS,69,612
CIS,69,613
CIS,69,614
CIS,69,615
CIS,69,616
CIS,69,617
CIS,69,618
CIS,69,619
CIS,69,620
CIS,69,621
CIS,69,622
CIS,69,623
CIS,69,624
CIS,69,625
CIS,69,626
CIS,69,627
CIS,69,628
CIS,69,629
CIS,69,630
CIS,69,631
CIS,69,632
CIS,69,633
CIS,69,634
CIS,69,635
CIS,69,672
CIS,69,673
CIS,69,674
CIS,69,675
CIS,69,676
CIS,69,677
CIS,69,678
CIS,69,679
CIS,69,680
CIS,69,681
CIS,69,682
CIS,69,683
CIS,69,684
CIS,69,685
CIS,70,402
CIS,70,403
CIS,70,404
CIS,70,405
CIS,70,406
CIS,70,413
CIS,70,414
CIS,70,415
CIS,70,416
CIS,70,417
CIS,70,418
CIS,70,419
CIS,70,420
CIS,70,421
CIS,70,422
CIS,70,423
CIS,70,424
CIS,70,425
CIS,70,426
CIS,70,427
CIS,70,428
CIS,70,429
CIS,70,430
CIS,70,431
CIS,70,432
CIS,70,433
CIS,70,434
CIS,70,435
CIS,70,436
CIS,70,437
CIS,70,438
CIS,70,439
CIS,70,440
CIS,70,441
CIS,70,442
CIS,70,443
CIS,70,444
CIS,70,445
CIS,70,446
CIS,70,447
CIS,70,448
CIS,70,449
CIS,70,450
CIS,70,451
CIS,70,452
CIS,70,453
CIS,70,454
CIS,70,455
CIS,70,456
CIS,70,457
CIS,70,458
CIS,70,459
CIS,70,460
CIS,70,461
CIS,70,462
CIS,70,463
CIS,70,464
CIS,70,465
CIS,70,466
CIS,70,467
CIS,70,468
CIS,70,469
CIS,70,470
CIS,70,471
CIS,70,472
CIS,70,473
CIS,70,474
CIS,70,475
CIS,70,476
CIS,70,477
CIS,70,478
CIS,70,479
CIS,70,480
CIS,70,481
CIS,70,482
CIS,70,483
CIS,70,484
CIS,70,485
CIS,70,486
CIS,70,487
CIS,70,488
CIS,70,489
CIS,70,490
CIS,70,491
CIS,70,492
CIS,70,493
CIS,70,494
CIS,70,495
CIS,70,496
CIS,70,497
CIS,70,498
CIS,70,499
CIS,70,500
CIS,70,501
CIS,70,502
CIS,70,503
CIS,70,504
CIS,70,505
CIS,70,506
CIS,70,507
CIS,70,508
CIS,70,509
CIS,70,510
CIS,70,511
CIS,70,512
CIS,70,513
CIS,70,514
CIS,70,515
CIS,70,516
CIS,70,517
CIS,70,518
CIS,70,519
CIS,70,520
CIS,70,521
CIS,70,522
CIS,70,523
CIS,70,524
CIS,70,525
CIS,70,526
CIS,70,527
CIS,70,528
CIS,70,529
CIS,70,530
CIS,70,531
CIS,70,532
CIS,70,533
CIS,70,534
CIS,70,535
CIS,70,536
CIS,70,537
CIS,70,538
CIS,70,539
CIS,70,540
CIS,70,541
CIS,70,542
CIS,70,543
CIS,70,544
CIS,70,545
CIS,70,546
CIS,70,547
CIS,70,548
CIS,70,549
CIS,70,550
CIS,70,551
CIS,70,552
CIS,70,553
CIS,70,554
CIS,70,555
CIS,70,556
CIS,70,557
CIS,70,558
CIS,70,559
CIS,70,560
CIS,70,561
CIS,70,562
CIS,70,563
CIS,70,564
CIS,70,565
CIS,70,566
CIS,70,567
CIS,70,568
CIS,70,569
CIS,70,570
CIS,70,571
CIS,70,572
CIS,70,573
CIS,70,574
CIS,70,575
CIS,70,576
CIS,70,577
CIS,70,578
CIS,70,579
CIS,70,580
CIS,70,581
CIS,70,582
CIS,70,583
CIS,70,584
CIS,70,585
CIS,70,586
CIS,70,587
CIS,70,588
CIS,70,589
CIS,70,590
CIS,70,591
CIS,70,592
CIS,70,593
CIS,70,594
CIS,70,595
CIS,70,596
CIS,70,597
CIS,70,598
CIS,70,599
CIS,70,600
CIS,70,601
CIS,70,602
CIS,70,603
CIS,70,604
CIS,70,605
CIS,70,606
CIS,70,607
CIS,70,608
CIS,70,609
CIS,70,610
CIS,70,611
CIS,70,612
CIS,70,613
CIS,70,614
CIS,70,615
CIS,70,616
CIS,70,617
CIS,70,618
CIS,70,619
CIS,70,620
CIS,70,621
CIS,70,622
CIS,70,623
CIS,70,624
CIS,70,625
CIS,70,626
CIS,70,627
CIS,70,628
CIS,70,629
CIS,70,630
CIS,70,631
CIS,70,632
CIS,70,633
CIS,70,634
CIS,70,635
CIS,70,636
CIS,70,637
CIS,70,672
CIS,70,673
CIS,70,674
CIS,70,675
CIS,70,676
CIS,70,677
CIS,70,678
CIS,70,679
CIS,70,680
CIS,70,681
CIS,70,682
CIS,70,683
CIS,70,684
CIS,70,685
CIS,70,692
CIS,70,693
CIS,71,400
CIS,71,401
CIS,71,402
CIS,71,403
CIS,71,404
CIS,71,405
CIS,71,406
CIS,71,412
CIS,71,413
CIS,71,414
CIS,71,415
CIS,71,416
CIS,71,417
CIS,71,418
CIS,71,419
CIS,71,420
CIS,71,421
CIS,71,422
CIS,71,423
CIS,71,424
CIS,71,425
CIS,71,426
CIS,71,427
CIS,71,428
CIS,71,429
CIS,71,430
CIS,71,431
CIS,71,432
CIS,71,433
CIS,71,434
CIS,71,435
CIS,71,436
CIS,71,437
CIS,71,438
CIS,71,439
CIS,71,440
CIS,71,441
CIS,71,442
CIS,71,443
CIS,71,444
CIS,71,445
CIS,71,446
CIS,71,447
CIS,71,448
CIS,71,449
CIS,71,450
CIS,71,451
CIS,71,452
CIS,71,453
CIS,71,454
CIS,71,455
CIS,71,456
CIS,71,457
CIS,71,458
CIS,71,459
CIS,71,460
CIS,71,461
CIS,71,462
CIS,71,463
CIS,71,464
CIS,71,465
CIS,71,466
CIS,71,467
CIS,71,468
CIS,71,469
CIS,71,470
CIS,71,471
CIS,71,472
CIS,71,473
CIS,71,474
CIS,71,475
CIS,71,476
CIS,71,477
CIS,71,478
CIS,71,479
CIS,71,480
CIS,71,481
CIS,71,482
CIS,71,483
CIS,71,484
CIS,71,485
CIS,71,486
CIS,71,487
CIS,71,488
CIS,71,489
CIS,71,490
CIS,71,491
CIS,71,492
CIS,71,493
CIS,71,494
CIS,71,495
CIS,71,496
CIS,71,497
CIS,71,498
CIS,71,499
CIS,71,500
CIS,71,501
CIS,71,502
CIS,71,503
CIS,71,504
CIS,71,505
CIS,71,506
CIS,71,507
CIS,71,508
CIS,71,509
CIS,71,510
CIS,71,511
CIS,71,512
CIS,71,513
CIS,71,514
CIS,71,515
CIS,71,516
CIS,71,517
CIS,71,518
CIS,71,519
CIS,71,520
CIS,71,521
CIS,71,522
CIS,71,523
CIS,71,524
CIS,71,525
CIS,71,526
CIS,71,527
CIS,71,528
CIS,71,529
CIS,71,530
CIS,71,531
CIS,71,532
CIS,71,533
CIS,71,534
CIS,71,535
CIS,71,536
CIS,71,537
CIS,71,538
CIS,71,539
CIS,71,540
CIS,71,541
CIS,71,542
CIS,71,543
CIS,71,544
CIS,71,545
CIS,71,546
CIS,71,547
CIS,71,548
CIS,71,549
CIS,71,550
CIS,71,551
CIS,71,552
CIS,71,553
CIS,71,554
CIS,71,555
CIS,71,556
CIS,71,557
CIS,71,558
CIS,71,559
CIS,71,560
CIS,71,561
CIS,71,562
CIS,71,563
CIS,71,564
CIS,71,565
CIS,71,566
CIS,71,567
CIS,71,568
CIS,71,569
CIS,71,570
CIS,71,571
CIS,71,572
CIS,71,573
CIS,71,574
CIS,71,575
CIS,71,576
CIS,71,577
CIS,71,578
CIS,71,579
CIS,71,580
CIS,71,581
CIS,71,582
CIS,71,583
CIS,71,584
CIS,71,585
CIS,71,586
CIS,71,587
CIS,71,588
CIS,71,589
CIS,71,590
CIS,71,591
CIS,71,592
CIS,71,593
CIS,71,594
CIS,71,595
CIS,71,596
CIS,71,597
CIS,71,598
CIS,71,599
CIS,71,600
CIS,71,601
CIS,71,602
CIS,71,603
CIS,71,604
CIS,71,605
CIS,71,606
CIS,71,607
CIS,71,608
CIS,71,609
CIS,71,610
CIS,71,611
CIS,71,612
CIS,71,613
CIS,71,614
CIS,71,615
CIS,71,616
CIS,71,617
CIS,71,618
CIS,71,619
CIS,71,620
CIS,71,621
CIS,71,622
CIS,71,623
CIS,71,624
CIS,71,625
CIS,71,626
CIS,71,627
CIS,71,628
CIS,71,629
CIS,71,630
CIS,71,631
CIS,71,632
CIS,71,633
CIS,71,634
CIS,71,635
CIS,71,636
CIS,71,637
CIS,71,672
CIS,71,673
CIS,71,674
CIS,71,675
CIS,71,676
CIS,71,677
CIS,71,678
CIS,71,679
CIS,71,680
CIS,71,681
CIS,71,682
CIS,71,683
CIS,71,684
CIS,71,685
CIS,71,693
CIS,71,694
CIS,71,695
CIS,71,696
CIS,71,697
CIS,72,400
CIS,72,401
CIS,72,402
CIS,72,403
CIS,72,404
CIS,72,405
CIS,72,406
CIS,72,410
CIS,72,411
CIS,72,412
CIS,72,413
CIS,72,414
CIS,72,415
CIS,72,416
CIS,72,417
CIS,72,418
CIS,72,419
CIS,72,420
CIS,72,421
CIS,72,422
CIS,72,423
CIS,72,424
CIS,72,425
CIS,72,426
CIS,72,427
CIS,72,428
CIS,72,429
CIS,72,430
CIS,72,431
CIS,72,432
CIS,72,433
CIS,72,434
CIS,72,435
CIS,72,436
CIS,72,437
CIS,72,438
CIS,72,439
CIS,72,440
CIS,72,441
CIS,72,442
CIS,72,443
CIS,72,444
CIS,72,445
CIS,72,446
CIS,72,447
CIS,72,448
CIS,72,449
CIS,72,450
CIS,72,451
CIS,72,452
CIS,72,453
CIS,72,454
CIS,72,455
CIS,72,456
CIS,72,457
CIS,72,458
CIS,72,459
CIS,72,460
CIS,72,461
CIS,72,462
CIS,72,463
CIS,72,464
CIS,72,465
CIS,72,466
CIS,72,467
CIS,72,468
CIS,72,469
CIS,72,470
CIS,72,471
CIS,72,472
CIS,72,473
CIS,72,474
CIS,72,475
CIS,72,476
CIS,72,477
CIS,72,478
CIS,72,479
CIS,72,480
CIS,72,481
CIS,72,482
CIS,72,483
CIS,72,484
CIS,72,485
CIS,72,486
CIS,72,487
CIS,72,488
CIS,72,489
CIS,72,490
CIS,72,491
CIS,72,492
CIS,72,493
CIS,72,494
CIS,72,495
CIS,72,496
CIS,72,497
CIS,72,498
CIS,72,499
CIS,72,500
CIS,72,501
CIS,72,502
CIS,72,503
CIS,72,504
CIS,72,505
CIS,72,506
CIS,72,507
CIS,72,508
CIS,72,509
CIS,72,510
CIS,72,511
CIS,72,512
CIS,72,513
CIS,72,514
CIS,72,515
CIS,72,516
CIS,72,517
CIS,72,518
CIS,72,519
CIS,72,520
CIS,72,521
CIS,72,522
CIS,72,523
CIS,72,524
CIS,72,525
CIS,72,526
CIS,72,527
CIS,72,528
CIS,72,529
CIS,72,530
CIS,72,531
CIS,72,532
CIS,72,533
CIS,72,534
CIS,72,535
CIS,72,536
CIS,72,537
CIS,72,538
CIS,72,539
CIS,72,540
CIS,72,541
CIS,72,542
CIS,72,543
CIS,72,544
CIS,72,545
CIS,72,546
CIS,72,547
CIS,72,548
CIS,72,549
CIS,72,550
CIS,72,551
CIS,72,552
CIS,72,553
CIS,72,554
CIS,72,555
CIS,72,556
CIS,72,557
CIS,72,558
CIS,72,559
CIS,72,560
CIS,72,561
CIS,72,562
CIS,72,563
CIS,72,564
CIS,72,565
CIS,72,566
CIS,72,567
CIS,72,568
CIS,72,569
CIS,72,570
CIS,72,571
CIS,72,572
CIS,72,573
CIS,72,574
CIS,72,575
CIS,72,576
CIS,72,577
CIS,72,578
CIS,72,579
CIS,72,580
CIS,72,581
CIS,72,582
CIS,72,583
CIS,72,584
CIS,72,585
CIS,72,586
CIS,72,587
CIS,72,588
CIS,72,589
CIS,72,590
CIS,72,591
CIS,72,592
CIS,72,593
CIS,72,594
CIS,72,595
CIS,72,596
CIS,72,597
CIS,72,598
CIS,72,599
CIS,72,600
CIS,72,601
CIS,72,602
CIS,72,603
CIS,72,604
CIS,72,605
CIS,72,606
CIS,72,607
CIS,72,608
CIS,72,609
CIS,72,610
CIS,72,611
CIS,72,612
CIS,72,613
CIS,72,614
CIS,72,615
CIS,72,616
CIS,72,617
CIS,72,618
CIS,72,619
CIS,72,620
CIS,72,621
CIS,72,622
CIS,72,623
CIS,72,624
CIS,72,625
CIS,72,626
CIS,72,627
CIS,72,628
CIS,72,629
CIS,72,630
CIS,72,631
CIS,72,632
CIS,72,633
CIS,72,634
CIS,72,635
CIS,72,636
CIS,72,638
CIS,72,639
CIS,72,640
CIS,72,641
CIS,72,645
CIS,72,646
CIS,72,647
CIS,72,672
CIS,72,673
CIS,72,674
CIS,72,675
CIS,72,676
CIS,72,677
CIS,72,678
CIS,72,679
CIS,72,680
CIS,72,681
CIS,72,682
CIS,73,408
CIS,73,409
CIS,73,410
CIS,73,411
CIS,73,412
CIS,73,413
CIS,73,414
CIS,73,415
CIS,73,416
CIS,73,417
CIS,73,418
CIS,73,419
CIS,73,420
CIS,73,421
CIS,73,422
CIS,73,423
CIS,73,424
CIS,73,425
CIS,73,426
CIS,73,427
CIS,73,428
CIS,73,429
CIS,73,430
CIS,73,431
CIS,73,432
CIS,73,433
CIS,73,434
CIS,73,435
CIS,73,436
CIS,73,437
CIS,73,438
CIS,73,439
CIS,73,440
CIS,73,441
CIS,73,442
CIS,73,443
CIS,73,444
CIS,73,445
CIS,73,446
CIS,73,447
CIS,73,448
CIS,73,449
CIS,73,450
CIS,73,451
CIS,73,452
CIS,73,453
CIS,73,454
CIS,73,455
CIS,73,456
CIS,73,457
CIS,73,458
CIS,73,459
CIS,73,460
CIS,73,461
CIS,73,462
CIS,73,463
CIS,73,464
CIS,73,465
CIS,73,466
CIS,73,467
CIS,73,468
CIS,73,469
CIS,73,470
CIS,73,471
CIS,73,472
CIS,73,473
CIS,73,474
CIS,73,475
CIS,73,476
CIS,73,477
CIS,73,478
CIS,73,479
CIS,73,480
CIS,73,481
CIS,73,482
CIS,73,483
CIS,73,484
CIS,73,485
CIS,73,486
CIS,73,487
CIS,73,488
CIS,73,489
CIS,73,490
CIS,73,491
CIS,73,492
CIS,73,493
CIS,73,494
CIS,73,495
CIS,73,496
CIS,73,497
CIS,73,498
CIS,73,499
CIS,73,500
CIS,73,501
CIS,73,502
CIS,73,503
CIS,73,504
CIS,73,505
CIS,73,506
CIS,73,507
CIS,73,508
CIS,73,509
CIS,73,510
CIS,73,511
CIS,73,512
CIS,73,513
CIS,73,514
CIS,73,515
CIS,73,516
CIS,73,517
CIS,73,518
CIS,73,519
CIS,73,520
CIS,73,521
CIS,73,522
CIS,73,523
CIS,73,524
CIS,73,525
CIS,73,526
CIS,73,527
CIS,73,528
CIS,73,529
CIS,73,530
CIS,73,531
CIS,73,532
CIS,73,533
CIS,73,534
CIS,73,535
CIS,73,536
CIS,73,537
CIS,73,538
CIS,73,539
CIS,73,540
CIS,73,541
CIS,73,542
CIS,73,543
CIS,73,544
CIS,73,545
CIS,73,546
CIS,73,547
CIS,73,548
CIS,73,549
CIS,73,550
CIS,73,551
CIS,73,552
CIS,73,553
CIS,73,554
CIS,73,555
CIS,73,556
CIS,73,557
CIS,73,558
CIS,73,559
CIS,73,560
CIS,73,561
CIS,73,562
CIS,73,563
CIS,73,564
CIS,73,565
CIS,73,566
CIS,73,567
CIS,73,568
CIS,73,569
CIS,73,570
CIS,73,571
CIS,73,572
CIS,73,573
CIS,73,574
CIS,73,575
CIS,73,576
CIS,73,577
CIS,73,578
CIS,73,579
CIS,73,580
CIS,73,581
CIS,73,582
CIS,73,583
CIS,73,584
CIS,73,585
CIS,73,586
CIS,73,587
CIS,73,588
CIS,73,589
CIS,73,590
CIS,73,591
CIS,73,592
CIS,73,593
CIS,73,594
CIS,73,595
CIS,73,596
CIS,73,597
CIS,73,598
CIS,73,599
CIS,73,600
CIS,73,601
CIS,73,602
CIS,73,603
CIS,73,604
CIS,73,605
CIS,73,606
CIS,73,607
CIS,73,608
CIS,73,609
CIS,73,610
CIS,73,611
CIS,73,612
CIS,73,613
CIS,73,614
CIS,73,615
CIS,73,616
CIS,73,617
CIS,73,618
CIS,73,619
CIS,73,620
CIS,73,621
CIS,73,622
CIS,73,623
CIS,73,624
CIS,73,625
CIS,73,626
CIS,73,627
CIS,73,628
CIS,73,629
CIS,73,630
CIS,73,631
CIS,73,632
CIS,73,633
CIS,73,634
CIS,73,635
CIS,73,636
CIS,73,637
CIS,73,638
CIS,73,639
CIS,73,640
CIS,73,641
CIS,73,642
CIS,73,645
CIS,73,646
CIS,73,647
CIS,73,672
CIS,73,673
CIS,73,674
CIS,73,675
CIS,73,676
CIS,73,677
CIS,73,678
CIS,73,679
CIS,73,680
CIS,74,408
CIS,74,409
CIS,74,410
CIS,74,411
CIS,74,412
CIS,74,413
CIS,74,414
CIS,74,415
CIS,74,416
CIS,74,417
CIS,74,418
CIS,74,419
CIS,74,420
CIS,74,421
CIS,74,422
CIS,74,423
CIS,74,424
CIS,74,425
CIS,74,426
CIS,74,427
CIS,74,428
CIS,74,429
CIS,74,430
CIS,74,431
CIS,74,432
CIS,74,433
CIS,74,434
CIS,74,435
CIS,74,436
CIS,74,437
CIS,74,438
CIS,74,439
CIS,74,440
CIS,74,441
CIS,74,442
CIS,74,443
CIS,74,444
CIS,74,445
CIS,74,446
CIS,74,447
CIS,74,448
CIS,74,449
CIS,74,450
CIS,74,451
CIS,74,452
CIS,74,453
CIS,74,454
CIS,74,455
CIS,74,456
CIS,74,457
CIS,74,458
CIS,74,459
CIS,74,460
CIS,74,461
CIS,74,462
CIS,74,463
CIS,74,464
CIS,74,465
CIS,74,466
CIS,74,467
CIS,74,468
CIS,74,469
CIS,74,470
CIS,74,471
CIS,74,472
CIS,74,473
CIS,74,474
CIS,74,475
CIS,74,476
CIS,74,477
CIS,74,478
CIS,74,479
CIS,74,480
CIS,74,481
CIS,74,482
CIS,74,483
CIS,74,484
CIS,74,485
CIS,74,486
CIS,74,487
CIS,74,488
CIS,74,489
CIS,74,490
CIS,74,491
CIS,74,492
CIS,74,493
CIS,74,494
CIS,74,495
CIS,74,496
CIS,74,497
CIS,74,498
CIS,74,499
CIS,74,500
CIS,74,501
CIS,74,502
CIS,74,503
CIS,74,504
CIS,74,505
CIS,74,506
CIS,74,507
CIS,74,508
CIS,74,509
CIS,74,510
CIS,74,511
CIS,74,512
CIS,74,513
CIS,74,514
CIS,74,515
CIS,74,516
CIS,74,517
CIS,74,518
CIS,74,519
CIS,74,520
CIS,74,521
CIS,74,522
CIS,74,523
CIS,74,524
CIS,74,525
CIS,74,526
CIS,74,527
CIS,74,528
CIS,74,529
CIS,74,530
CIS,74,531
CIS,74,532
CIS,74,533
CIS,74,534
CIS,74,535
CIS,74,536
CIS,74,537
CIS,74,538
CIS,74,539
CIS,74,540
CIS,74,541
CIS,74,542
CIS,74,543
CIS,74,544
CIS,74,545
CIS,74,546
CIS,74,547
CIS,74,548
CIS,74,549
CIS,74,550
CIS,74,551
CIS,74,552
CIS,74,553
CIS,74,554
CIS,74,555
CIS,74,556
CIS,74,557
CIS,74,558
CIS,74,559
CIS,74,560
CIS,74,561
CIS,74,562
CIS,74,563
CIS,74,564
CIS,74,565
CIS,74,566
CIS,74,567
CIS,74,568
CIS,74,569
CIS,74,570
CIS,74,571
CIS,74,572
CIS,74,573
CIS,74,574
CIS,74,575
CIS,74,576
CIS,74,577
CIS,74,578
CIS,74,579
CIS,74,580
CIS,74,581
CIS,74,582
CIS,74,583
CIS,74,584
CIS,74,585
CIS,74,586
CIS,74,587
CIS,74,588
CIS,74,589
CIS,74,590
CIS,74,591
CIS,74,592
CIS,74,593
CIS,74,594
CIS,74,595
CIS,74,596
CIS,74,597
CIS,74,598
CIS,74,599
CIS,74,600
CIS,74,601
CIS,74,602
CIS,74,603
CIS,74,604
CIS,74,605
CIS,74,609
CIS,74,610
CIS,74,611
CIS,74,612
CIS,74,613
CIS,74,614
CIS,74,615
CIS,74,616
CIS,74,617
CIS,74,618
CIS,74,619
CIS,74,620
CIS,74,621
CIS,74,622
CIS,74,623
CIS,74,624
CIS,74,625
CIS,74,626
CIS,74,627
CIS,74,628
CIS,74,629
CIS,74,630
CIS,74,631
CIS,74,632
CIS,74,633
CIS,74,634
CIS,74,635
CIS,74,636
CIS,74,637
CIS,74,638
CIS,74,639
CIS,74,640
CIS,74,641
CIS,74,642
CIS,74,643
CIS,74,644
CIS,74,645
CIS,74,646
CIS,74,647
CIS,74,673
CIS,74,674
CIS,74,675
CIS,74,676
CIS,74,677
CIS,74,678
CIS,74,679
CIS,74,680
CIS,74,681
CIS,75,407
CIS,75,408
CIS,75,409
CIS,75,410
CIS,75,411
CIS,75,412
CIS,75,413
CIS,75,414
CIS,75,415
CIS,75,416
CIS,75,417
CIS,75,418
CIS,75,419
CIS,75,420
CIS,75,421
CIS,75,422
CIS,75,423
CIS,75,424
CIS,75,425
CIS,75,426
CIS,75,427
CIS,75,428
CIS,75,429
CIS,75,430
CIS,75,431
CIS,75,432
CIS,75,433
CIS,75,434
CIS,75,435
CIS,75,436
CIS,75,437
CIS,75,438
CIS,75,439
CIS,75,440
CIS,75,441
CIS,75,442
CIS,75,443
CIS,75,444
CIS,75,445
CIS,75,446
CIS,75,447
CIS,75,448
CIS,75,449
CIS,75,450
CIS,75,451
CIS,75,452
CIS,75,453
CIS,75,454
CIS,75,455
CIS,75,456
CIS,75,457
CIS,75,458
CIS,75,459
CIS,75,460
CIS,75,461
CIS,75,462
CIS,75,463
CIS,75,464
CIS,75,465
CIS,75,466
CIS,75,467
CIS,75,468
CIS,75,469
CIS,75,470
CIS,75,471
CIS,75,472
CIS,75,473
CIS,75,474
CIS,75,475
CIS,75,476
CIS,75,477
CIS,75,478
CIS,75,479
CIS,75,480
CIS,75,481
CIS,75,482
CIS,75,483
CIS,75,484
CIS,75,485
CIS,75,486
CIS,75,487
CIS,75,488
CIS,75,489
CIS,75,490
CIS,75,491
CIS,75,492
CIS,75,493
CIS,75,494
CIS,75,495
CIS,75,496
CIS,75,497
CIS,75,498
CIS,75,499
CIS,75,500
CIS,75,501
CIS,75,502
CIS,75,503
CIS,75,504
CIS,75,505
CIS,75,506
CIS,75,507
CIS,75,508
CIS,75,509
CIS,75,510
CIS,75,511
CIS,75,512
CIS,75,513
CIS,75,514
CIS,75,515
CIS,75,516
CIS,75,517
CIS,75,518
CIS,75,519
CIS,75,520
CIS,75,521
CIS,75,522
CIS,75,523
CIS,75,524
CIS,75,525
CIS,75,526
CIS,75,527
CIS,75,528
CIS,75,529
CIS,75,530
CIS,75,531
CIS,75,532
CIS,75,533
CIS,75,534
CIS,75,535
CIS,75,536
CIS,75,537
CIS,75,538
CIS,75,539
CIS,75,540
CIS,75,541
CIS,75,542
CIS,75,543
CIS,75,544
CIS,75,545
CIS,75,546
CIS,75,547
CIS,75,548
CIS,75,549
CIS,75,550
CIS,75,551
CIS,75,552
CIS,75,553
CIS,75,554
CIS,75,555
CIS,75,556
CIS,75,557
CIS,75,558
CIS,75,559
CIS,75,560
CIS,75,561
CIS,75,562
CIS,75,563
CIS,75,564
CIS,75,565
CIS,75,566
CIS,75,567
CIS,75,568
CIS,75,569
CIS,75,570
CIS,75,571
CIS,75,572
CIS,75,573
CIS,75,574
CIS,75,575
CIS,75,576
CIS,75,577
CIS,75,578
CIS,75,579
CIS,75,580
CIS,75,581
CIS,75,582
CIS,75,583
CIS,75,584
CIS,75,585
CIS,75,586
CIS,75,587
CIS,75,588
CIS,75,589
CIS,75,590
CIS,75,591
CIS,75,592
CIS,75,593
CIS,75,594
CIS,75,595
CIS,75,596
CIS,75,597
CIS,75,598
CIS,75,599
CIS,75,600
CIS,75,601
CIS,75,602
CIS,75,612
CIS,75,613
CIS,75,614
CIS,75,615
CIS,75,616
CIS,75,617
CIS,75,618
CIS,75,619
CIS,75,620
CIS,75,621
CIS,75,622
CIS,75,623
CIS,75,624
CIS,75,625
CIS,75,626
CIS,75,627
CIS,75,628
CIS,75,629
CIS,75,630
CIS,75,631
CIS,75,632
CIS,75,633
CIS,75,634
CIS,75,635
CIS,75,636
CIS,75,637
CIS,75,638
CIS,75,639
CIS,75,640
CIS,75,641
CIS,75,642
CIS,75,643
CIS,75,644
CIS,75,645
CIS,75,646
CIS,75,647
CIS,75,673
CIS,75,674
CIS,75,675
CIS,75,676
CIS,75,677
CIS,75,678
CIS,76,407
CIS,76,408
CIS,76,409
CIS,76,410
CIS,76,411
CIS,76,412
CIS,76,413
CIS,76,414
CIS,76,415
CIS,76,416
CIS,76,417
CIS,76,418
CIS,76,419
CIS,76,420
CIS,76,421
CIS,76,422
CIS,76,423
CIS,76,424
CIS,76,425
CIS,76,426
CIS,76,427
CIS,76,428
CIS,76,429
CIS,76,430
CIS,76,431
CIS,76,432
CIS,76,433
CIS,76,434
CIS,76,435
CIS,76,436
CIS,76,437
CIS,76,438
CIS,76,439
CIS,76,440
CIS,76,441
CIS,76,442
CIS,76,443
CIS,76,444
CIS,76,445
CIS,76,446
CIS,76,447
CIS,76,448
CIS,76,449
CIS,76,450
CIS,76,451
CIS,76,452
CIS,76,453
CIS,76,454
CIS,76,455
CIS,76,456
CIS,76,457
CIS,76,458
CIS,76,459
CIS,76,460
CIS,76,461
CIS,76,462
CIS,76,463
CIS,76,464
CIS,76,465
CIS,76,466
CIS,76,467
CIS,76,468
CIS,76,469
CIS,76,470
CIS,76,471
CIS,76,472
CIS,76,473
CIS,76,474
CIS,76,475
CIS,76,476
CIS,76,477
CIS,76,478
CIS,76,479
CIS,76,480
CIS,76,481
CIS,76,482
CIS,76,483
CIS,76,484
CIS,76,485
CIS,76,486
CIS,76,487
CIS,76,488
CIS,76,489
CIS,76,490
CIS,76,491
CIS,76,492
CIS,76,493
CIS,76,494
CIS,76,495
CIS,76,496
CIS,76,497
CIS,76,498
CIS,76,499
CIS,76,500
CIS,76,501
CIS,76,502
CIS,76,503
CIS,76,504
CIS,76,505
CIS,76,506
CIS,76,507
CIS,76,508
CIS,76,509
CIS,76,510
CIS,76,511
CIS,76,512
CIS,76,513
CIS,76,514
CIS,76,515
CIS,76,516
CIS,76,517
CIS,76,518
CIS,76,519
CIS,76,520
CIS,76,521
CIS,76,522
CIS,76,523
CIS,76,524
CIS,76,525
CIS,76,526
CIS,76,527
CIS,76,528
CIS,76,529
CIS,76,530
CIS,76,531
CIS,76,532
CIS,76,533
CIS,76,534
CIS,76,535
CIS,76,536
CIS,76,537
CIS,76,538
CIS,76,539
CIS,76,540
CIS,76,541
CIS,76,542
CIS,76,543
CIS,76,544
CIS,76,545
CIS,76,546
CIS,76,547
CIS,76,548
CIS,76,549
CIS,76,550
CIS,76,551
CIS,76,552
CIS,76,553
CIS,76,554
CIS,76,555
CIS,76,556
CIS,76,557
CIS,76,558
CIS,76,559
CIS,76,560
CIS,76,561
CIS,76,562
CIS,76,563
CIS,76,564
CIS,76,565
CIS,76,566
CIS,76,567
CIS,76,568
CIS,76,569
CIS,76,570
CIS,76,571
CIS,76,572
CIS,76,573
CIS,76,574
CIS,76,575
CIS,76,576
CIS,76,577
CIS,76,578
CIS,76,579
CIS,76,580
CIS,76,581
CIS,76,582
CIS,76,583
CIS,76,584
CIS,76,585
CIS,76,586
CIS,76,587
CIS,76,588
CIS,76,589
CIS,76,590
CIS,76,591
CIS,76,592
CIS,76,593
CIS,76,594
CIS,76,595
CIS,76,596
CIS,76,597
CIS,76,598
CIS,76,599
CIS,76,600
CIS,76,601
CIS,76,602
CIS,76,613
CIS,76,614
CIS,76,615
CIS,76,616
CIS,76,617
CIS,76,618
CIS,76,619
CIS,76,620
CIS,76,621
CIS,76,622
CIS,76,623
CIS,76,624
CIS,76,625
CIS,76,626
CIS,76,627
CIS,76,628
CIS,76,629
CIS,76,630
CIS,76,631
CIS,76,632
CIS,76,633
CIS,76,634
CIS,76,635
CIS,76,636
CIS,76,637
CIS,76,638
CIS,76,639
CIS,76,640
CIS,76,641
CIS,76,642
CIS,76,643
CIS,76,644
CIS,76,645
CIS,76,646
CIS,76,647
CIS,76,673
CIS,76,674
CIS,76,675
CIS,76,676
CIS,76,677
CIS,76,678
CIS,77,408
CIS,77,409
CIS,77,410
CIS,77,411
CIS,77,412
CIS,77,413
CIS,77,414
CIS,77,415
CIS,77,416
CIS,77,417
CIS,77,418
CIS,77,419
CIS,77,420
CIS,77,421
CIS,77,422
CIS,77,423
CIS,77,424
CIS,77,425
CIS,77,426
CIS,77,427
CIS,77,428
CIS,77,429
CIS,77,430
CIS,77,431
CIS,77,432
CIS,77,433
CIS,77,434
CIS,77,435
CIS,77,436
CIS,77,437
CIS,77,438
CIS,77,439
CIS,77,440
CIS,77,441
CIS,77,442
CIS,77,443
CIS,77,444
CIS,77,445
CIS,77,446
CIS,77,447
CIS,77,448
CIS,77,449
CIS,77,450
CIS,77,451
CIS,77,452
CIS,77,453
CIS,77,454
CIS,77,455
CIS,77,456
CIS,77,457
CIS,77,458
CIS,77,459
CIS,77,460
CIS,77,461
CIS,77,462
CIS,77,463
CIS,77,464
CIS,77,465
CIS,77,466
CIS,77,467
CIS,77,468
CIS,77,469
CIS,77,470
CIS,77,471
CIS,77,472
CIS,77,473
CIS,77,474
CIS,77,475
CIS,77,476
CIS,77,477
CIS,77,478
CIS,77,479
CIS,77,480
CIS,77,481
CIS,77,482
CIS,77,483
CIS,77,484
CIS,77,485
CIS,77,486
CIS,77,487
CIS,77,488
CIS,77,489
CIS,77,490
CIS,77,491
CIS,77,492
CIS,77,493
CIS,77,494
CIS,77,495
CIS,77,496
CIS,77,497
CIS,77,498
CIS,77,499
CIS,77,500
CIS,77,501
CIS,77,502
CIS,77,503
CIS,77,504
CIS,77,505
CIS,77,506
CIS,77,507
CIS,77,508
CIS,77,509
CIS,77,510
CIS,77,511
CIS,77,512
CIS,77,513
CIS,77,514
CIS,77,515
CIS,77,516
CIS,77,517
CIS,77,518
CIS,77,519
CIS,77,520
CIS,77,521
CIS,77,522
CIS,77,523
CIS,77,524
CIS,77,525
CIS,77,526
CIS,77,527
CIS,77,528
CIS,77,529
CIS,77,530
CIS,77,531
CIS,77,532
CIS,77,533
CIS,77,534
CIS,77,535
CIS,77,536
CIS,77,537
CIS,77,538
CIS,77,539
CIS,77,540
CIS,77,541
CIS,77,542
CIS,77,543
CIS,77,544
CIS,77,545
CIS,77,546
CIS,77,547
CIS,77,548
CIS,77,549
CIS,77,550
CIS,77,551
CIS,77,552
CIS,77,553
CIS,77,554
CIS,77,555
CIS,77,556
CIS,77,557
CIS,77,558
CIS,77,559
CIS,77,560
CIS,77,561
CIS,77,562
CIS,77,563
CIS,77,564
CIS,77,565
CIS,77,566
CIS,77,567
CIS,77,568
CIS,77,569
CIS,77,570
CIS,77,571
CIS,77,572
CIS,77,573
CIS,77,574
CIS,77,575
CIS,77,576
CIS,77,577
CIS,77,578
CIS,77,579
CIS,77,580
CIS,77,581
CIS,77,582
CIS,77,583
CIS,77,584
CIS,77,585
CIS,77,586
CIS,77,587
CIS,77,588
CIS,77,589
CIS,77,590
CIS,77,591
CIS,77,592
CIS,77,593
CIS,77,594
CIS,77,595
CIS,77,596
CIS,77,597
CIS,77,598
CIS,77,599
CIS,77,600
CIS,77,601
CIS,77,602
CIS,77,614
CIS,77,615
CIS,77,616
CIS,77,617
CIS,77,618
CIS,77,619
CIS,77,620
CIS,77,621
CIS,77,622
CIS,77,623
CIS,77,624
CIS,77,625
CIS,77,626
CIS,77,627
CIS,77,628
CIS,77,629
CIS,77,630
CIS,77,631
CIS,77,632
CIS,77,633
CIS,77,634
CIS,77,635
CIS,77,636
CIS,77,637
CIS,77,638
CIS,77,639
CIS,77,640
CIS,77,641
CIS,77,642
CIS,77,643
CIS,77,644
CIS,77,645
CIS,77,646
CIS,77,647
CIS,77,674
CIS,77,675
CIS,77,676
CIS,77,677
CIS,78,408
CIS,78,409
CIS,78,410
CIS,78,411
CIS,78,412
CIS,78,413
CIS,78,414
CIS,78,415
CIS,78,416
CIS,78,417
CIS,78,418
CIS,78,419
CIS,78,420
CIS,78,421
CIS,78,422
CIS,78,423
CIS,78,424
CIS,78,425
CIS,78,426
CIS,78,427
CIS,78,428
CIS,78,429
CIS,78,430
CIS,78,431
CIS,78,432
CIS,78,433
CIS,78,434
CIS,78,435
CIS,78,436
CIS,78,437
CIS,78,438
CIS,78,439
CIS,78,440
CIS,78,441
CIS,78,442
CIS,78,443
CIS,78,444
CIS,78,445
CIS,78,446
CIS,78,447
CIS,78,448
CIS,78,449
CIS,78,450
CIS,78,451
CIS,78,452
CIS,78,453
CIS,78,454
CIS,78,455
CIS,78,456
CIS,78,457
CIS,78,458
CIS,78,459
CIS,78,460
CIS,78,461
CIS,78,462
CIS,78,463
CIS,78,464
CIS,78,465
CIS,78,466
CIS,78,467
CIS,78,468
CIS,78,469
CIS,78,470
CIS,78,471
CIS,78,472
CIS,78,473
CIS,78,474
CIS,78,475
CIS,78,476
CIS,78,477
CIS,78,478
CIS,78,479
CIS,78,480
CIS,78,481
CIS,78,482
CIS,78,483
CIS,78,484
CIS,78,485
CIS,78,486
CIS,78,487
CIS,78,488
CIS,78,489
CIS,78,490
CIS,78,491
CIS,78,492
CIS,78,493
CIS,78,494
CIS,78,495
CIS,78,496
CIS,78,497
CIS,78,498
CIS,78,499
CIS,78,500
CIS,78,501
CIS,78,502
CIS,78,503
CIS,78,504
CIS,78,505
CIS,78,506
CIS,78,507
CIS,78,508
CIS,78,509
CIS,78,510
CIS,78,511
CIS,78,512
CIS,78,513
CIS,78,514
CIS,78,515
CIS,78,516
CIS,78,517
CIS,78,518
CIS,78,519
CIS,78,520
CIS,78,521
CIS,78,522
CIS,78,523
CIS,78,524
CIS,78,525
CIS,78,526
CIS,78,527
CIS,78,528
CIS,78,529
CIS,78,530
CIS,78,531
CIS,78,532
CIS,78,533
CIS,78,534
CIS,78,535
CIS,78,536
CIS,78,537
CIS,78,538
CIS,78,539
CIS,78,540
CIS,78,541
CIS,78,542
CIS,78,543
CIS,78,544
CIS,78,545
CIS,78,546
CIS,78,547
CIS,78,548
CIS,78,549
CIS,78,550
CIS,78,551
CIS,78,552
CIS,78,553
CIS,78,554
CIS,78,555
CIS,78,556
CIS,78,557
CIS,78,564
CIS,78,565
CIS,78,566
CIS,78,567
CIS,78,568
CIS,78,569
CIS,78,570
CIS,78,571
CIS,78,572
CIS,78,573
CIS,78,574
CIS,78,575
CIS,78,576
CIS,78,577
CIS,78,578
CIS,78,579
CIS,78,580
CIS,78,581
CIS,78,582
CIS,78,583
CIS,78,584
CIS,78,585
CIS,78,586
CIS,78,587
CIS,78,588
CIS,78,589
CIS,78,590
CIS,78,591
CIS,78,592
CIS,78,593
CIS,78,594
CIS,78,595
CIS,78,596
CIS,78,597
CIS,78,598
CIS,78,599
CIS,78,600
CIS,78,614
CIS,78,615
CIS,78,616
CIS,78,617
CIS,78,618
CIS,78,619
CIS,78,620
CIS,78,621
CIS,78,622
CIS,78,623
CIS,78,624
CIS,78,625
CIS,78,626
CIS,78,627
CIS,78,628
CIS,78,629
CIS,78,630
CIS,78,631
CIS,78,632
CIS,78,633
CIS,78,634
CIS,78,635
CIS,78,636
CIS,78,637
CIS,78,638
CIS,78,639
CIS,78,640
CIS,78,641
CIS,78,642
CIS,78,645
CIS,78,646
CIS,78,647
CIS,78,648
CIS,78,674
CIS,78,675
CIS,78,676
CIS,79,409
CIS,79,410
CIS,79,411
CIS,79,412
CIS,79,413
CIS,79,414
CIS,79,415
CIS,79,416
CIS,79,417
CIS,79,418
CIS,79,419
CIS,79,420
CIS,79,421
CIS,79,422
CIS,79,423
CIS,79,424
CIS,79,425
CIS,79,426
CIS,79,427
CIS,79,428
CIS,79,429
CIS,79,430
CIS,79,431
CIS,79,432
CIS,79,433
CIS,79,434
CIS,79,435
CIS,79,436
CIS,79,437
CIS,79,438
CIS,79,439
CIS,79,440
CIS,79,441
CIS,79,442
CIS,79,443
CIS,79,444
CIS,79,445
CIS,79,446
CIS,79,447
CIS,79,448
CIS,79,449
CIS,79,450
CIS,79,451
CIS,79,452
CIS,79,453
CIS,79,454
CIS,79,455
CIS,79,456
CIS,79,457
CIS,79,458
CIS,79,459
CIS,79,460
CIS,79,461
CIS,79,462
CIS,79,463
CIS,79,464
CIS,79,465
CIS,79,466
CIS,79,467
CIS,79,468
CIS,79,469
CIS,79,470
CIS,79,471
CIS,79,472
CIS,79,473
CIS,79,474
CIS,79,475
CIS,79,476
CIS,79,477
CIS,79,478
CIS,79,479
CIS,79,480
CIS,79,481
CIS,79,482
CIS,79,483
CIS,79,484
CIS,79,485
CIS,79,486
CIS,79,487
CIS,79,488
CIS,79,489
CIS,79,490
CIS,79,491
CIS,79,492
CIS,79,493
CIS,79,494
CIS,79,495
CIS,79,496
CIS,79,497
CIS,79,498
CIS,79,499
CIS,79,500
CIS,79,501
CIS,79,502
CIS,79,503
CIS,79,504
CIS,79,505
CIS,79,506
CIS,79,507
CIS,79,508
CIS,79,509
CIS,79,510
CIS,79,511
CIS,79,512
CIS,79,513
CIS,79,514
CIS,79,515
CIS,79,516
CIS,79,517
CIS,79,518
CIS,79,519
CIS,79,520
CIS,79,521
CIS,79,522
CIS,79,523
CIS,79,524
CIS,79,525
CIS,79,526
CIS,79,527
CIS,79,528
CIS,79,529
CIS,79,530
CIS,79,531
CIS,79,532
CIS,79,533
CIS,79,534
CIS,79,535
CIS,79,536
CIS,79,537
CIS,79,538
CIS,79,539
CIS,79,540
CIS,79,541
CIS,79,542
CIS,79,543
CIS,79,544
CIS,79,545
CIS,79,546
CIS,79,547
CIS,79,548
CIS,79,549
CIS,79,550
CIS,79,551
CIS,79,552
CIS,79,553
CIS,79,554
CIS,79,555
CIS,79,556
CIS,79,557
CIS,79,565
CIS,79,566
CIS,79,567
CIS,79,568
CIS,79,569
CIS,79,570
CIS,79,571
CIS,79,572
CIS,79,573
CIS,79,574
CIS,79,575
CIS,79,576
CIS,79,577
CIS,79,578
CIS,79,579
CIS,79,580
CIS,79,581
CIS,79,582
CIS,79,583
CIS,79,584
CIS,79,585
CIS,79,586
CIS,79,587
CIS,79,588
CIS,79,589
CIS,79,590
CIS,79,591
CIS,79,592
CIS,79,593
CIS,79,594
CIS,79,595
CIS,79,596
CIS,79,597
CIS,79,598
CIS,79,599
CIS,79,600
CIS,79,615
CIS,79,616
CIS,79,617
CIS,79,618
CIS,79,619
CIS,79,620
CIS,79,621
CIS,79,622
CIS,79,623
CIS,79,624
CIS,79,625
CIS,79,626
CIS,79,627
CIS,79,628
CIS,79,629
CIS,79,630
CIS,79,631
CIS,79,632
CIS,79,633
CIS,79,634
CIS,79,635
CIS,79,636
CIS,79,637
CIS,79,638
CIS,79,639
CIS,79,640
CIS,79,641
CIS,79,642
CIS,79,645
CIS,79,646
CIS,79,647
CIS,79,648
CIS,79,672
CIS,79,673
CIS,79,674
CIS,80,407
CIS,80,408
CIS,80,409
CIS,80,410
CIS,80,411
CIS,80,412
CIS,80,413
CIS,80,414
CIS,80,415
CIS,80,416
CIS,80,417
CIS,80,418
CIS,80,419
CIS,80,420
CIS,80,421
CIS,80,422
CIS,80,423
CIS,80,424
CIS,80,425
CIS,80,426
CIS,80,427
CIS,80,428
CIS,80,429
CIS,80,430
CIS,80,431
CIS,80,432
CIS,80,433
CIS,80,434
CIS,80,435
CIS,80,436
CIS,80,437
CIS,80,438
CIS,80,439
CIS,80,440
CIS,80,441
CIS,80,442
CIS,80,443
CIS,80,444
CIS,80,445
CIS,80,446
CIS,80,447
CIS,80,448
CIS,80,449
CIS,80,450
CIS,80,451
CIS,80,452
CIS,80,453
CIS,80,454
CIS,80,455
CIS,80,456
CIS,80,457
CIS,80,458
CIS,80,459
CIS,80,460
CIS,80,461
CIS,80,462
CIS,80,463
CIS,80,464
CIS,80,465
CIS,80,466
CIS,80,467
CIS,80,468
CIS,80,469
CIS,80,470
CIS,80,471
CIS,80,472
CIS,80,473
CIS,80,474
CIS,80,475
CIS,80,476
CIS,80,477
CIS,80,478
CIS,80,479
CIS,80,480
CIS,80,481
CIS,80,482
CIS,80,483
CIS,80,484
CIS,80,485
CIS,80,486
CIS,80,487
CIS,80,488
CIS,80,489
CIS,80,490
CIS,80,491
CIS,80,492
CIS,80,493
CIS,80,494
CIS,80,495
CIS,80,496
CIS,80,497
CIS,80,498
CIS,80,499
CIS,80,500
CIS,80,501
CIS,80,502
CIS,80,503
CIS,80,504
CIS,80,505
CIS,80,506
CIS,80,507
CIS,80,508
CIS,80,509
CIS,80,510
CIS,80,511
CIS,80,512
CIS,80,513
CIS,80,514
CIS,80,515
CIS,80,516
CIS,80,517
CIS,80,518
CIS,80,519
CIS,80,520
CIS,80,521
CIS,80,522
CIS,80,523
CIS,80,524
CIS,80,525
CIS,80,526
CIS,80,527
CIS,80,528
CIS,80,529
CIS,80,530
CIS,80,531
CIS,80,532
CIS,80,533
CIS,80,534
CIS,80,535
CIS,80,536
CIS,80,537
CIS,80,538
CIS,80,539
CIS,80,540
CIS,80,541
CIS,80,542
CIS,80,543
CIS,80,549
CIS,80,550
CIS,80,551
CIS,80,552
CIS,80,553
CIS,80,554
CIS,80,555
CIS,80,556
CIS,80,557
CIS,80,566
CIS,80,567
CIS,80,568
CIS,80,569
CIS,80,570
CIS,80,571
CIS,80,572
CIS,80,573
CIS,80,574
CIS,80,575
CIS,80,576
CIS,80,577
CIS,80,578
CIS,80,579
CIS,80,580
CIS,80,581
CIS,80,582
CIS,80,583
CIS,80,584
CIS,80,585
CIS,80,586
CIS,80,587
CIS,80,588
CIS,80,589
CIS,80,590
CIS,80,591
CIS,80,592
CIS,80,593
CIS,80,594
CIS,80,595
CIS,80,596
CIS,80,597
CIS,80,598
CIS,80,599
CIS,80,615
CIS,80,616
CIS,80,617
CIS,80,618
CIS,80,619
CIS,80,620
CIS,80,621
CIS,80,622
CIS,80,623
CIS,80,624
CIS,80,625
CIS,80,626
CIS,80,627
CIS,80,628
CIS,80,629
CIS,80,630
CIS,80,631
CIS,80,632
CIS,80,633
CIS,80,634
CIS,80,635
CIS,80,636
CIS,80,637
CIS,80,638
CIS,80,639
CIS,80,640
CIS,80,641
CIS,80,642
CIS,80,645
CIS,80,646
CIS,80,647
CIS,80,648
CIS,80,649
CIS,80,671
CIS,80,672
CIS,80,673
CIS,81,406
CIS,81,407
CIS,81,408
CIS,81,409
CIS,81,410
CIS,81,411
CIS,81,412
CIS,81,413
CIS,81,414
CIS,81,415
CIS,81,416
CIS,81,417
CIS,81,418
CIS,81,419
CIS,81,420
CIS,81,421
CIS,81,422
CIS,81,423
CIS,81,424
CIS,81,425
CIS,81,426
CIS,81,427
CIS,81,428
CIS,81,429
CIS,81,430
CIS,81,431
CIS,81,432
CIS,81,433
CIS,81,434
CIS,81,435
CIS,81,436
CIS,81,437
CIS,81,438
CIS,81,439
CIS,81,440
CIS,81,441
CIS,81,442
CIS,81,443
CIS,81,444
CIS,81,445
CIS,81,446
CIS,81,447
CIS,81,448
CIS,81,449
CIS,81,450
CIS,81,451
CIS,81,452
CIS,81,453
CIS,81,454
CIS,81,455
CIS,81,456
CIS,81,457
CIS,81,458
CIS,81,459
CIS,81,460
CIS,81,461
CIS,81,462
CIS,81,463
CIS,81,464
CIS,81,465
CIS,81,466
CIS,81,467
CIS,81,468
CIS,81,469
CIS,81,470
CIS,81,471
CIS,81,472
CIS,81,473
CIS,81,474
CIS,81,475
CIS,81,476
CIS,81,477
CIS,81,478
CIS,81,479
CIS,81,480
CIS,81,481
CIS,81,482
CIS,81,483
CIS,81,484
CIS,81,485
CIS,81,486
CIS,81,487
CIS,81,488
CIS,81,489
CIS,81,490
CIS,81,491
CIS,81,492
CIS,81,493
CIS,81,494
CIS,81,495
CIS,81,496
CIS,81,497
CIS,81,498
CIS,81,499
CIS,81,500
CIS,81,501
CIS,81,502
CIS,81,503
CIS,81,504
CIS,81,505
CIS,81,506
CIS,81,507
CIS,81,508
CIS,81,509
CIS,81,510
CIS,81,511
CIS,81,512
CIS,81,513
CIS,81,514
CIS,81,515
CIS,81,516
CIS,81,517
CIS,81,518
CIS,81,519
CIS,81,520
CIS,81,521
CIS,81,522
CIS,81,523
CIS,81,524
CIS,81,525
CIS,81,526
CIS,81,527
CIS,81,528
CIS,81,529
CIS,81,530
CIS,81,531
CIS,81,532
CIS,81,533
CIS,81,534
CIS,81,535
CIS,81,536
CIS,81,537
CIS,81,538
CIS,81,539
CIS,81,540
CIS,81,551
CIS,81,552
CIS,81,553
CIS,81,554
CIS,81,555
CIS,81,556
CIS,81,576
CIS,81,577
CIS,81,578
CIS,81,579
CIS,81,580
CIS,81,581
CIS,81,582
CIS,81,583
CIS,81,584
CIS,81,585
CIS,81,586
CIS,81,587
CIS,81,591
CIS,81,592
CIS,81,594
CIS,81,595
CIS,81,596
CIS,81,597
CIS,81,598
CIS,81,616
CIS,81,617
CIS,81,618
CIS,81,619
CIS,81,620
CIS,81,621
CIS,81,622
CIS,81,623
CIS,81,624
CIS,81,625
CIS,81,626
CIS,81,627
CIS,81,628
CIS,81,629
CIS,81,630
CIS,81,631
CIS,81,632
CIS,81,633
CIS,81,634
CIS,81,635
CIS,81,636
CIS,81,637
CIS,81,638
CIS,81,639
CIS,81,640
CIS,81,641
CIS,81,642
CIS,81,645
CIS,81,646
CIS,81,647
CIS,81,648
CIS,81,649
CIS,81,669
CIS,81,670
CIS,82,406
CIS,82,407
CIS,82,408
CIS,82,409
CIS,82,410
CIS,82,411
CIS,82,412
CIS,82,413
CIS,82,414
CIS,82,415
CIS,82,416
CIS,82,417
CIS,82,418
CIS,82,419
CIS,82,420
CIS,82,421
CIS,82,422
CIS,82,423
CIS,82,424
CIS,82,425
CIS,82,426
CIS,82,427
CIS,82,428
CIS,82,429
CIS,82,430
CIS,82,431
CIS,82,432
CIS,82,433
CIS,82,434
CIS,82,435
CIS,82,436
CIS,82,437
CIS,82,438
CIS,82,439
CIS,82,440
CIS,82,441
CIS,82,442
CIS,82,443
CIS,82,444
CIS,82,445
CIS,82,446
CIS,82,447
CIS,82,448
CIS,82,449
CIS,82,450
CIS,82,451
CIS,82,452
CIS,82,453
CIS,82,454
CIS,82,455
CIS,82,456
CIS,82,457
CIS,82,458
CIS,82,459
CIS,82,460
CIS,82,461
CIS,82,462
CIS,82,463
CIS,82,464
CIS,82,465
CIS,82,466
CIS,82,467
CIS,82,468
CIS,82,469
CIS,82,470
CIS,82,471
CIS,82,472
CIS,82,473
CIS,82,474
CIS,82,475
CIS,82,476
CIS,82,477
CIS,82,478
CIS,82,479
CIS,82,480
CIS,82,481
CIS,82,482
CIS,82,483
CIS,82,484
CIS,82,485
CIS,82,486
CIS,82,487
CIS,82,488
CIS,82,489
CIS,82,490
CIS,82,491
CIS,82,492
CIS,82,493
CIS,82,494
CIS,82,495
CIS,82,496
CIS,82,497
CIS,82,498
CIS,82,499
CIS,82,500
CIS,82,501
CIS,82,502
CIS,82,503
CIS,82,504
CIS,82,505
CIS,82,506
CIS,82,507
CIS,82,508
CIS,82,509
CIS,82,510
CIS,82,511
CIS,82,512
CIS,82,513
CIS,82,514
CIS,82,515
CIS,82,516
CIS,82,517
CIS,82,518
CIS,82,519
CIS,82,520
CIS,82,521
CIS,82,522
CIS,82,523
CIS,82,524
CIS,82,525
CIS,82,526
CIS,82,527
CIS,82,528
CIS,82,529
CIS,82,530
CIS,82,531
CIS,82,532
CIS,82,533
CIS,82,534
CIS,82,535
CIS,82,536
CIS,82,537
CIS,82,538
CIS,82,577
CIS,82,578
CIS,82,579
CIS,82,580
CIS,82,581
CIS,82,582
CIS,82,583
CIS,82,584
CIS,82,585
CIS,82,618
CIS,82,619
CIS,82,620
CIS,82,621
CIS,82,622
CIS,82,623
CIS,82,624
CIS,82,625
CIS,82,626
CIS,82,627
CIS,82,628
CIS,82,629
CIS,82,630
CIS,82,631
CIS,82,632
CIS,82,633
CIS,82,634
CIS,82,635
CIS,82,636
CIS,82,637
CIS,82,638
CIS,82,639
CIS,82,640
CIS,82,641
CIS,82,645
CIS,82,646
CIS,82,647
CIS,82,648
CIS,82,649
CIS,82,669
CIS,82,670
CIS,83,405
CIS,83,406
CIS,83,407
CIS,83,408
CIS,83,409
CIS,83,410
CIS,83,411
CIS,83,412
CIS,83,413
CIS,83,414
CIS,83,415
CIS,83,416
CIS,83,417
CIS,83,418
CIS,83,419
CIS,83,420
CIS,83,421
CIS,83,422
CIS,83,423
CIS,83,424
CIS,83,425
CIS,83,426
CIS,83,427
CIS,83,428
CIS,83,429
CIS,83,430
CIS,83,431
CIS,83,432
CIS,83,433
CIS,83,434
CIS,83,435
CIS,83,436
CIS,83,437
CIS,83,438
CIS,83,439
CIS,83,440
CIS,83,441
CIS,83,442
CIS,83,443
CIS,83,444
CIS,83,445
CIS,83,446
CIS,83,447
CIS,83,448
CIS,83,449
CIS,83,450
CIS,83,451
CIS,83,452
CIS,83,453
CIS,83,454
CIS,83,455
CIS,83,456
CIS,83,457
CIS,83,458
CIS,83,459
CIS,83,460
CIS,83,461
CIS,83,462
CIS,83,463
CIS,83,464
CIS,83,465
CIS,83,466
CIS,83,467
CIS,83,468
CIS,83,469
CIS,83,470
CIS,83,471
CIS,83,472
CIS,83,473
CIS,83,474
CIS,83,475
CIS,83,476
CIS,83,477
CIS,83,478
CIS,83,479
CIS,83,480
CIS,83,481
CIS,83,482
CIS,83,483
CIS,83,484
CIS,83,485
CIS,83,486
CIS,83,487
CIS,83,488
CIS,83,489
CIS,83,490
CIS,83,491
CIS,83,492
CIS,83,493
CIS,83,494
CIS,83,495
CIS,83,496
CIS,83,497
CIS,83,498
CIS,83,499
CIS,83,500
CIS,83,501
CIS,83,502
CIS,83,503
CIS,83,504
CIS,83,505
CIS,83,506
CIS,83,507
CIS,83,508
CIS,83,509
CIS,83,510
CIS,83,511
CIS,83,512
CIS,83,513
CIS,83,514
CIS,83,515
CIS,83,516
CIS,83,517
CIS,83,518
CIS,83,519
CIS,83,520
CIS,83,521
CIS,83,522
CIS,83,523
CIS,83,524
CIS,83,525
CIS,83,526
CIS,83,527
CIS,83,528
CIS,83,529
CIS,83,530
CIS,83,531
CIS,83,532
CIS,83,533
CIS,83,534
CIS,83,621
CIS,83,622
CIS,83,623
CIS,83,624
CIS,83,625
CIS,83,626
CIS,83,627
CIS,83,628
CIS,83,629
CIS,83,630
CIS,83,631
CIS,83,632
CIS,83,633
CIS,83,634
CIS,83,635
CIS,83,636
CIS,83,637
CIS,83,638
CIS,83,639
CIS,83,640
CIS,83,641
CIS,83,644
CIS,83,645
CIS,83,646
CIS,83,650
CIS,83,668
CIS,83,669
CIS,84,405
CIS,84,406
CIS,84,407
CIS,84,408
CIS,84,409
CIS,84,410
CIS,84,411
CIS,84,412
CIS,84,413
CIS,84,414
CIS,84,415
CIS,84,416
CIS,84,417
CIS,84,418
CIS,84,419
CIS,84,420
CIS,84,421
CIS,84,422
CIS,84,423
CIS,84,424
CIS,84,425
CIS,84,426
CIS,84,427
CIS,84,428
CIS,84,429
CIS,84,430
CIS,84,431
CIS,84,432
CIS,84,433
CIS,84,434
CIS,84,435
CIS,84,436
CIS,84,437
CIS,84,438
CIS,84,439
CIS,84,440
CIS,84,441
CIS,84,442
CIS,84,443
CIS,84,444
CIS,84,445
CIS,84,446
CIS,84,447
CIS,84,448
CIS,84,449
CIS,84,450
CIS,84,451
CIS,84,452
CIS,84,453
CIS,84,454
CIS,84,455
CIS,84,456
CIS,84,457
CIS,84,458
CIS,84,459
CIS,84,460
CIS,84,461
CIS,84,462
CIS,84,463
CIS,84,464
CIS,84,465
CIS,84,466
CIS,84,467
CIS,84,468
CIS,84,469
CIS,84,470
CIS,84,471
CIS,84,472
CIS,84,473
CIS,84,474
CIS,84,475
CIS,84,476
CIS,84,477
CIS,84,478
CIS,84,479
CIS,84,480
CIS,84,481
CIS,84,482
CIS,84,483
CIS,84,484
CIS,84,485
CIS,84,486
CIS,84,487
CIS,84,488
CIS,84,489
CIS,84,490
CIS,84,491
CIS,84,492
CIS,84,493
CIS,84,494
CIS,84,495
CIS,84,496
CIS,84,497
CIS,84,498
CIS,84,499
CIS,84,500
CIS,84,501
CIS,84,502
CIS,84,503
CIS,84,504
CIS,84,505
CIS,84,506
CIS,84,507
CIS,84,508
CIS,84,509
CIS,84,510
CIS,84,511
CIS,84,512
CIS,84,513
CIS,84,514
CIS,84,515
CIS,84,516
CIS,84,517
CIS,84,518
CIS,84,519
CIS,84,520
CIS,84,521
CIS,84,522
CIS,84,523
CIS,84,524
CIS,84,525
CIS,84,526
CIS,84,527
CIS,84,528
CIS,84,529
CIS,84,530
CIS,84,531
CIS,84,532
CIS,84,533
CIS,84,622
CIS,84,623
CIS,84,624
CIS,84,625
CIS,84,626
CIS,84,627
CIS,84,628
CIS,84,629
CIS,84,630
CIS,84,631
CIS,84,632
CIS,84,633
CIS,84,634
CIS,84,635
CIS,84,636
CIS,84,637
CIS,84,638
CIS,84,639
CIS,84,640
CIS,84,641
CIS,84,645
CIS,84,646
CIS,84,667
CIS,85,408
CIS,85,409
CIS,85,410
CIS,85,411
CIS,85,412
CIS,85,415
CIS,85,416
CIS,85,417
CIS,85,418
CIS,85,419
CIS,85,420
CIS,85,421
CIS,85,422
CIS,85,423
CIS,85,424
CIS,85,425
CIS,85,426
CIS,85,427
CIS,85,428
CIS,85,429
CIS,85,430
CIS,85,431
CIS,85,432
CIS,85,433
CIS,85,434
CIS,85,435
CIS,85,436
CIS,85,437
CIS,85,438
CIS,85,439
CIS,85,440
CIS,85,441
CIS,85,442
CIS,85,443
CIS,85,444
CIS,85,445
CIS,85,446
CIS,85,447
CIS,85,448
CIS,85,449
CIS,85,450
CIS,85,451
CIS,85,452
CIS,85,453
CIS,85,454
CIS,85,455
CIS,85,456
CIS,85,457
CIS,85,458
CIS,85,459
CIS,85,460
CIS,85,461
CIS,85,462
CIS,85,463
CIS,85,464
CIS,85,465
CIS,85,466
CIS,85,467
CIS,85,468
CIS,85,469
CIS,85,470
CIS,85,471
CIS,85,472
CIS,85,473
CIS,85,474
CIS,85,475
CIS,85,476
CIS,85,477
CIS,85,478
CIS,85,479
CIS,85,480
CIS,85,481
CIS,85,482
CIS,85,483
CIS,85,484
CIS,85,485
CIS,85,486
CIS,85,487
CIS,85,488
CIS,85,489
CIS,85,490
CIS,85,491
CIS,85,492
CIS,85,493
CIS,85,494
CIS,85,495
CIS,85,496
CIS,85,497
CIS,85,498
CIS,85,499
CIS,85,500
CIS,85,501
CIS,85,502
CIS,85,503
CIS,85,504
CIS,85,505
CIS,85,506
CIS,85,507
CIS,85,508
CIS,85,509
CIS,85,510
CIS,85,511
CIS,85,512
CIS,85,513
CIS,85,514
CIS,85,515
CIS,85,516
CIS,85,517
CIS,85,518
CIS,85,519
CIS,85,520
CIS,85,521
CIS,85,522
CIS,85,523
CIS,85,524
CIS,85,525
CIS,85,526
CIS,85,527
CIS,85,528
CIS,85,529
CIS,85,530
CIS,85,531
CIS,85,532
CIS,85,622
CIS,85,623
CIS,85,624
CIS,85,625
CIS,85,626
CIS,85,630
CIS,85,631
CIS,85,632
CIS,85,633
CIS,85,634
CIS,85,635
CIS,85,636
CIS,85,637
CIS,85,638
CIS,85,639
CIS,85,645
CIS,85,646
CIS,85,667
CIS,86,416
CIS,86,417
CIS,86,418
CIS,86,419
CIS,86,420
CIS,86,421
CIS,86,422
CIS,86,423
CIS,86,424
CIS,86,425
CIS,86,426
CIS,86,427
CIS,86,428
CIS,86,429
CIS,86,430
CIS,86,431
CIS,86,432
CIS,86,433
CIS,86,434
CIS,86,435
CIS,86,436
CIS,86,437
CIS,86,438
CIS,86,439
CIS,86,440
CIS,86,441
CIS,86,442
CIS,86,443
CIS,86,444
CIS,86,445
CIS,86,446
CIS,86,447
CIS,86,448
CIS,86,449
CIS,86,450
CIS,86,451
CIS,86,452
CIS,86,453
CIS,86,454
CIS,86,455
CIS,86,456
CIS,86,457
CIS,86,458
CIS,86,459
CIS,86,460
CIS,86,461
CIS,86,462
CIS,86,463
CIS,86,464
CIS,86,465
CIS,86,466
CIS,86,467
CIS,86,468
CIS,86,469
CIS,86,470
CIS,86,471
CIS,86,472
CIS,86,473
CIS,86,474
CIS,86,475
CIS,86,476
CIS,86,477
CIS,86,478
CIS,86,479
CIS,86,480
CIS,86,481
CIS,86,482
CIS,86,483
CIS,86,484
CIS,86,485
CIS,86,486
CIS,86,487
CIS,86,488
CIS,86,489
CIS,86,490
CIS,86,491
CIS,86,492
CIS,86,493
CIS,86,494
CIS,86,495
CIS,86,496
CIS,86,497
CIS,86,498
CIS,86,499
CIS,86,500
CIS,86,501
CIS,86,502
CIS,86,503
CIS,86,504
CIS,86,505
CIS,86,506
CIS,86,507
CIS,86,508
CIS,86,509
CIS,86,510
CIS,86,511
CIS,86,512
CIS,86,513
CIS,86,514
CIS,86,515
CIS,86,516
CIS,86,517
CIS,86,518
CIS,86,519
CIS,86,520
CIS,86,521
CIS,86,522
CIS,86,523
CIS,86,524
CIS,86,525
CIS,86,526
CIS,86,527
CIS,86,528
CIS,86,529
CIS,86,530
CIS,86,531
CIS,86,532
CIS,86,629
CIS,86,630
CIS,86,631
CIS,86,632
CIS,86,633
CIS,86,634
CIS,86,635
CIS,86,636
CIS,86,637
CIS,86,638
CIS,86,639
CIS,86,645
CIS,86,646
CIS,86,647
CIS,86,665
CIS,86,666
CIS,87,417
CIS,87,418
CIS,87,419
CIS,87,420
CIS,87,421
CIS,87,422
CIS,87,423
CIS,87,424
CIS,87,425
CIS,87,426
CIS,87,427
CIS,87,428
CIS,87,429
CIS,87,430
CIS,87,431
CIS,87,432
CIS,87,433
CIS,87,434
CIS,87,435
CIS,87,436
CIS,87,437
CIS,87,438
CIS,87,439
CIS,87,440
CIS,87,441
CIS,87,442
CIS,87,443
CIS,87,444
CIS,87,445
CIS,87,446
CIS,87,447
CIS,87,448
CIS,87,449
CIS,87,450
CIS,87,451
CIS,87,452
CIS,87,453
CIS,87,454
CIS,87,455
CIS,87,456
CIS,87,457
CIS,87,458
CIS,87,459
CIS,87,460
CIS,87,461
CIS,87,462
CIS,87,464
CIS,87,465
CIS,87,466
CIS,87,467
CIS,87,468
CIS,87,469
CIS,87,470
CIS,87,471
CIS,87,472
CIS,87,473
CIS,87,474
CIS,87,475
CIS,87,476
CIS,87,477
CIS,87,478
CIS,87,479
CIS,87,480
CIS,87,481
CIS,87,482
CIS,87,483
CIS,87,484
CIS,87,485
CIS,87,486
CIS,87,487
CIS,87,488
CIS,87,489
CIS,87,490
CIS,87,491
CIS,87,492
CIS,87,493
CIS,87,494
CIS,87,495
CIS,87,496
CIS,87,497
CIS,87,498
CIS,87,499
CIS,87,500
CIS,87,501
CIS,87,502
CIS,87,503
CIS,87,504
CIS,87,505
CIS,87,506
CIS,87,507
CIS,87,508
CIS,87,509
CIS,87,510
CIS,87,511
CIS,87,512
CIS,87,513
CIS,87,514
CIS,87,515
CIS,87,516
CIS,87,517
CIS,87,518
CIS,87,519
CIS,87,520
CIS,87,521
CIS,87,522
CIS,87,523
CIS,87,524
CIS,87,525
CIS,87,526
CIS,87,530
CIS,87,531
CIS,87,628
CIS,87,629
CIS,87,630
CIS,87,631
CIS,87,632
CIS,87,633
CIS,87,634
CIS,87,635
CIS,87,636
CIS,87,637
CIS,87,638
CIS,87,644
CIS,87,645
CIS,87,646
CIS,87,647
CIS,87,648
CIS,87,664
CIS,87,665
CIS,88,417
CIS,88,418
CIS,88,419
CIS,88,420
CIS,88,421
CIS,88,422
CIS,88,424
CIS,88,425
CIS,88,426
CIS,88,427
CIS,88,428
CIS,88,429
CIS,88,430
CIS,88,431
CIS,88,436
CIS,88,437
CIS,88,438
CIS,88,439
CIS,88,440
CIS,88,441
CIS,88,442
CIS,88,443
CIS,88,444
CIS,88,445
CIS,88,446
CIS,88,447
CIS,88,448
CIS,88,449
CIS,88,450
CIS,88,451
CIS,88,452
CIS,88,453
CIS,88,454
CIS,88,455
CIS,88,456
CIS,88,457
CIS,88,458
CIS,88,459
CIS,88,460
CIS,88,467
CIS,88,468
CIS,88,469
CIS,88,470
CIS,88,471
CIS,88,472
CIS,88,473
CIS,88,474
CIS,88,475
CIS,88,476
CIS,88,477
CIS,88,478
CIS,88,479
CIS,88,480
CIS,88,481
CIS,88,482
CIS,88,483
CIS,88,484
CIS,88,485
CIS,88,486
CIS,88,487
CIS,88,488
CIS,88,489
CIS,88,490
CIS,88,491
CIS,88,492
CIS,88,493
CIS,88,494
CIS,88,495
CIS,88,496
CIS,88,497
CIS,88,498
CIS,88,499
CIS,88,500
CIS,88,501
CIS,88,502
CIS,88,503
CIS,88,504
CIS,88,505
CIS,88,506
CIS,88,507
CIS,88,508
CIS,88,509
CIS,88,510
CIS,88,511
CIS,88,512
CIS,88,513
CIS,88,514
CIS,88,515
CIS,88,516
CIS,88,517
CIS,88,518
CIS,88,519
CIS,88,520
CIS,88,521
CIS,88,522
CIS,88,523
CIS,88,524
CIS,88,525
CIS,88,526
CIS,88,628
CIS,88,629
CIS,88,630
CIS,88,631
CIS,88,632
CIS,88,633
CIS,88,634
CIS,88,635
CIS,88,636
CIS,88,637
CIS,88,644
CIS,88,645
CIS,88,647
CIS,88,648
CIS,88,660
CIS,88,661
CIS,88,662
CIS,89,417
CIS,89,418
CIS,89,419
CIS,89,420
CIS,89,421
CIS,89,426
CIS,89,427
CIS,89,428
CIS,89,429
CIS,89,430
CIS,89,431
CIS,89,436
CIS,89,437
CIS,89,438
CIS,89,439
CIS,89,440
CIS,89,441
CIS,89,442
CIS,89,443
CIS,89,444
CIS,89,445
CIS,89,446
CIS,89,447
CIS,89,448
CIS,89,449
CIS,89,450
CIS,89,451
CIS,89,452
CIS,89,453
CIS,89,454
CIS,89,455
CIS,89,456
CIS,89,457
CIS,89,458
CIS,89,466
CIS,89,467
CIS,89,468
CIS,89,469
CIS,89,470
CIS,89,471
CIS,89,472
CIS,89,473
CIS,89,474
CIS,89,475
CIS,89,476
CIS,89,477
CIS,89,478
CIS,89,479
CIS,89,480
CIS,89,481
CIS,89,482
CIS,89,483
CIS,89,484
CIS,89,485
CIS,89,486
CIS,89,487
CIS,89,488
CIS,89,489
CIS,89,490
CIS,89,491
CIS,89,492
CIS,89,493
CIS,89,494
CIS,89,495
CIS,89,496
CIS,89,497
CIS,89,498
CIS,89,499
CIS,89,500
CIS,89,501
CIS,89,502
CIS,89,503
CIS,89,504
CIS,89,505
CIS,89,506
CIS,89,507
CIS,89,508
CIS,89,509
CIS,89,510
CIS,89,511
CIS,89,512
CIS,89,513
CIS,89,514
CIS,89,515
CIS,89,516
CIS,89,517
CIS,89,518
CIS,89,519
CIS,89,520
CIS,89,521
CIS,89,522
CIS,89,523
CIS,89,524
CIS,89,525
CIS,89,526
CIS,89,627
CIS,89,628
CIS,89,629
CIS,89,630
CIS,89,631
CIS,89,632
CIS,89,633
CIS,89,634
CIS,89,635
CIS,89,636
CIS,89,645
CIS,89,658
CIS,89,660
CIS,89,661
CIS,90,417
CIS,90,418
CIS,90,419
CIS,90,420
CIS,90,426
CIS,90,427
CIS,90,428
CIS,90,429
CIS,90,430
CIS,90,431
CIS,90,432
CIS,90,433
CIS,90,434
CIS,90,435
CIS,90,436
CIS,90,437
CIS,90,438
CIS,90,439
CIS,90,440
CIS,90,441
CIS,90,442
CIS,90,443
CIS,90,444
CIS,90,445
CIS,90,446
CIS,90,447
CIS,90,448
CIS,90,449
CIS,90,450
CIS,90,451
CIS,90,452
CIS,90,453
CIS,90,454
CIS,90,455
CIS,90,461
CIS,90,463
CIS,90,464
CIS,90,465
CIS,90,466
CIS,90,467
CIS,90,468
CIS,90,469
CIS,90,470
CIS,90,471
CIS,90,472
CIS,90,473
CIS,90,474
CIS,90,475
CIS,90,476
CIS,90,477
CIS,90,478
CIS,90,479
CIS,90,480
CIS,90,481
CIS,90,482
CIS,90,483
CIS,90,484
CIS,90,485
CIS,90,486
CIS,90,487
CIS,90,488
CIS,90,489
CIS,90,490
CIS,90,491
CIS,90,492
CIS,90,493
CIS,90,494
CIS,90,495
CIS,90,496
CIS,90,497
CIS,90,498
CIS,90,499
CIS,90,500
CIS,90,501
CIS,90,502
CIS,90,503
CIS,90,504
CIS,90,505
CIS,90,506
CIS,90,507
CIS,90,508
CIS,90,509
CIS,90,510
CIS,90,511
CIS,90,512
CIS,90,513
CIS,90,514
CIS,90,515
CIS,90,516
CIS,90,517
CIS,90,518
CIS,90,519
CIS,90,520
CIS,90,521
CIS,90,522
CIS,90,523
CIS,90,524
CIS,90,525
CIS,90,526
CIS,90,624
CIS,90,625
CIS,90,626
CIS,90,627
CIS,90,628
CIS,90,629
CIS,90,630
CIS,90,631
CIS,90,632
CIS,90,633
CIS,90,634
CIS,90,635
CIS,90,656
CIS,90,657
CIS,90,658
CIS,91,427
CIS,91,428
CIS,91,429
CIS,91,430
CIS,91,431
CIS,91,435
CIS,91,436
CIS,91,437
CIS,91,438
CIS,91,439
CIS,91,440
CIS,91,441
CIS,91,442
CIS,91,443
CIS,91,444
CIS,91,445
CIS,91,446
CIS,91,447
CIS,91,448
CIS,91,449
CIS,91,450
CIS,91,451
CIS,91,452
CIS,91,453
CIS,91,454
CIS,91,455
CIS,91,461
CIS,91,462
CIS,91,463
CIS,91,464
CIS,91,465
CIS,91,466
CIS,91,467
CIS,91,468
CIS,91,469
CIS,91,470
CIS,91,471
CIS,91,472
CIS,91,473
CIS,91,474
CIS,91,475
CIS,91,476
CIS,91,477
CIS,91,478
CIS,91,479
CIS,91,480
CIS,91,481
CIS,91,482
CIS,91,483
CIS,91,484
CIS,91,485
CIS,91,486
CIS,91,487
CIS,91,488
CIS,91,489
CIS,91,490
CIS,91,491
CIS,91,492
CIS,91,493
CIS,91,494
CIS,91,495
CIS,91,496
CIS,91,497
CIS,91,498
CIS,91,499
CIS,91,500
CIS,91,501
CIS,91,502
CIS,91,503
CIS,91,504
CIS,91,505
CIS,91,506
CIS,91,507
CIS,91,508
CIS,91,509
CIS,91,510
CIS,91,511
CIS,91,512
CIS,91,513
CIS,91,514
CIS,91,515
CIS,91,516
CIS,91,517
CIS,91,518
CIS,91,519
CIS,91,520
CIS,91,521
CIS,91,623
CIS,91,624
CIS,91,625
CIS,91,626
CIS,91,627
CIS,91,628
CIS,91,629
CIS,91,630
CIS,91,631
CIS,91,632
CIS,91,633
CIS,91,634
CIS,91,653
CIS,91,654
CIS,91,655
CIS,91,656
CIS,92,428
CIS,92,429
CIS,92,437
CIS,92,438
CIS,92,439
CIS,92,440
CIS,92,441
CIS,92,442
CIS,92,443
CIS,92,444
CIS,92,445
CIS,92,446
CIS,92,447
CIS,92,448
CIS,92,449
CIS,92,450
CIS,92,451
CIS,92,452
CIS,92,453
CIS,92,454
CIS,92,455
CIS,92,461
CIS,92,462
CIS,92,463
CIS,92,464
CIS,92,465
CIS,92,466
CIS,92,467
CIS,92,468
CIS,92,469
CIS,92,470
CIS,92,471
CIS,92,472
CIS,92,473
CIS,92,474
CIS,92,475
CIS,92,476
CIS,92,477
CIS,92,478
CIS,92,479
CIS,92,480
CIS,92,481
CIS,92,482
CIS,92,483
CIS,92,484
CIS,92,485
CIS,92,486
CIS,92,487
CIS,92,488
CIS,92,489
CIS,92,490
CIS,92,491
CIS,92,492
CIS,92,493
CIS,92,494
CIS,92,495
CIS,92,496
CIS,92,497
CIS,92,498
CIS,92,499
CIS,92,500
CIS,92,501
CIS,92,502
CIS,92,503
CIS,92,504
CIS,92,505
CIS,92,506
CIS,92,507
CIS,92,508
CIS,92,509
CIS,92,510
CIS,92,511
CIS,92,512
CIS,92,513
CIS,92,514
CIS,92,515
CIS,92,516
CIS,92,517
CIS,92,518
CIS,92,519
CIS,92,520
CIS,92,521
CIS,92,623
CIS,92,624
CIS,92,625
CIS,92,626
CIS,92,627
CIS,92,628
CIS,92,629
CIS,92,630
CIS,92,631
CIS,92,632
CIS,92,652
CIS,92,653
CIS,92,654
CIS,93,439
CIS,93,440
CIS,93,441
CIS,93,442
CIS,93,443
CIS,93,444
CIS,93,445
CIS,93,446
CIS,93,447
CIS,93,448
CIS,93,449
CIS,93,450
CIS,93,451
CIS,93,452
CIS,93,453
CIS,93,454
CIS,93,455
CIS,93,456
CIS,93,462
CIS,93,463
CIS,93,464
CIS,93,465
CIS,93,466
CIS,93,467
CIS,93,468
CIS,93,469
CIS,93,470
CIS,93,471
CIS,93,472
CIS,93,473
CIS,93,474
CIS,93,475
CIS,93,476
CIS,93,477
CIS,93,478
CIS,93,479
CIS,93,480
CIS,93,481
CIS,93,482
CIS,93,483
CIS,93,484
CIS,93,485
CIS,93,486
CIS,93,487
CIS,93,488
CIS,93,489
CIS,93,490
CIS,93,491
CIS,93,492
CIS,93,493
CIS,93,494
CIS,93,495
CIS,93,496
CIS,93,497
CIS,93,498
CIS,93,499
CIS,93,500
CIS,93,501
CIS,93,502
CIS,93,503
CIS,93,504
CIS,93,505
CIS,93,506
CIS,93,507
CIS,93,508
CIS,93,509
CIS,93,510
CIS,93,511
CIS,93,512
CIS,93,513
CIS,93,514
CIS,93,515
CIS,93,516
CIS,93,517
CIS,93,518
CIS,93,519
CIS,93,520
CIS,93,521
CIS,93,522
CIS,93,623
CIS,93,624
CIS,93,625
CIS,93,626
CIS,93,627
CIS,93,628
CIS,93,629
CIS,93,630
CIS,93,631
CIS,93,632
CIS,93,651
CIS,93,652
CIS,93,653
CIS,93,654
CIS,94,440
CIS,94,441
CIS,94,442
CIS,94,443
CIS,94,444
CIS,94,445
CIS,94,446
CIS,94,447
CIS,94,448
CIS,94,449
CIS,94,450
CIS,94,451
CIS,94,452
CIS,94,453
CIS,94,454
CIS,94,455
CIS,94,456
CIS,94,463
CIS,94,464
CIS,94,465
CIS,94,466
CIS,94,467
CIS,94,468
CIS,94,469
CIS,94,470
CIS,94,471
CIS,94,472
CIS,94,473
CIS,94,474
CIS,94,475
CIS,94,476
CIS,94,477
CIS,94,478
CIS,94,479
CIS,94,480
CIS,94,481
CIS,94,482
CIS,94,483
CIS,94,484
CIS,94,485
CIS,94,486
CIS,94,487
CIS,94,488
CIS,94,489
CIS,94,490
CIS,94,491
CIS,94,492
CIS,94,493
CIS,94,494
CIS,94,495
CIS,94,496
CIS,94,497
CIS,94,498
CIS,94,499
CIS,94,500
CIS,94,501
CIS,94,502
CIS,94,503
CIS,94,504
CIS,94,505
CIS,94,506
CIS,94,507
CIS,94,508
CIS,94,509
CIS,94,510
CIS,94,511
CIS,94,512
CIS,94,513
CIS,94,514
CIS,94,515
CIS,94,516
CIS,94,517
CIS,94,518
CIS,94,519
CIS,94,520
CIS,94,521
CIS,94,522
CIS,94,623
CIS,94,624
CIS,94,625
CIS,94,626
CIS,94,627
CIS,94,628
CIS,94,629
CIS,94,630
CIS,95,443
CIS,95,444
CIS,95,445
CIS,95,446
CIS,95,447
CIS,95,448
CIS,95,449
CIS,95,450
CIS,95,451
CIS,95,452
CIS,95,453
CIS,95,454
CIS,95,455
CIS,95,456
CIS,95,464
CIS,95,465
CIS,95,466
CIS,95,467
CIS,95,468
CIS,95,469
CIS,95,470
CIS,95,471
CIS,95,472
CIS,95,473
CIS,95,474
CIS,95,475
CIS,95,476
CIS,95,477
CIS,95,478
CIS,95,479
CIS,95,480
CIS,95,481
CIS,95,482
CIS,95,483
CIS,95,484
CIS,95,485
CIS,95,486
CIS,95,487
CIS,95,488
CIS,95,489
CIS,95,490
CIS,95,491
CIS,95,492
CIS,95,493
CIS,95,494
CIS,95,495
CIS,95,496
CIS,95,497
CIS,95,498
CIS,95,499
CIS,95,500
CIS,95,501
CIS,95,502
CIS,95,503
CIS,95,504
CIS,95,505
CIS,95,506
CIS,95,507
CIS,95,508
CIS,95,509
CIS,95,510
CIS,95,511
CIS,95,512
CIS,95,513
CIS,95,514
CIS,95,515
CIS,95,516
CIS,95,517
CIS,95,518
CIS,95,519
CIS,95,520
CIS,95,521
CIS,95,522
CIS,95,621
CIS,95,622
CIS,95,623
CIS,95,625
CIS,95,626
CIS,95,627
CIS,95,628
CIS,95,629
CIS,96,444
CIS,96,445
CIS,96,446
CIS,96,447
CIS,96,448
CIS,96,449
CIS,96,450
CIS,96,451
CIS,96,452
CIS,96,453
CIS,96,454
CIS,96,455
CIS,96,456
CIS,96,457
CIS,96,465
CIS,96,466
CIS,96,467
CIS,96,468
CIS,96,469
CIS,96,470
CIS,96,471
CIS,96,472
CIS,96,473
CIS,96,474
CIS,96,475
CIS,96,476
CIS,96,477
CIS,96,478
CIS,96,479
CIS,96,480
CIS,96,481
CIS,96,482
CIS,96,483
CIS,96,484
CIS,96,485
CIS,96,486
CIS,96,487
CIS,96,488
CIS,96,489
CIS,96,490
CIS,96,491
CIS,96,492
CIS,96,493
CIS,96,494
CIS,96,495
CIS,96,496
CIS,96,497
CIS,96,498
CIS,96,499
CIS,96,500
CIS,96,501
CIS,96,502
CIS,96,503
CIS,96,504
CIS,96,505
CIS,96,506
CIS,96,507
CIS,96,508
CIS,96,509
CIS,96,510
CIS,96,511
CIS,96,512
CIS,96,513
CIS,96,514
CIS,96,515
CIS,96,516
CIS,96,517
CIS,96,518
CIS,96,519
CIS,96,520
CIS,96,521
CIS,96,622
CIS,97,444
CIS,97,445
CIS,97,446
CIS,97,447
CIS,97,448
CIS,97,449
CIS,97,450
CIS,97,451
CIS,97,452
CIS,97,453
CIS,97,454
CIS,97,455
CIS,97,456
CIS,97,457
CIS,97,458
CIS,97,465
CIS,97,466
CIS,97,468
CIS,97,469
CIS,97,470
CIS,97,471
CIS,97,472
CIS,97,473
CIS,97,474
CIS,97,475
CIS,97,476
CIS,97,477
CIS,97,478
CIS,97,479
CIS,97,480
CIS,97,481
CIS,97,482
CIS,97,483
CIS,97,484
CIS,97,485
CIS,97,486
CIS,97,487
CIS,97,488
CIS,97,489
CIS,97,490
CIS,97,491
CIS,97,492
CIS,97,493
CIS,97,494
CIS,97,495
CIS,97,496
CIS,97,497
CIS,97,498
CIS,97,499
CIS,97,500
CIS,97,501
CIS,97,502
CIS,97,503
CIS,97,504
CIS,97,505
CIS,97,506
CIS,97,507
CIS,97,508
CIS,97,509
CIS,97,510
CIS,97,511
CIS,97,512
CIS,97,513
CIS,97,514
CIS,97,515
CIS,97,516
CIS,97,517
CIS,97,518
CIS,97,519
CIS,97,520
CIS,98,444
CIS,98,445
CIS,98,446
CIS,98,447
CIS,98,448
CIS,98,449
CIS,98,450
CIS,98,451
CIS,98,452
CIS,98,453
CIS,98,454
CIS,98,455
CIS,98,456
CIS,98,457
CIS,98,458
CIS,98,459
CIS,98,466
CIS,98,469
CIS,98,470
CIS,98,471
CIS,98,472
CIS,98,473
CIS,98,474
CIS,98,475
CIS,98,476
CIS,98,477
CIS,98,478
CIS,98,479
CIS,98,480
CIS,98,481
CIS,98,482
CIS,98,483
CIS,98,484
CIS,98,485
CIS,98,486
CIS,98,487
CIS,98,488
CIS,98,489
CIS,98,490
CIS,98,491
CIS,98,492
CIS,98,493
CIS,98,494
CIS,98,495
CIS,98,496
CIS,98,497
CIS,98,498
CIS,98,499
CIS,98,500
CIS,98,501
CIS,98,502
CIS,98,503
CIS,98,504
CIS,98,505
CIS,98,506
CIS,98,507
CIS,98,508
CIS,98,509
CIS,98,510
CIS,98,511
CIS,98,512
CIS,98,513
CIS,98,514
CIS,98,515
CIS,98,516
CIS,98,517
CIS,98,518
CIS,99,448
CIS,99,449
CIS,99,450
CIS,99,451
CIS,99,452
CIS,99,453
CIS,99,454
CIS,99,455
CIS,99,456
CIS,99,457
CIS,99,458
CIS,99,459
CIS,99,460
CIS,99,461
CIS,99,466
CIS,99,467
CIS,99,468
CIS,99,469
CIS,99,470
CIS,99,471
CIS,99,472
CIS,99,473
CIS,99,474
CIS,99,475
CIS,99,476
CIS,99,477
CIS,99,478
CIS,99,479
CIS,99,480
CIS,99,481
CIS,99,482
CIS,99,483
CIS,99,484
CIS,99,485
CIS,99,486
CIS,99,487
CIS,99,488
CIS,99,489
CIS,99,490
CIS,99,491
CIS,99,492
CIS,99,493
CIS,99,494
CIS,99,495
CIS,99,496
CIS,99,497
CIS,99,498
CIS,99,499
CIS,99,500
CIS,99,501
CIS,99,502
CIS,99,503
CIS,99,504
CIS,99,505
CIS,99,506
CIS,99,507
CIS,99,508
CIS,99,509
CIS,99,510
CIS,99,511
CIS,99,512
CIS,99,513
CIS,99,514
CIS,100,448
CIS,100,449
CIS,100,450
CIS,100,451
CIS,100,452
CIS,100,453
CIS,100,454
CIS,100,455
CIS,100,456
CIS,100,457
CIS,100,458
CIS,100,459
CIS,100,460
CIS,100,461
CIS,100,466
CIS,100,467
CIS,100,468
CIS,100,469
CIS,100,470
CIS,100,471
CIS,100,472
CIS,100,473
CIS,100,474
CIS,100,475
CIS,100,476
CIS,100,477
CIS,100,478
CIS,100,479
CIS,100,480
CIS,100,481
CIS,100,482
CIS,100,483
CIS,100,484
CIS,100,485
CIS,100,486
CIS,100,487
CIS,100,488
CIS,100,489
CIS,100,490
CIS,100,491
CIS,100,492
CIS,100,493
CIS,100,494
CIS,100,495
CIS,100,496
CIS,100,497
CIS,100,498
CIS,100,499
CIS,100,500
CIS,100,501
CIS,100,502
CIS,100,503
CIS,100,504
CIS,100,505
CIS,100,506
CIS,100,507
CIS,100,508
CIS,100,509
CIS,100,510
CIS,100,511
CIS,100,512
CIS,100,513
CIS,101,450
CIS,101,451
CIS,101,452
CIS,101,453
CIS,101,454
CIS,101,455
CIS,101,456
CIS,101,457
CIS,101,458
CIS,101,459
CIS,101,466
CIS,101,467
CIS,101,468
CIS,101,469
CIS,101,470
CIS,101,471
CIS,101,472
CIS,101,473
CIS,101,474
CIS,101,475
CIS,101,476
CIS,101,477
CIS,101,478
CIS,101,479
CIS,101,480
CIS,101,481
CIS,101,482
CIS,101,483
CIS,101,484
CIS,101,485
CIS,101,486
CIS,101,487
CIS,101,488
CIS,101,489
CIS,101,490
CIS,101,491
CIS,101,492
CIS,101,493
CIS,101,494
CIS,101,495
CIS,101,496
CIS,101,497
CIS,101,498
CIS,101,499
CIS,101,500
CIS,101,501
CIS,101,502
CIS,101,503
CIS,101,504
CIS,101,505
CIS,101,506
CIS,101,507
CIS,101,508
CIS,102,451
CIS,102,452
CIS,102,453
CIS,102,454
CIS,102,455
CIS,102,457
CIS,102,458
CIS,102,459
CIS,102,467
CIS,102,468
CIS,102,469
CIS,102,470
CIS,102,471
CIS,102,472
CIS,102,473
CIS,102,474
CIS,102,475
CIS,102,476
CIS,102,477
CIS,102,478
CIS,102,479
CIS,102,480
CIS,102,481
CIS,102,482
CIS,102,483
CIS,102,484
CIS,102,485
CIS,102,486
CIS,102,487
CIS,102,488
CIS,102,489
CIS,102,490
CIS,102,491
CIS,102,492
CIS,102,493
CIS,102,494
CIS,102,495
CIS,102,496
CIS,102,497
CIS,102,498
CIS,102,499
CIS,102,500
CIS,102,501
CIS,102,502
CIS,102,503
CIS,102,504
CIS,102,505
CIS,102,506
CIS,102,507
CIS,102,508
CIS,103,452
CIS,103,453
CIS,103,454
CIS,103,457
CIS,103,458
CIS,103,467
CIS,103,468
CIS,103,469
CIS,103,470
CIS,103,471
CIS,103,472
CIS,103,473
CIS,103,474
CIS,103,475
CIS,103,476
CIS,103,477
CIS,103,478
CIS,103,479
CIS,103,480
CIS,103,481
CIS,103,482
CIS,103,483
CIS,103,484
CIS,103,485
CIS,103,486
CIS,103,487
CIS,103,488
CIS,103,489
CIS,103,490
CIS,103,491
CIS,103,492
CIS,103,493
CIS,103,494
CIS,103,495
CIS,103,496
CIS,103,497
CIS,103,498
CIS,103,499
CIS,103,500
CIS,103,501
CIS,103,502
CIS,103,503
CIS,103,504
CIS,103,505
CIS,103,506
CIS,103,507
CIS,103,508
CIS,103,509
CIS,103,510
CIS,104,458
CIS,104,468
CIS,104,469
CIS,104,470
CIS,104,471
CIS,104,472
CIS,104,473
CIS,104,474
CIS,104,475
CIS,104,476
CIS,104,477
CIS,104,478
CIS,104,479
CIS,104,480
CIS,104,481
CIS,104,482
CIS,104,483
CIS,104,484
CIS,104,485
CIS,104,486
CIS,104,487
CIS,104,488
CIS,104,489
CIS,104,490
CIS,104,491
CIS,104,492
CIS,104,493
CIS,104,494
CIS,104,495
CIS,104,496
CIS,104,497
CIS,104,498
CIS,104,499
CIS,104,500
CIS,104,501
CIS,104,502
CIS,104,503
CIS,104,504
CIS,104,505
CIS,104,506
CIS,104,507
CIS,104,508
CIS,104,509
CIS,104,510
CIS,105,468
CIS,105,469
CIS,105,470
CIS,105,471
CIS,105,475
CIS,105,476
CIS,105,477
CIS,105,478
CIS,105,479
CIS,105,480
CIS,105,481
CIS,105,482
CIS,105,483
CIS,105,484
CIS,105,485
CIS,105,486
CIS,105,487
CIS,105,488
CIS,105,489
CIS,105,490
CIS,105,491
CIS,105,492
CIS,105,493
CIS,105,494
CIS,105,495
CIS,105,496
CIS,105,497
CIS,105,498
CIS,105,499
CIS,105,500
CIS,105,501
CIS,105,503
CIS,105,504
CIS,105,505
CIS,105,506
CIS,105,507
CIS,105,508
CIS,105,509
CIS,105,510
CIS,105,511
CIS,106,468
CIS,106,469
CIS,106,470
CIS,106,479
CIS,106,480
CIS,106,481
CIS,106,482
CIS,106,483
CIS,106,484
CIS,106,485
CIS,106,486
CIS,106,487
CIS,106,488
CIS,106,489
CIS,106,490
CIS,106,491
CIS,106,492
CIS,106,493
CIS,106,494
CIS,106,495
CIS,106,496
CIS,106,497
CIS,106,498
CIS,106,499
CIS,106,503
CIS,106,504
CIS,106,505
CIS,106,506
CIS,106,507
CIS,106,508
CIS,106,509
CIS,106,510
CIS,106,511
CIS,107,481
CIS,107,482
CIS,107,483
CIS,107,484
CIS,107,485
CIS,107,486
CIS,107,487
CIS,107,488
CIS,107,489
CIS,107,490
CIS,107,497
CIS,107,504
CIS,107,505
CIS,108,483
CIS,108,484
CIS,108,485
CIS,108,486
CIS,108,487
CIS,108,488
CIS,108,489
CIS,108,490
CIS,109,483
CIS,109,484
CIS,109,485
CIS,109,486
CIS,109,487
CIS,109,488
CIS,110,484
CIS,110,485
CIS,110,486
CIS,110,487
XME,94,402
XME,94,403
XME,95,401
XME,95,402
XME,95,403
XME,95,404
XME,96,401
XME,96,402
XME,96,403
XME,96,404
XME,97,402
XME,101,449
XME,101,450
XME,101,456
XME,101,457
XME,102,449
XME,102,450
XME,102,451
XME,102,454
XME,102,455
XME,102,456
XME,102,457
XME,103,449
XME,103,450
XME,103,451
XME,103,452
XME,103,453
XME,103,454
XME,103,455
XME,103,456
XME,103,457
XME,103,458
XME,104,449
XME,104,450
XME,104,451
XME,104,452
XME,104,453
XME,104,454
XME,104,455
XME,104,456
XME,104,457
XME,104,458
XME,104,471
XME,104,472
XME,104,473
XME,104,474
XME,104,475
XME,105,449
XME,105,450
XME,105,451
XME,105,452
XME,105,453
XME,105,454
XME,105,455
XME,105,456
XME,105,457
XME,105,458
XME,105,459
XME,105,470
XME,105,471
XME,105,472
XME,105,473
XME,105,474
XME,105,475
XME,105,476
XME,105,477
XME,105,478
XME,105,479
XME,106,441
XME,106,442
XME,106,443
XME,106,444
XME,106,445
XME,106,446
XME,106,447
XME,106,448
XME,106,449
XME,106,450
XME,106,451
XME,106,452
XME,106,453
XME,106,454
XME,106,455
XME,106,456
XME,106,457
XME,106,458
XME,106,459
XME,106,460
XME,106,461
XME,106,462
XME,106,468
XME,106,469
XME,106,470
XME,106,471
XME,106,472
XME,106,473
XME,106,474
XME,106,475
XME,106,476
XME,106,477
XME,106,478
XME,106,479
XME,106,480
XME,106,481
XME,107,434
XME,107,435
XME,107,436
XME,107,437
XME,107,438
XME,107,439
XME,107,440
XME,107,441
XME,107,442
XME,107,443
XME,107,444
XME,107,445
XME,107,446
XME,107,447
XME,107,448
XME,107,449
XME,107,450
XME,107,451
XME,107,452
XME,107,453
XME,107,454
XME,107,455
XME,107,456
XME,107,457
XME,107,458
XME,107,459
XME,107,460
XME,107,461
XME,107,462
XME,107,463
XME,107,464
XME,107,465
XME,107,466
XME,107,467
XME,107,468
XME,107,469
XME,107,470
XME,107,471
XME,107,472
XME,107,473
XME,107,474
XME,107,475
XME,107,476
XME,107,477
XME,107,478
XME,107,479
XME,107,480
XME,107,481
XME,107,482
XME,107,483
XME,108,433
XME,108,434
XME,108,435
XME,108,436
XME,108,437
XME,108,438
XME,108,439
XME,108,440
XME,108,441
XME,108,442
XME,108,443
XME,108,444
XME,108,445
XME,108,446
XME,108,447
XME,108,448
XME,108,449
XME,108,450
XME,108,451
XME,108,452
XME,108,453
XME,108,454
XME,108,455
XME,108,456
XME,108,457
XME,108,458
XME,108,459
XME,108,460
XME,108,461
XME,108,462
XME,108,463
XME,108,464
XME,108,465
XME,108,466
XME,108,467
XME,108,468
XME,108,469
XME,108,470
XME,108,471
XME,108,472
XME,108,473
XME,108,474
XME,108,475
XME,108,476
XME,108,477
XME,108,478
XME,108,479
XME,108,480
XME,108,481
XME,108,482
XME,108,483
XME,109,432
XME,109,433
XME,109,434
XME,109,435
XME,109,436
XME,109,437
XME,109,438
XME,109,439
XME,109,440
XME,109,441
XME,109,442
XME,109,443
XME,109,444
XME,109,445
XME,109,446
XME,109,447
XME,109,448
XME,109,449
XME,109,450
XME,109,451
XME,109,452
XME,109,453
XME,109,454
XME,109,455
XME,109,456
XME,109,457
XME,109,458
XME,109,459
XME,109,460
XME,109,461
XME,109,462
XME,109,463
XME,109,464
XME,109,465
XME,109,466
XME,109,467
XME,109,468
XME,109,469
XME,109,470
XME,109,471
XME,109,472
XME,109,473
XME,109,474
XME,109,475
XME,109,476
XME,109,477
XME,109,478
XME,109,479
XME,109,480
XME,109,481
XME,109,482
XME,109,483
XME,110,432
XME,110,433
XME,110,434
XME,110,435
XME,110,436
XME,110,437
XME,110,438
XME,110,439
XME,110,440
XME,110,441
XME,110,442
XME,110,443
XME,110,444
XME,110,445
XME,110,446
XME,110,447
XME,110,448
XME,110,449
XME,110,450
XME,110,451
XME,110,452
XME,110,453
XME,110,454
XME,110,455
XME,110,456
XME,110,457
XME,110,458
XME,110,459
XME,110,460
XME,110,461
XME,110,462
XME,110,463
XME,110,464
XME,110,465
XME,110,466
XME,110,467
XME,110,468
XME,110,469
XME,110,470
XME,110,471
XME,110,472
XME,110,473
XME,110,474
XME,110,475
XME,110,476
XME,110,477
XME,110,478
XME,110,479
XME,110,480
XME,110,481
XME,110,482
XME,110,483
XME,111,432
XME,111,433
XME,111,434
XME,111,435
XME,111,436
XME,111,437
XME,111,438
XME,111,439
XME,111,440
XME,111,441
XME,111,442
XME,111,443
XME,111,444
XME,111,445
XME,111,446
XME,111,447
XME,111,448
XME,111,449
XME,111,450
XME,111,451
XME,111,452
XME,111,453
XME,111,454
XME,111,455
XME,111,456
XME,111,457
XME,111,458
XME,111,459
XME,111,460
XME,111,461
XME,111,462
XME,111,463
XME,111,464
XME,111,465
XME,111,466
XME,111,467
XME,111,468
XME,111,469
XME,111,470
XME,111,471
XME,111,472
XME,111,473
XME,111,474
XME,111,475
XME,111,476
XME,111,477
XME,111,478
XME,111,479
XME,111,480
XME,111,481
XME,111,482
XME,111,483
XME,112,432
XME,112,433
XME,112,434
XME,112,435
XME,112,436
XME,112,437
XME,112,438
XME,112,439
XME,112,440
XME,112,441
XME,112,442
XME,112,443
XME,112,444
XME,112,445
XME,112,446
XME,112,447
XME,112,448
XME,112,449
XME,112,450
XME,112,451
XME,112,452
XME,112,453
XME,112,454
XME,112,455
XME,112,456
XME,112,457
XME,112,458
XME,112,459
XME,112,460
XME,112,461
XME,112,462
XME,112,463
XME,112,464
XME,112,465
XME,112,466
XME,112,467
XME,112,468
XME,112,469
XME,112,470
XME,112,471
XME,112,472
XME,112,473
XME,112,474
XME,112,475
XME,112,476
XME,112,477
XME,112,478
XME,112,479
XME,112,480
XME,112,481
XME,112,482
XME,113,431
XME,113,432
XME,113,433
XME,113,434
XME,113,435
XME,113,436
XME,113,437
XME,113,438
XME,113,439
XME,113,440
XME,113,441
XME,113,442
XME,113,443
XME,113,444
XME,113,445
XME,113,446
XME,113,447
XME,113,448
XME,113,449
XME,113,450
XME,113,451
XME,113,452
XME,113,453
XME,113,454
XME,113,455
XME,113,456
XME,113,457
XME,113,458
XME,113,459
XME,113,460
XME,113,461
XME,113,462
XME,113,463
XME,113,464
XME,113,465
XME,113,466
XME,113,467
XME,113,468
XME,113,469
XME,113,470
XME,113,471
XME,113,472
XME,113,473
XME,113,474
XME,113,475
XME,113,476
XME,113,477
XME,113,478
XME,113,479
XME,113,480
XME,113,481
XME,113,482
XME,114,431
XME,114,432
XME,114,433
XME,114,434
XME,114,435
XME,114,436
XME,114,437
XME,114,438
XME,114,439
XME,114,440
XME,114,441
XME,114,442
XME,114,443
XME,114,444
XME,114,445
XME,114,446
XME,114,447
XME,114,448
XME,114,449
XME,114,450
XME,114,451
XME,114,452
XME,114,453
XME,114,454
XME,114,455
XME,114,456
XME,114,457
XME,114,458
XME,114,459
XME,114,460
XME,114,461
XME,114,462
XME,114,463
XME,114,464
XME,114,465
XME,114,466
XME,114,467
XME,114,468
XME,114,469
XME,114,470
XME,114,471
XME,114,472
XME,114,473
XME,114,474
XME,114,475
XME,114,476
XME,114,477
XME,114,478
XME,114,479
XME,114,480
XME,114,481
XME,114,482
XME,115,430
XME,115,431
XME,115,432
XME,115,433
XME,115,434
XME,115,435
XME,115,436
XME,115,437
XME,115,438
XME,115,439
XME,115,440
XME,115,441
XME,115,442
XME,115,443
XME,115,444
XME,115,445
XME,115,446
XME,115,447
XME,115,448
XME,115,449
XME,115,450
XME,115,451
XME,115,452
XME,115,453
XME,115,454
XME,115,455
XME,115,456
XME,115,457
XME,115,458
XME,115,459
XME,115,460
XME,115,461
XME,115,462
XME,115,463
XME,115,464
XME,115,465
XME,115,466
XME,115,467
XME,115,468
XME,115,469
XME,115,470
XME,115,471
XME,115,472
XME,115,473
XME,115,474
XME,115,475
XME,115,476
XME,115,477
XME,115,478
XME,115,479
XME,115,480
XME,115,481
XME,115,482
XME,116,430
XME,116,431
XME,116,432
XME,116,433
XME,116,434
XME,116,435
XME,116,436
XME,116,437
XME,116,438
XME,116,439
XME,116,440
XME,116,441
XME,116,442
XME,116,443
XME,116,444
XME,116,445
XME,116,446
XME,116,447
XME,116,448
XME,116,449
XME,116,450
XME,116,451
XME,116,452
XME,116,453
XME,116,454
XME,116,455
XME,116,456
XME,116,457
XME,116,458
XME,116,459
XME,116,460
XME,116,461
XME,116,462
XME,116,463
XME,116,464
XME,116,465
XME,116,466
XME,116,467
XME,116,468
XME,116,469
XME,116,470
XME,116,471
XME,116,472
XME,116,473
XME,116,474
XME,116,475
XME,116,476
XME,116,477
XME,116,478
XME,116,479
XME,116,480
XME,116,481
XME,116,482
XME,117,429
XME,117,430
XME,117,431
XME,117,432
XME,117,433
XME,117,434
XME,117,435
XME,117,436
XME,117,437
XME,117,438
XME,117,439
XME,117,440
XME,117,441
XME,117,442
XME,117,443
XME,117,444
XME,117,445
XME,117,446
XME,117,447
XME,117,448
XME,117,449
XME,117,450
XME,117,451
XME,117,452
XME,117,453
XME,117,454
XME,117,455
XME,117,456
XME,117,457
XME,117,458
XME,117,459
XME,117,460
XME,117,461
XME,117,462
XME,117,463
XME,117,464
XME,117,465
XME,117,466
XME,117,467
XME,117,468
XME,117,469
XME,117,470
XME,117,471
XME,117,472
XME,117,473
XME,117,474
XME,117,475
XME,117,476
XME,117,477
XME,117,478
XME,117,479
XME,117,480
XME,117,481
XME,117,482
XME,118,429
XME,118,430
XME,118,431
XME,118,432
XME,118,433
XME,118,434
XME,118,435
XME,118,436
XME,118,437
XME,118,438
XME,118,439
XME,118,440
XME,118,441
XME,118,442
XME,118,443
XME,118,444
XME,118,445
XME,118,446
XME,118,447
XME,118,448
XME,118,449
XME,118,450
XME,118,451
XME,118,452
XME,118,453
XME,118,454
XME,118,455
XME,118,456
XME,118,457
XME,118,458
XME,118,459
XME,118,460
XME,118,461
XME,118,462
XME,118,463
XME,118,464
XME,118,465
XME,118,466
XME,118,467
XME,118,468
XME,118,469
XME,118,470
XME,118,471
XME,118,472
XME,118,473
XME,118,474
XME,118,475
XME,118,476
XME,118,477
XME,118,478
XME,118,479
XME,118,480
XME,118,481
XME,118,482
XME,118,483
XME,118,484
XME,119,429
XME,119,430
XME,119,431
XME,119,432
XME,119,433
XME,119,434
XME,119,435
XME,119,436
XME,119,437
XME,119,438
XME,119,439
XME,119,440
XME,119,441
XME,119,442
XME,119,443
XME,119,444
XME,119,445
XME,119,446
XME,119,447
XME,119,448
XME,119,449
XME,119,450
XME,119,451
XME,119,452
XME,119,453
XME,119,454
XME,119,455
XME,119,456
XME,119,457
XME,119,458
XME,119,459
XME,119,460
XME,119,461
XME,119,462
XME,119,463
XME,119,464
XME,119,465
XME,119,466
XME,119,467
XME,119,468
XME,119,469
XME,119,470
XME,119,471
XME,119,472
XME,119,473
XME,119,474
XME,119,475
XME,119,476
XME,119,477
XME,119,478
XME,119,479
XME,119,480
XME,119,481
XME,119,482
XME,119,483
XME,119,484
XME,120,430
XME,120,431
XME,120,432
XME,120,433
XME,120,434
XME,120,435
XME,120,436
XME,120,437
XME,120,438
XME,120,439
XME,120,440
XME,120,441
XME,120,442
XME,120,443
XME,120,444
XME,120,445
XME,120,446
XME,120,447
XME,120,448
XME,120,449
XME,120,450
XME,120,451
XME,120,452
XME,120,453
XME,120,454
XME,120,455
XME,120,456
XME,120,457
XME,120,458
XME,120,459
XME,120,460
XME,120,461
XME,120,462
XME,120,463
XME,120,464
XME,120,465
XME,120,466
XME,120,467
XME,120,468
XME,120,469
XME,120,470
XME,120,471
XME,120,472
XME,120,473
XME,120,474
XME,120,475
XME,120,476
XME,120,477
XME,120,478
XME,120,479
XME,120,480
XME,120,481
XME,120,482
XME,120,483
XME,121,430
XME,121,431
XME,121,432
XME,121,433
XME,121,434
XME,121,435
XME,121,436
XME,121,437
XME,121,438
XME,121,439
XME,121,440
XME,121,441
XME,121,442
XME,121,443
XME,121,444
XME,121,445
XME,121,446
XME,121,447
XME,121,448
XME,121,449
XME,121,450
XME,121,451
XME,121,452
XME,121,453
XME,121,454
XME,121,455
XME,121,456
XME,121,457
XME,121,458
XME,121,461
XME,121,462
XME,121,463
XME,121,464
XME,121,465
XME,121,466
XME,121,467
XME,121,468
XME,121,469
XME,121,470
XME,121,471
XME,121,472
XME,121,473
XME,121,474
XME,121,475
XME,121,476
XME,121,477
XME,121,478
XME,121,479
XME,121,480
XME,121,481
XME,121,482
XME,121,483
XME,122,430
XME,122,431
XME,122,432
XME,122,433
XME,122,434
XME,122,435
XME,122,436
XME,122,437
XME,122,438
XME,122,439
XME,122,440
XME,122,441
XME,122,442
XME,122,443
XME,122,444
XME,122,445
XME,122,446
XME,122,447
XME,122,448
XME,122,449
XME,122,450
XME,122,451
XME,122,452
XME,122,453
XME,122,454
XME,122,455
XME,122,456
XME,122,457
XME,122,461
XME,122,462
XME,122,463
XME,122,464
XME,122,465
XME,122,466
XME,122,467
XME,122,468
XME,122,469
XME,122,470
XME,122,471
XME,122,472
XME,122,473
XME,122,474
XME,122,475
XME,122,476
XME,122,477
XME,122,478
XME,122,479
XME,122,480
XME,122,481
XME,122,482
XME,122,483
XME,122,484
XME,123,430
XME,123,431
XME,123,432
XME,123,433
XME,123,434
XME,123,435
XME,123,436
XME,123,437
XME,123,438
XME,123,439
XME,123,440
XME,123,441
XME,123,442
XME,123,443
XME,123,444
XME,123,445
XME,123,446
XME,123,447
XME,123,448
XME,123,449
XME,123,450
XME,123,451
XME,123,452
XME,123,453
XME,123,454
XME,123,455
XME,123,456
XME,123,457
XME,123,462
XME,123,463
XME,123,464
XME,123,465
XME,123,466
XME,123,467
XME,123,468
XME,123,469
XME,123,470
XME,123,471
XME,123,472
XME,123,473
XME,123,474
XME,123,475
XME,123,476
XME,123,477
XME,123,478
XME,123,479
XME,123,480
XME,123,481
XME,123,482
XME,123,483
XME,123,484
XME,123,485
XME,124,430
XME,124,431
XME,124,432
XME,124,433
XME,124,434
XME,124,435
XME,124,436
XME,124,437
XME,124,438
XME,124,439
XME,124,440
XME,124,441
XME,124,442
XME,124,443
XME,124,444
XME,124,445
XME,124,446
XME,124,447
XME,124,448
XME,124,449
XME,124,450
XME,124,451
XME,124,452
XME,124,453
XME,124,454
XME,124,455
XME,124,456
XME,124,457
XME,124,458
XME,124,463
XME,124,464
XME,124,465
XME,124,466
XME,124,467
XME,124,468
XME,124,469
XME,124,470
XME,124,471
XME,124,472
XME,124,473
XME,124,474
XME,124,475
XME,124,476
XME,124,477
XME,124,478
XME,124,479
XME,124,480
XME,124,481
XME,124,482
XME,124,483
XME,124,484
XME,124,485
XME,124,486
XME,125,431
XME,125,432
XME,125,433
XME,125,434
XME,125,435
XME,125,436
XME,125,437
XME,125,438
XME,125,439
XME,125,440
XME,125,441
XME,125,442
XME,125,443
XME,125,444
XME,125,445
XME,125,446
XME,125,447
XME,125,448
XME,125,449
XME,125,450
XME,125,451
XME,125,452
XME,125,453
XME,125,454
XME,125,455
XME,125,456
XME,125,457
XME,125,458
XME,125,459
XME,125,463
XME,125,464
XME,125,465
XME,125,466
XME,125,467
XME,125,468
XME,125,469
XME,125,470
XME,125,471
XME,125,472
XME,125,473
XME,125,474
XME,125,475
XME,125,476
XME,125,477
XME,125,478
XME,125,479
XME,125,480
XME,125,481
XME,125,482
XME,125,483
XME,125,484
XME,125,485
XME,125,486
XME,126,432
XME,126,433
XME,126,434
XME,126,435
XME,126,436
XME,126,437
XME,126,438
XME,126,439
XME,126,440
XME,126,441
XME,126,442
XME,126,443
XME,126,444
XME,126,445
XME,126,446
XME,126,447
XME,126,448
XME,126,449
XME,126,450
XME,126,451
XME,126,452
XME,126,453
XME,126,454
XME,126,455
XME,126,456
XME,126,457
XME,126,458
XME,126,459
XME,126,460
XME,126,466
XME,126,467
XME,126,468
XME,126,469
XME,126,470
XME,126,471
XME,126,472
XME,126,473
XME,126,474
XME,126,475
XME,126,476
XME,126,477
XME,126,478
XME,126,479
XME,126,480
XME,126,481
XME,126,482
XME,126,483
XME,126,484
XME,126,485
XME,126,486
XME,126,487
XME,127,433
XME,127,434
XME,127,435
XME,127,436
XME,127,437
XME,127,438
XME,127,439
XME,127,440
XME,127,441
XME,127,442
XME,127,443
XME,127,444
XME,127,445
XME,127,446
XME,127,447
XME,127,448
XME,127,449
XME,127,450
XME,127,451
XME,127,452
XME,127,453
XME,127,454
XME,127,455
XME,127,456
XME,127,457
XME,127,458
XME,127,459
XME,127,460
XME,127,461
XME,127,467
XME,127,468
XME,127,469
XME,127,470
XME,127,471
XME,127,472
XME,127,473
XME,127,474
XME,127,475
XME,127,476
XME,127,477
XME,127,478
XME,127,479
XME,127,480
XME,127,481
XME,127,482
XME,127,483
XME,127,484
XME,127,485
XME,127,486
XME,127,487
XME,128,433
XME,128,434
XME,128,435
XME,128,436
XME,128,437
XME,128,438
XME,128,439
XME,128,440
XME,128,441
XME,128,442
XME,128,443
XME,128,444
XME,128,445
XME,128,446
XME,128,447
XME,128,448
XME,128,449
XME,128,450
XME,128,451
XME,128,452
XME,128,453
XME,128,454
XME,128,455
XME,128,456
XME,128,457
XME,128,458
XME,128,459
XME,128,460
XME,128,461
XME,128,462
XME,128,463
XME,128,470
XME,128,473
XME,128,474
XME,128,475
XME,128,476
XME,128,477
XME,128,478
XME,128,479
XME,128,480
XME,128,481
XME,128,482
XME,128,483
XME,128,484
XME,128,485
XME,129,434
XME,129,435
XME,129,436
XME,129,437
XME,129,438
XME,129,439
XME,129,440
XME,129,441
XME,129,442
XME,129,443
XME,129,444
XME,129,445
XME,129,446
XME,129,447
XME,129,448
XME,129,449
XME,129,450
XME,129,451
XME,129,452
XME,129,453
XME,129,454
XME,129,455
XME,129,456
XME,129,457
XME,129,458
XME,129,459
XME,129,460
XME,129,461
XME,129,462
XME,129,463
XME,129,464
XME,129,470
XME,129,472
XME,129,473
XME,129,475
XME,129,476
XME,129,477
XME,129,478
XME,129,479
XME,129,480
XME,129,481
XME,129,482
XME,129,483
XME,129,484
XME,130,434
XME,130,435
XME,130,436
XME,130,437
XME,130,438
XME,130,439
XME,130,440
XME,130,441
XME,130,442
XME,130,443
XME,130,444
XME,130,445
XME,130,446
XME,130,447
XME,130,448
XME,130,449
XME,130,450
XME,130,451
XME,130,452
XME,130,453
XME,130,454
XME,130,455
XME,130,456
XME,130,457
XME,130,458
XME,130,459
XME,130,460
XME,130,461
XME,130,462
XME,130,463
XME,130,464
XME,130,471
XME,130,472
XME,130,473
XME,130,479
XME,130,480
XME,130,481
XME,130,482
XME,130,483
XME,130,484
XME,131,435
XME,131,436
XME,131,437
XME,131,438
XME,131,439
XME,131,440
XME,131,441
XME,131,442
XME,131,443
XME,131,444
XME,131,445
XME,131,446
XME,131,447
XME,131,448
XME,131,449
XME,131,450
XME,131,451
XME,131,452
XME,131,453
XME,131,454
XME,131,455
XME,131,456
XME,131,457
XME,131,458
XME,131,459
XME,131,460
XME,131,461
XME,131,462
XME,131,463
XME,131,464
XME,131,465
XME,131,469
XME,131,470
XME,131,471
XME,131,472
XME,131,473
XME,131,474
XME,132,435
XME,132,436
XME,132,437
XME,132,438
XME,132,439
XME,132,440
XME,132,441
XME,132,442
XME,132,443
XME,132,444
XME,132,445
XME,132,446
XME,132,447
XME,132,448
XME,132,449
XME,132,450
XME,132,451
XME,132,452
XME,132,453
XME,132,454
XME,132,455
XME,132,456
XME,132,457
XME,132,458
XME,132,459
XME,132,460
XME,132,461
XME,132,462
XME,132,463
XME,132,464
XME,132,465
XME,132,466
XME,132,467
XME,132,468
XME,132,469
XME,132,470
XME,132,471
XME,132,472
XME,132,473
XME,132,474
XME,132,475
XME,133,437
XME,133,438
XME,133,439
XME,133,440
XME,133,441
XME,133,442
XME,133,443
XME,133,444
XME,133,445
XME,133,446
XME,133,447
XME,133,448
XME,133,449
XME,133,450
XME,133,451
XME,133,452
XME,133,453
XME,133,454
XME,133,455
XME,133,456
XME,133,457
XME,133,458
XME,133,459
XME,133,460
XME,133,461
XME,133,462
XME,133,463
XME,133,464
XME,133,465
XME,133,466
XME,133,467
XME,133,468
XME,133,469
XME,133,470
XME,133,471
XME,133,472
XME,133,473
XME,133,474
XME,133,475
XME,133,476
XME,133,477
XME,133,478
XME,134,438
XME,134,439
XME,134,440
XME,134,441
XME,134,442
XME,134,443
XME,134,444
XME,134,445
XME,134,446
XME,134,447
XME,134,448
XME,134,449
XME,134,450
XME,134,451
XME,134,452
XME,134,453
XME,134,454
XME,134,455
XME,134,456
XME,134,457
XME,134,458
XME,134,459
XME,134,460
XME,134,461
XME,134,462
XME,134,463
XME,134,464
XME,134,465
XME,134,466
XME,134,467
XME,134,468
XME,134,469
XME,134,470
XME,134,471
XME,134,472
XME,134,473
XME,134,474
XME,134,475
XME,134,476
XME,134,477
XME,134,478
XME,134,479
XME,135,438
XME,135,439
XME,135,440
XME,135,441
XME,135,442
XME,135,443
XME,135,444
XME,135,445
XME,135,446
XME,135,447
XME,135,448
XME,135,449
XME,135,450
XME,135,451
XME,135,452
XME,135,453
XME,135,454
XME,135,455
XME,135,456
XME,135,457
XME,135,458
XME,135,459
XME,135,460
XME,135,461
XME,135,462
XME,135,463
XME,135,464
XME,135,465
XME,135,466
XME,135,467
XME,135,468
XME,135,469
XME,135,470
XME,135,471
XME,135,472
XME,135,473
XME,135,474
XME,135,475
XME,135,476
XME,135,477
XME,135,478
XME,135,479
XME,135,480
XME,136,438
XME,136,439
XME,136,440
XME,136,441
XME,136,442
XME,136,443
XME,136,444
XME,136,445
XME,136,446
XME,136,447
XME,136,448
XME,136,449
XME,136,450
XME,136,451
XME,136,452
XME,136,453
XME,136,454
XME,136,455
XME,136,456
XME,136,457
XME,136,458
XME,136,459
XME,136,460
XME,136,461
XME,136,462
XME,136,463
XME,136,464
XME,136,465
XME,136,466
XME,136,467
XME,136,468
XME,136,469
XME,136,470
XME,136,471
XME,136,472
XME,136,473
XME,136,474
XME,136,475
XME,136,476
XME,136,477
XME,136,478
XME,136,479
XME,136,480
XME,137,438
XME,137,439
XME,137,440
XME,137,441
XME,137,442
XME,137,443
XME,137,444
XME,137,445
XME,137,446
XME,137,447
XME,137,448
XME,137,449
XME,137,450
XME,137,451
XME,137,452
XME,137,453
XME,137,454
XME,137,455
XME,137,456
XME,137,457
XME,137,458
XME,137,459
XME,137,460
XME,137,461
XME,137,462
XME,137,463
XME,137,464
XME,137,465
XME,137,466
XME,137,467
XME,137,468
XME,137,469
XME,137,470
XME,137,471
XME,137,472
XME,137,473
XME,137,474
XME,137,475
XME,137,476
XME,137,477
XME,137,478
XME,137,479
XME,137,480
XME,138,439
XME,138,440
XME,138,441
XME,138,442
XME,138,443
XME,138,444
XME,138,445
XME,138,446
XME,138,447
XME,138,448
XME,138,449
XME,138,450
XME,138,451
XME,138,452
XME,138,453
XME,138,454
XME,138,455
XME,138,456
XME,138,457
XME,138,458
XME,138,459
XME,138,460
XME,138,461
XME,138,462
XME,138,463
XME,138,464
XME,138,465
XME,138,466
XME,138,467
XME,138,468
XME,138,469
XME,138,470
XME,138,471
XME,138,472
XME,138,473
XME,138,474
XME,138,475
XME,138,476
XME,138,477
XME,138,478
XME,138,479
XME,139,439
XME,139,440
XME,139,441
XME,139,442
XME,139,443
XME,139,444
XME,139,445
XME,139,446
XME,139,447
XME,139,448
XME,139,449
XME,139,450
XME,139,451
XME,139,452
XME,139,453
XME,139,454
XME,139,455
XME,139,456
XME,139,457
XME,139,458
XME,139,459
XME,139,460
XME,139,461
XME,139,462
XME,139,463
XME,139,464
XME,139,465
XME,139,466
XME,139,467
XME,139,468
XME,139,469
XME,139,470
XME,139,471
XME,139,472
XME,139,473
XME,139,474
XME,139,475
XME,139,476
XME,139,477
XME,139,478
XME,140,440
XME,140,441
XME,140,442
XME,140,443
XME,140,444
XME,140,445
XME,140,446
XME,140,447
XME,140,448
XME,140,449
XME,140,450
XME,140,451
XME,140,452
XME,140,453
XME,140,454
XME,140,455
XME,140,456
XME,140,457
XME,140,458
XME,140,459
XME,140,460
XME,140,461
XME,140,462
XME,140,463
XME,140,464
XME,140,465
XME,140,466
XME,140,467
XME,140,468
XME,140,469
XME,140,470
XME,140,471
XME,140,472
XME,140,473
XME,140,474
XME,140,475
XME,140,476
XME,140,477
XME,140,478
XME,141,442
XME,141,443
XME,141,444
XME,141,445
XME,141,446
XME,141,447
XME,141,448
XME,141,449
XME,141,450
XME,141,451
XME,141,452
XME,141,453
XME,141,454
XME,141,455
XME,141,456
XME,141,457
XME,141,458
XME,141,459
XME,141,460
XME,141,461
XME,141,462
XME,141,463
XME,141,464
XME,141,465
XME,141,466
XME,141,467
XME,141,468
XME,141,469
XME,141,470
XME,141,471
XME,141,472
XME,141,473
XME,141,474
XME,141,475
XME,141,476
XME,142,442
XME,142,443
XME,142,444
XME,142,445
XME,142,446
XME,142,447
XME,142,448
XME,142,449
XME,142,450
XME,142,451
XME,142,452
XME,142,453
XME,142,454
XME,142,455
XME,142,456
XME,142,457
XME,142,458
XME,142,459
XME,142,460
XME,142,461
XME,142,462
XME,142,463
XME,142,464
XME,142,465
XME,142,466
XME,142,467
XME,142,468
XME,142,469
XME,142,470
XME,142,471
XME,142,472
XME,142,473
XME,142,474
XME,142,475
XME,142,476
XME,143,443
XME,143,444
XME,143,445
XME,143,446
XME,143,447
XME,143,448
XME,143,449
XME,143,450
XME,143,451
XME,143,452
XME,143,453
XME,143,454
XME,143,455
XME,143,456
XME,143,457
XME,143,458
XME,143,459
XME,143,460
XME,143,461
XME,143,462
XME,143,463
XME,143,464
XME,143,465
XME,143,466
XME,143,467
XME,143,468
XME,143,469
XME,143,470
XME,143,471
XME,143,472
XME,143,473
XME,143,474
XME,143,475
XME,143,476
XME,144,443
XME,144,444
XME,144,445
XME,144,446
XME,144,447
XME,144,448
XME,144,449
XME,144,450
XME,144,451
XME,144,452
XME,144,453
XME,144,454
XME,144,455
XME,144,456
XME,144,457
XME,144,458
XME,144,459
XME,144,460
XME,144,461
XME,144,462
XME,144,463
XME,144,464
XME,144,465
XME,144,466
XME,144,467
XME,144,468
XME,144,469
XME,144,470
XME,144,471
XME,144,472
XME,144,473
XME,144,474
XME,145,444
XME,145,445
XME,145,446
XME,145,447
XME,145,448
XME,145,449
XME,145,450
XME,145,451
XME,145,452
XME,145,453
XME,145,454
XME,145,455
XME,145,456
XME,145,457
XME,145,458
XME,145,459
XME,145,460
XME,145,461
XME,145,462
XME,145,463
XME,145,464
XME,145,465
XME,145,466
XME,145,467
XME,145,468
XME,145,469
XME,145,470
XME,145,471
XME,145,472
XME,145,473
XME,146,444
XME,146,445
XME,146,446
XME,146,447
XME,146,448
XME,146,449
XME,146,450
XME,146,451
XME,146,452
XME,146,453
XME,146,454
XME,146,455
XME,146,456
XME,146,457
XME,146,458
XME,146,459
XME,146,460
XME,146,461
XME,146,462
XME,146,463
XME,146,464
XME,146,465
XME,146,466
XME,146,467
XME,146,468
XME,146,469
XME,146,470
XME,146,471
XME,147,444
XME,147,445
XME,147,446
XME,147,447
XME,147,448
XME,147,449
XME,147,450
XME,147,451
XME,147,452
XME,147,453
XME,147,454
XME,147,455
XME,147,456
XME,147,457
XME,147,458
XME,147,459
XME,147,460
XME,147,461
XME,147,462
XME,147,463
XME,147,464
XME,147,465
XME,147,466
XME,147,467
XME,147,468
XME,147,469
XME,148,446
XME,148,447
XME,148,448
XME,148,449
XME,148,450
XME,148,451
XME,148,452
XME,148,453
XME,148,454
XME,148,455
XME,148,456
XME,148,457
XME,148,458
XME,148,459
XME,148,460
XME,148,461
XME,148,462
XME,148,463
XME,148,464
XME,148,465
XME,148,466
XME,149,446
XME,149,447
XME,149,448
XME,149,449
XME,149,450
XME,149,451
XME,149,452
XME,149,453
XME,149,454
XME,149,455
XME,149,456
XME,149,457
XME,149,458
XME,149,459
XME,149,460
XME,149,461
XME,149,462
XME,149,463
XME,149,464
XME,149,465
XME,150,446
XME,150,447
XME,150,448
XME,150,449
XME,150,450
XME,150,451
XME,150,452
XME,150,453
XME,150,454
XME,150,455
XME,150,456
XME,150,457
XME,150,458
XME,150,459
XME,150,460
XME,150,461
XME,150,462
XME,150,463
XME,150,464
XME,151,446
XME,151,447
XME,151,448
XME,151,449
XME,151,450
XME,151,451
XME,151,452
XME,151,453
XME,151,454
XME,151,455
XME,151,456
XME,151,457
XME,151,458
XME,151,459
XME,151,460
XME,151,461
XME,152,446
XME,152,447
XME,152,448
XME,152,449
XME,152,450
XME,152,451
XME,152,452
XME,152,453
XME,152,454
XME,152,455
XME,152,456
XME,152,457
XME,152,458
XME,152,459
XME,153,446
XME,153,447
XME,153,448
XME,153,449
XME,153,450
XME,153,451
XME,153,452
XME,153,453
XME,153,454
XME,153,455
XME,153,456
XME,154,447
XME,154,448
XME,154,449
XME,154,450
XME,154,451
XME,154,452
XME,154,453
XME,154,454
XME,155,447
XME,155,448
XME,155,449
XME,155,450
XME,155,451
XME,155,467
XME,155,468
XME,155,469
XME,156,465
XME,156,467
XME,156,468
XME,156,469
XNF,106,373
XNF,106,374
XNF,106,375
XNF,106,376
XNF,106,378
XNF,106,379
XNF,106,380
XNF,106,381
XNF,106,382
XNF,106,383
XNF,107,363
XNF,107,364
XNF,107,365
XNF,107,366
XNF,107,367
XNF,107,368
XNF,107,369
XNF,107,370
XNF,107,371
XNF,107,372
XNF,107,373
XNF,107,374
XNF,107,375
XNF,107,376
XNF,107,377
XNF,107,378
XNF,107,379
XNF,107,380
XNF,107,381
XNF,107,382
XNF,107,383
XNF,108,361
XNF,108,362
XNF,108,363
XNF,108,364
XNF,108,365
XNF,108,366
XNF,108,367
XNF,108,368
XNF,108,369
XNF,108,370
XNF,108,371
XNF,108,372
XNF,108,373
XNF,108,374
XNF,108,375
XNF,108,376
XNF,108,377
XNF,108,378
XNF,108,379
XNF,108,380
XNF,108,381
XNF,108,382
XNF,109,349
XNF,109,350
XNF,109,358
XNF,109,359
XNF,109,360
XNF,109,361
XNF,109,362
XNF,109,363
XNF,109,364
XNF,109,365
XNF,109,366
XNF,109,367
XNF,109,368
XNF,109,369
XNF,109,370
XNF,109,371
XNF,109,372
XNF,109,373
XNF,109,374
XNF,109,375
XNF,109,376
XNF,109,377
XNF,109,378
XNF,109,379
XNF,109,380
XNF,109,381
XNF,109,382
XNF,109,383
XNF,110,348
XNF,110,349
XNF,110,350
XNF,110,351
XNF,110,352
XNF,110,353
XNF,110,354
XNF,110,355
XNF,110,356
XNF,110,357
XNF,110,358
XNF,110,359
XNF,110,360
XNF,110,361
XNF,110,362
XNF,110,363
XNF,110,364
XNF,110,365
XNF,110,366
XNF,110,367
XNF,110,368
XNF,110,369
XNF,110,370
XNF,110,371
XNF,110,372
XNF,110,373
XNF,110,374
XNF,110,375
XNF,110,376
XNF,110,377
XNF,110,378
XNF,110,379
XNF,110,380
XNF,110,381
XNF,110,382
XNF,110,383
XNF,111,348
XNF,111,349
XNF,111,350
XNF,111,351
XNF,111,352
XNF,111,353
XNF,111,354
XNF,111,355
XNF,111,356
XNF,111,357
XNF,111,358
XNF,111,359
XNF,111,360
XNF,111,361
XNF,111,362
XNF,111,363
XNF,111,364
XNF,111,365
XNF,111,366
XNF,111,367
XNF,111,368
XNF,111,369
XNF,111,370
XNF,111,371
XNF,111,372
XNF,111,373
XNF,111,374
XNF,111,375
XNF,111,376
XNF,111,377
XNF,111,378
XNF,111,379
XNF,111,380
XNF,111,381
XNF,111,382
XNF,111,383
XNF,112,347
XNF,112,348
XNF,112,349
XNF,112,350
XNF,112,351
XNF,112,352
XNF,112,353
XNF,112,354
XNF,112,355
XNF,112,356
XNF,112,357
XNF,112,358
XNF,112,359
XNF,112,360
XNF,112,361
XNF,112,362
XNF,112,363
XNF,112,364
XNF,112,365
XNF,112,366
XNF,112,367
XNF,112,368
XNF,112,369
XNF,112,370
XNF,112,371
XNF,112,372
XNF,112,373
XNF,112,374
XNF,112,375
XNF,112,376
XNF,112,377
XNF,112,378
XNF,112,379
XNF,112,380
XNF,112,381
XNF,113,345
XNF,113,346
XNF,113,347
XNF,113,348
XNF,113,349
XNF,113,350
XNF,113,351
XNF,113,352
XNF,113,353
XNF,113,354
XNF,113,355
XNF,113,356
XNF,113,357
XNF,113,358
XNF,113,359
XNF,113,360
XNF,113,361
XNF,113,362
XNF,113,363
XNF,113,364
XNF,113,365
XNF,113,366
XNF,113,367
XNF,113,368
XNF,113,369
XNF,113,370
XNF,113,371
XNF,113,372
XNF,113,373
XNF,113,374
XNF,113,375
XNF,113,376
XNF,113,377
XNF,113,378
XNF,113,379
XNF,113,380
XNF,113,381
XNF,113,382
XNF,113,383
XNF,114,343
XNF,114,344
XNF,114,345
XNF,114,346
XNF,114,347
XNF,114,348
XNF,114,349
XNF,114,350
XNF,114,351
XNF,114,352
XNF,114,353
XNF,114,354
XNF,114,355
XNF,114,356
XNF,114,357
XNF,114,358
XNF,114,359
XNF,114,360
XNF,114,361
XNF,114,362
XNF,114,363
XNF,114,364
XNF,114,365
XNF,114,366
XNF,114,367
XNF,114,368
XNF,114,369
XNF,114,370
XNF,114,371
XNF,114,372
XNF,114,373
XNF,114,374
XNF,114,375
XNF,114,376
XNF,114,377
XNF,114,378
XNF,114,379
XNF,114,380
XNF,114,381
XNF,114,382
XNF,114,383
XNF,114,384
XNF,114,385
XNF,115,342
XNF,115,343
XNF,115,344
XNF,115,345
XNF,115,346
XNF,115,347
XNF,115,348
XNF,115,349
XNF,115,350
XNF,115,351
XNF,115,352
XNF,115,353
XNF,115,354
XNF,115,355
XNF,115,356
XNF,115,357
XNF,115,358
XNF,115,359
XNF,115,360
XNF,115,361
XNF,115,362
XNF,115,363
XNF,115,364
XNF,115,365
XNF,115,366
XNF,115,367
XNF,115,368
XNF,115,369
XNF,115,370
XNF,115,371
XNF,115,372
XNF,115,373
XNF,115,374
XNF,115,375
XNF,115,376
XNF,115,377
XNF,115,378
XNF,115,379
XNF,115,380
XNF,115,381
XNF,115,382
XNF,115,383
XNF,115,384
XNF,115,385
XNF,115,386
XNF,115,387
XNF,115,388
XNF,115,389
XNF,115,390
XNF,115,402
XNF,115,403
XNF,115,404
XNF,115,405
XNF,115,406
XNF,115,407
XNF,116,342
XNF,116,343
XNF,116,344
XNF,116,345
XNF,116,346
XNF,116,347
XNF,116,348
XNF,116,349
XNF,116,350
XNF,116,351
XNF,116,352
XNF,116,353
XNF,116,354
XNF,116,355
XNF,116,356
XNF,116,357
XNF,116,358
XNF,116,359
XNF,116,360
XNF,116,361
XNF,116,362
XNF,116,363
XNF,116,364
XNF,116,365
XNF,116,366
XNF,116,367
XNF,116,368
XNF,116,369
XNF,116,370
XNF,116,371
XNF,116,372
XNF,116,373
XNF,116,374
XNF,116,375
XNF,116,376
XNF,116,377
XNF,116,378
XNF,116,379
XNF,116,380
XNF,116,381
XNF,116,382
XNF,116,383
XNF,116,384
XNF,116,385
XNF,116,386
XNF,116,387
XNF,116,388
XNF,116,389
XNF,116,390
XNF,116,391
XNF,116,401
XNF,116,402
XNF,116,403
XNF,116,404
XNF,116,405
XNF,116,406
XNF,116,407
XNF,116,408
XNF,116,409
XNF,116,410
XNF,117,341
XNF,117,342
XNF,117,343
XNF,117,344
XNF,117,345
XNF,117,346
XNF,117,347
XNF,117,348
XNF,117,349
XNF,117,350
XNF,117,351
XNF,117,352
XNF,117,353
XNF,117,354
XNF,117,355
XNF,117,356
XNF,117,357
XNF,117,358
XNF,117,359
XNF,117,360
XNF,117,361
XNF,117,362
XNF,117,363
XNF,117,364
XNF,117,365
XNF,117,366
XNF,117,367
XNF,117,368
XNF,117,369
XNF,117,370
XNF,117,371
XNF,117,372
XNF,117,373
XNF,117,374
XNF,117,375
XNF,117,376
XNF,117,377
XNF,117,378
XNF,117,379
XNF,117,380
XNF,117,381
XNF,117,382
XNF,117,383
XNF,117,384
XNF,117,385
XNF,117,386
XNF,117,387
XNF,117,388
XNF,117,389
XNF,117,390
XNF,117,391
XNF,117,392
XNF,117,400
XNF,117,401
XNF,117,402
XNF,117,403
XNF,117,404
XNF,117,405
XNF,117,406
XNF,117,407
XNF,117,408
XNF,117,409
XNF,117,410
XNF,117,411
XNF,117,412
XNF,117,413
XNF,117,414
XNF,117,422
XNF,117,423
XNF,117,424
XNF,118,341
XNF,118,342
XNF,118,343
XNF,118,344
XNF,118,345
XNF,118,346
XNF,118,347
XNF,118,348
XNF,118,349
XNF,118,350
XNF,118,351
XNF,118,352
XNF,118,353
XNF,118,354
XNF,118,355
XNF,118,356
XNF,118,357
XNF,118,358
XNF,118,359
XNF,118,360
XNF,118,361
XNF,118,362
XNF,118,363
XNF,118,364
XNF,118,365
XNF,118,366
XNF,118,367
XNF,118,368
XNF,118,369
XNF,118,370
XNF,118,371
XNF,118,372
XNF,118,373
XNF,118,374
XNF,118,375
XNF,118,376
XNF,118,377
XNF,118,378
XNF,118,379
XNF,118,380
XNF,118,381
XNF,118,382
XNF,118,383
XNF,118,384
XNF,118,385
XNF,118,386
XNF,118,387
XNF,118,388
XNF,118,389
XNF,118,390
XNF,118,391
XNF,118,392
XNF,118,393
XNF,118,394
XNF,118,395
XNF,118,396
XNF,118,401
XNF,118,402
XNF,118,403
XNF,118,404
XNF,118,405
XNF,118,406
XNF,118,407
XNF,118,408
XNF,118,409
XNF,118,410
XNF,118,411
XNF,118,412
XNF,118,413
XNF,118,414
XNF,118,415
XNF,118,416
XNF,118,417
XNF,118,418
XNF,118,420
XNF,118,421
XNF,118,422
XNF,118,423
XNF,118,424
XNF,118,425
XNF,118,426
XNF,118,427
XNF,118,428
XNF,118,429
XNF,119,341
XNF,119,342
XNF,119,343
XNF,119,344
XNF,119,345
XNF,119,346
XNF,119,347
XNF,119,348
XNF,119,349
XNF,119,350
XNF,119,351
XNF,119,352
XNF,119,353
XNF,119,354
XNF,119,355
XNF,119,356
XNF,119,357
XNF,119,358
XNF,119,359
XNF,119,360
XNF,119,361
XNF,119,362
XNF,119,363
XNF,119,364
XNF,119,365
XNF,119,366
XNF,119,367
XNF,119,368
XNF,119,369
XNF,119,370
XNF,119,371
XNF,119,372
XNF,119,373
XNF,119,374
XNF,119,375
XNF,119,376
XNF,119,377
XNF,119,378
XNF,119,379
XNF,119,380
XNF,119,381
XNF,119,382
XNF,119,383
XNF,119,384
XNF,119,385
XNF,119,386
XNF,119,387
XNF,119,388
XNF,119,389
XNF,119,390
XNF,119,391
XNF,119,392
XNF,119,393
XNF,119,394
XNF,119,395
XNF,119,396
XNF,119,397
XNF,119,398
XNF,119,400
XNF,119,401
XNF,119,402
XNF,119,403
XNF,119,404
XNF,119,405
XNF,119,406
XNF,119,407
XNF,119,408
XNF,119,409
XNF,119,410
XNF,119,411
XNF,119,412
XNF,119,413
XNF,119,414
XNF,119,415
XNF,119,416
XNF,119,417
XNF,119,418
XNF,119,419
XNF,119,420
XNF,119,421
XNF,119,422
XNF,119,423
XNF,119,424
XNF,119,425
XNF,119,426
XNF,119,427
XNF,119,428
XNF,119,429
XNF,119,430
XNF,120,341
XNF,120,342
XNF,120,343
XNF,120,344
XNF,120,345
XNF,120,346
XNF,120,347
XNF,120,348
XNF,120,349
XNF,120,350
XNF,120,351
XNF,120,352
XNF,120,353
XNF,120,354
XNF,120,355
XNF,120,356
XNF,120,357
XNF,120,358
XNF,120,359
XNF,120,360
XNF,120,361
XNF,120,362
XNF,120,363
XNF,120,364
XNF,120,365
XNF,120,366
XNF,120,367
XNF,120,368
XNF,120,369
XNF,120,370
XNF,120,371
XNF,120,372
XNF,120,373
XNF,120,374
XNF,120,375
XNF,120,376
XNF,120,377
XNF,120,378
XNF,120,379
XNF,120,380
XNF,120,381
XNF,120,382
XNF,120,383
XNF,120,384
XNF,120,385
XNF,120,386
XNF,120,387
XNF,120,388
XNF,120,389
XNF,120,390
XNF,120,391
XNF,120,392
XNF,120,393
XNF,120,394
XNF,120,395
XNF,120,396
XNF,120,397
XNF,120,398
XNF,120,399
XNF,120,400
XNF,120,401
XNF,120,402
XNF,120,403
XNF,120,404
XNF,120,405
XNF,120,406
XNF,120,407
XNF,120,408
XNF,120,409
XNF,120,410
XNF,120,411
XNF,120,412
XNF,120,413
XNF,120,414
XNF,120,415
XNF,120,416
XNF,120,417
XNF,120,418
XNF,120,419
XNF,120,420
XNF,120,421
XNF,120,422
XNF,120,423
XNF,120,424
XNF,120,425
XNF,120,426
XNF,120,427
XNF,120,428
XNF,120,429
XNF,120,430
XNF,121,340
XNF,121,341
XNF,121,342
XNF,121,343
XNF,121,344
XNF,121,345
XNF,121,346
XNF,121,347
XNF,121,348
XNF,121,349
XNF,121,350
XNF,121,351
XNF,121,352
XNF,121,353
XNF,121,354
XNF,121,355
XNF,121,356
XNF,121,357
XNF,121,358
XNF,121,359
XNF,121,360
XNF,121,361
XNF,121,362
XNF,121,363
XNF,121,364
XNF,121,365
XNF,121,366
XNF,121,367
XNF,121,368
XNF,121,369
XNF,121,370
XNF,121,371
XNF,121,372
XNF,121,373
XNF,121,374
XNF,121,375
XNF,121,376
XNF,121,377
XNF,121,378
XNF,121,379
XNF,121,380
XNF,121,381
XNF,121,382
XNF,121,383
XNF,121,384
XNF,121,385
XNF,121,386
XNF,121,387
XNF,121,388
XNF,121,389
XNF,121,390
XNF,121,391
XNF,121,392
XNF,121,393
XNF,121,394
XNF,121,395
XNF,121,396
XNF,121,397
XNF,121,398
XNF,121,399
XNF,121,400
XNF,121,401
XNF,121,402
XNF,121,403
XNF,121,404
XNF,121,405
XNF,121,406
XNF,121,407
XNF,121,408
XNF,121,409
XNF,121,410
XNF,121,411
XNF,121,412
XNF,121,413
XNF,121,414
XNF,121,415
XNF,121,416
XNF,121,417
XNF,121,418
XNF,121,419
XNF,121,420
XNF,121,421
XNF,121,422
XNF,121,423
XNF,121,424
XNF,121,425
XNF,121,426
XNF,121,427
XNF,121,428
XNF,121,429
XNF,121,430
XNF,122,339
XNF,122,340
XNF,122,341
XNF,122,342
XNF,122,343
XNF,122,344
XNF,122,345
XNF,122,346
XNF,122,347
XNF,122,348
XNF,122,349
XNF,122,350
XNF,122,351
XNF,122,352
XNF,122,353
XNF,122,354
XNF,122,355
XNF,122,356
XNF,122,357
XNF,122,358
XNF,122,359
XNF,122,360
XNF,122,361
XNF,122,362
XNF,122,363
XNF,122,364
XNF,122,365
XNF,122,366
XNF,122,367
XNF,122,368
XNF,122,369
XNF,122,370
XNF,122,371
XNF,122,372
XNF,122,373
XNF,122,374
XNF,122,375
XNF,122,376
XNF,122,377
XNF,122,378
XNF,122,379
XNF,122,380
XNF,122,381
XNF,122,382
XNF,122,383
XNF,122,384
XNF,122,385
XNF,122,386
XNF,122,387
XNF,122,388
XNF,122,389
XNF,122,390
XNF,122,391
XNF,122,392
XNF,122,393
XNF,122,394
XNF,122,395
XNF,122,396
XNF,122,397
XNF,122,398
XNF,122,399
XNF,122,400
XNF,122,401
XNF,122,402
XNF,122,403
XNF,122,404
XNF,122,405
XNF,122,406
XNF,122,407
XNF,122,408
XNF,122,409
XNF,122,410
XNF,122,411
XNF,122,412
XNF,122,413
XNF,122,414
XNF,122,415
XNF,122,416
XNF,122,417
XNF,122,418
XNF,122,419
XNF,122,420
XNF,122,421
XNF,122,422
XNF,122,423
XNF,122,424
XNF,122,425
XNF,122,426
XNF,122,427
XNF,122,428
XNF,122,429
XNF,122,430
XNF,123,338
XNF,123,339
XNF,123,340
XNF,123,341
XNF,123,342
XNF,123,343
XNF,123,344
XNF,123,345
XNF,123,346
XNF,123,347
XNF,123,348
XNF,123,349
XNF,123,350
XNF,123,351
XNF,123,352
XNF,123,353
XNF,123,354
XNF,123,355
XNF,123,356
XNF,123,357
XNF,123,358
XNF,123,359
XNF,123,360
XNF,123,361
XNF,123,362
XNF,123,363
XNF,123,364
XNF,123,365
XNF,123,366
XNF,123,367
XNF,123,368
XNF,123,369
XNF,123,370
XNF,123,371
XNF,123,372
XNF,123,373
XNF,123,374
XNF,123,375
XNF,123,376
XNF,123,377
XNF,123,378
XNF,123,379
XNF,123,380
XNF,123,381
XNF,123,382
XNF,123,383
XNF,123,384
XNF,123,385
XNF,123,386
XNF,123,387
XNF,123,388
XNF,123,389
XNF,123,390
XNF,123,391
XNF,123,392
XNF,123,393
XNF,123,394
XNF,123,395
XNF,123,396
XNF,123,397
XNF,123,398
XNF,123,399
XNF,123,400
XNF,123,401
XNF,123,402
XNF,123,403
XNF,123,404
XNF,123,405
XNF,123,406
XNF,123,407
XNF,123,408
XNF,123,409
XNF,123,410
XNF,123,411
XNF,123,412
XNF,123,413
XNF,123,414
XNF,123,415
XNF,123,416
XNF,123,417
XNF,123,418
XNF,123,419
XNF,123,420
XNF,123,421
XNF,123,422
XNF,123,423
XNF,123,424
XNF,123,425
XNF,123,426
XNF,123,427
XNF,123,428
XNF,123,429
XNF,123,430
XNF,124,336
XNF,124,337
XNF,124,338
XNF,124,339
XNF,124,340
XNF,124,341
XNF,124,342
XNF,124,343
XNF,124,344
XNF,124,345
XNF,124,346
XNF,124,347
XNF,124,348
XNF,124,349
XNF,124,350
XNF,124,351
XNF,124,352
XNF,124,353
XNF,124,354
XNF,124,355
XNF,124,356
XNF,124,357
XNF,124,358
XNF,124,359
XNF,124,360
XNF,124,361
XNF,124,362
XNF,124,363
XNF,124,364
XNF,124,365
XNF,124,366
XNF,124,367
XNF,124,368
XNF,124,369
XNF,124,370
XNF,124,371
XNF,124,372
XNF,124,373
XNF,124,374
XNF,124,375
XNF,124,376
XNF,124,377
XNF,124,378
XNF,124,379
XNF,124,380
XNF,124,381
XNF,124,382
XNF,124,383
XNF,124,384
XNF,124,385
XNF,124,386
XNF,124,387
XNF,124,388
XNF,124,389
XNF,124,390
XNF,124,391
XNF,124,392
XNF,124,393
XNF,124,394
XNF,124,395
XNF,124,396
XNF,124,397
XNF,124,398
XNF,124,399
XNF,124,400
XNF,124,401
XNF,124,402
XNF,124,403
XNF,124,404
XNF,124,405
XNF,124,406
XNF,124,407
XNF,124,408
XNF,124,409
XNF,124,410
XNF,124,411
XNF,124,412
XNF,124,413
XNF,124,414
XNF,124,415
XNF,124,416
XNF,124,417
XNF,124,418
XNF,124,419
XNF,124,420
XNF,124,421
XNF,124,422
XNF,124,423
XNF,124,424
XNF,124,425
XNF,124,426
XNF,124,427
XNF,124,428
XNF,124,429
XNF,124,430
XNF,125,334
XNF,125,335
XNF,125,336
XNF,125,337
XNF,125,338
XNF,125,339
XNF,125,340
XNF,125,341
XNF,125,342
XNF,125,343
XNF,125,344
XNF,125,345
XNF,125,346
XNF,125,347
XNF,125,348
XNF,125,349
XNF,125,350
XNF,125,351
XNF,125,352
XNF,125,353
XNF,125,354
XNF,125,355
XNF,125,356
XNF,125,357
XNF,125,358
XNF,125,359
XNF,125,360
XNF,125,361
XNF,125,362
XNF,125,363
XNF,125,364
XNF,125,365
XNF,125,366
XNF,125,367
XNF,125,368
XNF,125,369
XNF,125,370
XNF,125,371
XNF,125,372
XNF,125,373
XNF,125,374
XNF,125,375
XNF,125,376
XNF,125,377
XNF,125,378
XNF,125,379
XNF,125,380
XNF,125,381
XNF,125,382
XNF,125,383
XNF,125,384
XNF,125,385
XNF,125,386
XNF,125,387
XNF,125,388
XNF,125,389
XNF,125,390
XNF,125,391
XNF,125,392
XNF,125,393
XNF,125,394
XNF,125,395
XNF,125,396
XNF,125,397
XNF,125,398
XNF,125,399
XNF,125,400
XNF,125,401
XNF,125,402
XNF,125,403
XNF,125,404
XNF,125,405
XNF,125,406
XNF,125,407
XNF,125,408
XNF,125,409
XNF,125,410
XNF,125,411
XNF,125,412
XNF,125,413
XNF,125,414
XNF,125,415
XNF,125,416
XNF,125,417
XNF,125,418
XNF,125,419
XNF,125,420
XNF,125,421
XNF,125,422
XNF,125,423
XNF,125,424
XNF,125,425
XNF,125,426
XNF,125,427
XNF,125,428
XNF,125,429
XNF,125,430
XNF,126,334
XNF,126,335
XNF,126,336
XNF,126,337
XNF,126,338
XNF,126,339
XNF,126,340
XNF,126,341
XNF,126,342
XNF,126,343
XNF,126,344
XNF,126,345
XNF,126,346
XNF,126,347
XNF,126,348
XNF,126,349
XNF,126,350
XNF,126,351
XNF,126,352
XNF,126,353
XNF,126,354
XNF,126,355
XNF,126,356
XNF,126,357
XNF,126,358
XNF,126,359
XNF,126,360
XNF,126,361
XNF,126,362
XNF,126,363
XNF,126,364
XNF,126,365
XNF,126,366
XNF,126,367
XNF,126,368
XNF,126,369
XNF,126,370
XNF,126,371
XNF,126,372
XNF,126,373
XNF,126,374
XNF,126,375
XNF,126,376
XNF,126,377
XNF,126,378
XNF,126,379
XNF,126,380
XNF,126,381
XNF,126,382
XNF,126,383
XNF,126,384
XNF,126,385
XNF,126,386
XNF,126,387
XNF,126,388
XNF,126,389
XNF,126,390
XNF,126,391
XNF,126,392
XNF,126,393
XNF,126,394
XNF,126,395
XNF,126,396
XNF,126,397
XNF,126,398
XNF,126,399
XNF,126,400
XNF,126,401
XNF,126,402
XNF,126,403
XNF,126,404
XNF,126,405
XNF,126,406
XNF,126,407
XNF,126,408
XNF,126,409
XNF,126,410
XNF,126,411
XNF,126,412
XNF,126,413
XNF,126,414
XNF,126,415
XNF,126,416
XNF,126,417
XNF,126,418
XNF,126,419
XNF,126,420
XNF,126,421
XNF,126,422
XNF,126,423
XNF,126,424
XNF,126,425
XNF,126,426
XNF,126,427
XNF,126,428
XNF,126,429
XNF,127,333
XNF,127,334
XNF,127,335
XNF,127,336
XNF,127,337
XNF,127,338
XNF,127,340
XNF,127,341
XNF,127,344
XNF,127,345
XNF,127,346
XNF,127,347
XNF,127,348
XNF,127,349
XNF,127,350
XNF,127,351
XNF,127,352
XNF,127,353
XNF,127,354
XNF,127,355
XNF,127,356
XNF,127,357
XNF,127,358
XNF,127,359
XNF,127,360
XNF,127,361
XNF,127,362
XNF,127,363
XNF,127,364
XNF,127,365
XNF,127,366
XNF,127,367
XNF,127,368
XNF,127,369
XNF,127,370
XNF,127,371
XNF,127,372
XNF,127,373
XNF,127,374
XNF,127,375
XNF,127,376
XNF,127,377
XNF,127,378
XNF,127,379
XNF,127,380
XNF,127,381
XNF,127,382
XNF,127,383
XNF,127,384
XNF,127,385
XNF,127,386
XNF,127,387
XNF,127,388
XNF,127,389
XNF,127,390
XNF,127,391
XNF,127,392
XNF,127,393
XNF,127,394
XNF,127,395
XNF,127,396
XNF,127,397
XNF,127,398
XNF,127,399
XNF,127,400
XNF,127,401
XNF,127,402
XNF,127,403
XNF,127,404
XNF,127,405
XNF,127,406
XNF,127,407
XNF,127,408
XNF,127,409
XNF,127,410
XNF,127,411
XNF,127,412
XNF,127,413
XNF,127,414
XNF,127,415
XNF,127,416
XNF,127,417
XNF,127,418
XNF,127,419
XNF,127,420
XNF,127,421
XNF,127,422
XNF,127,423
XNF,127,424
XNF,127,425
XNF,127,426
XNF,127,427
XNF,127,428
XNF,127,429
XNF,128,332
XNF,128,333
XNF,128,334
XNF,128,335
XNF,128,336
XNF,128,337
XNF,128,346
XNF,128,347
XNF,128,348
XNF,128,349
XNF,128,350
XNF,128,351
XNF,128,352
XNF,128,353
XNF,128,354
XNF,128,355
XNF,128,356
XNF,128,357
XNF,128,358
XNF,128,359
XNF,128,360
XNF,128,361
XNF,128,362
XNF,128,363
XNF,128,364
XNF,128,365
XNF,128,366
XNF,128,367
XNF,128,368
XNF,128,369
XNF,128,370
XNF,128,371
XNF,128,372
XNF,128,373
XNF,128,374
XNF,128,375
XNF,128,376
XNF,128,377
XNF,128,378
XNF,128,379
XNF,128,380
XNF,128,381
XNF,128,382
XNF,128,383
XNF,128,384
XNF,128,385
XNF,128,386
XNF,128,387
XNF,128,388
XNF,128,389
XNF,128,390
XNF,128,391
XNF,128,392
XNF,128,393
XNF,128,394
XNF,128,395
XNF,128,396
XNF,128,397
XNF,128,398
XNF,128,399
XNF,128,400
XNF,128,401
XNF,128,402
XNF,128,403
XNF,128,404
XNF,128,405
XNF,128,406
XNF,128,407
XNF,128,408
XNF,128,409
XNF,128,410
XNF,128,411
XNF,128,412
XNF,128,413
XNF,128,414
XNF,128,415
XNF,128,416
XNF,128,417
XNF,128,418
XNF,128,419
XNF,128,420
XNF,128,421
XNF,128,422
XNF,128,423
XNF,128,424
XNF,128,425
XNF,128,426
XNF,128,427
XNF,128,428
XNF,128,429
XNF,129,331
XNF,129,332
XNF,129,333
XNF,129,334
XNF,129,335
XNF,129,336
XNF,129,348
XNF,129,349
XNF,129,350
XNF,129,351
XNF,129,352
XNF,129,353
XNF,129,354
XNF,129,355
XNF,129,356
XNF,129,357
XNF,129,358
XNF,129,359
XNF,129,360
XNF,129,361
XNF,129,362
XNF,129,363
XNF,129,364
XNF,129,365
XNF,129,366
XNF,129,367
XNF,129,368
XNF,129,369
XNF,129,370
XNF,129,371
XNF,129,372
XNF,129,373
XNF,129,374
XNF,129,375
XNF,129,376
XNF,129,377
XNF,129,378
XNF,129,379
XNF,129,380
XNF,129,381
XNF,129,382
XNF,129,383
XNF,129,384
XNF,129,385
XNF,129,386
XNF,129,387
XNF,129,388
XNF,129,389
XNF,129,390
XNF,129,391
XNF,129,392
XNF,129,393
XNF,129,394
XNF,129,395
XNF,129,396
XNF,129,397
XNF,129,398
XNF,129,399
XNF,129,400
XNF,129,401
XNF,129,402
XNF,129,403
XNF,129,404
XNF,129,405
XNF,129,406
XNF,129,407
XNF,129,408
XNF,129,409
XNF,129,410
XNF,129,411
XNF,129,412
XNF,129,413
XNF,129,414
XNF,129,415
XNF,129,416
XNF,129,417
XNF,129,418
XNF,129,419
XNF,129,420
XNF,129,421
XNF,129,422
XNF,129,423
XNF,129,424
XNF,129,425
XNF,129,426
XNF,129,427
XNF,129,428
XNF,129,429
XNF,129,430
XNF,130,331
XNF,130,332
XNF,130,333
XNF,130,334
XNF,130,335
XNF,130,336
XNF,130,349
XNF,130,350
XNF,130,351
XNF,130,352
XNF,130,353
XNF,130,354
XNF,130,355
XNF,130,356
XNF,130,357
XNF,130,358
XNF,130,359
XNF,130,360
XNF,130,361
XNF,130,362
XNF,130,363
XNF,130,364
XNF,130,365
XNF,130,366
XNF,130,367
XNF,130,368
XNF,130,369
XNF,130,370
XNF,130,371
XNF,130,372
XNF,130,373
XNF,130,374
XNF,130,375
XNF,130,376
XNF,130,377
XNF,130,378
XNF,130,379
XNF,130,380
XNF,130,381
XNF,130,382
XNF,130,383
XNF,130,384
XNF,130,385
XNF,130,386
XNF,130,387
XNF,130,388
XNF,130,389
XNF,130,390
XNF,130,391
XNF,130,392
XNF,130,393
XNF,130,394
XNF,130,395
XNF,130,396
XNF,130,397
XNF,130,398
XNF,130,399
XNF,130,400
XNF,130,401
XNF,130,402
XNF,130,403
XNF,130,404
XNF,130,405
XNF,130,406
XNF,130,407
XNF,130,408
XNF,130,409
XNF,130,410
XNF,130,411
XNF,130,412
XNF,130,413
XNF,130,414
XNF,130,415
XNF,130,416
XNF,130,417
XNF,130,418
XNF,130,419
XNF,130,420
XNF,130,421
XNF,130,422
XNF,130,423
XNF,130,424
XNF,130,425
XNF,130,426
XNF,130,427
XNF,130,428
XNF,130,429
XNF,130,430
XNF,131,330
XNF,131,331
XNF,131,332
XNF,131,333
XNF,131,334
XNF,131,335
XNF,131,336
XNF,131,351
XNF,131,352
XNF,131,353
XNF,131,354
XNF,131,355
XNF,131,356
XNF,131,357
XNF,131,358
XNF,131,359
XNF,131,360
XNF,131,361
XNF,131,362
XNF,131,363
XNF,131,364
XNF,131,365
XNF,131,366
XNF,131,367
XNF,131,368
XNF,131,369
XNF,131,370
XNF,131,371
XNF,131,372
XNF,131,373
XNF,131,374
XNF,131,375
XNF,131,376
XNF,131,377
XNF,131,378
XNF,131,379
XNF,131,380
XNF,131,381
XNF,131,382
XNF,131,383
XNF,131,384
XNF,131,385
XNF,131,386
XNF,131,387
XNF,131,388
XNF,131,389
XNF,131,390
XNF,131,391
XNF,131,392
XNF,131,393
XNF,131,394
XNF,131,395
XNF,131,396
XNF,131,397
XNF,131,398
XNF,131,399
XNF,131,400
XNF,131,401
XNF,131,402
XNF,131,403
XNF,131,404
XNF,131,405
XNF,131,406
XNF,131,407
XNF,131,408
XNF,131,409
XNF,131,410
XNF,131,411
XNF,131,412
XNF,131,413
XNF,131,414
XNF,131,415
XNF,131,416
XNF,131,417
XNF,131,418
XNF,131,419
XNF,131,420
XNF,131,421
XNF,131,422
XNF,131,423
XNF,131,424
XNF,131,425
XNF,131,426
XNF,131,427
XNF,131,428
XNF,131,429
XNF,131,430
XNF,131,431
XNF,132,329
XNF,132,330
XNF,132,331
XNF,132,332
XNF,132,333
XNF,132,334
XNF,132,353
XNF,132,354
XNF,132,355
XNF,132,356
XNF,132,357
XNF,132,358
XNF,132,359
XNF,132,360
XNF,132,361
XNF,132,362
XNF,132,363
XNF,132,364
XNF,132,365
XNF,132,366
XNF,132,367
XNF,132,368
XNF,132,369
XNF,132,370
XNF,132,371
XNF,132,372
XNF,132,373
XNF,132,374
XNF,132,375
XNF,132,376
XNF,132,377
XNF,132,378
XNF,132,379
XNF,132,380
XNF,132,381
XNF,132,382
XNF,132,383
XNF,132,384
XNF,132,385
XNF,132,386
XNF,132,387
XNF,132,388
XNF,132,389
XNF,132,390
XNF,132,391
XNF,132,392
XNF,132,393
XNF,132,394
XNF,132,395
XNF,132,396
XNF,132,397
XNF,132,398
XNF,132,399
XNF,132,400
XNF,132,401
XNF,132,402
XNF,132,403
XNF,132,404
XNF,132,405
XNF,132,406
XNF,132,407
XNF,132,408
XNF,132,409
XNF,132,410
XNF,132,411
XNF,132,412
XNF,132,413
XNF,132,414
XNF,132,415
XNF,132,416
XNF,132,417
XNF,132,418
XNF,132,419
XNF,132,420
XNF,132,421
XNF,132,422
XNF,132,423
XNF,132,424
XNF,132,425
XNF,132,426
XNF,132,427
XNF,132,428
XNF,132,429
XNF,132,430
XNF,132,431
XNF,132,432
XNF,133,329
XNF,133,330
XNF,133,331
XNF,133,332
XNF,133,333
XNF,133,334
XNF,133,354
XNF,133,355
XNF,133,356
XNF,133,357
XNF,133,358
XNF,133,359
XNF,133,360
XNF,133,361
XNF,133,362
XNF,133,363
XNF,133,364
XNF,133,365
XNF,133,366
XNF,133,367
XNF,133,368
XNF,133,369
XNF,133,370
XNF,133,371
XNF,133,372
XNF,133,373
XNF,133,374
XNF,133,375
XNF,133,376
XNF,133,377
XNF,133,378
XNF,133,379
XNF,133,380
XNF,133,381
XNF,133,382
XNF,133,383
XNF,133,384
XNF,133,385
XNF,133,386
XNF,133,387
XNF,133,388
XNF,133,389
XNF,133,390
XNF,133,391
XNF,133,392
XNF,133,393
XNF,133,394
XNF,133,395
XNF,133,396
XNF,133,397
XNF,133,398
XNF,133,399
XNF,133,400
XNF,133,401
XNF,133,402
XNF,133,403
XNF,133,404
XNF,133,405
XNF,133,406
XNF,133,407
XNF,133,408
XNF,133,409
XNF,133,410
XNF,133,411
XNF,133,412
XNF,133,413
XNF,133,414
XNF,133,415
XNF,133,416
XNF,133,417
XNF,133,418
XNF,133,419
XNF,133,420
XNF,133,421
XNF,133,422
XNF,133,423
XNF,133,424
XNF,133,425
XNF,133,426
XNF,133,427
XNF,133,428
XNF,133,429
XNF,133,430
XNF,133,431
XNF,133,432
XNF,134,328
XNF,134,329
XNF,134,330
XNF,134,331
XNF,134,332
XNF,134,356
XNF,134,357
XNF,134,358
XNF,134,359
XNF,134,360
XNF,134,361
XNF,134,362
XNF,134,363
XNF,134,364
XNF,134,365
XNF,134,366
XNF,134,367
XNF,134,368
XNF,134,369
XNF,134,370
XNF,134,371
XNF,134,372
XNF,134,373
XNF,134,374
XNF,134,375
XNF,134,376
XNF,134,377
XNF,134,378
XNF,134,379
XNF,134,380
XNF,134,381
XNF,134,382
XNF,134,383
XNF,134,384
XNF,134,385
XNF,134,386
XNF,134,387
XNF,134,388
XNF,134,389
XNF,134,390
XNF,134,391
XNF,134,392
XNF,134,393
XNF,134,394
XNF,134,395
XNF,134,396
XNF,134,397
XNF,134,398
XNF,134,399
XNF,134,400
XNF,134,401
XNF,134,402
XNF,134,403
XNF,134,404
XNF,134,405
XNF,134,406
XNF,134,407
XNF,134,408
XNF,134,409
XNF,134,410
XNF,134,411
XNF,134,412
XNF,134,413
XNF,134,414
XNF,134,415
XNF,134,416
XNF,134,417
XNF,134,418
XNF,134,419
XNF,134,420
XNF,134,421
XNF,134,422
XNF,134,423
XNF,134,424
XNF,134,425
XNF,134,426
XNF,134,427
XNF,134,428
XNF,134,429
XNF,134,430
XNF,134,431
XNF,134,432
XNF,135,328
XNF,135,329
XNF,135,330
XNF,135,331
XNF,135,332
XNF,135,357
XNF,135,358
XNF,135,359
XNF,135,360
XNF,135,361
XNF,135,362
XNF,135,363
XNF,135,364
XNF,135,365
XNF,135,366
XNF,135,367
XNF,135,368
XNF,135,369
XNF,135,370
XNF,135,371
XNF,135,372
XNF,135,373
XNF,135,374
XNF,135,375
XNF,135,376
XNF,135,377
XNF,135,378
XNF,135,379
XNF,135,380
XNF,135,381
XNF,135,382
XNF,135,383
XNF,135,388
XNF,135,389
XNF,135,390
XNF,135,395
XNF,135,396
XNF,135,397
XNF,135,398
XNF,135,399
XNF,135,400
XNF,135,401
XNF,135,402
XNF,135,403
XNF,135,404
XNF,135,405
XNF,135,406
XNF,135,407
XNF,135,408
XNF,135,409
XNF,135,410
XNF,135,411
XNF,135,412
XNF,135,413
XNF,135,414
XNF,135,415
XNF,135,416
XNF,135,417
XNF,135,418
XNF,135,419
XNF,135,420
XNF,135,421
XNF,135,422
XNF,135,423
XNF,135,424
XNF,135,425
XNF,135,426
XNF,135,427
XNF,135,428
XNF,135,429
XNF,135,430
XNF,135,431
XNF,135,432
XNF,135,433
XNF,136,327
XNF,136,328
XNF,136,329
XNF,136,330
XNF,136,331
XNF,136,332
XNF,136,359
XNF,136,360
XNF,136,361
XNF,136,362
XNF,136,363
XNF,136,364
XNF,136,365
XNF,136,366
XNF,136,367
XNF,136,368
XNF,136,369
XNF,136,370
XNF,136,371
XNF,136,372
XNF,136,373
XNF,136,374
XNF,136,375
XNF,136,376
XNF,136,377
XNF,136,378
XNF,136,379
XNF,136,380
XNF,136,381
XNF,136,397
XNF,136,398
XNF,136,399
XNF,136,400
XNF,136,401
XNF,136,402
XNF,136,403
XNF,136,404
XNF,136,405
XNF,136,406
XNF,136,407
XNF,136,408
XNF,136,409
XNF,136,410
XNF,136,411
XNF,136,412
XNF,136,413
XNF,136,414
XNF,136,415
XNF,136,416
XNF,136,417
XNF,136,418
XNF,136,419
XNF,136,420
XNF,136,421
XNF,136,422
XNF,136,423
XNF,136,424
XNF,136,425
XNF,136,426
XNF,136,427
XNF,136,428
XNF,136,429
XNF,136,430
XNF,136,431
XNF,136,432
XNF,136,433
XNF,136,434
XNF,137,327
XNF,137,328
XNF,137,329
XNF,137,330
XNF,137,331
XNF,137,360
XNF,137,361
XNF,137,362
XNF,137,363
XNF,137,364
XNF,137,365
XNF,137,366
XNF,137,367
XNF,137,368
XNF,137,369
XNF,137,370
XNF,137,371
XNF,137,372
XNF,137,373
XNF,137,374
XNF,137,375
XNF,137,376
XNF,137,377
XNF,137,378
XNF,137,379
XNF,137,399
XNF,137,400
XNF,137,401
XNF,137,402
XNF,137,403
XNF,137,404
XNF,137,405
XNF,137,406
XNF,137,407
XNF,137,408
XNF,137,409
XNF,137,410
XNF,138,327
XNF,138,330
XNF,138,331
XNF,138,362
XNF,138,363
XNF,138,364
XNF,138,365
XNF,138,366
XNF,138,367
XNF,138,368
XNF,138,369
XNF,138,370
XNF,138,371
XNF,138,372
XNF,138,373
XNF,138,374
XNF,138,375
XNF,138,376
XNF,138,377
XNF,138,401
XNF,138,402
XNF,138,403
XNF,138,404
XNF,138,405
XNF,138,406
XNF,138,407
XNF,138,408
XNF,138,409
XNF,138,410
XNF,139,363
XNF,139,364
XNF,139,365
XNF,139,366
XNF,139,367
XNF,139,368
XNF,139,369
XNF,139,370
XNF,139,371
XNF,139,372
XNF,139,373
XNF,139,374
XNF,139,375
XNF,139,376
XNF,139,403
XNF,139,404
XNF,139,405
XNF,139,406
XNF,139,407
XNF,139,408
XNF,139,409
XNF,139,410
XNF,140,364
XNF,140,365
XNF,140,366
XNF,140,367
XNF,140,368
XNF,140,369
XNF,140,370
XNF,140,371
XNF,140,372
XNF,140,373
XNF,140,374
XNF,140,405
XNF,140,406
XNF,140,407
XNF,140,408
XNF,140,409
XNF,140,410
XNF,141,366
XNF,141,367
XNF,141,368
XNF,141,369
XNF,141,370
XNF,141,371
XNF,141,372
XNF,141,373
XNF,141,407
XNF,141,408
XNF,142,367
XNF,142,368
XNF,142,369
XNF,142,370
XNF,142,371
XNF,142,372
XAF,125,343
XAF,126,339
XAF,126,341
XAF,126,342
XAF,126,343
XAF,126,344
XAF,127,338
XAF,127,339
XAF,127,340
XAF,127,341
XAF,127,342
XAF,127,343
XAF,127,344
XAF,127,345
XAF,127,346
XAF,128,336
XAF,128,337
XAF,128,338
XAF,128,339
XAF,128,340
XAF,128,341
XAF,128,342
XAF,128,343
XAF,128,344
XAF,128,345
XAF,128,346
XAF,128,347
XAF,128,348
XAF,129,336
XAF,129,337
XAF,129,338
XAF,129,339
XAF,129,340
XAF,129,341
XAF,129,342
XAF,129,343
XAF,129,344
XAF,129,345
XAF,129,346
XAF,129,347
XAF,129,348
XAF,129,349
XAF,130,336
XAF,130,337
XAF,130,338
XAF,130,339
XAF,130,340
XAF,130,341
XAF,130,342
XAF,130,343
XAF,130,344
XAF,130,345
XAF,130,346
XAF,130,347
XAF,130,348
XAF,130,349
XAF,130,350
XAF,130,351
XAF,131,335
XAF,131,336
XAF,131,337
XAF,131,338
XAF,131,339
XAF,131,340
XAF,131,341
XAF,131,342
XAF,131,343
XAF,131,344
XAF,131,345
XAF,131,346
XAF,131,347
XAF,131,348
XAF,131,349
XAF,131,350
XAF,131,351
XAF,131,352
XAF,132,334
XAF,132,335
XAF,132,336
XAF,132,337
XAF,132,338
XAF,132,339
XAF,132,340
XAF,132,341
XAF,132,342
XAF,132,343
XAF,132,344
XAF,132,345
XAF,132,346
XAF,132,347
XAF,132,348
XAF,132,349
XAF,132,350
XAF,132,351
XAF,132,352
XAF,132,353
XAF,132,354
XAF,133,333
XAF,133,334
XAF,133,335
XAF,133,336
XAF,133,337
XAF,133,338
XAF,133,339
XAF,133,340
XAF,133,341
XAF,133,342
XAF,133,343
XAF,133,344
XAF,133,345
XAF,133,346
XAF,133,347
XAF,133,348
XAF,133,349
XAF,133,350
XAF,133,351
XAF,133,352
XAF,133,353
XAF,133,354
XAF,133,355
XAF,133,384
XAF,133,385
XAF,134,332
XAF,134,333
XAF,134,334
XAF,134,335
XAF,134,336
XAF,134,337
XAF,134,338
XAF,134,339
XAF,134,340
XAF,134,341
XAF,134,342
XAF,134,343
XAF,134,344
XAF,134,345
XAF,134,346
XAF,134,347
XAF,134,348
XAF,134,349
XAF,134,350
XAF,134,351
XAF,134,352
XAF,134,353
XAF,134,354
XAF,134,355
XAF,134,356
XAF,134,357
XAF,134,383
XAF,134,384
XAF,134,385
XAF,134,386
XAF,134,387
XAF,134,388
XAF,134,391
XAF,134,392
XAF,134,393
XAF,134,394
XAF,135,332
XAF,135,333
XAF,135,334
XAF,135,335
XAF,135,336
XAF,135,337
XAF,135,338
XAF,135,339
XAF,135,340
XAF,135,341
XAF,135,342
XAF,135,343
XAF,135,344
XAF,135,345
XAF,135,346
XAF,135,347
XAF,135,348
XAF,135,349
XAF,135,350
XAF,135,351
XAF,135,352
XAF,135,353
XAF,135,354
XAF,135,355
XAF,135,356
XAF,135,357
XAF,135,358
XAF,135,359
XAF,135,381
XAF,135,382
XAF,135,383
XAF,135,384
XAF,135,385
XAF,135,386
XAF,135,387
XAF,135,388
XAF,135,389
XAF,135,390
XAF,135,391
XAF,135,392
XAF,135,393
XAF,135,394
XAF,135,395
XAF,135,396
XAF,136,332
XAF,136,333
XAF,136,334
XAF,136,335
XAF,136,336
XAF,136,337
XAF,136,338
XAF,136,339
XAF,136,340
XAF,136,341
XAF,136,342
XAF,136,343
XAF,136,344
XAF,136,345
XAF,136,346
XAF,136,347
XAF,136,348
XAF,136,349
XAF,136,350
XAF,136,351
XAF,136,352
XAF,136,353
XAF,136,354
XAF,136,355
XAF,136,356
XAF,136,357
XAF,136,358
XAF,136,359
XAF,136,360
XAF,136,379
XAF,136,380
XAF,136,381
XAF,136,382
XAF,136,383
XAF,136,384
XAF,136,385
XAF,136,386
XAF,136,387
XAF,136,388
XAF,136,389
XAF,136,390
XAF,136,391
XAF,136,392
XAF,136,393
XAF,136,394
XAF,136,395
XAF,136,396
XAF,136,397
XAF,136,398
XAF,136,423
XAF,137,329
XAF,137,331
XAF,137,332
XAF,137,333
XAF,137,334
XAF,137,335
XAF,137,336
XAF,137,337
XAF,137,338
XAF,137,339
XAF,137,340
XAF,137,341
XAF,137,342
XAF,137,343
XAF,137,344
XAF,137,345
XAF,137,346
XAF,137,347
XAF,137,348
XAF,137,349
XAF,137,350
XAF,137,351
XAF,137,352
XAF,137,353
XAF,137,354
XAF,137,355
XAF,137,356
XAF,137,357
XAF,137,358
XAF,137,359
XAF,137,360
XAF,137,361
XAF,137,362
XAF,137,378
XAF,137,379
XAF,137,380
XAF,137,381
XAF,137,382
XAF,137,383
XAF,137,384
XAF,137,385
XAF,137,386
XAF,137,387
XAF,137,388
XAF,137,389
XAF,137,390
XAF,137,391
XAF,137,392
XAF,137,393
XAF,137,394
XAF,137,395
XAF,137,396
XAF,137,397
XAF,137,398
XAF,137,399
XAF,137,400
XAF,137,411
XAF,137,412
XAF,137,413
XAF,137,414
XAF,137,415
XAF,137,416
XAF,137,417
XAF,137,418
XAF,137,419
XAF,137,420
XAF,137,421
XAF,137,422
XAF,137,423
XAF,137,424
XAF,137,425
XAF,137,426
XAF,137,427
XAF,137,428
XAF,137,429
XAF,137,430
XAF,137,431
XAF,137,432
XAF,137,433
XAF,137,434
XAF,138,326
XAF,138,327
XAF,138,328
XAF,138,329
XAF,138,330
XAF,138,331
XAF,138,332
XAF,138,333
XAF,138,334
XAF,138,335
XAF,138,336
XAF,138,337
XAF,138,338
XAF,138,339
XAF,138,340
XAF,138,341
XAF,138,342
XAF,138,343
XAF,138,344
XAF,138,345
XAF,138,346
XAF,138,347
XAF,138,348
XAF,138,349
XAF,138,350
XAF,138,351
XAF,138,352
XAF,138,353
XAF,138,354
XAF,138,355
XAF,138,356
XAF,138,357
XAF,138,358
XAF,138,359
XAF,138,360
XAF,138,361
XAF,138,362
XAF,138,363
XAF,138,376
XAF,138,377
XAF,138,378
XAF,138,379
XAF,138,380
XAF,138,381
XAF,138,382
XAF,138,383
XAF,138,384
XAF,138,385
XAF,138,386
XAF,138,387
XAF,138,388
XAF,138,389
XAF,138,390
XAF,138,391
XAF,138,392
XAF,138,393
XAF,138,394
XAF,138,395
XAF,138,396
XAF,138,397
XAF,138,398
XAF,138,399
XAF,138,400
XAF,138,401
XAF,138,402
XAF,138,411
XAF,138,412
XAF,138,413
XAF,138,414
XAF,138,415
XAF,138,416
XAF,138,417
XAF,138,418
XAF,138,419
XAF,138,420
XAF,138,421
XAF,138,422
XAF,138,423
XAF,138,424
XAF,138,425
XAF,138,426
XAF,138,427
XAF,138,428
XAF,138,429
XAF,138,430
XAF,138,431
XAF,138,432
XAF,138,433
XAF,138,434
XAF,138,435
XAF,139,326
XAF,139,327
XAF,139,328
XAF,139,329
XAF,139,330
XAF,139,331
XAF,139,332
XAF,139,333
XAF,139,334
XAF,139,335
XAF,139,336
XAF,139,337
XAF,139,338
XAF,139,339
XAF,139,340
XAF,139,341
XAF,139,342
XAF,139,343
XAF,139,344
XAF,139,345
XAF,139,346
XAF,139,347
XAF,139,348
XAF,139,349
XAF,139,350
XAF,139,351
XAF,139,352
XAF,139,353
XAF,139,354
XAF,139,355
XAF,139,356
XAF,139,357
XAF,139,358
XAF,139,359
XAF,139,360
XAF,139,361
XAF,139,362
XAF,139,363
XAF,139,364
XAF,139,375
XAF,139,376
XAF,139,377
XAF,139,378
XAF,139,379
XAF,139,380
XAF,139,381
XAF,139,382
XAF,139,383
XAF,139,384
XAF,139,385
XAF,139,386
XAF,139,387
XAF,139,388
XAF,139,389
XAF,139,390
XAF,139,391
XAF,139,392
XAF,139,393
XAF,139,394
XAF,139,395
XAF,139,396
XAF,139,397
XAF,139,398
XAF,139,399
XAF,139,400
XAF,139,401
XAF,139,402
XAF,139,403
XAF,139,404
XAF,139,411
XAF,139,412
XAF,139,413
XAF,139,414
XAF,139,415
XAF,139,416
XAF,139,417
XAF,139,418
XAF,139,419
XAF,139,420
XAF,139,421
XAF,139,422
XAF,139,423
XAF,139,424
XAF,139,425
XAF,139,426
XAF,139,427
XAF,139,428
XAF,139,429
XAF,139,430
XAF,139,431
XAF,139,432
XAF,139,433
XAF,139,434
XAF,139,435
XAF,140,328
XAF,140,329
XAF,140,330
XAF,140,331
XAF,140,332
XAF,140,333
XAF,140,334
XAF,140,335
XAF,140,336
XAF,140,337
XAF,140,338
XAF,140,339
XAF,140,340
XAF,140,341
XAF,140,342
XAF,140,343
XAF,140,344
XAF,140,345
XAF,140,346
XAF,140,347
XAF,140,348
XAF,140,349
XAF,140,350
XAF,140,351
XAF,140,352
XAF,140,353
XAF,140,354
XAF,140,355
XAF,140,356
XAF,140,357
XAF,140,358
XAF,140,359
XAF,140,360
XAF,140,361
XAF,140,362
XAF,140,363
XAF,140,364
XAF,140,365
XAF,140,366
XAF,140,373
XAF,140,374
XAF,140,375
XAF,140,376
XAF,140,377
XAF,140,378
XAF,140,379
XAF,140,380
XAF,140,381
XAF,140,382
XAF,140,383
XAF,140,384
XAF,140,385
XAF,140,386
XAF,140,387
XAF,140,388
XAF,140,389
XAF,140,390
XAF,140,391
XAF,140,392
XAF,140,393
XAF,140,394
XAF,140,395
XAF,140,396
XAF,140,397
XAF,140,398
XAF,140,399
XAF,140,400
XAF,140,401
XAF,140,402
XAF,140,403
XAF,140,404
XAF,140,405
XAF,140,406
XAF,140,411
XAF,140,412
XAF,140,413
XAF,140,414
XAF,140,415
XAF,140,416
XAF,140,417
XAF,140,418
XAF,140,419
XAF,140,420
XAF,140,421
XAF,140,422
XAF,140,423
XAF,140,424
XAF,140,425
XAF,140,426
XAF,140,427
XAF,140,428
XAF,140,429
XAF,140,430
XAF,140,431
XAF,140,432
XAF,140,433
XAF,140,434
XAF,140,435
XAF,141,328
XAF,141,329
XAF,141,330
XAF,141,331
XAF,141,332
XAF,141,333
XAF,141,334
XAF,141,335
XAF,141,336
XAF,141,337
XAF,141,338
XAF,141,339
XAF,141,340
XAF,141,341
XAF,141,342
XAF,141,343
XAF,141,344
XAF,141,345
XAF,141,346
XAF,141,347
XAF,141,348
XAF,141,349
XAF,141,350
XAF,141,351
XAF,141,352
XAF,141,353
XAF,141,354
XAF,141,355
XAF,141,356
XAF,141,357
XAF,141,358
XAF,141,359
XAF,141,360
XAF,141,361
XAF,141,362
XAF,141,363
XAF,141,364
XAF,141,365
XAF,141,366
XAF,141,367
XAF,141,372
XAF,141,373
XAF,141,374
XAF,141,375
XAF,141,376
XAF,141,377
XAF,141,378
XAF,141,379
XAF,141,380
XAF,141,381
XAF,141,382
XAF,141,383
XAF,141,384
XAF,141,385
XAF,141,386
XAF,141,387
XAF,141,388
XAF,141,389
XAF,141,390
XAF,141,391
XAF,141,392
XAF,141,393
XAF,141,394
XAF,141,395
XAF,141,396
XAF,141,397
XAF,141,398
XAF,141,399
XAF,141,400
XAF,141,401
XAF,141,402
XAF,141,403
XAF,141,404
XAF,141,405
XAF,141,406
XAF,141,407
XAF,141,408
XAF,141,409
XAF,141,410
XAF,141,411
XAF,141,412
XAF,141,413
XAF,141,414
XAF,141,415
XAF,141,416
XAF,141,417
XAF,141,418
XAF,141,419
XAF,141,420
XAF,141,421
XAF,141,422
XAF,141,423
XAF,141,424
XAF,141,425
XAF,141,426
XAF,141,427
XAF,141,428
XAF,141,429
XAF,141,430
XAF,141,431
XAF,141,432
XAF,141,433
XAF,141,434
XAF,141,435
XAF,142,328
XAF,142,329
XAF,142,330
XAF,142,331
XAF,142,332
XAF,142,333
XAF,142,334
XAF,142,335
XAF,142,336
XAF,142,337
XAF,142,338
XAF,142,339
XAF,142,340
XAF,142,341
XAF,142,342
XAF,142,343
XAF,142,344
XAF,142,345
XAF,142,346
XAF,142,347
XAF,142,348
XAF,142,349
XAF,142,350
XAF,142,351
XAF,142,352
XAF,142,353
XAF,142,354
XAF,142,355
XAF,142,356
XAF,142,357
XAF,142,358
XAF,142,359
XAF,142,360
XAF,142,361
XAF,142,362
XAF,142,363
XAF,142,364
XAF,142,365
XAF,142,366
XAF,142,367
XAF,142,368
XAF,142,369
XAF,142,370
XAF,142,371
XAF,142,372
XAF,142,373
XAF,142,374
XAF,142,375
XAF,142,376
XAF,142,377
XAF,142,378
XAF,142,379
XAF,142,380
XAF,142,381
XAF,142,382
XAF,142,383
XAF,142,384
XAF,142,385
XAF,142,386
XAF,142,387
XAF,142,388
XAF,142,389
XAF,142,390
XAF,142,391
XAF,142,392
XAF,142,393
XAF,142,394
XAF,142,395
XAF,142,396
XAF,142,397
XAF,142,398
XAF,142,399
XAF,142,400
XAF,142,401
XAF,142,402
XAF,142,403
XAF,142,404
XAF,142,405
XAF,142,406
XAF,142,407
XAF,142,408
XAF,142,409
XAF,142,410
XAF,142,411
XAF,142,412
XAF,142,413
XAF,142,414
XAF,142,415
XAF,142,416
XAF,142,417
XAF,142,418
XAF,142,419
XAF,142,420
XAF,142,421
XAF,142,422
XAF,142,423
XAF,142,424
XAF,142,425
XAF,142,426
XAF,142,427
XAF,142,428
XAF,142,429
XAF,142,430
XAF,142,431
XAF,142,432
XAF,142,433
XAF,142,434
XAF,142,435
XAF,143,328
XAF,143,329
XAF,143,330
XAF,143,331
XAF,143,332
XAF,143,333
XAF,143,334
XAF,143,335
XAF,143,336
XAF,143,337
XAF,143,338
XAF,143,339
XAF,143,340
XAF,143,341
XAF,143,342
XAF,143,343
XAF,143,344
XAF,143,345
XAF,143,346
XAF,143,347
XAF,143,348
XAF,143,349
XAF,143,350
XAF,143,351
XAF,143,352
XAF,143,353
XAF,143,354
XAF,143,355
XAF,143,356
XAF,143,357
XAF,143,358
XAF,143,359
XAF,143,360
XAF,143,361
XAF,143,362
XAF,143,363
XAF,143,364
XAF,143,365
XAF,143,366
XAF,143,367
XAF,143,368
XAF,143,369
XAF,143,370
XAF,143,371
XAF,143,372
XAF,143,373
XAF,143,374
XAF,143,375
XAF,143,376
XAF,143,377
XAF,143,378
XAF,143,379
XAF,143,380
XAF,143,381
XAF,143,382
XAF,143,383
XAF,143,384
XAF,143,385
XAF,143,386
XAF,143,387
XAF,143,388
XAF,143,389
XAF,143,390
XAF,143,391
XAF,143,392
XAF,143,393
XAF,143,394
XAF,143,395
XAF,143,396
XAF,143,397
XAF,143,398
XAF,143,399
XAF,143,400
XAF,143,401
XAF,143,402
XAF,143,403
XAF,143,404
XAF,143,405
XAF,143,406
XAF,143,407
XAF,143,408
XAF,143,409
XAF,143,410
XAF,143,411
XAF,143,412
XAF,143,413
XAF,143,414
XAF,143,415
XAF,143,416
XAF,143,417
XAF,143,418
XAF,143,419
XAF,143,420
XAF,143,421
XAF,143,422
XAF,143,423
XAF,143,424
XAF,143,425
XAF,143,426
XAF,143,427
XAF,143,428
XAF,143,429
XAF,143,430
XAF,143,431
XAF,143,432
XAF,143,433
XAF,143,434
XAF,143,435
XAF,143,436
XAF,144,328
XAF,144,329
XAF,144,330
XAF,144,331
XAF,144,332
XAF,144,333
XAF,144,334
XAF,144,335
XAF,144,336
XAF,144,337
XAF,144,338
XAF,144,339
XAF,144,340
XAF,144,341
XAF,144,342
XAF,144,343
XAF,144,344
XAF,144,345
XAF,144,346
XAF,144,347
XAF,144,348
XAF,144,349
XAF,144,350
XAF,144,351
XAF,144,352
XAF,144,353
XAF,144,354
XAF,144,355
XAF,144,356
XAF,144,357
XAF,144,358
XAF,144,359
XAF,144,360
XAF,144,361
XAF,144,362
XAF,144,363
XAF,144,364
XAF,144,365
XAF,144,366
XAF,144,367
XAF,144,368
XAF,144,369
XAF,144,370
XAF,144,371
XAF,144,372
XAF,144,373
XAF,144,374
XAF,144,375
XAF,144,376
XAF,144,377
XAF,144,378
XAF,144,379
XAF,144,380
XAF,144,381
XAF,144,382
XAF,144,383
XAF,144,384
XAF,144,385
XAF,144,386
XAF,144,387
XAF,144,388
XAF,144,389
XAF,144,390
XAF,144,391
XAF,144,392
XAF,144,393
XAF,144,394
XAF,144,395
XAF,144,396
XAF,144,397
XAF,144,398
XAF,144,399
XAF,144,400
XAF,144,401
XAF,144,402
XAF,144,403
XAF,144,404
XAF,144,405
XAF,144,406
XAF,144,407
XAF,144,408
XAF,144,409
XAF,144,410
XAF,144,411
XAF,144,412
XAF,144,413
XAF,144,414
XAF,144,415
XAF,144,416
XAF,144,417
XAF,144,418
XAF,144,419
XAF,144,420
XAF,144,421
XAF,144,422
XAF,144,423
XAF,144,424
XAF,144,425
XAF,144,426
XAF,144,427
XAF,144,428
XAF,144,429
XAF,144,430
XAF,144,431
XAF,144,432
XAF,144,433
XAF,144,434
XAF,144,435
XAF,144,436
XAF,144,437
XAF,144,438
XAF,145,328
XAF,145,329
XAF,145,330
XAF,145,331
XAF,145,332
XAF,145,333
XAF,145,334
XAF,145,335
XAF,145,336
XAF,145,337
XAF,145,338
XAF,145,339
XAF,145,340
XAF,145,341
XAF,145,342
XAF,145,343
XAF,145,344
XAF,145,345
XAF,145,346
XAF,145,347
XAF,145,348
XAF,145,349
XAF,145,350
XAF,145,351
XAF,145,352
XAF,145,353
XAF,145,354
XAF,145,355
XAF,145,356
XAF,145,357
XAF,145,358
XAF,145,359
XAF,145,360
XAF,145,361
XAF,145,362
XAF,145,363
XAF,145,364
XAF,145,365
XAF,145,366
XAF,145,367
XAF,145,368
XAF,145,369
XAF,145,370
XAF,145,371
XAF,145,372
XAF,145,373
XAF,145,374
XAF,145,375
XAF,145,376
XAF,145,377
XAF,145,378
XAF,145,379
XAF,145,380
XAF,145,381
XAF,145,382
XAF,145,383
XAF,145,384
XAF,145,385
XAF,145,386
XAF,145,387
XAF,145,388
XAF,145,389
XAF,145,390
XAF,145,391
XAF,145,392
XAF,145,393
XAF,145,394
XAF,145,395
XAF,145,396
XAF,145,397
XAF,145,398
XAF,145,399
XAF,145,400
XAF,145,401
XAF,145,402
XAF,145,403
XAF,145,404
XAF,145,405
XAF,145,406
XAF,145,407
XAF,145,408
XAF,145,409
XAF,145,410
XAF,145,411
XAF,145,412
XAF,145,413
XAF,145,414
XAF,145,415
XAF,145,416
XAF,145,417
XAF,145,418
XAF,145,419
XAF,145,420
XAF,145,421
XAF,145,422
XAF,145,423
XAF,145,424
XAF,145,425
XAF,145,426
XAF,145,427
XAF,145,428
XAF,145,429
XAF,145,430
XAF,145,431
XAF,145,432
XAF,145,433
XAF,145,434
XAF,145,435
XAF,145,436
XAF,145,437
XAF,145,438
XAF,146,310
XAF,146,311
XAF,146,328
XAF,146,329
XAF,146,330
XAF,146,331
XAF,146,332
XAF,146,333
XAF,146,334
XAF,146,335
XAF,146,336
XAF,146,337
XAF,146,338
XAF,146,339
XAF,146,340
XAF,146,341
XAF,146,342
XAF,146,343
XAF,146,344
XAF,146,345
XAF,146,346
XAF,146,347
XAF,146,348
XAF,146,349
XAF,146,350
XAF,146,351
XAF,146,352
XAF,146,353
XAF,146,354
XAF,146,355
XAF,146,356
XAF,146,357
XAF,146,358
XAF,146,359
XAF,146,360
XAF,146,361
XAF,146,362
XAF,146,363
XAF,146,364
XAF,146,365
XAF,146,366
XAF,146,367
XAF,146,368
XAF,146,369
XAF,146,370
XAF,146,371
XAF,146,372
XAF,146,373
XAF,146,374
XAF,146,375
XAF,146,376
XAF,146,377
XAF,146,378
XAF,146,379
XAF,146,380
XAF,146,381
XAF,146,382
XAF,146,383
XAF,146,384
XAF,146,385
XAF,146,386
XAF,146,387
XAF,146,388
XAF,146,389
XAF,146,390
XAF,146,391
XAF,146,392
XAF,146,393
XAF,146,394
XAF,146,395
XAF,146,396
XAF,146,397
XAF,146,398
XAF,146,399
XAF,146,400
XAF,146,401
XAF,146,402
XAF,146,403
XAF,146,404
XAF,146,405
XAF,146,406
XAF,146,407
XAF,146,408
XAF,146,409
XAF,146,410
XAF,146,411
XAF,146,412
XAF,146,413
XAF,146,414
XAF,146,415
XAF,146,416
XAF,146,417
XAF,146,418
XAF,146,419
XAF,146,420
XAF,146,421
XAF,146,422
XAF,146,423
XAF,146,424
XAF,146,425
XAF,146,426
XAF,146,427
XAF,146,428
XAF,146,429
XAF,146,430
XAF,146,431
XAF,146,432
XAF,146,433
XAF,146,434
XAF,146,435
XAF,146,436
XAF,146,437
XAF,146,438
XAF,146,439
XAF,147,310
XAF,147,311
XAF,147,312
XAF,147,315
XAF,147,328
XAF,147,329
XAF,147,330
XAF,147,331
XAF,147,332
XAF,147,333
XAF,147,334
XAF,147,335
XAF,147,336
XAF,147,337
XAF,147,338
XAF,147,339
XAF,147,340
XAF,147,341
XAF,147,342
XAF,147,343
XAF,147,344
XAF,147,345
XAF,147,346
XAF,147,347
XAF,147,348
XAF,147,349
XAF,147,350
XAF,147,351
XAF,147,352
XAF,147,353
XAF,147,354
XAF,147,355
XAF,147,356
XAF,147,357
XAF,147,358
XAF,147,359
XAF,147,360
XAF,147,361
XAF,147,362
XAF,147,363
XAF,147,364
XAF,147,365
XAF,147,366
XAF,147,367
XAF,147,368
XAF,147,369
XAF,147,370
XAF,147,371
XAF,147,372
XAF,147,373
XAF,147,374
XAF,147,375
XAF,147,376
XAF,147,377
XAF,147,378
XAF,147,379
XAF,147,380
XAF,147,381
XAF,147,382
XAF,147,383
XAF,147,384
XAF,147,385
XAF,147,386
XAF,147,387
XAF,147,388
XAF,147,389
XAF,147,390
XAF,147,391
XAF,147,392
XAF,147,393
XAF,147,394
XAF,147,395
XAF,147,396
XAF,147,397
XAF,147,398
XAF,147,399
XAF,147,400
XAF,147,401
XAF,147,402
XAF,147,403
XAF,147,404
XAF,147,405
XAF,147,406
XAF,147,407
XAF,147,408
XAF,147,409
XAF,147,410
XAF,147,411
XAF,147,412
XAF,147,413
XAF,147,414
XAF,147,415
XAF,147,416
XAF,147,417
XAF,147,418
XAF,147,419
XAF,147,420
XAF,147,421
XAF,147,422
XAF,147,423
XAF,147,424
XAF,147,425
XAF,147,426
XAF,147,427
XAF,147,428
XAF,147,429
XAF,147,430
XAF,147,431
XAF,147,432
XAF,147,433
XAF,147,434
XAF,147,435
XAF,147,436
XAF,147,437
XAF,147,438
XAF,147,439
XAF,148,315
XAF,148,328
XAF,148,329
XAF,148,330
XAF,148,331
XAF,148,332
XAF,148,333
XAF,148,334
XAF,148,335
XAF,148,336
XAF,148,337
XAF,148,338
XAF,148,339
XAF,148,340
XAF,148,341
XAF,148,342
XAF,148,343
XAF,148,344
XAF,148,345
XAF,148,346
XAF,148,347
XAF,148,348
XAF,148,349
XAF,148,350
XAF,148,351
XAF,148,352
XAF,148,353
XAF,148,354
XAF,148,355
XAF,148,356
XAF,148,357
XAF,148,358
XAF,148,359
XAF,148,360
XAF,148,361
XAF,148,362
XAF,148,363
XAF,148,364
XAF,148,365
XAF,148,366
XAF,148,367
XAF,148,368
XAF,148,369
XAF,148,370
XAF,148,371
XAF,148,372
XAF,148,373
XAF,148,374
XAF,148,375
XAF,148,376
XAF,148,377
XAF,148,378
XAF,148,379
XAF,148,380
XAF,148,381
XAF,148,382
XAF,148,383
XAF,148,384
XAF,148,385
XAF,148,386
XAF,148,387
XAF,148,388
XAF,148,389
XAF,148,390
XAF,148,391
XAF,148,392
XAF,148,393
XAF,148,394
XAF,148,395
XAF,148,396
XAF,148,397
XAF,148,398
XAF,148,399
XAF,148,400
XAF,148,401
XAF,148,402
XAF,148,403
XAF,148,404
XAF,148,405
XAF,148,406
XAF,148,407
XAF,148,408
XAF,148,409
XAF,148,410
XAF,148,411
XAF,148,412
XAF,148,413
XAF,148,414
XAF,148,415
XAF,148,416
XAF,148,417
XAF,148,418
XAF,148,419
XAF,148,420
XAF,148,421
XAF,148,422
XAF,148,423
XAF,148,424
XAF,148,425
XAF,148,426
XAF,148,427
XAF,148,428
XAF,148,429
XAF,148,430
XAF,148,431
XAF,148,432
XAF,148,433
XAF,148,434
XAF,148,435
XAF,148,436
XAF,148,437
XAF,148,438
XAF,148,439
XAF,148,441
XAF,149,327
XAF,149,328
XAF,149,329
XAF,149,330
XAF,149,331
XAF,149,332
XAF,149,333
XAF,149,334
XAF,149,335
XAF,149,336
XAF,149,337
XAF,149,338
XAF,149,339
XAF,149,340
XAF,149,341
XAF,149,342
XAF,149,343
XAF,149,344
XAF,149,345
XAF,149,346
XAF,149,347
XAF,149,348
XAF,149,349
XAF,149,350
XAF,149,351
XAF,149,352
XAF,149,353
XAF,149,354
XAF,149,355
XAF,149,356
XAF,149,357
XAF,149,358
XAF,149,359
XAF,149,360
XAF,149,361
XAF,149,362
XAF,149,363
XAF,149,364
XAF,149,365
XAF,149,366
XAF,149,367
XAF,149,368
XAF,149,369
XAF,149,370
XAF,149,371
XAF,149,372
XAF,149,373
XAF,149,374
XAF,149,375
XAF,149,376
XAF,149,377
XAF,149,378
XAF,149,379
XAF,149,380
XAF,149,381
XAF,149,382
XAF,149,383
XAF,149,384
XAF,149,385
XAF,149,386
XAF,149,387
XAF,149,388
XAF,149,389
XAF,149,390
XAF,149,391
XAF,149,392
XAF,149,393
XAF,149,394
XAF,149,395
XAF,149,396
XAF,149,397
XAF,149,398
XAF,149,399
XAF,149,400
XAF,149,401
XAF,149,402
XAF,149,403
XAF,149,404
XAF,149,405
XAF,149,406
XAF,149,407
XAF,149,408
XAF,149,409
XAF,149,410
XAF,149,411
XAF,149,412
XAF,149,413
XAF,149,414
XAF,149,415
XAF,149,416
XAF,149,417
XAF,149,418
XAF,149,419
XAF,149,420
XAF,149,421
XAF,149,422
XAF,149,423
XAF,149,424
XAF,149,425
XAF,149,426
XAF,149,427
XAF,149,428
XAF,149,429
XAF,149,430
XAF,149,431
XAF,149,432
XAF,149,433
XAF,149,434
XAF,149,435
XAF,149,436
XAF,149,437
XAF,149,438
XAF,149,439
XAF,149,440
XAF,149,441
XAF,150,312
XAF,150,313
XAF,150,314
XAF,150,326
XAF,150,327
XAF,150,328
XAF,150,329
XAF,150,330
XAF,150,331
XAF,150,332
XAF,150,333
XAF,150,334
XAF,150,335
XAF,150,336
XAF,150,337
XAF,150,338
XAF,150,339
XAF,150,340
XAF,150,341
XAF,150,342
XAF,150,343
XAF,150,344
XAF,150,345
XAF,150,346
XAF,150,347
XAF,150,348
XAF,150,349
XAF,150,350
XAF,150,351
XAF,150,352
XAF,150,353
XAF,150,354
XAF,150,355
XAF,150,356
XAF,150,357
XAF,150,358
XAF,150,359
XAF,150,360
XAF,150,361
XAF,150,362
XAF,150,363
XAF,150,364
XAF,150,365
XAF,150,366
XAF,150,367
XAF,150,368
XAF,150,369
XAF,150,370
XAF,150,371
XAF,150,372
XAF,150,373
XAF,150,374
XAF,150,375
XAF,150,376
XAF,150,377
XAF,150,378
XAF,150,379
XAF,150,380
XAF,150,381
XAF,150,382
XAF,150,383
XAF,150,384
XAF,150,385
XAF,150,386
XAF,150,387
XAF,150,388
XAF,150,389
XAF,150,390
XAF,150,391
XAF,150,392
XAF,150,393
XAF,150,394
XAF,150,395
XAF,150,396
XAF,150,397
XAF,150,398
XAF,150,399
XAF,150,400
XAF,150,401
XAF,150,402
XAF,150,403
XAF,150,404
XAF,150,405
XAF,150,406
XAF,150,407
XAF,150,408
XAF,150,409
XAF,150,410
XAF,150,411
XAF,150,412
XAF,150,413
XAF,150,414
XAF,150,415
XAF,150,416
XAF,150,417
XAF,150,418
XAF,150,419
XAF,150,420
XAF,150,421
XAF,150,422
XAF,150,423
XAF,150,424
XAF,150,425
XAF,150,426
XAF,150,427
XAF,150,428
XAF,150,429
XAF,150,430
XAF,150,431
XAF,150,432
XAF,150,433
XAF,150,434
XAF,150,435
XAF,150,436
XAF,150,437
XAF,150,438
XAF,150,439
XAF,150,440
XAF,150,441
XAF,151,311
XAF,151,312
XAF,151,313
XAF,151,314
XAF,151,326
XAF,151,327
XAF,151,328
XAF,151,329
XAF,151,330
XAF,151,331
XAF,151,332
XAF,151,333
XAF,151,334
XAF,151,335
XAF,151,336
XAF,151,337
XAF,151,338
XAF,151,339
XAF,151,340
XAF,151,341
XAF,151,342
XAF,151,343
XAF,151,344
XAF,151,345
XAF,151,346
XAF,151,347
XAF,151,348
XAF,151,349
XAF,151,350
XAF,151,351
XAF,151,352
XAF,151,353
XAF,151,354
XAF,151,355
XAF,151,356
XAF,151,357
XAF,151,358
XAF,151,359
XAF,151,360
XAF,151,361
XAF,151,362
XAF,151,363
XAF,151,364
XAF,151,365
XAF,151,366
XAF,151,367
XAF,151,368
XAF,151,369
XAF,151,370
XAF,151,371
XAF,151,372
XAF,151,373
XAF,151,374
XAF,151,375
XAF,151,376
XAF,151,377
XAF,151,378
XAF,151,379
XAF,151,380
XAF,151,381
XAF,151,382
XAF,151,383
XAF,151,384
XAF,151,385
XAF,151,386
XAF,151,387
XAF,151,388
XAF,151,389
XAF,151,390
XAF,151,391
XAF,151,392
XAF,151,393
XAF,151,394
XAF,151,395
XAF,151,396
XAF,151,397
XAF,151,398
XAF,151,399
XAF,151,400
XAF,151,401
XAF,151,402
XAF,151,403
XAF,151,404
XAF,151,405
XAF,151,406
XAF,151,407
XAF,151,408
XAF,151,409
XAF,151,410
XAF,151,411
XAF,151,412
XAF,151,413
XAF,151,414
XAF,151,415
XAF,151,416
XAF,151,417
XAF,151,418
XAF,151,419
XAF,151,420
XAF,151,421
XAF,151,422
XAF,151,423
XAF,151,424
XAF,151,425
XAF,151,426
XAF,151,427
XAF,151,428
XAF,151,429
XAF,151,430
XAF,151,431
XAF,151,432
XAF,151,433
XAF,151,434
XAF,151,435
XAF,151,436
XAF,151,437
XAF,151,438
XAF,151,439
XAF,151,440
XAF,151,441
XAF,151,442
XAF,151,443
XAF,152,326
XAF,152,327
XAF,152,328
XAF,152,329
XAF,152,330
XAF,152,331
XAF,152,332
XAF,152,333
XAF,152,334
XAF,152,335
XAF,152,336
XAF,152,337
XAF,152,338
XAF,152,339
XAF,152,340
XAF,152,341
XAF,152,342
XAF,152,343
XAF,152,344
XAF,152,345
XAF,152,346
XAF,152,347
XAF,152,348
XAF,152,349
XAF,152,350
XAF,152,351
XAF,152,352
XAF,152,353
XAF,152,354
XAF,152,355
XAF,152,356
XAF,152,357
XAF,152,358
XAF,152,359
XAF,152,360
XAF,152,361
XAF,152,362
XAF,152,363
XAF,152,364
XAF,152,365
XAF,152,366
XAF,152,367
XAF,152,368
XAF,152,369
XAF,152,370
XAF,152,371
XAF,152,372
XAF,152,373
XAF,152,374
XAF,152,375
XAF,152,376
XAF,152,377
XAF,152,378
XAF,152,379
XAF,152,380
XAF,152,381
XAF,152,382
XAF,152,383
XAF,152,384
XAF,152,385
XAF,152,386
XAF,152,387
XAF,152,388
XAF,152,389
XAF,152,390
XAF,152,391
XAF,152,392
XAF,152,393
XAF,152,394
XAF,152,395
XAF,152,396
XAF,152,397
XAF,152,398
XAF,152,399
XAF,152,400
XAF,152,401
XAF,152,402
XAF,152,403
XAF,152,404
XAF,152,405
XAF,152,406
XAF,152,407
XAF,152,408
XAF,152,409
XAF,152,410
XAF,152,411
XAF,152,412
XAF,152,413
XAF,152,414
XAF,152,415
XAF,152,416
XAF,152,417
XAF,152,418
XAF,152,419
XAF,152,420
XAF,152,421
XAF,152,422
XAF,152,423
XAF,152,424
XAF,152,425
XAF,152,426
XAF,152,427
XAF,152,428
XAF,152,429
XAF,152,430
XAF,152,431
XAF,152,432
XAF,152,433
XAF,152,434
XAF,152,435
XAF,152,436
XAF,152,437
XAF,152,438
XAF,152,439
XAF,152,440
XAF,152,441
XAF,152,442
XAF,152,443
XAF,152,444
XAF,153,327
XAF,153,328
XAF,153,329
XAF,153,330
XAF,153,331
XAF,153,332
XAF,153,333
XAF,153,334
XAF,153,335
XAF,153,336
XAF,153,337
XAF,153,338
XAF,153,339
XAF,153,340
XAF,153,341
XAF,153,342
XAF,153,343
XAF,153,344
XAF,153,345
XAF,153,346
XAF,153,347
XAF,153,348
XAF,153,349
XAF,153,350
XAF,153,351
XAF,153,352
XAF,153,353
XAF,153,354
XAF,153,355
XAF,153,356
XAF,153,357
XAF,153,358
XAF,153,359
XAF,153,360
XAF,153,361
XAF,153,362
XAF,153,363
XAF,153,364
XAF,153,365
XAF,153,366
XAF,153,367
XAF,153,368
XAF,153,369
XAF,153,370
XAF,153,371
XAF,153,372
XAF,153,373
XAF,153,374
XAF,153,375
XAF,153,376
XAF,153,377
XAF,153,378
XAF,153,379
XAF,153,380
XAF,153,381
XAF,153,382
XAF,153,383
XAF,153,384
XAF,153,385
XAF,153,386
XAF,153,387
XAF,153,388
XAF,153,389
XAF,153,390
XAF,153,391
XAF,153,392
XAF,153,393
XAF,153,394
XAF,153,395
XAF,153,396
XAF,153,397
XAF,153,398
XAF,153,399
XAF,153,400
XAF,153,401
XAF,153,402
XAF,153,403
XAF,153,404
XAF,153,405
XAF,153,406
XAF,153,407
XAF,153,408
XAF,153,409
XAF,153,410
XAF,153,411
XAF,153,412
XAF,153,413
XAF,153,414
XAF,153,415
XAF,153,416
XAF,153,417
XAF,153,418
XAF,153,419
XAF,153,420
XAF,153,421
XAF,153,422
XAF,153,423
XAF,153,424
XAF,153,425
XAF,153,426
XAF,153,427
XAF,153,428
XAF,153,429
XAF,153,430
XAF,153,431
XAF,153,432
XAF,153,433
XAF,153,434
XAF,153,435
XAF,153,436
XAF,153,437
XAF,153,438
XAF,153,439
XAF,153,440
XAF,153,441
XAF,153,442
XAF,153,443
XAF,153,444
XAF,153,445
XAF,154,327
XAF,154,328
XAF,154,329
XAF,154,330
XAF,154,331
XAF,154,332
XAF,154,333
XAF,154,334
XAF,154,335
XAF,154,336
XAF,154,337
XAF,154,338
XAF,154,339
XAF,154,340
XAF,154,341
XAF,154,342
XAF,154,343
XAF,154,344
XAF,154,345
XAF,154,346
XAF,154,347
XAF,154,348
XAF,154,349
XAF,154,350
XAF,154,351
XAF,154,352
XAF,154,353
XAF,154,354
XAF,154,355
XAF,154,356
XAF,154,357
XAF,154,358
XAF,154,359
XAF,154,360
XAF,154,361
XAF,154,362
XAF,154,363
XAF,154,364
XAF,154,365
XAF,154,366
XAF,154,367
XAF,154,368
XAF,154,369
XAF,154,370
XAF,154,371
XAF,154,372
XAF,154,373
XAF,154,374
XAF,154,375
XAF,154,376
XAF,154,377
XAF,154,378
XAF,154,379
XAF,154,380
XAF,154,381
XAF,154,382
XAF,154,383
XAF,154,384
XAF,154,385
XAF,154,386
XAF,154,387
XAF,154,388
XAF,154,389
XAF,154,390
XAF,154,391
XAF,154,392
XAF,154,393
XAF,154,394
XAF,154,395
XAF,154,396
XAF,154,397
XAF,154,398
XAF,154,399
XAF,154,400
XAF,154,401
XAF,154,402
XAF,154,403
XAF,154,404
XAF,154,405
XAF,154,406
XAF,154,407
XAF,154,408
XAF,154,409
XAF,154,410
XAF,154,411
XAF,154,412
XAF,154,413
XAF,154,414
XAF,154,415
XAF,154,416
XAF,154,417
XAF,154,418
XAF,154,419
XAF,154,420
XAF,154,421
XAF,154,422
XAF,154,423
XAF,154,424
XAF,154,425
XAF,154,426
XAF,154,427
XAF,154,428
XAF,154,429
XAF,154,430
XAF,154,431
XAF,154,432
XAF,154,433
XAF,154,434
XAF,154,435
XAF,154,436
XAF,154,437
XAF,154,438
XAF,154,439
XAF,154,440
XAF,154,441
XAF,154,442
XAF,154,443
XAF,154,444
XAF,154,445
XAF,154,446
XAF,155,327
XAF,155,328
XAF,155,329
XAF,155,330
XAF,155,331
XAF,155,332
XAF,155,333
XAF,155,334
XAF,155,335
XAF,155,336
XAF,155,337
XAF,155,338
XAF,155,339
XAF,155,340
XAF,155,341
XAF,155,342
XAF,155,343
XAF,155,344
XAF,155,345
XAF,155,346
XAF,155,347
XAF,155,348
XAF,155,349
XAF,155,350
XAF,155,351
XAF,155,352
XAF,155,353
XAF,155,354
XAF,155,355
XAF,155,356
XAF,155,357
XAF,155,358
XAF,155,359
XAF,155,360
XAF,155,361
XAF,155,362
XAF,155,363
XAF,155,364
XAF,155,365
XAF,155,366
XAF,155,367
XAF,155,368
XAF,155,369
XAF,155,370
XAF,155,371
XAF,155,372
XAF,155,373
XAF,155,374
XAF,155,375
XAF,155,376
XAF,155,377
XAF,155,378
XAF,155,379
XAF,155,380
XAF,155,381
XAF,155,382
XAF,155,383
XAF,155,384
XAF,155,385
XAF,155,386
XAF,155,387
XAF,155,388
XAF,155,389
XAF,155,390
XAF,155,391
XAF,155,392
XAF,155,393
XAF,155,394
XAF,155,395
XAF,155,396
XAF,155,397
XAF,155,398
XAF,155,399
XAF,155,400
XAF,155,401
XAF,155,402
XAF,155,403
XAF,155,404
XAF,155,405
XAF,155,406
XAF,155,407
XAF,155,408
XAF,155,409
XAF,155,410
XAF,155,411
XAF,155,412
XAF,155,413
XAF,155,414
XAF,155,415
XAF,155,416
XAF,155,417
XAF,155,418
XAF,155,419
XAF,155,420
XAF,155,421
XAF,155,422
XAF,155,423
XAF,155,424
XAF,155,425
XAF,155,426
XAF,155,427
XAF,155,428
XAF,155,429
XAF,155,430
XAF,155,431
XAF,155,432
XAF,155,433
XAF,155,434
XAF,155,435
XAF,155,436
XAF,155,437
XAF,155,438
XAF,155,439
XAF,155,440
XAF,155,441
XAF,155,442
XAF,155,443
XAF,155,444
XAF,155,445
XAF,155,446
XAF,155,447
XAF,156,327
XAF,156,328
XAF,156,329
XAF,156,330
XAF,156,331
XAF,156,332
XAF,156,333
XAF,156,334
XAF,156,335
XAF,156,336
XAF,156,337
XAF,156,338
XAF,156,339
XAF,156,340
XAF,156,341
XAF,156,342
XAF,156,343
XAF,156,344
XAF,156,345
XAF,156,346
XAF,156,347
XAF,156,348
XAF,156,349
XAF,156,350
XAF,156,351
XAF,156,352
XAF,156,353
XAF,156,354
XAF,156,355
XAF,156,356
XAF,156,357
XAF,156,358
XAF,156,359
XAF,156,360
XAF,156,361
XAF,156,362
XAF,156,363
XAF,156,364
XAF,156,365
XAF,156,366
XAF,156,367
XAF,156,368
XAF,156,369
XAF,156,370
XAF,156,371
XAF,156,372
XAF,156,373
XAF,156,374
XAF,156,375
XAF,156,376
XAF,156,377
XAF,156,378
XAF,156,379
XAF,156,380
XAF,156,381
XAF,156,382
XAF,156,383
XAF,156,384
XAF,156,385
XAF,156,386
XAF,156,387
XAF,156,388
XAF,156,389
XAF,156,390
XAF,156,391
XAF,156,392
XAF,156,393
XAF,156,394
XAF,156,395
XAF,156,396
XAF,156,397
XAF,156,398
XAF,156,399
XAF,156,400
XAF,156,401
XAF,156,402
XAF,156,403
XAF,156,404
XAF,156,405
XAF,156,406
XAF,156,407
XAF,156,408
XAF,156,409
XAF,156,410
XAF,156,411
XAF,156,412
XAF,156,413
XAF,156,414
XAF,156,415
XAF,156,416
XAF,156,417
XAF,156,418
XAF,156,419
XAF,156,420
XAF,156,421
XAF,156,422
XAF,156,423
XAF,156,424
XAF,156,425
XAF,156,426
XAF,156,427
XAF,156,428
XAF,156,429
XAF,156,430
XAF,156,431
XAF,156,432
XAF,156,433
XAF,156,434
XAF,156,435
XAF,156,436
XAF,156,437
XAF,156,438
XAF,156,439
XAF,156,440
XAF,156,441
XAF,156,442
XAF,156,443
XAF,156,444
XAF,156,445
XAF,156,446
XAF,156,447
XAF,157,328
XAF,157,329
XAF,157,330
XAF,157,331
XAF,157,332
XAF,157,333
XAF,157,334
XAF,157,335
XAF,157,336
XAF,157,337
XAF,157,338
XAF,157,339
XAF,157,340
XAF,157,341
XAF,157,342
XAF,157,343
XAF,157,344
XAF,157,345
XAF,157,346
XAF,157,347
XAF,157,348
XAF,157,349
XAF,157,350
XAF,157,351
XAF,157,352
XAF,157,353
XAF,157,354
XAF,157,355
XAF,157,356
XAF,157,357
XAF,157,358
XAF,157,359
XAF,157,360
XAF,157,361
XAF,157,362
XAF,157,363
XAF,157,364
XAF,157,365
XAF,157,366
XAF,157,367
XAF,157,368
XAF,157,369
XAF,157,370
XAF,157,371
XAF,157,372
XAF,157,373
XAF,157,374
XAF,157,375
XAF,157,376
XAF,157,377
XAF,157,378
XAF,157,379
XAF,157,380
XAF,157,381
XAF,157,382
XAF,157,383
XAF,157,384
XAF,157,385
XAF,157,386
XAF,157,387
XAF,157,388
XAF,157,389
XAF,157,390
XAF,157,391
XAF,157,392
XAF,157,393
XAF,157,394
XAF,157,395
XAF,157,396
XAF,157,397
XAF,157,398
XAF,157,399
XAF,157,400
XAF,157,401
XAF,157,402
XAF,157,403
XAF,157,404
XAF,157,405
XAF,157,406
XAF,157,407
XAF,157,408
XAF,157,409
XAF,157,410
XAF,157,411
XAF,157,412
XAF,157,413
XAF,157,414
XAF,157,415
XAF,157,416
XAF,157,417
XAF,157,418
XAF,157,419
XAF,157,420
XAF,157,421
XAF,157,422
XAF,157,423
XAF,157,424
XAF,157,425
XAF,157,426
XAF,157,427
XAF,157,428
XAF,157,429
XAF,157,430
XAF,157,431
XAF,157,432
XAF,157,433
XAF,157,434
XAF,157,435
XAF,157,436
XAF,157,437
XAF,157,438
XAF,157,439
XAF,157,440
XAF,157,441
XAF,157,442
XAF,157,443
XAF,157,444
XAF,157,445
XAF,157,446
XAF,157,447
XAF,157,460
XAF,157,461
XAF,157,462
XAF,157,463
XAF,158,328
XAF,158,329
XAF,158,330
XAF,158,331
XAF,158,332
XAF,158,333
XAF,158,334
XAF,158,335
XAF,158,336
XAF,158,337
XAF,158,338
XAF,158,339
XAF,158,340
XAF,158,341
XAF,158,342
XAF,158,343
XAF,158,344
XAF,158,345
XAF,158,346
XAF,158,347
XAF,158,348
XAF,158,349
XAF,158,350
XAF,158,351
XAF,158,352
XAF,158,353
XAF,158,354
XAF,158,355
XAF,158,356
XAF,158,357
XAF,158,358
XAF,158,359
XAF,158,360
XAF,158,361
XAF,158,362
XAF,158,363
XAF,158,364
XAF,158,365
XAF,158,366
XAF,158,367
XAF,158,368
XAF,158,369
XAF,158,370
XAF,158,371
XAF,158,372
XAF,158,373
XAF,158,374
XAF,158,375
XAF,158,376
XAF,158,377
XAF,158,378
XAF,158,379
XAF,158,380
XAF,158,381
XAF,158,382
XAF,158,383
XAF,158,384
XAF,158,385
XAF,158,386
XAF,158,387
XAF,158,388
XAF,158,389
XAF,158,390
XAF,158,391
XAF,158,392
XAF,158,393
XAF,158,394
XAF,158,395
XAF,158,396
XAF,158,397
XAF,158,398
XAF,158,399
XAF,158,400
XAF,158,401
XAF,158,402
XAF,158,403
XAF,158,404
XAF,158,405
XAF,158,406
XAF,158,407
XAF,158,408
XAF,158,409
XAF,158,410
XAF,158,411
XAF,158,412
XAF,158,413
XAF,158,414
XAF,158,415
XAF,158,416
XAF,158,417
XAF,158,418
XAF,158,419
XAF,158,420
XAF,158,421
XAF,158,422
XAF,158,423
XAF,158,424
XAF,158,425
XAF,158,426
XAF,158,427
XAF,158,428
XAF,158,429
XAF,158,430
XAF,158,431
XAF,158,432
XAF,158,433
XAF,158,434
XAF,158,435
XAF,158,436
XAF,158,437
XAF,158,438
XAF,158,439
XAF,158,440
XAF,158,441
XAF,158,442
XAF,158,443
XAF,158,444
XAF,158,445
XAF,158,446
XAF,158,447
XAF,158,448
XAF,158,455
XAF,158,456
XAF,158,457
XAF,158,458
XAF,158,459
XAF,158,460
XAF,158,461
XAF,158,462
XAF,158,463
XAF,159,330
XAF,159,331
XAF,159,332
XAF,159,333
XAF,159,334
XAF,159,335
XAF,159,336
XAF,159,337
XAF,159,338
XAF,159,339
XAF,159,340
XAF,159,341
XAF,159,342
XAF,159,343
XAF,159,344
XAF,159,345
XAF,159,346
XAF,159,347
XAF,159,348
XAF,159,349
XAF,159,350
XAF,159,351
XAF,159,352
XAF,159,353
XAF,159,354
XAF,159,355
XAF,159,356
XAF,159,357
XAF,159,358
XAF,159,359
XAF,159,360
XAF,159,361
XAF,159,362
XAF,159,363
XAF,159,364
XAF,159,365
XAF,159,366
XAF,159,367
XAF,159,368
XAF,159,369
XAF,159,370
XAF,159,371
XAF,159,372
XAF,159,373
XAF,159,374
XAF,159,375
XAF,159,376
XAF,159,377
XAF,159,378
XAF,159,379
XAF,159,380
XAF,159,381
XAF,159,382
XAF,159,383
XAF,159,384
XAF,159,385
XAF,159,386
XAF,159,387
XAF,159,388
XAF,159,389
XAF,159,390
XAF,159,391
XAF,159,392
XAF,159,393
XAF,159,394
XAF,159,395
XAF,159,396
XAF,159,397
XAF,159,398
XAF,159,399
XAF,159,400
XAF,159,401
XAF,159,402
XAF,159,403
XAF,159,404
XAF,159,405
XAF,159,406
XAF,159,407
XAF,159,408
XAF,159,409
XAF,159,410
XAF,159,411
XAF,159,412
XAF,159,413
XAF,159,414
XAF,159,415
XAF,159,416
XAF,159,417
XAF,159,418
XAF,159,419
XAF,159,420
XAF,159,421
XAF,159,422
XAF,159,423
XAF,159,424
XAF,159,425
XAF,159,426
XAF,159,427
XAF,159,428
XAF,159,429
XAF,159,430
XAF,159,431
XAF,159,432
XAF,159,433
XAF,159,434
XAF,159,435
XAF,159,436
XAF,159,437
XAF,159,438
XAF,159,439
XAF,159,440
XAF,159,441
XAF,159,442
XAF,159,443
XAF,159,444
XAF,159,445
XAF,159,446
XAF,159,447
XAF,159,448
XAF,159,449
XAF,159,451
XAF,159,452
XAF,159,453
XAF,159,454
XAF,159,455
XAF,159,456
XAF,159,457
XAF,159,458
XAF,159,459
XAF,159,460
XAF,159,461
XAF,159,462
XAF,159,463
XAF,160,331
XAF,160,332
XAF,160,333
XAF,160,334
XAF,160,335
XAF,160,336
XAF,160,337
XAF,160,338
XAF,160,339
XAF,160,340
XAF,160,341
XAF,160,342
XAF,160,343
XAF,160,344
XAF,160,345
XAF,160,346
XAF,160,347
XAF,160,348
XAF,160,349
XAF,160,350
XAF,160,351
XAF,160,352
XAF,160,353
XAF,160,354
XAF,160,355
XAF,160,356
XAF,160,357
XAF,160,358
XAF,160,359
XAF,160,360
XAF,160,361
XAF,160,362
XAF,160,363
XAF,160,364
XAF,160,365
XAF,160,366
XAF,160,367
XAF,160,368
XAF,160,369
XAF,160,370
XAF,160,371
XAF,160,372
XAF,160,373
XAF,160,374
XAF,160,375
XAF,160,376
XAF,160,377
XAF,160,378
XAF,160,379
XAF,160,380
XAF,160,381
XAF,160,382
XAF,160,383
XAF,160,384
XAF,160,385
XAF,160,386
XAF,160,387
XAF,160,388
XAF,160,389
XAF,160,390
XAF,160,391
XAF,160,392
XAF,160,393
XAF,160,394
XAF,160,395
XAF,160,396
XAF,160,397
XAF,160,398
XAF,160,399
XAF,160,400
XAF,160,401
XAF,160,402
XAF,160,403
XAF,160,404
XAF,160,405
XAF,160,406
XAF,160,407
XAF,160,408
XAF,160,409
XAF,160,410
XAF,160,411
XAF,160,412
XAF,160,413
XAF,160,414
XAF,160,415
XAF,160,416
XAF,160,417
XAF,160,418
XAF,160,419
XAF,160,420
XAF,160,421
XAF,160,422
XAF,160,423
XAF,160,424
XAF,160,425
XAF,160,426
XAF,160,427
XAF,160,428
XAF,160,429
XAF,160,430
XAF,160,431
XAF,160,432
XAF,160,433
XAF,160,434
XAF,160,435
XAF,160,436
XAF,160,437
XAF,160,438
XAF,160,439
XAF,160,440
XAF,160,441
XAF,160,442
XAF,160,443
XAF,160,444
XAF,160,445
XAF,160,446
XAF,160,447
XAF,160,448
XAF,160,449
XAF,160,450
XAF,160,451
XAF,160,452
XAF,160,453
XAF,160,454
XAF,160,455
XAF,160,456
XAF,160,457
XAF,160,458
XAF,160,459
XAF,160,460
XAF,160,461
XAF,160,462
XAF,160,463
XAF,161,333
XAF,161,334
XAF,161,335
XAF,161,336
XAF,161,337
XAF,161,338
XAF,161,339
XAF,161,340
XAF,161,341
XAF,161,342
XAF,161,343
XAF,161,344
XAF,161,345
XAF,161,346
XAF,161,347
XAF,161,348
XAF,161,349
XAF,161,350
XAF,161,351
XAF,161,352
XAF,161,353
XAF,161,354
XAF,161,355
XAF,161,356
XAF,161,357
XAF,161,358
XAF,161,359
XAF,161,360
XAF,161,361
XAF,161,362
XAF,161,363
XAF,161,364
XAF,161,365
XAF,161,366
XAF,161,367
XAF,161,368
XAF,161,369
XAF,161,370
XAF,161,371
XAF,161,372
XAF,161,373
XAF,161,374
XAF,161,375
XAF,161,376
XAF,161,377
XAF,161,378
XAF,161,379
XAF,161,380
XAF,161,381
XAF,161,382
XAF,161,383
XAF,161,384
XAF,161,385
XAF,161,386
XAF,161,387
XAF,161,388
XAF,161,389
XAF,161,390
XAF,161,391
XAF,161,392
XAF,161,393
XAF,161,394
XAF,161,395
XAF,161,396
XAF,161,397
XAF,161,398
XAF,161,399
XAF,161,400
XAF,161,401
XAF,161,402
XAF,161,403
XAF,161,404
XAF,161,405
XAF,161,406
XAF,161,407
XAF,161,408
XAF,161,409
XAF,161,410
XAF,161,411
XAF,161,412
XAF,161,413
XAF,161,414
XAF,161,415
XAF,161,416
XAF,161,417
XAF,161,418
XAF,161,419
XAF,161,420
XAF,161,421
XAF,161,422
XAF,161,423
XAF,161,424
XAF,161,425
XAF,161,426
XAF,161,427
XAF,161,428
XAF,161,429
XAF,161,430
XAF,161,431
XAF,161,432
XAF,161,433
XAF,161,434
XAF,161,435
XAF,161,436
XAF,161,437
XAF,161,438
XAF,161,439
XAF,161,440
XAF,161,441
XAF,161,442
XAF,161,443
XAF,161,444
XAF,161,445
XAF,161,446
XAF,161,447
XAF,161,448
XAF,161,449
XAF,161,450
XAF,161,451
XAF,161,452
XAF,161,453
XAF,161,454
XAF,161,455
XAF,161,456
XAF,161,457
XAF,161,458
XAF,161,459
XAF,161,460
XAF,161,461
XAF,161,462
XAF,162,334
XAF,162,335
XAF,162,336
XAF,162,337
XAF,162,338
XAF,162,339
XAF,162,340
XAF,162,341
XAF,162,342
XAF,162,343
XAF,162,344
XAF,162,345
XAF,162,346
XAF,162,347
XAF,162,348
XAF,162,349
XAF,162,350
XAF,162,351
XAF,162,352
XAF,162,353
XAF,162,354
XAF,162,355
XAF,162,356
XAF,162,357
XAF,162,358
XAF,162,359
XAF,162,360
XAF,162,361
XAF,162,362
XAF,162,363
XAF,162,364
XAF,162,365
XAF,162,366
XAF,162,367
XAF,162,368
XAF,162,369
XAF,162,370
XAF,162,371
XAF,162,372
XAF,162,373
XAF,162,374
XAF,162,375
XAF,162,376
XAF,162,377
XAF,162,378
XAF,162,379
XAF,162,380
XAF,162,381
XAF,162,382
XAF,162,383
XAF,162,384
XAF,162,385
XAF,162,386
XAF,162,387
XAF,162,388
XAF,162,389
XAF,162,390
XAF,162,391
XAF,162,392
XAF,162,393
XAF,162,394
XAF,162,395
XAF,162,396
XAF,162,397
XAF,162,398
XAF,162,399
XAF,162,400
XAF,162,401
XAF,162,402
XAF,162,403
XAF,162,404
XAF,162,405
XAF,162,406
XAF,162,407
XAF,162,408
XAF,162,409
XAF,162,410
XAF,162,411
XAF,162,412
XAF,162,413
XAF,162,414
XAF,162,415
XAF,162,416
XAF,162,417
XAF,162,418
XAF,162,419
XAF,162,420
XAF,162,421
XAF,162,422
XAF,162,423
XAF,162,424
XAF,162,425
XAF,162,426
XAF,162,427
XAF,162,428
XAF,162,429
XAF,162,430
XAF,162,431
XAF,162,432
XAF,162,433
XAF,162,434
XAF,162,435
XAF,162,436
XAF,162,437
XAF,162,438
XAF,162,439
XAF,162,440
XAF,162,441
XAF,162,442
XAF,162,443
XAF,162,444
XAF,162,445
XAF,162,446
XAF,162,447
XAF,162,448
XAF,162,449
XAF,162,450
XAF,162,451
XAF,162,452
XAF,162,453
XAF,162,454
XAF,162,455
XAF,162,456
XAF,162,457
XAF,162,458
XAF,162,459
XAF,162,460
XAF,162,461
XAF,162,462
XAF,163,334
XAF,163,335
XAF,163,336
XAF,163,337
XAF,163,338
XAF,163,339
XAF,163,340
XAF,163,341
XAF,163,342
XAF,163,343
XAF,163,344
XAF,163,345
XAF,163,346
XAF,163,347
XAF,163,348
XAF,163,349
XAF,163,350
XAF,163,351
XAF,163,352
XAF,163,353
XAF,163,354
XAF,163,355
XAF,163,356
XAF,163,357
XAF,163,358
XAF,163,359
XAF,163,360
XAF,163,361
XAF,163,362
XAF,163,363
XAF,163,364
XAF,163,365
XAF,163,366
XAF,163,367
XAF,163,368
XAF,163,369
XAF,163,370
XAF,163,371
XAF,163,372
XAF,163,373
XAF,163,374
XAF,163,375
XAF,163,376
XAF,163,377
XAF,163,378
XAF,163,379
XAF,163,380
XAF,163,381
XAF,163,382
XAF,163,383
XAF,163,384
XAF,163,385
XAF,163,386
XAF,163,387
XAF,163,388
XAF,163,389
XAF,163,390
XAF,163,391
XAF,163,392
XAF,163,393
XAF,163,394
XAF,163,395
XAF,163,396
XAF,163,397
XAF,163,398
XAF,163,399
XAF,163,400
XAF,163,401
XAF,163,402
XAF,163,403
XAF,163,404
XAF,163,405
XAF,163,406
XAF,163,407
XAF,163,408
XAF,163,409
XAF,163,410
XAF,163,411
XAF,163,412
XAF,163,413
XAF,163,414
XAF,163,415
XAF,163,416
XAF,163,417
XAF,163,418
XAF,163,419
XAF,163,420
XAF,163,421
XAF,163,422
XAF,163,423
XAF,163,424
XAF,163,425
XAF,163,426
XAF,163,427
XAF,163,428
XAF,163,429
XAF,163,430
XAF,163,431
XAF,163,432
XAF,163,433
XAF,163,434
XAF,163,435
XAF,163,436
XAF,163,437
XAF,163,438
XAF,163,439
XAF,163,440
XAF,163,441
XAF,163,442
XAF,163,443
XAF,163,444
XAF,163,445
XAF,163,446
XAF,163,447
XAF,163,448
XAF,163,449
XAF,163,450
XAF,163,451
XAF,163,452
XAF,163,453
XAF,163,454
XAF,163,455
XAF,163,456
XAF,163,457
XAF,163,458
XAF,163,459
XAF,163,460
XAF,163,461
XAF,164,334
XAF,164,335
XAF,164,336
XAF,164,337
XAF,164,338
XAF,164,339
XAF,164,340
XAF,164,341
XAF,164,342
XAF,164,343
XAF,164,344
XAF,164,345
XAF,164,346
XAF,164,347
XAF,164,348
XAF,164,349
XAF,164,350
XAF,164,351
XAF,164,352
XAF,164,353
XAF,164,354
XAF,164,355
XAF,164,356
XAF,164,357
XAF,164,358
XAF,164,359
XAF,164,360
XAF,164,361
XAF,164,362
XAF,164,363
XAF,164,364
XAF,164,365
XAF,164,366
XAF,164,367
XAF,164,368
XAF,164,369
XAF,164,370
XAF,164,371
XAF,164,372
XAF,164,373
XAF,164,374
XAF,164,375
XAF,164,376
XAF,164,377
XAF,164,378
XAF,164,379
XAF,164,380
XAF,164,381
XAF,164,382
XAF,164,383
XAF,164,384
XAF,164,385
XAF,164,386
XAF,164,387
XAF,164,388
XAF,164,389
XAF,164,390
XAF,164,391
XAF,164,392
XAF,164,393
XAF,164,394
XAF,164,395
XAF,164,396
XAF,164,397
XAF,164,398
XAF,164,399
XAF,164,400
XAF,164,401
XAF,164,402
XAF,164,403
XAF,164,404
XAF,164,405
XAF,164,406
XAF,164,407
XAF,164,408
XAF,164,409
XAF,164,410
XAF,164,411
XAF,164,412
XAF,164,413
XAF,164,414
XAF,164,415
XAF,164,416
XAF,164,417
XAF,164,418
XAF,164,419
XAF,164,420
XAF,164,421
XAF,164,422
XAF,164,423
XAF,164,424
XAF,164,425
XAF,164,426
XAF,164,427
XAF,164,428
XAF,164,429
XAF,164,430
XAF,164,431
XAF,164,432
XAF,164,433
XAF,164,434
XAF,164,435
XAF,164,436
XAF,164,437
XAF,164,438
XAF,164,439
XAF,164,440
XAF,164,441
XAF,164,442
XAF,164,443
XAF,164,444
XAF,164,445
XAF,164,446
XAF,164,447
XAF,164,448
XAF,164,449
XAF,164,450
XAF,164,451
XAF,164,452
XAF,164,453
XAF,164,454
XAF,164,455
XAF,164,456
XAF,164,457
XAF,164,458
XAF,164,459
XAF,164,460
XAF,164,461
XAF,165,335
XAF,165,336
XAF,165,337
XAF,165,338
XAF,165,339
XAF,165,340
XAF,165,341
XAF,165,342
XAF,165,343
XAF,165,344
XAF,165,345
XAF,165,346
XAF,165,347
XAF,165,348
XAF,165,349
XAF,165,350
XAF,165,351
XAF,165,352
XAF,165,353
XAF,165,354
XAF,165,355
XAF,165,356
XAF,165,357
XAF,165,358
XAF,165,359
XAF,165,360
XAF,165,361
XAF,165,362
XAF,165,363
XAF,165,364
XAF,165,365
XAF,165,366
XAF,165,367
XAF,165,368
XAF,165,369
XAF,165,370
XAF,165,371
XAF,165,372
XAF,165,373
XAF,165,374
XAF,165,375
XAF,165,376
XAF,165,377
XAF,165,378
XAF,165,379
XAF,165,380
XAF,165,381
XAF,165,382
XAF,165,383
XAF,165,384
XAF,165,385
XAF,165,386
XAF,165,387
XAF,165,388
XAF,165,389
XAF,165,390
XAF,165,391
XAF,165,392
XAF,165,393
XAF,165,394
XAF,165,395
XAF,165,396
XAF,165,397
XAF,165,398
XAF,165,399
XAF,165,400
XAF,165,401
XAF,165,402
XAF,165,403
XAF,165,404
XAF,165,405
XAF,165,406
XAF,165,407
XAF,165,408
XAF,165,409
XAF,165,410
XAF,165,411
XAF,165,412
XAF,165,413
XAF,165,414
XAF,165,415
XAF,165,416
XAF,165,417
XAF,165,418
XAF,165,419
XAF,165,420
XAF,165,421
XAF,165,422
XAF,165,423
XAF,165,424
XAF,165,425
XAF,165,426
XAF,165,427
XAF,165,428
XAF,165,429
XAF,165,430
XAF,165,431
XAF,165,432
XAF,165,433
XAF,165,434
XAF,165,435
XAF,165,436
XAF,165,437
XAF,165,438
XAF,165,439
XAF,165,440
XAF,165,441
XAF,165,442
XAF,165,443
XAF,165,444
XAF,165,445
XAF,165,446
XAF,165,447
XAF,165,448
XAF,165,449
XAF,165,450
XAF,165,451
XAF,165,452
XAF,165,453
XAF,165,454
XAF,165,455
XAF,165,456
XAF,165,457
XAF,165,458
XAF,165,459
XAF,165,460
XAF,166,335
XAF,166,336
XAF,166,337
XAF,166,338
XAF,166,339
XAF,166,340
XAF,166,341
XAF,166,342
XAF,166,343
XAF,166,344
XAF,166,345
XAF,166,346
XAF,166,347
XAF,166,348
XAF,166,349
XAF,166,350
XAF,166,351
XAF,166,352
XAF,166,353
XAF,166,354
XAF,166,355
XAF,166,356
XAF,166,357
XAF,166,358
XAF,166,359
XAF,166,360
XAF,166,361
XAF,166,362
XAF,166,363
XAF,166,364
XAF,166,365
XAF,166,366
XAF,166,367
XAF,166,368
XAF,166,369
XAF,166,370
XAF,166,371
XAF,166,372
XAF,166,373
XAF,166,374
XAF,166,375
XAF,166,376
XAF,166,377
XAF,166,378
XAF,166,379
XAF,166,380
XAF,166,381
XAF,166,382
XAF,166,383
XAF,166,384
XAF,166,385
XAF,166,386
XAF,166,387
XAF,166,388
XAF,166,389
XAF,166,390
XAF,166,391
XAF,166,392
XAF,166,393
XAF,166,394
XAF,166,395
XAF,166,396
XAF,166,397
XAF,166,398
XAF,166,399
XAF,166,400
XAF,166,401
XAF,166,402
XAF,166,403
XAF,166,404
XAF,166,405
XAF,166,406
XAF,166,407
XAF,166,408
XAF,166,409
XAF,166,410
XAF,166,411
XAF,166,412
XAF,166,413
XAF,166,414
XAF,166,415
XAF,166,416
XAF,166,417
XAF,166,418
XAF,166,419
XAF,166,420
XAF,166,421
XAF,166,422
XAF,166,423
XAF,166,424
XAF,166,425
XAF,166,426
XAF,166,427
XAF,166,428
XAF,166,429
XAF,166,430
XAF,166,431
XAF,166,432
XAF,166,433
XAF,166,434
XAF,166,435
XAF,166,436
XAF,166,437
XAF,166,438
XAF,166,439
XAF,166,440
XAF,166,441
XAF,166,442
XAF,166,443
XAF,166,444
XAF,166,445
XAF,166,446
XAF,166,447
XAF,166,448
XAF,166,449
XAF,166,450
XAF,166,451
XAF,166,452
XAF,166,453
XAF,166,454
XAF,166,455
XAF,166,456
XAF,166,457
XAF,166,458
XAF,166,459
XAF,166,460
XAF,167,338
XAF,167,339
XAF,167,340
XAF,167,341
XAF,167,342
XAF,167,343
XAF,167,344
XAF,167,345
XAF,167,346
XAF,167,347
XAF,167,348
XAF,167,349
XAF,167,350
XAF,167,351
XAF,167,352
XAF,167,353
XAF,167,354
XAF,167,355
XAF,167,356
XAF,167,357
XAF,167,358
XAF,167,359
XAF,167,360
XAF,167,361
XAF,167,362
XAF,167,363
XAF,167,364
XAF,167,365
XAF,167,366
XAF,167,367
XAF,167,368
XAF,167,369
XAF,167,370
XAF,167,371
XAF,167,372
XAF,167,373
XAF,167,374
XAF,167,375
XAF,167,376
XAF,167,377
XAF,167,378
XAF,167,379
XAF,167,380
XAF,167,381
XAF,167,382
XAF,167,383
XAF,167,384
XAF,167,385
XAF,167,386
XAF,167,387
XAF,167,388
XAF,167,389
XAF,167,390
XAF,167,391
XAF,167,392
XAF,167,393
XAF,167,394
XAF,167,395
XAF,167,396
XAF,167,397
XAF,167,398
XAF,167,399
XAF,167,400
XAF,167,401
XAF,167,402
XAF,167,403
XAF,167,404
XAF,167,405
XAF,167,406
XAF,167,407
XAF,167,408
XAF,167,409
XAF,167,410
XAF,167,411
XAF,167,412
XAF,167,413
XAF,167,414
XAF,167,415
XAF,167,416
XAF,167,417
XAF,167,418
XAF,167,419
XAF,167,420
XAF,167,421
XAF,167,422
XAF,167,423
XAF,167,424
XAF,167,425
XAF,167,426
XAF,167,427
XAF,167,428
XAF,167,429
XAF,167,430
XAF,167,431
XAF,167,432
XAF,167,433
XAF,167,434
XAF,167,435
XAF,167,436
XAF,167,437
XAF,167,438
XAF,167,439
XAF,167,440
XAF,167,441
XAF,167,442
XAF,167,443
XAF,167,444
XAF,167,445
XAF,167,446
XAF,167,447
XAF,167,448
XAF,167,449
XAF,167,450
XAF,167,451
XAF,167,452
XAF,167,453
XAF,167,454
XAF,167,455
XAF,167,456
XAF,167,457
XAF,167,458
XAF,167,459
XAF,168,339
XAF,168,340
XAF,168,341
XAF,168,342
XAF,168,343
XAF,168,344
XAF,168,345
XAF,168,346
XAF,168,347
XAF,168,348
XAF,168,349
XAF,168,350
XAF,168,351
XAF,168,352
XAF,168,353
XAF,168,354
XAF,168,355
XAF,168,356
XAF,168,357
XAF,168,358
XAF,168,359
XAF,168,360
XAF,168,361
XAF,168,362
XAF,168,363
XAF,168,364
XAF,168,365
XAF,168,366
XAF,168,367
XAF,168,368
XAF,168,369
XAF,168,370
XAF,168,371
XAF,168,372
XAF,168,373
XAF,168,374
XAF,168,375
XAF,168,376
XAF,168,377
XAF,168,378
XAF,168,379
XAF,168,380
XAF,168,381
XAF,168,382
XAF,168,383
XAF,168,384
XAF,168,385
XAF,168,386
XAF,168,387
XAF,168,388
XAF,168,389
XAF,168,390
XAF,168,391
XAF,168,392
XAF,168,393
XAF,168,394
XAF,168,395
XAF,168,396
XAF,168,397
XAF,168,398
XAF,168,399
XAF,168,400
XAF,168,401
XAF,168,402
XAF,168,403
XAF,168,404
XAF,168,405
XAF,168,406
XAF,168,407
XAF,168,408
XAF,168,409
XAF,168,410
XAF,168,411
XAF,168,412
XAF,168,413
XAF,168,414
XAF,168,415
XAF,168,416
XAF,168,417
XAF,168,418
XAF,168,419
XAF,168,420
XAF,168,421
XAF,168,422
XAF,168,423
XAF,168,424
XAF,168,425
XAF,168,426
XAF,168,427
XAF,168,428
XAF,168,429
XAF,168,430
XAF,168,431
XAF,168,432
XAF,168,433
XAF,168,434
XAF,168,435
XAF,168,436
XAF,168,437
XAF,168,438
XAF,168,439
XAF,168,440
XAF,168,441
XAF,168,442
XAF,168,443
XAF,168,444
XAF,168,445
XAF,168,446
XAF,168,447
XAF,168,448
XAF,168,449
XAF,168,450
XAF,168,451
XAF,168,452
XAF,168,453
XAF,168,454
XAF,168,455
XAF,168,456
XAF,168,457
XAF,168,458
XAF,168,459
XAF,169,340
XAF,169,341
XAF,169,342
XAF,169,343
XAF,169,344
XAF,169,345
XAF,169,346
XAF,169,347
XAF,169,348
XAF,169,349
XAF,169,350
XAF,169,351
XAF,169,352
XAF,169,353
XAF,169,354
XAF,169,355
XAF,169,356
XAF,169,357
XAF,169,358
XAF,169,359
XAF,169,360
XAF,169,361
XAF,169,362
XAF,169,363
XAF,169,370
XAF,169,371
XAF,169,372
XAF,169,373
XAF,169,374
XAF,169,375
XAF,169,376
XAF,169,377
XAF,169,378
XAF,169,379
XAF,169,380
XAF,169,381
XAF,169,382
XAF,169,383
XAF,169,384
XAF,169,385
XAF,169,386
XAF,169,387
XAF,169,388
XAF,169,389
XAF,169,390
XAF,169,391
XAF,169,392
XAF,169,393
XAF,169,394
XAF,169,395
XAF,169,396
XAF,169,397
XAF,169,398
XAF,169,399
XAF,169,400
XAF,169,401
XAF,169,402
XAF,169,403
XAF,169,404
XAF,169,405
XAF,169,406
XAF,169,407
XAF,169,408
XAF,169,409
XAF,169,410
XAF,169,411
XAF,169,412
XAF,169,413
XAF,169,414
XAF,169,415
XAF,169,416
XAF,169,417
XAF,169,418
XAF,169,419
XAF,169,420
XAF,169,421
XAF,169,422
XAF,169,423
XAF,169,424
XAF,169,425
XAF,169,426
XAF,169,427
XAF,169,428
XAF,169,429
XAF,169,430
XAF,169,431
XAF,169,432
XAF,169,433
XAF,169,434
XAF,169,435
XAF,169,436
XAF,169,437
XAF,169,438
XAF,169,439
XAF,169,440
XAF,169,441
XAF,169,442
XAF,169,443
XAF,169,444
XAF,169,445
XAF,169,446
XAF,169,447
XAF,169,448
XAF,169,449
XAF,169,450
XAF,169,451
XAF,169,452
XAF,169,453
XAF,169,454
XAF,169,455
XAF,169,456
XAF,169,457
XAF,169,458
XAF,170,341
XAF,170,342
XAF,170,343
XAF,170,344
XAF,170,345
XAF,170,346
XAF,170,347
XAF,170,348
XAF,170,349
XAF,170,350
XAF,170,351
XAF,170,352
XAF,170,353
XAF,170,354
XAF,170,355
XAF,170,356
XAF,170,357
XAF,170,358
XAF,170,359
XAF,170,360
XAF,170,371
XAF,170,372
XAF,170,373
XAF,170,374
XAF,170,375
XAF,170,376
XAF,170,377
XAF,170,378
XAF,170,379
XAF,170,380
XAF,170,381
XAF,170,382
XAF,170,383
XAF,170,384
XAF,170,385
XAF,170,386
XAF,170,387
XAF,170,388
XAF,170,389
XAF,170,390
XAF,170,391
XAF,170,392
XAF,170,393
XAF,170,394
XAF,170,395
XAF,170,396
XAF,170,397
XAF,170,398
XAF,170,399
XAF,170,400
XAF,170,401
XAF,170,402
XAF,170,403
XAF,170,404
XAF,170,405
XAF,170,406
XAF,170,407
XAF,170,408
XAF,170,409
XAF,170,410
XAF,170,411
XAF,170,412
XAF,170,413
XAF,170,414
XAF,170,415
XAF,170,416
XAF,170,417
XAF,170,418
XAF,170,419
XAF,170,420
XAF,170,421
XAF,170,422
XAF,170,423
XAF,170,424
XAF,170,425
XAF,170,426
XAF,170,427
XAF,170,428
XAF,170,429
XAF,170,430
XAF,170,431
XAF,170,432
XAF,170,433
XAF,170,434
XAF,170,435
XAF,170,436
XAF,170,437
XAF,170,438
XAF,170,439
XAF,170,440
XAF,170,441
XAF,170,442
XAF,170,443
XAF,170,444
XAF,170,445
XAF,170,446
XAF,170,447
XAF,170,448
XAF,170,449
XAF,170,450
XAF,170,451
XAF,170,452
XAF,170,453
XAF,170,454
XAF,170,455
XAF,170,456
XAF,170,457
XAF,170,458
XAF,171,343
XAF,171,344
XAF,171,345
XAF,171,346
XAF,171,347
XAF,171,348
XAF,171,356
XAF,171,357
XAF,171,371
XAF,171,372
XAF,171,373
XAF,171,374
XAF,171,375
XAF,171,376
XAF,171,377
XAF,171,378
XAF,171,379
XAF,171,380
XAF,171,381
XAF,171,382
XAF,171,383
XAF,171,384
XAF,171,385
XAF,171,386
XAF,171,387
XAF,171,388
XAF,171,389
XAF,171,390
XAF,171,391
XAF,171,392
XAF,171,393
XAF,171,394
XAF,171,395
XAF,171,396
XAF,171,397
XAF,171,398
XAF,171,399
XAF,171,400
XAF,171,401
XAF,171,402
XAF,171,403
XAF,171,404
XAF,171,405
XAF,171,406
XAF,171,407
XAF,171,408
XAF,171,409
XAF,171,410
XAF,171,411
XAF,171,412
XAF,171,413
XAF,171,414
XAF,171,415
XAF,171,416
XAF,171,417
XAF,171,418
XAF,171,419
XAF,171,420
XAF,171,421
XAF,171,422
XAF,171,423
XAF,171,424
XAF,171,425
XAF,171,426
XAF,171,427
XAF,171,428
XAF,171,429
XAF,171,430
XAF,171,431
XAF,171,432
XAF,171,433
XAF,171,434
XAF,171,435
XAF,171,436
XAF,171,437
XAF,171,438
XAF,171,439
XAF,171,440
XAF,171,441
XAF,171,442
XAF,171,443
XAF,171,444
XAF,171,445
XAF,171,446
XAF,171,447
XAF,171,448
XAF,171,449
XAF,171,450
XAF,171,451
XAF,171,452
XAF,171,453
XAF,171,454
XAF,171,455
XAF,171,456
XAF,171,457
XAF,172,345
XAF,172,346
XAF,172,372
XAF,172,373
XAF,172,374
XAF,172,375
XAF,172,378
XAF,172,379
XAF,172,380
XAF,172,381
XAF,172,382
XAF,172,383
XAF,172,384
XAF,172,385
XAF,172,386
XAF,172,387
XAF,172,388
XAF,172,389
XAF,172,390
XAF,172,391
XAF,172,392
XAF,172,393
XAF,172,394
XAF,172,395
XAF,172,396
XAF,172,397
XAF,172,398
XAF,172,399
XAF,172,400
XAF,172,401
XAF,172,402
XAF,172,403
XAF,172,404
XAF,172,405
XAF,172,406
XAF,172,407
XAF,172,408
XAF,172,409
XAF,172,410
XAF,172,411
XAF,172,412
XAF,172,413
XAF,172,414
XAF,172,415
XAF,172,416
XAF,172,417
XAF,172,418
XAF,172,419
XAF,172,420
XAF,172,421
XAF,172,422
XAF,172,423
XAF,172,424
XAF,172,425
XAF,172,426
XAF,172,427
XAF,172,428
XAF,172,429
XAF,172,430
XAF,172,431
XAF,172,432
XAF,172,433
XAF,172,434
XAF,172,435
XAF,172,436
XAF,172,437
XAF,172,438
XAF,172,439
XAF,172,440
XAF,172,441
XAF,172,442
XAF,172,443
XAF,172,444
XAF,172,445
XAF,172,446
XAF,172,447
XAF,172,448
XAF,172,449
XAF,172,450
XAF,172,451
XAF,172,452
XAF,172,453
XAF,172,454
XAF,172,455
XAF,172,456
XAF,173,378
XAF,173,379
XAF,173,380
XAF,173,381
XAF,173,382
XAF,173,383
XAF,173,384
XAF,173,385
XAF,173,386
XAF,173,387
XAF,173,388
XAF,173,389
XAF,173,390
XAF,173,391
XAF,173,392
XAF,173,393
XAF,173,394
XAF,173,395
XAF,173,396
XAF,173,397
XAF,173,398
XAF,173,399
XAF,173,400
XAF,173,401
XAF,173,402
XAF,173,403
XAF,173,404
XAF,173,405
XAF,173,406
XAF,173,407
XAF,173,408
XAF,173,409
XAF,173,410
XAF,173,411
XAF,173,412
XAF,173,413
XAF,173,414
XAF,173,415
XAF,173,416
XAF,173,417
XAF,173,418
XAF,173,419
XAF,173,420
XAF,173,421
XAF,173,422
XAF,173,423
XAF,173,424
XAF,173,425
XAF,173,426
XAF,173,427
XAF,173,428
XAF,173,429
XAF,173,430
XAF,173,431
XAF,173,432
XAF,173,433
XAF,173,434
XAF,173,435
XAF,173,436
XAF,173,437
XAF,173,438
XAF,173,439
XAF,173,440
XAF,173,441
XAF,173,442
XAF,173,443
XAF,173,444
XAF,173,445
XAF,173,446
XAF,173,447
XAF,173,448
XAF,173,449
XAF,173,450
XAF,173,451
XAF,173,452
XAF,173,453
XAF,173,454
XAF,173,455
XAF,174,377
XAF,174,378
XAF,174,380
XAF,174,381
XAF,174,382
XAF,174,383
XAF,174,384
XAF,174,385
XAF,174,386
XAF,174,387
XAF,174,388
XAF,174,389
XAF,174,390
XAF,174,391
XAF,174,392
XAF,174,393
XAF,174,394
XAF,174,395
XAF,174,396
XAF,174,397
XAF,174,398
XAF,174,399
XAF,174,400
XAF,174,401
XAF,174,402
XAF,174,403
XAF,174,404
XAF,174,405
XAF,174,406
XAF,174,407
XAF,174,408
XAF,174,409
XAF,174,410
XAF,174,411
XAF,174,412
XAF,174,413
XAF,174,414
XAF,174,415
XAF,174,416
XAF,174,417
XAF,174,418
XAF,174,419
XAF,174,420
XAF,174,421
XAF,174,422
XAF,174,423
XAF,174,424
XAF,174,425
XAF,174,426
XAF,174,427
XAF,174,428
XAF,174,429
XAF,174,430
XAF,174,431
XAF,174,432
XAF,174,433
XAF,174,434
XAF,174,435
XAF,174,436
XAF,174,437
XAF,174,438
XAF,174,439
XAF,174,440
XAF,174,441
XAF,174,442
XAF,174,443
XAF,174,444
XAF,174,445
XAF,174,446
XAF,174,447
XAF,174,448
XAF,174,449
XAF,174,450
XAF,174,451
XAF,174,452
XAF,174,453
XAF,174,454
XAF,174,455
XAF,175,380
XAF,175,381
XAF,175,382
XAF,175,383
XAF,175,384
XAF,175,385
XAF,175,386
XAF,175,387
XAF,175,388
XAF,175,389
XAF,175,390
XAF,175,391
XAF,175,392
XAF,175,393
XAF,175,394
XAF,175,395
XAF,175,396
XAF,175,397
XAF,175,398
XAF,175,399
XAF,175,400
XAF,175,401
XAF,175,402
XAF,175,403
XAF,175,404
XAF,175,405
XAF,175,406
XAF,175,407
XAF,175,408
XAF,175,409
XAF,175,410
XAF,175,411
XAF,175,412
XAF,175,413
XAF,175,414
XAF,175,415
XAF,175,416
XAF,175,417
XAF,175,418
XAF,175,419
XAF,175,420
XAF,175,421
XAF,175,422
XAF,175,423
XAF,175,424
XAF,175,425
XAF,175,426
XAF,175,427
XAF,175,428
XAF,175,429
XAF,175,430
XAF,175,431
XAF,175,432
XAF,175,433
XAF,175,434
XAF,175,435
XAF,175,436
XAF,175,437
XAF,175,438
XAF,175,439
XAF,175,440
XAF,175,441
XAF,175,442
XAF,175,443
XAF,175,444
XAF,175,445
XAF,175,446
XAF,175,447
XAF,175,448
XAF,175,449
XAF,175,450
XAF,175,451
XAF,175,452
XAF,175,453
XAF,175,454
XAF,176,380
XAF,176,381
XAF,176,382
XAF,176,383
XAF,176,384
XAF,176,385
XAF,176,386
XAF,176,387
XAF,176,388
XAF,176,389
XAF,176,390
XAF,176,391
XAF,176,392
XAF,176,393
XAF,176,394
XAF,176,395
XAF,176,396
XAF,176,397
XAF,176,398
XAF,176,399
XAF,176,400
XAF,176,401
XAF,176,402
XAF,176,403
XAF,176,404
XAF,176,405
XAF,176,406
XAF,176,407
XAF,176,408
XAF,176,409
XAF,176,410
XAF,176,411
XAF,176,412
XAF,176,413
XAF,176,414
XAF,176,415
XAF,176,416
XAF,176,417
XAF,176,418
XAF,176,419
XAF,176,420
XAF,176,421
XAF,176,422
XAF,176,423
XAF,176,424
XAF,176,425
XAF,176,426
XAF,176,427
XAF,176,428
XAF,176,429
XAF,176,430
XAF,176,431
XAF,176,432
XAF,176,433
XAF,176,434
XAF,176,435
XAF,176,436
XAF,176,437
XAF,176,438
XAF,176,439
XAF,176,440
XAF,176,441
XAF,176,442
XAF,176,443
XAF,176,444
XAF,176,445
XAF,176,446
XAF,176,447
XAF,176,448
XAF,176,449
XAF,176,450
XAF,176,451
XAF,176,452
XAF,176,453
XAF,177,375
XAF,177,380
XAF,177,381
XAF,177,382
XAF,177,383
XAF,177,384
XAF,177,385
XAF,177,386
XAF,177,387
XAF,177,388
XAF,177,389
XAF,177,390
XAF,177,391
XAF,177,392
XAF,177,393
XAF,177,394
XAF,177,395
XAF,177,396
XAF,177,397
XAF,177,398
XAF,177,399
XAF,177,400
XAF,177,401
XAF,177,402
XAF,177,403
XAF,177,404
XAF,177,405
XAF,177,406
XAF,177,407
XAF,177,408
XAF,177,409
XAF,177,410
XAF,177,411
XAF,177,412
XAF,177,413
XAF,177,414
XAF,177,415
XAF,177,416
XAF,177,417
XAF,177,418
XAF,177,419
XAF,177,420
XAF,177,421
XAF,177,422
XAF,177,423
XAF,177,424
XAF,177,425
XAF,177,426
XAF,177,427
XAF,177,428
XAF,177,429
XAF,177,430
XAF,177,431
XAF,177,432
XAF,177,433
XAF,177,434
XAF,177,435
XAF,177,436
XAF,177,437
XAF,177,438
XAF,177,439
XAF,177,440
XAF,177,441
XAF,177,442
XAF,177,443
XAF,177,444
XAF,177,445
XAF,177,446
XAF,177,447
XAF,177,448
XAF,177,449
XAF,177,450
XAF,177,451
XAF,178,379
XAF,178,380
XAF,178,381
XAF,178,382
XAF,178,383
XAF,178,384
XAF,178,385
XAF,178,386
XAF,178,387
XAF,178,388
XAF,178,389
XAF,178,390
XAF,178,391
XAF,178,392
XAF,178,393
XAF,178,394
XAF,178,395
XAF,178,396
XAF,178,397
XAF,178,398
XAF,178,399
XAF,178,400
XAF,178,401
XAF,178,402
XAF,178,403
XAF,178,404
XAF,178,405
XAF,178,406
XAF,178,407
XAF,178,408
XAF,178,409
XAF,178,410
XAF,178,411
XAF,178,412
XAF,178,413
XAF,178,414
XAF,178,415
XAF,178,416
XAF,178,417
XAF,178,418
XAF,178,419
XAF,178,420
XAF,178,421
XAF,178,422
XAF,178,423
XAF,178,424
XAF,178,425
XAF,178,426
XAF,178,427
XAF,178,428
XAF,178,429
XAF,178,430
XAF,178,431
XAF,178,432
XAF,178,433
XAF,178,434
XAF,178,435
XAF,178,436
XAF,178,437
XAF,178,438
XAF,178,439
XAF,178,440
XAF,178,441
XAF,178,442
XAF,178,443
XAF,178,444
XAF,178,445
XAF,178,446
XAF,178,447
XAF,178,448
XAF,178,449
XAF,179,379
XAF,179,380
XAF,179,381
XAF,179,382
XAF,179,383
XAF,179,384
XAF,179,385
XAF,179,386
XAF,179,387
XAF,179,388
XAF,179,389
XAF,179,390
XAF,179,391
XAF,179,392
XAF,179,393
XAF,179,394
XAF,179,395
XAF,179,396
XAF,179,397
XAF,179,398
XAF,179,399
XAF,179,400
XAF,179,401
XAF,179,402
XAF,179,403
XAF,179,404
XAF,179,405
XAF,179,406
XAF,179,407
XAF,179,408
XAF,179,409
XAF,179,410
XAF,179,411
XAF,179,412
XAF,179,413
XAF,179,414
XAF,179,415
XAF,179,416
XAF,179,417
XAF,179,418
XAF,179,419
XAF,179,420
XAF,179,421
XAF,179,422
XAF,179,423
XAF,179,424
XAF,179,425
XAF,179,426
XAF,179,427
XAF,179,428
XAF,179,429
XAF,179,430
XAF,179,431
XAF,179,432
XAF,179,433
XAF,179,434
XAF,179,435
XAF,179,436
XAF,179,437
XAF,179,438
XAF,179,439
XAF,179,440
XAF,179,441
XAF,179,442
XAF,179,443
XAF,179,444
XAF,179,445
XAF,179,446
XAF,179,447
XAF,179,448
XAF,180,374
XAF,180,379
XAF,180,380
XAF,180,381
XAF,180,382
XAF,180,383
XAF,180,384
XAF,180,385
XAF,180,386
XAF,180,387
XAF,180,388
XAF,180,389
XAF,180,390
XAF,180,391
XAF,180,392
XAF,180,393
XAF,180,394
XAF,180,395
XAF,180,396
XAF,180,397
XAF,180,398
XAF,180,399
XAF,180,400
XAF,180,401
XAF,180,402
XAF,180,403
XAF,180,404
XAF,180,405
XAF,180,406
XAF,180,407
XAF,180,408
XAF,180,409
XAF,180,410
XAF,180,411
XAF,180,412
XAF,180,413
XAF,180,414
XAF,180,415
XAF,180,416
XAF,180,417
XAF,180,418
XAF,180,419
XAF,180,420
XAF,180,421
XAF,180,422
XAF,180,423
XAF,180,424
XAF,180,425
XAF,180,426
XAF,180,427
XAF,180,428
XAF,180,429
XAF,180,430
XAF,180,431
XAF,180,432
XAF,180,433
XAF,180,434
XAF,180,435
XAF,180,436
XAF,180,437
XAF,180,438
XAF,180,439
XAF,180,440
XAF,180,441
XAF,180,442
XAF,180,443
XAF,180,444
XAF,180,445
XAF,180,446
XAF,180,447
XAF,181,379
XAF,181,380
XAF,181,381
XAF,181,382
XAF,181,383
XAF,181,384
XAF,181,385
XAF,181,386
XAF,181,387
XAF,181,388
XAF,181,389
XAF,181,390
XAF,181,391
XAF,181,392
XAF,181,393
XAF,181,394
XAF,181,395
XAF,181,396
XAF,181,397
XAF,181,398
XAF,181,399
XAF,181,400
XAF,181,401
XAF,181,402
XAF,181,403
XAF,181,404
XAF,181,405
XAF,181,406
XAF,181,407
XAF,181,408
XAF,181,409
XAF,181,410
XAF,181,411
XAF,181,412
XAF,181,413
XAF,181,414
XAF,181,415
XAF,181,416
XAF,181,417
XAF,181,418
XAF,181,419
XAF,181,420
XAF,181,421
XAF,181,422
XAF,181,423
XAF,181,424
XAF,181,425
XAF,181,426
XAF,181,427
XAF,181,428
XAF,181,429
XAF,181,430
XAF,181,431
XAF,181,432
XAF,181,433
XAF,181,434
XAF,181,435
XAF,181,436
XAF,181,437
XAF,181,438
XAF,181,439
XAF,181,440
XAF,181,441
XAF,181,442
XAF,181,443
XAF,181,444
XAF,181,445
XAF,181,446
XAF,182,378
XAF,182,379
XAF,182,380
XAF,182,381
XAF,182,382
XAF,182,383
XAF,182,384
XAF,182,385
XAF,182,386
XAF,182,387
XAF,182,388
XAF,182,389
XAF,182,390
XAF,182,391
XAF,182,392
XAF,182,393
XAF,182,394
XAF,182,395
XAF,182,396
XAF,182,397
XAF,182,398
XAF,182,399
XAF,182,400
XAF,182,401
XAF,182,402
XAF,182,403
XAF,182,404
XAF,182,405
XAF,182,406
XAF,182,407
XAF,182,408
XAF,182,409
XAF,182,410
XAF,182,411
XAF,182,412
XAF,182,413
XAF,182,414
XAF,182,415
XAF,182,416
XAF,182,417
XAF,182,418
XAF,182,419
XAF,182,420
XAF,182,421
XAF,182,422
XAF,182,423
XAF,182,424
XAF,182,425
XAF,182,426
XAF,182,427
XAF,182,428
XAF,182,429
XAF,182,430
XAF,182,431
XAF,182,432
XAF,182,433
XAF,182,434
XAF,182,435
XAF,182,436
XAF,182,437
XAF,182,438
XAF,182,439
XAF,182,440
XAF,182,441
XAF,182,442
XAF,182,443
XAF,182,444
XAF,182,445
XAF,183,378
XAF,183,379
XAF,183,380
XAF,183,381
XAF,183,382
XAF,183,383
XAF,183,384
XAF,183,385
XAF,183,386
XAF,183,387
XAF,183,388
XAF,183,389
XAF,183,390
XAF,183,391
XAF,183,392
XAF,183,393
XAF,183,394
XAF,183,395
XAF,183,396
XAF,183,397
XAF,183,398
XAF,183,399
XAF,183,400
XAF,183,401
XAF,183,402
XAF,183,403
XAF,183,404
XAF,183,405
XAF,183,406
XAF,183,407
XAF,183,408
XAF,183,409
XAF,183,410
XAF,183,411
XAF,183,412
XAF,183,413
XAF,183,414
XAF,183,415
XAF,183,416
XAF,183,417
XAF,183,418
XAF,183,419
XAF,183,420
XAF,183,421
XAF,183,422
XAF,183,423
XAF,183,424
XAF,183,425
XAF,183,426
XAF,183,427
XAF,183,428
XAF,183,429
XAF,183,430
XAF,183,431
XAF,183,432
XAF,183,433
XAF,183,434
XAF,183,435
XAF,183,436
XAF,183,437
XAF,183,438
XAF,183,439
XAF,183,440
XAF,183,441
XAF,183,442
XAF,183,443
XAF,183,444
XAF,184,379
XAF,184,380
XAF,184,381
XAF,184,382
XAF,184,383
XAF,184,384
XAF,184,385
XAF,184,386
XAF,184,387
XAF,184,388
XAF,184,389
XAF,184,390
XAF,184,391
XAF,184,392
XAF,184,393
XAF,184,394
XAF,184,395
XAF,184,396
XAF,184,397
XAF,184,398
XAF,184,399
XAF,184,400
XAF,184,401
XAF,184,402
XAF,184,403
XAF,184,404
XAF,184,405
XAF,184,406
XAF,184,407
XAF,184,408
XAF,184,409
XAF,184,410
XAF,184,411
XAF,184,412
XAF,184,413
XAF,184,414
XAF,184,415
XAF,184,416
XAF,184,417
XAF,184,418
XAF,184,419
XAF,184,420
XAF,184,421
XAF,184,422
XAF,184,423
XAF,184,424
XAF,184,425
XAF,184,426
XAF,184,427
XAF,184,428
XAF,184,429
XAF,184,430
XAF,184,431
XAF,184,432
XAF,184,433
XAF,184,434
XAF,184,435
XAF,184,436
XAF,184,437
XAF,184,438
XAF,184,439
XAF,184,440
XAF,184,441
XAF,184,442
XAF,184,443
XAF,184,444
XAF,185,379
XAF,185,380
XAF,185,381
XAF,185,382
XAF,185,383
XAF,185,384
XAF,185,385
XAF,185,386
XAF,185,387
XAF,185,388
XAF,185,389
XAF,185,390
XAF,185,391
XAF,185,392
XAF,185,393
XAF,185,394
XAF,185,395
XAF,185,396
XAF,185,397
XAF,185,398
XAF,185,399
XAF,185,400
XAF,185,401
XAF,185,402
XAF,185,403
XAF,185,404
XAF,185,405
XAF,185,406
XAF,185,407
XAF,185,408
XAF,185,409
XAF,185,410
XAF,185,411
XAF,185,412
XAF,185,413
XAF,185,414
XAF,185,415
XAF,185,416
XAF,185,417
XAF,185,418
XAF,185,419
XAF,185,420
XAF,185,421
XAF,185,422
XAF,185,423
XAF,185,424
XAF,185,425
XAF,185,426
XAF,185,427
XAF,185,428
XAF,185,429
XAF,185,430
XAF,185,431
XAF,185,432
XAF,185,433
XAF,185,434
XAF,185,435
XAF,185,436
XAF,185,437
XAF,185,438
XAF,185,439
XAF,185,440
XAF,185,441
XAF,185,442
XAF,185,443
XAF,186,380
XAF,186,381
XAF,186,382
XAF,186,383
XAF,186,384
XAF,186,385
XAF,186,386
XAF,186,387
XAF,186,388
XAF,186,389
XAF,186,390
XAF,186,391
XAF,186,392
XAF,186,393
XAF,186,394
XAF,186,395
XAF,186,396
XAF,186,397
XAF,186,398
XAF,186,399
XAF,186,400
XAF,186,401
XAF,186,402
XAF,186,403
XAF,186,404
XAF,186,405
XAF,186,406
XAF,186,407
XAF,186,408
XAF,186,409
XAF,186,410
XAF,186,411
XAF,186,412
XAF,186,413
XAF,186,414
XAF,186,415
XAF,186,416
XAF,186,417
XAF,186,418
XAF,186,419
XAF,186,420
XAF,186,421
XAF,186,422
XAF,186,423
XAF,186,424
XAF,186,425
XAF,186,426
XAF,186,427
XAF,186,428
XAF,186,429
XAF,186,430
XAF,186,431
XAF,186,432
XAF,186,433
XAF,186,434
XAF,186,435
XAF,186,436
XAF,186,437
XAF,186,438
XAF,186,439
XAF,186,440
XAF,186,441
XAF,187,381
XAF,187,382
XAF,187,383
XAF,187,384
XAF,187,385
XAF,187,386
XAF,187,387
XAF,187,388
XAF,187,389
XAF,187,390
XAF,187,391
XAF,187,392
XAF,187,393
XAF,187,394
XAF,187,395
XAF,187,396
XAF,187,397
XAF,187,398
XAF,187,399
XAF,187,400
XAF,187,401
XAF,187,402
XAF,187,403
XAF,187,404
XAF,187,405
XAF,187,406
XAF,187,407
XAF,187,408
XAF,187,409
XAF,187,410
XAF,187,411
XAF,187,412
XAF,187,413
XAF,187,414
XAF,187,415
XAF,187,416
XAF,187,417
XAF,187,418
XAF,187,419
XAF,187,420
XAF,187,421
XAF,187,422
XAF,187,423
XAF,187,424
XAF,187,425
XAF,187,426
XAF,187,427
XAF,187,428
XAF,187,429
XAF,187,430
XAF,187,431
XAF,187,432
XAF,187,433
XAF,187,434
XAF,187,435
XAF,187,436
XAF,187,437
XAF,187,438
XAF,187,439
XAF,187,440
XAF,187,441
XAF,188,382
XAF,188,383
XAF,188,384
XAF,188,385
XAF,188,386
XAF,188,387
XAF,188,388
XAF,188,389
XAF,188,390
XAF,188,391
XAF,188,392
XAF,188,393
XAF,188,394
XAF,188,395
XAF,188,396
XAF,188,397
XAF,188,398
XAF,188,399
XAF,188,400
XAF,188,401
XAF,188,402
XAF,188,403
XAF,188,404
XAF,188,405
XAF,188,406
XAF,188,407
XAF,188,408
XAF,188,409
XAF,188,410
XAF,188,411
XAF,188,412
XAF,188,413
XAF,188,414
XAF,188,415
XAF,188,416
XAF,188,417
XAF,188,418
XAF,188,419
XAF,188,420
XAF,188,421
XAF,188,422
XAF,188,423
XAF,188,424
XAF,188,425
XAF,188,426
XAF,188,427
XAF,188,428
XAF,188,429
XAF,188,430
XAF,188,431
XAF,188,432
XAF,188,433
XAF,188,434
XAF,188,435
XAF,188,436
XAF,188,437
XAF,188,438
XAF,188,439
XAF,188,440
XAF,189,383
XAF,189,384
XAF,189,385
XAF,189,386
XAF,189,387
XAF,189,388
XAF,189,389
XAF,189,390
XAF,189,391
XAF,189,392
XAF,189,393
XAF,189,394
XAF,189,395
XAF,189,396
XAF,189,397
XAF,189,398
XAF,189,399
XAF,189,400
XAF,189,401
XAF,189,402
XAF,189,403
XAF,189,404
XAF,189,405
XAF,189,406
XAF,189,407
XAF,189,408
XAF,189,409
XAF,189,410
XAF,189,411
XAF,189,412
XAF,189,413
XAF,189,414
XAF,189,415
XAF,189,416
XAF,189,417
XAF,189,418
XAF,189,419
XAF,189,420
XAF,189,421
XAF,189,422
XAF,189,423
XAF,189,424
XAF,189,425
XAF,189,426
XAF,189,427
XAF,189,428
XAF,189,429
XAF,189,430
XAF,189,431
XAF,189,432
XAF,189,433
XAF,189,434
XAF,189,435
XAF,189,436
XAF,189,437
XAF,189,438
XAF,189,439
XAF,189,440
XAF,189,471
XAF,189,472
XAF,190,384
XAF,190,385
XAF,190,386
XAF,190,387
XAF,190,388
XAF,190,389
XAF,190,390
XAF,190,391
XAF,190,392
XAF,190,393
XAF,190,394
XAF,190,395
XAF,190,396
XAF,190,397
XAF,190,398
XAF,190,399
XAF,190,400
XAF,190,401
XAF,190,402
XAF,190,403
XAF,190,404
XAF,190,405
XAF,190,406
XAF,190,407
XAF,190,408
XAF,190,409
XAF,190,410
XAF,190,411
XAF,190,412
XAF,190,413
XAF,190,414
XAF,190,415
XAF,190,416
XAF,190,417
XAF,190,418
XAF,190,419
XAF,190,420
XAF,190,421
XAF,190,422
XAF,190,423
XAF,190,424
XAF,190,425
XAF,190,426
XAF,190,427
XAF,190,428
XAF,190,429
XAF,190,430
XAF,190,431
XAF,190,432
XAF,190,433
XAF,190,434
XAF,190,435
XAF,190,436
XAF,190,437
XAF,190,438
XAF,190,439
XAF,190,440
XAF,190,471
XAF,190,472
XAF,191,385
XAF,191,386
XAF,191,387
XAF,191,388
XAF,191,389
XAF,191,390
XAF,191,391
XAF,191,392
XAF,191,393
XAF,191,394
XAF,191,395
XAF,191,396
XAF,191,397
XAF,191,398
XAF,191,399
XAF,191,400
XAF,191,401
XAF,191,402
XAF,191,403
XAF,191,404
XAF,191,405
XAF,191,406
XAF,191,407
XAF,191,408
XAF,191,409
XAF,191,410
XAF,191,411
XAF,191,412
XAF,191,413
XAF,191,414
XAF,191,415
XAF,191,416
XAF,191,417
XAF,191,418
XAF,191,419
XAF,191,420
XAF,191,421
XAF,191,422
XAF,191,423
XAF,191,424
XAF,191,425
XAF,191,426
XAF,191,427
XAF,191,428
XAF,191,429
XAF,191,430
XAF,191,431
XAF,191,432
XAF,191,433
XAF,191,434
XAF,191,435
XAF,191,436
XAF,191,437
XAF,191,438
XAF,191,439
XAF,191,440
XAF,192,385
XAF,192,386
XAF,192,387
XAF,192,388
XAF,192,389
XAF,192,390
XAF,192,391
XAF,192,392
XAF,192,393
XAF,192,394
XAF,192,395
XAF,192,396
XAF,192,397
XAF,192,398
XAF,192,399
XAF,192,400
XAF,192,401
XAF,192,402
XAF,192,403
XAF,192,404
XAF,192,405
XAF,192,406
XAF,192,407
XAF,192,408
XAF,192,409
XAF,192,410
XAF,192,411
XAF,192,412
XAF,192,413
XAF,192,414
XAF,192,415
XAF,192,416
XAF,192,417
XAF,192,418
XAF,192,419
XAF,192,420
XAF,192,421
XAF,192,422
XAF,192,423
XAF,192,424
XAF,192,425
XAF,192,426
XAF,192,427
XAF,192,428
XAF,192,429
XAF,192,430
XAF,192,431
XAF,192,432
XAF,192,433
XAF,192,434
XAF,192,435
XAF,192,436
XAF,192,437
XAF,192,438
XAF,192,439
XAF,193,385
XAF,193,386
XAF,193,387
XAF,193,388
XAF,193,389
XAF,193,390
XAF,193,391
XAF,193,392
XAF,193,393
XAF,193,394
XAF,193,395
XAF,193,396
XAF,193,397
XAF,193,398
XAF,193,399
XAF,193,400
XAF,193,401
XAF,193,402
XAF,193,403
XAF,193,404
XAF,193,405
XAF,193,406
XAF,193,407
XAF,193,408
XAF,193,409
XAF,193,410
XAF,193,411
XAF,193,412
XAF,193,413
XAF,193,414
XAF,193,415
XAF,193,416
XAF,193,417
XAF,193,418
XAF,193,419
XAF,193,420
XAF,193,421
XAF,193,422
XAF,193,423
XAF,193,424
XAF,193,425
XAF,193,426
XAF,193,427
XAF,193,428
XAF,193,429
XAF,193,430
XAF,193,431
XAF,193,432
XAF,193,433
XAF,193,434
XAF,193,435
XAF,193,436
XAF,193,437
XAF,193,438
XAF,193,439
XAF,193,440
XAF,194,386
XAF,194,387
XAF,194,388
XAF,194,389
XAF,194,390
XAF,194,391
XAF,194,392
XAF,194,393
XAF,194,394
XAF,194,395
XAF,194,396
XAF,194,397
XAF,194,398
XAF,194,399
XAF,194,400
XAF,194,401
XAF,194,402
XAF,194,403
XAF,194,404
XAF,194,405
XAF,194,406
XAF,194,407
XAF,194,408
XAF,194,409
XAF,194,410
XAF,194,411
XAF,194,412
XAF,194,413
XAF,194,414
XAF,194,415
XAF,194,416
XAF,194,417
XAF,194,418
XAF,194,419
XAF,194,420
XAF,194,421
XAF,194,422
XAF,194,423
XAF,194,424
XAF,194,425
XAF,194,426
XAF,194,427
XAF,194,428
XAF,194,429
XAF,194,430
XAF,194,431
XAF,194,432
XAF,194,433
XAF,194,434
XAF,194,435
XAF,194,436
XAF,194,437
XAF,194,438
XAF,194,439
XAF,194,440
XAF,195,386
XAF,195,387
XAF,195,388
XAF,195,389
XAF,195,390
XAF,195,391
XAF,195,392
XAF,195,393
XAF,195,394
XAF,195,395
XAF,195,396
XAF,195,397
XAF,195,398
XAF,195,399
XAF,195,400
XAF,195,401
XAF,195,402
XAF,195,403
XAF,195,404
XAF,195,405
XAF,195,406
XAF,195,407
XAF,195,408
XAF,195,409
XAF,195,410
XAF,195,411
XAF,195,412
XAF,195,413
XAF,195,414
XAF,195,415
XAF,195,416
XAF,195,417
XAF,195,418
XAF,195,419
XAF,195,420
XAF,195,421
XAF,195,422
XAF,195,423
XAF,195,424
XAF,195,425
XAF,195,426
XAF,195,427
XAF,195,428
XAF,195,429
XAF,195,430
XAF,195,431
XAF,195,432
XAF,195,433
XAF,195,434
XAF,195,435
XAF,195,436
XAF,195,437
XAF,195,438
XAF,195,439
XAF,195,440
XAF,196,387
XAF,196,388
XAF,196,389
XAF,196,390
XAF,196,391
XAF,196,392
XAF,196,393
XAF,196,394
XAF,196,395
XAF,196,396
XAF,196,397
XAF,196,398
XAF,196,399
XAF,196,400
XAF,196,401
XAF,196,402
XAF,196,403
XAF,196,404
XAF,196,405
XAF,196,406
XAF,196,407
XAF,196,408
XAF,196,409
XAF,196,410
XAF,196,411
XAF,196,412
XAF,196,413
XAF,196,414
XAF,196,415
XAF,196,416
XAF,196,417
XAF,196,418
XAF,196,419
XAF,196,420
XAF,196,421
XAF,196,422
XAF,196,423
XAF,196,424
XAF,196,425
XAF,196,426
XAF,196,427
XAF,196,428
XAF,196,429
XAF,196,430
XAF,196,431
XAF,196,432
XAF,196,433
XAF,196,434
XAF,196,435
XAF,196,436
XAF,196,437
XAF,196,438
XAF,196,439
XAF,196,440
XAF,197,387
XAF,197,388
XAF,197,389
XAF,197,390
XAF,197,391
XAF,197,392
XAF,197,393
XAF,197,394
XAF,197,395
XAF,197,396
XAF,197,397
XAF,197,398
XAF,197,399
XAF,197,400
XAF,197,401
XAF,197,402
XAF,197,403
XAF,197,404
XAF,197,405
XAF,197,406
XAF,197,407
XAF,197,408
XAF,197,409
XAF,197,410
XAF,197,411
XAF,197,412
XAF,197,413
XAF,197,414
XAF,197,415
XAF,197,416
XAF,197,417
XAF,197,418
XAF,197,419
XAF,197,420
XAF,197,421
XAF,197,422
XAF,197,423
XAF,197,424
XAF,197,425
XAF,197,426
XAF,197,427
XAF,197,428
XAF,197,429
XAF,197,430
XAF,197,431
XAF,197,432
XAF,197,433
XAF,197,434
XAF,197,435
XAF,197,436
XAF,197,437
XAF,197,438
XAF,197,439
XAF,197,440
XAF,198,387
XAF,198,388
XAF,198,389
XAF,198,390
XAF,198,391
XAF,198,392
XAF,198,393
XAF,198,394
XAF,198,395
XAF,198,396
XAF,198,397
XAF,198,398
XAF,198,399
XAF,198,400
XAF,198,401
XAF,198,402
XAF,198,403
XAF,198,404
XAF,198,405
XAF,198,406
XAF,198,407
XAF,198,408
XAF,198,409
XAF,198,410
XAF,198,411
XAF,198,412
XAF,198,413
XAF,198,414
XAF,198,415
XAF,198,416
XAF,198,417
XAF,198,418
XAF,198,419
XAF,198,420
XAF,198,421
XAF,198,422
XAF,198,423
XAF,198,424
XAF,198,425
XAF,198,426
XAF,198,427
XAF,198,428
XAF,198,429
XAF,198,430
XAF,198,431
XAF,198,432
XAF,198,433
XAF,198,434
XAF,198,435
XAF,198,436
XAF,198,437
XAF,198,438
XAF,198,439
XAF,198,440
XAF,199,387
XAF,199,388
XAF,199,389
XAF,199,390
XAF,199,391
XAF,199,392
XAF,199,393
XAF,199,394
XAF,199,395
XAF,199,396
XAF,199,397
XAF,199,398
XAF,199,399
XAF,199,400
XAF,199,401
XAF,199,402
XAF,199,403
XAF,199,404
XAF,199,405
XAF,199,406
XAF,199,407
XAF,199,408
XAF,199,409
XAF,199,410
XAF,199,411
XAF,199,412
XAF,199,413
XAF,199,414
XAF,199,415
XAF,199,416
XAF,199,417
XAF,199,418
XAF,199,419
XAF,199,420
XAF,199,421
XAF,199,422
XAF,199,423
XAF,199,424
XAF,199,425
XAF,199,426
XAF,199,427
XAF,199,428
XAF,199,429
XAF,199,430
XAF,199,431
XAF,199,432
XAF,199,433
XAF,199,434
XAF,199,435
XAF,199,436
XAF,199,437
XAF,199,438
XAF,199,439
XAF,199,440
XAF,199,453
XAF,200,387
XAF,200,388
XAF,200,389
XAF,200,390
XAF,200,391
XAF,200,392
XAF,200,393
XAF,200,394
XAF,200,395
XAF,200,396
XAF,200,397
XAF,200,398
XAF,200,399
XAF,200,400
XAF,200,401
XAF,200,402
XAF,200,403
XAF,200,404
XAF,200,405
XAF,200,406
XAF,200,407
XAF,200,408
XAF,200,409
XAF,200,410
XAF,200,411
XAF,200,412
XAF,200,413
XAF,200,414
XAF,200,415
XAF,200,416
XAF,200,417
XAF,200,418
XAF,200,419
XAF,200,420
XAF,200,421
XAF,200,422
XAF,200,423
XAF,200,424
XAF,200,425
XAF,200,426
XAF,200,427
XAF,200,428
XAF,200,429
XAF,200,430
XAF,200,431
XAF,200,432
XAF,200,433
XAF,200,434
XAF,200,435
XAF,200,436
XAF,200,437
XAF,200,438
XAF,200,439
XAF,200,440
XAF,201,387
XAF,201,388
XAF,201,389
XAF,201,390
XAF,201,391
XAF,201,392
XAF,201,393
XAF,201,394
XAF,201,395
XAF,201,396
XAF,201,397
XAF,201,398
XAF,201,399
XAF,201,400
XAF,201,401
XAF,201,402
XAF,201,403
XAF,201,404
XAF,201,405
XAF,201,406
XAF,201,407
XAF,201,408
XAF,201,409
XAF,201,410
XAF,201,411
XAF,201,412
XAF,201,413
XAF,201,414
XAF,201,415
XAF,201,416
XAF,201,417
XAF,201,418
XAF,201,419
XAF,201,420
XAF,201,421
XAF,201,422
XAF,201,423
XAF,201,424
XAF,201,425
XAF,201,426
XAF,201,427
XAF,201,428
XAF,201,429
XAF,201,430
XAF,201,431
XAF,201,432
XAF,201,433
XAF,201,434
XAF,201,435
XAF,201,436
XAF,201,437
XAF,201,438
XAF,201,439
XAF,201,440
XAF,201,441
XAF,201,442
XAF,202,388
XAF,202,389
XAF,202,390
XAF,202,391
XAF,202,392
XAF,202,393
XAF,202,394
XAF,202,395
XAF,202,396
XAF,202,397
XAF,202,398
XAF,202,399
XAF,202,400
XAF,202,401
XAF,202,402
XAF,202,403
XAF,202,404
XAF,202,405
XAF,202,406
XAF,202,407
XAF,202,408
XAF,202,409
XAF,202,410
XAF,202,411
XAF,202,412
XAF,202,413
XAF,202,414
XAF,202,415
XAF,202,416
XAF,202,417
XAF,202,418
XAF,202,419
XAF,202,420
XAF,202,421
XAF,202,422
XAF,202,423
XAF,202,424
XAF,202,425
XAF,202,426
XAF,202,427
XAF,202,428
XAF,202,429
XAF,202,430
XAF,202,431
XAF,202,432
XAF,202,433
XAF,202,434
XAF,202,435
XAF,202,436
XAF,202,437
XAF,202,438
XAF,202,439
XAF,202,440
XAF,202,441
XAF,202,442
XAF,203,388
XAF,203,389
XAF,203,390
XAF,203,391
XAF,203,392
XAF,203,393
XAF,203,394
XAF,203,395
XAF,203,396
XAF,203,397
XAF,203,398
XAF,203,399
XAF,203,400
XAF,203,401
XAF,203,402
XAF,203,403
XAF,203,404
XAF,203,405
XAF,203,406
XAF,203,407
XAF,203,408
XAF,203,409
XAF,203,410
XAF,203,411
XAF,203,412
XAF,203,413
XAF,203,414
XAF,203,415
XAF,203,416
XAF,203,417
XAF,203,418
XAF,203,419
XAF,203,420
XAF,203,421
XAF,203,422
XAF,203,423
XAF,203,424
XAF,203,425
XAF,203,426
XAF,203,427
XAF,203,428
XAF,203,429
XAF,203,430
XAF,203,431
XAF,203,432
XAF,203,433
XAF,203,434
XAF,203,435
XAF,203,436
XAF,203,437
XAF,203,438
XAF,203,439
XAF,203,440
XAF,203,441
XAF,203,442
XAF,203,447
XAF,204,388
XAF,204,389
XAF,204,390
XAF,204,391
XAF,204,392
XAF,204,393
XAF,204,394
XAF,204,395
XAF,204,396
XAF,204,397
XAF,204,398
XAF,204,399
XAF,204,400
XAF,204,401
XAF,204,402
XAF,204,403
XAF,204,404
XAF,204,405
XAF,204,406
XAF,204,407
XAF,204,408
XAF,204,409
XAF,204,410
XAF,204,411
XAF,204,412
XAF,204,413
XAF,204,414
XAF,204,415
XAF,204,416
XAF,204,417
XAF,204,418
XAF,204,419
XAF,204,420
XAF,204,421
XAF,204,422
XAF,204,423
XAF,204,424
XAF,204,425
XAF,204,426
XAF,204,427
XAF,204,428
XAF,204,429
XAF,204,430
XAF,204,431
XAF,204,432
XAF,204,433
XAF,204,434
XAF,204,435
XAF,204,436
XAF,204,437
XAF,204,438
XAF,204,439
XAF,204,440
XAF,204,441
XAF,204,442
XAF,204,447
XAF,204,459
XAF,205,388
XAF,205,389
XAF,205,390
XAF,205,391
XAF,205,392
XAF,205,393
XAF,205,394
XAF,205,395
XAF,205,396
XAF,205,397
XAF,205,398
XAF,205,399
XAF,205,400
XAF,205,401
XAF,205,402
XAF,205,403
XAF,205,404
XAF,205,405
XAF,205,406
XAF,205,407
XAF,205,408
XAF,205,409
XAF,205,410
XAF,205,411
XAF,205,412
XAF,205,413
XAF,205,414
XAF,205,415
XAF,205,416
XAF,205,417
XAF,205,418
XAF,205,419
XAF,205,420
XAF,205,421
XAF,205,422
XAF,205,423
XAF,205,424
XAF,205,425
XAF,205,426
XAF,205,427
XAF,205,428
XAF,205,429
XAF,205,430
XAF,205,431
XAF,205,432
XAF,205,433
XAF,205,434
XAF,205,435
XAF,205,436
XAF,205,437
XAF,205,438
XAF,205,439
XAF,205,440
XAF,205,441
XAF,205,442
XAF,205,448
XAF,205,449
XAF,205,450
XAF,205,458
XAF,205,459
XAF,205,460
XAF,206,386
XAF,206,387
XAF,206,388
XAF,206,389
XAF,206,390
XAF,206,391
XAF,206,392
XAF,206,393
XAF,206,394
XAF,206,395
XAF,206,396
XAF,206,397
XAF,206,398
XAF,206,399
XAF,206,400
XAF,206,401
XAF,206,402
XAF,206,403
XAF,206,404
XAF,206,405
XAF,206,406
XAF,206,407
XAF,206,408
XAF,206,409
XAF,206,410
XAF,206,411
XAF,206,412
XAF,206,413
XAF,206,414
XAF,206,415
XAF,206,416
XAF,206,417
XAF,206,418
XAF,206,419
XAF,206,420
XAF,206,421
XAF,206,422
XAF,206,423
XAF,206,424
XAF,206,425
XAF,206,426
XAF,206,427
XAF,206,428
XAF,206,429
XAF,206,430
XAF,206,431
XAF,206,432
XAF,206,433
XAF,206,434
XAF,206,435
XAF,206,436
XAF,206,437
XAF,206,438
XAF,206,439
XAF,206,440
XAF,206,441
XAF,206,442
XAF,206,458
XAF,206,459
XAF,206,460
XAF,207,386
XAF,207,387
XAF,207,388
XAF,207,389
XAF,207,390
XAF,207,391
XAF,207,392
XAF,207,393
XAF,207,394
XAF,207,395
XAF,207,396
XAF,207,397
XAF,207,398
XAF,207,399
XAF,207,400
XAF,207,401
XAF,207,402
XAF,207,403
XAF,207,404
XAF,207,405
XAF,207,406
XAF,207,407
XAF,207,408
XAF,207,409
XAF,207,410
XAF,207,411
XAF,207,412
XAF,207,413
XAF,207,414
XAF,207,415
XAF,207,416
XAF,207,417
XAF,207,418
XAF,207,419
XAF,207,420
XAF,207,421
XAF,207,422
XAF,207,423
XAF,207,424
XAF,207,425
XAF,207,426
XAF,207,427
XAF,207,428
XAF,207,429
XAF,207,430
XAF,207,431
XAF,207,432
XAF,207,433
XAF,207,434
XAF,207,435
XAF,207,436
XAF,207,437
XAF,207,438
XAF,207,439
XAF,207,440
XAF,207,441
XAF,207,442
XAF,207,457
XAF,207,458
XAF,207,459
XAF,207,460
XAF,207,461
XAF,208,385
XAF,208,386
XAF,208,387
XAF,208,388
XAF,208,389
XAF,208,390
XAF,208,391
XAF,208,392
XAF,208,393
XAF,208,394
XAF,208,395
XAF,208,396
XAF,208,397
XAF,208,398
XAF,208,399
XAF,208,400
XAF,208,401
XAF,208,402
XAF,208,403
XAF,208,404
XAF,208,405
XAF,208,406
XAF,208,407
XAF,208,408
XAF,208,409
XAF,208,410
XAF,208,411
XAF,208,412
XAF,208,413
XAF,208,414
XAF,208,415
XAF,208,416
XAF,208,417
XAF,208,418
XAF,208,419
XAF,208,420
XAF,208,421
XAF,208,422
XAF,208,423
XAF,208,424
XAF,208,425
XAF,208,426
XAF,208,427
XAF,208,428
XAF,208,429
XAF,208,430
XAF,208,431
XAF,208,432
XAF,208,433
XAF,208,434
XAF,208,435
XAF,208,436
XAF,208,437
XAF,208,438
XAF,208,439
XAF,208,440
XAF,208,441
XAF,208,442
XAF,208,456
XAF,208,457
XAF,208,458
XAF,208,459
XAF,208,460
XAF,208,461
XAF,209,385
XAF,209,386
XAF,209,387
XAF,209,388
XAF,209,389
XAF,209,390
XAF,209,391
XAF,209,392
XAF,209,393
XAF,209,394
XAF,209,395
XAF,209,396
XAF,209,397
XAF,209,398
XAF,209,399
XAF,209,400
XAF,209,401
XAF,209,402
XAF,209,403
XAF,209,404
XAF,209,405
XAF,209,406
XAF,209,407
XAF,209,408
XAF,209,409
XAF,209,410
XAF,209,411
XAF,209,412
XAF,209,413
XAF,209,414
XAF,209,415
XAF,209,416
XAF,209,417
XAF,209,418
XAF,209,419
XAF,209,420
XAF,209,421
XAF,209,422
XAF,209,423
XAF,209,424
XAF,209,425
XAF,209,426
XAF,209,427
XAF,209,428
XAF,209,429
XAF,209,430
XAF,209,431
XAF,209,432
XAF,209,433
XAF,209,434
XAF,209,435
XAF,209,436
XAF,209,437
XAF,209,438
XAF,209,439
XAF,209,440
XAF,209,441
XAF,209,442
XAF,209,456
XAF,209,457
XAF,209,458
XAF,209,459
XAF,209,460
XAF,209,461
XAF,210,385
XAF,210,386
XAF,210,387
XAF,210,388
XAF,210,389
XAF,210,390
XAF,210,391
XAF,210,392
XAF,210,393
XAF,210,394
XAF,210,395
XAF,210,396
XAF,210,397
XAF,210,398
XAF,210,399
XAF,210,400
XAF,210,401
XAF,210,402
XAF,210,403
XAF,210,404
XAF,210,405
XAF,210,406
XAF,210,407
XAF,210,408
XAF,210,409
XAF,210,410
XAF,210,411
XAF,210,412
XAF,210,413
XAF,210,414
XAF,210,415
XAF,210,416
XAF,210,417
XAF,210,418
XAF,210,419
XAF,210,420
XAF,210,421
XAF,210,422
XAF,210,423
XAF,210,424
XAF,210,425
XAF,210,426
XAF,210,427
XAF,210,428
XAF,210,429
XAF,210,430
XAF,210,431
XAF,210,432
XAF,210,433
XAF,210,434
XAF,210,435
XAF,210,436
XAF,210,437
XAF,210,438
XAF,210,439
XAF,210,440
XAF,210,441
XAF,210,442
XAF,210,455
XAF,210,456
XAF,210,457
XAF,210,458
XAF,210,459
XAF,210,460
XAF,210,461
XAF,211,385
XAF,211,386
XAF,211,387
XAF,211,388
XAF,211,389
XAF,211,390
XAF,211,391
XAF,211,392
XAF,211,393
XAF,211,394
XAF,211,395
XAF,211,396
XAF,211,397
XAF,211,398
XAF,211,399
XAF,211,400
XAF,211,401
XAF,211,402
XAF,211,403
XAF,211,404
XAF,211,405
XAF,211,406
XAF,211,407
XAF,211,408
XAF,211,409
XAF,211,410
XAF,211,411
XAF,211,412
XAF,211,413
XAF,211,414
XAF,211,415
XAF,211,416
XAF,211,417
XAF,211,418
XAF,211,419
XAF,211,420
XAF,211,421
XAF,211,422
XAF,211,423
XAF,211,424
XAF,211,425
XAF,211,426
XAF,211,427
XAF,211,428
XAF,211,429
XAF,211,430
XAF,211,431
XAF,211,432
XAF,211,433
XAF,211,434
XAF,211,435
XAF,211,436
XAF,211,437
XAF,211,438
XAF,211,439
XAF,211,440
XAF,211,441
XAF,211,442
XAF,211,454
XAF,211,455
XAF,211,456
XAF,211,457
XAF,211,458
XAF,211,459
XAF,211,460
XAF,211,461
XAF,211,462
XAF,212,384
XAF,212,385
XAF,212,386
XAF,212,387
XAF,212,388
XAF,212,389
XAF,212,390
XAF,212,391
XAF,212,392
XAF,212,393
XAF,212,394
XAF,212,395
XAF,212,396
XAF,212,397
XAF,212,398
XAF,212,399
XAF,212,400
XAF,212,401
XAF,212,402
XAF,212,403
XAF,212,404
XAF,212,405
XAF,212,406
XAF,212,407
XAF,212,408
XAF,212,409
XAF,212,410
XAF,212,411
XAF,212,412
XAF,212,413
XAF,212,414
XAF,212,415
XAF,212,416
XAF,212,417
XAF,212,418
XAF,212,419
XAF,212,420
XAF,212,421
XAF,212,422
XAF,212,423
XAF,212,424
XAF,212,425
XAF,212,426
XAF,212,427
XAF,212,428
XAF,212,429
XAF,212,430
XAF,212,431
XAF,212,432
XAF,212,433
XAF,212,434
XAF,212,435
XAF,212,436
XAF,212,437
XAF,212,438
XAF,212,439
XAF,212,440
XAF,212,441
XAF,212,451
XAF,212,452
XAF,212,453
XAF,212,454
XAF,212,455
XAF,212,456
XAF,212,457
XAF,212,458
XAF,212,459
XAF,212,460
XAF,212,461
XAF,213,384
XAF,213,385
XAF,213,386
XAF,213,387
XAF,213,388
XAF,213,389
XAF,213,390
XAF,213,391
XAF,213,392
XAF,213,393
XAF,213,394
XAF,213,395
XAF,213,396
XAF,213,397
XAF,213,398
XAF,213,399
XAF,213,400
XAF,213,401
XAF,213,402
XAF,213,403
XAF,213,404
XAF,213,405
XAF,213,406
XAF,213,407
XAF,213,408
XAF,213,409
XAF,213,410
XAF,213,411
XAF,213,412
XAF,213,413
XAF,213,414
XAF,213,415
XAF,213,416
XAF,213,417
XAF,213,418
XAF,213,419
XAF,213,420
XAF,213,421
XAF,213,422
XAF,213,423
XAF,213,424
XAF,213,425
XAF,213,426
XAF,213,427
XAF,213,428
XAF,213,429
XAF,213,430
XAF,213,431
XAF,213,432
XAF,213,433
XAF,213,434
XAF,213,435
XAF,213,436
XAF,213,437
XAF,213,438
XAF,213,439
XAF,213,440
XAF,213,441
XAF,213,449
XAF,213,450
XAF,213,451
XAF,213,452
XAF,213,453
XAF,213,454
XAF,213,455
XAF,213,456
XAF,213,457
XAF,213,458
XAF,213,459
XAF,213,460
XAF,214,384
XAF,214,385
XAF,214,386
XAF,214,387
XAF,214,388
XAF,214,389
XAF,214,390
XAF,214,391
XAF,214,392
XAF,214,393
XAF,214,394
XAF,214,395
XAF,214,396
XAF,214,397
XAF,214,398
XAF,214,399
XAF,214,400
XAF,214,401
XAF,214,402
XAF,214,403
XAF,214,404
XAF,214,405
XAF,214,406
XAF,214,407
XAF,214,408
XAF,214,409
XAF,214,410
XAF,214,411
XAF,214,412
XAF,214,413
XAF,214,414
XAF,214,415
XAF,214,416
XAF,214,417
XAF,214,418
XAF,214,419
XAF,214,420
XAF,214,421
XAF,214,422
XAF,214,423
XAF,214,424
XAF,214,425
XAF,214,426
XAF,214,427
XAF,214,428
XAF,214,429
XAF,214,430
XAF,214,431
XAF,214,432
XAF,214,433
XAF,214,434
XAF,214,435
XAF,214,436
XAF,214,437
XAF,214,438
XAF,214,439
XAF,214,440
XAF,214,449
XAF,214,450
XAF,214,451
XAF,214,452
XAF,214,453
XAF,214,454
XAF,214,455
XAF,214,456
XAF,214,457
XAF,214,458
XAF,214,459
XAF,214,460
XAF,214,461
XAF,215,384
XAF,215,385
XAF,215,386
XAF,215,387
XAF,215,388
XAF,215,389
XAF,215,390
XAF,215,391
XAF,215,392
XAF,215,393
XAF,215,394
XAF,215,395
XAF,215,396
XAF,215,397
XAF,215,398
XAF,215,399
XAF,215,400
XAF,215,401
XAF,215,402
XAF,215,403
XAF,215,404
XAF,215,405
XAF,215,406
XAF,215,407
XAF,215,408
XAF,215,409
XAF,215,410
XAF,215,411
XAF,215,412
XAF,215,413
XAF,215,414
XAF,215,415
XAF,215,416
XAF,215,417
XAF,215,418
XAF,215,419
XAF,215,420
XAF,215,421
XAF,215,422
XAF,215,423
XAF,215,424
XAF,215,425
XAF,215,426
XAF,215,427
XAF,215,428
XAF,215,429
XAF,215,430
XAF,215,431
XAF,215,432
XAF,215,433
XAF,215,434
XAF,215,435
XAF,215,436
XAF,215,437
XAF,215,438
XAF,215,448
XAF,215,449
XAF,215,450
XAF,215,451
XAF,215,452
XAF,215,453
XAF,215,454
XAF,215,455
XAF,215,456
XAF,215,457
XAF,215,458
XAF,215,459
XAF,215,460
XAF,216,384
XAF,216,385
XAF,216,386
XAF,216,387
XAF,216,388
XAF,216,389
XAF,216,390
XAF,216,391
XAF,216,392
XAF,216,393
XAF,216,394
XAF,216,395
XAF,216,396
XAF,216,397
XAF,216,398
XAF,216,399
XAF,216,400
XAF,216,401
XAF,216,402
XAF,216,403
XAF,216,404
XAF,216,405
XAF,216,406
XAF,216,407
XAF,216,408
XAF,216,409
XAF,216,410
XAF,216,411
XAF,216,412
XAF,216,413
XAF,216,414
XAF,216,415
XAF,216,416
XAF,216,417
XAF,216,418
XAF,216,419
XAF,216,420
XAF,216,421
XAF,216,422
XAF,216,423
XAF,216,424
XAF,216,425
XAF,216,426
XAF,216,427
XAF,216,428
XAF,216,429
XAF,216,430
XAF,216,431
XAF,216,432
XAF,216,433
XAF,216,434
XAF,216,435
XAF,216,436
XAF,216,448
XAF,216,449
XAF,216,450
XAF,216,451
XAF,216,452
XAF,216,453
XAF,216,454
XAF,216,455
XAF,216,456
XAF,216,457
XAF,216,458
XAF,216,459
XAF,216,460
XAF,217,384
XAF,217,385
XAF,217,386
XAF,217,387
XAF,217,388
XAF,217,389
XAF,217,390
XAF,217,391
XAF,217,392
XAF,217,393
XAF,217,394
XAF,217,395
XAF,217,396
XAF,217,397
XAF,217,398
XAF,217,399
XAF,217,400
XAF,217,401
XAF,217,402
XAF,217,403
XAF,217,404
XAF,217,405
XAF,217,406
XAF,217,407
XAF,217,408
XAF,217,409
XAF,217,410
XAF,217,411
XAF,217,412
XAF,217,413
XAF,217,414
XAF,217,415
XAF,217,416
XAF,217,417
XAF,217,418
XAF,217,419
XAF,217,420
XAF,217,421
XAF,217,422
XAF,217,423
XAF,217,424
XAF,217,425
XAF,217,426
XAF,217,427
XAF,217,428
XAF,217,429
XAF,217,430
XAF,217,431
XAF,217,432
XAF,217,433
XAF,217,434
XAF,217,449
XAF,217,450
XAF,217,451
XAF,217,452
XAF,217,453
XAF,217,454
XAF,217,455
XAF,217,456
XAF,217,457
XAF,217,458
XAF,217,459
XAF,218,385
XAF,218,386
XAF,218,387
XAF,218,388
XAF,218,389
XAF,218,390
XAF,218,391
XAF,218,392
XAF,218,393
XAF,218,394
XAF,218,395
XAF,218,396
XAF,218,397
XAF,218,398
XAF,218,399
XAF,218,400
XAF,218,401
XAF,218,402
XAF,218,403
XAF,218,404
XAF,218,405
XAF,218,406
XAF,218,407
XAF,218,408
XAF,218,409
XAF,218,410
XAF,218,411
XAF,218,412
XAF,218,413
XAF,218,414
XAF,218,415
XAF,218,416
XAF,218,417
XAF,218,418
XAF,218,419
XAF,218,420
XAF,218,421
XAF,218,422
XAF,218,423
XAF,218,424
XAF,218,425
XAF,218,426
XAF,218,427
XAF,218,428
XAF,218,429
XAF,218,430
XAF,218,431
XAF,218,432
XAF,218,433
XAF,218,434
XAF,218,449
XAF,218,450
XAF,218,451
XAF,218,452
XAF,218,453
XAF,218,454
XAF,218,455
XAF,218,456
XAF,218,457
XAF,218,458
XAF,218,459
XAF,219,386
XAF,219,387
XAF,219,388
XAF,219,389
XAF,219,390
XAF,219,391
XAF,219,392
XAF,219,393
XAF,219,394
XAF,219,395
XAF,219,396
XAF,219,397
XAF,219,398
XAF,219,399
XAF,219,400
XAF,219,401
XAF,219,402
XAF,219,403
XAF,219,404
XAF,219,405
XAF,219,406
XAF,219,407
XAF,219,408
XAF,219,409
XAF,219,410
XAF,219,411
XAF,219,412
XAF,219,413
XAF,219,414
XAF,219,415
XAF,219,416
XAF,219,417
XAF,219,418
XAF,219,419
XAF,219,420
XAF,219,421
XAF,219,422
XAF,219,423
XAF,219,424
XAF,219,425
XAF,219,426
XAF,219,427
XAF,219,428
XAF,219,429
XAF,219,430
XAF,219,431
XAF,219,432
XAF,219,449
XAF,219,450
XAF,219,451
XAF,219,452
XAF,219,453
XAF,219,454
XAF,219,455
XAF,219,456
XAF,219,457
XAF,219,458
XAF,219,459
XAF,220,386
XAF,220,387
XAF,220,388
XAF,220,389
XAF,220,390
XAF,220,391
XAF,220,392
XAF,220,393
XAF,220,394
XAF,220,395
XAF,220,396
XAF,220,397
XAF,220,398
XAF,220,399
XAF,220,400
XAF,220,401
XAF,220,402
XAF,220,403
XAF,220,404
XAF,220,405
XAF,220,406
XAF,220,407
XAF,220,408
XAF,220,409
XAF,220,410
XAF,220,411
XAF,220,412
XAF,220,413
XAF,220,414
XAF,220,415
XAF,220,416
XAF,220,417
XAF,220,418
XAF,220,419
XAF,220,420
XAF,220,421
XAF,220,422
XAF,220,423
XAF,220,424
XAF,220,425
XAF,220,426
XAF,220,427
XAF,220,428
XAF,220,429
XAF,220,430
XAF,220,431
XAF,220,449
XAF,220,450
XAF,220,451
XAF,220,452
XAF,220,453
XAF,220,454
XAF,220,455
XAF,220,456
XAF,220,457
XAF,220,458
XAF,220,476
XAF,220,487
XAF,221,387
XAF,221,388
XAF,221,389
XAF,221,390
XAF,221,391
XAF,221,392
XAF,221,393
XAF,221,394
XAF,221,395
XAF,221,396
XAF,221,397
XAF,221,398
XAF,221,399
XAF,221,400
XAF,221,401
XAF,221,402
XAF,221,403
XAF,221,404
XAF,221,405
XAF,221,406
XAF,221,407
XAF,221,408
XAF,221,409
XAF,221,410
XAF,221,411
XAF,221,412
XAF,221,413
XAF,221,414
XAF,221,415
XAF,221,416
XAF,221,417
XAF,221,418
XAF,221,419
XAF,221,420
XAF,221,421
XAF,221,422
XAF,221,423
XAF,221,424
XAF,221,425
XAF,221,426
XAF,221,427
XAF,221,428
XAF,221,429
XAF,221,430
XAF,221,449
XAF,221,450
XAF,221,451
XAF,221,452
XAF,221,453
XAF,221,454
XAF,221,455
XAF,221,456
XAF,221,457
XAF,221,458
XAF,221,475
XAF,221,476
XAF,222,387
XAF,222,388
XAF,222,389
XAF,222,390
XAF,222,391
XAF,222,392
XAF,222,393
XAF,222,394
XAF,222,395
XAF,222,396
XAF,222,397
XAF,222,398
XAF,222,399
XAF,222,400
XAF,222,401
XAF,222,402
XAF,222,403
XAF,222,404
XAF,222,405
XAF,222,406
XAF,222,407
XAF,222,408
XAF,222,409
XAF,222,410
XAF,222,411
XAF,222,412
XAF,222,413
XAF,222,414
XAF,222,415
XAF,222,416
XAF,222,417
XAF,222,418
XAF,222,419
XAF,222,420
XAF,222,421
XAF,222,422
XAF,222,423
XAF,222,424
XAF,222,425
XAF,222,426
XAF,222,427
XAF,222,428
XAF,222,429
XAF,222,430
XAF,222,431
XAF,222,448
XAF,222,449
XAF,222,450
XAF,222,451
XAF,222,452
XAF,222,453
XAF,222,454
XAF,222,455
XAF,222,456
XAF,222,457
XAF,222,458
XAF,223,388
XAF,223,389
XAF,223,390
XAF,223,391
XAF,223,392
XAF,223,393
XAF,223,394
XAF,223,395
XAF,223,396
XAF,223,397
XAF,223,398
XAF,223,399
XAF,223,400
XAF,223,401
XAF,223,402
XAF,223,403
XAF,223,404
XAF,223,405
XAF,223,406
XAF,223,407
XAF,223,408
XAF,223,409
XAF,223,410
XAF,223,411
XAF,223,412
XAF,223,413
XAF,223,414
XAF,223,415
XAF,223,416
XAF,223,417
XAF,223,418
XAF,223,419
XAF,223,420
XAF,223,421
XAF,223,422
XAF,223,423
XAF,223,424
XAF,223,425
XAF,223,426
XAF,223,427
XAF,223,428
XAF,223,429
XAF,223,430
XAF,223,431
XAF,223,448
XAF,223,449
XAF,223,450
XAF,223,451
XAF,223,452
XAF,223,453
XAF,223,454
XAF,223,455
XAF,223,456
XAF,223,457
XAF,224,388
XAF,224,389
XAF,224,390
XAF,224,391
XAF,224,392
XAF,224,393
XAF,224,394
XAF,224,395
XAF,224,396
XAF,224,397
XAF,224,398
XAF,224,399
XAF,224,400
XAF,224,401
XAF,224,402
XAF,224,403
XAF,224,404
XAF,224,405
XAF,224,406
XAF,224,407
XAF,224,408
XAF,224,409
XAF,224,410
XAF,224,411
XAF,224,412
XAF,224,413
XAF,224,414
XAF,224,415
XAF,224,416
XAF,224,417
XAF,224,418
XAF,224,419
XAF,224,420
XAF,224,421
XAF,224,422
XAF,224,423
XAF,224,424
XAF,224,425
XAF,224,426
XAF,224,427
XAF,224,428
XAF,224,429
XAF,224,430
XAF,224,431
XAF,224,447
XAF,224,448
XAF,224,449
XAF,224,450
XAF,224,451
XAF,224,452
XAF,224,453
XAF,224,454
XAF,224,455
XAF,224,456
XAF,224,457
XAF,225,389
XAF,225,390
XAF,225,391
XAF,225,392
XAF,225,393
XAF,225,394
XAF,225,395
XAF,225,396
XAF,225,397
XAF,225,398
XAF,225,399
XAF,225,400
XAF,225,401
XAF,225,402
XAF,225,403
XAF,225,404
XAF,225,405
XAF,225,406
XAF,225,407
XAF,225,408
XAF,225,409
XAF,225,410
XAF,225,411
XAF,225,412
XAF,225,413
XAF,225,414
XAF,225,415
XAF,225,416
XAF,225,417
XAF,225,418
XAF,225,419
XAF,225,420
XAF,225,421
XAF,225,422
XAF,225,423
XAF,225,424
XAF,225,425
XAF,225,426
XAF,225,427
XAF,225,428
XAF,225,429
XAF,225,430
XAF,225,431
XAF,225,432
XAF,225,447
XAF,225,448
XAF,225,449
XAF,225,450
XAF,225,451
XAF,225,452
XAF,225,453
XAF,225,454
XAF,225,455
XAF,225,456
XAF,225,457
XAF,226,389
XAF,226,390
XAF,226,391
XAF,226,392
XAF,226,393
XAF,226,394
XAF,226,395
XAF,226,396
XAF,226,397
XAF,226,398
XAF,226,399
XAF,226,400
XAF,226,401
XAF,226,402
XAF,226,403
XAF,226,404
XAF,226,405
XAF,226,406
XAF,226,407
XAF,226,408
XAF,226,409
XAF,226,410
XAF,226,411
XAF,226,412
XAF,226,413
XAF,226,414
XAF,226,415
XAF,226,416
XAF,226,417
XAF,226,418
XAF,226,419
XAF,226,420
XAF,226,421
XAF,226,422
XAF,226,423
XAF,226,424
XAF,226,425
XAF,226,426
XAF,226,427
XAF,226,428
XAF,226,429
XAF,226,430
XAF,226,431
XAF,226,432
XAF,226,447
XAF,226,448
XAF,226,449
XAF,226,450
XAF,226,451
XAF,226,452
XAF,226,453
XAF,226,454
XAF,226,455
XAF,226,456
XAF,227,389
XAF,227,390
XAF,227,391
XAF,227,392
XAF,227,393
XAF,227,394
XAF,227,395
XAF,227,396
XAF,227,397
XAF,227,398
XAF,227,399
XAF,227,400
XAF,227,401
XAF,227,402
XAF,227,403
XAF,227,404
XAF,227,405
XAF,227,406
XAF,227,407
XAF,227,408
XAF,227,409
XAF,227,410
XAF,227,411
XAF,227,412
XAF,227,413
XAF,227,414
XAF,227,415
XAF,227,416
XAF,227,417
XAF,227,418
XAF,227,419
XAF,227,420
XAF,227,421
XAF,227,422
XAF,227,423
XAF,227,424
XAF,227,425
XAF,227,426
XAF,227,427
XAF,227,428
XAF,227,429
XAF,227,430
XAF,227,431
XAF,227,432
XAF,227,448
XAF,227,449
XAF,227,450
XAF,227,451
XAF,227,452
XAF,227,453
XAF,227,454
XAF,227,455
XAF,227,456
XAF,228,390
XAF,228,391
XAF,228,392
XAF,228,393
XAF,228,394
XAF,228,395
XAF,228,396
XAF,228,397
XAF,228,398
XAF,228,399
XAF,228,400
XAF,228,401
XAF,228,402
XAF,228,403
XAF,228,404
XAF,228,405
XAF,228,406
XAF,228,407
XAF,228,408
XAF,228,409
XAF,228,410
XAF,228,411
XAF,228,412
XAF,228,413
XAF,228,414
XAF,228,415
XAF,228,416
XAF,228,417
XAF,228,418
XAF,228,419
XAF,228,420
XAF,228,421
XAF,228,422
XAF,228,423
XAF,228,424
XAF,228,425
XAF,228,426
XAF,228,427
XAF,228,428
XAF,228,429
XAF,228,430
XAF,228,431
XAF,228,432
XAF,228,448
XAF,228,449
XAF,228,450
XAF,228,451
XAF,228,452
XAF,228,453
XAF,228,454
XAF,228,455
XAF,228,456
XAF,229,390
XAF,229,391
XAF,229,392
XAF,229,393
XAF,229,394
XAF,229,395
XAF,229,396
XAF,229,397
XAF,229,398
XAF,229,399
XAF,229,400
XAF,229,401
XAF,229,402
XAF,229,403
XAF,229,404
XAF,229,405
XAF,229,406
XAF,229,407
XAF,229,408
XAF,229,409
XAF,229,410
XAF,229,411
XAF,229,412
XAF,229,413
XAF,229,414
XAF,229,415
XAF,229,416
XAF,229,417
XAF,229,418
XAF,229,419
XAF,229,420
XAF,229,421
XAF,229,422
XAF,229,423
XAF,229,424
XAF,229,425
XAF,229,426
XAF,229,427
XAF,229,428
XAF,229,429
XAF,229,430
XAF,229,431
XAF,229,448
XAF,229,449
XAF,229,450
XAF,229,451
XAF,229,452
XAF,229,453
XAF,229,454
XAF,229,455
XAF,230,390
XAF,230,391
XAF,230,392
XAF,230,393
XAF,230,394
XAF,230,395
XAF,230,396
XAF,230,397
XAF,230,398
XAF,230,399
XAF,230,400
XAF,230,401
XAF,230,402
XAF,230,403
XAF,230,404
XAF,230,405
XAF,230,406
XAF,230,407
XAF,230,408
XAF,230,409
XAF,230,410
XAF,230,411
XAF,230,412
XAF,230,413
XAF,230,414
XAF,230,415
XAF,230,416
XAF,230,417
XAF,230,418
XAF,230,419
XAF,230,420
XAF,230,421
XAF,230,422
XAF,230,423
XAF,230,424
XAF,230,425
XAF,230,426
XAF,230,427
XAF,230,428
XAF,230,429
XAF,230,430
XAF,230,431
XAF,230,448
XAF,230,449
XAF,230,450
XAF,230,451
XAF,230,452
XAF,230,453
XAF,230,454
XAF,230,455
XAF,231,390
XAF,231,391
XAF,231,392
XAF,231,393
XAF,231,394
XAF,231,395
XAF,231,396
XAF,231,397
XAF,231,398
XAF,231,399
XAF,231,400
XAF,231,401
XAF,231,402
XAF,231,403
XAF,231,404
XAF,231,405
XAF,231,406
XAF,231,407
XAF,231,408
XAF,231,409
XAF,231,410
XAF,231,411
XAF,231,412
XAF,231,413
XAF,231,414
XAF,231,415
XAF,231,416
XAF,231,417
XAF,231,418
XAF,231,419
XAF,231,420
XAF,231,421
XAF,231,422
XAF,231,423
XAF,231,424
XAF,231,425
XAF,231,426
XAF,231,427
XAF,231,428
XAF,231,449
XAF,231,450
XAF,231,451
XAF,231,452
XAF,231,453
XAF,231,454
XAF,232,390
XAF,232,391
XAF,232,392
XAF,232,393
XAF,232,394
XAF,232,395
XAF,232,396
XAF,232,397
XAF,232,398
XAF,232,399
XAF,232,400
XAF,232,401
XAF,232,402
XAF,232,403
XAF,232,404
XAF,232,405
XAF,232,406
XAF,232,407
XAF,232,408
XAF,232,409
XAF,232,410
XAF,232,411
XAF,232,412
XAF,232,413
XAF,232,414
XAF,232,415
XAF,232,416
XAF,232,417
XAF,232,418
XAF,232,419
XAF,232,420
XAF,232,421
XAF,232,422
XAF,232,423
XAF,232,424
XAF,232,425
XAF,232,426
XAF,232,451
XAF,232,452
XAF,233,390
XAF,233,391
XAF,233,392
XAF,233,393
XAF,233,394
XAF,233,395
XAF,233,396
XAF,233,397
XAF,233,398
XAF,233,399
XAF,233,400
XAF,233,401
XAF,233,402
XAF,233,403
XAF,233,404
XAF,233,405
XAF,233,406
XAF,233,407
XAF,233,408
XAF,233,409
XAF,233,410
XAF,233,411
XAF,233,412
XAF,233,413
XAF,233,414
XAF,233,415
XAF,233,416
XAF,233,417
XAF,233,418
XAF,233,419
XAF,233,420
XAF,233,421
XAF,233,422
XAF,233,423
XAF,233,424
XAF,233,425
XAF,233,426
XAF,234,391
XAF,234,392
XAF,234,393
XAF,234,394
XAF,234,395
XAF,234,396
XAF,234,397
XAF,234,398
XAF,234,399
XAF,234,400
XAF,234,401
XAF,234,402
XAF,234,403
XAF,234,404
XAF,234,405
XAF,234,406
XAF,234,407
XAF,234,408
XAF,234,409
XAF,234,410
XAF,234,411
XAF,234,412
XAF,234,413
XAF,234,414
XAF,234,415
XAF,234,416
XAF,234,417
XAF,234,418
XAF,234,419
XAF,234,420
XAF,234,421
XAF,234,422
XAF,234,423
XAF,234,424
XAF,234,425
XAF,234,426
XAF,235,391
XAF,235,392
XAF,235,393
XAF,235,394
XAF,235,395
XAF,235,396
XAF,235,397
XAF,235,398
XAF,235,399
XAF,235,400
XAF,235,401
XAF,235,402
XAF,235,403
XAF,235,404
XAF,235,405
XAF,235,406
XAF,235,407
XAF,235,408
XAF,235,409
XAF,235,410
XAF,235,411
XAF,235,412
XAF,235,413
XAF,235,414
XAF,235,415
XAF,235,416
XAF,235,417
XAF,235,418
XAF,235,419
XAF,235,420
XAF,235,421
XAF,235,422
XAF,235,423
XAF,235,424
XAF,235,425
XAF,235,426
XAF,236,392
XAF,236,393
XAF,236,394
XAF,236,395
XAF,236,396
XAF,236,397
XAF,236,398
XAF,236,399
XAF,236,400
XAF,236,401
XAF,236,402
XAF,236,403
XAF,236,404
XAF,236,405
XAF,236,406
XAF,236,407
XAF,236,408
XAF,236,409
XAF,236,410
XAF,236,411
XAF,236,412
XAF,236,413
XAF,236,414
XAF,236,415
XAF,236,416
XAF,236,417
XAF,236,418
XAF,236,419
XAF,236,420
XAF,236,421
XAF,236,422
XAF,236,423
XAF,236,424
XAF,236,425
XAF,236,426
XAF,237,392
XAF,237,393
XAF,237,394
XAF,237,395
XAF,237,396
XAF,237,397
XAF,237,398
XAF,237,399
XAF,237,400
XAF,237,401
XAF,237,402
XAF,237,403
XAF,237,404
XAF,237,405
XAF,237,406
XAF,237,407
XAF,237,408
XAF,237,409
XAF,237,410
XAF,237,411
XAF,237,412
XAF,237,413
XAF,237,414
XAF,237,415
XAF,237,416
XAF,237,417
XAF,237,418
XAF,237,419
XAF,237,420
XAF,237,421
XAF,237,422
XAF,237,423
XAF,237,424
XAF,237,425
XAF,237,426
XAF,238,393
XAF,238,394
XAF,238,395
XAF,238,396
XAF,238,397
XAF,238,398
XAF,238,399
XAF,238,400
XAF,238,401
XAF,238,402
XAF,238,403
XAF,238,404
XAF,238,405
XAF,238,406
XAF,238,407
XAF,238,408
XAF,238,409
XAF,238,410
XAF,238,411
XAF,238,412
XAF,238,413
XAF,238,414
XAF,238,415
XAF,238,416
XAF,238,417
XAF,238,418
XAF,238,419
XAF,238,420
XAF,238,421
XAF,238,422
XAF,238,423
XAF,238,424
XAF,238,425
XAF,239,394
XAF,239,395
XAF,239,396
XAF,239,397
XAF,239,398
XAF,239,399
XAF,239,400
XAF,239,401
XAF,239,402
XAF,239,403
XAF,239,404
XAF,239,405
XAF,239,406
XAF,239,407
XAF,239,408
XAF,239,409
XAF,239,410
XAF,239,411
XAF,239,412
XAF,239,413
XAF,239,414
XAF,239,415
XAF,239,416
XAF,239,417
XAF,239,418
XAF,239,419
XAF,239,420
XAF,239,421
XAF,239,422
XAF,239,423
XAF,239,424
XAF,240,395
XAF,240,396
XAF,240,397
XAF,240,398
XAF,240,399
XAF,240,400
XAF,240,401
XAF,240,402
XAF,240,403
XAF,240,404
XAF,240,405
XAF,240,406
XAF,240,407
XAF,240,408
XAF,240,409
XAF,240,410
XAF,240,411
XAF,240,412
XAF,240,413
XAF,240,414
XAF,240,415
XAF,240,416
XAF,240,417
XAF,240,418
XAF,240,419
XAF,240,420
XAF,240,421
XAF,240,422
XAF,240,423
XAF,241,395
XAF,241,396
XAF,241,397
XAF,241,398
XAF,241,399
XAF,241,400
XAF,241,401
XAF,241,402
XAF,241,403
XAF,241,404
XAF,241,405
XAF,241,406
XAF,241,407
XAF,241,408
XAF,241,409
XAF,241,410
XAF,241,411
XAF,241,412
XAF,241,413
XAF,241,414
XAF,241,415
XAF,241,416
XAF,241,417
XAF,241,418
XAF,241,419
XAF,241,420
XAF,241,421
XAF,241,422
XAF,242,395
XAF,242,396
XAF,242,397
XAF,242,398
XAF,242,399
XAF,242,400
XAF,242,401
XAF,242,402
XAF,242,403
XAF,242,404
XAF,242,405
XAF,242,406
XAF,242,407
XAF,242,408
XAF,242,409
XAF,242,410
XAF,242,411
XAF,242,412
XAF,242,413
XAF,242,414
XAF,242,415
XAF,242,416
XAF,242,417
XAF,242,418
XAF,242,419
XAF,242,420
XAF,242,421
XAF,242,422
XAF,243,396
XAF,243,397
XAF,243,398
XAF,243,399
XAF,243,400
XAF,243,401
XAF,243,402
XAF,243,403
XAF,243,404
XAF,243,405
XAF,243,406
XAF,243,407
XAF,243,408
XAF,243,409
XAF,243,410
XAF,243,411
XAF,243,412
XAF,243,413
XAF,243,414
XAF,243,415
XAF,243,416
XAF,243,417
XAF,243,418
XAF,243,419
XAF,243,420
XAF,243,421
XAF,244,397
XAF,244,398
XAF,244,399
XAF,244,400
XAF,244,401
XAF,244,402
XAF,244,403
XAF,244,404
XAF,244,405
XAF,244,406
XAF,244,407
XAF,244,408
XAF,244,409
XAF,244,410
XAF,244,411
XAF,244,412
XAF,244,413
XAF,244,414
XAF,244,415
XAF,244,416
XAF,244,417
XAF,244,418
XAF,244,419
XAF,244,420
XAF,245,397
XAF,245,398
XAF,245,399
XAF,245,400
XAF,245,401
XAF,245,402
XAF,245,403
XAF,245,404
XAF,245,405
XAF,245,406
XAF,245,407
XAF,245,408
XAF,245,409
XAF,245,410
XAF,245,411
XAF,245,412
XAF,245,413
XAF,245,414
XAF,245,415
XAF,245,416
XAF,245,417
XAF,245,418
XAF,245,419
XAF,246,396
XAF,246,397
XAF,246,398
XAF,246,399
XAF,246,400
XAF,246,401
XAF,246,402
XAF,246,403
XAF,246,404
XAF,246,405
XAF,246,406
XAF,246,407
XAF,246,408
XAF,246,409
XAF,246,410
XAF,246,411
XAF,246,412
XAF,246,413
XAF,246,414
XAF,246,415
XAF,246,416
XAF,246,417
XAF,246,418
XAF,247,397
XAF,247,398
XAF,247,399
XAF,247,400
XAF,247,401
XAF,247,402
XAF,247,403
XAF,247,404
XAF,247,405
XAF,247,406
XAF,247,407
XAF,247,408
XAF,247,409
XAF,247,410
XAF,247,411
XAF,247,412
XAF,247,413
XAF,247,414
XAF,247,415
XAF,247,416
XAF,248,397
XAF,248,398
XAF,248,399
XAF,248,400
XAF,248,401
XAF,248,402
XAF,248,403
XAF,248,404
XAF,248,405
XAF,248,406
XAF,248,407
XAF,248,408
XAF,248,409
XAF,248,410
XAF,248,411
XAF,248,412
XAF,248,413
XAF,248,414
XAF,248,415
XAF,249,397
XAF,249,398
XAF,249,399
XAF,249,400
XAF,249,401
XAF,249,402
XAF,249,403
XAF,249,404
XAF,249,405
XAF,249,406
XAF,249,407
XAF,249,409
XAF,249,410
XAF,250,399
XAF,250,400
XAF,250,401
XAF,274,436
BRA,170,239
BRA,170,240
BRA,170,241
BRA,171,238
BRA,171,239
BRA,171,240
BRA,171,241
BRA,172,231
BRA,172,232
BRA,172,235
BRA,172,236
BRA,172,237
BRA,172,238
BRA,172,239
BRA,172,240
BRA,172,241
BRA,172,257
BRA,172,258
BRA,173,231
BRA,173,232
BRA,173,233
BRA,173,234
BRA,173,235
BRA,173,236
BRA,173,237
BRA,173,238
BRA,173,239
BRA,173,240
BRA,173,241
BRA,173,256
BRA,173,257
BRA,173,258
BRA,174,232
BRA,174,233
BRA,174,234
BRA,174,235
BRA,174,236
BRA,174,237
BRA,174,238
BRA,174,239
BRA,174,240
BRA,174,241
BRA,174,256
BRA,174,257
BRA,174,258
BRA,174,259
BRA,175,232
BRA,175,233
BRA,175,234
BRA,175,235
BRA,175,236
BRA,175,237
BRA,175,238
BRA,175,239
BRA,175,240
BRA,175,241
BRA,175,249
BRA,175,250
BRA,175,251
BRA,175,255
BRA,175,256
BRA,175,257
BRA,175,258
BRA,175,259
BRA,176,224
BRA,176,225
BRA,176,226
BRA,176,233
BRA,176,234
BRA,176,235
BRA,176,236
BRA,176,237
BRA,176,238
BRA,176,239
BRA,176,240
BRA,176,241
BRA,176,246
BRA,176,248
BRA,176,249
BRA,176,250
BRA,176,251
BRA,176,252
BRA,176,253
BRA,176,254
BRA,176,255
BRA,176,256
BRA,176,257
BRA,176,258
BRA,176,259
BRA,176,260
BRA,177,221
BRA,177,222
BRA,177,223
BRA,177,224
BRA,177,225
BRA,177,226
BRA,177,232
BRA,177,233
BRA,177,234
BRA,177,235
BRA,177,236
BRA,177,237
BRA,177,238
BRA,177,239
BRA,177,240
BRA,177,241
BRA,177,242
BRA,177,244
BRA,177,245
BRA,177,246
BRA,177,247
BRA,177,248
BRA,177,249
BRA,177,250
BRA,177,251
BRA,177,252
BRA,177,253
BRA,177,254
BRA,177,255
BRA,177,256
BRA,177,257
BRA,177,258
BRA,177,259
BRA,177,260
BRA,177,261
BRA,178,221
BRA,178,222
BRA,178,223
BRA,178,224
BRA,178,225
BRA,178,226
BRA,178,227
BRA,178,230
BRA,178,231
BRA,178,232
BRA,178,233
BRA,178,234
BRA,178,235
BRA,178,236
BRA,178,237
BRA,178,238
BRA,178,239
BRA,178,240
BRA,178,241
BRA,178,242
BRA,178,243
BRA,178,244
BRA,178,245
BRA,178,246
BRA,178,247
BRA,178,248
BRA,178,249
BRA,178,250
BRA,178,251
BRA,178,252
BRA,178,253
BRA,178,254
BRA,178,255
BRA,178,256
BRA,178,257
BRA,178,258
BRA,178,259
BRA,178,260
BRA,178,261
BRA,179,220
BRA,179,221
BRA,179,222
BRA,179,223
BRA,179,224
BRA,179,225
BRA,179,226
BRA,179,227
BRA,179,228
BRA,179,229
BRA,179,230
BRA,179,231
BRA,179,232
BRA,179,233
BRA,179,234
BRA,179,235
BRA,179,236
BRA,179,237
BRA,179,238
BRA,179,239
BRA,179,240
BRA,179,241
BRA,179,242
BRA,179,243
BRA,179,244
BRA,179,245
BRA,179,246
BRA,179,247
BRA,179,248
BRA,179,249
BRA,179,250
BRA,179,251
BRA,179,252
BRA,179,253
BRA,179,254
BRA,179,255
BRA,179,256
BRA,179,257
BRA,179,258
BRA,179,259
BRA,179,260
BRA,179,261
BRA,179,302
BRA,180,220
BRA,180,221
BRA,180,222
BRA,180,223
BRA,180,224
BRA,180,225
BRA,180,226
BRA,180,227
BRA,180,228
BRA,180,229
BRA,180,230
BRA,180,231
BRA,180,232
BRA,180,233
BRA,180,234
BRA,180,235
BRA,180,236
BRA,180,237
BRA,180,238
BRA,180,239
BRA,180,240
BRA,180,241
BRA,180,242
BRA,180,243
BRA,180,244
BRA,180,245
BRA,180,246
BRA,180,247
BRA,180,248
BRA,180,249
BRA,180,250
BRA,180,251
BRA,180,252
BRA,180,253
BRA,180,254
BRA,180,255
BRA,180,256
BRA,180,257
BRA,180,258
BRA,180,259
BRA,180,260
BRA,180,261
BRA,180,262
BRA,181,220
BRA,181,221
BRA,181,222
BRA,181,223
BRA,181,224
BRA,181,225
BRA,181,226
BRA,181,227
BRA,181,228
BRA,181,229
BRA,181,230
BRA,181,231
BRA,181,232
BRA,181,233
BRA,181,234
BRA,181,235
BRA,181,236
BRA,181,237
BRA,181,238
BRA,181,239
BRA,181,240
BRA,181,241
BRA,181,242
BRA,181,243
BRA,181,244
BRA,181,245
BRA,181,246
BRA,181,247
BRA,181,248
BRA,181,249
BRA,181,250
BRA,181,251
BRA,181,252
BRA,181,253
BRA,181,254
BRA,181,255
BRA,181,256
BRA,181,257
BRA,181,258
BRA,181,259
BRA,181,260
BRA,181,261
BRA,181,262
BRA,181,263
BRA,181,264
BRA,182,221
BRA,182,222
BRA,182,223
BRA,182,224
BRA,182,225
BRA,182,226
BRA,182,227
BRA,182,228
BRA,182,229
BRA,182,230
BRA,182,231
BRA,182,232
BRA,182,233
BRA,182,234
BRA,182,235
BRA,182,236
BRA,182,237
BRA,182,238
BRA,182,239
BRA,182,240
BRA,182,241
BRA,182,242
BRA,182,243
BRA,182,244
BRA,182,245
BRA,182,246
BRA,182,247
BRA,182,248
BRA,182,249
BRA,182,250
BRA,182,251
BRA,182,252
BRA,182,253
BRA,182,254
BRA,182,255
BRA,182,256
BRA,182,257
BRA,182,258
BRA,182,259
BRA,182,260
BRA,182,261
BRA,182,262
BRA,182,263
BRA,182,264
BRA,182,265
BRA,182,266
BRA,182,267
BRA,182,268
BRA,183,222
BRA,183,223
BRA,183,224
BRA,183,225
BRA,183,226
BRA,183,227
BRA,183,228
BRA,183,229
BRA,183,230
BRA,183,231
BRA,183,232
BRA,183,233
BRA,183,234
BRA,183,235
BRA,183,236
BRA,183,237
BRA,183,238
BRA,183,239
BRA,183,240
BRA,183,241
BRA,183,242
BRA,183,243
BRA,183,244
BRA,183,245
BRA,183,246
BRA,183,247
BRA,183,248
BRA,183,249
BRA,183,250
BRA,183,251
BRA,183,252
BRA,183,253
BRA,183,254
BRA,183,255
BRA,183,256
BRA,183,257
BRA,183,258
BRA,183,259
BRA,183,260
BRA,183,261
BRA,183,262
BRA,183,263
BRA,183,264
BRA,183,265
BRA,183,266
BRA,183,267
BRA,183,268
BRA,183,269
BRA,183,270
BRA,183,271
BRA,184,222
BRA,184,223
BRA,184,224
BRA,184,225
BRA,184,226
BRA,184,227
BRA,184,228
BRA,184,229
BRA,184,230
BRA,184,231
BRA,184,232
BRA,184,233
BRA,184,234
BRA,184,235
BRA,184,236
BRA,184,237
BRA,184,238
BRA,184,239
BRA,184,240
BRA,184,241
BRA,184,242
BRA,184,243
BRA,184,244
BRA,184,245
BRA,184,246
BRA,184,247
BRA,184,248
BRA,184,249
BRA,184,250
BRA,184,251
BRA,184,252
BRA,184,253
BRA,184,254
BRA,184,255
BRA,184,256
BRA,184,257
BRA,184,258
BRA,184,259
BRA,184,260
BRA,184,261
BRA,184,262
BRA,184,263
BRA,184,264
BRA,184,265
BRA,184,266
BRA,184,267
BRA,184,268
BRA,184,269
BRA,184,270
BRA,184,271
BRA,184,272
BRA,185,221
BRA,185,222
BRA,185,223
BRA,185,224
BRA,185,225
BRA,185,226
BRA,185,227
BRA,185,228
BRA,185,229
BRA,185,230
BRA,185,231
BRA,185,232
BRA,185,233
BRA,185,234
BRA,185,235
BRA,185,236
BRA,185,237
BRA,185,238
BRA,185,239
BRA,185,240
BRA,185,241
BRA,185,242
BRA,185,243
BRA,185,244
BRA,185,245
BRA,185,246
BRA,185,247
BRA,185,248
BRA,185,249
BRA,185,250
BRA,185,251
BRA,185,252
BRA,185,253
BRA,185,254
BRA,185,255
BRA,185,256
BRA,185,257
BRA,185,258
BRA,185,259
BRA,185,260
BRA,185,261
BRA,185,262
BRA,185,263
BRA,185,264
BRA,185,265
BRA,185,266
BRA,185,267
BRA,185,268
BRA,185,269
BRA,185,270
BRA,185,271
BRA,185,272
BRA,185,273
BRA,185,274
BRA,185,275
BRA,186,221
BRA,186,222
BRA,186,223
BRA,186,224
BRA,186,225
BRA,186,226
BRA,186,227
BRA,186,228
BRA,186,229
BRA,186,230
BRA,186,231
BRA,186,232
BRA,186,233
BRA,186,234
BRA,186,235
BRA,186,236
BRA,186,237
BRA,186,238
BRA,186,239
BRA,186,240
BRA,186,241
BRA,186,242
BRA,186,243
BRA,186,244
BRA,186,245
BRA,186,246
BRA,186,247
BRA,186,248
BRA,186,249
BRA,186,250
BRA,186,251
BRA,186,252
BRA,186,253
BRA,186,254
BRA,186,255
BRA,186,256
BRA,186,257
BRA,186,258
BRA,186,259
BRA,186,260
BRA,186,261
BRA,186,262
BRA,186,263
BRA,186,264
BRA,186,265
BRA,186,266
BRA,186,267
BRA,186,268
BRA,186,269
BRA,186,270
BRA,186,271
BRA,186,272
BRA,186,273
BRA,186,274
BRA,186,275
BRA,186,276
BRA,186,277
BRA,186,278
BRA,186,279
BRA,186,280
BRA,186,281
BRA,187,221
BRA,187,222
BRA,187,223
BRA,187,224
BRA,187,225
BRA,187,226
BRA,187,227
BRA,187,228
BRA,187,229
BRA,187,230
BRA,187,231
BRA,187,232
BRA,187,233
BRA,187,234
BRA,187,235
BRA,187,236
BRA,187,237
BRA,187,238
BRA,187,239
BRA,187,240
BRA,187,241
BRA,187,242
BRA,187,243
BRA,187,244
BRA,187,245
BRA,187,246
BRA,187,247
BRA,187,248
BRA,187,249
BRA,187,250
BRA,187,251
BRA,187,252
BRA,187,253
BRA,187,254
BRA,187,255
BRA,187,256
BRA,187,257
BRA,187,258
BRA,187,259
BRA,187,260
BRA,187,261
BRA,187,262
BRA,187,263
BRA,187,264
BRA,187,265
BRA,187,266
BRA,187,267
BRA,187,268
BRA,187,269
BRA,187,270
BRA,187,271
BRA,187,272
BRA,187,273
BRA,187,274
BRA,187,275
BRA,187,276
BRA,187,277
BRA,187,278
BRA,187,279
BRA,187,280
BRA,187,281
BRA,187,282
BRA,187,283
BRA,188,221
BRA,188,222
BRA,188,223
BRA,188,224
BRA,188,225
BRA,188,226
BRA,188,227
BRA,188,228
BRA,188,229
BRA,188,230
BRA,188,231
BRA,188,232
BRA,188,233
BRA,188,234
BRA,188,235
BRA,188,236
BRA,188,237
BRA,188,238
BRA,188,239
BRA,188,240
BRA,188,241
BRA,188,242
BRA,188,243
BRA,188,244
BRA,188,245
BRA,188,246
BRA,188,247
BRA,188,248
BRA,188,249
BRA,188,250
BRA,188,251
BRA,188,252
BRA,188,253
BRA,188,254
BRA,188,255
BRA,188,256
BRA,188,257
BRA,188,258
BRA,188,259
BRA,188,260
BRA,188,261
BRA,188,262
BRA,188,263
BRA,188,264
BRA,188,265
BRA,188,266
BRA,188,267
BRA,188,268
BRA,188,269
BRA,188,270
BRA,188,271
BRA,188,272
BRA,188,273
BRA,188,274
BRA,188,275
BRA,188,276
BRA,188,277
BRA,188,278
BRA,188,279
BRA,188,280
BRA,188,281
BRA,188,282
BRA,188,283
BRA,188,284
BRA,188,296
BRA,189,217
BRA,189,218
BRA,189,219
BRA,189,220
BRA,189,221
BRA,189,222
BRA,189,223
BRA,189,224
BRA,189,225
BRA,189,226
BRA,189,227
BRA,189,228
BRA,189,229
BRA,189,230
BRA,189,231
BRA,189,232
BRA,189,233
BRA,189,234
BRA,189,235
BRA,189,236
BRA,189,237
BRA,189,238
BRA,189,239
BRA,189,240
BRA,189,241
BRA,189,242
BRA,189,243
BRA,189,244
BRA,189,245
BRA,189,246
BRA,189,247
BRA,189,248
BRA,189,249
BRA,189,250
BRA,189,251
BRA,189,252
BRA,189,253
BRA,189,254
BRA,189,255
BRA,189,256
BRA,189,257
BRA,189,258
BRA,189,259
BRA,189,260
BRA,189,261
BRA,189,262
BRA,189,263
BRA,189,264
BRA,189,265
BRA,189,266
BRA,189,267
BRA,189,268
BRA,189,269
BRA,189,270
BRA,189,271
BRA,189,272
BRA,189,273
BRA,189,274
BRA,189,275
BRA,189,276
BRA,189,277
BRA,189,278
BRA,189,279
BRA,189,280
BRA,189,281
BRA,189,282
BRA,189,283
BRA,189,284
BRA,189,285
BRA,190,215
BRA,190,216
BRA,190,217
BRA,190,218
BRA,190,219
BRA,190,220
BRA,190,221
BRA,190,222
BRA,190,223
BRA,190,224
BRA,190,225
BRA,190,226
BRA,190,227
BRA,190,228
BRA,190,229
BRA,190,230
BRA,190,231
BRA,190,232
BRA,190,233
BRA,190,234
BRA,190,235
BRA,190,236
BRA,190,237
BRA,190,238
BRA,190,239
BRA,190,240
BRA,190,241
BRA,190,242
BRA,190,243
BRA,190,244
BRA,190,245
BRA,190,246
BRA,190,247
BRA,190,248
BRA,190,249
BRA,190,250
BRA,190,251
BRA,190,252
BRA,190,253
BRA,190,254
BRA,190,255
BRA,190,256
BRA,190,257
BRA,190,258
BRA,190,259
BRA,190,260
BRA,190,261
BRA,190,262
BRA,190,263
BRA,190,264
BRA,190,265
BRA,190,266
BRA,190,267
BRA,190,268
BRA,190,269
BRA,190,270
BRA,190,271
BRA,190,272
BRA,190,273
BRA,190,274
BRA,190,275
BRA,190,276
BRA,190,277
BRA,190,278
BRA,190,279
BRA,190,280
BRA,190,281
BRA,190,282
BRA,190,283
BRA,190,284
BRA,190,285
BRA,190,286
BRA,190,287
BRA,191,215
BRA,191,216
BRA,191,217
BRA,191,218
BRA,191,219
BRA,191,220
BRA,191,221
BRA,191,222
BRA,191,223
BRA,191,224
BRA,191,225
BRA,191,226
BRA,191,227
BRA,191,228
BRA,191,229
BRA,191,230
BRA,191,231
BRA,191,232
BRA,191,233
BRA,191,234
BRA,191,235
BRA,191,236
BRA,191,237
BRA,191,238
BRA,191,239
BRA,191,240
BRA,191,241
BRA,191,242
BRA,191,243
BRA,191,244
BRA,191,245
BRA,191,246
BRA,191,247
BRA,191,248
BRA,191,249
BRA,191,250
BRA,191,251
BRA,191,252
BRA,191,253
BRA,191,254
BRA,191,255
BRA,191,256
BRA,191,257
BRA,191,258
BRA,191,259
BRA,191,260
BRA,191,261
BRA,191,262
BRA,191,263
BRA,191,264
BRA,191,265
BRA,191,266
BRA,191,267
BRA,191,268
BRA,191,269
BRA,191,270
BRA,191,271
BRA,191,272
BRA,191,273
BRA,191,274
BRA,191,275
BRA,191,276
BRA,191,277
BRA,191,278
BRA,191,279
BRA,191,280
BRA,191,281
BRA,191,282
BRA,191,283
BRA,191,284
BRA,191,285
BRA,191,286
BRA,191,287
BRA,191,288
BRA,191,289
BRA,191,290
BRA,192,214
BRA,192,215
BRA,192,216
BRA,192,217
BRA,192,218
BRA,192,219
BRA,192,220
BRA,192,221
BRA,192,222
BRA,192,223
BRA,192,224
BRA,192,225
BRA,192,226
BRA,192,227
BRA,192,228
BRA,192,229
BRA,192,230
BRA,192,231
BRA,192,232
BRA,192,233
BRA,192,234
BRA,192,235
BRA,192,236
BRA,192,237
BRA,192,238
BRA,192,239
BRA,192,240
BRA,192,241
BRA,192,242
BRA,192,243
BRA,192,244
BRA,192,245
BRA,192,246
BRA,192,247
BRA,192,248
BRA,192,249
BRA,192,250
BRA,192,251
BRA,192,252
BRA,192,253
BRA,192,254
BRA,192,255
BRA,192,256
BRA,192,257
BRA,192,258
BRA,192,259
BRA,192,260
BRA,192,261
BRA,192,262
BRA,192,263
BRA,192,264
BRA,192,265
BRA,192,266
BRA,192,267
BRA,192,268
BRA,192,269
BRA,192,270
BRA,192,271
BRA,192,272
BRA,192,273
BRA,192,274
BRA,192,275
BRA,192,276
BRA,192,277
BRA,192,278
BRA,192,279
BRA,192,280
BRA,192,281
BRA,192,282
BRA,192,283
BRA,192,284
BRA,192,285
BRA,192,286
BRA,192,287
BRA,192,288
BRA,192,289
BRA,192,290
BRA,193,214
BRA,193,215
BRA,193,216
BRA,193,217
BRA,193,218
BRA,193,219
BRA,193,220
BRA,193,221
BRA,193,222
BRA,193,223
BRA,193,224
BRA,193,225
BRA,193,226
BRA,193,227
BRA,193,228
BRA,193,229
BRA,193,230
BRA,193,231
BRA,193,232
BRA,193,233
BRA,193,234
BRA,193,235
BRA,193,236
BRA,193,237
BRA,193,238
BRA,193,239
BRA,193,240
BRA,193,241
BRA,193,242
BRA,193,243
BRA,193,244
BRA,193,245
BRA,193,246
BRA,193,247
BRA,193,248
BRA,193,249
BRA,193,250
BRA,193,251
BRA,193,252
BRA,193,253
BRA,193,254
BRA,193,255
BRA,193,256
BRA,193,257
BRA,193,258
BRA,193,259
BRA,193,260
BRA,193,261
BRA,193,262
BRA,193,263
BRA,193,264
BRA,193,265
BRA,193,266
BRA,193,267
BRA,193,268
BRA,193,269
BRA,193,270
BRA,193,271
BRA,193,272
BRA,193,273
BRA,193,274
BRA,193,275
BRA,193,276
BRA,193,277
BRA,193,278
BRA,193,279
BRA,193,280
BRA,193,281
BRA,193,282
BRA,193,283
BRA,193,284
BRA,193,285
BRA,193,286
BRA,193,287
BRA,193,288
BRA,193,289
BRA,193,290
BRA,193,291
BRA,194,213
BRA,194,214
BRA,194,215
BRA,194,216
BRA,194,217
BRA,194,218
BRA,194,219
BRA,194,220
BRA,194,221
BRA,194,222
BRA,194,223
BRA,194,224
BRA,194,225
BRA,194,226
BRA,194,227
BRA,194,228
BRA,194,229
BRA,194,230
BRA,194,231
BRA,194,232
BRA,194,233
BRA,194,234
BRA,194,235
BRA,194,236
BRA,194,237
BRA,194,238
BRA,194,239
BRA,194,240
BRA,194,241
BRA,194,242
BRA,194,243
BRA,194,244
BRA,194,245
BRA,194,246
BRA,194,247
BRA,194,248
BRA,194,249
BRA,194,250
BRA,194,251
BRA,194,252
BRA,194,253
BRA,194,254
BRA,194,255
BRA,194,256
BRA,194,257
BRA,194,258
BRA,194,259
BRA,194,260
BRA,194,261
BRA,194,262
BRA,194,263
BRA,194,264
BRA,194,265
BRA,194,266
BRA,194,267
BRA,194,268
BRA,194,269
BRA,194,270
BRA,194,271
BRA,194,272
BRA,194,273
BRA,194,274
BRA,194,275
BRA,194,276
BRA,194,277
BRA,194,278
BRA,194,279
BRA,194,280
BRA,194,281
BRA,194,282
BRA,194,283
BRA,194,284
BRA,194,285
BRA,194,286
BRA,194,287
BRA,194,288
BRA,194,289
BRA,194,290
BRA,194,291
BRA,195,213
BRA,195,214
BRA,195,215
BRA,195,216
BRA,195,217
BRA,195,218
BRA,195,219
BRA,195,220
BRA,195,221
BRA,195,222
BRA,195,223
BRA,195,224
BRA,195,225
BRA,195,226
BRA,195,227
BRA,195,228
BRA,195,229
BRA,195,230
BRA,195,231
BRA,195,232
BRA,195,233
BRA,195,234
BRA,195,235
BRA,195,236
BRA,195,237
BRA,195,238
BRA,195,239
BRA,195,240
BRA,195,241
BRA,195,242
BRA,195,243
BRA,195,244
BRA,195,245
BRA,195,246
BRA,195,247
BRA,195,248
BRA,195,249
BRA,195,250
BRA,195,251
BRA,195,252
BRA,195,253
BRA,195,254
BRA,195,255
BRA,195,256
BRA,195,257
BRA,195,258
BRA,195,259
BRA,195,260
BRA,195,261
BRA,195,262
BRA,195,263
BRA,195,264
BRA,195,265
BRA,195,266
BRA,195,267
BRA,195,268
BRA,195,269
BRA,195,270
BRA,195,271
BRA,195,272
BRA,195,273
BRA,195,274
BRA,195,275
BRA,195,276
BRA,195,277
BRA,195,278
BRA,195,279
BRA,195,280
BRA,195,281
BRA,195,282
BRA,195,283
BRA,195,284
BRA,195,285
BRA,195,286
BRA,195,287
BRA,195,288
BRA,195,289
BRA,195,290
BRA,195,291
BRA,196,213
BRA,196,214
BRA,196,215
BRA,196,216
BRA,196,217
BRA,196,218
BRA,196,219
BRA,196,220
BRA,196,221
BRA,196,222
BRA,196,223
BRA,196,224
BRA,196,225
BRA,196,226
BRA,196,227
BRA,196,228
BRA,196,229
BRA,196,230
BRA,196,231
BRA,196,232
BRA,196,233
BRA,196,234
BRA,196,235
BRA,196,236
BRA,196,237
BRA,196,238
BRA,196,239
BRA,196,240
BRA,196,241
BRA,196,242
BRA,196,243
BRA,196,244
BRA,196,245
BRA,196,246
BRA,196,247
BRA,196,248
BRA,196,249
BRA,196,250
BRA,196,251
BRA,196,252
BRA,196,253
BRA,196,254
BRA,196,255
BRA,196,256
BRA,196,257
BRA,196,258
BRA,196,259
BRA,196,260
BRA,196,261
BRA,196,262
BRA,196,263
BRA,196,264
BRA,196,265
BRA,196,266
BRA,196,267
BRA,196,268
BRA,196,269
BRA,196,270
BRA,196,271
BRA,196,272
BRA,196,273
BRA,196,274
BRA,196,275
BRA,196,276
BRA,196,277
BRA,196,278
BRA,196,279
BRA,196,280
BRA,196,281
BRA,196,282
BRA,196,283
BRA,196,284
BRA,196,285
BRA,196,286
BRA,196,287
BRA,196,288
BRA,196,289
BRA,196,290
BRA,196,291
BRA,197,213
BRA,197,214
BRA,197,215
BRA,197,216
BRA,197,217
BRA,197,218
BRA,197,219
BRA,197,220
BRA,197,221
BRA,197,222
BRA,197,223
BRA,197,224
BRA,197,225
BRA,197,226
BRA,197,227
BRA,197,228
BRA,197,229
BRA,197,230
BRA,197,231
BRA,197,232
BRA,197,233
BRA,197,234
BRA,197,235
BRA,197,236
BRA,197,237
BRA,197,238
BRA,197,239
BRA,197,240
BRA,197,241
BRA,197,242
BRA,197,243
BRA,197,244
BRA,197,245
BRA,197,246
BRA,197,247
BRA,197,248
BRA,197,249
BRA,197,250
BRA,197,251
BRA,197,252
BRA,197,253
BRA,197,254
BRA,197,255
BRA,197,256
BRA,197,257
BRA,197,258
BRA,197,259
BRA,197,260
BRA,197,261
BRA,197,262
BRA,197,263
BRA,197,264
BRA,197,265
BRA,197,266
BRA,197,267
BRA,197,268
BRA,197,269
BRA,197,270
BRA,197,271
BRA,197,272
BRA,197,273
BRA,197,274
BRA,197,275
BRA,197,276
BRA,197,277
BRA,197,278
BRA,197,279
BRA,197,280
BRA,197,281
BRA,197,282
BRA,197,283
BRA,197,284
BRA,197,285
BRA,197,286
BRA,197,287
BRA,197,288
BRA,197,289
BRA,197,290
BRA,197,291
BRA,198,214
BRA,198,215
BRA,198,216
BRA,198,217
BRA,198,218
BRA,198,219
BRA,198,220
BRA,198,221
BRA,198,222
BRA,198,223
BRA,198,224
BRA,198,225
BRA,198,226
BRA,198,227
BRA,198,228
BRA,198,229
BRA,198,230
BRA,198,231
BRA,198,232
BRA,198,233
BRA,198,234
BRA,198,235
BRA,198,236
BRA,198,237
BRA,198,238
BRA,198,239
BRA,198,240
BRA,198,241
BRA,198,242
BRA,198,243
BRA,198,244
BRA,198,245
BRA,198,246
BRA,198,247
BRA,198,248
BRA,198,249
BRA,198,250
BRA,198,251
BRA,198,252
BRA,198,253
BRA,198,254
BRA,198,255
BRA,198,256
BRA,198,257
BRA,198,258
BRA,198,259
BRA,198,260
BRA,198,261
BRA,198,262
BRA,198,263
BRA,198,264
BRA,198,265
BRA,198,266
BRA,198,267
BRA,198,268
BRA,198,269
BRA,198,270
BRA,198,271
BRA,198,272
BRA,198,273
BRA,198,274
BRA,198,275
BRA,198,276
BRA,198,277
BRA,198,278
BRA,198,279
BRA,198,280
BRA,198,281
BRA,198,282
BRA,198,283
BRA,198,284
BRA,198,285
BRA,198,286
BRA,198,287
BRA,198,288
BRA,198,289
BRA,198,290
BRA,199,214
BRA,199,215
BRA,199,216
BRA,199,217
BRA,199,218
BRA,199,219
BRA,199,220
BRA,199,221
BRA,199,222
BRA,199,223
BRA,199,224
BRA,199,225
BRA,199,226
BRA,199,227
BRA,199,228
BRA,199,229
BRA,199,230
BRA,199,231
BRA,199,232
BRA,199,233
BRA,199,234
BRA,199,235
BRA,199,236
BRA,199,237
BRA,199,238
BRA,199,239
BRA,199,240
BRA,199,241
BRA,199,242
BRA,199,243
BRA,199,244
BRA,199,245
BRA,199,246
BRA,199,247
BRA,199,248
BRA,199,249
BRA,199,250
BRA,199,251
BRA,199,252
BRA,199,253
BRA,199,254
BRA,199,255
BRA,199,256
BRA,199,257
BRA,199,258
BRA,199,259
BRA,199,260
BRA,199,261
BRA,199,262
BRA,199,263
BRA,199,264
BRA,199,265
BRA,199,266
BRA,199,267
BRA,199,268
BRA,199,269
BRA,199,270
BRA,199,271
BRA,199,272
BRA,199,273
BRA,199,274
BRA,199,275
BRA,199,276
BRA,199,277
BRA,199,278
BRA,199,279
BRA,199,280
BRA,199,281
BRA,199,282
BRA,199,283
BRA,199,284
BRA,199,285
BRA,199,286
BRA,199,287
BRA,199,288
BRA,199,289
BRA,199,290
BRA,200,216
BRA,200,217
BRA,200,218
BRA,200,219
BRA,200,220
BRA,200,221
BRA,200,222
BRA,200,223
BRA,200,224
BRA,200,225
BRA,200,226
BRA,200,227
BRA,200,228
BRA,200,229
BRA,200,230
BRA,200,231
BRA,200,232
BRA,200,233
BRA,200,234
BRA,200,235
BRA,200,236
BRA,200,237
BRA,200,238
BRA,200,239
BRA,200,240
BRA,200,241
BRA,200,242
BRA,200,243
BRA,200,244
BRA,200,245
BRA,200,246
BRA,200,247
BRA,200,248
BRA,200,249
BRA,200,250
BRA,200,251
BRA,200,252
BRA,200,253
BRA,200,254
BRA,200,255
BRA,200,256
BRA,200,257
BRA,200,258
BRA,200,259
BRA,200,260
BRA,200,261
BRA,200,262
BRA,200,263
BRA,200,264
BRA,200,265
BRA,200,266
BRA,200,267
BRA,200,268
BRA,200,269
BRA,200,270
BRA,200,271
BRA,200,272
BRA,200,273
BRA,200,274
BRA,200,275
BRA,200,276
BRA,200,277
BRA,200,278
BRA,200,279
BRA,200,280
BRA,200,281
BRA,200,282
BRA,200,283
BRA,200,284
BRA,200,285
BRA,200,286
BRA,200,287
BRA,200,288
BRA,200,289
BRA,201,219
BRA,201,220
BRA,201,221
BRA,201,222
BRA,201,223
BRA,201,224
BRA,201,225
BRA,201,226
BRA,201,227
BRA,201,230
BRA,201,231
BRA,201,232
BRA,201,233
BRA,201,234
BRA,201,235
BRA,201,236
BRA,201,237
BRA,201,238
BRA,201,239
BRA,201,240
BRA,201,241
BRA,201,242
BRA,201,243
BRA,201,244
BRA,201,245
BRA,201,246
BRA,201,247
BRA,201,248
BRA,201,249
BRA,201,250
BRA,201,251
BRA,201,252
BRA,201,253
BRA,201,254
BRA,201,255
BRA,201,256
BRA,201,257
BRA,201,258
BRA,201,259
BRA,201,260
BRA,201,261
BRA,201,262
BRA,201,263
BRA,201,264
BRA,201,265
BRA,201,266
BRA,201,267
BRA,201,268
BRA,201,269
BRA,201,270
BRA,201,271
BRA,201,272
BRA,201,273
BRA,201,274
BRA,201,275
BRA,201,276
BRA,201,277
BRA,201,278
BRA,201,279
BRA,201,280
BRA,201,281
BRA,201,282
BRA,201,283
BRA,201,284
BRA,201,285
BRA,201,286
BRA,201,287
BRA,201,288
BRA,202,219
BRA,202,220
BRA,202,221
BRA,202,222
BRA,202,223
BRA,202,224
BRA,202,225
BRA,202,230
BRA,202,231
BRA,202,232
BRA,202,233
BRA,202,234
BRA,202,235
BRA,202,236
BRA,202,237
BRA,202,238
BRA,202,239
BRA,202,240
BRA,202,241
BRA,202,242
BRA,202,243
BRA,202,244
BRA,202,245
BRA,202,246
BRA,202,247
BRA,202,248
BRA,202,249
BRA,202,250
BRA,202,251
BRA,202,252
BRA,202,253
BRA,202,254
BRA,202,255
BRA,202,256
BRA,202,257
BRA,202,258
BRA,202,259
BRA,202,260
BRA,202,261
BRA,202,262
BRA,202,263
BRA,202,264
BRA,202,265
BRA,202,266
BRA,202,267
BRA,202,268
BRA,202,269
BRA,202,270
BRA,202,271
BRA,202,272
BRA,202,273
BRA,202,274
BRA,202,275
BRA,202,276
BRA,202,277
BRA,202,278
BRA,202,279
BRA,202,280
BRA,202,281
BRA,202,282
BRA,202,283
BRA,202,284
BRA,202,285
BRA,202,286
BRA,202,287
BRA,203,220
BRA,203,223
BRA,203,230
BRA,203,231
BRA,203,232
BRA,203,233
BRA,203,234
BRA,203,235
BRA,203,236
BRA,203,237
BRA,203,238
BRA,203,239
BRA,203,240
BRA,203,241
BRA,203,242
BRA,203,243
BRA,203,244
BRA,203,245
BRA,203,246
BRA,203,247
BRA,203,248
BRA,203,249
BRA,203,250
BRA,203,251
BRA,203,252
BRA,203,253
BRA,203,254
BRA,203,255
BRA,203,256
BRA,203,257
BRA,203,258
BRA,203,259
BRA,203,260
BRA,203,261
BRA,203,262
BRA,203,263
BRA,203,264
BRA,203,265
BRA,203,266
BRA,203,267
BRA,203,268
BRA,203,269
BRA,203,270
BRA,203,271
BRA,203,272
BRA,203,273
BRA,203,274
BRA,203,275
BRA,203,276
BRA,203,277
BRA,203,278
BRA,203,279
BRA,203,280
BRA,203,281
BRA,203,282
BRA,203,283
BRA,203,284
BRA,203,285
BRA,203,286
BRA,204,230
BRA,204,231
BRA,204,232
BRA,204,233
BRA,204,234
BRA,204,235
BRA,204,236
BRA,204,237
BRA,204,238
BRA,204,239
BRA,204,240
BRA,204,241
BRA,204,242
BRA,204,243
BRA,204,244
BRA,204,245
BRA,204,246
BRA,204,247
BRA,204,248
BRA,204,249
BRA,204,250
BRA,204,251
BRA,204,252
BRA,204,253
BRA,204,254
BRA,204,255
BRA,204,256
BRA,204,257
BRA,204,258
BRA,204,259
BRA,204,260
BRA,204,261
BRA,204,262
BRA,204,263
BRA,204,264
BRA,204,265
BRA,204,266
BRA,204,267
BRA,204,268
BRA,204,269
BRA,204,270
BRA,204,271
BRA,204,272
BRA,204,273
BRA,204,274
BRA,204,275
BRA,204,276
BRA,204,277
BRA,204,278
BRA,204,279
BRA,204,280
BRA,204,281
BRA,204,282
BRA,204,283
BRA,204,284
BRA,204,285
BRA,204,286
BRA,205,231
BRA,205,232
BRA,205,233
BRA,205,234
BRA,205,235
BRA,205,236
BRA,205,237
BRA,205,238
BRA,205,239
BRA,205,240
BRA,205,241
BRA,205,242
BRA,205,243
BRA,205,244
BRA,205,245
BRA,205,246
BRA,205,247
BRA,205,248
BRA,205,249
BRA,205,250
BRA,205,251
BRA,205,252
BRA,205,253
BRA,205,254
BRA,205,255
BRA,205,256
BRA,205,257
BRA,205,258
BRA,205,259
BRA,205,260
BRA,205,261
BRA,205,262
BRA,205,263
BRA,205,264
BRA,205,265
BRA,205,266
BRA,205,267
BRA,205,268
BRA,205,269
BRA,205,270
BRA,205,271
BRA,205,272
BRA,205,273
BRA,205,274
BRA,205,275
BRA,205,276
BRA,205,277
BRA,205,278
BRA,205,279
BRA,205,280
BRA,205,281
BRA,205,282
BRA,205,283
BRA,205,284
BRA,205,285
BRA,206,234
BRA,206,235
BRA,206,236
BRA,206,237
BRA,206,238
BRA,206,239
BRA,206,240
BRA,206,241
BRA,206,242
BRA,206,243
BRA,206,244
BRA,206,245
BRA,206,246
BRA,206,247
BRA,206,248
BRA,206,249
BRA,206,250
BRA,206,251
BRA,206,252
BRA,206,253
BRA,206,254
BRA,206,255
BRA,206,256
BRA,206,257
BRA,206,258
BRA,206,259
BRA,206,260
BRA,206,261
BRA,206,262
BRA,206,263
BRA,206,264
BRA,206,265
BRA,206,266
BRA,206,267
BRA,206,268
BRA,206,269
BRA,206,270
BRA,206,271
BRA,206,272
BRA,206,273
BRA,206,274
BRA,206,275
BRA,206,276
BRA,206,277
BRA,206,278
BRA,206,279
BRA,206,280
BRA,206,281
BRA,206,282
BRA,206,283
BRA,206,284
BRA,206,285
BRA,207,235
BRA,207,236
BRA,207,237
BRA,207,238
BRA,207,239
BRA,207,240
BRA,207,241
BRA,207,242
BRA,207,243
BRA,207,244
BRA,207,245
BRA,207,246
BRA,207,247
BRA,207,248
BRA,207,249
BRA,207,250
BRA,207,251
BRA,207,252
BRA,207,253
BRA,207,254
BRA,207,255
BRA,207,256
BRA,207,257
BRA,207,258
BRA,207,259
BRA,207,260
BRA,207,261
BRA,207,262
BRA,207,263
BRA,207,264
BRA,207,265
BRA,207,266
BRA,207,267
BRA,207,268
BRA,207,269
BRA,207,270
BRA,207,271
BRA,207,272
BRA,207,273
BRA,207,274
BRA,207,275
BRA,207,276
BRA,207,277
BRA,207,278
BRA,207,279
BRA,207,280
BRA,207,281
BRA,207,282
BRA,207,283
BRA,208,239
BRA,208,240
BRA,208,241
BRA,208,242
BRA,208,243
BRA,208,244
BRA,208,245
BRA,208,246
BRA,208,247
BRA,208,248
BRA,208,249
BRA,208,250
BRA,208,251
BRA,208,252
BRA,208,253
BRA,208,254
BRA,208,255
BRA,208,256
BRA,208,257
BRA,208,258
BRA,208,259
BRA,208,260
BRA,208,261
BRA,208,262
BRA,208,263
BRA,208,264
BRA,208,265
BRA,208,266
BRA,208,267
BRA,208,268
BRA,208,269
BRA,208,270
BRA,208,271
BRA,208,272
BRA,208,273
BRA,208,274
BRA,208,275
BRA,208,276
BRA,208,277
BRA,208,278
BRA,208,279
BRA,208,280
BRA,208,281
BRA,208,282
BRA,208,283
BRA,209,240
BRA,209,241
BRA,209,242
BRA,209,243
BRA,209,244
BRA,209,245
BRA,209,246
BRA,209,247
BRA,209,248
BRA,209,249
BRA,209,250
BRA,209,251
BRA,209,252
BRA,209,253
BRA,209,254
BRA,209,255
BRA,209,256
BRA,209,257
BRA,209,258
BRA,209,259
BRA,209,260
BRA,209,261
BRA,209,262
BRA,209,263
BRA,209,264
BRA,209,265
BRA,209,266
BRA,209,267
BRA,209,268
BRA,209,269
BRA,209,270
BRA,209,271
BRA,209,272
BRA,209,273
BRA,209,274
BRA,209,275
BRA,209,276
BRA,209,277
BRA,209,278
BRA,209,279
BRA,209,280
BRA,209,281
BRA,209,282
BRA,209,283
BRA,210,240
BRA,210,241
BRA,210,242
BRA,210,243
BRA,210,244
BRA,210,245
BRA,210,246
BRA,210,247
BRA,210,248
BRA,210,249
BRA,210,250
BRA,210,251
BRA,210,252
BRA,210,253
BRA,210,254
BRA,210,255
BRA,210,256
BRA,210,257
BRA,210,258
BRA,210,259
BRA,210,260
BRA,210,261
BRA,210,262
BRA,210,263
BRA,210,264
BRA,210,265
BRA,210,266
BRA,210,267
BRA,210,268
BRA,210,269
BRA,210,270
BRA,210,271
BRA,210,272
BRA,210,273
BRA,210,274
BRA,210,275
BRA,210,276
BRA,210,277
BRA,210,278
BRA,210,279
BRA,210,280
BRA,210,281
BRA,210,282
BRA,211,239
BRA,211,240
BRA,211,241
BRA,211,242
BRA,211,243
BRA,211,244
BRA,211,245
BRA,211,246
BRA,211,247
BRA,211,248
BRA,211,249
BRA,211,250
BRA,211,251
BRA,211,252
BRA,211,253
BRA,211,254
BRA,211,255
BRA,211,256
BRA,211,257
BRA,211,258
BRA,211,259
BRA,211,260
BRA,211,261
BRA,211,262
BRA,211,263
BRA,211,264
BRA,211,265
BRA,211,266
BRA,211,267
BRA,211,268
BRA,211,269
BRA,211,270
BRA,211,271
BRA,211,272
BRA,211,273
BRA,211,274
BRA,211,275
BRA,211,276
BRA,211,277
BRA,211,278
BRA,211,279
BRA,211,280
BRA,211,281
BRA,211,282
BRA,211,283
BRA,212,240
BRA,212,241
BRA,212,242
BRA,212,243
BRA,212,244
BRA,212,245
BRA,212,246
BRA,212,247
BRA,212,248
BRA,212,249
BRA,212,250
BRA,212,251
BRA,212,252
BRA,212,253
BRA,212,254
BRA,212,255
BRA,212,256
BRA,212,257
BRA,212,258
BRA,212,259
BRA,212,260
BRA,212,261
BRA,212,262
BRA,212,263
BRA,212,264
BRA,212,265
BRA,212,266
BRA,212,267
BRA,212,268
BRA,212,269
BRA,212,270
BRA,212,271
BRA,212,272
BRA,212,273
BRA,212,274
BRA,212,275
BRA,212,276
BRA,212,277
BRA,212,278
BRA,212,279
BRA,212,280
BRA,212,281
BRA,212,282
BRA,212,283
BRA,213,240
BRA,213,241
BRA,213,242
BRA,213,243
BRA,213,244
BRA,213,245
BRA,213,246
BRA,213,247
BRA,213,248
BRA,213,249
BRA,213,250
BRA,213,251
BRA,213,252
BRA,213,253
BRA,213,254
BRA,213,255
BRA,213,256
BRA,213,257
BRA,213,258
BRA,213,259
BRA,213,260
BRA,213,261
BRA,213,262
BRA,213,263
BRA,213,264
BRA,213,265
BRA,213,266
BRA,213,267
BRA,213,268
BRA,213,269
BRA,213,270
BRA,213,271
BRA,213,272
BRA,213,273
BRA,213,274
BRA,213,275
BRA,213,276
BRA,213,277
BRA,213,278
BRA,213,279
BRA,213,280
BRA,213,281
BRA,213,282
BRA,213,283
BRA,214,244
BRA,214,245
BRA,214,246
BRA,214,247
BRA,214,248
BRA,214,249
BRA,214,250
BRA,214,251
BRA,214,252
BRA,214,253
BRA,214,254
BRA,214,255
BRA,214,256
BRA,214,257
BRA,214,258
BRA,214,259
BRA,214,260
BRA,214,261
BRA,214,262
BRA,214,263
BRA,214,264
BRA,214,265
BRA,214,266
BRA,214,267
BRA,214,268
BRA,214,269
BRA,214,270
BRA,214,271
BRA,214,272
BRA,214,273
BRA,214,274
BRA,214,275
BRA,214,276
BRA,214,277
BRA,214,278
BRA,214,279
BRA,214,280
BRA,214,281
BRA,214,282
BRA,215,244
BRA,215,245
BRA,215,246
BRA,215,247
BRA,215,248
BRA,215,249
BRA,215,250
BRA,215,251
BRA,215,252
BRA,215,253
BRA,215,254
BRA,215,255
BRA,215,256
BRA,215,257
BRA,215,258
BRA,215,259
BRA,215,260
BRA,215,261
BRA,215,262
BRA,215,263
BRA,215,264
BRA,215,265
BRA,215,266
BRA,215,267
BRA,215,268
BRA,215,269
BRA,215,270
BRA,215,271
BRA,215,272
BRA,215,273
BRA,215,274
BRA,215,275
BRA,215,276
BRA,215,277
BRA,215,278
BRA,215,279
BRA,215,280
BRA,215,281
BRA,215,282
BRA,216,245
BRA,216,246
BRA,216,247
BRA,216,248
BRA,216,249
BRA,216,250
BRA,216,251
BRA,216,252
BRA,216,253
BRA,216,254
BRA,216,255
BRA,216,256
BRA,216,257
BRA,216,258
BRA,216,259
BRA,216,260
BRA,216,261
BRA,216,262
BRA,216,263
BRA,216,264
BRA,216,265
BRA,216,266
BRA,216,267
BRA,216,268
BRA,216,269
BRA,216,270
BRA,216,271
BRA,216,272
BRA,216,273
BRA,216,274
BRA,216,275
BRA,216,276
BRA,216,277
BRA,216,278
BRA,216,279
BRA,216,280
BRA,216,281
BRA,216,282
BRA,217,245
BRA,217,246
BRA,217,247
BRA,217,248
BRA,217,249
BRA,217,250
BRA,217,251
BRA,217,252
BRA,217,253
BRA,217,254
BRA,217,255
BRA,217,256
BRA,217,257
BRA,217,258
BRA,217,259
BRA,217,260
BRA,217,261
BRA,217,262
BRA,217,263
BRA,217,264
BRA,217,265
BRA,217,266
BRA,217,267
BRA,217,268
BRA,217,269
BRA,217,270
BRA,217,271
BRA,217,272
BRA,217,273
BRA,217,274
BRA,217,275
BRA,217,276
BRA,217,277
BRA,217,278
BRA,217,279
BRA,217,280
BRA,217,281
BRA,218,245
BRA,218,246
BRA,218,247
BRA,218,248
BRA,218,249
BRA,218,250
BRA,218,251
BRA,218,252
BRA,218,253
BRA,218,254
BRA,218,255
BRA,218,256
BRA,218,257
BRA,218,258
BRA,218,259
BRA,218,260
BRA,218,261
BRA,218,262
BRA,218,263
BRA,218,264
BRA,218,265
BRA,218,266
BRA,218,267
BRA,218,268
BRA,218,269
BRA,218,270
BRA,218,271
BRA,218,272
BRA,218,273
BRA,218,274
BRA,218,275
BRA,218,276
BRA,218,277
BRA,218,278
BRA,218,279
BRA,218,280
BRA,218,281
BRA,219,245
BRA,219,246
BRA,219,247
BRA,219,248
BRA,219,249
BRA,219,250
BRA,219,251
BRA,219,252
BRA,219,253
BRA,219,254
BRA,219,255
BRA,219,256
BRA,219,257
BRA,219,258
BRA,219,259
BRA,219,260
BRA,219,261
BRA,219,262
BRA,219,263
BRA,219,264
BRA,219,265
BRA,219,266
BRA,219,267
BRA,219,268
BRA,219,269
BRA,219,270
BRA,219,271
BRA,219,272
BRA,219,273
BRA,219,274
BRA,219,275
BRA,219,276
BRA,219,277
BRA,219,278
BRA,219,279
BRA,219,280
BRA,219,281
BRA,220,244
BRA,220,245
BRA,220,246
BRA,220,247
BRA,220,248
BRA,220,249
BRA,220,250
BRA,220,251
BRA,220,252
BRA,220,253
BRA,220,254
BRA,220,255
BRA,220,256
BRA,220,257
BRA,220,258
BRA,220,259
BRA,220,260
BRA,220,261
BRA,220,262
BRA,220,263
BRA,220,264
BRA,220,265
BRA,220,266
BRA,220,267
BRA,220,268
BRA,220,269
BRA,220,270
BRA,220,271
BRA,220,272
BRA,220,273
BRA,220,274
BRA,220,275
BRA,220,276
BRA,220,277
BRA,220,278
BRA,220,279
BRA,220,280
BRA,220,281
BRA,221,244
BRA,221,245
BRA,221,246
BRA,221,247
BRA,221,248
BRA,221,249
BRA,221,250
BRA,221,251
BRA,221,252
BRA,221,253
BRA,221,254
BRA,221,255
BRA,221,256
BRA,221,257
BRA,221,258
BRA,221,259
BRA,221,260
BRA,221,261
BRA,221,262
BRA,221,263
BRA,221,264
BRA,221,265
BRA,221,266
BRA,221,267
BRA,221,268
BRA,221,269
BRA,221,270
BRA,221,271
BRA,221,272
BRA,221,273
BRA,221,274
BRA,221,275
BRA,221,276
BRA,221,277
BRA,221,278
BRA,221,279
BRA,221,280
BRA,222,245
BRA,222,246
BRA,222,247
BRA,222,248
BRA,222,249
BRA,222,250
BRA,222,251
BRA,222,252
BRA,222,253
BRA,222,254
BRA,222,255
BRA,222,256
BRA,222,257
BRA,222,258
BRA,222,259
BRA,222,260
BRA,222,261
BRA,222,262
BRA,222,263
BRA,222,264
BRA,222,265
BRA,222,266
BRA,222,267
BRA,222,268
BRA,222,269
BRA,222,270
BRA,222,271
BRA,222,272
BRA,222,273
BRA,222,274
BRA,222,275
BRA,222,276
BRA,222,277
BRA,222,278
BRA,222,279
BRA,222,280
BRA,223,245
BRA,223,246
BRA,223,247
BRA,223,248
BRA,223,249
BRA,223,250
BRA,223,251
BRA,223,252
BRA,223,253
BRA,223,254
BRA,223,255
BRA,223,256
BRA,223,257
BRA,223,258
BRA,223,259
BRA,223,260
BRA,223,261
BRA,223,262
BRA,223,263
BRA,223,264
BRA,223,265
BRA,223,266
BRA,223,267
BRA,223,268
BRA,223,269
BRA,223,270
BRA,223,271
BRA,223,272
BRA,223,273
BRA,223,274
BRA,223,275
BRA,223,276
BRA,223,277
BRA,223,278
BRA,223,279
BRA,224,245
BRA,224,246
BRA,224,247
BRA,224,248
BRA,224,249
BRA,224,250
BRA,224,251
BRA,224,252
BRA,224,253
BRA,224,254
BRA,224,255
BRA,224,256
BRA,224,257
BRA,224,258
BRA,224,259
BRA,224,260
BRA,224,261
BRA,224,262
BRA,224,263
BRA,224,264
BRA,224,265
BRA,224,266
BRA,224,267
BRA,224,268
BRA,224,269
BRA,224,270
BRA,224,271
BRA,224,272
BRA,224,273
BRA,224,274
BRA,224,275
BRA,224,276
BRA,224,277
BRA,224,278
BRA,224,279
BRA,225,245
BRA,225,246
BRA,225,247
BRA,225,248
BRA,225,249
BRA,225,250
BRA,225,251
BRA,225,252
BRA,225,253
BRA,225,254
BRA,225,255
BRA,225,256
BRA,225,257
BRA,225,258
BRA,225,259
BRA,225,260
BRA,225,261
BRA,225,262
BRA,225,263
BRA,225,264
BRA,225,265
BRA,225,266
BRA,225,267
BRA,225,268
BRA,225,269
BRA,225,270
BRA,225,271
BRA,225,272
BRA,225,273
BRA,225,274
BRA,225,275
BRA,225,276
BRA,225,277
BRA,225,278
BRA,226,249
BRA,226,250
BRA,226,251
BRA,226,252
BRA,226,253
BRA,226,254
BRA,226,255
BRA,226,256
BRA,226,257
BRA,226,258
BRA,226,259
BRA,226,260
BRA,226,261
BRA,226,262
BRA,226,263
BRA,226,264
BRA,226,265
BRA,226,266
BRA,226,267
BRA,226,268
BRA,226,269
BRA,226,270
BRA,226,271
BRA,226,272
BRA,226,273
BRA,226,274
BRA,226,275
BRA,226,276
BRA,226,277
BRA,227,249
BRA,227,250
BRA,227,251
BRA,227,252
BRA,227,253
BRA,227,254
BRA,227,255
BRA,227,256
BRA,227,257
BRA,227,258
BRA,227,259
BRA,227,260
BRA,227,261
BRA,227,262
BRA,227,263
BRA,227,264
BRA,227,265
BRA,227,266
BRA,227,267
BRA,227,268
BRA,227,269
BRA,227,270
BRA,227,271
BRA,227,272
BRA,227,273
BRA,228,250
BRA,228,251
BRA,228,252
BRA,228,253
BRA,228,254
BRA,228,255
BRA,228,256
BRA,228,257
BRA,228,258
BRA,228,259
BRA,228,260
BRA,228,261
BRA,228,262
BRA,228,263
BRA,228,264
BRA,228,265
BRA,228,266
BRA,228,267
BRA,228,268
BRA,228,269
BRA,228,270
BRA,229,252
BRA,229,253
BRA,229,254
BRA,229,255
BRA,229,256
BRA,229,257
BRA,229,258
BRA,229,259
BRA,229,260
BRA,229,261
BRA,229,262
BRA,229,263
BRA,229,264
BRA,229,265
BRA,229,266
BRA,229,267
BRA,229,268
BRA,230,252
BRA,230,253
BRA,230,254
BRA,230,255
BRA,230,256
BRA,230,257
BRA,230,258
BRA,230,259
BRA,230,260
BRA,230,261
BRA,230,262
BRA,230,263
BRA,230,264
BRA,230,265
BRA,230,266
BRA,231,251
BRA,231,252
BRA,231,253
BRA,231,254
BRA,231,255
BRA,231,256
BRA,231,257
BRA,231,258
BRA,231,259
BRA,231,260
BRA,231,261
BRA,231,262
BRA,231,263
BRA,231,264
BRA,231,265
BRA,232,251
BRA,232,252
BRA,232,253
BRA,232,254
BRA,232,255
BRA,232,256
BRA,232,257
BRA,232,258
BRA,232,259
BRA,232,260
BRA,232,261
BRA,232,262
BRA,232,263
BRA,232,264
BRA,233,253
BRA,233,254
BRA,233,255
BRA,233,256
BRA,233,257
BRA,233,258
BRA,233,259
BRA,233,260
BRA,233,261
BRA,233,262
BRA,233,263
BRA,233,264
BRA,234,253
BRA,234,254
BRA,234,255
BRA,234,256
BRA,234,257
BRA,234,258
BRA,234,259
BRA,234,260
BRA,234,261
BRA,234,262
BRA,234,263
BRA,235,251
BRA,235,252
BRA,235,253
BRA,235,254
BRA,235,255
BRA,235,256
BRA,235,257
BRA,235,258
BRA,235,259
BRA,235,260
BRA,235,261
BRA,235,262
BRA,235,263
BRA,235,264
BRA,236,250
BRA,236,251
BRA,236,252
BRA,236,253
BRA,236,254
BRA,236,255
BRA,236,256
BRA,236,257
BRA,236,258
BRA,236,259
BRA,236,260
BRA,236,261
BRA,236,262
BRA,236,263
BRA,236,264
BRA,237,249
BRA,237,250
BRA,237,251
BRA,237,252
BRA,237,253
BRA,237,254
BRA,237,255
BRA,237,256
BRA,237,257
BRA,237,258
BRA,237,259
BRA,237,260
BRA,237,261
BRA,237,262
BRA,237,263
BRA,238,248
BRA,238,249
BRA,238,250
BRA,238,251
BRA,238,252
BRA,238,253
BRA,238,254
BRA,238,255
BRA,238,256
BRA,238,257
BRA,238,258
BRA,238,259
BRA,238,260
BRA,238,261
BRA,238,262
BRA,238,263
BRA,239,247
BRA,239,248
BRA,239,249
BRA,239,250
BRA,239,251
BRA,239,252
BRA,239,253
BRA,239,254
BRA,239,255
BRA,239,256
BRA,239,257
BRA,239,258
BRA,239,259
BRA,239,260
BRA,239,261
BRA,239,262
BRA,240,246
BRA,240,247
BRA,240,248
BRA,240,249
BRA,240,250
BRA,240,251
BRA,240,252
BRA,240,253
BRA,240,254
BRA,240,255
BRA,240,256
BRA,240,257
BRA,240,258
BRA,240,259
BRA,240,260
BRA,240,261
BRA,241,245
BRA,241,246
BRA,241,247
BRA,241,248
BRA,241,249
BRA,241,250
BRA,241,251
BRA,241,252
BRA,241,253
BRA,241,254
BRA,241,255
BRA,241,256
BRA,241,257
BRA,241,258
BRA,241,259
BRA,241,260
BRA,242,248
BRA,242,249
BRA,242,250
BRA,242,251
BRA,242,252
BRA,242,253
BRA,242,254
BRA,242,255
BRA,242,256
BRA,242,257
BRA,242,258
BRA,242,259
BRA,242,260
BRA,243,249
BRA,243,250
BRA,243,251
BRA,243,252
BRA,243,253
BRA,243,254
BRA,243,255
BRA,243,256
BRA,243,257
BRA,243,258
BRA,243,259
BRA,244,252
BRA,244,253
BRA,244,254
BRA,244,255
BRA,244,256
BRA,244,257
BRA,244,258
BRA,245,253
BRA,245,254
BRA,245,255
BRA,245,256
BRA,245,257
BRA,246,254
BRA,246,255
BRA,246,256
BRA,247,254
BRA,247,255
BRA,248,254
CAN,14,206
CAN,14,207
CAN,14,208
CAN,14,209
CAN,14,210
CAN,14,211
CAN,14,212
CAN,14,214
CAN,14,215
CAN,14,216
CAN,14,217
CAN,14,218
CAN,14,219
CAN,14,220
CAN,14,221
CAN,14,222
CAN,14,223
CAN,14,224
CAN,15,196
CAN,15,197
CAN,15,198
CAN,15,199
CAN,15,200
CAN,15,201
CAN,15,202
CAN,15,203
CAN,15,204
CAN,15,205
CAN,15,206
CAN,15,207
CAN,15,208
CAN,15,209
CAN,15,210
CAN,15,211
CAN,15,212
CAN,15,213
CAN,15,214
CAN,15,215
CAN,15,216
CAN,15,217
CAN,15,218
CAN,15,219
CAN,15,220
CAN,15,221
CAN,15,222
CAN,15,223
CAN,15,224
CAN,15,225
CAN,15,226
CAN,15,227
CAN,15,228
CAN,15,229
CAN,15,230
CAN,15,231
CAN,15,232
CAN,15,233
CAN,15,234
CAN,15,235
CAN,15,236
CAN,16,183
CAN,16,184
CAN,16,185
CAN,16,186
CAN,16,187
CAN,16,188
CAN,16,189
CAN,16,190
CAN,16,191
CAN,16,192
CAN,16,193
CAN,16,194
CAN,16,195
CAN,16,196
CAN,16,197
CAN,16,198
CAN,16,199
CAN,16,200
CAN,16,201
CAN,16,202
CAN,16,203
CAN,16,204
CAN,16,205
CAN,16,206
CAN,16,207
CAN,16,208
CAN,16,209
CAN,16,210
CAN,16,211
CAN,16,212
CAN,16,213
CAN,16,214
CAN,16,215
CAN,16,216
CAN,16,217
CAN,16,218
CAN,16,219
CAN,16,220
CAN,16,221
CAN,16,222
CAN,16,223
CAN,16,224
CAN,16,225
CAN,16,226
CAN,16,227
CAN,16,228
CAN,16,229
CAN,16,230
CAN,16,231
CAN,16,232
CAN,16,233
CAN,16,234
CAN,16,235
CAN,16,236
CAN,16,237
CAN,16,238
CAN,17,177
CAN,17,178
CAN,17,179
CAN,17,180
CAN,17,181
CAN,17,182
CAN,17,183
CAN,17,184
CAN,17,185
CAN,17,186
CAN,17,187
CAN,17,188
CAN,17,189
CAN,17,190
CAN,17,191
CAN,17,192
CAN,17,193
CAN,17,194
CAN,17,195
CAN,17,196
CAN,17,197
CAN,17,198
CAN,17,199
CAN,17,200
CAN,17,201
CAN,17,202
CAN,17,203
CAN,17,204
CAN,17,205
CAN,17,206
CAN,17,207
CAN,17,208
CAN,17,209
CAN,17,210
CAN,17,211
CAN,17,212
CAN,17,213
CAN,17,214
CAN,17,215
CAN,17,216
CAN,17,217
CAN,17,218
CAN,17,219
CAN,17,220
CAN,17,221
CAN,17,222
CAN,17,223
CAN,17,224
CAN,17,225
CAN,17,226
CAN,17,227
CAN,17,228
CAN,17,229
CAN,17,230
CAN,17,231
CAN,17,232
CAN,17,233
CAN,17,234
CAN,17,235
CAN,18,170
CAN,18,171
CAN,18,172
CAN,18,173
CAN,18,174
CAN,18,175
CAN,18,176
CAN,18,177
CAN,18,179
CAN,18,180
CAN,18,181
CAN,18,182
CAN,18,183
CAN,18,184
CAN,18,185
CAN,18,186
CAN,18,187
CAN,18,188
CAN,18,189
CAN,18,190
CAN,18,191
CAN,18,192
CAN,18,193
CAN,18,194
CAN,18,195
CAN,18,196
CAN,18,197
CAN,18,198
CAN,18,199
CAN,18,200
CAN,18,201
CAN,18,202
CAN,18,203
CAN,18,204
CAN,18,205
CAN,18,206
CAN,18,207
CAN,18,208
CAN,18,209
CAN,18,210
CAN,18,211
CAN,18,212
CAN,18,213
CAN,18,214
CAN,18,215
CAN,18,216
CAN,18,217
CAN,18,218
CAN,18,219
CAN,18,220
CAN,18,221
CAN,18,222
CAN,18,223
CAN,18,224
CAN,18,225
CAN,18,226
CAN,18,227
CAN,18,228
CAN,18,229
CAN,18,230
CAN,18,231
CAN,19,168
CAN,19,169
CAN,19,170
CAN,19,171
CAN,19,172
CAN,19,173
CAN,19,174
CAN,19,175
CAN,19,176
CAN,19,177
CAN,19,178
CAN,19,179
CAN,19,180
CAN,19,181
CAN,19,182
CAN,19,183
CAN,19,184
CAN,19,185
CAN,19,186
CAN,19,187
CAN,19,188
CAN,19,189
CAN,19,190
CAN,19,191
CAN,19,192
CAN,19,193
CAN,19,194
CAN,19,195
CAN,19,196
CAN,19,197
CAN,19,198
CAN,19,199
CAN,19,200
CAN,19,201
CAN,19,202
CAN,19,203
CAN,19,204
CAN,19,205
CAN,19,206
CAN,19,207
CAN,19,208
CAN,19,209
CAN,19,210
CAN,19,211
CAN,19,212
CAN,19,213
CAN,19,214
CAN,19,215
CAN,19,216
CAN,19,217
CAN,19,218
CAN,19,219
CAN,19,220
CAN,19,221
CAN,19,222
CAN,19,223
CAN,19,224
CAN,19,225
CAN,19,226
CAN,20,160
CAN,20,161
CAN,20,162
CAN,20,163
CAN,20,167
CAN,20,168
CAN,20,169
CAN,20,170
CAN,20,171
CAN,20,172
CAN,20,173
CAN,20,174
CAN,20,175
CAN,20,176
CAN,20,177
CAN,20,178
CAN,20,179
CAN,20,180
CAN,20,181
CAN,20,182
CAN,20,183
CAN,20,184
CAN,20,185
CAN,20,186
CAN,20,187
CAN,20,188
CAN,20,189
CAN,20,190
CAN,20,191
CAN,20,192
CAN,20,193
CAN,20,194
CAN,20,195
CAN,20,196
CAN,20,197
CAN,20,198
CAN,20,199
CAN,20,200
CAN,20,201
CAN,20,202
CAN,20,203
CAN,20,204
CAN,20,205
CAN,20,206
CAN,20,207
CAN,20,208
CAN,20,209
CAN,20,210
CAN,20,211
CAN,20,212
CAN,20,213
CAN,20,214
CAN,20,215
CAN,20,216
CAN,20,217
CAN,20,218
CAN,20,219
CAN,20,220
CAN,20,221
CAN,20,222
CAN,21,160
CAN,21,161
CAN,21,162
CAN,21,163
CAN,21,167
CAN,21,168
CAN,21,169
CAN,21,170
CAN,21,171
CAN,21,172
CAN,21,173
CAN,21,174
CAN,21,175
CAN,21,176
CAN,21,177
CAN,21,178
CAN,21,179
CAN,21,180
CAN,21,181
CAN,21,182
CAN,21,183
CAN,21,184
CAN,21,185
CAN,21,186
CAN,21,187
CAN,21,188
CAN,21,189
CAN,21,190
CAN,21,191
CAN,21,192
CAN,21,193
CAN,21,194
CAN,21,195
CAN,21,196
CAN,21,197
CAN,21,198
CAN,21,199
CAN,21,200
CAN,21,201
CAN,21,202
CAN,21,203
CAN,21,204
CAN,21,205
CAN,21,206
CAN,21,207
CAN,21,208
CAN,21,209
CAN,21,210
CAN,21,211
CAN,21,212
CAN,21,213
CAN,21,214
CAN,21,215
CAN,21,216
CAN,21,217
CAN,21,218
CAN,21,219
CAN,22,149
CAN,22,150
CAN,22,151
CAN,22,152
CAN,22,153
CAN,22,154
CAN,22,155
CAN,22,156
CAN,22,157
CAN,22,158
CAN,22,169
CAN,22,170
CAN,22,171
CAN,22,172
CAN,22,173
CAN,22,174
CAN,22,175
CAN,22,176
CAN,22,177
CAN,22,178
CAN,22,179
CAN,22,180
CAN,22,181
CAN,22,182
CAN,22,183
CAN,22,184
CAN,22,185
CAN,22,186
CAN,22,187
CAN,22,188
CAN,22,189
CAN,22,190
CAN,22,191
CAN,22,192
CAN,22,193
CAN,22,194
CAN,22,195
CAN,22,196
CAN,22,197
CAN,22,198
CAN,22,199
CAN,22,200
CAN,22,201
CAN,22,202
CAN,22,203
CAN,22,204
CAN,22,205
CAN,22,206
CAN,22,207
CAN,22,208
CAN,22,209
CAN,22,210
CAN,22,211
CAN,22,212
CAN,23,135
CAN,23,136
CAN,23,137
CAN,23,138
CAN,23,139
CAN,23,140
CAN,23,141
CAN,23,142
CAN,23,151
CAN,23,152
CAN,23,153
CAN,23,154
CAN,23,155
CAN,23,156
CAN,23,157
CAN,23,158
CAN,23,159
CAN,23,160
CAN,23,161
CAN,23,164
CAN,23,165
CAN,23,166
CAN,23,167
CAN,23,168
CAN,23,169
CAN,23,170
CAN,23,172
CAN,23,173
CAN,23,174
CAN,23,175
CAN,23,176
CAN,23,177
CAN,23,178
CAN,23,179
CAN,23,180
CAN,23,181
CAN,23,182
CAN,23,183
CAN,23,184
CAN,23,185
CAN,23,186
CAN,23,187
CAN,23,188
CAN,23,189
CAN,23,190
CAN,23,191
CAN,23,192
CAN,23,193
CAN,23,194
CAN,23,195
CAN,23,196
CAN,23,197
CAN,23,198
CAN,23,199
CAN,23,200
CAN,23,201
CAN,23,202
CAN,23,203
CAN,23,204
CAN,23,205
CAN,23,206
CAN,23,207
CAN,23,208
CAN,23,209
CAN,23,210
CAN,23,211
CAN,23,212
CAN,24,131
CAN,24,132
CAN,24,134
CAN,24,135
CAN,24,136
CAN,24,137
CAN,24,138
CAN,24,139
CAN,24,140
CAN,24,141
CAN,24,142
CAN,24,151
CAN,24,152
CAN,24,153
CAN,24,154
CAN,24,155
CAN,24,156
CAN,24,157
CAN,24,158
CAN,24,159
CAN,24,160
CAN,24,161
CAN,24,162
CAN,24,163
CAN,24,164
CAN,24,165
CAN,24,166
CAN,24,167
CAN,24,168
CAN,24,169
CAN,24,170
CAN,24,171
CAN,24,175
CAN,24,176
CAN,24,177
CAN,24,178
CAN,24,179
CAN,24,180
CAN,24,181
CAN,24,182
CAN,24,183
CAN,24,184
CAN,24,186
CAN,24,187
CAN,24,188
CAN,24,189
CAN,24,190
CAN,24,191
CAN,24,192
CAN,24,193
CAN,24,194
CAN,24,195
CAN,24,196
CAN,24,197
CAN,24,198
CAN,24,199
CAN,24,200
CAN,24,201
CAN,24,202
CAN,24,203
CAN,24,204
CAN,24,205
CAN,24,206
CAN,24,207
CAN,24,208
CAN,24,209
CAN,24,210
CAN,25,127
CAN,25,128
CAN,25,130
CAN,25,131
CAN,25,132
CAN,25,133
CAN,25,134
CAN,25,135
CAN,25,136
CAN,25,137
CAN,25,138
CAN,25,139
CAN,25,140
CAN,25,141
CAN,25,148
CAN,25,149
CAN,25,150
CAN,25,151
CAN,25,156
CAN,25,157
CAN,25,158
CAN,25,159
CAN,25,160
CAN,25,161
CAN,25,162
CAN,25,166
CAN,25,167
CAN,25,168
CAN,25,169
CAN,25,170
CAN,25,171
CAN,25,172
CAN,25,173
CAN,25,174
CAN,25,178
CAN,25,179
CAN,25,180
CAN,25,181
CAN,25,184
CAN,25,185
CAN,25,186
CAN,25,187
CAN,25,188
CAN,25,189
CAN,25,190
CAN,25,191
CAN,25,192
CAN,25,193
CAN,25,194
CAN,25,195
CAN,25,196
CAN,25,197
CAN,25,198
CAN,25,199
CAN,25,200
CAN,25,201
CAN,25,202
CAN,25,203
CAN,25,204
CAN,25,205
CAN,25,206
CAN,25,207
CAN,26,120
CAN,26,121
CAN,26,122
CAN,26,123
CAN,26,124
CAN,26,125
CAN,26,126
CAN,26,127
CAN,26,128
CAN,26,129
CAN,26,130
CAN,26,135
CAN,26,136
CAN,26,137
CAN,26,138
CAN,26,139
CAN,26,149
CAN,26,150
CAN,26,151
CAN,26,152
CAN,26,168
CAN,26,169
CAN,26,170
CAN,26,173
CAN,26,178
CAN,26,179
CAN,26,180
CAN,26,181
CAN,26,183
CAN,26,184
CAN,26,185
CAN,26,186
CAN,26,187
CAN,26,188
CAN,26,189
CAN,26,190
CAN,26,191
CAN,26,192
CAN,26,193
CAN,26,194
CAN,26,195
CAN,26,196
CAN,26,197
CAN,26,198
CAN,26,199
CAN,26,200
CAN,26,201
CAN,26,202
CAN,26,203
CAN,26,204
CAN,27,118
CAN,27,119
CAN,27,120
CAN,27,121
CAN,27,122
CAN,27,123
CAN,27,124
CAN,27,125
CAN,27,126
CAN,27,127
CAN,27,128
CAN,27,129
CAN,27,131
CAN,27,132
CAN,27,133
CAN,27,134
CAN,27,141
CAN,27,142
CAN,27,143
CAN,27,144
CAN,27,151
CAN,27,152
CAN,27,153
CAN,27,154
CAN,27,157
CAN,27,158
CAN,27,159
CAN,27,160
CAN,27,161
CAN,27,162
CAN,27,163
CAN,27,164
CAN,27,165
CAN,27,167
CAN,27,168
CAN,27,169
CAN,27,170
CAN,27,171
CAN,27,172
CAN,27,173
CAN,27,174
CAN,27,175
CAN,27,176
CAN,27,177
CAN,27,178
CAN,27,179
CAN,27,180
CAN,27,181
CAN,27,182
CAN,27,183
CAN,27,184
CAN,27,185
CAN,27,186
CAN,27,187
CAN,27,188
CAN,27,189
CAN,27,190
CAN,27,191
CAN,27,192
CAN,27,193
CAN,27,194
CAN,27,195
CAN,27,196
CAN,27,197
CAN,27,198
CAN,27,199
CAN,27,200
CAN,27,201
CAN,27,202
CAN,27,203
CAN,27,204
CAN,27,205
CAN,28,115
CAN,28,116
CAN,28,117
CAN,28,118
CAN,28,119
CAN,28,120
CAN,28,121
CAN,28,122
CAN,28,123
CAN,28,124
CAN,28,125
CAN,28,126
CAN,28,127
CAN,28,128
CAN,28,129
CAN,28,130
CAN,28,131
CAN,28,132
CAN,28,133
CAN,28,134
CAN,28,135
CAN,28,136
CAN,28,140
CAN,28,141
CAN,28,142
CAN,28,143
CAN,28,144
CAN,28,145
CAN,28,147
CAN,28,148
CAN,28,149
CAN,28,152
CAN,28,153
CAN,28,154
CAN,28,155
CAN,28,156
CAN,28,157
CAN,28,158
CAN,28,159
CAN,28,160
CAN,28,161
CAN,28,162
CAN,28,163
CAN,28,164
CAN,28,165
CAN,28,169
CAN,28,170
CAN,28,171
CAN,28,172
CAN,28,173
CAN,28,174
CAN,28,175
CAN,28,176
CAN,28,177
CAN,28,178
CAN,28,179
CAN,28,180
CAN,28,181
CAN,28,182
CAN,28,183
CAN,28,184
CAN,28,185
CAN,28,186
CAN,28,187
CAN,28,188
CAN,28,189
CAN,28,190
CAN,28,191
CAN,28,192
CAN,28,193
CAN,28,194
CAN,28,195
CAN,28,196
CAN,28,198
CAN,28,199
CAN,28,200
CAN,28,201
CAN,28,202
CAN,28,203
CAN,29,115
CAN,29,116
CAN,29,118
CAN,29,119
CAN,29,120
CAN,29,121
CAN,29,122
CAN,29,123
CAN,29,124
CAN,29,125
CAN,29,126
CAN,29,127
CAN,29,128
CAN,29,129
CAN,29,130
CAN,29,131
CAN,29,132
CAN,29,133
CAN,29,134
CAN,29,135
CAN,29,136
CAN,29,137
CAN,29,138
CAN,29,139
CAN,29,140
CAN,29,141
CAN,29,142
CAN,29,143
CAN,29,144
CAN,29,145
CAN,29,146
CAN,29,147
CAN,29,148
CAN,29,149
CAN,29,150
CAN,29,153
CAN,29,154
CAN,29,155
CAN,29,156
CAN,29,157
CAN,29,158
CAN,29,159
CAN,29,160
CAN,29,161
CAN,29,162
CAN,29,163
CAN,29,164
CAN,29,165
CAN,29,166
CAN,29,167
CAN,29,168
CAN,29,169
CAN,29,170
CAN,29,171
CAN,29,172
CAN,29,176
CAN,29,177
CAN,29,178
CAN,29,179
CAN,29,180
CAN,29,181
CAN,29,182
CAN,29,183
CAN,29,184
CAN,29,185
CAN,29,186
CAN,29,187
CAN,29,188
CAN,29,189
CAN,29,190
CAN,29,191
CAN,29,192
CAN,29,193
CAN,29,194
CAN,29,195
CAN,29,196
CAN,29,197
CAN,29,198
CAN,29,199
CAN,29,200
CAN,29,201
CAN,29,202
CAN,29,203
CAN,30,125
CAN,30,126
CAN,30,127
CAN,30,128
CAN,30,129
CAN,30,130
CAN,30,131
CAN,30,132
CAN,30,133
CAN,30,134
CAN,30,135
CAN,30,136
CAN,30,137
CAN,30,138
CAN,30,139
CAN,30,140
CAN,30,141
CAN,30,142
CAN,30,143
CAN,30,144
CAN,30,145
CAN,30,146
CAN,30,147
CAN,30,148
CAN,30,149
CAN,30,151
CAN,30,152
CAN,30,153
CAN,30,159
CAN,30,160
CAN,30,161
CAN,30,162
CAN,30,163
CAN,30,164
CAN,30,165
CAN,30,166
CAN,30,167
CAN,30,168
CAN,30,169
CAN,30,170
CAN,30,171
CAN,30,172
CAN,30,173
CAN,30,174
CAN,30,176
CAN,30,177
CAN,30,178
CAN,30,179
CAN,30,180
CAN,30,181
CAN,30,182
CAN,30,183
CAN,30,184
CAN,30,185
CAN,30,186
CAN,30,187
CAN,30,188
CAN,30,189
CAN,30,190
CAN,30,191
CAN,30,192
CAN,30,193
CAN,30,194
CAN,30,195
CAN,30,196
CAN,30,197
CAN,30,198
CAN,30,199
CAN,30,200
CAN,30,201
CAN,31,116
CAN,31,117
CAN,31,118
CAN,31,132
CAN,31,133
CAN,31,134
CAN,31,135
CAN,31,136
CAN,31,137
CAN,31,138
CAN,31,139
CAN,31,140
CAN,31,141
CAN,31,142
CAN,31,143
CAN,31,144
CAN,31,146
CAN,31,147
CAN,31,165
CAN,31,166
CAN,31,168
CAN,31,169
CAN,31,170
CAN,31,171
CAN,31,172
CAN,31,173
CAN,31,174
CAN,31,176
CAN,31,177
CAN,31,178
CAN,31,179
CAN,31,180
CAN,31,181
CAN,31,182
CAN,31,183
CAN,31,184
CAN,31,185
CAN,31,186
CAN,31,187
CAN,31,188
CAN,31,189
CAN,31,190
CAN,31,191
CAN,31,192
CAN,31,193
CAN,31,194
CAN,31,195
CAN,31,196
CAN,31,197
CAN,31,198
CAN,31,199
CAN,31,200
CAN,31,201
CAN,31,202
CAN,32,111
CAN,32,112
CAN,32,113
CAN,32,114
CAN,32,115
CAN,32,116
CAN,32,117
CAN,32,118
CAN,32,119
CAN,32,120
CAN,32,121
CAN,32,122
CAN,32,123
CAN,32,124
CAN,32,125
CAN,32,126
CAN,32,127
CAN,32,133
CAN,32,134
CAN,32,135
CAN,32,136
CAN,32,163
CAN,32,164
CAN,32,165
CAN,32,170
CAN,32,171
CAN,32,172
CAN,32,173
CAN,32,174
CAN,32,175
CAN,32,176
CAN,32,177
CAN,32,178
CAN,32,179
CAN,33,112
CAN,33,113
CAN,33,114
CAN,33,115
CAN,33,116
CAN,33,117
CAN,33,118
CAN,33,119
CAN,33,120
CAN,33,121
CAN,33,122
CAN,33,123
CAN,33,124
CAN,33,125
CAN,33,126
CAN,33,127
CAN,33,128
CAN,33,129
CAN,33,130
CAN,33,144
CAN,33,145
CAN,33,147
CAN,33,148
CAN,33,149
CAN,33,150
CAN,33,151
CAN,33,152
CAN,33,158
CAN,33,159
CAN,33,160
CAN,33,161
CAN,33,162
CAN,33,163
CAN,33,164
CAN,33,165
CAN,33,166
CAN,33,167
CAN,33,169
CAN,33,170
CAN,33,171
CAN,33,172
CAN,33,173
CAN,33,174
CAN,33,175
CAN,33,176
CAN,33,177
CAN,33,178
CAN,33,179
CAN,33,180
CAN,33,184
CAN,33,185
CAN,33,186
CAN,33,187
CAN,33,188
CAN,33,189
CAN,33,190
CAN,33,191
CAN,33,193
CAN,33,194
CAN,33,195
CAN,33,196
CAN,33,197
CAN,33,198
CAN,33,199
CAN,33,200
CAN,33,201
CAN,33,202
CAN,33,203
CAN,33,204
CAN,33,205
CAN,33,206
CAN,34,111
CAN,34,112
CAN,34,113
CAN,34,114
CAN,34,115
CAN,34,116
CAN,34,117
CAN,34,118
CAN,34,119
CAN,34,120
CAN,34,121
CAN,34,122
CAN,34,123
CAN,34,124
CAN,34,125
CAN,34,126
CAN,34,127
CAN,34,128
CAN,34,129
CAN,34,130
CAN,34,131
CAN,34,132
CAN,34,133
CAN,34,134
CAN,34,135
CAN,34,139
CAN,34,140
CAN,34,144
CAN,34,145
CAN,34,146
CAN,34,147
CAN,34,148
CAN,34,149
CAN,34,150
CAN,34,151
CAN,34,155
CAN,34,156
CAN,34,157
CAN,34,158
CAN,34,159
CAN,34,160
CAN,34,161
CAN,34,162
CAN,34,163
CAN,34,164
CAN,34,165
CAN,34,166
CAN,34,167
CAN,34,169
CAN,34,170
CAN,34,171
CAN,34,172
CAN,34,173
CAN,34,174
CAN,34,175
CAN,34,176
CAN,34,177
CAN,34,178
CAN,34,182
CAN,34,183
CAN,34,184
CAN,34,185
CAN,34,186
CAN,34,187
CAN,34,188
CAN,34,189
CAN,34,190
CAN,34,191
CAN,34,192
CAN,34,193
CAN,34,194
CAN,34,195
CAN,34,196
CAN,34,197
CAN,34,198
CAN,34,199
CAN,34,200
CAN,34,201
CAN,34,202
CAN,34,203
CAN,34,204
CAN,34,205
CAN,34,206
CAN,34,207
CAN,34,208
CAN,35,110
CAN,35,111
CAN,35,112
CAN,35,113
CAN,35,114
CAN,35,115
CAN,35,116
CAN,35,117
CAN,35,118
CAN,35,119
CAN,35,120
CAN,35,121
CAN,35,122
CAN,35,123
CAN,35,124
CAN,35,125
CAN,35,126
CAN,35,127
CAN,35,128
CAN,35,129
CAN,35,130
CAN,35,131
CAN,35,132
CAN,35,133
CAN,35,134
CAN,35,135
CAN,35,136
CAN,35,137
CAN,35,138
CAN,35,139
CAN,35,140
CAN,35,141
CAN,35,142
CAN,35,143
CAN,35,144
CAN,35,145
CAN,35,146
CAN,35,147
CAN,35,148
CAN,35,149
CAN,35,150
CAN,35,155
CAN,35,156
CAN,35,157
CAN,35,158
CAN,35,159
CAN,35,160
CAN,35,161
CAN,35,162
CAN,35,163
CAN,35,164
CAN,35,165
CAN,35,166
CAN,35,167
CAN,35,168
CAN,35,169
CAN,35,170
CAN,35,171
CAN,35,172
CAN,35,173
CAN,35,174
CAN,35,175
CAN,35,176
CAN,35,177
CAN,35,181
CAN,35,182
CAN,35,183
CAN,35,184
CAN,35,185
CAN,35,186
CAN,35,187
CAN,35,188
CAN,35,189
CAN,35,190
CAN,35,191
CAN,35,192
CAN,35,193
CAN,35,194
CAN,35,195
CAN,35,196
CAN,35,197
CAN,35,198
CAN,35,199
CAN,35,200
CAN,35,201
CAN,35,202
CAN,35,203
CAN,35,204
CAN,35,205
CAN,35,206
CAN,35,207
CAN,35,208
CAN,35,209
CAN,35,210
CAN,36,109
CAN,36,110
CAN,36,111
CAN,36,112
CAN,36,113
CAN,36,114
CAN,36,115
CAN,36,116
CAN,36,117
CAN,36,118
CAN,36,119
CAN,36,120
CAN,36,121
CAN,36,122
CAN,36,123
CAN,36,124
CAN,36,125
CAN,36,126
CAN,36,127
CAN,36,128
CAN,36,129
CAN,36,130
CAN,36,131
CAN,36,132
CAN,36,133
CAN,36,134
CAN,36,135
CAN,36,136
CAN,36,137
CAN,36,138
CAN,36,139
CAN,36,140
CAN,36,141
CAN,36,142
CAN,36,143
CAN,36,144
CAN,36,145
CAN,36,146
CAN,36,147
CAN,36,148
CAN,36,149
CAN,36,150
CAN,36,151
CAN,36,157
CAN,36,158
CAN,36,159
CAN,36,160
CAN,36,161
CAN,36,162
CAN,36,163
CAN,36,164
CAN,36,165
CAN,36,166
CAN,36,167
CAN,36,168
CAN,36,170
CAN,36,171
CAN,36,172
CAN,36,173
CAN,36,174
CAN,36,181
CAN,36,182
CAN,36,183
CAN,36,184
CAN,36,185
CAN,36,186
CAN,36,187
CAN,36,188
CAN,36,189
CAN,36,190
CAN,36,191
CAN,36,192
CAN,36,193
CAN,36,194
CAN,36,195
CAN,36,196
CAN,36,197
CAN,36,198
CAN,36,199
CAN,36,200
CAN,36,201
CAN,36,202
CAN,36,203
CAN,36,204
CAN,36,205
CAN,36,206
CAN,36,207
CAN,36,208
CAN,36,209
CAN,36,210
CAN,36,211
CAN,36,212
CAN,37,110
CAN,37,111
CAN,37,112
CAN,37,113
CAN,37,114
CAN,37,115
CAN,37,116
CAN,37,117
CAN,37,118
CAN,37,119
CAN,37,120
CAN,37,122
CAN,37,123
CAN,37,124
CAN,37,125
CAN,37,126
CAN,37,127
CAN,37,128
CAN,37,129
CAN,37,130
CAN,37,131
CAN,37,132
CAN,37,133
CAN,37,134
CAN,37,135
CAN,37,136
CAN,37,137
CAN,37,138
CAN,37,139
CAN,37,140
CAN,37,141
CAN,37,142
CAN,37,143
CAN,37,144
CAN,37,145
CAN,37,146
CAN,37,147
CAN,37,148
CAN,37,149
CAN,37,150
CAN,37,151
CAN,37,152
CAN,37,160
CAN,37,161
CAN,37,162
CAN,37,163
CAN,37,164
CAN,37,165
CAN,37,166
CAN,37,167
CAN,37,169
CAN,37,170
CAN,37,171
CAN,37,172
CAN,37,173
CAN,37,174
CAN,37,180
CAN,37,181
CAN,37,182
CAN,37,183
CAN,37,184
CAN,37,185
CAN,37,186
CAN,37,187
CAN,37,188
CAN,37,189
CAN,37,190
CAN,37,191
CAN,37,192
CAN,37,193
CAN,37,194
CAN,37,195
CAN,37,196
CAN,37,197
CAN,37,198
CAN,37,199
CAN,37,200
CAN,37,201
CAN,37,202
CAN,37,203
CAN,37,204
CAN,37,205
CAN,37,206
CAN,37,207
CAN,37,208
CAN,37,209
CAN,37,210
CAN,37,211
CAN,37,212
CAN,37,213
CAN,37,214
CAN,37,215
CAN,37,216
CAN,37,217
CAN,38,113
CAN,38,114
CAN,38,115
CAN,38,116
CAN,38,117
CAN,38,118
CAN,38,119
CAN,38,124
CAN,38,125
CAN,38,126
CAN,38,127
CAN,38,128
CAN,38,129
CAN,38,130
CAN,38,131
CAN,38,132
CAN,38,133
CAN,38,134
CAN,38,135
CAN,38,136
CAN,38,137
CAN,38,138
CAN,38,139
CAN,38,140
CAN,38,141
CAN,38,142
CAN,38,143
CAN,38,144
CAN,38,145
CAN,38,146
CAN,38,147
CAN,38,148
CAN,38,149
CAN,38,150
CAN,38,151
CAN,38,152
CAN,38,162
CAN,38,163
CAN,38,164
CAN,38,168
CAN,38,169
CAN,38,170
CAN,38,171
CAN,38,172
CAN,38,173
CAN,38,174
CAN,38,175
CAN,38,181
CAN,38,182
CAN,38,183
CAN,38,184
CAN,38,185
CAN,38,186
CAN,38,187
CAN,38,188
CAN,38,189
CAN,38,190
CAN,38,191
CAN,38,192
CAN,38,193
CAN,38,194
CAN,38,195
CAN,38,196
CAN,38,197
CAN,38,198
CAN,38,199
CAN,38,200
CAN,38,201
CAN,38,202
CAN,38,203
CAN,38,204
CAN,38,205
CAN,38,206
CAN,38,207
CAN,38,208
CAN,38,209
CAN,38,210
CAN,38,211
CAN,38,212
CAN,38,213
CAN,38,214
CAN,38,215
CAN,38,216
CAN,38,217
CAN,38,218
CAN,38,219
CAN,39,104
CAN,39,105
CAN,39,124
CAN,39,125
CAN,39,126
CAN,39,127
CAN,39,128
CAN,39,129
CAN,39,130
CAN,39,131
CAN,39,132
CAN,39,133
CAN,39,134
CAN,39,135
CAN,39,136
CAN,39,137
CAN,39,138
CAN,39,139
CAN,39,140
CAN,39,141
CAN,39,142
CAN,39,143
CAN,39,144
CAN,39,145
CAN,39,146
CAN,39,147
CAN,39,148
CAN,39,149
CAN,39,150
CAN,39,151
CAN,39,152
CAN,39,153
CAN,39,154
CAN,39,155
CAN,39,159
CAN,39,160
CAN,39,167
CAN,39,168
CAN,39,169
CAN,39,170
CAN,39,171
CAN,39,172
CAN,39,173
CAN,39,174
CAN,39,175
CAN,39,176
CAN,39,182
CAN,39,183
CAN,39,184
CAN,39,185
CAN,39,186
CAN,39,187
CAN,39,188
CAN,39,189
CAN,39,190
CAN,39,191
CAN,39,192
CAN,39,193
CAN,39,194
CAN,39,195
CAN,39,196
CAN,39,197
CAN,39,198
CAN,39,199
CAN,39,200
CAN,39,201
CAN,39,202
CAN,39,203
CAN,39,204
CAN,39,205
CAN,39,206
CAN,39,207
CAN,39,208
CAN,39,209
CAN,39,210
CAN,39,211
CAN,39,212
CAN,39,213
CAN,39,214
CAN,39,215
CAN,39,216
CAN,39,217
CAN,39,218
CAN,39,219
CAN,39,220
CAN,39,221
CAN,39,222
CAN,39,223
CAN,39,224
CAN,40,99
CAN,40,100
CAN,40,101
CAN,40,102
CAN,40,104
CAN,40,105
CAN,40,106
CAN,40,107
CAN,40,110
CAN,40,111
CAN,40,112
CAN,40,126
CAN,40,127
CAN,40,128
CAN,40,129
CAN,40,130
CAN,40,131
CAN,40,132
CAN,40,133
CAN,40,134
CAN,40,135
CAN,40,136
CAN,40,137
CAN,40,138
CAN,40,139
CAN,40,140
CAN,40,141
CAN,40,142
CAN,40,143
CAN,40,144
CAN,40,145
CAN,40,146
CAN,40,147
CAN,40,148
CAN,40,149
CAN,40,150
CAN,40,151
CAN,40,152
CAN,40,153
CAN,40,154
CAN,40,155
CAN,40,156
CAN,40,157
CAN,40,158
CAN,40,159
CAN,40,167
CAN,40,168
CAN,40,169
CAN,40,170
CAN,40,171
CAN,40,172
CAN,40,173
CAN,40,174
CAN,40,175
CAN,40,176
CAN,40,177
CAN,40,184
CAN,40,185
CAN,40,186
CAN,40,187
CAN,40,188
CAN,40,189
CAN,40,190
CAN,40,191
CAN,40,192
CAN,40,193
CAN,40,194
CAN,40,195
CAN,40,196
CAN,40,197
CAN,40,198
CAN,40,199
CAN,40,200
CAN,40,201
CAN,40,202
CAN,40,203
CAN,40,204
CAN,40,205
CAN,40,206
CAN,40,207
CAN,40,208
CAN,40,209
CAN,40,210
CAN,40,211
CAN,40,212
CAN,40,213
CAN,40,214
CAN,40,215
CAN,40,216
CAN,40,217
CAN,40,218
CAN,40,219
CAN,40,220
CAN,40,221
CAN,40,222
CAN,40,223
CAN,40,224
CAN,40,225
CAN,40,226
CAN,41,79
CAN,41,80
CAN,41,81
CAN,41,82
CAN,41,83
CAN,41,89
CAN,41,90
CAN,41,91
CAN,41,92
CAN,41,93
CAN,41,95
CAN,41,96
CAN,41,97
CAN,41,98
CAN,41,99
CAN,41,100
CAN,41,101
CAN,41,102
CAN,41,103
CAN,41,104
CAN,41,105
CAN,41,106
CAN,41,107
CAN,41,108
CAN,41,110
CAN,41,111
CAN,41,112
CAN,41,114
CAN,41,115
CAN,41,116
CAN,41,117
CAN,41,118
CAN,41,119
CAN,41,126
CAN,41,127
CAN,41,128
CAN,41,129
CAN,41,130
CAN,41,131
CAN,41,132
CAN,41,133
CAN,41,134
CAN,41,135
CAN,41,136
CAN,41,137
CAN,41,138
CAN,41,139
CAN,41,140
CAN,41,141
CAN,41,142
CAN,41,143
CAN,41,144
CAN,41,145
CAN,41,146
CAN,41,147
CAN,41,148
CAN,41,149
CAN,41,150
CAN,41,151
CAN,41,152
CAN,41,153
CAN,41,154
CAN,41,155
CAN,41,156
CAN,41,157
CAN,41,158
CAN,41,159
CAN,41,163
CAN,41,164
CAN,41,165
CAN,41,166
CAN,41,167
CAN,41,168
CAN,41,169
CAN,41,170
CAN,41,171
CAN,41,172
CAN,41,173
CAN,41,174
CAN,41,175
CAN,41,176
CAN,41,177
CAN,41,178
CAN,41,179
CAN,41,180
CAN,41,189
CAN,41,190
CAN,41,191
CAN,41,192
CAN,41,193
CAN,41,194
CAN,41,195
CAN,41,196
CAN,41,197
CAN,41,198
CAN,41,199
CAN,41,200
CAN,41,201
CAN,41,202
CAN,41,203
CAN,41,204
CAN,41,205
CAN,41,206
CAN,41,207
CAN,41,208
CAN,41,209
CAN,41,210
CAN,41,211
CAN,41,212
CAN,41,213
CAN,41,214
CAN,41,215
CAN,41,216
CAN,41,217
CAN,41,218
CAN,41,219
CAN,41,220
CAN,41,221
CAN,41,222
CAN,41,223
CAN,41,224
CAN,41,225
CAN,41,226
CAN,42,79
CAN,42,80
CAN,42,81
CAN,42,82
CAN,42,83
CAN,42,84
CAN,42,85
CAN,42,86
CAN,42,88
CAN,42,89
CAN,42,90
CAN,42,91
CAN,42,92
CAN,42,93
CAN,42,94
CAN,42,95
CAN,42,96
CAN,42,97
CAN,42,98
CAN,42,99
CAN,42,100
CAN,42,101
CAN,42,102
CAN,42,103
CAN,42,104
CAN,42,105
CAN,42,106
CAN,42,107
CAN,42,108
CAN,42,109
CAN,42,110
CAN,42,111
CAN,42,112
CAN,42,113
CAN,42,114
CAN,42,115
CAN,42,116
CAN,42,117
CAN,42,118
CAN,42,119
CAN,42,120
CAN,42,121
CAN,42,122
CAN,42,123
CAN,42,124
CAN,42,125
CAN,42,127
CAN,42,128
CAN,42,129
CAN,42,130
CAN,42,131
CAN,42,132
CAN,42,133
CAN,42,134
CAN,42,135
CAN,42,136
CAN,42,137
CAN,42,138
CAN,42,139
CAN,42,140
CAN,42,141
CAN,42,142
CAN,42,143
CAN,42,144
CAN,42,145
CAN,42,146
CAN,42,147
CAN,42,148
CAN,42,149
CAN,42,150
CAN,42,151
CAN,42,152
CAN,42,153
CAN,42,154
CAN,42,155
CAN,42,156
CAN,42,157
CAN,42,158
CAN,42,159
CAN,42,160
CAN,42,161
CAN,42,162
CAN,42,163
CAN,42,164
CAN,42,165
CAN,42,166
CAN,42,167
CAN,42,168
CAN,42,169
CAN,42,170
CAN,42,172
CAN,42,173
CAN,42,174
CAN,42,175
CAN,42,176
CAN,42,177
CAN,42,178
CAN,42,179
CAN,42,180
CAN,42,181
CAN,42,182
CAN,42,183
CAN,42,184
CAN,42,190
CAN,42,191
CAN,42,192
CAN,42,193
CAN,42,194
CAN,42,195
CAN,42,196
CAN,42,197
CAN,42,198
CAN,42,200
CAN,42,202
CAN,42,203
CAN,42,204
CAN,42,206
CAN,42,207
CAN,42,208
CAN,42,209
CAN,42,210
CAN,42,211
CAN,42,212
CAN,42,213
CAN,42,214
CAN,42,215
CAN,42,216
CAN,42,217
CAN,42,218
CAN,42,219
CAN,42,220
CAN,42,221
CAN,42,222
CAN,42,223
CAN,42,224
CAN,42,225
CAN,42,226
CAN,42,227
CAN,43,79
CAN,43,80
CAN,43,81
CAN,43,82
CAN,43,83
CAN,43,84
CAN,43,85
CAN,43,86
CAN,43,87
CAN,43,88
CAN,43,89
CAN,43,90
CAN,43,91
CAN,43,92
CAN,43,93
CAN,43,94
CAN,43,95
CAN,43,96
CAN,43,97
CAN,43,98
CAN,43,99
CAN,43,100
CAN,43,101
CAN,43,102
CAN,43,103
CAN,43,104
CAN,43,105
CAN,43,106
CAN,43,107
CAN,43,108
CAN,43,109
CAN,43,110
CAN,43,111
CAN,43,112
CAN,43,113
CAN,43,114
CAN,43,115
CAN,43,116
CAN,43,117
CAN,43,118
CAN,43,119
CAN,43,120
CAN,43,121
CAN,43,122
CAN,43,123
CAN,43,124
CAN,43,125
CAN,43,126
CAN,43,127
CAN,43,128
CAN,43,129
CAN,43,130
CAN,43,131
CAN,43,132
CAN,43,133
CAN,43,134
CAN,43,135
CAN,43,136
CAN,43,137
CAN,43,138
CAN,43,139
CAN,43,140
CAN,43,141
CAN,43,142
CAN,43,143
CAN,43,144
CAN,43,145
CAN,43,146
CAN,43,147
CAN,43,148
CAN,43,149
CAN,43,150
CAN,43,151
CAN,43,152
CAN,43,153
CAN,43,154
CAN,43,155
CAN,43,156
CAN,43,157
CAN,43,159
CAN,43,160
CAN,43,162
CAN,43,163
CAN,43,164
CAN,43,165
CAN,43,166
CAN,43,167
CAN,43,168
CAN,43,169
CAN,43,170
CAN,43,171
CAN,43,172
CAN,43,173
CAN,43,174
CAN,43,175
CAN,43,176
CAN,43,177
CAN,43,178
CAN,43,179
CAN,43,180
CAN,43,181
CAN,43,182
CAN,43,183
CAN,43,184
CAN,43,185
CAN,43,189
CAN,43,190
CAN,43,191
CAN,43,192
CAN,43,193
CAN,43,194
CAN,43,195
CAN,43,196
CAN,43,197
CAN,43,198
CAN,43,202
CAN,43,203
CAN,43,204
CAN,43,207
CAN,43,208
CAN,43,209
CAN,43,210
CAN,43,211
CAN,43,212
CAN,43,213
CAN,43,214
CAN,43,215
CAN,43,216
CAN,43,217
CAN,43,218
CAN,43,219
CAN,43,220
CAN,43,221
CAN,43,222
CAN,43,223
CAN,43,224
CAN,43,225
CAN,43,226
CAN,44,79
CAN,44,80
CAN,44,81
CAN,44,82
CAN,44,83
CAN,44,84
CAN,44,85
CAN,44,86
CAN,44,87
CAN,44,88
CAN,44,89
CAN,44,90
CAN,44,91
CAN,44,92
CAN,44,93
CAN,44,94
CAN,44,95
CAN,44,96
CAN,44,97
CAN,44,98
CAN,44,99
CAN,44,100
CAN,44,101
CAN,44,102
CAN,44,103
CAN,44,104
CAN,44,105
CAN,44,106
CAN,44,107
CAN,44,108
CAN,44,109
CAN,44,110
CAN,44,111
CAN,44,112
CAN,44,113
CAN,44,114
CAN,44,115
CAN,44,116
CAN,44,117
CAN,44,118
CAN,44,119
CAN,44,120
CAN,44,121
CAN,44,122
CAN,44,123
CAN,44,124
CAN,44,125
CAN,44,126
CAN,44,127
CAN,44,128
CAN,44,129
CAN,44,130
CAN,44,131
CAN,44,132
CAN,44,133
CAN,44,135
CAN,44,137
CAN,44,140
CAN,44,141
CAN,44,142
CAN,44,143
CAN,44,144
CAN,44,145
CAN,44,146
CAN,44,147
CAN,44,148
CAN,44,149
CAN,44,150
CAN,44,151
CAN,44,152
CAN,44,153
CAN,44,154
CAN,44,160
CAN,44,162
CAN,44,163
CAN,44,164
CAN,44,165
CAN,44,166
CAN,44,167
CAN,44,168
CAN,44,169
CAN,44,170
CAN,44,171
CAN,44,172
CAN,44,173
CAN,44,174
CAN,44,175
CAN,44,176
CAN,44,177
CAN,44,178
CAN,44,179
CAN,44,180
CAN,44,181
CAN,44,182
CAN,44,183
CAN,44,184
CAN,44,185
CAN,44,187
CAN,44,188
CAN,44,189
CAN,44,190
CAN,44,191
CAN,44,192
CAN,44,193
CAN,44,194
CAN,44,195
CAN,44,196
CAN,44,197
CAN,44,202
CAN,44,203
CAN,44,206
CAN,44,207
CAN,44,208
CAN,44,209
CAN,44,210
CAN,44,211
CAN,44,212
CAN,44,213
CAN,44,214
CAN,44,215
CAN,44,216
CAN,44,217
CAN,44,218
CAN,44,219
CAN,44,220
CAN,44,221
CAN,44,222
CAN,44,223
CAN,44,224
CAN,44,225
CAN,44,226
CAN,44,227
CAN,44,228
CAN,44,229
CAN,44,230
CAN,44,231
CAN,45,79
CAN,45,80
CAN,45,81
CAN,45,82
CAN,45,83
CAN,45,84
CAN,45,85
CAN,45,86
CAN,45,87
CAN,45,88
CAN,45,89
CAN,45,90
CAN,45,91
CAN,45,92
CAN,45,93
CAN,45,94
CAN,45,95
CAN,45,96
CAN,45,97
CAN,45,98
CAN,45,99
CAN,45,100
CAN,45,101
CAN,45,102
CAN,45,103
CAN,45,104
CAN,45,105
CAN,45,106
CAN,45,107
CAN,45,108
CAN,45,109
CAN,45,110
CAN,45,111
CAN,45,112
CAN,45,113
CAN,45,114
CAN,45,115
CAN,45,116
CAN,45,117
CAN,45,118
CAN,45,119
CAN,45,120
CAN,45,121
CAN,45,122
CAN,45,123
CAN,45,124
CAN,45,125
CAN,45,126
CAN,45,127
CAN,45,128
CAN,45,129
CAN,45,130
CAN,45,131
CAN,45,132
CAN,45,133
CAN,45,134
CAN,45,135
CAN,45,136
CAN,45,137
CAN,45,138
CAN,45,139
CAN,45,140
CAN,45,141
CAN,45,142
CAN,45,143
CAN,45,144
CAN,45,145
CAN,45,146
CAN,45,147
CAN,45,148
CAN,45,149
CAN,45,150
CAN,45,151
CAN,45,152
CAN,45,153
CAN,45,154
CAN,45,155
CAN,45,156
CAN,45,157
CAN,45,158
CAN,45,159
CAN,45,160
CAN,45,161
CAN,45,162
CAN,45,163
CAN,45,164
CAN,45,165
CAN,45,166
CAN,45,167
CAN,45,168
CAN,45,169
CAN,45,170
CAN,45,171
CAN,45,172
CAN,45,173
CAN,45,174
CAN,45,175
CAN,45,176
CAN,45,177
CAN,45,178
CAN,45,179
CAN,45,180
CAN,45,181
CAN,45,182
CAN,45,183
CAN,45,184
CAN,45,185
CAN,45,187
CAN,45,188
CAN,45,189
CAN,45,190
CAN,45,191
CAN,45,192
CAN,45,193
CAN,45,194
CAN,45,195
CAN,45,196
CAN,45,197
CAN,45,198
CAN,45,206
CAN,45,207
CAN,45,208
CAN,45,209
CAN,45,210
CAN,45,211
CAN,45,212
CAN,45,213
CAN,45,214
CAN,45,215
CAN,45,216
CAN,45,217
CAN,45,218
CAN,45,219
CAN,45,220
CAN,45,221
CAN,45,222
CAN,45,223
CAN,45,224
CAN,45,225
CAN,45,226
CAN,45,227
CAN,45,228
CAN,45,229
CAN,45,230
CAN,45,231
CAN,45,232
CAN,45,233
CAN,46,79
CAN,46,80
CAN,46,81
CAN,46,82
CAN,46,83
CAN,46,84
CAN,46,85
CAN,46,86
CAN,46,87
CAN,46,88
CAN,46,89
CAN,46,90
CAN,46,91
CAN,46,92
CAN,46,93
CAN,46,94
CAN,46,95
CAN,46,96
CAN,46,97
CAN,46,98
CAN,46,99
CAN,46,100
CAN,46,101
CAN,46,102
CAN,46,103
CAN,46,104
CAN,46,105
CAN,46,106
CAN,46,107
CAN,46,108
CAN,46,109
CAN,46,110
CAN,46,111
CAN,46,112
CAN,46,113
CAN,46,114
CAN,46,115
CAN,46,116
CAN,46,117
CAN,46,118
CAN,46,119
CAN,46,120
CAN,46,121
CAN,46,122
CAN,46,123
CAN,46,124
CAN,46,125
CAN,46,126
CAN,46,127
CAN,46,128
CAN,46,129
CAN,46,130
CAN,46,131
CAN,46,132
CAN,46,133
CAN,46,134
CAN,46,135
CAN,46,136
CAN,46,137
CAN,46,138
CAN,46,139
CAN,46,140
CAN,46,141
CAN,46,142
CAN,46,143
CAN,46,144
CAN,46,145
CAN,46,146
CAN,46,147
CAN,46,148
CAN,46,149
CAN,46,150
CAN,46,151
CAN,46,152
CAN,46,153
CAN,46,154
CAN,46,155
CAN,46,156
CAN,46,157
CAN,46,158
CAN,46,159
CAN,46,160
CAN,46,161
CAN,46,162
CAN,46,163
CAN,46,164
CAN,46,165
CAN,46,166
CAN,46,167
CAN,46,168
CAN,46,169
CAN,46,170
CAN,46,171
CAN,46,172
CAN,46,173
CAN,46,174
CAN,46,175
CAN,46,176
CAN,46,177
CAN,46,178
CAN,46,179
CAN,46,180
CAN,46,181
CAN,46,182
CAN,46,183
CAN,46,184
CAN,46,185
CAN,46,186
CAN,46,187
CAN,46,188
CAN,46,189
CAN,46,190
CAN,46,191
CAN,46,192
CAN,46,193
CAN,46,194
CAN,46,195
CAN,46,196
CAN,46,197
CAN,46,198
CAN,46,206
CAN,46,207
CAN,46,208
CAN,46,209
CAN,46,210
CAN,46,215
CAN,46,216
CAN,46,217
CAN,46,218
CAN,46,219
CAN,46,220
CAN,46,221
CAN,46,222
CAN,46,223
CAN,46,224
CAN,46,225
CAN,46,226
CAN,46,227
CAN,46,228
CAN,46,229
CAN,46,230
CAN,46,231
CAN,46,232
CAN,46,233
CAN,46,234
CAN,46,235
CAN,46,236
CAN,47,79
CAN,47,80
CAN,47,81
CAN,47,82
CAN,47,83
CAN,47,84
CAN,47,85
CAN,47,86
CAN,47,87
CAN,47,88
CAN,47,89
CAN,47,90
CAN,47,91
CAN,47,92
CAN,47,93
CAN,47,94
CAN,47,95
CAN,47,96
CAN,47,97
CAN,47,98
CAN,47,99
CAN,47,100
CAN,47,101
CAN,47,102
CAN,47,103
CAN,47,104
CAN,47,105
CAN,47,106
CAN,47,107
CAN,47,108
CAN,47,109
CAN,47,110
CAN,47,111
CAN,47,112
CAN,47,113
CAN,47,114
CAN,47,115
CAN,47,116
CAN,47,117
CAN,47,118
CAN,47,119
CAN,47,120
CAN,47,121
CAN,47,122
CAN,47,123
CAN,47,124
CAN,47,125
CAN,47,126
CAN,47,127
CAN,47,128
CAN,47,129
CAN,47,130
CAN,47,131
CAN,47,132
CAN,47,133
CAN,47,134
CAN,47,135
CAN,47,136
CAN,47,137
CAN,47,138
CAN,47,139
CAN,47,140
CAN,47,141
CAN,47,142
CAN,47,143
CAN,47,144
CAN,47,145
CAN,47,146
CAN,47,147
CAN,47,148
CAN,47,149
CAN,47,150
CAN,47,151
CAN,47,152
CAN,47,153
CAN,47,154
CAN,47,155
CAN,47,156
CAN,47,157
CAN,47,158
CAN,47,159
CAN,47,160
CAN,47,161
CAN,47,162
CAN,47,163
CAN,47,164
CAN,47,165
CAN,47,166
CAN,47,167
CAN,47,168
CAN,47,169
CAN,47,170
CAN,47,171
CAN,47,172
CAN,47,173
CAN,47,174
CAN,47,175
CAN,47,176
CAN,47,177
CAN,47,178
CAN,47,179
CAN,47,180
CAN,47,181
CAN,47,182
CAN,47,183
CAN,47,184
CAN,47,185
CAN,47,186
CAN,47,187
CAN,47,188
CAN,47,189
CAN,47,190
CAN,47,191
CAN,47,192
CAN,47,193
CAN,47,194
CAN,47,195
CAN,47,196
CAN,47,197
CAN,47,213
CAN,47,214
CAN,47,215
CAN,47,216
CAN,47,217
CAN,47,218
CAN,47,219
CAN,47,220
CAN,47,221
CAN,47,222
CAN,47,223
CAN,47,224
CAN,47,225
CAN,47,226
CAN,47,227
CAN,47,228
CAN,47,229
CAN,47,230
CAN,47,231
CAN,47,232
CAN,47,233
CAN,47,234
CAN,47,235
CAN,47,236
CAN,47,237
CAN,47,238
CAN,48,79
CAN,48,80
CAN,48,81
CAN,48,82
CAN,48,83
CAN,48,84
CAN,48,85
CAN,48,86
CAN,48,87
CAN,48,88
CAN,48,89
CAN,48,90
CAN,48,91
CAN,48,92
CAN,48,93
CAN,48,94
CAN,48,95
CAN,48,96
CAN,48,97
CAN,48,98
CAN,48,99
CAN,48,100
CAN,48,101
CAN,48,102
CAN,48,103
CAN,48,104
CAN,48,105
CAN,48,106
CAN,48,107
CAN,48,108
CAN,48,109
CAN,48,110
CAN,48,111
CAN,48,112
CAN,48,113
CAN,48,114
CAN,48,115
CAN,48,116
CAN,48,117
CAN,48,118
CAN,48,119
CAN,48,120
CAN,48,121
CAN,48,122
CAN,48,123
CAN,48,124
CAN,48,125
CAN,48,126
CAN,48,127
CAN,48,128
CAN,48,129
CAN,48,130
CAN,48,131
CAN,48,132
CAN,48,133
CAN,48,134
CAN,48,135
CAN,48,136
CAN,48,137
CAN,48,138
CAN,48,139
CAN,48,140
CAN,48,141
CAN,48,142
CAN,48,143
CAN,48,144
CAN,48,145
CAN,48,146
CAN,48,147
CAN,48,148
CAN,48,149
CAN,48,150
CAN,48,151
CAN,48,152
CAN,48,153
CAN,48,154
CAN,48,155
CAN,48,156
CAN,48,157
CAN,48,158
CAN,48,159
CAN,48,160
CAN,48,161
CAN,48,162
CAN,48,163
CAN,48,164
CAN,48,165
CAN,48,166
CAN,48,167
CAN,48,168
CAN,48,169
CAN,48,170
CAN,48,171
CAN,48,172
CAN,48,173
CAN,48,174
CAN,48,175
CAN,48,176
CAN,48,177
CAN,48,178
CAN,48,179
CAN,48,180
CAN,48,181
CAN,48,182
CAN,48,183
CAN,48,184
CAN,48,185
CAN,48,186
CAN,48,187
CAN,48,188
CAN,48,189
CAN,48,190
CAN,48,191
CAN,48,192
CAN,48,193
CAN,48,194
CAN,48,195
CAN,48,212
CAN,48,213
CAN,48,214
CAN,48,215
CAN,48,216
CAN,48,217
CAN,48,218
CAN,48,219
CAN,48,220
CAN,48,221
CAN,48,222
CAN,48,223
CAN,48,224
CAN,48,225
CAN,48,226
CAN,48,227
CAN,48,228
CAN,48,229
CAN,48,230
CAN,48,231
CAN,48,232
CAN,48,233
CAN,48,234
CAN,48,235
CAN,48,236
CAN,48,237
CAN,49,79
CAN,49,80
CAN,49,81
CAN,49,82
CAN,49,83
CAN,49,84
CAN,49,85
CAN,49,86
CAN,49,87
CAN,49,88
CAN,49,89
CAN,49,90
CAN,49,91
CAN,49,92
CAN,49,93
CAN,49,94
CAN,49,95
CAN,49,96
CAN,49,97
CAN,49,98
CAN,49,99
CAN,49,100
CAN,49,101
CAN,49,102
CAN,49,103
CAN,49,104
CAN,49,105
CAN,49,106
CAN,49,107
CAN,49,108
CAN,49,109
CAN,49,110
CAN,49,111
CAN,49,112
CAN,49,113
CAN,49,114
CAN,49,115
CAN,49,116
CAN,49,117
CAN,49,118
CAN,49,119
CAN,49,120
CAN,49,121
CAN,49,122
CAN,49,123
CAN,49,124
CAN,49,125
CAN,49,126
CAN,49,127
CAN,49,128
CAN,49,129
CAN,49,130
CAN,49,131
CAN,49,132
CAN,49,133
CAN,49,134
CAN,49,135
CAN,49,136
CAN,49,137
CAN,49,138
CAN,49,139
CAN,49,140
CAN,49,141
CAN,49,142
CAN,49,143
CAN,49,144
CAN,49,145
CAN,49,146
CAN,49,147
CAN,49,148
CAN,49,149
CAN,49,150
CAN,49,151
CAN,49,152
CAN,49,153
CAN,49,154
CAN,49,155
CAN,49,156
CAN,49,157
CAN,49,158
CAN,49,159
CAN,49,160
CAN,49,161
CAN,49,162
CAN,49,163
CAN,49,164
CAN,49,165
CAN,49,166
CAN,49,167
CAN,49,168
CAN,49,169
CAN,49,170
CAN,49,171
CAN,49,172
CAN,49,173
CAN,49,174
CAN,49,175
CAN,49,176
CAN,49,177
CAN,49,178
CAN,49,179
CAN,49,180
CAN,49,181
CAN,49,182
CAN,49,183
CAN,49,184
CAN,49,185
CAN,49,186
CAN,49,187
CAN,49,188
CAN,49,189
CAN,49,190
CAN,49,191
CAN,49,192
CAN,49,193
CAN,49,194
CAN,49,212
CAN,49,213
CAN,49,214
CAN,49,215
CAN,49,216
CAN,49,217
CAN,49,218
CAN,49,219
CAN,49,220
CAN,49,221
CAN,49,222
CAN,49,223
CAN,49,224
CAN,49,225
CAN,49,226
CAN,49,229
CAN,49,230
CAN,49,231
CAN,49,232
CAN,49,233
CAN,49,234
CAN,49,235
CAN,49,236
CAN,50,79
CAN,50,80
CAN,50,81
CAN,50,82
CAN,50,83
CAN,50,84
CAN,50,85
CAN,50,86
CAN,50,87
CAN,50,88
CAN,50,89
CAN,50,90
CAN,50,91
CAN,50,92
CAN,50,93
CAN,50,94
CAN,50,95
CAN,50,96
CAN,50,97
CAN,50,98
CAN,50,99
CAN,50,100
CAN,50,101
CAN,50,102
CAN,50,103
CAN,50,104
CAN,50,105
CAN,50,106
CAN,50,107
CAN,50,108
CAN,50,109
CAN,50,110
CAN,50,111
CAN,50,112
CAN,50,113
CAN,50,114
CAN,50,115
CAN,50,116
CAN,50,117
CAN,50,118
CAN,50,119
CAN,50,120
CAN,50,121
CAN,50,122
CAN,50,123
CAN,50,124
CAN,50,125
CAN,50,126
CAN,50,127
CAN,50,128
CAN,50,129
CAN,50,130
CAN,50,131
CAN,50,132
CAN,50,133
CAN,50,134
CAN,50,135
CAN,50,136
CAN,50,137
CAN,50,138
CAN,50,139
CAN,50,140
CAN,50,141
CAN,50,142
CAN,50,143
CAN,50,144
CAN,50,145
CAN,50,146
CAN,50,147
CAN,50,148
CAN,50,149
CAN,50,150
CAN,50,151
CAN,50,152
CAN,50,153
CAN,50,154
CAN,50,155
CAN,50,156
CAN,50,157
CAN,50,158
CAN,50,159
CAN,50,160
CAN,50,161
CAN,50,162
CAN,50,163
CAN,50,164
CAN,50,165
CAN,50,166
CAN,50,167
CAN,50,168
CAN,50,169
CAN,50,170
CAN,50,171
CAN,50,172
CAN,50,173
CAN,50,174
CAN,50,175
CAN,50,176
CAN,50,177
CAN,50,178
CAN,50,179
CAN,50,180
CAN,50,181
CAN,50,182
CAN,50,183
CAN,50,184
CAN,50,185
CAN,50,186
CAN,50,187
CAN,50,188
CAN,50,189
CAN,50,190
CAN,50,191
CAN,50,192
CAN,50,193
CAN,50,194
CAN,50,204
CAN,50,205
CAN,50,206
CAN,50,207
CAN,50,208
CAN,50,209
CAN,50,210
CAN,50,211
CAN,50,212
CAN,50,213
CAN,50,214
CAN,50,215
CAN,50,216
CAN,50,217
CAN,50,218
CAN,50,219
CAN,50,220
CAN,50,221
CAN,50,222
CAN,50,223
CAN,50,224
CAN,50,225
CAN,50,226
CAN,50,227
CAN,50,230
CAN,50,231
CAN,50,232
CAN,50,233
CAN,50,234
CAN,51,79
CAN,51,80
CAN,51,81
CAN,51,82
CAN,51,83
CAN,51,84
CAN,51,85
CAN,51,86
CAN,51,87
CAN,51,88
CAN,51,89
CAN,51,90
CAN,51,91
CAN,51,92
CAN,51,93
CAN,51,94
CAN,51,95
CAN,51,96
CAN,51,97
CAN,51,98
CAN,51,99
CAN,51,100
CAN,51,101
CAN,51,102
CAN,51,103
CAN,51,104
CAN,51,105
CAN,51,106
CAN,51,107
CAN,51,108
CAN,51,109
CAN,51,110
CAN,51,111
CAN,51,112
CAN,51,113
CAN,51,114
CAN,51,115
CAN,51,116
CAN,51,117
CAN,51,118
CAN,51,119
CAN,51,120
CAN,51,121
CAN,51,122
CAN,51,123
CAN,51,124
CAN,51,125
CAN,51,126
CAN,51,127
CAN,51,128
CAN,51,129
CAN,51,130
CAN,51,131
CAN,51,132
CAN,51,133
CAN,51,134
CAN,51,135
CAN,51,136
CAN,51,137
CAN,51,138
CAN,51,139
CAN,51,140
CAN,51,141
CAN,51,142
CAN,51,143
CAN,51,144
CAN,51,145
CAN,51,146
CAN,51,147
CAN,51,148
CAN,51,149
CAN,51,150
CAN,51,151
CAN,51,152
CAN,51,153
CAN,51,154
CAN,51,155
CAN,51,156
CAN,51,157
CAN,51,158
CAN,51,159
CAN,51,160
CAN,51,161
CAN,51,162
CAN,51,163
CAN,51,164
CAN,51,165
CAN,51,166
CAN,51,167
CAN,51,168
CAN,51,169
CAN,51,170
CAN,51,171
CAN,51,172
CAN,51,173
CAN,51,174
CAN,51,175
CAN,51,176
CAN,51,177
CAN,51,178
CAN,51,179
CAN,51,180
CAN,51,181
CAN,51,182
CAN,51,183
CAN,51,184
CAN,51,185
CAN,51,186
CAN,51,188
CAN,51,189
CAN,51,190
CAN,51,191
CAN,51,192
CAN,51,193
CAN,51,194
CAN,51,195
CAN,51,196
CAN,51,197
CAN,51,204
CAN,51,205
CAN,51,206
CAN,51,207
CAN,51,208
CAN,51,209
CAN,51,210
CAN,51,211
CAN,51,212
CAN,51,213
CAN,51,214
CAN,51,215
CAN,51,216
CAN,51,217
CAN,51,218
CAN,51,219
CAN,51,220
CAN,51,221
CAN,51,222
CAN,51,223
CAN,51,224
CAN,51,225
CAN,51,226
CAN,51,227
CAN,51,228
CAN,51,229
CAN,51,230
CAN,51,233
CAN,52,79
CAN,52,80
CAN,52,81
CAN,52,82
CAN,52,83
CAN,52,84
CAN,52,85
CAN,52,86
CAN,52,87
CAN,52,88
CAN,52,89
CAN,52,90
CAN,52,91
CAN,52,92
CAN,52,93
CAN,52,94
CAN,52,95
CAN,52,96
CAN,52,97
CAN,52,98
CAN,52,99
CAN,52,100
CAN,52,101
CAN,52,102
CAN,52,103
CAN,52,104
CAN,52,105
CAN,52,106
CAN,52,107
CAN,52,108
CAN,52,109
CAN,52,110
CAN,52,111
CAN,52,112
CAN,52,113
CAN,52,114
CAN,52,115
CAN,52,116
CAN,52,117
CAN,52,118
CAN,52,119
CAN,52,120
CAN,52,121
CAN,52,122
CAN,52,123
CAN,52,124
CAN,52,125
CAN,52,126
CAN,52,127
CAN,52,128
CAN,52,129
CAN,52,130
CAN,52,131
CAN,52,132
CAN,52,133
CAN,52,134
CAN,52,135
CAN,52,136
CAN,52,137
CAN,52,138
CAN,52,139
CAN,52,140
CAN,52,141
CAN,52,142
CAN,52,143
CAN,52,144
CAN,52,145
CAN,52,146
CAN,52,147
CAN,52,148
CAN,52,149
CAN,52,150
CAN,52,151
CAN,52,152
CAN,52,153
CAN,52,154
CAN,52,155
CAN,52,156
CAN,52,157
CAN,52,158
CAN,52,159
CAN,52,160
CAN,52,161
CAN,52,162
CAN,52,163
CAN,52,164
CAN,52,165
CAN,52,166
CAN,52,167
CAN,52,168
CAN,52,169
CAN,52,170
CAN,52,171
CAN,52,172
CAN,52,173
CAN,52,174
CAN,52,175
CAN,52,176
CAN,52,177
CAN,52,178
CAN,52,179
CAN,52,180
CAN,52,181
CAN,52,182
CAN,52,183
CAN,52,184
CAN,52,185
CAN,52,187
CAN,52,188
CAN,52,189
CAN,52,190
CAN,52,191
CAN,52,192
CAN,52,193
CAN,52,194
CAN,52,195
CAN,52,196
CAN,52,197
CAN,52,198
CAN,52,199
CAN,52,205
CAN,52,206
CAN,52,207
CAN,52,208
CAN,52,209
CAN,52,210
CAN,52,211
CAN,52,212
CAN,52,213
CAN,52,214
CAN,52,215
CAN,52,216
CAN,52,217
CAN,52,218
CAN,52,219
CAN,52,220
CAN,52,221
CAN,52,222
CAN,52,223
CAN,52,224
CAN,52,225
CAN,52,226
CAN,52,227
CAN,52,228
CAN,52,229
CAN,52,230
CAN,52,231
CAN,53,79
CAN,53,80
CAN,53,81
CAN,53,82
CAN,53,83
CAN,53,84
CAN,53,85
CAN,53,86
CAN,53,87
CAN,53,88
CAN,53,89
CAN,53,90
CAN,53,91
CAN,53,92
CAN,53,93
CAN,53,94
CAN,53,95
CAN,53,96
CAN,53,97
CAN,53,98
CAN,53,99
CAN,53,100
CAN,53,101
CAN,53,102
CAN,53,103
CAN,53,104
CAN,53,105
CAN,53,106
CAN,53,107
CAN,53,108
CAN,53,109
CAN,53,110
CAN,53,111
CAN,53,112
CAN,53,113
CAN,53,114
CAN,53,115
CAN,53,116
CAN,53,117
CAN,53,118
CAN,53,119
CAN,53,120
CAN,53,121
CAN,53,122
CAN,53,123
CAN,53,124
CAN,53,125
CAN,53,126
CAN,53,127
CAN,53,128
CAN,53,129
CAN,53,130
CAN,53,131
CAN,53,132
CAN,53,133
CAN,53,134
CAN,53,135
CAN,53,136
CAN,53,137
CAN,53,138
CAN,53,139
CAN,53,140
CAN,53,141
CAN,53,142
CAN,53,143
CAN,53,144
CAN,53,145
CAN,53,146
CAN,53,147
CAN,53,148
CAN,53,149
CAN,53,150
CAN,53,151
CAN,53,152
CAN,53,153
CAN,53,154
CAN,53,155
CAN,53,156
CAN,53,157
CAN,53,158
CAN,53,159
CAN,53,160
CAN,53,161
CAN,53,162
CAN,53,163
CAN,53,164
CAN,53,165
CAN,53,166
CAN,53,167
CAN,53,168
CAN,53,169
CAN,53,170
CAN,53,171
CAN,53,172
CAN,53,173
CAN,53,174
CAN,53,175
CAN,53,176
CAN,53,177
CAN,53,178
CAN,53,179
CAN,53,180
CAN,53,181
CAN,53,182
CAN,53,186
CAN,53,187
CAN,53,188
CAN,53,189
CAN,53,190
CAN,53,191
CAN,53,192
CAN,53,193
CAN,53,195
CAN,53,196
CAN,53,197
CAN,53,198
CAN,53,199
CAN,53,200
CAN,53,204
CAN,53,205
CAN,53,206
CAN,53,207
CAN,53,215
CAN,53,216
CAN,53,217
CAN,53,218
CAN,53,219
CAN,53,220
CAN,53,221
CAN,53,222
CAN,53,223
CAN,53,224
CAN,53,225
CAN,53,226
CAN,53,227
CAN,53,228
CAN,53,229
CAN,53,230
CAN,53,231
CAN,53,232
CAN,54,79
CAN,54,80
CAN,54,81
CAN,54,82
CAN,54,83
CAN,54,84
CAN,54,85
CAN,54,86
CAN,54,87
CAN,54,88
CAN,54,89
CAN,54,90
CAN,54,91
CAN,54,92
CAN,54,93
CAN,54,94
CAN,54,95
CAN,54,96
CAN,54,97
CAN,54,98
CAN,54,99
CAN,54,100
CAN,54,101
CAN,54,102
CAN,54,103
CAN,54,104
CAN,54,105
CAN,54,106
CAN,54,107
CAN,54,108
CAN,54,109
CAN,54,110
CAN,54,111
CAN,54,112
CAN,54,113
CAN,54,114
CAN,54,115
CAN,54,116
CAN,54,117
CAN,54,118
CAN,54,119
CAN,54,120
CAN,54,121
CAN,54,122
CAN,54,123
CAN,54,124
CAN,54,125
CAN,54,126
CAN,54,127
CAN,54,128
CAN,54,129
CAN,54,130
CAN,54,131
CAN,54,132
CAN,54,133
CAN,54,134
CAN,54,135
CAN,54,136
CAN,54,137
CAN,54,138
CAN,54,139
CAN,54,140
CAN,54,141
CAN,54,142
CAN,54,143
CAN,54,144
CAN,54,145
CAN,54,146
CAN,54,147
CAN,54,148
CAN,54,149
CAN,54,150
CAN,54,151
CAN,54,152
CAN,54,153
CAN,54,154
CAN,54,155
CAN,54,156
CAN,54,157
CAN,54,158
CAN,54,159
CAN,54,160
CAN,54,161
CAN,54,162
CAN,54,163
CAN,54,164
CAN,54,165
CAN,54,166
CAN,54,167
CAN,54,168
CAN,54,169
CAN,54,170
CAN,54,171
CAN,54,172
CAN,54,173
CAN,54,174
CAN,54,175
CAN,54,176
CAN,54,177
CAN,54,178
CAN,54,179
CAN,54,189
CAN,54,190
CAN,54,191
CAN,54,192
CAN,54,204
CAN,54,205
CAN,54,206
CAN,54,207
CAN,54,216
CAN,54,217
CAN,54,218
CAN,54,219
CAN,54,220
CAN,54,221
CAN,54,222
CAN,54,223
CAN,54,224
CAN,54,225
CAN,54,226
CAN,54,227
CAN,54,228
CAN,54,229
CAN,54,230
CAN,54,231
CAN,54,232
CAN,55,79
CAN,55,80
CAN,55,81
CAN,55,82
CAN,55,83
CAN,55,84
CAN,55,85
CAN,55,86
CAN,55,87
CAN,55,88
CAN,55,89
CAN,55,90
CAN,55,91
CAN,55,92
CAN,55,93
CAN,55,94
CAN,55,95
CAN,55,96
CAN,55,97
CAN,55,98
CAN,55,99
CAN,55,100
CAN,55,101
CAN,55,102
CAN,55,103
CAN,55,104
CAN,55,105
CAN,55,106
CAN,55,107
CAN,55,108
CAN,55,109
CAN,55,110
CAN,55,111
CAN,55,112
CAN,55,113
CAN,55,114
CAN,55,115
CAN,55,116
CAN,55,117
CAN,55,118
CAN,55,119
CAN,55,120
CAN,55,121
CAN,55,122
CAN,55,123
CAN,55,124
CAN,55,125
CAN,55,126
CAN,55,127
CAN,55,128
CAN,55,129
CAN,55,130
CAN,55,131
CAN,55,132
CAN,55,133
CAN,55,134
CAN,55,135
CAN,55,136
CAN,55,137
CAN,55,138
CAN,55,139
CAN,55,140
CAN,55,141
CAN,55,142
CAN,55,143
CAN,55,144
CAN,55,145
CAN,55,146
CAN,55,147
CAN,55,148
CAN,55,149
CAN,55,150
CAN,55,151
CAN,55,152
CAN,55,153
CAN,55,154
CAN,55,155
CAN,55,156
CAN,55,157
CAN,55,158
CAN,55,159
CAN,55,160
CAN,55,161
CAN,55,162
CAN,55,163
CAN,55,164
CAN,55,165
CAN,55,166
CAN,55,167
CAN,55,168
CAN,55,169
CAN,55,170
CAN,55,171
CAN,55,172
CAN,55,173
CAN,55,174
CAN,55,175
CAN,55,176
CAN,55,177
CAN,55,178
CAN,55,179
CAN,55,193
CAN,55,194
CAN,55,195
CAN,55,196
CAN,55,197
CAN,55,205
CAN,55,206
CAN,55,207
CAN,55,211
CAN,55,212
CAN,55,213
CAN,55,218
CAN,55,219
CAN,55,220
CAN,55,221
CAN,55,222
CAN,55,223
CAN,55,224
CAN,55,225
CAN,55,226
CAN,55,227
CAN,55,228
CAN,55,229
CAN,55,230
CAN,55,231
CAN,55,232
CAN,56,79
CAN,56,80
CAN,56,81
CAN,56,82
CAN,56,83
CAN,56,84
CAN,56,85
CAN,56,86
CAN,56,87
CAN,56,88
CAN,56,89
CAN,56,90
CAN,56,91
CAN,56,92
CAN,56,93
CAN,56,94
CAN,56,95
CAN,56,96
CAN,56,97
CAN,56,98
CAN,56,99
CAN,56,100
CAN,56,101
CAN,56,102
CAN,56,103
CAN,56,104
CAN,56,105
CAN,56,106
CAN,56,107
CAN,56,108
CAN,56,109
CAN,56,110
CAN,56,111
CAN,56,112
CAN,56,113
CAN,56,114
CAN,56,115
CAN,56,116
CAN,56,117
CAN,56,118
CAN,56,119
CAN,56,120
CAN,56,121
CAN,56,122
CAN,56,123
CAN,56,124
CAN,56,125
CAN,56,126
CAN,56,127
CAN,56,128
CAN,56,129
CAN,56,130
CAN,56,131
CAN,56,132
CAN,56,133
CAN,56,134
CAN,56,135
CAN,56,136
CAN,56,137
CAN,56,138
CAN,56,139
CAN,56,140
CAN,56,141
CAN,56,142
CAN,56,143
CAN,56,144
CAN,56,145
CAN,56,146
CAN,56,147
CAN,56,148
CAN,56,149
CAN,56,150
CAN,56,151
CAN,56,152
CAN,56,153
CAN,56,154
CAN,56,155
CAN,56,156
CAN,56,157
CAN,56,158
CAN,56,159
CAN,56,160
CAN,56,161
CAN,56,162
CAN,56,163
CAN,56,164
CAN,56,165
CAN,56,166
CAN,56,167
CAN,56,168
CAN,56,169
CAN,56,170
CAN,56,171
CAN,56,172
CAN,56,173
CAN,56,174
CAN,56,175
CAN,56,176
CAN,56,193
CAN,56,194
CAN,56,195
CAN,56,196
CAN,56,200
CAN,56,201
CAN,56,202
CAN,56,204
CAN,56,205
CAN,56,206
CAN,56,207
CAN,56,208
CAN,56,209
CAN,56,210
CAN,56,211
CAN,56,212
CAN,56,213
CAN,56,214
CAN,56,215
CAN,56,222
CAN,56,223
CAN,56,224
CAN,56,225
CAN,56,226
CAN,56,227
CAN,56,228
CAN,56,229
CAN,56,231
CAN,56,232
CAN,57,79
CAN,57,80
CAN,57,81
CAN,57,82
CAN,57,83
CAN,57,84
CAN,57,85
CAN,57,86
CAN,57,87
CAN,57,88
CAN,57,89
CAN,57,90
CAN,57,91
CAN,57,92
CAN,57,93
CAN,57,94
CAN,57,95
CAN,57,96
CAN,57,97
CAN,57,98
CAN,57,99
CAN,57,100
CAN,57,101
CAN,57,102
CAN,57,103
CAN,57,104
CAN,57,105
CAN,57,106
CAN,57,107
CAN,57,108
CAN,57,109
CAN,57,110
CAN,57,111
CAN,57,112
CAN,57,113
CAN,57,114
CAN,57,115
CAN,57,116
CAN,57,117
CAN,57,118
CAN,57,119
CAN,57,120
CAN,57,121
CAN,57,122
CAN,57,123
CAN,57,124
CAN,57,125
CAN,57,126
CAN,57,127
CAN,57,128
CAN,57,129
CAN,57,130
CAN,57,131
CAN,57,132
CAN,57,133
CAN,57,134
CAN,57,135
CAN,57,136
CAN,57,137
CAN,57,138
CAN,57,139
CAN,57,140
CAN,57,141
CAN,57,142
CAN,57,143
CAN,57,144
CAN,57,145
CAN,57,146
CAN,57,147
CAN,57,148
CAN,57,149
CAN,57,150
CAN,57,151
CAN,57,152
CAN,57,153
CAN,57,154
CAN,57,155
CAN,57,156
CAN,57,157
CAN,57,158
CAN,57,159
CAN,57,160
CAN,57,161
CAN,57,162
CAN,57,163
CAN,57,164
CAN,57,165
CAN,57,166
CAN,57,167
CAN,57,168
CAN,57,169
CAN,57,170
CAN,57,171
CAN,57,172
CAN,57,173
CAN,57,174
CAN,57,200
CAN,57,201
CAN,57,202
CAN,57,204
CAN,57,205
CAN,57,206
CAN,57,207
CAN,57,208
CAN,57,209
CAN,57,210
CAN,57,211
CAN,57,212
CAN,57,213
CAN,57,214
CAN,57,215
CAN,57,216
CAN,57,217
CAN,57,227
CAN,57,228
CAN,57,229
CAN,57,230
CAN,57,231
CAN,58,79
CAN,58,80
CAN,58,81
CAN,58,82
CAN,58,83
CAN,58,84
CAN,58,85
CAN,58,86
CAN,58,87
CAN,58,88
CAN,58,89
CAN,58,90
CAN,58,91
CAN,58,92
CAN,58,93
CAN,58,94
CAN,58,95
CAN,58,96
CAN,58,97
CAN,58,98
CAN,58,99
CAN,58,100
CAN,58,101
CAN,58,102
CAN,58,103
CAN,58,104
CAN,58,105
CAN,58,106
CAN,58,107
CAN,58,108
CAN,58,109
CAN,58,110
CAN,58,111
CAN,58,112
CAN,58,113
CAN,58,114
CAN,58,115
CAN,58,116
CAN,58,117
CAN,58,118
CAN,58,119
CAN,58,120
CAN,58,121
CAN,58,122
CAN,58,123
CAN,58,124
CAN,58,125
CAN,58,126
CAN,58,127
CAN,58,128
CAN,58,129
CAN,58,130
CAN,58,131
CAN,58,132
CAN,58,133
CAN,58,134
CAN,58,135
CAN,58,136
CAN,58,137
CAN,58,138
CAN,58,139
CAN,58,140
CAN,58,141
CAN,58,142
CAN,58,143
CAN,58,144
CAN,58,145
CAN,58,146
CAN,58,147
CAN,58,148
CAN,58,149
CAN,58,150
CAN,58,151
CAN,58,152
CAN,58,153
CAN,58,154
CAN,58,155
CAN,58,156
CAN,58,157
CAN,58,158
CAN,58,159
CAN,58,160
CAN,58,161
CAN,58,162
CAN,58,163
CAN,58,164
CAN,58,165
CAN,58,166
CAN,58,167
CAN,58,168
CAN,58,169
CAN,58,170
CAN,58,171
CAN,58,172
CAN,58,173
CAN,58,205
CAN,58,206
CAN,58,207
CAN,58,208
CAN,58,209
CAN,58,210
CAN,58,211
CAN,58,212
CAN,58,213
CAN,58,214
CAN,58,215
CAN,58,216
CAN,58,217
CAN,58,218
CAN,58,219
CAN,58,220
CAN,58,221
CAN,58,222
CAN,58,230
CAN,58,231
CAN,59,79
CAN,59,80
CAN,59,81
CAN,59,82
CAN,59,83
CAN,59,84
CAN,59,85
CAN,59,86
CAN,59,87
CAN,59,88
CAN,59,89
CAN,59,90
CAN,59,91
CAN,59,92
CAN,59,93
CAN,59,94
CAN,59,95
CAN,59,96
CAN,59,97
CAN,59,98
CAN,59,99
CAN,59,100
CAN,59,101
CAN,59,102
CAN,59,103
CAN,59,104
CAN,59,105
CAN,59,106
CAN,59,107
CAN,59,108
CAN,59,109
CAN,59,110
CAN,59,111
CAN,59,112
CAN,59,113
CAN,59,114
CAN,59,115
CAN,59,116
CAN,59,117
CAN,59,118
CAN,59,119
CAN,59,120
CAN,59,121
CAN,59,122
CAN,59,123
CAN,59,124
CAN,59,125
CAN,59,126
CAN,59,127
CAN,59,128
CAN,59,129
CAN,59,130
CAN,59,131
CAN,59,132
CAN,59,133
CAN,59,134
CAN,59,135
CAN,59,136
CAN,59,137
CAN,59,138
CAN,59,139
CAN,59,140
CAN,59,141
CAN,59,142
CAN,59,143
CAN,59,144
CAN,59,145
CAN,59,146
CAN,59,147
CAN,59,148
CAN,59,149
CAN,59,150
CAN,59,151
CAN,59,152
CAN,59,153
CAN,59,154
CAN,59,155
CAN,59,156
CAN,59,157
CAN,59,158
CAN,59,159
CAN,59,160
CAN,59,161
CAN,59,162
CAN,59,163
CAN,59,164
CAN,59,165
CAN,59,166
CAN,59,167
CAN,59,168
CAN,59,169
CAN,59,170
CAN,59,171
CAN,59,172
CAN,59,203
CAN,59,204
CAN,59,205
CAN,59,206
CAN,59,207
CAN,59,208
CAN,59,209
CAN,59,210
CAN,59,211
CAN,59,212
CAN,59,213
CAN,59,214
CAN,59,215
CAN,59,216
CAN,59,217
CAN,59,218
CAN,59,219
CAN,59,220
CAN,59,221
CAN,59,222
CAN,59,224
CAN,59,225
CAN,59,231
CAN,60,79
CAN,60,80
CAN,60,81
CAN,60,82
CAN,60,83
CAN,60,84
CAN,60,85
CAN,60,86
CAN,60,87
CAN,60,88
CAN,60,89
CAN,60,90
CAN,60,91
CAN,60,92
CAN,60,93
CAN,60,94
CAN,60,95
CAN,60,96
CAN,60,97
CAN,60,98
CAN,60,99
CAN,60,100
CAN,60,101
CAN,60,102
CAN,60,103
CAN,60,104
CAN,60,105
CAN,60,106
CAN,60,107
CAN,60,108
CAN,60,109
CAN,60,110
CAN,60,111
CAN,60,112
CAN,60,113
CAN,60,114
CAN,60,115
CAN,60,116
CAN,60,117
CAN,60,118
CAN,60,119
CAN,60,120
CAN,60,121
CAN,60,122
CAN,60,123
CAN,60,124
CAN,60,125
CAN,60,126
CAN,60,127
CAN,60,128
CAN,60,129
CAN,60,130
CAN,60,131
CAN,60,132
CAN,60,133
CAN,60,134
CAN,60,135
CAN,60,136
CAN,60,137
CAN,60,138
CAN,60,139
CAN,60,140
CAN,60,141
CAN,60,142
CAN,60,143
CAN,60,144
CAN,60,145
CAN,60,146
CAN,60,147
CAN,60,148
CAN,60,149
CAN,60,150
CAN,60,151
CAN,60,152
CAN,60,153
CAN,60,154
CAN,60,155
CAN,60,156
CAN,60,157
CAN,60,158
CAN,60,159
CAN,60,160
CAN,60,161
CAN,60,162
CAN,60,163
CAN,60,164
CAN,60,165
CAN,60,166
CAN,60,167
CAN,60,168
CAN,60,169
CAN,60,170
CAN,60,171
CAN,60,205
CAN,60,206
CAN,60,207
CAN,60,208
CAN,60,209
CAN,60,210
CAN,60,211
CAN,60,212
CAN,60,213
CAN,60,214
CAN,60,215
CAN,60,216
CAN,60,217
CAN,60,218
CAN,60,219
CAN,60,220
CAN,60,221
CAN,60,224
CAN,60,225
CAN,60,230
CAN,60,231
CAN,60,232
CAN,61,83
CAN,61,84
CAN,61,85
CAN,61,86
CAN,61,87
CAN,61,88
CAN,61,89
CAN,61,90
CAN,61,91
CAN,61,92
CAN,61,93
CAN,61,94
CAN,61,95
CAN,61,96
CAN,61,97
CAN,61,98
CAN,61,99
CAN,61,100
CAN,61,101
CAN,61,102
CAN,61,103
CAN,61,104
CAN,61,105
CAN,61,106
CAN,61,107
CAN,61,108
CAN,61,109
CAN,61,110
CAN,61,111
CAN,61,112
CAN,61,113
CAN,61,114
CAN,61,115
CAN,61,116
CAN,61,117
CAN,61,118
CAN,61,119
CAN,61,120
CAN,61,121
CAN,61,122
CAN,61,123
CAN,61,124
CAN,61,125
CAN,61,126
CAN,61,127
CAN,61,128
CAN,61,129
CAN,61,130
CAN,61,131
CAN,61,132
CAN,61,133
CAN,61,134
CAN,61,135
CAN,61,136
CAN,61,137
CAN,61,138
CAN,61,139
CAN,61,140
CAN,61,141
CAN,61,142
CAN,61,143
CAN,61,144
CAN,61,145
CAN,61,146
CAN,61,147
CAN,61,148
CAN,61,149
CAN,61,150
CAN,61,151
CAN,61,152
CAN,61,153
CAN,61,154
CAN,61,155
CAN,61,156
CAN,61,157
CAN,61,158
CAN,61,159
CAN,61,160
CAN,61,161
CAN,61,162
CAN,61,163
CAN,61,164
CAN,61,165
CAN,61,166
CAN,61,167
CAN,61,168
CAN,61,169
CAN,61,170
CAN,61,171
CAN,61,200
CAN,61,201
CAN,61,205
CAN,61,206
CAN,61,207
CAN,61,208
CAN,61,209
CAN,61,210
CAN,61,211
CAN,61,212
CAN,61,213
CAN,61,214
CAN,61,215
CAN,61,216
CAN,61,217
CAN,61,218
CAN,61,219
CAN,61,220
CAN,61,221
CAN,61,230
CAN,61,231
CAN,61,232
CAN,61,233
CAN,62,85
CAN,62,86
CAN,62,87
CAN,62,88
CAN,62,90
CAN,62,91
CAN,62,92
CAN,62,93
CAN,62,94
CAN,62,95
CAN,62,96
CAN,62,97
CAN,62,98
CAN,62,99
CAN,62,100
CAN,62,101
CAN,62,102
CAN,62,103
CAN,62,104
CAN,62,105
CAN,62,106
CAN,62,107
CAN,62,108
CAN,62,109
CAN,62,110
CAN,62,111
CAN,62,112
CAN,62,113
CAN,62,114
CAN,62,115
CAN,62,116
CAN,62,117
CAN,62,118
CAN,62,119
CAN,62,120
CAN,62,121
CAN,62,122
CAN,62,123
CAN,62,124
CAN,62,125
CAN,62,126
CAN,62,127
CAN,62,128
CAN,62,129
CAN,62,130
CAN,62,131
CAN,62,132
CAN,62,133
CAN,62,134
CAN,62,135
CAN,62,136
CAN,62,137
CAN,62,138
CAN,62,139
CAN,62,140
CAN,62,141
CAN,62,142
CAN,62,143
CAN,62,144
CAN,62,145
CAN,62,146
CAN,62,147
CAN,62,148
CAN,62,149
CAN,62,150
CAN,62,151
CAN,62,152
CAN,62,153
CAN,62,154
CAN,62,155
CAN,62,156
CAN,62,157
CAN,62,158
CAN,62,159
CAN,62,160
CAN,62,161
CAN,62,162
CAN,62,163
CAN,62,164
CAN,62,165
CAN,62,166
CAN,62,167
CAN,62,168
CAN,62,169
CAN,62,170
CAN,62,171
CAN,62,199
CAN,62,200
CAN,62,204
CAN,62,205
CAN,62,206
CAN,62,207
CAN,62,208
CAN,62,209
CAN,62,210
CAN,62,211
CAN,62,212
CAN,62,213
CAN,62,214
CAN,62,215
CAN,62,216
CAN,62,217
CAN,62,218
CAN,62,219
CAN,62,220
CAN,62,221
CAN,62,222
CAN,62,223
CAN,62,229
CAN,62,230
CAN,62,231
CAN,62,232
CAN,62,233
CAN,62,234
CAN,63,86
CAN,63,92
CAN,63,93
CAN,63,94
CAN,63,95
CAN,63,96
CAN,63,97
CAN,63,98
CAN,63,99
CAN,63,100
CAN,63,101
CAN,63,102
CAN,63,103
CAN,63,104
CAN,63,105
CAN,63,106
CAN,63,107
CAN,63,108
CAN,63,109
CAN,63,110
CAN,63,111
CAN,63,112
CAN,63,113
CAN,63,114
CAN,63,115
CAN,63,116
CAN,63,117
CAN,63,118
CAN,63,119
CAN,63,120
CAN,63,121
CAN,63,122
CAN,63,123
CAN,63,124
CAN,63,125
CAN,63,126
CAN,63,127
CAN,63,128
CAN,63,129
CAN,63,130
CAN,63,131
CAN,63,132
CAN,63,133
CAN,63,134
CAN,63,135
CAN,63,136
CAN,63,137
CAN,63,138
CAN,63,139
CAN,63,140
CAN,63,141
CAN,63,142
CAN,63,143
CAN,63,144
CAN,63,145
CAN,63,146
CAN,63,147
CAN,63,148
CAN,63,149
CAN,63,150
CAN,63,151
CAN,63,152
CAN,63,153
CAN,63,154
CAN,63,155
CAN,63,156
CAN,63,157
CAN,63,158
CAN,63,159
CAN,63,160
CAN,63,161
CAN,63,162
CAN,63,163
CAN,63,164
CAN,63,165
CAN,63,166
CAN,63,167
CAN,63,168
CAN,63,169
CAN,63,170
CAN,63,171
CAN,63,172
CAN,63,173
CAN,63,174
CAN,63,203
CAN,63,204
CAN,63,205
CAN,63,206
CAN,63,207
CAN,63,208
CAN,63,209
CAN,63,210
CAN,63,211
CAN,63,212
CAN,63,213
CAN,63,214
CAN,63,215
CAN,63,216
CAN,63,217
CAN,63,218
CAN,63,219
CAN,63,220
CAN,63,221
CAN,63,222
CAN,63,223
CAN,63,224
CAN,63,225
CAN,63,227
CAN,63,228
CAN,63,229
CAN,63,230
CAN,63,231
CAN,63,232
CAN,63,233
CAN,63,234
CAN,63,235
CAN,64,94
CAN,64,95
CAN,64,96
CAN,64,97
CAN,64,98
CAN,64,99
CAN,64,100
CAN,64,101
CAN,64,102
CAN,64,103
CAN,64,104
CAN,64,105
CAN,64,106
CAN,64,107
CAN,64,108
CAN,64,109
CAN,64,110
CAN,64,111
CAN,64,112
CAN,64,113
CAN,64,114
CAN,64,115
CAN,64,116
CAN,64,117
CAN,64,118
CAN,64,119
CAN,64,120
CAN,64,121
CAN,64,122
CAN,64,123
CAN,64,124
CAN,64,125
CAN,64,126
CAN,64,127
CAN,64,128
CAN,64,129
CAN,64,130
CAN,64,131
CAN,64,132
CAN,64,133
CAN,64,134
CAN,64,135
CAN,64,136
CAN,64,137
CAN,64,138
CAN,64,139
CAN,64,140
CAN,64,141
CAN,64,142
CAN,64,143
CAN,64,144
CAN,64,145
CAN,64,146
CAN,64,147
CAN,64,148
CAN,64,149
CAN,64,150
CAN,64,151
CAN,64,152
CAN,64,153
CAN,64,154
CAN,64,155
CAN,64,156
CAN,64,157
CAN,64,158
CAN,64,159
CAN,64,160
CAN,64,161
CAN,64,162
CAN,64,163
CAN,64,164
CAN,64,165
CAN,64,166
CAN,64,167
CAN,64,168
CAN,64,169
CAN,64,170
CAN,64,171
CAN,64,172
CAN,64,173
CAN,64,174
CAN,64,175
CAN,64,204
CAN,64,205
CAN,64,206
CAN,64,207
CAN,64,208
CAN,64,209
CAN,64,210
CAN,64,211
CAN,64,212
CAN,64,213
CAN,64,214
CAN,64,215
CAN,64,216
CAN,64,217
CAN,64,218
CAN,64,219
CAN,64,220
CAN,64,221
CAN,64,222
CAN,64,223
CAN,64,224
CAN,64,225
CAN,64,226
CAN,64,227
CAN,64,228
CAN,64,229
CAN,64,230
CAN,64,231
CAN,64,232
CAN,64,233
CAN,64,234
CAN,64,235
CAN,64,236
CAN,65,95
CAN,65,96
CAN,65,97
CAN,65,98
CAN,65,99
CAN,65,100
CAN,65,101
CAN,65,102
CAN,65,103
CAN,65,104
CAN,65,105
CAN,65,106
CAN,65,107
CAN,65,108
CAN,65,109
CAN,65,110
CAN,65,111
CAN,65,112
CAN,65,113
CAN,65,114
CAN,65,115
CAN,65,116
CAN,65,117
CAN,65,118
CAN,65,119
CAN,65,120
CAN,65,121
CAN,65,122
CAN,65,123
CAN,65,124
CAN,65,125
CAN,65,126
CAN,65,127
CAN,65,128
CAN,65,129
CAN,65,130
CAN,65,131
CAN,65,132
CAN,65,133
CAN,65,134
CAN,65,135
CAN,65,136
CAN,65,137
CAN,65,138
CAN,65,139
CAN,65,140
CAN,65,141
CAN,65,142
CAN,65,143
CAN,65,144
CAN,65,145
CAN,65,146
CAN,65,147
CAN,65,148
CAN,65,149
CAN,65,150
CAN,65,151
CAN,65,152
CAN,65,153
CAN,65,154
CAN,65,155
CAN,65,156
CAN,65,157
CAN,65,158
CAN,65,159
CAN,65,160
CAN,65,161
CAN,65,162
CAN,65,163
CAN,65,164
CAN,65,165
CAN,65,166
CAN,65,167
CAN,65,168
CAN,65,169
CAN,65,170
CAN,65,171
CAN,65,172
CAN,65,173
CAN,65,174
CAN,65,175
CAN,65,176
CAN,65,201
CAN,65,206
CAN,65,207
CAN,65,208
CAN,65,209
CAN,65,210
CAN,65,211
CAN,65,212
CAN,65,213
CAN,65,214
CAN,65,215
CAN,65,216
CAN,65,217
CAN,65,218
CAN,65,219
CAN,65,220
CAN,65,221
CAN,65,222
CAN,65,223
CAN,65,224
CAN,65,225
CAN,65,226
CAN,65,227
CAN,65,228
CAN,65,229
CAN,65,230
CAN,65,231
CAN,65,232
CAN,65,233
CAN,65,234
CAN,65,235
CAN,65,236
CAN,65,237
CAN,66,96
CAN,66,97
CAN,66,98
CAN,66,99
CAN,66,100
CAN,66,101
CAN,66,102
CAN,66,103
CAN,66,104
CAN,66,105
CAN,66,106
CAN,66,107
CAN,66,108
CAN,66,109
CAN,66,110
CAN,66,111
CAN,66,112
CAN,66,113
CAN,66,114
CAN,66,115
CAN,66,116
CAN,66,117
CAN,66,118
CAN,66,119
CAN,66,120
CAN,66,121
CAN,66,122
CAN,66,123
CAN,66,124
CAN,66,125
CAN,66,126
CAN,66,127
CAN,66,128
CAN,66,129
CAN,66,130
CAN,66,131
CAN,66,132
CAN,66,133
CAN,66,134
CAN,66,135
CAN,66,136
CAN,66,137
CAN,66,138
CAN,66,139
CAN,66,140
CAN,66,141
CAN,66,142
CAN,66,143
CAN,66,144
CAN,66,145
CAN,66,146
CAN,66,147
CAN,66,148
CAN,66,149
CAN,66,150
CAN,66,151
CAN,66,152
CAN,66,153
CAN,66,154
CAN,66,155
CAN,66,156
CAN,66,157
CAN,66,158
CAN,66,159
CAN,66,160
CAN,66,161
CAN,66,162
CAN,66,163
CAN,66,164
CAN,66,165
CAN,66,166
CAN,66,167
CAN,66,168
CAN,66,169
CAN,66,170
CAN,66,171
CAN,66,172
CAN,66,173
CAN,66,174
CAN,66,175
CAN,66,176
CAN,66,177
CAN,66,178
CAN,66,179
CAN,66,180
CAN,66,181
CAN,66,201
CAN,66,204
CAN,66,207
CAN,66,208
CAN,66,209
CAN,66,210
CAN,66,211
CAN,66,212
CAN,66,213
CAN,66,214
CAN,66,215
CAN,66,216
CAN,66,217
CAN,66,218
CAN,66,219
CAN,66,220
CAN,66,221
CAN,66,222
CAN,66,223
CAN,66,224
CAN,66,225
CAN,66,226
CAN,66,227
CAN,66,228
CAN,66,229
CAN,66,230
CAN,66,231
CAN,66,232
CAN,66,233
CAN,66,234
CAN,66,235
CAN,66,236
CAN,66,237
CAN,66,238
CAN,67,96
CAN,67,97
CAN,67,98
CAN,67,99
CAN,67,100
CAN,67,101
CAN,67,102
CAN,67,103
CAN,67,104
CAN,67,105
CAN,67,106
CAN,67,107
CAN,67,108
CAN,67,109
CAN,67,110
CAN,67,111
CAN,67,112
CAN,67,113
CAN,67,114
CAN,67,115
CAN,67,116
CAN,67,117
CAN,67,118
CAN,67,119
CAN,67,120
CAN,67,121
CAN,67,122
CAN,67,123
CAN,67,124
CAN,67,125
CAN,67,126
CAN,67,127
CAN,67,128
CAN,67,129
CAN,67,130
CAN,67,131
CAN,67,132
CAN,67,133
CAN,67,134
CAN,67,135
CAN,67,136
CAN,67,137
CAN,67,138
CAN,67,139
CAN,67,140
CAN,67,141
CAN,67,142
CAN,67,143
CAN,67,144
CAN,67,145
CAN,67,146
CAN,67,147
CAN,67,148
CAN,67,149
CAN,67,150
CAN,67,151
CAN,67,152
CAN,67,153
CAN,67,154
CAN,67,155
CAN,67,156
CAN,67,157
CAN,67,158
CAN,67,159
CAN,67,160
CAN,67,161
CAN,67,162
CAN,67,163
CAN,67,164
CAN,67,165
CAN,67,166
CAN,67,167
CAN,67,168
CAN,67,169
CAN,67,170
CAN,67,171
CAN,67,172
CAN,67,173
CAN,67,174
CAN,67,175
CAN,67,176
CAN,67,177
CAN,67,178
CAN,67,179
CAN,67,180
CAN,67,181
CAN,67,182
CAN,67,183
CAN,67,184
CAN,67,201
CAN,67,202
CAN,67,207
CAN,67,208
CAN,67,209
CAN,67,210
CAN,67,211
CAN,67,212
CAN,67,213
CAN,67,214
CAN,67,215
CAN,67,216
CAN,67,217
CAN,67,218
CAN,67,219
CAN,67,220
CAN,67,221
CAN,67,222
CAN,67,223
CAN,67,224
CAN,67,225
CAN,67,226
CAN,67,227
CAN,67,228
CAN,67,229
CAN,67,230
CAN,67,231
CAN,67,232
CAN,67,233
CAN,67,234
CAN,67,235
CAN,67,236
CAN,67,237
CAN,67,238
CAN,68,98
CAN,68,99
CAN,68,100
CAN,68,101
CAN,68,102
CAN,68,103
CAN,68,104
CAN,68,105
CAN,68,106
CAN,68,107
CAN,68,108
CAN,68,109
CAN,68,110
CAN,68,111
CAN,68,112
CAN,68,113
CAN,68,114
CAN,68,115
CAN,68,116
CAN,68,117
CAN,68,118
CAN,68,119
CAN,68,120
CAN,68,121
CAN,68,122
CAN,68,123
CAN,68,124
CAN,68,125
CAN,68,126
CAN,68,127
CAN,68,128
CAN,68,129
CAN,68,130
CAN,68,131
CAN,68,132
CAN,68,133
CAN,68,134
CAN,68,135
CAN,68,136
CAN,68,137
CAN,68,138
CAN,68,139
CAN,68,140
CAN,68,141
CAN,68,142
CAN,68,143
CAN,68,144
CAN,68,145
CAN,68,146
CAN,68,147
CAN,68,148
CAN,68,149
CAN,68,150
CAN,68,151
CAN,68,152
CAN,68,153
CAN,68,154
CAN,68,155
CAN,68,156
CAN,68,157
CAN,68,158
CAN,68,159
CAN,68,160
CAN,68,161
CAN,68,162
CAN,68,163
CAN,68,164
CAN,68,165
CAN,68,166
CAN,68,167
CAN,68,168
CAN,68,169
CAN,68,170
CAN,68,171
CAN,68,172
CAN,68,173
CAN,68,174
CAN,68,175
CAN,68,176
CAN,68,177
CAN,68,178
CAN,68,179
CAN,68,180
CAN,68,181
CAN,68,182
CAN,68,183
CAN,68,184
CAN,68,185
CAN,68,186
CAN,68,200
CAN,68,201
CAN,68,202
CAN,68,203
CAN,68,205
CAN,68,206
CAN,68,207
CAN,68,208
CAN,68,209
CAN,68,210
CAN,68,211
CAN,68,212
CAN,68,213
CAN,68,214
CAN,68,215
CAN,68,216
CAN,68,217
CAN,68,218
CAN,68,219
CAN,68,220
CAN,68,221
CAN,68,222
CAN,68,223
CAN,68,224
CAN,68,225
CAN,68,226
CAN,68,227
CAN,68,228
CAN,68,229
CAN,68,230
CAN,68,231
CAN,68,232
CAN,68,233
CAN,68,234
CAN,68,235
CAN,68,236
CAN,68,237
CAN,68,238
CAN,68,239
CAN,69,100
CAN,69,101
CAN,69,102
CAN,69,103
CAN,69,104
CAN,69,105
CAN,69,106
CAN,69,107
CAN,69,108
CAN,69,109
CAN,69,110
CAN,69,111
CAN,69,112
CAN,69,113
CAN,69,114
CAN,69,115
CAN,69,116
CAN,69,117
CAN,69,118
CAN,69,119
CAN,69,120
CAN,69,121
CAN,69,122
CAN,69,123
CAN,69,124
CAN,69,125
CAN,69,126
CAN,69,127
CAN,69,128
CAN,69,129
CAN,69,130
CAN,69,131
CAN,69,132
CAN,69,133
CAN,69,134
CAN,69,135
CAN,69,136
CAN,69,137
CAN,69,138
CAN,69,139
CAN,69,140
CAN,69,141
CAN,69,142
CAN,69,143
CAN,69,144
CAN,69,145
CAN,69,146
CAN,69,147
CAN,69,148
CAN,69,149
CAN,69,150
CAN,69,151
CAN,69,152
CAN,69,153
CAN,69,154
CAN,69,155
CAN,69,156
CAN,69,157
CAN,69,158
CAN,69,159
CAN,69,160
CAN,69,161
CAN,69,162
CAN,69,163
CAN,69,164
CAN,69,165
CAN,69,166
CAN,69,167
CAN,69,168
CAN,69,169
CAN,69,170
CAN,69,171
CAN,69,172
CAN,69,173
CAN,69,174
CAN,69,175
CAN,69,176
CAN,69,177
CAN,69,178
CAN,69,179
CAN,69,180
CAN,69,181
CAN,69,182
CAN,69,183
CAN,69,184
CAN,69,185
CAN,69,186
CAN,69,187
CAN,69,188
CAN,69,189
CAN,69,201
CAN,69,202
CAN,69,206
CAN,69,207
CAN,69,208
CAN,69,209
CAN,69,210
CAN,69,211
CAN,69,212
CAN,69,213
CAN,69,214
CAN,69,215
CAN,69,216
CAN,69,217
CAN,69,218
CAN,69,219
CAN,69,220
CAN,69,221
CAN,69,222
CAN,69,223
CAN,69,224
CAN,69,225
CAN,69,226
CAN,69,227
CAN,69,228
CAN,69,229
CAN,69,230
CAN,69,231
CAN,69,232
CAN,69,233
CAN,69,234
CAN,69,235
CAN,69,236
CAN,69,237
CAN,69,238
CAN,69,239
CAN,69,240
CAN,70,100
CAN,70,101
CAN,70,102
CAN,70,103
CAN,70,104
CAN,70,105
CAN,70,106
CAN,70,107
CAN,70,108
CAN,70,109
CAN,70,110
CAN,70,111
CAN,70,112
CAN,70,113
CAN,70,114
CAN,70,115
CAN,70,116
CAN,70,117
CAN,70,118
CAN,70,119
CAN,70,120
CAN,70,121
CAN,70,122
CAN,70,123
CAN,70,124
CAN,70,125
CAN,70,126
CAN,70,127
CAN,70,128
CAN,70,129
CAN,70,130
CAN,70,131
CAN,70,132
CAN,70,133
CAN,70,134
CAN,70,135
CAN,70,136
CAN,70,137
CAN,70,138
CAN,70,139
CAN,70,140
CAN,70,141
CAN,70,142
CAN,70,143
CAN,70,144
CAN,70,145
CAN,70,146
CAN,70,147
CAN,70,148
CAN,70,149
CAN,70,150
CAN,70,151
CAN,70,152
CAN,70,153
CAN,70,154
CAN,70,155
CAN,70,156
CAN,70,157
CAN,70,158
CAN,70,159
CAN,70,160
CAN,70,161
CAN,70,162
CAN,70,163
CAN,70,164
CAN,70,165
CAN,70,166
CAN,70,167
CAN,70,168
CAN,70,169
CAN,70,170
CAN,70,171
CAN,70,172
CAN,70,173
CAN,70,174
CAN,70,175
CAN,70,176
CAN,70,177
CAN,70,178
CAN,70,179
CAN,70,180
CAN,70,181
CAN,70,182
CAN,70,183
CAN,70,184
CAN,70,185
CAN,70,186
CAN,70,187
CAN,70,188
CAN,70,189
CAN,70,190
CAN,70,191
CAN,70,192
CAN,70,193
CAN,70,194
CAN,70,195
CAN,70,196
CAN,70,204
CAN,70,205
CAN,70,206
CAN,70,207
CAN,70,208
CAN,70,209
CAN,70,210
CAN,70,211
CAN,70,212
CAN,70,213
CAN,70,214
CAN,70,215
CAN,70,216
CAN,70,217
CAN,70,218
CAN,70,219
CAN,70,220
CAN,70,221
CAN,70,222
CAN,70,223
CAN,70,224
CAN,70,225
CAN,70,226
CAN,70,227
CAN,70,228
CAN,70,229
CAN,70,230
CAN,70,231
CAN,70,232
CAN,70,233
CAN,70,234
CAN,70,235
CAN,70,236
CAN,70,237
CAN,70,238
CAN,70,239
CAN,70,240
CAN,70,241
CAN,70,242
CAN,70,243
CAN,71,98
CAN,71,99
CAN,71,100
CAN,71,101
CAN,71,102
CAN,71,103
CAN,71,104
CAN,71,105
CAN,71,106
CAN,71,107
CAN,71,108
CAN,71,109
CAN,71,110
CAN,71,111
CAN,71,112
CAN,71,113
CAN,71,114
CAN,71,115
CAN,71,116
CAN,71,117
CAN,71,118
CAN,71,119
CAN,71,120
CAN,71,121
CAN,71,122
CAN,71,123
CAN,71,124
CAN,71,125
CAN,71,126
CAN,71,127
CAN,71,128
CAN,71,129
CAN,71,130
CAN,71,131
CAN,71,132
CAN,71,133
CAN,71,134
CAN,71,135
CAN,71,136
CAN,71,137
CAN,71,138
CAN,71,139
CAN,71,140
CAN,71,141
CAN,71,142
CAN,71,143
CAN,71,144
CAN,71,145
CAN,71,146
CAN,71,147
CAN,71,148
CAN,71,149
CAN,71,150
CAN,71,151
CAN,71,152
CAN,71,153
CAN,71,154
CAN,71,155
CAN,71,156
CAN,71,157
CAN,71,158
CAN,71,159
CAN,71,160
CAN,71,161
CAN,71,162
CAN,71,163
CAN,71,164
CAN,71,165
CAN,71,166
CAN,71,167
CAN,71,168
CAN,71,169
CAN,71,170
CAN,71,171
CAN,71,172
CAN,71,173
CAN,71,174
CAN,71,175
CAN,71,176
CAN,71,177
CAN,71,178
CAN,71,179
CAN,71,180
CAN,71,181
CAN,71,182
CAN,71,183
CAN,71,184
CAN,71,185
CAN,71,186
CAN,71,187
CAN,71,188
CAN,71,189
CAN,71,190
CAN,71,191
CAN,71,192
CAN,71,193
CAN,71,194
CAN,71,195
CAN,71,196
CAN,71,201
CAN,71,202
CAN,71,203
CAN,71,204
CAN,71,205
CAN,71,206
CAN,71,207
CAN,71,208
CAN,71,209
CAN,71,210
CAN,71,211
CAN,71,212
CAN,71,213
CAN,71,214
CAN,71,215
CAN,71,216
CAN,71,217
CAN,71,218
CAN,71,219
CAN,71,220
CAN,71,221
CAN,71,222
CAN,71,223
CAN,71,224
CAN,71,225
CAN,71,226
CAN,71,227
CAN,71,228
CAN,71,229
CAN,71,230
CAN,71,231
CAN,71,232
CAN,71,233
CAN,71,234
CAN,71,235
CAN,71,236
CAN,71,237
CAN,71,238
CAN,71,239
CAN,71,240
CAN,71,241
CAN,71,242
CAN,71,243
CAN,71,244
CAN,71,245
CAN,71,246
CAN,72,94
CAN,72,95
CAN,72,96
CAN,72,97
CAN,72,99
CAN,72,100
CAN,72,101
CAN,72,102
CAN,72,103
CAN,72,104
CAN,72,105
CAN,72,106
CAN,72,107
CAN,72,108
CAN,72,109
CAN,72,110
CAN,72,111
CAN,72,112
CAN,72,113
CAN,72,114
CAN,72,115
CAN,72,116
CAN,72,117
CAN,72,118
CAN,72,119
CAN,72,120
CAN,72,121
CAN,72,122
CAN,72,123
CAN,72,124
CAN,72,125
CAN,72,126
CAN,72,127
CAN,72,128
CAN,72,129
CAN,72,130
CAN,72,131
CAN,72,132
CAN,72,133
CAN,72,134
CAN,72,135
CAN,72,136
CAN,72,137
CAN,72,138
CAN,72,139
CAN,72,140
CAN,72,141
CAN,72,142
CAN,72,143
CAN,72,144
CAN,72,145
CAN,72,146
CAN,72,147
CAN,72,148
CAN,72,149
CAN,72,150
CAN,72,151
CAN,72,152
CAN,72,153
CAN,72,154
CAN,72,155
CAN,72,156
CAN,72,157
CAN,72,158
CAN,72,159
CAN,72,160
CAN,72,161
CAN,72,162
CAN,72,163
CAN,72,164
CAN,72,165
CAN,72,166
CAN,72,167
CAN,72,168
CAN,72,169
CAN,72,170
CAN,72,171
CAN,72,172
CAN,72,173
CAN,72,174
CAN,72,175
CAN,72,176
CAN,72,177
CAN,72,178
CAN,72,179
CAN,72,180
CAN,72,181
CAN,72,182
CAN,72,183
CAN,72,184
CAN,72,185
CAN,72,186
CAN,72,187
CAN,72,188
CAN,72,189
CAN,72,190
CAN,72,191
CAN,72,192
CAN,72,193
CAN,72,194
CAN,72,195
CAN,72,196
CAN,72,198
CAN,72,202
CAN,72,203
CAN,72,204
CAN,72,205
CAN,72,206
CAN,72,207
CAN,72,208
CAN,72,209
CAN,72,210
CAN,72,211
CAN,72,212
CAN,72,213
CAN,72,214
CAN,72,215
CAN,72,216
CAN,72,217
CAN,72,218
CAN,72,219
CAN,72,220
CAN,72,221
CAN,72,222
CAN,72,223
CAN,72,224
CAN,72,225
CAN,72,226
CAN,72,227
CAN,72,228
CAN,72,229
CAN,72,230
CAN,72,231
CAN,72,232
CAN,72,233
CAN,72,234
CAN,72,235
CAN,72,236
CAN,72,237
CAN,72,238
CAN,72,239
CAN,72,240
CAN,72,241
CAN,72,242
CAN,72,243
CAN,72,244
CAN,72,245
CAN,72,246
CAN,73,94
CAN,73,95
CAN,73,96
CAN,73,97
CAN,73,99
CAN,73,100
CAN,73,101
CAN,73,102
CAN,73,103
CAN,73,104
CAN,73,105
CAN,73,106
CAN,73,107
CAN,73,108
CAN,73,109
CAN,73,110
CAN,73,111
CAN,73,112
CAN,73,113
CAN,73,114
CAN,73,115
CAN,73,116
CAN,73,117
CAN,73,118
CAN,73,119
CAN,73,120
CAN,73,121
CAN,73,122
CAN,73,123
CAN,73,124
CAN,73,125
CAN,73,126
CAN,73,127
CAN,73,128
CAN,73,129
CAN,73,130
CAN,73,131
CAN,73,132
CAN,73,133
CAN,73,134
CAN,73,135
CAN,73,136
CAN,73,137
CAN,73,138
CAN,73,139
CAN,73,140
CAN,73,141
CAN,73,142
CAN,73,143
CAN,73,144
CAN,73,145
CAN,73,146
CAN,73,147
CAN,73,148
CAN,73,149
CAN,73,150
CAN,73,151
CAN,73,152
CAN,73,153
CAN,73,154
CAN,73,155
CAN,73,156
CAN,73,157
CAN,73,158
CAN,73,159
CAN,73,160
CAN,73,161
CAN,73,162
CAN,73,163
CAN,73,164
CAN,73,165
CAN,73,166
CAN,73,167
CAN,73,168
CAN,73,169
CAN,73,170
CAN,73,171
CAN,73,172
CAN,73,173
CAN,73,174
CAN,73,175
CAN,73,176
CAN,73,177
CAN,73,178
CAN,73,179
CAN,73,180
CAN,73,181
CAN,73,182
CAN,73,183
CAN,73,184
CAN,73,185
CAN,73,186
CAN,73,187
CAN,73,188
CAN,73,189
CAN,73,190
CAN,73,191
CAN,73,192
CAN,73,193
CAN,73,194
CAN,73,195
CAN,73,196
CAN,73,202
CAN,73,203
CAN,73,204
CAN,73,205
CAN,73,206
CAN,73,207
CAN,73,208
CAN,73,209
CAN,73,210
CAN,73,211
CAN,73,212
CAN,73,213
CAN,73,214
CAN,73,215
CAN,73,216
CAN,73,217
CAN,73,218
CAN,73,219
CAN,73,220
CAN,73,221
CAN,73,222
CAN,73,223
CAN,73,224
CAN,73,225
CAN,73,226
CAN,73,227
CAN,73,228
CAN,73,229
CAN,73,230
CAN,73,231
CAN,73,232
CAN,73,233
CAN,73,234
CAN,73,235
CAN,73,236
CAN,73,237
CAN,73,238
CAN,73,239
CAN,73,240
CAN,73,241
CAN,73,242
CAN,73,243
CAN,73,244
CAN,73,245
CAN,73,246
CAN,73,247
CAN,73,248
CAN,73,249
CAN,74,95
CAN,74,96
CAN,74,97
CAN,74,100
CAN,74,101
CAN,74,102
CAN,74,103
CAN,74,104
CAN,74,105
CAN,74,106
CAN,74,107
CAN,74,108
CAN,74,109
CAN,74,110
CAN,74,111
CAN,74,112
CAN,74,113
CAN,74,114
CAN,74,115
CAN,74,116
CAN,74,117
CAN,74,118
CAN,74,119
CAN,74,120
CAN,74,121
CAN,74,122
CAN,74,123
CAN,74,124
CAN,74,125
CAN,74,126
CAN,74,127
CAN,74,128
CAN,74,129
CAN,74,130
CAN,74,131
CAN,74,132
CAN,74,133
CAN,74,134
CAN,74,135
CAN,74,136
CAN,74,137
CAN,74,138
CAN,74,139
CAN,74,140
CAN,74,141
CAN,74,142
CAN,74,143
CAN,74,144
CAN,74,145
CAN,74,146
CAN,74,147
CAN,74,148
CAN,74,149
CAN,74,150
CAN,74,151
CAN,74,152
CAN,74,153
CAN,74,154
CAN,74,155
CAN,74,156
CAN,74,157
CAN,74,158
CAN,74,159
CAN,74,160
CAN,74,161
CAN,74,162
CAN,74,163
CAN,74,164
CAN,74,165
CAN,74,166
CAN,74,167
CAN,74,168
CAN,74,169
CAN,74,170
CAN,74,171
CAN,74,172
CAN,74,173
CAN,74,174
CAN,74,175
CAN,74,176
CAN,74,177
CAN,74,178
CAN,74,179
CAN,74,180
CAN,74,181
CAN,74,182
CAN,74,183
CAN,74,184
CAN,74,185
CAN,74,186
CAN,74,187
CAN,74,188
CAN,74,189
CAN,74,190
CAN,74,191
CAN,74,192
CAN,74,193
CAN,74,194
CAN,74,195
CAN,74,196
CAN,74,197
CAN,74,198
CAN,74,199
CAN,74,200
CAN,74,201
CAN,74,202
CAN,74,203
CAN,74,204
CAN,74,205
CAN,74,206
CAN,74,207
CAN,74,208
CAN,74,209
CAN,74,210
CAN,74,211
CAN,74,212
CAN,74,213
CAN,74,214
CAN,74,215
CAN,74,216
CAN,74,217
CAN,74,218
CAN,74,219
CAN,74,220
CAN,74,221
CAN,74,222
CAN,74,223
CAN,74,224
CAN,74,225
CAN,74,226
CAN,74,227
CAN,74,228
CAN,74,229
CAN,74,230
CAN,74,231
CAN,74,232
CAN,74,233
CAN,74,234
CAN,74,235
CAN,74,236
CAN,74,237
CAN,74,238
CAN,74,239
CAN,74,240
CAN,74,241
CAN,74,242
CAN,74,243
CAN,74,244
CAN,74,245
CAN,74,246
CAN,74,247
CAN,74,248
CAN,74,249
CAN,75,96
CAN,75,97
CAN,75,98
CAN,75,102
CAN,75,103
CAN,75,104
CAN,75,105
CAN,75,106
CAN,75,107
CAN,75,108
CAN,75,109
CAN,75,110
CAN,75,111
CAN,75,112
CAN,75,113
CAN,75,114
CAN,75,115
CAN,75,116
CAN,75,117
CAN,75,118
CAN,75,119
CAN,75,120
CAN,75,121
CAN,75,122
CAN,75,123
CAN,75,124
CAN,75,125
CAN,75,126
CAN,75,127
CAN,75,128
CAN,75,129
CAN,75,130
CAN,75,131
CAN,75,132
CAN,75,133
CAN,75,134
CAN,75,135
CAN,75,136
CAN,75,137
CAN,75,138
CAN,75,139
CAN,75,140
CAN,75,141
CAN,75,142
CAN,75,143
CAN,75,144
CAN,75,145
CAN,75,146
CAN,75,147
CAN,75,148
CAN,75,149
CAN,75,150
CAN,75,151
CAN,75,152
CAN,75,153
CAN,75,154
CAN,75,155
CAN,75,156
CAN,75,157
CAN,75,158
CAN,75,159
CAN,75,160
CAN,75,161
CAN,75,162
CAN,75,163
CAN,75,164
CAN,75,165
CAN,75,166
CAN,75,167
CAN,75,168
CAN,75,169
CAN,75,170
CAN,75,171
CAN,75,172
CAN,75,173
CAN,75,174
CAN,75,175
CAN,75,176
CAN,75,177
CAN,75,178
CAN,75,179
CAN,75,180
CAN,75,181
CAN,75,182
CAN,75,183
CAN,75,184
CAN,75,185
CAN,75,186
CAN,75,187
CAN,75,188
CAN,75,189
CAN,75,190
CAN,75,191
CAN,75,192
CAN,75,193
CAN,75,194
CAN,75,195
CAN,75,196
CAN,75,197
CAN,75,198
CAN,75,199
CAN,75,201
CAN,75,203
CAN,75,204
CAN,75,205
CAN,75,206
CAN,75,207
CAN,75,208
CAN,75,209
CAN,75,210
CAN,75,211
CAN,75,212
CAN,75,213
CAN,75,214
CAN,75,215
CAN,75,216
CAN,75,217
CAN,75,218
CAN,75,219
CAN,75,220
CAN,75,221
CAN,75,222
CAN,75,223
CAN,75,224
CAN,75,225
CAN,75,226
CAN,75,227
CAN,75,228
CAN,75,229
CAN,75,230
CAN,75,231
CAN,75,232
CAN,75,233
CAN,75,234
CAN,75,235
CAN,75,236
CAN,75,237
CAN,75,238
CAN,75,239
CAN,75,240
CAN,75,241
CAN,75,242
CAN,75,243
CAN,75,244
CAN,75,245
CAN,75,246
CAN,75,247
CAN,75,248
CAN,75,249
CAN,76,97
CAN,76,98
CAN,76,99
CAN,76,103
CAN,76,104
CAN,76,105
CAN,76,106
CAN,76,107
CAN,76,108
CAN,76,109
CAN,76,110
CAN,76,111
CAN,76,112
CAN,76,113
CAN,76,114
CAN,76,115
CAN,76,116
CAN,76,117
CAN,76,118
CAN,76,119
CAN,76,120
CAN,76,121
CAN,76,122
CAN,76,123
CAN,76,124
CAN,76,125
CAN,76,126
CAN,76,127
CAN,76,128
CAN,76,129
CAN,76,130
CAN,76,131
CAN,76,132
CAN,76,133
CAN,76,134
CAN,76,135
CAN,76,136
CAN,76,137
CAN,76,138
CAN,76,139
CAN,76,140
CAN,76,141
CAN,76,142
CAN,76,143
CAN,76,144
CAN,76,145
CAN,76,146
CAN,76,147
CAN,76,148
CAN,76,149
CAN,76,150
CAN,76,151
CAN,76,152
CAN,76,153
CAN,76,154
CAN,76,155
CAN,76,156
CAN,76,157
CAN,76,158
CAN,76,159
CAN,76,160
CAN,76,161
CAN,76,162
CAN,76,163
CAN,76,164
CAN,76,165
CAN,76,166
CAN,76,167
CAN,76,168
CAN,76,169
CAN,76,170
CAN,76,171
CAN,76,172
CAN,76,173
CAN,76,174
CAN,76,175
CAN,76,176
CAN,76,177
CAN,76,178
CAN,76,179
CAN,76,180
CAN,76,181
CAN,76,182
CAN,76,183
CAN,76,184
CAN,76,185
CAN,76,186
CAN,76,187
CAN,76,188
CAN,76,189
CAN,76,190
CAN,76,191
CAN,76,192
CAN,76,193
CAN,76,194
CAN,76,195
CAN,76,196
CAN,76,197
CAN,76,198
CAN,76,199
CAN,76,201
CAN,76,202
CAN,76,203
CAN,76,204
CAN,76,205
CAN,76,206
CAN,76,207
CAN,76,208
CAN,76,209
CAN,76,210
CAN,76,211
CAN,76,212
CAN,76,213
CAN,76,214
CAN,76,215
CAN,76,216
CAN,76,217
CAN,76,218
CAN,76,219
CAN,76,220
CAN,76,221
CAN,76,222
CAN,76,223
CAN,76,224
CAN,76,225
CAN,76,226
CAN,76,227
CAN,76,228
CAN,76,229
CAN,76,230
CAN,76,231
CAN,76,232
CAN,76,233
CAN,76,234
CAN,76,235
CAN,76,236
CAN,76,237
CAN,76,238
CAN,76,239
CAN,76,240
CAN,76,241
CAN,76,242
CAN,76,243
CAN,76,244
CAN,76,245
CAN,76,246
CAN,76,247
CAN,76,248
CAN,76,249
CAN,77,104
CAN,77,105
CAN,77,106
CAN,77,107
CAN,77,108
CAN,77,109
CAN,77,110
CAN,77,111
CAN,77,112
CAN,77,113
CAN,77,114
CAN,77,115
CAN,77,116
CAN,77,117
CAN,77,118
CAN,77,119
CAN,77,120
CAN,77,121
CAN,77,122
CAN,77,123
CAN,77,124
CAN,77,125
CAN,77,126
CAN,77,127
CAN,77,128
CAN,77,129
CAN,77,130
CAN,77,131
CAN,77,132
CAN,77,133
CAN,77,134
CAN,77,135
CAN,77,136
CAN,77,137
CAN,77,138
CAN,77,139
CAN,77,140
CAN,77,141
CAN,77,142
CAN,77,143
CAN,77,144
CAN,77,145
CAN,77,146
CAN,77,147
CAN,77,148
CAN,77,149
CAN,77,150
CAN,77,151
CAN,77,152
CAN,77,153
CAN,77,154
CAN,77,155
CAN,77,156
CAN,77,157
CAN,77,158
CAN,77,159
CAN,77,160
CAN,77,161
CAN,77,162
CAN,77,163
CAN,77,164
CAN,77,165
CAN,77,166
CAN,77,167
CAN,77,168
CAN,77,169
CAN,77,170
CAN,77,171
CAN,77,172
CAN,77,173
CAN,77,174
CAN,77,175
CAN,77,176
CAN,77,177
CAN,77,178
CAN,77,179
CAN,77,180
CAN,77,181
CAN,77,182
CAN,77,183
CAN,77,184
CAN,77,185
CAN,77,186
CAN,77,187
CAN,77,188
CAN,77,189
CAN,77,190
CAN,77,191
CAN,77,192
CAN,77,193
CAN,77,194
CAN,77,195
CAN,77,196
CAN,77,197
CAN,77,198
CAN,77,199
CAN,77,200
CAN,77,201
CAN,77,202
CAN,77,203
CAN,77,204
CAN,77,205
CAN,77,206
CAN,77,207
CAN,77,208
CAN,77,209
CAN,77,210
CAN,77,211
CAN,77,212
CAN,77,213
CAN,77,214
CAN,77,215
CAN,77,216
CAN,77,217
CAN,77,218
CAN,77,219
CAN,77,220
CAN,77,221
CAN,77,222
CAN,77,223
CAN,77,224
CAN,77,225
CAN,77,226
CAN,77,227
CAN,77,228
CAN,77,229
CAN,77,230
CAN,77,231
CAN,77,232
CAN,77,233
CAN,77,234
CAN,77,235
CAN,77,236
CAN,77,237
CAN,77,238
CAN,77,239
CAN,77,240
CAN,77,241
CAN,77,242
CAN,77,243
CAN,77,244
CAN,77,245
CAN,77,246
CAN,77,247
CAN,77,248
CAN,77,249
CAN,77,250
CAN,78,105
CAN,78,106
CAN,78,107
CAN,78,108
CAN,78,109
CAN,78,110
CAN,78,111
CAN,78,112
CAN,78,113
CAN,78,114
CAN,78,115
CAN,78,116
CAN,78,117
CAN,78,118
CAN,78,119
CAN,78,120
CAN,78,121
CAN,78,122
CAN,78,123
CAN,78,124
CAN,78,125
CAN,78,126
CAN,78,127
CAN,78,128
CAN,78,129
CAN,78,130
CAN,78,131
CAN,78,132
CAN,78,133
CAN,78,134
CAN,78,135
CAN,78,136
CAN,78,137
CAN,78,138
CAN,78,139
CAN,78,140
CAN,78,141
CAN,78,142
CAN,78,143
CAN,78,144
CAN,78,145
CAN,78,146
CAN,78,147
CAN,78,148
CAN,78,149
CAN,78,150
CAN,78,151
CAN,78,152
CAN,78,153
CAN,78,154
CAN,78,155
CAN,78,156
CAN,78,157
CAN,78,158
CAN,78,159
CAN,78,160
CAN,78,161
CAN,78,162
CAN,78,163
CAN,78,164
CAN,78,165
CAN,78,166
CAN,78,167
CAN,78,168
CAN,78,169
CAN,78,170
CAN,78,171
CAN,78,172
CAN,78,173
CAN,78,174
CAN,78,175
CAN,78,176
CAN,78,177
CAN,78,178
CAN,78,179
CAN,78,180
CAN,78,181
CAN,78,182
CAN,78,183
CAN,78,184
CAN,78,185
CAN,78,186
CAN,78,187
CAN,78,188
CAN,78,189
CAN,78,190
CAN,78,191
CAN,78,192
CAN,78,193
CAN,78,194
CAN,78,195
CAN,78,196
CAN,78,197
CAN,78,198
CAN,78,199
CAN,78,200
CAN,78,201
CAN,78,202
CAN,78,203
CAN,78,204
CAN,78,205
CAN,78,206
CAN,78,207
CAN,78,208
CAN,78,209
CAN,78,210
CAN,78,211
CAN,78,212
CAN,78,213
CAN,78,214
CAN,78,215
CAN,78,216
CAN,78,217
CAN,78,218
CAN,78,219
CAN,78,220
CAN,78,221
CAN,78,222
CAN,78,223
CAN,78,224
CAN,78,225
CAN,78,226
CAN,78,227
CAN,78,228
CAN,78,229
CAN,78,230
CAN,78,231
CAN,78,232
CAN,78,233
CAN,78,234
CAN,78,235
CAN,78,236
CAN,78,237
CAN,78,238
CAN,78,239
CAN,78,240
CAN,78,241
CAN,78,242
CAN,78,243
CAN,78,244
CAN,78,245
CAN,78,246
CAN,78,247
CAN,78,248
CAN,78,249
CAN,78,250
CAN,79,103
CAN,79,104
CAN,79,105
CAN,79,106
CAN,79,107
CAN,79,108
CAN,79,109
CAN,79,110
CAN,79,111
CAN,79,112
CAN,79,113
CAN,79,114
CAN,79,115
CAN,79,116
CAN,79,117
CAN,79,118
CAN,79,119
CAN,79,120
CAN,79,121
CAN,79,122
CAN,79,123
CAN,79,124
CAN,79,125
CAN,79,126
CAN,79,127
CAN,79,128
CAN,79,129
CAN,79,130
CAN,79,131
CAN,79,132
CAN,79,133
CAN,79,134
CAN,79,135
CAN,79,136
CAN,79,137
CAN,79,138
CAN,79,139
CAN,79,140
CAN,79,141
CAN,79,142
CAN,79,143
CAN,79,144
CAN,79,145
CAN,79,146
CAN,79,147
CAN,79,148
CAN,79,149
CAN,79,150
CAN,79,151
CAN,79,152
CAN,79,153
CAN,79,154
CAN,79,155
CAN,79,156
CAN,79,157
CAN,79,158
CAN,79,159
CAN,79,160
CAN,79,161
CAN,79,162
CAN,79,163
CAN,79,164
CAN,79,165
CAN,79,166
CAN,79,167
CAN,79,168
CAN,79,169
CAN,79,170
CAN,79,171
CAN,79,172
CAN,79,173
CAN,79,174
CAN,79,175
CAN,79,176
CAN,79,177
CAN,79,178
CAN,79,179
CAN,79,180
CAN,79,181
CAN,79,182
CAN,79,183
CAN,79,184
CAN,79,185
CAN,79,186
CAN,79,187
CAN,79,188
CAN,79,189
CAN,79,190
CAN,79,191
CAN,79,192
CAN,79,193
CAN,79,194
CAN,79,195
CAN,79,196
CAN,79,197
CAN,79,198
CAN,79,199
CAN,79,200
CAN,79,201
CAN,79,202
CAN,79,203
CAN,79,204
CAN,79,205
CAN,79,206
CAN,79,207
CAN,79,208
CAN,79,209
CAN,79,210
CAN,79,211
CAN,79,212
CAN,79,213
CAN,79,214
CAN,79,215
CAN,79,216
CAN,79,217
CAN,79,218
CAN,79,219
CAN,79,220
CAN,79,221
CAN,79,222
CAN,79,223
CAN,79,224
CAN,79,225
CAN,79,226
CAN,79,227
CAN,79,228
CAN,79,229
CAN,79,230
CAN,79,231
CAN,79,232
CAN,79,233
CAN,79,234
CAN,79,235
CAN,79,236
CAN,79,237
CAN,79,238
CAN,79,239
CAN,79,240
CAN,79,241
CAN,79,242
CAN,79,243
CAN,79,246
CAN,79,247
CAN,79,248
CAN,79,249
CAN,79,250
CAN,80,105
CAN,80,106
CAN,80,107
CAN,80,108
CAN,80,109
CAN,80,110
CAN,80,111
CAN,80,112
CAN,80,113
CAN,80,114
CAN,80,115
CAN,80,116
CAN,80,117
CAN,80,118
CAN,80,119
CAN,80,120
CAN,80,121
CAN,80,122
CAN,80,123
CAN,80,124
CAN,80,125
CAN,80,126
CAN,80,127
CAN,80,128
CAN,80,129
CAN,80,130
CAN,80,131
CAN,80,132
CAN,80,133
CAN,80,134
CAN,80,135
CAN,80,136
CAN,80,137
CAN,80,138
CAN,80,139
CAN,80,140
CAN,80,141
CAN,80,142
CAN,80,143
CAN,80,144
CAN,80,145
CAN,80,146
CAN,80,147
CAN,80,148
CAN,80,149
CAN,80,150
CAN,80,151
CAN,80,152
CAN,80,153
CAN,80,154
CAN,80,155
CAN,80,156
CAN,80,157
CAN,80,158
CAN,80,159
CAN,80,160
CAN,80,161
CAN,80,162
CAN,80,163
CAN,80,164
CAN,80,165
CAN,80,166
CAN,80,167
CAN,80,168
CAN,80,169
CAN,80,170
CAN,80,171
CAN,80,172
CAN,80,173
CAN,80,174
CAN,80,175
CAN,80,176
CAN,80,177
CAN,80,178
CAN,80,179
CAN,80,180
CAN,80,181
CAN,80,182
CAN,80,183
CAN,80,184
CAN,80,185
CAN,80,186
CAN,80,187
CAN,80,188
CAN,80,189
CAN,80,190
CAN,80,191
CAN,80,192
CAN,80,193
CAN,80,194
CAN,80,195
CAN,80,196
CAN,80,197
CAN,80,198
CAN,80,199
CAN,80,200
CAN,80,201
CAN,80,202
CAN,80,203
CAN,80,204
CAN,80,205
CAN,80,206
CAN,80,207
CAN,80,208
CAN,80,209
CAN,80,210
CAN,80,211
CAN,80,212
CAN,80,213
CAN,80,214
CAN,80,215
CAN,80,216
CAN,80,217
CAN,80,218
CAN,80,219
CAN,80,220
CAN,80,221
CAN,80,222
CAN,80,223
CAN,80,224
CAN,80,225
CAN,80,226
CAN,80,227
CAN,80,228
CAN,80,229
CAN,80,230
CAN,80,231
CAN,80,232
CAN,80,233
CAN,80,234
CAN,80,235
CAN,80,236
CAN,80,237
CAN,80,238
CAN,80,239
CAN,80,240
CAN,80,241
CAN,80,245
CAN,80,246
CAN,80,247
CAN,80,248
CAN,80,249
CAN,80,250
CAN,81,106
CAN,81,107
CAN,81,108
CAN,81,109
CAN,81,110
CAN,81,111
CAN,81,112
CAN,81,113
CAN,81,114
CAN,81,115
CAN,81,116
CAN,81,117
CAN,81,118
CAN,81,119
CAN,81,120
CAN,81,121
CAN,81,122
CAN,81,123
CAN,81,124
CAN,81,125
CAN,81,126
CAN,81,127
CAN,81,128
CAN,81,129
CAN,81,130
CAN,81,131
CAN,81,132
CAN,81,133
CAN,81,134
CAN,81,135
CAN,81,136
CAN,81,137
CAN,81,138
CAN,81,139
CAN,81,140
CAN,81,141
CAN,81,142
CAN,81,143
CAN,81,144
CAN,81,145
CAN,81,146
CAN,81,147
CAN,81,148
CAN,81,149
CAN,81,150
CAN,81,151
CAN,81,152
CAN,81,153
CAN,81,154
CAN,81,155
CAN,81,156
CAN,81,157
CAN,81,158
CAN,81,159
CAN,81,160
CAN,81,161
CAN,81,162
CAN,81,163
CAN,81,164
CAN,81,165
CAN,81,166
CAN,81,167
CAN,81,168
CAN,81,169
CAN,81,170
CAN,81,171
CAN,81,172
CAN,81,173
CAN,81,174
CAN,81,175
CAN,81,176
CAN,81,177
CAN,81,178
CAN,81,179
CAN,81,180
CAN,81,181
CAN,81,182
CAN,81,183
CAN,81,184
CAN,81,185
CAN,81,186
CAN,81,187
CAN,81,188
CAN,81,189
CAN,81,190
CAN,81,191
CAN,81,192
CAN,81,193
CAN,81,194
CAN,81,195
CAN,81,196
CAN,81,197
CAN,81,198
CAN,81,199
CAN,81,200
CAN,81,201
CAN,81,202
CAN,81,203
CAN,81,204
CAN,81,205
CAN,81,206
CAN,81,207
CAN,81,208
CAN,81,209
CAN,81,210
CAN,81,211
CAN,81,212
CAN,81,213
CAN,81,214
CAN,81,215
CAN,81,216
CAN,81,217
CAN,81,218
CAN,81,219
CAN,81,220
CAN,81,221
CAN,81,222
CAN,81,223
CAN,81,224
CAN,81,225
CAN,81,226
CAN,81,227
CAN,81,232
CAN,81,233
CAN,81,234
CAN,81,235
CAN,81,236
CAN,81,244
CAN,81,245
CAN,81,246
CAN,81,247
CAN,81,248
CAN,81,249
CAN,81,250
CAN,81,251
CAN,81,252
CAN,82,107
CAN,82,108
CAN,82,109
CAN,82,110
CAN,82,111
CAN,82,112
CAN,82,113
CAN,82,114
CAN,82,115
CAN,82,116
CAN,82,117
CAN,82,118
CAN,82,119
CAN,82,120
CAN,82,121
CAN,82,122
CAN,82,123
CAN,82,124
CAN,82,125
CAN,82,126
CAN,82,127
CAN,82,128
CAN,82,129
CAN,82,130
CAN,82,131
CAN,82,132
CAN,82,133
CAN,82,134
CAN,82,135
CAN,82,136
CAN,82,137
CAN,82,138
CAN,82,139
CAN,82,140
CAN,82,141
CAN,82,142
CAN,82,143
CAN,82,144
CAN,82,145
CAN,82,146
CAN,82,147
CAN,82,148
CAN,82,149
CAN,82,150
CAN,82,151
CAN,82,152
CAN,82,153
CAN,82,154
CAN,82,155
CAN,82,156
CAN,82,157
CAN,82,158
CAN,82,159
CAN,82,160
CAN,82,161
CAN,82,162
CAN,82,163
CAN,82,164
CAN,82,165
CAN,82,166
CAN,82,167
CAN,82,168
CAN,82,169
CAN,82,170
CAN,82,171
CAN,82,172
CAN,82,173
CAN,82,174
CAN,82,175
CAN,82,176
CAN,82,177
CAN,82,178
CAN,82,179
CAN,82,180
CAN,82,181
CAN,82,182
CAN,82,183
CAN,82,184
CAN,82,185
CAN,82,186
CAN,82,187
CAN,82,188
CAN,82,189
CAN,82,190
CAN,82,191
CAN,82,192
CAN,82,193
CAN,82,194
CAN,82,195
CAN,82,196
CAN,82,197
CAN,82,198
CAN,82,199
CAN,82,200
CAN,82,201
CAN,82,202
CAN,82,203
CAN,82,204
CAN,82,205
CAN,82,206
CAN,82,207
CAN,82,208
CAN,82,209
CAN,82,210
CAN,82,211
CAN,82,212
CAN,82,213
CAN,82,214
CAN,82,215
CAN,82,216
CAN,82,217
CAN,82,218
CAN,82,219
CAN,82,220
CAN,82,221
CAN,82,222
CAN,82,223
CAN,82,224
CAN,82,225
CAN,82,226
CAN,82,227
CAN,82,228
CAN,82,229
CAN,82,230
CAN,82,231
CAN,82,232
CAN,82,233
CAN,82,234
CAN,82,235
CAN,82,236
CAN,82,237
CAN,82,244
CAN,82,245
CAN,82,246
CAN,82,247
CAN,82,248
CAN,82,249
CAN,82,250
CAN,82,251
CAN,82,252
CAN,82,253
CAN,82,254
CAN,83,109
CAN,83,110
CAN,83,111
CAN,83,112
CAN,83,113
CAN,83,114
CAN,83,171
CAN,83,172
CAN,83,173
CAN,83,174
CAN,83,175
CAN,83,176
CAN,83,177
CAN,83,178
CAN,83,179
CAN,83,180
CAN,83,181
CAN,83,182
CAN,83,183
CAN,83,184
CAN,83,185
CAN,83,186
CAN,83,187
CAN,83,188
CAN,83,189
CAN,83,190
CAN,83,191
CAN,83,192
CAN,83,193
CAN,83,194
CAN,83,195
CAN,83,196
CAN,83,197
CAN,83,198
CAN,83,199
CAN,83,200
CAN,83,201
CAN,83,202
CAN,83,203
CAN,83,204
CAN,83,205
CAN,83,206
CAN,83,207
CAN,83,208
CAN,83,209
CAN,83,210
CAN,83,211
CAN,83,212
CAN,83,213
CAN,83,214
CAN,83,215
CAN,83,216
CAN,83,217
CAN,83,218
CAN,83,219
CAN,83,220
CAN,83,221
CAN,83,222
CAN,83,223
CAN,83,224
CAN,83,225
CAN,83,226
CAN,83,227
CAN,83,228
CAN,83,229
CAN,83,230
CAN,83,231
CAN,83,232
CAN,83,242
CAN,83,243
CAN,83,244
CAN,83,245
CAN,83,246
CAN,83,247
CAN,83,248
CAN,83,249
CAN,83,250
CAN,83,251
CAN,83,252
CAN,83,253
CAN,83,254
CAN,83,255
CAN,84,112
CAN,84,113
CAN,84,114
CAN,84,175
CAN,84,176
CAN,84,177
CAN,84,178
CAN,84,179
CAN,84,180
CAN,84,181
CAN,84,182
CAN,84,183
CAN,84,184
CAN,84,185
CAN,84,186
CAN,84,187
CAN,84,188
CAN,84,189
CAN,84,190
CAN,84,191
CAN,84,192
CAN,84,193
CAN,84,194
CAN,84,195
CAN,84,196
CAN,84,197
CAN,84,198
CAN,84,199
CAN,84,200
CAN,84,201
CAN,84,202
CAN,84,203
CAN,84,204
CAN,84,205
CAN,84,206
CAN,84,207
CAN,84,208
CAN,84,209
CAN,84,210
CAN,84,211
CAN,84,212
CAN,84,213
CAN,84,214
CAN,84,215
CAN,84,216
CAN,84,217
CAN,84,218
CAN,84,219
CAN,84,220
CAN,84,221
CAN,84,222
CAN,84,223
CAN,84,224
CAN,84,225
CAN,84,226
CAN,84,227
CAN,84,228
CAN,84,229
CAN,84,230
CAN,84,231
CAN,84,232
CAN,84,242
CAN,84,243
CAN,84,244
CAN,84,245
CAN,84,246
CAN,84,247
CAN,84,248
CAN,84,249
CAN,84,250
CAN,84,251
CAN,84,252
CAN,84,253
CAN,84,254
CAN,84,255
CAN,85,186
CAN,85,187
CAN,85,188
CAN,85,189
CAN,85,190
CAN,85,191
CAN,85,192
CAN,85,193
CAN,85,194
CAN,85,195
CAN,85,196
CAN,85,197
CAN,85,198
CAN,85,199
CAN,85,200
CAN,85,201
CAN,85,202
CAN,85,203
CAN,85,204
CAN,85,205
CAN,85,206
CAN,85,207
CAN,85,208
CAN,85,209
CAN,85,210
CAN,85,211
CAN,85,212
CAN,85,213
CAN,85,214
CAN,85,215
CAN,85,216
CAN,85,217
CAN,85,218
CAN,85,219
CAN,85,220
CAN,85,221
CAN,85,222
CAN,85,223
CAN,85,224
CAN,85,225
CAN,85,226
CAN,85,227
CAN,85,228
CAN,85,229
CAN,85,230
CAN,85,231
CAN,85,232
CAN,85,237
CAN,85,238
CAN,85,242
CAN,85,243
CAN,85,244
CAN,85,245
CAN,85,246
CAN,85,247
CAN,85,248
CAN,85,249
CAN,85,250
CAN,85,251
CAN,85,252
CAN,85,253
CAN,85,254
CAN,85,255
CAN,86,188
CAN,86,189
CAN,86,190
CAN,86,191
CAN,86,192
CAN,86,193
CAN,86,194
CAN,86,195
CAN,86,196
CAN,86,197
CAN,86,198
CAN,86,199
CAN,86,200
CAN,86,201
CAN,86,202
CAN,86,203
CAN,86,204
CAN,86,205
CAN,86,206
CAN,86,207
CAN,86,208
CAN,86,209
CAN,86,210
CAN,86,211
CAN,86,212
CAN,86,213
CAN,86,214
CAN,86,215
CAN,86,216
CAN,86,217
CAN,86,218
CAN,86,219
CAN,86,220
CAN,86,221
CAN,86,222
CAN,86,223
CAN,86,224
CAN,86,225
CAN,86,226
CAN,86,227
CAN,86,228
CAN,86,229
CAN,86,230
CAN,86,231
CAN,86,232
CAN,86,233
CAN,86,237
CAN,86,239
CAN,86,240
CAN,86,249
CAN,86,250
CAN,86,251
CAN,86,252
CAN,86,253
CAN,86,254
CAN,86,255
CAN,87,191
CAN,87,192
CAN,87,193
CAN,87,194
CAN,87,195
CAN,87,196
CAN,87,197
CAN,87,198
CAN,87,199
CAN,87,200
CAN,87,201
CAN,87,202
CAN,87,203
CAN,87,204
CAN,87,205
CAN,87,206
CAN,87,207
CAN,87,208
CAN,87,209
CAN,87,210
CAN,87,211
CAN,87,212
CAN,87,213
CAN,87,214
CAN,87,215
CAN,87,216
CAN,87,217
CAN,87,218
CAN,87,219
CAN,87,220
CAN,87,221
CAN,87,225
CAN,87,226
CAN,87,227
CAN,87,228
CAN,87,229
CAN,87,230
CAN,87,231
CAN,87,232
CAN,87,233
CAN,87,234
CAN,87,238
CAN,87,239
CAN,87,240
CAN,87,249
CAN,87,250
CAN,87,252
CAN,87,253
CAN,87,254
CAN,87,255
CAN,88,192
CAN,88,193
CAN,88,194
CAN,88,195
CAN,88,196
CAN,88,197
CAN,88,198
CAN,88,199
CAN,88,200
CAN,88,201
CAN,88,202
CAN,88,203
CAN,88,204
CAN,88,205
CAN,88,206
CAN,88,207
CAN,88,208
CAN,88,209
CAN,88,210
CAN,88,211
CAN,88,212
CAN,88,213
CAN,88,214
CAN,88,215
CAN,88,216
CAN,88,217
CAN,88,218
CAN,88,219
CAN,88,220
CAN,88,225
CAN,88,226
CAN,88,227
CAN,88,228
CAN,88,229
CAN,88,230
CAN,88,231
CAN,88,232
CAN,88,233
CAN,88,234
CAN,88,235
CAN,88,236
CAN,88,237
CAN,88,238
CAN,88,239
CAN,88,240
CAN,88,241
CAN,89,193
CAN,89,194
CAN,89,195
CAN,89,196
CAN,89,197
CAN,89,198
CAN,89,199
CAN,89,200
CAN,89,201
CAN,89,202
CAN,89,203
CAN,89,204
CAN,89,205
CAN,89,206
CAN,89,207
CAN,89,208
CAN,89,209
CAN,89,210
CAN,89,211
CAN,89,212
CAN,89,213
CAN,89,214
CAN,89,215
CAN,89,216
CAN,89,217
CAN,89,218
CAN,89,219
CAN,89,220
CAN,89,225
CAN,89,226
CAN,89,227
CAN,89,228
CAN,89,229
CAN,89,230
CAN,89,231
CAN,89,232
CAN,89,233
CAN,89,234
CAN,89,235
CAN,89,236
CAN,89,237
CAN,89,238
CAN,89,239
CAN,89,240
CAN,89,241
CAN,90,195
CAN,90,196
CAN,90,197
CAN,90,198
CAN,90,199
CAN,90,200
CAN,90,201
CAN,90,202
CAN,90,203
CAN,90,204
CAN,90,205
CAN,90,206
CAN,90,207
CAN,90,208
CAN,90,209
CAN,90,210
CAN,90,211
CAN,90,212
CAN,90,213
CAN,90,214
CAN,90,215
CAN,90,216
CAN,90,217
CAN,90,218
CAN,90,219
CAN,90,226
CAN,90,227
CAN,90,228
CAN,90,229
CAN,90,230
CAN,90,231
CAN,90,232
CAN,90,233
CAN,90,234
CAN,90,235
CAN,90,236
CAN,90,237
CAN,90,238
CAN,90,239
CAN,91,196
CAN,91,197
CAN,91,198
CAN,91,199
CAN,91,200
CAN,91,201
CAN,91,202
CAN,91,203
CAN,91,204
CAN,91,205
CAN,91,206
CAN,91,207
CAN,91,208
CAN,91,209
CAN,91,210
CAN,91,227
CAN,91,229
CAN,91,230
CAN,91,231
CAN,91,232
CAN,91,233
CAN,91,234
CAN,91,235
CAN,91,236
CAN,92,196
CAN,92,197
CAN,92,198
CAN,92,199
CAN,92,200
CAN,92,201
CAN,92,202
CAN,92,203
CAN,92,204
CAN,92,205
CAN,92,206
CAN,92,207
CAN,92,208
CAN,92,209
CAN,92,228
CAN,92,229
CAN,92,230
CAN,92,231
CAN,92,232
CAN,93,196
CAN,93,197
CAN,93,198
CAN,93,199
CAN,93,200
CAN,93,201
CAN,93,202
CAN,93,203
CAN,93,204
CAN,93,205
CAN,93,206
CAN,93,207
CAN,93,228
CAN,93,229
CAN,93,230
CAN,93,231
CAN,93,240
CAN,93,241
CAN,94,196
CAN,94,197
CAN,94,198
CAN,94,199
CAN,94,200
CAN,94,201
CAN,94,202
CAN,94,229
CAN,95,195
CAN,95,196
CAN,95,197
CAN,95,198
CAN,95,199
CAN,95,200
CAN,95,201
CAN,95,202
CAN,95,203
CAN,96,194
CAN,96,195
CAN,96,196
CAN,96,197
CAN,96,198
CAN,96,199
CAN,96,200
CAN,97,194
CAN,97,195
CAN,97,196
CAN,97,197
CHN,73,607
CHN,73,608
CHN,74,601
CHN,74,602
CHN,74,603
CHN,74,604
CHN,74,605
CHN,74,606
CHN,74,607
CHN,74,608
CHN,74,609
CHN,74,610
CHN,74,611
CHN,74,612
CHN,75,601
CHN,75,602
CHN,75,603
CHN,75,604
CHN,75,605
CHN,75,606
CHN,75,607
CHN,75,608
CHN,75,609
CHN,75,610
CHN,75,611
CHN,75,612
CHN,75,613
CHN,76,602
CHN,76,603
CHN,76,604
CHN,76,605
CHN,76,606
CHN,76,607
CHN,76,608
CHN,76,609
CHN,76,610
CHN,76,611
CHN,76,612
CHN,76,613
CHN,76,614
CHN,77,601
CHN,77,602
CHN,77,603
CHN,77,604
CHN,77,605
CHN,77,606
CHN,77,607
CHN,77,608
CHN,77,609
CHN,77,610
CHN,77,611
CHN,77,612
CHN,77,613
CHN,77,614
CHN,78,600
CHN,78,601
CHN,78,602
CHN,78,603
CHN,78,604
CHN,78,605
CHN,78,606
CHN,78,607
CHN,78,608
CHN,78,609
CHN,78,610
CHN,78,611
CHN,78,612
CHN,78,613
CHN,78,614
CHN,78,615
CHN,79,599
CHN,79,600
CHN,79,601
CHN,79,602
CHN,79,603
CHN,79,604
CHN,79,605
CHN,79,606
CHN,79,607
CHN,79,608
CHN,79,609
CHN,79,610
CHN,79,611
CHN,79,612
CHN,79,613
CHN,79,614
CHN,79,615
CHN,80,599
CHN,80,600
CHN,80,601
CHN,80,602
CHN,80,603
CHN,80,604
CHN,80,605
CHN,80,606
CHN,80,607
CHN,80,608
CHN,80,609
CHN,80,610
CHN,80,611
CHN,80,612
CHN,80,613
CHN,80,614
CHN,80,615
CHN,80,616
CHN,81,594
CHN,81,595
CHN,81,596
CHN,81,597
CHN,81,598
CHN,81,599
CHN,81,600
CHN,81,601
CHN,81,602
CHN,81,603
CHN,81,604
CHN,81,605
CHN,81,606
CHN,81,607
CHN,81,608
CHN,81,609
CHN,81,610
CHN,81,611
CHN,81,612
CHN,81,613
CHN,81,614
CHN,81,615
CHN,81,616
CHN,81,617
CHN,81,618
CHN,82,534
CHN,82,535
CHN,82,536
CHN,82,593
CHN,82,594
CHN,82,595
CHN,82,596
CHN,82,597
CHN,82,598
CHN,82,599
CHN,82,600
CHN,82,601
CHN,82,602
CHN,82,603
CHN,82,604
CHN,82,605
CHN,82,606
CHN,82,607
CHN,82,608
CHN,82,609
CHN,82,610
CHN,82,611
CHN,82,612
CHN,82,613
CHN,82,614
CHN,82,615
CHN,82,616
CHN,82,617
CHN,82,618
CHN,82,619
CHN,82,620
CHN,82,621
CHN,83,534
CHN,83,535
CHN,83,536
CHN,83,537
CHN,83,592
CHN,83,593
CHN,83,594
CHN,83,595
CHN,83,596
CHN,83,597
CHN,83,598
CHN,83,599
CHN,83,600
CHN,83,601
CHN,83,602
CHN,83,603
CHN,83,604
CHN,83,605
CHN,83,606
CHN,83,607
CHN,83,608
CHN,83,609
CHN,83,610
CHN,83,611
CHN,83,612
CHN,83,613
CHN,83,614
CHN,83,615
CHN,83,616
CHN,83,617
CHN,83,618
CHN,83,619
CHN,83,620
CHN,83,621
CHN,83,622
CHN,84,532
CHN,84,533
CHN,84,534
CHN,84,535
CHN,84,536
CHN,84,537
CHN,84,538
CHN,84,539
CHN,84,540
CHN,84,592
CHN,84,593
CHN,84,594
CHN,84,595
CHN,84,596
CHN,84,597
CHN,84,598
CHN,84,599
CHN,84,600
CHN,84,601
CHN,84,602
CHN,84,603
CHN,84,604
CHN,84,605
CHN,84,606
CHN,84,607
CHN,84,608
CHN,84,609
CHN,84,610
CHN,84,611
CHN,84,612
CHN,84,613
CHN,84,614
CHN,84,615
CHN,84,616
CHN,84,617
CHN,84,618
CHN,84,619
CHN,84,620
CHN,84,621
CHN,84,622
CHN,84,626
CHN,84,627
CHN,84,628
CHN,84,629
CHN,84,630
CHN,85,532
CHN,85,533
CHN,85,534
CHN,85,535
CHN,85,536
CHN,85,537
CHN,85,538
CHN,85,539
CHN,85,540
CHN,85,541
CHN,85,592
CHN,85,593
CHN,85,594
CHN,85,595
CHN,85,596
CHN,85,598
CHN,85,599
CHN,85,600
CHN,85,601
CHN,85,602
CHN,85,603
CHN,85,604
CHN,85,605
CHN,85,606
CHN,85,607
CHN,85,608
CHN,85,609
CHN,85,610
CHN,85,611
CHN,85,612
CHN,85,613
CHN,85,614
CHN,85,615
CHN,85,616
CHN,85,617
CHN,85,618
CHN,85,619
CHN,85,620
CHN,85,621
CHN,85,622
CHN,85,623
CHN,85,624
CHN,85,625
CHN,85,626
CHN,85,627
CHN,85,628
CHN,85,629
CHN,85,630
CHN,86,527
CHN,86,528
CHN,86,531
CHN,86,532
CHN,86,533
CHN,86,534
CHN,86,535
CHN,86,536
CHN,86,537
CHN,86,538
CHN,86,539
CHN,86,540
CHN,86,541
CHN,86,542
CHN,86,599
CHN,86,600
CHN,86,601
CHN,86,602
CHN,86,603
CHN,86,604
CHN,86,605
CHN,86,606
CHN,86,607
CHN,86,608
CHN,86,609
CHN,86,610
CHN,86,611
CHN,86,612
CHN,86,613
CHN,86,614
CHN,86,615
CHN,86,616
CHN,86,617
CHN,86,618
CHN,86,619
CHN,86,620
CHN,86,621
CHN,86,622
CHN,86,623
CHN,86,624
CHN,86,625
CHN,86,626
CHN,86,627
CHN,86,628
CHN,86,629
CHN,86,630
CHN,87,526
CHN,87,527
CHN,87,528
CHN,87,529
CHN,87,530
CHN,87,531
CHN,87,532
CHN,87,533
CHN,87,534
CHN,87,535
CHN,87,536
CHN,87,537
CHN,87,538
CHN,87,539
CHN,87,540
CHN,87,541
CHN,87,542
CHN,87,543
CHN,87,595
CHN,87,596
CHN,87,597
CHN,87,598
CHN,87,599
CHN,87,600
CHN,87,601
CHN,87,602
CHN,87,603
CHN,87,604
CHN,87,605
CHN,87,606
CHN,87,607
CHN,87,608
CHN,87,609
CHN,87,610
CHN,87,611
CHN,87,612
CHN,87,613
CHN,87,614
CHN,87,615
CHN,87,616
CHN,87,617
CHN,87,618
CHN,87,619
CHN,87,620
CHN,87,621
CHN,87,622
CHN,87,623
CHN,87,624
CHN,87,625
CHN,87,626
CHN,87,627
CHN,87,628
CHN,87,629
CHN,88,526
CHN,88,527
CHN,88,528
CHN,88,529
CHN,88,530
CHN,88,531
CHN,88,532
CHN,88,533
CHN,88,534
CHN,88,535
CHN,88,536
CHN,88,537
CHN,88,538
CHN,88,539
CHN,88,540
CHN,88,541
CHN,88,542
CHN,88,543
CHN,88,593
CHN,88,594
CHN,88,595
CHN,88,596
CHN,88,597
CHN,88,598
CHN,88,599
CHN,88,600
CHN,88,601
CHN,88,602
CHN,88,603
CHN,88,604
CHN,88,605
CHN,88,606
CHN,88,607
CHN,88,608
CHN,88,609
CHN,88,610
CHN,88,611
CHN,88,612
CHN,88,613
CHN,88,614
CHN,88,615
CHN,88,616
CHN,88,617
CHN,88,618
CHN,88,619
CHN,88,620
CHN,88,621
CHN,88,622
CHN,88,623
CHN,88,624
CHN,88,625
CHN,88,626
CHN,88,627
CHN,88,628
CHN,89,525
CHN,89,526
CHN,89,527
CHN,89,528
CHN,89,529
CHN,89,530
CHN,89,531
CHN,89,532
CHN,89,533
CHN,89,534
CHN,89,535
CHN,89,536
CHN,89,537
CHN,89,538
CHN,89,539
CHN,89,540
CHN,89,541
CHN,89,542
CHN,89,592
CHN,89,593
CHN,89,594
CHN,89,595
CHN,89,596
CHN,89,597
CHN,89,598
CHN,89,599
CHN,89,600
CHN,89,601
CHN,89,602
CHN,89,603
CHN,89,604
CHN,89,605
CHN,89,606
CHN,89,607
CHN,89,608
CHN,89,609
CHN,89,610
CHN,89,611
CHN,89,612
CHN,89,613
CHN,89,614
CHN,89,615
CHN,89,616
CHN,89,617
CHN,89,618
CHN,89,619
CHN,89,620
CHN,89,621
CHN,89,622
CHN,89,623
CHN,89,624
CHN,89,625
CHN,89,626
CHN,89,627
CHN,89,628
CHN,90,521
CHN,90,522
CHN,90,523
CHN,90,524
CHN,90,525
CHN,90,526
CHN,90,527
CHN,90,528
CHN,90,529
CHN,90,530
CHN,90,531
CHN,90,532
CHN,90,533
CHN,90,534
CHN,90,535
CHN,90,536
CHN,90,537
CHN,90,538
CHN,90,539
CHN,90,540
CHN,90,541
CHN,90,542
CHN,90,543
CHN,90,544
CHN,90,545
CHN,90,546
CHN,90,547
CHN,90,584
CHN,90,585
CHN,90,586
CHN,90,589
CHN,90,590
CHN,90,591
CHN,90,592
CHN,90,593
CHN,90,594
CHN,90,595
CHN,90,596
CHN,90,597
CHN,90,598
CHN,90,599
CHN,90,600
CHN,90,601
CHN,90,602
CHN,90,603
CHN,90,604
CHN,90,605
CHN,90,606
CHN,90,607
CHN,90,608
CHN,90,609
CHN,90,610
CHN,90,611
CHN,90,612
CHN,90,613
CHN,90,614
CHN,90,615
CHN,90,616
CHN,90,617
CHN,90,618
CHN,90,619
CHN,90,620
CHN,90,621
CHN,90,622
CHN,90,623
CHN,90,624
CHN,90,625
CHN,90,626
CHN,90,627
CHN,91,520
CHN,91,521
CHN,91,522
CHN,91,523
CHN,91,524
CHN,91,525
CHN,91,526
CHN,91,527
CHN,91,528
CHN,91,529
CHN,91,530
CHN,91,531
CHN,91,532
CHN,91,533
CHN,91,534
CHN,91,535
CHN,91,536
CHN,91,537
CHN,91,538
CHN,91,539
CHN,91,540
CHN,91,541
CHN,91,542
CHN,91,543
CHN,91,544
CHN,91,545
CHN,91,546
CHN,91,547
CHN,91,548
CHN,91,549
CHN,91,584
CHN,91,585
CHN,91,586
CHN,91,587
CHN,91,588
CHN,91,589
CHN,91,590
CHN,91,591
CHN,91,592
CHN,91,593
CHN,91,594
CHN,91,595
CHN,91,596
CHN,91,597
CHN,91,598
CHN,91,599
CHN,91,600
CHN,91,601
CHN,91,602
CHN,91,603
CHN,91,604
CHN,91,605
CHN,91,606
CHN,91,607
CHN,91,608
CHN,91,609
CHN,91,610
CHN,91,611
CHN,91,612
CHN,91,613
CHN,91,614
CHN,91,615
CHN,91,616
CHN,91,617
CHN,91,618
CHN,91,619
CHN,91,620
CHN,91,621
CHN,91,622
CHN,91,623
CHN,92,521
CHN,92,522
CHN,92,523
CHN,92,524
CHN,92,525
CHN,92,526
CHN,92,527
CHN,92,528
CHN,92,529
CHN,92,530
CHN,92,531
CHN,92,532
CHN,92,533
CHN,92,534
CHN,92,535
CHN,92,536
CHN,92,537
CHN,92,538
CHN,92,539
CHN,92,540
CHN,92,541
CHN,92,542
CHN,92,543
CHN,92,544
CHN,92,545
CHN,92,546
CHN,92,547
CHN,92,548
CHN,92,549
CHN,92,550
CHN,92,551
CHN,92,583
CHN,92,584
CHN,92,585
CHN,92,586
CHN,92,587
CHN,92,588
CHN,92,589
CHN,92,590
CHN,92,591
CHN,92,592
CHN,92,593
CHN,92,594
CHN,92,595
CHN,92,596
CHN,92,597
CHN,92,598
CHN,92,599
CHN,92,600
CHN,92,601
CHN,92,602
CHN,92,603
CHN,92,604
CHN,92,605
CHN,92,606
CHN,92,607
CHN,92,608
CHN,92,609
CHN,92,610
CHN,92,611
CHN,92,612
CHN,92,613
CHN,92,614
CHN,92,615
CHN,92,616
CHN,92,617
CHN,92,618
CHN,92,619
CHN,92,620
CHN,92,621
CHN,92,622
CHN,92,623
CHN,93,521
CHN,93,522
CHN,93,523
CHN,93,524
CHN,93,525
CHN,93,526
CHN,93,527
CHN,93,528
CHN,93,529
CHN,93,530
CHN,93,531
CHN,93,532
CHN,93,533
CHN,93,534
CHN,93,535
CHN,93,536
CHN,93,537
CHN,93,538
CHN,93,539
CHN,93,540
CHN,93,541
CHN,93,542
CHN,93,543
CHN,93,544
CHN,93,545
CHN,93,546
CHN,93,547
CHN,93,548
CHN,93,549
CHN,93,550
CHN,93,551
CHN,93,552
CHN,93,584
CHN,93,585
CHN,93,586
CHN,93,587
CHN,93,588
CHN,93,589
CHN,93,590
CHN,93,591
CHN,93,592
CHN,93,593
CHN,93,594
CHN,93,595
CHN,93,596
CHN,93,597
CHN,93,598
CHN,93,599
CHN,93,600
CHN,93,601
CHN,93,602
CHN,93,603
CHN,93,604
CHN,93,605
CHN,93,606
CHN,93,607
CHN,93,608
CHN,93,609
CHN,93,610
CHN,93,611
CHN,93,612
CHN,93,613
CHN,93,614
CHN,93,615
CHN,93,616
CHN,93,617
CHN,93,618
CHN,93,619
CHN,93,620
CHN,93,621
CHN,93,622
CHN,93,623
CHN,94,521
CHN,94,522
CHN,94,523
CHN,94,524
CHN,94,525
CHN,94,526
CHN,94,527
CHN,94,528
CHN,94,529
CHN,94,530
CHN,94,531
CHN,94,532
CHN,94,533
CHN,94,534
CHN,94,535
CHN,94,536
CHN,94,537
CHN,94,538
CHN,94,539
CHN,94,540
CHN,94,541
CHN,94,542
CHN,94,543
CHN,94,544
CHN,94,545
CHN,94,546
CHN,94,547
CHN,94,548
CHN,94,549
CHN,94,550
CHN,94,551
CHN,94,552
CHN,94,553
CHN,94,582
CHN,94,583
CHN,94,584
CHN,94,585
CHN,94,586
CHN,94,587
CHN,94,588
CHN,94,589
CHN,94,590
CHN,94,591
CHN,94,592
CHN,94,593
CHN,94,594
CHN,94,595
CHN,94,596
CHN,94,597
CHN,94,598
CHN,94,599
CHN,94,600
CHN,94,601
CHN,94,602
CHN,94,603
CHN,94,604
CHN,94,605
CHN,94,606
CHN,94,607
CHN,94,608
CHN,94,609
CHN,94,610
CHN,94,611
CHN,94,612
CHN,94,613
CHN,94,614
CHN,94,615
CHN,94,616
CHN,94,617
CHN,94,618
CHN,94,619
CHN,94,620
CHN,94,621
CHN,94,622
CHN,94,623
CHN,95,521
CHN,95,522
CHN,95,523
CHN,95,524
CHN,95,525
CHN,95,526
CHN,95,527
CHN,95,528
CHN,95,529
CHN,95,530
CHN,95,531
CHN,95,532
CHN,95,533
CHN,95,534
CHN,95,535
CHN,95,536
CHN,95,537
CHN,95,538
CHN,95,539
CHN,95,540
CHN,95,541
CHN,95,542
CHN,95,543
CHN,95,544
CHN,95,545
CHN,95,546
CHN,95,547
CHN,95,548
CHN,95,549
CHN,95,550
CHN,95,551
CHN,95,552
CHN,95,553
CHN,95,554
CHN,95,555
CHN,95,556
CHN,95,557
CHN,95,558
CHN,95,559
CHN,95,560
CHN,95,561
CHN,95,562
CHN,95,563
CHN,95,564
CHN,95,580
CHN,95,581
CHN,95,582
CHN,95,583
CHN,95,584
CHN,95,585
CHN,95,586
CHN,95,587
CHN,95,588
CHN,95,589
CHN,95,590
CHN,95,591
CHN,95,592
CHN,95,593
CHN,95,594
CHN,95,595
CHN,95,596
CHN,95,597
CHN,95,598
CHN,95,599
CHN,95,600
CHN,95,601
CHN,95,602
CHN,95,603
CHN,95,604
CHN,95,605
CHN,95,606
CHN,95,607
CHN,95,608
CHN,95,609
CHN,95,610
CHN,95,611
CHN,95,612
CHN,95,613
CHN,95,614
CHN,95,615
CHN,95,616
CHN,95,617
CHN,95,618
CHN,95,619
CHN,95,620
CHN,95,621
CHN,95,622
CHN,95,623
CHN,96,520
CHN,96,521
CHN,96,522
CHN,96,523
CHN,96,524
CHN,96,525
CHN,96,526
CHN,96,527
CHN,96,528
CHN,96,529
CHN,96,530
CHN,96,531
CHN,96,532
CHN,96,533
CHN,96,534
CHN,96,535
CHN,96,536
CHN,96,537
CHN,96,538
CHN,96,539
CHN,96,540
CHN,96,541
CHN,96,542
CHN,96,543
CHN,96,544
CHN,96,545
CHN,96,546
CHN,96,547
CHN,96,548
CHN,96,549
CHN,96,550
CHN,96,551
CHN,96,552
CHN,96,553
CHN,96,554
CHN,96,555
CHN,96,556
CHN,96,557
CHN,96,558
CHN,96,559
CHN,96,560
CHN,96,561
CHN,96,562
CHN,96,563
CHN,96,564
CHN,96,565
CHN,96,566
CHN,96,567
CHN,96,572
CHN,96,573
CHN,96,574
CHN,96,575
CHN,96,576
CHN,96,577
CHN,96,578
CHN,96,579
CHN,96,580
CHN,96,581
CHN,96,582
CHN,96,583
CHN,96,584
CHN,96,585
CHN,96,586
CHN,96,587
CHN,96,588
CHN,96,589
CHN,96,590
CHN,96,591
CHN,96,592
CHN,96,593
CHN,96,594
CHN,96,595
CHN,96,596
CHN,96,597
CHN,96,598
CHN,96,599
CHN,96,600
CHN,96,601
CHN,96,602
CHN,96,603
CHN,96,604
CHN,96,605
CHN,96,606
CHN,96,607
CHN,96,608
CHN,96,609
CHN,96,610
CHN,96,611
CHN,96,612
CHN,96,613
CHN,96,614
CHN,96,615
CHN,96,616
CHN,96,617
CHN,96,618
CHN,96,619
CHN,96,620
CHN,97,518
CHN,97,519
CHN,97,520
CHN,97,521
CHN,97,522
CHN,97,523
CHN,97,524
CHN,97,525
CHN,97,526
CHN,97,527
CHN,97,528
CHN,97,529
CHN,97,530
CHN,97,531
CHN,97,532
CHN,97,533
CHN,97,534
CHN,97,535
CHN,97,536
CHN,97,537
CHN,97,538
CHN,97,539
CHN,97,540
CHN,97,541
CHN,97,542
CHN,97,543
CHN,97,544
CHN,97,545
CHN,97,546
CHN,97,547
CHN,97,548
CHN,97,549
CHN,97,550
CHN,97,551
CHN,97,552
CHN,97,553
CHN,97,554
CHN,97,555
CHN,97,556
CHN,97,557
CHN,97,558
CHN,97,559
CHN,97,560
CHN,97,561
CHN,97,562
CHN,97,563
CHN,97,564
CHN,97,565
CHN,97,566
CHN,97,567
CHN,97,568
CHN,97,569
CHN,97,570
CHN,97,571
CHN,97,572
CHN,97,573
CHN,97,574
CHN,97,575
CHN,97,576
CHN,97,577
CHN,97,578
CHN,97,579
CHN,97,580
CHN,97,581
CHN,97,582
CHN,97,583
CHN,97,584
CHN,97,585
CHN,97,586
CHN,97,587
CHN,97,588
CHN,97,589
CHN,97,590
CHN,97,591
CHN,97,592
CHN,97,593
CHN,97,594
CHN,97,595
CHN,97,596
CHN,97,597
CHN,97,598
CHN,97,599
CHN,97,600
CHN,97,601
CHN,97,602
CHN,97,603
CHN,97,604
CHN,97,605
CHN,97,606
CHN,97,607
CHN,97,608
CHN,97,609
CHN,97,610
CHN,97,611
CHN,97,612
CHN,97,613
CHN,97,614
CHN,97,615
CHN,97,616
CHN,97,617
CHN,98,514
CHN,98,515
CHN,98,516
CHN,98,517
CHN,98,518
CHN,98,519
CHN,98,520
CHN,98,521
CHN,98,522
CHN,98,523
CHN,98,524
CHN,98,525
CHN,98,526
CHN,98,527
CHN,98,528
CHN,98,529
CHN,98,530
CHN,98,531
CHN,98,532
CHN,98,533
CHN,98,534
CHN,98,535
CHN,98,536
CHN,98,537
CHN,98,538
CHN,98,539
CHN,98,540
CHN,98,541
CHN,98,542
CHN,98,543
CHN,98,544
CHN,98,545
CHN,98,546
CHN,98,547
CHN,98,548
CHN,98,549
CHN,98,550
CHN,98,551
CHN,98,552
CHN,98,553
CHN,98,554
CHN,98,555
CHN,98,556
CHN,98,557
CHN,98,558
CHN,98,559
CHN,98,560
CHN,98,561
CHN,98,562
CHN,98,563
CHN,98,564
CHN,98,565
CHN,98,566
CHN,98,567
CHN,98,568
CHN,98,569
CHN,98,570
CHN,98,571
CHN,98,572
CHN,98,573
CHN,98,574
CHN,98,575
CHN,98,576
CHN,98,577
CHN,98,578
CHN,98,579
CHN,98,580
CHN,98,581
CHN,98,582
CHN,98,583
CHN,98,584
CHN,98,585
CHN,98,586
CHN,98,587
CHN,98,588
CHN,98,589
CHN,98,590
CHN,98,591
CHN,98,592
CHN,98,593
CHN,98,594
CHN,98,595
CHN,98,596
CHN,98,597
CHN,98,598
CHN,98,599
CHN,98,600
CHN,98,601
CHN,98,602
CHN,98,603
CHN,98,604
CHN,98,605
CHN,98,606
CHN,98,607
CHN,98,608
CHN,98,609
CHN,98,610
CHN,98,611
CHN,98,612
CHN,98,613
CHN,98,614
CHN,98,616
CHN,98,617
CHN,99,510
CHN,99,511
CHN,99,512
CHN,99,514
CHN,99,515
CHN,99,516
CHN,99,517
CHN,99,518
CHN,99,519
CHN,99,520
CHN,99,521
CHN,99,522
CHN,99,523
CHN,99,524
CHN,99,525
CHN,99,526
CHN,99,527
CHN,99,528
CHN,99,529
CHN,99,530
CHN,99,531
CHN,99,532
CHN,99,533
CHN,99,534
CHN,99,535
CHN,99,536
CHN,99,537
CHN,99,538
CHN,99,539
CHN,99,540
CHN,99,541
CHN,99,542
CHN,99,543
CHN,99,544
CHN,99,545
CHN,99,546
CHN,99,547
CHN,99,548
CHN,99,549
CHN,99,550
CHN,99,551
CHN,99,552
CHN,99,553
CHN,99,554
CHN,99,555
CHN,99,556
CHN,99,557
CHN,99,558
CHN,99,559
CHN,99,560
CHN,99,561
CHN,99,562
CHN,99,563
CHN,99,564
CHN,99,565
CHN,99,566
CHN,99,567
CHN,99,568
CHN,99,569
CHN,99,570
CHN,99,571
CHN,99,572
CHN,99,573
CHN,99,574
CHN,99,575
CHN,99,576
CHN,99,577
CHN,99,578
CHN,99,579
CHN,99,580
CHN,99,581
CHN,99,582
CHN,99,583
CHN,99,584
CHN,99,585
CHN,99,586
CHN,99,587
CHN,99,588
CHN,99,589
CHN,99,590
CHN,99,591
CHN,99,592
CHN,99,593
CHN,99,594
CHN,99,595
CHN,99,596
CHN,99,597
CHN,99,598
CHN,99,599
CHN,99,600
CHN,99,601
CHN,99,602
CHN,99,603
CHN,99,604
CHN,99,605
CHN,99,606
CHN,99,607
CHN,99,608
CHN,99,609
CHN,99,610
CHN,99,611
CHN,99,612
CHN,99,613
CHN,100,509
CHN,100,510
CHN,100,511
CHN,100,512
CHN,100,513
CHN,100,514
CHN,100,515
CHN,100,516
CHN,100,517
CHN,100,518
CHN,100,519
CHN,100,520
CHN,100,521
CHN,100,522
CHN,100,523
CHN,100,524
CHN,100,525
CHN,100,526
CHN,100,527
CHN,100,528
CHN,100,529
CHN,100,530
CHN,100,531
CHN,100,532
CHN,100,533
CHN,100,534
CHN,100,535
CHN,100,536
CHN,100,537
CHN,100,538
CHN,100,539
CHN,100,540
CHN,100,541
CHN,100,542
CHN,100,543
CHN,100,544
CHN,100,545
CHN,100,546
CHN,100,547
CHN,100,548
CHN,100,549
CHN,100,550
CHN,100,551
CHN,100,552
CHN,100,553
CHN,100,554
CHN,100,555
CHN,100,556
CHN,100,557
CHN,100,558
CHN,100,559
CHN,100,560
CHN,100,561
CHN,100,562
CHN,100,563
CHN,100,564
CHN,100,565
CHN,100,566
CHN,100,567
CHN,100,568
CHN,100,569
CHN,100,570
CHN,100,571
CHN,100,572
CHN,100,573
CHN,100,574
CHN,100,575
CHN,100,576
CHN,100,577
CHN,100,578
CHN,100,579
CHN,100,580
CHN,100,581
CHN,100,582
CHN,100,583
CHN,100,584
CHN,100,585
CHN,100,586
CHN,100,587
CHN,100,588
CHN,100,589
CHN,100,590
CHN,100,591
CHN,100,592
CHN,100,593
CHN,100,594
CHN,100,595
CHN,100,596
CHN,100,597
CHN,100,598
CHN,100,599
CHN,100,600
CHN,100,601
CHN,100,602
CHN,100,604
CHN,100,605
CHN,100,606
CHN,100,607
CHN,100,608
CHN,100,609
CHN,100,610
CHN,101,508
CHN,101,509
CHN,101,510
CHN,101,511
CHN,101,512
CHN,101,513
CHN,101,514
CHN,101,515
CHN,101,516
CHN,101,517
CHN,101,518
CHN,101,519
CHN,101,520
CHN,101,521
CHN,101,522
CHN,101,523
CHN,101,524
CHN,101,525
CHN,101,526
CHN,101,527
CHN,101,528
CHN,101,529
CHN,101,530
CHN,101,531
CHN,101,532
CHN,101,533
CHN,101,534
CHN,101,535
CHN,101,536
CHN,101,537
CHN,101,538
CHN,101,539
CHN,101,540
CHN,101,541
CHN,101,542
CHN,101,543
CHN,101,544
CHN,101,545
CHN,101,546
CHN,101,547
CHN,101,548
CHN,101,549
CHN,101,550
CHN,101,551
CHN,101,552
CHN,101,553
CHN,101,554
CHN,101,555
CHN,101,556
CHN,101,557
CHN,101,558
CHN,101,559
CHN,101,560
CHN,101,561
CHN,101,562
CHN,101,563
CHN,101,564
CHN,101,565
CHN,101,566
CHN,101,567
CHN,101,568
CHN,101,569
CHN,101,570
CHN,101,571
CHN,101,572
CHN,101,573
CHN,101,574
CHN,101,575
CHN,101,576
CHN,101,577
CHN,101,578
CHN,101,579
CHN,101,580
CHN,101,581
CHN,101,582
CHN,101,583
CHN,101,584
CHN,101,585
CHN,101,586
CHN,101,587
CHN,101,588
CHN,101,589
CHN,101,590
CHN,101,591
CHN,101,592
CHN,101,593
CHN,101,594
CHN,101,595
CHN,101,596
CHN,101,597
CHN,101,598
CHN,101,599
CHN,101,600
CHN,101,603
CHN,101,604
CHN,101,605
CHN,101,606
CHN,101,607
CHN,101,608
CHN,101,609
CHN,102,508
CHN,102,509
CHN,102,510
CHN,102,511
CHN,102,512
CHN,102,513
CHN,102,514
CHN,102,515
CHN,102,516
CHN,102,517
CHN,102,518
CHN,102,519
CHN,102,520
CHN,102,521
CHN,102,522
CHN,102,523
CHN,102,524
CHN,102,525
CHN,102,526
CHN,102,527
CHN,102,528
CHN,102,529
CHN,102,530
CHN,102,531
CHN,102,532
CHN,102,533
CHN,102,534
CHN,102,535
CHN,102,536
CHN,102,537
CHN,102,538
CHN,102,539
CHN,102,540
CHN,102,541
CHN,102,542
CHN,102,543
CHN,102,544
CHN,102,545
CHN,102,546
CHN,102,547
CHN,102,548
CHN,102,549
CHN,102,550
CHN,102,551
CHN,102,552
CHN,102,553
CHN,102,554
CHN,102,555
CHN,102,556
CHN,102,557
CHN,102,558
CHN,102,559
CHN,102,560
CHN,102,561
CHN,102,562
CHN,102,563
CHN,102,564
CHN,102,565
CHN,102,566
CHN,102,567
CHN,102,568
CHN,102,569
CHN,102,570
CHN,102,571
CHN,102,572
CHN,102,573
CHN,102,574
CHN,102,575
CHN,102,576
CHN,102,577
CHN,102,578
CHN,102,579
CHN,102,580
CHN,102,581
CHN,102,582
CHN,102,583
CHN,102,584
CHN,102,585
CHN,102,586
CHN,102,587
CHN,102,588
CHN,102,589
CHN,102,590
CHN,102,591
CHN,102,592
CHN,102,593
CHN,102,594
CHN,102,595
CHN,102,596
CHN,102,597
CHN,102,598
CHN,102,599
CHN,102,603
CHN,102,604
CHN,102,605
CHN,102,606
CHN,102,607
CHN,103,508
CHN,103,509
CHN,103,510
CHN,103,511
CHN,103,512
CHN,103,513
CHN,103,514
CHN,103,515
CHN,103,516
CHN,103,517
CHN,103,518
CHN,103,519
CHN,103,520
CHN,103,521
CHN,103,522
CHN,103,523
CHN,103,524
CHN,103,525
CHN,103,526
CHN,103,527
CHN,103,528
CHN,103,529
CHN,103,530
CHN,103,531
CHN,103,532
CHN,103,533
CHN,103,534
CHN,103,535
CHN,103,536
CHN,103,537
CHN,103,538
CHN,103,539
CHN,103,540
CHN,103,541
CHN,103,542
CHN,103,543
CHN,103,544
CHN,103,545
CHN,103,546
CHN,103,547
CHN,103,548
CHN,103,549
CHN,103,550
CHN,103,551
CHN,103,552
CHN,103,553
CHN,103,554
CHN,103,555
CHN,103,556
CHN,103,557
CHN,103,558
CHN,103,559
CHN,103,560
CHN,103,561
CHN,103,562
CHN,103,563
CHN,103,564
CHN,103,565
CHN,103,566
CHN,103,567
CHN,103,568
CHN,103,569
CHN,103,570
CHN,103,571
CHN,103,572
CHN,103,573
CHN,103,574
CHN,103,575
CHN,103,576
CHN,103,577
CHN,103,578
CHN,103,579
CHN,103,580
CHN,103,581
CHN,103,582
CHN,103,583
CHN,103,584
CHN,103,585
CHN,103,586
CHN,103,587
CHN,103,588
CHN,103,589
CHN,103,590
CHN,103,591
CHN,103,592
CHN,103,593
CHN,103,594
CHN,103,595
CHN,103,596
CHN,103,598
CHN,103,603
CHN,103,604
CHN,104,510
CHN,104,511
CHN,104,512
CHN,104,513
CHN,104,514
CHN,104,515
CHN,104,516
CHN,104,517
CHN,104,518
CHN,104,519
CHN,104,520
CHN,104,521
CHN,104,522
CHN,104,523
CHN,104,524
CHN,104,525
CHN,104,526
CHN,104,527
CHN,104,528
CHN,104,529
CHN,104,530
CHN,104,531
CHN,104,532
CHN,104,533
CHN,104,534
CHN,104,535
CHN,104,536
CHN,104,537
CHN,104,538
CHN,104,539
CHN,104,540
CHN,104,541
CHN,104,542
CHN,104,543
CHN,104,544
CHN,104,545
CHN,104,546
CHN,104,547
CHN,104,548
CHN,104,549
CHN,104,550
CHN,104,551
CHN,104,552
CHN,104,553
CHN,104,554
CHN,104,555
CHN,104,556
CHN,104,557
CHN,104,558
CHN,104,559
CHN,104,560
CHN,104,561
CHN,104,562
CHN,104,563
CHN,104,564
CHN,104,565
CHN,104,566
CHN,104,567
CHN,104,568
CHN,104,569
CHN,104,570
CHN,104,571
CHN,104,572
CHN,104,573
CHN,104,574
CHN,104,575
CHN,104,576
CHN,104,577
CHN,104,578
CHN,104,579
CHN,104,580
CHN,104,581
CHN,104,582
CHN,104,583
CHN,104,584
CHN,104,585
CHN,104,586
CHN,104,587
CHN,104,588
CHN,104,589
CHN,104,590
CHN,104,591
CHN,104,592
CHN,104,593
CHN,104,594
CHN,104,595
CHN,104,596
CHN,104,597
CHN,104,598
CHN,105,510
CHN,105,511
CHN,105,512
CHN,105,513
CHN,105,514
CHN,105,515
CHN,105,516
CHN,105,517
CHN,105,518
CHN,105,519
CHN,105,520
CHN,105,521
CHN,105,522
CHN,105,523
CHN,105,524
CHN,105,525
CHN,105,526
CHN,105,527
CHN,105,528
CHN,105,529
CHN,105,530
CHN,105,531
CHN,105,532
CHN,105,533
CHN,105,534
CHN,105,535
CHN,105,536
CHN,105,537
CHN,105,538
CHN,105,539
CHN,105,540
CHN,105,541
CHN,105,542
CHN,105,543
CHN,105,544
CHN,105,545
CHN,105,546
CHN,105,547
CHN,105,548
CHN,105,549
CHN,105,550
CHN,105,551
CHN,105,552
CHN,105,553
CHN,105,554
CHN,105,555
CHN,105,556
CHN,105,557
CHN,105,558
CHN,105,559
CHN,105,560
CHN,105,561
CHN,105,562
CHN,105,563
CHN,105,564
CHN,105,565
CHN,105,566
CHN,105,567
CHN,105,568
CHN,105,569
CHN,105,570
CHN,105,571
CHN,105,572
CHN,105,573
CHN,105,574
CHN,105,575
CHN,105,576
CHN,105,577
CHN,105,578
CHN,105,579
CHN,105,580
CHN,105,581
CHN,105,582
CHN,105,583
CHN,105,584
CHN,105,585
CHN,105,586
CHN,105,587
CHN,105,588
CHN,105,589
CHN,105,590
CHN,105,591
CHN,105,592
CHN,105,593
CHN,105,594
CHN,105,595
CHN,105,596
CHN,105,597
CHN,105,598
CHN,105,599
CHN,105,601
CHN,105,602
CHN,105,603
CHN,105,605
CHN,106,509
CHN,106,510
CHN,106,511
CHN,106,512
CHN,106,513
CHN,106,514
CHN,106,515
CHN,106,516
CHN,106,517
CHN,106,518
CHN,106,519
CHN,106,520
CHN,106,521
CHN,106,522
CHN,106,523
CHN,106,524
CHN,106,525
CHN,106,526
CHN,106,527
CHN,106,528
CHN,106,529
CHN,106,530
CHN,106,531
CHN,106,532
CHN,106,533
CHN,106,534
CHN,106,535
CHN,106,536
CHN,106,537
CHN,106,538
CHN,106,539
CHN,106,540
CHN,106,541
CHN,106,542
CHN,106,543
CHN,106,544
CHN,106,545
CHN,106,546
CHN,106,547
CHN,106,548
CHN,106,549
CHN,106,550
CHN,106,551
CHN,106,552
CHN,106,553
CHN,106,554
CHN,106,555
CHN,106,556
CHN,106,557
CHN,106,558
CHN,106,559
CHN,106,560
CHN,106,561
CHN,106,562
CHN,106,563
CHN,106,564
CHN,106,565
CHN,106,566
CHN,106,567
CHN,106,568
CHN,106,569
CHN,106,570
CHN,106,571
CHN,106,572
CHN,106,573
CHN,106,574
CHN,106,575
CHN,106,576
CHN,106,577
CHN,106,578
CHN,106,579
CHN,106,580
CHN,106,581
CHN,106,582
CHN,106,583
CHN,106,584
CHN,106,585
CHN,106,586
CHN,106,587
CHN,106,588
CHN,106,589
CHN,106,590
CHN,106,591
CHN,106,592
CHN,106,593
CHN,106,594
CHN,106,595
CHN,106,596
CHN,106,597
CHN,106,598
CHN,106,599
CHN,106,600
CHN,106,601
CHN,106,602
CHN,106,603
CHN,106,604
CHN,106,605
CHN,106,606
CHN,107,510
CHN,107,511
CHN,107,512
CHN,107,513
CHN,107,514
CHN,107,515
CHN,107,516
CHN,107,517
CHN,107,518
CHN,107,519
CHN,107,520
CHN,107,521
CHN,107,522
CHN,107,523
CHN,107,524
CHN,107,525
CHN,107,526
CHN,107,527
CHN,107,528
CHN,107,529
CHN,107,530
CHN,107,531
CHN,107,532
CHN,107,533
CHN,107,534
CHN,107,535
CHN,107,536
CHN,107,537
CHN,107,538
CHN,107,539
CHN,107,540
CHN,107,541
CHN,107,542
CHN,107,543
CHN,107,544
CHN,107,545
CHN,107,546
CHN,107,547
CHN,107,548
CHN,107,549
CHN,107,550
CHN,107,551
CHN,107,552
CHN,107,553
CHN,107,554
CHN,107,555
CHN,107,556
CHN,107,557
CHN,107,558
CHN,107,559
CHN,107,560
CHN,107,561
CHN,107,562
CHN,107,563
CHN,107,564
CHN,107,565
CHN,107,566
CHN,107,567
CHN,107,568
CHN,107,569
CHN,107,570
CHN,107,571
CHN,107,572
CHN,107,573
CHN,107,574
CHN,107,575
CHN,107,576
CHN,107,577
CHN,107,578
CHN,107,579
CHN,107,580
CHN,107,581
CHN,107,582
CHN,107,583
CHN,107,584
CHN,107,585
CHN,107,586
CHN,107,587
CHN,107,588
CHN,107,589
CHN,107,590
CHN,107,591
CHN,107,592
CHN,107,593
CHN,107,594
CHN,107,595
CHN,107,596
CHN,107,597
CHN,107,598
CHN,107,599
CHN,107,600
CHN,107,601
CHN,107,602
CHN,107,603
CHN,107,604
CHN,107,605
CHN,107,606
CHN,108,512
CHN,108,513
CHN,108,514
CHN,108,515
CHN,108,516
CHN,108,517
CHN,108,518
CHN,108,519
CHN,108,520
CHN,108,521
CHN,108,522
CHN,108,523
CHN,108,524
CHN,108,525
CHN,108,526
CHN,108,527
CHN,108,528
CHN,108,529
CHN,108,530
CHN,108,531
CHN,108,532
CHN,108,533
CHN,108,534
CHN,108,535
CHN,108,536
CHN,108,537
CHN,108,538
CHN,108,539
CHN,108,540
CHN,108,541
CHN,108,542
CHN,108,543
CHN,108,544
CHN,108,545
CHN,108,546
CHN,108,547
CHN,108,548
CHN,108,549
CHN,108,550
CHN,108,551
CHN,108,552
CHN,108,553
CHN,108,554
CHN,108,555
CHN,108,556
CHN,108,557
CHN,108,558
CHN,108,559
CHN,108,560
CHN,108,561
CHN,108,562
CHN,108,563
CHN,108,564
CHN,108,565
CHN,108,566
CHN,108,567
CHN,108,568
CHN,108,569
CHN,108,570
CHN,108,571
CHN,108,572
CHN,108,573
CHN,108,574
CHN,108,575
CHN,108,576
CHN,108,577
CHN,108,578
CHN,108,579
CHN,108,580
CHN,108,581
CHN,108,582
CHN,108,583
CHN,108,584
CHN,108,585
CHN,108,586
CHN,108,587
CHN,108,588
CHN,108,589
CHN,108,590
CHN,108,591
CHN,108,592
CHN,108,593
CHN,108,594
CHN,108,595
CHN,108,596
CHN,108,597
CHN,108,598
CHN,108,599
CHN,108,600
CHN,108,601
CHN,108,602
CHN,109,513
CHN,109,514
CHN,109,515
CHN,109,516
CHN,109,517
CHN,109,518
CHN,109,519
CHN,109,520
CHN,109,521
CHN,109,522
CHN,109,523
CHN,109,524
CHN,109,525
CHN,109,526
CHN,109,527
CHN,109,528
CHN,109,529
CHN,109,530
CHN,109,531
CHN,109,532
CHN,109,533
CHN,109,534
CHN,109,535
CHN,109,536
CHN,109,537
CHN,109,538
CHN,109,539
CHN,109,540
CHN,109,541
CHN,109,542
CHN,109,543
CHN,109,544
CHN,109,545
CHN,109,546
CHN,109,547
CHN,109,548
CHN,109,549
CHN,109,550
CHN,109,551
CHN,109,552
CHN,109,553
CHN,109,554
CHN,109,555
CHN,109,556
CHN,109,557
CHN,109,558
CHN,109,559
CHN,109,560
CHN,109,561
CHN,109,562
CHN,109,563
CHN,109,564
CHN,109,565
CHN,109,566
CHN,109,567
CHN,109,568
CHN,109,569
CHN,109,570
CHN,109,571
CHN,109,572
CHN,109,573
CHN,109,574
CHN,109,575
CHN,109,576
CHN,109,577
CHN,109,578
CHN,109,579
CHN,109,580
CHN,109,581
CHN,109,582
CHN,109,583
CHN,109,584
CHN,109,585
CHN,109,586
CHN,109,587
CHN,109,588
CHN,109,589
CHN,109,590
CHN,109,591
CHN,109,592
CHN,109,593
CHN,109,594
CHN,109,595
CHN,109,596
CHN,109,597
CHN,109,598
CHN,109,599
CHN,109,600
CHN,109,601
CHN,110,516
CHN,110,517
CHN,110,518
CHN,110,519
CHN,110,520
CHN,110,521
CHN,110,522
CHN,110,523
CHN,110,524
CHN,110,525
CHN,110,526
CHN,110,527
CHN,110,528
CHN,110,529
CHN,110,530
CHN,110,531
CHN,110,532
CHN,110,533
CHN,110,534
CHN,110,535
CHN,110,536
CHN,110,537
CHN,110,538
CHN,110,539
CHN,110,540
CHN,110,541
CHN,110,542
CHN,110,543
CHN,110,544
CHN,110,545
CHN,110,546
CHN,110,547
CHN,110,548
CHN,110,549
CHN,110,550
CHN,110,551
CHN,110,552
CHN,110,553
CHN,110,554
CHN,110,555
CHN,110,556
CHN,110,557
CHN,110,558
CHN,110,559
CHN,110,560
CHN,110,561
CHN,110,562
CHN,110,563
CHN,110,564
CHN,110,565
CHN,110,566
CHN,110,567
CHN,110,568
CHN,110,569
CHN,110,570
CHN,110,571
CHN,110,572
CHN,110,573
CHN,110,574
CHN,110,575
CHN,110,576
CHN,110,577
CHN,110,578
CHN,110,579
CHN,110,580
CHN,110,581
CHN,110,582
CHN,110,583
CHN,110,584
CHN,110,585
CHN,110,586
CHN,110,587
CHN,110,588
CHN,110,589
CHN,110,590
CHN,110,591
CHN,110,592
CHN,110,593
CHN,110,594
CHN,110,595
CHN,110,596
CHN,110,597
CHN,110,598
CHN,110,599
CHN,110,600
CHN,111,517
CHN,111,518
CHN,111,519
CHN,111,520
CHN,111,521
CHN,111,522
CHN,111,523
CHN,111,524
CHN,111,525
CHN,111,526
CHN,111,527
CHN,111,528
CHN,111,529
CHN,111,530
CHN,111,531
CHN,111,532
CHN,111,533
CHN,111,534
CHN,111,535
CHN,111,536
CHN,111,537
CHN,111,538
CHN,111,539
CHN,111,540
CHN,111,541
CHN,111,542
CHN,111,543
CHN,111,544
CHN,111,545
CHN,111,546
CHN,111,547
CHN,111,548
CHN,111,549
CHN,111,550
CHN,111,551
CHN,111,552
CHN,111,553
CHN,111,554
CHN,111,555
CHN,111,556
CHN,111,557
CHN,111,558
CHN,111,559
CHN,111,560
CHN,111,561
CHN,111,562
CHN,111,563
CHN,111,564
CHN,111,565
CHN,111,566
CHN,111,567
CHN,111,568
CHN,111,569
CHN,111,570
CHN,111,571
CHN,111,572
CHN,111,573
CHN,111,574
CHN,111,575
CHN,111,576
CHN,111,577
CHN,111,578
CHN,111,579
CHN,111,580
CHN,111,581
CHN,111,582
CHN,111,583
CHN,111,584
CHN,111,585
CHN,111,586
CHN,111,587
CHN,111,588
CHN,111,589
CHN,111,590
CHN,111,591
CHN,111,592
CHN,111,593
CHN,111,594
CHN,111,595
CHN,111,596
CHN,111,597
CHN,111,598
CHN,111,599
CHN,111,600
CHN,112,518
CHN,112,519
CHN,112,520
CHN,112,521
CHN,112,522
CHN,112,523
CHN,112,524
CHN,112,525
CHN,112,526
CHN,112,527
CHN,112,528
CHN,112,529
CHN,112,530
CHN,112,531
CHN,112,532
CHN,112,533
CHN,112,534
CHN,112,535
CHN,112,536
CHN,112,537
CHN,112,538
CHN,112,539
CHN,112,540
CHN,112,541
CHN,112,542
CHN,112,543
CHN,112,544
CHN,112,545
CHN,112,546
CHN,112,547
CHN,112,548
CHN,112,549
CHN,112,550
CHN,112,551
CHN,112,552
CHN,112,553
CHN,112,554
CHN,112,555
CHN,112,556
CHN,112,557
CHN,112,558
CHN,112,559
CHN,112,560
CHN,112,561
CHN,112,562
CHN,112,563
CHN,112,564
CHN,112,565
CHN,112,566
CHN,112,567
CHN,112,568
CHN,112,569
CHN,112,570
CHN,112,571
CHN,112,572
CHN,112,573
CHN,112,574
CHN,112,575
CHN,112,576
CHN,112,577
CHN,112,578
CHN,112,579
CHN,112,580
CHN,112,581
CHN,112,582
CHN,112,583
CHN,112,584
CHN,112,585
CHN,112,586
CHN,112,587
CHN,112,588
CHN,112,589
CHN,112,590
CHN,112,591
CHN,112,592
CHN,112,593
CHN,112,594
CHN,112,595
CHN,112,596
CHN,112,597
CHN,112,598
CHN,112,599
CHN,112,600
CHN,112,601
CHN,113,518
CHN,113,519
CHN,113,520
CHN,113,521
CHN,113,522
CHN,113,523
CHN,113,524
CHN,113,525
CHN,113,526
CHN,113,527
CHN,113,528
CHN,113,529
CHN,113,530
CHN,113,531
CHN,113,532
CHN,113,533
CHN,113,534
CHN,113,535
CHN,113,536
CHN,113,537
CHN,113,538
CHN,113,539
CHN,113,540
CHN,113,541
CHN,113,542
CHN,113,543
CHN,113,544
CHN,113,545
CHN,113,546
CHN,113,547
CHN,113,548
CHN,113,549
CHN,113,550
CHN,113,551
CHN,113,552
CHN,113,553
CHN,113,554
CHN,113,555
CHN,113,556
CHN,113,557
CHN,113,558
CHN,113,559
CHN,113,560
CHN,113,561
CHN,113,562
CHN,113,563
CHN,113,564
CHN,113,565
CHN,113,566
CHN,113,567
CHN,113,568
CHN,113,569
CHN,113,570
CHN,113,571
CHN,113,572
CHN,113,573
CHN,113,574
CHN,113,575
CHN,113,576
CHN,113,577
CHN,113,578
CHN,113,579
CHN,113,580
CHN,113,581
CHN,113,582
CHN,113,583
CHN,113,584
CHN,113,585
CHN,113,586
CHN,113,587
CHN,113,588
CHN,113,589
CHN,113,590
CHN,113,591
CHN,113,592
CHN,113,593
CHN,113,594
CHN,113,595
CHN,113,596
CHN,113,597
CHN,113,598
CHN,113,599
CHN,113,600
CHN,113,601
CHN,113,602
CHN,114,518
CHN,114,519
CHN,114,520
CHN,114,521
CHN,114,522
CHN,114,523
CHN,114,524
CHN,114,525
CHN,114,526
CHN,114,527
CHN,114,528
CHN,114,529
CHN,114,530
CHN,114,531
CHN,114,532
CHN,114,533
CHN,114,534
CHN,114,535
CHN,114,536
CHN,114,537
CHN,114,538
CHN,114,539
CHN,114,540
CHN,114,541
CHN,114,542
CHN,114,543
CHN,114,544
CHN,114,545
CHN,114,546
CHN,114,547
CHN,114,548
CHN,114,549
CHN,114,550
CHN,114,551
CHN,114,552
CHN,114,553
CHN,114,554
CHN,114,555
CHN,114,556
CHN,114,557
CHN,114,558
CHN,114,559
CHN,114,560
CHN,114,561
CHN,114,562
CHN,114,563
CHN,114,564
CHN,114,565
CHN,114,566
CHN,114,567
CHN,114,568
CHN,114,569
CHN,114,570
CHN,114,571
CHN,114,572
CHN,114,573
CHN,114,574
CHN,114,575
CHN,114,576
CHN,114,577
CHN,114,578
CHN,114,579
CHN,114,580
CHN,114,581
CHN,114,582
CHN,114,583
CHN,114,584
CHN,114,585
CHN,114,586
CHN,114,587
CHN,114,588
CHN,114,589
CHN,114,590
CHN,114,591
CHN,114,592
CHN,114,593
CHN,114,594
CHN,114,595
CHN,114,596
CHN,114,597
CHN,114,598
CHN,114,599
CHN,114,600
CHN,114,601
CHN,114,602
CHN,115,517
CHN,115,518
CHN,115,519
CHN,115,520
CHN,115,521
CHN,115,522
CHN,115,523
CHN,115,524
CHN,115,525
CHN,115,526
CHN,115,527
CHN,115,528
CHN,115,529
CHN,115,530
CHN,115,531
CHN,115,532
CHN,115,533
CHN,115,534
CHN,115,535
CHN,115,536
CHN,115,537
CHN,115,538
CHN,115,539
CHN,115,540
CHN,115,541
CHN,115,542
CHN,115,543
CHN,115,544
CHN,115,545
CHN,115,546
CHN,115,547
CHN,115,548
CHN,115,549
CHN,115,550
CHN,115,551
CHN,115,552
CHN,115,553
CHN,115,554
CHN,115,555
CHN,115,556
CHN,115,557
CHN,115,558
CHN,115,559
CHN,115,560
CHN,115,561
CHN,115,562
CHN,115,563
CHN,115,564
CHN,115,565
CHN,115,566
CHN,115,567
CHN,115,568
CHN,115,569
CHN,115,570
CHN,115,571
CHN,115,572
CHN,115,573
CHN,115,574
CHN,115,575
CHN,115,576
CHN,115,577
CHN,115,578
CHN,115,579
CHN,115,580
CHN,115,581
CHN,115,582
CHN,115,583
CHN,115,584
CHN,115,585
CHN,115,586
CHN,115,587
CHN,115,588
CHN,115,589
CHN,115,590
CHN,115,591
CHN,115,592
CHN,115,593
CHN,115,594
CHN,115,595
CHN,115,596
CHN,115,597
CHN,115,598
CHN,115,599
CHN,115,600
CHN,115,601
CHN,115,602
CHN,115,603
CHN,116,517
CHN,116,518
CHN,116,519
CHN,116,520
CHN,116,521
CHN,116,522
CHN,116,523
CHN,116,524
CHN,116,525
CHN,116,526
CHN,116,527
CHN,116,528
CHN,116,529
CHN,116,530
CHN,116,531
CHN,116,532
CHN,116,533
CHN,116,534
CHN,116,535
CHN,116,536
CHN,116,537
CHN,116,538
CHN,116,539
CHN,116,540
CHN,116,541
CHN,116,542
CHN,116,543
CHN,116,544
CHN,116,545
CHN,116,546
CHN,116,547
CHN,116,548
CHN,116,549
CHN,116,550
CHN,116,551
CHN,116,552
CHN,116,553
CHN,116,554
CHN,116,555
CHN,116,556
CHN,116,557
CHN,116,558
CHN,116,559
CHN,116,560
CHN,116,561
CHN,116,562
CHN,116,563
CHN,116,564
CHN,116,565
CHN,116,566
CHN,116,567
CHN,116,568
CHN,116,569
CHN,116,570
CHN,116,571
CHN,116,572
CHN,116,573
CHN,116,574
CHN,116,575
CHN,116,576
CHN,116,577
CHN,116,578
CHN,116,579
CHN,116,580
CHN,116,581
CHN,116,582
CHN,116,583
CHN,116,584
CHN,116,585
CHN,116,586
CHN,116,587
CHN,116,588
CHN,116,589
CHN,116,590
CHN,116,591
CHN,116,592
CHN,116,593
CHN,116,594
CHN,116,595
CHN,116,596
CHN,116,597
CHN,116,598
CHN,116,599
CHN,116,600
CHN,116,601
CHN,116,602
CHN,116,603
CHN,116,604
CHN,117,518
CHN,117,519
CHN,117,520
CHN,117,521
CHN,117,522
CHN,117,523
CHN,117,524
CHN,117,525
CHN,117,526
CHN,117,527
CHN,117,528
CHN,117,529
CHN,117,530
CHN,117,531
CHN,117,532
CHN,117,533
CHN,117,534
CHN,117,535
CHN,117,536
CHN,117,537
CHN,117,538
CHN,117,539
CHN,117,540
CHN,117,541
CHN,117,542
CHN,117,543
CHN,117,544
CHN,117,545
CHN,117,546
CHN,117,547
CHN,117,548
CHN,117,549
CHN,117,550
CHN,117,551
CHN,117,552
CHN,117,553
CHN,117,554
CHN,117,555
CHN,117,556
CHN,117,557
CHN,117,558
CHN,117,559
CHN,117,560
CHN,117,561
CHN,117,562
CHN,117,563
CHN,117,564
CHN,117,565
CHN,117,566
CHN,117,567
CHN,117,568
CHN,117,569
CHN,117,570
CHN,117,571
CHN,117,572
CHN,117,573
CHN,117,574
CHN,117,575
CHN,117,576
CHN,117,577
CHN,117,578
CHN,117,579
CHN,117,580
CHN,117,581
CHN,117,582
CHN,117,583
CHN,117,584
CHN,117,585
CHN,117,586
CHN,117,587
CHN,117,588
CHN,117,589
CHN,117,590
CHN,117,591
CHN,117,592
CHN,117,593
CHN,117,594
CHN,117,595
CHN,117,596
CHN,117,597
CHN,117,598
CHN,117,599
CHN,117,600
CHN,117,601
CHN,117,602
CHN,117,603
CHN,117,604
CHN,118,518
CHN,118,519
CHN,118,520
CHN,118,521
CHN,118,522
CHN,118,523
CHN,118,524
CHN,118,525
CHN,118,526
CHN,118,527
CHN,118,528
CHN,118,529
CHN,118,530
CHN,118,531
CHN,118,532
CHN,118,533
CHN,118,534
CHN,118,535
CHN,118,536
CHN,118,537
CHN,118,538
CHN,118,539
CHN,118,540
CHN,118,541
CHN,118,542
CHN,118,543
CHN,118,544
CHN,118,545
CHN,118,546
CHN,118,547
CHN,118,548
CHN,118,549
CHN,118,550
CHN,118,551
CHN,118,552
CHN,118,553
CHN,118,554
CHN,118,555
CHN,118,556
CHN,118,557
CHN,118,558
CHN,118,559
CHN,118,560
CHN,118,561
CHN,118,562
CHN,118,563
CHN,118,564
CHN,118,565
CHN,118,566
CHN,118,567
CHN,118,568
CHN,118,569
CHN,118,570
CHN,118,571
CHN,118,572
CHN,118,573
CHN,118,574
CHN,118,575
CHN,118,576
CHN,118,577
CHN,118,578
CHN,118,579
CHN,118,580
CHN,118,581
CHN,118,582
CHN,118,583
CHN,118,584
CHN,118,585
CHN,118,586
CHN,118,587
CHN,118,588
CHN,118,589
CHN,118,590
CHN,118,591
CHN,118,592
CHN,118,593
CHN,118,594
CHN,118,595
CHN,118,596
CHN,118,597
CHN,118,598
CHN,118,599
CHN,118,600
CHN,118,601
CHN,118,602
CHN,118,603
CHN,118,604
CHN,119,520
CHN,119,521
CHN,119,522
CHN,119,523
CHN,119,524
CHN,119,525
CHN,119,526
CHN,119,527
CHN,119,528
CHN,119,529
CHN,119,530
CHN,119,531
CHN,119,532
CHN,119,533
CHN,119,534
CHN,119,535
CHN,119,536
CHN,119,537
CHN,119,538
CHN,119,539
CHN,119,540
CHN,119,541
CHN,119,542
CHN,119,543
CHN,119,544
CHN,119,545
CHN,119,546
CHN,119,547
CHN,119,548
CHN,119,549
CHN,119,550
CHN,119,551
CHN,119,552
CHN,119,553
CHN,119,554
CHN,119,555
CHN,119,556
CHN,119,557
CHN,119,558
CHN,119,559
CHN,119,560
CHN,119,561
CHN,119,562
CHN,119,563
CHN,119,564
CHN,119,565
CHN,119,566
CHN,119,567
CHN,119,568
CHN,119,569
CHN,119,570
CHN,119,571
CHN,119,572
CHN,119,573
CHN,119,574
CHN,119,575
CHN,119,576
CHN,119,577
CHN,119,578
CHN,119,579
CHN,119,580
CHN,119,581
CHN,119,582
CHN,119,583
CHN,119,584
CHN,119,585
CHN,119,586
CHN,119,587
CHN,119,588
CHN,119,589
CHN,119,590
CHN,119,591
CHN,119,592
CHN,119,593
CHN,119,594
CHN,119,595
CHN,119,596
CHN,119,597
CHN,119,598
CHN,119,599
CHN,119,600
CHN,119,601
CHN,119,602
CHN,119,603
CHN,119,604
CHN,119,605
CHN,120,522
CHN,120,523
CHN,120,524
CHN,120,525
CHN,120,526
CHN,120,527
CHN,120,528
CHN,120,529
CHN,120,530
CHN,120,531
CHN,120,532
CHN,120,533
CHN,120,534
CHN,120,535
CHN,120,536
CHN,120,537
CHN,120,538
CHN,120,539
CHN,120,540
CHN,120,541
CHN,120,542
CHN,120,543
CHN,120,544
CHN,120,545
CHN,120,546
CHN,120,547
CHN,120,548
CHN,120,549
CHN,120,550
CHN,120,551
CHN,120,552
CHN,120,553
CHN,120,554
CHN,120,555
CHN,120,556
CHN,120,557
CHN,120,558
CHN,120,559
CHN,120,560
CHN,120,561
CHN,120,562
CHN,120,563
CHN,120,564
CHN,120,565
CHN,120,566
CHN,120,567
CHN,120,568
CHN,120,569
CHN,120,570
CHN,120,571
CHN,120,572
CHN,120,573
CHN,120,574
CHN,120,575
CHN,120,576
CHN,120,577
CHN,120,578
CHN,120,579
CHN,120,580
CHN,120,581
CHN,120,582
CHN,120,583
CHN,120,584
CHN,120,585
CHN,120,586
CHN,120,587
CHN,120,588
CHN,120,589
CHN,120,590
CHN,120,591
CHN,120,592
CHN,120,593
CHN,120,594
CHN,120,595
CHN,120,596
CHN,120,597
CHN,120,598
CHN,120,599
CHN,120,600
CHN,120,601
CHN,120,602
CHN,120,603
CHN,120,604
CHN,120,605
CHN,121,526
CHN,121,527
CHN,121,528
CHN,121,529
CHN,121,530
CHN,121,531
CHN,121,532
CHN,121,533
CHN,121,534
CHN,121,535
CHN,121,536
CHN,121,537
CHN,121,538
CHN,121,539
CHN,121,540
CHN,121,541
CHN,121,542
CHN,121,543
CHN,121,544
CHN,121,545
CHN,121,546
CHN,121,547
CHN,121,548
CHN,121,549
CHN,121,550
CHN,121,551
CHN,121,552
CHN,121,553
CHN,121,554
CHN,121,555
CHN,121,556
CHN,121,557
CHN,121,558
CHN,121,559
CHN,121,560
CHN,121,561
CHN,121,562
CHN,121,563
CHN,121,564
CHN,121,565
CHN,121,566
CHN,121,567
CHN,121,568
CHN,121,569
CHN,121,570
CHN,121,571
CHN,121,572
CHN,121,573
CHN,121,574
CHN,121,575
CHN,121,576
CHN,121,577
CHN,121,578
CHN,121,579
CHN,121,580
CHN,121,581
CHN,121,582
CHN,121,583
CHN,121,584
CHN,121,585
CHN,121,586
CHN,121,587
CHN,121,588
CHN,121,589
CHN,121,590
CHN,121,591
CHN,121,592
CHN,121,593
CHN,121,594
CHN,121,595
CHN,121,596
CHN,121,597
CHN,121,598
CHN,121,599
CHN,121,600
CHN,121,601
CHN,121,602
CHN,121,603
CHN,121,604
CHN,121,605
CHN,122,527
CHN,122,528
CHN,122,529
CHN,122,530
CHN,122,531
CHN,122,532
CHN,122,533
CHN,122,534
CHN,122,535
CHN,122,536
CHN,122,537
CHN,122,538
CHN,122,539
CHN,122,540
CHN,122,541
CHN,122,542
CHN,122,543
CHN,122,544
CHN,122,545
CHN,122,546
CHN,122,547
CHN,122,548
CHN,122,549
CHN,122,550
CHN,122,551
CHN,122,552
CHN,122,553
CHN,122,554
CHN,122,555
CHN,122,556
CHN,122,557
CHN,122,558
CHN,122,559
CHN,122,560
CHN,122,561
CHN,122,562
CHN,122,563
CHN,122,564
CHN,122,565
CHN,122,566
CHN,122,567
CHN,122,568
CHN,122,569
CHN,122,570
CHN,122,571
CHN,122,572
CHN,122,573
CHN,122,574
CHN,122,575
CHN,122,576
CHN,122,577
CHN,122,578
CHN,122,579
CHN,122,580
CHN,122,581
CHN,122,582
CHN,122,583
CHN,122,584
CHN,122,585
CHN,122,586
CHN,122,587
CHN,122,588
CHN,122,589
CHN,122,590
CHN,122,591
CHN,122,592
CHN,122,593
CHN,122,594
CHN,122,595
CHN,122,596
CHN,122,597
CHN,122,598
CHN,122,599
CHN,122,600
CHN,122,601
CHN,122,602
CHN,122,603
CHN,122,604
CHN,123,529
CHN,123,530
CHN,123,531
CHN,123,532
CHN,123,533
CHN,123,534
CHN,123,535
CHN,123,536
CHN,123,537
CHN,123,538
CHN,123,539
CHN,123,540
CHN,123,541
CHN,123,542
CHN,123,543
CHN,123,544
CHN,123,545
CHN,123,546
CHN,123,547
CHN,123,548
CHN,123,549
CHN,123,553
CHN,123,554
CHN,123,555
CHN,123,556
CHN,123,557
CHN,123,558
CHN,123,559
CHN,123,560
CHN,123,561
CHN,123,562
CHN,123,563
CHN,123,564
CHN,123,565
CHN,123,566
CHN,123,567
CHN,123,568
CHN,123,569
CHN,123,570
CHN,123,571
CHN,123,572
CHN,123,573
CHN,123,574
CHN,123,575
CHN,123,576
CHN,123,577
CHN,123,578
CHN,123,579
CHN,123,580
CHN,123,581
CHN,123,582
CHN,123,583
CHN,123,584
CHN,123,585
CHN,123,586
CHN,123,587
CHN,123,588
CHN,123,589
CHN,123,590
CHN,123,591
CHN,123,592
CHN,123,593
CHN,123,594
CHN,123,595
CHN,123,596
CHN,123,597
CHN,123,598
CHN,123,599
CHN,123,600
CHN,123,601
CHN,123,602
CHN,123,603
CHN,123,604
CHN,124,531
CHN,124,532
CHN,124,533
CHN,124,534
CHN,124,535
CHN,124,536
CHN,124,537
CHN,124,538
CHN,124,539
CHN,124,540
CHN,124,541
CHN,124,542
CHN,124,543
CHN,124,544
CHN,124,545
CHN,124,546
CHN,124,547
CHN,124,553
CHN,124,554
CHN,124,555
CHN,124,556
CHN,124,557
CHN,124,558
CHN,124,559
CHN,124,560
CHN,124,561
CHN,124,562
CHN,124,563
CHN,124,564
CHN,124,565
CHN,124,566
CHN,124,567
CHN,124,568
CHN,124,569
CHN,124,570
CHN,124,571
CHN,124,572
CHN,124,573
CHN,124,574
CHN,124,575
CHN,124,576
CHN,124,577
CHN,124,578
CHN,124,579
CHN,124,580
CHN,124,581
CHN,124,582
CHN,124,583
CHN,124,584
CHN,124,585
CHN,124,586
CHN,124,587
CHN,124,588
CHN,124,589
CHN,124,590
CHN,124,591
CHN,124,592
CHN,124,593
CHN,124,594
CHN,124,595
CHN,124,596
CHN,124,597
CHN,124,598
CHN,124,599
CHN,124,600
CHN,124,601
CHN,124,602
CHN,124,603
CHN,124,604
CHN,125,533
CHN,125,534
CHN,125,535
CHN,125,536
CHN,125,537
CHN,125,538
CHN,125,539
CHN,125,544
CHN,125,545
CHN,125,546
CHN,125,557
CHN,125,558
CHN,125,559
CHN,125,560
CHN,125,561
CHN,125,562
CHN,125,563
CHN,125,564
CHN,125,565
CHN,125,566
CHN,125,567
CHN,125,568
CHN,125,569
CHN,125,570
CHN,125,571
CHN,125,572
CHN,125,573
CHN,125,574
CHN,125,575
CHN,125,576
CHN,125,577
CHN,125,578
CHN,125,579
CHN,125,580
CHN,125,581
CHN,125,582
CHN,125,583
CHN,125,584
CHN,125,585
CHN,125,586
CHN,125,587
CHN,125,588
CHN,125,589
CHN,125,590
CHN,125,591
CHN,125,592
CHN,125,593
CHN,125,594
CHN,125,595
CHN,125,596
CHN,125,597
CHN,125,598
CHN,125,599
CHN,125,600
CHN,125,601
CHN,125,602
CHN,125,603
CHN,126,538
CHN,126,558
CHN,126,559
CHN,126,560
CHN,126,561
CHN,126,562
CHN,126,563
CHN,126,564
CHN,126,565
CHN,126,566
CHN,126,567
CHN,126,568
CHN,126,569
CHN,126,570
CHN,126,571
CHN,126,572
CHN,126,573
CHN,126,574
CHN,126,575
CHN,126,576
CHN,126,577
CHN,126,578
CHN,126,579
CHN,126,580
CHN,126,581
CHN,126,582
CHN,126,583
CHN,126,584
CHN,126,585
CHN,126,586
CHN,126,587
CHN,126,588
CHN,126,589
CHN,126,590
CHN,126,591
CHN,126,592
CHN,126,593
CHN,126,594
CHN,126,595
CHN,126,596
CHN,126,597
CHN,126,598
CHN,126,599
CHN,126,600
CHN,126,601
CHN,126,602
CHN,127,558
CHN,127,559
CHN,127,560
CHN,127,561
CHN,127,562
CHN,127,563
CHN,127,564
CHN,127,565
CHN,127,566
CHN,127,567
CHN,127,568
CHN,127,569
CHN,127,570
CHN,127,571
CHN,127,572
CHN,127,573
CHN,127,574
CHN,127,575
CHN,127,576
CHN,127,577
CHN,127,578
CHN,127,579
CHN,127,580
CHN,127,581
CHN,127,582
CHN,127,583
CHN,127,584
CHN,127,585
CHN,127,586
CHN,127,587
CHN,127,588
CHN,127,589
CHN,127,590
CHN,127,591
CHN,127,592
CHN,127,593
CHN,127,594
CHN,127,595
CHN,127,596
CHN,127,597
CHN,127,598
CHN,127,599
CHN,127,600
CHN,127,601
CHN,128,558
CHN,128,559
CHN,128,560
CHN,128,561
CHN,128,562
CHN,128,563
CHN,128,564
CHN,128,565
CHN,128,566
CHN,128,567
CHN,128,568
CHN,128,569
CHN,128,570
CHN,128,571
CHN,128,572
CHN,128,573
CHN,128,574
CHN,128,575
CHN,128,576
CHN,128,577
CHN,128,578
CHN,128,579
CHN,128,580
CHN,128,581
CHN,128,582
CHN,128,583
CHN,128,584
CHN,128,585
CHN,128,586
CHN,128,587
CHN,128,588
CHN,128,589
CHN,128,590
CHN,128,591
CHN,128,592
CHN,128,593
CHN,128,594
CHN,128,595
CHN,128,596
CHN,128,597
CHN,128,598
CHN,128,599
CHN,128,600
CHN,129,557
CHN,129,558
CHN,129,559
CHN,129,560
CHN,129,561
CHN,129,562
CHN,129,563
CHN,129,564
CHN,129,565
CHN,129,566
CHN,129,567
CHN,129,568
CHN,129,569
CHN,129,570
CHN,129,571
CHN,129,572
CHN,129,573
CHN,129,574
CHN,129,575
CHN,129,576
CHN,129,577
CHN,129,578
CHN,129,579
CHN,129,580
CHN,129,581
CHN,129,582
CHN,129,583
CHN,129,584
CHN,129,585
CHN,129,586
CHN,129,587
CHN,129,588
CHN,129,589
CHN,129,590
CHN,129,591
CHN,129,592
CHN,129,593
CHN,129,594
CHN,129,595
CHN,129,596
CHN,129,597
CHN,129,598
CHN,129,599
CHN,129,600
CHN,130,556
CHN,130,557
CHN,130,558
CHN,130,559
CHN,130,560
CHN,130,561
CHN,130,562
CHN,130,563
CHN,130,564
CHN,130,565
CHN,130,566
CHN,130,567
CHN,130,568
CHN,130,569
CHN,130,570
CHN,130,571
CHN,130,572
CHN,130,573
CHN,130,574
CHN,130,575
CHN,130,576
CHN,130,577
CHN,130,578
CHN,130,579
CHN,130,580
CHN,130,581
CHN,130,582
CHN,130,583
CHN,130,584
CHN,130,585
CHN,130,586
CHN,130,587
CHN,130,588
CHN,130,589
CHN,130,590
CHN,130,591
CHN,130,592
CHN,130,593
CHN,130,594
CHN,130,595
CHN,130,596
CHN,130,597
CHN,130,598
CHN,130,599
CHN,130,600
CHN,130,603
CHN,130,604
CHN,130,605
CHN,131,556
CHN,131,557
CHN,131,558
CHN,131,559
CHN,131,560
CHN,131,561
CHN,131,562
CHN,131,563
CHN,131,564
CHN,131,565
CHN,131,566
CHN,131,567
CHN,131,568
CHN,131,569
CHN,131,570
CHN,131,571
CHN,131,572
CHN,131,573
CHN,131,574
CHN,131,575
CHN,131,576
CHN,131,577
CHN,131,578
CHN,131,579
CHN,131,580
CHN,131,581
CHN,131,582
CHN,131,583
CHN,131,584
CHN,131,585
CHN,131,586
CHN,131,587
CHN,131,588
CHN,131,589
CHN,131,590
CHN,131,591
CHN,131,592
CHN,131,593
CHN,131,594
CHN,131,595
CHN,131,596
CHN,131,597
CHN,131,598
CHN,131,599
CHN,131,602
CHN,131,603
CHN,131,604
CHN,132,556
CHN,132,557
CHN,132,558
CHN,132,559
CHN,132,560
CHN,132,561
CHN,132,562
CHN,132,563
CHN,132,564
CHN,132,565
CHN,132,566
CHN,132,567
CHN,132,568
CHN,132,569
CHN,132,570
CHN,132,571
CHN,132,572
CHN,132,573
CHN,132,574
CHN,132,575
CHN,132,576
CHN,132,577
CHN,132,578
CHN,132,579
CHN,132,580
CHN,132,581
CHN,132,582
CHN,132,583
CHN,132,584
CHN,132,585
CHN,132,586
CHN,132,587
CHN,132,588
CHN,132,589
CHN,132,590
CHN,132,591
CHN,132,592
CHN,132,593
CHN,132,594
CHN,132,595
CHN,132,596
CHN,132,597
CHN,132,601
CHN,132,602
CHN,132,603
CHN,132,604
CHN,133,556
CHN,133,558
CHN,133,559
CHN,133,560
CHN,133,561
CHN,133,562
CHN,133,563
CHN,133,564
CHN,133,565
CHN,133,566
CHN,133,567
CHN,133,568
CHN,133,569
CHN,133,570
CHN,133,571
CHN,133,572
CHN,133,573
CHN,133,574
CHN,133,575
CHN,133,576
CHN,133,577
CHN,133,578
CHN,133,579
CHN,133,580
CHN,133,581
CHN,133,582
CHN,133,583
CHN,133,584
CHN,133,585
CHN,133,586
CHN,133,587
CHN,133,588
CHN,133,589
CHN,133,590
CHN,133,591
CHN,133,592
CHN,133,593
CHN,133,594
CHN,133,595
CHN,133,596
CHN,133,600
CHN,133,601
CHN,133,602
CHN,133,603
CHN,133,604
CHN,134,558
CHN,134,559
CHN,134,560
CHN,134,561
CHN,134,562
CHN,134,563
CHN,134,564
CHN,134,565
CHN,134,566
CHN,134,567
CHN,134,568
CHN,134,569
CHN,134,570
CHN,134,571
CHN,134,572
CHN,134,573
CHN,134,574
CHN,134,575
CHN,134,576
CHN,134,577
CHN,134,578
CHN,134,579
CHN,134,580
CHN,134,581
CHN,134,582
CHN,134,583
CHN,134,584
CHN,134,585
CHN,134,586
CHN,134,587
CHN,134,588
CHN,134,589
CHN,134,590
CHN,134,591
CHN,134,592
CHN,134,593
CHN,134,594
CHN,134,595
CHN,134,601
CHN,134,602
CHN,134,603
CHN,135,559
CHN,135,560
CHN,135,561
CHN,135,562
CHN,135,563
CHN,135,564
CHN,135,565
CHN,135,566
CHN,135,567
CHN,135,568
CHN,135,569
CHN,135,570
CHN,135,572
CHN,135,573
CHN,135,574
CHN,135,575
CHN,135,576
CHN,135,577
CHN,135,578
CHN,135,579
CHN,135,580
CHN,135,581
CHN,135,582
CHN,135,583
CHN,135,584
CHN,135,585
CHN,135,586
CHN,135,587
CHN,135,588
CHN,135,589
CHN,135,590
CHN,135,591
CHN,135,592
CHN,135,593
CHN,135,594
CHN,135,601
CHN,135,602
CHN,135,603
CHN,136,559
CHN,136,560
CHN,136,561
CHN,136,562
CHN,136,563
CHN,136,564
CHN,136,565
CHN,136,567
CHN,136,574
CHN,136,575
CHN,136,576
CHN,136,577
CHN,136,578
CHN,136,579
CHN,136,580
CHN,136,581
CHN,136,582
CHN,136,583
CHN,136,584
CHN,136,585
CHN,136,586
CHN,136,587
CHN,136,588
CHN,136,589
CHN,136,602
CHN,136,604
CHN,137,560
CHN,137,561
CHN,137,562
CHN,137,563
CHN,137,564
CHN,137,574
CHN,137,575
CHN,137,576
CHN,137,577
CHN,137,578
CHN,137,579
CHN,137,580
CHN,137,581
CHN,137,582
CHN,137,583
CHN,137,584
CHN,137,585
CHN,137,586
CHN,137,587
CHN,137,602
CHN,138,561
CHN,138,563
CHN,138,564
CHN,138,579
CHN,138,580
CHN,138,581
CHN,138,582
CHN,139,580
CHN,139,581
CHN,139,582
CHN,140,580
CHN,140,581
CHN,140,582
CHN,141,578
CHN,141,579
CHN,141,580
CHN,141,581
CHN,141,582
CHN,141,583
CHN,142,578
CHN,142,579
CHN,142,580
CHN,142,581
CHN,142,582
CHN,143,578
CHN,143,579
CHN,143,580
CHN,143,581
CHN,143,582
CHN,144,578
CHN,144,579
CHN,144,580
CHN,144,581
IND,110,515
IND,110,516
IND,110,517
IND,111,508
IND,111,509
IND,111,510
IND,111,511
IND,111,512
IND,111,513
IND,111,514
IND,111,515
IND,111,516
IND,111,517
IND,111,518
IND,112,508
IND,112,509
IND,112,510
IND,112,511
IND,112,512
IND,112,513
IND,112,514
IND,112,515
IND,112,516
IND,112,517
IND,112,518
IND,113,509
IND,113,510
IND,113,511
IND,113,512
IND,113,513
IND,113,514
IND,113,515
IND,113,516
IND,113,517
IND,113,518
IND,114,509
IND,114,510
IND,114,511
IND,114,512
IND,114,513
IND,114,514
IND,114,515
IND,114,516
IND,114,517
IND,114,518
IND,114,519
IND,115,509
IND,115,510
IND,115,511
IND,115,512
IND,115,513
IND,115,514
IND,115,515
IND,115,516
IND,115,517
IND,115,518
IND,115,519
IND,115,520
IND,116,510
IND,116,511
IND,116,512
IND,116,513
IND,116,514
IND,116,515
IND,116,516
IND,116,517
IND,116,518
IND,116,519
IND,117,510
IND,117,511
IND,117,512
IND,117,513
IND,117,514
IND,117,515
IND,117,516
IND,117,517
IND,117,518
IND,118,510
IND,118,511
IND,118,512
IND,118,513
IND,118,514
IND,118,515
IND,118,516
IND,118,517
IND,118,518
IND,118,519
IND,119,509
IND,119,510
IND,119,511
IND,119,512
IND,119,513
IND,119,514
IND,119,515
IND,119,516
IND,119,517
IND,119,518
IND,119,519
IND,119,520
IND,119,521
IND,120,508
IND,120,509
IND,120,510
IND,120,511
IND,120,512
IND,120,513
IND,120,514
IND,120,515
IND,120,516
IND,120,517
IND,120,518
IND,120,519
IND,120,520
IND,120,521
IND,120,522
IND,121,507
IND,121,508
IND,121,509
IND,121,510
IND,121,511
IND,121,512
IND,121,513
IND,121,514
IND,121,515
IND,121,516
IND,121,517
IND,121,518
IND,121,519
IND,121,520
IND,121,521
IND,121,522
IND,122,506
IND,122,507
IND,122,508
IND,122,509
IND,122,510
IND,122,511
IND,122,512
IND,122,513
IND,122,514
IND,122,515
IND,122,516
IND,122,517
IND,122,518
IND,122,519
IND,122,520
IND,122,521
IND,122,549
IND,122,550
IND,122,551
IND,122,552
IND,122,553
IND,123,505
IND,123,506
IND,123,507
IND,123,508
IND,123,509
IND,123,510
IND,123,511
IND,123,512
IND,123,513
IND,123,514
IND,123,515
IND,123,516
IND,123,517
IND,123,518
IND,123,519
IND,123,520
IND,123,521
IND,123,522
IND,123,547
IND,123,548
IND,123,549
IND,123,550
IND,123,551
IND,123,552
IND,123,553
IND,123,554
IND,124,501
IND,124,502
IND,124,504
IND,124,505
IND,124,506
IND,124,507
IND,124,508
IND,124,509
IND,124,510
IND,124,511
IND,124,512
IND,124,513
IND,124,514
IND,124,515
IND,124,516
IND,124,517
IND,124,518
IND,124,519
IND,124,520
IND,124,521
IND,124,522
IND,124,523
IND,124,524
IND,124,537
IND,124,538
IND,124,546
IND,124,547
IND,124,548
IND,124,549
IND,124,550
IND,124,551
IND,124,552
IND,124,553
IND,124,554
IND,124,555
IND,125,500
IND,125,501
IND,125,502
IND,125,503
IND,125,504
IND,125,505
IND,125,506
IND,125,507
IND,125,508
IND,125,509
IND,125,510
IND,125,511
IND,125,512
IND,125,513
IND,125,514
IND,125,515
IND,125,516
IND,125,517
IND,125,518
IND,125,519
IND,125,520
IND,125,521
IND,125,522
IND,125,523
IND,125,524
IND,125,525
IND,125,526
IND,125,529
IND,125,537
IND,125,538
IND,125,544
IND,125,545
IND,125,546
IND,125,547
IND,125,548
IND,125,549
IND,125,550
IND,125,551
IND,125,552
IND,125,553
IND,125,554
IND,125,555
IND,126,500
IND,126,501
IND,126,502
IND,126,503
IND,126,504
IND,126,505
IND,126,506
IND,126,507
IND,126,508
IND,126,509
IND,126,510
IND,126,511
IND,126,512
IND,126,513
IND,126,514
IND,126,515
IND,126,516
IND,126,517
IND,126,518
IND,126,519
IND,126,520
IND,126,521
IND,126,522
IND,126,523
IND,126,524
IND,126,525
IND,126,526
IND,126,527
IND,126,528
IND,126,529
IND,126,530
IND,126,537
IND,126,538
IND,126,545
IND,126,546
IND,126,547
IND,126,548
IND,126,549
IND,126,550
IND,126,551
IND,126,552
IND,126,553
IND,126,554
IND,126,555
IND,127,500
IND,127,501
IND,127,502
IND,127,503
IND,127,504
IND,127,505
IND,127,506
IND,127,507
IND,127,508
IND,127,509
IND,127,510
IND,127,511
IND,127,512
IND,127,513
IND,127,514
IND,127,515
IND,127,516
IND,127,517
IND,127,518
IND,127,519
IND,127,520
IND,127,521
IND,127,522
IND,127,523
IND,127,524
IND,127,525
IND,127,526
IND,127,527
IND,127,528
IND,127,529
IND,127,530
IND,127,531
IND,127,532
IND,127,533
IND,127,534
IND,127,535
IND,127,537
IND,127,538
IND,127,539
IND,127,540
IND,127,541
IND,127,542
IND,127,543
IND,127,544
IND,127,545
IND,127,546
IND,127,547
IND,127,548
IND,127,549
IND,127,550
IND,127,551
IND,127,552
IND,128,501
IND,128,502
IND,128,503
IND,128,504
IND,128,505
IND,128,506
IND,128,507
IND,128,508
IND,128,509
IND,128,510
IND,128,511
IND,128,512
IND,128,513
IND,128,514
IND,128,515
IND,128,516
IND,128,517
IND,128,518
IND,128,519
IND,128,520
IND,128,521
IND,128,522
IND,128,523
IND,128,524
IND,128,525
IND,128,526
IND,128,527
IND,128,528
IND,128,529
IND,128,530
IND,128,531
IND,128,532
IND,128,533
IND,128,534
IND,128,535
IND,128,536
IND,128,537
IND,128,538
IND,128,539
IND,128,540
IND,128,541
IND,128,542
IND,128,543
IND,128,544
IND,128,545
IND,128,546
IND,128,547
IND,128,548
IND,128,549
IND,128,550
IND,128,551
IND,129,501
IND,129,502
IND,129,503
IND,129,504
IND,129,505
IND,129,506
IND,129,507
IND,129,508
IND,129,509
IND,129,510
IND,129,511
IND,129,512
IND,129,513
IND,129,514
IND,129,515
IND,129,516
IND,129,517
IND,129,518
IND,129,519
IND,129,520
IND,129,521
IND,129,522
IND,129,523
IND,129,524
IND,129,525
IND,129,526
IND,129,527
IND,129,528
IND,129,529
IND,129,530
IND,129,531
IND,129,532
IND,129,533
IND,129,534
IND,129,535
IND,129,536
IND,129,537
IND,129,538
IND,129,540
IND,129,541
IND,129,542
IND,129,543
IND,129,544
IND,129,545
IND,129,546
IND,129,547
IND,129,548
IND,129,549
IND,129,550
IND,129,551
IND,130,502
IND,130,503
IND,130,504
IND,130,505
IND,130,506
IND,130,507
IND,130,508
IND,130,509
IND,130,510
IND,130,511
IND,130,512
IND,130,513
IND,130,514
IND,130,515
IND,130,516
IND,130,517
IND,130,518
IND,130,519
IND,130,520
IND,130,521
IND,130,522
IND,130,523
IND,130,524
IND,130,525
IND,130,526
IND,130,527
IND,130,528
IND,130,529
IND,130,530
IND,130,531
IND,130,532
IND,130,533
IND,130,534
IND,130,535
IND,130,536
IND,130,537
IND,130,538
IND,130,540
IND,130,541
IND,130,542
IND,130,543
IND,130,544
IND,130,545
IND,130,546
IND,130,547
IND,130,548
IND,130,549
IND,130,550
IND,131,502
IND,131,503
IND,131,504
IND,131,505
IND,131,506
IND,131,507
IND,131,508
IND,131,509
IND,131,510
IND,131,511
IND,131,512
IND,131,513
IND,131,514
IND,131,515
IND,131,516
IND,131,517
IND,131,518
IND,131,519
IND,131,520
IND,131,521
IND,131,522
IND,131,523
IND,131,524
IND,131,525
IND,131,526
IND,131,527
IND,131,528
IND,131,529
IND,131,530
IND,131,531
IND,131,532
IND,131,533
IND,131,534
IND,131,535
IND,131,536
IND,131,537
IND,131,545
IND,131,546
IND,131,547
IND,131,548
IND,131,549
IND,131,550
IND,132,498
IND,132,499
IND,132,500
IND,132,501
IND,132,502
IND,132,503
IND,132,504
IND,132,505
IND,132,506
IND,132,507
IND,132,508
IND,132,509
IND,132,510
IND,132,511
IND,132,512
IND,132,513
IND,132,514
IND,132,515
IND,132,516
IND,132,517
IND,132,518
IND,132,519
IND,132,520
IND,132,521
IND,132,522
IND,132,523
IND,132,524
IND,132,525
IND,132,526
IND,132,527
IND,132,528
IND,132,529
IND,132,530
IND,132,531
IND,132,532
IND,132,533
IND,132,534
IND,132,535
IND,132,536
IND,132,537
IND,132,538
IND,132,543
IND,132,544
IND,132,545
IND,132,546
IND,132,547
IND,132,548
IND,132,549
IND,133,497
IND,133,498
IND,133,499
IND,133,500
IND,133,501
IND,133,502
IND,133,503
IND,133,504
IND,133,505
IND,133,506
IND,133,507
IND,133,508
IND,133,509
IND,133,510
IND,133,511
IND,133,512
IND,133,513
IND,133,514
IND,133,515
IND,133,516
IND,133,517
IND,133,518
IND,133,519
IND,133,520
IND,133,521
IND,133,522
IND,133,523
IND,133,524
IND,133,525
IND,133,526
IND,133,527
IND,133,528
IND,133,529
IND,133,530
IND,133,531
IND,133,532
IND,133,533
IND,133,534
IND,133,535
IND,133,536
IND,133,537
IND,133,538
IND,133,543
IND,133,544
IND,133,545
IND,133,546
IND,133,547
IND,133,548
IND,133,549
IND,134,497
IND,134,498
IND,134,499
IND,134,500
IND,134,501
IND,134,502
IND,134,503
IND,134,504
IND,134,505
IND,134,506
IND,134,507
IND,134,508
IND,134,509
IND,134,510
IND,134,511
IND,134,512
IND,134,513
IND,134,514
IND,134,515
IND,134,516
IND,134,517
IND,134,518
IND,134,519
IND,134,520
IND,134,521
IND,134,522
IND,134,523
IND,134,524
IND,134,525
IND,134,526
IND,134,527
IND,134,528
IND,134,529
IND,134,530
IND,134,531
IND,134,532
IND,134,533
IND,134,534
IND,134,535
IND,134,536
IND,134,537
IND,134,538
IND,134,543
IND,134,544
IND,134,545
IND,134,546
IND,134,547
IND,135,499
IND,135,500
IND,135,501
IND,135,502
IND,135,503
IND,135,504
IND,135,505
IND,135,506
IND,135,507
IND,135,508
IND,135,509
IND,135,510
IND,135,511
IND,135,512
IND,135,513
IND,135,514
IND,135,515
IND,135,516
IND,135,517
IND,135,518
IND,135,519
IND,135,520
IND,135,521
IND,135,522
IND,135,523
IND,135,524
IND,135,525
IND,135,526
IND,135,527
IND,135,528
IND,135,529
IND,135,530
IND,135,531
IND,135,532
IND,135,533
IND,135,534
IND,135,535
IND,135,536
IND,135,537
IND,135,538
IND,135,545
IND,135,546
IND,135,547
IND,136,498
IND,136,499
IND,136,500
IND,136,501
IND,136,502
IND,136,503
IND,136,504
IND,136,505
IND,136,506
IND,136,507
IND,136,508
IND,136,509
IND,136,510
IND,136,511
IND,136,512
IND,136,513
IND,136,514
IND,136,515
IND,136,516
IND,136,517
IND,136,518
IND,136,519
IND,136,520
IND,136,521
IND,136,522
IND,136,523
IND,136,524
IND,136,525
IND,136,526
IND,136,527
IND,136,528
IND,136,529
IND,136,530
IND,136,531
IND,136,532
IND,136,533
IND,136,534
IND,136,535
IND,136,536
IND,136,537
IND,136,538
IND,136,539
IND,136,546
IND,136,547
IND,137,499
IND,137,500
IND,137,501
IND,137,502
IND,137,503
IND,137,504
IND,137,505
IND,137,506
IND,137,507
IND,137,508
IND,137,509
IND,137,510
IND,137,511
IND,137,512
IND,137,513
IND,137,514
IND,137,515
IND,137,516
IND,137,517
IND,137,518
IND,137,519
IND,137,520
IND,137,521
IND,137,522
IND,137,523
IND,137,524
IND,137,525
IND,137,526
IND,137,527
IND,137,528
IND,137,529
IND,137,530
IND,137,531
IND,137,532
IND,137,533
IND,137,534
IND,137,535
IND,137,536
IND,137,537
IND,137,538
IND,137,539
IND,138,500
IND,138,501
IND,138,502
IND,138,503
IND,138,504
IND,138,505
IND,138,506
IND,138,507
IND,138,508
IND,138,509
IND,138,510
IND,138,511
IND,138,512
IND,138,513
IND,138,514
IND,138,515
IND,138,516
IND,138,517
IND,138,518
IND,138,519
IND,138,520
IND,138,521
IND,138,522
IND,138,523
IND,138,524
IND,138,525
IND,138,526
IND,138,527
IND,138,528
IND,138,529
IND,138,530
IND,138,531
IND,138,532
IND,138,533
IND,138,534
IND,138,535
IND,139,501
IND,139,502
IND,139,503
IND,139,504
IND,139,506
IND,139,507
IND,139,508
IND,139,509
IND,139,510
IND,139,511
IND,139,512
IND,139,513
IND,139,514
IND,139,515
IND,139,516
IND,139,517
IND,139,518
IND,139,519
IND,139,520
IND,139,521
IND,139,522
IND,139,523
IND,139,524
IND,139,525
IND,139,526
IND,139,527
IND,139,528
IND,139,529
IND,139,530
IND,139,531
IND,139,532
IND,139,533
IND,139,534
IND,140,506
IND,140,507
IND,140,508
IND,140,509
IND,140,510
IND,140,511
IND,140,512
IND,140,513
IND,140,514
IND,140,515
IND,140,516
IND,140,517
IND,140,518
IND,140,519
IND,140,520
IND,140,521
IND,140,522
IND,140,523
IND,140,524
IND,140,525
IND,140,526
IND,140,527
IND,140,528
IND,140,529
IND,140,530
IND,140,531
IND,140,532
IND,140,533
IND,140,534
IND,141,506
IND,141,507
IND,141,508
IND,141,509
IND,141,510
IND,141,511
IND,141,512
IND,141,513
IND,141,514
IND,141,515
IND,141,516
IND,141,517
IND,141,518
IND,141,519
IND,141,520
IND,141,521
IND,141,522
IND,141,523
IND,141,524
IND,141,525
IND,141,526
IND,141,527
IND,141,528
IND,141,529
IND,141,530
IND,141,531
IND,141,532
IND,141,533
IND,142,506
IND,142,507
IND,142,508
IND,142,509
IND,142,510
IND,142,511
IND,142,512
IND,142,513
IND,142,514
IND,142,515
IND,142,516
IND,142,517
IND,142,518
IND,142,519
IND,142,520
IND,142,521
IND,142,522
IND,142,523
IND,142,524
IND,142,525
IND,142,526
IND,142,527
IND,142,528
IND,142,529
IND,142,530
IND,142,531
IND,143,506
IND,143,507
IND,143,508
IND,143,509
IND,143,510
IND,143,511
IND,143,512
IND,143,513
IND,143,514
IND,143,515
IND,143,516
IND,143,517
IND,143,518
IND,143,519
IND,143,520
IND,143,521
IND,143,522
IND,143,523
IND,143,524
IND,143,525
IND,143,526
IND,143,527
IND,143,528
IND,143,529
IND,143,530
IND,144,506
IND,144,507
IND,144,508
IND,144,509
IND,144,510
IND,144,511
IND,144,512
IND,144,513
IND,144,514
IND,144,515
IND,144,516
IND,144,517
IND,144,518
IND,144,519
IND,144,520
IND,144,521
IND,144,522
IND,144,523
IND,144,524
IND,144,525
IND,144,526
IND,144,527
IND,144,528
IND,144,529
IND,145,507
IND,145,508
IND,145,509
IND,145,510
IND,145,511
IND,145,512
IND,145,513
IND,145,514
IND,145,515
IND,145,516
IND,145,517
IND,145,518
IND,145,519
IND,145,520
IND,145,521
IND,145,522
IND,145,523
IND,145,524
IND,145,525
IND,145,526
IND,145,527
IND,145,528
IND,146,507
IND,146,508
IND,146,509
IND,146,510
IND,146,511
IND,146,512
IND,146,513
IND,146,514
IND,146,515
IND,146,516
IND,146,517
IND,146,518
IND,146,519
IND,146,520
IND,146,521
IND,146,522
IND,146,523
IND,146,524
IND,146,525
IND,146,526
IND,147,507
IND,147,508
IND,147,509
IND,147,510
IND,147,511
IND,147,512
IND,147,513
IND,147,514
IND,147,515
IND,147,516
IND,147,517
IND,147,518
IND,147,519
IND,147,520
IND,147,521
IND,147,522
IND,147,523
IND,147,524
IND,147,525
IND,148,507
IND,148,508
IND,148,509
IND,148,510
IND,148,511
IND,148,512
IND,148,513
IND,148,514
IND,148,515
IND,148,516
IND,148,517
IND,148,518
IND,148,519
IND,148,520
IND,148,521
IND,148,522
IND,148,523
IND,148,524
IND,148,525
IND,149,508
IND,149,509
IND,149,510
IND,149,511
IND,149,512
IND,149,513
IND,149,514
IND,149,515
IND,149,516
IND,149,517
IND,149,518
IND,149,519
IND,149,520
IND,149,521
IND,149,522
IND,149,523
IND,150,508
IND,150,509
IND,150,510
IND,150,511
IND,150,512
IND,150,513
IND,150,514
IND,150,515
IND,150,516
IND,150,517
IND,150,518
IND,150,519
IND,150,520
IND,150,521
IND,151,509
IND,151,510
IND,151,511
IND,151,512
IND,151,513
IND,151,514
IND,151,515
IND,151,516
IND,151,517
IND,151,518
IND,151,519
IND,151,520
IND,151,521
IND,152,509
IND,152,510
IND,152,511
IND,152,512
IND,152,513
IND,152,514
IND,152,515
IND,152,516
IND,152,517
IND,152,518
IND,152,519
IND,152,520
IND,152,521
IND,153,510
IND,153,511
IND,153,512
IND,153,513
IND,153,514
IND,153,515
IND,153,516
IND,153,517
IND,153,518
IND,153,519
IND,153,520
IND,153,521
IND,153,546
IND,153,547
IND,154,510
IND,154,511
IND,154,512
IND,154,513
IND,154,514
IND,154,515
IND,154,516
IND,154,517
IND,154,518
IND,154,519
IND,154,520
IND,154,521
IND,154,546
IND,154,547
IND,155,510
IND,155,511
IND,155,512
IND,155,513
IND,155,514
IND,155,515
IND,155,516
IND,155,517
IND,155,518
IND,155,519
IND,155,520
IND,155,521
IND,155,546
IND,156,511
IND,156,512
IND,156,513
IND,156,514
IND,156,515
IND,156,516
IND,156,517
IND,156,518
IND,156,519
IND,156,520
IND,156,521
IND,156,546
IND,156,547
IND,157,511
IND,157,512
IND,157,513
IND,157,514
IND,157,515
IND,157,516
IND,157,517
IND,157,518
IND,157,519
IND,157,520
IND,157,545
IND,157,546
IND,157,547
IND,158,512
IND,158,513
IND,158,514
IND,158,515
IND,158,516
IND,158,517
IND,158,518
IND,158,519
IND,158,520
IND,158,546
IND,159,512
IND,159,513
IND,159,514
IND,159,515
IND,159,516
IND,159,517
IND,159,518
IND,159,519
IND,159,520
IND,159,545
IND,159,546
IND,160,513
IND,160,514
IND,160,515
IND,160,516
IND,160,517
IND,160,518
IND,160,519
IND,160,520
IND,161,513
IND,161,514
IND,161,515
IND,161,516
IND,161,517
IND,161,518
IND,161,519
IND,162,513
IND,162,514
IND,162,515
IND,162,516
IND,162,517
IND,162,518
IND,162,519
IND,162,546
IND,163,514
IND,163,515
IND,163,516
IND,163,517
IND,163,548
IND,164,514
IND,164,515
IND,164,516
IND,164,517
IND,164,547
IND,164,548
IND,165,547
IND,165,548
IND,166,548
IND,167,548
JPN,89,644
JPN,90,643
JPN,90,644
JPN,90,645
JPN,90,646
JPN,91,644
JPN,91,645
JPN,91,646
JPN,91,647
JPN,92,644
JPN,92,645
JPN,92,646
JPN,92,647
JPN,92,648
JPN,92,649
JPN,92,650
JPN,92,651
JPN,93,643
JPN,93,644
JPN,93,645
JPN,93,646
JPN,93,647
JPN,93,648
JPN,93,649
JPN,93,650
JPN,93,651
JPN,94,641
JPN,94,642
JPN,94,643
JPN,94,644
JPN,94,645
JPN,94,646
JPN,94,647
JPN,94,648
JPN,94,649
JPN,94,650
JPN,94,651
JPN,94,652
JPN,95,640
JPN,95,641
JPN,95,642
JPN,95,643
JPN,95,644
JPN,95,645
JPN,95,646
JPN,95,647
JPN,95,648
JPN,95,649
JPN,95,650
JPN,96,639
JPN,96,640
JPN,96,641
JPN,96,642
JPN,96,643
JPN,96,645
JPN,96,646
JPN,96,647
JPN,97,639
JPN,97,641
JPN,97,642
JPN,97,643
JPN,97,647
JPN,98,641
JPN,98,642
JPN,98,643
JPN,99,640
JPN,99,641
JPN,99,642
JPN,99,643
JPN,99,644
JPN,100,640
JPN,100,641
JPN,100,642
JPN,100,643
JPN,100,644
JPN,101,640
JPN,101,641
JPN,101,642
JPN,101,643
JPN,101,644
JPN,101,645
JPN,102,640
JPN,102,641
JPN,102,642
JPN,102,643
JPN,102,644
JPN,103,640
JPN,103,641
JPN,103,642
JPN,103,643
JPN,103,644
JPN,104,637
JPN,104,638
JPN,104,639
JPN,104,640
JPN,104,641
JPN,104,642
JPN,104,643
JPN,104,644
JPN,105,635
JPN,105,637
JPN,105,638
JPN,105,639
JPN,105,640
JPN,105,641
JPN,105,642
JPN,105,643
JPN,106,634
JPN,106,635
JPN,106,636
JPN,106,637
JPN,106,638
JPN,106,639
JPN,106,640
JPN,106,641
JPN,106,642
JPN,106,643
JPN,107,634
JPN,107,635
JPN,107,636
JPN,107,637
JPN,107,638
JPN,107,639
JPN,107,640
JPN,107,641
JPN,107,642
JPN,108,627
JPN,108,633
JPN,108,634
JPN,108,635
JPN,108,636
JPN,108,637
JPN,108,638
JPN,108,639
JPN,108,640
JPN,108,641
JPN,108,642
JPN,109,626
JPN,109,627
JPN,109,628
JPN,109,629
JPN,109,630
JPN,109,631
JPN,109,632
JPN,109,633
JPN,109,634
JPN,109,635
JPN,109,636
JPN,109,637
JPN,109,638
JPN,109,639
JPN,109,640
JPN,109,641
JPN,109,642
JPN,110,625
JPN,110,626
JPN,110,627
JPN,110,628
JPN,110,629
JPN,110,630
JPN,110,631
JPN,110,632
JPN,110,633
JPN,110,634
JPN,110,635
JPN,110,636
JPN,110,637
JPN,110,638
JPN,110,639
JPN,110,640
JPN,110,641
JPN,111,619
JPN,111,624
JPN,111,625
JPN,111,626
JPN,111,627
JPN,111,628
JPN,111,629
JPN,111,630
JPN,111,631
JPN,111,632
JPN,111,633
JPN,111,634
JPN,111,635
JPN,111,636
JPN,111,637
JPN,111,638
JPN,111,639
JPN,111,640
JPN,112,619
JPN,112,622
JPN,112,623
JPN,112,624
JPN,112,625
JPN,112,626
JPN,112,627
JPN,112,628
JPN,112,629
JPN,112,630
JPN,112,631
JPN,112,632
JPN,112,633
JPN,112,634
JPN,112,639
JPN,112,640
JPN,113,620
JPN,113,621
JPN,113,622
JPN,113,623
JPN,113,624
JPN,113,625
JPN,113,626
JPN,113,627
JPN,113,628
JPN,113,629
JPN,113,630
JPN,113,631
JPN,113,632
JPN,113,633
JPN,114,619
JPN,114,620
JPN,114,621
JPN,114,622
JPN,114,623
JPN,114,624
JPN,114,625
JPN,114,626
JPN,114,627
JPN,114,629
JPN,114,640
JPN,115,618
JPN,115,619
JPN,115,620
JPN,115,621
JPN,115,622
JPN,115,623
JPN,115,624
JPN,115,626
JPN,115,627
JPN,116,621
JPN,116,622
JPN,116,623
JPN,116,624
JPN,117,620
JPN,117,621
JPN,117,622
JPN,117,623
JPN,118,621
JPN,118,622
JPN,118,623
JPN,119,622
JPN,119,623
JPN,120,621
JPN,120,622
JPN,121,620
JPN,122,620
JPN,124,619
JPN,124,620
JPN,124,621
JPN,125,618
JPN,125,619
JPN,126,617
JPN,126,618
JPN,127,616
JPN,127,617
JPN,127,645
JPN,128,614
JPN,128,615
JPN,128,616
JPN,129,623
JPN,131,609
JPN,131,611
JPN,131,643
JPN,132,606
JPN,132,607
JPN,132,608
JPN,132,609
JPN,132,668
TUR,96,414
TUR,96,415
TUR,96,427
TUR,96,428
TUR,96,430
TUR,96,431
TUR,97,413
TUR,97,414
TUR,97,415
TUR,97,416
TUR,97,417
TUR,97,424
TUR,97,425
TUR,97,426
TUR,97,427
TUR,97,428
TUR,97,429
TUR,97,430
TUR,97,431
TUR,97,432
TUR,97,433
TUR,97,444
TUR,97,445
TUR,97,446
TUR,98,413
TUR,98,414
TUR,98,415
TUR,98,416
TUR,98,417
TUR,98,418
TUR,98,419
TUR,98,420
TUR,98,421
TUR,98,422
TUR,98,423
TUR,98,424
TUR,98,425
TUR,98,426
TUR,98,427
TUR,98,428
TUR,98,429
TUR,98,430
TUR,98,431
TUR,98,432
TUR,98,433
TUR,98,434
TUR,98,435
TUR,98,436
TUR,98,438
TUR,98,439
TUR,98,440
TUR,98,441
TUR,98,442
TUR,98,443
TUR,98,444
TUR,98,445
TUR,98,446
TUR,98,447
TUR,98,448
TUR,99,413
TUR,99,414
TUR,99,415
TUR,99,416
TUR,99,418
TUR,99,419
TUR,99,420
TUR,99,421
TUR,99,422
TUR,99,423
TUR,99,424
TUR,99,425
TUR,99,426
TUR,99,427
TUR,99,428
TUR,99,429
TUR,99,430
TUR,99,431
TUR,99,432
TUR,99,433
TUR,99,434
TUR,99,435
TUR,99,436
TUR,99,437
TUR,99,438
TUR,99,439
TUR,99,440
TUR,99,441
TUR,99,442
TUR,99,443
TUR,99,444
TUR,99,445
TUR,99,446
TUR,99,447
TUR,99,448
TUR,100,412
TUR,100,413
TUR,100,414
TUR,100,415
TUR,100,416
TUR,100,417
TUR,100,418
TUR,100,419
TUR,100,420
TUR,100,421
TUR,100,422
TUR,100,423
TUR,100,424
TUR,100,425
TUR,100,426
TUR,100,427
TUR,100,428
TUR,100,429
TUR,100,430
TUR,100,431
TUR,100,432
TUR,100,433
TUR,100,434
TUR,100,435
TUR,100,436
TUR,100,437
TUR,100,438
TUR,100,439
TUR,100,440
TUR,100,441
TUR,100,442
TUR,100,443
TUR,100,444
TUR,100,445
TUR,100,446
TUR,100,447
TUR,100,448
TUR,100,449
TUR,101,413
TUR,101,414
TUR,101,415
TUR,101,416
TUR,101,417
TUR,101,418
TUR,101,419
TUR,101,420
TUR,101,421
TUR,101,422
TUR,101,423
TUR,101,424
TUR,101,425
TUR,101,426
TUR,101,427
TUR,101,428
TUR,101,429
TUR,101,430
TUR,101,431
TUR,101,432
TUR,101,433
TUR,101,434
TUR,101,435
TUR,101,436
TUR,101,437
TUR,101,438
TUR,101,439
TUR,101,440
TUR,101,441
TUR,101,442
TUR,101,443
TUR,101,444
TUR,101,445
TUR,101,446
TUR,101,447
TUR,101,448
TUR,101,449
TUR,101,450
TUR,102,414
TUR,102,415
TUR,102,416
TUR,102,417
TUR,102,418
TUR,102,419
TUR,102,420
TUR,102,421
TUR,102,422
TUR,102,423
TUR,102,424
TUR,102,425
TUR,102,426
TUR,102,427
TUR,102,428
TUR,102,429
TUR,102,430
TUR,102,431
TUR,102,432
TUR,102,433
TUR,102,434
TUR,102,435
TUR,102,436
TUR,102,437
TUR,102,438
TUR,102,439
TUR,102,440
TUR,102,441
TUR,102,442
TUR,102,443
TUR,102,444
TUR,102,445
TUR,102,446
TUR,102,447
TUR,102,448
TUR,102,449
TUR,103,413
TUR,103,414
TUR,103,415
TUR,103,416
TUR,103,417
TUR,103,418
TUR,103,419
TUR,103,420
TUR,103,421
TUR,103,422
TUR,103,423
TUR,103,424
TUR,103,425
TUR,103,426
TUR,103,427
TUR,103,428
TUR,103,429
TUR,103,430
TUR,103,431
TUR,103,432
TUR,103,433
TUR,103,434
TUR,103,435
TUR,103,436
TUR,103,437
TUR,103,438
TUR,103,439
TUR,103,440
TUR,103,441
TUR,103,442
TUR,103,443
TUR,103,444
TUR,103,445
TUR,103,446
TUR,103,447
TUR,103,448
TUR,103,449
TUR,104,413
TUR,104,414
TUR,104,415
TUR,104,416
TUR,104,417
TUR,104,418
TUR,104,419
TUR,104,420
TUR,104,421
TUR,104,422
TUR,104,423
TUR,104,424
TUR,104,425
TUR,104,426
TUR,104,427
TUR,104,428
TUR,104,429
TUR,104,430
TUR,104,431
TUR,104,432
TUR,104,433
TUR,104,434
TUR,104,435
TUR,104,436
TUR,104,437
TUR,104,438
TUR,104,439
TUR,104,440
TUR,104,441
TUR,104,442
TUR,104,443
TUR,104,444
TUR,104,445
TUR,104,446
TUR,104,447
TUR,104,448
TUR,104,449
TUR,105,415
TUR,105,416
TUR,105,417
TUR,105,418
TUR,105,419
TUR,105,420
TUR,105,421
TUR,105,422
TUR,105,423
TUR,105,424
TUR,105,425
TUR,105,426
TUR,105,427
TUR,105,428
TUR,105,429
TUR,105,430
TUR,105,431
TUR,105,432
TUR,105,433
TUR,105,434
TUR,105,435
TUR,105,436
TUR,105,437
TUR,105,438
TUR,105,439
TUR,105,440
TUR,105,441
TUR,105,442
TUR,105,443
TUR,105,444
TUR,105,445
TUR,105,446
TUR,105,447
TUR,105,448
TUR,105,449
TUR,105,450
TUR,106,415
TUR,106,416
TUR,106,417
TUR,106,418
TUR,106,419
TUR,106,420
TUR,106,421
TUR,106,422
TUR,106,423
TUR,106,424
TUR,106,425
TUR,106,426
TUR,106,427
TUR,106,428
TUR,106,429
TUR,106,430
TUR,106,431
TUR,106,432
TUR,106,433
TUR,106,434
TUR,106,435
TUR,106,436
TUR,106,437
TUR,106,438
TUR,106,439
TUR,106,440
TUR,106,441
TUR,106,442
TUR,106,443
TUR,106,444
TUR,106,445
TUR,106,446
TUR,106,447
TUR,106,448
TUR,106,449
TUR,106,450
TUR,107,415
TUR,107,416
TUR,107,417
TUR,107,418
TUR,107,419
TUR,107,420
TUR,107,421
TUR,107,422
TUR,107,423
TUR,107,424
TUR,107,425
TUR,107,426
TUR,107,427
TUR,107,428
TUR,107,429
TUR,107,430
TUR,107,431
TUR,107,432
TUR,107,433
TUR,107,434
TUR,107,435
TUR,107,436
TUR,107,437
TUR,107,438
TUR,107,439
TUR,107,440
TUR,107,441
TUR,108,419
TUR,108,420
TUR,108,421
TUR,108,422
TUR,108,425
TUR,108,426
TUR,108,427
TUR,108,428
TUR,108,429
TUR,108,432
TUR,108,433
TUR,108,434
TUR,109,432
TUR,109,433
USA,38,46
USA,38,47
USA,38,48
USA,38,49
USA,38,50
USA,38,51
USA,39,40
USA,39,41
USA,39,42
USA,39,43
USA,39,44
USA,39,45
USA,39,46
USA,39,47
USA,39,48
USA,39,49
USA,39,50
USA,39,51
USA,39,52
USA,39,53
USA,39,54
USA,39,55
USA,39,56
USA,39,57
USA,39,59
USA,39,61
USA,39,62
USA,40,35
USA,40,36
USA,40,37
USA,40,38
USA,40,39
USA,40,40
USA,40,41
USA,40,42
USA,40,43
USA,40,44
USA,40,45
USA,40,46
USA,40,47
USA,40,48
USA,40,49
USA,40,50
USA,40,51
USA,40,52
USA,40,53
USA,40,54
USA,40,55
USA,40,56
USA,40,57
USA,40,58
USA,40,59
USA,40,60
USA,40,61
USA,40,62
USA,40,63
USA,40,64
USA,40,65
USA,40,66
USA,40,67
USA,40,68
USA,40,69
USA,40,70
USA,40,72
USA,40,73
USA,40,74
USA,40,75
USA,41,34
USA,41,35
USA,41,36
USA,41,37
USA,41,38
USA,41,39
USA,41,40
USA,41,41
USA,41,42
USA,41,43
USA,41,44
USA,41,45
USA,41,46
USA,41,47
USA,41,48
USA,41,49
USA,41,50
USA,41,51
USA,41,52
USA,41,53
USA,41,54
USA,41,55
USA,41,56
USA,41,57
USA,41,58
USA,41,59
USA,41,60
USA,41,61
USA,41,62
USA,41,63
USA,41,64
USA,41,65
USA,41,66
USA,41,67
USA,41,68
USA,41,69
USA,41,70
USA,41,71
USA,41,72
USA,41,73
USA,41,74
USA,41,75
USA,41,76
USA,41,77
USA,41,78
USA,42,33
USA,42,34
USA,42,35
USA,42,36
USA,42,37
USA,42,38
USA,42,39
USA,42,40
USA,42,41
USA,42,42
USA,42,43
USA,42,44
USA,42,45
USA,42,46
USA,42,47
USA,42,48
USA,42,49
USA,42,50
USA,42,51
USA,42,52
USA,42,53
USA,42,54
USA,42,55
USA,42,56
USA,42,57
USA,42,58
USA,42,59
USA,42,60
USA,42,61
USA,42,62
USA,42,63
USA,42,64
USA,42,65
USA,42,66
USA,42,67
USA,42,68
USA,42,69
USA,42,70
USA,42,71
USA,42,72
USA,42,73
USA,42,74
USA,42,75
USA,42,76
USA,42,77
USA,42,78
USA,43,28
USA,43,29
USA,43,30
USA,43,31
USA,43,32
USA,43,33
USA,43,34
USA,43,35
USA,43,36
USA,43,37
USA,43,38
USA,43,39
USA,43,40
USA,43,41
USA,43,42
USA,43,43
USA,43,44
USA,43,45
USA,43,46
USA,43,47
USA,43,48
USA,43,49
USA,43,50
USA,43,51
USA,43,52
USA,43,53
USA,43,54
USA,43,55
USA,43,56
USA,43,57
USA,43,58
USA,43,59
USA,43,60
USA,43,61
USA,43,62
USA,43,63
USA,43,64
USA,43,65
USA,43,66
USA,43,67
USA,43,68
USA,43,69
USA,43,70
USA,43,71
USA,43,72
USA,43,73
USA,43,74
USA,43,75
USA,43,76
USA,43,77
USA,43,78
USA,44,27
USA,44,28
USA,44,29
USA,44,30
USA,44,31
USA,44,32
USA,44,33
USA,44,34
USA,44,35
USA,44,36
USA,44,37
USA,44,38
USA,44,39
USA,44,40
USA,44,41
USA,44,42
USA,44,43
USA,44,44
USA,44,45
USA,44,46
USA,44,47
USA,44,48
USA,44,49
USA,44,50
USA,44,51
USA,44,52
USA,44,53
USA,44,54
USA,44,55
USA,44,56
USA,44,57
USA,44,58
USA,44,59
USA,44,60
USA,44,61
USA,44,62
USA,44,63
USA,44,64
USA,44,65
USA,44,66
USA,44,67
USA,44,68
USA,44,69
USA,44,70
USA,44,71
USA,44,72
USA,44,73
USA,44,74
USA,44,75
USA,44,76
USA,44,77
USA,44,78
USA,45,30
USA,45,31
USA,45,32
USA,45,33
USA,45,34
USA,45,35
USA,45,36
USA,45,37
USA,45,38
USA,45,39
USA,45,40
USA,45,41
USA,45,42
USA,45,43
USA,45,44
USA,45,45
USA,45,46
USA,45,47
USA,45,48
USA,45,49
USA,45,50
USA,45,51
USA,45,52
USA,45,53
USA,45,54
USA,45,55
USA,45,56
USA,45,57
USA,45,58
USA,45,59
USA,45,60
USA,45,61
USA,45,62
USA,45,63
USA,45,64
USA,45,65
USA,45,66
USA,45,67
USA,45,68
USA,45,69
USA,45,70
USA,45,71
USA,45,72
USA,45,73
USA,45,74
USA,45,75
USA,45,76
USA,45,77
USA,45,78
USA,46,33
USA,46,34
USA,46,35
USA,46,36
USA,46,37
USA,46,38
USA,46,39
USA,46,40
USA,46,41
USA,46,42
USA,46,43
USA,46,44
USA,46,45
USA,46,46
USA,46,47
USA,46,48
USA,46,49
USA,46,50
USA,46,51
USA,46,52
USA,46,53
USA,46,54
USA,46,55
USA,46,56
USA,46,57
USA,46,58
USA,46,59
USA,46,60
USA,46,61
USA,46,62
USA,46,63
USA,46,64
USA,46,65
USA,46,66
USA,46,67
USA,46,68
USA,46,69
USA,46,70
USA,46,71
USA,46,72
USA,46,73
USA,46,74
USA,46,75
USA,46,76
USA,46,77
USA,46,78
USA,47,31
USA,47,32
USA,47,33
USA,47,35
USA,47,36
USA,47,37
USA,47,38
USA,47,39
USA,47,40
USA,47,41
USA,47,42
USA,47,43
USA,47,44
USA,47,45
USA,47,46
USA,47,47
USA,47,48
USA,47,49
USA,47,50
USA,47,51
USA,47,52
USA,47,53
USA,47,54
USA,47,55
USA,47,56
USA,47,57
USA,47,58
USA,47,59
USA,47,60
USA,47,61
USA,47,62
USA,47,63
USA,47,64
USA,47,65
USA,47,66
USA,47,67
USA,47,68
USA,47,69
USA,47,70
USA,47,71
USA,47,72
USA,47,73
USA,47,74
USA,47,75
USA,47,76
USA,47,77
USA,47,78
USA,48,27
USA,48,28
USA,48,29
USA,48,30
USA,48,31
USA,48,32
USA,48,33
USA,48,34
USA,48,35
USA,48,36
USA,48,37
USA,48,38
USA,48,39
USA,48,40
USA,48,41
USA,48,42
USA,48,43
USA,48,44
USA,48,45
USA,48,46
USA,48,47
USA,48,48
USA,48,49
USA,48,50
USA,48,51
USA,48,52
USA,48,53
USA,48,54
USA,48,55
USA,48,56
USA,48,57
USA,48,58
USA,48,59
USA,48,60
USA,48,61
USA,48,62
USA,48,63
USA,48,64
USA,48,65
USA,48,66
USA,48,67
USA,48,68
USA,48,69
USA,48,70
USA,48,71
USA,48,72
USA,48,73
USA,48,74
USA,48,75
USA,48,76
USA,48,77
USA,48,78
USA,49,24
USA,49,25
USA,49,26
USA,49,27
USA,49,28
USA,49,29
USA,49,30
USA,49,31
USA,49,32
USA,49,33
USA,49,34
USA,49,35
USA,49,36
USA,49,37
USA,49,38
USA,49,39
USA,49,40
USA,49,41
USA,49,42
USA,49,43
USA,49,44
USA,49,45
USA,49,46
USA,49,47
USA,49,48
USA,49,49
USA,49,50
USA,49,51
USA,49,52
USA,49,53
USA,49,54
USA,49,55
USA,49,56
USA,49,57
USA,49,58
USA,49,59
USA,49,60
USA,49,61
USA,49,62
USA,49,63
USA,49,64
USA,49,65
USA,49,66
USA,49,67
USA,49,68
USA,49,69
USA,49,70
USA,49,71
USA,49,72
USA,49,73
USA,49,74
USA,49,75
USA,49,76
USA,49,77
USA,49,78
USA,50,25
USA,50,26
USA,50,27
USA,50,28
USA,50,29
USA,50,30
USA,50,31
USA,50,32
USA,50,33
USA,50,34
USA,50,35
USA,50,36
USA,50,37
USA,50,38
USA,50,39
USA,50,40
USA,50,41
USA,50,42
USA,50,43
USA,50,44
USA,50,45
USA,50,46
USA,50,47
USA,50,48
USA,50,49
USA,50,50
USA,50,51
USA,50,52
USA,50,53
USA,50,54
USA,50,55
USA,50,56
USA,50,57
USA,50,58
USA,50,59
USA,50,60
USA,50,61
USA,50,62
USA,50,63
USA,50,64
USA,50,65
USA,50,66
USA,50,67
USA,50,68
USA,50,69
USA,50,70
USA,50,71
USA,50,72
USA,50,73
USA,50,74
USA,50,75
USA,50,76
USA,50,77
USA,50,78
USA,51,27
USA,51,28
USA,51,29
USA,51,30
USA,51,31
USA,51,32
USA,51,33
USA,51,34
USA,51,35
USA,51,36
USA,51,37
USA,51,38
USA,51,39
USA,51,40
USA,51,41
USA,51,42
USA,51,43
USA,51,44
USA,51,45
USA,51,46
USA,51,47
USA,51,48
USA,51,49
USA,51,50
USA,51,51
USA,51,52
USA,51,53
USA,51,54
USA,51,55
USA,51,56
USA,51,57
USA,51,58
USA,51,59
USA,51,60
USA,51,61
USA,51,62
USA,51,63
USA,51,64
USA,51,65
USA,51,66
USA,51,67
USA,51,68
USA,51,69
USA,51,70
USA,51,71
USA,51,72
USA,51,73
USA,51,74
USA,51,75
USA,51,76
USA,51,77
USA,51,78
USA,52,31
USA,52,34
USA,52,35
USA,52,38
USA,52,39
USA,52,40
USA,52,41
USA,52,42
USA,52,43
USA,52,44
USA,52,45
USA,52,46
USA,52,47
USA,52,48
USA,52,49
USA,52,50
USA,52,51
USA,52,52
USA,52,53
USA,52,54
USA,52,55
USA,52,56
USA,52,57
USA,52,58
USA,52,59
USA,52,60
USA,52,61
USA,52,62
USA,52,63
USA,52,64
USA,52,65
USA,52,66
USA,52,67
USA,52,68
USA,52,69
USA,52,70
USA,52,71
USA,52,72
USA,52,73
USA,52,74
USA,52,75
USA,52,76
USA,52,77
USA,52,78
USA,53,17
USA,53,18
USA,53,19
USA,53,20
USA,53,35
USA,53,36
USA,53,38
USA,53,39
USA,53,40
USA,53,41
USA,53,42
USA,53,43
USA,53,44
USA,53,45
USA,53,46
USA,53,47
USA,53,48
USA,53,49
USA,53,50
USA,53,51
USA,53,52
USA,53,53
USA,53,54
USA,53,55
USA,53,56
USA,53,57
USA,53,58
USA,53,59
USA,53,60
USA,53,61
USA,53,62
USA,53,63
USA,53,64
USA,53,65
USA,53,66
USA,53,67
USA,53,68
USA,53,69
USA,53,70
USA,53,71
USA,53,72
USA,53,73
USA,53,74
USA,53,75
USA,53,76
USA,53,77
USA,53,78
USA,54,17
USA,54,18
USA,54,19
USA,54,20
USA,54,21
USA,54,22
USA,54,23
USA,54,31
USA,54,32
USA,54,33
USA,54,34
USA,54,35
USA,54,36
USA,54,37
USA,54,38
USA,54,39
USA,54,40
USA,54,41
USA,54,42
USA,54,43
USA,54,44
USA,54,45
USA,54,46
USA,54,47
USA,54,48
USA,54,49
USA,54,50
USA,54,51
USA,54,52
USA,54,53
USA,54,54
USA,54,55
USA,54,56
USA,54,57
USA,54,58
USA,54,59
USA,54,60
USA,54,61
USA,54,62
USA,54,63
USA,54,64
USA,54,65
USA,54,66
USA,54,67
USA,54,68
USA,54,69
USA,54,70
USA,54,71
USA,54,72
USA,54,73
USA,54,74
USA,54,75
USA,54,76
USA,54,77
USA,54,78
USA,55,21
USA,55,30
USA,55,31
USA,55,32
USA,55,33
USA,55,34
USA,55,35
USA,55,36
USA,55,37
USA,55,38
USA,55,39
USA,55,40
USA,55,41
USA,55,42
USA,55,43
USA,55,44
USA,55,45
USA,55,46
USA,55,47
USA,55,48
USA,55,49
USA,55,50
USA,55,51
USA,55,52
USA,55,53
USA,55,54
USA,55,55
USA,55,56
USA,55,57
USA,55,58
USA,55,59
USA,55,60
USA,55,61
USA,55,62
USA,55,63
USA,55,64
USA,55,65
USA,55,66
USA,55,67
USA,55,68
USA,55,69
USA,55,70
USA,55,71
USA,55,72
USA,55,73
USA,55,74
USA,55,75
USA,55,76
USA,55,77
USA,55,78
USA,56,29
USA,56,30
USA,56,31
USA,56,32
USA,56,33
USA,56,34
USA,56,35
USA,56,36
USA,56,37
USA,56,38
USA,56,39
USA,56,40
USA,56,41
USA,56,42
USA,56,43
USA,56,44
USA,56,45
USA,56,46
USA,56,47
USA,56,48
USA,56,49
USA,56,50
USA,56,51
USA,56,52
USA,56,53
USA,56,54
USA,56,55
USA,56,56
USA,56,57
USA,56,58
USA,56,59
USA,56,60
USA,56,61
USA,56,62
USA,56,63
USA,56,64
USA,56,65
USA,56,66
USA,56,67
USA,56,68
USA,56,69
USA,56,70
USA,56,71
USA,56,72
USA,56,73
USA,56,74
USA,56,75
USA,56,76
USA,56,77
USA,56,78
USA,57,28
USA,57,29
USA,57,30
USA,57,31
USA,57,32
USA,57,33
USA,57,34
USA,57,35
USA,57,36
USA,57,37
USA,57,38
USA,57,39
USA,57,40
USA,57,41
USA,57,42
USA,57,43
USA,57,44
USA,57,45
USA,57,46
USA,57,47
USA,57,48
USA,57,49
USA,57,50
USA,57,51
USA,57,52
USA,57,53
USA,57,54
USA,57,55
USA,57,56
USA,57,57
USA,57,58
USA,57,59
USA,57,60
USA,57,61
USA,57,62
USA,57,63
USA,57,64
USA,57,65
USA,57,66
USA,57,67
USA,57,68
USA,57,69
USA,57,70
USA,57,71
USA,57,72
USA,57,73
USA,57,74
USA,57,75
USA,57,76
USA,57,77
USA,57,78
USA,58,29
USA,58,30
USA,58,31
USA,58,32
USA,58,33
USA,58,34
USA,58,35
USA,58,36
USA,58,37
USA,58,38
USA,58,39
USA,58,40
USA,58,41
USA,58,42
USA,58,43
USA,58,44
USA,58,45
USA,58,46
USA,58,47
USA,58,48
USA,58,49
USA,58,50
USA,58,51
USA,58,52
USA,58,53
USA,58,54
USA,58,55
USA,58,56
USA,58,57
USA,58,58
USA,58,59
USA,58,60
USA,58,61
USA,58,62
USA,58,63
USA,58,64
USA,58,65
USA,58,66
USA,58,67
USA,58,68
USA,58,69
USA,58,70
USA,58,71
USA,58,72
USA,58,73
USA,58,74
USA,58,75
USA,58,76
USA,58,77
USA,58,78
USA,59,14
USA,59,15
USA,59,30
USA,59,31
USA,59,32
USA,59,33
USA,59,34
USA,59,35
USA,59,36
USA,59,37
USA,59,38
USA,59,39
USA,59,40
USA,59,41
USA,59,42
USA,59,43
USA,59,44
USA,59,45
USA,59,46
USA,59,47
USA,59,48
USA,59,49
USA,59,50
USA,59,51
USA,59,52
USA,59,53
USA,59,54
USA,59,55
USA,59,56
USA,59,57
USA,59,58
USA,59,59
USA,59,60
USA,59,61
USA,59,62
USA,59,63
USA,59,64
USA,59,65
USA,59,66
USA,59,67
USA,59,68
USA,59,69
USA,59,70
USA,59,71
USA,59,72
USA,59,73
USA,59,74
USA,59,75
USA,59,76
USA,59,77
USA,59,78
USA,60,15
USA,60,16
USA,60,26
USA,60,27
USA,60,28
USA,60,29
USA,60,30
USA,60,31
USA,60,32
USA,60,33
USA,60,34
USA,60,35
USA,60,36
USA,60,37
USA,60,38
USA,60,39
USA,60,40
USA,60,41
USA,60,42
USA,60,43
USA,60,44
USA,60,45
USA,60,46
USA,60,47
USA,60,48
USA,60,49
USA,60,50
USA,60,51
USA,60,52
USA,60,53
USA,60,54
USA,60,55
USA,60,56
USA,60,57
USA,60,58
USA,60,59
USA,60,60
USA,60,61
USA,60,62
USA,60,63
USA,60,64
USA,60,65
USA,60,66
USA,60,67
USA,60,68
USA,60,69
USA,60,70
USA,60,71
USA,60,72
USA,60,73
USA,60,74
USA,60,75
USA,60,76
USA,60,77
USA,60,78
USA,60,79
USA,60,80
USA,60,81
USA,60,82
USA,61,27
USA,61,28
USA,61,29
USA,61,32
USA,61,33
USA,61,34
USA,61,35
USA,61,36
USA,61,37
USA,61,38
USA,61,39
USA,61,40
USA,61,41
USA,61,42
USA,61,43
USA,61,44
USA,61,45
USA,61,46
USA,61,47
USA,61,48
USA,61,49
USA,61,50
USA,61,51
USA,61,52
USA,61,53
USA,61,54
USA,61,55
USA,61,57
USA,61,58
USA,61,59
USA,61,60
USA,61,61
USA,61,62
USA,61,63
USA,61,64
USA,61,65
USA,61,66
USA,61,71
USA,61,72
USA,61,78
USA,61,79
USA,61,80
USA,61,81
USA,61,82
USA,61,83
USA,61,84
USA,61,88
USA,61,89
USA,61,90
USA,62,37
USA,62,38
USA,62,39
USA,62,40
USA,62,41
USA,62,42
USA,62,43
USA,62,44
USA,62,45
USA,62,46
USA,62,47
USA,62,48
USA,62,49
USA,62,50
USA,62,51
USA,62,52
USA,62,53
USA,62,54
USA,62,57
USA,62,58
USA,62,59
USA,62,60
USA,62,81
USA,62,82
USA,62,83
USA,62,84
USA,62,85
USA,62,86
USA,62,87
USA,62,88
USA,62,89
USA,62,90
USA,62,91
USA,62,92
USA,63,36
USA,63,37
USA,63,38
USA,63,39
USA,63,40
USA,63,41
USA,63,42
USA,63,43
USA,63,44
USA,63,45
USA,63,46
USA,63,47
USA,63,48
USA,63,49
USA,63,50
USA,63,51
USA,63,52
USA,63,53
USA,63,54
USA,63,55
USA,63,56
USA,63,85
USA,63,86
USA,63,87
USA,63,88
USA,63,89
USA,63,90
USA,63,91
USA,63,92
USA,63,93
USA,64,43
USA,64,45
USA,64,46
USA,64,47
USA,64,48
USA,64,49
USA,64,50
USA,64,51
USA,64,52
USA,64,54
USA,64,55
USA,64,56
USA,64,57
USA,64,86
USA,64,87
USA,64,88
USA,64,89
USA,64,90
USA,64,91
USA,64,92
USA,64,93
USA,64,94
USA,65,45
USA,65,46
USA,65,47
USA,65,48
USA,65,49
USA,65,50
USA,65,51
USA,65,52
USA,65,53
USA,65,54
USA,65,55
USA,65,56
USA,65,88
USA,65,89
USA,65,90
USA,65,91
USA,65,92
USA,65,93
USA,65,94
USA,65,95
USA,66,20
USA,66,43
USA,66,44
USA,66,45
USA,66,46
USA,66,47
USA,66,48
USA,66,51
USA,66,52
USA,66,53
USA,66,54
USA,66,55
USA,66,56
USA,66,89
USA,66,90
USA,66,91
USA,66,92
USA,66,93
USA,66,94
USA,66,95
USA,66,96
USA,67,21
USA,67,22
USA,67,41
USA,67,42
USA,67,43
USA,67,44
USA,67,45
USA,67,46
USA,67,47
USA,67,51
USA,67,52
USA,67,53
USA,67,90
USA,67,91
USA,67,92
USA,67,93
USA,67,94
USA,67,95
USA,67,96
USA,67,97
USA,67,98
USA,68,39
USA,68,40
USA,68,41
USA,68,42
USA,68,43
USA,68,44
USA,68,45
USA,68,47
USA,68,51
USA,68,91
USA,68,92
USA,68,93
USA,68,94
USA,68,95
USA,68,96
USA,68,97
USA,68,98
USA,68,99
USA,68,100
USA,69,36
USA,69,37
USA,69,38
USA,69,39
USA,69,40
USA,69,41
USA,69,42
USA,69,43
USA,69,49
USA,69,92
USA,69,93
USA,69,94
USA,69,95
USA,69,96
USA,69,97
USA,69,98
USA,69,99
USA,69,100
USA,70,33
USA,70,34
USA,70,35
USA,70,36
USA,70,37
USA,70,38
USA,70,39
USA,70,40
USA,70,41
USA,70,42
USA,70,93
USA,70,94
USA,70,95
USA,70,96
USA,70,97
USA,70,98
USA,70,99
USA,70,100
USA,71,31
USA,71,32
USA,71,33
USA,71,34
USA,71,35
USA,71,36
USA,71,40
USA,71,41
USA,71,42
USA,71,94
USA,71,95
USA,71,96
USA,71,97
USA,71,98
USA,71,99
USA,71,100
USA,72,27
USA,72,28
USA,72,29
USA,72,30
USA,72,31
USA,72,32
USA,72,35
USA,72,36
USA,73,24
USA,73,25
USA,73,26
USA,73,27
USA,73,28
USA,74,21
USA,74,23
USA,74,24
USA,74,25
USA,74,26
USA,74,706
USA,75,18
USA,75,19
USA,75,20
USA,75,21
USA,75,22
USA,75,23
USA,75,706
USA,75,707
USA,75,708
USA,76,8
USA,76,9
USA,76,11
USA,76,12
USA,76,13
USA,76,14
USA,76,15
USA,76,16
USA,76,707
USA,76,708
USA,76,712
USA,76,716
USA,76,720
USA,77,3
USA,77,4
USA,77,5
USA,77,6
USA,77,7
USA,77,8
USA,77,715
USA,77,716
USA,77,717
USA,77,718
USA,77,719
USA,77,720
USA,78,2
USA,78,3
USA,78,719
USA,82,170
USA,82,171
USA,83,114
USA,83,115
USA,83,116
USA,83,117
USA,83,118
USA,83,119
USA,83,120
USA,83,121
USA,83,122
USA,83,123
USA,83,124
USA,83,125
USA,83,126
USA,83,127
USA,83,128
USA,83,129
USA,83,130
USA,83,131
USA,83,132
USA,83,133
USA,83,134
USA,83,135
USA,83,136
USA,83,137
USA,83,138
USA,83,139
USA,83,140
USA,83,141
USA,83,142
USA,83,143
USA,83,144
USA,83,145
USA,83,146
USA,83,147
USA,83,148
USA,83,149
USA,83,150
USA,83,151
USA,83,152
USA,83,153
USA,83,154
USA,83,155
USA,83,156
USA,83,157
USA,83,158
USA,83,159
USA,83,160
USA,83,161
USA,83,162
USA,83,163
USA,83,164
USA,83,165
USA,83,166
USA,83,167
USA,83,168
USA,83,169
USA,83,170
USA,83,171
USA,83,172
USA,83,173
USA,83,174
USA,83,175
USA,84,111
USA,84,112
USA,84,113
USA,84,114
USA,84,115
USA,84,116
USA,84,117
USA,84,118
USA,84,119
USA,84,120
USA,84,121
USA,84,122
USA,84,123
USA,84,124
USA,84,125
USA,84,126
USA,84,127
USA,84,128
USA,84,129
USA,84,130
USA,84,131
USA,84,132
USA,84,133
USA,84,134
USA,84,135
USA,84,136
USA,84,137
USA,84,138
USA,84,139
USA,84,140
USA,84,141
USA,84,142
USA,84,143
USA,84,144
USA,84,145
USA,84,146
USA,84,147
USA,84,148
USA,84,149
USA,84,150
USA,84,151
USA,84,152
USA,84,153
USA,84,154
USA,84,155
USA,84,156
USA,84,157
USA,84,158
USA,84,159
USA,84,160
USA,84,161
USA,84,162
USA,84,163
USA,84,164
USA,84,165
USA,84,166
USA,84,167
USA,84,168
USA,84,169
USA,84,170
USA,84,171
USA,84,172
USA,84,173
USA,84,174
USA,84,175
USA,84,176
USA,84,177
USA,84,178
USA,84,179
USA,84,180
USA,84,181
USA,84,182
USA,84,183
USA,84,184
USA,84,185
USA,85,111
USA,85,112
USA,85,113
USA,85,114
USA,85,115
USA,85,116
USA,85,117
USA,85,118
USA,85,119
USA,85,120
USA,85,121
USA,85,122
USA,85,123
USA,85,124
USA,85,125
USA,85,126
USA,85,127
USA,85,128
USA,85,129
USA,85,130
USA,85,131
USA,85,132
USA,85,133
USA,85,134
USA,85,135
USA,85,136
USA,85,137
USA,85,138
USA,85,139
USA,85,140
USA,85,141
USA,85,142
USA,85,143
USA,85,144
USA,85,145
USA,85,146
USA,85,147
USA,85,148
USA,85,149
USA,85,150
USA,85,151
USA,85,152
USA,85,153
USA,85,154
USA,85,155
USA,85,156
USA,85,157
USA,85,158
USA,85,159
USA,85,160
USA,85,161
USA,85,162
USA,85,163
USA,85,164
USA,85,165
USA,85,166
USA,85,167
USA,85,168
USA,85,169
USA,85,170
USA,85,171
USA,85,172
USA,85,173
USA,85,174
USA,85,175
USA,85,176
USA,85,177
USA,85,178
USA,85,179
USA,85,180
USA,85,181
USA,85,182
USA,85,183
USA,85,184
USA,85,185
USA,85,186
USA,85,187
USA,85,188
USA,86,112
USA,86,113
USA,86,114
USA,86,115
USA,86,116
USA,86,117
USA,86,118
USA,86,119
USA,86,120
USA,86,121
USA,86,122
USA,86,123
USA,86,124
USA,86,125
USA,86,126
USA,86,127
USA,86,128
USA,86,129
USA,86,130
USA,86,131
USA,86,132
USA,86,133
USA,86,134
USA,86,135
USA,86,136
USA,86,137
USA,86,138
USA,86,139
USA,86,140
USA,86,141
USA,86,142
USA,86,143
USA,86,144
USA,86,145
USA,86,146
USA,86,147
USA,86,148
USA,86,149
USA,86,150
USA,86,151
USA,86,152
USA,86,153
USA,86,154
USA,86,155
USA,86,156
USA,86,157
USA,86,158
USA,86,159
USA,86,160
USA,86,161
USA,86,162
USA,86,163
USA,86,164
USA,86,165
USA,86,166
USA,86,167
USA,86,168
USA,86,169
USA,86,170
USA,86,171
USA,86,172
USA,86,173
USA,86,174
USA,86,175
USA,86,176
USA,86,177
USA,86,178
USA,86,179
USA,86,180
USA,86,181
USA,86,182
USA,86,183
USA,86,184
USA,86,185
USA,86,186
USA,86,187
USA,86,188
USA,86,189
USA,86,190
USA,86,221
USA,86,222
USA,86,223
USA,86,224
USA,86,225
USA,87,112
USA,87,113
USA,87,114
USA,87,115
USA,87,116
USA,87,117
USA,87,118
USA,87,119
USA,87,120
USA,87,121
USA,87,122
USA,87,123
USA,87,124
USA,87,125
USA,87,126
USA,87,127
USA,87,128
USA,87,129
USA,87,130
USA,87,131
USA,87,132
USA,87,133
USA,87,134
USA,87,135
USA,87,136
USA,87,137
USA,87,138
USA,87,139
USA,87,140
USA,87,141
USA,87,142
USA,87,143
USA,87,144
USA,87,145
USA,87,146
USA,87,147
USA,87,148
USA,87,149
USA,87,150
USA,87,151
USA,87,152
USA,87,153
USA,87,154
USA,87,155
USA,87,156
USA,87,157
USA,87,158
USA,87,159
USA,87,160
USA,87,161
USA,87,162
USA,87,163
USA,87,164
USA,87,165
USA,87,166
USA,87,167
USA,87,168
USA,87,169
USA,87,170
USA,87,171
USA,87,172
USA,87,173
USA,87,174
USA,87,175
USA,87,176
USA,87,177
USA,87,178
USA,87,179
USA,87,180
USA,87,181
USA,87,182
USA,87,183
USA,87,184
USA,87,185
USA,87,186
USA,87,187
USA,87,188
USA,87,189
USA,87,190
USA,87,191
USA,87,192
USA,87,220
USA,87,221
USA,87,222
USA,87,223
USA,87,224
USA,87,225
USA,88,112
USA,88,113
USA,88,114
USA,88,115
USA,88,116
USA,88,117
USA,88,118
USA,88,119
USA,88,120
USA,88,121
USA,88,122
USA,88,123
USA,88,124
USA,88,125
USA,88,126
USA,88,127
USA,88,128
USA,88,129
USA,88,130
USA,88,131
USA,88,132
USA,88,133
USA,88,134
USA,88,135
USA,88,136
USA,88,137
USA,88,138
USA,88,139
USA,88,140
USA,88,141
USA,88,142
USA,88,143
USA,88,144
USA,88,145
USA,88,146
USA,88,147
USA,88,148
USA,88,149
USA,88,150
USA,88,151
USA,88,152
USA,88,153
USA,88,154
USA,88,155
USA,88,156
USA,88,157
USA,88,158
USA,88,159
USA,88,160
USA,88,161
USA,88,162
USA,88,163
USA,88,164
USA,88,165
USA,88,166
USA,88,167
USA,88,168
USA,88,169
USA,88,170
USA,88,171
USA,88,172
USA,88,173
USA,88,174
USA,88,175
USA,88,176
USA,88,177
USA,88,178
USA,88,179
USA,88,180
USA,88,181
USA,88,182
USA,88,183
USA,88,184
USA,88,185
USA,88,186
USA,88,187
USA,88,188
USA,88,189
USA,88,190
USA,88,191
USA,88,192
USA,88,193
USA,88,194
USA,88,220
USA,88,221
USA,88,222
USA,88,223
USA,88,224
USA,88,225
USA,89,113
USA,89,114
USA,89,115
USA,89,116
USA,89,117
USA,89,118
USA,89,119
USA,89,120
USA,89,121
USA,89,122
USA,89,123
USA,89,124
USA,89,125
USA,89,126
USA,89,127
USA,89,128
USA,89,129
USA,89,130
USA,89,131
USA,89,132
USA,89,133
USA,89,134
USA,89,135
USA,89,136
USA,89,137
USA,89,138
USA,89,139
USA,89,140
USA,89,141
USA,89,142
USA,89,143
USA,89,144
USA,89,145
USA,89,146
USA,89,147
USA,89,148
USA,89,149
USA,89,150
USA,89,151
USA,89,152
USA,89,153
USA,89,154
USA,89,155
USA,89,156
USA,89,157
USA,89,158
USA,89,159
USA,89,160
USA,89,161
USA,89,162
USA,89,163
USA,89,164
USA,89,165
USA,89,166
USA,89,167
USA,89,168
USA,89,169
USA,89,170
USA,89,171
USA,89,172
USA,89,173
USA,89,174
USA,89,175
USA,89,176
USA,89,177
USA,89,178
USA,89,179
USA,89,180
USA,89,181
USA,89,182
USA,89,183
USA,89,184
USA,89,185
USA,89,186
USA,89,187
USA,89,188
USA,89,189
USA,89,190
USA,89,191
USA,89,192
USA,89,193
USA,89,194
USA,89,195
USA,89,219
USA,89,220
USA,89,221
USA,89,222
USA,89,223
USA,89,224
USA,89,225
USA,89,226
USA,90,113
USA,90,114
USA,90,115
USA,90,116
USA,90,117
USA,90,118
USA,90,119
USA,90,120
USA,90,121
USA,90,122
USA,90,123
USA,90,124
USA,90,125
USA,90,126
USA,90,127
USA,90,128
USA,90,129
USA,90,130
USA,90,131
USA,90,132
USA,90,133
USA,90,134
USA,90,135
USA,90,136
USA,90,137
USA,90,138
USA,90,139
USA,90,140
USA,90,141
USA,90,142
USA,90,143
USA,90,144
USA,90,145
USA,90,146
USA,90,147
USA,90,148
USA,90,149
USA,90,150
USA,90,151
USA,90,152
USA,90,153
USA,90,154
USA,90,155
USA,90,156
USA,90,157
USA,90,158
USA,90,159
USA,90,160
USA,90,161
USA,90,162
USA,90,163
USA,90,164
USA,90,165
USA,90,166
USA,90,167
USA,90,168
USA,90,169
USA,90,170
USA,90,171
USA,90,172
USA,90,173
USA,90,174
USA,90,175
USA,90,176
USA,90,177
USA,90,178
USA,90,179
USA,90,180
USA,90,181
USA,90,182
USA,90,183
USA,90,184
USA,90,185
USA,90,186
USA,90,187
USA,90,188
USA,90,189
USA,90,190
USA,90,191
USA,90,192
USA,90,193
USA,90,194
USA,90,195
USA,90,196
USA,90,211
USA,90,212
USA,90,213
USA,90,214
USA,90,215
USA,90,216
USA,90,217
USA,90,218
USA,90,219
USA,90,220
USA,90,221
USA,90,222
USA,90,223
USA,90,224
USA,90,225
USA,90,226
USA,91,112
USA,91,113
USA,91,114
USA,91,115
USA,91,116
USA,91,117
USA,91,118
USA,91,119
USA,91,120
USA,91,121
USA,91,122
USA,91,123
USA,91,124
USA,91,125
USA,91,126
USA,91,127
USA,91,128
USA,91,129
USA,91,130
USA,91,131
USA,91,132
USA,91,133
USA,91,134
USA,91,135
USA,91,136
USA,91,137
USA,91,138
USA,91,139
USA,91,140
USA,91,141
USA,91,142
USA,91,143
USA,91,144
USA,91,145
USA,91,146
USA,91,147
USA,91,148
USA,91,149
USA,91,150
USA,91,151
USA,91,152
USA,91,153
USA,91,154
USA,91,155
USA,91,156
USA,91,157
USA,91,158
USA,91,159
USA,91,160
USA,91,161
USA,91,162
USA,91,163
USA,91,164
USA,91,165
USA,91,166
USA,91,167
USA,91,168
USA,91,169
USA,91,170
USA,91,171
USA,91,172
USA,91,173
USA,91,174
USA,91,175
USA,91,176
USA,91,177
USA,91,178
USA,91,179
USA,91,180
USA,91,181
USA,91,182
USA,91,183
USA,91,184
USA,91,185
USA,91,186
USA,91,187
USA,91,188
USA,91,189
USA,91,190
USA,91,191
USA,91,192
USA,91,193
USA,91,194
USA,91,195
USA,91,196
USA,91,209
USA,91,210
USA,91,211
USA,91,212
USA,91,213
USA,91,214
USA,91,215
USA,91,216
USA,91,217
USA,91,218
USA,91,219
USA,91,220
USA,91,221
USA,91,222
USA,91,223
USA,91,224
USA,91,225
USA,91,226
USA,91,227
USA,92,112
USA,92,113
USA,92,114
USA,92,115
USA,92,116
USA,92,117
USA,92,118
USA,92,119
USA,92,120
USA,92,121
USA,92,122
USA,92,123
USA,92,124
USA,92,125
USA,92,126
USA,92,127
USA,92,128
USA,92,129
USA,92,130
USA,92,131
USA,92,132
USA,92,133
USA,92,134
USA,92,135
USA,92,136
USA,92,137
USA,92,138
USA,92,139
USA,92,140
USA,92,141
USA,92,142
USA,92,143
USA,92,144
USA,92,145
USA,92,146
USA,92,147
USA,92,148
USA,92,149
USA,92,150
USA,92,151
USA,92,152
USA,92,153
USA,92,154
USA,92,155
USA,92,156
USA,92,157
USA,92,158
USA,92,159
USA,92,160
USA,92,161
USA,92,162
USA,92,163
USA,92,164
USA,92,165
USA,92,166
USA,92,167
USA,92,168
USA,92,169
USA,92,170
USA,92,171
USA,92,172
USA,92,173
USA,92,174
USA,92,175
USA,92,176
USA,92,177
USA,92,178
USA,92,179
USA,92,180
USA,92,181
USA,92,182
USA,92,183
USA,92,184
USA,92,185
USA,92,186
USA,92,187
USA,92,188
USA,92,189
USA,92,190
USA,92,191
USA,92,192
USA,92,193
USA,92,194
USA,92,195
USA,92,196
USA,92,208
USA,92,209
USA,92,210
USA,92,211
USA,92,212
USA,92,213
USA,92,214
USA,92,215
USA,92,216
USA,92,217
USA,92,218
USA,92,219
USA,92,220
USA,92,221
USA,92,222
USA,92,223
USA,92,224
USA,92,225
USA,93,112
USA,93,113
USA,93,114
USA,93,115
USA,93,116
USA,93,117
USA,93,118
USA,93,119
USA,93,120
USA,93,121
USA,93,122
USA,93,123
USA,93,124
USA,93,125
USA,93,126
USA,93,127
USA,93,128
USA,93,129
USA,93,130
USA,93,131
USA,93,132
USA,93,133
USA,93,134
USA,93,135
USA,93,136
USA,93,137
USA,93,138
USA,93,139
USA,93,140
USA,93,141
USA,93,142
USA,93,143
USA,93,144
USA,93,145
USA,93,146
USA,93,147
USA,93,148
USA,93,149
USA,93,150
USA,93,151
USA,93,152
USA,93,153
USA,93,154
USA,93,155
USA,93,156
USA,93,157
USA,93,158
USA,93,159
USA,93,160
USA,93,161
USA,93,162
USA,93,163
USA,93,164
USA,93,165
USA,93,166
USA,93,167
USA,93,168
USA,93,169
USA,93,170
USA,93,171
USA,93,172
USA,93,173
USA,93,174
USA,93,175
USA,93,176
USA,93,177
USA,93,178
USA,93,179
USA,93,180
USA,93,181
USA,93,182
USA,93,183
USA,93,184
USA,93,185
USA,93,186
USA,93,187
USA,93,188
USA,93,189
USA,93,190
USA,93,191
USA,93,192
USA,93,193
USA,93,194
USA,93,195
USA,93,196
USA,93,202
USA,93,203
USA,93,204
USA,93,205
USA,93,206
USA,93,207
USA,93,208
USA,93,209
USA,93,210
USA,93,211
USA,93,212
USA,93,213
USA,93,214
USA,93,215
USA,93,216
USA,93,217
USA,93,218
USA,93,219
USA,93,220
USA,93,221
USA,93,222
USA,94,112
USA,94,113
USA,94,114
USA,94,115
USA,94,116
USA,94,117
USA,94,118
USA,94,119
USA,94,120
USA,94,121
USA,94,122
USA,94,123
USA,94,124
USA,94,125
USA,94,126
USA,94,127
USA,94,128
USA,94,129
USA,94,130
USA,94,131
USA,94,132
USA,94,133
USA,94,134
USA,94,135
USA,94,136
USA,94,137
USA,94,138
USA,94,139
USA,94,140
USA,94,141
USA,94,142
USA,94,143
USA,94,144
USA,94,145
USA,94,146
USA,94,147
USA,94,148
USA,94,149
USA,94,150
USA,94,151
USA,94,152
USA,94,153
USA,94,154
USA,94,155
USA,94,156
USA,94,157
USA,94,158
USA,94,159
USA,94,160
USA,94,161
USA,94,162
USA,94,163
USA,94,164
USA,94,165
USA,94,166
USA,94,167
USA,94,168
USA,94,169
USA,94,170
USA,94,171
USA,94,172
USA,94,173
USA,94,174
USA,94,175
USA,94,176
USA,94,177
USA,94,178
USA,94,179
USA,94,180
USA,94,181
USA,94,182
USA,94,183
USA,94,184
USA,94,185
USA,94,186
USA,94,187
USA,94,188
USA,94,189
USA,94,190
USA,94,191
USA,94,192
USA,94,193
USA,94,194
USA,94,195
USA,94,196
USA,94,202
USA,94,203
USA,94,204
USA,94,205
USA,94,206
USA,94,207
USA,94,208
USA,94,209
USA,94,210
USA,94,211
USA,94,212
USA,94,213
USA,94,214
USA,94,215
USA,94,216
USA,94,217
USA,94,218
USA,94,219
USA,94,220
USA,95,112
USA,95,113
USA,95,114
USA,95,115
USA,95,116
USA,95,117
USA,95,118
USA,95,119
USA,95,120
USA,95,121
USA,95,122
USA,95,123
USA,95,124
USA,95,125
USA,95,126
USA,95,127
USA,95,128
USA,95,129
USA,95,130
USA,95,131
USA,95,132
USA,95,133
USA,95,134
USA,95,135
USA,95,136
USA,95,137
USA,95,138
USA,95,139
USA,95,140
USA,95,141
USA,95,142
USA,95,143
USA,95,144
USA,95,145
USA,95,146
USA,95,147
USA,95,148
USA,95,149
USA,95,150
USA,95,151
USA,95,152
USA,95,153
USA,95,154
USA,95,155
USA,95,156
USA,95,157
USA,95,158
USA,95,159
USA,95,160
USA,95,161
USA,95,162
USA,95,163
USA,95,164
USA,95,165
USA,95,166
USA,95,167
USA,95,168
USA,95,169
USA,95,170
USA,95,171
USA,95,172
USA,95,173
USA,95,174
USA,95,175
USA,95,176
USA,95,177
USA,95,178
USA,95,179
USA,95,180
USA,95,181
USA,95,182
USA,95,183
USA,95,184
USA,95,185
USA,95,186
USA,95,187
USA,95,188
USA,95,189
USA,95,190
USA,95,191
USA,95,192
USA,95,193
USA,95,194
USA,95,195
USA,95,196
USA,95,201
USA,95,202
USA,95,203
USA,95,204
USA,95,205
USA,95,206
USA,95,207
USA,95,208
USA,95,209
USA,95,210
USA,95,211
USA,95,212
USA,95,213
USA,95,214
USA,95,215
USA,95,216
USA,95,217
USA,95,218
USA,95,219
USA,96,112
USA,96,113
USA,96,114
USA,96,115
USA,96,116
USA,96,117
USA,96,118
USA,96,119
USA,96,120
USA,96,121
USA,96,122
USA,96,123
USA,96,124
USA,96,125
USA,96,126
USA,96,127
USA,96,128
USA,96,129
USA,96,130
USA,96,131
USA,96,132
USA,96,133
USA,96,134
USA,96,135
USA,96,136
USA,96,137
USA,96,138
USA,96,139
USA,96,140
USA,96,141
USA,96,142
USA,96,143
USA,96,144
USA,96,145
USA,96,146
USA,96,147
USA,96,148
USA,96,149
USA,96,150
USA,96,151
USA,96,152
USA,96,153
USA,96,154
USA,96,155
USA,96,156
USA,96,157
USA,96,158
USA,96,159
USA,96,160
USA,96,161
USA,96,162
USA,96,163
USA,96,164
USA,96,165
USA,96,166
USA,96,167
USA,96,168
USA,96,169
USA,96,170
USA,96,171
USA,96,172
USA,96,173
USA,96,174
USA,96,175
USA,96,176
USA,96,177
USA,96,178
USA,96,179
USA,96,180
USA,96,181
USA,96,182
USA,96,183
USA,96,184
USA,96,185
USA,96,186
USA,96,187
USA,96,188
USA,96,189
USA,96,190
USA,96,191
USA,96,192
USA,96,193
USA,96,194
USA,96,195
USA,96,197
USA,96,198
USA,96,199
USA,96,200
USA,96,201
USA,96,202
USA,96,203
USA,96,204
USA,96,205
USA,96,206
USA,96,207
USA,96,208
USA,96,209
USA,96,210
USA,96,211
USA,96,212
USA,96,213
USA,96,214
USA,96,215
USA,96,216
USA,96,217
USA,96,218
USA,96,219
USA,96,220
USA,97,112
USA,97,113
USA,97,114
USA,97,115
USA,97,116
USA,97,117
USA,97,118
USA,97,119
USA,97,120
USA,97,121
USA,97,122
USA,97,123
USA,97,124
USA,97,125
USA,97,126
USA,97,127
USA,97,128
USA,97,129
USA,97,130
USA,97,131
USA,97,132
USA,97,133
USA,97,134
USA,97,135
USA,97,136
USA,97,137
USA,97,138
USA,97,139
USA,97,140
USA,97,141
USA,97,142
USA,97,143
USA,97,144
USA,97,145
USA,97,146
USA,97,147
USA,97,148
USA,97,149
USA,97,150
USA,97,151
USA,97,152
USA,97,153
USA,97,154
USA,97,155
USA,97,156
USA,97,157
USA,97,158
USA,97,159
USA,97,160
USA,97,161
USA,97,162
USA,97,163
USA,97,164
USA,97,165
USA,97,166
USA,97,167
USA,97,168
USA,97,169
USA,97,170
USA,97,171
USA,97,172
USA,97,173
USA,97,174
USA,97,175
USA,97,176
USA,97,177
USA,97,178
USA,97,179
USA,97,180
USA,97,181
USA,97,182
USA,97,183
USA,97,184
USA,97,185
USA,97,186
USA,97,187
USA,97,188
USA,97,189
USA,97,190
USA,97,191
USA,97,192
USA,97,193
USA,97,194
USA,97,195
USA,97,196
USA,97,197
USA,97,198
USA,97,199
USA,97,200
USA,97,201
USA,97,202
USA,97,203
USA,97,204
USA,97,205
USA,97,206
USA,97,207
USA,97,208
USA,97,209
USA,97,210
USA,97,211
USA,97,212
USA,97,213
USA,97,214
USA,97,215
USA,97,216
USA,97,217
USA,97,218
USA,97,219
USA,97,220
USA,97,221
USA,98,112
USA,98,113
USA,98,114
USA,98,115
USA,98,116
USA,98,117
USA,98,118
USA,98,119
USA,98,120
USA,98,121
USA,98,122
USA,98,123
USA,98,124
USA,98,125
USA,98,126
USA,98,127
USA,98,128
USA,98,129
USA,98,130
USA,98,131
USA,98,132
USA,98,133
USA,98,134
USA,98,135
USA,98,136
USA,98,137
USA,98,138
USA,98,139
USA,98,140
USA,98,141
USA,98,142
USA,98,143
USA,98,144
USA,98,145
USA,98,146
USA,98,147
USA,98,148
USA,98,149
USA,98,150
USA,98,151
USA,98,152
USA,98,153
USA,98,154
USA,98,155
USA,98,156
USA,98,157
USA,98,158
USA,98,159
USA,98,160
USA,98,161
USA,98,162
USA,98,163
USA,98,164
USA,98,165
USA,98,166
USA,98,167
USA,98,168
USA,98,169
USA,98,170
USA,98,171
USA,98,172
USA,98,173
USA,98,174
USA,98,175
USA,98,176
USA,98,177
USA,98,178
USA,98,179
USA,98,180
USA,98,181
USA,98,182
USA,98,183
USA,98,184
USA,98,185
USA,98,186
USA,98,187
USA,98,188
USA,98,189
USA,98,190
USA,98,191
USA,98,192
USA,98,193
USA,98,194
USA,98,195
USA,98,196
USA,98,197
USA,98,198
USA,98,199
USA,98,200
USA,98,201
USA,98,202
USA,98,203
USA,98,204
USA,98,205
USA,98,206
USA,98,207
USA,98,208
USA,98,209
USA,98,210
USA,98,211
USA,98,212
USA,98,213
USA,98,214
USA,98,215
USA,98,216
USA,98,217
USA,98,218
USA,98,219
USA,98,220
USA,98,221
USA,99,112
USA,99,113
USA,99,114
USA,99,115
USA,99,116
USA,99,117
USA,99,118
USA,99,119
USA,99,120
USA,99,121
USA,99,122
USA,99,123
USA,99,124
USA,99,125
USA,99,126
USA,99,127
USA,99,128
USA,99,129
USA,99,130
USA,99,131
USA,99,132
USA,99,133
USA,99,134
USA,99,135
USA,99,136
USA,99,137
USA,99,138
USA,99,139
USA,99,140
USA,99,141
USA,99,142
USA,99,143
USA,99,144
USA,99,145
USA,99,146
USA,99,147
USA,99,148
USA,99,149
USA,99,150
USA,99,151
USA,99,152
USA,99,153
USA,99,154
USA,99,155
USA,99,156
USA,99,157
USA,99,158
USA,99,159
USA,99,160
USA,99,161
USA,99,162
USA,99,163
USA,99,164
USA,99,165
USA,99,166
USA,99,167
USA,99,168
USA,99,169
USA,99,170
USA,99,171
USA,99,172
USA,99,173
USA,99,174
USA,99,175
USA,99,176
USA,99,177
USA,99,178
USA,99,179
USA,99,180
USA,99,181
USA,99,182
USA,99,183
USA,99,184
USA,99,185
USA,99,186
USA,99,187
USA,99,188
USA,99,189
USA,99,190
USA,99,191
USA,99,192
USA,99,193
USA,99,194
USA,99,195
USA,99,196
USA,99,197
USA,99,198
USA,99,199
USA,99,200
USA,99,201
USA,99,202
USA,99,203
USA,99,204
USA,99,205
USA,99,206
USA,99,207
USA,99,208
USA,99,209
USA,99,210
USA,99,211
USA,99,212
USA,99,213
USA,99,214
USA,99,215
USA,99,216
USA,100,112
USA,100,113
USA,100,114
USA,100,115
USA,100,116
USA,100,117
USA,100,118
USA,100,119
USA,100,120
USA,100,121
USA,100,122
USA,100,123
USA,100,124
USA,100,125
USA,100,126
USA,100,127
USA,100,128
USA,100,129
USA,100,130
USA,100,131
USA,100,132
USA,100,133
USA,100,134
USA,100,135
USA,100,136
USA,100,137
USA,100,138
USA,100,139
USA,100,140
USA,100,141
USA,100,142
USA,100,143
USA,100,144
USA,100,145
USA,100,146
USA,100,147
USA,100,148
USA,100,149
USA,100,150
USA,100,151
USA,100,152
USA,100,153
USA,100,154
USA,100,155
USA,100,156
USA,100,157
USA,100,158
USA,100,159
USA,100,160
USA,100,161
USA,100,162
USA,100,163
USA,100,164
USA,100,165
USA,100,166
USA,100,167
USA,100,168
USA,100,169
USA,100,170
USA,100,171
USA,100,172
USA,100,173
USA,100,174
USA,100,175
USA,100,176
USA,100,177
USA,100,178
USA,100,179
USA,100,180
USA,100,181
USA,100,182
USA,100,183
USA,100,184
USA,100,185
USA,100,186
USA,100,187
USA,100,188
USA,100,189
USA,100,190
USA,100,191
USA,100,192
USA,100,193
USA,100,194
USA,100,195
USA,100,196
USA,100,197
USA,100,198
USA,100,199
USA,100,200
USA,100,201
USA,100,202
USA,100,203
USA,100,204
USA,100,205
USA,100,206
USA,100,207
USA,100,208
USA,100,209
USA,100,210
USA,100,211
USA,100,212
USA,100,213
USA,101,113
USA,101,114
USA,101,115
USA,101,116
USA,101,117
USA,101,118
USA,101,119
USA,101,120
USA,101,121
USA,101,122
USA,101,123
USA,101,124
USA,101,125
USA,101,126
USA,101,127
USA,101,128
USA,101,129
USA,101,130
USA,101,131
USA,101,132
USA,101,133
USA,101,134
USA,101,135
USA,101,136
USA,101,137
USA,101,138
USA,101,139
USA,101,140
USA,101,141
USA,101,142
USA,101,143
USA,101,144
USA,101,145
USA,101,146
USA,101,147
USA,101,148
USA,101,149
USA,101,150
USA,101,151
USA,101,152
USA,101,153
USA,101,154
USA,101,155
USA,101,156
USA,101,157
USA,101,158
USA,101,159
USA,101,160
USA,101,161
USA,101,162
USA,101,163
USA,101,164
USA,101,165
USA,101,166
USA,101,167
USA,101,168
USA,101,169
USA,101,170
USA,101,171
USA,101,172
USA,101,173
USA,101,174
USA,101,175
USA,101,176
USA,101,177
USA,101,178
USA,101,179
USA,101,180
USA,101,181
USA,101,182
USA,101,183
USA,101,184
USA,101,185
USA,101,186
USA,101,187
USA,101,188
USA,101,189
USA,101,190
USA,101,191
USA,101,192
USA,101,193
USA,101,194
USA,101,195
USA,101,196
USA,101,197
USA,101,198
USA,101,199
USA,101,200
USA,101,201
USA,101,202
USA,101,203
USA,101,204
USA,101,205
USA,101,206
USA,101,207
USA,101,208
USA,101,209
USA,101,210
USA,101,211
USA,101,212
USA,102,113
USA,102,114
USA,102,115
USA,102,116
USA,102,117
USA,102,118
USA,102,119
USA,102,120
USA,102,121
USA,102,122
USA,102,123
USA,102,124
USA,102,125
USA,102,126
USA,102,127
USA,102,128
USA,102,129
USA,102,130
USA,102,131
USA,102,132
USA,102,133
USA,102,134
USA,102,135
USA,102,136
USA,102,137
USA,102,138
USA,102,139
USA,102,140
USA,102,141
USA,102,142
USA,102,143
USA,102,144
USA,102,145
USA,102,146
USA,102,147
USA,102,148
USA,102,149
USA,102,150
USA,102,151
USA,102,152
USA,102,153
USA,102,154
USA,102,155
USA,102,156
USA,102,157
USA,102,158
USA,102,159
USA,102,160
USA,102,161
USA,102,162
USA,102,163
USA,102,164
USA,102,165
USA,102,166
USA,102,167
USA,102,168
USA,102,169
USA,102,170
USA,102,171
USA,102,172
USA,102,173
USA,102,174
USA,102,175
USA,102,176
USA,102,177
USA,102,178
USA,102,179
USA,102,180
USA,102,181
USA,102,182
USA,102,183
USA,102,184
USA,102,185
USA,102,186
USA,102,187
USA,102,188
USA,102,189
USA,102,190
USA,102,191
USA,102,192
USA,102,193
USA,102,194
USA,102,195
USA,102,196
USA,102,197
USA,102,198
USA,102,199
USA,102,200
USA,102,201
USA,102,202
USA,102,203
USA,102,204
USA,102,205
USA,102,206
USA,102,207
USA,102,208
USA,102,209
USA,102,210
USA,102,211
USA,102,212
USA,103,113
USA,103,114
USA,103,115
USA,103,116
USA,103,117
USA,103,118
USA,103,119
USA,103,120
USA,103,121
USA,103,122
USA,103,123
USA,103,124
USA,103,125
USA,103,126
USA,103,127
USA,103,128
USA,103,129
USA,103,130
USA,103,131
USA,103,132
USA,103,133
USA,103,134
USA,103,135
USA,103,136
USA,103,137
USA,103,138
USA,103,139
USA,103,140
USA,103,141
USA,103,142
USA,103,143
USA,103,144
USA,103,145
USA,103,146
USA,103,147
USA,103,148
USA,103,149
USA,103,150
USA,103,151
USA,103,152
USA,103,153
USA,103,154
USA,103,155
USA,103,156
USA,103,157
USA,103,158
USA,103,159
USA,103,160
USA,103,161
USA,103,162
USA,103,163
USA,103,164
USA,103,165
USA,103,166
USA,103,167
USA,103,168
USA,103,169
USA,103,170
USA,103,171
USA,103,172
USA,103,173
USA,103,174
USA,103,175
USA,103,176
USA,103,177
USA,103,178
USA,103,179
USA,103,180
USA,103,181
USA,103,182
USA,103,183
USA,103,184
USA,103,185
USA,103,186
USA,103,187
USA,103,188
USA,103,189
USA,103,190
USA,103,191
USA,103,192
USA,103,193
USA,103,194
USA,103,195
USA,103,196
USA,103,197
USA,103,198
USA,103,199
USA,103,200
USA,103,201
USA,103,202
USA,103,203
USA,103,204
USA,103,205
USA,103,206
USA,103,207
USA,103,208
USA,103,209
USA,103,210
USA,103,211
USA,104,114
USA,104,115
USA,104,116
USA,104,117
USA,104,118
USA,104,119
USA,104,120
USA,104,121
USA,104,122
USA,104,123
USA,104,124
USA,104,125
USA,104,126
USA,104,127
USA,104,128
USA,104,129
USA,104,130
USA,104,131
USA,104,132
USA,104,133
USA,104,134
USA,104,135
USA,104,136
USA,104,137
USA,104,138
USA,104,139
USA,104,140
USA,104,141
USA,104,142
USA,104,143
USA,104,144
USA,104,145
USA,104,146
USA,104,147
USA,104,148
USA,104,149
USA,104,150
USA,104,151
USA,104,152
USA,104,153
USA,104,154
USA,104,155
USA,104,156
USA,104,157
USA,104,158
USA,104,159
USA,104,160
USA,104,161
USA,104,162
USA,104,163
USA,104,164
USA,104,165
USA,104,166
USA,104,167
USA,104,168
USA,104,169
USA,104,170
USA,104,171
USA,104,172
USA,104,173
USA,104,174
USA,104,175
USA,104,176
USA,104,177
USA,104,178
USA,104,179
USA,104,180
USA,104,181
USA,104,182
USA,104,183
USA,104,184
USA,104,185
USA,104,186
USA,104,187
USA,104,188
USA,104,189
USA,104,190
USA,104,191
USA,104,192
USA,104,193
USA,104,194
USA,104,195
USA,104,196
USA,104,197
USA,104,198
USA,104,199
USA,104,200
USA,104,201
USA,104,202
USA,104,203
USA,104,204
USA,104,205
USA,104,206
USA,104,207
USA,104,208
USA,104,209
USA,104,210
USA,105,115
USA,105,116
USA,105,117
USA,105,118
USA,105,119
USA,105,120
USA,105,121
USA,105,122
USA,105,123
USA,105,124
USA,105,125
USA,105,126
USA,105,127
USA,105,128
USA,105,129
USA,105,130
USA,105,131
USA,105,132
USA,105,133
USA,105,134
USA,105,135
USA,105,136
USA,105,137
USA,105,138
USA,105,139
USA,105,140
USA,105,141
USA,105,142
USA,105,143
USA,105,144
USA,105,145
USA,105,146
USA,105,147
USA,105,148
USA,105,149
USA,105,150
USA,105,151
USA,105,152
USA,105,153
USA,105,154
USA,105,155
USA,105,156
USA,105,157
USA,105,158
USA,105,159
USA,105,160
USA,105,161
USA,105,162
USA,105,163
USA,105,164
USA,105,165
USA,105,166
USA,105,167
USA,105,168
USA,105,169
USA,105,170
USA,105,171
USA,105,172
USA,105,173
USA,105,174
USA,105,175
USA,105,176
USA,105,177
USA,105,178
USA,105,179
USA,105,180
USA,105,181
USA,105,182
USA,105,183
USA,105,184
USA,105,185
USA,105,186
USA,105,187
USA,105,188
USA,105,189
USA,105,190
USA,105,191
USA,105,192
USA,105,193
USA,105,194
USA,105,195
USA,105,196
USA,105,197
USA,105,198
USA,105,199
USA,105,200
USA,105,201
USA,105,202
USA,105,203
USA,105,204
USA,105,205
USA,105,206
USA,105,207
USA,105,208
USA,105,209
USA,105,210
USA,106,116
USA,106,117
USA,106,118
USA,106,119
USA,106,120
USA,106,121
USA,106,122
USA,106,123
USA,106,124
USA,106,125
USA,106,126
USA,106,127
USA,106,128
USA,106,129
USA,106,130
USA,106,131
USA,106,132
USA,106,133
USA,106,134
USA,106,135
USA,106,136
USA,106,137
USA,106,138
USA,106,139
USA,106,140
USA,106,141
USA,106,142
USA,106,143
USA,106,144
USA,106,145
USA,106,146
USA,106,147
USA,106,148
USA,106,149
USA,106,150
USA,106,151
USA,106,152
USA,106,153
USA,106,154
USA,106,155
USA,106,156
USA,106,157
USA,106,158
USA,106,159
USA,106,160
USA,106,161
USA,106,162
USA,106,163
USA,106,164
USA,106,165
USA,106,166
USA,106,167
USA,106,168
USA,106,169
USA,106,170
USA,106,171
USA,106,172
USA,106,173
USA,106,174
USA,106,175
USA,106,176
USA,106,177
USA,106,178
USA,106,179
USA,106,180
USA,106,181
USA,106,182
USA,106,183
USA,106,184
USA,106,185
USA,106,186
USA,106,187
USA,106,188
USA,106,189
USA,106,190
USA,106,191
USA,106,192
USA,106,193
USA,106,194
USA,106,195
USA,106,196
USA,106,197
USA,106,198
USA,106,199
USA,106,200
USA,106,201
USA,106,202
USA,106,203
USA,106,204
USA,106,205
USA,106,206
USA,106,207
USA,106,208
USA,106,209
USA,107,116
USA,107,117
USA,107,118
USA,107,119
USA,107,120
USA,107,121
USA,107,122
USA,107,123
USA,107,124
USA,107,125
USA,107,126
USA,107,127
USA,107,128
USA,107,129
USA,107,130
USA,107,131
USA,107,132
USA,107,133
USA,107,134
USA,107,135
USA,107,136
USA,107,137
USA,107,138
USA,107,139
USA,107,140
USA,107,141
USA,107,142
USA,107,143
USA,107,144
USA,107,145
USA,107,146
USA,107,147
USA,107,148
USA,107,149
USA,107,150
USA,107,151
USA,107,152
USA,107,153
USA,107,154
USA,107,155
USA,107,156
USA,107,157
USA,107,158
USA,107,159
USA,107,160
USA,107,161
USA,107,162
USA,107,163
USA,107,164
USA,107,165
USA,107,166
USA,107,167
USA,107,168
USA,107,169
USA,107,170
USA,107,171
USA,107,172
USA,107,173
USA,107,174
USA,107,175
USA,107,176
USA,107,177
USA,107,178
USA,107,179
USA,107,180
USA,107,181
USA,107,182
USA,107,183
USA,107,184
USA,107,185
USA,107,186
USA,107,187
USA,107,188
USA,107,189
USA,107,190
USA,107,191
USA,107,192
USA,107,193
USA,107,194
USA,107,195
USA,107,196
USA,107,197
USA,107,198
USA,107,199
USA,107,200
USA,107,201
USA,107,202
USA,107,203
USA,107,204
USA,107,205
USA,107,206
USA,107,207
USA,107,208
USA,107,209
USA,108,117
USA,108,118
USA,108,119
USA,108,120
USA,108,121
USA,108,122
USA,108,123
USA,108,124
USA,108,125
USA,108,126
USA,108,127
USA,108,128
USA,108,129
USA,108,130
USA,108,131
USA,108,132
USA,108,133
USA,108,134
USA,108,135
USA,108,136
USA,108,137
USA,108,138
USA,108,139
USA,108,140
USA,108,141
USA,108,142
USA,108,143
USA,108,144
USA,108,145
USA,108,146
USA,108,147
USA,108,148
USA,108,149
USA,108,150
USA,108,151
USA,108,152
USA,108,153
USA,108,154
USA,108,155
USA,108,156
USA,108,157
USA,108,158
USA,108,159
USA,108,160
USA,108,161
USA,108,162
USA,108,163
USA,108,164
USA,108,165
USA,108,166
USA,108,167
USA,108,168
USA,108,169
USA,108,170
USA,108,171
USA,108,172
USA,108,173
USA,108,174
USA,108,175
USA,108,176
USA,108,177
USA,108,178
USA,108,179
USA,108,180
USA,108,181
USA,108,182
USA,108,183
USA,108,184
USA,108,185
USA,108,186
USA,108,187
USA,108,188
USA,108,189
USA,108,190
USA,108,191
USA,108,192
USA,108,193
USA,108,194
USA,108,195
USA,108,196
USA,108,197
USA,108,198
USA,108,199
USA,108,200
USA,108,201
USA,108,202
USA,108,203
USA,108,204
USA,108,205
USA,108,206
USA,108,207
USA,108,208
USA,108,209
USA,109,118
USA,109,119
USA,109,120
USA,109,121
USA,109,122
USA,109,123
USA,109,124
USA,109,125
USA,109,126
USA,109,127
USA,109,128
USA,109,129
USA,109,130
USA,109,131
USA,109,132
USA,109,133
USA,109,134
USA,109,135
USA,109,136
USA,109,137
USA,109,138
USA,109,139
USA,109,140
USA,109,141
USA,109,142
USA,109,143
USA,109,144
USA,109,145
USA,109,146
USA,109,147
USA,109,148
USA,109,149
USA,109,150
USA,109,151
USA,109,152
USA,109,153
USA,109,154
USA,109,155
USA,109,156
USA,109,157
USA,109,158
USA,109,159
USA,109,160
USA,109,161
USA,109,162
USA,109,163
USA,109,164
USA,109,165
USA,109,166
USA,109,167
USA,109,168
USA,109,169
USA,109,170
USA,109,171
USA,109,172
USA,109,173
USA,109,174
USA,109,175
USA,109,176
USA,109,177
USA,109,178
USA,109,179
USA,109,180
USA,109,181
USA,109,182
USA,109,183
USA,109,184
USA,109,185
USA,109,186
USA,109,187
USA,109,188
USA,109,189
USA,109,190
USA,109,191
USA,109,192
USA,109,193
USA,109,194
USA,109,195
USA,109,196
USA,109,197
USA,109,198
USA,109,199
USA,109,200
USA,109,201
USA,109,202
USA,109,203
USA,109,204
USA,109,205
USA,109,206
USA,109,207
USA,109,208
USA,109,209
USA,109,210
USA,110,119
USA,110,120
USA,110,121
USA,110,122
USA,110,123
USA,110,124
USA,110,125
USA,110,126
USA,110,127
USA,110,128
USA,110,129
USA,110,130
USA,110,131
USA,110,132
USA,110,133
USA,110,134
USA,110,135
USA,110,136
USA,110,137
USA,110,138
USA,110,139
USA,110,140
USA,110,141
USA,110,142
USA,110,143
USA,110,144
USA,110,145
USA,110,146
USA,110,147
USA,110,148
USA,110,149
USA,110,150
USA,110,151
USA,110,152
USA,110,153
USA,110,154
USA,110,155
USA,110,156
USA,110,157
USA,110,158
USA,110,159
USA,110,160
USA,110,161
USA,110,162
USA,110,163
USA,110,164
USA,110,165
USA,110,166
USA,110,167
USA,110,168
USA,110,169
USA,110,170
USA,110,171
USA,110,172
USA,110,173
USA,110,174
USA,110,175
USA,110,176
USA,110,177
USA,110,178
USA,110,179
USA,110,180
USA,110,181
USA,110,182
USA,110,183
USA,110,184
USA,110,185
USA,110,186
USA,110,187
USA,110,188
USA,110,189
USA,110,190
USA,110,191
USA,110,192
USA,110,193
USA,110,194
USA,110,195
USA,110,196
USA,110,197
USA,110,198
USA,110,199
USA,110,200
USA,110,201
USA,110,202
USA,110,203
USA,110,204
USA,110,205
USA,110,206
USA,110,207
USA,110,208
USA,110,209
USA,110,210
USA,111,119
USA,111,120
USA,111,121
USA,111,122
USA,111,123
USA,111,124
USA,111,125
USA,111,126
USA,111,127
USA,111,128
USA,111,129
USA,111,130
USA,111,131
USA,111,132
USA,111,133
USA,111,134
USA,111,135
USA,111,136
USA,111,137
USA,111,138
USA,111,139
USA,111,140
USA,111,141
USA,111,142
USA,111,143
USA,111,144
USA,111,145
USA,111,146
USA,111,147
USA,111,148
USA,111,149
USA,111,150
USA,111,151
USA,111,152
USA,111,153
USA,111,154
USA,111,155
USA,111,156
USA,111,157
USA,111,158
USA,111,159
USA,111,160
USA,111,161
USA,111,162
USA,111,163
USA,111,164
USA,111,165
USA,111,166
USA,111,167
USA,111,168
USA,111,169
USA,111,170
USA,111,171
USA,111,172
USA,111,173
USA,111,174
USA,111,175
USA,111,176
USA,111,177
USA,111,178
USA,111,179
USA,111,180
USA,111,181
USA,111,182
USA,111,183
USA,111,184
USA,111,185
USA,111,186
USA,111,187
USA,111,188
USA,111,189
USA,111,190
USA,111,191
USA,111,192
USA,111,193
USA,111,194
USA,111,195
USA,111,196
USA,111,197
USA,111,198
USA,111,199
USA,111,200
USA,111,201
USA,111,202
USA,111,203
USA,111,204
USA,111,205
USA,111,206
USA,111,207
USA,111,208
USA,112,120
USA,112,121
USA,112,122
USA,112,123
USA,112,124
USA,112,125
USA,112,126
USA,112,127
USA,112,128
USA,112,129
USA,112,130
USA,112,131
USA,112,132
USA,112,133
USA,112,134
USA,112,135
USA,112,136
USA,112,137
USA,112,138
USA,112,139
USA,112,140
USA,112,141
USA,112,142
USA,112,143
USA,112,144
USA,112,145
USA,112,146
USA,112,147
USA,112,148
USA,112,149
USA,112,150
USA,112,151
USA,112,152
USA,112,153
USA,112,154
USA,112,155
USA,112,156
USA,112,157
USA,112,158
USA,112,159
USA,112,160
USA,112,161
USA,112,162
USA,112,163
USA,112,164
USA,112,165
USA,112,166
USA,112,167
USA,112,168
USA,112,169
USA,112,170
USA,112,171
USA,112,172
USA,112,173
USA,112,174
USA,112,175
USA,112,176
USA,112,177
USA,112,178
USA,112,179
USA,112,180
USA,112,181
USA,112,182
USA,112,183
USA,112,184
USA,112,185
USA,112,186
USA,112,187
USA,112,188
USA,112,189
USA,112,190
USA,112,191
USA,112,192
USA,112,193
USA,112,194
USA,112,195
USA,112,196
USA,112,197
USA,112,198
USA,112,199
USA,112,200
USA,112,201
USA,112,202
USA,112,203
USA,112,204
USA,112,205
USA,113,120
USA,113,121
USA,113,124
USA,113,125
USA,113,126
USA,113,127
USA,113,128
USA,113,129
USA,113,130
USA,113,131
USA,113,132
USA,113,133
USA,113,134
USA,113,135
USA,113,136
USA,113,137
USA,113,138
USA,113,139
USA,113,140
USA,113,141
USA,113,142
USA,113,143
USA,113,144
USA,113,145
USA,113,146
USA,113,147
USA,113,148
USA,113,149
USA,113,150
USA,113,151
USA,113,152
USA,113,153
USA,113,154
USA,113,155
USA,113,156
USA,113,157
USA,113,158
USA,113,159
USA,113,160
USA,113,161
USA,113,162
USA,113,163
USA,113,164
USA,113,165
USA,113,166
USA,113,167
USA,113,168
USA,113,169
USA,113,170
USA,113,171
USA,113,172
USA,113,173
USA,113,174
USA,113,175
USA,113,176
USA,113,177
USA,113,178
USA,113,179
USA,113,180
USA,113,181
USA,113,182
USA,113,183
USA,113,184
USA,113,185
USA,113,186
USA,113,187
USA,113,188
USA,113,189
USA,113,190
USA,113,191
USA,113,192
USA,113,193
USA,113,194
USA,113,195
USA,113,196
USA,113,197
USA,113,198
USA,113,199
USA,113,200
USA,113,201
USA,113,202
USA,113,203
USA,113,204
USA,113,205
USA,114,121
USA,114,122
USA,114,123
USA,114,124
USA,114,125
USA,114,126
USA,114,127
USA,114,128
USA,114,129
USA,114,130
USA,114,131
USA,114,132
USA,114,133
USA,114,134
USA,114,135
USA,114,136
USA,114,137
USA,114,138
USA,114,139
USA,114,140
USA,114,141
USA,114,142
USA,114,143
USA,114,144
USA,114,145
USA,114,146
USA,114,147
USA,114,148
USA,114,149
USA,114,150
USA,114,151
USA,114,152
USA,114,153
USA,114,154
USA,114,155
USA,114,156
USA,114,157
USA,114,158
USA,114,159
USA,114,160
USA,114,161
USA,114,162
USA,114,163
USA,114,164
USA,114,165
USA,114,166
USA,114,167
USA,114,168
USA,114,169
USA,114,170
USA,114,171
USA,114,172
USA,114,173
USA,114,174
USA,114,175
USA,114,176
USA,114,177
USA,114,178
USA,114,179
USA,114,180
USA,114,181
USA,114,182
USA,114,183
USA,114,184
USA,114,185
USA,114,186
USA,114,187
USA,114,188
USA,114,189
USA,114,190
USA,114,191
USA,114,192
USA,114,193
USA,114,194
USA,114,195
USA,114,196
USA,114,197
USA,114,198
USA,114,199
USA,114,200
USA,114,201
USA,114,202
USA,115,123
USA,115,124
USA,115,126
USA,115,127
USA,115,128
USA,115,129
USA,115,130
USA,115,131
USA,115,132
USA,115,133
USA,115,134
USA,115,135
USA,115,136
USA,115,137
USA,115,138
USA,115,139
USA,115,140
USA,115,141
USA,115,142
USA,115,143
USA,115,144
USA,115,145
USA,115,146
USA,115,147
USA,115,148
USA,115,149
USA,115,150
USA,115,151
USA,115,152
USA,115,153
USA,115,154
USA,115,155
USA,115,156
USA,115,157
USA,115,158
USA,115,159
USA,115,160
USA,115,161
USA,115,162
USA,115,163
USA,115,164
USA,115,165
USA,115,166
USA,115,167
USA,115,168
USA,115,169
USA,115,170
USA,115,171
USA,115,172
USA,115,173
USA,115,174
USA,115,175
USA,115,176
USA,115,177
USA,115,178
USA,115,179
USA,115,180
USA,115,181
USA,115,182
USA,115,183
USA,115,184
USA,115,185
USA,115,186
USA,115,187
USA,115,188
USA,115,189
USA,115,190
USA,115,191
USA,115,192
USA,115,193
USA,115,194
USA,115,195
USA,115,196
USA,115,197
USA,115,198
USA,115,199
USA,115,200
USA,115,201
USA,116,131
USA,116,132
USA,116,133
USA,116,134
USA,116,135
USA,116,136
USA,116,137
USA,116,138
USA,116,139
USA,116,140
USA,116,141
USA,116,142
USA,116,143
USA,116,144
USA,116,145
USA,116,146
USA,116,147
USA,116,148
USA,116,149
USA,116,150
USA,116,151
USA,116,152
USA,116,153
USA,116,154
USA,116,155
USA,116,156
USA,116,157
USA,116,158
USA,116,159
USA,116,160
USA,116,161
USA,116,162
USA,116,163
USA,116,164
USA,116,165
USA,116,166
USA,116,167
USA,116,168
USA,116,169
USA,116,170
USA,116,171
USA,116,172
USA,116,173
USA,116,174
USA,116,175
USA,116,176
USA,116,177
USA,116,178
USA,116,179
USA,116,180
USA,116,181
USA,116,182
USA,116,183
USA,116,184
USA,116,185
USA,116,186
USA,116,187
USA,116,188
USA,116,189
USA,116,190
USA,116,191
USA,116,192
USA,116,193
USA,116,194
USA,116,195
USA,116,196
USA,116,197
USA,116,198
USA,116,199
USA,116,200
USA,117,135
USA,117,136
USA,117,137
USA,117,138
USA,117,139
USA,117,140
USA,117,141
USA,117,142
USA,117,143
USA,117,144
USA,117,145
USA,117,146
USA,117,147
USA,117,148
USA,117,149
USA,117,150
USA,117,151
USA,117,152
USA,117,153
USA,117,154
USA,117,155
USA,117,156
USA,117,157
USA,117,158
USA,117,159
USA,117,160
USA,117,161
USA,117,162
USA,117,163
USA,117,164
USA,117,165
USA,117,166
USA,117,167
USA,117,168
USA,117,169
USA,117,170
USA,117,171
USA,117,172
USA,117,173
USA,117,174
USA,117,175
USA,117,176
USA,117,177
USA,117,178
USA,117,179
USA,117,180
USA,117,181
USA,117,182
USA,117,183
USA,117,184
USA,117,185
USA,117,186
USA,117,187
USA,117,188
USA,117,189
USA,117,190
USA,117,191
USA,117,192
USA,117,193
USA,117,194
USA,117,195
USA,117,196
USA,117,197
USA,117,198
USA,117,199
USA,118,138
USA,118,139
USA,118,140
USA,118,141
USA,118,142
USA,118,143
USA,118,144
USA,118,148
USA,118,149
USA,118,150
USA,118,151
USA,118,152
USA,118,153
USA,118,154
USA,118,155
USA,118,156
USA,118,157
USA,118,158
USA,118,159
USA,118,160
USA,118,161
USA,118,162
USA,118,163
USA,118,164
USA,118,165
USA,118,166
USA,118,167
USA,118,168
USA,118,169
USA,118,170
USA,118,171
USA,118,172
USA,118,173
USA,118,174
USA,118,175
USA,118,176
USA,118,177
USA,118,178
USA,118,179
USA,118,180
USA,118,181
USA,118,182
USA,118,183
USA,118,184
USA,118,185
USA,118,186
USA,118,187
USA,118,188
USA,118,189
USA,118,190
USA,118,191
USA,118,192
USA,118,193
USA,118,194
USA,118,195
USA,118,196
USA,118,197
USA,118,198
USA,119,150
USA,119,151
USA,119,152
USA,119,153
USA,119,154
USA,119,155
USA,119,156
USA,119,157
USA,119,158
USA,119,159
USA,119,160
USA,119,161
USA,119,162
USA,119,163
USA,119,164
USA,119,165
USA,119,166
USA,119,167
USA,119,168
USA,119,169
USA,119,170
USA,119,171
USA,119,172
USA,119,173
USA,119,174
USA,119,175
USA,119,176
USA,119,177
USA,119,178
USA,119,179
USA,119,180
USA,119,181
USA,119,182
USA,119,183
USA,119,184
USA,119,185
USA,119,186
USA,119,187
USA,119,188
USA,119,189
USA,119,190
USA,119,191
USA,119,192
USA,119,193
USA,119,194
USA,119,195
USA,119,196
USA,119,197
USA,119,198
USA,120,151
USA,120,152
USA,120,153
USA,120,154
USA,120,155
USA,120,156
USA,120,157
USA,120,158
USA,120,159
USA,120,160
USA,120,161
USA,120,162
USA,120,163
USA,120,164
USA,120,165
USA,120,166
USA,120,167
USA,120,168
USA,120,169
USA,120,170
USA,120,171
USA,120,172
USA,120,173
USA,120,174
USA,120,175
USA,120,176
USA,120,177
USA,120,178
USA,120,179
USA,120,180
USA,120,181
USA,120,182
USA,120,183
USA,120,184
USA,120,185
USA,120,186
USA,120,187
USA,120,188
USA,120,189
USA,120,190
USA,120,191
USA,120,192
USA,120,193
USA,120,194
USA,120,195
USA,120,196
USA,120,197
USA,120,198
USA,121,151
USA,121,152
USA,121,153
USA,121,154
USA,121,155
USA,121,156
USA,121,157
USA,121,158
USA,121,159
USA,121,160
USA,121,161
USA,121,162
USA,121,163
USA,121,164
USA,121,165
USA,121,166
USA,121,167
USA,121,168
USA,121,169
USA,121,170
USA,121,171
USA,121,172
USA,121,173
USA,121,174
USA,121,175
USA,121,176
USA,121,177
USA,121,178
USA,121,179
USA,121,180
USA,121,181
USA,121,182
USA,121,183
USA,121,190
USA,121,191
USA,121,192
USA,121,193
USA,121,194
USA,121,195
USA,121,196
USA,121,197
USA,121,198
USA,122,152
USA,122,153
USA,122,154
USA,122,155
USA,122,159
USA,122,160
USA,122,161
USA,122,162
USA,122,163
USA,122,164
USA,122,165
USA,122,166
USA,122,167
USA,122,168
USA,122,169
USA,122,170
USA,122,171
USA,122,178
USA,122,179
USA,122,180
USA,122,181
USA,122,182
USA,122,194
USA,122,195
USA,122,196
USA,122,197
USA,122,198
USA,122,199
USA,123,159
USA,123,160
USA,123,161
USA,123,162
USA,123,163
USA,123,164
USA,123,165
USA,123,166
USA,123,167
USA,123,168
USA,123,169
USA,123,170
USA,123,182
USA,123,195
USA,123,196
USA,123,197
USA,123,198
USA,123,199
USA,124,160
USA,124,161
USA,124,162
USA,124,163
USA,124,164
USA,124,165
USA,124,166
USA,124,167
USA,124,168
USA,124,195
USA,124,196
USA,124,197
USA,124,198
USA,124,199
USA,125,161
USA,125,162
USA,125,163
USA,125,164
USA,125,165
USA,125,166
USA,125,195
USA,125,196
USA,125,197
USA,125,198
USA,125,199
USA,125,200
USA,126,162
USA,126,163
USA,126,164
USA,126,165
USA,126,166
USA,126,195
USA,126,196
USA,126,197
USA,126,198
USA,126,199
USA,126,200
USA,127,162
USA,127,163
USA,127,164
USA,127,165
USA,127,166
USA,127,196
USA,127,197
USA,127,198
USA,127,199
USA,127,200
USA,128,162
USA,128,163
USA,128,164
USA,128,165
USA,128,166
USA,128,196
USA,128,197
USA,128,198
USA,128,199
USA,128,200
USA,129,165
USA,129,166
USA,129,197
USA,129,198
USA,129,199
USA,129,200
USA,130,198
USA,130,199
USA,130,200
USA,131,197
USA,131,198
USA,136,40
USA,136,41
USA,136,42
USA,137,40
USA,137,41
USA,137,42
USA,137,44
USA,137,45
USA,138,44
USA,138,45
USA,138,46
USA,138,47
USA,139,46
USA,139,47
USA,139,48
USA,139,49
USA,140,49
USA,140,50
USA,141,48
USA,141,49
USA,141,50
USA,141,51
USA,142,49
USA,142,50
USA,142,51
USA,143,49
