basin,year,land,Value
AFG_AMDA,2005,CROP_FLW,3.424
AFG_AMDA,2005,PDR,3.257
AFG_AMDA,2005,WHT,1.728
AFG_AMDA,2005,GRO,1.494
AFG_AMDA,2005,OSD,2.504
AFG_AMDA,2005,OTH_A,1.719
AFG_AMDA,2005,CEREAL,1.741
AFG_AMDA,2010,CROP_FLW,3.393
AFG_AMDA,2010,PDR,2.912
AFG_AMDA,2010,WHT,1.763
AFG_AMDA,2010,GRO,1.76
AFG_AMDA,2010,OSD,3.071
AFG_AMDA,2010,OTH_A,1.565
AFG_AMDA,2010,CEREAL,1.815
AFG_AMDA,2020,CROP_FLW,3.315
AFG_AMDA,2020,PDR,3.274
AFG_AMDA,2020,WHT,1.904
AFG_AMDA,2020,GRO,1.789
AFG_AMDA,2020,OSD,3.632
AFG_AMDA,2020,OTH_A,1.375
AFG_AMDA,2020,CEREAL,1.94
AFG_AMDA,2030,CROP_FLW,3.316
AFG_AMDA,2030,PDR,3.285
AFG_AMDA,2030,WHT,1.964
AFG_AMDA,2030,GRO,1.787
AFG_AMDA,2030,OSD,3.698
AFG_AMDA,2030,OTH_A,1.348
AFG_AMDA,2030,CEREAL,1.986
AFG_AMDA,2040,CROP_FLW,3.318
AFG_AMDA,2040,PDR,3.138
AFG_AMDA,2040,WHT,2.182
AFG_AMDA,2040,GRO,1.771
AFG_AMDA,2040,OSD,3.579
AFG_AMDA,2040,OTH_A,1.27
AFG_AMDA,2040,CEREAL,2.156
AFG_AMDA,2050,CROP_FLW,3.319
AFG_AMDA,2050,PDR,3.091
AFG_AMDA,2050,WHT,2.135
AFG_AMDA,2050,GRO,1.761
AFG_AMDA,2050,OSD,3.528
AFG_AMDA,2050,OTH_A,1.183
AFG_AMDA,2050,CEREAL,2.115
AFG_AMDA,2060,CROP_FLW,3.333
AFG_AMDA,2060,PDR,2.981
AFG_AMDA,2060,WHT,2.26
AFG_AMDA,2060,GRO,1.792
AFG_AMDA,2060,OSD,3.439
AFG_AMDA,2060,OTH_A,1.134
AFG_AMDA,2060,CEREAL,2.221
AFG_AMDA,2070,CROP_FLW,3.346
AFG_AMDA,2070,PDR,2.737
AFG_AMDA,2070,WHT,2.21
AFG_AMDA,2070,GRO,1.776
AFG_AMDA,2070,OSD,3.209
AFG_AMDA,2070,OTH_A,1.026
AFG_AMDA,2070,CEREAL,2.169
AFG_AMDA,2080,CROP_FLW,3.345
AFG_AMDA,2080,PDR,2.427
AFG_AMDA,2080,WHT,2.264
AFG_AMDA,2080,GRO,1.795
AFG_AMDA,2080,OSD,2.802
AFG_AMDA,2080,OTH_A,0.914
AFG_AMDA,2080,CEREAL,2.202
AFG_AMDA,2090,CROP_FLW,3.328
AFG_AMDA,2090,PDR,2.391
AFG_AMDA,2090,WHT,2.315
AFG_AMDA,2090,GRO,1.907
AFG_AMDA,2090,OSD,2.562
AFG_AMDA,2090,OTH_A,0.89
AFG_AMDA,2090,CEREAL,2.254
AFG_AMDA,2100,CROP_FLW,3.329
AFG_AMDA,2100,PDR,2.498
AFG_AMDA,2100,WHT,2.319
AFG_AMDA,2100,GRO,1.872
AFG_AMDA,2100,OSD,2.481
AFG_AMDA,2100,OTH_A,0.812
AFG_AMDA,2100,CEREAL,2.252
AFG_CSEC,2005,CROP_FLW,3.645
AFG_CSEC,2005,PDR,3.092
AFG_CSEC,2005,WHT,1.424
AFG_CSEC,2005,GRO,1.354
AFG_CSEC,2005,OSD,2.518
AFG_CSEC,2005,C_B,51.274
AFG_CSEC,2005,OTH_A,2.38
AFG_CSEC,2005,CEREAL,1.462
AFG_CSEC,2010,CROP_FLW,3.64
AFG_CSEC,2010,PDR,2.535
AFG_CSEC,2010,WHT,1.486
AFG_CSEC,2010,GRO,1.574
AFG_CSEC,2010,OSD,3.184
AFG_CSEC,2010,C_B,37.585
AFG_CSEC,2010,OTH_A,1.999
AFG_CSEC,2010,CEREAL,1.541
AFG_CSEC,2020,CROP_FLW,3.643
AFG_CSEC,2020,PDR,3.023
AFG_CSEC,2020,WHT,1.598
AFG_CSEC,2020,GRO,1.493
AFG_CSEC,2020,OSD,4.178
AFG_CSEC,2020,C_B,42.597
AFG_CSEC,2020,OTH_A,1.718
AFG_CSEC,2020,CEREAL,1.628
AFG_CSEC,2030,CROP_FLW,3.642
AFG_CSEC,2030,PDR,3.086
AFG_CSEC,2030,WHT,1.631
AFG_CSEC,2030,GRO,1.494
AFG_CSEC,2030,OSD,4.353
AFG_CSEC,2030,C_B,44.281
AFG_CSEC,2030,OTH_A,1.681
AFG_CSEC,2030,CEREAL,1.654
AFG_CSEC,2040,CROP_FLW,3.633
AFG_CSEC,2040,PDR,2.7
AFG_CSEC,2040,WHT,1.615
AFG_CSEC,2040,GRO,1.401
AFG_CSEC,2040,OSD,3.769
AFG_CSEC,2040,C_B,38.037
AFG_CSEC,2040,OTH_A,1.425
AFG_CSEC,2040,CEREAL,1.617
AFG_CSEC,2050,CROP_FLW,3.622
AFG_CSEC,2050,PDR,2.227
AFG_CSEC,2050,WHT,1.842
AFG_CSEC,2050,GRO,1.215
AFG_CSEC,2050,OSD,2.854
AFG_CSEC,2050,C_B,30.263
AFG_CSEC,2050,OTH_A,1.238
AFG_CSEC,2050,CEREAL,1.756
AFG_CSEC,2060,CROP_FLW,3.602
AFG_CSEC,2060,PDR,1.933
AFG_CSEC,2060,WHT,1.911
AFG_CSEC,2060,GRO,1.089
AFG_CSEC,2060,OSD,2.234
AFG_CSEC,2060,C_B,24.967
AFG_CSEC,2060,OTH_A,1.114
AFG_CSEC,2060,CEREAL,1.788
AFG_CSEC,2070,CROP_FLW,3.643
AFG_CSEC,2070,PDR,1.703
AFG_CSEC,2070,WHT,1.867
AFG_CSEC,2070,GRO,0.979
AFG_CSEC,2070,OSD,1.773
AFG_CSEC,2070,C_B,20.804
AFG_CSEC,2070,OTH_A,1.004
AFG_CSEC,2070,CEREAL,1.737
AFG_CSEC,2080,CROP_FLW,3.632
AFG_CSEC,2080,PDR,1.563
AFG_CSEC,2080,WHT,1.874
AFG_CSEC,2080,GRO,0.943
AFG_CSEC,2080,OSD,1.471
AFG_CSEC,2080,C_B,18.368
AFG_CSEC,2080,OTH_A,0.931
AFG_CSEC,2080,CEREAL,1.725
AFG_CSEC,2090,CROP_FLW,3.621
AFG_CSEC,2090,PDR,1.627
AFG_CSEC,2090,WHT,2.005
AFG_CSEC,2090,GRO,0.973
AFG_CSEC,2090,OSD,1.42
AFG_CSEC,2090,C_B,17.349
AFG_CSEC,2090,OTH_A,0.928
AFG_CSEC,2090,CEREAL,1.827
AFG_CSEC,2100,CROP_FLW,3.577
AFG_CSEC,2100,PDR,1.816
AFG_CSEC,2100,WHT,2.137
AFG_CSEC,2100,GRO,1.005
AFG_CSEC,2100,OSD,1.495
AFG_CSEC,2100,C_B,17.29
AFG_CSEC,2100,OTH_A,0.982
AFG_CSEC,2100,CEREAL,1.935
AFG_FARA,2005,CROP_FLW,3.566
AFG_FARA,2005,PDR,3.2
AFG_FARA,2005,WHT,1.723
AFG_FARA,2005,GRO,1.596
AFG_FARA,2005,OSD,2.878
AFG_FARA,2005,C_B,70.244
AFG_FARA,2005,OTH_A,2.397
AFG_FARA,2005,CEREAL,1.839
AFG_FARA,2010,CROP_FLW,3.576
AFG_FARA,2010,PDR,2.646
AFG_FARA,2010,WHT,1.768
AFG_FARA,2010,GRO,1.95
AFG_FARA,2010,OSD,3.557
AFG_FARA,2010,C_B,48.252
AFG_FARA,2010,OTH_A,2.023
AFG_FARA,2010,CEREAL,1.921
AFG_FARA,2020,CROP_FLW,3.592
AFG_FARA,2020,PDR,3.167
AFG_FARA,2020,WHT,2.012
AFG_FARA,2020,GRO,2.023
AFG_FARA,2020,OSD,4.992
AFG_FARA,2020,C_B,57.196
AFG_FARA,2020,OTH_A,1.607
AFG_FARA,2020,CEREAL,2.152
AFG_FARA,2030,CROP_FLW,3.599
AFG_FARA,2030,PDR,3.322
AFG_FARA,2030,WHT,2.079
AFG_FARA,2030,GRO,2.07
AFG_FARA,2030,OSD,5.482
AFG_FARA,2030,C_B,61.963
AFG_FARA,2030,OTH_A,1.637
AFG_FARA,2030,CEREAL,2.218
AFG_FARA,2040,CROP_FLW,3.599
AFG_FARA,2040,PDR,2.97
AFG_FARA,2040,WHT,2.106
AFG_FARA,2040,GRO,1.993
AFG_FARA,2040,OSD,5.408
AFG_FARA,2040,C_B,52.152
AFG_FARA,2040,OTH_A,1.46
AFG_FARA,2040,CEREAL,2.186
AFG_FARA,2050,CROP_FLW,3.593
AFG_FARA,2050,PDR,2.396
AFG_FARA,2050,WHT,1.992
AFG_FARA,2050,GRO,1.583
AFG_FARA,2050,OSD,5.206
AFG_FARA,2050,C_B,39.242
AFG_FARA,2050,OTH_A,1.184
AFG_FARA,2050,CEREAL,1.962
AFG_FARA,2060,CROP_FLW,3.592
AFG_FARA,2060,PDR,2.112
AFG_FARA,2060,WHT,1.915
AFG_FARA,2060,GRO,1.335
AFG_FARA,2060,OSD,5.241
AFG_FARA,2060,C_B,31.985
AFG_FARA,2060,OTH_A,1.07
AFG_FARA,2060,CEREAL,1.831
AFG_FARA,2070,CROP_FLW,3.589
AFG_FARA,2070,PDR,2.119
AFG_FARA,2070,WHT,1.934
AFG_FARA,2070,GRO,1.3
AFG_FARA,2070,OSD,5.201
AFG_FARA,2070,C_B,30.098
AFG_FARA,2070,OTH_A,1.042
AFG_FARA,2070,CEREAL,1.842
AFG_FARA,2080,CROP_FLW,3.608
AFG_FARA,2080,PDR,2.588
AFG_FARA,2080,WHT,2.441
AFG_FARA,2080,GRO,1.79
AFG_FARA,2080,OSD,7.038
AFG_FARA,2080,C_B,39.241
AFG_FARA,2080,OTH_A,1.282
AFG_FARA,2080,CEREAL,2.334
AFG_FARA,2090,CROP_FLW,3.579
AFG_FARA,2090,PDR,3.191
AFG_FARA,2090,WHT,2.502
AFG_FARA,2090,GRO,2.103
AFG_FARA,2090,OSD,9.068
AFG_FARA,2090,C_B,47.564
AFG_FARA,2090,OTH_A,1.029
AFG_FARA,2090,CEREAL,2.501
AFG_FARA,2100,CROP_FLW,3.573
AFG_FARA,2100,PDR,3.335
AFG_FARA,2100,WHT,2.551
AFG_FARA,2100,GRO,2.0
AFG_FARA,2100,OSD,8.687
AFG_FARA,2100,C_B,40.912
AFG_FARA,2100,OTH_A,0.998
AFG_FARA,2100,CEREAL,2.515
AFG_HELM,2005,CROP_FLW,4.056
AFG_HELM,2005,PDR,3.187
AFG_HELM,2005,WHT,1.801
AFG_HELM,2005,GRO,1.579
AFG_HELM,2005,OSD,1.478
AFG_HELM,2005,C_B,43.699
AFG_HELM,2005,OTH_A,2.001
AFG_HELM,2005,CEREAL,1.855
AFG_HELM,2010,CROP_FLW,4.045
AFG_HELM,2010,PDR,3.079
AFG_HELM,2010,WHT,1.859
AFG_HELM,2010,GRO,1.868
AFG_HELM,2010,OSD,1.792
AFG_HELM,2010,C_B,33.102
AFG_HELM,2010,OTH_A,1.882
AFG_HELM,2010,CEREAL,1.981
AFG_HELM,2020,CROP_FLW,4.008
AFG_HELM,2020,PDR,3.551
AFG_HELM,2020,WHT,2.036
AFG_HELM,2020,GRO,1.87
AFG_HELM,2020,OSD,2.28
AFG_HELM,2020,C_B,37.096
AFG_HELM,2020,OTH_A,1.672
AFG_HELM,2020,CEREAL,2.134
AFG_HELM,2030,CROP_FLW,4.008
AFG_HELM,2030,PDR,3.548
AFG_HELM,2030,WHT,2.153
AFG_HELM,2030,GRO,1.875
AFG_HELM,2030,OSD,2.569
AFG_HELM,2030,C_B,37.696
AFG_HELM,2030,OTH_A,1.654
AFG_HELM,2030,CEREAL,2.212
AFG_HELM,2040,CROP_FLW,4.009
AFG_HELM,2040,PDR,3.24
AFG_HELM,2040,WHT,1.979
AFG_HELM,2040,GRO,1.729
AFG_HELM,2040,OSD,4.166
AFG_HELM,2040,C_B,30.911
AFG_HELM,2040,OTH_A,1.259
AFG_HELM,2040,CEREAL,2.035
AFG_HELM,2050,CROP_FLW,4.024
AFG_HELM,2050,PDR,2.927
AFG_HELM,2050,WHT,2.369
AFG_HELM,2050,GRO,1.761
AFG_HELM,2050,OSD,6.464
AFG_HELM,2050,C_B,21.658
AFG_HELM,2050,OTH_A,1.323
AFG_HELM,2050,CEREAL,2.311
AFG_HELM,2060,CROP_FLW,4.033
AFG_HELM,2060,PDR,2.597
AFG_HELM,2060,WHT,2.508
AFG_HELM,2060,GRO,1.694
AFG_HELM,2060,OSD,6.38
AFG_HELM,2060,C_B,15.068
AFG_HELM,2060,OTH_A,1.294
AFG_HELM,2060,CEREAL,2.387
AFG_HELM,2070,CROP_FLW,4.032
AFG_HELM,2070,PDR,2.553
AFG_HELM,2070,WHT,2.62
AFG_HELM,2070,GRO,1.701
AFG_HELM,2070,OSD,6.376
AFG_HELM,2070,C_B,12.87
AFG_HELM,2070,OTH_A,1.269
AFG_HELM,2070,CEREAL,2.478
AFG_HELM,2080,CROP_FLW,3.991
AFG_HELM,2080,PDR,2.553
AFG_HELM,2080,WHT,2.792
AFG_HELM,2080,GRO,1.702
AFG_HELM,2080,OSD,6.348
AFG_HELM,2080,C_B,11.702
AFG_HELM,2080,OTH_A,1.258
AFG_HELM,2080,CEREAL,2.598
AFG_HELM,2090,CROP_FLW,3.881
AFG_HELM,2090,PDR,2.695
AFG_HELM,2090,WHT,3.047
AFG_HELM,2090,GRO,1.78
AFG_HELM,2090,OSD,6.334
AFG_HELM,2090,C_B,11.69
AFG_HELM,2090,OTH_A,1.276
AFG_HELM,2090,CEREAL,2.802
AFG_HELM,2100,CROP_FLW,3.806
AFG_HELM,2100,PDR,2.91
AFG_HELM,2100,WHT,3.14
AFG_HELM,2100,GRO,1.822
AFG_HELM,2100,OSD,6.48
AFG_HELM,2100,C_B,11.681
AFG_HELM,2100,OTH_A,1.281
AFG_HELM,2100,CEREAL,2.886
AFG_INDU,2005,CROP_FLW,4.453
AFG_INDU,2005,PDR,2.993
AFG_INDU,2005,WHT,1.648
AFG_INDU,2005,GRO,1.371
AFG_INDU,2005,OSD,2.348
AFG_INDU,2005,OTH_A,1.656
AFG_INDU,2005,CEREAL,1.675
AFG_INDU,2010,CROP_FLW,4.421
AFG_INDU,2010,PDR,3.714
AFG_INDU,2010,WHT,1.705
AFG_INDU,2010,GRO,1.556
AFG_INDU,2010,OSD,2.648
AFG_INDU,2010,OTH_A,1.656
AFG_INDU,2010,CEREAL,1.848
AFG_INDU,2020,CROP_FLW,4.307
AFG_INDU,2020,PDR,4.218
AFG_INDU,2020,WHT,1.863
AFG_INDU,2020,GRO,1.577
AFG_INDU,2020,OSD,2.869
AFG_INDU,2020,OTH_A,1.788
AFG_INDU,2020,CEREAL,1.983
AFG_INDU,2030,CROP_FLW,4.295
AFG_INDU,2030,PDR,4.264
AFG_INDU,2030,WHT,1.966
AFG_INDU,2030,GRO,1.616
AFG_INDU,2030,OSD,2.914
AFG_INDU,2030,OTH_A,1.817
AFG_INDU,2030,CEREAL,2.06
AFG_INDU,2040,CROP_FLW,4.294
AFG_INDU,2040,PDR,4.403
AFG_INDU,2040,WHT,1.977
AFG_INDU,2040,GRO,1.611
AFG_INDU,2040,OSD,2.928
AFG_INDU,2040,OTH_A,1.793
AFG_INDU,2040,CEREAL,2.08
AFG_INDU,2050,CROP_FLW,4.294
AFG_INDU,2050,PDR,4.505
AFG_INDU,2050,WHT,1.972
AFG_INDU,2050,GRO,1.596
AFG_INDU,2050,OSD,2.947
AFG_INDU,2050,OTH_A,1.735
AFG_INDU,2050,CEREAL,2.08
AFG_INDU,2060,CROP_FLW,4.142
AFG_INDU,2060,PDR,5.043
AFG_INDU,2060,WHT,2.088
AFG_INDU,2060,GRO,1.729
AFG_INDU,2060,OSD,3.132
AFG_INDU,2060,OTH_A,1.929
AFG_INDU,2060,CEREAL,2.22
AFG_INDU,2070,CROP_FLW,4.146
AFG_INDU,2070,PDR,5.024
AFG_INDU,2070,WHT,1.901
AFG_INDU,2070,GRO,1.64
AFG_INDU,2070,OSD,3.153
AFG_INDU,2070,OTH_A,1.75
AFG_INDU,2070,CEREAL,2.055
AFG_INDU,2080,CROP_FLW,4.052
AFG_INDU,2080,PDR,4.742
AFG_INDU,2080,WHT,1.921
AFG_INDU,2080,GRO,1.521
AFG_INDU,2080,OSD,3.189
AFG_INDU,2080,OTH_A,1.723
AFG_INDU,2080,CEREAL,2.061
AFG_INDU,2090,CROP_FLW,3.931
AFG_INDU,2090,PDR,4.641
AFG_INDU,2090,WHT,1.732
AFG_INDU,2090,GRO,1.451
AFG_INDU,2090,OSD,3.216
AFG_INDU,2090,OTH_A,1.649
AFG_INDU,2090,CEREAL,1.907
AFG_INDU,2100,CROP_FLW,3.882
AFG_INDU,2100,PDR,4.642
AFG_INDU,2100,WHT,1.638
AFG_INDU,2100,GRO,1.356
AFG_INDU,2100,OSD,3.225
AFG_INDU,2100,OTH_A,1.556
AFG_INDU,2100,CEREAL,1.792
AGO_ANGC,2005,CROP_FLW,5.341
AGO_ANGC,2005,PDR,1.737
AGO_ANGC,2005,GRO,1.083
AGO_ANGC,2005,OSD,0.895
AGO_ANGC,2005,C_B,58.667
AGO_ANGC,2005,OTH_A,0.895
AGO_ANGC,2005,CEREAL,1.088
AGO_ANGC,2010,CROP_FLW,5.345
AGO_ANGC,2010,PDR,2.63
AGO_ANGC,2010,GRO,1.049
AGO_ANGC,2010,OSD,1.113
AGO_ANGC,2010,C_B,94.316
AGO_ANGC,2010,OTH_A,0.922
AGO_ANGC,2010,CEREAL,1.071
AGO_ANGC,2020,CROP_FLW,5.216
AGO_ANGC,2020,PDR,3.01
AGO_ANGC,2020,GRO,1.065
AGO_ANGC,2020,OSD,1.329
AGO_ANGC,2020,C_B,92.368
AGO_ANGC,2020,OTH_A,0.981
AGO_ANGC,2020,CEREAL,1.1
AGO_ANGC,2030,CROP_FLW,5.096
AGO_ANGC,2030,PDR,3.054
AGO_ANGC,2030,GRO,1.119
AGO_ANGC,2030,OSD,1.429
AGO_ANGC,2030,C_B,96.614
AGO_ANGC,2030,OTH_A,1.063
AGO_ANGC,2030,CEREAL,1.157
AGO_ANGC,2040,CROP_FLW,5.064
AGO_ANGC,2040,PDR,3.069
AGO_ANGC,2040,GRO,1.171
AGO_ANGC,2040,OSD,1.555
AGO_ANGC,2040,C_B,106.259
AGO_ANGC,2040,OTH_A,1.131
AGO_ANGC,2040,CEREAL,1.212
AGO_ANGC,2050,CROP_FLW,5.061
AGO_ANGC,2050,PDR,3.11
AGO_ANGC,2050,GRO,1.221
AGO_ANGC,2050,OSD,1.602
AGO_ANGC,2050,C_B,119.073
AGO_ANGC,2050,OTH_A,1.202
AGO_ANGC,2050,CEREAL,1.264
AGO_ANGC,2060,CROP_FLW,5.195
AGO_ANGC,2060,PDR,3.266
AGO_ANGC,2060,GRO,1.281
AGO_ANGC,2060,OSD,1.633
AGO_ANGC,2060,C_B,135.069
AGO_ANGC,2060,OTH_A,1.281
AGO_ANGC,2060,CEREAL,1.33
AGO_ANGC,2070,CROP_FLW,5.394
AGO_ANGC,2070,PDR,3.534
AGO_ANGC,2070,GRO,1.338
AGO_ANGC,2070,OSD,1.667
AGO_ANGC,2070,C_B,151.833
AGO_ANGC,2070,OTH_A,1.349
AGO_ANGC,2070,CEREAL,1.393
AGO_ANGC,2080,CROP_FLW,5.222
AGO_ANGC,2080,PDR,3.715
AGO_ANGC,2080,GRO,1.498
AGO_ANGC,2080,OSD,1.711
AGO_ANGC,2080,C_B,172.98
AGO_ANGC,2080,OTH_A,1.531
AGO_ANGC,2080,CEREAL,1.552
AGO_ANGC,2090,CROP_FLW,5.426
AGO_ANGC,2090,PDR,3.773
AGO_ANGC,2090,GRO,1.628
AGO_ANGC,2090,OSD,1.739
AGO_ANGC,2090,C_B,192.201
AGO_ANGC,2090,OTH_A,1.687
AGO_ANGC,2090,CEREAL,1.68
AGO_ANGC,2100,CROP_FLW,5.695
AGO_ANGC,2100,PDR,3.785
AGO_ANGC,2100,GRO,1.684
AGO_ANGC,2100,OSD,1.751
AGO_ANGC,2100,C_B,201.356
AGO_ANGC,2100,OTH_A,1.752
AGO_ANGC,2100,CEREAL,1.738
AGO_ASII,2005,CROP_FLW,5.522
AGO_ASII,2005,PDR,1.706
AGO_ASII,2005,WHT,2.238
AGO_ASII,2005,GRO,1.112
AGO_ASII,2005,OSD,0.883
AGO_ASII,2005,C_B,62.184
AGO_ASII,2005,OTH_A,0.882
AGO_ASII,2005,CEREAL,1.12
AGO_ASII,2010,CROP_FLW,5.522
AGO_ASII,2010,PDR,2.626
AGO_ASII,2010,WHT,2.301
AGO_ASII,2010,GRO,1.106
AGO_ASII,2010,OSD,1.001
AGO_ASII,2010,C_B,80.859
AGO_ASII,2010,OTH_A,0.898
AGO_ASII,2010,CEREAL,1.115
AGO_ASII,2020,CROP_FLW,5.411
AGO_ASII,2020,PDR,3.006
AGO_ASII,2020,WHT,3.219
AGO_ASII,2020,GRO,1.126
AGO_ASII,2020,OSD,1.098
AGO_ASII,2020,C_B,82.032
AGO_ASII,2020,OTH_A,0.947
AGO_ASII,2020,CEREAL,1.147
AGO_ASII,2030,CROP_FLW,5.313
AGO_ASII,2030,PDR,3.153
AGO_ASII,2030,WHT,3.589
AGO_ASII,2030,GRO,1.171
AGO_ASII,2030,OSD,1.158
AGO_ASII,2030,C_B,88.782
AGO_ASII,2030,OTH_A,1.029
AGO_ASII,2030,CEREAL,1.204
AGO_ASII,2040,CROP_FLW,5.323
AGO_ASII,2040,PDR,3.28
AGO_ASII,2040,WHT,3.92
AGO_ASII,2040,GRO,1.204
AGO_ASII,2040,OSD,1.212
AGO_ASII,2040,C_B,98.931
AGO_ASII,2040,OTH_A,1.098
AGO_ASII,2040,CEREAL,1.259
AGO_ASII,2050,CROP_FLW,5.299
AGO_ASII,2050,PDR,3.387
AGO_ASII,2050,WHT,4.141
AGO_ASII,2050,GRO,1.237
AGO_ASII,2050,OSD,1.253
AGO_ASII,2050,C_B,109.205
AGO_ASII,2050,OTH_A,1.174
AGO_ASII,2050,CEREAL,1.319
AGO_ASII,2060,CROP_FLW,5.29
AGO_ASII,2060,PDR,3.553
AGO_ASII,2060,WHT,4.275
AGO_ASII,2060,GRO,1.274
AGO_ASII,2060,OSD,1.287
AGO_ASII,2060,C_B,118.82
AGO_ASII,2060,OTH_A,1.258
AGO_ASII,2060,CEREAL,1.387
AGO_ASII,2070,CROP_FLW,5.407
AGO_ASII,2070,PDR,3.635
AGO_ASII,2070,WHT,4.314
AGO_ASII,2070,GRO,1.308
AGO_ASII,2070,OSD,1.298
AGO_ASII,2070,C_B,126.964
AGO_ASII,2070,OTH_A,1.33
AGO_ASII,2070,CEREAL,1.456
AGO_ASII,2080,CROP_FLW,5.201
AGO_ASII,2080,PDR,3.635
AGO_ASII,2080,WHT,4.335
AGO_ASII,2080,GRO,1.414
AGO_ASII,2080,OSD,1.329
AGO_ASII,2080,C_B,134.403
AGO_ASII,2080,OTH_A,1.472
AGO_ASII,2080,CEREAL,1.596
AGO_ASII,2090,CROP_FLW,5.516
AGO_ASII,2090,PDR,3.635
AGO_ASII,2090,WHT,4.348
AGO_ASII,2090,GRO,1.447
AGO_ASII,2090,OSD,1.337
AGO_ASII,2090,C_B,139.203
AGO_ASII,2090,OTH_A,1.532
AGO_ASII,2090,CEREAL,1.663
AGO_ASII,2100,CROP_FLW,5.589
AGO_ASII,2100,PDR,3.635
AGO_ASII,2100,WHT,4.361
AGO_ASII,2100,GRO,1.469
AGO_ASII,2100,OSD,1.343
AGO_ASII,2100,C_B,140.671
AGO_ASII,2100,OTH_A,1.594
AGO_ASII,2100,CEREAL,1.709
AGO_CONG,2005,CROP_FLW,6.098
AGO_CONG,2005,PDR,1.931
AGO_CONG,2005,GRO,1.296
AGO_CONG,2005,OSD,1.076
AGO_CONG,2005,C_B,46.541
AGO_CONG,2005,OTH_A,1.088
AGO_CONG,2005,CEREAL,1.296
AGO_CONG,2010,CROP_FLW,6.113
AGO_CONG,2010,PDR,3.046
AGO_CONG,2010,GRO,1.396
AGO_CONG,2010,OSD,1.449
AGO_CONG,2010,C_B,98.106
AGO_CONG,2010,OTH_A,1.07
AGO_CONG,2010,CEREAL,1.399
AGO_CONG,2020,CROP_FLW,6.443
AGO_CONG,2020,PDR,3.333
AGO_CONG,2020,GRO,1.542
AGO_CONG,2020,OSD,1.77
AGO_CONG,2020,C_B,100.373
AGO_CONG,2020,OTH_A,1.088
AGO_CONG,2020,CEREAL,1.546
AGO_CONG,2030,CROP_FLW,6.665
AGO_CONG,2030,PDR,3.364
AGO_CONG,2030,GRO,1.613
AGO_CONG,2030,OSD,1.844
AGO_CONG,2030,C_B,101.707
AGO_CONG,2030,OTH_A,1.1
AGO_CONG,2030,CEREAL,1.618
AGO_CONG,2040,CROP_FLW,6.554
AGO_CONG,2040,PDR,3.391
AGO_CONG,2040,GRO,1.666
AGO_CONG,2040,OSD,2.017
AGO_CONG,2040,C_B,107.08
AGO_CONG,2040,OTH_A,1.111
AGO_CONG,2040,CEREAL,1.671
AGO_CONG,2050,CROP_FLW,6.438
AGO_CONG,2050,PDR,3.402
AGO_CONG,2050,GRO,1.708
AGO_CONG,2050,OSD,2.125
AGO_CONG,2050,C_B,115.518
AGO_CONG,2050,OTH_A,1.124
AGO_CONG,2050,CEREAL,1.713
AGO_CONG,2060,CROP_FLW,6.387
AGO_CONG,2060,PDR,3.5
AGO_CONG,2060,GRO,1.763
AGO_CONG,2060,OSD,2.2
AGO_CONG,2060,C_B,126.241
AGO_CONG,2060,OTH_A,1.14
AGO_CONG,2060,CEREAL,1.768
AGO_CONG,2070,CROP_FLW,6.347
AGO_CONG,2070,PDR,3.705
AGO_CONG,2070,GRO,1.822
AGO_CONG,2070,OSD,2.269
AGO_CONG,2070,C_B,137.826
AGO_CONG,2070,OTH_A,1.161
AGO_CONG,2070,CEREAL,1.828
AGO_CONG,2080,CROP_FLW,6.31
AGO_CONG,2080,PDR,4.052
AGO_CONG,2080,GRO,1.892
AGO_CONG,2080,OSD,2.326
AGO_CONG,2080,C_B,154.862
AGO_CONG,2080,OTH_A,1.188
AGO_CONG,2080,CEREAL,1.899
AGO_CONG,2090,CROP_FLW,6.207
AGO_CONG,2090,PDR,4.194
AGO_CONG,2090,GRO,1.951
AGO_CONG,2090,OSD,2.364
AGO_CONG,2090,C_B,178.24
AGO_CONG,2090,OTH_A,1.226
AGO_CONG,2090,CEREAL,1.958
AGO_CONG,2100,CROP_FLW,6.176
AGO_CONG,2100,PDR,4.23
AGO_CONG,2100,GRO,1.984
AGO_CONG,2100,OSD,2.399
AGO_CONG,2100,C_B,206.172
AGO_CONG,2100,OTH_A,1.248
AGO_CONG,2100,CEREAL,1.991
AGO_ZAMB,2005,CROP_FLW,5.521
AGO_ZAMB,2005,GRO,1.125
AGO_ZAMB,2005,OSD,0.863
AGO_ZAMB,2005,OTH_A,0.921
AGO_ZAMB,2005,CEREAL,1.125
AGO_ZAMB,2010,CROP_FLW,5.52
AGO_ZAMB,2010,GRO,1.125
AGO_ZAMB,2010,OSD,1.19
AGO_ZAMB,2010,OTH_A,1.198
AGO_ZAMB,2010,CEREAL,1.125
AGO_ZAMB,2020,CROP_FLW,5.483
AGO_ZAMB,2020,GRO,1.162
AGO_ZAMB,2020,OSD,1.411
AGO_ZAMB,2020,OTH_A,1.392
AGO_ZAMB,2020,CEREAL,1.162
AGO_ZAMB,2030,CROP_FLW,5.484
AGO_ZAMB,2030,GRO,1.197
AGO_ZAMB,2030,OSD,1.471
AGO_ZAMB,2030,OTH_A,1.499
AGO_ZAMB,2030,CEREAL,1.197
AGO_ZAMB,2040,CROP_FLW,5.549
AGO_ZAMB,2040,GRO,1.239
AGO_ZAMB,2040,OSD,1.56
AGO_ZAMB,2040,OTH_A,1.616
AGO_ZAMB,2040,CEREAL,1.239
AGO_ZAMB,2050,CROP_FLW,5.673
AGO_ZAMB,2050,GRO,1.278
AGO_ZAMB,2050,OSD,1.657
AGO_ZAMB,2050,OTH_A,1.747
AGO_ZAMB,2050,CEREAL,1.278
AGO_ZAMB,2060,CROP_FLW,5.717
AGO_ZAMB,2060,GRO,1.328
AGO_ZAMB,2060,OSD,1.747
AGO_ZAMB,2060,OTH_A,1.897
AGO_ZAMB,2060,CEREAL,1.328
AGO_ZAMB,2070,CROP_FLW,5.998
AGO_ZAMB,2070,GRO,1.402
AGO_ZAMB,2070,OSD,1.842
AGO_ZAMB,2070,OTH_A,1.988
AGO_ZAMB,2070,CEREAL,1.402
AGO_ZAMB,2080,CROP_FLW,6.25
AGO_ZAMB,2080,GRO,1.511
AGO_ZAMB,2080,OSD,1.956
AGO_ZAMB,2080,OTH_A,2.069
AGO_ZAMB,2080,CEREAL,1.511
AGO_ZAMB,2090,CROP_FLW,6.295
AGO_ZAMB,2090,GRO,1.65
AGO_ZAMB,2090,OSD,2.038
AGO_ZAMB,2090,OTH_A,2.097
AGO_ZAMB,2090,CEREAL,1.65
AGO_ZAMB,2100,CROP_FLW,6.319
AGO_ZAMB,2100,GRO,1.803
AGO_ZAMB,2100,OSD,2.05
AGO_ZAMB,2100,OTH_A,2.121
AGO_ZAMB,2100,CEREAL,1.803
ALB_AGBS,2005,CROP_FLW,5.857
ALB_AGBS,2005,WHT,1.976
ALB_AGBS,2005,GRO,2.93
ALB_AGBS,2005,OSD,1.176
ALB_AGBS,2005,C_B,9.482
ALB_AGBS,2005,OTH_A,0.541
ALB_AGBS,2005,CEREAL,2.432
ALB_AGBS,2010,CROP_FLW,5.862
ALB_AGBS,2010,WHT,2.043
ALB_AGBS,2010,GRO,2.985
ALB_AGBS,2010,OSD,1.181
ALB_AGBS,2010,C_B,9.895
ALB_AGBS,2010,OTH_A,0.558
ALB_AGBS,2010,CEREAL,2.535
ALB_AGBS,2020,CROP_FLW,5.868
ALB_AGBS,2020,WHT,2.054
ALB_AGBS,2020,GRO,2.978
ALB_AGBS,2020,OSD,1.207
ALB_AGBS,2020,C_B,10.795
ALB_AGBS,2020,OTH_A,0.551
ALB_AGBS,2020,CEREAL,2.559
ALB_AGBS,2030,CROP_FLW,5.875
ALB_AGBS,2030,WHT,2.078
ALB_AGBS,2030,GRO,2.96
ALB_AGBS,2030,OSD,1.222
ALB_AGBS,2030,C_B,10.97
ALB_AGBS,2030,OTH_A,0.549
ALB_AGBS,2030,CEREAL,2.542
ALB_AGBS,2040,CROP_FLW,5.879
ALB_AGBS,2040,WHT,2.068
ALB_AGBS,2040,GRO,2.951
ALB_AGBS,2040,OSD,1.233
ALB_AGBS,2040,C_B,11.106
ALB_AGBS,2040,OTH_A,0.546
ALB_AGBS,2040,CEREAL,2.526
ALB_AGBS,2050,CROP_FLW,5.88
ALB_AGBS,2050,WHT,2.062
ALB_AGBS,2050,GRO,2.923
ALB_AGBS,2050,OSD,1.256
ALB_AGBS,2050,C_B,11.197
ALB_AGBS,2050,OTH_A,0.546
ALB_AGBS,2050,CEREAL,2.524
ALB_AGBS,2060,CROP_FLW,5.886
ALB_AGBS,2060,WHT,2.072
ALB_AGBS,2060,GRO,2.932
ALB_AGBS,2060,OSD,1.257
ALB_AGBS,2060,C_B,11.238
ALB_AGBS,2060,OTH_A,0.552
ALB_AGBS,2060,CEREAL,2.517
ALB_AGBS,2070,CROP_FLW,5.887
ALB_AGBS,2070,WHT,2.072
ALB_AGBS,2070,GRO,2.946
ALB_AGBS,2070,OSD,1.257
ALB_AGBS,2070,C_B,11.272
ALB_AGBS,2070,OTH_A,0.559
ALB_AGBS,2070,CEREAL,2.508
ALB_AGBS,2080,CROP_FLW,5.893
ALB_AGBS,2080,WHT,2.081
ALB_AGBS,2080,GRO,2.941
ALB_AGBS,2080,OSD,1.261
ALB_AGBS,2080,C_B,11.309
ALB_AGBS,2080,OTH_A,0.562
ALB_AGBS,2080,CEREAL,2.502
ALB_AGBS,2090,CROP_FLW,5.903
ALB_AGBS,2090,WHT,2.083
ALB_AGBS,2090,GRO,2.957
ALB_AGBS,2090,OSD,1.262
ALB_AGBS,2090,C_B,11.372
ALB_AGBS,2090,OTH_A,0.559
ALB_AGBS,2090,CEREAL,2.495
ALB_AGBS,2100,CROP_FLW,5.908
ALB_AGBS,2100,WHT,2.088
ALB_AGBS,2100,GRO,2.899
ALB_AGBS,2100,OSD,1.281
ALB_AGBS,2100,C_B,11.515
ALB_AGBS,2100,OTH_A,0.52
ALB_AGBS,2100,CEREAL,2.545
ARE_ARPA,2005,CROP_FLW,4.534
ARE_ARPA,2005,WHT,3.258
ARE_ARPA,2005,GRO,1.99
ARE_ARPA,2005,OSD,2.726
ARE_ARPA,2005,OTH_A,5.586
ARE_ARPA,2005,CEREAL,2.031
ARE_ARPA,2010,CROP_FLW,4.389
ARE_ARPA,2010,WHT,0.793
ARE_ARPA,2010,GRO,1.453
ARE_ARPA,2010,OSD,2.726
ARE_ARPA,2010,OTH_A,5.703
ARE_ARPA,2010,CEREAL,0.801
ARE_ARPA,2020,CROP_FLW,4.529
ARE_ARPA,2020,WHT,0.798
ARE_ARPA,2020,GRO,1.051
ARE_ARPA,2020,OSD,2.726
ARE_ARPA,2020,OTH_A,5.966
ARE_ARPA,2020,CEREAL,0.81
ARE_ARPA,2030,CROP_FLW,4.57
ARE_ARPA,2030,WHT,0.798
ARE_ARPA,2030,GRO,1.056
ARE_ARPA,2030,OSD,2.726
ARE_ARPA,2030,OTH_A,5.966
ARE_ARPA,2030,CEREAL,0.811
ARE_ARPA,2040,CROP_FLW,4.587
ARE_ARPA,2040,WHT,0.798
ARE_ARPA,2040,GRO,1.061
ARE_ARPA,2040,OSD,2.726
ARE_ARPA,2040,OTH_A,5.709
ARE_ARPA,2040,CEREAL,0.812
ARE_ARPA,2050,CROP_FLW,4.587
ARE_ARPA,2050,WHT,0.798
ARE_ARPA,2050,GRO,1.054
ARE_ARPA,2050,OSD,2.726
ARE_ARPA,2050,OTH_A,5.131
ARE_ARPA,2050,CEREAL,0.811
ARE_ARPA,2060,CROP_FLW,4.589
ARE_ARPA,2060,WHT,0.798
ARE_ARPA,2060,GRO,1.017
ARE_ARPA,2060,OSD,2.726
ARE_ARPA,2060,OTH_A,4.356
ARE_ARPA,2060,CEREAL,0.809
ARE_ARPA,2070,CROP_FLW,4.589
ARE_ARPA,2070,WHT,0.796
ARE_ARPA,2070,GRO,1.061
ARE_ARPA,2070,OSD,2.726
ARE_ARPA,2070,OTH_A,4.188
ARE_ARPA,2070,CEREAL,0.808
ARE_ARPA,2080,CROP_FLW,4.59
ARE_ARPA,2080,WHT,0.798
ARE_ARPA,2080,GRO,1.085
ARE_ARPA,2080,OSD,2.726
ARE_ARPA,2080,OTH_A,4.694
ARE_ARPA,2080,CEREAL,0.81
ARE_ARPA,2090,CROP_FLW,4.64
ARE_ARPA,2090,WHT,0.798
ARE_ARPA,2090,GRO,1.025
ARE_ARPA,2090,OSD,2.726
ARE_ARPA,2090,OTH_A,5.966
ARE_ARPA,2090,CEREAL,0.81
ARE_ARPA,2100,CROP_FLW,4.727
ARE_ARPA,2100,WHT,0.799
ARE_ARPA,2100,GRO,0.978
ARE_ARPA,2100,OSD,2.726
ARE_ARPA,2100,OTH_A,5.966
ARE_ARPA,2100,CEREAL,0.814
ARG_LAPL,2005,CROP_FLW,6.709
ARG_LAPL,2005,PDR,4.026
ARG_LAPL,2005,WHT,3.463
ARG_LAPL,2005,GRO,3.682
ARG_LAPL,2005,OSD,4.119
ARG_LAPL,2005,C_B,73.315
ARG_LAPL,2005,OTH_A,3.241
ARG_LAPL,2005,CEREAL,3.591
ARG_LAPL,2010,CROP_FLW,6.555
ARG_LAPL,2010,PDR,5.269
ARG_LAPL,2010,WHT,4.155
ARG_LAPL,2010,GRO,3.602
ARG_LAPL,2010,OSD,4.239
ARG_LAPL,2010,C_B,76.545
ARG_LAPL,2010,OTH_A,3.808
ARG_LAPL,2010,CEREAL,3.897
ARG_LAPL,2020,CROP_FLW,6.528
ARG_LAPL,2020,PDR,5.432
ARG_LAPL,2020,WHT,4.314
ARG_LAPL,2020,GRO,3.906
ARG_LAPL,2020,OSD,4.223
ARG_LAPL,2020,C_B,98.022
ARG_LAPL,2020,OTH_A,3.982
ARG_LAPL,2020,CEREAL,4.133
ARG_LAPL,2030,CROP_FLW,6.525
ARG_LAPL,2030,PDR,5.752
ARG_LAPL,2030,WHT,4.145
ARG_LAPL,2030,GRO,3.845
ARG_LAPL,2030,OSD,4.188
ARG_LAPL,2030,C_B,103.076
ARG_LAPL,2030,OTH_A,4.097
ARG_LAPL,2030,CEREAL,4.065
ARG_LAPL,2040,CROP_FLW,6.521
ARG_LAPL,2040,PDR,6.052
ARG_LAPL,2040,WHT,4.127
ARG_LAPL,2040,GRO,3.83
ARG_LAPL,2040,OSD,4.266
ARG_LAPL,2040,C_B,107.812
ARG_LAPL,2040,OTH_A,4.224
ARG_LAPL,2040,CEREAL,4.086
ARG_LAPL,2050,CROP_FLW,6.499
ARG_LAPL,2050,PDR,6.195
ARG_LAPL,2050,WHT,4.069
ARG_LAPL,2050,GRO,3.831
ARG_LAPL,2050,OSD,4.255
ARG_LAPL,2050,C_B,108.922
ARG_LAPL,2050,OTH_A,4.278
ARG_LAPL,2050,CEREAL,4.097
ARG_LAPL,2060,CROP_FLW,6.417
ARG_LAPL,2060,PDR,6.302
ARG_LAPL,2060,WHT,4.039
ARG_LAPL,2060,GRO,3.883
ARG_LAPL,2060,OSD,4.256
ARG_LAPL,2060,C_B,109.732
ARG_LAPL,2060,OTH_A,4.327
ARG_LAPL,2060,CEREAL,4.144
ARG_LAPL,2070,CROP_FLW,6.321
ARG_LAPL,2070,PDR,6.27
ARG_LAPL,2070,WHT,4.066
ARG_LAPL,2070,GRO,3.929
ARG_LAPL,2070,OSD,4.259
ARG_LAPL,2070,C_B,111.009
ARG_LAPL,2070,OTH_A,4.362
ARG_LAPL,2070,CEREAL,4.184
ARG_LAPL,2080,CROP_FLW,6.477
ARG_LAPL,2080,PDR,6.368
ARG_LAPL,2080,WHT,4.064
ARG_LAPL,2080,GRO,3.958
ARG_LAPL,2080,OSD,4.288
ARG_LAPL,2080,C_B,111.879
ARG_LAPL,2080,OTH_A,4.367
ARG_LAPL,2080,CEREAL,4.196
ARG_LAPL,2090,CROP_FLW,6.643
ARG_LAPL,2090,PDR,6.518
ARG_LAPL,2090,WHT,4.063
ARG_LAPL,2090,GRO,3.911
ARG_LAPL,2090,OSD,4.324
ARG_LAPL,2090,C_B,112.181
ARG_LAPL,2090,OTH_A,4.39
ARG_LAPL,2090,CEREAL,4.149
ARG_LAPL,2100,CROP_FLW,6.649
ARG_LAPL,2100,PDR,6.553
ARG_LAPL,2100,WHT,4.012
ARG_LAPL,2100,GRO,3.885
ARG_LAPL,2100,OSD,4.326
ARG_LAPL,2100,C_B,113.268
ARG_LAPL,2100,OTH_A,4.445
ARG_LAPL,2100,CEREAL,4.106
ARG_NASA,2005,CROP_FLW,5.339
ARG_NASA,2005,PDR,5.315
ARG_NASA,2005,WHT,3.28
ARG_NASA,2005,GRO,3.289
ARG_NASA,2005,OSD,3.92
ARG_NASA,2005,OTH_A,3.1
ARG_NASA,2005,CEREAL,3.285
ARG_NASA,2010,CROP_FLW,5.056
ARG_NASA,2010,PDR,6.059
ARG_NASA,2010,WHT,3.523
ARG_NASA,2010,GRO,3.623
ARG_NASA,2010,OSD,4.378
ARG_NASA,2010,OTH_A,3.642
ARG_NASA,2010,CEREAL,3.582
ARG_NASA,2020,CROP_FLW,5.038
ARG_NASA,2020,PDR,5.994
ARG_NASA,2020,WHT,3.539
ARG_NASA,2020,GRO,3.741
ARG_NASA,2020,OSD,4.398
ARG_NASA,2020,OTH_A,4.032
ARG_NASA,2020,CEREAL,3.652
ARG_NASA,2030,CROP_FLW,5.037
ARG_NASA,2030,PDR,6.114
ARG_NASA,2030,WHT,3.541
ARG_NASA,2030,GRO,3.759
ARG_NASA,2030,OSD,4.414
ARG_NASA,2030,OTH_A,4.075
ARG_NASA,2030,CEREAL,3.663
ARG_NASA,2040,CROP_FLW,5.082
ARG_NASA,2040,PDR,5.952
ARG_NASA,2040,WHT,3.574
ARG_NASA,2040,GRO,3.891
ARG_NASA,2040,OSD,4.46
ARG_NASA,2040,OTH_A,4.083
ARG_NASA,2040,CEREAL,3.748
ARG_NASA,2050,CROP_FLW,5.05
ARG_NASA,2050,PDR,5.815
ARG_NASA,2050,WHT,3.602
ARG_NASA,2050,GRO,4.035
ARG_NASA,2050,OSD,4.501
ARG_NASA,2050,OTH_A,4.1
ARG_NASA,2050,CEREAL,3.835
ARG_NASA,2060,CROP_FLW,5.094
ARG_NASA,2060,PDR,5.801
ARG_NASA,2060,WHT,3.611
ARG_NASA,2060,GRO,4.111
ARG_NASA,2060,OSD,4.505
ARG_NASA,2060,OTH_A,4.126
ARG_NASA,2060,CEREAL,3.869
ARG_NASA,2070,CROP_FLW,5.068
ARG_NASA,2070,PDR,5.671
ARG_NASA,2070,WHT,3.607
ARG_NASA,2070,GRO,4.253
ARG_NASA,2070,OSD,4.557
ARG_NASA,2070,OTH_A,4.17
ARG_NASA,2070,CEREAL,3.928
ARG_NASA,2080,CROP_FLW,5.075
ARG_NASA,2080,PDR,5.729
ARG_NASA,2080,WHT,3.653
ARG_NASA,2080,GRO,4.306
ARG_NASA,2080,OSD,4.661
ARG_NASA,2080,OTH_A,4.329
ARG_NASA,2080,CEREAL,3.981
ARG_NASA,2090,CROP_FLW,5.005
ARG_NASA,2090,PDR,5.758
ARG_NASA,2090,WHT,3.692
ARG_NASA,2090,GRO,4.28
ARG_NASA,2090,OSD,4.732
ARG_NASA,2090,OTH_A,4.43
ARG_NASA,2090,CEREAL,4.009
ARG_NASA,2100,CROP_FLW,5.005
ARG_NASA,2100,PDR,6.146
ARG_NASA,2100,WHT,3.658
ARG_NASA,2100,GRO,4.307
ARG_NASA,2100,OSD,4.732
ARG_NASA,2100,OTH_A,4.403
ARG_NASA,2100,CEREAL,4.017
ARG_NEGR,2005,CROP_FLW,4.301
ARG_NEGR,2005,GRO,3.537
ARG_NEGR,2005,OTH_A,3.432
ARG_NEGR,2005,CEREAL,3.537
ARG_NEGR,2010,CROP_FLW,4.297
ARG_NEGR,2010,GRO,3.676
ARG_NEGR,2010,OTH_A,3.625
ARG_NEGR,2010,CEREAL,3.676
ARG_NEGR,2020,CROP_FLW,4.194
ARG_NEGR,2020,GRO,3.958
ARG_NEGR,2020,OTH_A,3.99
ARG_NEGR,2020,CEREAL,3.958
ARG_NEGR,2030,CROP_FLW,4.18
ARG_NEGR,2030,GRO,3.969
ARG_NEGR,2030,OTH_A,4.044
ARG_NEGR,2030,CEREAL,3.969
ARG_NEGR,2040,CROP_FLW,4.23
ARG_NEGR,2040,GRO,4.034
ARG_NEGR,2040,OTH_A,4.12
ARG_NEGR,2040,CEREAL,4.034
ARG_NEGR,2050,CROP_FLW,4.234
ARG_NEGR,2050,GRO,4.081
ARG_NEGR,2050,OTH_A,4.184
ARG_NEGR,2050,CEREAL,4.081
ARG_NEGR,2060,CROP_FLW,4.237
ARG_NEGR,2060,GRO,4.137
ARG_NEGR,2060,OTH_A,4.233
ARG_NEGR,2060,CEREAL,4.137
ARG_NEGR,2070,CROP_FLW,4.113
ARG_NEGR,2070,GRO,4.219
ARG_NEGR,2070,OTH_A,4.399
ARG_NEGR,2070,CEREAL,4.219
ARG_NEGR,2080,CROP_FLW,4.087
ARG_NEGR,2080,GRO,4.299
ARG_NEGR,2080,OTH_A,4.826
ARG_NEGR,2080,CEREAL,4.299
ARG_NEGR,2090,CROP_FLW,4.193
ARG_NEGR,2090,GRO,4.313
ARG_NEGR,2090,OTH_A,5.024
ARG_NEGR,2090,CEREAL,4.313
ARG_NEGR,2100,CROP_FLW,4.142
ARG_NEGR,2100,GRO,4.453
ARG_NEGR,2100,OTH_A,5.21
ARG_NEGR,2100,CEREAL,4.453
ARG_PAMP,2005,CROP_FLW,5.966
ARG_PAMP,2005,WHT,3.252
ARG_PAMP,2005,GRO,3.457
ARG_PAMP,2005,OSD,3.966
ARG_PAMP,2005,OTH_A,3.216
ARG_PAMP,2005,CEREAL,3.331
ARG_PAMP,2010,CROP_FLW,5.868
ARG_PAMP,2010,WHT,3.512
ARG_PAMP,2010,GRO,3.777
ARG_PAMP,2010,OSD,4.515
ARG_PAMP,2010,OTH_A,3.65
ARG_PAMP,2010,CEREAL,3.663
ARG_PAMP,2020,CROP_FLW,5.853
ARG_PAMP,2020,WHT,3.677
ARG_PAMP,2020,GRO,4.0
ARG_PAMP,2020,OSD,4.529
ARG_PAMP,2020,OTH_A,3.879
ARG_PAMP,2020,CEREAL,3.856
ARG_PAMP,2030,CROP_FLW,5.862
ARG_PAMP,2030,WHT,3.694
ARG_PAMP,2030,GRO,4.013
ARG_PAMP,2030,OSD,4.529
ARG_PAMP,2030,OTH_A,3.921
ARG_PAMP,2030,CEREAL,3.871
ARG_PAMP,2040,CROP_FLW,5.84
ARG_PAMP,2040,WHT,3.741
ARG_PAMP,2040,GRO,4.153
ARG_PAMP,2040,OSD,4.599
ARG_PAMP,2040,OTH_A,3.969
ARG_PAMP,2040,CEREAL,3.965
ARG_PAMP,2050,CROP_FLW,5.818
ARG_PAMP,2050,WHT,3.778
ARG_PAMP,2050,GRO,4.287
ARG_PAMP,2050,OSD,4.674
ARG_PAMP,2050,OTH_A,4.029
ARG_PAMP,2050,CEREAL,4.049
ARG_PAMP,2060,CROP_FLW,5.837
ARG_PAMP,2060,WHT,3.786
ARG_PAMP,2060,GRO,4.341
ARG_PAMP,2060,OSD,4.687
ARG_PAMP,2060,OTH_A,4.05
ARG_PAMP,2060,CEREAL,4.071
ARG_PAMP,2070,CROP_FLW,5.848
ARG_PAMP,2070,WHT,3.792
ARG_PAMP,2070,GRO,4.457
ARG_PAMP,2070,OSD,4.772
ARG_PAMP,2070,OTH_A,4.155
ARG_PAMP,2070,CEREAL,4.12
ARG_PAMP,2080,CROP_FLW,5.823
ARG_PAMP,2080,WHT,3.838
ARG_PAMP,2080,GRO,4.515
ARG_PAMP,2080,OSD,4.899
ARG_PAMP,2080,OTH_A,4.348
ARG_PAMP,2080,CEREAL,4.175
ARG_PAMP,2090,CROP_FLW,5.808
ARG_PAMP,2090,WHT,3.873
ARG_PAMP,2090,GRO,4.573
ARG_PAMP,2090,OSD,5.019
ARG_PAMP,2090,OTH_A,4.503
ARG_PAMP,2090,CEREAL,4.246
ARG_PAMP,2100,CROP_FLW,5.838
ARG_PAMP,2100,WHT,3.873
ARG_PAMP,2100,GRO,4.561
ARG_PAMP,2100,OSD,4.997
ARG_PAMP,2100,OTH_A,4.53
ARG_PAMP,2100,CEREAL,4.254
ARG_SACC,2005,CROP_FLW,4.493
ARG_SACC,2005,GRO,3.627
ARG_SACC,2005,OTH_A,3.398
ARG_SACC,2005,CEREAL,3.627
ARG_SACC,2010,CROP_FLW,4.492
ARG_SACC,2010,GRO,3.658
ARG_SACC,2010,OTH_A,3.968
ARG_SACC,2010,CEREAL,3.658
ARG_SACC,2020,CROP_FLW,3.616
ARG_SACC,2020,GRO,3.869
ARG_SACC,2020,OTH_A,4.672
ARG_SACC,2020,CEREAL,3.869
ARG_SACC,2030,CROP_FLW,3.328
ARG_SACC,2030,GRO,4.036
ARG_SACC,2030,OTH_A,4.858
ARG_SACC,2030,CEREAL,4.036
ARG_SACC,2040,CROP_FLW,3.471
ARG_SACC,2040,GRO,4.108
ARG_SACC,2040,OTH_A,4.865
ARG_SACC,2040,CEREAL,4.108
ARG_SACC,2050,CROP_FLW,3.475
ARG_SACC,2050,GRO,4.175
ARG_SACC,2050,OTH_A,5.034
ARG_SACC,2050,CEREAL,4.175
ARG_SACC,2060,CROP_FLW,3.48
ARG_SACC,2060,GRO,4.199
ARG_SACC,2060,OTH_A,5.207
ARG_SACC,2060,CEREAL,4.199
ARG_SACC,2070,CROP_FLW,3.72
ARG_SACC,2070,GRO,4.27
ARG_SACC,2070,OTH_A,5.2
ARG_SACC,2070,CEREAL,4.27
ARG_SACC,2080,CROP_FLW,4.131
ARG_SACC,2080,GRO,4.349
ARG_SACC,2080,OTH_A,5.467
ARG_SACC,2080,CEREAL,4.349
ARG_SACC,2090,CROP_FLW,4.372
ARG_SACC,2090,GRO,4.334
ARG_SACC,2090,OTH_A,5.735
ARG_SACC,2090,CEREAL,4.334
ARG_SACC,2100,CROP_FLW,4.709
ARG_SACC,2100,GRO,4.487
ARG_SACC,2100,OTH_A,5.994
ARG_SACC,2100,CEREAL,4.487
ARG_SASS,2005,CROP_FLW,2.413
ARG_SASS,2005,GRO,3.831
ARG_SASS,2005,OTH_A,4.272
ARG_SASS,2005,CEREAL,3.831
ARG_SASS,2010,CROP_FLW,2.413
ARG_SASS,2010,GRO,3.744
ARG_SASS,2010,OTH_A,4.565
ARG_SASS,2010,CEREAL,3.744
ARG_SASS,2020,CROP_FLW,2.388
ARG_SASS,2020,GRO,4.069
ARG_SASS,2020,OTH_A,4.975
ARG_SASS,2020,CEREAL,4.069
ARG_SASS,2030,CROP_FLW,2.374
ARG_SASS,2030,GRO,4.459
ARG_SASS,2030,OTH_A,5.053
ARG_SASS,2030,CEREAL,4.459
ARG_SASS,2040,CROP_FLW,2.373
ARG_SASS,2040,GRO,4.722
ARG_SASS,2040,OTH_A,5.091
ARG_SASS,2040,CEREAL,4.722
ARG_SASS,2050,CROP_FLW,2.339
ARG_SASS,2050,GRO,4.692
ARG_SASS,2050,OTH_A,5.168
ARG_SASS,2050,CEREAL,4.692
ARG_SASS,2060,CROP_FLW,2.642
ARG_SASS,2060,GRO,4.712
ARG_SASS,2060,OTH_A,5.296
ARG_SASS,2060,CEREAL,4.712
ARG_SASS,2070,CROP_FLW,2.629
ARG_SASS,2070,GRO,4.851
ARG_SASS,2070,OTH_A,5.652
ARG_SASS,2070,CEREAL,4.851
ARG_SASS,2080,CROP_FLW,2.877
ARG_SASS,2080,GRO,4.92
ARG_SASS,2080,OTH_A,6.051
ARG_SASS,2080,CEREAL,4.92
ARG_SASS,2090,CROP_FLW,3.011
ARG_SASS,2090,GRO,5.018
ARG_SASS,2090,OTH_A,6.163
ARG_SASS,2090,CEREAL,5.018
ARG_SASS,2100,CROP_FLW,3.016
ARG_SASS,2100,GRO,5.037
ARG_SASS,2100,OTH_A,6.382
ARG_SASS,2100,CEREAL,5.037
ARG_SGRN,2005,CROP_FLW,6.254
ARG_SGRN,2005,WHT,3.177
ARG_SGRN,2005,GRO,3.446
ARG_SGRN,2005,OSD,3.85
ARG_SGRN,2005,C_B,62.874
ARG_SGRN,2005,OTH_A,3.414
ARG_SGRN,2005,CEREAL,3.317
ARG_SGRN,2010,CROP_FLW,6.339
ARG_SGRN,2010,WHT,3.549
ARG_SGRN,2010,GRO,3.672
ARG_SGRN,2010,OSD,4.319
ARG_SGRN,2010,C_B,64.325
ARG_SGRN,2010,OTH_A,3.888
ARG_SGRN,2010,CEREAL,3.634
ARG_SGRN,2020,CROP_FLW,6.271
ARG_SGRN,2020,WHT,3.824
ARG_SGRN,2020,GRO,3.699
ARG_SGRN,2020,OSD,4.335
ARG_SGRN,2020,C_B,73.366
ARG_SGRN,2020,OTH_A,4.294
ARG_SGRN,2020,CEREAL,3.738
ARG_SGRN,2030,CROP_FLW,6.271
ARG_SGRN,2030,WHT,3.875
ARG_SGRN,2030,GRO,3.7
ARG_SGRN,2030,OSD,4.391
ARG_SGRN,2030,C_B,74.228
ARG_SGRN,2030,OTH_A,4.353
ARG_SGRN,2030,CEREAL,3.754
ARG_SGRN,2040,CROP_FLW,6.251
ARG_SGRN,2040,WHT,3.884
ARG_SGRN,2040,GRO,3.748
ARG_SGRN,2040,OSD,4.408
ARG_SGRN,2040,C_B,74.406
ARG_SGRN,2040,OTH_A,4.376
ARG_SGRN,2040,CEREAL,3.791
ARG_SGRN,2050,CROP_FLW,6.229
ARG_SGRN,2050,WHT,3.895
ARG_SGRN,2050,GRO,3.79
ARG_SGRN,2050,OSD,4.431
ARG_SGRN,2050,C_B,75.16
ARG_SGRN,2050,OTH_A,4.396
ARG_SGRN,2050,CEREAL,3.824
ARG_SGRN,2060,CROP_FLW,6.232
ARG_SGRN,2060,WHT,3.882
ARG_SGRN,2060,GRO,3.797
ARG_SGRN,2060,OSD,4.437
ARG_SGRN,2060,C_B,75.721
ARG_SGRN,2060,OTH_A,4.432
ARG_SGRN,2060,CEREAL,3.825
ARG_SGRN,2070,CROP_FLW,6.222
ARG_SGRN,2070,WHT,3.894
ARG_SGRN,2070,GRO,3.809
ARG_SGRN,2070,OSD,4.445
ARG_SGRN,2070,C_B,76.261
ARG_SGRN,2070,OTH_A,4.462
ARG_SGRN,2070,CEREAL,3.839
ARG_SGRN,2080,CROP_FLW,6.22
ARG_SGRN,2080,WHT,3.888
ARG_SGRN,2080,GRO,3.82
ARG_SGRN,2080,OSD,4.456
ARG_SGRN,2080,C_B,77.429
ARG_SGRN,2080,OTH_A,4.511
ARG_SGRN,2080,CEREAL,3.843
ARG_SGRN,2090,CROP_FLW,6.106
ARG_SGRN,2090,WHT,3.898
ARG_SGRN,2090,GRO,3.831
ARG_SGRN,2090,OSD,4.549
ARG_SGRN,2090,C_B,79.986
ARG_SGRN,2090,OTH_A,4.561
ARG_SGRN,2090,CEREAL,3.851
ARG_SGRN,2100,CROP_FLW,6.066
ARG_SGRN,2100,WHT,3.883
ARG_SGRN,2100,GRO,3.823
ARG_SGRN,2100,OSD,4.624
ARG_SGRN,2100,C_B,82.888
ARG_SGRN,2100,OTH_A,4.583
ARG_SGRN,2100,CEREAL,3.84
ARM_CSSW,2005,CROP_FLW,3.363
ARM_CSSW,2005,WHT,1.952
ARM_CSSW,2005,GRO,2.234
ARM_CSSW,2005,OSD,1.71
ARM_CSSW,2005,C_B,33.22
ARM_CSSW,2005,OTH_A,1.96
ARM_CSSW,2005,CEREAL,2.082
ARM_CSSW,2010,CROP_FLW,3.321
ARM_CSSW,2010,WHT,2.061
ARM_CSSW,2010,GRO,2.24
ARM_CSSW,2010,OSD,2.104
ARM_CSSW,2010,C_B,38.53
ARM_CSSW,2010,OTH_A,1.939
ARM_CSSW,2010,CEREAL,2.155
ARM_CSSW,2020,CROP_FLW,3.313
ARM_CSSW,2020,WHT,2.051
ARM_CSSW,2020,GRO,2.217
ARM_CSSW,2020,OSD,2.173
ARM_CSSW,2020,C_B,42.451
ARM_CSSW,2020,OTH_A,1.916
ARM_CSSW,2020,CEREAL,2.136
ARM_CSSW,2030,CROP_FLW,3.281
ARM_CSSW,2030,WHT,2.181
ARM_CSSW,2030,GRO,2.305
ARM_CSSW,2030,OSD,2.189
ARM_CSSW,2030,C_B,43.032
ARM_CSSW,2030,OTH_A,1.968
ARM_CSSW,2030,CEREAL,2.231
ARM_CSSW,2040,CROP_FLW,3.279
ARM_CSSW,2040,WHT,2.2
ARM_CSSW,2040,GRO,2.279
ARM_CSSW,2040,OSD,2.208
ARM_CSSW,2040,C_B,43.681
ARM_CSSW,2040,OTH_A,1.96
ARM_CSSW,2040,CEREAL,2.232
ARM_CSSW,2050,CROP_FLW,3.287
ARM_CSSW,2050,WHT,2.173
ARM_CSSW,2050,GRO,2.24
ARM_CSSW,2050,OSD,2.215
ARM_CSSW,2050,C_B,44.158
ARM_CSSW,2050,OTH_A,1.952
ARM_CSSW,2050,CEREAL,2.201
ARM_CSSW,2060,CROP_FLW,3.262
ARM_CSSW,2060,WHT,2.286
ARM_CSSW,2060,GRO,2.288
ARM_CSSW,2060,OSD,2.24
ARM_CSSW,2060,C_B,46.039
ARM_CSSW,2060,OTH_A,2.26
ARM_CSSW,2060,CEREAL,2.287
ARM_CSSW,2070,CROP_FLW,3.303
ARM_CSSW,2070,WHT,2.334
ARM_CSSW,2070,GRO,2.316
ARM_CSSW,2070,OSD,2.24
ARM_CSSW,2070,C_B,46.059
ARM_CSSW,2070,OTH_A,2.294
ARM_CSSW,2070,CEREAL,2.326
ARM_CSSW,2080,CROP_FLW,3.299
ARM_CSSW,2080,WHT,2.352
ARM_CSSW,2080,GRO,2.34
ARM_CSSW,2080,OSD,2.24
ARM_CSSW,2080,C_B,46.084
ARM_CSSW,2080,OTH_A,2.301
ARM_CSSW,2080,CEREAL,2.347
ARM_CSSW,2090,CROP_FLW,3.292
ARM_CSSW,2090,WHT,2.353
ARM_CSSW,2090,GRO,2.373
ARM_CSSW,2090,OSD,2.24
ARM_CSSW,2090,C_B,46.106
ARM_CSSW,2090,OTH_A,2.31
ARM_CSSW,2090,CEREAL,2.361
ARM_CSSW,2100,CROP_FLW,3.312
ARM_CSSW,2100,WHT,2.409
ARM_CSSW,2100,GRO,2.381
ARM_CSSW,2100,OSD,2.239
ARM_CSSW,2100,C_B,46.138
ARM_CSSW,2100,OTH_A,2.312
ARM_CSSW,2100,CEREAL,2.398
ATG_CARI,2005,CROP_FLW,6.013
ATG_CARI,2010,CROP_FLW,6.013
ATG_CARI,2020,CROP_FLW,6.015
ATG_CARI,2030,CROP_FLW,6.015
ATG_CARI,2040,CROP_FLW,6.015
ATG_CARI,2050,CROP_FLW,6.015
ATG_CARI,2060,CROP_FLW,6.015
ATG_CARI,2070,CROP_FLW,6.015
ATG_CARI,2080,CROP_FLW,6.015
ATG_CARI,2090,CROP_FLW,6.013
ATG_CARI,2100,CROP_FLW,6.014
AUS_AEAC,2005,CROP_FLW,4.98
AUS_AEAC,2005,WHT,1.824
AUS_AEAC,2005,GRO,2.35
AUS_AEAC,2005,OSD,3.14
AUS_AEAC,2005,C_B,119.598
AUS_AEAC,2005,OTH_A,6.133
AUS_AEAC,2005,CEREAL,2.089
AUS_AEAC,2010,CROP_FLW,5.266
AUS_AEAC,2010,WHT,1.832
AUS_AEAC,2010,GRO,2.344
AUS_AEAC,2010,OSD,3.576
AUS_AEAC,2010,C_B,133.045
AUS_AEAC,2010,OTH_A,7.348
AUS_AEAC,2010,CEREAL,2.074
AUS_AEAC,2020,CROP_FLW,5.177
AUS_AEAC,2020,WHT,1.888
AUS_AEAC,2020,GRO,2.957
AUS_AEAC,2020,OSD,7.659
AUS_AEAC,2020,C_B,178.15
AUS_AEAC,2020,OTH_A,7.575
AUS_AEAC,2020,CEREAL,2.406
AUS_AEAC,2030,CROP_FLW,5.187
AUS_AEAC,2030,WHT,1.91
AUS_AEAC,2030,GRO,3.119
AUS_AEAC,2030,OSD,7.901
AUS_AEAC,2030,C_B,186.27
AUS_AEAC,2030,OTH_A,7.777
AUS_AEAC,2030,CEREAL,2.484
AUS_AEAC,2040,CROP_FLW,5.091
AUS_AEAC,2040,WHT,1.92
AUS_AEAC,2040,GRO,3.183
AUS_AEAC,2040,OSD,8.023
AUS_AEAC,2040,C_B,192.119
AUS_AEAC,2040,OTH_A,7.889
AUS_AEAC,2040,CEREAL,2.507
AUS_AEAC,2050,CROP_FLW,5.076
AUS_AEAC,2050,WHT,1.934
AUS_AEAC,2050,GRO,3.273
AUS_AEAC,2050,OSD,8.109
AUS_AEAC,2050,C_B,195.529
AUS_AEAC,2050,OTH_A,8.006
AUS_AEAC,2050,CEREAL,2.52
AUS_AEAC,2060,CROP_FLW,5.124
AUS_AEAC,2060,WHT,1.943
AUS_AEAC,2060,GRO,3.282
AUS_AEAC,2060,OSD,8.207
AUS_AEAC,2060,C_B,197.349
AUS_AEAC,2060,OTH_A,8.284
AUS_AEAC,2060,CEREAL,2.496
AUS_AEAC,2070,CROP_FLW,4.85
AUS_AEAC,2070,WHT,2.022
AUS_AEAC,2070,GRO,3.691
AUS_AEAC,2070,OSD,9.329
AUS_AEAC,2070,C_B,209.264
AUS_AEAC,2070,OTH_A,9.19
AUS_AEAC,2070,CEREAL,2.686
AUS_AEAC,2080,CROP_FLW,4.93
AUS_AEAC,2080,WHT,2.171
AUS_AEAC,2080,GRO,4.482
AUS_AEAC,2080,OSD,10.508
AUS_AEAC,2080,C_B,245.083
AUS_AEAC,2080,OTH_A,9.231
AUS_AEAC,2080,CEREAL,3.077
AUS_AEAC,2090,CROP_FLW,5.394
AUS_AEAC,2090,WHT,2.331
AUS_AEAC,2090,GRO,5.138
AUS_AEAC,2090,OSD,11.733
AUS_AEAC,2090,C_B,311.001
AUS_AEAC,2090,OTH_A,9.451
AUS_AEAC,2090,CEREAL,3.505
AUS_AEAC,2100,CROP_FLW,5.536
AUS_AEAC,2100,WHT,2.414
AUS_AEAC,2100,GRO,5.264
AUS_AEAC,2100,OSD,11.833
AUS_AEAC,2100,C_B,322.907
AUS_AEAC,2100,OTH_A,9.974
AUS_AEAC,2100,CEREAL,3.685
AUS_AINT,2005,CROP_FLW,3.856
AUS_AINT,2005,WHT,1.816
AUS_AINT,2005,GRO,1.694
AUS_AINT,2005,C_B,120.409
AUS_AINT,2005,OTH_A,5.225
AUS_AINT,2005,CEREAL,1.783
AUS_AINT,2010,CROP_FLW,3.935
AUS_AINT,2010,WHT,1.826
AUS_AINT,2010,GRO,1.86
AUS_AINT,2010,C_B,127.065
AUS_AINT,2010,OTH_A,5.807
AUS_AINT,2010,CEREAL,1.834
AUS_AINT,2020,CROP_FLW,3.928
AUS_AINT,2020,WHT,1.838
AUS_AINT,2020,GRO,3.391
AUS_AINT,2020,C_B,138.11
AUS_AINT,2020,OTH_A,7.8
AUS_AINT,2020,CEREAL,2.228
AUS_AINT,2030,CROP_FLW,3.894
AUS_AINT,2030,WHT,1.879
AUS_AINT,2030,GRO,3.863
AUS_AINT,2030,C_B,142.305
AUS_AINT,2030,OTH_A,8.338
AUS_AINT,2030,CEREAL,2.379
AUS_AINT,2040,CROP_FLW,3.729
AUS_AINT,2040,WHT,1.989
AUS_AINT,2040,GRO,4.837
AUS_AINT,2040,C_B,164.181
AUS_AINT,2040,OTH_A,10.127
AUS_AINT,2040,CEREAL,2.73
AUS_AINT,2050,CROP_FLW,3.825
AUS_AINT,2050,WHT,2.008
AUS_AINT,2050,GRO,5.216
AUS_AINT,2050,C_B,164.405
AUS_AINT,2050,OTH_A,10.159
AUS_AINT,2050,CEREAL,2.813
AUS_AINT,2060,CROP_FLW,3.864
AUS_AINT,2060,WHT,2.029
AUS_AINT,2060,GRO,5.645
AUS_AINT,2060,C_B,163.029
AUS_AINT,2060,OTH_A,10.551
AUS_AINT,2060,CEREAL,2.918
AUS_AINT,2070,CROP_FLW,3.757
AUS_AINT,2070,WHT,2.145
AUS_AINT,2070,GRO,6.437
AUS_AINT,2070,C_B,167.925
AUS_AINT,2070,OTH_A,10.617
AUS_AINT,2070,CEREAL,3.246
AUS_AINT,2080,CROP_FLW,4.03
AUS_AINT,2080,WHT,2.26
AUS_AINT,2080,GRO,7.76
AUS_AINT,2080,C_B,188.739
AUS_AINT,2080,OTH_A,11.236
AUS_AINT,2080,CEREAL,3.77
AUS_AINT,2090,CROP_FLW,4.147
AUS_AINT,2090,WHT,2.361
AUS_AINT,2090,GRO,8.778
AUS_AINT,2090,C_B,209.11
AUS_AINT,2090,OTH_A,11.938
AUS_AINT,2090,CEREAL,4.386
AUS_AINT,2100,CROP_FLW,4.245
AUS_AINT,2100,WHT,2.39
AUS_AINT,2100,GRO,8.989
AUS_AINT,2100,C_B,212.263
AUS_AINT,2100,OTH_A,11.953
AUS_AINT,2100,CEREAL,4.608
AUS_ASCO,2005,CROP_FLW,3.502
AUS_ASCO,2005,WHT,1.777
AUS_ASCO,2005,GRO,2.012
AUS_ASCO,2005,OSD,2.906
AUS_ASCO,2005,OTH_A,5.322
AUS_ASCO,2005,CEREAL,1.884
AUS_ASCO,2010,CROP_FLW,3.34
AUS_ASCO,2010,WHT,1.785
AUS_ASCO,2010,GRO,2.234
AUS_ASCO,2010,OSD,2.911
AUS_ASCO,2010,OTH_A,5.342
AUS_ASCO,2010,CEREAL,1.976
AUS_ASCO,2020,CROP_FLW,3.306
AUS_ASCO,2020,WHT,1.855
AUS_ASCO,2020,GRO,2.083
AUS_ASCO,2020,OSD,2.731
AUS_ASCO,2020,OTH_A,5.404
AUS_ASCO,2020,CEREAL,1.955
AUS_ASCO,2030,CROP_FLW,3.299
AUS_ASCO,2030,WHT,1.863
AUS_ASCO,2030,GRO,2.124
AUS_ASCO,2030,OSD,2.826
AUS_ASCO,2030,OTH_A,5.588
AUS_ASCO,2030,CEREAL,1.976
AUS_ASCO,2040,CROP_FLW,3.167
AUS_ASCO,2040,WHT,1.921
AUS_ASCO,2040,GRO,2.422
AUS_ASCO,2040,OSD,3.019
AUS_ASCO,2040,OTH_A,6.044
AUS_ASCO,2040,CEREAL,2.135
AUS_ASCO,2050,CROP_FLW,3.102
AUS_ASCO,2050,WHT,1.959
AUS_ASCO,2050,GRO,2.752
AUS_ASCO,2050,OSD,3.125
AUS_ASCO,2050,OTH_A,6.225
AUS_ASCO,2050,CEREAL,2.277
AUS_ASCO,2060,CROP_FLW,3.082
AUS_ASCO,2060,WHT,2.01
AUS_ASCO,2060,GRO,3.177
AUS_ASCO,2060,OSD,3.294
AUS_ASCO,2060,OTH_A,6.47
AUS_ASCO,2060,CEREAL,2.456
AUS_ASCO,2070,CROP_FLW,3.141
AUS_ASCO,2070,WHT,2.093
AUS_ASCO,2070,GRO,3.784
AUS_ASCO,2070,OSD,3.639
AUS_ASCO,2070,OTH_A,6.996
AUS_ASCO,2070,CEREAL,2.728
AUS_ASCO,2080,CROP_FLW,3.189
AUS_ASCO,2080,WHT,2.206
AUS_ASCO,2080,GRO,4.306
AUS_ASCO,2080,OSD,3.832
AUS_ASCO,2080,OTH_A,7.101
AUS_ASCO,2080,CEREAL,2.959
AUS_ASCO,2090,CROP_FLW,3.233
AUS_ASCO,2090,WHT,2.224
AUS_ASCO,2090,GRO,4.343
AUS_ASCO,2090,OSD,3.882
AUS_ASCO,2090,OTH_A,7.154
AUS_ASCO,2090,CEREAL,2.977
AUS_ASCO,2100,CROP_FLW,3.231
AUS_ASCO,2100,WHT,2.227
AUS_ASCO,2100,GRO,4.1
AUS_ASCO,2100,OSD,3.923
AUS_ASCO,2100,OTH_A,7.287
AUS_ASCO,2100,CEREAL,2.919
AUS_AUNC,2005,CROP_FLW,11.202
AUS_AUNC,2005,GRO,1.953
AUS_AUNC,2005,C_B,115.182
AUS_AUNC,2005,OTH_A,6.494
AUS_AUNC,2005,CEREAL,1.953
AUS_AUNC,2010,CROP_FLW,11.134
AUS_AUNC,2010,GRO,2.099
AUS_AUNC,2010,C_B,125.506
AUS_AUNC,2010,OTH_A,6.367
AUS_AUNC,2010,CEREAL,2.099
AUS_AUNC,2020,CROP_FLW,10.62
AUS_AUNC,2020,GRO,2.237
AUS_AUNC,2020,C_B,126.098
AUS_AUNC,2020,OTH_A,6.574
AUS_AUNC,2020,CEREAL,2.237
AUS_AUNC,2030,CROP_FLW,10.709
AUS_AUNC,2030,GRO,2.261
AUS_AUNC,2030,C_B,128.39
AUS_AUNC,2030,OTH_A,6.581
AUS_AUNC,2030,CEREAL,2.261
AUS_AUNC,2040,CROP_FLW,10.871
AUS_AUNC,2040,GRO,2.269
AUS_AUNC,2040,C_B,127.498
AUS_AUNC,2040,OTH_A,6.641
AUS_AUNC,2040,CEREAL,2.269
AUS_AUNC,2050,CROP_FLW,10.964
AUS_AUNC,2050,GRO,2.297
AUS_AUNC,2050,C_B,126.316
AUS_AUNC,2050,OTH_A,6.664
AUS_AUNC,2050,CEREAL,2.297
AUS_AUNC,2060,CROP_FLW,11.175
AUS_AUNC,2060,GRO,2.327
AUS_AUNC,2060,C_B,125.81
AUS_AUNC,2060,OTH_A,6.731
AUS_AUNC,2060,CEREAL,2.327
AUS_AUNC,2070,CROP_FLW,11.614
AUS_AUNC,2070,GRO,2.375
AUS_AUNC,2070,C_B,129.046
AUS_AUNC,2070,OTH_A,6.993
AUS_AUNC,2070,CEREAL,2.375
AUS_AUNC,2080,CROP_FLW,12.275
AUS_AUNC,2080,GRO,2.467
AUS_AUNC,2080,C_B,145.991
AUS_AUNC,2080,OTH_A,7.161
AUS_AUNC,2080,CEREAL,2.467
AUS_AUNC,2090,CROP_FLW,12.313
AUS_AUNC,2090,GRO,2.477
AUS_AUNC,2090,C_B,172.708
AUS_AUNC,2090,OTH_A,7.478
AUS_AUNC,2090,CEREAL,2.477
AUS_AUNC,2100,CROP_FLW,12.37
AUS_AUNC,2100,GRO,2.477
AUS_AUNC,2100,C_B,181.011
AUS_AUNC,2100,OTH_A,7.768
AUS_AUNC,2100,CEREAL,2.477
AUS_AWEC,2005,CROP_FLW,3.681
AUS_AWEC,2005,WHT,1.818
AUS_AWEC,2005,GRO,1.961
AUS_AWEC,2005,OSD,2.737
AUS_AWEC,2005,OTH_A,5.48
AUS_AWEC,2005,CEREAL,1.849
AUS_AWEC,2010,CROP_FLW,3.664
AUS_AWEC,2010,WHT,1.829
AUS_AWEC,2010,GRO,2.196
AUS_AWEC,2010,OSD,2.803
AUS_AWEC,2010,OTH_A,6.14
AUS_AWEC,2010,CEREAL,1.903
AUS_AWEC,2020,CROP_FLW,4.04
AUS_AWEC,2020,WHT,1.788
AUS_AWEC,2020,GRO,2.644
AUS_AWEC,2020,OSD,3.075
AUS_AWEC,2020,OTH_A,6.264
AUS_AWEC,2020,CEREAL,1.967
AUS_AWEC,2030,CROP_FLW,4.244
AUS_AWEC,2030,WHT,1.851
AUS_AWEC,2030,GRO,2.799
AUS_AWEC,2030,OSD,3.272
AUS_AWEC,2030,OTH_A,6.727
AUS_AWEC,2030,CEREAL,2.048
AUS_AWEC,2040,CROP_FLW,3.972
AUS_AWEC,2040,WHT,1.896
AUS_AWEC,2040,GRO,3.26
AUS_AWEC,2040,OSD,3.439
AUS_AWEC,2040,OTH_A,7.262
AUS_AWEC,2040,CEREAL,2.172
AUS_AWEC,2050,CROP_FLW,3.928
AUS_AWEC,2050,WHT,1.944
AUS_AWEC,2050,GRO,3.713
AUS_AWEC,2050,OSD,3.532
AUS_AWEC,2050,OTH_A,7.751
AUS_AWEC,2050,CEREAL,2.272
AUS_AWEC,2060,CROP_FLW,3.988
AUS_AWEC,2060,WHT,1.999
AUS_AWEC,2060,GRO,4.15
AUS_AWEC,2060,OSD,3.661
AUS_AWEC,2060,OTH_A,8.453
AUS_AWEC,2060,CEREAL,2.373
AUS_AWEC,2070,CROP_FLW,4.193
AUS_AWEC,2070,WHT,2.078
AUS_AWEC,2070,GRO,4.601
AUS_AWEC,2070,OSD,3.843
AUS_AWEC,2070,OTH_A,9.31
AUS_AWEC,2070,CEREAL,2.504
AUS_AWEC,2080,CROP_FLW,4.346
AUS_AWEC,2080,WHT,2.175
AUS_AWEC,2080,GRO,4.862
AUS_AWEC,2080,OSD,3.932
AUS_AWEC,2080,OTH_A,9.365
AUS_AWEC,2080,CEREAL,2.601
AUS_AWEC,2090,CROP_FLW,4.336
AUS_AWEC,2090,WHT,2.216
AUS_AWEC,2090,GRO,4.963
AUS_AWEC,2090,OSD,3.976
AUS_AWEC,2090,OTH_A,9.353
AUS_AWEC,2090,CEREAL,2.648
AUS_AWEC,2100,CROP_FLW,4.335
AUS_AWEC,2100,WHT,2.198
AUS_AWEC,2100,GRO,4.949
AUS_AWEC,2100,OSD,3.999
AUS_AWEC,2100,OTH_A,9.349
AUS_AWEC,2100,CEREAL,2.653
AUS_MRDA,2005,CROP_FLW,4.446
AUS_MRDA,2005,PDR,8.66
AUS_MRDA,2005,WHT,1.795
AUS_MRDA,2005,GRO,2.124
AUS_MRDA,2005,OSD,2.811
AUS_MRDA,2005,OTH_A,5.718
AUS_MRDA,2005,CEREAL,1.934
AUS_MRDA,2010,CROP_FLW,4.457
AUS_MRDA,2010,PDR,12.571
AUS_MRDA,2010,WHT,1.802
AUS_MRDA,2010,GRO,2.257
AUS_MRDA,2010,OSD,3.334
AUS_MRDA,2010,OTH_A,6.162
AUS_MRDA,2010,CEREAL,1.946
AUS_MRDA,2020,CROP_FLW,4.446
AUS_MRDA,2020,PDR,19.186
AUS_MRDA,2020,WHT,1.821
AUS_MRDA,2020,GRO,2.587
AUS_MRDA,2020,OSD,8.359
AUS_MRDA,2020,OTH_A,6.402
AUS_MRDA,2020,CEREAL,2.214
AUS_MRDA,2030,CROP_FLW,4.433
AUS_MRDA,2030,PDR,19.379
AUS_MRDA,2030,WHT,1.831
AUS_MRDA,2030,GRO,2.694
AUS_MRDA,2030,OSD,8.716
AUS_MRDA,2030,OTH_A,6.876
AUS_MRDA,2030,CEREAL,2.254
AUS_MRDA,2040,CROP_FLW,4.21
AUS_MRDA,2040,PDR,19.558
AUS_MRDA,2040,WHT,1.894
AUS_MRDA,2040,GRO,3.068
AUS_MRDA,2040,OSD,9.135
AUS_MRDA,2040,OTH_A,7.425
AUS_MRDA,2040,CEREAL,2.409
AUS_MRDA,2050,CROP_FLW,4.231
AUS_MRDA,2050,PDR,18.638
AUS_MRDA,2050,WHT,1.897
AUS_MRDA,2050,GRO,3.193
AUS_MRDA,2050,OSD,9.16
AUS_MRDA,2050,OTH_A,7.635
AUS_MRDA,2050,CEREAL,2.423
AUS_MRDA,2060,CROP_FLW,4.356
AUS_MRDA,2060,PDR,19.179
AUS_MRDA,2060,WHT,1.896
AUS_MRDA,2060,GRO,3.226
AUS_MRDA,2060,OSD,9.433
AUS_MRDA,2060,OTH_A,7.734
AUS_MRDA,2060,CEREAL,2.421
AUS_MRDA,2070,CROP_FLW,4.22
AUS_MRDA,2070,PDR,21.25
AUS_MRDA,2070,WHT,1.986
AUS_MRDA,2070,GRO,3.772
AUS_MRDA,2070,OSD,11.49
AUS_MRDA,2070,OTH_A,8.719
AUS_MRDA,2070,CEREAL,2.61
AUS_MRDA,2080,CROP_FLW,4.231
AUS_MRDA,2080,PDR,20.972
AUS_MRDA,2080,WHT,2.094
AUS_MRDA,2080,GRO,4.199
AUS_MRDA,2080,OSD,12.703
AUS_MRDA,2080,OTH_A,9.014
AUS_MRDA,2080,CEREAL,2.842
AUS_MRDA,2090,CROP_FLW,4.289
AUS_MRDA,2090,PDR,21.294
AUS_MRDA,2090,WHT,2.185
AUS_MRDA,2090,GRO,4.362
AUS_MRDA,2090,OSD,13.597
AUS_MRDA,2090,OTH_A,8.659
AUS_MRDA,2090,CEREAL,2.983
AUS_MRDA,2100,CROP_FLW,4.36
AUS_MRDA,2100,PDR,21.357
AUS_MRDA,2100,WHT,2.23
AUS_MRDA,2100,GRO,4.341
AUS_MRDA,2100,OSD,13.636
AUS_MRDA,2100,OTH_A,9.019
AUS_MRDA,2100,CEREAL,3.033
AUT_DANU,2005,CROP_FLW,4.156
AUT_DANU,2005,WHT,5.786
AUT_DANU,2005,GRO,4.862
AUT_DANU,2005,OSD,2.513
AUT_DANU,2005,C_B,76.548
AUT_DANU,2005,OTH_A,15.811
AUT_DANU,2005,CEREAL,5.187
AUT_DANU,2010,CROP_FLW,4.823
AUT_DANU,2010,WHT,5.84
AUT_DANU,2010,GRO,4.88
AUT_DANU,2010,OSD,2.528
AUT_DANU,2010,C_B,76.586
AUT_DANU,2010,OTH_A,16.938
AUT_DANU,2010,CEREAL,5.223
AUT_DANU,2020,CROP_FLW,5.827
AUT_DANU,2020,WHT,5.913
AUT_DANU,2020,GRO,5.03
AUT_DANU,2020,OSD,2.539
AUT_DANU,2020,C_B,77.533
AUT_DANU,2020,OTH_A,17.047
AUT_DANU,2020,CEREAL,5.339
AUT_DANU,2030,CROP_FLW,5.82
AUT_DANU,2030,WHT,5.92
AUT_DANU,2030,GRO,5.061
AUT_DANU,2030,OSD,2.534
AUT_DANU,2030,C_B,78.777
AUT_DANU,2030,OTH_A,17.066
AUT_DANU,2030,CEREAL,5.355
AUT_DANU,2040,CROP_FLW,5.85
AUT_DANU,2040,WHT,5.934
AUT_DANU,2040,GRO,5.069
AUT_DANU,2040,OSD,2.285
AUT_DANU,2040,C_B,79.822
AUT_DANU,2040,OTH_A,17.119
AUT_DANU,2040,CEREAL,5.354
AUT_DANU,2050,CROP_FLW,5.323
AUT_DANU,2050,WHT,5.952
AUT_DANU,2050,GRO,5.195
AUT_DANU,2050,OSD,2.366
AUT_DANU,2050,C_B,82.46
AUT_DANU,2050,OTH_A,17.3
AUT_DANU,2050,CEREAL,5.452
AUT_DANU,2060,CROP_FLW,5.304
AUT_DANU,2060,WHT,5.956
AUT_DANU,2060,GRO,5.199
AUT_DANU,2060,OSD,2.379
AUT_DANU,2060,C_B,83.595
AUT_DANU,2060,OTH_A,17.431
AUT_DANU,2060,CEREAL,5.454
AUT_DANU,2070,CROP_FLW,5.276
AUT_DANU,2070,WHT,5.968
AUT_DANU,2070,GRO,5.208
AUT_DANU,2070,OSD,2.377
AUT_DANU,2070,C_B,83.16
AUT_DANU,2070,OTH_A,17.455
AUT_DANU,2070,CEREAL,5.456
AUT_DANU,2080,CROP_FLW,5.245
AUT_DANU,2080,WHT,5.968
AUT_DANU,2080,GRO,5.155
AUT_DANU,2080,OSD,2.27
AUT_DANU,2080,C_B,79.923
AUT_DANU,2080,OTH_A,17.491
AUT_DANU,2080,CEREAL,5.409
AUT_DANU,2090,CROP_FLW,5.728
AUT_DANU,2090,WHT,5.964
AUT_DANU,2090,GRO,5.146
AUT_DANU,2090,OSD,2.24
AUT_DANU,2090,C_B,79.958
AUT_DANU,2090,OTH_A,17.515
AUT_DANU,2090,CEREAL,5.394
AUT_DANU,2100,CROP_FLW,5.981
AUT_DANU,2100,WHT,5.966
AUT_DANU,2100,GRO,5.14
AUT_DANU,2100,OSD,2.232
AUT_DANU,2100,C_B,80.201
AUT_DANU,2100,OTH_A,17.532
AUT_DANU,2100,CEREAL,5.382
AZE_CSSW,2005,CROP_FLW,2.536
AZE_CSSW,2005,PDR,2.123
AZE_CSSW,2005,WHT,1.702
AZE_CSSW,2005,GRO,1.943
AZE_CSSW,2005,OSD,1.432
AZE_CSSW,2005,C_B,21.043
AZE_CSSW,2005,OTH_A,1.657
AZE_CSSW,2005,CEREAL,1.778
AZE_CSSW,2010,CROP_FLW,2.459
AZE_CSSW,2010,PDR,2.712
AZE_CSSW,2010,WHT,1.793
AZE_CSSW,2010,GRO,2.201
AZE_CSSW,2010,OSD,2.528
AZE_CSSW,2010,C_B,51.527
AZE_CSSW,2010,OTH_A,1.661
AZE_CSSW,2010,CEREAL,1.94
AZE_CSSW,2020,CROP_FLW,2.049
AZE_CSSW,2020,PDR,2.966
AZE_CSSW,2020,WHT,1.894
AZE_CSSW,2020,GRO,2.446
AZE_CSSW,2020,OSD,2.603
AZE_CSSW,2020,C_B,68.027
AZE_CSSW,2020,OTH_A,1.723
AZE_CSSW,2020,CEREAL,2.145
AZE_CSSW,2030,CROP_FLW,2.058
AZE_CSSW,2030,PDR,2.968
AZE_CSSW,2030,WHT,1.893
AZE_CSSW,2030,GRO,2.442
AZE_CSSW,2030,OSD,2.619
AZE_CSSW,2030,C_B,68.295
AZE_CSSW,2030,OTH_A,1.728
AZE_CSSW,2030,CEREAL,2.129
AZE_CSSW,2040,CROP_FLW,2.222
AZE_CSSW,2040,PDR,4.518
AZE_CSSW,2040,WHT,1.884
AZE_CSSW,2040,GRO,2.461
AZE_CSSW,2040,OSD,2.629
AZE_CSSW,2040,C_B,68.406
AZE_CSSW,2040,OTH_A,1.733
AZE_CSSW,2040,CEREAL,2.117
AZE_CSSW,2050,CROP_FLW,1.996
AZE_CSSW,2050,PDR,5.007
AZE_CSSW,2050,WHT,1.947
AZE_CSSW,2050,GRO,2.545
AZE_CSSW,2050,OSD,2.667
AZE_CSSW,2050,C_B,68.657
AZE_CSSW,2050,OTH_A,1.743
AZE_CSSW,2050,CEREAL,2.166
AZE_CSSW,2060,CROP_FLW,2.164
AZE_CSSW,2060,PDR,5.007
AZE_CSSW,2060,WHT,1.946
AZE_CSSW,2060,GRO,2.58
AZE_CSSW,2060,OSD,2.685
AZE_CSSW,2060,C_B,68.774
AZE_CSSW,2060,OTH_A,1.75
AZE_CSSW,2060,CEREAL,2.164
AZE_CSSW,2070,CROP_FLW,2.329
AZE_CSSW,2070,PDR,5.007
AZE_CSSW,2070,WHT,1.942
AZE_CSSW,2070,GRO,2.633
AZE_CSSW,2070,OSD,2.724
AZE_CSSW,2070,C_B,68.638
AZE_CSSW,2070,OTH_A,1.75
AZE_CSSW,2070,CEREAL,2.16
AZE_CSSW,2080,CROP_FLW,2.367
AZE_CSSW,2080,PDR,5.007
AZE_CSSW,2080,WHT,1.945
AZE_CSSW,2080,GRO,2.641
AZE_CSSW,2080,OSD,2.778
AZE_CSSW,2080,C_B,67.618
AZE_CSSW,2080,OTH_A,1.752
AZE_CSSW,2080,CEREAL,2.163
AZE_CSSW,2090,CROP_FLW,2.458
AZE_CSSW,2090,PDR,5.007
AZE_CSSW,2090,WHT,1.965
AZE_CSSW,2090,GRO,2.643
AZE_CSSW,2090,OSD,2.841
AZE_CSSW,2090,C_B,67.515
AZE_CSSW,2090,OTH_A,1.757
AZE_CSSW,2090,CEREAL,2.191
AZE_CSSW,2100,CROP_FLW,2.475
AZE_CSSW,2100,PDR,5.007
AZE_CSSW,2100,WHT,1.987
AZE_CSSW,2100,GRO,2.645
AZE_CSSW,2100,OSD,2.891
AZE_CSSW,2100,C_B,67.425
AZE_CSSW,2100,OTH_A,1.76
AZE_CSSW,2100,CEREAL,2.221
BDI_CONG,2005,CROP_FLW,5.18
BDI_CONG,2005,PDR,1.756
BDI_CONG,2005,WHT,2.343
BDI_CONG,2005,GRO,0.963
BDI_CONG,2005,OSD,0.803
BDI_CONG,2005,C_B,69.386
BDI_CONG,2005,OTH_A,0.81
BDI_CONG,2005,CEREAL,1.036
BDI_CONG,2010,CROP_FLW,5.175
BDI_CONG,2010,PDR,2.278
BDI_CONG,2010,WHT,2.371
BDI_CONG,2010,GRO,0.989
BDI_CONG,2010,OSD,0.855
BDI_CONG,2010,C_B,76.067
BDI_CONG,2010,OTH_A,0.812
BDI_CONG,2010,CEREAL,1.11
BDI_CONG,2020,CROP_FLW,5.403
BDI_CONG,2020,PDR,2.574
BDI_CONG,2020,WHT,2.418
BDI_CONG,2020,GRO,1.1
BDI_CONG,2020,OSD,0.936
BDI_CONG,2020,C_B,86.858
BDI_CONG,2020,OTH_A,0.809
BDI_CONG,2020,CEREAL,1.225
BDI_CONG,2030,CROP_FLW,5.361
BDI_CONG,2030,PDR,2.678
BDI_CONG,2030,WHT,2.422
BDI_CONG,2030,GRO,1.109
BDI_CONG,2030,OSD,0.968
BDI_CONG,2030,C_B,90.013
BDI_CONG,2030,OTH_A,0.81
BDI_CONG,2030,CEREAL,1.26
BDI_CONG,2040,CROP_FLW,5.439
BDI_CONG,2040,PDR,2.722
BDI_CONG,2040,WHT,2.445
BDI_CONG,2040,GRO,1.11
BDI_CONG,2040,OSD,0.968
BDI_CONG,2040,C_B,91.164
BDI_CONG,2040,OTH_A,0.81
BDI_CONG,2040,CEREAL,1.268
BDI_CONG,2050,CROP_FLW,5.562
BDI_CONG,2050,PDR,2.754
BDI_CONG,2050,WHT,2.47
BDI_CONG,2050,GRO,1.108
BDI_CONG,2050,OSD,0.982
BDI_CONG,2050,C_B,94.737
BDI_CONG,2050,OTH_A,0.811
BDI_CONG,2050,CEREAL,1.272
BDI_CONG,2060,CROP_FLW,5.509
BDI_CONG,2060,PDR,2.779
BDI_CONG,2060,WHT,2.474
BDI_CONG,2060,GRO,1.11
BDI_CONG,2060,OSD,0.973
BDI_CONG,2060,C_B,96.185
BDI_CONG,2060,OTH_A,0.811
BDI_CONG,2060,CEREAL,1.284
BDI_CONG,2070,CROP_FLW,5.358
BDI_CONG,2070,PDR,2.77
BDI_CONG,2070,WHT,2.632
BDI_CONG,2070,GRO,1.116
BDI_CONG,2070,OSD,0.942
BDI_CONG,2070,C_B,95.05
BDI_CONG,2070,OTH_A,0.813
BDI_CONG,2070,CEREAL,1.299
BDI_CONG,2080,CROP_FLW,5.131
BDI_CONG,2080,PDR,2.76
BDI_CONG,2080,WHT,2.922
BDI_CONG,2080,GRO,1.124
BDI_CONG,2080,OSD,0.898
BDI_CONG,2080,C_B,94.383
BDI_CONG,2080,OTH_A,0.815
BDI_CONG,2080,CEREAL,1.311
BDI_CONG,2090,CROP_FLW,4.918
BDI_CONG,2090,PDR,2.723
BDI_CONG,2090,WHT,3.26
BDI_CONG,2090,GRO,1.133
BDI_CONG,2090,OSD,0.863
BDI_CONG,2090,C_B,96.437
BDI_CONG,2090,OTH_A,0.815
BDI_CONG,2090,CEREAL,1.33
BDI_CONG,2100,CROP_FLW,4.756
BDI_CONG,2100,PDR,2.669
BDI_CONG,2100,WHT,3.487
BDI_CONG,2100,GRO,1.142
BDI_CONG,2100,OSD,0.858
BDI_CONG,2100,C_B,99.308
BDI_CONG,2100,OTH_A,0.813
BDI_CONG,2100,CEREAL,1.358
BDI_NILE,2005,CROP_FLW,5.328
BDI_NILE,2005,PDR,1.417
BDI_NILE,2005,WHT,2.35
BDI_NILE,2005,GRO,0.941
BDI_NILE,2005,OSD,0.775
BDI_NILE,2005,C_B,55.04
BDI_NILE,2005,OTH_A,0.65
BDI_NILE,2005,CEREAL,0.991
BDI_NILE,2010,CROP_FLW,5.259
BDI_NILE,2010,PDR,2.049
BDI_NILE,2010,WHT,2.429
BDI_NILE,2010,GRO,0.944
BDI_NILE,2010,OSD,0.801
BDI_NILE,2010,C_B,59.995
BDI_NILE,2010,OTH_A,0.652
BDI_NILE,2010,CEREAL,1.026
BDI_NILE,2020,CROP_FLW,4.623
BDI_NILE,2020,PDR,2.486
BDI_NILE,2020,WHT,2.562
BDI_NILE,2020,GRO,0.941
BDI_NILE,2020,OSD,0.841
BDI_NILE,2020,C_B,72.386
BDI_NILE,2020,OTH_A,0.662
BDI_NILE,2020,CEREAL,1.033
BDI_NILE,2030,CROP_FLW,4.592
BDI_NILE,2030,PDR,2.681
BDI_NILE,2030,WHT,2.634
BDI_NILE,2030,GRO,0.942
BDI_NILE,2030,OSD,0.847
BDI_NILE,2030,C_B,74.368
BDI_NILE,2030,OTH_A,0.662
BDI_NILE,2030,CEREAL,1.055
BDI_NILE,2040,CROP_FLW,4.002
BDI_NILE,2040,PDR,2.701
BDI_NILE,2040,WHT,2.729
BDI_NILE,2040,GRO,0.96
BDI_NILE,2040,OSD,0.875
BDI_NILE,2040,C_B,75.798
BDI_NILE,2040,OTH_A,0.669
BDI_NILE,2040,CEREAL,1.079
BDI_NILE,2050,CROP_FLW,4.05
BDI_NILE,2050,PDR,2.737
BDI_NILE,2050,WHT,2.777
BDI_NILE,2050,GRO,0.958
BDI_NILE,2050,OSD,0.871
BDI_NILE,2050,C_B,76.36
BDI_NILE,2050,OTH_A,0.669
BDI_NILE,2050,CEREAL,1.079
BDI_NILE,2060,CROP_FLW,4.046
BDI_NILE,2060,PDR,2.842
BDI_NILE,2060,WHT,2.771
BDI_NILE,2060,GRO,0.955
BDI_NILE,2060,OSD,0.866
BDI_NILE,2060,C_B,76.229
BDI_NILE,2060,OTH_A,0.669
BDI_NILE,2060,CEREAL,1.089
BDI_NILE,2070,CROP_FLW,4.041
BDI_NILE,2070,PDR,2.889
BDI_NILE,2070,WHT,2.86
BDI_NILE,2070,GRO,0.953
BDI_NILE,2070,OSD,0.875
BDI_NILE,2070,C_B,77.104
BDI_NILE,2070,OTH_A,0.667
BDI_NILE,2070,CEREAL,1.095
BDI_NILE,2080,CROP_FLW,4.317
BDI_NILE,2080,PDR,2.901
BDI_NILE,2080,WHT,2.958
BDI_NILE,2080,GRO,0.953
BDI_NILE,2080,OSD,0.882
BDI_NILE,2080,C_B,79.401
BDI_NILE,2080,OTH_A,0.665
BDI_NILE,2080,CEREAL,1.099
BDI_NILE,2090,CROP_FLW,5.048
BDI_NILE,2090,PDR,2.951
BDI_NILE,2090,WHT,3.074
BDI_NILE,2090,GRO,0.953
BDI_NILE,2090,OSD,0.881
BDI_NILE,2090,C_B,82.36
BDI_NILE,2090,OTH_A,0.664
BDI_NILE,2090,CEREAL,1.113
BDI_NILE,2100,CROP_FLW,4.263
BDI_NILE,2100,PDR,2.981
BDI_NILE,2100,WHT,3.151
BDI_NILE,2100,GRO,0.976
BDI_NILE,2100,OSD,0.892
BDI_NILE,2100,C_B,87.192
BDI_NILE,2100,OTH_A,0.668
BDI_NILE,2100,CEREAL,1.156
BEL_MAAS,2005,CROP_FLW,7.777
BEL_MAAS,2005,WHT,5.743
BEL_MAAS,2005,GRO,4.799
BEL_MAAS,2005,OSD,2.463
BEL_MAAS,2005,C_B,72.561
BEL_MAAS,2005,OTH_A,15.295
BEL_MAAS,2005,CEREAL,5.386
BEL_MAAS,2010,CROP_FLW,7.676
BEL_MAAS,2010,WHT,5.774
BEL_MAAS,2010,GRO,4.802
BEL_MAAS,2010,OSD,2.461
BEL_MAAS,2010,C_B,75.018
BEL_MAAS,2010,OTH_A,15.432
BEL_MAAS,2010,CEREAL,5.111
BEL_MAAS,2020,CROP_FLW,7.61
BEL_MAAS,2020,WHT,5.814
BEL_MAAS,2020,GRO,5.005
BEL_MAAS,2020,OSD,2.468
BEL_MAAS,2020,C_B,75.122
BEL_MAAS,2020,OTH_A,15.819
BEL_MAAS,2020,CEREAL,5.465
BEL_MAAS,2030,CROP_FLW,7.516
BEL_MAAS,2030,WHT,5.868
BEL_MAAS,2030,GRO,5.058
BEL_MAAS,2030,OSD,2.469
BEL_MAAS,2030,C_B,75.134
BEL_MAAS,2030,OTH_A,15.87
BEL_MAAS,2030,CEREAL,5.531
BEL_MAAS,2040,CROP_FLW,7.595
BEL_MAAS,2040,WHT,5.917
BEL_MAAS,2040,GRO,5.092
BEL_MAAS,2040,OSD,2.472
BEL_MAAS,2040,C_B,75.146
BEL_MAAS,2040,OTH_A,15.889
BEL_MAAS,2040,CEREAL,5.567
BEL_MAAS,2050,CROP_FLW,7.66
BEL_MAAS,2050,WHT,5.942
BEL_MAAS,2050,GRO,5.123
BEL_MAAS,2050,OSD,2.478
BEL_MAAS,2050,C_B,75.15
BEL_MAAS,2050,OTH_A,15.904
BEL_MAAS,2050,CEREAL,5.587
BEL_MAAS,2060,CROP_FLW,7.701
BEL_MAAS,2060,WHT,5.971
BEL_MAAS,2060,GRO,5.151
BEL_MAAS,2060,OSD,2.482
BEL_MAAS,2060,C_B,75.158
BEL_MAAS,2060,OTH_A,15.924
BEL_MAAS,2060,CEREAL,5.612
BEL_MAAS,2070,CROP_FLW,7.807
BEL_MAAS,2070,WHT,6.042
BEL_MAAS,2070,GRO,5.208
BEL_MAAS,2070,OSD,2.479
BEL_MAAS,2070,C_B,75.212
BEL_MAAS,2070,OTH_A,15.939
BEL_MAAS,2070,CEREAL,5.686
BEL_MAAS,2080,CROP_FLW,7.782
BEL_MAAS,2080,WHT,6.136
BEL_MAAS,2080,GRO,5.276
BEL_MAAS,2080,OSD,2.484
BEL_MAAS,2080,C_B,75.262
BEL_MAAS,2080,OTH_A,15.955
BEL_MAAS,2080,CEREAL,5.783
BEL_MAAS,2090,CROP_FLW,7.811
BEL_MAAS,2090,WHT,6.247
BEL_MAAS,2090,GRO,5.376
BEL_MAAS,2090,OSD,2.492
BEL_MAAS,2090,C_B,75.315
BEL_MAAS,2090,OTH_A,15.977
BEL_MAAS,2090,CEREAL,5.905
BEL_MAAS,2100,CROP_FLW,7.551
BEL_MAAS,2100,WHT,6.261
BEL_MAAS,2100,GRO,5.352
BEL_MAAS,2100,OSD,2.495
BEL_MAAS,2100,C_B,75.378
BEL_MAAS,2100,OTH_A,15.978
BEL_MAAS,2100,CEREAL,5.92
BEL_SCHE,2005,CROP_FLW,7.464
BEL_SCHE,2005,WHT,5.61
BEL_SCHE,2005,GRO,4.894
BEL_SCHE,2005,OSD,2.502
BEL_SCHE,2005,C_B,72.499
BEL_SCHE,2005,OTH_A,15.273
BEL_SCHE,2005,CEREAL,5.262
BEL_SCHE,2010,CROP_FLW,7.461
BEL_SCHE,2010,WHT,5.649
BEL_SCHE,2010,GRO,4.914
BEL_SCHE,2010,OSD,2.507
BEL_SCHE,2010,C_B,73.53
BEL_SCHE,2010,OTH_A,15.395
BEL_SCHE,2010,CEREAL,5.261
BEL_SCHE,2020,CROP_FLW,7.577
BEL_SCHE,2020,WHT,5.696
BEL_SCHE,2020,GRO,4.941
BEL_SCHE,2020,OSD,2.524
BEL_SCHE,2020,C_B,73.687
BEL_SCHE,2020,OTH_A,15.86
BEL_SCHE,2020,CEREAL,5.29
BEL_SCHE,2030,CROP_FLW,7.707
BEL_SCHE,2030,WHT,5.729
BEL_SCHE,2030,GRO,4.974
BEL_SCHE,2030,OSD,2.523
BEL_SCHE,2030,C_B,73.631
BEL_SCHE,2030,OTH_A,15.928
BEL_SCHE,2030,CEREAL,5.33
BEL_SCHE,2040,CROP_FLW,7.621
BEL_SCHE,2040,WHT,5.778
BEL_SCHE,2040,GRO,5.021
BEL_SCHE,2040,OSD,2.527
BEL_SCHE,2040,C_B,73.565
BEL_SCHE,2040,OTH_A,15.983
BEL_SCHE,2040,CEREAL,5.367
BEL_SCHE,2050,CROP_FLW,7.84
BEL_SCHE,2050,WHT,5.76
BEL_SCHE,2050,GRO,5.013
BEL_SCHE,2050,OSD,2.529
BEL_SCHE,2050,C_B,73.544
BEL_SCHE,2050,OTH_A,16.012
BEL_SCHE,2050,CEREAL,5.34
BEL_SCHE,2060,CROP_FLW,7.759
BEL_SCHE,2060,WHT,5.774
BEL_SCHE,2060,GRO,5.045
BEL_SCHE,2060,OSD,2.534
BEL_SCHE,2060,C_B,73.532
BEL_SCHE,2060,OTH_A,16.076
BEL_SCHE,2060,CEREAL,5.356
BEL_SCHE,2070,CROP_FLW,7.774
BEL_SCHE,2070,WHT,5.787
BEL_SCHE,2070,GRO,5.073
BEL_SCHE,2070,OSD,2.542
BEL_SCHE,2070,C_B,73.548
BEL_SCHE,2070,OTH_A,16.155
BEL_SCHE,2070,CEREAL,5.383
BEL_SCHE,2080,CROP_FLW,7.91
BEL_SCHE,2080,WHT,5.803
BEL_SCHE,2080,GRO,5.092
BEL_SCHE,2080,OSD,2.551
BEL_SCHE,2080,C_B,73.601
BEL_SCHE,2080,OTH_A,16.26
BEL_SCHE,2080,CEREAL,5.41
BEL_SCHE,2090,CROP_FLW,8.02
BEL_SCHE,2090,WHT,5.825
BEL_SCHE,2090,GRO,5.109
BEL_SCHE,2090,OSD,2.556
BEL_SCHE,2090,C_B,73.712
BEL_SCHE,2090,OTH_A,16.402
BEL_SCHE,2090,CEREAL,5.439
BEL_SCHE,2100,CROP_FLW,7.946
BEL_SCHE,2100,WHT,5.854
BEL_SCHE,2100,GRO,5.13
BEL_SCHE,2100,OSD,2.559
BEL_SCHE,2100,C_B,73.848
BEL_SCHE,2100,OTH_A,16.536
BEL_SCHE,2100,CEREAL,5.474
BEN_AFWC,2005,CROP_FLW,6.725
BEN_AFWC,2005,PDR,1.798
BEN_AFWC,2005,GRO,1.087
BEN_AFWC,2005,OSD,0.9
BEN_AFWC,2005,C_B,59.748
BEN_AFWC,2005,OTH_A,0.878
BEN_AFWC,2005,CEREAL,1.098
BEN_AFWC,2010,CROP_FLW,6.748
BEN_AFWC,2010,PDR,2.006
BEN_AFWC,2010,GRO,1.098
BEN_AFWC,2010,OSD,0.914
BEN_AFWC,2010,C_B,67.479
BEN_AFWC,2010,OTH_A,0.883
BEN_AFWC,2010,CEREAL,1.117
BEN_AFWC,2020,CROP_FLW,6.785
BEN_AFWC,2020,PDR,2.181
BEN_AFWC,2020,GRO,1.118
BEN_AFWC,2020,OSD,1.005
BEN_AFWC,2020,C_B,70.742
BEN_AFWC,2020,OTH_A,0.993
BEN_AFWC,2020,CEREAL,1.15
BEN_AFWC,2030,CROP_FLW,6.653
BEN_AFWC,2030,PDR,2.233
BEN_AFWC,2030,GRO,1.143
BEN_AFWC,2030,OSD,1.011
BEN_AFWC,2030,C_B,71.337
BEN_AFWC,2030,OTH_A,1.029
BEN_AFWC,2030,CEREAL,1.178
BEN_AFWC,2040,CROP_FLW,6.629
BEN_AFWC,2040,PDR,2.241
BEN_AFWC,2040,GRO,1.173
BEN_AFWC,2040,OSD,1.013
BEN_AFWC,2040,C_B,73.047
BEN_AFWC,2040,OTH_A,1.057
BEN_AFWC,2040,CEREAL,1.214
BEN_AFWC,2050,CROP_FLW,6.629
BEN_AFWC,2050,PDR,2.321
BEN_AFWC,2050,GRO,1.246
BEN_AFWC,2050,OSD,1.016
BEN_AFWC,2050,C_B,74.112
BEN_AFWC,2050,OTH_A,1.063
BEN_AFWC,2050,CEREAL,1.292
BEN_AFWC,2060,CROP_FLW,6.633
BEN_AFWC,2060,PDR,2.368
BEN_AFWC,2060,GRO,1.29
BEN_AFWC,2060,OSD,1.018
BEN_AFWC,2060,C_B,74.713
BEN_AFWC,2060,OTH_A,1.082
BEN_AFWC,2060,CEREAL,1.342
BEN_AFWC,2070,CROP_FLW,6.624
BEN_AFWC,2070,PDR,2.381
BEN_AFWC,2070,GRO,1.303
BEN_AFWC,2070,OSD,1.018
BEN_AFWC,2070,C_B,75.063
BEN_AFWC,2070,OTH_A,1.08
BEN_AFWC,2070,CEREAL,1.357
BEN_AFWC,2080,CROP_FLW,6.45
BEN_AFWC,2080,PDR,2.486
BEN_AFWC,2080,GRO,1.357
BEN_AFWC,2080,OSD,1.041
BEN_AFWC,2080,C_B,77.42
BEN_AFWC,2080,OTH_A,1.091
BEN_AFWC,2080,CEREAL,1.412
BEN_AFWC,2090,CROP_FLW,6.444
BEN_AFWC,2090,PDR,2.587
BEN_AFWC,2090,GRO,1.452
BEN_AFWC,2090,OSD,1.083
BEN_AFWC,2090,C_B,81.471
BEN_AFWC,2090,OTH_A,1.113
BEN_AFWC,2090,CEREAL,1.506
BEN_AFWC,2100,CROP_FLW,6.537
BEN_AFWC,2100,PDR,2.65
BEN_AFWC,2100,GRO,1.575
BEN_AFWC,2100,OSD,1.116
BEN_AFWC,2100,C_B,87.771
BEN_AFWC,2100,OTH_A,1.132
BEN_AFWC,2100,CEREAL,1.626
BEN_NIGE,2005,CROP_FLW,7.131
BEN_NIGE,2005,PDR,1.735
BEN_NIGE,2005,GRO,1.086
BEN_NIGE,2005,OSD,1.009
BEN_NIGE,2005,C_B,65.392
BEN_NIGE,2005,OTH_A,0.723
BEN_NIGE,2005,CEREAL,1.096
BEN_NIGE,2010,CROP_FLW,6.967
BEN_NIGE,2010,PDR,2.067
BEN_NIGE,2010,GRO,1.107
BEN_NIGE,2010,OSD,1.028
BEN_NIGE,2010,C_B,63.885
BEN_NIGE,2010,OTH_A,0.795
BEN_NIGE,2010,CEREAL,1.129
BEN_NIGE,2020,CROP_FLW,6.864
BEN_NIGE,2020,PDR,2.29
BEN_NIGE,2020,GRO,1.129
BEN_NIGE,2020,OSD,1.097
BEN_NIGE,2020,C_B,63.942
BEN_NIGE,2020,OTH_A,1.084
BEN_NIGE,2020,CEREAL,1.167
BEN_NIGE,2030,CROP_FLW,6.8
BEN_NIGE,2030,PDR,2.319
BEN_NIGE,2030,GRO,1.148
BEN_NIGE,2030,OSD,1.099
BEN_NIGE,2030,C_B,63.446
BEN_NIGE,2030,OTH_A,1.126
BEN_NIGE,2030,CEREAL,1.191
BEN_NIGE,2040,CROP_FLW,7.058
BEN_NIGE,2040,PDR,2.276
BEN_NIGE,2040,GRO,1.179
BEN_NIGE,2040,OSD,1.117
BEN_NIGE,2040,C_B,62.513
BEN_NIGE,2040,OTH_A,1.12
BEN_NIGE,2040,CEREAL,1.227
BEN_NIGE,2050,CROP_FLW,7.047
BEN_NIGE,2050,PDR,2.274
BEN_NIGE,2050,GRO,1.171
BEN_NIGE,2050,OSD,1.118
BEN_NIGE,2050,C_B,61.828
BEN_NIGE,2050,OTH_A,1.128
BEN_NIGE,2050,CEREAL,1.225
BEN_NIGE,2060,CROP_FLW,7.047
BEN_NIGE,2060,PDR,2.233
BEN_NIGE,2060,GRO,1.163
BEN_NIGE,2060,OSD,1.115
BEN_NIGE,2060,C_B,61.178
BEN_NIGE,2060,OTH_A,1.128
BEN_NIGE,2060,CEREAL,1.221
BEN_NIGE,2070,CROP_FLW,7.057
BEN_NIGE,2070,PDR,2.177
BEN_NIGE,2070,GRO,1.163
BEN_NIGE,2070,OSD,1.111
BEN_NIGE,2070,C_B,60.606
BEN_NIGE,2070,OTH_A,1.127
BEN_NIGE,2070,CEREAL,1.222
BEN_NIGE,2080,CROP_FLW,7.077
BEN_NIGE,2080,PDR,2.162
BEN_NIGE,2080,GRO,1.165
BEN_NIGE,2080,OSD,1.107
BEN_NIGE,2080,C_B,60.078
BEN_NIGE,2080,OTH_A,1.125
BEN_NIGE,2080,CEREAL,1.225
BEN_NIGE,2090,CROP_FLW,7.012
BEN_NIGE,2090,PDR,2.211
BEN_NIGE,2090,GRO,1.181
BEN_NIGE,2090,OSD,1.115
BEN_NIGE,2090,C_B,61.249
BEN_NIGE,2090,OTH_A,1.113
BEN_NIGE,2090,CEREAL,1.242
BEN_NIGE,2100,CROP_FLW,6.659
BEN_NIGE,2100,PDR,2.284
BEN_NIGE,2100,GRO,1.259
BEN_NIGE,2100,OSD,1.144
BEN_NIGE,2100,C_B,63.958
BEN_NIGE,2100,OTH_A,1.11
BEN_NIGE,2100,CEREAL,1.319
BEN_VOLT,2005,CROP_FLW,7.425
BEN_VOLT,2005,PDR,2.044
BEN_VOLT,2005,GRO,1.303
BEN_VOLT,2005,OSD,1.068
BEN_VOLT,2005,OTH_A,0.961
BEN_VOLT,2005,CEREAL,1.34
BEN_VOLT,2010,CROP_FLW,7.376
BEN_VOLT,2010,PDR,2.649
BEN_VOLT,2010,GRO,1.355
BEN_VOLT,2010,OSD,1.138
BEN_VOLT,2010,OTH_A,1.009
BEN_VOLT,2010,CEREAL,1.455
BEN_VOLT,2020,CROP_FLW,7.319
BEN_VOLT,2020,PDR,3.06
BEN_VOLT,2020,GRO,1.413
BEN_VOLT,2020,OSD,1.064
BEN_VOLT,2020,OTH_A,1.402
BEN_VOLT,2020,CEREAL,1.589
BEN_VOLT,2030,CROP_FLW,7.183
BEN_VOLT,2030,PDR,3.181
BEN_VOLT,2030,GRO,1.446
BEN_VOLT,2030,OSD,1.069
BEN_VOLT,2030,OTH_A,1.477
BEN_VOLT,2030,CEREAL,1.651
BEN_VOLT,2040,CROP_FLW,7.138
BEN_VOLT,2040,PDR,3.271
BEN_VOLT,2040,GRO,1.477
BEN_VOLT,2040,OSD,1.091
BEN_VOLT,2040,OTH_A,1.509
BEN_VOLT,2040,CEREAL,1.722
BEN_VOLT,2050,CROP_FLW,7.135
BEN_VOLT,2050,PDR,3.399
BEN_VOLT,2050,GRO,1.54
BEN_VOLT,2050,OSD,1.12
BEN_VOLT,2050,OTH_A,1.449
BEN_VOLT,2050,CEREAL,1.829
BEN_VOLT,2060,CROP_FLW,7.139
BEN_VOLT,2060,PDR,3.193
BEN_VOLT,2060,GRO,1.529
BEN_VOLT,2060,OSD,1.138
BEN_VOLT,2060,OTH_A,1.382
BEN_VOLT,2060,CEREAL,1.819
BEN_VOLT,2070,CROP_FLW,7.147
BEN_VOLT,2070,PDR,3.12
BEN_VOLT,2070,GRO,1.536
BEN_VOLT,2070,OSD,1.151
BEN_VOLT,2070,OTH_A,1.317
BEN_VOLT,2070,CEREAL,1.826
BEN_VOLT,2080,CROP_FLW,7.129
BEN_VOLT,2080,PDR,3.212
BEN_VOLT,2080,GRO,1.546
BEN_VOLT,2080,OSD,1.152
BEN_VOLT,2080,OTH_A,1.281
BEN_VOLT,2080,CEREAL,1.837
BEN_VOLT,2090,CROP_FLW,7.28
BEN_VOLT,2090,PDR,3.456
BEN_VOLT,2090,GRO,1.668
BEN_VOLT,2090,OSD,1.211
BEN_VOLT,2090,OTH_A,1.285
BEN_VOLT,2090,CEREAL,1.952
BEN_VOLT,2100,CROP_FLW,7.142
BEN_VOLT,2100,PDR,3.766
BEN_VOLT,2100,GRO,1.882
BEN_VOLT,2100,OSD,1.278
BEN_VOLT,2100,OTH_A,1.325
BEN_VOLT,2100,CEREAL,2.167
BFA_AFWC,2005,CROP_FLW,6.245
BFA_AFWC,2005,PDR,1.626
BFA_AFWC,2005,GRO,1.039
BFA_AFWC,2005,OSD,0.914
BFA_AFWC,2005,C_B,56.867
BFA_AFWC,2005,OTH_A,0.835
BFA_AFWC,2005,CEREAL,1.106
BFA_AFWC,2010,CROP_FLW,6.23
BFA_AFWC,2010,PDR,2.268
BFA_AFWC,2010,GRO,1.098
BFA_AFWC,2010,OSD,0.915
BFA_AFWC,2010,C_B,50.435
BFA_AFWC,2010,OTH_A,0.944
BFA_AFWC,2010,CEREAL,1.278
BFA_AFWC,2020,CROP_FLW,6.233
BFA_AFWC,2020,PDR,2.29
BFA_AFWC,2020,GRO,1.101
BFA_AFWC,2020,OSD,0.976
BFA_AFWC,2020,C_B,54.818
BFA_AFWC,2020,OTH_A,1.042
BFA_AFWC,2020,CEREAL,1.319
BFA_AFWC,2030,CROP_FLW,6.231
BFA_AFWC,2030,PDR,2.317
BFA_AFWC,2030,GRO,1.101
BFA_AFWC,2030,OSD,0.985
BFA_AFWC,2030,C_B,52.07
BFA_AFWC,2030,OTH_A,1.051
BFA_AFWC,2030,CEREAL,1.325
BFA_AFWC,2040,CROP_FLW,6.233
BFA_AFWC,2040,PDR,2.256
BFA_AFWC,2040,GRO,1.097
BFA_AFWC,2040,OSD,1.001
BFA_AFWC,2040,C_B,47.862
BFA_AFWC,2040,OTH_A,1.068
BFA_AFWC,2040,CEREAL,1.345
BFA_AFWC,2050,CROP_FLW,6.235
BFA_AFWC,2050,PDR,2.225
BFA_AFWC,2050,GRO,1.093
BFA_AFWC,2050,OSD,1.011
BFA_AFWC,2050,C_B,45.641
BFA_AFWC,2050,OTH_A,1.083
BFA_AFWC,2050,CEREAL,1.354
BFA_AFWC,2060,CROP_FLW,6.237
BFA_AFWC,2060,PDR,2.188
BFA_AFWC,2060,GRO,1.092
BFA_AFWC,2060,OSD,1.019
BFA_AFWC,2060,C_B,42.884
BFA_AFWC,2060,OTH_A,1.088
BFA_AFWC,2060,CEREAL,1.37
BFA_AFWC,2070,CROP_FLW,6.238
BFA_AFWC,2070,PDR,2.173
BFA_AFWC,2070,GRO,1.092
BFA_AFWC,2070,OSD,1.012
BFA_AFWC,2070,C_B,41.027
BFA_AFWC,2070,OTH_A,1.085
BFA_AFWC,2070,CEREAL,1.381
BFA_AFWC,2080,CROP_FLW,6.224
BFA_AFWC,2080,PDR,2.288
BFA_AFWC,2080,GRO,1.093
BFA_AFWC,2080,OSD,1.021
BFA_AFWC,2080,C_B,43.605
BFA_AFWC,2080,OTH_A,1.086
BFA_AFWC,2080,CEREAL,1.376
BFA_AFWC,2090,CROP_FLW,6.173
BFA_AFWC,2090,PDR,2.545
BFA_AFWC,2090,GRO,1.124
BFA_AFWC,2090,OSD,1.053
BFA_AFWC,2090,C_B,50.222
BFA_AFWC,2090,OTH_A,1.179
BFA_AFWC,2090,CEREAL,1.403
BFA_AFWC,2100,CROP_FLW,6.261
BFA_AFWC,2100,PDR,2.764
BFA_AFWC,2100,GRO,1.143
BFA_AFWC,2100,OSD,1.084
BFA_AFWC,2100,C_B,55.986
BFA_AFWC,2100,OTH_A,1.207
BFA_AFWC,2100,CEREAL,1.445
BFA_NIGE,2005,CROP_FLW,5.713
BFA_NIGE,2005,PDR,1.691
BFA_NIGE,2005,GRO,1.07
BFA_NIGE,2005,OSD,0.893
BFA_NIGE,2005,C_B,59.286
BFA_NIGE,2005,OTH_A,0.871
BFA_NIGE,2005,CEREAL,1.073
BFA_NIGE,2010,CROP_FLW,5.728
BFA_NIGE,2010,PDR,2.81
BFA_NIGE,2010,GRO,1.15
BFA_NIGE,2010,OSD,0.899
BFA_NIGE,2010,C_B,58.465
BFA_NIGE,2010,OTH_A,0.988
BFA_NIGE,2010,CEREAL,1.165
BFA_NIGE,2020,CROP_FLW,5.899
BFA_NIGE,2020,PDR,2.95
BFA_NIGE,2020,GRO,1.2
BFA_NIGE,2020,OSD,0.921
BFA_NIGE,2020,C_B,57.023
BFA_NIGE,2020,OTH_A,1.019
BFA_NIGE,2020,CEREAL,1.221
BFA_NIGE,2030,CROP_FLW,5.899
BFA_NIGE,2030,PDR,2.967
BFA_NIGE,2030,GRO,1.206
BFA_NIGE,2030,OSD,0.937
BFA_NIGE,2030,C_B,53.474
BFA_NIGE,2030,OTH_A,1.031
BFA_NIGE,2030,CEREAL,1.231
BFA_NIGE,2040,CROP_FLW,5.9
BFA_NIGE,2040,PDR,2.908
BFA_NIGE,2040,GRO,1.207
BFA_NIGE,2040,OSD,0.94
BFA_NIGE,2040,C_B,49.967
BFA_NIGE,2040,OTH_A,1.009
BFA_NIGE,2040,CEREAL,1.237
BFA_NIGE,2050,CROP_FLW,5.972
BFA_NIGE,2050,PDR,3.04
BFA_NIGE,2050,GRO,1.221
BFA_NIGE,2050,OSD,0.945
BFA_NIGE,2050,C_B,47.801
BFA_NIGE,2050,OTH_A,1.007
BFA_NIGE,2050,CEREAL,1.261
BFA_NIGE,2060,CROP_FLW,6.054
BFA_NIGE,2060,PDR,3.137
BFA_NIGE,2060,GRO,1.238
BFA_NIGE,2060,OSD,0.948
BFA_NIGE,2060,C_B,45.533
BFA_NIGE,2060,OTH_A,1.005
BFA_NIGE,2060,CEREAL,1.291
BFA_NIGE,2070,CROP_FLW,6.073
BFA_NIGE,2070,PDR,3.152
BFA_NIGE,2070,GRO,1.26
BFA_NIGE,2070,OSD,0.949
BFA_NIGE,2070,C_B,44.128
BFA_NIGE,2070,OTH_A,1.002
BFA_NIGE,2070,CEREAL,1.316
BFA_NIGE,2080,CROP_FLW,6.065
BFA_NIGE,2080,PDR,3.373
BFA_NIGE,2080,GRO,1.282
BFA_NIGE,2080,OSD,0.951
BFA_NIGE,2080,C_B,45.786
BFA_NIGE,2080,OTH_A,0.996
BFA_NIGE,2080,CEREAL,1.342
BFA_NIGE,2090,CROP_FLW,6.09
BFA_NIGE,2090,PDR,3.546
BFA_NIGE,2090,GRO,1.304
BFA_NIGE,2090,OSD,0.951
BFA_NIGE,2090,C_B,47.785
BFA_NIGE,2090,OTH_A,1.009
BFA_NIGE,2090,CEREAL,1.362
BFA_NIGE,2100,CROP_FLW,6.049
BFA_NIGE,2100,PDR,3.613
BFA_NIGE,2100,GRO,1.329
BFA_NIGE,2100,OSD,0.951
BFA_NIGE,2100,C_B,48.316
BFA_NIGE,2100,OTH_A,1.009
BFA_NIGE,2100,CEREAL,1.388
BFA_VOLT,2005,CROP_FLW,6.158
BFA_VOLT,2005,PDR,1.758
BFA_VOLT,2005,GRO,1.015
BFA_VOLT,2005,OSD,0.93
BFA_VOLT,2005,C_B,60.397
BFA_VOLT,2005,OTH_A,0.861
BFA_VOLT,2005,CEREAL,1.025
BFA_VOLT,2010,CROP_FLW,6.175
BFA_VOLT,2010,PDR,3.405
BFA_VOLT,2010,GRO,1.15
BFA_VOLT,2010,OSD,0.934
BFA_VOLT,2010,C_B,47.286
BFA_VOLT,2010,OTH_A,0.979
BFA_VOLT,2010,CEREAL,1.206
BFA_VOLT,2020,CROP_FLW,5.994
BFA_VOLT,2020,PDR,3.609
BFA_VOLT,2020,GRO,1.219
BFA_VOLT,2020,OSD,0.999
BFA_VOLT,2020,C_B,59.575
BFA_VOLT,2020,OTH_A,1.117
BFA_VOLT,2020,CEREAL,1.3
BFA_VOLT,2030,CROP_FLW,5.994
BFA_VOLT,2030,PDR,3.653
BFA_VOLT,2030,GRO,1.241
BFA_VOLT,2030,OSD,1.011
BFA_VOLT,2030,C_B,55.711
BFA_VOLT,2030,OTH_A,1.146
BFA_VOLT,2030,CEREAL,1.334
BFA_VOLT,2040,CROP_FLW,5.992
BFA_VOLT,2040,PDR,3.636
BFA_VOLT,2040,GRO,1.254
BFA_VOLT,2040,OSD,1.021
BFA_VOLT,2040,C_B,53.766
BFA_VOLT,2040,OTH_A,1.174
BFA_VOLT,2040,CEREAL,1.371
BFA_VOLT,2050,CROP_FLW,5.988
BFA_VOLT,2050,PDR,3.626
BFA_VOLT,2050,GRO,1.245
BFA_VOLT,2050,OSD,1.028
BFA_VOLT,2050,C_B,50.429
BFA_VOLT,2050,OTH_A,1.197
BFA_VOLT,2050,CEREAL,1.394
BFA_VOLT,2060,CROP_FLW,5.982
BFA_VOLT,2060,PDR,3.622
BFA_VOLT,2060,GRO,1.236
BFA_VOLT,2060,OSD,1.031
BFA_VOLT,2060,C_B,48.195
BFA_VOLT,2060,OTH_A,1.211
BFA_VOLT,2060,CEREAL,1.416
BFA_VOLT,2070,CROP_FLW,6.005
BFA_VOLT,2070,PDR,3.641
BFA_VOLT,2070,GRO,1.225
BFA_VOLT,2070,OSD,1.031
BFA_VOLT,2070,C_B,46.765
BFA_VOLT,2070,OTH_A,1.211
BFA_VOLT,2070,CEREAL,1.432
BFA_VOLT,2080,CROP_FLW,5.945
BFA_VOLT,2080,PDR,3.765
BFA_VOLT,2080,GRO,1.235
BFA_VOLT,2080,OSD,1.03
BFA_VOLT,2080,C_B,46.515
BFA_VOLT,2080,OTH_A,1.209
BFA_VOLT,2080,CEREAL,1.444
BFA_VOLT,2090,CROP_FLW,6.005
BFA_VOLT,2090,PDR,3.963
BFA_VOLT,2090,GRO,1.252
BFA_VOLT,2090,OSD,1.029
BFA_VOLT,2090,C_B,48.426
BFA_VOLT,2090,OTH_A,1.22
BFA_VOLT,2090,CEREAL,1.458
BFA_VOLT,2100,CROP_FLW,5.98
BFA_VOLT,2100,PDR,3.999
BFA_VOLT,2100,GRO,1.299
BFA_VOLT,2100,OSD,1.032
BFA_VOLT,2100,C_B,49.905
BFA_VOLT,2100,OTH_A,1.233
BFA_VOLT,2100,CEREAL,1.505
BGD_BBCN,2005,CROP_FLW,6.622
BGD_BBCN,2005,PDR,3.317
BGD_BBCN,2005,GRO,1.94
BGD_BBCN,2005,OSD,2.229
BGD_BBCN,2005,C_B,46.956
BGD_BBCN,2005,OTH_A,1.37
BGD_BBCN,2005,CEREAL,3.237
BGD_BBCN,2010,CROP_FLW,6.59
BGD_BBCN,2010,PDR,3.327
BGD_BBCN,2010,GRO,2.227
BGD_BBCN,2010,OSD,2.238
BGD_BBCN,2010,C_B,49.459
BGD_BBCN,2010,OTH_A,1.435
BGD_BBCN,2010,CEREAL,3.253
BGD_BBCN,2020,CROP_FLW,6.509
BGD_BBCN,2020,PDR,3.409
BGD_BBCN,2020,GRO,2.308
BGD_BBCN,2020,OSD,2.313
BGD_BBCN,2020,C_B,49.911
BGD_BBCN,2020,OTH_A,1.558
BGD_BBCN,2020,CEREAL,3.332
BGD_BBCN,2030,CROP_FLW,6.512
BGD_BBCN,2030,PDR,3.486
BGD_BBCN,2030,GRO,2.343
BGD_BBCN,2030,OSD,2.334
BGD_BBCN,2030,C_B,49.828
BGD_BBCN,2030,OTH_A,1.703
BGD_BBCN,2030,CEREAL,3.411
BGD_BBCN,2040,CROP_FLW,6.512
BGD_BBCN,2040,PDR,3.515
BGD_BBCN,2040,GRO,2.398
BGD_BBCN,2040,OSD,2.345
BGD_BBCN,2040,C_B,49.79
BGD_BBCN,2040,OTH_A,1.754
BGD_BBCN,2040,CEREAL,3.441
BGD_BBCN,2050,CROP_FLW,6.511
BGD_BBCN,2050,PDR,3.542
BGD_BBCN,2050,GRO,2.44
BGD_BBCN,2050,OSD,2.351
BGD_BBCN,2050,C_B,49.707
BGD_BBCN,2050,OTH_A,1.792
BGD_BBCN,2050,CEREAL,3.47
BGD_BBCN,2060,CROP_FLW,6.509
BGD_BBCN,2060,PDR,3.567
BGD_BBCN,2060,GRO,2.466
BGD_BBCN,2060,OSD,2.357
BGD_BBCN,2060,C_B,49.692
BGD_BBCN,2060,OTH_A,1.793
BGD_BBCN,2060,CEREAL,3.496
BGD_BBCN,2070,CROP_FLW,6.454
BGD_BBCN,2070,PDR,3.58
BGD_BBCN,2070,GRO,2.475
BGD_BBCN,2070,OSD,2.372
BGD_BBCN,2070,C_B,49.764
BGD_BBCN,2070,OTH_A,1.822
BGD_BBCN,2070,CEREAL,3.507
BGD_BBCN,2080,CROP_FLW,6.446
BGD_BBCN,2080,PDR,3.583
BGD_BBCN,2080,GRO,2.483
BGD_BBCN,2080,OSD,2.374
BGD_BBCN,2080,C_B,49.742
BGD_BBCN,2080,OTH_A,1.834
BGD_BBCN,2080,CEREAL,3.508
BGD_BBCN,2090,CROP_FLW,6.529
BGD_BBCN,2090,PDR,3.613
BGD_BBCN,2090,GRO,2.487
BGD_BBCN,2090,OSD,2.374
BGD_BBCN,2090,C_B,49.735
BGD_BBCN,2090,OTH_A,1.847
BGD_BBCN,2090,CEREAL,3.532
BGD_BBCN,2100,CROP_FLW,6.728
BGD_BBCN,2100,PDR,3.642
BGD_BBCN,2100,GRO,2.504
BGD_BBCN,2100,OSD,2.386
BGD_BBCN,2100,C_B,49.783
BGD_BBCN,2100,OTH_A,1.863
BGD_BBCN,2100,CEREAL,3.553
BGD_GABR,2005,CROP_FLW,6.436
BGD_GABR,2005,PDR,3.05
BGD_GABR,2005,WHT,1.33
BGD_GABR,2005,GRO,1.331
BGD_GABR,2005,OSD,2.394
BGD_GABR,2005,C_B,47.452
BGD_GABR,2005,OTH_A,1.64
BGD_GABR,2005,CEREAL,2.858
BGD_GABR,2010,CROP_FLW,6.548
BGD_GABR,2010,PDR,3.057
BGD_GABR,2010,WHT,1.828
BGD_GABR,2010,GRO,1.513
BGD_GABR,2010,OSD,2.4
BGD_GABR,2010,C_B,50.175
BGD_GABR,2010,OTH_A,1.733
BGD_GABR,2010,CEREAL,2.896
BGD_GABR,2020,CROP_FLW,6.532
BGD_GABR,2020,PDR,3.143
BGD_GABR,2020,WHT,1.824
BGD_GABR,2020,GRO,1.547
BGD_GABR,2020,OSD,2.458
BGD_GABR,2020,C_B,50.538
BGD_GABR,2020,OTH_A,1.814
BGD_GABR,2020,CEREAL,2.944
BGD_GABR,2030,CROP_FLW,6.502
BGD_GABR,2030,PDR,3.141
BGD_GABR,2030,WHT,1.822
BGD_GABR,2030,GRO,1.54
BGD_GABR,2030,OSD,2.473
BGD_GABR,2030,C_B,50.711
BGD_GABR,2030,OTH_A,1.848
BGD_GABR,2030,CEREAL,2.948
BGD_GABR,2040,CROP_FLW,6.505
BGD_GABR,2040,PDR,3.121
BGD_GABR,2040,WHT,1.821
BGD_GABR,2040,GRO,1.537
BGD_GABR,2040,OSD,2.476
BGD_GABR,2040,C_B,50.852
BGD_GABR,2040,OTH_A,1.866
BGD_GABR,2040,CEREAL,2.933
BGD_GABR,2050,CROP_FLW,6.546
BGD_GABR,2050,PDR,3.114
BGD_GABR,2050,WHT,1.814
BGD_GABR,2050,GRO,1.534
BGD_GABR,2050,OSD,2.479
BGD_GABR,2050,C_B,50.865
BGD_GABR,2050,OTH_A,1.87
BGD_GABR,2050,CEREAL,2.93
BGD_GABR,2060,CROP_FLW,6.55
BGD_GABR,2060,PDR,3.105
BGD_GABR,2060,WHT,1.802
BGD_GABR,2060,GRO,1.53
BGD_GABR,2060,OSD,2.482
BGD_GABR,2060,C_B,50.843
BGD_GABR,2060,OTH_A,1.872
BGD_GABR,2060,CEREAL,2.922
BGD_GABR,2070,CROP_FLW,6.538
BGD_GABR,2070,PDR,3.1
BGD_GABR,2070,WHT,1.813
BGD_GABR,2070,GRO,1.542
BGD_GABR,2070,OSD,2.486
BGD_GABR,2070,C_B,50.86
BGD_GABR,2070,OTH_A,1.877
BGD_GABR,2070,CEREAL,2.918
BGD_GABR,2080,CROP_FLW,6.535
BGD_GABR,2080,PDR,3.107
BGD_GABR,2080,WHT,1.812
BGD_GABR,2080,GRO,1.559
BGD_GABR,2080,OSD,2.486
BGD_GABR,2080,C_B,50.861
BGD_GABR,2080,OTH_A,1.886
BGD_GABR,2080,CEREAL,2.921
BGD_GABR,2090,CROP_FLW,6.373
BGD_GABR,2090,PDR,3.15
BGD_GABR,2090,WHT,1.816
BGD_GABR,2090,GRO,1.577
BGD_GABR,2090,OSD,2.485
BGD_GABR,2090,C_B,50.898
BGD_GABR,2090,OTH_A,1.891
BGD_GABR,2090,CEREAL,2.949
BGD_GABR,2100,CROP_FLW,6.319
BGD_GABR,2100,PDR,3.193
BGD_GABR,2100,WHT,1.822
BGD_GABR,2100,GRO,1.583
BGD_GABR,2100,OSD,2.487
BGD_GABR,2100,C_B,50.957
BGD_GABR,2100,OTH_A,1.906
BGD_GABR,2100,CEREAL,2.973
BGR_AGBS,2005,CROP_FLW,4.8
BGR_AGBS,2005,PDR,11.015
BGR_AGBS,2005,WHT,2.058
BGR_AGBS,2005,GRO,2.406
BGR_AGBS,2005,OSD,1.265
BGR_AGBS,2005,OTH_A,0.476
BGR_AGBS,2005,CEREAL,2.222
BGR_AGBS,2010,CROP_FLW,4.803
BGR_AGBS,2010,PDR,12.261
BGR_AGBS,2010,WHT,2.073
BGR_AGBS,2010,GRO,2.517
BGR_AGBS,2010,OSD,1.375
BGR_AGBS,2010,OTH_A,0.494
BGR_AGBS,2010,CEREAL,2.354
BGR_AGBS,2020,CROP_FLW,4.742
BGR_AGBS,2020,PDR,12.362
BGR_AGBS,2020,WHT,2.079
BGR_AGBS,2020,GRO,2.742
BGR_AGBS,2020,OSD,1.417
BGR_AGBS,2020,OTH_A,0.516
BGR_AGBS,2020,CEREAL,2.454
BGR_AGBS,2030,CROP_FLW,4.735
BGR_AGBS,2030,PDR,12.511
BGR_AGBS,2030,WHT,2.085
BGR_AGBS,2030,GRO,2.842
BGR_AGBS,2030,OSD,1.429
BGR_AGBS,2030,OTH_A,0.519
BGR_AGBS,2030,CEREAL,2.498
BGR_AGBS,2040,CROP_FLW,4.731
BGR_AGBS,2040,PDR,12.67
BGR_AGBS,2040,WHT,2.085
BGR_AGBS,2040,GRO,2.941
BGR_AGBS,2040,OSD,1.444
BGR_AGBS,2040,OTH_A,0.524
BGR_AGBS,2040,CEREAL,2.571
BGR_AGBS,2050,CROP_FLW,4.725
BGR_AGBS,2050,PDR,12.774
BGR_AGBS,2050,WHT,2.089
BGR_AGBS,2050,GRO,2.991
BGR_AGBS,2050,OSD,1.449
BGR_AGBS,2050,OTH_A,0.524
BGR_AGBS,2050,CEREAL,2.633
BGR_AGBS,2060,CROP_FLW,4.718
BGR_AGBS,2060,PDR,12.84
BGR_AGBS,2060,WHT,2.093
BGR_AGBS,2060,GRO,3.02
BGR_AGBS,2060,OSD,1.451
BGR_AGBS,2060,OTH_A,0.524
BGR_AGBS,2060,CEREAL,2.686
BGR_AGBS,2070,CROP_FLW,4.705
BGR_AGBS,2070,PDR,12.871
BGR_AGBS,2070,WHT,2.097
BGR_AGBS,2070,GRO,3.053
BGR_AGBS,2070,OSD,1.448
BGR_AGBS,2070,OTH_A,0.527
BGR_AGBS,2070,CEREAL,2.717
BGR_AGBS,2080,CROP_FLW,4.705
BGR_AGBS,2080,PDR,12.879
BGR_AGBS,2080,WHT,2.102
BGR_AGBS,2080,GRO,3.06
BGR_AGBS,2080,OSD,1.438
BGR_AGBS,2080,OTH_A,0.525
BGR_AGBS,2080,CEREAL,2.712
BGR_AGBS,2090,CROP_FLW,4.688
BGR_AGBS,2090,PDR,12.884
BGR_AGBS,2090,WHT,2.103
BGR_AGBS,2090,GRO,3.091
BGR_AGBS,2090,OSD,1.429
BGR_AGBS,2090,OTH_A,0.522
BGR_AGBS,2090,CEREAL,2.714
BGR_AGBS,2100,CROP_FLW,4.666
BGR_AGBS,2100,PDR,12.891
BGR_AGBS,2100,WHT,2.104
BGR_AGBS,2100,GRO,3.126
BGR_AGBS,2100,OSD,1.423
BGR_AGBS,2100,OTH_A,0.52
BGR_AGBS,2100,CEREAL,2.727
BGR_DANU,2005,CROP_FLW,5.089
BGR_DANU,2005,PDR,10.921
BGR_DANU,2005,WHT,2.107
BGR_DANU,2005,GRO,2.356
BGR_DANU,2005,OSD,1.307
BGR_DANU,2005,OTH_A,0.533
BGR_DANU,2005,CEREAL,2.205
BGR_DANU,2010,CROP_FLW,4.896
BGR_DANU,2010,PDR,11.771
BGR_DANU,2010,WHT,2.138
BGR_DANU,2010,GRO,2.411
BGR_DANU,2010,OSD,1.391
BGR_DANU,2010,OTH_A,0.551
BGR_DANU,2010,CEREAL,2.247
BGR_DANU,2020,CROP_FLW,4.815
BGR_DANU,2020,PDR,11.868
BGR_DANU,2020,WHT,2.164
BGR_DANU,2020,GRO,2.765
BGR_DANU,2020,OSD,1.434
BGR_DANU,2020,OTH_A,0.565
BGR_DANU,2020,CEREAL,2.433
BGR_DANU,2030,CROP_FLW,4.81
BGR_DANU,2030,PDR,11.968
BGR_DANU,2030,WHT,2.193
BGR_DANU,2030,GRO,2.814
BGR_DANU,2030,OSD,1.456
BGR_DANU,2030,OTH_A,0.568
BGR_DANU,2030,CEREAL,2.461
BGR_DANU,2040,CROP_FLW,4.811
BGR_DANU,2040,PDR,12.066
BGR_DANU,2040,WHT,2.208
BGR_DANU,2040,GRO,2.856
BGR_DANU,2040,OSD,1.479
BGR_DANU,2040,OTH_A,0.567
BGR_DANU,2040,CEREAL,2.486
BGR_DANU,2050,CROP_FLW,4.812
BGR_DANU,2050,PDR,12.126
BGR_DANU,2050,WHT,2.225
BGR_DANU,2050,GRO,2.884
BGR_DANU,2050,OSD,1.499
BGR_DANU,2050,OTH_A,0.566
BGR_DANU,2050,CEREAL,2.505
BGR_DANU,2060,CROP_FLW,4.816
BGR_DANU,2060,PDR,12.165
BGR_DANU,2060,WHT,2.236
BGR_DANU,2060,GRO,2.9
BGR_DANU,2060,OSD,1.505
BGR_DANU,2060,OTH_A,0.566
BGR_DANU,2060,CEREAL,2.515
BGR_DANU,2070,CROP_FLW,4.856
BGR_DANU,2070,PDR,12.184
BGR_DANU,2070,WHT,2.246
BGR_DANU,2070,GRO,2.918
BGR_DANU,2070,OSD,1.501
BGR_DANU,2070,OTH_A,0.566
BGR_DANU,2070,CEREAL,2.517
BGR_DANU,2080,CROP_FLW,4.883
BGR_DANU,2080,PDR,12.184
BGR_DANU,2080,WHT,2.252
BGR_DANU,2080,GRO,2.933
BGR_DANU,2080,OSD,1.499
BGR_DANU,2080,OTH_A,0.562
BGR_DANU,2080,CEREAL,2.519
BGR_DANU,2090,CROP_FLW,4.891
BGR_DANU,2090,PDR,12.177
BGR_DANU,2090,WHT,2.258
BGR_DANU,2090,GRO,2.947
BGR_DANU,2090,OSD,1.486
BGR_DANU,2090,OTH_A,0.56
BGR_DANU,2090,CEREAL,2.521
BGR_DANU,2100,CROP_FLW,4.896
BGR_DANU,2100,PDR,12.183
BGR_DANU,2100,WHT,2.263
BGR_DANU,2100,GRO,2.956
BGR_DANU,2100,OSD,1.478
BGR_DANU,2100,OTH_A,0.56
BGR_DANU,2100,CEREAL,2.522
BHR_ARPA,2005,CROP_FLW,3.343
BHR_ARPA,2010,CROP_FLW,3.343
BHR_ARPA,2020,CROP_FLW,3.343
BHR_ARPA,2030,CROP_FLW,3.343
BHR_ARPA,2040,CROP_FLW,3.343
BHR_ARPA,2050,CROP_FLW,3.342
BHR_ARPA,2060,CROP_FLW,3.342
BHR_ARPA,2070,CROP_FLW,3.342
BHR_ARPA,2080,CROP_FLW,3.341
BHR_ARPA,2090,CROP_FLW,3.341
BHR_ARPA,2100,CROP_FLW,3.34
BHS_CARI,2005,CROP_FLW,7.206
BHS_CARI,2010,CROP_FLW,7.206
BHS_CARI,2020,CROP_FLW,7.42
BHS_CARI,2030,CROP_FLW,7.505
BHS_CARI,2040,CROP_FLW,7.558
BHS_CARI,2050,CROP_FLW,7.572
BHS_CARI,2060,CROP_FLW,7.575
BHS_CARI,2070,CROP_FLW,7.574
BHS_CARI,2080,CROP_FLW,7.571
BHS_CARI,2090,CROP_FLW,7.571
BHS_CARI,2100,CROP_FLW,7.574
BIH_AGBS,2005,CROP_FLW,4.417
BIH_AGBS,2005,WHT,1.788
BIH_AGBS,2005,GRO,2.494
BIH_AGBS,2005,OSD,1.253
BIH_AGBS,2005,OTH_A,0.479
BIH_AGBS,2005,CEREAL,2.325
BIH_AGBS,2010,CROP_FLW,4.413
BIH_AGBS,2010,WHT,1.932
BIH_AGBS,2010,GRO,2.5
BIH_AGBS,2010,OSD,1.282
BIH_AGBS,2010,OTH_A,0.48
BIH_AGBS,2010,CEREAL,2.398
BIH_AGBS,2020,CROP_FLW,4.41
BIH_AGBS,2020,WHT,2.127
BIH_AGBS,2020,GRO,2.667
BIH_AGBS,2020,OSD,1.338
BIH_AGBS,2020,OTH_A,0.493
BIH_AGBS,2020,CEREAL,2.566
BIH_AGBS,2030,CROP_FLW,4.404
BIH_AGBS,2030,WHT,2.266
BIH_AGBS,2030,GRO,2.795
BIH_AGBS,2030,OSD,1.348
BIH_AGBS,2030,OTH_A,0.508
BIH_AGBS,2030,CEREAL,2.691
BIH_AGBS,2040,CROP_FLW,4.404
BIH_AGBS,2040,WHT,2.348
BIH_AGBS,2040,GRO,2.837
BIH_AGBS,2040,OSD,1.339
BIH_AGBS,2040,OTH_A,0.506
BIH_AGBS,2040,CEREAL,2.735
BIH_AGBS,2050,CROP_FLW,4.403
BIH_AGBS,2050,WHT,2.406
BIH_AGBS,2050,GRO,2.875
BIH_AGBS,2050,OSD,1.333
BIH_AGBS,2050,OTH_A,0.503
BIH_AGBS,2050,CEREAL,2.773
BIH_AGBS,2060,CROP_FLW,4.403
BIH_AGBS,2060,WHT,2.44
BIH_AGBS,2060,GRO,2.884
BIH_AGBS,2060,OSD,1.329
BIH_AGBS,2060,OTH_A,0.504
BIH_AGBS,2060,CEREAL,2.782
BIH_AGBS,2070,CROP_FLW,4.402
BIH_AGBS,2070,WHT,2.47
BIH_AGBS,2070,GRO,2.898
BIH_AGBS,2070,OSD,1.329
BIH_AGBS,2070,OTH_A,0.507
BIH_AGBS,2070,CEREAL,2.792
BIH_AGBS,2080,CROP_FLW,4.396
BIH_AGBS,2080,WHT,2.491
BIH_AGBS,2080,GRO,2.92
BIH_AGBS,2080,OSD,1.332
BIH_AGBS,2080,OTH_A,0.512
BIH_AGBS,2080,CEREAL,2.808
BIH_AGBS,2090,CROP_FLW,4.39
BIH_AGBS,2090,WHT,2.511
BIH_AGBS,2090,GRO,2.95
BIH_AGBS,2090,OSD,1.336
BIH_AGBS,2090,OTH_A,0.517
BIH_AGBS,2090,CEREAL,2.834
BIH_AGBS,2100,CROP_FLW,4.382
BIH_AGBS,2100,WHT,2.596
BIH_AGBS,2100,GRO,2.982
BIH_AGBS,2100,OSD,1.341
BIH_AGBS,2100,OTH_A,0.526
BIH_AGBS,2100,CEREAL,2.883
BIH_DANU,2005,CROP_FLW,4.704
BIH_DANU,2005,WHT,1.712
BIH_DANU,2005,GRO,2.37
BIH_DANU,2005,OSD,1.3
BIH_DANU,2005,OTH_A,0.461
BIH_DANU,2005,CEREAL,2.222
BIH_DANU,2010,CROP_FLW,4.665
BIH_DANU,2010,WHT,1.876
BIH_DANU,2010,GRO,2.377
BIH_DANU,2010,OSD,1.317
BIH_DANU,2010,OTH_A,0.463
BIH_DANU,2010,CEREAL,2.293
BIH_DANU,2020,CROP_FLW,4.648
BIH_DANU,2020,WHT,1.84
BIH_DANU,2020,GRO,2.461
BIH_DANU,2020,OSD,1.333
BIH_DANU,2020,OTH_A,0.465
BIH_DANU,2020,CEREAL,2.352
BIH_DANU,2030,CROP_FLW,4.64
BIH_DANU,2030,WHT,1.887
BIH_DANU,2030,GRO,2.461
BIH_DANU,2030,OSD,1.332
BIH_DANU,2030,OTH_A,0.467
BIH_DANU,2030,CEREAL,2.356
BIH_DANU,2040,CROP_FLW,4.601
BIH_DANU,2040,WHT,1.893
BIH_DANU,2040,GRO,2.505
BIH_DANU,2040,OSD,1.332
BIH_DANU,2040,OTH_A,0.472
BIH_DANU,2040,CEREAL,2.385
BIH_DANU,2050,CROP_FLW,4.574
BIH_DANU,2050,WHT,1.902
BIH_DANU,2050,GRO,2.557
BIH_DANU,2050,OSD,1.332
BIH_DANU,2050,OTH_A,0.475
BIH_DANU,2050,CEREAL,2.422
BIH_DANU,2060,CROP_FLW,4.55
BIH_DANU,2060,WHT,1.908
BIH_DANU,2060,GRO,2.612
BIH_DANU,2060,OSD,1.332
BIH_DANU,2060,OTH_A,0.479
BIH_DANU,2060,CEREAL,2.46
BIH_DANU,2070,CROP_FLW,4.528
BIH_DANU,2070,WHT,1.914
BIH_DANU,2070,GRO,2.665
BIH_DANU,2070,OSD,1.333
BIH_DANU,2070,OTH_A,0.484
BIH_DANU,2070,CEREAL,2.492
BIH_DANU,2080,CROP_FLW,4.507
BIH_DANU,2080,WHT,1.92
BIH_DANU,2080,GRO,2.71
BIH_DANU,2080,OSD,1.335
BIH_DANU,2080,OTH_A,0.49
BIH_DANU,2080,CEREAL,2.516
BIH_DANU,2090,CROP_FLW,4.49
BIH_DANU,2090,WHT,1.934
BIH_DANU,2090,GRO,2.746
BIH_DANU,2090,OSD,1.339
BIH_DANU,2090,OTH_A,0.497
BIH_DANU,2090,CEREAL,2.544
BIH_DANU,2100,CROP_FLW,4.48
BIH_DANU,2100,WHT,1.965
BIH_DANU,2100,GRO,2.749
BIH_DANU,2100,OSD,1.343
BIH_DANU,2100,OTH_A,0.502
BIH_DANU,2100,CEREAL,2.561
BLR_DAUG,2005,CROP_FLW,4.438
BLR_DAUG,2005,WHT,1.92
BLR_DAUG,2005,GRO,2.095
BLR_DAUG,2005,OSD,1.459
BLR_DAUG,2005,OTH_A,1.818
BLR_DAUG,2005,CEREAL,2.074
BLR_DAUG,2010,CROP_FLW,4.118
BLR_DAUG,2010,WHT,2.287
BLR_DAUG,2010,GRO,2.121
BLR_DAUG,2010,OSD,1.466
BLR_DAUG,2010,OTH_A,1.838
BLR_DAUG,2010,CEREAL,2.153
BLR_DAUG,2020,CROP_FLW,4.264
BLR_DAUG,2020,WHT,2.243
BLR_DAUG,2020,GRO,2.116
BLR_DAUG,2020,OSD,1.469
BLR_DAUG,2020,OTH_A,1.864
BLR_DAUG,2020,CEREAL,2.148
BLR_DAUG,2030,CROP_FLW,4.168
BLR_DAUG,2030,WHT,2.3
BLR_DAUG,2030,GRO,2.121
BLR_DAUG,2030,OSD,1.469
BLR_DAUG,2030,OTH_A,1.874
BLR_DAUG,2030,CEREAL,2.165
BLR_DAUG,2040,CROP_FLW,4.351
BLR_DAUG,2040,WHT,2.385
BLR_DAUG,2040,GRO,2.141
BLR_DAUG,2040,OSD,1.47
BLR_DAUG,2040,OTH_A,1.877
BLR_DAUG,2040,CEREAL,2.193
BLR_DAUG,2050,CROP_FLW,4.325
BLR_DAUG,2050,WHT,2.467
BLR_DAUG,2050,GRO,2.168
BLR_DAUG,2050,OSD,1.47
BLR_DAUG,2050,OTH_A,1.878
BLR_DAUG,2050,CEREAL,2.22
BLR_DAUG,2060,CROP_FLW,4.322
BLR_DAUG,2060,WHT,2.558
BLR_DAUG,2060,GRO,2.192
BLR_DAUG,2060,OSD,1.47
BLR_DAUG,2060,OTH_A,1.888
BLR_DAUG,2060,CEREAL,2.244
BLR_DAUG,2070,CROP_FLW,4.186
BLR_DAUG,2070,WHT,2.637
BLR_DAUG,2070,GRO,2.249
BLR_DAUG,2070,OSD,1.469
BLR_DAUG,2070,OTH_A,1.905
BLR_DAUG,2070,CEREAL,2.295
BLR_DAUG,2080,CROP_FLW,4.202
BLR_DAUG,2080,WHT,2.685
BLR_DAUG,2080,GRO,2.306
BLR_DAUG,2080,OSD,1.469
BLR_DAUG,2080,OTH_A,1.916
BLR_DAUG,2080,CEREAL,2.344
BLR_DAUG,2090,CROP_FLW,4.225
BLR_DAUG,2090,WHT,2.718
BLR_DAUG,2090,GRO,2.351
BLR_DAUG,2090,OSD,1.469
BLR_DAUG,2090,OTH_A,1.922
BLR_DAUG,2090,CEREAL,2.384
BLR_DAUG,2100,CROP_FLW,4.614
BLR_DAUG,2100,WHT,2.721
BLR_DAUG,2100,GRO,2.362
BLR_DAUG,2100,OSD,1.467
BLR_DAUG,2100,OTH_A,1.912
BLR_DAUG,2100,CEREAL,2.393
BLR_DNIP,2005,CROP_FLW,4.33
BLR_DNIP,2005,WHT,2.04
BLR_DNIP,2005,GRO,2.211
BLR_DNIP,2005,OSD,1.464
BLR_DNIP,2005,C_B,28.541
BLR_DNIP,2005,OTH_A,1.886
BLR_DNIP,2005,CEREAL,2.186
BLR_DNIP,2010,CROP_FLW,4.168
BLR_DNIP,2010,WHT,2.235
BLR_DNIP,2010,GRO,2.26
BLR_DNIP,2010,OSD,1.484
BLR_DNIP,2010,C_B,29.269
BLR_DNIP,2010,OTH_A,1.914
BLR_DNIP,2010,CEREAL,2.254
BLR_DNIP,2020,CROP_FLW,4.234
BLR_DNIP,2020,WHT,2.314
BLR_DNIP,2020,GRO,2.29
BLR_DNIP,2020,OSD,1.494
BLR_DNIP,2020,C_B,29.521
BLR_DNIP,2020,OTH_A,1.966
BLR_DNIP,2020,CEREAL,2.297
BLR_DNIP,2030,CROP_FLW,4.124
BLR_DNIP,2030,WHT,2.331
BLR_DNIP,2030,GRO,2.299
BLR_DNIP,2030,OSD,1.494
BLR_DNIP,2030,C_B,29.723
BLR_DNIP,2030,OTH_A,1.967
BLR_DNIP,2030,CEREAL,2.308
BLR_DNIP,2040,CROP_FLW,4.224
BLR_DNIP,2040,WHT,2.365
BLR_DNIP,2040,GRO,2.347
BLR_DNIP,2040,OSD,1.49
BLR_DNIP,2040,C_B,29.962
BLR_DNIP,2040,OTH_A,1.966
BLR_DNIP,2040,CEREAL,2.351
BLR_DNIP,2050,CROP_FLW,4.305
BLR_DNIP,2050,WHT,2.409
BLR_DNIP,2050,GRO,2.386
BLR_DNIP,2050,OSD,1.492
BLR_DNIP,2050,C_B,30.214
BLR_DNIP,2050,OTH_A,1.968
BLR_DNIP,2050,CEREAL,2.39
BLR_DNIP,2060,CROP_FLW,4.479
BLR_DNIP,2060,WHT,2.407
BLR_DNIP,2060,GRO,2.406
BLR_DNIP,2060,OSD,1.489
BLR_DNIP,2060,C_B,30.399
BLR_DNIP,2060,OTH_A,1.975
BLR_DNIP,2060,CEREAL,2.406
BLR_DNIP,2070,CROP_FLW,4.531
BLR_DNIP,2070,WHT,2.392
BLR_DNIP,2070,GRO,2.4
BLR_DNIP,2070,OSD,1.486
BLR_DNIP,2070,C_B,30.588
BLR_DNIP,2070,OTH_A,1.978
BLR_DNIP,2070,CEREAL,2.399
BLR_DNIP,2080,CROP_FLW,4.522
BLR_DNIP,2080,WHT,2.396
BLR_DNIP,2080,GRO,2.388
BLR_DNIP,2080,OSD,1.482
BLR_DNIP,2080,C_B,30.683
BLR_DNIP,2080,OTH_A,1.979
BLR_DNIP,2080,CEREAL,2.389
BLR_DNIP,2090,CROP_FLW,4.514
BLR_DNIP,2090,WHT,2.398
BLR_DNIP,2090,GRO,2.385
BLR_DNIP,2090,OSD,1.48
BLR_DNIP,2090,C_B,30.73
BLR_DNIP,2090,OTH_A,1.979
BLR_DNIP,2090,CEREAL,2.386
BLR_DNIP,2100,CROP_FLW,4.48
BLR_DNIP,2100,WHT,2.399
BLR_DNIP,2100,GRO,2.386
BLR_DNIP,2100,OSD,1.479
BLR_DNIP,2100,C_B,30.747
BLR_DNIP,2100,OTH_A,1.981
BLR_DNIP,2100,CEREAL,2.387
BLR_NEMA,2005,CROP_FLW,4.448
BLR_NEMA,2005,WHT,1.899
BLR_NEMA,2005,GRO,2.086
BLR_NEMA,2005,OSD,1.464
BLR_NEMA,2005,C_B,25.985
BLR_NEMA,2005,OTH_A,1.817
BLR_NEMA,2005,CEREAL,2.06
BLR_NEMA,2010,CROP_FLW,4.284
BLR_NEMA,2010,WHT,2.347
BLR_NEMA,2010,GRO,2.13
BLR_NEMA,2010,OSD,1.467
BLR_NEMA,2010,C_B,26.279
BLR_NEMA,2010,OTH_A,1.842
BLR_NEMA,2010,CEREAL,2.178
BLR_NEMA,2020,CROP_FLW,4.273
BLR_NEMA,2020,WHT,2.38
BLR_NEMA,2020,GRO,2.143
BLR_NEMA,2020,OSD,1.474
BLR_NEMA,2020,C_B,28.04
BLR_NEMA,2020,OTH_A,1.924
BLR_NEMA,2020,CEREAL,2.212
BLR_NEMA,2030,CROP_FLW,4.27
BLR_NEMA,2030,WHT,2.358
BLR_NEMA,2030,GRO,2.171
BLR_NEMA,2030,OSD,1.479
BLR_NEMA,2030,C_B,28.729
BLR_NEMA,2030,OTH_A,1.936
BLR_NEMA,2030,CEREAL,2.223
BLR_NEMA,2040,CROP_FLW,4.316
BLR_NEMA,2040,WHT,2.384
BLR_NEMA,2040,GRO,2.213
BLR_NEMA,2040,OSD,1.499
BLR_NEMA,2040,C_B,29.37
BLR_NEMA,2040,OTH_A,1.961
BLR_NEMA,2040,CEREAL,2.254
BLR_NEMA,2050,CROP_FLW,5.641
BLR_NEMA,2050,WHT,2.342
BLR_NEMA,2050,GRO,2.242
BLR_NEMA,2050,OSD,1.51
BLR_NEMA,2050,C_B,30.131
BLR_NEMA,2050,OTH_A,1.953
BLR_NEMA,2050,CEREAL,2.261
BLR_NEMA,2060,CROP_FLW,5.151
BLR_NEMA,2060,WHT,2.286
BLR_NEMA,2060,GRO,2.253
BLR_NEMA,2060,OSD,1.514
BLR_NEMA,2060,C_B,30.669
BLR_NEMA,2060,OTH_A,1.933
BLR_NEMA,2060,CEREAL,2.258
BLR_NEMA,2070,CROP_FLW,4.921
BLR_NEMA,2070,WHT,2.299
BLR_NEMA,2070,GRO,2.244
BLR_NEMA,2070,OSD,1.512
BLR_NEMA,2070,C_B,30.059
BLR_NEMA,2070,OTH_A,1.911
BLR_NEMA,2070,CEREAL,2.251
BLR_NEMA,2080,CROP_FLW,4.812
BLR_NEMA,2080,WHT,2.305
BLR_NEMA,2080,GRO,2.248
BLR_NEMA,2080,OSD,1.509
BLR_NEMA,2080,C_B,29.547
BLR_NEMA,2080,OTH_A,1.893
BLR_NEMA,2080,CEREAL,2.254
BLR_NEMA,2090,CROP_FLW,4.89
BLR_NEMA,2090,WHT,2.311
BLR_NEMA,2090,GRO,2.257
BLR_NEMA,2090,OSD,1.5
BLR_NEMA,2090,C_B,29.247
BLR_NEMA,2090,OTH_A,1.868
BLR_NEMA,2090,CEREAL,2.263
BLR_NEMA,2100,CROP_FLW,4.797
BLR_NEMA,2100,WHT,2.309
BLR_NEMA,2100,GRO,2.259
BLR_NEMA,2100,OSD,1.494
BLR_NEMA,2100,C_B,29.024
BLR_NEMA,2100,OTH_A,1.867
BLR_NEMA,2100,CEREAL,2.264
BLZ_YUPA,2005,CROP_FLW,9.489
BLZ_YUPA,2005,PDR,4.432
BLZ_YUPA,2005,GRO,3.794
BLZ_YUPA,2005,OSD,3.999
BLZ_YUPA,2005,C_B,49.874
BLZ_YUPA,2005,OTH_A,3.345
BLZ_YUPA,2005,CEREAL,3.89
BLZ_YUPA,2010,CROP_FLW,8.987
BLZ_YUPA,2010,PDR,5.024
BLZ_YUPA,2010,GRO,4.026
BLZ_YUPA,2010,OSD,4.179
BLZ_YUPA,2010,C_B,51.268
BLZ_YUPA,2010,OTH_A,3.529
BLZ_YUPA,2010,CEREAL,4.176
BLZ_YUPA,2020,CROP_FLW,8.601
BLZ_YUPA,2020,PDR,6.285
BLZ_YUPA,2020,GRO,4.143
BLZ_YUPA,2020,OSD,4.276
BLZ_YUPA,2020,C_B,63.107
BLZ_YUPA,2020,OTH_A,3.881
BLZ_YUPA,2020,CEREAL,4.408
BLZ_YUPA,2030,CROP_FLW,8.616
BLZ_YUPA,2030,PDR,6.602
BLZ_YUPA,2030,GRO,4.347
BLZ_YUPA,2030,OSD,4.263
BLZ_YUPA,2030,C_B,66.771
BLZ_YUPA,2030,OTH_A,3.946
BLZ_YUPA,2030,CEREAL,4.624
BLZ_YUPA,2040,CROP_FLW,8.617
BLZ_YUPA,2040,PDR,6.818
BLZ_YUPA,2040,GRO,4.464
BLZ_YUPA,2040,OSD,4.252
BLZ_YUPA,2040,C_B,70.586
BLZ_YUPA,2040,OTH_A,4.053
BLZ_YUPA,2040,CEREAL,4.755
BLZ_YUPA,2050,CROP_FLW,8.621
BLZ_YUPA,2050,PDR,6.958
BLZ_YUPA,2050,GRO,4.539
BLZ_YUPA,2050,OSD,4.248
BLZ_YUPA,2050,C_B,71.683
BLZ_YUPA,2050,OTH_A,4.077
BLZ_YUPA,2050,CEREAL,4.841
BLZ_YUPA,2060,CROP_FLW,8.719
BLZ_YUPA,2060,PDR,7.045
BLZ_YUPA,2060,GRO,4.583
BLZ_YUPA,2060,OSD,4.25
BLZ_YUPA,2060,C_B,71.975
BLZ_YUPA,2060,OTH_A,4.134
BLZ_YUPA,2060,CEREAL,4.892
BLZ_YUPA,2070,CROP_FLW,8.651
BLZ_YUPA,2070,PDR,7.098
BLZ_YUPA,2070,GRO,4.637
BLZ_YUPA,2070,OSD,4.251
BLZ_YUPA,2070,C_B,72.669
BLZ_YUPA,2070,OTH_A,4.179
BLZ_YUPA,2070,CEREAL,4.941
BLZ_YUPA,2080,CROP_FLW,8.883
BLZ_YUPA,2080,PDR,7.132
BLZ_YUPA,2080,GRO,4.706
BLZ_YUPA,2080,OSD,4.25
BLZ_YUPA,2080,C_B,73.309
BLZ_YUPA,2080,OTH_A,4.241
BLZ_YUPA,2080,CEREAL,4.993
BLZ_YUPA,2090,CROP_FLW,8.798
BLZ_YUPA,2090,PDR,7.14
BLZ_YUPA,2090,GRO,4.745
BLZ_YUPA,2090,OSD,4.254
BLZ_YUPA,2090,C_B,73.481
BLZ_YUPA,2090,OTH_A,4.274
BLZ_YUPA,2090,CEREAL,5.019
BLZ_YUPA,2100,CROP_FLW,8.45
BLZ_YUPA,2100,PDR,7.186
BLZ_YUPA,2100,GRO,4.746
BLZ_YUPA,2100,OSD,4.275
BLZ_YUPA,2100,C_B,75.156
BLZ_YUPA,2100,OTH_A,4.372
BLZ_YUPA,2100,CEREAL,5.02
BOL_AMAZ,2005,CROP_FLW,8.454
BOL_AMAZ,2005,PDR,5.031
BOL_AMAZ,2005,WHT,3.271
BOL_AMAZ,2005,GRO,3.75
BOL_AMAZ,2005,OSD,4.148
BOL_AMAZ,2005,C_B,68.384
BOL_AMAZ,2005,OTH_A,3.441
BOL_AMAZ,2005,CEREAL,3.95
BOL_AMAZ,2010,CROP_FLW,8.454
BOL_AMAZ,2010,PDR,5.542
BOL_AMAZ,2010,WHT,4.029
BOL_AMAZ,2010,GRO,4.155
BOL_AMAZ,2010,OSD,4.295
BOL_AMAZ,2010,C_B,96.128
BOL_AMAZ,2010,OTH_A,4.163
BOL_AMAZ,2010,CEREAL,4.393
BOL_AMAZ,2020,CROP_FLW,8.301
BOL_AMAZ,2020,PDR,6.059
BOL_AMAZ,2020,WHT,4.483
BOL_AMAZ,2020,GRO,4.807
BOL_AMAZ,2020,OSD,4.387
BOL_AMAZ,2020,C_B,102.649
BOL_AMAZ,2020,OTH_A,4.396
BOL_AMAZ,2020,CEREAL,4.922
BOL_AMAZ,2030,CROP_FLW,8.303
BOL_AMAZ,2030,PDR,6.285
BOL_AMAZ,2030,WHT,4.724
BOL_AMAZ,2030,GRO,5.039
BOL_AMAZ,2030,OSD,4.477
BOL_AMAZ,2030,C_B,108.782
BOL_AMAZ,2030,OTH_A,4.572
BOL_AMAZ,2030,CEREAL,5.153
BOL_AMAZ,2040,CROP_FLW,8.308
BOL_AMAZ,2040,PDR,6.498
BOL_AMAZ,2040,WHT,4.852
BOL_AMAZ,2040,GRO,5.109
BOL_AMAZ,2040,OSD,4.498
BOL_AMAZ,2040,C_B,114.449
BOL_AMAZ,2040,OTH_A,4.778
BOL_AMAZ,2040,CEREAL,5.252
BOL_AMAZ,2050,CROP_FLW,8.315
BOL_AMAZ,2050,PDR,6.623
BOL_AMAZ,2050,WHT,4.958
BOL_AMAZ,2050,GRO,5.153
BOL_AMAZ,2050,OSD,4.519
BOL_AMAZ,2050,C_B,118.377
BOL_AMAZ,2050,OTH_A,4.918
BOL_AMAZ,2050,CEREAL,5.316
BOL_AMAZ,2060,CROP_FLW,8.316
BOL_AMAZ,2060,PDR,6.66
BOL_AMAZ,2060,WHT,5.07
BOL_AMAZ,2060,GRO,5.165
BOL_AMAZ,2060,OSD,4.536
BOL_AMAZ,2060,C_B,120.644
BOL_AMAZ,2060,OTH_A,4.996
BOL_AMAZ,2060,CEREAL,5.342
BOL_AMAZ,2070,CROP_FLW,8.304
BOL_AMAZ,2070,PDR,6.692
BOL_AMAZ,2070,WHT,5.181
BOL_AMAZ,2070,GRO,5.182
BOL_AMAZ,2070,OSD,4.556
BOL_AMAZ,2070,C_B,122.06
BOL_AMAZ,2070,OTH_A,5.058
BOL_AMAZ,2070,CEREAL,5.374
BOL_AMAZ,2080,CROP_FLW,8.281
BOL_AMAZ,2080,PDR,6.764
BOL_AMAZ,2080,WHT,5.253
BOL_AMAZ,2080,GRO,5.21
BOL_AMAZ,2080,OSD,4.566
BOL_AMAZ,2080,C_B,123.365
BOL_AMAZ,2080,OTH_A,5.141
BOL_AMAZ,2080,CEREAL,5.414
BOL_AMAZ,2090,CROP_FLW,8.282
BOL_AMAZ,2090,PDR,6.912
BOL_AMAZ,2090,WHT,5.34
BOL_AMAZ,2090,GRO,5.211
BOL_AMAZ,2090,OSD,4.562
BOL_AMAZ,2090,C_B,124.92
BOL_AMAZ,2090,OTH_A,5.153
BOL_AMAZ,2090,CEREAL,5.454
BOL_AMAZ,2100,CROP_FLW,8.278
BOL_AMAZ,2100,PDR,7.086
BOL_AMAZ,2100,WHT,5.353
BOL_AMAZ,2100,GRO,5.287
BOL_AMAZ,2100,OSD,4.565
BOL_AMAZ,2100,C_B,126.24
BOL_AMAZ,2100,OTH_A,5.179
BOL_AMAZ,2100,CEREAL,5.537
BOL_LAPL,2005,CROP_FLW,7.241
BOL_LAPL,2005,PDR,5.053
BOL_LAPL,2005,WHT,3.416
BOL_LAPL,2005,GRO,3.545
BOL_LAPL,2005,OSD,3.986
BOL_LAPL,2005,C_B,61.666
BOL_LAPL,2005,OTH_A,3.238
BOL_LAPL,2005,CEREAL,3.707
BOL_LAPL,2010,CROP_FLW,7.241
BOL_LAPL,2010,PDR,5.349
BOL_LAPL,2010,WHT,4.282
BOL_LAPL,2010,GRO,4.016
BOL_LAPL,2010,OSD,4.18
BOL_LAPL,2010,C_B,92.774
BOL_LAPL,2010,OTH_A,3.389
BOL_LAPL,2010,CEREAL,4.192
BOL_LAPL,2020,CROP_FLW,7.156
BOL_LAPL,2020,PDR,5.841
BOL_LAPL,2020,WHT,4.611
BOL_LAPL,2020,GRO,4.694
BOL_LAPL,2020,OSD,4.237
BOL_LAPL,2020,C_B,94.623
BOL_LAPL,2020,OTH_A,3.458
BOL_LAPL,2020,CEREAL,4.768
BOL_LAPL,2030,CROP_FLW,7.156
BOL_LAPL,2030,PDR,5.973
BOL_LAPL,2030,WHT,4.693
BOL_LAPL,2030,GRO,4.902
BOL_LAPL,2030,OSD,4.26
BOL_LAPL,2030,C_B,102.038
BOL_LAPL,2030,OTH_A,3.511
BOL_LAPL,2030,CEREAL,4.958
BOL_LAPL,2040,CROP_FLW,7.157
BOL_LAPL,2040,PDR,6.096
BOL_LAPL,2040,WHT,4.751
BOL_LAPL,2040,GRO,4.999
BOL_LAPL,2040,OSD,4.309
BOL_LAPL,2040,C_B,108.861
BOL_LAPL,2040,OTH_A,3.576
BOL_LAPL,2040,CEREAL,5.058
BOL_LAPL,2050,CROP_FLW,7.157
BOL_LAPL,2050,PDR,6.218
BOL_LAPL,2050,WHT,4.81
BOL_LAPL,2050,GRO,5.113
BOL_LAPL,2050,OSD,4.354
BOL_LAPL,2050,C_B,115.188
BOL_LAPL,2050,OTH_A,3.636
BOL_LAPL,2050,CEREAL,5.171
BOL_LAPL,2060,CROP_FLW,7.157
BOL_LAPL,2060,PDR,6.316
BOL_LAPL,2060,WHT,4.886
BOL_LAPL,2060,GRO,5.209
BOL_LAPL,2060,OSD,4.396
BOL_LAPL,2060,C_B,120.277
BOL_LAPL,2060,OTH_A,3.963
BOL_LAPL,2060,CEREAL,5.268
BOL_LAPL,2070,CROP_FLW,7.157
BOL_LAPL,2070,PDR,6.415
BOL_LAPL,2070,WHT,4.981
BOL_LAPL,2070,GRO,5.314
BOL_LAPL,2070,OSD,4.434
BOL_LAPL,2070,C_B,125.958
BOL_LAPL,2070,OTH_A,4.291
BOL_LAPL,2070,CEREAL,5.372
BOL_LAPL,2080,CROP_FLW,7.157
BOL_LAPL,2080,PDR,6.512
BOL_LAPL,2080,WHT,5.064
BOL_LAPL,2080,GRO,5.425
BOL_LAPL,2080,OSD,4.461
BOL_LAPL,2080,C_B,130.564
BOL_LAPL,2080,OTH_A,4.489
BOL_LAPL,2080,CEREAL,5.48
BOL_LAPL,2090,CROP_FLW,7.158
BOL_LAPL,2090,PDR,6.607
BOL_LAPL,2090,WHT,5.105
BOL_LAPL,2090,GRO,5.507
BOL_LAPL,2090,OSD,4.478
BOL_LAPL,2090,C_B,134.305
BOL_LAPL,2090,OTH_A,4.674
BOL_LAPL,2090,CEREAL,5.56
BOL_LAPL,2100,CROP_FLW,7.158
BOL_LAPL,2100,PDR,6.542
BOL_LAPL,2100,WHT,5.124
BOL_LAPL,2100,GRO,5.602
BOL_LAPL,2100,OSD,4.483
BOL_LAPL,2100,C_B,137.326
BOL_LAPL,2100,OTH_A,4.824
BOL_LAPL,2100,CEREAL,5.639
BOL_LPUN,2005,CROP_FLW,1.63
BOL_LPUN,2005,WHT,3.075
BOL_LPUN,2005,GRO,2.104
BOL_LPUN,2005,OTH_A,3.034
BOL_LPUN,2005,CEREAL,2.313
BOL_LPUN,2010,CROP_FLW,1.624
BOL_LPUN,2010,WHT,5.649
BOL_LPUN,2010,GRO,6.769
BOL_LPUN,2010,OTH_A,3.439
BOL_LPUN,2010,CEREAL,6.491
BOL_LPUN,2020,CROP_FLW,1.571
BOL_LPUN,2020,WHT,6.583
BOL_LPUN,2020,GRO,7.655
BOL_LPUN,2020,OTH_A,3.893
BOL_LPUN,2020,CEREAL,7.374
BOL_LPUN,2030,CROP_FLW,1.492
BOL_LPUN,2030,WHT,6.916
BOL_LPUN,2030,GRO,9.188
BOL_LPUN,2030,OTH_A,4.129
BOL_LPUN,2030,CEREAL,8.534
BOL_LPUN,2040,CROP_FLW,1.475
BOL_LPUN,2040,WHT,7.207
BOL_LPUN,2040,GRO,10.629
BOL_LPUN,2040,OTH_A,4.146
BOL_LPUN,2040,CEREAL,9.572
BOL_LPUN,2050,CROP_FLW,1.463
BOL_LPUN,2050,WHT,7.353
BOL_LPUN,2050,GRO,10.999
BOL_LPUN,2050,OTH_A,4.255
BOL_LPUN,2050,CEREAL,9.804
BOL_LPUN,2060,CROP_FLW,1.443
BOL_LPUN,2060,WHT,7.765
BOL_LPUN,2060,GRO,10.931
BOL_LPUN,2060,OTH_A,4.323
BOL_LPUN,2060,CEREAL,9.771
BOL_LPUN,2070,CROP_FLW,1.446
BOL_LPUN,2070,WHT,8.266
BOL_LPUN,2070,GRO,12.441
BOL_LPUN,2070,OTH_A,4.041
BOL_LPUN,2070,CEREAL,10.671
BOL_LPUN,2080,CROP_FLW,1.472
BOL_LPUN,2080,WHT,7.985
BOL_LPUN,2080,GRO,13.523
BOL_LPUN,2080,OTH_A,3.803
BOL_LPUN,2080,CEREAL,10.748
BOL_LPUN,2090,CROP_FLW,1.483
BOL_LPUN,2090,WHT,7.758
BOL_LPUN,2090,GRO,14.344
BOL_LPUN,2090,OTH_A,3.751
BOL_LPUN,2090,CEREAL,10.595
BOL_LPUN,2100,CROP_FLW,1.489
BOL_LPUN,2100,WHT,7.915
BOL_LPUN,2100,GRO,14.345
BOL_LPUN,2100,OTH_A,3.767
BOL_LPUN,2100,CEREAL,10.451
BRA_AMAZ,2005,CROP_FLW,11.122
BRA_AMAZ,2005,PDR,4.0
BRA_AMAZ,2005,GRO,2.896
BRA_AMAZ,2005,OSD,3.161
BRA_AMAZ,2005,C_B,80.937
BRA_AMAZ,2005,OTH_A,2.241
BRA_AMAZ,2005,CEREAL,3.168
BRA_AMAZ,2010,CROP_FLW,10.969
BRA_AMAZ,2010,PDR,4.651
BRA_AMAZ,2010,GRO,3.098
BRA_AMAZ,2010,OSD,3.175
BRA_AMAZ,2010,C_B,99.571
BRA_AMAZ,2010,OTH_A,2.256
BRA_AMAZ,2010,CEREAL,3.377
BRA_AMAZ,2020,CROP_FLW,10.713
BRA_AMAZ,2020,PDR,5.399
BRA_AMAZ,2020,GRO,3.213
BRA_AMAZ,2020,OSD,3.231
BRA_AMAZ,2020,C_B,101.783
BRA_AMAZ,2020,OTH_A,2.49
BRA_AMAZ,2020,CEREAL,3.517
BRA_AMAZ,2030,CROP_FLW,10.678
BRA_AMAZ,2030,PDR,6.027
BRA_AMAZ,2030,GRO,3.568
BRA_AMAZ,2030,OSD,3.28
BRA_AMAZ,2030,C_B,104.729
BRA_AMAZ,2030,OTH_A,2.526
BRA_AMAZ,2030,CEREAL,3.933
BRA_AMAZ,2040,CROP_FLW,10.675
BRA_AMAZ,2040,PDR,6.507
BRA_AMAZ,2040,GRO,3.843
BRA_AMAZ,2040,OSD,3.261
BRA_AMAZ,2040,C_B,108.212
BRA_AMAZ,2040,OTH_A,2.531
BRA_AMAZ,2040,CEREAL,4.293
BRA_AMAZ,2050,CROP_FLW,10.645
BRA_AMAZ,2050,PDR,6.734
BRA_AMAZ,2050,GRO,3.926
BRA_AMAZ,2050,OSD,3.267
BRA_AMAZ,2050,C_B,108.713
BRA_AMAZ,2050,OTH_A,2.617
BRA_AMAZ,2050,CEREAL,4.438
BRA_AMAZ,2060,CROP_FLW,10.967
BRA_AMAZ,2060,PDR,7.1
BRA_AMAZ,2060,GRO,3.95
BRA_AMAZ,2060,OSD,3.285
BRA_AMAZ,2060,C_B,113.472
BRA_AMAZ,2060,OTH_A,2.761
BRA_AMAZ,2060,CEREAL,4.537
BRA_AMAZ,2070,CROP_FLW,11.229
BRA_AMAZ,2070,PDR,7.343
BRA_AMAZ,2070,GRO,3.761
BRA_AMAZ,2070,OSD,3.282
BRA_AMAZ,2070,C_B,113.019
BRA_AMAZ,2070,OTH_A,2.882
BRA_AMAZ,2070,CEREAL,4.471
BRA_AMAZ,2080,CROP_FLW,11.324
BRA_AMAZ,2080,PDR,7.566
BRA_AMAZ,2080,GRO,3.6
BRA_AMAZ,2080,OSD,3.277
BRA_AMAZ,2080,C_B,113.482
BRA_AMAZ,2080,OTH_A,2.995
BRA_AMAZ,2080,CEREAL,4.391
BRA_AMAZ,2090,CROP_FLW,11.357
BRA_AMAZ,2090,PDR,7.759
BRA_AMAZ,2090,GRO,3.486
BRA_AMAZ,2090,OSD,3.272
BRA_AMAZ,2090,C_B,114.7
BRA_AMAZ,2090,OTH_A,3.108
BRA_AMAZ,2090,CEREAL,4.348
BRA_AMAZ,2100,CROP_FLW,11.397
BRA_AMAZ,2100,PDR,7.845
BRA_AMAZ,2100,GRO,3.325
BRA_AMAZ,2100,OSD,3.263
BRA_AMAZ,2100,C_B,116.767
BRA_AMAZ,2100,OTH_A,3.224
BRA_AMAZ,2100,CEREAL,4.264
BRA_LAPL,2005,CROP_FLW,9.844
BRA_LAPL,2005,PDR,4.285
BRA_LAPL,2005,WHT,2.098
BRA_LAPL,2005,GRO,3.141
BRA_LAPL,2005,OSD,3.169
BRA_LAPL,2005,C_B,77.577
BRA_LAPL,2005,OTH_A,2.416
BRA_LAPL,2005,CEREAL,3.002
BRA_LAPL,2010,CROP_FLW,9.735
BRA_LAPL,2010,PDR,4.81
BRA_LAPL,2010,WHT,2.144
BRA_LAPL,2010,GRO,3.25
BRA_LAPL,2010,OSD,3.182
BRA_LAPL,2010,C_B,98.57
BRA_LAPL,2010,OTH_A,2.432
BRA_LAPL,2010,CEREAL,3.104
BRA_LAPL,2020,CROP_FLW,9.252
BRA_LAPL,2020,PDR,5.213
BRA_LAPL,2020,WHT,2.172
BRA_LAPL,2020,GRO,3.431
BRA_LAPL,2020,OSD,3.319
BRA_LAPL,2020,C_B,100.754
BRA_LAPL,2020,OTH_A,2.658
BRA_LAPL,2020,CEREAL,3.239
BRA_LAPL,2030,CROP_FLW,9.141
BRA_LAPL,2030,PDR,5.467
BRA_LAPL,2030,WHT,2.188
BRA_LAPL,2030,GRO,3.473
BRA_LAPL,2030,OSD,3.326
BRA_LAPL,2030,C_B,102.025
BRA_LAPL,2030,OTH_A,2.729
BRA_LAPL,2030,CEREAL,3.304
BRA_LAPL,2040,CROP_FLW,9.08
BRA_LAPL,2040,PDR,5.665
BRA_LAPL,2040,WHT,2.204
BRA_LAPL,2040,GRO,3.513
BRA_LAPL,2040,OSD,3.338
BRA_LAPL,2040,C_B,103.506
BRA_LAPL,2040,OTH_A,2.784
BRA_LAPL,2040,CEREAL,3.377
BRA_LAPL,2050,CROP_FLW,8.924
BRA_LAPL,2050,PDR,5.869
BRA_LAPL,2050,WHT,2.225
BRA_LAPL,2050,GRO,3.553
BRA_LAPL,2050,OSD,3.345
BRA_LAPL,2050,C_B,103.926
BRA_LAPL,2050,OTH_A,2.853
BRA_LAPL,2050,CEREAL,3.455
BRA_LAPL,2060,CROP_FLW,8.837
BRA_LAPL,2060,PDR,6.04
BRA_LAPL,2060,WHT,2.233
BRA_LAPL,2060,GRO,3.576
BRA_LAPL,2060,OSD,3.356
BRA_LAPL,2060,C_B,104.964
BRA_LAPL,2060,OTH_A,2.909
BRA_LAPL,2060,CEREAL,3.511
BRA_LAPL,2070,CROP_FLW,8.614
BRA_LAPL,2070,PDR,6.315
BRA_LAPL,2070,WHT,2.313
BRA_LAPL,2070,GRO,3.687
BRA_LAPL,2070,OSD,3.376
BRA_LAPL,2070,C_B,106.728
BRA_LAPL,2070,OTH_A,2.952
BRA_LAPL,2070,CEREAL,3.637
BRA_LAPL,2080,CROP_FLW,8.629
BRA_LAPL,2080,PDR,6.363
BRA_LAPL,2080,WHT,2.295
BRA_LAPL,2080,GRO,3.817
BRA_LAPL,2080,OSD,3.407
BRA_LAPL,2080,C_B,106.758
BRA_LAPL,2080,OTH_A,2.991
BRA_LAPL,2080,CEREAL,3.702
BRA_LAPL,2090,CROP_FLW,8.609
BRA_LAPL,2090,PDR,6.443
BRA_LAPL,2090,WHT,2.283
BRA_LAPL,2090,GRO,3.988
BRA_LAPL,2090,OSD,3.448
BRA_LAPL,2090,C_B,108.232
BRA_LAPL,2090,OTH_A,3.037
BRA_LAPL,2090,CEREAL,3.793
BRA_LAPL,2100,CROP_FLW,8.727
BRA_LAPL,2100,PDR,6.583
BRA_LAPL,2100,WHT,2.306
BRA_LAPL,2100,GRO,4.201
BRA_LAPL,2100,OSD,3.522
BRA_LAPL,2100,C_B,112.044
BRA_LAPL,2100,OTH_A,3.075
BRA_LAPL,2100,CEREAL,3.916
BRA_SAOF,2005,CROP_FLW,8.535
BRA_SAOF,2005,PDR,4.2
BRA_SAOF,2005,WHT,2.07
BRA_SAOF,2005,GRO,3.074
BRA_SAOF,2005,OSD,3.185
BRA_SAOF,2005,C_B,75.832
BRA_SAOF,2005,OTH_A,2.358
BRA_SAOF,2005,CEREAL,3.117
BRA_SAOF,2010,CROP_FLW,8.555
BRA_SAOF,2010,PDR,4.668
BRA_SAOF,2010,WHT,2.167
BRA_SAOF,2010,GRO,3.116
BRA_SAOF,2010,OSD,3.188
BRA_SAOF,2010,C_B,68.111
BRA_SAOF,2010,OTH_A,2.37
BRA_SAOF,2010,CEREAL,3.16
BRA_SAOF,2020,CROP_FLW,8.854
BRA_SAOF,2020,PDR,5.23
BRA_SAOF,2020,WHT,2.234
BRA_SAOF,2020,GRO,3.254
BRA_SAOF,2020,OSD,3.22
BRA_SAOF,2020,C_B,69.052
BRA_SAOF,2020,OTH_A,2.597
BRA_SAOF,2020,CEREAL,3.293
BRA_SAOF,2030,CROP_FLW,8.853
BRA_SAOF,2030,PDR,6.007
BRA_SAOF,2030,WHT,2.408
BRA_SAOF,2030,GRO,3.362
BRA_SAOF,2030,OSD,3.25
BRA_SAOF,2030,C_B,68.883
BRA_SAOF,2030,OTH_A,2.631
BRA_SAOF,2030,CEREAL,3.431
BRA_SAOF,2040,CROP_FLW,8.852
BRA_SAOF,2040,PDR,6.796
BRA_SAOF,2040,WHT,2.532
BRA_SAOF,2040,GRO,3.574
BRA_SAOF,2040,OSD,3.276
BRA_SAOF,2040,C_B,69.436
BRA_SAOF,2040,OTH_A,2.638
BRA_SAOF,2040,CEREAL,3.678
BRA_SAOF,2050,CROP_FLW,8.874
BRA_SAOF,2050,PDR,7.164
BRA_SAOF,2050,WHT,2.595
BRA_SAOF,2050,GRO,3.571
BRA_SAOF,2050,OSD,3.269
BRA_SAOF,2050,C_B,68.565
BRA_SAOF,2050,OTH_A,2.687
BRA_SAOF,2050,CEREAL,3.708
BRA_SAOF,2060,CROP_FLW,8.914
BRA_SAOF,2060,PDR,7.344
BRA_SAOF,2060,WHT,2.611
BRA_SAOF,2060,GRO,3.587
BRA_SAOF,2060,OSD,3.274
BRA_SAOF,2060,C_B,68.454
BRA_SAOF,2060,OTH_A,2.743
BRA_SAOF,2060,CEREAL,3.742
BRA_SAOF,2070,CROP_FLW,9.056
BRA_SAOF,2070,PDR,7.382
BRA_SAOF,2070,WHT,2.612
BRA_SAOF,2070,GRO,3.746
BRA_SAOF,2070,OSD,3.33
BRA_SAOF,2070,C_B,68.465
BRA_SAOF,2070,OTH_A,2.786
BRA_SAOF,2070,CEREAL,3.906
BRA_SAOF,2080,CROP_FLW,9.216
BRA_SAOF,2080,PDR,7.761
BRA_SAOF,2080,WHT,2.639
BRA_SAOF,2080,GRO,3.877
BRA_SAOF,2080,OSD,3.374
BRA_SAOF,2080,C_B,69.738
BRA_SAOF,2080,OTH_A,2.843
BRA_SAOF,2080,CEREAL,4.049
BRA_SAOF,2090,CROP_FLW,9.333
BRA_SAOF,2090,PDR,8.189
BRA_SAOF,2090,WHT,2.688
BRA_SAOF,2090,GRO,3.973
BRA_SAOF,2090,OSD,3.399
BRA_SAOF,2090,C_B,71.15
BRA_SAOF,2090,OTH_A,2.9
BRA_SAOF,2090,CEREAL,4.168
BRA_SAOF,2100,CROP_FLW,9.411
BRA_SAOF,2100,PDR,8.545
BRA_SAOF,2100,WHT,2.705
BRA_SAOF,2100,GRO,4.059
BRA_SAOF,2100,OSD,3.416
BRA_SAOF,2100,C_B,72.416
BRA_SAOF,2100,OTH_A,2.95
BRA_SAOF,2100,CEREAL,4.282
BRA_TOCA,2005,CROP_FLW,10.618
BRA_TOCA,2005,PDR,4.116
BRA_TOCA,2005,GRO,3.026
BRA_TOCA,2005,OSD,3.141
BRA_TOCA,2005,C_B,75.419
BRA_TOCA,2005,OTH_A,2.208
BRA_TOCA,2005,CEREAL,3.275
BRA_TOCA,2010,CROP_FLW,10.319
BRA_TOCA,2010,PDR,4.556
BRA_TOCA,2010,GRO,3.096
BRA_TOCA,2010,OSD,3.15
BRA_TOCA,2010,C_B,77.217
BRA_TOCA,2010,OTH_A,2.22
BRA_TOCA,2010,CEREAL,3.334
BRA_TOCA,2020,CROP_FLW,9.907
BRA_TOCA,2020,PDR,5.06
BRA_TOCA,2020,GRO,3.175
BRA_TOCA,2020,OSD,3.178
BRA_TOCA,2020,C_B,77.96
BRA_TOCA,2020,OTH_A,2.314
BRA_TOCA,2020,CEREAL,3.411
BRA_TOCA,2030,CROP_FLW,9.86
BRA_TOCA,2030,PDR,5.462
BRA_TOCA,2030,GRO,3.255
BRA_TOCA,2030,OSD,3.229
BRA_TOCA,2030,C_B,78.606
BRA_TOCA,2030,OTH_A,2.357
BRA_TOCA,2030,CEREAL,3.547
BRA_TOCA,2040,CROP_FLW,9.797
BRA_TOCA,2040,PDR,5.79
BRA_TOCA,2040,GRO,3.284
BRA_TOCA,2040,OSD,3.26
BRA_TOCA,2040,C_B,79.018
BRA_TOCA,2040,OTH_A,2.412
BRA_TOCA,2040,CEREAL,3.657
BRA_TOCA,2050,CROP_FLW,9.727
BRA_TOCA,2050,PDR,5.983
BRA_TOCA,2050,GRO,3.293
BRA_TOCA,2050,OSD,3.281
BRA_TOCA,2050,C_B,79.276
BRA_TOCA,2050,OTH_A,2.498
BRA_TOCA,2050,CEREAL,3.728
BRA_TOCA,2060,CROP_FLW,9.806
BRA_TOCA,2060,PDR,6.105
BRA_TOCA,2060,GRO,3.343
BRA_TOCA,2060,OSD,3.323
BRA_TOCA,2060,C_B,80.907
BRA_TOCA,2060,OTH_A,2.605
BRA_TOCA,2060,CEREAL,3.814
BRA_TOCA,2070,CROP_FLW,9.583
BRA_TOCA,2070,PDR,6.594
BRA_TOCA,2070,GRO,3.554
BRA_TOCA,2070,OSD,3.455
BRA_TOCA,2070,C_B,83.811
BRA_TOCA,2070,OTH_A,2.81
BRA_TOCA,2070,CEREAL,4.093
BRA_TOCA,2080,CROP_FLW,9.878
BRA_TOCA,2080,PDR,7.249
BRA_TOCA,2080,GRO,3.742
BRA_TOCA,2080,OSD,3.579
BRA_TOCA,2080,C_B,86.84
BRA_TOCA,2080,OTH_A,3.061
BRA_TOCA,2080,CEREAL,4.349
BRA_TOCA,2090,CROP_FLW,10.053
BRA_TOCA,2090,PDR,7.542
BRA_TOCA,2090,GRO,3.892
BRA_TOCA,2090,OSD,3.68
BRA_TOCA,2090,C_B,89.328
BRA_TOCA,2090,OTH_A,3.294
BRA_TOCA,2090,CEREAL,4.512
BRA_TOCA,2100,CROP_FLW,10.161
BRA_TOCA,2100,PDR,7.674
BRA_TOCA,2100,GRO,4.024
BRA_TOCA,2100,OSD,3.756
BRA_TOCA,2100,C_B,91.119
BRA_TOCA,2100,OTH_A,3.432
BRA_TOCA,2100,CEREAL,4.677
BRA_UBSA,2005,CROP_FLW,6.558
BRA_UBSA,2005,PDR,4.179
BRA_UBSA,2005,WHT,2.077
BRA_UBSA,2005,GRO,3.281
BRA_UBSA,2005,OSD,3.092
BRA_UBSA,2005,C_B,76.59
BRA_UBSA,2005,OTH_A,2.395
BRA_UBSA,2005,CEREAL,3.446
BRA_UBSA,2010,CROP_FLW,6.57
BRA_UBSA,2010,PDR,4.614
BRA_UBSA,2010,WHT,2.109
BRA_UBSA,2010,GRO,3.369
BRA_UBSA,2010,OSD,3.1
BRA_UBSA,2010,C_B,83.603
BRA_UBSA,2010,OTH_A,2.41
BRA_UBSA,2010,CEREAL,3.54
BRA_UBSA,2020,CROP_FLW,7.184
BRA_UBSA,2020,PDR,5.156
BRA_UBSA,2020,WHT,2.124
BRA_UBSA,2020,GRO,3.446
BRA_UBSA,2020,OSD,3.283
BRA_UBSA,2020,C_B,85.603
BRA_UBSA,2020,OTH_A,2.613
BRA_UBSA,2020,CEREAL,3.632
BRA_UBSA,2030,CROP_FLW,7.24
BRA_UBSA,2030,PDR,5.748
BRA_UBSA,2030,WHT,2.351
BRA_UBSA,2030,GRO,3.5
BRA_UBSA,2030,OSD,3.37
BRA_UBSA,2030,C_B,87.144
BRA_UBSA,2030,OTH_A,2.637
BRA_UBSA,2030,CEREAL,3.84
BRA_UBSA,2040,CROP_FLW,7.298
BRA_UBSA,2040,PDR,6.343
BRA_UBSA,2040,WHT,2.481
BRA_UBSA,2040,GRO,3.52
BRA_UBSA,2040,OSD,3.437
BRA_UBSA,2040,C_B,88.882
BRA_UBSA,2040,OTH_A,2.642
BRA_UBSA,2040,CEREAL,4.07
BRA_UBSA,2050,CROP_FLW,7.393
BRA_UBSA,2050,PDR,6.702
BRA_UBSA,2050,WHT,2.578
BRA_UBSA,2050,GRO,3.538
BRA_UBSA,2050,OSD,3.475
BRA_UBSA,2050,C_B,89.851
BRA_UBSA,2050,OTH_A,2.635
BRA_UBSA,2050,CEREAL,4.253
BRA_UBSA,2060,CROP_FLW,7.521
BRA_UBSA,2060,PDR,6.896
BRA_UBSA,2060,WHT,2.647
BRA_UBSA,2060,GRO,3.533
BRA_UBSA,2060,OSD,3.498
BRA_UBSA,2060,C_B,90.479
BRA_UBSA,2060,OTH_A,2.644
BRA_UBSA,2060,CEREAL,4.364
BRA_UBSA,2070,CROP_FLW,7.483
BRA_UBSA,2070,PDR,7.067
BRA_UBSA,2070,WHT,2.732
BRA_UBSA,2070,GRO,3.618
BRA_UBSA,2070,OSD,3.5
BRA_UBSA,2070,C_B,90.66
BRA_UBSA,2070,OTH_A,2.671
BRA_UBSA,2070,CEREAL,4.548
BRA_UBSA,2080,CROP_FLW,7.671
BRA_UBSA,2080,PDR,7.352
BRA_UBSA,2080,WHT,2.731
BRA_UBSA,2080,GRO,3.766
BRA_UBSA,2080,OSD,3.617
BRA_UBSA,2080,C_B,92.459
BRA_UBSA,2080,OTH_A,2.718
BRA_UBSA,2080,CEREAL,4.728
BRA_UBSA,2090,CROP_FLW,7.732
BRA_UBSA,2090,PDR,7.71
BRA_UBSA,2090,WHT,2.768
BRA_UBSA,2090,GRO,3.887
BRA_UBSA,2090,OSD,3.687
BRA_UBSA,2090,C_B,95.947
BRA_UBSA,2090,OTH_A,2.78
BRA_UBSA,2090,CEREAL,4.925
BRA_UBSA,2100,CROP_FLW,7.731
BRA_UBSA,2100,PDR,8.07
BRA_UBSA,2100,WHT,2.835
BRA_UBSA,2100,GRO,3.991
BRA_UBSA,2100,OSD,3.757
BRA_UBSA,2100,C_B,99.153
BRA_UBSA,2100,OTH_A,2.834
BRA_UBSA,2100,CEREAL,5.14
BRB_CARC,2005,CROP_FLW,6.031
BRB_CARC,2010,CROP_FLW,6.031
BRB_CARC,2020,CROP_FLW,6.031
BRB_CARC,2030,CROP_FLW,6.031
BRB_CARC,2040,CROP_FLW,6.031
BRB_CARC,2050,CROP_FLW,6.031
BRB_CARC,2060,CROP_FLW,6.031
BRB_CARC,2070,CROP_FLW,6.031
BRB_CARC,2080,CROP_FLW,6.031
BRB_CARC,2090,CROP_FLW,6.031
BRB_CARC,2100,CROP_FLW,6.031
BTN_GABR,2005,CROP_FLW,6.711
BTN_GABR,2010,CROP_FLW,6.711
BTN_GABR,2020,CROP_FLW,6.711
BTN_GABR,2030,CROP_FLW,6.711
BTN_GABR,2040,CROP_FLW,6.711
BTN_GABR,2050,CROP_FLW,6.711
BTN_GABR,2060,CROP_FLW,6.711
BTN_GABR,2070,CROP_FLW,6.711
BTN_GABR,2080,CROP_FLW,6.711
BTN_GABR,2090,CROP_FLW,6.711
BTN_GABR,2100,CROP_FLW,6.711
BWA_ASII,2005,CROP_FLW,5.942
BWA_ASII,2005,GRO,1.072
BWA_ASII,2005,OSD,0.807
BWA_ASII,2005,OTH_A,0.934
BWA_ASII,2005,CEREAL,1.072
BWA_ASII,2010,CROP_FLW,5.942
BWA_ASII,2010,GRO,1.197
BWA_ASII,2010,OSD,0.971
BWA_ASII,2010,OTH_A,1.249
BWA_ASII,2010,CEREAL,1.197
BWA_ASII,2020,CROP_FLW,6.044
BWA_ASII,2020,GRO,1.475
BWA_ASII,2020,OSD,1.424
BWA_ASII,2020,OTH_A,1.443
BWA_ASII,2020,CEREAL,1.475
BWA_ASII,2030,CROP_FLW,6.055
BWA_ASII,2030,GRO,1.49
BWA_ASII,2030,OSD,1.423
BWA_ASII,2030,OTH_A,1.483
BWA_ASII,2030,CEREAL,1.49
BWA_ASII,2040,CROP_FLW,6.084
BWA_ASII,2040,GRO,1.497
BWA_ASII,2040,OSD,1.424
BWA_ASII,2040,OTH_A,1.526
BWA_ASII,2040,CEREAL,1.497
BWA_ASII,2050,CROP_FLW,6.13
BWA_ASII,2050,GRO,1.507
BWA_ASII,2050,OSD,1.424
BWA_ASII,2050,OTH_A,1.565
BWA_ASII,2050,CEREAL,1.507
BWA_ASII,2060,CROP_FLW,6.171
BWA_ASII,2060,GRO,1.515
BWA_ASII,2060,OSD,1.424
BWA_ASII,2060,OTH_A,1.597
BWA_ASII,2060,CEREAL,1.515
BWA_ASII,2070,CROP_FLW,6.24
BWA_ASII,2070,GRO,1.522
BWA_ASII,2070,OSD,1.424
BWA_ASII,2070,OTH_A,1.605
BWA_ASII,2070,CEREAL,1.522
BWA_ASII,2080,CROP_FLW,6.308
BWA_ASII,2080,GRO,1.515
BWA_ASII,2080,OSD,1.424
BWA_ASII,2080,OTH_A,1.616
BWA_ASII,2080,CEREAL,1.515
BWA_ASII,2090,CROP_FLW,6.352
BWA_ASII,2090,GRO,1.498
BWA_ASII,2090,OSD,1.424
BWA_ASII,2090,OTH_A,1.626
BWA_ASII,2090,CEREAL,1.498
BWA_ASII,2100,CROP_FLW,6.368
BWA_ASII,2100,GRO,1.488
BWA_ASII,2100,OSD,1.424
BWA_ASII,2100,OTH_A,1.627
BWA_ASII,2100,CEREAL,1.488
BWA_LIMP,2005,CROP_FLW,5.471
BWA_LIMP,2005,GRO,1.045
BWA_LIMP,2005,OSD,0.98
BWA_LIMP,2005,OTH_A,0.892
BWA_LIMP,2005,CEREAL,1.045
BWA_LIMP,2010,CROP_FLW,5.471
BWA_LIMP,2010,GRO,1.129
BWA_LIMP,2010,OSD,1.189
BWA_LIMP,2010,OTH_A,1.042
BWA_LIMP,2010,CEREAL,1.129
BWA_LIMP,2020,CROP_FLW,5.292
BWA_LIMP,2020,GRO,1.251
BWA_LIMP,2020,OSD,1.919
BWA_LIMP,2020,OTH_A,1.193
BWA_LIMP,2020,CEREAL,1.251
BWA_LIMP,2030,CROP_FLW,5.301
BWA_LIMP,2030,GRO,1.26
BWA_LIMP,2030,OSD,1.919
BWA_LIMP,2030,OTH_A,1.226
BWA_LIMP,2030,CEREAL,1.26
BWA_LIMP,2040,CROP_FLW,5.294
BWA_LIMP,2040,GRO,1.283
BWA_LIMP,2040,OSD,1.93
BWA_LIMP,2040,OTH_A,1.256
BWA_LIMP,2040,CEREAL,1.283
BWA_LIMP,2050,CROP_FLW,5.311
BWA_LIMP,2050,GRO,1.323
BWA_LIMP,2050,OSD,1.949
BWA_LIMP,2050,OTH_A,1.271
BWA_LIMP,2050,CEREAL,1.323
BWA_LIMP,2060,CROP_FLW,5.427
BWA_LIMP,2060,GRO,1.348
BWA_LIMP,2060,OSD,1.97
BWA_LIMP,2060,OTH_A,1.287
BWA_LIMP,2060,CEREAL,1.348
BWA_LIMP,2070,CROP_FLW,5.531
BWA_LIMP,2070,GRO,1.369
BWA_LIMP,2070,OSD,2.025
BWA_LIMP,2070,OTH_A,1.301
BWA_LIMP,2070,CEREAL,1.369
BWA_LIMP,2080,CROP_FLW,5.659
BWA_LIMP,2080,GRO,1.396
BWA_LIMP,2080,OSD,2.111
BWA_LIMP,2080,OTH_A,1.326
BWA_LIMP,2080,CEREAL,1.396
BWA_LIMP,2090,CROP_FLW,5.81
BWA_LIMP,2090,GRO,1.424
BWA_LIMP,2090,OSD,2.212
BWA_LIMP,2090,OTH_A,1.364
BWA_LIMP,2090,CEREAL,1.424
BWA_LIMP,2100,CROP_FLW,5.901
BWA_LIMP,2100,GRO,1.441
BWA_LIMP,2100,OSD,2.325
BWA_LIMP,2100,OTH_A,1.403
BWA_LIMP,2100,CEREAL,1.441
BWA_ORAN,2005,CROP_FLW,6.162
BWA_ORAN,2005,GRO,1.034
BWA_ORAN,2005,OSD,0.847
BWA_ORAN,2005,OTH_A,0.901
BWA_ORAN,2005,CEREAL,1.034
BWA_ORAN,2010,CROP_FLW,6.162
BWA_ORAN,2010,GRO,0.864
BWA_ORAN,2010,OSD,1.372
BWA_ORAN,2010,OTH_A,0.766
BWA_ORAN,2010,CEREAL,0.864
BWA_ORAN,2020,CROP_FLW,5.378
BWA_ORAN,2020,GRO,1.156
BWA_ORAN,2020,OSD,2.821
BWA_ORAN,2020,OTH_A,0.827
BWA_ORAN,2020,CEREAL,1.156
BWA_ORAN,2030,CROP_FLW,5.39
BWA_ORAN,2030,GRO,1.198
BWA_ORAN,2030,OSD,2.821
BWA_ORAN,2030,OTH_A,0.977
BWA_ORAN,2030,CEREAL,1.198
BWA_ORAN,2040,CROP_FLW,5.608
BWA_ORAN,2040,GRO,1.249
BWA_ORAN,2040,OSD,2.821
BWA_ORAN,2040,OTH_A,1.187
BWA_ORAN,2040,CEREAL,1.249
BWA_ORAN,2050,CROP_FLW,5.736
BWA_ORAN,2050,GRO,1.269
BWA_ORAN,2050,OSD,2.821
BWA_ORAN,2050,OTH_A,1.261
BWA_ORAN,2050,CEREAL,1.269
BWA_ORAN,2060,CROP_FLW,5.816
BWA_ORAN,2060,GRO,1.288
BWA_ORAN,2060,OSD,2.821
BWA_ORAN,2060,OTH_A,1.316
BWA_ORAN,2060,CEREAL,1.288
BWA_ORAN,2070,CROP_FLW,5.83
BWA_ORAN,2070,GRO,1.314
BWA_ORAN,2070,OSD,2.821
BWA_ORAN,2070,OTH_A,1.339
BWA_ORAN,2070,CEREAL,1.314
BWA_ORAN,2080,CROP_FLW,5.847
BWA_ORAN,2080,GRO,1.364
BWA_ORAN,2080,OSD,2.821
BWA_ORAN,2080,OTH_A,1.378
BWA_ORAN,2080,CEREAL,1.364
BWA_ORAN,2090,CROP_FLW,5.893
BWA_ORAN,2090,GRO,1.423
BWA_ORAN,2090,OSD,2.822
BWA_ORAN,2090,OTH_A,1.411
BWA_ORAN,2090,CEREAL,1.423
BWA_ORAN,2100,CROP_FLW,5.927
BWA_ORAN,2100,GRO,1.489
BWA_ORAN,2100,OSD,2.822
BWA_ORAN,2100,OTH_A,1.412
BWA_ORAN,2100,CEREAL,1.489
CAF_CONG,2005,CROP_FLW,4.85
CAF_CONG,2005,PDR,2.354
CAF_CONG,2005,GRO,1.116
CAF_CONG,2005,OSD,0.905
CAF_CONG,2005,C_B,41.83
CAF_CONG,2005,OTH_A,0.895
CAF_CONG,2005,CEREAL,1.189
CAF_CONG,2010,CROP_FLW,5.177
CAF_CONG,2010,PDR,4.192
CAF_CONG,2010,GRO,1.198
CAF_CONG,2010,OSD,0.911
CAF_CONG,2010,C_B,57.488
CAF_CONG,2010,OTH_A,1.42
CAF_CONG,2010,CEREAL,1.284
CAF_CONG,2020,CROP_FLW,5.415
CAF_CONG,2020,PDR,5.003
CAF_CONG,2020,GRO,1.378
CAF_CONG,2020,OSD,0.916
CAF_CONG,2020,C_B,140.862
CAF_CONG,2020,OTH_A,1.79
CAF_CONG,2020,CEREAL,1.474
CAF_CONG,2030,CROP_FLW,5.491
CAF_CONG,2030,PDR,5.673
CAF_CONG,2030,GRO,1.492
CAF_CONG,2030,OSD,0.916
CAF_CONG,2030,C_B,150.968
CAF_CONG,2030,OTH_A,1.838
CAF_CONG,2030,CEREAL,1.619
CAF_CONG,2040,CROP_FLW,5.491
CAF_CONG,2040,PDR,6.594
CAF_CONG,2040,GRO,1.768
CAF_CONG,2040,OSD,0.915
CAF_CONG,2040,C_B,164.315
CAF_CONG,2040,OTH_A,1.87
CAF_CONG,2040,CEREAL,1.941
CAF_CONG,2050,CROP_FLW,5.49
CAF_CONG,2050,PDR,7.215
CAF_CONG,2050,GRO,1.985
CAF_CONG,2050,OSD,0.914
CAF_CONG,2050,C_B,173.92
CAF_CONG,2050,OTH_A,1.897
CAF_CONG,2050,CEREAL,2.201
CAF_CONG,2060,CROP_FLW,5.493
CAF_CONG,2060,PDR,7.568
CAF_CONG,2060,GRO,2.043
CAF_CONG,2060,OSD,0.913
CAF_CONG,2060,C_B,178.631
CAF_CONG,2060,OTH_A,1.903
CAF_CONG,2060,CEREAL,2.319
CAF_CONG,2070,CROP_FLW,5.45
CAF_CONG,2070,PDR,7.728
CAF_CONG,2070,GRO,2.063
CAF_CONG,2070,OSD,0.913
CAF_CONG,2070,C_B,179.002
CAF_CONG,2070,OTH_A,1.977
CAF_CONG,2070,CEREAL,2.385
CAF_CONG,2080,CROP_FLW,5.355
CAF_CONG,2080,PDR,7.772
CAF_CONG,2080,GRO,2.125
CAF_CONG,2080,OSD,0.918
CAF_CONG,2080,C_B,184.803
CAF_CONG,2080,OTH_A,2.142
CAF_CONG,2080,CEREAL,2.47
CAF_CONG,2090,CROP_FLW,5.292
CAF_CONG,2090,PDR,7.865
CAF_CONG,2090,GRO,2.24
CAF_CONG,2090,OSD,0.922
CAF_CONG,2090,C_B,199.433
CAF_CONG,2090,OTH_A,2.398
CAF_CONG,2090,CEREAL,2.601
CAF_CONG,2100,CROP_FLW,5.484
CAF_CONG,2100,PDR,8.003
CAF_CONG,2100,GRO,2.412
CAF_CONG,2100,OSD,0.926
CAF_CONG,2100,C_B,222.899
CAF_CONG,2100,OTH_A,2.483
CAF_CONG,2100,CEREAL,2.796
CAF_LCHA,2005,CROP_FLW,4.826
CAF_LCHA,2005,PDR,1.914
CAF_LCHA,2005,GRO,1.107
CAF_LCHA,2005,OSD,0.887
CAF_LCHA,2005,C_B,572.319
CAF_LCHA,2005,OTH_A,0.946
CAF_LCHA,2005,CEREAL,1.121
CAF_LCHA,2010,CROP_FLW,4.973
CAF_LCHA,2010,PDR,2.592
CAF_LCHA,2010,GRO,1.128
CAF_LCHA,2010,OSD,0.892
CAF_LCHA,2010,C_B,572.654
CAF_LCHA,2010,OTH_A,1.024
CAF_LCHA,2010,CEREAL,1.139
CAF_LCHA,2020,CROP_FLW,5.581
CAF_LCHA,2020,PDR,2.769
CAF_LCHA,2020,GRO,1.238
CAF_LCHA,2020,OSD,0.902
CAF_LCHA,2020,C_B,573.304
CAF_LCHA,2020,OTH_A,1.075
CAF_LCHA,2020,CEREAL,1.249
CAF_LCHA,2030,CROP_FLW,5.611
CAF_LCHA,2030,PDR,2.916
CAF_LCHA,2030,GRO,1.253
CAF_LCHA,2030,OSD,0.911
CAF_LCHA,2030,C_B,573.449
CAF_LCHA,2030,OTH_A,1.089
CAF_LCHA,2030,CEREAL,1.267
CAF_LCHA,2040,CROP_FLW,5.607
CAF_LCHA,2040,PDR,3.119
CAF_LCHA,2040,GRO,1.28
CAF_LCHA,2040,OSD,0.914
CAF_LCHA,2040,C_B,573.674
CAF_LCHA,2040,OTH_A,1.098
CAF_LCHA,2040,CEREAL,1.299
CAF_LCHA,2050,CROP_FLW,5.604
CAF_LCHA,2050,PDR,3.25
CAF_LCHA,2050,GRO,1.3
CAF_LCHA,2050,OSD,0.916
CAF_LCHA,2050,C_B,573.804
CAF_LCHA,2050,OTH_A,1.101
CAF_LCHA,2050,CEREAL,1.324
CAF_LCHA,2060,CROP_FLW,5.515
CAF_LCHA,2060,PDR,3.305
CAF_LCHA,2060,GRO,1.301
CAF_LCHA,2060,OSD,0.918
CAF_LCHA,2060,C_B,573.844
CAF_LCHA,2060,OTH_A,1.127
CAF_LCHA,2060,CEREAL,1.331
CAF_LCHA,2070,CROP_FLW,5.741
CAF_LCHA,2070,PDR,3.323
CAF_LCHA,2070,GRO,1.327
CAF_LCHA,2070,OSD,0.924
CAF_LCHA,2070,C_B,573.976
CAF_LCHA,2070,OTH_A,1.183
CAF_LCHA,2070,CEREAL,1.361
CAF_LCHA,2080,CROP_FLW,6.092
CAF_LCHA,2080,PDR,3.346
CAF_LCHA,2080,GRO,1.356
CAF_LCHA,2080,OSD,0.931
CAF_LCHA,2080,C_B,574.287
CAF_LCHA,2080,OTH_A,1.212
CAF_LCHA,2080,CEREAL,1.392
CAF_LCHA,2090,CROP_FLW,6.391
CAF_LCHA,2090,PDR,3.418
CAF_LCHA,2090,GRO,1.38
CAF_LCHA,2090,OSD,0.938
CAF_LCHA,2090,C_B,574.642
CAF_LCHA,2090,OTH_A,1.228
CAF_LCHA,2090,CEREAL,1.419
CAF_LCHA,2100,CROP_FLW,6.454
CAF_LCHA,2100,PDR,3.475
CAF_LCHA,2100,GRO,1.399
CAF_LCHA,2100,OSD,0.944
CAF_LCHA,2100,C_B,575.117
CAF_LCHA,2100,OTH_A,1.235
CAF_LCHA,2100,CEREAL,1.443
CAN_AOSB,2005,CROP_FLW,6.007
CAN_AOSB,2005,GRO,3.9
CAN_AOSB,2005,OSD,2.207
CAN_AOSB,2005,OTH_A,3.262
CAN_AOSB,2005,CEREAL,3.9
CAN_AOSB,2010,CROP_FLW,5.692
CAN_AOSB,2010,GRO,3.986
CAN_AOSB,2010,OSD,2.003
CAN_AOSB,2010,OTH_A,2.506
CAN_AOSB,2010,CEREAL,3.986
CAN_AOSB,2020,CROP_FLW,3.883
CAN_AOSB,2020,GRO,4.038
CAN_AOSB,2020,OSD,1.927
CAN_AOSB,2020,OTH_A,2.665
CAN_AOSB,2020,CEREAL,4.038
CAN_AOSB,2030,CROP_FLW,3.335
CAN_AOSB,2030,GRO,4.052
CAN_AOSB,2030,OSD,1.922
CAN_AOSB,2030,OTH_A,2.781
CAN_AOSB,2030,CEREAL,4.052
CAN_AOSB,2040,CROP_FLW,3.667
CAN_AOSB,2040,GRO,4.085
CAN_AOSB,2040,OSD,1.909
CAN_AOSB,2040,OTH_A,2.861
CAN_AOSB,2040,CEREAL,4.085
CAN_AOSB,2050,CROP_FLW,4.152
CAN_AOSB,2050,GRO,4.135
CAN_AOSB,2050,OSD,1.9
CAN_AOSB,2050,OTH_A,2.95
CAN_AOSB,2050,CEREAL,4.135
CAN_AOSB,2060,CROP_FLW,4.221
CAN_AOSB,2060,GRO,4.173
CAN_AOSB,2060,OSD,1.885
CAN_AOSB,2060,OTH_A,3.068
CAN_AOSB,2060,CEREAL,4.173
CAN_AOSB,2070,CROP_FLW,4.592
CAN_AOSB,2070,GRO,4.226
CAN_AOSB,2070,OSD,1.887
CAN_AOSB,2070,OTH_A,3.194
CAN_AOSB,2070,CEREAL,4.226
CAN_AOSB,2080,CROP_FLW,4.737
CAN_AOSB,2080,GRO,4.28
CAN_AOSB,2080,OSD,1.901
CAN_AOSB,2080,OTH_A,3.354
CAN_AOSB,2080,CEREAL,4.28
CAN_AOSB,2090,CROP_FLW,5.191
CAN_AOSB,2090,GRO,4.329
CAN_AOSB,2090,OSD,1.902
CAN_AOSB,2090,OTH_A,3.477
CAN_AOSB,2090,CEREAL,4.329
CAN_AOSB,2100,CROP_FLW,5.844
CAN_AOSB,2100,GRO,4.356
CAN_AOSB,2100,OSD,1.904
CAN_AOSB,2100,OTH_A,3.55
CAN_AOSB,2100,CEREAL,4.356
CAN_HBCO,2005,CROP_FLW,4.886
CAN_HBCO,2005,GRO,3.906
CAN_HBCO,2005,OTH_A,3.157
CAN_HBCO,2005,CEREAL,3.906
CAN_HBCO,2010,CROP_FLW,4.372
CAN_HBCO,2010,GRO,4.136
CAN_HBCO,2010,OTH_A,3.231
CAN_HBCO,2010,CEREAL,4.136
CAN_HBCO,2020,CROP_FLW,4.258
CAN_HBCO,2020,GRO,4.193
CAN_HBCO,2020,OTH_A,3.287
CAN_HBCO,2020,CEREAL,4.193
CAN_HBCO,2030,CROP_FLW,4.569
CAN_HBCO,2030,GRO,4.202
CAN_HBCO,2030,OTH_A,3.347
CAN_HBCO,2030,CEREAL,4.202
CAN_HBCO,2040,CROP_FLW,4.794
CAN_HBCO,2040,GRO,4.208
CAN_HBCO,2040,OTH_A,3.371
CAN_HBCO,2040,CEREAL,4.208
CAN_HBCO,2050,CROP_FLW,4.902
CAN_HBCO,2050,GRO,4.215
CAN_HBCO,2050,OTH_A,3.393
CAN_HBCO,2050,CEREAL,4.215
CAN_HBCO,2060,CROP_FLW,4.809
CAN_HBCO,2060,GRO,4.223
CAN_HBCO,2060,OTH_A,3.421
CAN_HBCO,2060,CEREAL,4.223
CAN_HBCO,2070,CROP_FLW,4.843
CAN_HBCO,2070,GRO,4.23
CAN_HBCO,2070,OTH_A,3.454
CAN_HBCO,2070,CEREAL,4.23
CAN_HBCO,2080,CROP_FLW,4.942
CAN_HBCO,2080,GRO,4.231
CAN_HBCO,2080,OTH_A,3.493
CAN_HBCO,2080,CEREAL,4.231
CAN_HBCO,2090,CROP_FLW,5.408
CAN_HBCO,2090,GRO,4.232
CAN_HBCO,2090,OTH_A,3.524
CAN_HBCO,2090,CEREAL,4.232
CAN_HBCO,2100,CROP_FLW,5.553
CAN_HBCO,2100,GRO,4.227
CAN_HBCO,2100,OTH_A,3.544
CAN_HBCO,2100,CEREAL,4.227
CAN_MACK,2005,CROP_FLW,4.547
CAN_MACK,2005,WHT,2.514
CAN_MACK,2005,GRO,3.943
CAN_MACK,2005,OSD,2.128
CAN_MACK,2005,C_B,74.837
CAN_MACK,2005,OTH_A,3.201
CAN_MACK,2005,CEREAL,3.211
CAN_MACK,2010,CROP_FLW,4.657
CAN_MACK,2010,WHT,2.558
CAN_MACK,2010,GRO,4.15
CAN_MACK,2010,OSD,2.131
CAN_MACK,2010,C_B,79.691
CAN_MACK,2010,OTH_A,3.273
CAN_MACK,2010,CEREAL,3.224
CAN_MACK,2020,CROP_FLW,4.824
CAN_MACK,2020,WHT,2.624
CAN_MACK,2020,GRO,4.171
CAN_MACK,2020,OSD,2.1
CAN_MACK,2020,C_B,86.534
CAN_MACK,2020,OTH_A,3.343
CAN_MACK,2020,CEREAL,3.228
CAN_MACK,2030,CROP_FLW,4.874
CAN_MACK,2030,WHT,2.64
CAN_MACK,2030,GRO,4.178
CAN_MACK,2030,OSD,2.106
CAN_MACK,2030,C_B,90.546
CAN_MACK,2030,OTH_A,3.37
CAN_MACK,2030,CEREAL,3.22
CAN_MACK,2040,CROP_FLW,4.906
CAN_MACK,2040,WHT,2.66
CAN_MACK,2040,GRO,4.191
CAN_MACK,2040,OSD,2.111
CAN_MACK,2040,C_B,101.514
CAN_MACK,2040,OTH_A,3.372
CAN_MACK,2040,CEREAL,3.217
CAN_MACK,2050,CROP_FLW,4.966
CAN_MACK,2050,WHT,2.694
CAN_MACK,2050,GRO,4.207
CAN_MACK,2050,OSD,2.116
CAN_MACK,2050,C_B,109.542
CAN_MACK,2050,OTH_A,3.375
CAN_MACK,2050,CEREAL,3.208
CAN_MACK,2060,CROP_FLW,5.035
CAN_MACK,2060,WHT,2.747
CAN_MACK,2060,GRO,4.225
CAN_MACK,2060,OSD,2.12
CAN_MACK,2060,C_B,117.447
CAN_MACK,2060,OTH_A,3.379
CAN_MACK,2060,CEREAL,3.199
CAN_MACK,2070,CROP_FLW,5.041
CAN_MACK,2070,WHT,2.789
CAN_MACK,2070,GRO,4.239
CAN_MACK,2070,OSD,2.123
CAN_MACK,2070,C_B,123.255
CAN_MACK,2070,OTH_A,3.39
CAN_MACK,2070,CEREAL,3.187
CAN_MACK,2080,CROP_FLW,4.979
CAN_MACK,2080,WHT,2.817
CAN_MACK,2080,GRO,4.25
CAN_MACK,2080,OSD,2.125
CAN_MACK,2080,C_B,127.632
CAN_MACK,2080,OTH_A,3.414
CAN_MACK,2080,CEREAL,3.165
CAN_MACK,2090,CROP_FLW,4.994
CAN_MACK,2090,WHT,2.833
CAN_MACK,2090,GRO,4.255
CAN_MACK,2090,OSD,2.126
CAN_MACK,2090,C_B,130.678
CAN_MACK,2090,OTH_A,3.444
CAN_MACK,2090,CEREAL,3.134
CAN_MACK,2100,CROP_FLW,4.715
CAN_MACK,2100,WHT,2.836
CAN_MACK,2100,GRO,4.256
CAN_MACK,2100,OSD,2.136
CAN_MACK,2100,C_B,130.01
CAN_MACK,2100,OTH_A,3.471
CAN_MACK,2100,CEREAL,3.087
CAN_NWTT,2005,CROP_FLW,5.078
CAN_NWTT,2005,WHT,2.521
CAN_NWTT,2005,GRO,3.957
CAN_NWTT,2005,OSD,2.163
CAN_NWTT,2005,OTH_A,3.252
CAN_NWTT,2005,CEREAL,3.249
CAN_NWTT,2010,CROP_FLW,5.027
CAN_NWTT,2010,WHT,2.551
CAN_NWTT,2010,GRO,4.044
CAN_NWTT,2010,OSD,2.164
CAN_NWTT,2010,OTH_A,3.432
CAN_NWTT,2010,CEREAL,3.203
CAN_NWTT,2020,CROP_FLW,5.084
CAN_NWTT,2020,WHT,2.611
CAN_NWTT,2020,GRO,4.055
CAN_NWTT,2020,OSD,2.145
CAN_NWTT,2020,OTH_A,3.475
CAN_NWTT,2020,CEREAL,3.2
CAN_NWTT,2030,CROP_FLW,5.122
CAN_NWTT,2030,WHT,2.633
CAN_NWTT,2030,GRO,4.057
CAN_NWTT,2030,OSD,2.144
CAN_NWTT,2030,OTH_A,3.486
CAN_NWTT,2030,CEREAL,3.193
CAN_NWTT,2040,CROP_FLW,5.157
CAN_NWTT,2040,WHT,2.664
CAN_NWTT,2040,GRO,4.059
CAN_NWTT,2040,OSD,2.143
CAN_NWTT,2040,OTH_A,3.481
CAN_NWTT,2040,CEREAL,3.195
CAN_NWTT,2050,CROP_FLW,5.185
CAN_NWTT,2050,WHT,2.71
CAN_NWTT,2050,GRO,4.065
CAN_NWTT,2050,OSD,2.143
CAN_NWTT,2050,OTH_A,3.476
CAN_NWTT,2050,CEREAL,3.191
CAN_NWTT,2060,CROP_FLW,5.208
CAN_NWTT,2060,WHT,2.77
CAN_NWTT,2060,GRO,4.074
CAN_NWTT,2060,OSD,2.142
CAN_NWTT,2060,OTH_A,3.468
CAN_NWTT,2060,CEREAL,3.188
CAN_NWTT,2070,CROP_FLW,5.223
CAN_NWTT,2070,WHT,2.801
CAN_NWTT,2070,GRO,4.08
CAN_NWTT,2070,OSD,2.142
CAN_NWTT,2070,OTH_A,3.464
CAN_NWTT,2070,CEREAL,3.173
CAN_NWTT,2080,CROP_FLW,5.23
CAN_NWTT,2080,WHT,2.825
CAN_NWTT,2080,GRO,4.089
CAN_NWTT,2080,OSD,2.143
CAN_NWTT,2080,OTH_A,3.467
CAN_NWTT,2080,CEREAL,3.142
CAN_NWTT,2090,CROP_FLW,5.252
CAN_NWTT,2090,WHT,2.846
CAN_NWTT,2090,GRO,4.096
CAN_NWTT,2090,OSD,2.143
CAN_NWTT,2090,OTH_A,3.47
CAN_NWTT,2090,CEREAL,3.114
CAN_NWTT,2100,CROP_FLW,5.162
CAN_NWTT,2100,WHT,2.871
CAN_NWTT,2100,GRO,4.105
CAN_NWTT,2100,OSD,2.146
CAN_NWTT,2100,OTH_A,3.46
CAN_NWTT,2100,CEREAL,3.086
CAN_PACA,2005,CROP_FLW,5.457
CAN_PACA,2010,CROP_FLW,5.457
CAN_PACA,2020,CROP_FLW,5.446
CAN_PACA,2030,CROP_FLW,5.438
CAN_PACA,2040,CROP_FLW,5.43
CAN_PACA,2050,CROP_FLW,5.42
CAN_PACA,2060,CROP_FLW,5.41
CAN_PACA,2070,CROP_FLW,5.399
CAN_PACA,2080,CROP_FLW,5.39
CAN_PACA,2090,CROP_FLW,5.381
CAN_PACA,2100,CROP_FLW,5.373
CAN_SNEL,2005,CROP_FLW,5.485
CAN_SNEL,2005,WHT,2.509
CAN_SNEL,2005,GRO,3.908
CAN_SNEL,2005,OSD,2.119
CAN_SNEL,2005,C_B,74.974
CAN_SNEL,2005,OTH_A,3.209
CAN_SNEL,2005,CEREAL,3.001
CAN_SNEL,2010,CROP_FLW,5.612
CAN_SNEL,2010,WHT,2.538
CAN_SNEL,2010,GRO,4.149
CAN_SNEL,2010,OSD,2.102
CAN_SNEL,2010,C_B,82.358
CAN_SNEL,2010,OTH_A,3.637
CAN_SNEL,2010,CEREAL,3.013
CAN_SNEL,2020,CROP_FLW,5.613
CAN_SNEL,2020,WHT,2.616
CAN_SNEL,2020,GRO,4.226
CAN_SNEL,2020,OSD,2.14
CAN_SNEL,2020,C_B,87.371
CAN_SNEL,2020,OTH_A,3.776
CAN_SNEL,2020,CEREAL,3.054
CAN_SNEL,2030,CROP_FLW,5.618
CAN_SNEL,2030,WHT,2.626
CAN_SNEL,2030,GRO,4.231
CAN_SNEL,2030,OSD,2.147
CAN_SNEL,2030,C_B,90.282
CAN_SNEL,2030,OTH_A,3.825
CAN_SNEL,2030,CEREAL,3.046
CAN_SNEL,2040,CROP_FLW,5.604
CAN_SNEL,2040,WHT,2.65
CAN_SNEL,2040,GRO,4.221
CAN_SNEL,2040,OSD,2.158
CAN_SNEL,2040,C_B,95.796
CAN_SNEL,2040,OTH_A,3.843
CAN_SNEL,2040,CEREAL,3.044
CAN_SNEL,2050,CROP_FLW,5.641
CAN_SNEL,2050,WHT,2.678
CAN_SNEL,2050,GRO,4.223
CAN_SNEL,2050,OSD,2.173
CAN_SNEL,2050,C_B,101.978
CAN_SNEL,2050,OTH_A,3.85
CAN_SNEL,2050,CEREAL,3.034
CAN_SNEL,2060,CROP_FLW,5.713
CAN_SNEL,2060,WHT,2.706
CAN_SNEL,2060,GRO,4.223
CAN_SNEL,2060,OSD,2.19
CAN_SNEL,2060,C_B,107.247
CAN_SNEL,2060,OTH_A,3.841
CAN_SNEL,2060,CEREAL,3.018
CAN_SNEL,2070,CROP_FLW,5.798
CAN_SNEL,2070,WHT,2.728
CAN_SNEL,2070,GRO,4.222
CAN_SNEL,2070,OSD,2.204
CAN_SNEL,2070,C_B,110.774
CAN_SNEL,2070,OTH_A,3.819
CAN_SNEL,2070,CEREAL,3.004
CAN_SNEL,2080,CROP_FLW,5.814
CAN_SNEL,2080,WHT,2.745
CAN_SNEL,2080,GRO,4.222
CAN_SNEL,2080,OSD,2.212
CAN_SNEL,2080,C_B,113.267
CAN_SNEL,2080,OTH_A,3.896
CAN_SNEL,2080,CEREAL,2.979
CAN_SNEL,2090,CROP_FLW,5.829
CAN_SNEL,2090,WHT,2.758
CAN_SNEL,2090,GRO,4.221
CAN_SNEL,2090,OSD,2.219
CAN_SNEL,2090,C_B,115.452
CAN_SNEL,2090,OTH_A,3.986
CAN_SNEL,2090,CEREAL,2.955
CAN_SNEL,2100,CROP_FLW,5.801
CAN_SNEL,2100,WHT,2.759
CAN_SNEL,2100,GRO,4.223
CAN_SNEL,2100,OSD,2.217
CAN_SNEL,2100,C_B,116.857
CAN_SNEL,2100,OTH_A,4.043
CAN_SNEL,2100,CEREAL,2.919
CAN_STLA,2005,CROP_FLW,6.867
CAN_STLA,2005,WHT,2.487
CAN_STLA,2005,GRO,3.901
CAN_STLA,2005,OSD,2.092
CAN_STLA,2005,C_B,82.159
CAN_STLA,2005,OTH_A,3.238
CAN_STLA,2005,CEREAL,3.797
CAN_STLA,2010,CROP_FLW,6.832
CAN_STLA,2010,WHT,2.507
CAN_STLA,2010,GRO,3.944
CAN_STLA,2010,OSD,1.997
CAN_STLA,2010,C_B,88.069
CAN_STLA,2010,OTH_A,3.139
CAN_STLA,2010,CEREAL,3.85
CAN_STLA,2020,CROP_FLW,6.567
CAN_STLA,2020,WHT,2.548
CAN_STLA,2020,GRO,3.967
CAN_STLA,2020,OSD,1.945
CAN_STLA,2020,C_B,91.456
CAN_STLA,2020,OTH_A,3.233
CAN_STLA,2020,CEREAL,3.871
CAN_STLA,2030,CROP_FLW,6.456
CAN_STLA,2030,WHT,2.569
CAN_STLA,2030,GRO,3.959
CAN_STLA,2030,OSD,1.95
CAN_STLA,2030,C_B,92.498
CAN_STLA,2030,OTH_A,3.262
CAN_STLA,2030,CEREAL,3.866
CAN_STLA,2040,CROP_FLW,6.764
CAN_STLA,2040,WHT,2.591
CAN_STLA,2040,GRO,3.986
CAN_STLA,2040,OSD,1.959
CAN_STLA,2040,C_B,95.313
CAN_STLA,2040,OTH_A,3.274
CAN_STLA,2040,CEREAL,3.88
CAN_STLA,2050,CROP_FLW,7.267
CAN_STLA,2050,WHT,2.604
CAN_STLA,2050,GRO,4.068
CAN_STLA,2050,OSD,1.974
CAN_STLA,2050,C_B,96.924
CAN_STLA,2050,OTH_A,3.294
CAN_STLA,2050,CEREAL,3.939
CAN_STLA,2060,CROP_FLW,7.429
CAN_STLA,2060,WHT,2.633
CAN_STLA,2060,GRO,4.079
CAN_STLA,2060,OSD,1.98
CAN_STLA,2060,C_B,98.516
CAN_STLA,2060,OTH_A,3.315
CAN_STLA,2060,CEREAL,3.929
CAN_STLA,2070,CROP_FLW,7.513
CAN_STLA,2070,WHT,2.636
CAN_STLA,2070,GRO,4.09
CAN_STLA,2070,OSD,1.986
CAN_STLA,2070,C_B,99.422
CAN_STLA,2070,OTH_A,3.344
CAN_STLA,2070,CEREAL,3.92
CAN_STLA,2080,CROP_FLW,7.586
CAN_STLA,2080,WHT,2.636
CAN_STLA,2080,GRO,4.101
CAN_STLA,2080,OSD,1.988
CAN_STLA,2080,C_B,100.071
CAN_STLA,2080,OTH_A,3.38
CAN_STLA,2080,CEREAL,3.916
CAN_STLA,2090,CROP_FLW,7.674
CAN_STLA,2090,WHT,2.636
CAN_STLA,2090,GRO,4.105
CAN_STLA,2090,OSD,1.991
CAN_STLA,2090,C_B,100.496
CAN_STLA,2090,OTH_A,3.416
CAN_STLA,2090,CEREAL,3.908
CAN_STLA,2100,CROP_FLW,7.482
CAN_STLA,2100,WHT,2.646
CAN_STLA,2100,GRO,4.107
CAN_STLA,2100,OSD,1.996
CAN_STLA,2100,C_B,100.347
CAN_STLA,2100,OTH_A,3.448
CAN_STLA,2100,CEREAL,3.903
CHE_POOO,2005,CROP_FLW,1.43
CHE_POOO,2005,C_B,6.456
CHE_POOO,2005,OTH_A,0.378
CHE_POOO,2010,CROP_FLW,1.425
CHE_POOO,2010,C_B,8.434
CHE_POOO,2010,OTH_A,0.437
CHE_POOO,2020,CROP_FLW,1.389
CHE_POOO,2020,C_B,14.69
CHE_POOO,2020,OTH_A,0.6
CHE_POOO,2030,CROP_FLW,1.39
CHE_POOO,2030,C_B,15.461
CHE_POOO,2030,OTH_A,0.611
CHE_POOO,2040,CROP_FLW,1.39
CHE_POOO,2040,C_B,16.416
CHE_POOO,2040,OTH_A,0.648
CHE_POOO,2050,CROP_FLW,1.378
CHE_POOO,2050,C_B,16.662
CHE_POOO,2050,OTH_A,0.676
CHE_POOO,2060,CROP_FLW,1.348
CHE_POOO,2060,C_B,17.758
CHE_POOO,2060,OTH_A,0.678
CHE_POOO,2070,CROP_FLW,1.325
CHE_POOO,2070,C_B,18.283
CHE_POOO,2070,OTH_A,0.701
CHE_POOO,2080,CROP_FLW,1.309
CHE_POOO,2080,C_B,18.771
CHE_POOO,2080,OTH_A,0.72
CHE_POOO,2090,CROP_FLW,1.312
CHE_POOO,2090,C_B,19.395
CHE_POOO,2090,OTH_A,0.722
CHE_POOO,2100,CROP_FLW,1.312
CHE_POOO,2100,C_B,19.69
CHE_POOO,2100,OTH_A,0.731
CHE_RHIN,2005,CROP_FLW,5.29
CHE_RHIN,2005,WHT,1.912
CHE_RHIN,2005,GRO,2.685
CHE_RHIN,2005,OSD,1.234
CHE_RHIN,2005,C_B,10.961
CHE_RHIN,2005,OTH_A,0.545
CHE_RHIN,2005,CEREAL,2.28
CHE_RHIN,2010,CROP_FLW,4.956
CHE_RHIN,2010,WHT,2.027
CHE_RHIN,2010,GRO,3.075
CHE_RHIN,2010,OSD,1.3
CHE_RHIN,2010,C_B,12.788
CHE_RHIN,2010,OTH_A,0.606
CHE_RHIN,2010,CEREAL,2.478
CHE_RHIN,2020,CROP_FLW,6.332
CHE_RHIN,2020,WHT,2.159
CHE_RHIN,2020,GRO,3.12
CHE_RHIN,2020,OSD,1.32
CHE_RHIN,2020,C_B,13.276
CHE_RHIN,2020,OTH_A,0.616
CHE_RHIN,2020,CEREAL,2.557
CHE_RHIN,2030,CROP_FLW,6.372
CHE_RHIN,2030,WHT,2.169
CHE_RHIN,2030,GRO,3.124
CHE_RHIN,2030,OSD,1.321
CHE_RHIN,2030,C_B,13.303
CHE_RHIN,2030,OTH_A,0.616
CHE_RHIN,2030,CEREAL,2.563
CHE_RHIN,2040,CROP_FLW,6.372
CHE_RHIN,2040,WHT,2.163
CHE_RHIN,2040,GRO,3.128
CHE_RHIN,2040,OSD,1.306
CHE_RHIN,2040,C_B,13.387
CHE_RHIN,2040,OTH_A,0.617
CHE_RHIN,2040,CEREAL,2.556
CHE_RHIN,2050,CROP_FLW,6.372
CHE_RHIN,2050,WHT,2.121
CHE_RHIN,2050,GRO,3.129
CHE_RHIN,2050,OSD,1.289
CHE_RHIN,2050,C_B,13.422
CHE_RHIN,2050,OTH_A,0.618
CHE_RHIN,2050,CEREAL,2.519
CHE_RHIN,2060,CROP_FLW,6.335
CHE_RHIN,2060,WHT,2.13
CHE_RHIN,2060,GRO,3.132
CHE_RHIN,2060,OSD,1.283
CHE_RHIN,2060,C_B,13.448
CHE_RHIN,2060,OTH_A,0.619
CHE_RHIN,2060,CEREAL,2.516
CHE_RHIN,2070,CROP_FLW,7.081
CHE_RHIN,2070,WHT,2.137
CHE_RHIN,2070,GRO,3.143
CHE_RHIN,2070,OSD,1.284
CHE_RHIN,2070,C_B,13.522
CHE_RHIN,2070,OTH_A,0.621
CHE_RHIN,2070,CEREAL,2.508
CHE_RHIN,2080,CROP_FLW,2.641
CHE_RHIN,2080,WHT,2.193
CHE_RHIN,2080,GRO,3.165
CHE_RHIN,2080,OSD,1.292
CHE_RHIN,2080,C_B,13.61
CHE_RHIN,2080,OTH_A,0.63
CHE_RHIN,2080,CEREAL,2.539
CHE_RHIN,2090,CROP_FLW,6.348
CHE_RHIN,2090,WHT,2.227
CHE_RHIN,2090,GRO,3.181
CHE_RHIN,2090,OSD,1.301
CHE_RHIN,2090,C_B,13.702
CHE_RHIN,2090,OTH_A,0.634
CHE_RHIN,2090,CEREAL,2.555
CHE_RHIN,2100,CROP_FLW,7.467
CHE_RHIN,2100,WHT,2.242
CHE_RHIN,2100,GRO,3.188
CHE_RHIN,2100,OSD,1.306
CHE_RHIN,2100,C_B,13.789
CHE_RHIN,2100,OTH_A,0.634
CHE_RHIN,2100,CEREAL,2.555
CHE_RHON,2005,CROP_FLW,3.278
CHE_RHON,2005,WHT,1.845
CHE_RHON,2005,GRO,2.402
CHE_RHON,2005,OSD,1.136
CHE_RHON,2005,C_B,8.409
CHE_RHON,2005,OTH_A,0.468
CHE_RHON,2005,CEREAL,2.142
CHE_RHON,2010,CROP_FLW,7.002
CHE_RHON,2010,WHT,1.833
CHE_RHON,2010,GRO,2.769
CHE_RHON,2010,OSD,1.133
CHE_RHON,2010,C_B,10.99
CHE_RHON,2010,OTH_A,0.487
CHE_RHON,2010,CEREAL,2.289
CHE_RHON,2020,CROP_FLW,2.209
CHE_RHON,2020,WHT,2.277
CHE_RHON,2020,GRO,2.854
CHE_RHON,2020,OSD,1.05
CHE_RHON,2020,C_B,11.941
CHE_RHON,2020,OTH_A,0.513
CHE_RHON,2020,CEREAL,2.551
CHE_RHON,2030,CROP_FLW,2.204
CHE_RHON,2030,WHT,2.373
CHE_RHON,2030,GRO,2.88
CHE_RHON,2030,OSD,1.088
CHE_RHON,2030,C_B,12.102
CHE_RHON,2030,OTH_A,0.525
CHE_RHON,2030,CEREAL,2.613
CHE_RHON,2040,CROP_FLW,2.205
CHE_RHON,2040,WHT,2.454
CHE_RHON,2040,GRO,2.883
CHE_RHON,2040,OSD,1.13
CHE_RHON,2040,C_B,12.371
CHE_RHON,2040,OTH_A,0.544
CHE_RHON,2040,CEREAL,2.659
CHE_RHON,2050,CROP_FLW,2.207
CHE_RHON,2050,WHT,2.564
CHE_RHON,2050,GRO,2.901
CHE_RHON,2050,OSD,1.163
CHE_RHON,2050,C_B,12.511
CHE_RHON,2050,OTH_A,0.556
CHE_RHON,2050,CEREAL,2.718
CHE_RHON,2060,CROP_FLW,2.207
CHE_RHON,2060,WHT,2.619
CHE_RHON,2060,GRO,2.92
CHE_RHON,2060,OSD,1.184
CHE_RHON,2060,C_B,12.614
CHE_RHON,2060,OTH_A,0.562
CHE_RHON,2060,CEREAL,2.752
CHE_RHON,2070,CROP_FLW,2.203
CHE_RHON,2070,WHT,2.654
CHE_RHON,2070,GRO,2.931
CHE_RHON,2070,OSD,1.196
CHE_RHON,2070,C_B,12.737
CHE_RHON,2070,OTH_A,0.569
CHE_RHON,2070,CEREAL,2.769
CHE_RHON,2080,CROP_FLW,1.594
CHE_RHON,2080,WHT,2.633
CHE_RHON,2080,GRO,2.979
CHE_RHON,2080,OSD,1.212
CHE_RHON,2080,C_B,12.833
CHE_RHON,2080,OTH_A,0.569
CHE_RHON,2080,CEREAL,2.771
CHE_RHON,2090,CROP_FLW,1.118
CHE_RHON,2090,WHT,2.614
CHE_RHON,2090,GRO,3.076
CHE_RHON,2090,OSD,1.222
CHE_RHON,2090,C_B,12.896
CHE_RHON,2090,OTH_A,0.57
CHE_RHON,2090,CEREAL,2.792
CHE_RHON,2100,CROP_FLW,1.111
CHE_RHON,2100,WHT,2.6
CHE_RHON,2100,GRO,3.112
CHE_RHON,2100,OSD,1.231
CHE_RHON,2100,C_B,12.931
CHE_RHON,2100,OTH_A,0.572
CHE_RHON,2100,CEREAL,2.793
CHL_LPUN,2005,CROP_FLW,0.881
CHL_LPUN,2010,CROP_FLW,0.881
CHL_LPUN,2020,CROP_FLW,0.881
CHL_LPUN,2030,CROP_FLW,0.881
CHL_LPUN,2040,CROP_FLW,0.881
CHL_LPUN,2050,CROP_FLW,0.881
CHL_LPUN,2060,CROP_FLW,0.881
CHL_LPUN,2070,CROP_FLW,0.881
CHL_LPUN,2080,CROP_FLW,0.881
CHL_LPUN,2090,CROP_FLW,0.881
CHL_LPUN,2100,CROP_FLW,0.881
CHL_NCHI,2005,CROP_FLW,4.182
CHL_NCHI,2005,PDR,5.218
CHL_NCHI,2005,WHT,3.246
CHL_NCHI,2005,GRO,3.463
CHL_NCHI,2005,OSD,3.998
CHL_NCHI,2005,C_B,64.659
CHL_NCHI,2005,OTH_A,3.511
CHL_NCHI,2005,CEREAL,3.396
CHL_NCHI,2010,CROP_FLW,3.617
CHL_NCHI,2010,PDR,5.674
CHL_NCHI,2010,WHT,5.282
CHL_NCHI,2010,GRO,4.301
CHL_NCHI,2010,OSD,3.513
CHL_NCHI,2010,C_B,122.132
CHL_NCHI,2010,OTH_A,3.321
CHL_NCHI,2010,CEREAL,4.706
CHL_NCHI,2020,CROP_FLW,3.606
CHL_NCHI,2020,PDR,5.07
CHL_NCHI,2020,WHT,5.196
CHL_NCHI,2020,GRO,3.823
CHL_NCHI,2020,OSD,1.404
CHL_NCHI,2020,C_B,83.912
CHL_NCHI,2020,OTH_A,3.271
CHL_NCHI,2020,CEREAL,4.358
CHL_NCHI,2030,CROP_FLW,3.571
CHL_NCHI,2030,PDR,4.602
CHL_NCHI,2030,WHT,5.147
CHL_NCHI,2030,GRO,3.584
CHL_NCHI,2030,OSD,1.349
CHL_NCHI,2030,C_B,81.183
CHL_NCHI,2030,OTH_A,3.327
CHL_NCHI,2030,CEREAL,4.166
CHL_NCHI,2040,CROP_FLW,3.539
CHL_NCHI,2040,PDR,4.156
CHL_NCHI,2040,WHT,5.268
CHL_NCHI,2040,GRO,3.561
CHL_NCHI,2040,OSD,1.272
CHL_NCHI,2040,C_B,77.447
CHL_NCHI,2040,OTH_A,3.36
CHL_NCHI,2040,CEREAL,4.166
CHL_NCHI,2050,CROP_FLW,3.513
CHL_NCHI,2050,PDR,3.906
CHL_NCHI,2050,WHT,5.408
CHL_NCHI,2050,GRO,3.659
CHL_NCHI,2050,OSD,1.239
CHL_NCHI,2050,C_B,75.555
CHL_NCHI,2050,OTH_A,3.493
CHL_NCHI,2050,CEREAL,4.255
CHL_NCHI,2060,CROP_FLW,3.578
CHL_NCHI,2060,PDR,3.664
CHL_NCHI,2060,WHT,5.459
CHL_NCHI,2060,GRO,3.794
CHL_NCHI,2060,OSD,1.207
CHL_NCHI,2060,C_B,71.38
CHL_NCHI,2060,OTH_A,3.602
CHL_NCHI,2060,CEREAL,4.352
CHL_NCHI,2070,CROP_FLW,3.591
CHL_NCHI,2070,PDR,3.556
CHL_NCHI,2070,WHT,5.443
CHL_NCHI,2070,GRO,3.939
CHL_NCHI,2070,OSD,1.197
CHL_NCHI,2070,C_B,68.259
CHL_NCHI,2070,OTH_A,3.728
CHL_NCHI,2070,CEREAL,4.447
CHL_NCHI,2080,CROP_FLW,3.526
CHL_NCHI,2080,PDR,3.502
CHL_NCHI,2080,WHT,5.412
CHL_NCHI,2080,GRO,4.0
CHL_NCHI,2080,OSD,1.179
CHL_NCHI,2080,C_B,66.096
CHL_NCHI,2080,OTH_A,3.833
CHL_NCHI,2080,CEREAL,4.48
CHL_NCHI,2090,CROP_FLW,3.528
CHL_NCHI,2090,PDR,3.446
CHL_NCHI,2090,WHT,5.39
CHL_NCHI,2090,GRO,4.031
CHL_NCHI,2090,OSD,1.152
CHL_NCHI,2090,C_B,65.098
CHL_NCHI,2090,OTH_A,3.884
CHL_NCHI,2090,CEREAL,4.494
CHL_NCHI,2100,CROP_FLW,3.528
CHL_NCHI,2100,PDR,3.449
CHL_NCHI,2100,WHT,5.438
CHL_NCHI,2100,GRO,4.126
CHL_NCHI,2100,OSD,1.167
CHL_NCHI,2100,C_B,66.567
CHL_NCHI,2100,OTH_A,4.017
CHL_NCHI,2100,CEREAL,4.568
CHL_SCPA,2005,CROP_FLW,4.03
CHL_SCPA,2005,PDR,4.963
CHL_SCPA,2005,WHT,3.423
CHL_SCPA,2005,GRO,3.633
CHL_SCPA,2005,OSD,3.948
CHL_SCPA,2005,C_B,59.111
CHL_SCPA,2005,OTH_A,3.225
CHL_SCPA,2005,CEREAL,3.559
CHL_SCPA,2010,CROP_FLW,4.102
CHL_SCPA,2010,PDR,5.209
CHL_SCPA,2010,WHT,4.032
CHL_SCPA,2010,GRO,4.182
CHL_SCPA,2010,OSD,3.516
CHL_SCPA,2010,C_B,121.1
CHL_SCPA,2010,OTH_A,3.143
CHL_SCPA,2010,CEREAL,4.158
CHL_SCPA,2020,CROP_FLW,4.046
CHL_SCPA,2020,PDR,4.943
CHL_SCPA,2020,WHT,4.035
CHL_SCPA,2020,GRO,3.886
CHL_SCPA,2020,OSD,2.976
CHL_SCPA,2020,C_B,82.991
CHL_SCPA,2020,OTH_A,3.385
CHL_SCPA,2020,CEREAL,4.005
CHL_SCPA,2030,CROP_FLW,4.041
CHL_SCPA,2030,PDR,4.636
CHL_SCPA,2030,WHT,4.044
CHL_SCPA,2030,GRO,3.692
CHL_SCPA,2030,OSD,2.918
CHL_SCPA,2030,C_B,79.131
CHL_SCPA,2030,OTH_A,3.418
CHL_SCPA,2030,CEREAL,3.9
CHL_SCPA,2040,CROP_FLW,4.036
CHL_SCPA,2040,PDR,4.522
CHL_SCPA,2040,WHT,4.046
CHL_SCPA,2040,GRO,3.66
CHL_SCPA,2040,OSD,2.918
CHL_SCPA,2040,C_B,74.573
CHL_SCPA,2040,OTH_A,3.488
CHL_SCPA,2040,CEREAL,3.882
CHL_SCPA,2050,CROP_FLW,3.95
CHL_SCPA,2050,PDR,4.247
CHL_SCPA,2050,WHT,4.06
CHL_SCPA,2050,GRO,3.76
CHL_SCPA,2050,OSD,2.818
CHL_SCPA,2050,C_B,71.591
CHL_SCPA,2050,OTH_A,3.532
CHL_SCPA,2050,CEREAL,3.923
CHL_SCPA,2060,CROP_FLW,3.951
CHL_SCPA,2060,PDR,4.139
CHL_SCPA,2060,WHT,4.074
CHL_SCPA,2060,GRO,3.914
CHL_SCPA,2060,OSD,2.818
CHL_SCPA,2060,C_B,69.773
CHL_SCPA,2060,OTH_A,3.689
CHL_SCPA,2060,CEREAL,4.0
CHL_SCPA,2070,CROP_FLW,3.992
CHL_SCPA,2070,PDR,4.372
CHL_SCPA,2070,WHT,4.087
CHL_SCPA,2070,GRO,4.128
CHL_SCPA,2070,OSD,2.986
CHL_SCPA,2070,C_B,72.384
CHL_SCPA,2070,OTH_A,3.954
CHL_SCPA,2070,CEREAL,4.126
CHL_SCPA,2080,CROP_FLW,4.003
CHL_SCPA,2080,PDR,4.698
CHL_SCPA,2080,WHT,4.102
CHL_SCPA,2080,GRO,4.187
CHL_SCPA,2080,OSD,3.136
CHL_SCPA,2080,C_B,77.313
CHL_SCPA,2080,OTH_A,4.199
CHL_SCPA,2080,CEREAL,4.184
CHL_SCPA,2090,CROP_FLW,4.033
CHL_SCPA,2090,PDR,4.841
CHL_SCPA,2090,WHT,4.113
CHL_SCPA,2090,GRO,4.229
CHL_SCPA,2090,OSD,3.242
CHL_SCPA,2090,C_B,81.674
CHL_SCPA,2090,OTH_A,4.379
CHL_SCPA,2090,CEREAL,4.219
CHL_SCPA,2100,CROP_FLW,4.05
CHL_SCPA,2100,PDR,4.867
CHL_SCPA,2100,WHT,4.125
CHL_SCPA,2100,GRO,4.331
CHL_SCPA,2100,OSD,3.284
CHL_SCPA,2100,C_B,85.047
CHL_SCPA,2100,OTH_A,4.503
CHL_SCPA,2100,CEREAL,4.274
CHN_AMUR,2005,CROP_FLW,5.637
CHN_AMUR,2005,PDR,6.207
CHN_AMUR,2005,WHT,4.451
CHN_AMUR,2005,GRO,4.98
CHN_AMUR,2005,OSD,2.2
CHN_AMUR,2005,OTH_A,6.777
CHN_AMUR,2005,CEREAL,5.094
CHN_AMUR,2010,CROP_FLW,5.672
CHN_AMUR,2010,PDR,6.166
CHN_AMUR,2010,WHT,4.689
CHN_AMUR,2010,GRO,4.953
CHN_AMUR,2010,OSD,2.229
CHN_AMUR,2010,OTH_A,6.833
CHN_AMUR,2010,CEREAL,5.079
CHN_AMUR,2020,CROP_FLW,5.77
CHN_AMUR,2020,PDR,6.322
CHN_AMUR,2020,WHT,4.977
CHN_AMUR,2020,GRO,5.276
CHN_AMUR,2020,OSD,2.314
CHN_AMUR,2020,OTH_A,7.02
CHN_AMUR,2020,CEREAL,5.374
CHN_AMUR,2030,CROP_FLW,5.764
CHN_AMUR,2030,PDR,6.31
CHN_AMUR,2030,WHT,5.013
CHN_AMUR,2030,GRO,5.282
CHN_AMUR,2030,OSD,2.307
CHN_AMUR,2030,OTH_A,7.079
CHN_AMUR,2030,CEREAL,5.379
CHN_AMUR,2040,CROP_FLW,5.738
CHN_AMUR,2040,PDR,6.357
CHN_AMUR,2040,WHT,5.108
CHN_AMUR,2040,GRO,5.325
CHN_AMUR,2040,OSD,2.307
CHN_AMUR,2040,OTH_A,7.1
CHN_AMUR,2040,CEREAL,5.428
CHN_AMUR,2050,CROP_FLW,5.814
CHN_AMUR,2050,PDR,6.332
CHN_AMUR,2050,WHT,5.205
CHN_AMUR,2050,GRO,5.461
CHN_AMUR,2050,OSD,2.31
CHN_AMUR,2050,OTH_A,7.186
CHN_AMUR,2050,CEREAL,5.553
CHN_AMUR,2060,CROP_FLW,5.847
CHN_AMUR,2060,PDR,6.219
CHN_AMUR,2060,WHT,5.281
CHN_AMUR,2060,GRO,5.554
CHN_AMUR,2060,OSD,2.312
CHN_AMUR,2060,OTH_A,7.372
CHN_AMUR,2060,CEREAL,5.635
CHN_AMUR,2070,CROP_FLW,6.046
CHN_AMUR,2070,PDR,6.064
CHN_AMUR,2070,WHT,5.321
CHN_AMUR,2070,GRO,5.563
CHN_AMUR,2070,OSD,2.313
CHN_AMUR,2070,OTH_A,7.502
CHN_AMUR,2070,CEREAL,5.638
CHN_AMUR,2080,CROP_FLW,6.054
CHN_AMUR,2080,PDR,5.969
CHN_AMUR,2080,WHT,5.377
CHN_AMUR,2080,GRO,5.587
CHN_AMUR,2080,OSD,2.31
CHN_AMUR,2080,OTH_A,7.602
CHN_AMUR,2080,CEREAL,5.657
CHN_AMUR,2090,CROP_FLW,6.08
CHN_AMUR,2090,PDR,5.903
CHN_AMUR,2090,WHT,5.428
CHN_AMUR,2090,GRO,5.58
CHN_AMUR,2090,OSD,2.307
CHN_AMUR,2090,OTH_A,7.63
CHN_AMUR,2090,CEREAL,5.65
CHN_AMUR,2100,CROP_FLW,6.036
CHN_AMUR,2100,PDR,5.86
CHN_AMUR,2100,WHT,5.452
CHN_AMUR,2100,GRO,5.579
CHN_AMUR,2100,OSD,2.305
CHN_AMUR,2100,OTH_A,7.657
CHN_AMUR,2100,CEREAL,5.646
CHN_CHIN,2005,CROP_FLW,8.591
CHN_CHIN,2005,PDR,6.379
CHN_CHIN,2005,WHT,4.383
CHN_CHIN,2005,GRO,5.036
CHN_CHIN,2005,OSD,2.184
CHN_CHIN,2005,C_B,63.567
CHN_CHIN,2005,OTH_A,6.867
CHN_CHIN,2005,CEREAL,5.321
CHN_CHIN,2010,CROP_FLW,8.769
CHN_CHIN,2010,PDR,6.347
CHN_CHIN,2010,WHT,4.448
CHN_CHIN,2010,GRO,5.258
CHN_CHIN,2010,OSD,2.218
CHN_CHIN,2010,C_B,66.9
CHN_CHIN,2010,OTH_A,7.18
CHN_CHIN,2010,CEREAL,5.394
CHN_CHIN,2020,CROP_FLW,9.235
CHN_CHIN,2020,PDR,6.627
CHN_CHIN,2020,WHT,4.73
CHN_CHIN,2020,GRO,5.727
CHN_CHIN,2020,OSD,2.289
CHN_CHIN,2020,C_B,79.023
CHN_CHIN,2020,OTH_A,7.369
CHN_CHIN,2020,CEREAL,5.761
CHN_CHIN,2030,CROP_FLW,9.246
CHN_CHIN,2030,PDR,6.602
CHN_CHIN,2030,WHT,4.761
CHN_CHIN,2030,GRO,5.735
CHN_CHIN,2030,OSD,2.338
CHN_CHIN,2030,C_B,79.355
CHN_CHIN,2030,OTH_A,7.494
CHN_CHIN,2030,CEREAL,5.773
CHN_CHIN,2040,CROP_FLW,9.263
CHN_CHIN,2040,PDR,6.614
CHN_CHIN,2040,WHT,4.807
CHN_CHIN,2040,GRO,5.801
CHN_CHIN,2040,OSD,2.349
CHN_CHIN,2040,C_B,79.419
CHN_CHIN,2040,OTH_A,7.575
CHN_CHIN,2040,CEREAL,5.823
CHN_CHIN,2050,CROP_FLW,9.368
CHN_CHIN,2050,PDR,6.632
CHN_CHIN,2050,WHT,4.859
CHN_CHIN,2050,GRO,6.026
CHN_CHIN,2050,OSD,2.35
CHN_CHIN,2050,C_B,79.48
CHN_CHIN,2050,OTH_A,7.62
CHN_CHIN,2050,CEREAL,5.938
CHN_CHIN,2060,CROP_FLW,9.476
CHN_CHIN,2060,PDR,6.503
CHN_CHIN,2060,WHT,4.938
CHN_CHIN,2060,GRO,6.261
CHN_CHIN,2060,OSD,2.35
CHN_CHIN,2060,C_B,79.786
CHN_CHIN,2060,OTH_A,7.662
CHN_CHIN,2060,CEREAL,6.019
CHN_CHIN,2070,CROP_FLW,9.568
CHN_CHIN,2070,PDR,6.321
CHN_CHIN,2070,WHT,5.038
CHN_CHIN,2070,GRO,6.528
CHN_CHIN,2070,OSD,2.349
CHN_CHIN,2070,C_B,79.672
CHN_CHIN,2070,OTH_A,7.692
CHN_CHIN,2070,CEREAL,6.078
CHN_CHIN,2080,CROP_FLW,9.607
CHN_CHIN,2080,PDR,6.244
CHN_CHIN,2080,WHT,5.134
CHN_CHIN,2080,GRO,6.752
CHN_CHIN,2080,OSD,2.347
CHN_CHIN,2080,C_B,80.3
CHN_CHIN,2080,OTH_A,7.724
CHN_CHIN,2080,CEREAL,6.137
CHN_CHIN,2090,CROP_FLW,9.615
CHN_CHIN,2090,PDR,6.192
CHN_CHIN,2090,WHT,5.222
CHN_CHIN,2090,GRO,6.852
CHN_CHIN,2090,OSD,2.345
CHN_CHIN,2090,C_B,80.647
CHN_CHIN,2090,OTH_A,7.745
CHN_CHIN,2090,CEREAL,6.159
CHN_CHIN,2100,CROP_FLW,9.609
CHN_CHIN,2100,PDR,6.15
CHN_CHIN,2100,WHT,5.29
CHN_CHIN,2100,GRO,6.887
CHN_CHIN,2100,OSD,2.344
CHN_CHIN,2100,C_B,81.016
CHN_CHIN,2100,OTH_A,7.753
CHN_CHIN,2100,CEREAL,6.163
CHN_GOBI,2005,CROP_FLW,4.46
CHN_GOBI,2005,WHT,4.277
CHN_GOBI,2005,GRO,5.128
CHN_GOBI,2005,OSD,2.133
CHN_GOBI,2005,OTH_A,7.047
CHN_GOBI,2005,CEREAL,4.622
CHN_GOBI,2010,CROP_FLW,4.211
CHN_GOBI,2010,WHT,4.262
CHN_GOBI,2010,GRO,5.062
CHN_GOBI,2010,OSD,2.308
CHN_GOBI,2010,OTH_A,7.123
CHN_GOBI,2010,CEREAL,4.59
CHN_GOBI,2020,CROP_FLW,3.51
CHN_GOBI,2020,WHT,4.815
CHN_GOBI,2020,GRO,5.636
CHN_GOBI,2020,OSD,2.728
CHN_GOBI,2020,OTH_A,7.2
CHN_GOBI,2020,CEREAL,5.188
CHN_GOBI,2030,CROP_FLW,3.493
CHN_GOBI,2030,WHT,4.81
CHN_GOBI,2030,GRO,5.495
CHN_GOBI,2030,OSD,2.648
CHN_GOBI,2030,OTH_A,7.298
CHN_GOBI,2030,CEREAL,5.129
CHN_GOBI,2040,CROP_FLW,3.434
CHN_GOBI,2040,WHT,4.794
CHN_GOBI,2040,GRO,5.375
CHN_GOBI,2040,OSD,2.488
CHN_GOBI,2040,OTH_A,7.235
CHN_GOBI,2040,CEREAL,5.067
CHN_GOBI,2050,CROP_FLW,3.429
CHN_GOBI,2050,WHT,4.794
CHN_GOBI,2050,GRO,5.591
CHN_GOBI,2050,OSD,2.297
CHN_GOBI,2050,OTH_A,7.145
CHN_GOBI,2050,CEREAL,5.158
CHN_GOBI,2060,CROP_FLW,3.43
CHN_GOBI,2060,WHT,4.866
CHN_GOBI,2060,GRO,5.835
CHN_GOBI,2060,OSD,2.083
CHN_GOBI,2060,OTH_A,7.018
CHN_GOBI,2060,CEREAL,5.298
CHN_GOBI,2070,CROP_FLW,3.391
CHN_GOBI,2070,WHT,4.979
CHN_GOBI,2070,GRO,6.076
CHN_GOBI,2070,OSD,1.983
CHN_GOBI,2070,OTH_A,6.957
CHN_GOBI,2070,CEREAL,5.462
CHN_GOBI,2080,CROP_FLW,3.431
CHN_GOBI,2080,WHT,5.11
CHN_GOBI,2080,GRO,6.302
CHN_GOBI,2080,OSD,1.932
CHN_GOBI,2080,OTH_A,6.958
CHN_GOBI,2080,CEREAL,5.63
CHN_GOBI,2090,CROP_FLW,3.497
CHN_GOBI,2090,WHT,5.225
CHN_GOBI,2090,GRO,6.466
CHN_GOBI,2090,OSD,1.933
CHN_GOBI,2090,OTH_A,6.989
CHN_GOBI,2090,CEREAL,5.77
CHN_GOBI,2100,CROP_FLW,3.553
CHN_GOBI,2100,WHT,5.316
CHN_GOBI,2100,GRO,6.573
CHN_GOBI,2100,OSD,1.959
CHN_GOBI,2100,OTH_A,7.015
CHN_GOBI,2100,CEREAL,5.871
CHN_HHEE,2005,CROP_FLW,6.356
CHN_HHEE,2005,PDR,6.275
CHN_HHEE,2005,WHT,4.369
CHN_HHEE,2005,GRO,5.089
CHN_HHEE,2005,OSD,2.186
CHN_HHEE,2005,OTH_A,6.731
CHN_HHEE,2005,CEREAL,4.884
CHN_HHEE,2010,CROP_FLW,6.276
CHN_HHEE,2010,PDR,6.255
CHN_HHEE,2010,WHT,4.328
CHN_HHEE,2010,GRO,4.846
CHN_HHEE,2010,OSD,2.271
CHN_HHEE,2010,OTH_A,6.805
CHN_HHEE,2010,CEREAL,4.723
CHN_HHEE,2020,CROP_FLW,6.144
CHN_HHEE,2020,PDR,6.368
CHN_HHEE,2020,WHT,4.657
CHN_HHEE,2020,GRO,4.858
CHN_HHEE,2020,OSD,2.343
CHN_HHEE,2020,OTH_A,6.881
CHN_HHEE,2020,CEREAL,4.849
CHN_HHEE,2030,CROP_FLW,6.16
CHN_HHEE,2030,PDR,6.037
CHN_HHEE,2030,WHT,4.605
CHN_HHEE,2030,GRO,4.774
CHN_HHEE,2030,OSD,2.311
CHN_HHEE,2030,OTH_A,7.082
CHN_HHEE,2030,CEREAL,4.768
CHN_HHEE,2040,CROP_FLW,6.154
CHN_HHEE,2040,PDR,5.983
CHN_HHEE,2040,WHT,4.603
CHN_HHEE,2040,GRO,4.796
CHN_HHEE,2040,OSD,2.358
CHN_HHEE,2040,OTH_A,7.343
CHN_HHEE,2040,CEREAL,4.781
CHN_HHEE,2050,CROP_FLW,6.038
CHN_HHEE,2050,PDR,5.91
CHN_HHEE,2050,WHT,4.597
CHN_HHEE,2050,GRO,4.85
CHN_HHEE,2050,OSD,2.374
CHN_HHEE,2050,OTH_A,7.582
CHN_HHEE,2050,CEREAL,4.814
CHN_HHEE,2060,CROP_FLW,5.922
CHN_HHEE,2060,PDR,5.811
CHN_HHEE,2060,WHT,4.585
CHN_HHEE,2060,GRO,4.918
CHN_HHEE,2060,OSD,2.376
CHN_HHEE,2060,OTH_A,7.743
CHN_HHEE,2060,CEREAL,4.856
CHN_HHEE,2070,CROP_FLW,5.876
CHN_HHEE,2070,PDR,5.691
CHN_HHEE,2070,WHT,4.572
CHN_HHEE,2070,GRO,5.016
CHN_HHEE,2070,OSD,2.36
CHN_HHEE,2070,OTH_A,7.816
CHN_HHEE,2070,CEREAL,4.915
CHN_HHEE,2080,CROP_FLW,5.921
CHN_HHEE,2080,PDR,5.593
CHN_HHEE,2080,WHT,4.553
CHN_HHEE,2080,GRO,5.086
CHN_HHEE,2080,OSD,2.344
CHN_HHEE,2080,OTH_A,7.855
CHN_HHEE,2080,CEREAL,4.95
CHN_HHEE,2090,CROP_FLW,5.895
CHN_HHEE,2090,PDR,5.511
CHN_HHEE,2090,WHT,4.53
CHN_HHEE,2090,GRO,5.081
CHN_HHEE,2090,OSD,2.338
CHN_HHEE,2090,OTH_A,7.895
CHN_HHEE,2090,CEREAL,4.939
CHN_HHEE,2100,CROP_FLW,5.873
CHN_HHEE,2100,PDR,5.453
CHN_HHEE,2100,WHT,4.502
CHN_HHEE,2100,GRO,5.088
CHN_HHEE,2100,OSD,2.342
CHN_HHEE,2100,OTH_A,7.923
CHN_HHEE,2100,CEREAL,4.936
CHN_TARI,2005,CROP_FLW,4.554
CHN_TARI,2005,WHT,4.694
CHN_TARI,2005,GRO,5.752
CHN_TARI,2005,OSD,2.583
CHN_TARI,2005,OTH_A,7.6
CHN_TARI,2005,CEREAL,5.338
CHN_TARI,2010,CROP_FLW,4.249
CHN_TARI,2010,WHT,4.644
CHN_TARI,2010,GRO,5.562
CHN_TARI,2010,OSD,2.821
CHN_TARI,2010,OTH_A,7.264
CHN_TARI,2010,CEREAL,5.204
CHN_TARI,2020,CROP_FLW,3.25
CHN_TARI,2020,WHT,5.178
CHN_TARI,2020,GRO,5.657
CHN_TARI,2020,OSD,3.178
CHN_TARI,2020,OTH_A,6.989
CHN_TARI,2020,CEREAL,5.488
CHN_TARI,2030,CROP_FLW,3.233
CHN_TARI,2030,WHT,5.042
CHN_TARI,2030,GRO,5.15
CHN_TARI,2030,OSD,2.607
CHN_TARI,2030,OTH_A,6.173
CHN_TARI,2030,CEREAL,5.113
CHN_TARI,2040,CROP_FLW,3.19
CHN_TARI,2040,WHT,4.913
CHN_TARI,2040,GRO,4.825
CHN_TARI,2040,OSD,2.174
CHN_TARI,2040,OTH_A,5.47
CHN_TARI,2040,CEREAL,4.855
CHN_TARI,2050,CROP_FLW,3.157
CHN_TARI,2050,WHT,4.75
CHN_TARI,2050,GRO,4.826
CHN_TARI,2050,OSD,1.685
CHN_TARI,2050,OTH_A,4.684
CHN_TARI,2050,CEREAL,4.799
CHN_TARI,2060,CROP_FLW,3.13
CHN_TARI,2060,WHT,4.534
CHN_TARI,2060,GRO,4.759
CHN_TARI,2060,OSD,1.25
CHN_TARI,2060,OTH_A,3.879
CHN_TARI,2060,CEREAL,4.677
CHN_TARI,2070,CROP_FLW,3.114
CHN_TARI,2070,WHT,4.41
CHN_TARI,2070,GRO,4.734
CHN_TARI,2070,OSD,1.014
CHN_TARI,2070,OTH_A,3.353
CHN_TARI,2070,CEREAL,4.614
CHN_TARI,2080,CROP_FLW,3.076
CHN_TARI,2080,WHT,4.402
CHN_TARI,2080,GRO,4.81
CHN_TARI,2080,OSD,0.862
CHN_TARI,2080,OTH_A,3.048
CHN_TARI,2080,CEREAL,4.656
CHN_TARI,2090,CROP_FLW,3.048
CHN_TARI,2090,WHT,4.422
CHN_TARI,2090,GRO,4.836
CHN_TARI,2090,OSD,0.769
CHN_TARI,2090,OTH_A,2.849
CHN_TARI,2090,CEREAL,4.681
CHN_TARI,2100,CROP_FLW,3.034
CHN_TARI,2100,WHT,4.438
CHN_TARI,2100,GRO,4.784
CHN_TARI,2100,OSD,0.729
CHN_TARI,2100,OTH_A,2.733
CHN_TARI,2100,CEREAL,4.656
CHN_YANG,2005,CROP_FLW,7.862
CHN_YANG,2005,PDR,6.444
CHN_YANG,2005,WHT,4.533
CHN_YANG,2005,GRO,5.235
CHN_YANG,2005,OSD,2.189
CHN_YANG,2005,C_B,60.807
CHN_YANG,2005,OTH_A,6.806
CHN_YANG,2005,CEREAL,5.703
CHN_YANG,2010,CROP_FLW,7.926
CHN_YANG,2010,PDR,6.555
CHN_YANG,2010,WHT,4.667
CHN_YANG,2010,GRO,5.236
CHN_YANG,2010,OSD,2.23
CHN_YANG,2010,C_B,64.637
CHN_YANG,2010,OTH_A,7.397
CHN_YANG,2010,CEREAL,5.775
CHN_YANG,2020,CROP_FLW,7.831
CHN_YANG,2020,PDR,6.931
CHN_YANG,2020,WHT,4.998
CHN_YANG,2020,GRO,5.632
CHN_YANG,2020,OSD,2.3
CHN_YANG,2020,C_B,77.252
CHN_YANG,2020,OTH_A,7.668
CHN_YANG,2020,CEREAL,6.15
CHN_YANG,2030,CROP_FLW,7.854
CHN_YANG,2030,PDR,6.955
CHN_YANG,2030,WHT,5.029
CHN_YANG,2030,GRO,5.635
CHN_YANG,2030,OSD,2.318
CHN_YANG,2030,C_B,77.477
CHN_YANG,2030,OTH_A,7.706
CHN_YANG,2030,CEREAL,6.171
CHN_YANG,2040,CROP_FLW,7.949
CHN_YANG,2040,PDR,7.091
CHN_YANG,2040,WHT,5.116
CHN_YANG,2040,GRO,5.735
CHN_YANG,2040,OSD,2.329
CHN_YANG,2040,C_B,77.737
CHN_YANG,2040,OTH_A,7.715
CHN_YANG,2040,CEREAL,6.295
CHN_YANG,2050,CROP_FLW,8.055
CHN_YANG,2050,PDR,7.247
CHN_YANG,2050,WHT,5.205
CHN_YANG,2050,GRO,5.872
CHN_YANG,2050,OSD,2.341
CHN_YANG,2050,C_B,77.89
CHN_YANG,2050,OTH_A,7.879
CHN_YANG,2050,CEREAL,6.461
CHN_YANG,2060,CROP_FLW,8.184
CHN_YANG,2060,PDR,7.284
CHN_YANG,2060,WHT,5.318
CHN_YANG,2060,GRO,6.01
CHN_YANG,2060,OSD,2.351
CHN_YANG,2060,C_B,77.894
CHN_YANG,2060,OTH_A,8.02
CHN_YANG,2060,CEREAL,6.597
CHN_YANG,2070,CROP_FLW,8.218
CHN_YANG,2070,PDR,7.353
CHN_YANG,2070,WHT,5.584
CHN_YANG,2070,GRO,6.366
CHN_YANG,2070,OSD,2.355
CHN_YANG,2070,C_B,78.929
CHN_YANG,2070,OTH_A,8.218
CHN_YANG,2070,CEREAL,6.85
CHN_YANG,2080,CROP_FLW,8.364
CHN_YANG,2080,PDR,7.369
CHN_YANG,2080,WHT,5.572
CHN_YANG,2080,GRO,6.466
CHN_YANG,2080,OSD,2.364
CHN_YANG,2080,C_B,79.415
CHN_YANG,2080,OTH_A,8.275
CHN_YANG,2080,CEREAL,6.939
CHN_YANG,2090,CROP_FLW,8.393
CHN_YANG,2090,PDR,7.558
CHN_YANG,2090,WHT,5.856
CHN_YANG,2090,GRO,6.669
CHN_YANG,2090,OSD,2.369
CHN_YANG,2090,C_B,80.541
CHN_YANG,2090,OTH_A,8.422
CHN_YANG,2090,CEREAL,7.17
CHN_YANG,2100,CROP_FLW,8.663
CHN_YANG,2100,PDR,8.343
CHN_YANG,2100,WHT,6.24
CHN_YANG,2100,GRO,6.829
CHN_YANG,2100,OSD,2.425
CHN_YANG,2100,C_B,81.992
CHN_YANG,2100,OTH_A,8.696
CHN_YANG,2100,CEREAL,7.74
CIV_AFWC,2005,CROP_FLW,5.532
CIV_AFWC,2005,PDR,1.688
CIV_AFWC,2005,GRO,0.973
CIV_AFWC,2005,OSD,0.896
CIV_AFWC,2005,C_B,59.759
CIV_AFWC,2005,OTH_A,0.782
CIV_AFWC,2005,CEREAL,1.122
CIV_AFWC,2010,CROP_FLW,5.534
CIV_AFWC,2010,PDR,1.912
CIV_AFWC,2010,GRO,0.92
CIV_AFWC,2010,OSD,0.913
CIV_AFWC,2010,C_B,61.115
CIV_AFWC,2010,OTH_A,0.792
CIV_AFWC,2010,CEREAL,1.108
CIV_AFWC,2020,CROP_FLW,5.571
CIV_AFWC,2020,PDR,3.086
CIV_AFWC,2020,GRO,0.917
CIV_AFWC,2020,OSD,0.99
CIV_AFWC,2020,C_B,62.136
CIV_AFWC,2020,OTH_A,0.871
CIV_AFWC,2020,CEREAL,1.492
CIV_AFWC,2030,CROP_FLW,5.574
CIV_AFWC,2030,PDR,3.582
CIV_AFWC,2030,GRO,1.044
CIV_AFWC,2030,OSD,1.019
CIV_AFWC,2030,C_B,62.215
CIV_AFWC,2030,OTH_A,0.988
CIV_AFWC,2030,CEREAL,1.814
CIV_AFWC,2040,CROP_FLW,5.583
CIV_AFWC,2040,PDR,3.457
CIV_AFWC,2040,GRO,1.013
CIV_AFWC,2040,OSD,1.026
CIV_AFWC,2040,C_B,62.264
CIV_AFWC,2040,OTH_A,0.994
CIV_AFWC,2040,CEREAL,1.91
CIV_AFWC,2050,CROP_FLW,5.584
CIV_AFWC,2050,PDR,3.536
CIV_AFWC,2050,GRO,1.021
CIV_AFWC,2050,OSD,1.025
CIV_AFWC,2050,C_B,62.273
CIV_AFWC,2050,OTH_A,0.991
CIV_AFWC,2050,CEREAL,1.968
CIV_AFWC,2060,CROP_FLW,5.585
CIV_AFWC,2060,PDR,3.623
CIV_AFWC,2060,GRO,1.038
CIV_AFWC,2060,OSD,1.02
CIV_AFWC,2060,C_B,62.297
CIV_AFWC,2060,OTH_A,0.999
CIV_AFWC,2060,CEREAL,2.032
CIV_AFWC,2070,CROP_FLW,5.586
CIV_AFWC,2070,PDR,3.69
CIV_AFWC,2070,GRO,1.051
CIV_AFWC,2070,OSD,1.019
CIV_AFWC,2070,C_B,62.315
CIV_AFWC,2070,OTH_A,1.009
CIV_AFWC,2070,CEREAL,2.102
CIV_AFWC,2080,CROP_FLW,5.584
CIV_AFWC,2080,PDR,3.551
CIV_AFWC,2080,GRO,1.042
CIV_AFWC,2080,OSD,1.018
CIV_AFWC,2080,C_B,62.294
CIV_AFWC,2080,OTH_A,1.016
CIV_AFWC,2080,CEREAL,2.08
CIV_AFWC,2090,CROP_FLW,5.619
CIV_AFWC,2090,PDR,3.481
CIV_AFWC,2090,GRO,1.046
CIV_AFWC,2090,OSD,1.016
CIV_AFWC,2090,C_B,62.302
CIV_AFWC,2090,OTH_A,1.032
CIV_AFWC,2090,CEREAL,2.095
CIV_AFWC,2100,CROP_FLW,5.708
CIV_AFWC,2100,PDR,3.448
CIV_AFWC,2100,GRO,1.065
CIV_AFWC,2100,OSD,1.016
CIV_AFWC,2100,C_B,62.303
CIV_AFWC,2100,OTH_A,1.039
CIV_AFWC,2100,CEREAL,2.151
CIV_NIGE,2005,CROP_FLW,5.818
CIV_NIGE,2005,PDR,1.613
CIV_NIGE,2005,GRO,1.012
CIV_NIGE,2005,OSD,0.943
CIV_NIGE,2005,C_B,59.857
CIV_NIGE,2005,OTH_A,0.825
CIV_NIGE,2005,CEREAL,1.106
CIV_NIGE,2010,CROP_FLW,5.839
CIV_NIGE,2010,PDR,1.784
CIV_NIGE,2010,GRO,1.021
CIV_NIGE,2010,OSD,0.96
CIV_NIGE,2010,C_B,60.371
CIV_NIGE,2010,OTH_A,0.874
CIV_NIGE,2010,CEREAL,1.13
CIV_NIGE,2020,CROP_FLW,5.84
CIV_NIGE,2020,PDR,2.776
CIV_NIGE,2020,GRO,1.147
CIV_NIGE,2020,OSD,1.012
CIV_NIGE,2020,C_B,61.87
CIV_NIGE,2020,OTH_A,1.044
CIV_NIGE,2020,CEREAL,1.511
CIV_NIGE,2030,CROP_FLW,5.84
CIV_NIGE,2030,PDR,2.73
CIV_NIGE,2030,GRO,1.102
CIV_NIGE,2030,OSD,1.029
CIV_NIGE,2030,C_B,60.212
CIV_NIGE,2030,OTH_A,1.023
CIV_NIGE,2030,CEREAL,1.522
CIV_NIGE,2040,CROP_FLW,5.842
CIV_NIGE,2040,PDR,2.808
CIV_NIGE,2040,GRO,1.151
CIV_NIGE,2040,OSD,1.049
CIV_NIGE,2040,C_B,56.494
CIV_NIGE,2040,OTH_A,1.027
CIV_NIGE,2040,CEREAL,1.682
CIV_NIGE,2050,CROP_FLW,5.842
CIV_NIGE,2050,PDR,2.732
CIV_NIGE,2050,GRO,1.192
CIV_NIGE,2050,OSD,1.055
CIV_NIGE,2050,C_B,54.61
CIV_NIGE,2050,OTH_A,1.024
CIV_NIGE,2050,CEREAL,1.714
CIV_NIGE,2060,CROP_FLW,6.477
CIV_NIGE,2060,PDR,2.812
CIV_NIGE,2060,GRO,1.211
CIV_NIGE,2060,OSD,1.054
CIV_NIGE,2060,C_B,56.794
CIV_NIGE,2060,OTH_A,1.067
CIV_NIGE,2060,CEREAL,1.757
CIV_NIGE,2070,CROP_FLW,6.204
CIV_NIGE,2070,PDR,3.035
CIV_NIGE,2070,GRO,1.391
CIV_NIGE,2070,OSD,1.085
CIV_NIGE,2070,C_B,58.69
CIV_NIGE,2070,OTH_A,1.251
CIV_NIGE,2070,CEREAL,1.953
CIV_NIGE,2080,CROP_FLW,5.951
CIV_NIGE,2080,PDR,3.141
CIV_NIGE,2080,GRO,1.495
CIV_NIGE,2080,OSD,1.086
CIV_NIGE,2080,C_B,61.45
CIV_NIGE,2080,OTH_A,1.292
CIV_NIGE,2080,CEREAL,2.09
CIV_NIGE,2090,CROP_FLW,5.878
CIV_NIGE,2090,PDR,3.144
CIV_NIGE,2090,GRO,1.531
CIV_NIGE,2090,OSD,1.087
CIV_NIGE,2090,C_B,62.021
CIV_NIGE,2090,OTH_A,1.317
CIV_NIGE,2090,CEREAL,2.16
CIV_NIGE,2100,CROP_FLW,6.556
CIV_NIGE,2100,PDR,3.154
CIV_NIGE,2100,GRO,1.53
CIV_NIGE,2100,OSD,1.088
CIV_NIGE,2100,C_B,62.098
CIV_NIGE,2100,OTH_A,1.311
CIV_NIGE,2100,CEREAL,2.213
CMR_CONG,2005,CROP_FLW,4.393
CMR_CONG,2005,PDR,2.148
CMR_CONG,2005,GRO,1.069
CMR_CONG,2005,OSD,0.902
CMR_CONG,2005,C_B,53.71
CMR_CONG,2005,OTH_A,0.872
CMR_CONG,2005,CEREAL,1.086
CMR_CONG,2010,CROP_FLW,4.391
CMR_CONG,2010,PDR,5.056
CMR_CONG,2010,GRO,1.201
CMR_CONG,2010,OSD,0.905
CMR_CONG,2010,C_B,58.384
CMR_CONG,2010,OTH_A,0.983
CMR_CONG,2010,CEREAL,1.331
CMR_CONG,2020,CROP_FLW,4.444
CMR_CONG,2020,PDR,5.656
CMR_CONG,2020,GRO,1.437
CMR_CONG,2020,OSD,0.91
CMR_CONG,2020,C_B,66.071
CMR_CONG,2020,OTH_A,1.006
CMR_CONG,2020,CEREAL,1.627
CMR_CONG,2030,CROP_FLW,4.445
CMR_CONG,2030,PDR,5.957
CMR_CONG,2030,GRO,1.56
CMR_CONG,2030,OSD,0.914
CMR_CONG,2030,C_B,84.568
CMR_CONG,2030,OTH_A,1.074
CMR_CONG,2030,CEREAL,1.789
CMR_CONG,2040,CROP_FLW,4.445
CMR_CONG,2040,PDR,6.261
CMR_CONG,2040,GRO,1.77
CMR_CONG,2040,OSD,0.923
CMR_CONG,2040,C_B,102.88
CMR_CONG,2040,OTH_A,1.352
CMR_CONG,2040,CEREAL,2.057
CMR_CONG,2050,CROP_FLW,4.445
CMR_CONG,2050,PDR,6.44
CMR_CONG,2050,GRO,1.933
CMR_CONG,2050,OSD,0.927
CMR_CONG,2050,C_B,115.908
CMR_CONG,2050,OTH_A,1.577
CMR_CONG,2050,CEREAL,2.266
CMR_CONG,2060,CROP_FLW,4.448
CMR_CONG,2060,PDR,6.548
CMR_CONG,2060,GRO,2.06
CMR_CONG,2060,OSD,0.921
CMR_CONG,2060,C_B,125.656
CMR_CONG,2060,OTH_A,1.748
CMR_CONG,2060,CEREAL,2.427
CMR_CONG,2070,CROP_FLW,4.451
CMR_CONG,2070,PDR,6.599
CMR_CONG,2070,GRO,2.147
CMR_CONG,2070,OSD,0.913
CMR_CONG,2070,C_B,131.555
CMR_CONG,2070,OTH_A,1.854
CMR_CONG,2070,CEREAL,2.521
CMR_CONG,2080,CROP_FLW,4.456
CMR_CONG,2080,PDR,6.464
CMR_CONG,2080,GRO,2.121
CMR_CONG,2080,OSD,0.912
CMR_CONG,2080,C_B,134.339
CMR_CONG,2080,OTH_A,1.826
CMR_CONG,2080,CEREAL,2.488
CMR_CONG,2090,CROP_FLW,4.462
CMR_CONG,2090,PDR,6.392
CMR_CONG,2090,GRO,2.125
CMR_CONG,2090,OSD,0.911
CMR_CONG,2090,C_B,135.415
CMR_CONG,2090,OTH_A,1.831
CMR_CONG,2090,CEREAL,2.496
CMR_CONG,2100,CROP_FLW,4.388
CMR_CONG,2100,PDR,6.351
CMR_CONG,2100,GRO,2.156
CMR_CONG,2100,OSD,0.913
CMR_CONG,2100,C_B,137.49
CMR_CONG,2100,OTH_A,1.835
CMR_CONG,2100,CEREAL,2.535
CMR_GFGU,2005,CROP_FLW,3.93
CMR_GFGU,2005,PDR,1.978
CMR_GFGU,2005,GRO,1.092
CMR_GFGU,2005,OSD,0.877
CMR_GFGU,2005,C_B,64.124
CMR_GFGU,2005,OTH_A,0.834
CMR_GFGU,2005,CEREAL,1.117
CMR_GFGU,2010,CROP_FLW,3.923
CMR_GFGU,2010,PDR,2.754
CMR_GFGU,2010,GRO,1.077
CMR_GFGU,2010,OSD,0.888
CMR_GFGU,2010,C_B,80.029
CMR_GFGU,2010,OTH_A,0.85
CMR_GFGU,2010,CEREAL,1.178
CMR_GFGU,2020,CROP_FLW,3.974
CMR_GFGU,2020,PDR,3.093
CMR_GFGU,2020,GRO,1.118
CMR_GFGU,2020,OSD,0.896
CMR_GFGU,2020,C_B,92.388
CMR_GFGU,2020,OTH_A,0.882
CMR_GFGU,2020,CEREAL,1.282
CMR_GFGU,2030,CROP_FLW,3.975
CMR_GFGU,2030,PDR,3.301
CMR_GFGU,2030,GRO,1.128
CMR_GFGU,2030,OSD,0.903
CMR_GFGU,2030,C_B,119.412
CMR_GFGU,2030,OTH_A,0.914
CMR_GFGU,2030,CEREAL,1.335
CMR_GFGU,2040,CROP_FLW,3.976
CMR_GFGU,2040,PDR,3.756
CMR_GFGU,2040,GRO,1.184
CMR_GFGU,2040,OSD,0.912
CMR_GFGU,2040,C_B,143.745
CMR_GFGU,2040,OTH_A,1.048
CMR_GFGU,2040,CEREAL,1.48
CMR_GFGU,2050,CROP_FLW,3.976
CMR_GFGU,2050,PDR,4.004
CMR_GFGU,2050,GRO,1.222
CMR_GFGU,2050,OSD,0.91
CMR_GFGU,2050,C_B,160.048
CMR_GFGU,2050,OTH_A,1.154
CMR_GFGU,2050,CEREAL,1.587
CMR_GFGU,2060,CROP_FLW,3.976
CMR_GFGU,2060,PDR,4.157
CMR_GFGU,2060,GRO,1.24
CMR_GFGU,2060,OSD,0.904
CMR_GFGU,2060,C_B,173.598
CMR_GFGU,2060,OTH_A,1.224
CMR_GFGU,2060,CEREAL,1.664
CMR_GFGU,2070,CROP_FLW,3.977
CMR_GFGU,2070,PDR,4.292
CMR_GFGU,2070,GRO,1.236
CMR_GFGU,2070,OSD,0.901
CMR_GFGU,2070,C_B,183.009
CMR_GFGU,2070,OTH_A,1.271
CMR_GFGU,2070,CEREAL,1.696
CMR_GFGU,2080,CROP_FLW,3.977
CMR_GFGU,2080,PDR,4.24
CMR_GFGU,2080,GRO,1.223
CMR_GFGU,2080,OSD,0.9
CMR_GFGU,2080,C_B,188.154
CMR_GFGU,2080,OTH_A,1.295
CMR_GFGU,2080,CEREAL,1.683
CMR_GFGU,2090,CROP_FLW,3.977
CMR_GFGU,2090,PDR,4.158
CMR_GFGU,2090,GRO,1.219
CMR_GFGU,2090,OSD,0.9
CMR_GFGU,2090,C_B,189.503
CMR_GFGU,2090,OTH_A,1.283
CMR_GFGU,2090,CEREAL,1.691
CMR_GFGU,2100,CROP_FLW,4.007
CMR_GFGU,2100,PDR,4.137
CMR_GFGU,2100,GRO,1.234
CMR_GFGU,2100,OSD,0.903
CMR_GFGU,2100,C_B,192.803
CMR_GFGU,2100,OTH_A,1.291
CMR_GFGU,2100,CEREAL,1.722
CMR_LCHA,2005,CROP_FLW,4.377
CMR_LCHA,2005,PDR,2.246
CMR_LCHA,2005,WHT,2.244
CMR_LCHA,2005,GRO,1.034
CMR_LCHA,2005,OSD,0.849
CMR_LCHA,2005,C_B,46.18
CMR_LCHA,2005,OTH_A,0.836
CMR_LCHA,2005,CEREAL,1.073
CMR_LCHA,2010,CROP_FLW,4.411
CMR_LCHA,2010,PDR,3.159
CMR_LCHA,2010,WHT,2.331
CMR_LCHA,2010,GRO,1.088
CMR_LCHA,2010,OSD,0.855
CMR_LCHA,2010,C_B,51.343
CMR_LCHA,2010,OTH_A,0.985
CMR_LCHA,2010,CEREAL,1.223
CMR_LCHA,2020,CROP_FLW,4.496
CMR_LCHA,2020,PDR,3.288
CMR_LCHA,2020,WHT,2.984
CMR_LCHA,2020,GRO,1.113
CMR_LCHA,2020,OSD,0.864
CMR_LCHA,2020,C_B,59.244
CMR_LCHA,2020,OTH_A,1.027
CMR_LCHA,2020,CEREAL,1.317
CMR_LCHA,2030,CROP_FLW,4.487
CMR_LCHA,2030,PDR,3.402
CMR_LCHA,2030,WHT,4.0
CMR_LCHA,2030,GRO,1.116
CMR_LCHA,2030,OSD,0.868
CMR_LCHA,2030,C_B,79.253
CMR_LCHA,2030,OTH_A,1.028
CMR_LCHA,2030,CEREAL,1.367
CMR_LCHA,2040,CROP_FLW,4.474
CMR_LCHA,2040,PDR,3.527
CMR_LCHA,2040,WHT,4.918
CMR_LCHA,2040,GRO,1.135
CMR_LCHA,2040,OSD,0.875
CMR_LCHA,2040,C_B,98.275
CMR_LCHA,2040,OTH_A,1.137
CMR_LCHA,2040,CEREAL,1.472
CMR_LCHA,2050,CROP_FLW,4.461
CMR_LCHA,2050,PDR,3.606
CMR_LCHA,2050,WHT,5.691
CMR_LCHA,2050,GRO,1.157
CMR_LCHA,2050,OSD,0.878
CMR_LCHA,2050,C_B,116.312
CMR_LCHA,2050,OTH_A,1.219
CMR_LCHA,2050,CEREAL,1.585
CMR_LCHA,2060,CROP_FLW,4.447
CMR_LCHA,2060,PDR,3.654
CMR_LCHA,2060,WHT,6.484
CMR_LCHA,2060,GRO,1.174
CMR_LCHA,2060,OSD,0.881
CMR_LCHA,2060,C_B,130.674
CMR_LCHA,2060,OTH_A,1.219
CMR_LCHA,2060,CEREAL,1.688
CMR_LCHA,2070,CROP_FLW,4.446
CMR_LCHA,2070,PDR,3.683
CMR_LCHA,2070,WHT,7.074
CMR_LCHA,2070,GRO,1.189
CMR_LCHA,2070,OSD,0.882
CMR_LCHA,2070,C_B,145.27
CMR_LCHA,2070,OTH_A,1.209
CMR_LCHA,2070,CEREAL,1.759
CMR_LCHA,2080,CROP_FLW,4.443
CMR_LCHA,2080,PDR,3.698
CMR_LCHA,2080,WHT,7.454
CMR_LCHA,2080,GRO,1.201
CMR_LCHA,2080,OSD,0.883
CMR_LCHA,2080,C_B,159.174
CMR_LCHA,2080,OTH_A,1.188
CMR_LCHA,2080,CEREAL,1.799
CMR_LCHA,2090,CROP_FLW,4.441
CMR_LCHA,2090,PDR,3.706
CMR_LCHA,2090,WHT,7.696
CMR_LCHA,2090,GRO,1.203
CMR_LCHA,2090,OSD,0.884
CMR_LCHA,2090,C_B,169.194
CMR_LCHA,2090,OTH_A,1.175
CMR_LCHA,2090,CEREAL,1.83
CMR_LCHA,2100,CROP_FLW,4.441
CMR_LCHA,2100,PDR,3.712
CMR_LCHA,2100,WHT,7.866
CMR_LCHA,2100,GRO,1.205
CMR_LCHA,2100,OSD,0.884
CMR_LCHA,2100,C_B,177.926
CMR_LCHA,2100,OTH_A,1.16
CMR_LCHA,2100,CEREAL,1.854
CMR_NIGE,2005,CROP_FLW,4.298
CMR_NIGE,2005,PDR,1.522
CMR_NIGE,2005,GRO,0.893
CMR_NIGE,2005,OSD,0.894
CMR_NIGE,2005,C_B,65.222
CMR_NIGE,2005,OTH_A,0.719
CMR_NIGE,2005,CEREAL,0.909
CMR_NIGE,2010,CROP_FLW,4.305
CMR_NIGE,2010,PDR,2.249
CMR_NIGE,2010,GRO,0.887
CMR_NIGE,2010,OSD,0.904
CMR_NIGE,2010,C_B,81.634
CMR_NIGE,2010,OTH_A,0.721
CMR_NIGE,2010,CEREAL,0.963
CMR_NIGE,2020,CROP_FLW,4.395
CMR_NIGE,2020,PDR,2.472
CMR_NIGE,2020,GRO,0.9
CMR_NIGE,2020,OSD,0.914
CMR_NIGE,2020,C_B,94.683
CMR_NIGE,2020,OTH_A,0.752
CMR_NIGE,2020,CEREAL,1.031
CMR_NIGE,2030,CROP_FLW,4.392
CMR_NIGE,2030,PDR,2.69
CMR_NIGE,2030,GRO,0.93
CMR_NIGE,2030,OSD,0.921
CMR_NIGE,2030,C_B,122.011
CMR_NIGE,2030,OTH_A,0.819
CMR_NIGE,2030,CEREAL,1.099
CMR_NIGE,2040,CROP_FLW,4.383
CMR_NIGE,2040,PDR,2.919
CMR_NIGE,2040,GRO,0.956
CMR_NIGE,2040,OSD,0.926
CMR_NIGE,2040,C_B,156.587
CMR_NIGE,2040,OTH_A,0.853
CMR_NIGE,2040,CEREAL,1.191
CMR_NIGE,2050,CROP_FLW,4.377
CMR_NIGE,2050,PDR,3.041
CMR_NIGE,2050,GRO,0.97
CMR_NIGE,2050,OSD,0.922
CMR_NIGE,2050,C_B,190.252
CMR_NIGE,2050,OTH_A,0.867
CMR_NIGE,2050,CEREAL,1.273
CMR_NIGE,2060,CROP_FLW,4.358
CMR_NIGE,2060,PDR,2.928
CMR_NIGE,2060,GRO,0.978
CMR_NIGE,2060,OSD,0.913
CMR_NIGE,2060,C_B,218.633
CMR_NIGE,2060,OTH_A,0.832
CMR_NIGE,2060,CEREAL,1.318
CMR_NIGE,2070,CROP_FLW,4.351
CMR_NIGE,2070,PDR,2.873
CMR_NIGE,2070,GRO,0.978
CMR_NIGE,2070,OSD,0.906
CMR_NIGE,2070,C_B,243.299
CMR_NIGE,2070,OTH_A,0.809
CMR_NIGE,2070,CEREAL,1.344
CMR_NIGE,2080,CROP_FLW,4.346
CMR_NIGE,2080,PDR,2.784
CMR_NIGE,2080,GRO,0.973
CMR_NIGE,2080,OSD,0.9
CMR_NIGE,2080,C_B,263.486
CMR_NIGE,2080,OTH_A,0.79
CMR_NIGE,2080,CEREAL,1.341
CMR_NIGE,2090,CROP_FLW,4.349
CMR_NIGE,2090,PDR,2.699
CMR_NIGE,2090,GRO,0.974
CMR_NIGE,2090,OSD,0.896
CMR_NIGE,2090,C_B,278.964
CMR_NIGE,2090,OTH_A,0.779
CMR_NIGE,2090,CEREAL,1.345
CMR_NIGE,2100,CROP_FLW,4.354
CMR_NIGE,2100,PDR,2.612
CMR_NIGE,2100,GRO,0.975
CMR_NIGE,2100,OSD,0.893
CMR_NIGE,2100,C_B,291.048
CMR_NIGE,2100,OTH_A,0.767
CMR_NIGE,2100,CEREAL,1.355
COD_CONG,2005,CROP_FLW,7.67
COD_CONG,2005,PDR,1.704
COD_CONG,2005,WHT,1.94
COD_CONG,2005,GRO,0.964
COD_CONG,2005,OSD,0.889
COD_CONG,2005,C_B,59.223
COD_CONG,2005,OTH_A,0.708
COD_CONG,2005,CEREAL,1.043
COD_CONG,2010,CROP_FLW,7.625
COD_CONG,2010,PDR,2.485
COD_CONG,2010,WHT,2.146
COD_CONG,2010,GRO,1.078
COD_CONG,2010,OSD,0.981
COD_CONG,2010,C_B,62.909
COD_CONG,2010,OTH_A,0.814
COD_CONG,2010,CEREAL,1.268
COD_CONG,2020,CROP_FLW,7.721
COD_CONG,2020,PDR,2.774
COD_CONG,2020,WHT,4.236
COD_CONG,2020,GRO,1.152
COD_CONG,2020,OSD,1.082
COD_CONG,2020,C_B,73.446
COD_CONG,2020,OTH_A,0.935
COD_CONG,2020,CEREAL,1.424
COD_CONG,2030,CROP_FLW,7.728
COD_CONG,2030,PDR,2.999
COD_CONG,2030,WHT,4.463
COD_CONG,2030,GRO,1.22
COD_CONG,2030,OSD,1.124
COD_CONG,2030,C_B,78.493
COD_CONG,2030,OTH_A,0.958
COD_CONG,2030,CEREAL,1.544
COD_CONG,2040,CROP_FLW,7.727
COD_CONG,2040,PDR,3.033
COD_CONG,2040,WHT,6.143
COD_CONG,2040,GRO,1.255
COD_CONG,2040,OSD,1.158
COD_CONG,2040,C_B,84.349
COD_CONG,2040,OTH_A,0.985
COD_CONG,2040,CEREAL,1.606
COD_CONG,2050,CROP_FLW,7.727
COD_CONG,2050,PDR,3.028
COD_CONG,2050,WHT,7.742
COD_CONG,2050,GRO,1.27
COD_CONG,2050,OSD,1.181
COD_CONG,2050,C_B,89.625
COD_CONG,2050,OTH_A,1.009
COD_CONG,2050,CEREAL,1.639
COD_CONG,2060,CROP_FLW,7.73
COD_CONG,2060,PDR,2.979
COD_CONG,2060,WHT,8.702
COD_CONG,2060,GRO,1.276
COD_CONG,2060,OSD,1.192
COD_CONG,2060,C_B,95.036
COD_CONG,2060,OTH_A,1.01
COD_CONG,2060,CEREAL,1.655
COD_CONG,2070,CROP_FLW,7.722
COD_CONG,2070,PDR,2.981
COD_CONG,2070,WHT,9.52
COD_CONG,2070,GRO,1.301
COD_CONG,2070,OSD,1.202
COD_CONG,2070,C_B,99.39
COD_CONG,2070,OTH_A,1.01
COD_CONG,2070,CEREAL,1.703
COD_CONG,2080,CROP_FLW,7.73
COD_CONG,2080,PDR,3.038
COD_CONG,2080,WHT,10.017
COD_CONG,2080,GRO,1.305
COD_CONG,2080,OSD,1.213
COD_CONG,2080,C_B,101.367
COD_CONG,2080,OTH_A,1.058
COD_CONG,2080,CEREAL,1.742
COD_CONG,2090,CROP_FLW,7.737
COD_CONG,2090,PDR,3.069
COD_CONG,2090,WHT,10.302
COD_CONG,2090,GRO,1.337
COD_CONG,2090,OSD,1.249
COD_CONG,2090,C_B,103.798
COD_CONG,2090,OTH_A,1.103
COD_CONG,2090,CEREAL,1.799
COD_CONG,2100,CROP_FLW,7.871
COD_CONG,2100,PDR,3.082
COD_CONG,2100,WHT,10.464
COD_CONG,2100,GRO,1.385
COD_CONG,2100,OSD,1.318
COD_CONG,2100,C_B,108.945
COD_CONG,2100,OTH_A,1.158
COD_CONG,2100,CEREAL,1.865
COG_CONG,2005,CROP_FLW,6.424
COG_CONG,2005,PDR,2.966
COG_CONG,2005,GRO,1.904
COG_CONG,2005,OSD,0.899
COG_CONG,2005,C_B,54.339
COG_CONG,2005,OTH_A,1.129
COG_CONG,2005,CEREAL,1.92
COG_CONG,2010,CROP_FLW,6.397
COG_CONG,2010,PDR,3.736
COG_CONG,2010,GRO,1.994
COG_CONG,2010,OSD,1.063
COG_CONG,2010,C_B,55.279
COG_CONG,2010,OTH_A,1.188
COG_CONG,2010,CEREAL,2.025
COG_CONG,2020,CROP_FLW,6.638
COG_CONG,2020,PDR,4.244
COG_CONG,2020,GRO,2.438
COG_CONG,2020,OSD,1.146
COG_CONG,2020,C_B,58.737
COG_CONG,2020,OTH_A,1.297
COG_CONG,2020,CEREAL,2.461
COG_CONG,2030,CROP_FLW,6.648
COG_CONG,2030,PDR,4.858
COG_CONG,2030,GRO,2.536
COG_CONG,2030,OSD,1.24
COG_CONG,2030,C_B,68.39
COG_CONG,2030,OTH_A,1.32
COG_CONG,2030,CEREAL,2.572
COG_CONG,2040,CROP_FLW,6.62
COG_CONG,2040,PDR,5.51
COG_CONG,2040,GRO,2.752
COG_CONG,2040,OSD,1.298
COG_CONG,2040,C_B,77.195
COG_CONG,2040,OTH_A,1.371
COG_CONG,2040,CEREAL,2.802
COG_CONG,2050,CROP_FLW,6.454
COG_CONG,2050,PDR,5.798
COG_CONG,2050,GRO,2.817
COG_CONG,2050,OSD,1.329
COG_CONG,2050,C_B,79.129
COG_CONG,2050,OTH_A,1.422
COG_CONG,2050,CEREAL,2.879
COG_CONG,2060,CROP_FLW,6.567
COG_CONG,2060,PDR,5.874
COG_CONG,2060,GRO,2.97
COG_CONG,2060,OSD,1.436
COG_CONG,2060,C_B,84.294
COG_CONG,2060,OTH_A,1.538
COG_CONG,2060,CEREAL,3.037
COG_CONG,2070,CROP_FLW,6.437
COG_CONG,2070,PDR,6.077
COG_CONG,2070,GRO,3.218
COG_CONG,2070,OSD,1.597
COG_CONG,2070,C_B,90.975
COG_CONG,2070,OTH_A,1.677
COG_CONG,2070,CEREAL,3.291
COG_CONG,2080,CROP_FLW,6.437
COG_CONG,2080,PDR,6.616
COG_CONG,2080,GRO,3.564
COG_CONG,2080,OSD,1.8
COG_CONG,2080,C_B,101.833
COG_CONG,2080,OTH_A,1.822
COG_CONG,2080,CEREAL,3.646
COG_CONG,2090,CROP_FLW,7.23
COG_CONG,2090,PDR,7.267
COG_CONG,2090,GRO,3.847
COG_CONG,2090,OSD,1.881
COG_CONG,2090,C_B,117.527
COG_CONG,2090,OTH_A,1.798
COG_CONG,2090,CEREAL,3.945
COG_CONG,2100,CROP_FLW,7.456
COG_CONG,2100,PDR,7.336
COG_CONG,2100,GRO,3.999
COG_CONG,2100,OSD,1.88
COG_CONG,2100,C_B,140.298
COG_CONG,2100,OTH_A,1.939
COG_CONG,2100,CEREAL,4.105
COG_GFGU,2005,CROP_FLW,5.334
COG_GFGU,2005,PDR,2.157
COG_GFGU,2005,GRO,0.934
COG_GFGU,2005,OSD,0.956
COG_GFGU,2005,C_B,49.791
COG_GFGU,2005,OTH_A,0.929
COG_GFGU,2005,CEREAL,0.945
COG_GFGU,2010,CROP_FLW,5.334
COG_GFGU,2010,PDR,2.799
COG_GFGU,2010,GRO,1.028
COG_GFGU,2010,OSD,1.264
COG_GFGU,2010,C_B,50.37
COG_GFGU,2010,OTH_A,1.09
COG_GFGU,2010,CEREAL,1.048
COG_GFGU,2020,CROP_FLW,5.568
COG_GFGU,2020,PDR,3.32
COG_GFGU,2020,GRO,1.579
COG_GFGU,2020,OSD,1.333
COG_GFGU,2020,C_B,51.299
COG_GFGU,2020,OTH_A,1.252
COG_GFGU,2020,CEREAL,1.592
COG_GFGU,2030,CROP_FLW,5.499
COG_GFGU,2030,PDR,3.697
COG_GFGU,2030,GRO,1.663
COG_GFGU,2030,OSD,1.371
COG_GFGU,2030,C_B,54.369
COG_GFGU,2030,OTH_A,1.27
COG_GFGU,2030,CEREAL,1.682
COG_GFGU,2040,CROP_FLW,5.459
COG_GFGU,2040,PDR,4.072
COG_GFGU,2040,GRO,1.799
COG_GFGU,2040,OSD,1.373
COG_GFGU,2040,C_B,54.444
COG_GFGU,2040,OTH_A,1.307
COG_GFGU,2040,CEREAL,1.823
COG_GFGU,2050,CROP_FLW,5.467
COG_GFGU,2050,PDR,4.187
COG_GFGU,2050,GRO,1.87
COG_GFGU,2050,OSD,1.455
COG_GFGU,2050,C_B,55.839
COG_GFGU,2050,OTH_A,1.43
COG_GFGU,2050,CEREAL,1.899
COG_GFGU,2060,CROP_FLW,5.415
COG_GFGU,2060,PDR,4.285
COG_GFGU,2060,GRO,2.066
COG_GFGU,2060,OSD,1.567
COG_GFGU,2060,C_B,57.87
COG_GFGU,2060,OTH_A,1.638
COG_GFGU,2060,CEREAL,2.096
COG_GFGU,2070,CROP_FLW,5.478
COG_GFGU,2070,PDR,4.681
COG_GFGU,2070,GRO,2.379
COG_GFGU,2070,OSD,1.744
COG_GFGU,2070,C_B,60.862
COG_GFGU,2070,OTH_A,1.943
COG_GFGU,2070,CEREAL,2.413
COG_GFGU,2080,CROP_FLW,5.511
COG_GFGU,2080,PDR,5.311
COG_GFGU,2080,GRO,2.793
COG_GFGU,2080,OSD,1.918
COG_GFGU,2080,C_B,65.252
COG_GFGU,2080,OTH_A,2.325
COG_GFGU,2080,CEREAL,2.832
COG_GFGU,2090,CROP_FLW,6.685
COG_GFGU,2090,PDR,5.694
COG_GFGU,2090,GRO,2.93
COG_GFGU,2090,OSD,1.971
COG_GFGU,2090,C_B,71.026
COG_GFGU,2090,OTH_A,2.465
COG_GFGU,2090,CEREAL,2.977
COG_GFGU,2100,CROP_FLW,6.921
COG_GFGU,2100,PDR,5.728
COG_GFGU,2100,GRO,3.023
COG_GFGU,2100,OSD,2.034
COG_GFGU,2100,C_B,78.365
COG_GFGU,2100,OTH_A,2.174
COG_GFGU,2100,CEREAL,3.074
COL_AMAZ,2005,CROP_FLW,10.826
COL_AMAZ,2005,WHT,3.77
COL_AMAZ,2005,GRO,3.776
COL_AMAZ,2005,OSD,4.19
COL_AMAZ,2005,C_B,106.703
COL_AMAZ,2005,OTH_A,3.133
COL_AMAZ,2005,CEREAL,3.776
COL_AMAZ,2010,CROP_FLW,10.103
COL_AMAZ,2010,WHT,4.236
COL_AMAZ,2010,GRO,3.826
COL_AMAZ,2010,OSD,4.207
COL_AMAZ,2010,C_B,127.686
COL_AMAZ,2010,OTH_A,3.238
COL_AMAZ,2010,CEREAL,3.828
COL_AMAZ,2020,CROP_FLW,10.881
COL_AMAZ,2020,WHT,4.269
COL_AMAZ,2020,GRO,3.883
COL_AMAZ,2020,OSD,5.225
COL_AMAZ,2020,C_B,141.944
COL_AMAZ,2020,OTH_A,3.475
COL_AMAZ,2020,CEREAL,3.885
COL_AMAZ,2030,CROP_FLW,10.927
COL_AMAZ,2030,WHT,4.266
COL_AMAZ,2030,GRO,4.058
COL_AMAZ,2030,OSD,5.625
COL_AMAZ,2030,C_B,149.997
COL_AMAZ,2030,OTH_A,3.75
COL_AMAZ,2030,CEREAL,4.059
COL_AMAZ,2040,CROP_FLW,10.945
COL_AMAZ,2040,WHT,4.268
COL_AMAZ,2040,GRO,4.129
COL_AMAZ,2040,OSD,5.783
COL_AMAZ,2040,C_B,155.686
COL_AMAZ,2040,OTH_A,4.003
COL_AMAZ,2040,CEREAL,4.13
COL_AMAZ,2050,CROP_FLW,11.276
COL_AMAZ,2050,WHT,4.263
COL_AMAZ,2050,GRO,4.133
COL_AMAZ,2050,OSD,6.01
COL_AMAZ,2050,C_B,158.041
COL_AMAZ,2050,OTH_A,4.172
COL_AMAZ,2050,CEREAL,4.134
COL_AMAZ,2060,CROP_FLW,11.06
COL_AMAZ,2060,WHT,4.256
COL_AMAZ,2060,GRO,4.138
COL_AMAZ,2060,OSD,6.167
COL_AMAZ,2060,C_B,162.819
COL_AMAZ,2060,OTH_A,4.489
COL_AMAZ,2060,CEREAL,4.139
COL_AMAZ,2070,CROP_FLW,11.074
COL_AMAZ,2070,WHT,4.261
COL_AMAZ,2070,GRO,4.151
COL_AMAZ,2070,OSD,6.232
COL_AMAZ,2070,C_B,166.757
COL_AMAZ,2070,OTH_A,4.797
COL_AMAZ,2070,CEREAL,4.152
COL_AMAZ,2080,CROP_FLW,11.248
COL_AMAZ,2080,WHT,4.265
COL_AMAZ,2080,GRO,4.164
COL_AMAZ,2080,OSD,6.363
COL_AMAZ,2080,C_B,168.87
COL_AMAZ,2080,OTH_A,4.973
COL_AMAZ,2080,CEREAL,4.165
COL_AMAZ,2090,CROP_FLW,11.313
COL_AMAZ,2090,WHT,4.259
COL_AMAZ,2090,GRO,4.171
COL_AMAZ,2090,OSD,6.469
COL_AMAZ,2090,C_B,170.309
COL_AMAZ,2090,OTH_A,5.08
COL_AMAZ,2090,CEREAL,4.172
COL_AMAZ,2100,CROP_FLW,11.466
COL_AMAZ,2100,WHT,4.257
COL_AMAZ,2100,GRO,4.206
COL_AMAZ,2100,OSD,6.478
COL_AMAZ,2100,C_B,171.333
COL_AMAZ,2100,OTH_A,5.167
COL_AMAZ,2100,CEREAL,4.207
COL_CARC,2005,CROP_FLW,9.73
COL_CARC,2005,PDR,4.764
COL_CARC,2005,WHT,2.195
COL_CARC,2005,GRO,3.48
COL_CARC,2005,OSD,3.849
COL_CARC,2005,C_B,81.263
COL_CARC,2005,OTH_A,3.231
COL_CARC,2005,CEREAL,3.732
COL_CARC,2010,CROP_FLW,7.804
COL_CARC,2010,PDR,4.777
COL_CARC,2010,WHT,3.347
COL_CARC,2010,GRO,3.578
COL_CARC,2010,OSD,3.86
COL_CARC,2010,C_B,95.159
COL_CARC,2010,OTH_A,3.297
COL_CARC,2010,CEREAL,3.864
COL_CARC,2020,CROP_FLW,7.722
COL_CARC,2020,PDR,4.864
COL_CARC,2020,WHT,3.61
COL_CARC,2020,GRO,3.697
COL_CARC,2020,OSD,4.251
COL_CARC,2020,C_B,99.666
COL_CARC,2020,OTH_A,3.483
COL_CARC,2020,CEREAL,4.027
COL_CARC,2030,CROP_FLW,7.834
COL_CARC,2030,PDR,4.964
COL_CARC,2030,WHT,3.711
COL_CARC,2030,GRO,3.751
COL_CARC,2030,OSD,4.333
COL_CARC,2030,C_B,101.702
COL_CARC,2030,OTH_A,3.577
COL_CARC,2030,CEREAL,4.125
COL_CARC,2040,CROP_FLW,7.835
COL_CARC,2040,PDR,4.953
COL_CARC,2040,WHT,3.723
COL_CARC,2040,GRO,3.765
COL_CARC,2040,OSD,4.343
COL_CARC,2040,C_B,103.181
COL_CARC,2040,OTH_A,3.678
COL_CARC,2040,CEREAL,4.14
COL_CARC,2050,CROP_FLW,7.833
COL_CARC,2050,PDR,4.961
COL_CARC,2050,WHT,3.743
COL_CARC,2050,GRO,3.763
COL_CARC,2050,OSD,4.346
COL_CARC,2050,C_B,103.862
COL_CARC,2050,OTH_A,3.73
COL_CARC,2050,CEREAL,4.116
COL_CARC,2060,CROP_FLW,7.861
COL_CARC,2060,PDR,5.023
COL_CARC,2060,WHT,3.757
COL_CARC,2060,GRO,3.76
COL_CARC,2060,OSD,4.307
COL_CARC,2060,C_B,104.614
COL_CARC,2060,OTH_A,3.783
COL_CARC,2060,CEREAL,4.096
COL_CARC,2070,CROP_FLW,8.556
COL_CARC,2070,PDR,5.191
COL_CARC,2070,WHT,3.765
COL_CARC,2070,GRO,3.767
COL_CARC,2070,OSD,4.426
COL_CARC,2070,C_B,105.094
COL_CARC,2070,OTH_A,3.827
COL_CARC,2070,CEREAL,4.107
COL_CARC,2080,CROP_FLW,8.775
COL_CARC,2080,PDR,5.297
COL_CARC,2080,WHT,3.772
COL_CARC,2080,GRO,3.782
COL_CARC,2080,OSD,4.41
COL_CARC,2080,C_B,104.888
COL_CARC,2080,OTH_A,3.864
COL_CARC,2080,CEREAL,4.101
COL_CARC,2090,CROP_FLW,8.94
COL_CARC,2090,PDR,5.33
COL_CARC,2090,WHT,3.778
COL_CARC,2090,GRO,3.747
COL_CARC,2090,OSD,4.422
COL_CARC,2090,C_B,104.468
COL_CARC,2090,OTH_A,3.881
COL_CARC,2090,CEREAL,4.037
COL_CARC,2100,CROP_FLW,8.941
COL_CARC,2100,PDR,5.319
COL_CARC,2100,WHT,3.876
COL_CARC,2100,GRO,3.807
COL_CARC,2100,OSD,4.34
COL_CARC,2100,C_B,107.356
COL_CARC,2100,OTH_A,3.983
COL_CARC,2100,CEREAL,4.062
COL_CEPC,2005,CROP_FLW,5.041
COL_CEPC,2005,PDR,5.361
COL_CEPC,2005,WHT,3.531
COL_CEPC,2005,GRO,3.888
COL_CEPC,2005,OSD,3.715
COL_CEPC,2005,C_B,84.577
COL_CEPC,2005,OTH_A,3.381
COL_CEPC,2005,CEREAL,3.974
COL_CEPC,2010,CROP_FLW,6.948
COL_CEPC,2010,PDR,5.347
COL_CEPC,2010,WHT,4.059
COL_CEPC,2010,GRO,3.951
COL_CEPC,2010,OSD,3.727
COL_CEPC,2010,C_B,100.456
COL_CEPC,2010,OTH_A,3.468
COL_CEPC,2010,CEREAL,4.049
COL_CEPC,2020,CROP_FLW,6.339
COL_CEPC,2020,PDR,5.221
COL_CEPC,2020,WHT,4.375
COL_CEPC,2020,GRO,4.112
COL_CEPC,2020,OSD,5.209
COL_CEPC,2020,C_B,123.218
COL_CEPC,2020,OTH_A,3.671
COL_CEPC,2020,CEREAL,4.21
COL_CEPC,2030,CROP_FLW,6.351
COL_CEPC,2030,PDR,5.07
COL_CEPC,2030,WHT,4.371
COL_CEPC,2030,GRO,4.283
COL_CEPC,2030,OSD,5.476
COL_CEPC,2030,C_B,135.494
COL_CEPC,2030,OTH_A,3.885
COL_CEPC,2030,CEREAL,4.353
COL_CEPC,2040,CROP_FLW,6.351
COL_CEPC,2040,PDR,5.038
COL_CEPC,2040,WHT,4.369
COL_CEPC,2040,GRO,4.353
COL_CEPC,2040,OSD,5.483
COL_CEPC,2040,C_B,142.702
COL_CEPC,2040,OTH_A,3.981
COL_CEPC,2040,CEREAL,4.412
COL_CEPC,2050,CROP_FLW,6.637
COL_CEPC,2050,PDR,5.197
COL_CEPC,2050,WHT,4.367
COL_CEPC,2050,GRO,4.402
COL_CEPC,2050,OSD,5.877
COL_CEPC,2050,C_B,147.424
COL_CEPC,2050,OTH_A,4.054
COL_CEPC,2050,CEREAL,4.46
COL_CEPC,2060,CROP_FLW,6.965
COL_CEPC,2060,PDR,5.277
COL_CEPC,2060,WHT,4.365
COL_CEPC,2060,GRO,4.402
COL_CEPC,2060,OSD,5.947
COL_CEPC,2060,C_B,156.463
COL_CEPC,2060,OTH_A,4.11
COL_CEPC,2060,CEREAL,4.456
COL_CEPC,2070,CROP_FLW,7.417
COL_CEPC,2070,PDR,5.398
COL_CEPC,2070,WHT,4.364
COL_CEPC,2070,GRO,4.402
COL_CEPC,2070,OSD,6.074
COL_CEPC,2070,C_B,161.395
COL_CEPC,2070,OTH_A,4.157
COL_CEPC,2070,CEREAL,4.454
COL_CEPC,2080,CROP_FLW,7.43
COL_CEPC,2080,PDR,5.587
COL_CEPC,2080,WHT,4.363
COL_CEPC,2080,GRO,4.409
COL_CEPC,2080,OSD,6.309
COL_CEPC,2080,C_B,163.886
COL_CEPC,2080,OTH_A,4.197
COL_CEPC,2080,CEREAL,4.459
COL_CEPC,2090,CROP_FLW,7.09
COL_CEPC,2090,PDR,5.794
COL_CEPC,2090,WHT,4.32
COL_CEPC,2090,GRO,4.461
COL_CEPC,2090,OSD,6.539
COL_CEPC,2090,C_B,164.726
COL_CEPC,2090,OTH_A,4.196
COL_CEPC,2090,CEREAL,4.506
COL_CEPC,2100,CROP_FLW,6.77
COL_CEPC,2100,PDR,6.006
COL_CEPC,2100,WHT,4.325
COL_CEPC,2100,GRO,4.494
COL_CEPC,2100,OSD,6.716
COL_CEPC,2100,C_B,173.138
COL_CEPC,2100,OTH_A,4.312
COL_CEPC,2100,CEREAL,4.54
COL_MAGD,2005,CROP_FLW,9.084
COL_MAGD,2005,PDR,4.882
COL_MAGD,2005,WHT,3.375
COL_MAGD,2005,GRO,3.716
COL_MAGD,2005,OSD,4.142
COL_MAGD,2005,C_B,70.902
COL_MAGD,2005,OTH_A,3.401
COL_MAGD,2005,CEREAL,4.037
COL_MAGD,2010,CROP_FLW,6.364
COL_MAGD,2010,PDR,4.897
COL_MAGD,2010,WHT,3.949
COL_MAGD,2010,GRO,3.898
COL_MAGD,2010,OSD,4.158
COL_MAGD,2010,C_B,84.177
COL_MAGD,2010,OTH_A,3.469
COL_MAGD,2010,CEREAL,4.206
COL_MAGD,2020,CROP_FLW,5.731
COL_MAGD,2020,PDR,4.928
COL_MAGD,2020,WHT,4.265
COL_MAGD,2020,GRO,4.053
COL_MAGD,2020,OSD,4.668
COL_MAGD,2020,C_B,96.543
COL_MAGD,2020,OTH_A,3.673
COL_MAGD,2020,CEREAL,4.363
COL_MAGD,2030,CROP_FLW,5.763
COL_MAGD,2030,PDR,4.92
COL_MAGD,2030,WHT,4.385
COL_MAGD,2030,GRO,4.097
COL_MAGD,2030,OSD,4.918
COL_MAGD,2030,C_B,102.426
COL_MAGD,2030,OTH_A,3.801
COL_MAGD,2030,CEREAL,4.41
COL_MAGD,2040,CROP_FLW,5.791
COL_MAGD,2040,PDR,4.848
COL_MAGD,2040,WHT,4.493
COL_MAGD,2040,GRO,4.077
COL_MAGD,2040,OSD,4.965
COL_MAGD,2040,C_B,108.858
COL_MAGD,2040,OTH_A,3.867
COL_MAGD,2040,CEREAL,4.379
COL_MAGD,2050,CROP_FLW,5.817
COL_MAGD,2050,PDR,4.85
COL_MAGD,2050,WHT,4.626
COL_MAGD,2050,GRO,4.235
COL_MAGD,2050,OSD,5.129
COL_MAGD,2050,C_B,121.139
COL_MAGD,2050,OTH_A,4.174
COL_MAGD,2050,CEREAL,4.463
COL_MAGD,2060,CROP_FLW,5.824
COL_MAGD,2060,PDR,4.851
COL_MAGD,2060,WHT,4.723
COL_MAGD,2060,GRO,4.368
COL_MAGD,2060,OSD,5.244
COL_MAGD,2060,C_B,130.994
COL_MAGD,2060,OTH_A,4.362
COL_MAGD,2060,CEREAL,4.535
COL_MAGD,2070,CROP_FLW,5.836
COL_MAGD,2070,PDR,4.844
COL_MAGD,2070,WHT,4.782
COL_MAGD,2070,GRO,4.456
COL_MAGD,2070,OSD,5.309
COL_MAGD,2070,C_B,136.838
COL_MAGD,2070,OTH_A,4.468
COL_MAGD,2070,CEREAL,4.582
COL_MAGD,2080,CROP_FLW,5.842
COL_MAGD,2080,PDR,4.836
COL_MAGD,2080,WHT,4.43
COL_MAGD,2080,GRO,4.534
COL_MAGD,2080,OSD,5.309
COL_MAGD,2080,C_B,140.147
COL_MAGD,2080,OTH_A,4.509
COL_MAGD,2080,CEREAL,4.62
COL_MAGD,2090,CROP_FLW,5.872
COL_MAGD,2090,PDR,4.836
COL_MAGD,2090,WHT,4.306
COL_MAGD,2090,GRO,4.403
COL_MAGD,2090,OSD,5.307
COL_MAGD,2090,C_B,142.645
COL_MAGD,2090,OTH_A,4.522
COL_MAGD,2090,CEREAL,4.518
COL_MAGD,2100,CROP_FLW,6.138
COL_MAGD,2100,PDR,4.855
COL_MAGD,2100,WHT,4.227
COL_MAGD,2100,GRO,4.307
COL_MAGD,2100,OSD,5.35
COL_MAGD,2100,C_B,143.474
COL_MAGD,2100,OTH_A,4.523
COL_MAGD,2100,CEREAL,4.443
COL_ORIN,2005,CROP_FLW,11.079
COL_ORIN,2005,PDR,4.712
COL_ORIN,2005,WHT,3.089
COL_ORIN,2005,GRO,3.955
COL_ORIN,2005,OSD,4.102
COL_ORIN,2005,C_B,130.468
COL_ORIN,2005,OTH_A,3.448
COL_ORIN,2005,CEREAL,4.258
COL_ORIN,2010,CROP_FLW,8.044
COL_ORIN,2010,PDR,4.76
COL_ORIN,2010,WHT,3.688
COL_ORIN,2010,GRO,4.026
COL_ORIN,2010,OSD,4.115
COL_ORIN,2010,C_B,156.648
COL_ORIN,2010,OTH_A,3.529
COL_ORIN,2010,CEREAL,4.345
COL_ORIN,2020,CROP_FLW,8.62
COL_ORIN,2020,PDR,5.001
COL_ORIN,2020,WHT,3.872
COL_ORIN,2020,GRO,4.389
COL_ORIN,2020,OSD,4.579
COL_ORIN,2020,C_B,204.779
COL_ORIN,2020,OTH_A,3.835
COL_ORIN,2020,CEREAL,4.679
COL_ORIN,2030,CROP_FLW,8.652
COL_ORIN,2030,PDR,5.275
COL_ORIN,2030,WHT,4.054
COL_ORIN,2030,GRO,4.507
COL_ORIN,2030,OSD,4.782
COL_ORIN,2030,C_B,226.481
COL_ORIN,2030,OTH_A,4.011
COL_ORIN,2030,CEREAL,4.895
COL_ORIN,2040,CROP_FLW,8.701
COL_ORIN,2040,PDR,5.424
COL_ORIN,2040,WHT,4.207
COL_ORIN,2040,GRO,4.581
COL_ORIN,2040,OSD,4.874
COL_ORIN,2040,C_B,253.649
COL_ORIN,2040,OTH_A,4.204
COL_ORIN,2040,CEREAL,5.024
COL_ORIN,2050,CROP_FLW,8.698
COL_ORIN,2050,PDR,5.529
COL_ORIN,2050,WHT,4.401
COL_ORIN,2050,GRO,4.993
COL_ORIN,2050,OSD,4.935
COL_ORIN,2050,C_B,289.67
COL_ORIN,2050,OTH_A,4.388
COL_ORIN,2050,CEREAL,5.272
COL_ORIN,2060,CROP_FLW,8.695
COL_ORIN,2060,PDR,5.582
COL_ORIN,2060,WHT,4.574
COL_ORIN,2060,GRO,5.344
COL_ORIN,2060,OSD,4.963
COL_ORIN,2060,C_B,324.581
COL_ORIN,2060,OTH_A,4.625
COL_ORIN,2060,CEREAL,5.46
COL_ORIN,2070,CROP_FLW,8.698
COL_ORIN,2070,PDR,5.624
COL_ORIN,2070,WHT,4.688
COL_ORIN,2070,GRO,5.369
COL_ORIN,2070,OSD,4.977
COL_ORIN,2070,C_B,346.197
COL_ORIN,2070,OTH_A,4.791
COL_ORIN,2070,CEREAL,5.491
COL_ORIN,2080,CROP_FLW,8.701
COL_ORIN,2080,PDR,5.662
COL_ORIN,2080,WHT,4.486
COL_ORIN,2080,GRO,5.334
COL_ORIN,2080,OSD,5.0
COL_ORIN,2080,C_B,360.742
COL_ORIN,2080,OTH_A,4.992
COL_ORIN,2080,CEREAL,5.485
COL_ORIN,2090,CROP_FLW,8.704
COL_ORIN,2090,PDR,5.663
COL_ORIN,2090,WHT,4.355
COL_ORIN,2090,GRO,5.29
COL_ORIN,2090,OSD,5.007
COL_ORIN,2090,C_B,370.197
COL_ORIN,2090,OTH_A,5.141
COL_ORIN,2090,CEREAL,5.451
COL_ORIN,2100,CROP_FLW,9.221
COL_ORIN,2100,PDR,5.849
COL_ORIN,2100,WHT,4.3
COL_ORIN,2100,GRO,5.367
COL_ORIN,2100,OSD,5.014
COL_ORIN,2100,C_B,373.045
COL_ORIN,2100,OTH_A,5.235
COL_ORIN,2100,CEREAL,5.57
COM_MADA,2005,CROP_FLW,5.607
COM_MADA,2010,CROP_FLW,5.607
COM_MADA,2020,CROP_FLW,5.607
COM_MADA,2030,CROP_FLW,5.607
COM_MADA,2040,CROP_FLW,5.607
COM_MADA,2050,CROP_FLW,5.607
COM_MADA,2060,CROP_FLW,5.607
COM_MADA,2070,CROP_FLW,5.607
COM_MADA,2080,CROP_FLW,5.607
COM_MADA,2090,CROP_FLW,5.607
COM_MADA,2100,CROP_FLW,5.607
CRI_SCAM,2005,CROP_FLW,8.106
CRI_SCAM,2005,PDR,5.273
CRI_SCAM,2005,GRO,4.121
CRI_SCAM,2005,OSD,4.088
CRI_SCAM,2005,C_B,68.037
CRI_SCAM,2005,OTH_A,3.335
CRI_SCAM,2005,CEREAL,4.722
CRI_SCAM,2010,CROP_FLW,8.059
CRI_SCAM,2010,PDR,5.126
CRI_SCAM,2010,GRO,4.335
CRI_SCAM,2010,OSD,4.302
CRI_SCAM,2010,C_B,68.918
CRI_SCAM,2010,OTH_A,3.349
CRI_SCAM,2010,CEREAL,4.851
CRI_SCAM,2020,CROP_FLW,8.213
CRI_SCAM,2020,PDR,5.829
CRI_SCAM,2020,GRO,4.409
CRI_SCAM,2020,OSD,4.48
CRI_SCAM,2020,C_B,70.18
CRI_SCAM,2020,OTH_A,3.389
CRI_SCAM,2020,CEREAL,5.276
CRI_SCAM,2030,CROP_FLW,8.217
CRI_SCAM,2030,PDR,5.713
CRI_SCAM,2030,GRO,4.464
CRI_SCAM,2030,OSD,4.648
CRI_SCAM,2030,C_B,71.438
CRI_SCAM,2030,OTH_A,3.408
CRI_SCAM,2030,CEREAL,5.25
CRI_SCAM,2040,CROP_FLW,8.23
CRI_SCAM,2040,PDR,5.477
CRI_SCAM,2040,GRO,4.369
CRI_SCAM,2040,OSD,4.73
CRI_SCAM,2040,C_B,71.823
CRI_SCAM,2040,OTH_A,3.416
CRI_SCAM,2040,CEREAL,5.082
CRI_SCAM,2050,CROP_FLW,8.237
CRI_SCAM,2050,PDR,5.452
CRI_SCAM,2050,GRO,4.289
CRI_SCAM,2050,OSD,4.795
CRI_SCAM,2050,C_B,72.21
CRI_SCAM,2050,OTH_A,3.425
CRI_SCAM,2050,CEREAL,5.012
CRI_SCAM,2060,CROP_FLW,8.248
CRI_SCAM,2060,PDR,5.508
CRI_SCAM,2060,GRO,4.213
CRI_SCAM,2060,OSD,4.843
CRI_SCAM,2060,C_B,72.468
CRI_SCAM,2060,OTH_A,3.434
CRI_SCAM,2060,CEREAL,4.966
CRI_SCAM,2070,CROP_FLW,8.257
CRI_SCAM,2070,PDR,5.577
CRI_SCAM,2070,GRO,4.147
CRI_SCAM,2070,OSD,4.892
CRI_SCAM,2070,C_B,72.739
CRI_SCAM,2070,OTH_A,3.441
CRI_SCAM,2070,CEREAL,4.918
CRI_SCAM,2080,CROP_FLW,8.202
CRI_SCAM,2080,PDR,5.662
CRI_SCAM,2080,GRO,4.152
CRI_SCAM,2080,OSD,4.937
CRI_SCAM,2080,C_B,73.03
CRI_SCAM,2080,OTH_A,3.447
CRI_SCAM,2080,CEREAL,4.901
CRI_SCAM,2090,CROP_FLW,8.088
CRI_SCAM,2090,PDR,5.729
CRI_SCAM,2090,GRO,4.133
CRI_SCAM,2090,OSD,4.975
CRI_SCAM,2090,C_B,73.249
CRI_SCAM,2090,OTH_A,3.451
CRI_SCAM,2090,CEREAL,4.855
CRI_SCAM,2100,CROP_FLW,8.211
CRI_SCAM,2100,PDR,5.797
CRI_SCAM,2100,GRO,4.089
CRI_SCAM,2100,OSD,5.012
CRI_SCAM,2100,C_B,73.411
CRI_SCAM,2100,OTH_A,3.457
CRI_SCAM,2100,CEREAL,4.785
CYP_MSEC,2005,CROP_FLW,4.815
CYP_MSEC,2005,GRO,4.327
CYP_MSEC,2005,OSD,3.34
CYP_MSEC,2005,OTH_A,15.503
CYP_MSEC,2005,CEREAL,4.327
CYP_MSEC,2010,CROP_FLW,5.179
CYP_MSEC,2010,GRO,5.073
CYP_MSEC,2010,OSD,3.429
CYP_MSEC,2010,OTH_A,15.833
CYP_MSEC,2010,CEREAL,5.073
CYP_MSEC,2020,CROP_FLW,5.265
CYP_MSEC,2020,GRO,5.077
CYP_MSEC,2020,OSD,3.537
CYP_MSEC,2020,OTH_A,15.895
CYP_MSEC,2020,CEREAL,5.077
CYP_MSEC,2030,CROP_FLW,5.252
CYP_MSEC,2030,GRO,5.079
CYP_MSEC,2030,OSD,3.555
CYP_MSEC,2030,OTH_A,15.953
CYP_MSEC,2030,CEREAL,5.079
CYP_MSEC,2040,CROP_FLW,5.245
CYP_MSEC,2040,GRO,5.079
CYP_MSEC,2040,OSD,3.585
CYP_MSEC,2040,OTH_A,15.886
CYP_MSEC,2040,CEREAL,5.079
CYP_MSEC,2050,CROP_FLW,5.245
CYP_MSEC,2050,GRO,5.063
CYP_MSEC,2050,OSD,3.553
CYP_MSEC,2050,OTH_A,15.432
CYP_MSEC,2050,CEREAL,5.063
CYP_MSEC,2060,CROP_FLW,5.245
CYP_MSEC,2060,GRO,4.982
CYP_MSEC,2060,OSD,3.406
CYP_MSEC,2060,OTH_A,15.184
CYP_MSEC,2060,CEREAL,4.982
CYP_MSEC,2070,CROP_FLW,5.25
CYP_MSEC,2070,GRO,4.883
CYP_MSEC,2070,OSD,3.294
CYP_MSEC,2070,OTH_A,15.465
CYP_MSEC,2070,CEREAL,4.883
CYP_MSEC,2080,CROP_FLW,5.25
CYP_MSEC,2080,GRO,4.811
CYP_MSEC,2080,OSD,3.213
CYP_MSEC,2080,OTH_A,15.964
CYP_MSEC,2080,CEREAL,4.811
CYP_MSEC,2090,CROP_FLW,5.23
CYP_MSEC,2090,GRO,4.804
CYP_MSEC,2090,OSD,3.157
CYP_MSEC,2090,OTH_A,16.006
CYP_MSEC,2090,CEREAL,4.804
CYP_MSEC,2100,CROP_FLW,5.213
CYP_MSEC,2100,GRO,4.828
CYP_MSEC,2100,OSD,3.146
CYP_MSEC,2100,OTH_A,16.064
CYP_MSEC,2100,CEREAL,4.828
CZE_DANU,2005,CROP_FLW,6.574
CZE_DANU,2005,WHT,5.718
CZE_DANU,2005,GRO,4.923
CZE_DANU,2005,OSD,2.512
CZE_DANU,2005,C_B,70.747
CZE_DANU,2005,OTH_A,15.265
CZE_DANU,2005,CEREAL,5.306
CZE_DANU,2010,CROP_FLW,6.21
CZE_DANU,2010,WHT,5.727
CZE_DANU,2010,GRO,5.026
CZE_DANU,2010,OSD,2.526
CZE_DANU,2010,C_B,72.793
CZE_DANU,2010,OTH_A,15.443
CZE_DANU,2010,CEREAL,5.406
CZE_DANU,2020,CROP_FLW,6.52
CZE_DANU,2020,WHT,5.764
CZE_DANU,2020,GRO,5.033
CZE_DANU,2020,OSD,2.537
CZE_DANU,2020,C_B,73.657
CZE_DANU,2020,OTH_A,15.498
CZE_DANU,2020,CEREAL,5.445
CZE_DANU,2030,CROP_FLW,6.499
CZE_DANU,2030,WHT,5.776
CZE_DANU,2030,GRO,5.038
CZE_DANU,2030,OSD,2.539
CZE_DANU,2030,C_B,74.392
CZE_DANU,2030,OTH_A,15.507
CZE_DANU,2030,CEREAL,5.452
CZE_DANU,2040,CROP_FLW,6.497
CZE_DANU,2040,WHT,5.787
CZE_DANU,2040,GRO,5.041
CZE_DANU,2040,OSD,2.532
CZE_DANU,2040,C_B,75.214
CZE_DANU,2040,OTH_A,15.559
CZE_DANU,2040,CEREAL,5.459
CZE_DANU,2050,CROP_FLW,6.495
CZE_DANU,2050,WHT,5.805
CZE_DANU,2050,GRO,5.048
CZE_DANU,2050,OSD,2.538
CZE_DANU,2050,C_B,75.945
CZE_DANU,2050,OTH_A,15.645
CZE_DANU,2050,CEREAL,5.481
CZE_DANU,2060,CROP_FLW,6.494
CZE_DANU,2060,WHT,5.815
CZE_DANU,2060,GRO,5.053
CZE_DANU,2060,OSD,2.536
CZE_DANU,2060,C_B,76.4
CZE_DANU,2060,OTH_A,15.665
CZE_DANU,2060,CEREAL,5.491
CZE_DANU,2070,CROP_FLW,6.496
CZE_DANU,2070,WHT,5.825
CZE_DANU,2070,GRO,5.062
CZE_DANU,2070,OSD,2.536
CZE_DANU,2070,C_B,76.821
CZE_DANU,2070,OTH_A,15.675
CZE_DANU,2070,CEREAL,5.513
CZE_DANU,2080,CROP_FLW,6.488
CZE_DANU,2080,WHT,5.834
CZE_DANU,2080,GRO,5.071
CZE_DANU,2080,OSD,2.536
CZE_DANU,2080,C_B,77.209
CZE_DANU,2080,OTH_A,15.689
CZE_DANU,2080,CEREAL,5.533
CZE_DANU,2090,CROP_FLW,6.482
CZE_DANU,2090,WHT,5.84
CZE_DANU,2090,GRO,5.077
CZE_DANU,2090,OSD,2.535
CZE_DANU,2090,C_B,77.572
CZE_DANU,2090,OTH_A,15.689
CZE_DANU,2090,CEREAL,5.546
CZE_DANU,2100,CROP_FLW,6.487
CZE_DANU,2100,WHT,5.841
CZE_DANU,2100,GRO,5.08
CZE_DANU,2100,OSD,2.534
CZE_DANU,2100,C_B,77.855
CZE_DANU,2100,OTH_A,15.682
CZE_DANU,2100,CEREAL,5.542
CZE_ELBE,2005,CROP_FLW,6.354
CZE_ELBE,2005,WHT,5.541
CZE_ELBE,2005,GRO,4.891
CZE_ELBE,2005,OSD,2.507
CZE_ELBE,2005,C_B,70.174
CZE_ELBE,2005,OTH_A,15.073
CZE_ELBE,2005,CEREAL,5.218
CZE_ELBE,2010,CROP_FLW,6.289
CZE_ELBE,2010,WHT,5.544
CZE_ELBE,2010,GRO,4.978
CZE_ELBE,2010,OSD,2.516
CZE_ELBE,2010,C_B,71.482
CZE_ELBE,2010,OTH_A,15.192
CZE_ELBE,2010,CEREAL,5.299
CZE_ELBE,2020,CROP_FLW,6.489
CZE_ELBE,2020,WHT,5.561
CZE_ELBE,2020,GRO,4.987
CZE_ELBE,2020,OSD,2.523
CZE_ELBE,2020,C_B,72.611
CZE_ELBE,2020,OTH_A,15.258
CZE_ELBE,2020,CEREAL,5.324
CZE_ELBE,2030,CROP_FLW,6.481
CZE_ELBE,2030,WHT,5.578
CZE_ELBE,2030,GRO,4.99
CZE_ELBE,2030,OSD,2.522
CZE_ELBE,2030,C_B,73.44
CZE_ELBE,2030,OTH_A,15.272
CZE_ELBE,2030,CEREAL,5.335
CZE_ELBE,2040,CROP_FLW,6.469
CZE_ELBE,2040,WHT,5.598
CZE_ELBE,2040,GRO,5.002
CZE_ELBE,2040,OSD,2.519
CZE_ELBE,2040,C_B,74.46
CZE_ELBE,2040,OTH_A,15.379
CZE_ELBE,2040,CEREAL,5.354
CZE_ELBE,2050,CROP_FLW,6.457
CZE_ELBE,2050,WHT,5.63
CZE_ELBE,2050,GRO,5.005
CZE_ELBE,2050,OSD,2.509
CZE_ELBE,2050,C_B,75.424
CZE_ELBE,2050,OTH_A,15.522
CZE_ELBE,2050,CEREAL,5.38
CZE_ELBE,2060,CROP_FLW,6.452
CZE_ELBE,2060,WHT,5.647
CZE_ELBE,2060,GRO,5.006
CZE_ELBE,2060,OSD,2.503
CZE_ELBE,2060,C_B,76.106
CZE_ELBE,2060,OTH_A,15.572
CZE_ELBE,2060,CEREAL,5.392
CZE_ELBE,2070,CROP_FLW,6.447
CZE_ELBE,2070,WHT,5.656
CZE_ELBE,2070,GRO,5.011
CZE_ELBE,2070,OSD,2.503
CZE_ELBE,2070,C_B,76.666
CZE_ELBE,2070,OTH_A,15.554
CZE_ELBE,2070,CEREAL,5.408
CZE_ELBE,2080,CROP_FLW,6.441
CZE_ELBE,2080,WHT,5.665
CZE_ELBE,2080,GRO,5.015
CZE_ELBE,2080,OSD,2.504
CZE_ELBE,2080,C_B,77.158
CZE_ELBE,2080,OTH_A,15.551
CZE_ELBE,2080,CEREAL,5.425
CZE_ELBE,2090,CROP_FLW,6.461
CZE_ELBE,2090,WHT,5.671
CZE_ELBE,2090,GRO,5.018
CZE_ELBE,2090,OSD,2.504
CZE_ELBE,2090,C_B,77.577
CZE_ELBE,2090,OTH_A,15.534
CZE_ELBE,2090,CEREAL,5.436
CZE_ELBE,2100,CROP_FLW,6.458
CZE_ELBE,2100,WHT,5.671
CZE_ELBE,2100,GRO,5.016
CZE_ELBE,2100,OSD,2.503
CZE_ELBE,2100,C_B,77.883
CZE_ELBE,2100,OTH_A,15.527
CZE_ELBE,2100,CEREAL,5.43
CZE_ODER,2005,CROP_FLW,6.223
CZE_ODER,2005,WHT,5.643
CZE_ODER,2005,GRO,4.798
CZE_ODER,2005,OSD,2.472
CZE_ODER,2005,C_B,73.337
CZE_ODER,2005,OTH_A,15.238
CZE_ODER,2005,CEREAL,5.216
CZE_ODER,2010,CROP_FLW,5.813
CZE_ODER,2010,WHT,5.644
CZE_ODER,2010,GRO,4.892
CZE_ODER,2010,OSD,2.493
CZE_ODER,2010,C_B,76.926
CZE_ODER,2010,OTH_A,15.452
CZE_ODER,2010,CEREAL,5.315
CZE_ODER,2020,CROP_FLW,5.939
CZE_ODER,2020,WHT,5.658
CZE_ODER,2020,GRO,4.903
CZE_ODER,2020,OSD,2.495
CZE_ODER,2020,C_B,77.661
CZE_ODER,2020,OTH_A,15.485
CZE_ODER,2020,CEREAL,5.343
CZE_ODER,2030,CROP_FLW,5.92
CZE_ODER,2030,WHT,5.661
CZE_ODER,2030,GRO,4.912
CZE_ODER,2030,OSD,2.498
CZE_ODER,2030,C_B,78.068
CZE_ODER,2030,OTH_A,15.497
CZE_ODER,2030,CEREAL,5.349
CZE_ODER,2040,CROP_FLW,5.913
CZE_ODER,2040,WHT,5.673
CZE_ODER,2040,GRO,4.917
CZE_ODER,2040,OSD,2.491
CZE_ODER,2040,C_B,78.587
CZE_ODER,2040,OTH_A,15.545
CZE_ODER,2040,CEREAL,5.358
CZE_ODER,2050,CROP_FLW,5.904
CZE_ODER,2050,WHT,5.684
CZE_ODER,2050,GRO,4.919
CZE_ODER,2050,OSD,2.492
CZE_ODER,2050,C_B,78.92
CZE_ODER,2050,OTH_A,15.589
CZE_ODER,2050,CEREAL,5.372
CZE_ODER,2060,CROP_FLW,5.897
CZE_ODER,2060,WHT,5.693
CZE_ODER,2060,GRO,4.921
CZE_ODER,2060,OSD,2.492
CZE_ODER,2060,C_B,79.163
CZE_ODER,2060,OTH_A,15.602
CZE_ODER,2060,CEREAL,5.38
CZE_ODER,2070,CROP_FLW,6.105
CZE_ODER,2070,WHT,5.694
CZE_ODER,2070,GRO,4.912
CZE_ODER,2070,OSD,2.496
CZE_ODER,2070,C_B,79.375
CZE_ODER,2070,OTH_A,15.636
CZE_ODER,2070,CEREAL,5.387
CZE_ODER,2080,CROP_FLW,6.075
CZE_ODER,2080,WHT,5.694
CZE_ODER,2080,GRO,4.922
CZE_ODER,2080,OSD,2.497
CZE_ODER,2080,C_B,79.491
CZE_ODER,2080,OTH_A,15.684
CZE_ODER,2080,CEREAL,5.404
CZE_ODER,2090,CROP_FLW,6.116
CZE_ODER,2090,WHT,5.694
CZE_ODER,2090,GRO,4.93
CZE_ODER,2090,OSD,2.498
CZE_ODER,2090,C_B,79.553
CZE_ODER,2090,OTH_A,15.711
CZE_ODER,2090,CEREAL,5.414
CZE_ODER,2100,CROP_FLW,6.12
CZE_ODER,2100,WHT,5.694
CZE_ODER,2100,GRO,4.933
CZE_ODER,2100,OSD,2.496
CZE_ODER,2100,C_B,79.583
CZE_ODER,2100,OTH_A,15.723
CZE_ODER,2100,CEREAL,5.409
DEU_DANU,2005,CROP_FLW,6.419
DEU_DANU,2005,WHT,5.583
DEU_DANU,2005,GRO,4.962
DEU_DANU,2005,OSD,2.511
DEU_DANU,2005,C_B,71.477
DEU_DANU,2005,OTH_A,15.256
DEU_DANU,2005,CEREAL,5.239
DEU_DANU,2010,CROP_FLW,6.43
DEU_DANU,2010,WHT,5.608
DEU_DANU,2010,GRO,4.984
DEU_DANU,2010,OSD,2.508
DEU_DANU,2010,C_B,72.127
DEU_DANU,2010,OTH_A,15.378
DEU_DANU,2010,CEREAL,5.283
DEU_DANU,2020,CROP_FLW,6.615
DEU_DANU,2020,WHT,5.629
DEU_DANU,2020,GRO,5.009
DEU_DANU,2020,OSD,2.529
DEU_DANU,2020,C_B,72.952
DEU_DANU,2020,OTH_A,15.388
DEU_DANU,2020,CEREAL,5.307
DEU_DANU,2030,CROP_FLW,6.845
DEU_DANU,2030,WHT,5.651
DEU_DANU,2030,GRO,5.019
DEU_DANU,2030,OSD,2.533
DEU_DANU,2030,C_B,72.972
DEU_DANU,2030,OTH_A,15.435
DEU_DANU,2030,CEREAL,5.317
DEU_DANU,2040,CROP_FLW,7.051
DEU_DANU,2040,WHT,5.658
DEU_DANU,2040,GRO,5.023
DEU_DANU,2040,OSD,2.532
DEU_DANU,2040,C_B,73.321
DEU_DANU,2040,OTH_A,15.455
DEU_DANU,2040,CEREAL,5.333
DEU_DANU,2050,CROP_FLW,7.06
DEU_DANU,2050,WHT,5.673
DEU_DANU,2050,GRO,5.031
DEU_DANU,2050,OSD,2.524
DEU_DANU,2050,C_B,73.702
DEU_DANU,2050,OTH_A,15.463
DEU_DANU,2050,CEREAL,5.361
DEU_DANU,2060,CROP_FLW,7.028
DEU_DANU,2060,WHT,5.689
DEU_DANU,2060,GRO,5.051
DEU_DANU,2060,OSD,2.539
DEU_DANU,2060,C_B,73.907
DEU_DANU,2060,OTH_A,15.467
DEU_DANU,2060,CEREAL,5.401
DEU_DANU,2070,CROP_FLW,7.1
DEU_DANU,2070,WHT,5.702
DEU_DANU,2070,GRO,5.057
DEU_DANU,2070,OSD,2.534
DEU_DANU,2070,C_B,74.137
DEU_DANU,2070,OTH_A,15.478
DEU_DANU,2070,CEREAL,5.436
DEU_DANU,2080,CROP_FLW,7.104
DEU_DANU,2080,WHT,5.702
DEU_DANU,2080,GRO,5.067
DEU_DANU,2080,OSD,2.534
DEU_DANU,2080,C_B,74.193
DEU_DANU,2080,OTH_A,15.502
DEU_DANU,2080,CEREAL,5.448
DEU_DANU,2090,CROP_FLW,6.783
DEU_DANU,2090,WHT,5.711
DEU_DANU,2090,GRO,5.073
DEU_DANU,2090,OSD,2.545
DEU_DANU,2090,C_B,74.274
DEU_DANU,2090,OTH_A,15.552
DEU_DANU,2090,CEREAL,5.457
DEU_DANU,2100,CROP_FLW,6.951
DEU_DANU,2100,WHT,5.748
DEU_DANU,2100,GRO,5.094
DEU_DANU,2100,OSD,2.562
DEU_DANU,2100,C_B,74.502
DEU_DANU,2100,OTH_A,15.586
DEU_DANU,2100,CEREAL,5.487
DEU_DGCO,2005,CROP_FLW,6.629
DEU_DGCO,2005,WHT,5.676
DEU_DGCO,2005,GRO,4.986
DEU_DGCO,2005,OSD,2.476
DEU_DGCO,2005,C_B,70.709
DEU_DGCO,2005,OTH_A,15.214
DEU_DGCO,2005,CEREAL,5.381
DEU_DGCO,2010,CROP_FLW,6.766
DEU_DGCO,2010,WHT,5.722
DEU_DGCO,2010,GRO,5.028
DEU_DGCO,2010,OSD,2.486
DEU_DGCO,2010,C_B,71.124
DEU_DGCO,2010,OTH_A,15.317
DEU_DGCO,2010,CEREAL,5.453
DEU_DGCO,2020,CROP_FLW,7.158
DEU_DGCO,2020,WHT,5.755
DEU_DGCO,2020,GRO,5.048
DEU_DGCO,2020,OSD,2.509
DEU_DGCO,2020,C_B,71.629
DEU_DGCO,2020,OTH_A,15.475
DEU_DGCO,2020,CEREAL,5.482
DEU_DGCO,2030,CROP_FLW,7.164
DEU_DGCO,2030,WHT,5.776
DEU_DGCO,2030,GRO,5.053
DEU_DGCO,2030,OSD,2.509
DEU_DGCO,2030,C_B,71.652
DEU_DGCO,2030,OTH_A,15.527
DEU_DGCO,2030,CEREAL,5.491
DEU_DGCO,2040,CROP_FLW,7.198
DEU_DGCO,2040,WHT,5.78
DEU_DGCO,2040,GRO,5.069
DEU_DGCO,2040,OSD,2.515
DEU_DGCO,2040,C_B,71.729
DEU_DGCO,2040,OTH_A,15.513
DEU_DGCO,2040,CEREAL,5.513
DEU_DGCO,2050,CROP_FLW,7.252
DEU_DGCO,2050,WHT,5.819
DEU_DGCO,2050,GRO,5.07
DEU_DGCO,2050,OSD,2.508
DEU_DGCO,2050,C_B,71.96
DEU_DGCO,2050,OTH_A,15.546
DEU_DGCO,2050,CEREAL,5.561
DEU_DGCO,2060,CROP_FLW,7.316
DEU_DGCO,2060,WHT,5.853
DEU_DGCO,2060,GRO,5.068
DEU_DGCO,2060,OSD,2.502
DEU_DGCO,2060,C_B,72.047
DEU_DGCO,2060,OTH_A,15.553
DEU_DGCO,2060,CEREAL,5.603
DEU_DGCO,2070,CROP_FLW,7.287
DEU_DGCO,2070,WHT,5.864
DEU_DGCO,2070,GRO,5.1
DEU_DGCO,2070,OSD,2.496
DEU_DGCO,2070,C_B,72.083
DEU_DGCO,2070,OTH_A,15.563
DEU_DGCO,2070,CEREAL,5.644
DEU_DGCO,2080,CROP_FLW,7.294
DEU_DGCO,2080,WHT,5.866
DEU_DGCO,2080,GRO,5.107
DEU_DGCO,2080,OSD,2.494
DEU_DGCO,2080,C_B,72.124
DEU_DGCO,2080,OTH_A,15.615
DEU_DGCO,2080,CEREAL,5.656
DEU_DGCO,2090,CROP_FLW,7.326
DEU_DGCO,2090,WHT,5.88
DEU_DGCO,2090,GRO,5.11
DEU_DGCO,2090,OSD,2.494
DEU_DGCO,2090,C_B,72.125
DEU_DGCO,2090,OTH_A,15.68
DEU_DGCO,2090,CEREAL,5.671
DEU_DGCO,2100,CROP_FLW,7.252
DEU_DGCO,2100,WHT,5.924
DEU_DGCO,2100,GRO,5.121
DEU_DGCO,2100,OSD,2.501
DEU_DGCO,2100,C_B,72.227
DEU_DGCO,2100,OTH_A,15.739
DEU_DGCO,2100,CEREAL,5.706
DEU_ELBE,2005,CROP_FLW,7.104
DEU_ELBE,2005,WHT,5.676
DEU_ELBE,2005,GRO,4.957
DEU_ELBE,2005,OSD,2.489
DEU_ELBE,2005,C_B,72.704
DEU_ELBE,2005,OTH_A,15.399
DEU_ELBE,2005,CEREAL,5.296
DEU_ELBE,2010,CROP_FLW,7.022
DEU_ELBE,2010,WHT,5.719
DEU_ELBE,2010,GRO,4.99
DEU_ELBE,2010,OSD,2.488
DEU_ELBE,2010,C_B,73.222
DEU_ELBE,2010,OTH_A,15.541
DEU_ELBE,2010,CEREAL,5.362
DEU_ELBE,2020,CROP_FLW,7.044
DEU_ELBE,2020,WHT,5.765
DEU_ELBE,2020,GRO,5.012
DEU_ELBE,2020,OSD,2.537
DEU_ELBE,2020,C_B,74.083
DEU_ELBE,2020,OTH_A,15.95
DEU_ELBE,2020,CEREAL,5.397
DEU_ELBE,2030,CROP_FLW,7.082
DEU_ELBE,2030,WHT,5.811
DEU_ELBE,2030,GRO,5.023
DEU_ELBE,2030,OSD,2.54
DEU_ELBE,2030,C_B,74.154
DEU_ELBE,2030,OTH_A,16.036
DEU_ELBE,2030,CEREAL,5.418
DEU_ELBE,2040,CROP_FLW,7.143
DEU_ELBE,2040,WHT,5.818
DEU_ELBE,2040,GRO,5.029
DEU_ELBE,2040,OSD,2.537
DEU_ELBE,2040,C_B,74.321
DEU_ELBE,2040,OTH_A,16.05
DEU_ELBE,2040,CEREAL,5.442
DEU_ELBE,2050,CROP_FLW,7.138
DEU_ELBE,2050,WHT,5.841
DEU_ELBE,2050,GRO,5.04
DEU_ELBE,2050,OSD,2.534
DEU_ELBE,2050,C_B,74.563
DEU_ELBE,2050,OTH_A,16.069
DEU_ELBE,2050,CEREAL,5.481
DEU_ELBE,2060,CROP_FLW,7.116
DEU_ELBE,2060,WHT,5.851
DEU_ELBE,2060,GRO,5.042
DEU_ELBE,2060,OSD,2.528
DEU_ELBE,2060,C_B,74.74
DEU_ELBE,2060,OTH_A,16.095
DEU_ELBE,2060,CEREAL,5.515
DEU_ELBE,2070,CROP_FLW,7.12
DEU_ELBE,2070,WHT,5.849
DEU_ELBE,2070,GRO,5.068
DEU_ELBE,2070,OSD,2.522
DEU_ELBE,2070,C_B,74.841
DEU_ELBE,2070,OTH_A,16.105
DEU_ELBE,2070,CEREAL,5.551
DEU_ELBE,2080,CROP_FLW,7.123
DEU_ELBE,2080,WHT,5.854
DEU_ELBE,2080,GRO,5.077
DEU_ELBE,2080,OSD,2.521
DEU_ELBE,2080,C_B,74.918
DEU_ELBE,2080,OTH_A,16.111
DEU_ELBE,2080,CEREAL,5.566
DEU_ELBE,2090,CROP_FLW,7.091
DEU_ELBE,2090,WHT,5.895
DEU_ELBE,2090,GRO,5.097
DEU_ELBE,2090,OSD,2.532
DEU_ELBE,2090,C_B,74.92
DEU_ELBE,2090,OTH_A,16.19
DEU_ELBE,2090,CEREAL,5.599
DEU_ELBE,2100,CROP_FLW,7.095
DEU_ELBE,2100,WHT,5.937
DEU_ELBE,2100,GRO,5.123
DEU_ELBE,2100,OSD,2.548
DEU_ELBE,2100,C_B,75.096
DEU_ELBE,2100,OTH_A,16.256
DEU_ELBE,2100,CEREAL,5.633
DEU_EWES,2005,CROP_FLW,7.145
DEU_EWES,2005,WHT,5.639
DEU_EWES,2005,GRO,4.951
DEU_EWES,2005,OSD,2.474
DEU_EWES,2005,C_B,70.994
DEU_EWES,2005,OTH_A,15.18
DEU_EWES,2005,CEREAL,5.22
DEU_EWES,2010,CROP_FLW,7.015
DEU_EWES,2010,WHT,5.713
DEU_EWES,2010,GRO,4.968
DEU_EWES,2010,OSD,2.477
DEU_EWES,2010,C_B,71.319
DEU_EWES,2010,OTH_A,15.295
DEU_EWES,2010,CEREAL,5.283
DEU_EWES,2020,CROP_FLW,7.088
DEU_EWES,2020,WHT,5.736
DEU_EWES,2020,GRO,4.98
DEU_EWES,2020,OSD,2.477
DEU_EWES,2020,C_B,71.826
DEU_EWES,2020,OTH_A,15.322
DEU_EWES,2020,CEREAL,5.301
DEU_EWES,2030,CROP_FLW,6.979
DEU_EWES,2030,WHT,5.771
DEU_EWES,2030,GRO,4.988
DEU_EWES,2030,OSD,2.478
DEU_EWES,2030,C_B,71.837
DEU_EWES,2030,OTH_A,15.372
DEU_EWES,2030,CEREAL,5.313
DEU_EWES,2040,CROP_FLW,7.005
DEU_EWES,2040,WHT,5.779
DEU_EWES,2040,GRO,4.998
DEU_EWES,2040,OSD,2.479
DEU_EWES,2040,C_B,71.888
DEU_EWES,2040,OTH_A,15.373
DEU_EWES,2040,CEREAL,5.335
DEU_EWES,2050,CROP_FLW,7.003
DEU_EWES,2050,WHT,5.822
DEU_EWES,2050,GRO,5.009
DEU_EWES,2050,OSD,2.465
DEU_EWES,2050,C_B,71.981
DEU_EWES,2050,OTH_A,15.477
DEU_EWES,2050,CEREAL,5.38
DEU_EWES,2060,CROP_FLW,7.033
DEU_EWES,2060,WHT,5.855
DEU_EWES,2060,GRO,5.019
DEU_EWES,2060,OSD,2.449
DEU_EWES,2060,C_B,72.09
DEU_EWES,2060,OTH_A,15.58
DEU_EWES,2060,CEREAL,5.432
DEU_EWES,2070,CROP_FLW,6.878
DEU_EWES,2070,WHT,5.879
DEU_EWES,2070,GRO,5.052
DEU_EWES,2070,OSD,2.44
DEU_EWES,2070,C_B,72.107
DEU_EWES,2070,OTH_A,15.629
DEU_EWES,2070,CEREAL,5.491
DEU_EWES,2080,CROP_FLW,6.872
DEU_EWES,2080,WHT,5.898
DEU_EWES,2080,GRO,5.057
DEU_EWES,2080,OSD,2.434
DEU_EWES,2080,C_B,72.081
DEU_EWES,2080,OTH_A,15.626
DEU_EWES,2080,CEREAL,5.514
DEU_EWES,2090,CROP_FLW,6.939
DEU_EWES,2090,WHT,5.911
DEU_EWES,2090,GRO,5.064
DEU_EWES,2090,OSD,2.434
DEU_EWES,2090,C_B,72.068
DEU_EWES,2090,OTH_A,15.67
DEU_EWES,2090,CEREAL,5.525
DEU_EWES,2100,CROP_FLW,6.824
DEU_EWES,2100,WHT,5.957
DEU_EWES,2100,GRO,5.09
DEU_EWES,2100,OSD,2.441
DEU_EWES,2100,C_B,72.102
DEU_EWES,2100,OTH_A,15.735
DEU_EWES,2100,CEREAL,5.56
DEU_RHIN,2005,CROP_FLW,7.334
DEU_RHIN,2005,WHT,5.679
DEU_RHIN,2005,GRO,5.02
DEU_RHIN,2005,OSD,2.517
DEU_RHIN,2005,C_B,72.091
DEU_RHIN,2005,OTH_A,15.453
DEU_RHIN,2005,CEREAL,5.297
DEU_RHIN,2010,CROP_FLW,7.039
DEU_RHIN,2010,WHT,5.762
DEU_RHIN,2010,GRO,5.041
DEU_RHIN,2010,OSD,2.537
DEU_RHIN,2010,C_B,72.608
DEU_RHIN,2010,OTH_A,15.56
DEU_RHIN,2010,CEREAL,5.369
DEU_RHIN,2020,CROP_FLW,7.169
DEU_RHIN,2020,WHT,5.804
DEU_RHIN,2020,GRO,5.056
DEU_RHIN,2020,OSD,2.555
DEU_RHIN,2020,C_B,73.673
DEU_RHIN,2020,OTH_A,15.691
DEU_RHIN,2020,CEREAL,5.396
DEU_RHIN,2030,CROP_FLW,7.163
DEU_RHIN,2030,WHT,5.847
DEU_RHIN,2030,GRO,5.059
DEU_RHIN,2030,OSD,2.555
DEU_RHIN,2030,C_B,73.906
DEU_RHIN,2030,OTH_A,15.74
DEU_RHIN,2030,CEREAL,5.409
DEU_RHIN,2040,CROP_FLW,7.071
DEU_RHIN,2040,WHT,5.844
DEU_RHIN,2040,GRO,5.082
DEU_RHIN,2040,OSD,2.547
DEU_RHIN,2040,C_B,75.728
DEU_RHIN,2040,OTH_A,15.735
DEU_RHIN,2040,CEREAL,5.434
DEU_RHIN,2050,CROP_FLW,7.098
DEU_RHIN,2050,WHT,5.873
DEU_RHIN,2050,GRO,5.081
DEU_RHIN,2050,OSD,2.559
DEU_RHIN,2050,C_B,76.819
DEU_RHIN,2050,OTH_A,15.8
DEU_RHIN,2050,CEREAL,5.466
DEU_RHIN,2060,CROP_FLW,7.207
DEU_RHIN,2060,WHT,5.882
DEU_RHIN,2060,GRO,5.077
DEU_RHIN,2060,OSD,2.564
DEU_RHIN,2060,C_B,77.71
DEU_RHIN,2060,OTH_A,15.895
DEU_RHIN,2060,CEREAL,5.498
DEU_RHIN,2070,CROP_FLW,7.392
DEU_RHIN,2070,WHT,5.882
DEU_RHIN,2070,GRO,5.069
DEU_RHIN,2070,OSD,2.566
DEU_RHIN,2070,C_B,78.325
DEU_RHIN,2070,OTH_A,15.938
DEU_RHIN,2070,CEREAL,5.523
DEU_RHIN,2080,CROP_FLW,7.532
DEU_RHIN,2080,WHT,5.866
DEU_RHIN,2080,GRO,5.06
DEU_RHIN,2080,OSD,2.558
DEU_RHIN,2080,C_B,78.778
DEU_RHIN,2080,OTH_A,15.917
DEU_RHIN,2080,CEREAL,5.518
DEU_RHIN,2090,CROP_FLW,7.598
DEU_RHIN,2090,WHT,5.854
DEU_RHIN,2090,GRO,5.05
DEU_RHIN,2090,OSD,2.558
DEU_RHIN,2090,C_B,78.994
DEU_RHIN,2090,OTH_A,15.913
DEU_RHIN,2090,CEREAL,5.505
DEU_RHIN,2100,CROP_FLW,7.513
DEU_RHIN,2100,WHT,5.849
DEU_RHIN,2100,GRO,5.051
DEU_RHIN,2100,OSD,2.557
DEU_RHIN,2100,C_B,79.098
DEU_RHIN,2100,OTH_A,15.925
DEU_RHIN,2100,CEREAL,5.501
DJI_ARGA,2005,CROP_FLW,5.246
DJI_ARGA,2005,OSD,0.913
DJI_ARGA,2005,OTH_A,0.586
DJI_ARGA,2010,CROP_FLW,5.278
DJI_ARGA,2010,OSD,0.913
DJI_ARGA,2010,OTH_A,0.751
DJI_ARGA,2020,CROP_FLW,5.295
DJI_ARGA,2020,OSD,0.922
DJI_ARGA,2020,OTH_A,0.795
DJI_ARGA,2030,CROP_FLW,5.371
DJI_ARGA,2030,OSD,0.971
DJI_ARGA,2030,OTH_A,0.888
DJI_ARGA,2040,CROP_FLW,5.397
DJI_ARGA,2040,OSD,0.973
DJI_ARGA,2040,OTH_A,0.944
DJI_ARGA,2050,CROP_FLW,5.396
DJI_ARGA,2050,OSD,0.774
DJI_ARGA,2050,OTH_A,0.965
DJI_ARGA,2060,CROP_FLW,5.398
DJI_ARGA,2060,OSD,0.507
DJI_ARGA,2060,OTH_A,1.018
DJI_ARGA,2070,CROP_FLW,5.378
DJI_ARGA,2070,OSD,0.399
DJI_ARGA,2070,OTH_A,1.066
DJI_ARGA,2080,CROP_FLW,5.366
DJI_ARGA,2080,OSD,0.438
DJI_ARGA,2080,OTH_A,1.102
DJI_ARGA,2090,CROP_FLW,5.369
DJI_ARGA,2090,OSD,0.619
DJI_ARGA,2090,OTH_A,1.104
DJI_ARGA,2100,CROP_FLW,5.397
DJI_ARGA,2100,OSD,0.865
DJI_ARGA,2100,OTH_A,1.238
DJI_RIFT,2005,CROP_FLW,5.364
DJI_RIFT,2005,OTH_A,1.295
DJI_RIFT,2010,CROP_FLW,5.364
DJI_RIFT,2010,OTH_A,1.293
DJI_RIFT,2020,CROP_FLW,5.761
DJI_RIFT,2020,OTH_A,1.614
DJI_RIFT,2030,CROP_FLW,5.804
DJI_RIFT,2030,OTH_A,1.614
DJI_RIFT,2040,CROP_FLW,5.813
DJI_RIFT,2040,OTH_A,1.614
DJI_RIFT,2050,CROP_FLW,5.813
DJI_RIFT,2050,OTH_A,1.54
DJI_RIFT,2060,CROP_FLW,5.798
DJI_RIFT,2060,OTH_A,1.494
DJI_RIFT,2070,CROP_FLW,5.793
DJI_RIFT,2070,OTH_A,1.499
DJI_RIFT,2080,CROP_FLW,5.771
DJI_RIFT,2080,OTH_A,1.487
DJI_RIFT,2090,CROP_FLW,5.764
DJI_RIFT,2090,OTH_A,1.428
DJI_RIFT,2100,CROP_FLW,5.762
DJI_RIFT,2100,OTH_A,1.376
DNK_DGCO,2005,CROP_FLW,5.778
DNK_DGCO,2005,WHT,5.515
DNK_DGCO,2005,GRO,4.834
DNK_DGCO,2005,OSD,2.413
DNK_DGCO,2005,C_B,71.443
DNK_DGCO,2005,OTH_A,15.068
DNK_DGCO,2005,CEREAL,5.131
DNK_DGCO,2010,CROP_FLW,5.797
DNK_DGCO,2010,WHT,5.641
DNK_DGCO,2010,GRO,4.993
DNK_DGCO,2010,OSD,2.482
DNK_DGCO,2010,C_B,73.407
DNK_DGCO,2010,OTH_A,15.401
DNK_DGCO,2010,CEREAL,5.312
DNK_DGCO,2020,CROP_FLW,6.027
DNK_DGCO,2020,WHT,5.793
DNK_DGCO,2020,GRO,5.122
DNK_DGCO,2020,OSD,2.507
DNK_DGCO,2020,C_B,78.416
DNK_DGCO,2020,OTH_A,15.565
DNK_DGCO,2020,CEREAL,5.405
DNK_DGCO,2030,CROP_FLW,6.01
DNK_DGCO,2030,WHT,5.79
DNK_DGCO,2030,GRO,5.127
DNK_DGCO,2030,OSD,2.505
DNK_DGCO,2030,C_B,78.949
DNK_DGCO,2030,OTH_A,15.625
DNK_DGCO,2030,CEREAL,5.413
DNK_DGCO,2040,CROP_FLW,6.007
DNK_DGCO,2040,WHT,5.802
DNK_DGCO,2040,GRO,5.128
DNK_DGCO,2040,OSD,2.495
DNK_DGCO,2040,C_B,79.638
DNK_DGCO,2040,OTH_A,15.632
DNK_DGCO,2040,CEREAL,5.423
DNK_DGCO,2050,CROP_FLW,6.146
DNK_DGCO,2050,WHT,5.803
DNK_DGCO,2050,GRO,5.144
DNK_DGCO,2050,OSD,2.485
DNK_DGCO,2050,C_B,79.803
DNK_DGCO,2050,OTH_A,15.683
DNK_DGCO,2050,CEREAL,5.444
DNK_DGCO,2060,CROP_FLW,6.212
DNK_DGCO,2060,WHT,5.791
DNK_DGCO,2060,GRO,5.147
DNK_DGCO,2060,OSD,2.482
DNK_DGCO,2060,C_B,79.948
DNK_DGCO,2060,OTH_A,15.732
DNK_DGCO,2060,CEREAL,5.455
DNK_DGCO,2070,CROP_FLW,5.821
DNK_DGCO,2070,WHT,5.782
DNK_DGCO,2070,GRO,5.204
DNK_DGCO,2070,OSD,2.473
DNK_DGCO,2070,C_B,80.235
DNK_DGCO,2070,OTH_A,15.765
DNK_DGCO,2070,CEREAL,5.5
DNK_DGCO,2080,CROP_FLW,6.219
DNK_DGCO,2080,WHT,5.778
DNK_DGCO,2080,GRO,5.234
DNK_DGCO,2080,OSD,2.46
DNK_DGCO,2080,C_B,80.569
DNK_DGCO,2080,OTH_A,15.905
DNK_DGCO,2080,CEREAL,5.533
DNK_DGCO,2090,CROP_FLW,6.344
DNK_DGCO,2090,WHT,5.791
DNK_DGCO,2090,GRO,5.226
DNK_DGCO,2090,OSD,2.444
DNK_DGCO,2090,C_B,80.897
DNK_DGCO,2090,OTH_A,16.109
DNK_DGCO,2090,CEREAL,5.557
DNK_DGCO,2100,CROP_FLW,6.245
DNK_DGCO,2100,WHT,5.802
DNK_DGCO,2100,GRO,5.223
DNK_DGCO,2100,OSD,2.424
DNK_DGCO,2100,C_B,81.156
DNK_DGCO,2100,OTH_A,16.325
DNK_DGCO,2100,CEREAL,5.583
DOM_CARI,2005,CROP_FLW,7.464
DOM_CARI,2005,PDR,4.997
DOM_CARI,2005,GRO,4.112
DOM_CARI,2005,OSD,3.936
DOM_CARI,2005,C_B,67.14
DOM_CARI,2005,OTH_A,3.418
DOM_CARI,2005,CEREAL,4.761
DOM_CARI,2010,CROP_FLW,7.427
DOM_CARI,2010,PDR,5.014
DOM_CARI,2010,GRO,4.205
DOM_CARI,2010,OSD,3.946
DOM_CARI,2010,C_B,73.547
DOM_CARI,2010,OTH_A,3.422
DOM_CARI,2010,CEREAL,4.803
DOM_CARI,2020,CROP_FLW,7.435
DOM_CARI,2020,PDR,5.071
DOM_CARI,2020,GRO,4.529
DOM_CARI,2020,OSD,4.452
DOM_CARI,2020,C_B,76.413
DOM_CARI,2020,OTH_A,3.483
DOM_CARI,2020,CEREAL,4.924
DOM_CARI,2030,CROP_FLW,7.436
DOM_CARI,2030,PDR,5.096
DOM_CARI,2030,GRO,4.635
DOM_CARI,2030,OSD,4.51
DOM_CARI,2030,C_B,76.617
DOM_CARI,2030,OTH_A,3.496
DOM_CARI,2030,CEREAL,4.975
DOM_CARI,2040,CROP_FLW,7.437
DOM_CARI,2040,PDR,5.182
DOM_CARI,2040,GRO,4.678
DOM_CARI,2040,OSD,4.661
DOM_CARI,2040,C_B,77.181
DOM_CARI,2040,OTH_A,3.526
DOM_CARI,2040,CEREAL,5.058
DOM_CARI,2050,CROP_FLW,7.442
DOM_CARI,2050,PDR,5.232
DOM_CARI,2050,GRO,4.721
DOM_CARI,2050,OSD,4.754
DOM_CARI,2050,C_B,77.625
DOM_CARI,2050,OTH_A,3.545
DOM_CARI,2050,CEREAL,5.11
DOM_CARI,2060,CROP_FLW,7.442
DOM_CARI,2060,PDR,5.245
DOM_CARI,2060,GRO,4.773
DOM_CARI,2060,OSD,4.767
DOM_CARI,2060,C_B,77.324
DOM_CARI,2060,OTH_A,3.549
DOM_CARI,2060,CEREAL,5.135
DOM_CARI,2070,CROP_FLW,7.425
DOM_CARI,2070,PDR,5.245
DOM_CARI,2070,GRO,4.927
DOM_CARI,2070,OSD,4.791
DOM_CARI,2070,C_B,77.381
DOM_CARI,2070,OTH_A,3.552
DOM_CARI,2070,CEREAL,5.175
DOM_CARI,2080,CROP_FLW,7.395
DOM_CARI,2080,PDR,5.28
DOM_CARI,2080,GRO,5.038
DOM_CARI,2080,OSD,4.827
DOM_CARI,2080,C_B,77.215
DOM_CARI,2080,OTH_A,3.557
DOM_CARI,2080,CEREAL,5.228
DOM_CARI,2090,CROP_FLW,7.406
DOM_CARI,2090,PDR,5.308
DOM_CARI,2090,GRO,5.109
DOM_CARI,2090,OSD,4.846
DOM_CARI,2090,C_B,76.873
DOM_CARI,2090,OTH_A,3.557
DOM_CARI,2090,CEREAL,5.265
DOM_CARI,2100,CROP_FLW,7.419
DOM_CARI,2100,PDR,5.343
DOM_CARI,2100,GRO,5.135
DOM_CARI,2100,OSD,4.832
DOM_CARI,2100,C_B,77.211
DOM_CARI,2100,OTH_A,3.567
DOM_CARI,2100,CEREAL,5.298
DZA_ANIN,2005,CROP_FLW,4.117
DZA_ANIN,2005,WHT,1.849
DZA_ANIN,2005,GRO,1.942
DZA_ANIN,2005,OSD,0.281
DZA_ANIN,2005,OTH_A,7.767
DZA_ANIN,2005,CEREAL,1.887
DZA_ANIN,2010,CROP_FLW,4.12
DZA_ANIN,2010,WHT,1.876
DZA_ANIN,2010,GRO,2.163
DZA_ANIN,2010,OSD,0.264
DZA_ANIN,2010,OTH_A,7.4
DZA_ANIN,2010,CEREAL,2.013
DZA_ANIN,2020,CROP_FLW,4.097
DZA_ANIN,2020,WHT,2.672
DZA_ANIN,2020,GRO,2.265
DZA_ANIN,2020,OSD,0.207
DZA_ANIN,2020,OTH_A,7.919
DZA_ANIN,2020,CEREAL,2.498
DZA_ANIN,2030,CROP_FLW,4.085
DZA_ANIN,2030,WHT,2.791
DZA_ANIN,2030,GRO,2.328
DZA_ANIN,2030,OSD,0.204
DZA_ANIN,2030,OTH_A,8.444
DZA_ANIN,2030,CEREAL,2.597
DZA_ANIN,2040,CROP_FLW,4.075
DZA_ANIN,2040,WHT,3.436
DZA_ANIN,2040,GRO,2.363
DZA_ANIN,2040,OSD,0.187
DZA_ANIN,2040,OTH_A,8.12
DZA_ANIN,2040,CEREAL,2.999
DZA_ANIN,2050,CROP_FLW,4.061
DZA_ANIN,2050,WHT,3.682
DZA_ANIN,2050,GRO,2.412
DZA_ANIN,2050,OSD,0.195
DZA_ANIN,2050,OTH_A,8.197
DZA_ANIN,2050,CEREAL,3.186
DZA_ANIN,2060,CROP_FLW,4.029
DZA_ANIN,2060,WHT,3.94
DZA_ANIN,2060,GRO,2.435
DZA_ANIN,2060,OSD,0.209
DZA_ANIN,2060,OTH_A,8.726
DZA_ANIN,2060,CEREAL,3.392
DZA_ANIN,2070,CROP_FLW,4.038
DZA_ANIN,2070,WHT,4.139
DZA_ANIN,2070,GRO,2.424
DZA_ANIN,2070,OSD,0.227
DZA_ANIN,2070,OTH_A,9.517
DZA_ANIN,2070,CEREAL,3.568
DZA_ANIN,2080,CROP_FLW,4.087
DZA_ANIN,2080,WHT,4.327
DZA_ANIN,2080,GRO,2.339
DZA_ANIN,2080,OSD,0.242
DZA_ANIN,2080,OTH_A,10.484
DZA_ANIN,2080,CEREAL,3.73
DZA_ANIN,2090,CROP_FLW,4.104
DZA_ANIN,2090,WHT,4.596
DZA_ANIN,2090,GRO,2.23
DZA_ANIN,2090,OSD,0.255
DZA_ANIN,2090,OTH_A,11.179
DZA_ANIN,2090,CEREAL,3.943
DZA_ANIN,2100,CROP_FLW,4.089
DZA_ANIN,2100,WHT,4.78
DZA_ANIN,2100,GRO,2.051
DZA_ANIN,2100,OSD,0.244
DZA_ANIN,2100,OTH_A,11.607
DZA_ANIN,2100,CEREAL,4.061
DZA_MSCC,2005,CROP_FLW,3.885
DZA_MSCC,2005,WHT,2.105
DZA_MSCC,2005,GRO,2.126
DZA_MSCC,2005,OSD,0.341
DZA_MSCC,2005,OTH_A,6.258
DZA_MSCC,2005,CEREAL,2.112
DZA_MSCC,2010,CROP_FLW,3.891
DZA_MSCC,2010,WHT,2.147
DZA_MSCC,2010,GRO,2.367
DZA_MSCC,2010,OSD,0.324
DZA_MSCC,2010,OTH_A,6.206
DZA_MSCC,2010,CEREAL,2.234
DZA_MSCC,2020,CROP_FLW,3.901
DZA_MSCC,2020,WHT,2.483
DZA_MSCC,2020,GRO,2.529
DZA_MSCC,2020,OSD,0.252
DZA_MSCC,2020,OTH_A,6.453
DZA_MSCC,2020,CEREAL,2.499
DZA_MSCC,2030,CROP_FLW,3.899
DZA_MSCC,2030,WHT,2.508
DZA_MSCC,2030,GRO,2.541
DZA_MSCC,2030,OSD,0.254
DZA_MSCC,2030,OTH_A,6.787
DZA_MSCC,2030,CEREAL,2.519
DZA_MSCC,2040,CROP_FLW,3.897
DZA_MSCC,2040,WHT,2.566
DZA_MSCC,2040,GRO,2.61
DZA_MSCC,2040,OSD,0.25
DZA_MSCC,2040,OTH_A,6.803
DZA_MSCC,2040,CEREAL,2.58
DZA_MSCC,2050,CROP_FLW,3.911
DZA_MSCC,2050,WHT,2.651
DZA_MSCC,2050,GRO,2.712
DZA_MSCC,2050,OSD,0.246
DZA_MSCC,2050,OTH_A,6.8
DZA_MSCC,2050,CEREAL,2.67
DZA_MSCC,2060,CROP_FLW,3.923
DZA_MSCC,2060,WHT,2.771
DZA_MSCC,2060,GRO,2.833
DZA_MSCC,2060,OSD,0.254
DZA_MSCC,2060,OTH_A,7.136
DZA_MSCC,2060,CEREAL,2.789
DZA_MSCC,2070,CROP_FLW,3.934
DZA_MSCC,2070,WHT,2.873
DZA_MSCC,2070,GRO,2.976
DZA_MSCC,2070,OSD,0.268
DZA_MSCC,2070,OTH_A,7.554
DZA_MSCC,2070,CEREAL,2.9
DZA_MSCC,2080,CROP_FLW,3.955
DZA_MSCC,2080,WHT,2.971
DZA_MSCC,2080,GRO,3.135
DZA_MSCC,2080,OSD,0.282
DZA_MSCC,2080,OTH_A,8.101
DZA_MSCC,2080,CEREAL,3.011
DZA_MSCC,2090,CROP_FLW,3.956
DZA_MSCC,2090,WHT,3.095
DZA_MSCC,2090,GRO,3.232
DZA_MSCC,2090,OSD,0.296
DZA_MSCC,2090,OTH_A,8.81
DZA_MSCC,2090,CEREAL,3.127
DZA_MSCC,2100,CROP_FLW,3.983
DZA_MSCC,2100,WHT,3.301
DZA_MSCC,2100,GRO,3.31
DZA_MSCC,2100,OSD,0.331
DZA_MSCC,2100,OTH_A,9.796
DZA_MSCC,2100,CEREAL,3.303
DZA_NIGE,2005,CROP_FLW,2.713
DZA_NIGE,2010,CROP_FLW,2.713
DZA_NIGE,2020,CROP_FLW,2.715
DZA_NIGE,2030,CROP_FLW,2.715
DZA_NIGE,2040,CROP_FLW,2.715
DZA_NIGE,2050,CROP_FLW,2.715
DZA_NIGE,2060,CROP_FLW,2.715
DZA_NIGE,2070,CROP_FLW,2.715
DZA_NIGE,2080,CROP_FLW,2.715
DZA_NIGE,2090,CROP_FLW,2.715
DZA_NIGE,2100,CROP_FLW,2.715
ECU_AMAZ,2005,CROP_FLW,5.634
ECU_AMAZ,2005,WHT,3.127
ECU_AMAZ,2005,GRO,4.038
ECU_AMAZ,2005,OSD,4.473
ECU_AMAZ,2005,OTH_A,3.4
ECU_AMAZ,2005,CEREAL,4.012
ECU_AMAZ,2010,CROP_FLW,5.389
ECU_AMAZ,2010,WHT,3.66
ECU_AMAZ,2010,GRO,4.242
ECU_AMAZ,2010,OSD,4.732
ECU_AMAZ,2010,OTH_A,4.432
ECU_AMAZ,2010,CEREAL,4.231
ECU_AMAZ,2020,CROP_FLW,3.797
ECU_AMAZ,2020,WHT,4.84
ECU_AMAZ,2020,GRO,4.95
ECU_AMAZ,2020,OSD,5.417
ECU_AMAZ,2020,OTH_A,5.185
ECU_AMAZ,2020,CEREAL,4.949
ECU_AMAZ,2030,CROP_FLW,3.651
ECU_AMAZ,2030,WHT,5.014
ECU_AMAZ,2030,GRO,5.072
ECU_AMAZ,2030,OSD,5.854
ECU_AMAZ,2030,OTH_A,5.282
ECU_AMAZ,2030,CEREAL,5.072
ECU_AMAZ,2040,CROP_FLW,3.687
ECU_AMAZ,2040,WHT,5.107
ECU_AMAZ,2040,GRO,5.153
ECU_AMAZ,2040,OSD,6.174
ECU_AMAZ,2040,OTH_A,5.435
ECU_AMAZ,2040,CEREAL,5.153
ECU_AMAZ,2050,CROP_FLW,3.366
ECU_AMAZ,2050,WHT,5.307
ECU_AMAZ,2050,GRO,5.313
ECU_AMAZ,2050,OSD,6.343
ECU_AMAZ,2050,OTH_A,5.494
ECU_AMAZ,2050,CEREAL,5.313
ECU_AMAZ,2060,CROP_FLW,6.806
ECU_AMAZ,2060,WHT,5.379
ECU_AMAZ,2060,GRO,5.506
ECU_AMAZ,2060,OSD,6.456
ECU_AMAZ,2060,OTH_A,5.847
ECU_AMAZ,2060,CEREAL,5.505
ECU_AMAZ,2070,CROP_FLW,7.176
ECU_AMAZ,2070,WHT,5.432
ECU_AMAZ,2070,GRO,5.67
ECU_AMAZ,2070,OSD,6.583
ECU_AMAZ,2070,OTH_A,6.268
ECU_AMAZ,2070,CEREAL,5.667
ECU_AMAZ,2080,CROP_FLW,6.427
ECU_AMAZ,2080,WHT,5.477
ECU_AMAZ,2080,GRO,5.872
ECU_AMAZ,2080,OSD,6.667
ECU_AMAZ,2080,OTH_A,6.737
ECU_AMAZ,2080,CEREAL,5.865
ECU_AMAZ,2090,CROP_FLW,6.046
ECU_AMAZ,2090,WHT,5.478
ECU_AMAZ,2090,GRO,6.085
ECU_AMAZ,2090,OSD,6.737
ECU_AMAZ,2090,OTH_A,7.168
ECU_AMAZ,2090,CEREAL,6.074
ECU_AMAZ,2100,CROP_FLW,6.327
ECU_AMAZ,2100,WHT,5.483
ECU_AMAZ,2100,GRO,6.085
ECU_AMAZ,2100,OSD,6.814
ECU_AMAZ,2100,OTH_A,7.531
ECU_AMAZ,2100,CEREAL,6.074
ECU_CEPC,2005,CROP_FLW,7.571
ECU_CEPC,2005,PDR,4.911
ECU_CEPC,2005,WHT,3.206
ECU_CEPC,2005,GRO,4.142
ECU_CEPC,2005,OSD,4.211
ECU_CEPC,2005,C_B,101.827
ECU_CEPC,2005,OTH_A,3.458
ECU_CEPC,2005,CEREAL,4.5
ECU_CEPC,2010,CROP_FLW,6.863
ECU_CEPC,2010,PDR,5.036
ECU_CEPC,2010,WHT,3.863
ECU_CEPC,2010,GRO,4.322
ECU_CEPC,2010,OSD,4.506
ECU_CEPC,2010,C_B,105.98
ECU_CEPC,2010,OTH_A,3.467
ECU_CEPC,2010,CEREAL,4.652
ECU_CEPC,2020,CROP_FLW,6.195
ECU_CEPC,2020,PDR,5.096
ECU_CEPC,2020,WHT,4.771
ECU_CEPC,2020,GRO,4.544
ECU_CEPC,2020,OSD,4.947
ECU_CEPC,2020,C_B,121.274
ECU_CEPC,2020,OTH_A,3.62
ECU_CEPC,2020,CEREAL,4.813
ECU_CEPC,2030,CROP_FLW,5.764
ECU_CEPC,2030,PDR,5.232
ECU_CEPC,2030,WHT,4.993
ECU_CEPC,2030,GRO,4.598
ECU_CEPC,2030,OSD,5.128
ECU_CEPC,2030,C_B,122.561
ECU_CEPC,2030,OTH_A,3.711
ECU_CEPC,2030,CEREAL,4.923
ECU_CEPC,2040,CROP_FLW,5.746
ECU_CEPC,2040,PDR,5.259
ECU_CEPC,2040,WHT,5.24
ECU_CEPC,2040,GRO,4.604
ECU_CEPC,2040,OSD,5.203
ECU_CEPC,2040,C_B,123.824
ECU_CEPC,2040,OTH_A,3.774
ECU_CEPC,2040,CEREAL,4.962
ECU_CEPC,2050,CROP_FLW,5.741
ECU_CEPC,2050,PDR,5.506
ECU_CEPC,2050,WHT,5.627
ECU_CEPC,2050,GRO,4.636
ECU_CEPC,2050,OSD,5.537
ECU_CEPC,2050,C_B,124.987
ECU_CEPC,2050,OTH_A,4.184
ECU_CEPC,2050,CEREAL,5.148
ECU_CEPC,2060,CROP_FLW,5.736
ECU_CEPC,2060,PDR,5.604
ECU_CEPC,2060,WHT,5.991
ECU_CEPC,2060,GRO,4.666
ECU_CEPC,2060,OSD,5.755
ECU_CEPC,2060,C_B,126.131
ECU_CEPC,2060,OTH_A,4.436
ECU_CEPC,2060,CEREAL,5.256
ECU_CEPC,2070,CROP_FLW,6.129
ECU_CEPC,2070,PDR,5.629
ECU_CEPC,2070,WHT,6.108
ECU_CEPC,2070,GRO,4.768
ECU_CEPC,2070,OSD,5.777
ECU_CEPC,2070,C_B,127.116
ECU_CEPC,2070,OTH_A,4.441
ECU_CEPC,2070,CEREAL,5.348
ECU_CEPC,2080,CROP_FLW,6.549
ECU_CEPC,2080,PDR,5.631
ECU_CEPC,2080,WHT,6.127
ECU_CEPC,2080,GRO,4.743
ECU_CEPC,2080,OSD,5.793
ECU_CEPC,2080,C_B,127.457
ECU_CEPC,2080,OTH_A,4.56
ECU_CEPC,2080,CEREAL,5.369
ECU_CEPC,2090,CROP_FLW,6.792
ECU_CEPC,2090,PDR,5.649
ECU_CEPC,2090,WHT,6.133
ECU_CEPC,2090,GRO,4.736
ECU_CEPC,2090,OSD,5.809
ECU_CEPC,2090,C_B,127.659
ECU_CEPC,2090,OTH_A,4.671
ECU_CEPC,2090,CEREAL,5.396
ECU_CEPC,2100,CROP_FLW,6.969
ECU_CEPC,2100,PDR,5.667
ECU_CEPC,2100,WHT,6.146
ECU_CEPC,2100,GRO,4.739
ECU_CEPC,2100,OSD,5.816
ECU_CEPC,2100,C_B,128.84
ECU_CEPC,2100,OTH_A,4.764
ECU_CEPC,2100,CEREAL,5.421
EGY_ANIN,2005,CROP_FLW,5.495
EGY_ANIN,2005,PDR,6.714
EGY_ANIN,2005,WHT,1.978
EGY_ANIN,2005,GRO,1.853
EGY_ANIN,2005,OSD,0.296
EGY_ANIN,2005,C_B,70.62
EGY_ANIN,2005,OTH_A,5.905
EGY_ANIN,2005,CEREAL,2.513
EGY_ANIN,2010,CROP_FLW,5.826
EGY_ANIN,2010,PDR,7.326
EGY_ANIN,2010,WHT,1.9
EGY_ANIN,2010,GRO,1.629
EGY_ANIN,2010,OSD,0.335
EGY_ANIN,2010,C_B,53.247
EGY_ANIN,2010,OTH_A,5.289
EGY_ANIN,2010,CEREAL,2.279
EGY_ANIN,2020,CROP_FLW,6.131
EGY_ANIN,2020,PDR,5.925
EGY_ANIN,2020,WHT,1.856
EGY_ANIN,2020,GRO,1.843
EGY_ANIN,2020,OSD,0.34
EGY_ANIN,2020,C_B,40.052
EGY_ANIN,2020,OTH_A,5.487
EGY_ANIN,2020,CEREAL,2.307
EGY_ANIN,2030,CROP_FLW,6.162
EGY_ANIN,2030,PDR,5.076
EGY_ANIN,2030,WHT,1.846
EGY_ANIN,2030,GRO,1.717
EGY_ANIN,2030,OSD,0.312
EGY_ANIN,2030,C_B,35.419
EGY_ANIN,2030,OTH_A,5.111
EGY_ANIN,2030,CEREAL,2.188
EGY_ANIN,2040,CROP_FLW,6.164
EGY_ANIN,2040,PDR,3.945
EGY_ANIN,2040,WHT,1.794
EGY_ANIN,2040,GRO,1.52
EGY_ANIN,2040,OSD,0.247
EGY_ANIN,2040,C_B,29.829
EGY_ANIN,2040,OTH_A,4.597
EGY_ANIN,2040,CEREAL,1.992
EGY_ANIN,2050,CROP_FLW,6.095
EGY_ANIN,2050,PDR,4.992
EGY_ANIN,2050,WHT,1.929
EGY_ANIN,2050,GRO,1.824
EGY_ANIN,2050,OSD,0.302
EGY_ANIN,2050,C_B,37.036
EGY_ANIN,2050,OTH_A,5.197
EGY_ANIN,2050,CEREAL,2.313
EGY_ANIN,2060,CROP_FLW,6.343
EGY_ANIN,2060,PDR,7.188
EGY_ANIN,2060,WHT,2.019
EGY_ANIN,2060,GRO,1.974
EGY_ANIN,2060,OSD,0.348
EGY_ANIN,2060,C_B,55.493
EGY_ANIN,2060,OTH_A,6.125
EGY_ANIN,2060,CEREAL,2.752
EGY_ANIN,2070,CROP_FLW,6.459
EGY_ANIN,2070,PDR,7.238
EGY_ANIN,2070,WHT,1.992
EGY_ANIN,2070,GRO,1.957
EGY_ANIN,2070,OSD,0.351
EGY_ANIN,2070,C_B,70.976
EGY_ANIN,2070,OTH_A,6.323
EGY_ANIN,2070,CEREAL,2.889
EGY_ANIN,2080,CROP_FLW,6.63
EGY_ANIN,2080,PDR,7.338
EGY_ANIN,2080,WHT,1.994
EGY_ANIN,2080,GRO,1.971
EGY_ANIN,2080,OSD,0.357
EGY_ANIN,2080,C_B,77.422
EGY_ANIN,2080,OTH_A,6.54
EGY_ANIN,2080,CEREAL,3.105
EGY_ANIN,2090,CROP_FLW,6.659
EGY_ANIN,2090,PDR,7.352
EGY_ANIN,2090,WHT,1.995
EGY_ANIN,2090,GRO,1.979
EGY_ANIN,2090,OSD,0.361
EGY_ANIN,2090,C_B,81.493
EGY_ANIN,2090,OTH_A,6.508
EGY_ANIN,2090,CEREAL,3.289
EGY_ANIN,2100,CROP_FLW,6.683
EGY_ANIN,2100,PDR,7.351
EGY_ANIN,2100,WHT,1.995
EGY_ANIN,2100,GRO,1.98
EGY_ANIN,2100,OSD,0.361
EGY_ANIN,2100,C_B,79.486
EGY_ANIN,2100,OTH_A,6.443
EGY_ANIN,2100,CEREAL,3.367
EGY_ARGA,2005,CROP_FLW,6.142
EGY_ARGA,2005,WHT,2.127
EGY_ARGA,2005,GRO,2.106
EGY_ARGA,2005,OSD,0.324
EGY_ARGA,2005,C_B,67.475
EGY_ARGA,2005,OTH_A,6.332
EGY_ARGA,2005,CEREAL,2.114
EGY_ARGA,2010,CROP_FLW,6.281
EGY_ARGA,2010,WHT,2.043
EGY_ARGA,2010,GRO,1.838
EGY_ARGA,2010,OSD,0.329
EGY_ARGA,2010,C_B,50.9
EGY_ARGA,2010,OTH_A,5.562
EGY_ARGA,2010,CEREAL,1.909
EGY_ARGA,2020,CROP_FLW,6.31
EGY_ARGA,2020,WHT,1.992
EGY_ARGA,2020,GRO,2.083
EGY_ARGA,2020,OSD,0.33
EGY_ARGA,2020,C_B,38.245
EGY_ARGA,2020,OTH_A,5.706
EGY_ARGA,2020,CEREAL,2.049
EGY_ARGA,2030,CROP_FLW,6.279
EGY_ARGA,2030,WHT,1.888
EGY_ARGA,2030,GRO,1.88
EGY_ARGA,2030,OSD,0.289
EGY_ARGA,2030,C_B,34.134
EGY_ARGA,2030,OTH_A,5.274
EGY_ARGA,2030,CEREAL,1.883
EGY_ARGA,2040,CROP_FLW,6.216
EGY_ARGA,2040,WHT,1.779
EGY_ARGA,2040,GRO,1.685
EGY_ARGA,2040,OSD,0.229
EGY_ARGA,2040,C_B,28.94
EGY_ARGA,2040,OTH_A,4.673
EGY_ARGA,2040,CEREAL,1.72
EGY_ARGA,2050,CROP_FLW,6.172
EGY_ARGA,2050,WHT,1.693
EGY_ARGA,2050,GRO,1.545
EGY_ARGA,2050,OSD,0.185
EGY_ARGA,2050,C_B,24.162
EGY_ARGA,2050,OTH_A,3.919
EGY_ARGA,2050,CEREAL,1.6
EGY_ARGA,2060,CROP_FLW,6.131
EGY_ARGA,2060,WHT,1.521
EGY_ARGA,2060,GRO,1.406
EGY_ARGA,2060,OSD,0.148
EGY_ARGA,2060,C_B,19.216
EGY_ARGA,2060,OTH_A,2.623
EGY_ARGA,2060,CEREAL,1.448
EGY_ARGA,2070,CROP_FLW,6.174
EGY_ARGA,2070,WHT,1.495
EGY_ARGA,2070,GRO,1.468
EGY_ARGA,2070,OSD,0.148
EGY_ARGA,2070,C_B,18.696
EGY_ARGA,2070,OTH_A,2.138
EGY_ARGA,2070,CEREAL,1.479
EGY_ARGA,2080,CROP_FLW,5.967
EGY_ARGA,2080,WHT,1.843
EGY_ARGA,2080,GRO,1.786
EGY_ARGA,2080,OSD,0.193
EGY_ARGA,2080,C_B,23.6
EGY_ARGA,2080,OTH_A,2.24
EGY_ARGA,2080,CEREAL,1.808
EGY_ARGA,2090,CROP_FLW,5.651
EGY_ARGA,2090,WHT,2.052
EGY_ARGA,2090,GRO,2.028
EGY_ARGA,2090,OSD,0.238
EGY_ARGA,2090,C_B,28.581
EGY_ARGA,2090,OTH_A,2.407
EGY_ARGA,2090,CEREAL,2.037
EGY_ARGA,2100,CROP_FLW,5.828
EGY_ARGA,2100,WHT,2.066
EGY_ARGA,2100,GRO,2.153
EGY_ARGA,2100,OSD,0.222
EGY_ARGA,2100,C_B,26.101
EGY_ARGA,2100,OTH_A,2.198
EGY_ARGA,2100,CEREAL,2.118
EGY_NILE,2005,CROP_FLW,6.187
EGY_NILE,2005,PDR,10.113
EGY_NILE,2005,WHT,2.126
EGY_NILE,2005,GRO,2.125
EGY_NILE,2005,OSD,0.323
EGY_NILE,2005,C_B,66.594
EGY_NILE,2005,OTH_A,6.351
EGY_NILE,2005,CEREAL,3.783
EGY_NILE,2010,CROP_FLW,6.484
EGY_NILE,2010,PDR,10.479
EGY_NILE,2010,WHT,2.052
EGY_NILE,2010,GRO,1.882
EGY_NILE,2010,OSD,0.344
EGY_NILE,2010,C_B,50.312
EGY_NILE,2010,OTH_A,5.67
EGY_NILE,2010,CEREAL,3.281
EGY_NILE,2020,CROP_FLW,6.763
EGY_NILE,2020,PDR,8.432
EGY_NILE,2020,WHT,1.995
EGY_NILE,2020,GRO,1.909
EGY_NILE,2020,OSD,0.346
EGY_NILE,2020,C_B,37.782
EGY_NILE,2020,OTH_A,5.886
EGY_NILE,2020,CEREAL,3.15
EGY_NILE,2030,CROP_FLW,6.767
EGY_NILE,2030,PDR,7.252
EGY_NILE,2030,WHT,1.84
EGY_NILE,2030,GRO,1.715
EGY_NILE,2030,OSD,0.306
EGY_NILE,2030,C_B,33.479
EGY_NILE,2030,OTH_A,5.461
EGY_NILE,2030,CEREAL,2.836
EGY_NILE,2040,CROP_FLW,7.023
EGY_NILE,2040,PDR,5.792
EGY_NILE,2040,WHT,1.714
EGY_NILE,2040,GRO,1.529
EGY_NILE,2040,OSD,0.247
EGY_NILE,2040,C_B,28.911
EGY_NILE,2040,OTH_A,4.886
EGY_NILE,2040,CEREAL,2.513
EGY_NILE,2050,CROP_FLW,6.879
EGY_NILE,2050,PDR,4.873
EGY_NILE,2050,WHT,1.694
EGY_NILE,2050,GRO,1.428
EGY_NILE,2050,OSD,0.215
EGY_NILE,2050,C_B,25.685
EGY_NILE,2050,OTH_A,4.316
EGY_NILE,2050,CEREAL,2.343
EGY_NILE,2060,CROP_FLW,6.94
EGY_NILE,2060,PDR,5.152
EGY_NILE,2060,WHT,2.027
EGY_NILE,2060,GRO,1.649
EGY_NILE,2060,OSD,0.22
EGY_NILE,2060,C_B,29.022
EGY_NILE,2060,OTH_A,3.939
EGY_NILE,2060,CEREAL,2.656
EGY_NILE,2070,CROP_FLW,6.865
EGY_NILE,2070,PDR,4.943
EGY_NILE,2070,WHT,2.157
EGY_NILE,2070,GRO,2.004
EGY_NILE,2070,OSD,0.211
EGY_NILE,2070,C_B,33.086
EGY_NILE,2070,OTH_A,3.791
EGY_NILE,2070,CEREAL,2.92
EGY_NILE,2080,CROP_FLW,6.827
EGY_NILE,2080,PDR,4.834
EGY_NILE,2080,WHT,2.191
EGY_NILE,2080,GRO,2.147
EGY_NILE,2080,OSD,0.221
EGY_NILE,2080,C_B,38.522
EGY_NILE,2080,OTH_A,3.681
EGY_NILE,2080,CEREAL,3.069
EGY_NILE,2090,CROP_FLW,6.698
EGY_NILE,2090,PDR,4.74
EGY_NILE,2090,WHT,2.206
EGY_NILE,2090,GRO,2.205
EGY_NILE,2090,OSD,0.238
EGY_NILE,2090,C_B,41.908
EGY_NILE,2090,OTH_A,3.594
EGY_NILE,2090,CEREAL,3.158
EGY_NILE,2100,CROP_FLW,6.699
EGY_NILE,2100,PDR,4.692
EGY_NILE,2100,WHT,2.209
EGY_NILE,2100,GRO,2.208
EGY_NILE,2100,OSD,0.236
EGY_NILE,2100,C_B,40.241
EGY_NILE,2100,OTH_A,3.537
EGY_NILE,2100,CEREAL,3.179
ESP_DOUR,2005,CROP_FLW,6.721
ESP_DOUR,2005,WHT,5.427
ESP_DOUR,2005,GRO,4.721
ESP_DOUR,2005,OSD,2.467
ESP_DOUR,2005,C_B,72.966
ESP_DOUR,2005,OTH_A,15.469
ESP_DOUR,2005,CEREAL,4.919
ESP_DOUR,2010,CROP_FLW,6.493
ESP_DOUR,2010,WHT,5.701
ESP_DOUR,2010,GRO,4.921
ESP_DOUR,2010,OSD,2.462
ESP_DOUR,2010,C_B,112.208
ESP_DOUR,2010,OTH_A,15.827
ESP_DOUR,2010,CEREAL,5.123
ESP_DOUR,2020,CROP_FLW,6.351
ESP_DOUR,2020,WHT,5.833
ESP_DOUR,2020,GRO,5.405
ESP_DOUR,2020,OSD,2.654
ESP_DOUR,2020,C_B,112.231
ESP_DOUR,2020,OTH_A,21.67
ESP_DOUR,2020,CEREAL,5.526
ESP_DOUR,2030,CROP_FLW,6.334
ESP_DOUR,2030,WHT,5.868
ESP_DOUR,2030,GRO,5.438
ESP_DOUR,2030,OSD,2.637
ESP_DOUR,2030,C_B,109.607
ESP_DOUR,2030,OTH_A,23.104
ESP_DOUR,2030,CEREAL,5.564
ESP_DOUR,2040,CROP_FLW,6.345
ESP_DOUR,2040,WHT,6.007
ESP_DOUR,2040,GRO,5.442
ESP_DOUR,2040,OSD,2.535
ESP_DOUR,2040,C_B,104.796
ESP_DOUR,2040,OTH_A,23.177
ESP_DOUR,2040,CEREAL,5.616
ESP_DOUR,2050,CROP_FLW,6.356
ESP_DOUR,2050,WHT,6.254
ESP_DOUR,2050,GRO,5.46
ESP_DOUR,2050,OSD,2.354
ESP_DOUR,2050,C_B,99.18
ESP_DOUR,2050,OTH_A,23.629
ESP_DOUR,2050,CEREAL,5.728
ESP_DOUR,2060,CROP_FLW,6.37
ESP_DOUR,2060,WHT,6.554
ESP_DOUR,2060,GRO,5.553
ESP_DOUR,2060,OSD,2.122
ESP_DOUR,2060,C_B,91.413
ESP_DOUR,2060,OTH_A,24.236
ESP_DOUR,2060,CEREAL,5.929
ESP_DOUR,2070,CROP_FLW,6.377
ESP_DOUR,2070,WHT,6.684
ESP_DOUR,2070,GRO,5.539
ESP_DOUR,2070,OSD,1.984
ESP_DOUR,2070,C_B,86.4
ESP_DOUR,2070,OTH_A,24.88
ESP_DOUR,2070,CEREAL,6.035
ESP_DOUR,2080,CROP_FLW,6.375
ESP_DOUR,2080,WHT,6.683
ESP_DOUR,2080,GRO,5.518
ESP_DOUR,2080,OSD,1.892
ESP_DOUR,2080,C_B,79.699
ESP_DOUR,2080,OTH_A,25.293
ESP_DOUR,2080,CEREAL,6.089
ESP_DOUR,2090,CROP_FLW,6.373
ESP_DOUR,2090,WHT,6.684
ESP_DOUR,2090,GRO,5.504
ESP_DOUR,2090,OSD,1.823
ESP_DOUR,2090,C_B,75.71
ESP_DOUR,2090,OTH_A,25.567
ESP_DOUR,2090,CEREAL,6.119
ESP_DOUR,2100,CROP_FLW,6.385
ESP_DOUR,2100,WHT,6.662
ESP_DOUR,2100,GRO,5.497
ESP_DOUR,2100,OSD,1.776
ESP_DOUR,2100,C_B,73.756
ESP_DOUR,2100,OTH_A,25.798
ESP_DOUR,2100,CEREAL,6.134
ESP_EBRO,2005,CROP_FLW,6.902
ESP_EBRO,2005,PDR,5.544
ESP_EBRO,2005,WHT,5.509
ESP_EBRO,2005,GRO,5.014
ESP_EBRO,2005,OSD,2.537
ESP_EBRO,2005,C_B,75.612
ESP_EBRO,2005,OTH_A,15.468
ESP_EBRO,2005,CEREAL,5.181
ESP_EBRO,2010,CROP_FLW,6.661
ESP_EBRO,2010,PDR,5.577
ESP_EBRO,2010,WHT,5.869
ESP_EBRO,2010,GRO,5.265
ESP_EBRO,2010,OSD,2.543
ESP_EBRO,2010,C_B,103.621
ESP_EBRO,2010,OTH_A,15.476
ESP_EBRO,2010,CEREAL,5.451
ESP_EBRO,2020,CROP_FLW,6.499
ESP_EBRO,2020,PDR,5.924
ESP_EBRO,2020,WHT,6.091
ESP_EBRO,2020,GRO,5.782
ESP_EBRO,2020,OSD,2.816
ESP_EBRO,2020,C_B,105.402
ESP_EBRO,2020,OTH_A,18.672
ESP_EBRO,2020,CEREAL,5.883
ESP_EBRO,2030,CROP_FLW,6.628
ESP_EBRO,2030,PDR,6.037
ESP_EBRO,2030,WHT,6.068
ESP_EBRO,2030,GRO,5.821
ESP_EBRO,2030,OSD,2.811
ESP_EBRO,2030,C_B,105.426
ESP_EBRO,2030,OTH_A,19.978
ESP_EBRO,2030,CEREAL,5.907
ESP_EBRO,2040,CROP_FLW,6.557
ESP_EBRO,2040,PDR,6.357
ESP_EBRO,2040,WHT,6.119
ESP_EBRO,2040,GRO,6.037
ESP_EBRO,2040,OSD,2.835
ESP_EBRO,2040,C_B,106.01
ESP_EBRO,2040,OTH_A,20.861
ESP_EBRO,2040,CEREAL,6.074
ESP_EBRO,2050,CROP_FLW,6.589
ESP_EBRO,2050,PDR,6.636
ESP_EBRO,2050,WHT,6.181
ESP_EBRO,2050,GRO,6.158
ESP_EBRO,2050,OSD,2.809
ESP_EBRO,2050,C_B,107.568
ESP_EBRO,2050,OTH_A,20.879
ESP_EBRO,2050,CEREAL,6.184
ESP_EBRO,2060,CROP_FLW,6.589
ESP_EBRO,2060,PDR,6.789
ESP_EBRO,2060,WHT,6.275
ESP_EBRO,2060,GRO,6.233
ESP_EBRO,2060,OSD,2.736
ESP_EBRO,2060,C_B,110.031
ESP_EBRO,2060,OTH_A,20.941
ESP_EBRO,2060,CEREAL,6.276
ESP_EBRO,2070,CROP_FLW,6.595
ESP_EBRO,2070,PDR,6.856
ESP_EBRO,2070,WHT,6.326
ESP_EBRO,2070,GRO,6.335
ESP_EBRO,2070,OSD,2.726
ESP_EBRO,2070,C_B,111.534
ESP_EBRO,2070,OTH_A,21.002
ESP_EBRO,2070,CEREAL,6.359
ESP_EBRO,2080,CROP_FLW,6.642
ESP_EBRO,2080,PDR,6.871
ESP_EBRO,2080,WHT,6.354
ESP_EBRO,2080,GRO,6.456
ESP_EBRO,2080,OSD,2.727
ESP_EBRO,2080,C_B,112.08
ESP_EBRO,2080,OTH_A,21.09
ESP_EBRO,2080,CEREAL,6.432
ESP_EBRO,2090,CROP_FLW,6.668
ESP_EBRO,2090,PDR,6.885
ESP_EBRO,2090,WHT,6.373
ESP_EBRO,2090,GRO,6.393
ESP_EBRO,2090,OSD,2.742
ESP_EBRO,2090,C_B,112.185
ESP_EBRO,2090,OTH_A,21.45
ESP_EBRO,2090,CEREAL,6.413
ESP_EBRO,2100,CROP_FLW,6.697
ESP_EBRO,2100,PDR,6.891
ESP_EBRO,2100,WHT,6.369
ESP_EBRO,2100,GRO,6.322
ESP_EBRO,2100,OSD,2.748
ESP_EBRO,2100,C_B,112.241
ESP_EBRO,2100,OTH_A,21.73
ESP_EBRO,2100,CEREAL,6.382
ESP_GUAD,2005,CROP_FLW,6.412
ESP_GUAD,2005,PDR,5.667
ESP_GUAD,2005,WHT,5.638
ESP_GUAD,2005,GRO,5.138
ESP_GUAD,2005,OSD,2.553
ESP_GUAD,2005,C_B,71.341
ESP_GUAD,2005,OTH_A,15.713
ESP_GUAD,2005,CEREAL,5.316
ESP_GUAD,2010,CROP_FLW,6.288
ESP_GUAD,2010,PDR,5.739
ESP_GUAD,2010,WHT,5.811
ESP_GUAD,2010,GRO,5.394
ESP_GUAD,2010,OSD,2.554
ESP_GUAD,2010,C_B,118.893
ESP_GUAD,2010,OTH_A,15.621
ESP_GUAD,2010,CEREAL,5.533
ESP_GUAD,2020,CROP_FLW,6.214
ESP_GUAD,2020,PDR,5.801
ESP_GUAD,2020,WHT,5.898
ESP_GUAD,2020,GRO,5.958
ESP_GUAD,2020,OSD,2.843
ESP_GUAD,2020,C_B,119.412
ESP_GUAD,2020,OTH_A,14.185
ESP_GUAD,2020,CEREAL,5.935
ESP_GUAD,2030,CROP_FLW,6.12
ESP_GUAD,2030,PDR,5.753
ESP_GUAD,2030,WHT,5.961
ESP_GUAD,2030,GRO,6.329
ESP_GUAD,2030,OSD,2.939
ESP_GUAD,2030,C_B,120.652
ESP_GUAD,2030,OTH_A,15.105
ESP_GUAD,2030,CEREAL,6.189
ESP_GUAD,2040,CROP_FLW,6.135
ESP_GUAD,2040,PDR,5.335
ESP_GUAD,2040,WHT,5.964
ESP_GUAD,2040,GRO,6.102
ESP_GUAD,2040,OSD,2.868
ESP_GUAD,2040,C_B,119.241
ESP_GUAD,2040,OTH_A,15.369
ESP_GUAD,2040,CEREAL,6.037
ESP_GUAD,2050,CROP_FLW,6.141
ESP_GUAD,2050,PDR,4.878
ESP_GUAD,2050,WHT,5.964
ESP_GUAD,2050,GRO,6.283
ESP_GUAD,2050,OSD,2.738
ESP_GUAD,2050,C_B,115.246
ESP_GUAD,2050,OTH_A,15.47
ESP_GUAD,2050,CEREAL,6.123
ESP_GUAD,2060,CROP_FLW,6.149
ESP_GUAD,2060,PDR,4.468
ESP_GUAD,2060,WHT,5.952
ESP_GUAD,2060,GRO,6.393
ESP_GUAD,2060,OSD,2.542
ESP_GUAD,2060,C_B,109.026
ESP_GUAD,2060,OTH_A,15.419
ESP_GUAD,2060,CEREAL,6.14
ESP_GUAD,2070,CROP_FLW,6.151
ESP_GUAD,2070,PDR,4.305
ESP_GUAD,2070,WHT,5.924
ESP_GUAD,2070,GRO,6.487
ESP_GUAD,2070,OSD,2.479
ESP_GUAD,2070,C_B,103.579
ESP_GUAD,2070,OTH_A,15.332
ESP_GUAD,2070,CEREAL,6.145
ESP_GUAD,2080,CROP_FLW,6.146
ESP_GUAD,2080,PDR,4.27
ESP_GUAD,2080,WHT,5.913
ESP_GUAD,2080,GRO,6.58
ESP_GUAD,2080,OSD,2.518
ESP_GUAD,2080,C_B,101.765
ESP_GUAD,2080,OTH_A,15.348
ESP_GUAD,2080,CEREAL,6.159
ESP_GUAD,2090,CROP_FLW,6.156
ESP_GUAD,2090,PDR,4.276
ESP_GUAD,2090,WHT,5.929
ESP_GUAD,2090,GRO,6.613
ESP_GUAD,2090,OSD,2.552
ESP_GUAD,2090,C_B,101.065
ESP_GUAD,2090,OTH_A,15.547
ESP_GUAD,2090,CEREAL,6.166
ESP_GUAD,2100,CROP_FLW,6.165
ESP_GUAD,2100,PDR,4.271
ESP_GUAD,2100,WHT,5.938
ESP_GUAD,2100,GRO,6.634
ESP_GUAD,2100,OSD,2.569
ESP_GUAD,2100,C_B,100.997
ESP_GUAD,2100,OTH_A,15.707
ESP_GUAD,2100,CEREAL,6.163
ESP_GUDA,2005,CROP_FLW,6.468
ESP_GUDA,2005,PDR,5.494
ESP_GUDA,2005,WHT,5.538
ESP_GUDA,2005,GRO,5.363
ESP_GUDA,2005,OSD,2.646
ESP_GUDA,2005,C_B,73.642
ESP_GUDA,2005,OTH_A,15.724
ESP_GUDA,2005,CEREAL,5.468
ESP_GUDA,2010,CROP_FLW,6.415
ESP_GUDA,2010,PDR,5.547
ESP_GUDA,2010,WHT,5.787
ESP_GUDA,2010,GRO,5.777
ESP_GUDA,2010,OSD,2.636
ESP_GUDA,2010,C_B,106.325
ESP_GUDA,2010,OTH_A,16.051
ESP_GUDA,2010,CEREAL,5.772
ESP_GUDA,2020,CROP_FLW,6.292
ESP_GUDA,2020,PDR,5.769
ESP_GUDA,2020,WHT,5.888
ESP_GUDA,2020,GRO,6.655
ESP_GUDA,2020,OSD,3.094
ESP_GUDA,2020,C_B,107.589
ESP_GUDA,2020,OTH_A,22.959
ESP_GUDA,2020,CEREAL,6.178
ESP_GUDA,2030,CROP_FLW,6.204
ESP_GUDA,2030,PDR,5.653
ESP_GUDA,2030,WHT,5.942
ESP_GUDA,2030,GRO,7.094
ESP_GUDA,2030,OSD,3.173
ESP_GUDA,2030,C_B,107.702
ESP_GUDA,2030,OTH_A,25.418
ESP_GUDA,2030,CEREAL,6.356
ESP_GUDA,2040,CROP_FLW,6.197
ESP_GUDA,2040,PDR,5.255
ESP_GUDA,2040,WHT,5.96
ESP_GUDA,2040,GRO,7.396
ESP_GUDA,2040,OSD,3.043
ESP_GUDA,2040,C_B,108.115
ESP_GUDA,2040,OTH_A,26.474
ESP_GUDA,2040,CEREAL,6.428
ESP_GUDA,2050,CROP_FLW,6.203
ESP_GUDA,2050,PDR,4.862
ESP_GUDA,2050,WHT,5.969
ESP_GUDA,2050,GRO,7.806
ESP_GUDA,2050,OSD,2.838
ESP_GUDA,2050,C_B,109.163
ESP_GUDA,2050,OTH_A,26.653
ESP_GUDA,2050,CEREAL,6.48
ESP_GUDA,2060,CROP_FLW,6.204
ESP_GUDA,2060,PDR,4.539
ESP_GUDA,2060,WHT,5.994
ESP_GUDA,2060,GRO,7.989
ESP_GUDA,2060,OSD,2.564
ESP_GUDA,2060,C_B,110.233
ESP_GUDA,2060,OTH_A,26.751
ESP_GUDA,2060,CEREAL,6.434
ESP_GUDA,2070,CROP_FLW,6.205
ESP_GUDA,2070,PDR,4.278
ESP_GUDA,2070,WHT,5.969
ESP_GUDA,2070,GRO,8.269
ESP_GUDA,2070,OSD,2.485
ESP_GUDA,2070,C_B,110.79
ESP_GUDA,2070,OTH_A,26.899
ESP_GUDA,2070,CEREAL,6.39
ESP_GUDA,2080,CROP_FLW,6.205
ESP_GUDA,2080,PDR,4.2
ESP_GUDA,2080,WHT,5.924
ESP_GUDA,2080,GRO,8.745
ESP_GUDA,2080,OSD,2.51
ESP_GUDA,2080,C_B,111.147
ESP_GUDA,2080,OTH_A,26.917
ESP_GUDA,2080,CEREAL,6.393
ESP_GUDA,2090,CROP_FLW,6.2
ESP_GUDA,2090,PDR,4.131
ESP_GUDA,2090,WHT,5.953
ESP_GUDA,2090,GRO,9.279
ESP_GUDA,2090,OSD,2.512
ESP_GUDA,2090,C_B,111.747
ESP_GUDA,2090,OTH_A,27.052
ESP_GUDA,2090,CEREAL,6.462
ESP_GUDA,2100,CROP_FLW,6.191
ESP_GUDA,2100,PDR,4.038
ESP_GUDA,2100,WHT,5.995
ESP_GUDA,2100,GRO,9.909
ESP_GUDA,2100,OSD,2.523
ESP_GUDA,2100,C_B,112.145
ESP_GUDA,2100,OTH_A,27.047
ESP_GUDA,2100,CEREAL,6.543
ESP_SPAC,2005,CROP_FLW,7.882
ESP_SPAC,2005,WHT,5.865
ESP_SPAC,2005,GRO,5.383
ESP_SPAC,2005,OTH_A,15.831
ESP_SPAC,2005,CEREAL,5.774
ESP_SPAC,2010,CROP_FLW,7.835
ESP_SPAC,2010,WHT,5.866
ESP_SPAC,2010,GRO,5.788
ESP_SPAC,2010,OTH_A,16.041
ESP_SPAC,2010,CEREAL,5.853
ESP_SPAC,2020,CROP_FLW,7.624
ESP_SPAC,2020,WHT,5.929
ESP_SPAC,2020,GRO,5.873
ESP_SPAC,2020,OTH_A,16.898
ESP_SPAC,2020,CEREAL,5.918
ESP_SPAC,2030,CROP_FLW,7.824
ESP_SPAC,2030,WHT,5.874
ESP_SPAC,2030,GRO,6.015
ESP_SPAC,2030,OTH_A,17.828
ESP_SPAC,2030,CEREAL,5.9
ESP_SPAC,2040,CROP_FLW,7.819
ESP_SPAC,2040,WHT,6.022
ESP_SPAC,2040,GRO,6.42
ESP_SPAC,2040,OTH_A,19.376
ESP_SPAC,2040,CEREAL,6.096
ESP_SPAC,2050,CROP_FLW,7.844
ESP_SPAC,2050,WHT,6.068
ESP_SPAC,2050,GRO,6.613
ESP_SPAC,2050,OTH_A,19.735
ESP_SPAC,2050,CEREAL,6.168
ESP_SPAC,2060,CROP_FLW,7.713
ESP_SPAC,2060,WHT,6.106
ESP_SPAC,2060,GRO,6.776
ESP_SPAC,2060,OTH_A,19.767
ESP_SPAC,2060,CEREAL,6.224
ESP_SPAC,2070,CROP_FLW,7.695
ESP_SPAC,2070,WHT,6.124
ESP_SPAC,2070,GRO,6.949
ESP_SPAC,2070,OTH_A,19.917
ESP_SPAC,2070,CEREAL,6.254
ESP_SPAC,2080,CROP_FLW,7.671
ESP_SPAC,2080,WHT,6.147
ESP_SPAC,2080,GRO,7.063
ESP_SPAC,2080,OTH_A,20.038
ESP_SPAC,2080,CEREAL,6.277
ESP_SPAC,2090,CROP_FLW,7.638
ESP_SPAC,2090,WHT,6.19
ESP_SPAC,2090,GRO,7.18
ESP_SPAC,2090,OTH_A,20.126
ESP_SPAC,2090,CEREAL,6.323
ESP_SPAC,2100,CROP_FLW,7.728
ESP_SPAC,2100,WHT,6.22
ESP_SPAC,2100,GRO,7.247
ESP_SPAC,2100,OTH_A,20.222
ESP_SPAC,2100,CEREAL,6.354
ESP_SSEC,2005,CROP_FLW,6.29
ESP_SSEC,2005,PDR,6.133
ESP_SSEC,2005,WHT,5.641
ESP_SSEC,2005,GRO,4.908
ESP_SSEC,2005,OSD,2.509
ESP_SSEC,2005,C_B,74.075
ESP_SSEC,2005,OTH_A,16.301
ESP_SSEC,2005,CEREAL,5.173
ESP_SSEC,2010,CROP_FLW,6.305
ESP_SSEC,2010,PDR,6.202
ESP_SSEC,2010,WHT,5.756
ESP_SSEC,2010,GRO,5.079
ESP_SSEC,2010,OSD,2.526
ESP_SSEC,2010,C_B,115.535
ESP_SSEC,2010,OTH_A,17.056
ESP_SSEC,2010,CEREAL,5.314
ESP_SSEC,2020,CROP_FLW,6.229
ESP_SSEC,2020,PDR,6.625
ESP_SSEC,2020,WHT,6.001
ESP_SSEC,2020,GRO,5.837
ESP_SSEC,2020,OSD,3.008
ESP_SSEC,2020,C_B,116.301
ESP_SSEC,2020,OTH_A,24.545
ESP_SSEC,2020,CEREAL,5.923
ESP_SSEC,2030,CROP_FLW,6.314
ESP_SSEC,2030,PDR,6.56
ESP_SSEC,2030,WHT,5.949
ESP_SSEC,2030,GRO,5.847
ESP_SSEC,2030,OSD,3.025
ESP_SSEC,2030,C_B,116.965
ESP_SSEC,2030,OTH_A,27.643
ESP_SSEC,2030,CEREAL,5.918
ESP_SSEC,2040,CROP_FLW,6.338
ESP_SSEC,2040,PDR,6.266
ESP_SSEC,2040,WHT,5.981
ESP_SSEC,2040,GRO,5.49
ESP_SSEC,2040,OSD,3.053
ESP_SSEC,2040,C_B,116.293
ESP_SSEC,2040,OTH_A,29.21
ESP_SSEC,2040,CEREAL,5.693
ESP_SSEC,2050,CROP_FLW,6.338
ESP_SSEC,2050,PDR,5.874
ESP_SSEC,2050,WHT,5.982
ESP_SSEC,2050,GRO,5.53
ESP_SSEC,2050,OSD,3.003
ESP_SSEC,2050,C_B,113.484
ESP_SSEC,2050,OTH_A,29.788
ESP_SSEC,2050,CEREAL,5.706
ESP_SSEC,2060,CROP_FLW,6.302
ESP_SSEC,2060,PDR,5.556
ESP_SSEC,2060,WHT,6.062
ESP_SSEC,2060,GRO,5.774
ESP_SSEC,2060,OSD,3.267
ESP_SSEC,2060,C_B,108.345
ESP_SSEC,2060,OTH_A,29.86
ESP_SSEC,2060,CEREAL,5.847
ESP_SSEC,2070,CROP_FLW,6.296
ESP_SSEC,2070,PDR,5.45
ESP_SSEC,2070,WHT,6.088
ESP_SSEC,2070,GRO,5.97
ESP_SSEC,2070,OSD,3.238
ESP_SSEC,2070,C_B,104.676
ESP_SSEC,2070,OTH_A,29.932
ESP_SSEC,2070,CEREAL,5.942
ESP_SSEC,2080,CROP_FLW,6.289
ESP_SSEC,2080,PDR,5.435
ESP_SSEC,2080,WHT,6.145
ESP_SSEC,2080,GRO,6.131
ESP_SSEC,2080,OSD,3.309
ESP_SSEC,2080,C_B,102.891
ESP_SSEC,2080,OTH_A,29.958
ESP_SSEC,2080,CEREAL,6.036
ESP_SSEC,2090,CROP_FLW,6.301
ESP_SSEC,2090,PDR,5.461
ESP_SSEC,2090,WHT,6.18
ESP_SSEC,2090,GRO,6.254
ESP_SSEC,2090,OSD,3.388
ESP_SSEC,2090,C_B,102.224
ESP_SSEC,2090,OTH_A,30.639
ESP_SSEC,2090,CEREAL,6.103
ESP_SSEC,2100,CROP_FLW,6.334
ESP_SSEC,2100,PDR,5.483
ESP_SSEC,2100,WHT,6.21
ESP_SSEC,2100,GRO,6.166
ESP_SSEC,2100,OSD,3.481
ESP_SSEC,2100,C_B,102.911
ESP_SSEC,2100,OTH_A,31.276
ESP_SSEC,2100,CEREAL,6.073
ESP_TAGU,2005,CROP_FLW,6.636
ESP_TAGU,2005,PDR,6.083
ESP_TAGU,2005,WHT,5.443
ESP_TAGU,2005,GRO,4.785
ESP_TAGU,2005,OSD,2.391
ESP_TAGU,2005,C_B,76.637
ESP_TAGU,2005,OTH_A,14.9
ESP_TAGU,2005,CEREAL,4.98
ESP_TAGU,2010,CROP_FLW,6.565
ESP_TAGU,2010,PDR,6.152
ESP_TAGU,2010,WHT,5.547
ESP_TAGU,2010,GRO,4.91
ESP_TAGU,2010,OSD,2.39
ESP_TAGU,2010,C_B,132.248
ESP_TAGU,2010,OTH_A,15.086
ESP_TAGU,2010,CEREAL,5.087
ESP_TAGU,2020,CROP_FLW,6.359
ESP_TAGU,2020,PDR,6.475
ESP_TAGU,2020,WHT,5.692
ESP_TAGU,2020,GRO,5.419
ESP_TAGU,2020,OSD,2.622
ESP_TAGU,2020,C_B,137.759
ESP_TAGU,2020,OTH_A,22.676
ESP_TAGU,2020,CEREAL,5.505
ESP_TAGU,2030,CROP_FLW,6.23
ESP_TAGU,2030,PDR,6.447
ESP_TAGU,2030,WHT,5.815
ESP_TAGU,2030,GRO,5.652
ESP_TAGU,2030,OSD,2.704
ESP_TAGU,2030,C_B,139.746
ESP_TAGU,2030,OTH_A,25.617
ESP_TAGU,2030,CEREAL,5.707
ESP_TAGU,2040,CROP_FLW,6.17
ESP_TAGU,2040,PDR,5.972
ESP_TAGU,2040,WHT,5.9
ESP_TAGU,2040,GRO,5.946
ESP_TAGU,2040,OSD,2.69
ESP_TAGU,2040,C_B,139.759
ESP_TAGU,2040,OTH_A,27.552
ESP_TAGU,2040,CEREAL,5.932
ESP_TAGU,2050,CROP_FLW,6.197
ESP_TAGU,2050,PDR,5.53
ESP_TAGU,2050,WHT,5.906
ESP_TAGU,2050,GRO,6.136
ESP_TAGU,2050,OSD,2.639
ESP_TAGU,2050,C_B,135.662
ESP_TAGU,2050,OTH_A,28.345
ESP_TAGU,2050,CEREAL,6.05
ESP_TAGU,2060,CROP_FLW,6.201
ESP_TAGU,2060,PDR,5.139
ESP_TAGU,2060,WHT,6.038
ESP_TAGU,2060,GRO,6.241
ESP_TAGU,2060,OSD,2.54
ESP_TAGU,2060,C_B,127.631
ESP_TAGU,2060,OTH_A,28.493
ESP_TAGU,2060,CEREAL,6.146
ESP_TAGU,2070,CROP_FLW,6.2
ESP_TAGU,2070,PDR,4.985
ESP_TAGU,2070,WHT,6.124
ESP_TAGU,2070,GRO,6.452
ESP_TAGU,2070,OSD,2.498
ESP_TAGU,2070,C_B,122.478
ESP_TAGU,2070,OTH_A,28.622
ESP_TAGU,2070,CEREAL,6.288
ESP_TAGU,2080,CROP_FLW,6.217
ESP_TAGU,2080,PDR,4.987
ESP_TAGU,2080,WHT,6.127
ESP_TAGU,2080,GRO,6.471
ESP_TAGU,2080,OSD,2.496
ESP_TAGU,2080,C_B,120.589
ESP_TAGU,2080,OTH_A,29.384
ESP_TAGU,2080,CEREAL,6.285
ESP_TAGU,2090,CROP_FLW,6.225
ESP_TAGU,2090,PDR,5.014
ESP_TAGU,2090,WHT,6.199
ESP_TAGU,2090,GRO,5.897
ESP_TAGU,2090,OSD,2.518
ESP_TAGU,2090,C_B,115.854
ESP_TAGU,2090,OTH_A,30.367
ESP_TAGU,2090,CEREAL,6.015
ESP_TAGU,2100,CROP_FLW,6.23
ESP_TAGU,2100,PDR,4.962
ESP_TAGU,2100,WHT,6.29
ESP_TAGU,2100,GRO,5.411
ESP_TAGU,2100,OSD,2.541
ESP_TAGU,2100,C_B,110.036
ESP_TAGU,2100,OTH_A,31.101
ESP_TAGU,2100,CEREAL,5.82
EST_BSCC,2005,CROP_FLW,4.433
EST_BSCC,2005,WHT,5.876
EST_BSCC,2005,GRO,4.832
EST_BSCC,2005,OSD,2.495
EST_BSCC,2005,OTH_A,15.28
EST_BSCC,2005,CEREAL,5.131
EST_BSCC,2010,CROP_FLW,4.036
EST_BSCC,2010,WHT,6.241
EST_BSCC,2010,GRO,5.312
EST_BSCC,2010,OSD,2.502
EST_BSCC,2010,OTH_A,15.511
EST_BSCC,2010,CEREAL,5.699
EST_BSCC,2020,CROP_FLW,4.158
EST_BSCC,2020,WHT,6.216
EST_BSCC,2020,GRO,5.349
EST_BSCC,2020,OSD,2.51
EST_BSCC,2020,OTH_A,16.085
EST_BSCC,2020,CEREAL,5.756
EST_BSCC,2030,CROP_FLW,4.166
EST_BSCC,2030,WHT,6.215
EST_BSCC,2030,GRO,5.38
EST_BSCC,2030,OSD,2.511
EST_BSCC,2030,OTH_A,16.136
EST_BSCC,2030,CEREAL,5.781
EST_BSCC,2040,CROP_FLW,4.175
EST_BSCC,2040,WHT,6.212
EST_BSCC,2040,GRO,5.396
EST_BSCC,2040,OSD,2.51
EST_BSCC,2040,OTH_A,16.246
EST_BSCC,2040,CEREAL,5.797
EST_BSCC,2050,CROP_FLW,4.189
EST_BSCC,2050,WHT,6.206
EST_BSCC,2050,GRO,5.427
EST_BSCC,2050,OSD,2.515
EST_BSCC,2050,OTH_A,16.362
EST_BSCC,2050,CEREAL,5.825
EST_BSCC,2060,CROP_FLW,4.197
EST_BSCC,2060,WHT,6.198
EST_BSCC,2060,GRO,5.456
EST_BSCC,2060,OSD,2.519
EST_BSCC,2060,OTH_A,16.434
EST_BSCC,2060,CEREAL,5.853
EST_BSCC,2070,CROP_FLW,4.207
EST_BSCC,2070,WHT,6.193
EST_BSCC,2070,GRO,5.5
EST_BSCC,2070,OSD,2.521
EST_BSCC,2070,OTH_A,16.467
EST_BSCC,2070,CEREAL,5.887
EST_BSCC,2080,CROP_FLW,4.214
EST_BSCC,2080,WHT,6.19
EST_BSCC,2080,GRO,5.558
EST_BSCC,2080,OSD,2.52
EST_BSCC,2080,OTH_A,16.544
EST_BSCC,2080,CEREAL,5.927
EST_BSCC,2090,CROP_FLW,4.226
EST_BSCC,2090,WHT,6.19
EST_BSCC,2090,GRO,5.615
EST_BSCC,2090,OSD,2.52
EST_BSCC,2090,OTH_A,16.577
EST_BSCC,2090,CEREAL,5.96
EST_BSCC,2100,CROP_FLW,4.234
EST_BSCC,2100,WHT,6.189
EST_BSCC,2100,GRO,5.666
EST_BSCC,2100,OSD,2.52
EST_BSCC,2100,OTH_A,16.635
EST_BSCC,2100,CEREAL,5.988
EST_NARV,2005,CROP_FLW,4.078
EST_NARV,2005,WHT,5.765
EST_NARV,2005,GRO,4.743
EST_NARV,2005,OSD,2.5
EST_NARV,2005,OTH_A,15.228
EST_NARV,2005,CEREAL,5.041
EST_NARV,2010,CROP_FLW,3.922
EST_NARV,2010,WHT,6.306
EST_NARV,2010,GRO,5.047
EST_NARV,2010,OSD,2.501
EST_NARV,2010,OTH_A,15.515
EST_NARV,2010,CEREAL,5.57
EST_NARV,2020,CROP_FLW,4.005
EST_NARV,2020,WHT,6.326
EST_NARV,2020,GRO,5.068
EST_NARV,2020,OSD,2.524
EST_NARV,2020,OTH_A,16.815
EST_NARV,2020,CEREAL,5.667
EST_NARV,2030,CROP_FLW,3.996
EST_NARV,2030,WHT,6.322
EST_NARV,2030,GRO,5.085
EST_NARV,2030,OSD,2.524
EST_NARV,2030,OTH_A,16.853
EST_NARV,2030,CEREAL,5.687
EST_NARV,2040,CROP_FLW,3.996
EST_NARV,2040,WHT,6.333
EST_NARV,2040,GRO,5.086
EST_NARV,2040,OSD,2.523
EST_NARV,2040,OTH_A,16.945
EST_NARV,2040,CEREAL,5.704
EST_NARV,2050,CROP_FLW,4.002
EST_NARV,2050,WHT,6.323
EST_NARV,2050,GRO,5.098
EST_NARV,2050,OSD,2.523
EST_NARV,2050,OTH_A,17.027
EST_NARV,2050,CEREAL,5.732
EST_NARV,2060,CROP_FLW,4.008
EST_NARV,2060,WHT,6.308
EST_NARV,2060,GRO,5.108
EST_NARV,2060,OSD,2.52
EST_NARV,2060,OTH_A,17.084
EST_NARV,2060,CEREAL,5.758
EST_NARV,2070,CROP_FLW,4.012
EST_NARV,2070,WHT,6.296
EST_NARV,2070,GRO,5.135
EST_NARV,2070,OSD,2.519
EST_NARV,2070,OTH_A,17.072
EST_NARV,2070,CEREAL,5.797
EST_NARV,2080,CROP_FLW,4.032
EST_NARV,2080,WHT,6.29
EST_NARV,2080,GRO,5.165
EST_NARV,2080,OSD,2.517
EST_NARV,2080,OTH_A,17.103
EST_NARV,2080,CEREAL,5.836
EST_NARV,2090,CROP_FLW,4.042
EST_NARV,2090,WHT,6.286
EST_NARV,2090,GRO,5.195
EST_NARV,2090,OSD,2.517
EST_NARV,2090,OTH_A,17.094
EST_NARV,2090,CEREAL,5.866
EST_NARV,2100,CROP_FLW,4.046
EST_NARV,2100,WHT,6.281
EST_NARV,2100,GRO,5.215
EST_NARV,2100,OSD,2.515
EST_NARV,2100,OTH_A,17.031
EST_NARV,2100,CEREAL,5.887
ETH_ARGA,2005,CROP_FLW,5.158
ETH_ARGA,2005,OTH_A,0.794
ETH_ARGA,2010,CROP_FLW,5.158
ETH_ARGA,2010,OTH_A,1.112
ETH_ARGA,2020,CROP_FLW,5.149
ETH_ARGA,2020,OTH_A,1.546
ETH_ARGA,2030,CROP_FLW,5.15
ETH_ARGA,2030,OTH_A,1.559
ETH_ARGA,2040,CROP_FLW,5.15
ETH_ARGA,2040,OTH_A,1.565
ETH_ARGA,2050,CROP_FLW,5.147
ETH_ARGA,2050,OTH_A,1.587
ETH_ARGA,2060,CROP_FLW,5.149
ETH_ARGA,2060,OTH_A,1.662
ETH_ARGA,2070,CROP_FLW,5.151
ETH_ARGA,2070,OTH_A,1.717
ETH_ARGA,2080,CROP_FLW,5.151
ETH_ARGA,2080,OTH_A,1.736
ETH_ARGA,2090,CROP_FLW,5.144
ETH_ARGA,2090,OTH_A,1.762
ETH_ARGA,2100,CROP_FLW,5.134
ETH_ARGA,2100,OTH_A,1.853
ETH_NILE,2005,CROP_FLW,5.643
ETH_NILE,2005,PDR,1.757
ETH_NILE,2005,WHT,2.588
ETH_NILE,2005,GRO,1.163
ETH_NILE,2005,OSD,0.956
ETH_NILE,2005,C_B,47.699
ETH_NILE,2005,OTH_A,0.919
ETH_NILE,2005,CEREAL,1.365
ETH_NILE,2010,CROP_FLW,5.643
ETH_NILE,2010,PDR,2.512
ETH_NILE,2010,WHT,3.009
ETH_NILE,2010,GRO,1.259
ETH_NILE,2010,OSD,0.973
ETH_NILE,2010,C_B,60.971
ETH_NILE,2010,OTH_A,1.065
ETH_NILE,2010,CEREAL,1.51
ETH_NILE,2020,CROP_FLW,5.957
ETH_NILE,2020,PDR,2.58
ETH_NILE,2020,WHT,3.262
ETH_NILE,2020,GRO,1.315
ETH_NILE,2020,OSD,1.028
ETH_NILE,2020,C_B,107.522
ETH_NILE,2020,OTH_A,1.162
ETH_NILE,2020,CEREAL,1.595
ETH_NILE,2030,CROP_FLW,5.957
ETH_NILE,2030,PDR,2.601
ETH_NILE,2030,WHT,3.486
ETH_NILE,2030,GRO,1.385
ETH_NILE,2030,OSD,1.068
ETH_NILE,2030,C_B,122.375
ETH_NILE,2030,OTH_A,1.228
ETH_NILE,2030,CEREAL,1.696
ETH_NILE,2040,CROP_FLW,5.958
ETH_NILE,2040,PDR,2.618
ETH_NILE,2040,WHT,3.616
ETH_NILE,2040,GRO,1.391
ETH_NILE,2040,OSD,1.093
ETH_NILE,2040,C_B,137.476
ETH_NILE,2040,OTH_A,1.263
ETH_NILE,2040,CEREAL,1.737
ETH_NILE,2050,CROP_FLW,6.127
ETH_NILE,2050,PDR,2.62
ETH_NILE,2050,WHT,3.597
ETH_NILE,2050,GRO,1.471
ETH_NILE,2050,OSD,1.094
ETH_NILE,2050,C_B,142.225
ETH_NILE,2050,OTH_A,1.292
ETH_NILE,2050,CEREAL,1.831
ETH_NILE,2060,CROP_FLW,6.111
ETH_NILE,2060,PDR,2.631
ETH_NILE,2060,WHT,3.691
ETH_NILE,2060,GRO,1.513
ETH_NILE,2060,OSD,1.107
ETH_NILE,2060,C_B,151.414
ETH_NILE,2060,OTH_A,1.317
ETH_NILE,2060,CEREAL,1.928
ETH_NILE,2070,CROP_FLW,5.657
ETH_NILE,2070,PDR,2.64
ETH_NILE,2070,WHT,3.835
ETH_NILE,2070,GRO,1.539
ETH_NILE,2070,OSD,1.124
ETH_NILE,2070,C_B,162.626
ETH_NILE,2070,OTH_A,1.329
ETH_NILE,2070,CEREAL,2.057
ETH_NILE,2080,CROP_FLW,5.266
ETH_NILE,2080,PDR,2.64
ETH_NILE,2080,WHT,3.945
ETH_NILE,2080,GRO,1.558
ETH_NILE,2080,OSD,1.134
ETH_NILE,2080,C_B,172.291
ETH_NILE,2080,OTH_A,1.336
ETH_NILE,2080,CEREAL,2.192
ETH_NILE,2090,CROP_FLW,5.336
ETH_NILE,2090,PDR,2.64
ETH_NILE,2090,WHT,4.018
ETH_NILE,2090,GRO,1.577
ETH_NILE,2090,OSD,1.141
ETH_NILE,2090,C_B,179.556
ETH_NILE,2090,OTH_A,1.334
ETH_NILE,2090,CEREAL,2.332
ETH_NILE,2100,CROP_FLW,5.229
ETH_NILE,2100,PDR,2.638
ETH_NILE,2100,WHT,4.056
ETH_NILE,2100,GRO,1.617
ETH_NILE,2100,OSD,1.141
ETH_NILE,2100,C_B,181.853
ETH_NILE,2100,OTH_A,1.329
ETH_NILE,2100,CEREAL,2.483
ETH_RIFT,2005,CROP_FLW,5.066
ETH_RIFT,2005,PDR,1.713
ETH_RIFT,2005,WHT,2.471
ETH_RIFT,2005,GRO,1.105
ETH_RIFT,2005,OSD,0.963
ETH_RIFT,2005,C_B,64.918
ETH_RIFT,2005,OTH_A,0.891
ETH_RIFT,2005,CEREAL,1.465
ETH_RIFT,2010,CROP_FLW,5.066
ETH_RIFT,2010,PDR,2.238
ETH_RIFT,2010,WHT,2.747
ETH_RIFT,2010,GRO,1.182
ETH_RIFT,2010,OSD,0.973
ETH_RIFT,2010,C_B,70.913
ETH_RIFT,2010,OTH_A,1.043
ETH_RIFT,2010,CEREAL,1.602
ETH_RIFT,2020,CROP_FLW,5.84
ETH_RIFT,2020,PDR,2.583
ETH_RIFT,2020,WHT,2.919
ETH_RIFT,2020,GRO,1.227
ETH_RIFT,2020,OSD,1.002
ETH_RIFT,2020,C_B,92.349
ETH_RIFT,2020,OTH_A,1.131
ETH_RIFT,2020,CEREAL,1.691
ETH_RIFT,2030,CROP_FLW,5.842
ETH_RIFT,2030,PDR,2.616
ETH_RIFT,2030,WHT,3.009
ETH_RIFT,2030,GRO,1.23
ETH_RIFT,2030,OSD,1.012
ETH_RIFT,2030,C_B,101.102
ETH_RIFT,2030,OTH_A,1.139
ETH_RIFT,2030,CEREAL,1.733
ETH_RIFT,2040,CROP_FLW,5.849
ETH_RIFT,2040,PDR,2.505
ETH_RIFT,2040,WHT,3.086
ETH_RIFT,2040,GRO,1.243
ETH_RIFT,2040,OSD,1.032
ETH_RIFT,2040,C_B,112.533
ETH_RIFT,2040,OTH_A,1.155
ETH_RIFT,2040,CEREAL,1.781
ETH_RIFT,2050,CROP_FLW,6.002
ETH_RIFT,2050,PDR,2.613
ETH_RIFT,2050,WHT,3.135
ETH_RIFT,2050,GRO,1.234
ETH_RIFT,2050,OSD,1.036
ETH_RIFT,2050,C_B,120.314
ETH_RIFT,2050,OTH_A,1.168
ETH_RIFT,2050,CEREAL,1.835
ETH_RIFT,2060,CROP_FLW,6.538
ETH_RIFT,2060,PDR,2.707
ETH_RIFT,2060,WHT,3.154
ETH_RIFT,2060,GRO,1.238
ETH_RIFT,2060,OSD,1.035
ETH_RIFT,2060,C_B,125.133
ETH_RIFT,2060,OTH_A,1.177
ETH_RIFT,2060,CEREAL,1.914
ETH_RIFT,2070,CROP_FLW,6.598
ETH_RIFT,2070,PDR,2.604
ETH_RIFT,2070,WHT,3.166
ETH_RIFT,2070,GRO,1.233
ETH_RIFT,2070,OSD,1.032
ETH_RIFT,2070,C_B,129.123
ETH_RIFT,2070,OTH_A,1.177
ETH_RIFT,2070,CEREAL,2.001
ETH_RIFT,2080,CROP_FLW,6.871
ETH_RIFT,2080,PDR,2.53
ETH_RIFT,2080,WHT,3.166
ETH_RIFT,2080,GRO,1.227
ETH_RIFT,2080,OSD,1.031
ETH_RIFT,2080,C_B,132.71
ETH_RIFT,2080,OTH_A,1.176
ETH_RIFT,2080,CEREAL,2.098
ETH_RIFT,2090,CROP_FLW,6.345
ETH_RIFT,2090,PDR,2.504
ETH_RIFT,2090,WHT,3.142
ETH_RIFT,2090,GRO,1.229
ETH_RIFT,2090,OSD,1.031
ETH_RIFT,2090,C_B,135.729
ETH_RIFT,2090,OTH_A,1.174
ETH_RIFT,2090,CEREAL,2.199
ETH_RIFT,2100,CROP_FLW,6.39
ETH_RIFT,2100,PDR,2.527
ETH_RIFT,2100,WHT,3.141
ETH_RIFT,2100,GRO,1.269
ETH_RIFT,2100,OSD,1.03
ETH_RIFT,2100,C_B,136.838
ETH_RIFT,2100,OTH_A,1.175
ETH_RIFT,2100,CEREAL,2.295
ETH_SHJU,2005,CROP_FLW,5.432
ETH_SHJU,2005,PDR,1.703
ETH_SHJU,2005,WHT,2.389
ETH_SHJU,2005,GRO,1.023
ETH_SHJU,2005,OSD,0.904
ETH_SHJU,2005,C_B,62.608
ETH_SHJU,2005,OTH_A,0.886
ETH_SHJU,2005,CEREAL,1.421
ETH_SHJU,2010,CROP_FLW,5.432
ETH_SHJU,2010,PDR,2.869
ETH_SHJU,2010,WHT,2.704
ETH_SHJU,2010,GRO,1.077
ETH_SHJU,2010,OSD,0.928
ETH_SHJU,2010,C_B,65.793
ETH_SHJU,2010,OTH_A,0.849
ETH_SHJU,2010,CEREAL,1.566
ETH_SHJU,2020,CROP_FLW,6.518
ETH_SHJU,2020,PDR,3.021
ETH_SHJU,2020,WHT,2.942
ETH_SHJU,2020,GRO,1.115
ETH_SHJU,2020,OSD,1.018
ETH_SHJU,2020,C_B,76.964
ETH_SHJU,2020,OTH_A,0.903
ETH_SHJU,2020,CEREAL,1.685
ETH_SHJU,2030,CROP_FLW,6.505
ETH_SHJU,2030,PDR,3.049
ETH_SHJU,2030,WHT,3.167
ETH_SHJU,2030,GRO,1.174
ETH_SHJU,2030,OSD,1.103
ETH_SHJU,2030,C_B,82.006
ETH_SHJU,2030,OTH_A,1.005
ETH_SHJU,2030,CEREAL,1.814
ETH_SHJU,2040,CROP_FLW,6.497
ETH_SHJU,2040,PDR,3.076
ETH_SHJU,2040,WHT,3.183
ETH_SHJU,2040,GRO,1.156
ETH_SHJU,2040,OSD,1.132
ETH_SHJU,2040,C_B,88.608
ETH_SHJU,2040,OTH_A,0.957
ETH_SHJU,2040,CEREAL,1.844
ETH_SHJU,2050,CROP_FLW,6.396
ETH_SHJU,2050,PDR,3.085
ETH_SHJU,2050,WHT,3.231
ETH_SHJU,2050,GRO,1.188
ETH_SHJU,2050,OSD,1.165
ETH_SHJU,2050,C_B,91.992
ETH_SHJU,2050,OTH_A,0.986
ETH_SHJU,2050,CEREAL,1.942
ETH_SHJU,2060,CROP_FLW,6.616
ETH_SHJU,2060,PDR,3.096
ETH_SHJU,2060,WHT,3.251
ETH_SHJU,2060,GRO,1.22
ETH_SHJU,2060,OSD,1.19
ETH_SHJU,2060,C_B,94.434
ETH_SHJU,2060,OTH_A,0.989
ETH_SHJU,2060,CEREAL,2.058
ETH_SHJU,2070,CROP_FLW,6.933
ETH_SHJU,2070,PDR,3.014
ETH_SHJU,2070,WHT,3.207
ETH_SHJU,2070,GRO,1.25
ETH_SHJU,2070,OSD,1.203
ETH_SHJU,2070,C_B,96.618
ETH_SHJU,2070,OTH_A,0.986
ETH_SHJU,2070,CEREAL,2.172
ETH_SHJU,2080,CROP_FLW,7.528
ETH_SHJU,2080,PDR,2.975
ETH_SHJU,2080,WHT,3.15
ETH_SHJU,2080,GRO,1.285
ETH_SHJU,2080,OSD,1.216
ETH_SHJU,2080,C_B,98.381
ETH_SHJU,2080,OTH_A,0.984
ETH_SHJU,2080,CEREAL,2.281
ETH_SHJU,2090,CROP_FLW,7.583
ETH_SHJU,2090,PDR,2.897
ETH_SHJU,2090,WHT,3.021
ETH_SHJU,2090,GRO,1.324
ETH_SHJU,2090,OSD,1.18
ETH_SHJU,2090,C_B,100.301
ETH_SHJU,2090,OTH_A,0.958
ETH_SHJU,2090,CEREAL,2.352
ETH_SHJU,2100,CROP_FLW,6.688
ETH_SHJU,2100,PDR,2.926
ETH_SHJU,2100,WHT,3.284
ETH_SHJU,2100,GRO,1.389
ETH_SHJU,2100,OSD,1.227
ETH_SHJU,2100,C_B,102.546
ETH_SHJU,2100,OTH_A,1.035
ETH_SHJU,2100,CEREAL,2.639
FIN_FINL,2005,CROP_FLW,4.454
FIN_FINL,2005,WHT,5.641
FIN_FINL,2005,GRO,4.94
FIN_FINL,2005,OSD,2.494
FIN_FINL,2005,C_B,71.489
FIN_FINL,2005,OTH_A,15.013
FIN_FINL,2005,CEREAL,5.064
FIN_FINL,2010,CROP_FLW,4.066
FIN_FINL,2010,WHT,5.814
FIN_FINL,2010,GRO,5.057
FIN_FINL,2010,OSD,2.559
FIN_FINL,2010,C_B,84.625
FIN_FINL,2010,OTH_A,16.027
FIN_FINL,2010,CEREAL,5.22
FIN_FINL,2020,CROP_FLW,4.092
FIN_FINL,2020,WHT,6.091
FIN_FINL,2020,GRO,5.143
FIN_FINL,2020,OSD,2.754
FIN_FINL,2020,C_B,86.258
FIN_FINL,2020,OTH_A,17.966
FIN_FINL,2020,CEREAL,5.371
FIN_FINL,2030,CROP_FLW,4.053
FIN_FINL,2030,WHT,6.118
FIN_FINL,2030,GRO,5.173
FIN_FINL,2030,OSD,2.759
FIN_FINL,2030,C_B,86.877
FIN_FINL,2030,OTH_A,18.256
FIN_FINL,2030,CEREAL,5.408
FIN_FINL,2040,CROP_FLW,4.044
FIN_FINL,2040,WHT,6.133
FIN_FINL,2040,GRO,5.183
FIN_FINL,2040,OSD,2.733
FIN_FINL,2040,C_B,87.736
FIN_FINL,2040,OTH_A,18.284
FIN_FINL,2040,CEREAL,5.419
FIN_FINL,2050,CROP_FLW,4.029
FIN_FINL,2050,WHT,6.18
FIN_FINL,2050,GRO,5.204
FIN_FINL,2050,OSD,2.694
FIN_FINL,2050,C_B,88.451
FIN_FINL,2050,OTH_A,18.322
FIN_FINL,2050,CEREAL,5.463
FIN_FINL,2060,CROP_FLW,4.029
FIN_FINL,2060,WHT,6.227
FIN_FINL,2060,GRO,5.227
FIN_FINL,2060,OSD,2.662
FIN_FINL,2060,C_B,89.139
FIN_FINL,2060,OTH_A,18.344
FIN_FINL,2060,CEREAL,5.522
FIN_FINL,2070,CROP_FLW,4.037
FIN_FINL,2070,WHT,6.239
FIN_FINL,2070,GRO,5.247
FIN_FINL,2070,OSD,2.634
FIN_FINL,2070,C_B,89.809
FIN_FINL,2070,OTH_A,18.364
FIN_FINL,2070,CEREAL,5.581
FIN_FINL,2080,CROP_FLW,4.068
FIN_FINL,2080,WHT,6.227
FIN_FINL,2080,GRO,5.272
FIN_FINL,2080,OSD,2.612
FIN_FINL,2080,C_B,90.462
FIN_FINL,2080,OTH_A,18.517
FIN_FINL,2080,CEREAL,5.642
FIN_FINL,2090,CROP_FLW,4.102
FIN_FINL,2090,WHT,6.208
FIN_FINL,2090,GRO,5.296
FIN_FINL,2090,OSD,2.593
FIN_FINL,2090,C_B,90.985
FIN_FINL,2090,OTH_A,18.813
FIN_FINL,2090,CEREAL,5.697
FIN_FINL,2100,CROP_FLW,4.153
FIN_FINL,2100,WHT,6.223
FIN_FINL,2100,GRO,5.315
FIN_FINL,2100,OSD,2.592
FIN_FINL,2100,C_B,91.578
FIN_FINL,2100,OTH_A,19.17
FIN_FINL,2100,CEREAL,5.751
FIN_SNCC,2005,CROP_FLW,1.81
FIN_SNCC,2010,CROP_FLW,1.81
FIN_SNCC,2020,CROP_FLW,1.81
FIN_SNCC,2030,CROP_FLW,1.81
FIN_SNCC,2040,CROP_FLW,1.81
FIN_SNCC,2050,CROP_FLW,1.81
FIN_SNCC,2060,CROP_FLW,1.81
FIN_SNCC,2070,CROP_FLW,1.81
FIN_SNCC,2080,CROP_FLW,1.81
FIN_SNCC,2090,CROP_FLW,1.81
FIN_SNCC,2100,CROP_FLW,1.81
FIN_SWED,2005,CROP_FLW,2.95
FIN_SWED,2010,CROP_FLW,2.95
FIN_SWED,2020,CROP_FLW,2.95
FIN_SWED,2030,CROP_FLW,2.95
FIN_SWED,2040,CROP_FLW,2.95
FIN_SWED,2050,CROP_FLW,2.95
FIN_SWED,2060,CROP_FLW,2.95
FIN_SWED,2070,CROP_FLW,2.95
FIN_SWED,2080,CROP_FLW,2.95
FIN_SWED,2090,CROP_FLW,2.95
FIN_SWED,2100,CROP_FLW,2.95
FJI_SPII,2005,CROP_FLW,6.145
FJI_SPII,2010,CROP_FLW,6.145
FJI_SPII,2020,CROP_FLW,6.15
FJI_SPII,2030,CROP_FLW,6.171
FJI_SPII,2040,CROP_FLW,6.188
FJI_SPII,2050,CROP_FLW,6.193
FJI_SPII,2060,CROP_FLW,6.195
FJI_SPII,2070,CROP_FLW,6.195
FJI_SPII,2080,CROP_FLW,6.197
FJI_SPII,2090,CROP_FLW,6.201
FJI_SPII,2100,CROP_FLW,6.207
FRA_FWCX,2005,CROP_FLW,7.093
FRA_FWCX,2005,WHT,5.578
FRA_FWCX,2005,GRO,4.932
FRA_FWCX,2005,OSD,2.486
FRA_FWCX,2005,C_B,70.64
FRA_FWCX,2005,OTH_A,15.145
FRA_FWCX,2005,CEREAL,5.302
FRA_FWCX,2010,CROP_FLW,7.127
FRA_FWCX,2010,WHT,5.613
FRA_FWCX,2010,GRO,4.942
FRA_FWCX,2010,OSD,2.477
FRA_FWCX,2010,C_B,72.476
FRA_FWCX,2010,OTH_A,15.27
FRA_FWCX,2010,CEREAL,5.333
FRA_FWCX,2020,CROP_FLW,7.369
FRA_FWCX,2020,WHT,5.642
FRA_FWCX,2020,GRO,4.957
FRA_FWCX,2020,OSD,2.473
FRA_FWCX,2020,C_B,75.814
FRA_FWCX,2020,OTH_A,15.55
FRA_FWCX,2020,CEREAL,5.345
FRA_FWCX,2030,CROP_FLW,7.348
FRA_FWCX,2030,WHT,5.648
FRA_FWCX,2030,GRO,4.979
FRA_FWCX,2030,OSD,2.462
FRA_FWCX,2030,C_B,81.655
FRA_FWCX,2030,OTH_A,15.678
FRA_FWCX,2030,CEREAL,5.36
FRA_FWCX,2040,CROP_FLW,7.355
FRA_FWCX,2040,WHT,5.658
FRA_FWCX,2040,GRO,4.983
FRA_FWCX,2040,OSD,2.455
FRA_FWCX,2040,C_B,83.484
FRA_FWCX,2040,OTH_A,15.756
FRA_FWCX,2040,CEREAL,5.366
FRA_FWCX,2050,CROP_FLW,7.36
FRA_FWCX,2050,WHT,5.666
FRA_FWCX,2050,GRO,4.976
FRA_FWCX,2050,OSD,2.458
FRA_FWCX,2050,C_B,85.007
FRA_FWCX,2050,OTH_A,15.837
FRA_FWCX,2050,CEREAL,5.368
FRA_FWCX,2060,CROP_FLW,7.365
FRA_FWCX,2060,WHT,5.717
FRA_FWCX,2060,GRO,4.987
FRA_FWCX,2060,OSD,2.461
FRA_FWCX,2060,C_B,92.904
FRA_FWCX,2060,OTH_A,15.873
FRA_FWCX,2060,CEREAL,5.402
FRA_FWCX,2070,CROP_FLW,7.332
FRA_FWCX,2070,WHT,5.788
FRA_FWCX,2070,GRO,4.989
FRA_FWCX,2070,OSD,2.457
FRA_FWCX,2070,C_B,97.773
FRA_FWCX,2070,OTH_A,15.985
FRA_FWCX,2070,CEREAL,5.456
FRA_FWCX,2080,CROP_FLW,7.41
FRA_FWCX,2080,WHT,5.86
FRA_FWCX,2080,GRO,4.997
FRA_FWCX,2080,OSD,2.453
FRA_FWCX,2080,C_B,100.253
FRA_FWCX,2080,OTH_A,16.231
FRA_FWCX,2080,CEREAL,5.514
FRA_FWCX,2090,CROP_FLW,7.407
FRA_FWCX,2090,WHT,5.89
FRA_FWCX,2090,GRO,5.008
FRA_FWCX,2090,OSD,2.451
FRA_FWCX,2090,C_B,102.479
FRA_FWCX,2090,OTH_A,16.503
FRA_FWCX,2090,CEREAL,5.547
FRA_FWCX,2100,CROP_FLW,7.457
FRA_FWCX,2100,WHT,5.912
FRA_FWCX,2100,GRO,5.02
FRA_FWCX,2100,OSD,2.45
FRA_FWCX,2100,C_B,104.261
FRA_FWCX,2100,OTH_A,16.789
FRA_FWCX,2100,CEREAL,5.573
FRA_GIRD,2005,CROP_FLW,8.084
FRA_GIRD,2005,PDR,4.869
FRA_GIRD,2005,WHT,5.594
FRA_GIRD,2005,GRO,4.988
FRA_GIRD,2005,OSD,2.513
FRA_GIRD,2005,OTH_A,15.457
FRA_GIRD,2005,CEREAL,5.24
FRA_GIRD,2010,CROP_FLW,7.886
FRA_GIRD,2010,PDR,6.29
FRA_GIRD,2010,WHT,5.641
FRA_GIRD,2010,GRO,5.007
FRA_GIRD,2010,OSD,2.51
FRA_GIRD,2010,OTH_A,15.591
FRA_GIRD,2010,CEREAL,5.28
FRA_GIRD,2020,CROP_FLW,7.88
FRA_GIRD,2020,PDR,7.296
FRA_GIRD,2020,WHT,5.677
FRA_GIRD,2020,GRO,5.016
FRA_GIRD,2020,OSD,2.512
FRA_GIRD,2020,OTH_A,15.836
FRA_GIRD,2020,CEREAL,5.291
FRA_GIRD,2030,CROP_FLW,8.009
FRA_GIRD,2030,PDR,7.535
FRA_GIRD,2030,WHT,5.712
FRA_GIRD,2030,GRO,5.036
FRA_GIRD,2030,OSD,2.516
FRA_GIRD,2030,OTH_A,16.044
FRA_GIRD,2030,CEREAL,5.317
FRA_GIRD,2040,CROP_FLW,8.174
FRA_GIRD,2040,PDR,8.052
FRA_GIRD,2040,WHT,5.713
FRA_GIRD,2040,GRO,5.041
FRA_GIRD,2040,OSD,2.517
FRA_GIRD,2040,OTH_A,16.135
FRA_GIRD,2040,CEREAL,5.317
FRA_GIRD,2050,CROP_FLW,8.12
FRA_GIRD,2050,PDR,8.507
FRA_GIRD,2050,WHT,5.735
FRA_GIRD,2050,GRO,5.046
FRA_GIRD,2050,OSD,2.525
FRA_GIRD,2050,OTH_A,16.21
FRA_GIRD,2050,CEREAL,5.323
FRA_GIRD,2060,CROP_FLW,8.127
FRA_GIRD,2060,PDR,8.825
FRA_GIRD,2060,WHT,5.753
FRA_GIRD,2060,GRO,5.046
FRA_GIRD,2060,OSD,2.529
FRA_GIRD,2060,OTH_A,16.281
FRA_GIRD,2060,CEREAL,5.328
FRA_GIRD,2070,CROP_FLW,7.905
FRA_GIRD,2070,PDR,8.931
FRA_GIRD,2070,WHT,5.754
FRA_GIRD,2070,GRO,5.089
FRA_GIRD,2070,OSD,2.537
FRA_GIRD,2070,OTH_A,16.468
FRA_GIRD,2070,CEREAL,5.363
FRA_GIRD,2080,CROP_FLW,7.871
FRA_GIRD,2080,PDR,9.034
FRA_GIRD,2080,WHT,5.785
FRA_GIRD,2080,GRO,5.132
FRA_GIRD,2080,OSD,2.543
FRA_GIRD,2080,OTH_A,16.691
FRA_GIRD,2080,CEREAL,5.407
FRA_GIRD,2090,CROP_FLW,7.973
FRA_GIRD,2090,PDR,9.316
FRA_GIRD,2090,WHT,5.867
FRA_GIRD,2090,GRO,5.174
FRA_GIRD,2090,OSD,2.553
FRA_GIRD,2090,OTH_A,16.973
FRA_GIRD,2090,CEREAL,5.469
FRA_GIRD,2100,CROP_FLW,8.007
FRA_GIRD,2100,PDR,9.593
FRA_GIRD,2100,WHT,6.002
FRA_GIRD,2100,GRO,5.212
FRA_GIRD,2100,OSD,2.558
FRA_GIRD,2100,OTH_A,17.251
FRA_GIRD,2100,CEREAL,5.548
FRA_LOIR,2005,CROP_FLW,7.873
FRA_LOIR,2005,WHT,5.592
FRA_LOIR,2005,GRO,4.913
FRA_LOIR,2005,OSD,2.484
FRA_LOIR,2005,C_B,71.957
FRA_LOIR,2005,OTH_A,15.142
FRA_LOIR,2005,CEREAL,5.336
FRA_LOIR,2010,CROP_FLW,7.786
FRA_LOIR,2010,WHT,5.61
FRA_LOIR,2010,GRO,4.922
FRA_LOIR,2010,OSD,2.492
FRA_LOIR,2010,C_B,72.049
FRA_LOIR,2010,OTH_A,15.281
FRA_LOIR,2010,CEREAL,5.357
FRA_LOIR,2020,CROP_FLW,7.706
FRA_LOIR,2020,WHT,5.639
FRA_LOIR,2020,GRO,4.935
FRA_LOIR,2020,OSD,2.492
FRA_LOIR,2020,C_B,72.174
FRA_LOIR,2020,OTH_A,15.526
FRA_LOIR,2020,CEREAL,5.368
FRA_LOIR,2030,CROP_FLW,7.604
FRA_LOIR,2030,WHT,5.656
FRA_LOIR,2030,GRO,4.957
FRA_LOIR,2030,OSD,2.492
FRA_LOIR,2030,C_B,72.41
FRA_LOIR,2030,OTH_A,15.655
FRA_LOIR,2030,CEREAL,5.391
FRA_LOIR,2040,CROP_FLW,7.595
FRA_LOIR,2040,WHT,5.67
FRA_LOIR,2040,GRO,4.968
FRA_LOIR,2040,OSD,2.492
FRA_LOIR,2040,C_B,72.74
FRA_LOIR,2040,OTH_A,15.658
FRA_LOIR,2040,CEREAL,5.403
FRA_LOIR,2050,CROP_FLW,7.573
FRA_LOIR,2050,WHT,5.669
FRA_LOIR,2050,GRO,4.975
FRA_LOIR,2050,OSD,2.498
FRA_LOIR,2050,C_B,72.924
FRA_LOIR,2050,OTH_A,15.663
FRA_LOIR,2050,CEREAL,5.408
FRA_LOIR,2060,CROP_FLW,7.567
FRA_LOIR,2060,WHT,5.667
FRA_LOIR,2060,GRO,4.975
FRA_LOIR,2060,OSD,2.501
FRA_LOIR,2060,C_B,73.133
FRA_LOIR,2060,OTH_A,15.674
FRA_LOIR,2060,CEREAL,5.411
FRA_LOIR,2070,CROP_FLW,7.59
FRA_LOIR,2070,WHT,5.662
FRA_LOIR,2070,GRO,4.984
FRA_LOIR,2070,OSD,2.502
FRA_LOIR,2070,C_B,73.45
FRA_LOIR,2070,OTH_A,15.777
FRA_LOIR,2070,CEREAL,5.424
FRA_LOIR,2080,CROP_FLW,7.634
FRA_LOIR,2080,WHT,5.659
FRA_LOIR,2080,GRO,4.994
FRA_LOIR,2080,OSD,2.503
FRA_LOIR,2080,C_B,73.697
FRA_LOIR,2080,OTH_A,15.953
FRA_LOIR,2080,CEREAL,5.435
FRA_LOIR,2090,CROP_FLW,7.708
FRA_LOIR,2090,WHT,5.655
FRA_LOIR,2090,GRO,5.006
FRA_LOIR,2090,OSD,2.504
FRA_LOIR,2090,C_B,73.789
FRA_LOIR,2090,OTH_A,16.149
FRA_LOIR,2090,CEREAL,5.444
FRA_LOIR,2100,CROP_FLW,7.789
FRA_LOIR,2100,WHT,5.653
FRA_LOIR,2100,GRO,5.021
FRA_LOIR,2100,OSD,2.506
FRA_LOIR,2100,C_B,73.799
FRA_LOIR,2100,OTH_A,16.36
FRA_LOIR,2100,CEREAL,5.452
FRA_NESO,2005,CROP_FLW,10.898
FRA_NESO,2005,PDR,5.401
FRA_NESO,2005,CEREAL,5.401
FRA_NESO,2010,CROP_FLW,10.898
FRA_NESO,2010,PDR,7.137
FRA_NESO,2010,CEREAL,7.137
FRA_NESO,2020,CROP_FLW,11.344
FRA_NESO,2020,PDR,8.428
FRA_NESO,2020,CEREAL,8.428
FRA_NESO,2030,CROP_FLW,11.378
FRA_NESO,2030,PDR,9.231
FRA_NESO,2030,CEREAL,9.231
FRA_NESO,2040,CROP_FLW,11.276
FRA_NESO,2040,PDR,9.318
FRA_NESO,2040,CEREAL,9.318
FRA_NESO,2050,CROP_FLW,11.271
FRA_NESO,2050,PDR,9.737
FRA_NESO,2050,CEREAL,9.737
FRA_NESO,2060,CROP_FLW,11.273
FRA_NESO,2060,PDR,10.371
FRA_NESO,2060,CEREAL,10.371
FRA_NESO,2070,CROP_FLW,11.276
FRA_NESO,2070,PDR,10.845
FRA_NESO,2070,CEREAL,10.845
FRA_NESO,2080,CROP_FLW,11.281
FRA_NESO,2080,PDR,11.064
FRA_NESO,2080,CEREAL,11.064
FRA_NESO,2090,CROP_FLW,11.283
FRA_NESO,2090,PDR,11.162
FRA_NESO,2090,CEREAL,11.162
FRA_NESO,2100,CROP_FLW,11.285
FRA_NESO,2100,PDR,11.231
FRA_NESO,2100,CEREAL,11.231
FRA_RHON,2005,CROP_FLW,7.114
FRA_RHON,2005,PDR,3.658
FRA_RHON,2005,WHT,5.376
FRA_RHON,2005,GRO,4.913
FRA_RHON,2005,OSD,2.468
FRA_RHON,2005,C_B,73.172
FRA_RHON,2005,OTH_A,14.697
FRA_RHON,2005,CEREAL,5.155
FRA_RHON,2010,CROP_FLW,6.871
FRA_RHON,2010,PDR,4.705
FRA_RHON,2010,WHT,5.431
FRA_RHON,2010,GRO,4.938
FRA_RHON,2010,OSD,2.466
FRA_RHON,2010,C_B,73.437
FRA_RHON,2010,OTH_A,14.978
FRA_RHON,2010,CEREAL,5.209
FRA_RHON,2020,CROP_FLW,7.095
FRA_RHON,2020,PDR,5.515
FRA_RHON,2020,WHT,5.489
FRA_RHON,2020,GRO,4.968
FRA_RHON,2020,OSD,2.466
FRA_RHON,2020,C_B,73.83
FRA_RHON,2020,OTH_A,15.37
FRA_RHON,2020,CEREAL,5.254
FRA_RHON,2030,CROP_FLW,7.202
FRA_RHON,2030,PDR,5.798
FRA_RHON,2030,WHT,5.51
FRA_RHON,2030,GRO,5.009
FRA_RHON,2030,OSD,2.469
FRA_RHON,2030,C_B,74.318
FRA_RHON,2030,OTH_A,15.659
FRA_RHON,2030,CEREAL,5.289
FRA_RHON,2040,CROP_FLW,7.358
FRA_RHON,2040,PDR,6.18
FRA_RHON,2040,WHT,5.532
FRA_RHON,2040,GRO,5.031
FRA_RHON,2040,OSD,2.471
FRA_RHON,2040,C_B,74.9
FRA_RHON,2040,OTH_A,15.734
FRA_RHON,2040,CEREAL,5.316
FRA_RHON,2050,CROP_FLW,7.354
FRA_RHON,2050,PDR,6.491
FRA_RHON,2050,WHT,5.546
FRA_RHON,2050,GRO,5.05
FRA_RHON,2050,OSD,2.497
FRA_RHON,2050,C_B,75.231
FRA_RHON,2050,OTH_A,15.826
FRA_RHON,2050,CEREAL,5.34
FRA_RHON,2060,CROP_FLW,7.436
FRA_RHON,2060,PDR,6.699
FRA_RHON,2060,WHT,5.551
FRA_RHON,2060,GRO,5.064
FRA_RHON,2060,OSD,2.51
FRA_RHON,2060,C_B,75.441
FRA_RHON,2060,OTH_A,16.006
FRA_RHON,2060,CEREAL,5.359
FRA_RHON,2070,CROP_FLW,7.654
FRA_RHON,2070,PDR,6.769
FRA_RHON,2070,WHT,5.552
FRA_RHON,2070,GRO,5.088
FRA_RHON,2070,OSD,2.516
FRA_RHON,2070,C_B,75.461
FRA_RHON,2070,OTH_A,16.239
FRA_RHON,2070,CEREAL,5.381
FRA_RHON,2080,CROP_FLW,7.556
FRA_RHON,2080,PDR,6.866
FRA_RHON,2080,WHT,5.573
FRA_RHON,2080,GRO,5.162
FRA_RHON,2080,OSD,2.562
FRA_RHON,2080,C_B,76.044
FRA_RHON,2080,OTH_A,16.762
FRA_RHON,2080,CEREAL,5.433
FRA_RHON,2090,CROP_FLW,7.498
FRA_RHON,2090,PDR,7.086
FRA_RHON,2090,WHT,5.63
FRA_RHON,2090,GRO,5.224
FRA_RHON,2090,OSD,2.587
FRA_RHON,2090,C_B,76.92
FRA_RHON,2090,OTH_A,17.128
FRA_RHON,2090,CEREAL,5.5
FRA_RHON,2100,CROP_FLW,7.689
FRA_RHON,2100,PDR,7.272
FRA_RHON,2100,WHT,5.696
FRA_RHON,2100,GRO,5.287
FRA_RHON,2100,OSD,2.602
FRA_RHON,2100,C_B,77.717
FRA_RHON,2100,OTH_A,17.452
FRA_RHON,2100,CEREAL,5.571
FRA_SEIN,2005,CROP_FLW,7.579
FRA_SEIN,2005,WHT,5.675
FRA_SEIN,2005,GRO,5.011
FRA_SEIN,2005,OSD,2.495
FRA_SEIN,2005,C_B,71.505
FRA_SEIN,2005,OTH_A,15.286
FRA_SEIN,2005,CEREAL,5.424
FRA_SEIN,2010,CROP_FLW,7.569
FRA_SEIN,2010,WHT,5.698
FRA_SEIN,2010,GRO,5.014
FRA_SEIN,2010,OSD,2.504
FRA_SEIN,2010,C_B,71.579
FRA_SEIN,2010,OTH_A,15.388
FRA_SEIN,2010,CEREAL,5.444
FRA_SEIN,2020,CROP_FLW,7.576
FRA_SEIN,2020,WHT,5.725
FRA_SEIN,2020,GRO,5.018
FRA_SEIN,2020,OSD,2.505
FRA_SEIN,2020,C_B,71.763
FRA_SEIN,2020,OTH_A,15.546
FRA_SEIN,2020,CEREAL,5.449
FRA_SEIN,2030,CROP_FLW,7.559
FRA_SEIN,2030,WHT,5.745
FRA_SEIN,2030,GRO,5.026
FRA_SEIN,2030,OSD,2.504
FRA_SEIN,2030,C_B,72.151
FRA_SEIN,2030,OTH_A,15.572
FRA_SEIN,2030,CEREAL,5.471
FRA_SEIN,2040,CROP_FLW,7.558
FRA_SEIN,2040,WHT,5.762
FRA_SEIN,2040,GRO,5.027
FRA_SEIN,2040,OSD,2.506
FRA_SEIN,2040,C_B,72.556
FRA_SEIN,2040,OTH_A,15.616
FRA_SEIN,2040,CEREAL,5.487
FRA_SEIN,2050,CROP_FLW,7.562
FRA_SEIN,2050,WHT,5.769
FRA_SEIN,2050,GRO,5.026
FRA_SEIN,2050,OSD,2.505
FRA_SEIN,2050,C_B,72.908
FRA_SEIN,2050,OTH_A,15.665
FRA_SEIN,2050,CEREAL,5.503
FRA_SEIN,2060,CROP_FLW,7.557
FRA_SEIN,2060,WHT,5.809
FRA_SEIN,2060,GRO,5.026
FRA_SEIN,2060,OSD,2.507
FRA_SEIN,2060,C_B,73.273
FRA_SEIN,2060,OTH_A,15.705
FRA_SEIN,2060,CEREAL,5.544
FRA_SEIN,2070,CROP_FLW,7.576
FRA_SEIN,2070,WHT,5.831
FRA_SEIN,2070,GRO,5.027
FRA_SEIN,2070,OSD,2.509
FRA_SEIN,2070,C_B,73.621
FRA_SEIN,2070,OTH_A,15.708
FRA_SEIN,2070,CEREAL,5.582
FRA_SEIN,2080,CROP_FLW,7.665
FRA_SEIN,2080,WHT,5.847
FRA_SEIN,2080,GRO,5.026
FRA_SEIN,2080,OSD,2.512
FRA_SEIN,2080,C_B,73.896
FRA_SEIN,2080,OTH_A,15.78
FRA_SEIN,2080,CEREAL,5.615
FRA_SEIN,2090,CROP_FLW,7.742
FRA_SEIN,2090,WHT,5.852
FRA_SEIN,2090,GRO,5.02
FRA_SEIN,2090,OSD,2.514
FRA_SEIN,2090,C_B,73.989
FRA_SEIN,2090,OTH_A,15.899
FRA_SEIN,2090,CEREAL,5.636
FRA_SEIN,2100,CROP_FLW,7.822
FRA_SEIN,2100,WHT,5.864
FRA_SEIN,2100,GRO,5.015
FRA_SEIN,2100,OSD,2.516
FRA_SEIN,2100,C_B,73.983
FRA_SEIN,2100,OTH_A,16.035
FRA_SEIN,2100,CEREAL,5.659
GAB_GFGU,2005,CROP_FLW,5.118
GAB_GFGU,2005,PDR,2.031
GAB_GFGU,2005,GRO,1.15
GAB_GFGU,2005,OSD,0.945
GAB_GFGU,2005,C_B,57.406
GAB_GFGU,2005,OTH_A,1.004
GAB_GFGU,2005,CEREAL,1.154
GAB_GFGU,2010,CROP_FLW,5.101
GAB_GFGU,2010,PDR,2.051
GAB_GFGU,2010,GRO,1.218
GAB_GFGU,2010,OSD,1.018
GAB_GFGU,2010,C_B,57.407
GAB_GFGU,2010,OTH_A,1.025
GAB_GFGU,2010,CEREAL,1.222
GAB_GFGU,2020,CROP_FLW,5.085
GAB_GFGU,2020,PDR,2.274
GAB_GFGU,2020,GRO,1.341
GAB_GFGU,2020,OSD,1.1
GAB_GFGU,2020,C_B,59.849
GAB_GFGU,2020,OTH_A,1.116
GAB_GFGU,2020,CEREAL,1.346
GAB_GFGU,2030,CROP_FLW,5.081
GAB_GFGU,2030,PDR,3.012
GAB_GFGU,2030,GRO,1.414
GAB_GFGU,2030,OSD,1.128
GAB_GFGU,2030,C_B,64.638
GAB_GFGU,2030,OTH_A,1.159
GAB_GFGU,2030,CEREAL,1.423
GAB_GFGU,2040,CROP_FLW,5.081
GAB_GFGU,2040,PDR,3.822
GAB_GFGU,2040,GRO,1.612
GAB_GFGU,2040,OSD,1.152
GAB_GFGU,2040,C_B,66.747
GAB_GFGU,2040,OTH_A,1.233
GAB_GFGU,2040,CEREAL,1.626
GAB_GFGU,2050,CROP_FLW,5.081
GAB_GFGU,2050,PDR,4.168
GAB_GFGU,2050,GRO,1.646
GAB_GFGU,2050,OSD,1.174
GAB_GFGU,2050,C_B,67.633
GAB_GFGU,2050,OTH_A,1.273
GAB_GFGU,2050,CEREAL,1.664
GAB_GFGU,2060,CROP_FLW,5.149
GAB_GFGU,2060,PDR,4.203
GAB_GFGU,2060,GRO,1.796
GAB_GFGU,2060,OSD,1.22
GAB_GFGU,2060,C_B,69.082
GAB_GFGU,2060,OTH_A,1.381
GAB_GFGU,2060,CEREAL,1.816
GAB_GFGU,2070,CROP_FLW,5.257
GAB_GFGU,2070,PDR,4.485
GAB_GFGU,2070,GRO,2.036
GAB_GFGU,2070,OSD,1.278
GAB_GFGU,2070,C_B,70.934
GAB_GFGU,2070,OTH_A,1.538
GAB_GFGU,2070,CEREAL,2.058
GAB_GFGU,2080,CROP_FLW,5.522
GAB_GFGU,2080,PDR,5.138
GAB_GFGU,2080,GRO,2.355
GAB_GFGU,2080,OSD,1.343
GAB_GFGU,2080,C_B,73.744
GAB_GFGU,2080,OTH_A,1.746
GAB_GFGU,2080,CEREAL,2.381
GAB_GFGU,2090,CROP_FLW,6.117
GAB_GFGU,2090,PDR,6.146
GAB_GFGU,2090,GRO,2.47
GAB_GFGU,2090,OSD,1.355
GAB_GFGU,2090,C_B,78.424
GAB_GFGU,2090,OTH_A,1.512
GAB_GFGU,2090,CEREAL,2.506
GAB_GFGU,2100,CROP_FLW,5.588
GAB_GFGU,2100,PDR,6.823
GAB_GFGU,2100,GRO,3.363
GAB_GFGU,2100,OSD,1.512
GAB_GFGU,2100,C_B,86.924
GAB_GFGU,2100,OTH_A,1.942
GAB_GFGU,2100,CEREAL,3.4
GBR_EAWC,2005,CROP_FLW,5.92
GBR_EAWC,2005,WHT,5.633
GBR_EAWC,2005,GRO,4.975
GBR_EAWC,2005,OSD,2.488
GBR_EAWC,2005,C_B,70.951
GBR_EAWC,2005,OTH_A,15.241
GBR_EAWC,2005,CEREAL,5.408
GBR_EAWC,2010,CROP_FLW,5.904
GBR_EAWC,2010,WHT,5.68
GBR_EAWC,2010,GRO,5.123
GBR_EAWC,2010,OSD,2.506
GBR_EAWC,2010,C_B,73.279
GBR_EAWC,2010,OTH_A,15.341
GBR_EAWC,2010,CEREAL,5.492
GBR_EAWC,2020,CROP_FLW,6.126
GBR_EAWC,2020,WHT,5.742
GBR_EAWC,2020,GRO,5.198
GBR_EAWC,2020,OSD,2.55
GBR_EAWC,2020,C_B,75.523
GBR_EAWC,2020,OTH_A,15.769
GBR_EAWC,2020,CEREAL,5.533
GBR_EAWC,2030,CROP_FLW,5.98
GBR_EAWC,2030,WHT,5.849
GBR_EAWC,2030,GRO,5.485
GBR_EAWC,2030,OSD,2.562
GBR_EAWC,2030,C_B,75.853
GBR_EAWC,2030,OTH_A,16.023
GBR_EAWC,2030,CEREAL,5.713
GBR_EAWC,2040,CROP_FLW,5.991
GBR_EAWC,2040,WHT,5.931
GBR_EAWC,2040,GRO,5.533
GBR_EAWC,2040,OSD,2.562
GBR_EAWC,2040,C_B,75.879
GBR_EAWC,2040,OTH_A,16.089
GBR_EAWC,2040,CEREAL,5.776
GBR_EAWC,2050,CROP_FLW,6.046
GBR_EAWC,2050,WHT,5.941
GBR_EAWC,2050,GRO,5.541
GBR_EAWC,2050,OSD,2.56
GBR_EAWC,2050,C_B,75.976
GBR_EAWC,2050,OTH_A,16.09
GBR_EAWC,2050,CEREAL,5.782
GBR_EAWC,2060,CROP_FLW,6.048
GBR_EAWC,2060,WHT,5.946
GBR_EAWC,2060,GRO,5.57
GBR_EAWC,2060,OSD,2.558
GBR_EAWC,2060,C_B,76.039
GBR_EAWC,2060,OTH_A,16.125
GBR_EAWC,2060,CEREAL,5.798
GBR_EAWC,2070,CROP_FLW,6.13
GBR_EAWC,2070,WHT,5.962
GBR_EAWC,2070,GRO,5.799
GBR_EAWC,2070,OSD,2.564
GBR_EAWC,2070,C_B,75.908
GBR_EAWC,2070,OTH_A,16.355
GBR_EAWC,2070,CEREAL,5.907
GBR_EAWC,2080,CROP_FLW,6.22
GBR_EAWC,2080,WHT,5.963
GBR_EAWC,2080,GRO,5.777
GBR_EAWC,2080,OSD,2.565
GBR_EAWC,2080,C_B,76.0
GBR_EAWC,2080,OTH_A,16.466
GBR_EAWC,2080,CEREAL,5.907
GBR_EAWC,2090,CROP_FLW,6.206
GBR_EAWC,2090,WHT,5.964
GBR_EAWC,2090,GRO,5.819
GBR_EAWC,2090,OSD,2.564
GBR_EAWC,2090,C_B,76.057
GBR_EAWC,2090,OTH_A,16.543
GBR_EAWC,2090,CEREAL,5.924
GBR_EAWC,2100,CROP_FLW,6.202
GBR_EAWC,2100,WHT,5.966
GBR_EAWC,2100,GRO,5.86
GBR_EAWC,2100,OSD,2.565
GBR_EAWC,2100,C_B,76.037
GBR_EAWC,2100,OTH_A,16.593
GBR_EAWC,2100,CEREAL,5.938
GBR_IREL,2005,CROP_FLW,5.476
GBR_IREL,2005,GRO,4.944
GBR_IREL,2005,OTH_A,15.273
GBR_IREL,2005,CEREAL,4.944
GBR_IREL,2010,CROP_FLW,5.515
GBR_IREL,2010,GRO,5.014
GBR_IREL,2010,OTH_A,15.476
GBR_IREL,2010,CEREAL,5.014
GBR_IREL,2020,CROP_FLW,5.651
GBR_IREL,2020,GRO,5.065
GBR_IREL,2020,OTH_A,15.829
GBR_IREL,2020,CEREAL,5.065
GBR_IREL,2030,CROP_FLW,5.411
GBR_IREL,2030,GRO,5.282
GBR_IREL,2030,OTH_A,16.03
GBR_IREL,2030,CEREAL,5.282
GBR_IREL,2040,CROP_FLW,5.379
GBR_IREL,2040,GRO,5.377
GBR_IREL,2040,OTH_A,16.115
GBR_IREL,2040,CEREAL,5.377
GBR_IREL,2050,CROP_FLW,5.458
GBR_IREL,2050,GRO,5.433
GBR_IREL,2050,OTH_A,16.116
GBR_IREL,2050,CEREAL,5.433
GBR_IREL,2060,CROP_FLW,5.464
GBR_IREL,2060,GRO,5.454
GBR_IREL,2060,OTH_A,16.121
GBR_IREL,2060,CEREAL,5.454
GBR_IREL,2070,CROP_FLW,5.525
GBR_IREL,2070,GRO,5.494
GBR_IREL,2070,OTH_A,16.13
GBR_IREL,2070,CEREAL,5.494
GBR_IREL,2080,CROP_FLW,5.512
GBR_IREL,2080,GRO,5.521
GBR_IREL,2080,OTH_A,16.154
GBR_IREL,2080,CEREAL,5.521
GBR_IREL,2090,CROP_FLW,5.429
GBR_IREL,2090,GRO,5.541
GBR_IREL,2090,OTH_A,16.187
GBR_IREL,2090,CEREAL,5.541
GBR_IREL,2100,CROP_FLW,5.342
GBR_IREL,2100,GRO,5.564
GBR_IREL,2100,OTH_A,16.225
GBR_IREL,2100,CEREAL,5.564
GBR_SCTD,2005,CROP_FLW,3.768
GBR_SCTD,2005,WHT,5.592
GBR_SCTD,2005,GRO,4.881
GBR_SCTD,2005,OSD,2.459
GBR_SCTD,2005,OTH_A,15.072
GBR_SCTD,2005,CEREAL,5.097
GBR_SCTD,2010,CROP_FLW,4.063
GBR_SCTD,2010,WHT,5.632
GBR_SCTD,2010,GRO,4.999
GBR_SCTD,2010,OSD,2.478
GBR_SCTD,2010,OTH_A,15.241
GBR_SCTD,2010,CEREAL,5.194
GBR_SCTD,2020,CROP_FLW,4.151
GBR_SCTD,2020,WHT,5.823
GBR_SCTD,2020,GRO,5.069
GBR_SCTD,2020,OSD,2.572
GBR_SCTD,2020,OTH_A,15.873
GBR_SCTD,2020,CEREAL,5.268
GBR_SCTD,2030,CROP_FLW,4.34
GBR_SCTD,2030,WHT,5.941
GBR_SCTD,2030,GRO,5.422
GBR_SCTD,2030,OSD,2.622
GBR_SCTD,2030,OTH_A,16.469
GBR_SCTD,2030,CEREAL,5.562
GBR_SCTD,2040,CROP_FLW,4.497
GBR_SCTD,2040,WHT,6.03
GBR_SCTD,2040,GRO,5.624
GBR_SCTD,2040,OSD,2.651
GBR_SCTD,2040,OTH_A,16.788
GBR_SCTD,2040,CEREAL,5.73
GBR_SCTD,2050,CROP_FLW,4.661
GBR_SCTD,2050,WHT,6.042
GBR_SCTD,2050,GRO,5.666
GBR_SCTD,2050,OSD,2.654
GBR_SCTD,2050,OTH_A,16.925
GBR_SCTD,2050,CEREAL,5.762
GBR_SCTD,2060,CROP_FLW,4.748
GBR_SCTD,2060,WHT,6.032
GBR_SCTD,2060,GRO,5.675
GBR_SCTD,2060,OSD,2.656
GBR_SCTD,2060,OTH_A,17.015
GBR_SCTD,2060,CEREAL,5.767
GBR_SCTD,2070,CROP_FLW,4.637
GBR_SCTD,2070,WHT,6.033
GBR_SCTD,2070,GRO,5.953
GBR_SCTD,2070,OSD,2.659
GBR_SCTD,2070,OTH_A,17.151
GBR_SCTD,2070,CEREAL,5.978
GBR_SCTD,2080,CROP_FLW,4.658
GBR_SCTD,2080,WHT,6.036
GBR_SCTD,2080,GRO,6.146
GBR_SCTD,2080,OSD,2.66
GBR_SCTD,2080,OTH_A,17.332
GBR_SCTD,2080,CEREAL,6.108
GBR_SCTD,2090,CROP_FLW,4.745
GBR_SCTD,2090,WHT,6.043
GBR_SCTD,2090,GRO,6.248
GBR_SCTD,2090,OSD,2.664
GBR_SCTD,2090,OTH_A,17.549
GBR_SCTD,2090,CEREAL,6.172
GBR_SCTD,2100,CROP_FLW,4.805
GBR_SCTD,2100,WHT,6.054
GBR_SCTD,2100,GRO,6.335
GBR_SCTD,2100,OSD,2.673
GBR_SCTD,2100,OTH_A,17.65
GBR_SCTD,2100,CEREAL,6.227
GEO_BSSC,2005,CROP_FLW,4.096
GEO_BSSC,2005,WHT,1.964
GEO_BSSC,2005,GRO,2.18
GEO_BSSC,2005,OSD,1.677
GEO_BSSC,2005,OTH_A,1.921
GEO_BSSC,2005,CEREAL,2.14
GEO_BSSC,2010,CROP_FLW,3.982
GEO_BSSC,2010,WHT,1.995
GEO_BSSC,2010,GRO,2.27
GEO_BSSC,2010,OSD,1.885
GEO_BSSC,2010,OTH_A,2.054
GEO_BSSC,2010,CEREAL,2.221
GEO_BSSC,2020,CROP_FLW,4.069
GEO_BSSC,2020,WHT,2.104
GEO_BSSC,2020,GRO,2.37
GEO_BSSC,2020,OSD,1.921
GEO_BSSC,2020,OTH_A,2.072
GEO_BSSC,2020,CEREAL,2.326
GEO_BSSC,2030,CROP_FLW,4.074
GEO_BSSC,2030,WHT,2.111
GEO_BSSC,2030,GRO,2.468
GEO_BSSC,2030,OSD,1.933
GEO_BSSC,2030,OTH_A,2.077
GEO_BSSC,2030,CEREAL,2.411
GEO_BSSC,2040,CROP_FLW,4.09
GEO_BSSC,2040,WHT,2.112
GEO_BSSC,2040,GRO,2.486
GEO_BSSC,2040,OSD,1.95
GEO_BSSC,2040,OTH_A,2.08
GEO_BSSC,2040,CEREAL,2.425
GEO_BSSC,2050,CROP_FLW,4.168
GEO_BSSC,2050,WHT,2.113
GEO_BSSC,2050,GRO,2.577
GEO_BSSC,2050,OSD,1.962
GEO_BSSC,2050,OTH_A,2.086
GEO_BSSC,2050,CEREAL,2.489
GEO_BSSC,2060,CROP_FLW,4.256
GEO_BSSC,2060,WHT,2.112
GEO_BSSC,2060,GRO,2.673
GEO_BSSC,2060,OSD,1.971
GEO_BSSC,2060,OTH_A,2.101
GEO_BSSC,2060,CEREAL,2.552
GEO_BSSC,2070,CROP_FLW,4.349
GEO_BSSC,2070,WHT,2.111
GEO_BSSC,2070,GRO,2.771
GEO_BSSC,2070,OSD,1.972
GEO_BSSC,2070,OTH_A,2.106
GEO_BSSC,2070,CEREAL,2.609
GEO_BSSC,2080,CROP_FLW,4.429
GEO_BSSC,2080,WHT,2.106
GEO_BSSC,2080,GRO,2.824
GEO_BSSC,2080,OSD,1.977
GEO_BSSC,2080,OTH_A,2.128
GEO_BSSC,2080,CEREAL,2.633
GEO_BSSC,2090,CROP_FLW,4.516
GEO_BSSC,2090,WHT,2.139
GEO_BSSC,2090,GRO,2.894
GEO_BSSC,2090,OSD,1.983
GEO_BSSC,2090,OTH_A,2.107
GEO_BSSC,2090,CEREAL,2.686
GEO_BSSC,2100,CROP_FLW,4.576
GEO_BSSC,2100,WHT,2.184
GEO_BSSC,2100,GRO,2.976
GEO_BSSC,2100,OSD,1.986
GEO_BSSC,2100,OTH_A,2.075
GEO_BSSC,2100,CEREAL,2.758
GEO_CSSW,2005,CROP_FLW,3.59
GEO_CSSW,2005,WHT,2.122
GEO_CSSW,2005,GRO,2.281
GEO_CSSW,2005,OSD,1.57
GEO_CSSW,2005,OTH_A,2.013
GEO_CSSW,2005,CEREAL,2.235
GEO_CSSW,2010,CROP_FLW,3.574
GEO_CSSW,2010,WHT,2.196
GEO_CSSW,2010,GRO,2.347
GEO_CSSW,2010,OSD,1.948
GEO_CSSW,2010,OTH_A,2.084
GEO_CSSW,2010,CEREAL,2.304
GEO_CSSW,2020,CROP_FLW,3.542
GEO_CSSW,2020,WHT,2.35
GEO_CSSW,2020,GRO,2.418
GEO_CSSW,2020,OSD,2.168
GEO_CSSW,2020,OTH_A,2.123
GEO_CSSW,2020,CEREAL,2.4
GEO_CSSW,2030,CROP_FLW,3.539
GEO_CSSW,2030,WHT,2.373
GEO_CSSW,2030,GRO,2.433
GEO_CSSW,2030,OSD,2.168
GEO_CSSW,2030,OTH_A,2.131
GEO_CSSW,2030,CEREAL,2.417
GEO_CSSW,2040,CROP_FLW,3.537
GEO_CSSW,2040,WHT,2.392
GEO_CSSW,2040,GRO,2.444
GEO_CSSW,2040,OSD,2.16
GEO_CSSW,2040,OTH_A,2.135
GEO_CSSW,2040,CEREAL,2.431
GEO_CSSW,2050,CROP_FLW,3.568
GEO_CSSW,2050,WHT,2.382
GEO_CSSW,2050,GRO,2.491
GEO_CSSW,2050,OSD,2.154
GEO_CSSW,2050,OTH_A,2.135
GEO_CSSW,2050,CEREAL,2.46
GEO_CSSW,2060,CROP_FLW,3.607
GEO_CSSW,2060,WHT,2.359
GEO_CSSW,2060,GRO,2.53
GEO_CSSW,2060,OSD,2.169
GEO_CSSW,2060,OTH_A,2.136
GEO_CSSW,2060,CEREAL,2.476
GEO_CSSW,2070,CROP_FLW,3.688
GEO_CSSW,2070,WHT,2.339
GEO_CSSW,2070,GRO,2.558
GEO_CSSW,2070,OSD,2.165
GEO_CSSW,2070,OTH_A,2.151
GEO_CSSW,2070,CEREAL,2.482
GEO_CSSW,2080,CROP_FLW,3.777
GEO_CSSW,2080,WHT,2.335
GEO_CSSW,2080,GRO,2.573
GEO_CSSW,2080,OSD,2.169
GEO_CSSW,2080,OTH_A,2.187
GEO_CSSW,2080,CEREAL,2.486
GEO_CSSW,2090,CROP_FLW,3.878
GEO_CSSW,2090,WHT,2.355
GEO_CSSW,2090,GRO,2.584
GEO_CSSW,2090,OSD,2.176
GEO_CSSW,2090,OTH_A,2.226
GEO_CSSW,2090,CEREAL,2.499
GEO_CSSW,2100,CROP_FLW,3.975
GEO_CSSW,2100,WHT,2.386
GEO_CSSW,2100,GRO,2.601
GEO_CSSW,2100,OSD,2.179
GEO_CSSW,2100,OTH_A,2.258
GEO_CSSW,2100,CEREAL,2.522
GHA_AFWC,2005,CROP_FLW,4.499
GHA_AFWC,2005,PDR,1.628
GHA_AFWC,2005,GRO,0.922
GHA_AFWC,2005,OSD,0.85
GHA_AFWC,2005,C_B,52.447
GHA_AFWC,2005,OTH_A,0.823
GHA_AFWC,2005,CEREAL,0.947
GHA_AFWC,2010,CROP_FLW,4.513
GHA_AFWC,2010,PDR,1.821
GHA_AFWC,2010,GRO,0.986
GHA_AFWC,2010,OSD,0.849
GHA_AFWC,2010,C_B,57.667
GHA_AFWC,2010,OTH_A,0.834
GHA_AFWC,2010,CEREAL,1.02
GHA_AFWC,2020,CROP_FLW,4.537
GHA_AFWC,2020,PDR,1.946
GHA_AFWC,2020,GRO,0.991
GHA_AFWC,2020,OSD,0.858
GHA_AFWC,2020,C_B,65.652
GHA_AFWC,2020,OTH_A,0.857
GHA_AFWC,2020,CEREAL,1.047
GHA_AFWC,2030,CROP_FLW,4.524
GHA_AFWC,2030,PDR,1.987
GHA_AFWC,2030,GRO,1.0
GHA_AFWC,2030,OSD,0.864
GHA_AFWC,2030,C_B,74.066
GHA_AFWC,2030,OTH_A,0.865
GHA_AFWC,2030,CEREAL,1.064
GHA_AFWC,2040,CROP_FLW,4.6
GHA_AFWC,2040,PDR,2.014
GHA_AFWC,2040,GRO,1.006
GHA_AFWC,2040,OSD,0.872
GHA_AFWC,2040,C_B,81.351
GHA_AFWC,2040,OTH_A,0.875
GHA_AFWC,2040,CEREAL,1.081
GHA_AFWC,2050,CROP_FLW,4.598
GHA_AFWC,2050,PDR,2.025
GHA_AFWC,2050,GRO,1.006
GHA_AFWC,2050,OSD,0.879
GHA_AFWC,2050,C_B,86.094
GHA_AFWC,2050,OTH_A,0.873
GHA_AFWC,2050,CEREAL,1.09
GHA_AFWC,2060,CROP_FLW,4.556
GHA_AFWC,2060,PDR,1.993
GHA_AFWC,2060,GRO,1.016
GHA_AFWC,2060,OSD,0.878
GHA_AFWC,2060,C_B,89.148
GHA_AFWC,2060,OTH_A,0.876
GHA_AFWC,2060,CEREAL,1.108
GHA_AFWC,2070,CROP_FLW,4.507
GHA_AFWC,2070,PDR,2.075
GHA_AFWC,2070,GRO,1.073
GHA_AFWC,2070,OSD,0.914
GHA_AFWC,2070,C_B,90.862
GHA_AFWC,2070,OTH_A,0.896
GHA_AFWC,2070,CEREAL,1.172
GHA_AFWC,2080,CROP_FLW,4.498
GHA_AFWC,2080,PDR,2.196
GHA_AFWC,2080,GRO,1.122
GHA_AFWC,2080,OSD,0.988
GHA_AFWC,2080,C_B,101.027
GHA_AFWC,2080,OTH_A,0.934
GHA_AFWC,2080,CEREAL,1.221
GHA_AFWC,2090,CROP_FLW,4.443
GHA_AFWC,2090,PDR,2.223
GHA_AFWC,2090,GRO,1.219
GHA_AFWC,2090,OSD,1.021
GHA_AFWC,2090,C_B,119.093
GHA_AFWC,2090,OTH_A,0.965
GHA_AFWC,2090,CEREAL,1.305
GHA_AFWC,2100,CROP_FLW,4.489
GHA_AFWC,2100,PDR,2.267
GHA_AFWC,2100,GRO,1.295
GHA_AFWC,2100,OSD,1.053
GHA_AFWC,2100,C_B,119.093
GHA_AFWC,2100,OTH_A,0.997
GHA_AFWC,2100,CEREAL,1.376
GHA_VOLT,2005,CROP_FLW,4.506
GHA_VOLT,2005,PDR,1.718
GHA_VOLT,2005,GRO,1.016
GHA_VOLT,2005,OSD,0.913
GHA_VOLT,2005,C_B,43.152
GHA_VOLT,2005,OTH_A,0.819
GHA_VOLT,2005,CEREAL,1.048
GHA_VOLT,2010,CROP_FLW,4.505
GHA_VOLT,2010,PDR,2.055
GHA_VOLT,2010,GRO,1.08
GHA_VOLT,2010,OSD,0.913
GHA_VOLT,2010,C_B,49.69
GHA_VOLT,2010,OTH_A,0.849
GHA_VOLT,2010,CEREAL,1.143
GHA_VOLT,2020,CROP_FLW,4.448
GHA_VOLT,2020,PDR,2.217
GHA_VOLT,2020,GRO,1.084
GHA_VOLT,2020,OSD,0.913
GHA_VOLT,2020,C_B,60.605
GHA_VOLT,2020,OTH_A,0.946
GHA_VOLT,2020,CEREAL,1.182
GHA_VOLT,2030,CROP_FLW,4.378
GHA_VOLT,2030,PDR,2.249
GHA_VOLT,2030,GRO,1.11
GHA_VOLT,2030,OSD,0.928
GHA_VOLT,2030,C_B,68.555
GHA_VOLT,2030,OTH_A,0.959
GHA_VOLT,2030,CEREAL,1.212
GHA_VOLT,2040,CROP_FLW,4.37
GHA_VOLT,2040,PDR,2.236
GHA_VOLT,2040,GRO,1.111
GHA_VOLT,2040,OSD,0.932
GHA_VOLT,2040,C_B,76.305
GHA_VOLT,2040,OTH_A,0.974
GHA_VOLT,2040,CEREAL,1.23
GHA_VOLT,2050,CROP_FLW,4.36
GHA_VOLT,2050,PDR,2.284
GHA_VOLT,2050,GRO,1.118
GHA_VOLT,2050,OSD,0.951
GHA_VOLT,2050,C_B,84.648
GHA_VOLT,2050,OTH_A,0.979
GHA_VOLT,2050,CEREAL,1.257
GHA_VOLT,2060,CROP_FLW,4.349
GHA_VOLT,2060,PDR,2.316
GHA_VOLT,2060,GRO,1.128
GHA_VOLT,2060,OSD,0.954
GHA_VOLT,2060,C_B,88.375
GHA_VOLT,2060,OTH_A,0.985
GHA_VOLT,2060,CEREAL,1.293
GHA_VOLT,2070,CROP_FLW,4.34
GHA_VOLT,2070,PDR,2.341
GHA_VOLT,2070,GRO,1.138
GHA_VOLT,2070,OSD,0.956
GHA_VOLT,2070,C_B,95.05
GHA_VOLT,2070,OTH_A,0.987
GHA_VOLT,2070,CEREAL,1.318
GHA_VOLT,2080,CROP_FLW,4.332
GHA_VOLT,2080,PDR,2.336
GHA_VOLT,2080,GRO,1.153
GHA_VOLT,2080,OSD,0.958
GHA_VOLT,2080,C_B,99.5
GHA_VOLT,2080,OTH_A,0.989
GHA_VOLT,2080,CEREAL,1.331
GHA_VOLT,2090,CROP_FLW,4.318
GHA_VOLT,2090,PDR,2.349
GHA_VOLT,2090,GRO,1.16
GHA_VOLT,2090,OSD,0.962
GHA_VOLT,2090,C_B,103.864
GHA_VOLT,2090,OTH_A,0.978
GHA_VOLT,2090,CEREAL,1.349
GHA_VOLT,2100,CROP_FLW,4.32
GHA_VOLT,2100,PDR,2.334
GHA_VOLT,2100,GRO,1.172
GHA_VOLT,2100,OSD,0.967
GHA_VOLT,2100,C_B,104.174
GHA_VOLT,2100,OTH_A,0.972
GHA_VOLT,2100,CEREAL,1.349
GIN_AFWC,2005,CROP_FLW,5.07
GIN_AFWC,2005,PDR,1.283
GIN_AFWC,2005,GRO,0.773
GIN_AFWC,2005,OSD,0.91
GIN_AFWC,2005,C_B,70.772
GIN_AFWC,2005,OTH_A,0.558
GIN_AFWC,2005,CEREAL,1.018
GIN_AFWC,2010,CROP_FLW,5.071
GIN_AFWC,2010,PDR,3.355
GIN_AFWC,2010,GRO,0.93
GIN_AFWC,2010,OSD,0.954
GIN_AFWC,2010,C_B,70.995
GIN_AFWC,2010,OTH_A,0.578
GIN_AFWC,2010,CEREAL,2.417
GIN_AFWC,2020,CROP_FLW,5.041
GIN_AFWC,2020,PDR,3.892
GIN_AFWC,2020,GRO,1.319
GIN_AFWC,2020,OSD,1.05
GIN_AFWC,2020,C_B,72.282
GIN_AFWC,2020,OTH_A,0.64
GIN_AFWC,2020,CEREAL,2.821
GIN_AFWC,2030,CROP_FLW,5.033
GIN_AFWC,2030,PDR,3.919
GIN_AFWC,2030,GRO,1.305
GIN_AFWC,2030,OSD,1.055
GIN_AFWC,2030,C_B,74.221
GIN_AFWC,2030,OTH_A,0.672
GIN_AFWC,2030,CEREAL,2.904
GIN_AFWC,2040,CROP_FLW,5.086
GIN_AFWC,2040,PDR,4.637
GIN_AFWC,2040,GRO,1.584
GIN_AFWC,2040,OSD,1.142
GIN_AFWC,2040,C_B,76.863
GIN_AFWC,2040,OTH_A,0.786
GIN_AFWC,2040,CEREAL,3.48
GIN_AFWC,2050,CROP_FLW,5.469
GIN_AFWC,2050,PDR,5.672
GIN_AFWC,2050,GRO,1.932
GIN_AFWC,2050,OSD,1.221
GIN_AFWC,2050,C_B,84.01
GIN_AFWC,2050,OTH_A,0.9
GIN_AFWC,2050,CEREAL,4.295
GIN_AFWC,2060,CROP_FLW,5.929
GIN_AFWC,2060,PDR,6.325
GIN_AFWC,2060,GRO,2.138
GIN_AFWC,2060,OSD,1.275
GIN_AFWC,2060,C_B,86.592
GIN_AFWC,2060,OTH_A,1.054
GIN_AFWC,2060,CEREAL,4.838
GIN_AFWC,2070,CROP_FLW,6.047
GIN_AFWC,2070,PDR,6.787
GIN_AFWC,2070,GRO,2.259
GIN_AFWC,2070,OSD,1.324
GIN_AFWC,2070,C_B,87.908
GIN_AFWC,2070,OTH_A,1.275
GIN_AFWC,2070,CEREAL,5.196
GIN_AFWC,2080,CROP_FLW,6.184
GIN_AFWC,2080,PDR,7.308
GIN_AFWC,2080,GRO,2.324
GIN_AFWC,2080,OSD,1.411
GIN_AFWC,2080,C_B,89.1
GIN_AFWC,2080,OTH_A,1.481
GIN_AFWC,2080,CEREAL,5.454
GIN_AFWC,2090,CROP_FLW,5.923
GIN_AFWC,2090,PDR,7.433
GIN_AFWC,2090,GRO,2.379
GIN_AFWC,2090,OSD,1.451
GIN_AFWC,2090,C_B,89.353
GIN_AFWC,2090,OTH_A,1.539
GIN_AFWC,2090,CEREAL,5.746
GIN_AFWC,2100,CROP_FLW,5.972
GIN_AFWC,2100,PDR,7.032
GIN_AFWC,2100,GRO,2.372
GIN_AFWC,2100,OSD,1.45
GIN_AFWC,2100,C_B,88.798
GIN_AFWC,2100,OTH_A,1.638
GIN_AFWC,2100,CEREAL,5.737
GIN_NIGE,2005,CROP_FLW,5.819
GIN_NIGE,2005,PDR,1.81
GIN_NIGE,2005,GRO,1.107
GIN_NIGE,2005,OSD,0.896
GIN_NIGE,2005,C_B,51.473
GIN_NIGE,2005,OTH_A,0.888
GIN_NIGE,2005,CEREAL,1.377
GIN_NIGE,2010,CROP_FLW,5.819
GIN_NIGE,2010,PDR,2.727
GIN_NIGE,2010,GRO,1.236
GIN_NIGE,2010,OSD,0.918
GIN_NIGE,2010,C_B,52.075
GIN_NIGE,2010,OTH_A,0.901
GIN_NIGE,2010,CEREAL,2.003
GIN_NIGE,2020,CROP_FLW,5.818
GIN_NIGE,2020,PDR,2.899
GIN_NIGE,2020,GRO,1.553
GIN_NIGE,2020,OSD,1.029
GIN_NIGE,2020,C_B,54.954
GIN_NIGE,2020,OTH_A,0.963
GIN_NIGE,2020,CEREAL,2.204
GIN_NIGE,2030,CROP_FLW,5.821
GIN_NIGE,2030,PDR,2.922
GIN_NIGE,2030,GRO,1.645
GIN_NIGE,2030,OSD,1.06
GIN_NIGE,2030,C_B,56.063
GIN_NIGE,2030,OTH_A,1.066
GIN_NIGE,2030,CEREAL,2.294
GIN_NIGE,2040,CROP_FLW,6.295
GIN_NIGE,2040,PDR,3.428
GIN_NIGE,2040,GRO,1.909
GIN_NIGE,2040,OSD,1.171
GIN_NIGE,2040,C_B,57.519
GIN_NIGE,2040,OTH_A,1.231
GIN_NIGE,2040,CEREAL,2.697
GIN_NIGE,2050,CROP_FLW,7.116
GIN_NIGE,2050,PDR,3.89
GIN_NIGE,2050,GRO,1.958
GIN_NIGE,2050,OSD,1.22
GIN_NIGE,2050,C_B,65.708
GIN_NIGE,2050,OTH_A,1.448
GIN_NIGE,2050,CEREAL,2.985
GIN_NIGE,2060,CROP_FLW,7.152
GIN_NIGE,2060,PDR,4.115
GIN_NIGE,2060,GRO,1.976
GIN_NIGE,2060,OSD,1.226
GIN_NIGE,2060,C_B,72.702
GIN_NIGE,2060,OTH_A,1.569
GIN_NIGE,2060,CEREAL,3.135
GIN_NIGE,2070,CROP_FLW,7.394
GIN_NIGE,2070,PDR,4.262
GIN_NIGE,2070,GRO,2.018
GIN_NIGE,2070,OSD,1.249
GIN_NIGE,2070,C_B,80.766
GIN_NIGE,2070,OTH_A,1.627
GIN_NIGE,2070,CEREAL,3.236
GIN_NIGE,2080,CROP_FLW,7.416
GIN_NIGE,2080,PDR,4.393
GIN_NIGE,2080,GRO,2.022
GIN_NIGE,2080,OSD,1.266
GIN_NIGE,2080,C_B,90.199
GIN_NIGE,2080,OTH_A,1.743
GIN_NIGE,2080,CEREAL,3.276
GIN_NIGE,2090,CROP_FLW,7.254
GIN_NIGE,2090,PDR,4.407
GIN_NIGE,2090,GRO,2.025
GIN_NIGE,2090,OSD,1.271
GIN_NIGE,2090,C_B,90.309
GIN_NIGE,2090,OTH_A,1.767
GIN_NIGE,2090,CEREAL,3.417
GIN_NIGE,2100,CROP_FLW,7.351
GIN_NIGE,2100,PDR,4.286
GIN_NIGE,2100,GRO,2.021
GIN_NIGE,2100,OSD,1.243
GIN_NIGE,2100,C_B,84.142
GIN_NIGE,2100,OTH_A,1.845
GIN_NIGE,2100,CEREAL,3.493
GIN_SENE,2005,CROP_FLW,5.733
GIN_SENE,2005,PDR,2.121
GIN_SENE,2005,GRO,1.248
GIN_SENE,2005,OSD,0.828
GIN_SENE,2005,OTH_A,0.958
GIN_SENE,2005,CEREAL,1.49
GIN_SENE,2010,CROP_FLW,5.733
GIN_SENE,2010,PDR,2.171
GIN_SENE,2010,GRO,1.258
GIN_SENE,2010,OSD,0.851
GIN_SENE,2010,OTH_A,0.961
GIN_SENE,2010,CEREAL,1.624
GIN_SENE,2020,CROP_FLW,5.658
GIN_SENE,2020,PDR,2.316
GIN_SENE,2020,GRO,1.519
GIN_SENE,2020,OSD,1.021
GIN_SENE,2020,OTH_A,1.062
GIN_SENE,2020,CEREAL,1.808
GIN_SENE,2030,CROP_FLW,5.896
GIN_SENE,2030,PDR,2.463
GIN_SENE,2030,GRO,1.638
GIN_SENE,2030,OSD,1.127
GIN_SENE,2030,OTH_A,1.138
GIN_SENE,2030,CEREAL,1.944
GIN_SENE,2040,CROP_FLW,5.84
GIN_SENE,2040,PDR,2.633
GIN_SENE,2040,GRO,1.825
GIN_SENE,2040,OSD,1.147
GIN_SENE,2040,OTH_A,1.294
GIN_SENE,2040,CEREAL,2.138
GIN_SENE,2050,CROP_FLW,6.316
GIN_SENE,2050,PDR,2.802
GIN_SENE,2050,GRO,1.832
GIN_SENE,2050,OSD,1.148
GIN_SENE,2050,OTH_A,1.435
GIN_SENE,2050,CEREAL,2.223
GIN_SENE,2060,CROP_FLW,6.417
GIN_SENE,2060,PDR,2.913
GIN_SENE,2060,GRO,1.836
GIN_SENE,2060,OSD,1.148
GIN_SENE,2060,OTH_A,1.629
GIN_SENE,2060,CEREAL,2.288
GIN_SENE,2070,CROP_FLW,6.343
GIN_SENE,2070,PDR,2.952
GIN_SENE,2070,GRO,1.836
GIN_SENE,2070,OSD,1.148
GIN_SENE,2070,OTH_A,1.866
GIN_SENE,2070,CEREAL,2.316
GIN_SENE,2080,CROP_FLW,6.318
GIN_SENE,2080,PDR,2.956
GIN_SENE,2080,GRO,1.836
GIN_SENE,2080,OSD,1.148
GIN_SENE,2080,OTH_A,2.322
GIN_SENE,2080,CEREAL,2.296
GIN_SENE,2090,CROP_FLW,5.903
GIN_SENE,2090,PDR,2.958
GIN_SENE,2090,GRO,1.836
GIN_SENE,2090,OSD,1.148
GIN_SENE,2090,OTH_A,2.611
GIN_SENE,2090,CEREAL,2.332
GIN_SENE,2100,CROP_FLW,5.862
GIN_SENE,2100,PDR,2.957
GIN_SENE,2100,GRO,1.836
GIN_SENE,2100,OSD,1.147
GIN_SENE,2100,OTH_A,2.75
GIN_SENE,2100,CEREAL,2.39
GMB_AFWC,2005,CROP_FLW,6.061
GMB_AFWC,2005,PDR,1.667
GMB_AFWC,2005,GRO,0.999
GMB_AFWC,2005,OSD,0.916
GMB_AFWC,2005,OTH_A,0.836
GMB_AFWC,2005,CEREAL,1.06
GMB_AFWC,2010,CROP_FLW,6.072
GMB_AFWC,2010,PDR,2.117
GMB_AFWC,2010,GRO,1.106
GMB_AFWC,2010,OSD,0.937
GMB_AFWC,2010,OTH_A,0.927
GMB_AFWC,2010,CEREAL,1.361
GMB_AFWC,2020,CROP_FLW,5.929
GMB_AFWC,2020,PDR,2.075
GMB_AFWC,2020,GRO,1.116
GMB_AFWC,2020,OSD,0.944
GMB_AFWC,2020,OTH_A,0.921
GMB_AFWC,2020,CEREAL,1.437
GMB_AFWC,2030,CROP_FLW,5.942
GMB_AFWC,2030,PDR,2.074
GMB_AFWC,2030,GRO,1.115
GMB_AFWC,2030,OSD,0.947
GMB_AFWC,2030,OTH_A,0.923
GMB_AFWC,2030,CEREAL,1.465
GMB_AFWC,2040,CROP_FLW,5.938
GMB_AFWC,2040,PDR,2.059
GMB_AFWC,2040,GRO,1.124
GMB_AFWC,2040,OSD,0.947
GMB_AFWC,2040,OTH_A,0.934
GMB_AFWC,2040,CEREAL,1.517
GMB_AFWC,2050,CROP_FLW,5.935
GMB_AFWC,2050,PDR,2.047
GMB_AFWC,2050,GRO,1.143
GMB_AFWC,2050,OSD,0.947
GMB_AFWC,2050,OTH_A,0.947
GMB_AFWC,2050,CEREAL,1.577
GMB_AFWC,2060,CROP_FLW,5.819
GMB_AFWC,2060,PDR,2.022
GMB_AFWC,2060,GRO,1.159
GMB_AFWC,2060,OSD,0.946
GMB_AFWC,2060,OTH_A,0.961
GMB_AFWC,2060,CEREAL,1.63
GMB_AFWC,2070,CROP_FLW,5.745
GMB_AFWC,2070,PDR,2.0
GMB_AFWC,2070,GRO,1.175
GMB_AFWC,2070,OSD,0.943
GMB_AFWC,2070,OTH_A,0.96
GMB_AFWC,2070,CEREAL,1.67
GMB_AFWC,2080,CROP_FLW,5.664
GMB_AFWC,2080,PDR,1.995
GMB_AFWC,2080,GRO,1.197
GMB_AFWC,2080,OSD,0.941
GMB_AFWC,2080,OTH_A,0.943
GMB_AFWC,2080,CEREAL,1.71
GMB_AFWC,2090,CROP_FLW,5.616
GMB_AFWC,2090,PDR,1.996
GMB_AFWC,2090,GRO,1.228
GMB_AFWC,2090,OSD,0.943
GMB_AFWC,2090,OTH_A,0.94
GMB_AFWC,2090,CEREAL,1.744
GMB_AFWC,2100,CROP_FLW,5.655
GMB_AFWC,2100,PDR,2.011
GMB_AFWC,2100,GRO,1.271
GMB_AFWC,2100,OSD,0.946
GMB_AFWC,2100,OTH_A,0.936
GMB_AFWC,2100,CEREAL,1.787
GNB_AFWC,2005,CROP_FLW,5.664
GNB_AFWC,2005,PDR,1.711
GNB_AFWC,2005,GRO,0.833
GNB_AFWC,2005,OSD,0.926
GNB_AFWC,2005,C_B,49.435
GNB_AFWC,2005,OTH_A,0.842
GNB_AFWC,2005,CEREAL,1.153
GNB_AFWC,2010,CROP_FLW,6.051
GNB_AFWC,2010,PDR,2.468
GNB_AFWC,2010,GRO,1.06
GNB_AFWC,2010,OSD,0.967
GNB_AFWC,2010,C_B,51.162
GNB_AFWC,2010,OTH_A,0.881
GNB_AFWC,2010,CEREAL,1.899
GNB_AFWC,2020,CROP_FLW,6.052
GNB_AFWC,2020,PDR,2.545
GNB_AFWC,2020,GRO,1.141
GNB_AFWC,2020,OSD,0.977
GNB_AFWC,2020,C_B,51.837
GNB_AFWC,2020,OTH_A,0.92
GNB_AFWC,2020,CEREAL,2.063
GNB_AFWC,2030,CROP_FLW,6.173
GNB_AFWC,2030,PDR,2.572
GNB_AFWC,2030,GRO,1.182
GNB_AFWC,2030,OSD,0.977
GNB_AFWC,2030,C_B,52.9
GNB_AFWC,2030,OTH_A,0.938
GNB_AFWC,2030,CEREAL,2.131
GNB_AFWC,2040,CROP_FLW,6.234
GNB_AFWC,2040,PDR,2.641
GNB_AFWC,2040,GRO,1.26
GNB_AFWC,2040,OSD,0.988
GNB_AFWC,2040,C_B,53.966
GNB_AFWC,2040,OTH_A,0.986
GNB_AFWC,2040,CEREAL,2.236
GNB_AFWC,2050,CROP_FLW,6.272
GNB_AFWC,2050,PDR,2.761
GNB_AFWC,2050,GRO,1.364
GNB_AFWC,2050,OSD,1.003
GNB_AFWC,2050,C_B,55.83
GNB_AFWC,2050,OTH_A,1.057
GNB_AFWC,2050,CEREAL,2.38
GNB_AFWC,2060,CROP_FLW,6.333
GNB_AFWC,2060,PDR,2.799
GNB_AFWC,2060,GRO,1.411
GNB_AFWC,2060,OSD,1.011
GNB_AFWC,2060,C_B,58.523
GNB_AFWC,2060,OTH_A,1.07
GNB_AFWC,2060,CEREAL,2.455
GNB_AFWC,2070,CROP_FLW,6.346
GNB_AFWC,2070,PDR,2.818
GNB_AFWC,2070,GRO,1.478
GNB_AFWC,2070,OSD,1.021
GNB_AFWC,2070,C_B,58.543
GNB_AFWC,2070,OTH_A,1.073
GNB_AFWC,2070,CEREAL,2.521
GNB_AFWC,2080,CROP_FLW,6.345
GNB_AFWC,2080,PDR,2.847
GNB_AFWC,2080,GRO,1.523
GNB_AFWC,2080,OSD,1.023
GNB_AFWC,2080,C_B,59.138
GNB_AFWC,2080,OTH_A,1.073
GNB_AFWC,2080,CEREAL,2.589
GNB_AFWC,2090,CROP_FLW,6.335
GNB_AFWC,2090,PDR,2.867
GNB_AFWC,2090,GRO,1.558
GNB_AFWC,2090,OSD,1.02
GNB_AFWC,2090,C_B,59.824
GNB_AFWC,2090,OTH_A,1.063
GNB_AFWC,2090,CEREAL,2.647
GNB_AFWC,2100,CROP_FLW,6.356
GNB_AFWC,2100,PDR,2.858
GNB_AFWC,2100,GRO,1.586
GNB_AFWC,2100,OSD,1.015
GNB_AFWC,2100,C_B,60.372
GNB_AFWC,2100,OTH_A,1.068
GNB_AFWC,2100,CEREAL,2.678
GRC_AGBS,2005,CROP_FLW,5.205
GRC_AGBS,2005,PDR,5.192
GRC_AGBS,2005,WHT,5.254
GRC_AGBS,2005,GRO,5.134
GRC_AGBS,2005,OSD,2.383
GRC_AGBS,2005,C_B,75.092
GRC_AGBS,2005,OTH_A,15.15
GRC_AGBS,2005,CEREAL,5.213
GRC_AGBS,2010,CROP_FLW,5.372
GRC_AGBS,2010,PDR,5.266
GRC_AGBS,2010,WHT,5.226
GRC_AGBS,2010,GRO,5.11
GRC_AGBS,2010,OSD,2.422
GRC_AGBS,2010,C_B,102.747
GRC_AGBS,2010,OTH_A,15.149
GRC_AGBS,2010,CEREAL,5.185
GRC_AGBS,2020,CROP_FLW,5.517
GRC_AGBS,2020,PDR,5.393
GRC_AGBS,2020,WHT,5.424
GRC_AGBS,2020,GRO,5.072
GRC_AGBS,2020,OSD,2.443
GRC_AGBS,2020,C_B,110.789
GRC_AGBS,2020,OTH_A,16.524
GRC_AGBS,2020,CEREAL,5.249
GRC_AGBS,2030,CROP_FLW,5.534
GRC_AGBS,2030,PDR,5.492
GRC_AGBS,2030,WHT,5.437
GRC_AGBS,2030,GRO,5.23
GRC_AGBS,2030,OSD,2.455
GRC_AGBS,2030,C_B,108.164
GRC_AGBS,2030,OTH_A,17.309
GRC_AGBS,2030,CEREAL,5.339
GRC_AGBS,2040,CROP_FLW,5.52
GRC_AGBS,2040,PDR,5.69
GRC_AGBS,2040,WHT,5.488
GRC_AGBS,2040,GRO,5.369
GRC_AGBS,2040,OSD,2.457
GRC_AGBS,2040,C_B,105.541
GRC_AGBS,2040,OTH_A,17.264
GRC_AGBS,2040,CEREAL,5.442
GRC_AGBS,2050,CROP_FLW,5.551
GRC_AGBS,2050,PDR,5.759
GRC_AGBS,2050,WHT,5.504
GRC_AGBS,2050,GRO,5.871
GRC_AGBS,2050,OSD,2.458
GRC_AGBS,2050,C_B,103.176
GRC_AGBS,2050,OTH_A,17.129
GRC_AGBS,2050,CEREAL,5.661
GRC_AGBS,2060,CROP_FLW,5.602
GRC_AGBS,2060,PDR,5.604
GRC_AGBS,2060,WHT,5.502
GRC_AGBS,2060,GRO,6.308
GRC_AGBS,2060,OSD,2.445
GRC_AGBS,2060,C_B,100.486
GRC_AGBS,2060,OTH_A,17.063
GRC_AGBS,2060,CEREAL,5.771
GRC_AGBS,2070,CROP_FLW,5.68
GRC_AGBS,2070,PDR,5.515
GRC_AGBS,2070,WHT,5.546
GRC_AGBS,2070,GRO,6.593
GRC_AGBS,2070,OSD,2.424
GRC_AGBS,2070,C_B,97.908
GRC_AGBS,2070,OTH_A,17.356
GRC_AGBS,2070,CEREAL,5.867
GRC_AGBS,2080,CROP_FLW,5.733
GRC_AGBS,2080,PDR,5.475
GRC_AGBS,2080,WHT,5.606
GRC_AGBS,2080,GRO,7.061
GRC_AGBS,2080,OSD,2.377
GRC_AGBS,2080,C_B,95.961
GRC_AGBS,2080,OTH_A,18.155
GRC_AGBS,2080,CEREAL,6.013
GRC_AGBS,2090,CROP_FLW,5.758
GRC_AGBS,2090,PDR,5.442
GRC_AGBS,2090,WHT,5.646
GRC_AGBS,2090,GRO,7.448
GRC_AGBS,2090,OSD,2.344
GRC_AGBS,2090,C_B,94.404
GRC_AGBS,2090,OTH_A,19.278
GRC_AGBS,2090,CEREAL,6.111
GRC_AGBS,2100,CROP_FLW,5.783
GRC_AGBS,2100,PDR,5.405
GRC_AGBS,2100,WHT,5.679
GRC_AGBS,2100,GRO,7.529
GRC_AGBS,2100,OSD,2.307
GRC_AGBS,2100,C_B,93.218
GRC_AGBS,2100,OTH_A,20.469
GRC_AGBS,2100,CEREAL,6.114
GRD_CARC,2005,CROP_FLW,5.671
GRD_CARC,2010,CROP_FLW,5.671
GRD_CARC,2020,CROP_FLW,5.671
GRD_CARC,2030,CROP_FLW,5.671
GRD_CARC,2040,CROP_FLW,5.671
GRD_CARC,2050,CROP_FLW,5.671
GRD_CARC,2060,CROP_FLW,5.671
GRD_CARC,2070,CROP_FLW,5.671
GRD_CARC,2080,CROP_FLW,5.671
GRD_CARC,2090,CROP_FLW,5.671
GRD_CARC,2100,CROP_FLW,5.671
GTM_GRIJ,2005,CROP_FLW,8.985
GTM_GRIJ,2005,PDR,5.016
GTM_GRIJ,2005,WHT,3.432
GTM_GRIJ,2005,GRO,3.619
GTM_GRIJ,2005,OSD,3.93
GTM_GRIJ,2005,C_B,83.871
GTM_GRIJ,2005,OTH_A,2.865
GTM_GRIJ,2005,CEREAL,3.631
GTM_GRIJ,2010,CROP_FLW,8.992
GTM_GRIJ,2010,PDR,5.203
GTM_GRIJ,2010,WHT,3.385
GTM_GRIJ,2010,GRO,3.91
GTM_GRIJ,2010,OSD,3.993
GTM_GRIJ,2010,C_B,97.607
GTM_GRIJ,2010,OTH_A,2.943
GTM_GRIJ,2010,CEREAL,3.919
GTM_GRIJ,2020,CROP_FLW,9.118
GTM_GRIJ,2020,PDR,5.361
GTM_GRIJ,2020,WHT,3.904
GTM_GRIJ,2020,GRO,3.999
GTM_GRIJ,2020,OSD,4.189
GTM_GRIJ,2020,C_B,106.465
GTM_GRIJ,2020,OTH_A,2.951
GTM_GRIJ,2020,CEREAL,4.01
GTM_GRIJ,2030,CROP_FLW,9.16
GTM_GRIJ,2030,PDR,5.47
GTM_GRIJ,2030,WHT,3.958
GTM_GRIJ,2030,GRO,3.936
GTM_GRIJ,2030,OSD,4.19
GTM_GRIJ,2030,C_B,108.366
GTM_GRIJ,2030,OTH_A,2.934
GTM_GRIJ,2030,CEREAL,3.949
GTM_GRIJ,2040,CROP_FLW,9.216
GTM_GRIJ,2040,PDR,5.574
GTM_GRIJ,2040,WHT,4.003
GTM_GRIJ,2040,GRO,3.911
GTM_GRIJ,2040,OSD,4.192
GTM_GRIJ,2040,C_B,109.816
GTM_GRIJ,2040,OTH_A,2.937
GTM_GRIJ,2040,CEREAL,3.925
GTM_GRIJ,2050,CROP_FLW,9.067
GTM_GRIJ,2050,PDR,5.648
GTM_GRIJ,2050,WHT,4.036
GTM_GRIJ,2050,GRO,3.879
GTM_GRIJ,2050,OSD,4.191
GTM_GRIJ,2050,C_B,110.413
GTM_GRIJ,2050,OTH_A,2.948
GTM_GRIJ,2050,CEREAL,3.895
GTM_GRIJ,2060,CROP_FLW,8.969
GTM_GRIJ,2060,PDR,5.789
GTM_GRIJ,2060,WHT,4.065
GTM_GRIJ,2060,GRO,3.869
GTM_GRIJ,2060,OSD,4.199
GTM_GRIJ,2060,C_B,111.5
GTM_GRIJ,2060,OTH_A,2.971
GTM_GRIJ,2060,CEREAL,3.888
GTM_GRIJ,2070,CROP_FLW,8.907
GTM_GRIJ,2070,PDR,5.885
GTM_GRIJ,2070,WHT,4.086
GTM_GRIJ,2070,GRO,3.833
GTM_GRIJ,2070,OSD,4.203
GTM_GRIJ,2070,C_B,113.465
GTM_GRIJ,2070,OTH_A,3.073
GTM_GRIJ,2070,CEREAL,3.857
GTM_GRIJ,2080,CROP_FLW,8.5
GTM_GRIJ,2080,PDR,5.968
GTM_GRIJ,2080,WHT,4.074
GTM_GRIJ,2080,GRO,3.85
GTM_GRIJ,2080,OSD,4.207
GTM_GRIJ,2080,C_B,115.909
GTM_GRIJ,2080,OTH_A,3.158
GTM_GRIJ,2080,CEREAL,3.88
GTM_GRIJ,2090,CROP_FLW,8.159
GTM_GRIJ,2090,PDR,5.981
GTM_GRIJ,2090,WHT,4.056
GTM_GRIJ,2090,GRO,3.876
GTM_GRIJ,2090,OSD,4.211
GTM_GRIJ,2090,C_B,118.397
GTM_GRIJ,2090,OTH_A,3.241
GTM_GRIJ,2090,CEREAL,3.911
GTM_GRIJ,2100,CROP_FLW,7.99
GTM_GRIJ,2100,PDR,5.992
GTM_GRIJ,2100,WHT,4.052
GTM_GRIJ,2100,GRO,3.901
GTM_GRIJ,2100,OSD,4.212
GTM_GRIJ,2100,C_B,120.093
GTM_GRIJ,2100,OTH_A,3.314
GTM_GRIJ,2100,CEREAL,3.942
GTM_SCAM,2005,CROP_FLW,9.397
GTM_SCAM,2005,PDR,4.417
GTM_SCAM,2005,GRO,3.518
GTM_SCAM,2005,OSD,3.922
GTM_SCAM,2005,C_B,99.242
GTM_SCAM,2005,OTH_A,2.882
GTM_SCAM,2005,CEREAL,3.534
GTM_SCAM,2010,CROP_FLW,9.397
GTM_SCAM,2010,PDR,4.645
GTM_SCAM,2010,GRO,3.89
GTM_SCAM,2010,OSD,4.005
GTM_SCAM,2010,C_B,99.281
GTM_SCAM,2010,OTH_A,3.165
GTM_SCAM,2010,CEREAL,3.901
GTM_SCAM,2020,CROP_FLW,9.359
GTM_SCAM,2020,PDR,4.788
GTM_SCAM,2020,GRO,3.945
GTM_SCAM,2020,OSD,4.266
GTM_SCAM,2020,C_B,99.201
GTM_SCAM,2020,OTH_A,3.252
GTM_SCAM,2020,CEREAL,3.957
GTM_SCAM,2030,CROP_FLW,9.336
GTM_SCAM,2030,PDR,4.828
GTM_SCAM,2030,GRO,3.901
GTM_SCAM,2030,OSD,4.264
GTM_SCAM,2030,C_B,99.346
GTM_SCAM,2030,OTH_A,3.267
GTM_SCAM,2030,CEREAL,3.914
GTM_SCAM,2040,CROP_FLW,9.295
GTM_SCAM,2040,PDR,4.967
GTM_SCAM,2040,GRO,3.911
GTM_SCAM,2040,OSD,4.265
GTM_SCAM,2040,C_B,99.494
GTM_SCAM,2040,OTH_A,3.285
GTM_SCAM,2040,CEREAL,3.927
GTM_SCAM,2050,CROP_FLW,9.242
GTM_SCAM,2050,PDR,5.032
GTM_SCAM,2050,GRO,3.88
GTM_SCAM,2050,OSD,4.271
GTM_SCAM,2050,C_B,100.107
GTM_SCAM,2050,OTH_A,3.272
GTM_SCAM,2050,CEREAL,3.897
GTM_SCAM,2060,CROP_FLW,9.004
GTM_SCAM,2060,PDR,5.294
GTM_SCAM,2060,GRO,3.89
GTM_SCAM,2060,OSD,4.273
GTM_SCAM,2060,C_B,101.604
GTM_SCAM,2060,OTH_A,3.27
GTM_SCAM,2060,CEREAL,3.913
GTM_SCAM,2070,CROP_FLW,8.786
GTM_SCAM,2070,PDR,5.317
GTM_SCAM,2070,GRO,3.914
GTM_SCAM,2070,OSD,4.281
GTM_SCAM,2070,C_B,101.489
GTM_SCAM,2070,OTH_A,3.299
GTM_SCAM,2070,CEREAL,3.94
GTM_SCAM,2080,CROP_FLW,8.672
GTM_SCAM,2080,PDR,5.561
GTM_SCAM,2080,GRO,3.951
GTM_SCAM,2080,OSD,4.299
GTM_SCAM,2080,C_B,101.33
GTM_SCAM,2080,OTH_A,3.3
GTM_SCAM,2080,CEREAL,3.986
GTM_SCAM,2090,CROP_FLW,8.653
GTM_SCAM,2090,PDR,5.735
GTM_SCAM,2090,GRO,3.997
GTM_SCAM,2090,OSD,4.308
GTM_SCAM,2090,C_B,101.271
GTM_SCAM,2090,OTH_A,3.328
GTM_SCAM,2090,CEREAL,4.042
GTM_SCAM,2100,CROP_FLW,8.563
GTM_SCAM,2100,PDR,5.821
GTM_SCAM,2100,GRO,4.05
GTM_SCAM,2100,OSD,4.318
GTM_SCAM,2100,C_B,102.306
GTM_SCAM,2100,OTH_A,3.366
GTM_SCAM,2100,CEREAL,4.102
GTM_YUPA,2005,CROP_FLW,9.197
GTM_YUPA,2005,PDR,5.155
GTM_YUPA,2005,GRO,3.803
GTM_YUPA,2005,OSD,4.167
GTM_YUPA,2005,C_B,75.226
GTM_YUPA,2005,OTH_A,3.255
GTM_YUPA,2005,CEREAL,3.825
GTM_YUPA,2010,CROP_FLW,9.196
GTM_YUPA,2010,PDR,5.421
GTM_YUPA,2010,GRO,3.871
GTM_YUPA,2010,OSD,4.206
GTM_YUPA,2010,C_B,96.223
GTM_YUPA,2010,OTH_A,3.4
GTM_YUPA,2010,CEREAL,3.892
GTM_YUPA,2020,CROP_FLW,9.256
GTM_YUPA,2020,PDR,5.65
GTM_YUPA,2020,GRO,3.895
GTM_YUPA,2020,OSD,4.345
GTM_YUPA,2020,C_B,109.246
GTM_YUPA,2020,OTH_A,3.58
GTM_YUPA,2020,CEREAL,3.921
GTM_YUPA,2030,CROP_FLW,9.126
GTM_YUPA,2030,PDR,5.855
GTM_YUPA,2030,GRO,3.914
GTM_YUPA,2030,OSD,4.328
GTM_YUPA,2030,C_B,114.295
GTM_YUPA,2030,OTH_A,3.6
GTM_YUPA,2030,CEREAL,3.942
GTM_YUPA,2040,CROP_FLW,9.123
GTM_YUPA,2040,PDR,6.049
GTM_YUPA,2040,GRO,3.935
GTM_YUPA,2040,OSD,4.325
GTM_YUPA,2040,C_B,118.999
GTM_YUPA,2040,OTH_A,3.631
GTM_YUPA,2040,CEREAL,3.967
GTM_YUPA,2050,CROP_FLW,9.123
GTM_YUPA,2050,PDR,6.202
GTM_YUPA,2050,GRO,3.953
GTM_YUPA,2050,OSD,4.318
GTM_YUPA,2050,C_B,122.699
GTM_YUPA,2050,OTH_A,3.647
GTM_YUPA,2050,CEREAL,3.987
GTM_YUPA,2060,CROP_FLW,9.142
GTM_YUPA,2060,PDR,6.364
GTM_YUPA,2060,GRO,3.957
GTM_YUPA,2060,OSD,4.3
GTM_YUPA,2060,C_B,126.537
GTM_YUPA,2060,OTH_A,3.706
GTM_YUPA,2060,CEREAL,3.999
GTM_YUPA,2070,CROP_FLW,9.381
GTM_YUPA,2070,PDR,6.311
GTM_YUPA,2070,GRO,3.952
GTM_YUPA,2070,OSD,4.255
GTM_YUPA,2070,C_B,129.549
GTM_YUPA,2070,OTH_A,3.744
GTM_YUPA,2070,CEREAL,4.0
GTM_YUPA,2080,CROP_FLW,8.948
GTM_YUPA,2080,PDR,6.323
GTM_YUPA,2080,GRO,3.952
GTM_YUPA,2080,OSD,4.26
GTM_YUPA,2080,C_B,134.017
GTM_YUPA,2080,OTH_A,3.806
GTM_YUPA,2080,CEREAL,4.011
GTM_YUPA,2090,CROP_FLW,8.616
GTM_YUPA,2090,PDR,6.337
GTM_YUPA,2090,GRO,3.953
GTM_YUPA,2090,OSD,4.256
GTM_YUPA,2090,C_B,138.483
GTM_YUPA,2090,OTH_A,3.87
GTM_YUPA,2090,CEREAL,4.024
GTM_YUPA,2100,CROP_FLW,8.345
GTM_YUPA,2100,PDR,6.353
GTM_YUPA,2100,GRO,3.953
GTM_YUPA,2100,OSD,4.253
GTM_YUPA,2100,C_B,142.077
GTM_YUPA,2100,OTH_A,3.938
GTM_YUPA,2100,CEREAL,4.04
GUY_AMAZ,2005,CROP_FLW,8.653
GUY_AMAZ,2005,GRO,3.832
GUY_AMAZ,2005,OSD,4.03
GUY_AMAZ,2005,C_B,66.442
GUY_AMAZ,2005,OTH_A,3.357
GUY_AMAZ,2005,CEREAL,3.832
GUY_AMAZ,2010,CROP_FLW,8.626
GUY_AMAZ,2010,GRO,3.965
GUY_AMAZ,2010,OSD,4.299
GUY_AMAZ,2010,C_B,69.028
GUY_AMAZ,2010,OTH_A,3.433
GUY_AMAZ,2010,CEREAL,3.965
GUY_AMAZ,2020,CROP_FLW,8.456
GUY_AMAZ,2020,GRO,5.72
GUY_AMAZ,2020,OSD,4.567
GUY_AMAZ,2020,C_B,77.238
GUY_AMAZ,2020,OTH_A,3.524
GUY_AMAZ,2020,CEREAL,5.72
GUY_AMAZ,2030,CROP_FLW,8.674
GUY_AMAZ,2030,GRO,5.807
GUY_AMAZ,2030,OSD,4.568
GUY_AMAZ,2030,C_B,79.436
GUY_AMAZ,2030,OTH_A,3.589
GUY_AMAZ,2030,CEREAL,5.807
GUY_AMAZ,2040,CROP_FLW,8.322
GUY_AMAZ,2040,GRO,5.898
GUY_AMAZ,2040,OSD,4.569
GUY_AMAZ,2040,C_B,79.735
GUY_AMAZ,2040,OTH_A,3.615
GUY_AMAZ,2040,CEREAL,5.898
GUY_AMAZ,2050,CROP_FLW,7.957
GUY_AMAZ,2050,GRO,6.08
GUY_AMAZ,2050,OSD,4.556
GUY_AMAZ,2050,C_B,82.442
GUY_AMAZ,2050,OTH_A,3.653
GUY_AMAZ,2050,CEREAL,6.08
GUY_AMAZ,2060,CROP_FLW,7.822
GUY_AMAZ,2060,GRO,6.249
GUY_AMAZ,2060,OSD,4.558
GUY_AMAZ,2060,C_B,86.746
GUY_AMAZ,2060,OTH_A,3.71
GUY_AMAZ,2060,CEREAL,6.249
GUY_AMAZ,2070,CROP_FLW,7.865
GUY_AMAZ,2070,GRO,6.398
GUY_AMAZ,2070,OSD,4.561
GUY_AMAZ,2070,C_B,90.949
GUY_AMAZ,2070,OTH_A,3.789
GUY_AMAZ,2070,CEREAL,6.398
GUY_AMAZ,2080,CROP_FLW,7.857
GUY_AMAZ,2080,GRO,6.486
GUY_AMAZ,2080,OSD,4.564
GUY_AMAZ,2080,C_B,91.834
GUY_AMAZ,2080,OTH_A,3.875
GUY_AMAZ,2080,CEREAL,6.486
GUY_AMAZ,2090,CROP_FLW,7.862
GUY_AMAZ,2090,GRO,6.52
GUY_AMAZ,2090,OSD,4.564
GUY_AMAZ,2090,C_B,96.307
GUY_AMAZ,2090,OTH_A,3.903
GUY_AMAZ,2090,CEREAL,6.52
GUY_AMAZ,2100,CROP_FLW,7.868
GUY_AMAZ,2100,GRO,6.588
GUY_AMAZ,2100,OSD,4.565
GUY_AMAZ,2100,C_B,100.505
GUY_AMAZ,2100,OTH_A,3.913
GUY_AMAZ,2100,CEREAL,6.588
GUY_NESO,2005,CROP_FLW,7.222
GUY_NESO,2005,PDR,4.997
GUY_NESO,2005,GRO,3.262
GUY_NESO,2005,OSD,3.969
GUY_NESO,2005,C_B,67.938
GUY_NESO,2005,OTH_A,3.149
GUY_NESO,2005,CEREAL,4.828
GUY_NESO,2010,CROP_FLW,7.421
GUY_NESO,2010,PDR,5.292
GUY_NESO,2010,GRO,3.457
GUY_NESO,2010,OSD,4.636
GUY_NESO,2010,C_B,70.789
GUY_NESO,2010,OTH_A,3.943
GUY_NESO,2010,CEREAL,5.157
GUY_NESO,2020,CROP_FLW,7.69
GUY_NESO,2020,PDR,5.394
GUY_NESO,2020,GRO,4.138
GUY_NESO,2020,OSD,4.547
GUY_NESO,2020,C_B,76.306
GUY_NESO,2020,OTH_A,5.28
GUY_NESO,2020,CEREAL,5.209
GUY_NESO,2030,CROP_FLW,7.665
GUY_NESO,2030,PDR,5.621
GUY_NESO,2030,GRO,4.191
GUY_NESO,2030,OSD,4.675
GUY_NESO,2030,C_B,80.965
GUY_NESO,2030,OTH_A,5.48
GUY_NESO,2030,CEREAL,5.44
GUY_NESO,2040,CROP_FLW,7.64
GUY_NESO,2040,PDR,5.732
GUY_NESO,2040,GRO,4.242
GUY_NESO,2040,OSD,4.68
GUY_NESO,2040,C_B,80.998
GUY_NESO,2040,OTH_A,5.649
GUY_NESO,2040,CEREAL,5.564
GUY_NESO,2050,CROP_FLW,7.586
GUY_NESO,2050,PDR,5.752
GUY_NESO,2050,GRO,4.409
GUY_NESO,2050,OSD,4.722
GUY_NESO,2050,C_B,82.679
GUY_NESO,2050,OTH_A,5.846
GUY_NESO,2050,CEREAL,5.611
GUY_NESO,2060,CROP_FLW,7.623
GUY_NESO,2060,PDR,5.93
GUY_NESO,2060,GRO,4.577
GUY_NESO,2060,OSD,4.778
GUY_NESO,2060,C_B,84.842
GUY_NESO,2060,OTH_A,6.127
GUY_NESO,2060,CEREAL,5.795
GUY_NESO,2070,CROP_FLW,7.738
GUY_NESO,2070,PDR,6.15
GUY_NESO,2070,GRO,4.613
GUY_NESO,2070,OSD,4.825
GUY_NESO,2070,C_B,86.14
GUY_NESO,2070,OTH_A,6.436
GUY_NESO,2070,CEREAL,5.996
GUY_NESO,2080,CROP_FLW,7.629
GUY_NESO,2080,PDR,6.312
GUY_NESO,2080,GRO,4.618
GUY_NESO,2080,OSD,4.83
GUY_NESO,2080,C_B,86.328
GUY_NESO,2080,OTH_A,6.706
GUY_NESO,2080,CEREAL,6.137
GUY_NESO,2090,CROP_FLW,7.629
GUY_NESO,2090,PDR,6.339
GUY_NESO,2090,GRO,4.6
GUY_NESO,2090,OSD,4.936
GUY_NESO,2090,C_B,91.194
GUY_NESO,2090,OTH_A,6.712
GUY_NESO,2090,CEREAL,6.153
GUY_NESO,2100,CROP_FLW,7.63
GUY_NESO,2100,PDR,6.382
GUY_NESO,2100,GRO,4.569
GUY_NESO,2100,OSD,5.009
GUY_NESO,2100,C_B,95.509
GUY_NESO,2100,OTH_A,6.731
GUY_NESO,2100,CEREAL,6.18
HKG_CHIN,2005,CROP_FLW,9.823
HKG_CHIN,2005,WHT,4.41
HKG_CHIN,2005,GRO,5.06
HKG_CHIN,2005,OTH_A,6.765
HKG_CHIN,2005,CEREAL,4.411
HKG_CHIN,2010,CROP_FLW,9.823
HKG_CHIN,2010,WHT,4.41
HKG_CHIN,2010,OTH_A,6.765
HKG_CHIN,2010,CEREAL,4.41
HKG_CHIN,2020,CROP_FLW,9.823
HKG_CHIN,2020,WHT,4.41
HKG_CHIN,2020,OTH_A,6.833
HKG_CHIN,2020,CEREAL,4.41
HKG_CHIN,2030,CROP_FLW,9.823
HKG_CHIN,2030,WHT,4.41
HKG_CHIN,2030,OTH_A,6.877
HKG_CHIN,2030,CEREAL,4.41
HKG_CHIN,2040,CROP_FLW,9.823
HKG_CHIN,2040,WHT,4.41
HKG_CHIN,2040,OTH_A,6.877
HKG_CHIN,2040,CEREAL,4.41
HKG_CHIN,2050,CROP_FLW,9.823
HKG_CHIN,2050,WHT,4.41
HKG_CHIN,2050,OTH_A,6.877
HKG_CHIN,2050,CEREAL,4.41
HKG_CHIN,2060,CROP_FLW,9.823
HKG_CHIN,2060,WHT,4.41
HKG_CHIN,2060,OTH_A,6.877
HKG_CHIN,2060,CEREAL,4.41
HKG_CHIN,2070,CROP_FLW,9.823
HKG_CHIN,2070,WHT,4.41
HKG_CHIN,2070,OTH_A,6.877
HKG_CHIN,2070,CEREAL,4.41
HKG_CHIN,2080,CROP_FLW,9.823
HKG_CHIN,2080,WHT,4.41
HKG_CHIN,2080,OTH_A,6.877
HKG_CHIN,2080,CEREAL,4.41
HKG_CHIN,2090,CROP_FLW,9.823
HKG_CHIN,2090,WHT,4.41
HKG_CHIN,2090,OTH_A,6.877
HKG_CHIN,2090,CEREAL,4.41
HKG_CHIN,2100,CROP_FLW,9.823
HKG_CHIN,2100,WHT,4.41
HKG_CHIN,2100,OTH_A,6.877
HKG_CHIN,2100,CEREAL,4.41
HND_SCAM,2005,CROP_FLW,9.622
HND_SCAM,2005,PDR,5.869
HND_SCAM,2005,WHT,3.24
HND_SCAM,2005,GRO,3.833
HND_SCAM,2005,OSD,3.922
HND_SCAM,2005,C_B,67.659
HND_SCAM,2005,OTH_A,3.424
HND_SCAM,2005,CEREAL,3.86
HND_SCAM,2010,CROP_FLW,9.511
HND_SCAM,2010,PDR,5.904
HND_SCAM,2010,WHT,3.254
HND_SCAM,2010,GRO,3.846
HND_SCAM,2010,OSD,4.24
HND_SCAM,2010,C_B,69.413
HND_SCAM,2010,OTH_A,3.5
HND_SCAM,2010,CEREAL,3.882
HND_SCAM,2020,CROP_FLW,9.308
HND_SCAM,2020,PDR,6.275
HND_SCAM,2020,WHT,3.538
HND_SCAM,2020,GRO,3.868
HND_SCAM,2020,OSD,4.408
HND_SCAM,2020,C_B,79.521
HND_SCAM,2020,OTH_A,3.587
HND_SCAM,2020,CEREAL,3.981
HND_SCAM,2030,CROP_FLW,9.301
HND_SCAM,2030,PDR,6.353
HND_SCAM,2030,WHT,3.641
HND_SCAM,2030,GRO,3.935
HND_SCAM,2030,OSD,4.504
HND_SCAM,2030,C_B,85.052
HND_SCAM,2030,OTH_A,3.599
HND_SCAM,2030,CEREAL,4.052
HND_SCAM,2040,CROP_FLW,9.302
HND_SCAM,2040,PDR,6.348
HND_SCAM,2040,WHT,3.784
HND_SCAM,2040,GRO,3.946
HND_SCAM,2040,OSD,4.563
HND_SCAM,2040,C_B,90.006
HND_SCAM,2040,OTH_A,3.621
HND_SCAM,2040,CEREAL,4.072
HND_SCAM,2050,CROP_FLW,9.312
HND_SCAM,2050,PDR,6.375
HND_SCAM,2050,WHT,3.893
HND_SCAM,2050,GRO,3.962
HND_SCAM,2050,OSD,4.588
HND_SCAM,2050,C_B,92.829
HND_SCAM,2050,OTH_A,3.65
HND_SCAM,2050,CEREAL,4.096
HND_SCAM,2060,CROP_FLW,9.321
HND_SCAM,2060,PDR,6.395
HND_SCAM,2060,WHT,4.032
HND_SCAM,2060,GRO,3.977
HND_SCAM,2060,OSD,4.6
HND_SCAM,2060,C_B,94.959
HND_SCAM,2060,OTH_A,3.68
HND_SCAM,2060,CEREAL,4.124
HND_SCAM,2070,CROP_FLW,9.314
HND_SCAM,2070,PDR,6.412
HND_SCAM,2070,WHT,4.236
HND_SCAM,2070,GRO,3.989
HND_SCAM,2070,OSD,4.603
HND_SCAM,2070,C_B,96.408
HND_SCAM,2070,OTH_A,3.709
HND_SCAM,2070,CEREAL,4.145
HND_SCAM,2080,CROP_FLW,9.316
HND_SCAM,2080,PDR,6.426
HND_SCAM,2080,WHT,4.437
HND_SCAM,2080,GRO,4.0
HND_SCAM,2080,OSD,4.605
HND_SCAM,2080,C_B,97.647
HND_SCAM,2080,OTH_A,3.75
HND_SCAM,2080,CEREAL,4.156
HND_SCAM,2090,CROP_FLW,9.322
HND_SCAM,2090,PDR,6.439
HND_SCAM,2090,WHT,4.607
HND_SCAM,2090,GRO,4.008
HND_SCAM,2090,OSD,4.612
HND_SCAM,2090,C_B,97.86
HND_SCAM,2090,OTH_A,3.795
HND_SCAM,2090,CEREAL,4.168
HND_SCAM,2100,CROP_FLW,9.436
HND_SCAM,2100,PDR,6.303
HND_SCAM,2100,WHT,4.827
HND_SCAM,2100,GRO,4.195
HND_SCAM,2100,OSD,4.721
HND_SCAM,2100,C_B,100.047
HND_SCAM,2100,OTH_A,3.821
HND_SCAM,2100,CEREAL,4.391
HRV_AGBS,2005,CROP_FLW,6.481
HRV_AGBS,2005,WHT,2.153
HRV_AGBS,2005,GRO,2.915
HRV_AGBS,2005,OSD,1.242
HRV_AGBS,2005,C_B,10.281
HRV_AGBS,2005,OTH_A,0.572
HRV_AGBS,2005,CEREAL,2.714
HRV_AGBS,2010,CROP_FLW,6.078
HRV_AGBS,2010,WHT,2.207
HRV_AGBS,2010,GRO,2.925
HRV_AGBS,2010,OSD,1.252
HRV_AGBS,2010,C_B,10.898
HRV_AGBS,2010,OTH_A,0.609
HRV_AGBS,2010,CEREAL,2.707
HRV_AGBS,2020,CROP_FLW,6.481
HRV_AGBS,2020,WHT,2.408
HRV_AGBS,2020,GRO,3.377
HRV_AGBS,2020,OSD,1.382
HRV_AGBS,2020,C_B,12.233
HRV_AGBS,2020,OTH_A,0.666
HRV_AGBS,2020,CEREAL,3.08
HRV_AGBS,2030,CROP_FLW,6.451
HRV_AGBS,2030,WHT,2.423
HRV_AGBS,2030,GRO,3.417
HRV_AGBS,2030,OSD,1.394
HRV_AGBS,2030,C_B,12.362
HRV_AGBS,2030,OTH_A,0.674
HRV_AGBS,2030,CEREAL,3.108
HRV_AGBS,2040,CROP_FLW,6.556
HRV_AGBS,2040,WHT,2.439
HRV_AGBS,2040,GRO,3.42
HRV_AGBS,2040,OSD,1.39
HRV_AGBS,2040,C_B,12.447
HRV_AGBS,2040,OTH_A,0.68
HRV_AGBS,2040,CEREAL,3.135
HRV_AGBS,2050,CROP_FLW,6.621
HRV_AGBS,2050,WHT,2.456
HRV_AGBS,2050,GRO,3.446
HRV_AGBS,2050,OSD,1.387
HRV_AGBS,2050,C_B,12.568
HRV_AGBS,2050,OTH_A,0.686
HRV_AGBS,2050,CEREAL,3.165
HRV_AGBS,2060,CROP_FLW,6.576
HRV_AGBS,2060,WHT,2.464
HRV_AGBS,2060,GRO,3.456
HRV_AGBS,2060,OSD,1.384
HRV_AGBS,2060,C_B,12.76
HRV_AGBS,2060,OTH_A,0.692
HRV_AGBS,2060,CEREAL,3.177
HRV_AGBS,2070,CROP_FLW,6.539
HRV_AGBS,2070,WHT,2.464
HRV_AGBS,2070,GRO,3.463
HRV_AGBS,2070,OSD,1.383
HRV_AGBS,2070,C_B,12.927
HRV_AGBS,2070,OTH_A,0.697
HRV_AGBS,2070,CEREAL,3.176
HRV_AGBS,2080,CROP_FLW,6.746
HRV_AGBS,2080,WHT,2.465
HRV_AGBS,2080,GRO,3.528
HRV_AGBS,2080,OSD,1.383
HRV_AGBS,2080,C_B,13.007
HRV_AGBS,2080,OTH_A,0.7
HRV_AGBS,2080,CEREAL,3.168
HRV_AGBS,2090,CROP_FLW,6.828
HRV_AGBS,2090,WHT,2.466
HRV_AGBS,2090,GRO,3.573
HRV_AGBS,2090,OSD,1.382
HRV_AGBS,2090,C_B,13.049
HRV_AGBS,2090,OTH_A,0.702
HRV_AGBS,2090,CEREAL,3.175
HRV_AGBS,2100,CROP_FLW,6.891
HRV_AGBS,2100,WHT,2.47
HRV_AGBS,2100,GRO,3.59
HRV_AGBS,2100,OSD,1.386
HRV_AGBS,2100,C_B,13.049
HRV_AGBS,2100,OTH_A,0.703
HRV_AGBS,2100,CEREAL,3.185
HRV_DANU,2005,CROP_FLW,6.92
HRV_DANU,2005,WHT,2.082
HRV_DANU,2005,GRO,2.897
HRV_DANU,2005,OSD,1.298
HRV_DANU,2005,C_B,10.313
HRV_DANU,2005,OTH_A,0.556
HRV_DANU,2005,CEREAL,2.686
HRV_DANU,2010,CROP_FLW,6.251
HRV_DANU,2010,WHT,2.119
HRV_DANU,2010,GRO,2.904
HRV_DANU,2010,OSD,1.303
HRV_DANU,2010,C_B,10.603
HRV_DANU,2010,OTH_A,0.557
HRV_DANU,2010,CEREAL,2.67
HRV_DANU,2020,CROP_FLW,6.845
HRV_DANU,2020,WHT,2.321
HRV_DANU,2020,GRO,3.134
HRV_DANU,2020,OSD,1.351
HRV_DANU,2020,C_B,12.425
HRV_DANU,2020,OTH_A,0.61
HRV_DANU,2020,CEREAL,2.89
HRV_DANU,2030,CROP_FLW,6.937
HRV_DANU,2030,WHT,2.337
HRV_DANU,2030,GRO,3.152
HRV_DANU,2030,OSD,1.376
HRV_DANU,2030,C_B,12.878
HRV_DANU,2030,OTH_A,0.614
HRV_DANU,2030,CEREAL,2.903
HRV_DANU,2040,CROP_FLW,7.079
HRV_DANU,2040,WHT,2.348
HRV_DANU,2040,GRO,3.152
HRV_DANU,2040,OSD,1.381
HRV_DANU,2040,C_B,12.93
HRV_DANU,2040,OTH_A,0.614
HRV_DANU,2040,CEREAL,2.923
HRV_DANU,2050,CROP_FLW,7.164
HRV_DANU,2050,WHT,2.362
HRV_DANU,2050,GRO,3.147
HRV_DANU,2050,OSD,1.385
HRV_DANU,2050,C_B,12.999
HRV_DANU,2050,OTH_A,0.614
HRV_DANU,2050,CEREAL,2.928
HRV_DANU,2060,CROP_FLW,7.186
HRV_DANU,2060,WHT,2.369
HRV_DANU,2060,GRO,3.142
HRV_DANU,2060,OSD,1.388
HRV_DANU,2060,C_B,13.093
HRV_DANU,2060,OTH_A,0.615
HRV_DANU,2060,CEREAL,2.928
HRV_DANU,2070,CROP_FLW,7.171
HRV_DANU,2070,WHT,2.375
HRV_DANU,2070,GRO,3.137
HRV_DANU,2070,OSD,1.39
HRV_DANU,2070,C_B,13.162
HRV_DANU,2070,OTH_A,0.616
HRV_DANU,2070,CEREAL,2.921
HRV_DANU,2080,CROP_FLW,7.117
HRV_DANU,2080,WHT,2.376
HRV_DANU,2080,GRO,3.144
HRV_DANU,2080,OSD,1.39
HRV_DANU,2080,C_B,13.202
HRV_DANU,2080,OTH_A,0.617
HRV_DANU,2080,CEREAL,2.887
HRV_DANU,2090,CROP_FLW,7.191
HRV_DANU,2090,WHT,2.378
HRV_DANU,2090,GRO,3.134
HRV_DANU,2090,OSD,1.391
HRV_DANU,2090,C_B,13.219
HRV_DANU,2090,OTH_A,0.617
HRV_DANU,2090,CEREAL,2.867
HRV_DANU,2100,CROP_FLW,7.134
HRV_DANU,2100,WHT,2.385
HRV_DANU,2100,GRO,3.133
HRV_DANU,2100,OSD,1.393
HRV_DANU,2100,C_B,13.238
HRV_DANU,2100,OTH_A,0.619
HRV_DANU,2100,CEREAL,2.866
HTI_CARI,2005,CROP_FLW,6.941
HTI_CARI,2005,PDR,4.177
HTI_CARI,2005,GRO,3.439
HTI_CARI,2005,OSD,4.052
HTI_CARI,2005,C_B,71.349
HTI_CARI,2005,OTH_A,3.032
HTI_CARI,2005,CEREAL,3.498
HTI_CARI,2010,CROP_FLW,6.893
HTI_CARI,2010,PDR,4.179
HTI_CARI,2010,GRO,3.977
HTI_CARI,2010,OSD,4.221
HTI_CARI,2010,C_B,71.331
HTI_CARI,2010,OTH_A,3.267
HTI_CARI,2010,CEREAL,3.991
HTI_CARI,2020,CROP_FLW,7.218
HTI_CARI,2020,PDR,4.221
HTI_CARI,2020,GRO,4.109
HTI_CARI,2020,OSD,4.476
HTI_CARI,2020,C_B,73.296
HTI_CARI,2020,OTH_A,3.632
HTI_CARI,2020,CEREAL,4.117
HTI_CARI,2030,CROP_FLW,7.495
HTI_CARI,2030,PDR,4.588
HTI_CARI,2030,GRO,4.127
HTI_CARI,2030,OSD,4.507
HTI_CARI,2030,C_B,73.486
HTI_CARI,2030,OTH_A,3.633
HTI_CARI,2030,CEREAL,4.162
HTI_CARI,2040,CROP_FLW,7.358
HTI_CARI,2040,PDR,4.867
HTI_CARI,2040,GRO,4.298
HTI_CARI,2040,OSD,4.508
HTI_CARI,2040,C_B,73.57
HTI_CARI,2040,OTH_A,3.639
HTI_CARI,2040,CEREAL,4.35
HTI_CARI,2050,CROP_FLW,7.527
HTI_CARI,2050,PDR,4.985
HTI_CARI,2050,GRO,4.455
HTI_CARI,2050,OSD,4.597
HTI_CARI,2050,C_B,74.673
HTI_CARI,2050,OTH_A,3.762
HTI_CARI,2050,CEREAL,4.512
HTI_CARI,2060,CROP_FLW,7.942
HTI_CARI,2060,PDR,5.069
HTI_CARI,2060,GRO,4.582
HTI_CARI,2060,OSD,4.668
HTI_CARI,2060,C_B,75.436
HTI_CARI,2060,OTH_A,3.898
HTI_CARI,2060,CEREAL,4.642
HTI_CARI,2070,CROP_FLW,7.444
HTI_CARI,2070,PDR,5.198
HTI_CARI,2070,GRO,4.701
HTI_CARI,2070,OSD,4.67
HTI_CARI,2070,C_B,75.501
HTI_CARI,2070,OTH_A,4.002
HTI_CARI,2070,CEREAL,4.774
HTI_CARI,2080,CROP_FLW,7.269
HTI_CARI,2080,PDR,5.614
HTI_CARI,2080,GRO,4.753
HTI_CARI,2080,OSD,4.679
HTI_CARI,2080,C_B,76.133
HTI_CARI,2080,OTH_A,3.997
HTI_CARI,2080,CEREAL,4.919
HTI_CARI,2090,CROP_FLW,7.036
HTI_CARI,2090,PDR,5.492
HTI_CARI,2090,GRO,4.89
HTI_CARI,2090,OSD,4.686
HTI_CARI,2090,C_B,76.477
HTI_CARI,2090,OTH_A,3.997
HTI_CARI,2090,CEREAL,5.036
HTI_CARI,2100,CROP_FLW,7.077
HTI_CARI,2100,PDR,5.409
HTI_CARI,2100,GRO,5.055
HTI_CARI,2100,OSD,4.691
HTI_CARI,2100,C_B,76.747
HTI_CARI,2100,OTH_A,4.001
HTI_CARI,2100,CEREAL,5.158
HUN_DANU,2005,CROP_FLW,6.411
HUN_DANU,2005,PDR,5.657
HUN_DANU,2005,WHT,5.645
HUN_DANU,2005,GRO,5.049
HUN_DANU,2005,OSD,2.423
HUN_DANU,2005,C_B,67.339
HUN_DANU,2005,OTH_A,15.284
HUN_DANU,2005,CEREAL,5.277
HUN_DANU,2010,CROP_FLW,5.984
HUN_DANU,2010,PDR,5.908
HUN_DANU,2010,WHT,5.737
HUN_DANU,2010,GRO,5.176
HUN_DANU,2010,OSD,2.491
HUN_DANU,2010,C_B,80.159
HUN_DANU,2010,OTH_A,15.914
HUN_DANU,2010,CEREAL,5.393
HUN_DANU,2020,CROP_FLW,5.988
HUN_DANU,2020,PDR,6.254
HUN_DANU,2020,WHT,5.756
HUN_DANU,2020,GRO,5.191
HUN_DANU,2020,OSD,2.509
HUN_DANU,2020,C_B,79.789
HUN_DANU,2020,OTH_A,16.161
HUN_DANU,2020,CEREAL,5.407
HUN_DANU,2030,CROP_FLW,5.987
HUN_DANU,2030,PDR,6.355
HUN_DANU,2030,WHT,5.774
HUN_DANU,2030,GRO,5.209
HUN_DANU,2030,OSD,2.516
HUN_DANU,2030,C_B,80.118
HUN_DANU,2030,OTH_A,16.28
HUN_DANU,2030,CEREAL,5.428
HUN_DANU,2040,CROP_FLW,5.99
HUN_DANU,2040,PDR,6.463
HUN_DANU,2040,WHT,5.799
HUN_DANU,2040,GRO,5.217
HUN_DANU,2040,OSD,2.541
HUN_DANU,2040,C_B,81.852
HUN_DANU,2040,OTH_A,16.345
HUN_DANU,2040,CEREAL,5.445
HUN_DANU,2050,CROP_FLW,5.905
HUN_DANU,2050,PDR,6.554
HUN_DANU,2050,WHT,5.816
HUN_DANU,2050,GRO,5.261
HUN_DANU,2050,OSD,2.56
HUN_DANU,2050,C_B,82.993
HUN_DANU,2050,OTH_A,16.369
HUN_DANU,2050,CEREAL,5.485
HUN_DANU,2060,CROP_FLW,6.033
HUN_DANU,2060,PDR,6.627
HUN_DANU,2060,WHT,5.825
HUN_DANU,2060,GRO,5.278
HUN_DANU,2060,OSD,2.561
HUN_DANU,2060,C_B,84.425
HUN_DANU,2060,OTH_A,16.363
HUN_DANU,2060,CEREAL,5.505
HUN_DANU,2070,CROP_FLW,6.16
HUN_DANU,2070,PDR,6.667
HUN_DANU,2070,WHT,5.847
HUN_DANU,2070,GRO,5.325
HUN_DANU,2070,OSD,2.568
HUN_DANU,2070,C_B,86.007
HUN_DANU,2070,OTH_A,16.323
HUN_DANU,2070,CEREAL,5.553
HUN_DANU,2080,CROP_FLW,6.253
HUN_DANU,2080,PDR,6.853
HUN_DANU,2080,WHT,5.857
HUN_DANU,2080,GRO,5.335
HUN_DANU,2080,OSD,2.567
HUN_DANU,2080,C_B,87.375
HUN_DANU,2080,OTH_A,16.311
HUN_DANU,2080,CEREAL,5.572
HUN_DANU,2090,CROP_FLW,6.285
HUN_DANU,2090,PDR,6.872
HUN_DANU,2090,WHT,5.851
HUN_DANU,2090,GRO,5.348
HUN_DANU,2090,OSD,2.569
HUN_DANU,2090,C_B,88.114
HUN_DANU,2090,OTH_A,16.325
HUN_DANU,2090,CEREAL,5.579
HUN_DANU,2100,CROP_FLW,6.347
HUN_DANU,2100,PDR,6.911
HUN_DANU,2100,WHT,5.854
HUN_DANU,2100,GRO,5.359
HUN_DANU,2100,OSD,2.569
HUN_DANU,2100,C_B,89.021
HUN_DANU,2100,OTH_A,16.341
HUN_DANU,2100,CEREAL,5.594
IDN_IRJA,2005,CROP_FLW,5.908
IDN_IRJA,2005,PDR,3.82
IDN_IRJA,2005,GRO,3.142
IDN_IRJA,2005,OSD,8.654
IDN_IRJA,2005,C_B,60.784
IDN_IRJA,2005,OTH_A,1.978
IDN_IRJA,2005,CEREAL,3.283
IDN_IRJA,2010,CROP_FLW,5.914
IDN_IRJA,2010,PDR,3.886
IDN_IRJA,2010,GRO,3.486
IDN_IRJA,2010,OSD,9.272
IDN_IRJA,2010,C_B,62.914
IDN_IRJA,2010,OTH_A,2.212
IDN_IRJA,2010,CEREAL,3.563
IDN_IRJA,2020,CROP_FLW,6.06
IDN_IRJA,2020,PDR,4.071
IDN_IRJA,2020,GRO,3.836
IDN_IRJA,2020,OSD,9.745
IDN_IRJA,2020,C_B,64.744
IDN_IRJA,2020,OTH_A,2.3
IDN_IRJA,2020,CEREAL,3.885
IDN_IRJA,2030,CROP_FLW,6.105
IDN_IRJA,2030,PDR,4.143
IDN_IRJA,2030,GRO,3.923
IDN_IRJA,2030,OSD,9.799
IDN_IRJA,2030,C_B,66.491
IDN_IRJA,2030,OTH_A,2.307
IDN_IRJA,2030,CEREAL,3.97
IDN_IRJA,2040,CROP_FLW,6.183
IDN_IRJA,2040,PDR,4.14
IDN_IRJA,2040,GRO,4.038
IDN_IRJA,2040,OSD,9.821
IDN_IRJA,2040,C_B,67.155
IDN_IRJA,2040,OTH_A,2.308
IDN_IRJA,2040,CEREAL,4.061
IDN_IRJA,2050,CROP_FLW,6.439
IDN_IRJA,2050,PDR,4.262
IDN_IRJA,2050,GRO,4.25
IDN_IRJA,2050,OSD,9.918
IDN_IRJA,2050,C_B,67.013
IDN_IRJA,2050,OTH_A,2.315
IDN_IRJA,2050,CEREAL,4.253
IDN_IRJA,2060,CROP_FLW,6.849
IDN_IRJA,2060,PDR,4.415
IDN_IRJA,2060,GRO,4.439
IDN_IRJA,2060,OSD,10.058
IDN_IRJA,2060,C_B,68.147
IDN_IRJA,2060,OTH_A,2.331
IDN_IRJA,2060,CEREAL,4.433
IDN_IRJA,2070,CROP_FLW,7.119
IDN_IRJA,2070,PDR,4.519
IDN_IRJA,2070,GRO,4.576
IDN_IRJA,2070,OSD,10.234
IDN_IRJA,2070,C_B,69.666
IDN_IRJA,2070,OTH_A,2.358
IDN_IRJA,2070,CEREAL,4.562
IDN_IRJA,2080,CROP_FLW,7.156
IDN_IRJA,2080,PDR,4.521
IDN_IRJA,2080,GRO,4.641
IDN_IRJA,2080,OSD,10.374
IDN_IRJA,2080,C_B,69.984
IDN_IRJA,2080,OTH_A,2.38
IDN_IRJA,2080,CEREAL,4.613
IDN_IRJA,2090,CROP_FLW,7.207
IDN_IRJA,2090,PDR,4.526
IDN_IRJA,2090,GRO,4.668
IDN_IRJA,2090,OSD,10.458
IDN_IRJA,2090,C_B,70.253
IDN_IRJA,2090,OTH_A,2.385
IDN_IRJA,2090,CEREAL,4.635
IDN_IRJA,2100,CROP_FLW,7.282
IDN_IRJA,2100,PDR,4.585
IDN_IRJA,2100,GRO,4.801
IDN_IRJA,2100,OSD,10.583
IDN_IRJA,2100,C_B,70.486
IDN_IRJA,2100,OTH_A,2.393
IDN_IRJA,2100,CEREAL,4.75
IDN_JATI,2005,CROP_FLW,8.284
IDN_JATI,2005,PDR,3.772
IDN_JATI,2005,GRO,3.334
IDN_JATI,2005,C_B,61.479
IDN_JATI,2005,OTH_A,1.968
IDN_JATI,2005,CEREAL,3.611
IDN_JATI,2010,CROP_FLW,8.29
IDN_JATI,2010,PDR,3.804
IDN_JATI,2010,GRO,3.323
IDN_JATI,2010,C_B,61.164
IDN_JATI,2010,OTH_A,1.978
IDN_JATI,2010,CEREAL,3.609
IDN_JATI,2020,CROP_FLW,8.347
IDN_JATI,2020,PDR,3.855
IDN_JATI,2020,GRO,3.485
IDN_JATI,2020,C_B,60.988
IDN_JATI,2020,OTH_A,1.988
IDN_JATI,2020,CEREAL,3.711
IDN_JATI,2030,CROP_FLW,8.349
IDN_JATI,2030,PDR,3.872
IDN_JATI,2030,GRO,3.516
IDN_JATI,2030,C_B,60.839
IDN_JATI,2030,OTH_A,2.004
IDN_JATI,2030,CEREAL,3.732
IDN_JATI,2040,CROP_FLW,8.359
IDN_JATI,2040,PDR,3.877
IDN_JATI,2040,GRO,3.524
IDN_JATI,2040,C_B,60.692
IDN_JATI,2040,OTH_A,1.999
IDN_JATI,2040,CEREAL,3.74
IDN_JATI,2050,CROP_FLW,8.381
IDN_JATI,2050,PDR,3.878
IDN_JATI,2050,GRO,3.523
IDN_JATI,2050,C_B,60.508
IDN_JATI,2050,OTH_A,1.998
IDN_JATI,2050,CEREAL,3.744
IDN_JATI,2060,CROP_FLW,8.394
IDN_JATI,2060,PDR,3.885
IDN_JATI,2060,GRO,3.548
IDN_JATI,2060,C_B,60.332
IDN_JATI,2060,OTH_A,1.998
IDN_JATI,2060,CEREAL,3.762
IDN_JATI,2070,CROP_FLW,8.397
IDN_JATI,2070,PDR,3.892
IDN_JATI,2070,GRO,3.545
IDN_JATI,2070,C_B,60.136
IDN_JATI,2070,OTH_A,2.0
IDN_JATI,2070,CEREAL,3.767
IDN_JATI,2080,CROP_FLW,8.4
IDN_JATI,2080,PDR,3.899
IDN_JATI,2080,GRO,3.553
IDN_JATI,2080,C_B,60.031
IDN_JATI,2080,OTH_A,2.006
IDN_JATI,2080,CEREAL,3.769
IDN_JATI,2090,CROP_FLW,8.396
IDN_JATI,2090,PDR,3.878
IDN_JATI,2090,GRO,3.534
IDN_JATI,2090,C_B,59.897
IDN_JATI,2090,OTH_A,2.02
IDN_JATI,2090,CEREAL,3.743
IDN_JATI,2100,CROP_FLW,8.408
IDN_JATI,2100,PDR,3.961
IDN_JATI,2100,GRO,3.617
IDN_JATI,2100,C_B,61.298
IDN_JATI,2100,OTH_A,2.058
IDN_JATI,2100,CEREAL,3.826
IDN_KALI,2005,CROP_FLW,9.281
IDN_KALI,2005,PDR,3.815
IDN_KALI,2005,GRO,3.151
IDN_KALI,2005,OSD,8.519
IDN_KALI,2005,C_B,60.989
IDN_KALI,2005,OTH_A,1.975
IDN_KALI,2005,CEREAL,3.604
IDN_KALI,2010,CROP_FLW,9.273
IDN_KALI,2010,PDR,3.876
IDN_KALI,2010,GRO,3.258
IDN_KALI,2010,OSD,9.387
IDN_KALI,2010,C_B,61.683
IDN_KALI,2010,OTH_A,2.068
IDN_KALI,2010,CEREAL,3.665
IDN_KALI,2020,CROP_FLW,9.263
IDN_KALI,2020,PDR,3.983
IDN_KALI,2020,GRO,3.39
IDN_KALI,2020,OSD,10.06
IDN_KALI,2020,C_B,62.285
IDN_KALI,2020,OTH_A,2.125
IDN_KALI,2020,CEREAL,3.792
IDN_KALI,2030,CROP_FLW,9.267
IDN_KALI,2030,PDR,4.021
IDN_KALI,2030,GRO,3.411
IDN_KALI,2030,OSD,10.165
IDN_KALI,2030,C_B,62.928
IDN_KALI,2030,OTH_A,2.183
IDN_KALI,2030,CEREAL,3.828
IDN_KALI,2040,CROP_FLW,9.269
IDN_KALI,2040,PDR,4.03
IDN_KALI,2040,GRO,3.425
IDN_KALI,2040,OSD,10.189
IDN_KALI,2040,C_B,63.295
IDN_KALI,2040,OTH_A,2.208
IDN_KALI,2040,CEREAL,3.845
IDN_KALI,2050,CROP_FLW,9.267
IDN_KALI,2050,PDR,4.069
IDN_KALI,2050,GRO,3.466
IDN_KALI,2050,OSD,10.204
IDN_KALI,2050,C_B,63.474
IDN_KALI,2050,OTH_A,2.228
IDN_KALI,2050,CEREAL,3.89
IDN_KALI,2060,CROP_FLW,9.27
IDN_KALI,2060,PDR,4.119
IDN_KALI,2060,GRO,3.493
IDN_KALI,2060,OSD,10.218
IDN_KALI,2060,C_B,63.654
IDN_KALI,2060,OTH_A,2.239
IDN_KALI,2060,CEREAL,3.935
IDN_KALI,2070,CROP_FLW,9.287
IDN_KALI,2070,PDR,4.173
IDN_KALI,2070,GRO,3.504
IDN_KALI,2070,OSD,10.311
IDN_KALI,2070,C_B,63.71
IDN_KALI,2070,OTH_A,2.239
IDN_KALI,2070,CEREAL,3.973
IDN_KALI,2080,CROP_FLW,9.291
IDN_KALI,2080,PDR,4.18
IDN_KALI,2080,GRO,3.506
IDN_KALI,2080,OSD,10.333
IDN_KALI,2080,C_B,63.96
IDN_KALI,2080,OTH_A,2.241
IDN_KALI,2080,CEREAL,3.975
IDN_KALI,2090,CROP_FLW,9.296
IDN_KALI,2090,PDR,4.183
IDN_KALI,2090,GRO,3.51
IDN_KALI,2090,OSD,10.354
IDN_KALI,2090,C_B,64.064
IDN_KALI,2090,OTH_A,2.245
IDN_KALI,2090,CEREAL,3.975
IDN_KALI,2100,CROP_FLW,9.307
IDN_KALI,2100,PDR,4.217
IDN_KALI,2100,GRO,3.528
IDN_KALI,2100,OSD,10.426
IDN_KALI,2100,C_B,64.138
IDN_KALI,2100,OTH_A,2.249
IDN_KALI,2100,CEREAL,4.003
IDN_SULA,2005,CROP_FLW,7.74
IDN_SULA,2005,PDR,3.949
IDN_SULA,2005,GRO,3.294
IDN_SULA,2005,OSD,8.84
IDN_SULA,2005,C_B,60.928
IDN_SULA,2005,OTH_A,2.032
IDN_SULA,2005,CEREAL,3.533
IDN_SULA,2010,CROP_FLW,7.773
IDN_SULA,2010,PDR,4.0
IDN_SULA,2010,GRO,3.32
IDN_SULA,2010,OSD,10.196
IDN_SULA,2010,C_B,62.021
IDN_SULA,2010,OTH_A,2.061
IDN_SULA,2010,CEREAL,3.549
IDN_SULA,2020,CROP_FLW,7.994
IDN_SULA,2020,PDR,4.088
IDN_SULA,2020,GRO,3.366
IDN_SULA,2020,OSD,11.385
IDN_SULA,2020,C_B,63.179
IDN_SULA,2020,OTH_A,2.099
IDN_SULA,2020,CEREAL,3.621
IDN_SULA,2030,CROP_FLW,8.024
IDN_SULA,2030,PDR,4.134
IDN_SULA,2030,GRO,3.423
IDN_SULA,2030,OSD,11.829
IDN_SULA,2030,C_B,64.024
IDN_SULA,2030,OTH_A,2.202
IDN_SULA,2030,CEREAL,3.672
IDN_SULA,2040,CROP_FLW,8.044
IDN_SULA,2040,PDR,4.149
IDN_SULA,2040,GRO,3.426
IDN_SULA,2040,OSD,11.977
IDN_SULA,2040,C_B,64.83
IDN_SULA,2040,OTH_A,2.202
IDN_SULA,2040,CEREAL,3.684
IDN_SULA,2050,CROP_FLW,8.074
IDN_SULA,2050,PDR,4.156
IDN_SULA,2050,GRO,3.443
IDN_SULA,2050,OSD,11.991
IDN_SULA,2050,C_B,65.464
IDN_SULA,2050,OTH_A,2.208
IDN_SULA,2050,CEREAL,3.705
IDN_SULA,2060,CROP_FLW,8.112
IDN_SULA,2060,PDR,4.156
IDN_SULA,2060,GRO,3.463
IDN_SULA,2060,OSD,12.004
IDN_SULA,2060,C_B,66.061
IDN_SULA,2060,OTH_A,2.213
IDN_SULA,2060,CEREAL,3.724
IDN_SULA,2070,CROP_FLW,8.125
IDN_SULA,2070,PDR,4.153
IDN_SULA,2070,GRO,3.481
IDN_SULA,2070,OSD,12.008
IDN_SULA,2070,C_B,66.565
IDN_SULA,2070,OTH_A,2.223
IDN_SULA,2070,CEREAL,3.736
IDN_SULA,2080,CROP_FLW,8.146
IDN_SULA,2080,PDR,4.161
IDN_SULA,2080,GRO,3.49
IDN_SULA,2080,OSD,12.116
IDN_SULA,2080,C_B,66.748
IDN_SULA,2080,OTH_A,2.233
IDN_SULA,2080,CEREAL,3.735
IDN_SULA,2090,CROP_FLW,8.186
IDN_SULA,2090,PDR,4.165
IDN_SULA,2090,GRO,3.499
IDN_SULA,2090,OSD,12.304
IDN_SULA,2090,C_B,66.864
IDN_SULA,2090,OTH_A,2.255
IDN_SULA,2090,CEREAL,3.73
IDN_SULA,2100,CROP_FLW,8.201
IDN_SULA,2100,PDR,4.178
IDN_SULA,2100,GRO,3.496
IDN_SULA,2100,OSD,12.312
IDN_SULA,2100,C_B,67.25
IDN_SULA,2100,OTH_A,2.264
IDN_SULA,2100,CEREAL,3.731
IDN_SUMA,2005,CROP_FLW,8.547
IDN_SUMA,2005,PDR,3.788
IDN_SUMA,2005,GRO,3.159
IDN_SUMA,2005,OSD,8.486
IDN_SUMA,2005,C_B,60.966
IDN_SUMA,2005,OTH_A,1.979
IDN_SUMA,2005,CEREAL,3.53
IDN_SUMA,2010,CROP_FLW,8.543
IDN_SUMA,2010,PDR,3.835
IDN_SUMA,2010,GRO,3.718
IDN_SUMA,2010,OSD,8.771
IDN_SUMA,2010,C_B,61.612
IDN_SUMA,2010,OTH_A,2.033
IDN_SUMA,2010,CEREAL,3.783
IDN_SUMA,2020,CROP_FLW,8.532
IDN_SUMA,2020,PDR,3.931
IDN_SUMA,2020,GRO,4.121
IDN_SUMA,2020,OSD,9.001
IDN_SUMA,2020,C_B,62.166
IDN_SUMA,2020,OTH_A,2.048
IDN_SUMA,2020,CEREAL,4.011
IDN_SUMA,2030,CROP_FLW,8.536
IDN_SUMA,2030,PDR,3.963
IDN_SUMA,2030,GRO,4.335
IDN_SUMA,2030,OSD,9.056
IDN_SUMA,2030,C_B,62.574
IDN_SUMA,2030,OTH_A,2.087
IDN_SUMA,2030,CEREAL,4.122
IDN_SUMA,2040,CROP_FLW,8.533
IDN_SUMA,2040,PDR,3.975
IDN_SUMA,2040,GRO,4.362
IDN_SUMA,2040,OSD,9.074
IDN_SUMA,2040,C_B,62.7
IDN_SUMA,2040,OTH_A,2.098
IDN_SUMA,2040,CEREAL,4.137
IDN_SUMA,2050,CROP_FLW,8.53
IDN_SUMA,2050,PDR,3.976
IDN_SUMA,2050,GRO,4.427
IDN_SUMA,2050,OSD,9.096
IDN_SUMA,2050,C_B,62.886
IDN_SUMA,2050,OTH_A,2.112
IDN_SUMA,2050,CEREAL,4.16
IDN_SUMA,2060,CROP_FLW,8.535
IDN_SUMA,2060,PDR,3.978
IDN_SUMA,2060,GRO,4.449
IDN_SUMA,2060,OSD,9.104
IDN_SUMA,2060,C_B,63.052
IDN_SUMA,2060,OTH_A,2.121
IDN_SUMA,2060,CEREAL,4.169
IDN_SUMA,2070,CROP_FLW,8.542
IDN_SUMA,2070,PDR,3.992
IDN_SUMA,2070,GRO,4.479
IDN_SUMA,2070,OSD,9.121
IDN_SUMA,2070,C_B,63.16
IDN_SUMA,2070,OTH_A,2.13
IDN_SUMA,2070,CEREAL,4.189
IDN_SUMA,2080,CROP_FLW,8.565
IDN_SUMA,2080,PDR,4.012
IDN_SUMA,2080,GRO,4.527
IDN_SUMA,2080,OSD,9.182
IDN_SUMA,2080,C_B,63.214
IDN_SUMA,2080,OTH_A,2.139
IDN_SUMA,2080,CEREAL,4.225
IDN_SUMA,2090,CROP_FLW,8.631
IDN_SUMA,2090,PDR,4.053
IDN_SUMA,2090,GRO,4.749
IDN_SUMA,2090,OSD,9.377
IDN_SUMA,2090,C_B,63.669
IDN_SUMA,2090,OTH_A,2.171
IDN_SUMA,2090,CEREAL,4.352
IDN_SUMA,2100,CROP_FLW,8.638
IDN_SUMA,2100,PDR,4.056
IDN_SUMA,2100,GRO,4.76
IDN_SUMA,2100,OSD,9.376
IDN_SUMA,2100,C_B,63.76
IDN_SUMA,2100,OTH_A,2.172
IDN_SUMA,2100,CEREAL,4.362
IND_GABR,2005,CROP_FLW,6.557
IND_GABR,2005,PDR,3.158
IND_GABR,2005,WHT,2.734
IND_GABR,2005,GRO,1.188
IND_GABR,2005,OSD,0.997
IND_GABR,2005,C_B,64.498
IND_GABR,2005,OTH_A,1.967
IND_GABR,2005,CEREAL,2.583
IND_GABR,2010,CROP_FLW,6.605
IND_GABR,2010,PDR,3.338
IND_GABR,2010,WHT,2.736
IND_GABR,2010,GRO,1.209
IND_GABR,2010,OSD,1.008
IND_GABR,2010,C_B,63.986
IND_GABR,2010,OTH_A,1.996
IND_GABR,2010,CEREAL,2.647
IND_GABR,2020,CROP_FLW,6.585
IND_GABR,2020,PDR,3.32
IND_GABR,2020,WHT,2.674
IND_GABR,2020,GRO,1.229
IND_GABR,2020,OSD,1.026
IND_GABR,2020,C_B,61.825
IND_GABR,2020,OTH_A,2.025
IND_GABR,2020,CEREAL,2.646
IND_GABR,2030,CROP_FLW,6.579
IND_GABR,2030,PDR,3.387
IND_GABR,2030,WHT,2.558
IND_GABR,2030,GRO,1.299
IND_GABR,2030,OSD,1.052
IND_GABR,2030,C_B,61.628
IND_GABR,2030,OTH_A,2.118
IND_GABR,2030,CEREAL,2.622
IND_GABR,2040,CROP_FLW,6.567
IND_GABR,2040,PDR,3.404
IND_GABR,2040,WHT,2.443
IND_GABR,2040,GRO,1.303
IND_GABR,2040,OSD,1.059
IND_GABR,2040,C_B,61.561
IND_GABR,2040,OTH_A,2.16
IND_GABR,2040,CEREAL,2.576
IND_GABR,2050,CROP_FLW,6.561
IND_GABR,2050,PDR,3.405
IND_GABR,2050,WHT,2.398
IND_GABR,2050,GRO,1.3
IND_GABR,2050,OSD,1.061
IND_GABR,2050,C_B,63.172
IND_GABR,2050,OTH_A,2.18
IND_GABR,2050,CEREAL,2.553
IND_GABR,2060,CROP_FLW,6.565
IND_GABR,2060,PDR,3.402
IND_GABR,2060,WHT,2.359
IND_GABR,2060,GRO,1.294
IND_GABR,2060,OSD,1.063
IND_GABR,2060,C_B,64.348
IND_GABR,2060,OTH_A,2.188
IND_GABR,2060,CEREAL,2.53
IND_GABR,2070,CROP_FLW,6.555
IND_GABR,2070,PDR,3.455
IND_GABR,2070,WHT,2.348
IND_GABR,2070,GRO,1.302
IND_GABR,2070,OSD,1.063
IND_GABR,2070,C_B,65.289
IND_GABR,2070,OTH_A,2.208
IND_GABR,2070,CEREAL,2.53
IND_GABR,2080,CROP_FLW,6.566
IND_GABR,2080,PDR,3.463
IND_GABR,2080,WHT,2.38
IND_GABR,2080,GRO,1.313
IND_GABR,2080,OSD,1.059
IND_GABR,2080,C_B,65.478
IND_GABR,2080,OTH_A,2.212
IND_GABR,2080,CEREAL,2.546
IND_GABR,2090,CROP_FLW,6.578
IND_GABR,2090,PDR,3.455
IND_GABR,2090,WHT,2.401
IND_GABR,2090,GRO,1.328
IND_GABR,2090,OSD,1.058
IND_GABR,2090,C_B,65.493
IND_GABR,2090,OTH_A,2.224
IND_GABR,2090,CEREAL,2.553
IND_GABR,2100,CROP_FLW,6.585
IND_GABR,2100,PDR,3.459
IND_GABR,2100,WHT,2.408
IND_GABR,2100,GRO,1.327
IND_GABR,2100,OSD,1.058
IND_GABR,2100,C_B,65.393
IND_GABR,2100,OTH_A,2.27
IND_GABR,2100,CEREAL,2.55
IND_GODA,2005,CROP_FLW,6.106
IND_GODA,2005,PDR,3.224
IND_GODA,2005,WHT,2.611
IND_GODA,2005,GRO,1.128
IND_GODA,2005,OSD,0.985
IND_GODA,2005,C_B,64.029
IND_GODA,2005,OTH_A,1.961
IND_GODA,2005,CEREAL,2.192
IND_GODA,2010,CROP_FLW,6.062
IND_GODA,2010,PDR,3.355
IND_GODA,2010,WHT,2.616
IND_GODA,2010,GRO,1.163
IND_GODA,2010,OSD,0.992
IND_GODA,2010,C_B,62.871
IND_GODA,2010,OTH_A,2.039
IND_GODA,2010,CEREAL,2.283
IND_GODA,2020,CROP_FLW,6.035
IND_GODA,2020,PDR,3.392
IND_GODA,2020,WHT,2.685
IND_GODA,2020,GRO,1.215
IND_GODA,2020,OSD,0.998
IND_GODA,2020,C_B,56.147
IND_GODA,2020,OTH_A,2.066
IND_GODA,2020,CEREAL,2.444
IND_GODA,2030,CROP_FLW,6.033
IND_GODA,2030,PDR,3.511
IND_GODA,2030,WHT,2.771
IND_GODA,2030,GRO,1.255
IND_GODA,2030,OSD,1.008
IND_GODA,2030,C_B,55.161
IND_GODA,2030,OTH_A,2.111
IND_GODA,2030,CEREAL,2.53
IND_GODA,2040,CROP_FLW,6.032
IND_GODA,2040,PDR,3.527
IND_GODA,2040,WHT,2.77
IND_GODA,2040,GRO,1.255
IND_GODA,2040,OSD,1.008
IND_GODA,2040,C_B,55.953
IND_GODA,2040,OTH_A,2.112
IND_GODA,2040,CEREAL,2.556
IND_GODA,2050,CROP_FLW,6.032
IND_GODA,2050,PDR,3.585
IND_GODA,2050,WHT,2.807
IND_GODA,2050,GRO,1.249
IND_GODA,2050,OSD,1.012
IND_GODA,2050,C_B,56.517
IND_GODA,2050,OTH_A,2.13
IND_GODA,2050,CEREAL,2.621
IND_GODA,2060,CROP_FLW,6.03
IND_GODA,2060,PDR,3.656
IND_GODA,2060,WHT,2.851
IND_GODA,2060,GRO,1.25
IND_GODA,2060,OSD,1.016
IND_GODA,2060,C_B,56.082
IND_GODA,2060,OTH_A,2.151
IND_GODA,2060,CEREAL,2.685
IND_GODA,2070,CROP_FLW,6.021
IND_GODA,2070,PDR,3.68
IND_GODA,2070,WHT,2.866
IND_GODA,2070,GRO,1.248
IND_GODA,2070,OSD,1.019
IND_GODA,2070,C_B,56.901
IND_GODA,2070,OTH_A,2.162
IND_GODA,2070,CEREAL,2.69
IND_GODA,2080,CROP_FLW,6.01
IND_GODA,2080,PDR,3.733
IND_GODA,2080,WHT,2.876
IND_GODA,2080,GRO,1.246
IND_GODA,2080,OSD,1.02
IND_GODA,2080,C_B,58.078
IND_GODA,2080,OTH_A,2.172
IND_GODA,2080,CEREAL,2.703
IND_GODA,2090,CROP_FLW,6.015
IND_GODA,2090,PDR,3.747
IND_GODA,2090,WHT,2.875
IND_GODA,2090,GRO,1.245
IND_GODA,2090,OSD,1.019
IND_GODA,2090,C_B,58.836
IND_GODA,2090,OTH_A,2.206
IND_GODA,2090,CEREAL,2.702
IND_GODA,2100,CROP_FLW,5.994
IND_GODA,2100,PDR,3.747
IND_GODA,2100,WHT,2.875
IND_GODA,2100,GRO,1.246
IND_GODA,2100,OSD,1.019
IND_GODA,2100,C_B,59.076
IND_GODA,2100,OTH_A,2.277
IND_GODA,2100,CEREAL,2.694
IND_INDU,2005,CROP_FLW,5.436
IND_INDU,2005,PDR,3.558
IND_INDU,2005,WHT,3.156
IND_INDU,2005,GRO,1.195
IND_INDU,2005,C_B,63.482
IND_INDU,2005,OTH_A,1.916
IND_INDU,2005,CEREAL,2.748
IND_INDU,2010,CROP_FLW,5.436
IND_INDU,2010,PDR,3.793
IND_INDU,2010,WHT,3.162
IND_INDU,2010,GRO,1.21
IND_INDU,2010,C_B,62.678
IND_INDU,2010,OTH_A,1.977
IND_INDU,2010,CEREAL,2.768
IND_INDU,2020,CROP_FLW,5.432
IND_INDU,2020,PDR,3.773
IND_INDU,2020,WHT,3.091
IND_INDU,2020,GRO,1.201
IND_INDU,2020,C_B,59.829
IND_INDU,2020,OTH_A,2.061
IND_INDU,2020,CEREAL,2.725
IND_INDU,2030,CROP_FLW,5.423
IND_INDU,2030,PDR,3.58
IND_INDU,2030,WHT,2.965
IND_INDU,2030,GRO,1.077
IND_INDU,2030,C_B,58.864
IND_INDU,2030,OTH_A,2.114
IND_INDU,2030,CEREAL,2.568
IND_INDU,2040,CROP_FLW,5.405
IND_INDU,2040,PDR,3.681
IND_INDU,2040,WHT,3.042
IND_INDU,2040,GRO,1.114
IND_INDU,2040,C_B,58.593
IND_INDU,2040,OTH_A,2.234
IND_INDU,2040,CEREAL,2.629
IND_INDU,2050,CROP_FLW,5.392
IND_INDU,2050,PDR,3.71
IND_INDU,2050,WHT,3.017
IND_INDU,2050,GRO,1.11
IND_INDU,2050,C_B,60.067
IND_INDU,2050,OTH_A,2.241
IND_INDU,2050,CEREAL,2.603
IND_INDU,2060,CROP_FLW,5.4
IND_INDU,2060,PDR,3.73
IND_INDU,2060,WHT,3.024
IND_INDU,2060,GRO,1.11
IND_INDU,2060,C_B,61.049
IND_INDU,2060,OTH_A,2.25
IND_INDU,2060,CEREAL,2.609
IND_INDU,2070,CROP_FLW,5.397
IND_INDU,2070,PDR,3.624
IND_INDU,2070,WHT,2.986
IND_INDU,2070,GRO,0.994
IND_INDU,2070,C_B,60.477
IND_INDU,2070,OTH_A,2.235
IND_INDU,2070,CEREAL,2.501
IND_INDU,2080,CROP_FLW,5.391
IND_INDU,2080,PDR,3.601
IND_INDU,2080,WHT,2.974
IND_INDU,2080,GRO,0.953
IND_INDU,2080,C_B,59.842
IND_INDU,2080,OTH_A,2.239
IND_INDU,2080,CEREAL,2.444
IND_INDU,2090,CROP_FLW,5.456
IND_INDU,2090,PDR,3.597
IND_INDU,2090,WHT,2.967
IND_INDU,2090,GRO,0.954
IND_INDU,2090,C_B,59.364
IND_INDU,2090,OTH_A,2.254
IND_INDU,2090,CEREAL,2.431
IND_INDU,2100,CROP_FLW,5.3
IND_INDU,2100,PDR,3.579
IND_INDU,2100,WHT,3.012
IND_INDU,2100,GRO,0.953
IND_INDU,2100,C_B,59.211
IND_INDU,2100,OTH_A,2.291
IND_INDU,2100,CEREAL,2.446
IND_KRIS,2005,CROP_FLW,6.146
IND_KRIS,2005,PDR,3.127
IND_KRIS,2005,WHT,2.628
IND_KRIS,2005,GRO,1.156
IND_KRIS,2005,OSD,0.955
IND_KRIS,2005,C_B,64.452
IND_KRIS,2005,OTH_A,1.887
IND_KRIS,2005,CEREAL,2.031
IND_KRIS,2010,CROP_FLW,6.135
IND_KRIS,2010,PDR,3.256
IND_KRIS,2010,WHT,2.628
IND_KRIS,2010,GRO,1.211
IND_KRIS,2010,OSD,0.976
IND_KRIS,2010,C_B,65.573
IND_KRIS,2010,OTH_A,1.891
IND_KRIS,2010,CEREAL,2.134
IND_KRIS,2020,CROP_FLW,6.137
IND_KRIS,2020,PDR,3.319
IND_KRIS,2020,WHT,2.624
IND_KRIS,2020,GRO,1.289
IND_KRIS,2020,OSD,0.977
IND_KRIS,2020,C_B,68.737
IND_KRIS,2020,OTH_A,1.925
IND_KRIS,2020,CEREAL,2.327
IND_KRIS,2030,CROP_FLW,6.162
IND_KRIS,2030,PDR,3.391
IND_KRIS,2030,WHT,2.601
IND_KRIS,2030,GRO,1.321
IND_KRIS,2030,OSD,0.985
IND_KRIS,2030,C_B,68.014
IND_KRIS,2030,OTH_A,1.914
IND_KRIS,2030,CEREAL,2.38
IND_KRIS,2040,CROP_FLW,6.154
IND_KRIS,2040,PDR,3.383
IND_KRIS,2040,WHT,2.567
IND_KRIS,2040,GRO,1.323
IND_KRIS,2040,OSD,1.008
IND_KRIS,2040,C_B,67.328
IND_KRIS,2040,OTH_A,1.892
IND_KRIS,2040,CEREAL,2.41
IND_KRIS,2050,CROP_FLW,6.17
IND_KRIS,2050,PDR,3.366
IND_KRIS,2050,WHT,2.545
IND_KRIS,2050,GRO,1.326
IND_KRIS,2050,OSD,1.007
IND_KRIS,2050,C_B,69.64
IND_KRIS,2050,OTH_A,1.882
IND_KRIS,2050,CEREAL,2.435
IND_KRIS,2060,CROP_FLW,6.186
IND_KRIS,2060,PDR,3.363
IND_KRIS,2060,WHT,2.539
IND_KRIS,2060,GRO,1.331
IND_KRIS,2060,OSD,1.004
IND_KRIS,2060,C_B,70.862
IND_KRIS,2060,OTH_A,1.885
IND_KRIS,2060,CEREAL,2.46
IND_KRIS,2070,CROP_FLW,6.226
IND_KRIS,2070,PDR,3.374
IND_KRIS,2070,WHT,2.533
IND_KRIS,2070,GRO,1.354
IND_KRIS,2070,OSD,1.054
IND_KRIS,2070,C_B,73.806
IND_KRIS,2070,OTH_A,1.904
IND_KRIS,2070,CEREAL,2.479
IND_KRIS,2080,CROP_FLW,6.225
IND_KRIS,2080,PDR,3.403
IND_KRIS,2080,WHT,2.518
IND_KRIS,2080,GRO,1.376
IND_KRIS,2080,OSD,1.081
IND_KRIS,2080,C_B,75.005
IND_KRIS,2080,OTH_A,1.921
IND_KRIS,2080,CEREAL,2.502
IND_KRIS,2090,CROP_FLW,6.222
IND_KRIS,2090,PDR,3.434
IND_KRIS,2090,WHT,2.508
IND_KRIS,2090,GRO,1.379
IND_KRIS,2090,OSD,1.096
IND_KRIS,2090,C_B,75.797
IND_KRIS,2090,OTH_A,1.94
IND_KRIS,2090,CEREAL,2.505
IND_KRIS,2100,CROP_FLW,6.197
IND_KRIS,2100,PDR,3.442
IND_KRIS,2100,WHT,2.492
IND_KRIS,2100,GRO,1.375
IND_KRIS,2100,OSD,1.105
IND_KRIS,2100,C_B,76.104
IND_KRIS,2100,OTH_A,1.978
IND_KRIS,2100,CEREAL,2.494
IND_SABA,2005,CROP_FLW,4.927
IND_SABA,2005,PDR,3.234
IND_SABA,2005,WHT,2.761
IND_SABA,2005,GRO,1.1
IND_SABA,2005,OSD,0.97
IND_SABA,2005,C_B,64.297
IND_SABA,2005,OTH_A,1.91
IND_SABA,2005,CEREAL,1.827
IND_SABA,2010,CROP_FLW,4.884
IND_SABA,2010,PDR,3.462
IND_SABA,2010,WHT,2.769
IND_SABA,2010,GRO,1.141
IND_SABA,2010,OSD,1.006
IND_SABA,2010,C_B,62.629
IND_SABA,2010,OTH_A,2.13
IND_SABA,2010,CEREAL,1.9
IND_SABA,2020,CROP_FLW,4.912
IND_SABA,2020,PDR,3.418
IND_SABA,2020,WHT,2.774
IND_SABA,2020,GRO,1.186
IND_SABA,2020,OSD,1.017
IND_SABA,2020,C_B,56.971
IND_SABA,2020,OTH_A,2.252
IND_SABA,2020,CEREAL,2.011
IND_SABA,2030,CROP_FLW,4.936
IND_SABA,2030,PDR,3.27
IND_SABA,2030,WHT,2.555
IND_SABA,2030,GRO,1.222
IND_SABA,2030,OSD,1.019
IND_SABA,2030,C_B,54.43
IND_SABA,2030,OTH_A,2.437
IND_SABA,2030,CEREAL,1.929
IND_SABA,2040,CROP_FLW,4.926
IND_SABA,2040,PDR,3.193
IND_SABA,2040,WHT,2.402
IND_SABA,2040,GRO,1.227
IND_SABA,2040,OSD,1.018
IND_SABA,2040,C_B,54.184
IND_SABA,2040,OTH_A,2.52
IND_SABA,2040,CEREAL,1.876
IND_SABA,2050,CROP_FLW,4.983
IND_SABA,2050,PDR,3.189
IND_SABA,2050,WHT,2.402
IND_SABA,2050,GRO,1.232
IND_SABA,2050,OSD,1.018
IND_SABA,2050,C_B,58.127
IND_SABA,2050,OTH_A,2.521
IND_SABA,2050,CEREAL,1.888
IND_SABA,2060,CROP_FLW,4.967
IND_SABA,2060,PDR,3.305
IND_SABA,2060,WHT,2.407
IND_SABA,2060,GRO,1.259
IND_SABA,2060,OSD,1.018
IND_SABA,2060,C_B,60.656
IND_SABA,2060,OTH_A,2.57
IND_SABA,2060,CEREAL,1.93
IND_SABA,2070,CROP_FLW,5.04
IND_SABA,2070,PDR,3.465
IND_SABA,2070,WHT,2.569
IND_SABA,2070,GRO,1.274
IND_SABA,2070,OSD,1.02
IND_SABA,2070,C_B,64.064
IND_SABA,2070,OTH_A,2.625
IND_SABA,2070,CEREAL,2.011
IND_SABA,2080,CROP_FLW,5.133
IND_SABA,2080,PDR,3.519
IND_SABA,2080,WHT,2.73
IND_SABA,2080,GRO,1.286
IND_SABA,2080,OSD,1.02
IND_SABA,2080,C_B,65.853
IND_SABA,2080,OTH_A,2.659
IND_SABA,2080,CEREAL,2.077
IND_SABA,2090,CROP_FLW,5.183
IND_SABA,2090,PDR,3.579
IND_SABA,2090,WHT,2.832
IND_SABA,2090,GRO,1.286
IND_SABA,2090,OSD,1.019
IND_SABA,2090,C_B,66.661
IND_SABA,2090,OTH_A,2.68
IND_SABA,2090,CEREAL,2.103
IND_SABA,2100,CROP_FLW,5.187
IND_SABA,2100,PDR,3.576
IND_SABA,2100,WHT,2.866
IND_SABA,2100,GRO,1.293
IND_SABA,2100,OSD,1.02
IND_SABA,2100,C_B,66.291
IND_SABA,2100,OTH_A,2.735
IND_SABA,2100,CEREAL,2.094
IRL_IREL,2005,WHT,5.558
IRL_IREL,2005,GRO,4.889
IRL_IREL,2005,OSD,2.526
IRL_IREL,2005,C_B,71.109
IRL_IREL,2005,OTH_A,15.164
IRL_IREL,2005,CEREAL,5.106
IRL_IREL,2010,WHT,5.795
IRL_IREL,2010,GRO,5.444
IRL_IREL,2010,OSD,2.534
IRL_IREL,2010,C_B,85.826
IRL_IREL,2010,OTH_A,15.802
IRL_IREL,2010,CEREAL,5.54
IRL_IREL,2020,WHT,6.509
IRL_IREL,2020,GRO,5.806
IRL_IREL,2020,OSD,2.468
IRL_IREL,2020,C_B,96.036
IRL_IREL,2020,OTH_A,17.045
IRL_IREL,2020,CEREAL,5.958
IRL_IREL,2030,WHT,6.601
IRL_IREL,2030,GRO,5.895
IRL_IREL,2030,OSD,2.523
IRL_IREL,2030,C_B,95.791
IRL_IREL,2030,OTH_A,17.059
IRL_IREL,2030,CEREAL,6.035
IRL_IREL,2040,WHT,6.66
IRL_IREL,2040,GRO,5.891
IRL_IREL,2040,OSD,2.54
IRL_IREL,2040,C_B,95.889
IRL_IREL,2040,OTH_A,17.062
IRL_IREL,2040,CEREAL,6.027
IRL_IREL,2050,WHT,6.913
IRL_IREL,2050,GRO,5.979
IRL_IREL,2050,OSD,2.587
IRL_IREL,2050,C_B,95.179
IRL_IREL,2050,OTH_A,17.041
IRL_IREL,2050,CEREAL,6.127
IRL_IREL,2060,WHT,6.912
IRL_IREL,2060,GRO,6.111
IRL_IREL,2060,OSD,2.625
IRL_IREL,2060,C_B,94.649
IRL_IREL,2060,OTH_A,17.06
IRL_IREL,2060,CEREAL,6.248
IRL_IREL,2070,WHT,6.871
IRL_IREL,2070,GRO,6.266
IRL_IREL,2070,OSD,2.647
IRL_IREL,2070,C_B,94.231
IRL_IREL,2070,OTH_A,17.112
IRL_IREL,2070,CEREAL,6.384
IRL_IREL,2080,WHT,6.819
IRL_IREL,2080,GRO,6.43
IRL_IREL,2080,OSD,2.642
IRL_IREL,2080,C_B,93.888
IRL_IREL,2080,OTH_A,17.259
IRL_IREL,2080,CEREAL,6.516
IRL_IREL,2090,WHT,6.777
IRL_IREL,2090,GRO,6.573
IRL_IREL,2090,OSD,2.635
IRL_IREL,2090,C_B,93.13
IRL_IREL,2090,OTH_A,17.312
IRL_IREL,2090,CEREAL,6.623
IRL_IREL,2100,WHT,6.749
IRL_IREL,2100,GRO,6.696
IRL_IREL,2100,OSD,2.63
IRL_IREL,2100,C_B,91.598
IRL_IREL,2100,OTH_A,17.283
IRL_IREL,2100,CEREAL,6.711
IRN_CIRA,2005,CROP_FLW,3.981
IRN_CIRA,2005,PDR,3.223
IRN_CIRA,2005,WHT,2.009
IRN_CIRA,2005,GRO,1.54
IRN_CIRA,2005,OSD,1.835
IRN_CIRA,2005,C_B,44.897
IRN_CIRA,2005,OTH_A,5.605
IRN_CIRA,2005,CEREAL,1.939
IRN_CIRA,2010,CROP_FLW,4.015
IRN_CIRA,2010,PDR,3.392
IRN_CIRA,2010,WHT,2.039
IRN_CIRA,2010,GRO,1.613
IRN_CIRA,2010,OSD,2.321
IRN_CIRA,2010,C_B,56.508
IRN_CIRA,2010,OTH_A,5.831
IRN_CIRA,2010,CEREAL,1.984
IRN_CIRA,2020,CROP_FLW,4.063
IRN_CIRA,2020,PDR,3.446
IRN_CIRA,2020,WHT,2.231
IRN_CIRA,2020,GRO,1.552
IRN_CIRA,2020,OSD,2.267
IRN_CIRA,2020,C_B,46.329
IRN_CIRA,2020,OTH_A,5.854
IRN_CIRA,2020,CEREAL,2.09
IRN_CIRA,2030,CROP_FLW,4.084
IRN_CIRA,2030,PDR,3.415
IRN_CIRA,2030,WHT,2.237
IRN_CIRA,2030,GRO,1.606
IRN_CIRA,2030,OSD,2.259
IRN_CIRA,2030,C_B,45.677
IRN_CIRA,2030,OTH_A,6.244
IRN_CIRA,2030,CEREAL,2.119
IRN_CIRA,2040,CROP_FLW,4.089
IRN_CIRA,2040,PDR,3.145
IRN_CIRA,2040,WHT,2.222
IRN_CIRA,2040,GRO,1.688
IRN_CIRA,2040,OSD,2.149
IRN_CIRA,2040,C_B,44.947
IRN_CIRA,2040,OTH_A,6.302
IRN_CIRA,2040,CEREAL,2.136
IRN_CIRA,2050,CROP_FLW,4.089
IRN_CIRA,2050,PDR,2.884
IRN_CIRA,2050,WHT,2.276
IRN_CIRA,2050,GRO,1.782
IRN_CIRA,2050,OSD,2.043
IRN_CIRA,2050,C_B,43.45
IRN_CIRA,2050,OTH_A,6.306
IRN_CIRA,2050,CEREAL,2.196
IRN_CIRA,2060,CROP_FLW,4.098
IRN_CIRA,2060,PDR,2.578
IRN_CIRA,2060,WHT,2.343
IRN_CIRA,2060,GRO,1.83
IRN_CIRA,2060,OSD,1.835
IRN_CIRA,2060,C_B,39.993
IRN_CIRA,2060,OTH_A,6.398
IRN_CIRA,2060,CEREAL,2.24
IRN_CIRA,2070,CROP_FLW,4.106
IRN_CIRA,2070,PDR,2.547
IRN_CIRA,2070,WHT,2.363
IRN_CIRA,2070,GRO,1.853
IRN_CIRA,2070,OSD,1.688
IRN_CIRA,2070,C_B,35.319
IRN_CIRA,2070,OTH_A,6.65
IRN_CIRA,2070,CEREAL,2.25
IRN_CIRA,2080,CROP_FLW,4.115
IRN_CIRA,2080,PDR,2.54
IRN_CIRA,2080,WHT,2.373
IRN_CIRA,2080,GRO,1.861
IRN_CIRA,2080,OSD,1.525
IRN_CIRA,2080,C_B,32.556
IRN_CIRA,2080,OTH_A,6.704
IRN_CIRA,2080,CEREAL,2.248
IRN_CIRA,2090,CROP_FLW,4.103
IRN_CIRA,2090,PDR,2.623
IRN_CIRA,2090,WHT,2.557
IRN_CIRA,2090,GRO,1.882
IRN_CIRA,2090,OSD,1.439
IRN_CIRA,2090,C_B,31.962
IRN_CIRA,2090,OTH_A,7.124
IRN_CIRA,2090,CEREAL,2.363
IRN_CIRA,2100,CROP_FLW,4.101
IRN_CIRA,2100,PDR,2.417
IRN_CIRA,2100,WHT,2.578
IRN_CIRA,2100,GRO,1.941
IRN_CIRA,2100,OSD,1.358
IRN_CIRA,2100,C_B,31.849
IRN_CIRA,2100,OTH_A,7.326
IRN_CIRA,2100,CEREAL,2.371
IRN_CSEC,2005,CROP_FLW,4.0
IRN_CSEC,2005,PDR,3.417
IRN_CSEC,2005,WHT,2.18
IRN_CSEC,2005,GRO,1.575
IRN_CSEC,2005,OSD,1.81
IRN_CSEC,2005,C_B,41.535
IRN_CSEC,2005,OTH_A,5.391
IRN_CSEC,2005,CEREAL,2.128
IRN_CSEC,2010,CROP_FLW,4.0
IRN_CSEC,2010,PDR,3.61
IRN_CSEC,2010,WHT,2.205
IRN_CSEC,2010,GRO,1.635
IRN_CSEC,2010,OSD,2.254
IRN_CSEC,2010,C_B,52.107
IRN_CSEC,2010,OTH_A,5.781
IRN_CSEC,2010,CEREAL,2.169
IRN_CSEC,2020,CROP_FLW,3.972
IRN_CSEC,2020,PDR,3.66
IRN_CSEC,2020,WHT,2.333
IRN_CSEC,2020,GRO,1.576
IRN_CSEC,2020,OSD,2.205
IRN_CSEC,2020,C_B,42.8
IRN_CSEC,2020,OTH_A,5.757
IRN_CSEC,2020,CEREAL,2.232
IRN_CSEC,2030,CROP_FLW,3.973
IRN_CSEC,2030,PDR,3.656
IRN_CSEC,2030,WHT,2.348
IRN_CSEC,2030,GRO,1.632
IRN_CSEC,2030,OSD,2.204
IRN_CSEC,2030,C_B,42.534
IRN_CSEC,2030,OTH_A,6.154
IRN_CSEC,2030,CEREAL,2.275
IRN_CSEC,2040,CROP_FLW,3.976
IRN_CSEC,2040,PDR,3.499
IRN_CSEC,2040,WHT,2.344
IRN_CSEC,2040,GRO,1.708
IRN_CSEC,2040,OSD,2.156
IRN_CSEC,2040,C_B,42.127
IRN_CSEC,2040,OTH_A,6.293
IRN_CSEC,2040,CEREAL,2.308
IRN_CSEC,2050,CROP_FLW,3.955
IRN_CSEC,2050,PDR,3.301
IRN_CSEC,2050,WHT,2.389
IRN_CSEC,2050,GRO,1.793
IRN_CSEC,2050,OSD,2.073
IRN_CSEC,2050,C_B,40.715
IRN_CSEC,2050,OTH_A,6.398
IRN_CSEC,2050,CEREAL,2.369
IRN_CSEC,2060,CROP_FLW,3.969
IRN_CSEC,2060,PDR,3.028
IRN_CSEC,2060,WHT,2.421
IRN_CSEC,2060,GRO,1.821
IRN_CSEC,2060,OSD,1.863
IRN_CSEC,2060,C_B,36.855
IRN_CSEC,2060,OTH_A,6.505
IRN_CSEC,2060,CEREAL,2.39
IRN_CSEC,2070,CROP_FLW,3.981
IRN_CSEC,2070,PDR,3.062
IRN_CSEC,2070,WHT,2.568
IRN_CSEC,2070,GRO,1.873
IRN_CSEC,2070,OSD,1.902
IRN_CSEC,2070,C_B,33.273
IRN_CSEC,2070,OTH_A,6.746
IRN_CSEC,2070,CEREAL,2.504
IRN_CSEC,2080,CROP_FLW,3.945
IRN_CSEC,2080,PDR,3.081
IRN_CSEC,2080,WHT,2.687
IRN_CSEC,2080,GRO,1.923
IRN_CSEC,2080,OSD,1.925
IRN_CSEC,2080,C_B,32.09
IRN_CSEC,2080,OTH_A,7.17
IRN_CSEC,2080,CEREAL,2.584
IRN_CSEC,2090,CROP_FLW,3.994
IRN_CSEC,2090,PDR,3.127
IRN_CSEC,2090,WHT,2.75
IRN_CSEC,2090,GRO,1.985
IRN_CSEC,2090,OSD,1.903
IRN_CSEC,2090,C_B,32.755
IRN_CSEC,2090,OTH_A,7.642
IRN_CSEC,2090,CEREAL,2.648
IRN_CSEC,2100,CROP_FLW,3.995
IRN_CSEC,2100,PDR,3.049
IRN_CSEC,2100,WHT,2.746
IRN_CSEC,2100,GRO,2.05
IRN_CSEC,2100,OSD,1.825
IRN_CSEC,2100,C_B,33.201
IRN_CSEC,2100,OTH_A,7.855
IRN_CSEC,2100,CEREAL,2.658
IRN_CSSW,2005,CROP_FLW,3.81
IRN_CSSW,2005,PDR,3.387
IRN_CSSW,2005,WHT,2.1
IRN_CSSW,2005,GRO,1.558
IRN_CSSW,2005,OSD,1.68
IRN_CSSW,2005,C_B,41.419
IRN_CSSW,2005,OTH_A,5.76
IRN_CSSW,2005,CEREAL,2.122
IRN_CSSW,2010,CROP_FLW,3.798
IRN_CSSW,2010,PDR,3.464
IRN_CSSW,2010,WHT,2.113
IRN_CSSW,2010,GRO,1.591
IRN_CSSW,2010,OSD,2.048
IRN_CSSW,2010,C_B,51.074
IRN_CSSW,2010,OTH_A,6.203
IRN_CSSW,2010,CEREAL,2.14
IRN_CSSW,2020,CROP_FLW,3.763
IRN_CSSW,2020,PDR,3.445
IRN_CSSW,2020,WHT,2.215
IRN_CSSW,2020,GRO,1.55
IRN_CSSW,2020,OSD,2.063
IRN_CSSW,2020,C_B,45.545
IRN_CSSW,2020,OTH_A,6.241
IRN_CSSW,2020,CEREAL,2.193
IRN_CSSW,2030,CROP_FLW,3.748
IRN_CSSW,2030,PDR,3.432
IRN_CSSW,2030,WHT,2.237
IRN_CSSW,2030,GRO,1.632
IRN_CSSW,2030,OSD,2.099
IRN_CSSW,2030,C_B,46.521
IRN_CSSW,2030,OTH_A,6.706
IRN_CSSW,2030,CEREAL,2.245
IRN_CSSW,2040,CROP_FLW,3.741
IRN_CSSW,2040,PDR,3.374
IRN_CSSW,2040,WHT,2.252
IRN_CSSW,2040,GRO,1.748
IRN_CSSW,2040,OSD,2.146
IRN_CSSW,2040,C_B,48.425
IRN_CSSW,2040,OTH_A,7.097
IRN_CSSW,2040,CEREAL,2.305
IRN_CSSW,2050,CROP_FLW,3.765
IRN_CSSW,2050,PDR,3.271
IRN_CSSW,2050,WHT,2.249
IRN_CSSW,2050,GRO,1.838
IRN_CSSW,2050,OSD,2.153
IRN_CSSW,2050,C_B,48.976
IRN_CSSW,2050,OTH_A,7.38
IRN_CSSW,2050,CEREAL,2.348
IRN_CSSW,2060,CROP_FLW,3.778
IRN_CSSW,2060,PDR,2.958
IRN_CSSW,2060,WHT,2.259
IRN_CSSW,2060,GRO,1.899
IRN_CSSW,2060,OSD,2.167
IRN_CSSW,2060,C_B,47.906
IRN_CSSW,2060,OTH_A,7.534
IRN_CSSW,2060,CEREAL,2.353
IRN_CSSW,2070,CROP_FLW,3.784
IRN_CSSW,2070,PDR,2.942
IRN_CSSW,2070,WHT,2.277
IRN_CSSW,2070,GRO,1.94
IRN_CSSW,2070,OSD,2.17
IRN_CSSW,2070,C_B,46.553
IRN_CSSW,2070,OTH_A,7.693
IRN_CSSW,2070,CEREAL,2.386
IRN_CSSW,2080,CROP_FLW,3.801
IRN_CSSW,2080,PDR,3.026
IRN_CSSW,2080,WHT,2.285
IRN_CSSW,2080,GRO,1.93
IRN_CSSW,2080,OSD,2.216
IRN_CSSW,2080,C_B,46.585
IRN_CSSW,2080,OTH_A,7.813
IRN_CSSW,2080,CEREAL,2.417
IRN_CSSW,2090,CROP_FLW,3.766
IRN_CSSW,2090,PDR,3.235
IRN_CSSW,2090,WHT,2.421
IRN_CSSW,2090,GRO,2.092
IRN_CSSW,2090,OSD,2.383
IRN_CSSW,2090,C_B,52.29
IRN_CSSW,2090,OTH_A,8.327
IRN_CSSW,2090,CEREAL,2.578
IRN_CSSW,2100,CROP_FLW,3.767
IRN_CSSW,2100,PDR,3.325
IRN_CSSW,2100,WHT,2.515
IRN_CSSW,2100,GRO,2.326
IRN_CSSW,2100,OSD,2.686
IRN_CSSW,2100,C_B,58.203
IRN_CSSW,2100,OTH_A,8.561
IRN_CSSW,2100,CEREAL,2.708
IRN_PGCO,2005,CROP_FLW,4.207
IRN_PGCO,2005,PDR,3.112
IRN_PGCO,2005,WHT,1.956
IRN_PGCO,2005,GRO,1.468
IRN_PGCO,2005,OSD,1.529
IRN_PGCO,2005,C_B,42.075
IRN_PGCO,2005,OTH_A,5.369
IRN_PGCO,2005,CEREAL,1.958
IRN_PGCO,2010,CROP_FLW,4.2
IRN_PGCO,2010,PDR,3.361
IRN_PGCO,2010,WHT,1.98
IRN_PGCO,2010,GRO,1.541
IRN_PGCO,2010,OSD,1.947
IRN_PGCO,2010,C_B,52.127
IRN_PGCO,2010,OTH_A,5.618
IRN_PGCO,2010,CEREAL,2.011
IRN_PGCO,2020,CROP_FLW,4.17
IRN_PGCO,2020,PDR,3.319
IRN_PGCO,2020,WHT,2.108
IRN_PGCO,2020,GRO,1.51
IRN_PGCO,2020,OSD,1.892
IRN_PGCO,2020,C_B,44.981
IRN_PGCO,2020,OTH_A,5.647
IRN_PGCO,2020,CEREAL,2.084
IRN_PGCO,2030,CROP_FLW,4.155
IRN_PGCO,2030,PDR,3.156
IRN_PGCO,2030,WHT,2.115
IRN_PGCO,2030,GRO,1.542
IRN_PGCO,2030,OSD,1.872
IRN_PGCO,2030,C_B,44.058
IRN_PGCO,2030,OTH_A,5.929
IRN_PGCO,2030,CEREAL,2.097
IRN_PGCO,2040,CROP_FLW,4.15
IRN_PGCO,2040,PDR,2.818
IRN_PGCO,2040,WHT,2.119
IRN_PGCO,2040,GRO,1.599
IRN_PGCO,2040,OSD,1.828
IRN_PGCO,2040,C_B,43.226
IRN_PGCO,2040,OTH_A,5.929
IRN_PGCO,2040,CEREAL,2.098
IRN_PGCO,2050,CROP_FLW,4.128
IRN_PGCO,2050,PDR,2.502
IRN_PGCO,2050,WHT,2.165
IRN_PGCO,2050,GRO,1.655
IRN_PGCO,2050,OSD,1.786
IRN_PGCO,2050,C_B,42.077
IRN_PGCO,2050,OTH_A,5.948
IRN_PGCO,2050,CEREAL,2.113
IRN_PGCO,2060,CROP_FLW,4.136
IRN_PGCO,2060,PDR,2.12
IRN_PGCO,2060,WHT,2.227
IRN_PGCO,2060,GRO,1.671
IRN_PGCO,2060,OSD,1.703
IRN_PGCO,2060,C_B,39.186
IRN_PGCO,2060,OTH_A,5.997
IRN_PGCO,2060,CEREAL,2.088
IRN_PGCO,2070,CROP_FLW,4.156
IRN_PGCO,2070,PDR,2.047
IRN_PGCO,2070,WHT,2.269
IRN_PGCO,2070,GRO,1.661
IRN_PGCO,2070,OSD,1.636
IRN_PGCO,2070,C_B,35.975
IRN_PGCO,2070,OTH_A,6.156
IRN_PGCO,2070,CEREAL,2.08
IRN_PGCO,2080,CROP_FLW,4.163
IRN_PGCO,2080,PDR,2.019
IRN_PGCO,2080,WHT,2.233
IRN_PGCO,2080,GRO,1.64
IRN_PGCO,2080,OSD,1.569
IRN_PGCO,2080,C_B,34.394
IRN_PGCO,2080,OTH_A,6.443
IRN_PGCO,2080,CEREAL,2.033
IRN_PGCO,2090,CROP_FLW,4.168
IRN_PGCO,2090,PDR,1.942
IRN_PGCO,2090,WHT,2.214
IRN_PGCO,2090,GRO,1.636
IRN_PGCO,2090,OSD,1.533
IRN_PGCO,2090,C_B,34.874
IRN_PGCO,2090,OTH_A,6.719
IRN_PGCO,2090,CEREAL,1.987
IRN_PGCO,2100,CROP_FLW,4.178
IRN_PGCO,2100,PDR,1.844
IRN_PGCO,2100,WHT,2.19
IRN_PGCO,2100,GRO,1.65
IRN_PGCO,2100,OSD,1.528
IRN_PGCO,2100,C_B,35.578
IRN_PGCO,2100,OTH_A,7.019
IRN_PGCO,2100,CEREAL,1.936
IRN_TIEU,2005,CROP_FLW,4.392
IRN_TIEU,2005,PDR,3.478
IRN_TIEU,2005,WHT,2.046
IRN_TIEU,2005,GRO,1.524
IRN_TIEU,2005,OSD,1.664
IRN_TIEU,2005,C_B,44.346
IRN_TIEU,2005,OTH_A,5.461
IRN_TIEU,2005,CEREAL,2.027
IRN_TIEU,2010,CROP_FLW,4.392
IRN_TIEU,2010,PDR,3.664
IRN_TIEU,2010,WHT,2.056
IRN_TIEU,2010,GRO,1.572
IRN_TIEU,2010,OSD,2.039
IRN_TIEU,2010,C_B,54.199
IRN_TIEU,2010,OTH_A,5.692
IRN_TIEU,2010,CEREAL,2.053
IRN_TIEU,2020,CROP_FLW,4.38
IRN_TIEU,2020,PDR,3.637
IRN_TIEU,2020,WHT,2.112
IRN_TIEU,2020,GRO,1.565
IRN_TIEU,2020,OSD,2.028
IRN_TIEU,2020,C_B,47.344
IRN_TIEU,2020,OTH_A,5.66
IRN_TIEU,2020,CEREAL,2.082
IRN_TIEU,2030,CROP_FLW,4.378
IRN_TIEU,2030,PDR,3.604
IRN_TIEU,2030,WHT,2.139
IRN_TIEU,2030,GRO,1.636
IRN_TIEU,2030,OSD,2.126
IRN_TIEU,2030,C_B,49.731
IRN_TIEU,2030,OTH_A,6.232
IRN_TIEU,2030,CEREAL,2.131
IRN_TIEU,2040,CROP_FLW,4.367
IRN_TIEU,2040,PDR,3.568
IRN_TIEU,2040,WHT,2.215
IRN_TIEU,2040,GRO,1.799
IRN_TIEU,2040,OSD,2.302
IRN_TIEU,2040,C_B,54.627
IRN_TIEU,2040,OTH_A,6.94
IRN_TIEU,2040,CEREAL,2.242
IRN_TIEU,2050,CROP_FLW,4.388
IRN_TIEU,2050,PDR,3.456
IRN_TIEU,2050,WHT,2.306
IRN_TIEU,2050,GRO,1.968
IRN_TIEU,2050,OSD,2.397
IRN_TIEU,2050,C_B,57.642
IRN_TIEU,2050,OTH_A,7.581
IRN_TIEU,2050,CEREAL,2.36
IRN_TIEU,2060,CROP_FLW,4.424
IRN_TIEU,2060,PDR,3.336
IRN_TIEU,2060,WHT,2.408
IRN_TIEU,2060,GRO,2.128
IRN_TIEU,2060,OSD,2.409
IRN_TIEU,2060,C_B,58.527
IRN_TIEU,2060,OTH_A,8.316
IRN_TIEU,2060,CEREAL,2.479
IRN_TIEU,2070,CROP_FLW,4.422
IRN_TIEU,2070,PDR,3.361
IRN_TIEU,2070,WHT,2.42
IRN_TIEU,2070,GRO,2.194
IRN_TIEU,2070,OSD,2.376
IRN_TIEU,2070,C_B,56.312
IRN_TIEU,2070,OTH_A,8.479
IRN_TIEU,2070,CEREAL,2.52
IRN_TIEU,2080,CROP_FLW,4.389
IRN_TIEU,2080,PDR,3.492
IRN_TIEU,2080,WHT,2.52
IRN_TIEU,2080,GRO,2.311
IRN_TIEU,2080,OSD,2.349
IRN_TIEU,2080,C_B,56.849
IRN_TIEU,2080,OTH_A,8.665
IRN_TIEU,2080,CEREAL,2.637
IRN_TIEU,2090,CROP_FLW,4.37
IRN_TIEU,2090,PDR,3.683
IRN_TIEU,2090,WHT,2.633
IRN_TIEU,2090,GRO,2.493
IRN_TIEU,2090,OSD,2.51
IRN_TIEU,2090,C_B,64.595
IRN_TIEU,2090,OTH_A,8.811
IRN_TIEU,2090,CEREAL,2.787
IRN_TIEU,2100,CROP_FLW,4.401
IRN_TIEU,2100,PDR,3.779
IRN_TIEU,2100,WHT,2.602
IRN_TIEU,2100,GRO,2.602
IRN_TIEU,2100,OSD,2.867
IRN_TIEU,2100,C_B,74.228
IRN_TIEU,2100,OTH_A,8.864
IRN_TIEU,2100,CEREAL,2.814
IRQ_TIEU,2005,CROP_FLW,5.013
IRQ_TIEU,2005,PDR,3.394
IRQ_TIEU,2005,WHT,3.327
IRQ_TIEU,2005,GRO,2.093
IRQ_TIEU,2005,OSD,2.159
IRQ_TIEU,2005,C_B,81.666
IRQ_TIEU,2005,OTH_A,7.001
IRQ_TIEU,2005,CEREAL,2.922
IRQ_TIEU,2010,CROP_FLW,4.717
IRQ_TIEU,2010,PDR,3.877
IRQ_TIEU,2010,WHT,4.041
IRQ_TIEU,2010,GRO,2.017
IRQ_TIEU,2010,OSD,3.011
IRQ_TIEU,2010,C_B,19.006
IRQ_TIEU,2010,OTH_A,6.368
IRQ_TIEU,2010,CEREAL,3.135
IRQ_TIEU,2020,CROP_FLW,4.77
IRQ_TIEU,2020,PDR,4.116
IRQ_TIEU,2020,WHT,4.378
IRQ_TIEU,2020,GRO,2.959
IRQ_TIEU,2020,OSD,5.881
IRQ_TIEU,2020,C_B,18.945
IRQ_TIEU,2020,OTH_A,7.432
IRQ_TIEU,2020,CEREAL,3.971
IRQ_TIEU,2030,CROP_FLW,4.776
IRQ_TIEU,2030,PDR,4.065
IRQ_TIEU,2030,WHT,4.384
IRQ_TIEU,2030,GRO,2.973
IRQ_TIEU,2030,OSD,5.712
IRQ_TIEU,2030,C_B,18.88
IRQ_TIEU,2030,OTH_A,7.658
IRQ_TIEU,2030,CEREAL,3.988
IRQ_TIEU,2040,CROP_FLW,4.781
IRQ_TIEU,2040,PDR,4.011
IRQ_TIEU,2040,WHT,4.391
IRQ_TIEU,2040,GRO,3.017
IRQ_TIEU,2040,OSD,5.507
IRQ_TIEU,2040,C_B,18.805
IRQ_TIEU,2040,OTH_A,7.481
IRQ_TIEU,2040,CEREAL,4.019
IRQ_TIEU,2050,CROP_FLW,4.79
IRQ_TIEU,2050,PDR,3.977
IRQ_TIEU,2050,WHT,4.4
IRQ_TIEU,2050,GRO,3.09
IRQ_TIEU,2050,OSD,5.35
IRQ_TIEU,2050,C_B,18.766
IRQ_TIEU,2050,OTH_A,7.23
IRQ_TIEU,2050,CEREAL,4.071
IRQ_TIEU,2060,CROP_FLW,4.82
IRQ_TIEU,2060,PDR,4.007
IRQ_TIEU,2060,WHT,4.43
IRQ_TIEU,2060,GRO,3.167
IRQ_TIEU,2060,OSD,5.737
IRQ_TIEU,2060,C_B,18.756
IRQ_TIEU,2060,OTH_A,7.441
IRQ_TIEU,2060,CEREAL,4.14
IRQ_TIEU,2070,CROP_FLW,4.862
IRQ_TIEU,2070,PDR,4.06
IRQ_TIEU,2070,WHT,4.451
IRQ_TIEU,2070,GRO,3.202
IRQ_TIEU,2070,OSD,5.903
IRQ_TIEU,2070,C_B,18.754
IRQ_TIEU,2070,OTH_A,7.753
IRQ_TIEU,2070,CEREAL,4.191
IRQ_TIEU,2080,CROP_FLW,4.883
IRQ_TIEU,2080,PDR,4.117
IRQ_TIEU,2080,WHT,4.475
IRQ_TIEU,2080,GRO,3.216
IRQ_TIEU,2080,OSD,6.046
IRQ_TIEU,2080,C_B,18.754
IRQ_TIEU,2080,OTH_A,7.837
IRQ_TIEU,2080,CEREAL,4.238
IRQ_TIEU,2090,CROP_FLW,4.912
IRQ_TIEU,2090,PDR,4.143
IRQ_TIEU,2090,WHT,4.5
IRQ_TIEU,2090,GRO,3.239
IRQ_TIEU,2090,OSD,6.064
IRQ_TIEU,2090,C_B,18.755
IRQ_TIEU,2090,OTH_A,7.806
IRQ_TIEU,2090,CEREAL,4.283
IRQ_TIEU,2100,CROP_FLW,4.942
IRQ_TIEU,2100,PDR,4.151
IRQ_TIEU,2100,WHT,4.526
IRQ_TIEU,2100,GRO,3.271
IRQ_TIEU,2100,OSD,6.044
IRQ_TIEU,2100,C_B,18.757
IRQ_TIEU,2100,OTH_A,7.74
IRQ_TIEU,2100,CEREAL,4.325
ISL_ICEL,2005,CROP_FLW,0.737
ISL_ICEL,2010,CROP_FLW,0.737
ISL_ICEL,2020,CROP_FLW,0.737
ISL_ICEL,2030,CROP_FLW,0.736
ISL_ICEL,2040,CROP_FLW,0.736
ISL_ICEL,2050,CROP_FLW,0.736
ISL_ICEL,2060,CROP_FLW,0.736
ISL_ICEL,2070,CROP_FLW,0.736
ISL_ICEL,2080,CROP_FLW,0.736
ISL_ICEL,2090,CROP_FLW,0.736
ISL_ICEL,2100,CROP_FLW,0.736
ISR_DEAS,2005,CROP_FLW,4.771
ISR_DEAS,2005,WHT,2.078
ISR_DEAS,2005,GRO,1.503
ISR_DEAS,2005,OSD,2.258
ISR_DEAS,2005,OTH_A,6.253
ISR_DEAS,2005,CEREAL,1.912
ISR_DEAS,2010,CROP_FLW,4.78
ISR_DEAS,2010,WHT,2.205
ISR_DEAS,2010,GRO,1.538
ISR_DEAS,2010,OSD,2.165
ISR_DEAS,2010,OTH_A,6.121
ISR_DEAS,2010,CEREAL,1.99
ISR_DEAS,2020,CROP_FLW,4.807
ISR_DEAS,2020,WHT,2.329
ISR_DEAS,2020,GRO,1.56
ISR_DEAS,2020,OSD,1.935
ISR_DEAS,2020,OTH_A,5.86
ISR_DEAS,2020,CEREAL,2.038
ISR_DEAS,2030,CROP_FLW,4.824
ISR_DEAS,2030,WHT,2.337
ISR_DEAS,2030,GRO,1.598
ISR_DEAS,2030,OSD,1.905
ISR_DEAS,2030,OTH_A,5.983
ISR_DEAS,2030,CEREAL,2.07
ISR_DEAS,2040,CROP_FLW,4.822
ISR_DEAS,2040,WHT,2.35
ISR_DEAS,2040,GRO,1.597
ISR_DEAS,2040,OSD,1.776
ISR_DEAS,2040,OTH_A,5.904
ISR_DEAS,2040,CEREAL,2.067
ISR_DEAS,2050,CROP_FLW,4.835
ISR_DEAS,2050,WHT,2.355
ISR_DEAS,2050,GRO,1.594
ISR_DEAS,2050,OSD,1.647
ISR_DEAS,2050,OTH_A,5.768
ISR_DEAS,2050,CEREAL,2.056
ISR_DEAS,2060,CROP_FLW,4.839
ISR_DEAS,2060,WHT,2.36
ISR_DEAS,2060,GRO,1.592
ISR_DEAS,2060,OSD,1.511
ISR_DEAS,2060,OTH_A,5.692
ISR_DEAS,2060,CEREAL,2.051
ISR_DEAS,2070,CROP_FLW,4.854
ISR_DEAS,2070,WHT,2.36
ISR_DEAS,2070,GRO,1.592
ISR_DEAS,2070,OSD,1.497
ISR_DEAS,2070,OTH_A,5.729
ISR_DEAS,2070,CEREAL,2.045
ISR_DEAS,2080,CROP_FLW,4.861
ISR_DEAS,2080,WHT,2.369
ISR_DEAS,2080,GRO,1.592
ISR_DEAS,2080,OSD,1.463
ISR_DEAS,2080,OTH_A,5.732
ISR_DEAS,2080,CEREAL,2.048
ISR_DEAS,2090,CROP_FLW,4.883
ISR_DEAS,2090,WHT,2.39
ISR_DEAS,2090,GRO,1.603
ISR_DEAS,2090,OSD,1.449
ISR_DEAS,2090,OTH_A,5.884
ISR_DEAS,2090,CEREAL,2.066
ISR_DEAS,2100,CROP_FLW,4.897
ISR_DEAS,2100,WHT,2.42
ISR_DEAS,2100,GRO,1.612
ISR_DEAS,2100,OSD,1.42
ISR_DEAS,2100,OTH_A,5.728
ISR_DEAS,2100,CEREAL,2.095
ISR_MSEC,2005,CROP_FLW,4.401
ISR_MSEC,2005,WHT,1.821
ISR_MSEC,2005,GRO,1.94
ISR_MSEC,2005,OSD,2.581
ISR_MSEC,2005,OTH_A,6.929
ISR_MSEC,2005,CEREAL,1.858
ISR_MSEC,2010,CROP_FLW,4.433
ISR_MSEC,2010,WHT,1.871
ISR_MSEC,2010,GRO,1.996
ISR_MSEC,2010,OSD,2.475
ISR_MSEC,2010,OTH_A,6.745
ISR_MSEC,2010,CEREAL,1.915
ISR_MSEC,2020,CROP_FLW,4.56
ISR_MSEC,2020,WHT,1.963
ISR_MSEC,2020,GRO,2.068
ISR_MSEC,2020,OSD,2.18
ISR_MSEC,2020,OTH_A,6.267
ISR_MSEC,2020,CEREAL,2.006
ISR_MSEC,2030,CROP_FLW,4.551
ISR_MSEC,2030,WHT,1.974
ISR_MSEC,2030,GRO,2.238
ISR_MSEC,2030,OSD,2.133
ISR_MSEC,2030,OTH_A,6.402
ISR_MSEC,2030,CEREAL,2.077
ISR_MSEC,2040,CROP_FLW,4.548
ISR_MSEC,2040,WHT,1.991
ISR_MSEC,2040,GRO,2.191
ISR_MSEC,2040,OSD,2.009
ISR_MSEC,2040,OTH_A,6.305
ISR_MSEC,2040,CEREAL,2.072
ISR_MSEC,2050,CROP_FLW,4.549
ISR_MSEC,2050,WHT,1.995
ISR_MSEC,2050,GRO,2.089
ISR_MSEC,2050,OSD,1.859
ISR_MSEC,2050,OTH_A,6.15
ISR_MSEC,2050,CEREAL,2.035
ISR_MSEC,2060,CROP_FLW,4.551
ISR_MSEC,2060,WHT,2.006
ISR_MSEC,2060,GRO,1.968
ISR_MSEC,2060,OSD,1.721
ISR_MSEC,2060,OTH_A,6.093
ISR_MSEC,2060,CEREAL,1.989
ISR_MSEC,2070,CROP_FLW,4.548
ISR_MSEC,2070,WHT,2.024
ISR_MSEC,2070,GRO,1.895
ISR_MSEC,2070,OSD,1.68
ISR_MSEC,2070,OTH_A,6.179
ISR_MSEC,2070,CEREAL,1.965
ISR_MSEC,2080,CROP_FLW,4.547
ISR_MSEC,2080,WHT,2.033
ISR_MSEC,2080,GRO,1.86
ISR_MSEC,2080,OSD,1.645
ISR_MSEC,2080,OTH_A,6.268
ISR_MSEC,2080,CEREAL,1.953
ISR_MSEC,2090,CROP_FLW,4.564
ISR_MSEC,2090,WHT,2.045
ISR_MSEC,2090,GRO,1.922
ISR_MSEC,2090,OSD,1.644
ISR_MSEC,2090,OTH_A,6.362
ISR_MSEC,2090,CEREAL,1.989
ISR_MSEC,2100,CROP_FLW,4.585
ISR_MSEC,2100,WHT,2.058
ISR_MSEC,2100,GRO,2.05
ISR_MSEC,2100,OSD,1.687
ISR_MSEC,2100,OTH_A,6.348
ISR_MSEC,2100,CEREAL,2.055
ITA_IECO,2005,CROP_FLW,7.768
ITA_IECO,2005,PDR,5.205
ITA_IECO,2005,WHT,5.591
ITA_IECO,2005,GRO,4.681
ITA_IECO,2005,OSD,2.492
ITA_IECO,2005,C_B,69.587
ITA_IECO,2005,OTH_A,14.815
ITA_IECO,2005,CEREAL,5.204
ITA_IECO,2010,CROP_FLW,6.665
ITA_IECO,2010,PDR,5.224
ITA_IECO,2010,WHT,5.788
ITA_IECO,2010,GRO,5.3
ITA_IECO,2010,OSD,2.577
ITA_IECO,2010,C_B,98.202
ITA_IECO,2010,OTH_A,15.247
ITA_IECO,2010,CEREAL,5.578
ITA_IECO,2020,CROP_FLW,7.103
ITA_IECO,2020,PDR,5.506
ITA_IECO,2020,WHT,5.839
ITA_IECO,2020,GRO,5.755
ITA_IECO,2020,OSD,2.593
ITA_IECO,2020,C_B,102.87
ITA_IECO,2020,OTH_A,15.894
ITA_IECO,2020,CEREAL,5.804
ITA_IECO,2030,CROP_FLW,7.055
ITA_IECO,2030,PDR,5.514
ITA_IECO,2030,WHT,5.942
ITA_IECO,2030,GRO,5.957
ITA_IECO,2030,OSD,2.687
ITA_IECO,2030,C_B,103.267
ITA_IECO,2030,OTH_A,16.996
ITA_IECO,2030,CEREAL,5.942
ITA_IECO,2040,CROP_FLW,7.623
ITA_IECO,2040,PDR,5.627
ITA_IECO,2040,WHT,5.947
ITA_IECO,2040,GRO,6.065
ITA_IECO,2040,OSD,2.689
ITA_IECO,2040,C_B,103.3
ITA_IECO,2040,OTH_A,17.054
ITA_IECO,2040,CEREAL,5.986
ITA_IECO,2050,CROP_FLW,7.766
ITA_IECO,2050,PDR,5.555
ITA_IECO,2050,WHT,5.974
ITA_IECO,2050,GRO,6.104
ITA_IECO,2050,OSD,2.65
ITA_IECO,2050,C_B,102.913
ITA_IECO,2050,OTH_A,17.026
ITA_IECO,2050,CEREAL,6.015
ITA_IECO,2060,CROP_FLW,7.912
ITA_IECO,2060,PDR,5.492
ITA_IECO,2060,WHT,5.986
ITA_IECO,2060,GRO,6.181
ITA_IECO,2060,OSD,2.581
ITA_IECO,2060,C_B,102.083
ITA_IECO,2060,OTH_A,16.995
ITA_IECO,2060,CEREAL,6.045
ITA_IECO,2070,CROP_FLW,8.048
ITA_IECO,2070,PDR,5.519
ITA_IECO,2070,WHT,6.019
ITA_IECO,2070,GRO,6.359
ITA_IECO,2070,OSD,2.561
ITA_IECO,2070,C_B,101.666
ITA_IECO,2070,OTH_A,16.993
ITA_IECO,2070,CEREAL,6.117
ITA_IECO,2080,CROP_FLW,8.159
ITA_IECO,2080,PDR,5.516
ITA_IECO,2080,WHT,6.04
ITA_IECO,2080,GRO,6.577
ITA_IECO,2080,OSD,2.579
ITA_IECO,2080,C_B,101.604
ITA_IECO,2080,OTH_A,17.106
ITA_IECO,2080,CEREAL,6.187
ITA_IECO,2090,CROP_FLW,8.222
ITA_IECO,2090,PDR,5.503
ITA_IECO,2090,WHT,6.059
ITA_IECO,2090,GRO,6.666
ITA_IECO,2090,OSD,2.572
ITA_IECO,2090,C_B,101.574
ITA_IECO,2090,OTH_A,17.235
ITA_IECO,2090,CEREAL,6.207
ITA_IECO,2100,CROP_FLW,8.163
ITA_IECO,2100,PDR,5.502
ITA_IECO,2100,WHT,6.066
ITA_IECO,2100,GRO,6.75
ITA_IECO,2100,OSD,2.578
ITA_IECO,2100,C_B,101.566
ITA_IECO,2100,OTH_A,17.37
ITA_IECO,2100,CEREAL,6.215
ITA_IWCO,2005,CROP_FLW,8.002
ITA_IWCO,2005,WHT,5.603
ITA_IWCO,2005,GRO,4.958
ITA_IWCO,2005,OSD,2.476
ITA_IWCO,2005,C_B,63.358
ITA_IWCO,2005,OTH_A,14.963
ITA_IWCO,2005,CEREAL,5.418
ITA_IWCO,2010,CROP_FLW,8.257
ITA_IWCO,2010,WHT,5.774
ITA_IWCO,2010,GRO,5.422
ITA_IWCO,2010,OSD,2.524
ITA_IWCO,2010,C_B,108.251
ITA_IWCO,2010,OTH_A,15.354
ITA_IWCO,2010,CEREAL,5.673
ITA_IWCO,2020,CROP_FLW,8.233
ITA_IWCO,2020,WHT,5.816
ITA_IWCO,2020,GRO,5.815
ITA_IWCO,2020,OSD,2.526
ITA_IWCO,2020,C_B,118.403
ITA_IWCO,2020,OTH_A,15.467
ITA_IWCO,2020,CEREAL,5.815
ITA_IWCO,2030,CROP_FLW,8.262
ITA_IWCO,2030,WHT,5.957
ITA_IWCO,2030,GRO,6.239
ITA_IWCO,2030,OSD,2.603
ITA_IWCO,2030,C_B,120.261
ITA_IWCO,2030,OTH_A,16.567
ITA_IWCO,2030,CEREAL,6.027
ITA_IWCO,2040,CROP_FLW,8.339
ITA_IWCO,2040,WHT,6.078
ITA_IWCO,2040,GRO,6.576
ITA_IWCO,2040,OSD,2.633
ITA_IWCO,2040,C_B,120.898
ITA_IWCO,2040,OTH_A,16.876
ITA_IWCO,2040,CEREAL,6.202
ITA_IWCO,2050,CROP_FLW,8.357
ITA_IWCO,2050,WHT,6.142
ITA_IWCO,2050,GRO,6.815
ITA_IWCO,2050,OSD,2.628
ITA_IWCO,2050,C_B,121.193
ITA_IWCO,2050,OTH_A,16.919
ITA_IWCO,2050,CEREAL,6.309
ITA_IWCO,2060,CROP_FLW,8.386
ITA_IWCO,2060,WHT,6.174
ITA_IWCO,2060,GRO,7.125
ITA_IWCO,2060,OSD,2.619
ITA_IWCO,2060,C_B,121.172
ITA_IWCO,2060,OTH_A,16.965
ITA_IWCO,2060,CEREAL,6.394
ITA_IWCO,2070,CROP_FLW,8.442
ITA_IWCO,2070,WHT,6.187
ITA_IWCO,2070,GRO,7.494
ITA_IWCO,2070,OSD,2.615
ITA_IWCO,2070,C_B,121.231
ITA_IWCO,2070,OTH_A,17.097
ITA_IWCO,2070,CEREAL,6.452
ITA_IWCO,2080,CROP_FLW,8.531
ITA_IWCO,2080,WHT,6.201
ITA_IWCO,2080,GRO,7.489
ITA_IWCO,2080,OSD,2.625
ITA_IWCO,2080,C_B,121.504
ITA_IWCO,2080,OTH_A,17.357
ITA_IWCO,2080,CEREAL,6.429
ITA_IWCO,2090,CROP_FLW,8.615
ITA_IWCO,2090,WHT,6.2
ITA_IWCO,2090,GRO,7.386
ITA_IWCO,2090,OSD,2.632
ITA_IWCO,2090,C_B,121.817
ITA_IWCO,2090,OTH_A,17.659
ITA_IWCO,2090,CEREAL,6.386
ITA_IWCO,2100,CROP_FLW,8.686
ITA_IWCO,2100,WHT,6.206
ITA_IWCO,2100,GRO,7.217
ITA_IWCO,2100,OSD,2.642
ITA_IWCO,2100,C_B,122.118
ITA_IWCO,2100,OTH_A,17.951
ITA_IWCO,2100,CEREAL,6.346
ITA_MSII,2005,CROP_FLW,7.277
ITA_MSII,2005,PDR,5.627
ITA_MSII,2005,WHT,5.79
ITA_MSII,2005,GRO,4.861
ITA_MSII,2005,OSD,2.526
ITA_MSII,2005,C_B,69.519
ITA_MSII,2005,OTH_A,13.966
ITA_MSII,2005,CEREAL,5.374
ITA_MSII,2010,CROP_FLW,7.627
ITA_MSII,2010,PDR,5.552
ITA_MSII,2010,WHT,6.115
ITA_MSII,2010,GRO,5.464
ITA_MSII,2010,OSD,2.602
ITA_MSII,2010,C_B,139.415
ITA_MSII,2010,OTH_A,15.402
ITA_MSII,2010,CEREAL,5.797
ITA_MSII,2020,CROP_FLW,7.421
ITA_MSII,2020,PDR,5.684
ITA_MSII,2020,WHT,6.225
ITA_MSII,2020,GRO,5.956
ITA_MSII,2020,OSD,2.621
ITA_MSII,2020,C_B,141.334
ITA_MSII,2020,OTH_A,16.599
ITA_MSII,2020,CEREAL,6.084
ITA_MSII,2030,CROP_FLW,7.838
ITA_MSII,2030,PDR,5.883
ITA_MSII,2030,WHT,6.477
ITA_MSII,2030,GRO,6.866
ITA_MSII,2030,OSD,2.816
ITA_MSII,2030,C_B,141.575
ITA_MSII,2030,OTH_A,19.274
ITA_MSII,2030,CEREAL,6.593
ITA_MSII,2040,CROP_FLW,8.08
ITA_MSII,2040,PDR,5.885
ITA_MSII,2040,WHT,6.588
ITA_MSII,2040,GRO,7.594
ITA_MSII,2040,OSD,2.89
ITA_MSII,2040,C_B,141.691
ITA_MSII,2040,OTH_A,20.492
ITA_MSII,2040,CEREAL,6.92
ITA_MSII,2050,CROP_FLW,8.129
ITA_MSII,2050,PDR,5.626
ITA_MSII,2050,WHT,6.556
ITA_MSII,2050,GRO,7.859
ITA_MSII,2050,OSD,2.887
ITA_MSII,2050,C_B,141.639
ITA_MSII,2050,OTH_A,20.718
ITA_MSII,2050,CEREAL,6.943
ITA_MSII,2060,CROP_FLW,8.108
ITA_MSII,2060,PDR,5.322
ITA_MSII,2060,WHT,6.56
ITA_MSII,2060,GRO,8.218
ITA_MSII,2060,OSD,2.836
ITA_MSII,2060,C_B,141.63
ITA_MSII,2060,OTH_A,20.795
ITA_MSII,2060,CEREAL,6.966
ITA_MSII,2070,CROP_FLW,8.18
ITA_MSII,2070,PDR,5.213
ITA_MSII,2070,WHT,6.541
ITA_MSII,2070,GRO,8.644
ITA_MSII,2070,OSD,2.822
ITA_MSII,2070,C_B,141.622
ITA_MSII,2070,OTH_A,21.029
ITA_MSII,2070,CEREAL,6.971
ITA_MSII,2080,CROP_FLW,8.31
ITA_MSII,2080,PDR,5.332
ITA_MSII,2080,WHT,6.556
ITA_MSII,2080,GRO,9.188
ITA_MSII,2080,OSD,2.834
ITA_MSII,2080,C_B,141.638
ITA_MSII,2080,OTH_A,21.852
ITA_MSII,2080,CEREAL,7.05
ITA_MSII,2090,CROP_FLW,8.54
ITA_MSII,2090,PDR,5.516
ITA_MSII,2090,WHT,6.569
ITA_MSII,2090,GRO,9.475
ITA_MSII,2090,OSD,2.861
ITA_MSII,2090,C_B,141.694
ITA_MSII,2090,OTH_A,23.015
ITA_MSII,2090,CEREAL,7.068
ITA_MSII,2100,CROP_FLW,8.907
ITA_MSII,2100,PDR,5.649
ITA_MSII,2100,WHT,6.574
ITA_MSII,2100,GRO,9.528
ITA_MSII,2100,OSD,2.889
ITA_MSII,2100,C_B,141.759
ITA_MSII,2100,OTH_A,24.137
ITA_MSII,2100,CEREAL,7.024
ITA_POOO,2005,CROP_FLW,7.916
ITA_POOO,2005,PDR,5.613
ITA_POOO,2005,WHT,5.766
ITA_POOO,2005,GRO,4.865
ITA_POOO,2005,OSD,2.522
ITA_POOO,2005,C_B,73.471
ITA_POOO,2005,OTH_A,15.314
ITA_POOO,2005,CEREAL,5.205
ITA_POOO,2010,CROP_FLW,7.977
ITA_POOO,2010,PDR,5.608
ITA_POOO,2010,WHT,6.076
ITA_POOO,2010,GRO,5.371
ITA_POOO,2010,OSD,2.586
ITA_POOO,2010,C_B,89.374
ITA_POOO,2010,OTH_A,15.387
ITA_POOO,2010,CEREAL,5.578
ITA_POOO,2020,CROP_FLW,7.995
ITA_POOO,2020,PDR,5.84
ITA_POOO,2020,WHT,6.2
ITA_POOO,2020,GRO,5.919
ITA_POOO,2020,OSD,2.595
ITA_POOO,2020,C_B,93.182
ITA_POOO,2020,OTH_A,15.987
ITA_POOO,2020,CEREAL,5.969
ITA_POOO,2030,CROP_FLW,8.491
ITA_POOO,2030,PDR,5.834
ITA_POOO,2030,WHT,6.308
ITA_POOO,2030,GRO,6.019
ITA_POOO,2030,OSD,2.62
ITA_POOO,2030,C_B,93.524
ITA_POOO,2030,OTH_A,16.289
ITA_POOO,2030,CEREAL,6.038
ITA_POOO,2040,CROP_FLW,8.718
ITA_POOO,2040,PDR,5.687
ITA_POOO,2040,WHT,6.364
ITA_POOO,2040,GRO,6.033
ITA_POOO,2040,OSD,2.583
ITA_POOO,2040,C_B,93.225
ITA_POOO,2040,OTH_A,16.268
ITA_POOO,2040,CEREAL,6.0
ITA_POOO,2050,CROP_FLW,8.692
ITA_POOO,2050,PDR,5.686
ITA_POOO,2050,WHT,6.413
ITA_POOO,2050,GRO,6.013
ITA_POOO,2050,OSD,2.603
ITA_POOO,2050,C_B,93.139
ITA_POOO,2050,OTH_A,16.287
ITA_POOO,2050,CEREAL,5.982
ITA_POOO,2060,CROP_FLW,8.788
ITA_POOO,2060,PDR,5.494
ITA_POOO,2060,WHT,6.417
ITA_POOO,2060,GRO,6.036
ITA_POOO,2060,OSD,2.404
ITA_POOO,2060,C_B,92.494
ITA_POOO,2060,OTH_A,16.273
ITA_POOO,2060,CEREAL,5.904
ITA_POOO,2070,CROP_FLW,8.955
ITA_POOO,2070,PDR,5.494
ITA_POOO,2070,WHT,6.435
ITA_POOO,2070,GRO,6.117
ITA_POOO,2070,OSD,2.428
ITA_POOO,2070,C_B,92.481
ITA_POOO,2070,OTH_A,16.281
ITA_POOO,2070,CEREAL,5.925
ITA_POOO,2080,CROP_FLW,8.93
ITA_POOO,2080,PDR,5.493
ITA_POOO,2080,WHT,6.451
ITA_POOO,2080,GRO,6.14
ITA_POOO,2080,OSD,2.444
ITA_POOO,2080,C_B,92.471
ITA_POOO,2080,OTH_A,16.372
ITA_POOO,2080,CEREAL,5.928
ITA_POOO,2090,CROP_FLW,9.021
ITA_POOO,2090,PDR,5.505
ITA_POOO,2090,WHT,6.456
ITA_POOO,2090,GRO,6.157
ITA_POOO,2090,OSD,2.45
ITA_POOO,2090,C_B,92.466
ITA_POOO,2090,OTH_A,16.493
ITA_POOO,2090,CEREAL,5.934
ITA_POOO,2100,CROP_FLW,9.16
ITA_POOO,2100,PDR,5.504
ITA_POOO,2100,WHT,6.457
ITA_POOO,2100,GRO,6.181
ITA_POOO,2100,OSD,2.456
ITA_POOO,2100,C_B,92.463
ITA_POOO,2100,OTH_A,16.605
ITA_POOO,2100,CEREAL,5.926
ITA_TIBE,2005,CROP_FLW,9.244
ITA_TIBE,2005,WHT,5.617
ITA_TIBE,2005,GRO,5.042
ITA_TIBE,2005,OSD,2.452
ITA_TIBE,2005,C_B,70.519
ITA_TIBE,2005,OTH_A,15.306
ITA_TIBE,2005,CEREAL,5.427
ITA_TIBE,2010,CROP_FLW,8.992
ITA_TIBE,2010,WHT,5.758
ITA_TIBE,2010,GRO,5.304
ITA_TIBE,2010,OSD,2.485
ITA_TIBE,2010,C_B,100.586
ITA_TIBE,2010,OTH_A,15.468
ITA_TIBE,2010,CEREAL,5.609
ITA_TIBE,2020,CROP_FLW,8.974
ITA_TIBE,2020,WHT,5.806
ITA_TIBE,2020,GRO,5.596
ITA_TIBE,2020,OSD,2.486
ITA_TIBE,2020,C_B,117.117
ITA_TIBE,2020,OTH_A,15.442
ITA_TIBE,2020,CEREAL,5.744
ITA_TIBE,2030,CROP_FLW,8.98
ITA_TIBE,2030,WHT,5.969
ITA_TIBE,2030,GRO,6.037
ITA_TIBE,2030,OSD,2.541
ITA_TIBE,2030,C_B,118.536
ITA_TIBE,2030,OTH_A,16.288
ITA_TIBE,2030,CEREAL,5.988
ITA_TIBE,2040,CROP_FLW,8.895
ITA_TIBE,2040,WHT,6.137
ITA_TIBE,2040,GRO,6.499
ITA_TIBE,2040,OSD,2.566
ITA_TIBE,2040,C_B,119.098
ITA_TIBE,2040,OTH_A,16.655
ITA_TIBE,2040,CEREAL,6.241
ITA_TIBE,2050,CROP_FLW,9.026
ITA_TIBE,2050,WHT,6.193
ITA_TIBE,2050,GRO,6.782
ITA_TIBE,2050,OSD,2.572
ITA_TIBE,2050,C_B,119.36
ITA_TIBE,2050,OTH_A,16.773
ITA_TIBE,2050,CEREAL,6.364
ITA_TIBE,2060,CROP_FLW,9.091
ITA_TIBE,2060,WHT,6.242
ITA_TIBE,2060,GRO,7.012
ITA_TIBE,2060,OSD,2.561
ITA_TIBE,2060,C_B,119.439
ITA_TIBE,2060,OTH_A,16.864
ITA_TIBE,2060,CEREAL,6.46
ITA_TIBE,2070,CROP_FLW,9.067
ITA_TIBE,2070,WHT,6.273
ITA_TIBE,2070,GRO,7.231
ITA_TIBE,2070,OSD,2.563
ITA_TIBE,2070,C_B,119.504
ITA_TIBE,2070,OTH_A,16.998
ITA_TIBE,2070,CEREAL,6.522
ITA_TIBE,2080,CROP_FLW,9.035
ITA_TIBE,2080,WHT,6.285
ITA_TIBE,2080,GRO,7.194
ITA_TIBE,2080,OSD,2.577
ITA_TIBE,2080,C_B,119.634
ITA_TIBE,2080,OTH_A,17.249
ITA_TIBE,2080,CEREAL,6.502
ITA_TIBE,2090,CROP_FLW,8.971
ITA_TIBE,2090,WHT,6.302
ITA_TIBE,2090,GRO,7.083
ITA_TIBE,2090,OSD,2.586
ITA_TIBE,2090,C_B,119.697
ITA_TIBE,2090,OTH_A,17.574
ITA_TIBE,2090,CEREAL,6.475
ITA_TIBE,2100,CROP_FLW,8.929
ITA_TIBE,2100,WHT,6.32
ITA_TIBE,2100,GRO,7.085
ITA_TIBE,2100,OSD,2.597
ITA_TIBE,2100,C_B,119.957
ITA_TIBE,2100,OTH_A,17.873
ITA_TIBE,2100,CEREAL,6.478
JAM_CARI,2005,CROP_FLW,6.392
JAM_CARI,2005,GRO,3.641
JAM_CARI,2005,OSD,4.04
JAM_CARI,2005,C_B,68.504
JAM_CARI,2005,OTH_A,3.32
JAM_CARI,2005,CEREAL,3.641
JAM_CARI,2010,CROP_FLW,7.713
JAM_CARI,2010,GRO,3.666
JAM_CARI,2010,OSD,4.409
JAM_CARI,2010,C_B,68.492
JAM_CARI,2010,OTH_A,3.325
JAM_CARI,2010,CEREAL,3.666
JAM_CARI,2020,CROP_FLW,8.002
JAM_CARI,2020,GRO,3.684
JAM_CARI,2020,OSD,4.409
JAM_CARI,2020,C_B,68.507
JAM_CARI,2020,OTH_A,3.379
JAM_CARI,2020,CEREAL,3.684
JAM_CARI,2030,CROP_FLW,8.071
JAM_CARI,2030,GRO,3.694
JAM_CARI,2030,OSD,4.399
JAM_CARI,2030,C_B,68.453
JAM_CARI,2030,OTH_A,3.385
JAM_CARI,2030,CEREAL,3.694
JAM_CARI,2040,CROP_FLW,8.094
JAM_CARI,2040,GRO,3.71
JAM_CARI,2040,OSD,4.41
JAM_CARI,2040,C_B,67.892
JAM_CARI,2040,OTH_A,3.384
JAM_CARI,2040,CEREAL,3.71
JAM_CARI,2050,CROP_FLW,8.232
JAM_CARI,2050,GRO,3.733
JAM_CARI,2050,OSD,4.392
JAM_CARI,2050,C_B,68.596
JAM_CARI,2050,OTH_A,3.392
JAM_CARI,2050,CEREAL,3.733
JAM_CARI,2060,CROP_FLW,8.305
JAM_CARI,2060,GRO,3.746
JAM_CARI,2060,OSD,4.379
JAM_CARI,2060,C_B,69.791
JAM_CARI,2060,OTH_A,3.396
JAM_CARI,2060,CEREAL,3.746
JAM_CARI,2070,CROP_FLW,8.296
JAM_CARI,2070,GRO,3.752
JAM_CARI,2070,OSD,4.379
JAM_CARI,2070,C_B,71.365
JAM_CARI,2070,OTH_A,3.399
JAM_CARI,2070,CEREAL,3.752
JAM_CARI,2080,CROP_FLW,8.37
JAM_CARI,2080,GRO,3.755
JAM_CARI,2080,OSD,4.379
JAM_CARI,2080,C_B,73.362
JAM_CARI,2080,OTH_A,3.4
JAM_CARI,2080,CEREAL,3.755
JAM_CARI,2090,CROP_FLW,8.426
JAM_CARI,2090,GRO,3.756
JAM_CARI,2090,OSD,4.375
JAM_CARI,2090,C_B,75.335
JAM_CARI,2090,OTH_A,3.402
JAM_CARI,2090,CEREAL,3.756
JAM_CARI,2100,CROP_FLW,8.443
JAM_CARI,2100,GRO,3.756
JAM_CARI,2100,OSD,4.379
JAM_CARI,2100,C_B,76.942
JAM_CARI,2100,OTH_A,3.407
JAM_CARI,2100,CEREAL,3.756
JOR_DEAS,2005,CROP_FLW,4.141
JOR_DEAS,2005,WHT,2.004
JOR_DEAS,2005,GRO,2.354
JOR_DEAS,2005,OSD,1.493
JOR_DEAS,2005,OTH_A,6.234
JOR_DEAS,2005,CEREAL,2.224
JOR_DEAS,2010,CROP_FLW,4.192
JOR_DEAS,2010,WHT,2.67
JOR_DEAS,2010,GRO,4.913
JOR_DEAS,2010,OSD,2.493
JOR_DEAS,2010,OTH_A,7.393
JOR_DEAS,2010,CEREAL,4.01
JOR_DEAS,2020,CROP_FLW,4.205
JOR_DEAS,2020,WHT,2.699
JOR_DEAS,2020,GRO,3.732
JOR_DEAS,2020,OSD,2.371
JOR_DEAS,2020,OTH_A,8.147
JOR_DEAS,2020,CEREAL,3.445
JOR_DEAS,2030,CROP_FLW,4.394
JOR_DEAS,2030,WHT,2.76
JOR_DEAS,2030,GRO,4.978
JOR_DEAS,2030,OSD,2.515
JOR_DEAS,2030,OTH_A,10.656
JOR_DEAS,2030,CEREAL,4.313
JOR_DEAS,2040,CROP_FLW,4.259
JOR_DEAS,2040,WHT,2.834
JOR_DEAS,2040,GRO,6.687
JOR_DEAS,2040,OSD,2.538
JOR_DEAS,2040,OTH_A,11.331
JOR_DEAS,2040,CEREAL,5.474
JOR_DEAS,2050,CROP_FLW,4.356
JOR_DEAS,2050,WHT,2.897
JOR_DEAS,2050,GRO,8.485
JOR_DEAS,2050,OSD,2.539
JOR_DEAS,2050,OTH_A,11.64
JOR_DEAS,2050,CEREAL,6.608
JOR_DEAS,2060,CROP_FLW,4.626
JOR_DEAS,2060,WHT,2.932
JOR_DEAS,2060,GRO,9.977
JOR_DEAS,2060,OSD,2.539
JOR_DEAS,2060,OTH_A,11.653
JOR_DEAS,2060,CEREAL,7.23
JOR_DEAS,2070,CROP_FLW,4.69
JOR_DEAS,2070,WHT,2.923
JOR_DEAS,2070,GRO,10.368
JOR_DEAS,2070,OSD,2.539
JOR_DEAS,2070,OTH_A,11.658
JOR_DEAS,2070,CEREAL,6.827
JOR_DEAS,2080,CROP_FLW,4.646
JOR_DEAS,2080,WHT,2.888
JOR_DEAS,2080,GRO,10.464
JOR_DEAS,2080,OSD,2.379
JOR_DEAS,2080,OTH_A,11.553
JOR_DEAS,2080,CEREAL,6.32
JOR_DEAS,2090,CROP_FLW,4.613
JOR_DEAS,2090,WHT,2.844
JOR_DEAS,2090,GRO,10.557
JOR_DEAS,2090,OSD,2.209
JOR_DEAS,2090,OTH_A,11.382
JOR_DEAS,2090,CEREAL,5.778
JOR_DEAS,2100,CROP_FLW,4.589
JOR_DEAS,2100,WHT,2.815
JOR_DEAS,2100,GRO,10.658
JOR_DEAS,2100,OSD,2.135
JOR_DEAS,2100,OTH_A,11.287
JOR_DEAS,2100,CEREAL,5.334
JOR_EJSS,2005,CROP_FLW,4.69
JOR_EJSS,2005,WHT,2.223
JOR_EJSS,2005,GRO,1.95
JOR_EJSS,2005,OSD,1.444
JOR_EJSS,2005,OTH_A,6.371
JOR_EJSS,2005,CEREAL,2.181
JOR_EJSS,2010,CROP_FLW,4.349
JOR_EJSS,2010,WHT,3.892
JOR_EJSS,2010,GRO,2.966
JOR_EJSS,2010,OSD,1.754
JOR_EJSS,2010,OTH_A,8.754
JOR_EJSS,2010,CEREAL,3.679
JOR_EJSS,2020,CROP_FLW,4.386
JOR_EJSS,2020,WHT,3.922
JOR_EJSS,2020,GRO,2.856
JOR_EJSS,2020,OSD,1.754
JOR_EJSS,2020,OTH_A,8.761
JOR_EJSS,2020,CEREAL,3.639
JOR_EJSS,2030,CROP_FLW,4.398
JOR_EJSS,2030,WHT,3.88
JOR_EJSS,2030,GRO,3.155
JOR_EJSS,2030,OSD,1.711
JOR_EJSS,2030,OTH_A,8.046
JOR_EJSS,2030,CEREAL,3.701
JOR_EJSS,2040,CROP_FLW,4.371
JOR_EJSS,2040,WHT,3.448
JOR_EJSS,2040,GRO,2.398
JOR_EJSS,2040,OSD,1.288
JOR_EJSS,2040,OTH_A,5.405
JOR_EJSS,2040,CEREAL,3.172
JOR_EJSS,2050,CROP_FLW,4.369
JOR_EJSS,2050,WHT,2.965
JOR_EJSS,2050,GRO,1.583
JOR_EJSS,2050,OSD,0.889
JOR_EJSS,2050,OTH_A,3.719
JOR_EJSS,2050,CEREAL,2.559
JOR_EJSS,2060,CROP_FLW,4.368
JOR_EJSS,2060,WHT,2.572
JOR_EJSS,2060,GRO,2.343
JOR_EJSS,2060,OSD,0.631
JOR_EJSS,2060,OTH_A,2.901
JOR_EJSS,2060,CEREAL,2.532
JOR_EJSS,2070,CROP_FLW,4.366
JOR_EJSS,2070,WHT,2.251
JOR_EJSS,2070,GRO,6.403
JOR_EJSS,2070,OSD,0.506
JOR_EJSS,2070,OTH_A,2.452
JOR_EJSS,2070,CEREAL,2.331
JOR_EJSS,2080,CROP_FLW,4.359
JOR_EJSS,2080,WHT,2.046
JOR_EJSS,2080,GRO,6.746
JOR_EJSS,2080,OSD,0.445
JOR_EJSS,2080,OTH_A,2.257
JOR_EJSS,2080,CEREAL,2.053
JOR_EJSS,2090,CROP_FLW,4.357
JOR_EJSS,2090,WHT,1.927
JOR_EJSS,2090,GRO,6.746
JOR_EJSS,2090,OSD,0.418
JOR_EJSS,2090,OTH_A,2.18
JOR_EJSS,2090,CEREAL,1.929
JOR_EJSS,2100,CROP_FLW,4.356
JOR_EJSS,2100,WHT,1.817
JOR_EJSS,2100,GRO,6.746
JOR_EJSS,2100,OSD,0.42
JOR_EJSS,2100,OTH_A,2.157
JOR_EJSS,2100,CEREAL,1.818
JOR_SIPE,2005,CROP_FLW,4.508
JOR_SIPE,2005,WHT,1.991
JOR_SIPE,2005,GRO,1.925
JOR_SIPE,2005,OTH_A,5.837
JOR_SIPE,2005,CEREAL,1.983
JOR_SIPE,2010,CROP_FLW,5.114
JOR_SIPE,2010,WHT,4.15
JOR_SIPE,2010,GRO,2.917
JOR_SIPE,2010,OTH_A,8.708
JOR_SIPE,2010,CEREAL,3.933
JOR_SIPE,2020,CROP_FLW,4.894
JOR_SIPE,2020,WHT,4.504
JOR_SIPE,2020,GRO,2.761
JOR_SIPE,2020,OTH_A,8.861
JOR_SIPE,2020,CEREAL,4.146
JOR_SIPE,2030,CROP_FLW,4.813
JOR_SIPE,2030,WHT,4.464
JOR_SIPE,2030,GRO,3.044
JOR_SIPE,2030,OTH_A,8.387
JOR_SIPE,2030,CEREAL,4.195
JOR_SIPE,2040,CROP_FLW,4.754
JOR_SIPE,2040,WHT,4.0
JOR_SIPE,2040,GRO,2.39
JOR_SIPE,2040,OTH_A,6.114
JOR_SIPE,2040,CEREAL,3.672
JOR_SIPE,2050,CROP_FLW,4.708
JOR_SIPE,2050,WHT,3.406
JOR_SIPE,2050,GRO,1.638
JOR_SIPE,2050,OTH_A,4.47
JOR_SIPE,2050,CEREAL,3.004
JOR_SIPE,2060,CROP_FLW,4.756
JOR_SIPE,2060,WHT,2.906
JOR_SIPE,2060,GRO,2.65
JOR_SIPE,2060,OTH_A,3.567
JOR_SIPE,2060,CEREAL,2.875
JOR_SIPE,2070,CROP_FLW,4.733
JOR_SIPE,2070,WHT,2.499
JOR_SIPE,2070,GRO,5.905
JOR_SIPE,2070,OTH_A,3.084
JOR_SIPE,2070,CEREAL,2.538
JOR_SIPE,2080,CROP_FLW,4.715
JOR_SIPE,2080,WHT,2.207
JOR_SIPE,2080,GRO,5.905
JOR_SIPE,2080,OTH_A,2.839
JOR_SIPE,2080,CEREAL,2.21
JOR_SIPE,2090,CROP_FLW,4.706
JOR_SIPE,2090,WHT,2.017
JOR_SIPE,2090,GRO,5.905
JOR_SIPE,2090,OTH_A,2.72
JOR_SIPE,2090,CEREAL,2.018
JOR_SIPE,2100,CROP_FLW,4.703
JOR_SIPE,2100,WHT,1.886
JOR_SIPE,2100,GRO,5.905
JOR_SIPE,2100,OTH_A,2.684
JOR_SIPE,2100,CEREAL,1.886
JPN_JAPN,2005,PDR,6.248
JPN_JAPN,2005,WHT,4.428
JPN_JAPN,2005,GRO,2.326
JPN_JAPN,2005,OSD,1.834
JPN_JAPN,2005,C_B,47.245
JPN_JAPN,2005,OTH_A,60.045
JPN_JAPN,2005,CEREAL,5.497
JPN_JAPN,2010,PDR,6.302
JPN_JAPN,2010,WHT,4.44
JPN_JAPN,2010,GRO,2.33
JPN_JAPN,2010,OSD,1.844
JPN_JAPN,2010,C_B,47.466
JPN_JAPN,2010,OTH_A,60.889
JPN_JAPN,2010,CEREAL,5.526
JPN_JAPN,2020,PDR,6.367
JPN_JAPN,2020,WHT,4.537
JPN_JAPN,2020,GRO,2.365
JPN_JAPN,2020,OSD,1.857
JPN_JAPN,2020,C_B,48.121
JPN_JAPN,2020,OTH_A,62.508
JPN_JAPN,2020,CEREAL,5.612
JPN_JAPN,2030,PDR,6.505
JPN_JAPN,2030,WHT,4.668
JPN_JAPN,2030,GRO,2.457
JPN_JAPN,2030,OSD,1.911
JPN_JAPN,2030,C_B,48.167
JPN_JAPN,2030,OTH_A,64.987
JPN_JAPN,2030,CEREAL,5.787
JPN_JAPN,2040,PDR,6.607
JPN_JAPN,2040,WHT,4.674
JPN_JAPN,2040,GRO,2.444
JPN_JAPN,2040,OSD,1.912
JPN_JAPN,2040,C_B,49.977
JPN_JAPN,2040,OTH_A,65.867
JPN_JAPN,2040,CEREAL,5.905
JPN_JAPN,2050,PDR,6.609
JPN_JAPN,2050,WHT,4.765
JPN_JAPN,2050,GRO,2.481
JPN_JAPN,2050,OSD,1.925
JPN_JAPN,2050,C_B,51.391
JPN_JAPN,2050,OTH_A,66.479
JPN_JAPN,2050,CEREAL,5.983
JPN_JAPN,2060,PDR,6.685
JPN_JAPN,2060,WHT,4.813
JPN_JAPN,2060,GRO,2.539
JPN_JAPN,2060,OSD,1.925
JPN_JAPN,2060,C_B,51.76
JPN_JAPN,2060,OTH_A,66.887
JPN_JAPN,2060,CEREAL,6.098
JPN_JAPN,2070,PDR,6.812
JPN_JAPN,2070,WHT,4.834
JPN_JAPN,2070,GRO,2.564
JPN_JAPN,2070,OSD,1.928
JPN_JAPN,2070,C_B,51.928
JPN_JAPN,2070,OTH_A,67.35
JPN_JAPN,2070,CEREAL,6.218
JPN_JAPN,2080,PDR,6.931
JPN_JAPN,2080,WHT,4.857
JPN_JAPN,2080,GRO,2.585
JPN_JAPN,2080,OSD,1.933
JPN_JAPN,2080,C_B,52.071
JPN_JAPN,2080,OTH_A,67.829
JPN_JAPN,2080,CEREAL,6.329
JPN_JAPN,2090,PDR,7.053
JPN_JAPN,2090,WHT,4.902
JPN_JAPN,2090,GRO,2.595
JPN_JAPN,2090,OSD,1.941
JPN_JAPN,2090,C_B,52.26
JPN_JAPN,2090,OTH_A,68.255
JPN_JAPN,2090,CEREAL,6.443
JPN_JAPN,2100,PDR,7.159
JPN_JAPN,2100,WHT,4.971
JPN_JAPN,2100,GRO,2.613
JPN_JAPN,2100,OSD,1.955
JPN_JAPN,2100,C_B,52.615
JPN_JAPN,2100,OTH_A,68.654
JPN_JAPN,2100,CEREAL,6.544
KAZ_CSEC,2005,CROP_FLW,1.648
KAZ_CSEC,2010,CROP_FLW,1.648
KAZ_CSEC,2020,CROP_FLW,1.648
KAZ_CSEC,2030,CROP_FLW,1.648
KAZ_CSEC,2040,CROP_FLW,1.648
KAZ_CSEC,2050,CROP_FLW,1.648
KAZ_CSEC,2060,CROP_FLW,1.648
KAZ_CSEC,2070,CROP_FLW,1.648
KAZ_CSEC,2080,CROP_FLW,1.648
KAZ_CSEC,2090,CROP_FLW,1.648
KAZ_CSEC,2100,CROP_FLW,1.648
KAZ_CSPC,2005,CROP_FLW,2.029
KAZ_CSPC,2005,WHT,1.746
KAZ_CSPC,2005,GRO,1.651
KAZ_CSPC,2005,OSD,1.372
KAZ_CSPC,2005,OTH_A,1.634
KAZ_CSPC,2005,CEREAL,1.73
KAZ_CSPC,2010,CROP_FLW,2.019
KAZ_CSPC,2010,WHT,1.767
KAZ_CSPC,2010,GRO,1.722
KAZ_CSPC,2010,OSD,3.784
KAZ_CSPC,2010,OTH_A,1.734
KAZ_CSPC,2010,CEREAL,1.76
KAZ_CSPC,2020,CROP_FLW,1.976
KAZ_CSPC,2020,WHT,1.818
KAZ_CSPC,2020,GRO,2.524
KAZ_CSPC,2020,OSD,4.443
KAZ_CSPC,2020,OTH_A,2.134
KAZ_CSPC,2020,CEREAL,1.992
KAZ_CSPC,2030,CROP_FLW,1.978
KAZ_CSPC,2030,WHT,2.035
KAZ_CSPC,2030,GRO,2.658
KAZ_CSPC,2030,OSD,4.363
KAZ_CSPC,2030,OTH_A,2.142
KAZ_CSPC,2030,CEREAL,2.188
KAZ_CSPC,2040,CROP_FLW,1.979
KAZ_CSPC,2040,WHT,2.355
KAZ_CSPC,2040,GRO,2.8
KAZ_CSPC,2040,OSD,3.97
KAZ_CSPC,2040,OTH_A,2.166
KAZ_CSPC,2040,CEREAL,2.464
KAZ_CSPC,2050,CROP_FLW,1.984
KAZ_CSPC,2050,WHT,2.58
KAZ_CSPC,2050,GRO,2.899
KAZ_CSPC,2050,OSD,3.668
KAZ_CSPC,2050,OTH_A,2.19
KAZ_CSPC,2050,CEREAL,2.657
KAZ_CSPC,2060,CROP_FLW,1.988
KAZ_CSPC,2060,WHT,2.745
KAZ_CSPC,2060,GRO,2.973
KAZ_CSPC,2060,OSD,3.468
KAZ_CSPC,2060,OTH_A,2.206
KAZ_CSPC,2060,CEREAL,2.798
KAZ_CSPC,2070,CROP_FLW,1.99
KAZ_CSPC,2070,WHT,2.835
KAZ_CSPC,2070,GRO,3.019
KAZ_CSPC,2070,OSD,3.264
KAZ_CSPC,2070,OTH_A,2.216
KAZ_CSPC,2070,CEREAL,2.877
KAZ_CSPC,2080,CROP_FLW,1.988
KAZ_CSPC,2080,WHT,2.882
KAZ_CSPC,2080,GRO,3.039
KAZ_CSPC,2080,OSD,3.09
KAZ_CSPC,2080,OTH_A,2.219
KAZ_CSPC,2080,CEREAL,2.917
KAZ_CSPC,2090,CROP_FLW,1.989
KAZ_CSPC,2090,WHT,2.899
KAZ_CSPC,2090,GRO,3.029
KAZ_CSPC,2090,OSD,2.891
KAZ_CSPC,2090,OTH_A,2.232
KAZ_CSPC,2090,CEREAL,2.929
KAZ_CSPC,2100,CROP_FLW,1.989
KAZ_CSPC,2100,WHT,2.905
KAZ_CSPC,2100,GRO,3.012
KAZ_CSPC,2100,OSD,2.762
KAZ_CSPC,2100,OTH_A,2.242
KAZ_CSPC,2100,CEREAL,2.93
KAZ_LKBH,2005,CROP_FLW,2.19
KAZ_LKBH,2005,PDR,1.891
KAZ_LKBH,2005,WHT,1.723
KAZ_LKBH,2005,GRO,2.052
KAZ_LKBH,2005,OSD,1.455
KAZ_LKBH,2005,C_B,25.329
KAZ_LKBH,2005,OTH_A,1.791
KAZ_LKBH,2005,CEREAL,1.799
KAZ_LKBH,2010,CROP_FLW,2.143
KAZ_LKBH,2010,PDR,1.897
KAZ_LKBH,2010,WHT,1.745
KAZ_LKBH,2010,GRO,2.217
KAZ_LKBH,2010,OSD,1.857
KAZ_LKBH,2010,C_B,38.944
KAZ_LKBH,2010,OTH_A,1.908
KAZ_LKBH,2010,CEREAL,1.844
KAZ_LKBH,2020,CROP_FLW,2.143
KAZ_LKBH,2020,PDR,2.772
KAZ_LKBH,2020,WHT,1.829
KAZ_LKBH,2020,GRO,2.478
KAZ_LKBH,2020,OSD,2.044
KAZ_LKBH,2020,C_B,41.93
KAZ_LKBH,2020,OTH_A,1.972
KAZ_LKBH,2020,CEREAL,2.035
KAZ_LKBH,2030,CROP_FLW,2.145
KAZ_LKBH,2030,PDR,3.878
KAZ_LKBH,2030,WHT,1.913
KAZ_LKBH,2030,GRO,2.575
KAZ_LKBH,2030,OSD,2.149
KAZ_LKBH,2030,C_B,41.19
KAZ_LKBH,2030,OTH_A,1.964
KAZ_LKBH,2030,CEREAL,2.126
KAZ_LKBH,2040,CROP_FLW,2.154
KAZ_LKBH,2040,PDR,6.058
KAZ_LKBH,2040,WHT,1.811
KAZ_LKBH,2040,GRO,2.626
KAZ_LKBH,2040,OSD,2.192
KAZ_LKBH,2040,C_B,37.91
KAZ_LKBH,2040,OTH_A,1.875
KAZ_LKBH,2040,CEREAL,2.085
KAZ_LKBH,2050,CROP_FLW,2.161
KAZ_LKBH,2050,PDR,7.222
KAZ_LKBH,2050,WHT,1.767
KAZ_LKBH,2050,GRO,2.676
KAZ_LKBH,2050,OSD,2.222
KAZ_LKBH,2050,C_B,36.284
KAZ_LKBH,2050,OTH_A,1.832
KAZ_LKBH,2050,CEREAL,2.077
KAZ_LKBH,2060,CROP_FLW,2.167
KAZ_LKBH,2060,PDR,7.896
KAZ_LKBH,2060,WHT,1.761
KAZ_LKBH,2060,GRO,2.729
KAZ_LKBH,2060,OSD,2.257
KAZ_LKBH,2060,C_B,35.18
KAZ_LKBH,2060,OTH_A,1.817
KAZ_LKBH,2060,CEREAL,2.092
KAZ_LKBH,2070,CROP_FLW,2.171
KAZ_LKBH,2070,PDR,8.351
KAZ_LKBH,2070,WHT,1.735
KAZ_LKBH,2070,GRO,2.761
KAZ_LKBH,2070,OSD,2.277
KAZ_LKBH,2070,C_B,34.16
KAZ_LKBH,2070,OTH_A,1.801
KAZ_LKBH,2070,CEREAL,2.084
KAZ_LKBH,2080,CROP_FLW,2.171
KAZ_LKBH,2080,PDR,8.613
KAZ_LKBH,2080,WHT,1.729
KAZ_LKBH,2080,GRO,2.796
KAZ_LKBH,2080,OSD,2.296
KAZ_LKBH,2080,C_B,33.44
KAZ_LKBH,2080,OTH_A,1.796
KAZ_LKBH,2080,CEREAL,2.093
KAZ_LKBH,2090,CROP_FLW,2.168
KAZ_LKBH,2090,PDR,8.853
KAZ_LKBH,2090,WHT,1.72
KAZ_LKBH,2090,GRO,2.817
KAZ_LKBH,2090,OSD,2.296
KAZ_LKBH,2090,C_B,32.822
KAZ_LKBH,2090,OTH_A,1.783
KAZ_LKBH,2090,CEREAL,2.101
KAZ_LKBH,2100,CROP_FLW,2.164
KAZ_LKBH,2100,PDR,8.977
KAZ_LKBH,2100,WHT,1.841
KAZ_LKBH,2100,GRO,2.968
KAZ_LKBH,2100,OSD,2.478
KAZ_LKBH,2100,C_B,32.2
KAZ_LKBH,2100,OTH_A,1.733
KAZ_LKBH,2100,CEREAL,2.238
KAZ_OBBB,2005,CROP_FLW,2.224
KAZ_OBBB,2005,WHT,1.804
KAZ_OBBB,2005,GRO,1.745
KAZ_OBBB,2005,OSD,1.537
KAZ_OBBB,2005,C_B,24.077
KAZ_OBBB,2005,OTH_A,1.754
KAZ_OBBB,2005,CEREAL,1.798
KAZ_OBBB,2010,CROP_FLW,2.214
KAZ_OBBB,2010,WHT,1.832
KAZ_OBBB,2010,GRO,1.825
KAZ_OBBB,2010,OSD,1.62
KAZ_OBBB,2010,C_B,28.549
KAZ_OBBB,2010,OTH_A,1.83
KAZ_OBBB,2010,CEREAL,1.831
KAZ_OBBB,2020,CROP_FLW,2.168
KAZ_OBBB,2020,WHT,1.864
KAZ_OBBB,2020,GRO,3.469
KAZ_OBBB,2020,OSD,1.825
KAZ_OBBB,2020,C_B,29.445
KAZ_OBBB,2020,OTH_A,2.449
KAZ_OBBB,2020,CEREAL,2.131
KAZ_OBBB,2030,CROP_FLW,2.15
KAZ_OBBB,2030,WHT,1.876
KAZ_OBBB,2030,GRO,3.585
KAZ_OBBB,2030,OSD,1.876
KAZ_OBBB,2030,C_B,29.883
KAZ_OBBB,2030,OTH_A,2.552
KAZ_OBBB,2030,CEREAL,2.158
KAZ_OBBB,2040,CROP_FLW,2.146
KAZ_OBBB,2040,WHT,1.883
KAZ_OBBB,2040,GRO,3.643
KAZ_OBBB,2040,OSD,1.877
KAZ_OBBB,2040,C_B,29.963
KAZ_OBBB,2040,OTH_A,2.592
KAZ_OBBB,2040,CEREAL,2.174
KAZ_OBBB,2050,CROP_FLW,2.163
KAZ_OBBB,2050,WHT,1.875
KAZ_OBBB,2050,GRO,3.75
KAZ_OBBB,2050,OSD,1.896
KAZ_OBBB,2050,C_B,30.175
KAZ_OBBB,2050,OTH_A,2.617
KAZ_OBBB,2050,CEREAL,2.179
KAZ_OBBB,2060,CROP_FLW,2.132
KAZ_OBBB,2060,WHT,1.905
KAZ_OBBB,2060,GRO,4.004
KAZ_OBBB,2060,OSD,1.949
KAZ_OBBB,2060,C_B,30.554
KAZ_OBBB,2060,OTH_A,2.717
KAZ_OBBB,2060,CEREAL,2.239
KAZ_OBBB,2070,CROP_FLW,2.116
KAZ_OBBB,2070,WHT,1.945
KAZ_OBBB,2070,GRO,4.369
KAZ_OBBB,2070,OSD,2.032
KAZ_OBBB,2070,C_B,31.215
KAZ_OBBB,2070,OTH_A,2.867
KAZ_OBBB,2070,CEREAL,2.326
KAZ_OBBB,2080,CROP_FLW,2.108
KAZ_OBBB,2080,WHT,2.005
KAZ_OBBB,2080,GRO,4.889
KAZ_OBBB,2080,OSD,2.138
KAZ_OBBB,2080,C_B,32.168
KAZ_OBBB,2080,OTH_A,3.079
KAZ_OBBB,2080,CEREAL,2.46
KAZ_OBBB,2090,CROP_FLW,2.114
KAZ_OBBB,2090,WHT,2.071
KAZ_OBBB,2090,GRO,5.448
KAZ_OBBB,2090,OSD,2.241
KAZ_OBBB,2090,C_B,33.159
KAZ_OBBB,2090,OTH_A,3.183
KAZ_OBBB,2090,CEREAL,2.613
KAZ_OBBB,2100,CROP_FLW,2.138
KAZ_OBBB,2100,WHT,2.146
KAZ_OBBB,2100,GRO,6.003
KAZ_OBBB,2100,OSD,2.345
KAZ_OBBB,2100,C_B,34.162
KAZ_OBBB,2100,OTH_A,3.277
KAZ_OBBB,2100,CEREAL,2.779
KAZ_SYRD,2005,CROP_FLW,1.963
KAZ_SYRD,2005,PDR,3.417
KAZ_SYRD,2005,WHT,1.811
KAZ_SYRD,2005,GRO,2.336
KAZ_SYRD,2005,OSD,1.169
KAZ_SYRD,2005,C_B,15.258
KAZ_SYRD,2005,OTH_A,1.668
KAZ_SYRD,2005,CEREAL,1.982
KAZ_SYRD,2010,CROP_FLW,1.959
KAZ_SYRD,2010,PDR,3.421
KAZ_SYRD,2010,WHT,1.845
KAZ_SYRD,2010,GRO,2.534
KAZ_SYRD,2010,OSD,1.338
KAZ_SYRD,2010,C_B,23.905
KAZ_SYRD,2010,OTH_A,1.722
KAZ_SYRD,2010,CEREAL,2.038
KAZ_SYRD,2020,CROP_FLW,1.987
KAZ_SYRD,2020,PDR,3.844
KAZ_SYRD,2020,WHT,1.875
KAZ_SYRD,2020,GRO,2.847
KAZ_SYRD,2020,OSD,1.43
KAZ_SYRD,2020,C_B,25.084
KAZ_SYRD,2020,OTH_A,1.6
KAZ_SYRD,2020,CEREAL,2.245
KAZ_SYRD,2030,CROP_FLW,1.989
KAZ_SYRD,2030,PDR,4.583
KAZ_SYRD,2030,WHT,2.083
KAZ_SYRD,2030,GRO,2.947
KAZ_SYRD,2030,OSD,1.489
KAZ_SYRD,2030,C_B,24.764
KAZ_SYRD,2030,OTH_A,1.597
KAZ_SYRD,2030,CEREAL,2.447
KAZ_SYRD,2040,CROP_FLW,1.993
KAZ_SYRD,2040,PDR,5.662
KAZ_SYRD,2040,WHT,2.279
KAZ_SYRD,2040,GRO,2.935
KAZ_SYRD,2040,OSD,1.514
KAZ_SYRD,2040,C_B,23.257
KAZ_SYRD,2040,OTH_A,1.491
KAZ_SYRD,2040,CEREAL,2.637
KAZ_SYRD,2050,CROP_FLW,1.999
KAZ_SYRD,2050,PDR,6.6
KAZ_SYRD,2050,WHT,2.706
KAZ_SYRD,2050,GRO,3.16
KAZ_SYRD,2050,OSD,1.669
KAZ_SYRD,2050,C_B,22.002
KAZ_SYRD,2050,OTH_A,1.523
KAZ_SYRD,2050,CEREAL,3.045
KAZ_SYRD,2060,CROP_FLW,2.005
KAZ_SYRD,2060,PDR,6.95
KAZ_SYRD,2060,WHT,2.825
KAZ_SYRD,2060,GRO,3.201
KAZ_SYRD,2060,OSD,1.675
KAZ_SYRD,2060,C_B,21.512
KAZ_SYRD,2060,OTH_A,1.502
KAZ_SYRD,2060,CEREAL,3.168
KAZ_SYRD,2070,CROP_FLW,2.01
KAZ_SYRD,2070,PDR,7.296
KAZ_SYRD,2070,WHT,3.081
KAZ_SYRD,2070,GRO,3.319
KAZ_SYRD,2070,OSD,1.74
KAZ_SYRD,2070,C_B,20.483
KAZ_SYRD,2070,OTH_A,1.495
KAZ_SYRD,2070,CEREAL,3.394
KAZ_SYRD,2080,CROP_FLW,2.014
KAZ_SYRD,2080,PDR,7.445
KAZ_SYRD,2080,WHT,3.158
KAZ_SYRD,2080,GRO,3.363
KAZ_SYRD,2080,OSD,1.744
KAZ_SYRD,2080,C_B,20.278
KAZ_SYRD,2080,OTH_A,1.498
KAZ_SYRD,2080,CEREAL,3.468
KAZ_SYRD,2090,CROP_FLW,2.017
KAZ_SYRD,2090,PDR,7.506
KAZ_SYRD,2090,WHT,3.223
KAZ_SYRD,2090,GRO,3.411
KAZ_SYRD,2090,OSD,1.744
KAZ_SYRD,2090,C_B,20.113
KAZ_SYRD,2090,OTH_A,1.487
KAZ_SYRD,2090,CEREAL,3.519
KAZ_SYRD,2100,CROP_FLW,2.022
KAZ_SYRD,2100,PDR,7.621
KAZ_SYRD,2100,WHT,3.294
KAZ_SYRD,2100,GRO,3.408
KAZ_SYRD,2100,OSD,1.719
KAZ_SYRD,2100,C_B,19.818
KAZ_SYRD,2100,OTH_A,1.446
KAZ_SYRD,2100,CEREAL,3.563
KEN_AECC,2005,CROP_FLW,7.48
KEN_AECC,2005,PDR,1.653
KEN_AECC,2005,WHT,2.502
KEN_AECC,2005,GRO,1.049
KEN_AECC,2005,OSD,0.907
KEN_AECC,2005,C_B,61.331
KEN_AECC,2005,OTH_A,0.87
KEN_AECC,2005,CEREAL,1.116
KEN_AECC,2010,CROP_FLW,7.407
KEN_AECC,2010,PDR,1.995
KEN_AECC,2010,WHT,2.594
KEN_AECC,2010,GRO,1.049
KEN_AECC,2010,OSD,1.149
KEN_AECC,2010,C_B,77.965
KEN_AECC,2010,OTH_A,0.88
KEN_AECC,2010,CEREAL,1.115
KEN_AECC,2020,CROP_FLW,7.212
KEN_AECC,2020,PDR,2.323
KEN_AECC,2020,WHT,3.243
KEN_AECC,2020,GRO,1.076
KEN_AECC,2020,OSD,1.15
KEN_AECC,2020,C_B,90.946
KEN_AECC,2020,OTH_A,1.043
KEN_AECC,2020,CEREAL,1.154
KEN_AECC,2030,CROP_FLW,7.191
KEN_AECC,2030,PDR,2.471
KEN_AECC,2030,WHT,3.41
KEN_AECC,2030,GRO,1.099
KEN_AECC,2030,OSD,1.366
KEN_AECC,2030,C_B,96.722
KEN_AECC,2030,OTH_A,1.05
KEN_AECC,2030,CEREAL,1.182
KEN_AECC,2040,CROP_FLW,7.191
KEN_AECC,2040,PDR,2.561
KEN_AECC,2040,WHT,3.431
KEN_AECC,2040,GRO,1.104
KEN_AECC,2040,OSD,1.431
KEN_AECC,2040,C_B,98.479
KEN_AECC,2040,OTH_A,1.052
KEN_AECC,2040,CEREAL,1.194
KEN_AECC,2050,CROP_FLW,6.995
KEN_AECC,2050,PDR,2.558
KEN_AECC,2050,WHT,3.602
KEN_AECC,2050,GRO,1.168
KEN_AECC,2050,OSD,1.602
KEN_AECC,2050,C_B,109.142
KEN_AECC,2050,OTH_A,1.093
KEN_AECC,2050,CEREAL,1.264
KEN_AECC,2060,CROP_FLW,7.402
KEN_AECC,2060,PDR,2.631
KEN_AECC,2060,WHT,3.785
KEN_AECC,2060,GRO,1.235
KEN_AECC,2060,OSD,1.787
KEN_AECC,2060,C_B,118.316
KEN_AECC,2060,OTH_A,1.14
KEN_AECC,2060,CEREAL,1.342
KEN_AECC,2070,CROP_FLW,7.448
KEN_AECC,2070,PDR,2.53
KEN_AECC,2070,WHT,3.804
KEN_AECC,2070,GRO,1.257
KEN_AECC,2070,OSD,1.794
KEN_AECC,2070,C_B,118.352
KEN_AECC,2070,OTH_A,1.164
KEN_AECC,2070,CEREAL,1.376
KEN_AECC,2080,CROP_FLW,7.517
KEN_AECC,2080,PDR,2.576
KEN_AECC,2080,WHT,3.934
KEN_AECC,2080,GRO,1.257
KEN_AECC,2080,OSD,1.918
KEN_AECC,2080,C_B,121.789
KEN_AECC,2080,OTH_A,1.184
KEN_AECC,2080,CEREAL,1.395
KEN_AECC,2090,CROP_FLW,7.64
KEN_AECC,2090,PDR,2.598
KEN_AECC,2090,WHT,4.056
KEN_AECC,2090,GRO,1.25
KEN_AECC,2090,OSD,2.016
KEN_AECC,2090,C_B,124.442
KEN_AECC,2090,OTH_A,1.214
KEN_AECC,2090,CEREAL,1.406
KEN_AECC,2100,CROP_FLW,7.616
KEN_AECC,2100,PDR,2.658
KEN_AECC,2100,WHT,4.092
KEN_AECC,2100,GRO,1.257
KEN_AECC,2100,OSD,2.048
KEN_AECC,2100,C_B,124.739
KEN_AECC,2100,OTH_A,1.259
KEN_AECC,2100,CEREAL,1.426
KEN_NILE,2005,CROP_FLW,5.648
KEN_NILE,2005,PDR,1.66
KEN_NILE,2005,WHT,2.243
KEN_NILE,2005,GRO,0.952
KEN_NILE,2005,OSD,0.854
KEN_NILE,2005,C_B,45.211
KEN_NILE,2005,OTH_A,0.701
KEN_NILE,2005,CEREAL,1.084
KEN_NILE,2010,CROP_FLW,5.409
KEN_NILE,2010,PDR,1.942
KEN_NILE,2010,WHT,2.29
KEN_NILE,2010,GRO,1.079
KEN_NILE,2010,OSD,0.904
KEN_NILE,2010,C_B,118.656
KEN_NILE,2010,OTH_A,0.74
KEN_NILE,2010,CEREAL,1.19
KEN_NILE,2020,CROP_FLW,5.567
KEN_NILE,2020,PDR,2.333
KEN_NILE,2020,WHT,2.513
KEN_NILE,2020,GRO,1.122
KEN_NILE,2020,OSD,0.919
KEN_NILE,2020,C_B,146.297
KEN_NILE,2020,OTH_A,0.75
KEN_NILE,2020,CEREAL,1.224
KEN_NILE,2030,CROP_FLW,5.456
KEN_NILE,2030,PDR,2.403
KEN_NILE,2030,WHT,2.554
KEN_NILE,2030,GRO,1.124
KEN_NILE,2030,OSD,0.937
KEN_NILE,2030,C_B,146.709
KEN_NILE,2030,OTH_A,0.761
KEN_NILE,2030,CEREAL,1.229
KEN_NILE,2040,CROP_FLW,5.158
KEN_NILE,2040,PDR,2.448
KEN_NILE,2040,WHT,2.59
KEN_NILE,2040,GRO,1.153
KEN_NILE,2040,OSD,0.956
KEN_NILE,2040,C_B,146.86
KEN_NILE,2040,OTH_A,0.791
KEN_NILE,2040,CEREAL,1.26
KEN_NILE,2050,CROP_FLW,5.338
KEN_NILE,2050,PDR,2.487
KEN_NILE,2050,WHT,2.678
KEN_NILE,2050,GRO,1.241
KEN_NILE,2050,OSD,0.997
KEN_NILE,2050,C_B,147.06
KEN_NILE,2050,OTH_A,0.836
KEN_NILE,2050,CEREAL,1.35
KEN_NILE,2060,CROP_FLW,6.026
KEN_NILE,2060,PDR,2.497
KEN_NILE,2060,WHT,2.728
KEN_NILE,2060,GRO,1.32
KEN_NILE,2060,OSD,1.005
KEN_NILE,2060,C_B,147.175
KEN_NILE,2060,OTH_A,0.887
KEN_NILE,2060,CEREAL,1.433
KEN_NILE,2070,CROP_FLW,6.851
KEN_NILE,2070,PDR,2.55
KEN_NILE,2070,WHT,2.813
KEN_NILE,2070,GRO,1.329
KEN_NILE,2070,OSD,1.017
KEN_NILE,2070,C_B,147.131
KEN_NILE,2070,OTH_A,0.919
KEN_NILE,2070,CEREAL,1.461
KEN_NILE,2080,CROP_FLW,6.628
KEN_NILE,2080,PDR,2.622
KEN_NILE,2080,WHT,2.989
KEN_NILE,2080,GRO,1.374
KEN_NILE,2080,OSD,1.002
KEN_NILE,2080,C_B,146.757
KEN_NILE,2080,OTH_A,0.948
KEN_NILE,2080,CEREAL,1.53
KEN_NILE,2090,CROP_FLW,6.843
KEN_NILE,2090,PDR,2.684
KEN_NILE,2090,WHT,3.177
KEN_NILE,2090,GRO,1.409
KEN_NILE,2090,OSD,0.983
KEN_NILE,2090,C_B,146.408
KEN_NILE,2090,OTH_A,0.939
KEN_NILE,2090,CEREAL,1.597
KEN_NILE,2100,CROP_FLW,6.817
KEN_NILE,2100,PDR,2.722
KEN_NILE,2100,WHT,3.324
KEN_NILE,2100,GRO,1.423
KEN_NILE,2100,OSD,0.974
KEN_NILE,2100,C_B,146.238
KEN_NILE,2100,OTH_A,0.934
KEN_NILE,2100,CEREAL,1.646
KEN_RIFT,2005,CROP_FLW,4.528
KEN_RIFT,2005,PDR,1.738
KEN_RIFT,2005,WHT,2.579
KEN_RIFT,2005,GRO,1.107
KEN_RIFT,2005,OSD,0.956
KEN_RIFT,2005,C_B,51.104
KEN_RIFT,2005,OTH_A,0.734
KEN_RIFT,2005,CEREAL,1.254
KEN_RIFT,2010,CROP_FLW,5.055
KEN_RIFT,2010,PDR,2.03
KEN_RIFT,2010,WHT,2.673
KEN_RIFT,2010,GRO,1.143
KEN_RIFT,2010,OSD,1.14
KEN_RIFT,2010,C_B,72.099
KEN_RIFT,2010,OTH_A,0.785
KEN_RIFT,2010,CEREAL,1.277
KEN_RIFT,2020,CROP_FLW,5.537
KEN_RIFT,2020,PDR,2.393
KEN_RIFT,2020,WHT,3.261
KEN_RIFT,2020,GRO,1.187
KEN_RIFT,2020,OSD,1.159
KEN_RIFT,2020,C_B,85.849
KEN_RIFT,2020,OTH_A,0.753
KEN_RIFT,2020,CEREAL,1.326
KEN_RIFT,2030,CROP_FLW,5.739
KEN_RIFT,2030,PDR,2.47
KEN_RIFT,2030,WHT,3.294
KEN_RIFT,2030,GRO,1.215
KEN_RIFT,2030,OSD,1.242
KEN_RIFT,2030,C_B,88.037
KEN_RIFT,2030,OTH_A,0.779
KEN_RIFT,2030,CEREAL,1.353
KEN_RIFT,2040,CROP_FLW,5.959
KEN_RIFT,2040,PDR,2.558
KEN_RIFT,2040,WHT,3.41
KEN_RIFT,2040,GRO,1.26
KEN_RIFT,2040,OSD,1.294
KEN_RIFT,2040,C_B,93.497
KEN_RIFT,2040,OTH_A,0.815
KEN_RIFT,2040,CEREAL,1.403
KEN_RIFT,2050,CROP_FLW,7.442
KEN_RIFT,2050,PDR,2.719
KEN_RIFT,2050,WHT,3.672
KEN_RIFT,2050,GRO,1.309
KEN_RIFT,2050,OSD,1.434
KEN_RIFT,2050,C_B,111.024
KEN_RIFT,2050,OTH_A,0.847
KEN_RIFT,2050,CEREAL,1.469
KEN_RIFT,2060,CROP_FLW,6.684
KEN_RIFT,2060,PDR,2.755
KEN_RIFT,2060,WHT,3.822
KEN_RIFT,2060,GRO,1.406
KEN_RIFT,2060,OSD,1.55
KEN_RIFT,2060,C_B,119.387
KEN_RIFT,2060,OTH_A,0.909
KEN_RIFT,2060,CEREAL,1.577
KEN_RIFT,2070,CROP_FLW,6.419
KEN_RIFT,2070,PDR,2.877
KEN_RIFT,2070,WHT,3.889
KEN_RIFT,2070,GRO,1.423
KEN_RIFT,2070,OSD,1.596
KEN_RIFT,2070,C_B,121.776
KEN_RIFT,2070,OTH_A,0.945
KEN_RIFT,2070,CEREAL,1.62
KEN_RIFT,2080,CROP_FLW,6.408
KEN_RIFT,2080,PDR,2.874
KEN_RIFT,2080,WHT,3.894
KEN_RIFT,2080,GRO,1.43
KEN_RIFT,2080,OSD,1.655
KEN_RIFT,2080,C_B,128.386
KEN_RIFT,2080,OTH_A,0.981
KEN_RIFT,2080,CEREAL,1.65
KEN_RIFT,2090,CROP_FLW,6.417
KEN_RIFT,2090,PDR,2.908
KEN_RIFT,2090,WHT,3.952
KEN_RIFT,2090,GRO,1.416
KEN_RIFT,2090,OSD,1.736
KEN_RIFT,2090,C_B,133.931
KEN_RIFT,2090,OTH_A,1.014
KEN_RIFT,2090,CEREAL,1.66
KEN_RIFT,2100,CROP_FLW,6.492
KEN_RIFT,2100,PDR,2.91
KEN_RIFT,2100,WHT,4.015
KEN_RIFT,2100,GRO,1.406
KEN_RIFT,2100,OSD,1.763
KEN_RIFT,2100,C_B,137.019
KEN_RIFT,2100,OTH_A,1.035
KEN_RIFT,2100,CEREAL,1.666
KEN_SHJU,2005,CROP_FLW,5.205
KEN_SHJU,2005,PDR,1.632
KEN_SHJU,2005,WHT,2.308
KEN_SHJU,2005,GRO,0.969
KEN_SHJU,2005,OSD,0.786
KEN_SHJU,2005,C_B,54.654
KEN_SHJU,2005,OTH_A,0.854
KEN_SHJU,2005,CEREAL,1.03
KEN_SHJU,2010,CROP_FLW,5.298
KEN_SHJU,2010,PDR,1.975
KEN_SHJU,2010,WHT,2.49
KEN_SHJU,2010,GRO,1.119
KEN_SHJU,2010,OSD,1.268
KEN_SHJU,2010,C_B,72.177
KEN_SHJU,2010,OTH_A,0.874
KEN_SHJU,2010,CEREAL,1.172
KEN_SHJU,2020,CROP_FLW,5.835
KEN_SHJU,2020,PDR,2.328
KEN_SHJU,2020,WHT,3.263
KEN_SHJU,2020,GRO,1.175
KEN_SHJU,2020,OSD,1.343
KEN_SHJU,2020,C_B,84.411
KEN_SHJU,2020,OTH_A,0.98
KEN_SHJU,2020,CEREAL,1.236
KEN_SHJU,2030,CROP_FLW,5.875
KEN_SHJU,2030,PDR,2.462
KEN_SHJU,2030,WHT,3.612
KEN_SHJU,2030,GRO,1.279
KEN_SHJU,2030,OSD,1.702
KEN_SHJU,2030,C_B,89.533
KEN_SHJU,2030,OTH_A,0.984
KEN_SHJU,2030,CEREAL,1.346
KEN_SHJU,2040,CROP_FLW,5.951
KEN_SHJU,2040,PDR,2.527
KEN_SHJU,2040,WHT,3.62
KEN_SHJU,2040,GRO,1.278
KEN_SHJU,2040,OSD,1.755
KEN_SHJU,2040,C_B,90.272
KEN_SHJU,2040,OTH_A,0.986
KEN_SHJU,2040,CEREAL,1.346
KEN_SHJU,2050,CROP_FLW,7.155
KEN_SHJU,2050,PDR,2.641
KEN_SHJU,2050,WHT,3.949
KEN_SHJU,2050,GRO,1.393
KEN_SHJU,2050,OSD,2.016
KEN_SHJU,2050,C_B,102.165
KEN_SHJU,2050,OTH_A,1.019
KEN_SHJU,2050,CEREAL,1.469
KEN_SHJU,2060,CROP_FLW,7.651
KEN_SHJU,2060,PDR,2.76
KEN_SHJU,2060,WHT,4.212
KEN_SHJU,2060,GRO,1.527
KEN_SHJU,2060,OSD,2.305
KEN_SHJU,2060,C_B,111.667
KEN_SHJU,2060,OTH_A,1.053
KEN_SHJU,2060,CEREAL,1.612
KEN_SHJU,2070,CROP_FLW,7.43
KEN_SHJU,2070,PDR,2.775
KEN_SHJU,2070,WHT,4.368
KEN_SHJU,2070,GRO,1.577
KEN_SHJU,2070,OSD,2.365
KEN_SHJU,2070,C_B,112.757
KEN_SHJU,2070,OTH_A,1.071
KEN_SHJU,2070,CEREAL,1.676
KEN_SHJU,2080,CROP_FLW,7.233
KEN_SHJU,2080,PDR,2.803
KEN_SHJU,2080,WHT,4.6
KEN_SHJU,2080,GRO,1.615
KEN_SHJU,2080,OSD,2.726
KEN_SHJU,2080,C_B,117.829
KEN_SHJU,2080,OTH_A,1.077
KEN_SHJU,2080,CEREAL,1.732
KEN_SHJU,2090,CROP_FLW,7.233
KEN_SHJU,2090,PDR,2.829
KEN_SHJU,2090,WHT,4.887
KEN_SHJU,2090,GRO,1.616
KEN_SHJU,2090,OSD,3.127
KEN_SHJU,2090,C_B,123.152
KEN_SHJU,2090,OTH_A,1.079
KEN_SHJU,2090,CEREAL,1.76
KEN_SHJU,2100,CROP_FLW,7.233
KEN_SHJU,2100,PDR,2.845
KEN_SHJU,2100,WHT,5.111
KEN_SHJU,2100,GRO,1.618
KEN_SHJU,2100,OSD,3.373
KEN_SHJU,2100,C_B,126.452
KEN_SHJU,2100,OTH_A,1.078
KEN_SHJU,2100,CEREAL,1.795
KGZ_LKBH,2005,CROP_FLW,1.5
KGZ_LKBH,2005,WHT,1.842
KGZ_LKBH,2005,GRO,2.612
KGZ_LKBH,2005,OSD,1.878
KGZ_LKBH,2005,C_B,41.02
KGZ_LKBH,2005,OTH_A,2.369
KGZ_LKBH,2005,CEREAL,2.153
KGZ_LKBH,2010,CROP_FLW,1.818
KGZ_LKBH,2010,WHT,1.889
KGZ_LKBH,2010,GRO,2.85
KGZ_LKBH,2010,OSD,2.31
KGZ_LKBH,2010,C_B,64.753
KGZ_LKBH,2010,OTH_A,2.293
KGZ_LKBH,2010,CEREAL,2.331
KGZ_LKBH,2020,CROP_FLW,1.029
KGZ_LKBH,2020,WHT,1.961
KGZ_LKBH,2020,GRO,3.086
KGZ_LKBH,2020,OSD,2.774
KGZ_LKBH,2020,C_B,95.909
KGZ_LKBH,2020,OTH_A,2.034
KGZ_LKBH,2020,CEREAL,2.617
KGZ_LKBH,2030,CROP_FLW,1.024
KGZ_LKBH,2030,WHT,1.985
KGZ_LKBH,2030,GRO,3.175
KGZ_LKBH,2030,OSD,2.75
KGZ_LKBH,2030,C_B,94.31
KGZ_LKBH,2030,OTH_A,2.029
KGZ_LKBH,2030,CEREAL,2.691
KGZ_LKBH,2040,CROP_FLW,1.026
KGZ_LKBH,2040,WHT,2.01
KGZ_LKBH,2040,GRO,3.252
KGZ_LKBH,2040,OSD,2.656
KGZ_LKBH,2040,C_B,91.902
KGZ_LKBH,2040,OTH_A,2.01
KGZ_LKBH,2040,CEREAL,2.759
KGZ_LKBH,2050,CROP_FLW,1.025
KGZ_LKBH,2050,WHT,2.1
KGZ_LKBH,2050,GRO,3.339
KGZ_LKBH,2050,OSD,2.537
KGZ_LKBH,2050,C_B,84.965
KGZ_LKBH,2050,OTH_A,1.947
KGZ_LKBH,2050,CEREAL,2.869
KGZ_LKBH,2060,CROP_FLW,1.026
KGZ_LKBH,2060,WHT,2.195
KGZ_LKBH,2060,GRO,3.374
KGZ_LKBH,2060,OSD,2.425
KGZ_LKBH,2060,C_B,77.833
KGZ_LKBH,2060,OTH_A,1.878
KGZ_LKBH,2060,CEREAL,2.935
KGZ_LKBH,2070,CROP_FLW,1.026
KGZ_LKBH,2070,WHT,2.28
KGZ_LKBH,2070,GRO,3.403
KGZ_LKBH,2070,OSD,2.345
KGZ_LKBH,2070,C_B,71.808
KGZ_LKBH,2070,OTH_A,1.818
KGZ_LKBH,2070,CEREAL,2.981
KGZ_LKBH,2080,CROP_FLW,1.025
KGZ_LKBH,2080,WHT,2.324
KGZ_LKBH,2080,GRO,3.437
KGZ_LKBH,2080,OSD,2.342
KGZ_LKBH,2080,C_B,70.289
KGZ_LKBH,2080,OTH_A,1.815
KGZ_LKBH,2080,CEREAL,3.005
KGZ_LKBH,2090,CROP_FLW,1.715
KGZ_LKBH,2090,WHT,2.334
KGZ_LKBH,2090,GRO,3.547
KGZ_LKBH,2090,OSD,2.373
KGZ_LKBH,2090,C_B,72.794
KGZ_LKBH,2090,OTH_A,1.91
KGZ_LKBH,2090,CEREAL,3.059
KGZ_LKBH,2100,CROP_FLW,1.864
KGZ_LKBH,2100,WHT,2.354
KGZ_LKBH,2100,GRO,3.65
KGZ_LKBH,2100,OSD,2.413
KGZ_LKBH,2100,C_B,75.538
KGZ_LKBH,2100,OTH_A,1.989
KGZ_LKBH,2100,CEREAL,3.118
KGZ_SYRD,2005,CROP_FLW,4.517
KGZ_SYRD,2005,PDR,3.167
KGZ_SYRD,2005,WHT,2.022
KGZ_SYRD,2005,GRO,2.094
KGZ_SYRD,2005,OSD,1.558
KGZ_SYRD,2005,C_B,30.906
KGZ_SYRD,2005,OTH_A,1.827
KGZ_SYRD,2005,CEREAL,2.06
KGZ_SYRD,2010,CROP_FLW,1.872
KGZ_SYRD,2010,PDR,3.703
KGZ_SYRD,2010,WHT,2.095
KGZ_SYRD,2010,GRO,2.195
KGZ_SYRD,2010,OSD,2.039
KGZ_SYRD,2010,C_B,49.294
KGZ_SYRD,2010,OTH_A,1.74
KGZ_SYRD,2010,CEREAL,2.155
KGZ_SYRD,2020,CROP_FLW,2.144
KGZ_SYRD,2020,PDR,4.412
KGZ_SYRD,2020,WHT,2.539
KGZ_SYRD,2020,GRO,2.426
KGZ_SYRD,2020,OSD,2.573
KGZ_SYRD,2020,C_B,80.032
KGZ_SYRD,2020,OTH_A,1.66
KGZ_SYRD,2020,CEREAL,2.507
KGZ_SYRD,2030,CROP_FLW,1.911
KGZ_SYRD,2030,PDR,4.488
KGZ_SYRD,2030,WHT,2.632
KGZ_SYRD,2030,GRO,2.593
KGZ_SYRD,2030,OSD,2.648
KGZ_SYRD,2030,C_B,87.104
KGZ_SYRD,2030,OTH_A,1.718
KGZ_SYRD,2030,CEREAL,2.642
KGZ_SYRD,2040,CROP_FLW,3.658
KGZ_SYRD,2040,PDR,4.843
KGZ_SYRD,2040,WHT,2.668
KGZ_SYRD,2040,GRO,2.595
KGZ_SYRD,2040,OSD,2.629
KGZ_SYRD,2040,C_B,86.716
KGZ_SYRD,2040,OTH_A,1.682
KGZ_SYRD,2040,CEREAL,2.671
KGZ_SYRD,2050,CROP_FLW,3.658
KGZ_SYRD,2050,PDR,4.916
KGZ_SYRD,2050,WHT,2.675
KGZ_SYRD,2050,GRO,2.609
KGZ_SYRD,2050,OSD,2.571
KGZ_SYRD,2050,C_B,82.325
KGZ_SYRD,2050,OTH_A,1.608
KGZ_SYRD,2050,CEREAL,2.691
KGZ_SYRD,2060,CROP_FLW,2.786
KGZ_SYRD,2060,PDR,5.191
KGZ_SYRD,2060,WHT,2.699
KGZ_SYRD,2060,GRO,2.624
KGZ_SYRD,2060,OSD,2.512
KGZ_SYRD,2060,C_B,78.366
KGZ_SYRD,2060,OTH_A,1.55
KGZ_SYRD,2060,CEREAL,2.711
KGZ_SYRD,2070,CROP_FLW,2.818
KGZ_SYRD,2070,PDR,6.061
KGZ_SYRD,2070,WHT,2.73
KGZ_SYRD,2070,GRO,2.633
KGZ_SYRD,2070,OSD,2.477
KGZ_SYRD,2070,C_B,74.744
KGZ_SYRD,2070,OTH_A,1.503
KGZ_SYRD,2070,CEREAL,2.73
KGZ_SYRD,2080,CROP_FLW,2.586
KGZ_SYRD,2080,PDR,6.451
KGZ_SYRD,2080,WHT,2.758
KGZ_SYRD,2080,GRO,2.647
KGZ_SYRD,2080,OSD,2.47
KGZ_SYRD,2080,C_B,73.309
KGZ_SYRD,2080,OTH_A,1.496
KGZ_SYRD,2080,CEREAL,2.743
KGZ_SYRD,2090,CROP_FLW,2.496
KGZ_SYRD,2090,PDR,6.523
KGZ_SYRD,2090,WHT,2.769
KGZ_SYRD,2090,GRO,2.652
KGZ_SYRD,2090,OSD,2.457
KGZ_SYRD,2090,C_B,70.938
KGZ_SYRD,2090,OTH_A,1.515
KGZ_SYRD,2090,CEREAL,2.749
KGZ_SYRD,2100,CROP_FLW,2.429
KGZ_SYRD,2100,PDR,6.545
KGZ_SYRD,2100,WHT,2.767
KGZ_SYRD,2100,GRO,2.666
KGZ_SYRD,2100,OSD,2.443
KGZ_SYRD,2100,C_B,68.613
KGZ_SYRD,2100,OTH_A,1.537
KGZ_SYRD,2100,CEREAL,2.758
KGZ_TARI,2005,CROP_FLW,1.106
KGZ_TARI,2010,CROP_FLW,1.106
KGZ_TARI,2020,CROP_FLW,1.106
KGZ_TARI,2030,CROP_FLW,1.106
KGZ_TARI,2040,CROP_FLW,1.106
KGZ_TARI,2050,CROP_FLW,1.106
KGZ_TARI,2060,CROP_FLW,1.106
KGZ_TARI,2070,CROP_FLW,1.106
KGZ_TARI,2080,CROP_FLW,1.106
KGZ_TARI,2090,CROP_FLW,1.106
KGZ_TARI,2100,CROP_FLW,1.106
KHM_GTCC,2005,CROP_FLW,4.771
KHM_GTCC,2005,PDR,3.255
KHM_GTCC,2005,GRO,3.155
KHM_GTCC,2005,OSD,8.505
KHM_GTCC,2005,C_B,60.948
KHM_GTCC,2005,OTH_A,1.86
KHM_GTCC,2005,CEREAL,3.251
KHM_GTCC,2010,CROP_FLW,4.44
KHM_GTCC,2010,PDR,3.368
KHM_GTCC,2010,GRO,4.397
KHM_GTCC,2010,OSD,8.603
KHM_GTCC,2010,C_B,62.491
KHM_GTCC,2010,OTH_A,1.902
KHM_GTCC,2010,CEREAL,3.5
KHM_GTCC,2020,CROP_FLW,4.598
KHM_GTCC,2020,PDR,3.846
KHM_GTCC,2020,GRO,4.283
KHM_GTCC,2020,OSD,8.706
KHM_GTCC,2020,C_B,62.634
KHM_GTCC,2020,OTH_A,1.955
KHM_GTCC,2020,CEREAL,3.919
KHM_GTCC,2030,CROP_FLW,4.589
KHM_GTCC,2030,PDR,4.124
KHM_GTCC,2030,GRO,4.351
KHM_GTCC,2030,OSD,8.723
KHM_GTCC,2030,C_B,62.757
KHM_GTCC,2030,OTH_A,1.987
KHM_GTCC,2030,CEREAL,4.16
KHM_GTCC,2040,CROP_FLW,4.622
KHM_GTCC,2040,PDR,4.399
KHM_GTCC,2040,GRO,4.494
KHM_GTCC,2040,OSD,8.759
KHM_GTCC,2040,C_B,63.247
KHM_GTCC,2040,OTH_A,2.072
KHM_GTCC,2040,CEREAL,4.413
KHM_GTCC,2050,CROP_FLW,4.747
KHM_GTCC,2050,PDR,4.619
KHM_GTCC,2050,GRO,4.67
KHM_GTCC,2050,OSD,8.805
KHM_GTCC,2050,C_B,63.621
KHM_GTCC,2050,OTH_A,2.155
KHM_GTCC,2050,CEREAL,4.625
KHM_GTCC,2060,CROP_FLW,4.555
KHM_GTCC,2060,PDR,4.692
KHM_GTCC,2060,GRO,4.744
KHM_GTCC,2060,OSD,8.828
KHM_GTCC,2060,C_B,63.663
KHM_GTCC,2060,OTH_A,2.214
KHM_GTCC,2060,CEREAL,4.699
KHM_GTCC,2070,CROP_FLW,4.596
KHM_GTCC,2070,PDR,4.798
KHM_GTCC,2070,GRO,4.798
KHM_GTCC,2070,OSD,8.838
KHM_GTCC,2070,C_B,63.673
KHM_GTCC,2070,OTH_A,2.243
KHM_GTCC,2070,CEREAL,4.798
KHM_GTCC,2080,CROP_FLW,4.596
KHM_GTCC,2080,PDR,4.863
KHM_GTCC,2080,GRO,5.031
KHM_GTCC,2080,OSD,8.833
KHM_GTCC,2080,C_B,63.674
KHM_GTCC,2080,OTH_A,2.213
KHM_GTCC,2080,CEREAL,4.888
KHM_GTCC,2090,CROP_FLW,4.708
KHM_GTCC,2090,PDR,4.917
KHM_GTCC,2090,GRO,5.103
KHM_GTCC,2090,OSD,8.812
KHM_GTCC,2090,C_B,63.675
KHM_GTCC,2090,OTH_A,2.096
KHM_GTCC,2090,CEREAL,4.952
KHM_GTCC,2100,CROP_FLW,4.708
KHM_GTCC,2100,PDR,4.809
KHM_GTCC,2100,GRO,5.012
KHM_GTCC,2100,OSD,8.79
KHM_GTCC,2100,C_B,62.02
KHM_GTCC,2100,OTH_A,2.074
KHM_GTCC,2100,CEREAL,4.856
KHM_MEKO,2005,CROP_FLW,4.768
KHM_MEKO,2005,PDR,2.749
KHM_MEKO,2005,GRO,1.924
KHM_MEKO,2005,OSD,8.692
KHM_MEKO,2005,C_B,35.084
KHM_MEKO,2005,OTH_A,1.441
KHM_MEKO,2005,CEREAL,2.702
KHM_MEKO,2010,CROP_FLW,5.437
KHM_MEKO,2010,PDR,2.835
KHM_MEKO,2010,GRO,4.843
KHM_MEKO,2010,OSD,8.901
KHM_MEKO,2010,C_B,53.723
KHM_MEKO,2010,OTH_A,1.473
KHM_MEKO,2010,CEREAL,3.173
KHM_MEKO,2020,CROP_FLW,5.304
KHM_MEKO,2020,PDR,3.055
KHM_MEKO,2020,GRO,4.961
KHM_MEKO,2020,OSD,9.035
KHM_MEKO,2020,C_B,54.963
KHM_MEKO,2020,OTH_A,1.51
KHM_MEKO,2020,CEREAL,3.475
KHM_MEKO,2030,CROP_FLW,5.112
KHM_MEKO,2030,PDR,3.131
KHM_MEKO,2030,GRO,5.027
KHM_MEKO,2030,OSD,8.996
KHM_MEKO,2030,C_B,56.348
KHM_MEKO,2030,OTH_A,1.526
KHM_MEKO,2030,CEREAL,3.527
KHM_MEKO,2040,CROP_FLW,5.851
KHM_MEKO,2040,PDR,3.162
KHM_MEKO,2040,GRO,5.24
KHM_MEKO,2040,OSD,9.008
KHM_MEKO,2040,C_B,60.808
KHM_MEKO,2040,OTH_A,1.552
KHM_MEKO,2040,CEREAL,3.548
KHM_MEKO,2050,CROP_FLW,5.334
KHM_MEKO,2050,PDR,3.207
KHM_MEKO,2050,GRO,5.452
KHM_MEKO,2050,OSD,9.04
KHM_MEKO,2050,C_B,66.951
KHM_MEKO,2050,OTH_A,1.612
KHM_MEKO,2050,CEREAL,3.58
KHM_MEKO,2060,CROP_FLW,4.484
KHM_MEKO,2060,PDR,3.334
KHM_MEKO,2060,GRO,5.775
KHM_MEKO,2060,OSD,9.091
KHM_MEKO,2060,C_B,69.584
KHM_MEKO,2060,OTH_A,1.759
KHM_MEKO,2060,CEREAL,3.739
KHM_MEKO,2070,CROP_FLW,4.539
KHM_MEKO,2070,PDR,3.337
KHM_MEKO,2070,GRO,5.667
KHM_MEKO,2070,OSD,9.098
KHM_MEKO,2070,C_B,69.589
KHM_MEKO,2070,OTH_A,1.762
KHM_MEKO,2070,CEREAL,3.74
KHM_MEKO,2080,CROP_FLW,4.86
KHM_MEKO,2080,PDR,3.454
KHM_MEKO,2080,GRO,5.476
KHM_MEKO,2080,OSD,9.328
KHM_MEKO,2080,C_B,69.086
KHM_MEKO,2080,OTH_A,1.912
KHM_MEKO,2080,CEREAL,3.834
KHM_MEKO,2090,CROP_FLW,4.938
KHM_MEKO,2090,PDR,3.489
KHM_MEKO,2090,GRO,5.079
KHM_MEKO,2090,OSD,9.739
KHM_MEKO,2090,C_B,68.385
KHM_MEKO,2090,OTH_A,2.206
KHM_MEKO,2090,CEREAL,3.861
KHM_MEKO,2100,CROP_FLW,5.196
KHM_MEKO,2100,PDR,3.509
KHM_MEKO,2100,GRO,4.744
KHM_MEKO,2100,OSD,10.101
KHM_MEKO,2100,C_B,66.075
KHM_MEKO,2100,OTH_A,2.432
KHM_MEKO,2100,CEREAL,3.854
KOR_NSKU,2005,CROP_FLW,7.045
KOR_NSKU,2005,PDR,3.842
KOR_NSKU,2005,WHT,2.439
KOR_NSKU,2005,GRO,3.195
KOR_NSKU,2005,OSD,8.798
KOR_NSKU,2005,OTH_A,1.994
KOR_NSKU,2005,CEREAL,3.734
KOR_NSKU,2010,CROP_FLW,7.001
KOR_NSKU,2010,PDR,3.898
KOR_NSKU,2010,WHT,2.812
KOR_NSKU,2010,GRO,3.18
KOR_NSKU,2010,OSD,9.13
KOR_NSKU,2010,OTH_A,2.056
KOR_NSKU,2010,CEREAL,3.776
KOR_NSKU,2020,CROP_FLW,6.926
KOR_NSKU,2020,PDR,3.988
KOR_NSKU,2020,WHT,2.895
KOR_NSKU,2020,GRO,3.215
KOR_NSKU,2020,OSD,9.133
KOR_NSKU,2020,OTH_A,2.076
KOR_NSKU,2020,CEREAL,3.857
KOR_NSKU,2030,CROP_FLW,6.884
KOR_NSKU,2030,PDR,4.035
KOR_NSKU,2030,WHT,2.899
KOR_NSKU,2030,GRO,3.232
KOR_NSKU,2030,OSD,9.155
KOR_NSKU,2030,OTH_A,2.138
KOR_NSKU,2030,CEREAL,3.895
KOR_NSKU,2040,CROP_FLW,6.926
KOR_NSKU,2040,PDR,4.102
KOR_NSKU,2040,WHT,2.899
KOR_NSKU,2040,GRO,3.244
KOR_NSKU,2040,OSD,9.173
KOR_NSKU,2040,OTH_A,2.164
KOR_NSKU,2040,CEREAL,3.942
KOR_NSKU,2050,CROP_FLW,7.033
KOR_NSKU,2050,PDR,4.162
KOR_NSKU,2050,WHT,2.908
KOR_NSKU,2050,GRO,3.251
KOR_NSKU,2050,OSD,9.177
KOR_NSKU,2050,OTH_A,2.268
KOR_NSKU,2050,CEREAL,3.988
KOR_NSKU,2060,CROP_FLW,6.806
KOR_NSKU,2060,PDR,4.299
KOR_NSKU,2060,WHT,2.915
KOR_NSKU,2060,GRO,3.337
KOR_NSKU,2060,OSD,9.254
KOR_NSKU,2060,OTH_A,2.496
KOR_NSKU,2060,CEREAL,4.116
KOR_NSKU,2070,CROP_FLW,6.992
KOR_NSKU,2070,PDR,4.436
KOR_NSKU,2070,WHT,2.921
KOR_NSKU,2070,GRO,3.402
KOR_NSKU,2070,OSD,9.403
KOR_NSKU,2070,OTH_A,2.77
KOR_NSKU,2070,CEREAL,4.238
KOR_NSKU,2080,CROP_FLW,7.083
KOR_NSKU,2080,PDR,4.518
KOR_NSKU,2080,WHT,2.928
KOR_NSKU,2080,GRO,3.448
KOR_NSKU,2080,OSD,9.492
KOR_NSKU,2080,OTH_A,3.0
KOR_NSKU,2080,CEREAL,4.311
KOR_NSKU,2090,CROP_FLW,7.038
KOR_NSKU,2090,PDR,4.527
KOR_NSKU,2090,WHT,2.939
KOR_NSKU,2090,GRO,3.479
KOR_NSKU,2090,OSD,9.543
KOR_NSKU,2090,OTH_A,3.127
KOR_NSKU,2090,CEREAL,4.318
KOR_NSKU,2100,CROP_FLW,7.051
KOR_NSKU,2100,PDR,4.539
KOR_NSKU,2100,WHT,2.943
KOR_NSKU,2100,GRO,3.503
KOR_NSKU,2100,OSD,9.583
KOR_NSKU,2100,OTH_A,3.231
KOR_NSKU,2100,CEREAL,4.323
KWT_ARPA,2005,CROP_FLW,4.385
KWT_ARPA,2005,GRO,1.493
KWT_ARPA,2005,OTH_A,5.539
KWT_ARPA,2005,CEREAL,1.493
KWT_ARPA,2010,CROP_FLW,4.385
KWT_ARPA,2010,GRO,1.271
KWT_ARPA,2010,OTH_A,4.921
KWT_ARPA,2010,CEREAL,1.271
KWT_ARPA,2020,CROP_FLW,5.019
KWT_ARPA,2020,GRO,1.519
KWT_ARPA,2020,OTH_A,5.628
KWT_ARPA,2020,CEREAL,1.519
KWT_ARPA,2030,CROP_FLW,4.675
KWT_ARPA,2030,GRO,1.52
KWT_ARPA,2030,OTH_A,5.685
KWT_ARPA,2030,CEREAL,1.52
KWT_ARPA,2040,CROP_FLW,4.676
KWT_ARPA,2040,GRO,1.395
KWT_ARPA,2040,OTH_A,5.458
KWT_ARPA,2040,CEREAL,1.395
KWT_ARPA,2050,CROP_FLW,4.676
KWT_ARPA,2050,GRO,1.221
KWT_ARPA,2050,OTH_A,5.123
KWT_ARPA,2050,CEREAL,1.221
KWT_ARPA,2060,CROP_FLW,4.676
KWT_ARPA,2060,GRO,0.97
KWT_ARPA,2060,OTH_A,4.808
KWT_ARPA,2060,CEREAL,0.97
KWT_ARPA,2070,CROP_FLW,4.898
KWT_ARPA,2070,GRO,1.026
KWT_ARPA,2070,OTH_A,4.956
KWT_ARPA,2070,CEREAL,1.026
KWT_ARPA,2080,CROP_FLW,5.233
KWT_ARPA,2080,GRO,1.102
KWT_ARPA,2080,OTH_A,5.549
KWT_ARPA,2080,CEREAL,1.102
KWT_ARPA,2090,CROP_FLW,4.622
KWT_ARPA,2090,GRO,1.172
KWT_ARPA,2090,OTH_A,5.693
KWT_ARPA,2090,CEREAL,1.172
KWT_ARPA,2100,CROP_FLW,4.271
KWT_ARPA,2100,GRO,1.256
KWT_ARPA,2100,OTH_A,5.699
KWT_ARPA,2100,CEREAL,1.256
KWT_TIEU,2005,CROP_FLW,6.056
KWT_TIEU,2005,GRO,2.332
KWT_TIEU,2005,OTH_A,5.874
KWT_TIEU,2005,CEREAL,2.332
KWT_TIEU,2010,CROP_FLW,6.056
KWT_TIEU,2010,GRO,1.852
KWT_TIEU,2010,OTH_A,5.29
KWT_TIEU,2010,CEREAL,1.852
KWT_TIEU,2020,CROP_FLW,5.83
KWT_TIEU,2020,GRO,2.518
KWT_TIEU,2020,OTH_A,6.195
KWT_TIEU,2020,CEREAL,2.518
KWT_TIEU,2030,CROP_FLW,5.735
KWT_TIEU,2030,GRO,2.538
KWT_TIEU,2030,OTH_A,6.54
KWT_TIEU,2030,CEREAL,2.538
KWT_TIEU,2040,CROP_FLW,5.736
KWT_TIEU,2040,GRO,2.516
KWT_TIEU,2040,OTH_A,6.363
KWT_TIEU,2040,CEREAL,2.516
KWT_TIEU,2050,CROP_FLW,5.735
KWT_TIEU,2050,GRO,2.414
KWT_TIEU,2050,OTH_A,6.002
KWT_TIEU,2050,CEREAL,2.414
KWT_TIEU,2060,CROP_FLW,5.735
KWT_TIEU,2060,GRO,2.194
KWT_TIEU,2060,OTH_A,5.644
KWT_TIEU,2060,CEREAL,2.194
KWT_TIEU,2070,CROP_FLW,5.709
KWT_TIEU,2070,GRO,2.288
KWT_TIEU,2070,OTH_A,5.778
KWT_TIEU,2070,CEREAL,2.288
KWT_TIEU,2080,CROP_FLW,5.911
KWT_TIEU,2080,GRO,2.423
KWT_TIEU,2080,OTH_A,6.425
KWT_TIEU,2080,CEREAL,2.423
KWT_TIEU,2090,CROP_FLW,5.587
KWT_TIEU,2090,GRO,2.555
KWT_TIEU,2090,OTH_A,6.714
KWT_TIEU,2090,CEREAL,2.555
KWT_TIEU,2100,CROP_FLW,5.836
KWT_TIEU,2100,GRO,2.571
KWT_TIEU,2100,OTH_A,6.947
KWT_TIEU,2100,CEREAL,2.571
LAO_MEKO,2005,CROP_FLW,6.121
LAO_MEKO,2005,PDR,3.067
LAO_MEKO,2005,WHT,1.775
LAO_MEKO,2005,GRO,2.657
LAO_MEKO,2005,OSD,8.786
LAO_MEKO,2005,C_B,55.544
LAO_MEKO,2005,OTH_A,1.737
LAO_MEKO,2005,CEREAL,3.014
LAO_MEKO,2010,CROP_FLW,5.968
LAO_MEKO,2010,PDR,3.18
LAO_MEKO,2010,WHT,1.771
LAO_MEKO,2010,GRO,2.837
LAO_MEKO,2010,OSD,8.815
LAO_MEKO,2010,C_B,57.86
LAO_MEKO,2010,OTH_A,1.766
LAO_MEKO,2010,CEREAL,3.052
LAO_MEKO,2020,CROP_FLW,5.98
LAO_MEKO,2020,PDR,4.127
LAO_MEKO,2020,WHT,1.83
LAO_MEKO,2020,GRO,3.284
LAO_MEKO,2020,OSD,8.848
LAO_MEKO,2020,C_B,60.598
LAO_MEKO,2020,OTH_A,2.55
LAO_MEKO,2020,CEREAL,3.81
LAO_MEKO,2030,CROP_FLW,5.977
LAO_MEKO,2030,PDR,4.351
LAO_MEKO,2030,WHT,1.945
LAO_MEKO,2030,GRO,3.354
LAO_MEKO,2030,OSD,8.992
LAO_MEKO,2030,C_B,60.787
LAO_MEKO,2030,OTH_A,2.605
LAO_MEKO,2030,CEREAL,3.987
LAO_MEKO,2040,CROP_FLW,5.971
LAO_MEKO,2040,PDR,4.383
LAO_MEKO,2040,WHT,2.085
LAO_MEKO,2040,GRO,3.345
LAO_MEKO,2040,OSD,9.222
LAO_MEKO,2040,C_B,60.71
LAO_MEKO,2040,OTH_A,2.611
LAO_MEKO,2040,CEREAL,4.01
LAO_MEKO,2050,CROP_FLW,5.967
LAO_MEKO,2050,PDR,4.41
LAO_MEKO,2050,WHT,2.176
LAO_MEKO,2050,GRO,3.357
LAO_MEKO,2050,OSD,9.339
LAO_MEKO,2050,C_B,60.627
LAO_MEKO,2050,OTH_A,2.629
LAO_MEKO,2050,CEREAL,4.041
LAO_MEKO,2060,CROP_FLW,5.988
LAO_MEKO,2060,PDR,4.467
LAO_MEKO,2060,WHT,2.269
LAO_MEKO,2060,GRO,3.351
LAO_MEKO,2060,OSD,9.404
LAO_MEKO,2060,C_B,60.559
LAO_MEKO,2060,OTH_A,2.649
LAO_MEKO,2060,CEREAL,4.091
LAO_MEKO,2070,CROP_FLW,5.983
LAO_MEKO,2070,PDR,4.485
LAO_MEKO,2070,WHT,2.421
LAO_MEKO,2070,GRO,3.369
LAO_MEKO,2070,OSD,9.545
LAO_MEKO,2070,C_B,60.492
LAO_MEKO,2070,OTH_A,2.617
LAO_MEKO,2070,CEREAL,4.115
LAO_MEKO,2080,CROP_FLW,5.976
LAO_MEKO,2080,PDR,4.904
LAO_MEKO,2080,WHT,2.632
LAO_MEKO,2080,GRO,3.572
LAO_MEKO,2080,OSD,9.937
LAO_MEKO,2080,C_B,60.413
LAO_MEKO,2080,OTH_A,2.746
LAO_MEKO,2080,CEREAL,4.465
LAO_MEKO,2090,CROP_FLW,5.956
LAO_MEKO,2090,PDR,5.026
LAO_MEKO,2090,WHT,2.876
LAO_MEKO,2090,GRO,3.733
LAO_MEKO,2090,OSD,10.455
LAO_MEKO,2090,C_B,60.247
LAO_MEKO,2090,OTH_A,2.811
LAO_MEKO,2090,CEREAL,4.601
LAO_MEKO,2100,CROP_FLW,5.918
LAO_MEKO,2100,PDR,4.827
LAO_MEKO,2100,WHT,3.085
LAO_MEKO,2100,GRO,3.731
LAO_MEKO,2100,OSD,10.949
LAO_MEKO,2100,C_B,60.088
LAO_MEKO,2100,OTH_A,2.761
LAO_MEKO,2100,CEREAL,4.467
LAO_VNCO,2005,CROP_FLW,5.628
LAO_VNCO,2005,PDR,2.351
LAO_VNCO,2005,GRO,2.398
LAO_VNCO,2005,OSD,9.394
LAO_VNCO,2005,C_B,52.235
LAO_VNCO,2005,OTH_A,1.527
LAO_VNCO,2005,CEREAL,2.363
LAO_VNCO,2010,CROP_FLW,5.532
LAO_VNCO,2010,PDR,2.455
LAO_VNCO,2010,GRO,3.138
LAO_VNCO,2010,OSD,9.408
LAO_VNCO,2010,C_B,62.099
LAO_VNCO,2010,OTH_A,1.603
LAO_VNCO,2010,CEREAL,2.748
LAO_VNCO,2020,CROP_FLW,5.548
LAO_VNCO,2020,PDR,2.964
LAO_VNCO,2020,GRO,3.235
LAO_VNCO,2020,OSD,9.472
LAO_VNCO,2020,C_B,61.241
LAO_VNCO,2020,OTH_A,1.79
LAO_VNCO,2020,CEREAL,3.096
LAO_VNCO,2030,CROP_FLW,5.546
LAO_VNCO,2030,PDR,3.5
LAO_VNCO,2030,GRO,3.304
LAO_VNCO,2030,OSD,9.579
LAO_VNCO,2030,C_B,61.575
LAO_VNCO,2030,OTH_A,1.863
LAO_VNCO,2030,CEREAL,3.407
LAO_VNCO,2040,CROP_FLW,5.545
LAO_VNCO,2040,PDR,3.541
LAO_VNCO,2040,GRO,3.326
LAO_VNCO,2040,OSD,9.637
LAO_VNCO,2040,C_B,59.565
LAO_VNCO,2040,OTH_A,1.924
LAO_VNCO,2040,CEREAL,3.439
LAO_VNCO,2050,CROP_FLW,5.538
LAO_VNCO,2050,PDR,3.394
LAO_VNCO,2050,GRO,3.357
LAO_VNCO,2050,OSD,9.671
LAO_VNCO,2050,C_B,59.631
LAO_VNCO,2050,OTH_A,1.968
LAO_VNCO,2050,CEREAL,3.377
LAO_VNCO,2060,CROP_FLW,5.534
LAO_VNCO,2060,PDR,3.304
LAO_VNCO,2060,GRO,3.379
LAO_VNCO,2060,OSD,9.692
LAO_VNCO,2060,C_B,59.67
LAO_VNCO,2060,OTH_A,2.005
LAO_VNCO,2060,CEREAL,3.338
LAO_VNCO,2070,CROP_FLW,5.531
LAO_VNCO,2070,PDR,3.279
LAO_VNCO,2070,GRO,3.393
LAO_VNCO,2070,OSD,9.706
LAO_VNCO,2070,C_B,59.715
LAO_VNCO,2070,OTH_A,2.032
LAO_VNCO,2070,CEREAL,3.331
LAO_VNCO,2080,CROP_FLW,5.528
LAO_VNCO,2080,PDR,3.257
LAO_VNCO,2080,GRO,3.407
LAO_VNCO,2080,OSD,9.723
LAO_VNCO,2080,C_B,59.838
LAO_VNCO,2080,OTH_A,2.052
LAO_VNCO,2080,CEREAL,3.324
LAO_VNCO,2090,CROP_FLW,5.525
LAO_VNCO,2090,PDR,3.13
LAO_VNCO,2090,GRO,3.425
LAO_VNCO,2090,OSD,9.749
LAO_VNCO,2090,C_B,59.849
LAO_VNCO,2090,OTH_A,1.991
LAO_VNCO,2090,CEREAL,3.26
LAO_VNCO,2100,CROP_FLW,5.52
LAO_VNCO,2100,PDR,2.905
LAO_VNCO,2100,GRO,3.371
LAO_VNCO,2100,OSD,9.786
LAO_VNCO,2100,C_B,58.059
LAO_VNCO,2100,OTH_A,1.86
LAO_VNCO,2100,CEREAL,3.108
LBN_DEAS,2005,CROP_FLW,4.508
LBN_DEAS,2005,WHT,2.436
LBN_DEAS,2005,GRO,1.494
LBN_DEAS,2005,OSD,1.832
LBN_DEAS,2005,C_B,38.84
LBN_DEAS,2005,OTH_A,5.551
LBN_DEAS,2005,CEREAL,1.999
LBN_DEAS,2010,CROP_FLW,5.008
LBN_DEAS,2010,WHT,2.636
LBN_DEAS,2010,GRO,1.514
LBN_DEAS,2010,OSD,1.974
LBN_DEAS,2010,C_B,69.458
LBN_DEAS,2010,OTH_A,6.053
LBN_DEAS,2010,CEREAL,2.0
LBN_DEAS,2020,CROP_FLW,5.075
LBN_DEAS,2020,WHT,2.636
LBN_DEAS,2020,GRO,1.532
LBN_DEAS,2020,OSD,1.801
LBN_DEAS,2020,C_B,30.836
LBN_DEAS,2020,OTH_A,6.403
LBN_DEAS,2020,CEREAL,2.077
LBN_DEAS,2030,CROP_FLW,5.163
LBN_DEAS,2030,WHT,2.636
LBN_DEAS,2030,GRO,1.597
LBN_DEAS,2030,OSD,1.999
LBN_DEAS,2030,C_B,33.394
LBN_DEAS,2030,OTH_A,7.469
LBN_DEAS,2030,CEREAL,2.108
LBN_DEAS,2040,CROP_FLW,5.237
LBN_DEAS,2040,WHT,2.636
LBN_DEAS,2040,GRO,1.645
LBN_DEAS,2040,OSD,2.001
LBN_DEAS,2040,C_B,34.028
LBN_DEAS,2040,OTH_A,8.021
LBN_DEAS,2040,CEREAL,2.118
LBN_DEAS,2050,CROP_FLW,5.252
LBN_DEAS,2050,WHT,2.636
LBN_DEAS,2050,GRO,1.672
LBN_DEAS,2050,OSD,1.952
LBN_DEAS,2050,C_B,33.389
LBN_DEAS,2050,OTH_A,8.192
LBN_DEAS,2050,CEREAL,2.125
LBN_DEAS,2060,CROP_FLW,5.258
LBN_DEAS,2060,WHT,2.636
LBN_DEAS,2060,GRO,1.69
LBN_DEAS,2060,OSD,1.831
LBN_DEAS,2060,C_B,32.082
LBN_DEAS,2060,OTH_A,8.291
LBN_DEAS,2060,CEREAL,2.139
LBN_DEAS,2070,CROP_FLW,5.263
LBN_DEAS,2070,WHT,2.636
LBN_DEAS,2070,GRO,1.707
LBN_DEAS,2070,OSD,1.692
LBN_DEAS,2070,C_B,30.348
LBN_DEAS,2070,OTH_A,8.514
LBN_DEAS,2070,CEREAL,2.167
LBN_DEAS,2080,CROP_FLW,5.268
LBN_DEAS,2080,WHT,2.636
LBN_DEAS,2080,GRO,1.706
LBN_DEAS,2080,OSD,1.55
LBN_DEAS,2080,C_B,28.595
LBN_DEAS,2080,OTH_A,8.965
LBN_DEAS,2080,CEREAL,2.183
LBN_DEAS,2090,CROP_FLW,5.276
LBN_DEAS,2090,WHT,2.636
LBN_DEAS,2090,GRO,1.701
LBN_DEAS,2090,OSD,1.582
LBN_DEAS,2090,C_B,28.239
LBN_DEAS,2090,OTH_A,9.748
LBN_DEAS,2090,CEREAL,2.164
LBN_DEAS,2100,CROP_FLW,5.28
LBN_DEAS,2100,WHT,2.636
LBN_DEAS,2100,GRO,1.735
LBN_DEAS,2100,OSD,2.002
LBN_DEAS,2100,C_B,30.923
LBN_DEAS,2100,OTH_A,9.907
LBN_DEAS,2100,CEREAL,2.142
LBN_MSEC,2005,CROP_FLW,4.066
LBN_MSEC,2005,WHT,1.889
LBN_MSEC,2005,GRO,1.621
LBN_MSEC,2005,OSD,1.925
LBN_MSEC,2005,C_B,48.77
LBN_MSEC,2005,OTH_A,6.304
LBN_MSEC,2005,CEREAL,1.777
LBN_MSEC,2010,CROP_FLW,4.747
LBN_MSEC,2010,WHT,2.159
LBN_MSEC,2010,GRO,1.83
LBN_MSEC,2010,OSD,2.039
LBN_MSEC,2010,C_B,71.02
LBN_MSEC,2010,OTH_A,6.518
LBN_MSEC,2010,CEREAL,2.015
LBN_MSEC,2020,CROP_FLW,4.676
LBN_MSEC,2020,WHT,2.423
LBN_MSEC,2020,GRO,1.88
LBN_MSEC,2020,OSD,1.86
LBN_MSEC,2020,C_B,31.271
LBN_MSEC,2020,OTH_A,7.057
LBN_MSEC,2020,CEREAL,2.17
LBN_MSEC,2030,CROP_FLW,4.624
LBN_MSEC,2030,WHT,2.514
LBN_MSEC,2030,GRO,1.946
LBN_MSEC,2030,OSD,2.03
LBN_MSEC,2030,C_B,32.677
LBN_MSEC,2030,OTH_A,7.962
LBN_MSEC,2030,CEREAL,2.257
LBN_MSEC,2040,CROP_FLW,4.563
LBN_MSEC,2040,WHT,2.582
LBN_MSEC,2040,GRO,1.959
LBN_MSEC,2040,OSD,2.052
LBN_MSEC,2040,C_B,32.579
LBN_MSEC,2040,OTH_A,8.242
LBN_MSEC,2040,CEREAL,2.292
LBN_MSEC,2050,CROP_FLW,4.559
LBN_MSEC,2050,WHT,2.603
LBN_MSEC,2050,GRO,1.957
LBN_MSEC,2050,OSD,1.958
LBN_MSEC,2050,C_B,31.662
LBN_MSEC,2050,OTH_A,8.071
LBN_MSEC,2050,CEREAL,2.292
LBN_MSEC,2060,CROP_FLW,4.553
LBN_MSEC,2060,WHT,2.603
LBN_MSEC,2060,GRO,1.955
LBN_MSEC,2060,OSD,1.869
LBN_MSEC,2060,C_B,30.698
LBN_MSEC,2060,OTH_A,8.176
LBN_MSEC,2060,CEREAL,2.285
LBN_MSEC,2070,CROP_FLW,4.599
LBN_MSEC,2070,WHT,2.611
LBN_MSEC,2070,GRO,1.958
LBN_MSEC,2070,OSD,1.866
LBN_MSEC,2070,C_B,30.338
LBN_MSEC,2070,OTH_A,8.76
LBN_MSEC,2070,CEREAL,2.291
LBN_MSEC,2080,CROP_FLW,4.479
LBN_MSEC,2080,WHT,2.652
LBN_MSEC,2080,GRO,1.981
LBN_MSEC,2080,OSD,2.013
LBN_MSEC,2080,C_B,30.574
LBN_MSEC,2080,OTH_A,9.828
LBN_MSEC,2080,CEREAL,2.327
LBN_MSEC,2090,CROP_FLW,4.419
LBN_MSEC,2090,WHT,2.832
LBN_MSEC,2090,GRO,2.016
LBN_MSEC,2090,OSD,2.114
LBN_MSEC,2090,C_B,33.135
LBN_MSEC,2090,OTH_A,10.282
LBN_MSEC,2090,CEREAL,2.441
LBN_MSEC,2100,CROP_FLW,4.608
LBN_MSEC,2100,WHT,3.105
LBN_MSEC,2100,GRO,2.058
LBN_MSEC,2100,OSD,2.149
LBN_MSEC,2100,C_B,37.147
LBN_MSEC,2100,OTH_A,10.356
LBN_MSEC,2100,CEREAL,2.607
LBR_AFWC,2005,CROP_FLW,4.094
LBR_AFWC,2005,PDR,1.333
LBR_AFWC,2005,GRO,0.813
LBR_AFWC,2005,OSD,0.902
LBR_AFWC,2005,C_B,47.981
LBR_AFWC,2005,OTH_A,1.031
LBR_AFWC,2005,CEREAL,1.118
LBR_AFWC,2010,CROP_FLW,3.853
LBR_AFWC,2010,PDR,2.229
LBR_AFWC,2010,GRO,1.015
LBR_AFWC,2010,OSD,0.937
LBR_AFWC,2010,C_B,48.796
LBR_AFWC,2010,OTH_A,1.085
LBR_AFWC,2010,CEREAL,1.968
LBR_AFWC,2020,CROP_FLW,3.733
LBR_AFWC,2020,PDR,2.299
LBR_AFWC,2020,GRO,1.022
LBR_AFWC,2020,OSD,0.942
LBR_AFWC,2020,C_B,49.74
LBR_AFWC,2020,OTH_A,1.131
LBR_AFWC,2020,CEREAL,1.998
LBR_AFWC,2030,CROP_FLW,3.693
LBR_AFWC,2030,PDR,2.341
LBR_AFWC,2030,GRO,1.033
LBR_AFWC,2030,OSD,0.966
LBR_AFWC,2030,C_B,61.546
LBR_AFWC,2030,OTH_A,1.141
LBR_AFWC,2030,CEREAL,2.077
LBR_AFWC,2040,CROP_FLW,3.678
LBR_AFWC,2040,PDR,2.269
LBR_AFWC,2040,GRO,1.003
LBR_AFWC,2040,OSD,0.98
LBR_AFWC,2040,C_B,72.453
LBR_AFWC,2040,OTH_A,1.147
LBR_AFWC,2040,CEREAL,2.031
LBR_AFWC,2050,CROP_FLW,3.639
LBR_AFWC,2050,PDR,2.291
LBR_AFWC,2050,GRO,1.004
LBR_AFWC,2050,OSD,0.986
LBR_AFWC,2050,C_B,76.887
LBR_AFWC,2050,OTH_A,1.165
LBR_AFWC,2050,CEREAL,2.051
LBR_AFWC,2060,CROP_FLW,3.53
LBR_AFWC,2060,PDR,2.339
LBR_AFWC,2060,GRO,1.034
LBR_AFWC,2060,OSD,0.996
LBR_AFWC,2060,C_B,77.954
LBR_AFWC,2060,OTH_A,1.187
LBR_AFWC,2060,CEREAL,2.102
LBR_AFWC,2070,CROP_FLW,3.565
LBR_AFWC,2070,PDR,2.455
LBR_AFWC,2070,GRO,1.067
LBR_AFWC,2070,OSD,1.012
LBR_AFWC,2070,C_B,78.522
LBR_AFWC,2070,OTH_A,1.198
LBR_AFWC,2070,CEREAL,2.208
LBR_AFWC,2080,CROP_FLW,3.834
LBR_AFWC,2080,PDR,2.617
LBR_AFWC,2080,GRO,1.069
LBR_AFWC,2080,OSD,1.001
LBR_AFWC,2080,C_B,80.658
LBR_AFWC,2080,OTH_A,1.199
LBR_AFWC,2080,CEREAL,2.345
LBR_AFWC,2090,CROP_FLW,3.645
LBR_AFWC,2090,PDR,2.631
LBR_AFWC,2090,GRO,1.104
LBR_AFWC,2090,OSD,1.011
LBR_AFWC,2090,C_B,80.836
LBR_AFWC,2090,OTH_A,1.213
LBR_AFWC,2090,CEREAL,2.384
LBR_AFWC,2100,CROP_FLW,3.687
LBR_AFWC,2100,PDR,2.543
LBR_AFWC,2100,GRO,1.118
LBR_AFWC,2100,OSD,1.02
LBR_AFWC,2100,C_B,88.854
LBR_AFWC,2100,OTH_A,1.225
LBR_AFWC,2100,CEREAL,2.359
LBY_ANIN,2005,CROP_FLW,4.38
LBY_ANIN,2005,WHT,1.812
LBY_ANIN,2005,GRO,3.323
LBY_ANIN,2005,OSD,0.798
LBY_ANIN,2005,OTH_A,12.584
LBY_ANIN,2005,CEREAL,2.453
LBY_ANIN,2010,CROP_FLW,4.377
LBY_ANIN,2010,WHT,1.837
LBY_ANIN,2010,GRO,3.746
LBY_ANIN,2010,OSD,0.728
LBY_ANIN,2010,OTH_A,12.232
LBY_ANIN,2010,CEREAL,2.598
LBY_ANIN,2020,CROP_FLW,3.827
LBY_ANIN,2020,WHT,1.806
LBY_ANIN,2020,GRO,4.366
LBY_ANIN,2020,OSD,0.769
LBY_ANIN,2020,OTH_A,13.073
LBY_ANIN,2020,CEREAL,2.667
LBY_ANIN,2030,CROP_FLW,3.756
LBY_ANIN,2030,WHT,1.842
LBY_ANIN,2030,GRO,4.483
LBY_ANIN,2030,OSD,0.736
LBY_ANIN,2030,OTH_A,14.166
LBY_ANIN,2030,CEREAL,2.695
LBY_ANIN,2040,CROP_FLW,3.714
LBY_ANIN,2040,WHT,1.876
LBY_ANIN,2040,GRO,4.636
LBY_ANIN,2040,OSD,0.694
LBY_ANIN,2040,OTH_A,14.239
LBY_ANIN,2040,CEREAL,2.726
LBY_ANIN,2050,CROP_FLW,3.688
LBY_ANIN,2050,WHT,1.92
LBY_ANIN,2050,GRO,4.979
LBY_ANIN,2050,OSD,0.654
LBY_ANIN,2050,OTH_A,14.358
LBY_ANIN,2050,CEREAL,2.776
LBY_ANIN,2060,CROP_FLW,3.721
LBY_ANIN,2060,WHT,1.931
LBY_ANIN,2060,GRO,5.363
LBY_ANIN,2060,OSD,0.638
LBY_ANIN,2060,OTH_A,15.404
LBY_ANIN,2060,CEREAL,2.782
LBY_ANIN,2070,CROP_FLW,3.845
LBY_ANIN,2070,WHT,1.975
LBY_ANIN,2070,GRO,5.089
LBY_ANIN,2070,OSD,0.681
LBY_ANIN,2070,OTH_A,17.465
LBY_ANIN,2070,CEREAL,2.653
LBY_ANIN,2080,CROP_FLW,3.743
LBY_ANIN,2080,WHT,2.102
LBY_ANIN,2080,GRO,4.243
LBY_ANIN,2080,OSD,0.767
LBY_ANIN,2080,OTH_A,18.791
LBY_ANIN,2080,CEREAL,2.514
LBY_ANIN,2090,CROP_FLW,3.676
LBY_ANIN,2090,WHT,2.304
LBY_ANIN,2090,GRO,4.548
LBY_ANIN,2090,OSD,0.871
LBY_ANIN,2090,OTH_A,19.215
LBY_ANIN,2090,CEREAL,2.698
LBY_ANIN,2100,CROP_FLW,3.875
LBY_ANIN,2100,WHT,2.358
LBY_ANIN,2100,GRO,5.047
LBY_ANIN,2100,OSD,0.977
LBY_ANIN,2100,OTH_A,20.172
LBY_ANIN,2100,CEREAL,2.795
LBY_MSCC,2005,CROP_FLW,3.739
LBY_MSCC,2005,WHT,2.082
LBY_MSCC,2005,GRO,2.121
LBY_MSCC,2005,OSD,0.361
LBY_MSCC,2005,OTH_A,6.926
LBY_MSCC,2005,CEREAL,2.106
LBY_MSCC,2010,CROP_FLW,3.88
LBY_MSCC,2010,WHT,2.111
LBY_MSCC,2010,GRO,2.329
LBY_MSCC,2010,OSD,0.328
LBY_MSCC,2010,OTH_A,6.812
LBY_MSCC,2010,CEREAL,2.237
LBY_MSCC,2020,CROP_FLW,3.838
LBY_MSCC,2020,WHT,2.209
LBY_MSCC,2020,GRO,2.617
LBY_MSCC,2020,OSD,0.338
LBY_MSCC,2020,OTH_A,6.996
LBY_MSCC,2020,CEREAL,2.416
LBY_MSCC,2030,CROP_FLW,3.77
LBY_MSCC,2030,WHT,2.226
LBY_MSCC,2030,GRO,2.793
LBY_MSCC,2030,OSD,0.352
LBY_MSCC,2030,OTH_A,7.695
LBY_MSCC,2030,CEREAL,2.506
LBY_MSCC,2040,CROP_FLW,3.771
LBY_MSCC,2040,WHT,2.243
LBY_MSCC,2040,GRO,3.105
LBY_MSCC,2040,OSD,0.378
LBY_MSCC,2040,OTH_A,8.228
LBY_MSCC,2040,CEREAL,2.647
LBY_MSCC,2050,CROP_FLW,3.715
LBY_MSCC,2050,WHT,2.248
LBY_MSCC,2050,GRO,3.466
LBY_MSCC,2050,OSD,0.388
LBY_MSCC,2050,OTH_A,8.678
LBY_MSCC,2050,CEREAL,2.772
LBY_MSCC,2060,CROP_FLW,3.791
LBY_MSCC,2060,WHT,2.255
LBY_MSCC,2060,GRO,3.82
LBY_MSCC,2060,OSD,0.369
LBY_MSCC,2060,OTH_A,9.104
LBY_MSCC,2060,CEREAL,2.853
LBY_MSCC,2070,CROP_FLW,3.807
LBY_MSCC,2070,WHT,2.249
LBY_MSCC,2070,GRO,4.249
LBY_MSCC,2070,OSD,0.386
LBY_MSCC,2070,OTH_A,10.229
LBY_MSCC,2070,CEREAL,2.914
LBY_MSCC,2080,CROP_FLW,3.786
LBY_MSCC,2080,WHT,2.253
LBY_MSCC,2080,GRO,4.894
LBY_MSCC,2080,OSD,0.433
LBY_MSCC,2080,OTH_A,12.242
LBY_MSCC,2080,CEREAL,3.017
LBY_MSCC,2090,CROP_FLW,3.774
LBY_MSCC,2090,WHT,2.276
LBY_MSCC,2090,GRO,5.752
LBY_MSCC,2090,OSD,0.507
LBY_MSCC,2090,OTH_A,13.002
LBY_MSCC,2090,CEREAL,3.178
LBY_MSCC,2100,CROP_FLW,3.746
LBY_MSCC,2100,WHT,2.309
LBY_MSCC,2100,GRO,5.956
LBY_MSCC,2100,OSD,0.606
LBY_MSCC,2100,OTH_A,13.316
LBY_MSCC,2100,CEREAL,3.174
LCA_CARC,2005,CROP_FLW,5.224
LCA_CARC,2010,CROP_FLW,5.224
LCA_CARC,2020,CROP_FLW,5.224
LCA_CARC,2030,CROP_FLW,5.224
LCA_CARC,2040,CROP_FLW,5.224
LCA_CARC,2050,CROP_FLW,5.224
LCA_CARC,2060,CROP_FLW,5.224
LCA_CARC,2070,CROP_FLW,5.224
LCA_CARC,2080,CROP_FLW,5.224
LCA_CARC,2090,CROP_FLW,5.224
LCA_CARC,2100,CROP_FLW,5.224
LKA_SRIL,2005,CROP_FLW,6.726
LKA_SRIL,2005,PDR,3.445
LKA_SRIL,2005,GRO,1.692
LKA_SRIL,2005,OSD,2.4
LKA_SRIL,2005,C_B,47.572
LKA_SRIL,2005,OTH_A,1.69
LKA_SRIL,2005,CEREAL,3.3
LKA_SRIL,2010,CROP_FLW,6.571
LKA_SRIL,2010,PDR,3.442
LKA_SRIL,2010,GRO,1.677
LKA_SRIL,2010,OSD,2.422
LKA_SRIL,2010,C_B,49.874
LKA_SRIL,2010,OTH_A,1.592
LKA_SRIL,2010,CEREAL,3.271
LKA_SRIL,2020,CROP_FLW,6.867
LKA_SRIL,2020,PDR,3.468
LKA_SRIL,2020,GRO,1.715
LKA_SRIL,2020,OSD,2.474
LKA_SRIL,2020,C_B,49.199
LKA_SRIL,2020,OTH_A,1.614
LKA_SRIL,2020,CEREAL,3.294
LKA_SRIL,2030,CROP_FLW,6.81
LKA_SRIL,2030,PDR,3.5
LKA_SRIL,2030,GRO,1.844
LKA_SRIL,2030,OSD,2.505
LKA_SRIL,2030,C_B,48.664
LKA_SRIL,2030,OTH_A,1.63
LKA_SRIL,2030,CEREAL,3.306
LKA_SRIL,2040,CROP_FLW,7.362
LKA_SRIL,2040,PDR,3.511
LKA_SRIL,2040,GRO,1.853
LKA_SRIL,2040,OSD,2.512
LKA_SRIL,2040,C_B,48.339
LKA_SRIL,2040,OTH_A,1.631
LKA_SRIL,2040,CEREAL,3.312
LKA_SRIL,2050,CROP_FLW,7.69
LKA_SRIL,2050,PDR,3.529
LKA_SRIL,2050,GRO,1.856
LKA_SRIL,2050,OSD,2.516
LKA_SRIL,2050,C_B,48.251
LKA_SRIL,2050,OTH_A,1.626
LKA_SRIL,2050,CEREAL,3.326
LKA_SRIL,2060,CROP_FLW,7.781
LKA_SRIL,2060,PDR,3.538
LKA_SRIL,2060,GRO,1.861
LKA_SRIL,2060,OSD,2.518
LKA_SRIL,2060,C_B,37.005
LKA_SRIL,2060,OTH_A,1.623
LKA_SRIL,2060,CEREAL,3.335
LKA_SRIL,2070,CROP_FLW,7.087
LKA_SRIL,2070,PDR,3.557
LKA_SRIL,2070,GRO,1.864
LKA_SRIL,2070,OSD,2.54
LKA_SRIL,2070,C_B,37.014
LKA_SRIL,2070,OTH_A,1.624
LKA_SRIL,2070,CEREAL,3.351
LKA_SRIL,2080,CROP_FLW,7.371
LKA_SRIL,2080,PDR,3.582
LKA_SRIL,2080,GRO,1.905
LKA_SRIL,2080,OSD,2.542
LKA_SRIL,2080,C_B,37.024
LKA_SRIL,2080,OTH_A,1.623
LKA_SRIL,2080,CEREAL,3.363
LKA_SRIL,2090,CROP_FLW,7.267
LKA_SRIL,2090,PDR,3.604
LKA_SRIL,2090,GRO,1.927
LKA_SRIL,2090,OSD,2.552
LKA_SRIL,2090,C_B,37.019
LKA_SRIL,2090,OTH_A,1.626
LKA_SRIL,2090,CEREAL,3.373
LKA_SRIL,2100,CROP_FLW,7.581
LKA_SRIL,2100,PDR,3.631
LKA_SRIL,2100,GRO,1.934
LKA_SRIL,2100,OSD,2.563
LKA_SRIL,2100,C_B,37.009
LKA_SRIL,2100,OTH_A,1.625
LKA_SRIL,2100,CEREAL,3.392
LSO_ORAN,2005,CROP_FLW,5.217
LSO_ORAN,2005,WHT,2.412
LSO_ORAN,2005,GRO,0.887
LSO_ORAN,2005,OTH_A,0.698
LSO_ORAN,2005,CEREAL,1.06
LSO_ORAN,2010,CROP_FLW,5.031
LSO_ORAN,2010,WHT,2.628
LSO_ORAN,2010,GRO,0.888
LSO_ORAN,2010,OTH_A,0.843
LSO_ORAN,2010,CEREAL,1.009
LSO_ORAN,2020,CROP_FLW,4.602
LSO_ORAN,2020,WHT,2.852
LSO_ORAN,2020,GRO,0.926
LSO_ORAN,2020,OTH_A,0.969
LSO_ORAN,2020,CEREAL,1.044
LSO_ORAN,2030,CROP_FLW,4.656
LSO_ORAN,2030,WHT,2.866
LSO_ORAN,2030,GRO,0.947
LSO_ORAN,2030,OTH_A,0.996
LSO_ORAN,2030,CEREAL,1.059
LSO_ORAN,2040,CROP_FLW,4.517
LSO_ORAN,2040,WHT,2.92
LSO_ORAN,2040,GRO,0.959
LSO_ORAN,2040,OTH_A,1.049
LSO_ORAN,2040,CEREAL,1.071
LSO_ORAN,2050,CROP_FLW,4.731
LSO_ORAN,2050,WHT,3.023
LSO_ORAN,2050,GRO,0.916
LSO_ORAN,2050,OTH_A,1.046
LSO_ORAN,2050,CEREAL,1.04
LSO_ORAN,2060,CROP_FLW,4.762
LSO_ORAN,2060,WHT,3.145
LSO_ORAN,2060,GRO,0.886
LSO_ORAN,2060,OTH_A,1.012
LSO_ORAN,2060,CEREAL,1.022
LSO_ORAN,2070,CROP_FLW,4.782
LSO_ORAN,2070,WHT,3.266
LSO_ORAN,2070,GRO,0.882
LSO_ORAN,2070,OTH_A,0.971
LSO_ORAN,2070,CEREAL,1.036
LSO_ORAN,2080,CROP_FLW,4.629
LSO_ORAN,2080,WHT,3.236
LSO_ORAN,2080,GRO,0.888
LSO_ORAN,2080,OTH_A,0.798
LSO_ORAN,2080,CEREAL,1.047
LSO_ORAN,2090,CROP_FLW,4.452
LSO_ORAN,2090,WHT,3.319
LSO_ORAN,2090,GRO,0.904
LSO_ORAN,2090,OTH_A,0.752
LSO_ORAN,2090,CEREAL,1.072
LSO_ORAN,2100,CROP_FLW,4.51
LSO_ORAN,2100,WHT,3.416
LSO_ORAN,2100,GRO,0.92
LSO_ORAN,2100,OTH_A,0.752
LSO_ORAN,2100,CEREAL,1.094
LTU_BSCC,2005,CROP_FLW,4.12
LTU_BSCC,2005,WHT,5.64
LTU_BSCC,2005,GRO,4.953
LTU_BSCC,2005,OSD,2.478
LTU_BSCC,2005,C_B,70.3
LTU_BSCC,2005,OTH_A,15.091
LTU_BSCC,2005,CEREAL,5.194
LTU_BSCC,2010,CROP_FLW,4.007
LTU_BSCC,2010,WHT,5.927
LTU_BSCC,2010,GRO,5.147
LTU_BSCC,2010,OSD,2.485
LTU_BSCC,2010,C_B,71.671
LTU_BSCC,2010,OTH_A,15.168
LTU_BSCC,2010,CEREAL,5.525
LTU_BSCC,2020,CROP_FLW,4.012
LTU_BSCC,2020,WHT,5.962
LTU_BSCC,2020,GRO,5.32
LTU_BSCC,2020,OSD,2.515
LTU_BSCC,2020,C_B,73.711
LTU_BSCC,2020,OTH_A,15.806
LTU_BSCC,2020,CEREAL,5.71
LTU_BSCC,2030,CROP_FLW,4.004
LTU_BSCC,2030,WHT,5.966
LTU_BSCC,2030,GRO,5.355
LTU_BSCC,2030,OSD,2.511
LTU_BSCC,2030,C_B,74.636
LTU_BSCC,2030,OTH_A,15.882
LTU_BSCC,2030,CEREAL,5.734
LTU_BSCC,2040,CROP_FLW,4.016
LTU_BSCC,2040,WHT,5.972
LTU_BSCC,2040,GRO,5.382
LTU_BSCC,2040,OSD,2.509
LTU_BSCC,2040,C_B,75.948
LTU_BSCC,2040,OTH_A,15.91
LTU_BSCC,2040,CEREAL,5.758
LTU_BSCC,2050,CROP_FLW,4.036
LTU_BSCC,2050,WHT,5.975
LTU_BSCC,2050,GRO,5.414
LTU_BSCC,2050,OSD,2.504
LTU_BSCC,2050,C_B,76.861
LTU_BSCC,2050,OTH_A,15.947
LTU_BSCC,2050,CEREAL,5.786
LTU_BSCC,2060,CROP_FLW,4.073
LTU_BSCC,2060,WHT,5.974
LTU_BSCC,2060,GRO,5.422
LTU_BSCC,2060,OSD,2.5
LTU_BSCC,2060,C_B,77.665
LTU_BSCC,2060,OTH_A,15.959
LTU_BSCC,2060,CEREAL,5.809
LTU_BSCC,2070,CROP_FLW,4.08
LTU_BSCC,2070,WHT,5.986
LTU_BSCC,2070,GRO,5.524
LTU_BSCC,2070,OSD,2.499
LTU_BSCC,2070,C_B,78.161
LTU_BSCC,2070,OTH_A,16.126
LTU_BSCC,2070,CEREAL,5.864
LTU_BSCC,2080,CROP_FLW,4.089
LTU_BSCC,2080,WHT,5.995
LTU_BSCC,2080,GRO,5.643
LTU_BSCC,2080,OSD,2.501
LTU_BSCC,2080,C_B,78.511
LTU_BSCC,2080,OTH_A,16.309
LTU_BSCC,2080,CEREAL,5.913
LTU_BSCC,2090,CROP_FLW,4.034
LTU_BSCC,2090,WHT,6.019
LTU_BSCC,2090,GRO,5.75
LTU_BSCC,2090,OSD,2.501
LTU_BSCC,2090,C_B,78.771
LTU_BSCC,2090,OTH_A,16.429
LTU_BSCC,2090,CEREAL,5.963
LTU_BSCC,2100,CROP_FLW,4.02
LTU_BSCC,2100,WHT,6.047
LTU_BSCC,2100,GRO,5.851
LTU_BSCC,2100,OSD,2.503
LTU_BSCC,2100,C_B,79.085
LTU_BSCC,2100,OTH_A,16.496
LTU_BSCC,2100,CEREAL,6.01
LTU_NEMA,2005,CROP_FLW,4.244
LTU_NEMA,2005,WHT,5.4
LTU_NEMA,2005,GRO,4.504
LTU_NEMA,2005,OSD,2.487
LTU_NEMA,2005,C_B,73.211
LTU_NEMA,2005,OTH_A,15.077
LTU_NEMA,2005,CEREAL,4.829
LTU_NEMA,2010,CROP_FLW,4.156
LTU_NEMA,2010,WHT,5.841
LTU_NEMA,2010,GRO,4.719
LTU_NEMA,2010,OSD,2.503
LTU_NEMA,2010,C_B,75.925
LTU_NEMA,2010,OTH_A,15.385
LTU_NEMA,2010,CEREAL,5.275
LTU_NEMA,2020,CROP_FLW,4.252
LTU_NEMA,2020,WHT,5.824
LTU_NEMA,2020,GRO,4.881
LTU_NEMA,2020,OSD,2.536
LTU_NEMA,2020,C_B,77.793
LTU_NEMA,2020,OTH_A,16.371
LTU_NEMA,2020,CEREAL,5.465
LTU_NEMA,2030,CROP_FLW,4.251
LTU_NEMA,2030,WHT,5.838
LTU_NEMA,2030,GRO,4.915
LTU_NEMA,2030,OSD,2.535
LTU_NEMA,2030,C_B,78.863
LTU_NEMA,2030,OTH_A,16.466
LTU_NEMA,2030,CEREAL,5.5
LTU_NEMA,2040,CROP_FLW,4.271
LTU_NEMA,2040,WHT,5.838
LTU_NEMA,2040,GRO,4.937
LTU_NEMA,2040,OSD,2.533
LTU_NEMA,2040,C_B,79.483
LTU_NEMA,2040,OTH_A,16.504
LTU_NEMA,2040,CEREAL,5.521
LTU_NEMA,2050,CROP_FLW,4.311
LTU_NEMA,2050,WHT,5.832
LTU_NEMA,2050,GRO,4.948
LTU_NEMA,2050,OSD,2.531
LTU_NEMA,2050,C_B,80.175
LTU_NEMA,2050,OTH_A,16.541
LTU_NEMA,2050,CEREAL,5.544
LTU_NEMA,2060,CROP_FLW,4.29
LTU_NEMA,2060,WHT,5.83
LTU_NEMA,2060,GRO,5.058
LTU_NEMA,2060,OSD,2.527
LTU_NEMA,2060,C_B,80.619
LTU_NEMA,2060,OTH_A,16.553
LTU_NEMA,2060,CEREAL,5.607
LTU_NEMA,2070,CROP_FLW,4.298
LTU_NEMA,2070,WHT,5.837
LTU_NEMA,2070,GRO,5.202
LTU_NEMA,2070,OSD,2.527
LTU_NEMA,2070,C_B,80.452
LTU_NEMA,2070,OTH_A,16.776
LTU_NEMA,2070,CEREAL,5.676
LTU_NEMA,2080,CROP_FLW,4.304
LTU_NEMA,2080,WHT,5.848
LTU_NEMA,2080,GRO,5.375
LTU_NEMA,2080,OSD,2.529
LTU_NEMA,2080,C_B,80.34
LTU_NEMA,2080,OTH_A,17.075
LTU_NEMA,2080,CEREAL,5.742
LTU_NEMA,2090,CROP_FLW,4.218
LTU_NEMA,2090,WHT,5.884
LTU_NEMA,2090,GRO,5.54
LTU_NEMA,2090,OSD,2.529
LTU_NEMA,2090,C_B,80.261
LTU_NEMA,2090,OTH_A,17.343
LTU_NEMA,2090,CEREAL,5.816
LTU_NEMA,2100,CROP_FLW,4.265
LTU_NEMA,2100,WHT,5.929
LTU_NEMA,2100,GRO,5.655
LTU_NEMA,2100,OSD,2.53
LTU_NEMA,2100,C_B,80.162
LTU_NEMA,2100,OTH_A,17.466
LTU_NEMA,2100,CEREAL,5.88
LUX_RHIN,2005,CROP_FLW,7.178
LUX_RHIN,2005,WHT,6.5
LUX_RHIN,2005,GRO,5.21
LUX_RHIN,2005,OSD,2.391
LUX_RHIN,2005,OTH_A,15.007
LUX_RHIN,2005,CEREAL,5.739
LUX_RHIN,2010,CROP_FLW,7.157
LUX_RHIN,2010,WHT,6.542
LUX_RHIN,2010,GRO,5.208
LUX_RHIN,2010,OSD,2.431
LUX_RHIN,2010,OTH_A,14.997
LUX_RHIN,2010,CEREAL,5.824
LUX_RHIN,2020,CROP_FLW,7.342
LUX_RHIN,2020,WHT,6.604
LUX_RHIN,2020,GRO,5.249
LUX_RHIN,2020,OSD,2.442
LUX_RHIN,2020,OTH_A,15.768
LUX_RHIN,2020,CEREAL,5.903
LUX_RHIN,2030,CROP_FLW,7.193
LUX_RHIN,2030,WHT,6.624
LUX_RHIN,2030,GRO,5.321
LUX_RHIN,2030,OSD,2.447
LUX_RHIN,2030,OTH_A,15.994
LUX_RHIN,2030,CEREAL,5.942
LUX_RHIN,2040,CROP_FLW,7.304
LUX_RHIN,2040,WHT,6.613
LUX_RHIN,2040,GRO,5.355
LUX_RHIN,2040,OSD,2.435
LUX_RHIN,2040,OTH_A,16.233
LUX_RHIN,2040,CEREAL,5.912
LUX_RHIN,2050,CROP_FLW,7.29
LUX_RHIN,2050,WHT,6.599
LUX_RHIN,2050,GRO,5.388
LUX_RHIN,2050,OSD,2.414
LUX_RHIN,2050,OTH_A,16.237
LUX_RHIN,2050,CEREAL,5.885
LUX_RHIN,2060,CROP_FLW,7.075
LUX_RHIN,2060,WHT,6.642
LUX_RHIN,2060,GRO,5.388
LUX_RHIN,2060,OSD,2.421
LUX_RHIN,2060,OTH_A,16.243
LUX_RHIN,2060,CEREAL,5.859
LUX_RHIN,2070,CROP_FLW,7.055
LUX_RHIN,2070,WHT,6.705
LUX_RHIN,2070,GRO,5.388
LUX_RHIN,2070,OSD,2.432
LUX_RHIN,2070,OTH_A,16.251
LUX_RHIN,2070,CEREAL,5.89
LUX_RHIN,2080,CROP_FLW,7.067
LUX_RHIN,2080,WHT,6.801
LUX_RHIN,2080,GRO,5.388
LUX_RHIN,2080,OSD,2.434
LUX_RHIN,2080,OTH_A,16.263
LUX_RHIN,2080,CEREAL,5.942
LUX_RHIN,2090,CROP_FLW,7.065
LUX_RHIN,2090,WHT,6.906
LUX_RHIN,2090,GRO,5.388
LUX_RHIN,2090,OSD,2.435
LUX_RHIN,2090,OTH_A,16.278
LUX_RHIN,2090,CEREAL,5.985
LUX_RHIN,2100,CROP_FLW,7.051
LUX_RHIN,2100,WHT,6.978
LUX_RHIN,2100,GRO,5.388
LUX_RHIN,2100,OSD,2.436
LUX_RHIN,2100,OTH_A,16.287
LUX_RHIN,2100,CEREAL,6.006
LVA_BSCC,2005,CROP_FLW,4.222
LVA_BSCC,2005,WHT,5.278
LVA_BSCC,2005,GRO,5.196
LVA_BSCC,2005,OSD,2.477
LVA_BSCC,2005,OTH_A,15.212
LVA_BSCC,2005,CEREAL,5.226
LVA_BSCC,2010,CROP_FLW,4.059
LVA_BSCC,2010,WHT,6.788
LVA_BSCC,2010,GRO,5.545
LVA_BSCC,2010,OSD,2.484
LVA_BSCC,2010,OTH_A,15.972
LVA_BSCC,2010,CEREAL,6.228
LVA_BSCC,2020,CROP_FLW,4.074
LVA_BSCC,2020,WHT,7.025
LVA_BSCC,2020,GRO,5.858
LVA_BSCC,2020,OSD,2.538
LVA_BSCC,2020,OTH_A,17.821
LVA_BSCC,2020,CEREAL,6.613
LVA_BSCC,2030,CROP_FLW,4.205
LVA_BSCC,2030,WHT,7.36
LVA_BSCC,2030,GRO,5.844
LVA_BSCC,2030,OSD,2.533
LVA_BSCC,2030,OTH_A,18.126
LVA_BSCC,2030,CEREAL,6.839
LVA_BSCC,2040,CROP_FLW,4.106
LVA_BSCC,2040,WHT,7.756
LVA_BSCC,2040,GRO,6.063
LVA_BSCC,2040,OSD,2.542
LVA_BSCC,2040,OTH_A,18.211
LVA_BSCC,2040,CEREAL,7.199
LVA_BSCC,2050,CROP_FLW,4.199
LVA_BSCC,2050,WHT,7.799
LVA_BSCC,2050,GRO,6.17
LVA_BSCC,2050,OSD,2.541
LVA_BSCC,2050,OTH_A,18.255
LVA_BSCC,2050,CEREAL,7.312
LVA_BSCC,2060,CROP_FLW,4.217
LVA_BSCC,2060,WHT,7.824
LVA_BSCC,2060,GRO,6.272
LVA_BSCC,2060,OSD,2.536
LVA_BSCC,2060,OTH_A,18.287
LVA_BSCC,2060,CEREAL,7.422
LVA_BSCC,2070,CROP_FLW,4.219
LVA_BSCC,2070,WHT,7.792
LVA_BSCC,2070,GRO,6.37
LVA_BSCC,2070,OSD,2.532
LVA_BSCC,2070,OTH_A,18.307
LVA_BSCC,2070,CEREAL,7.475
LVA_BSCC,2080,CROP_FLW,4.215
LVA_BSCC,2080,WHT,7.762
LVA_BSCC,2080,GRO,6.478
LVA_BSCC,2080,OSD,2.53
LVA_BSCC,2080,OTH_A,18.327
LVA_BSCC,2080,CEREAL,7.512
LVA_BSCC,2090,CROP_FLW,4.177
LVA_BSCC,2090,WHT,7.776
LVA_BSCC,2090,GRO,6.58
LVA_BSCC,2090,OSD,2.53
LVA_BSCC,2090,OTH_A,18.333
LVA_BSCC,2090,CEREAL,7.558
LVA_BSCC,2100,CROP_FLW,4.164
LVA_BSCC,2100,WHT,7.851
LVA_BSCC,2100,GRO,6.608
LVA_BSCC,2100,OSD,2.532
LVA_BSCC,2100,OTH_A,18.349
LVA_BSCC,2100,CEREAL,7.623
LVA_DAUG,2005,CROP_FLW,4.311
LVA_DAUG,2005,WHT,5.304
LVA_DAUG,2005,GRO,4.79
LVA_DAUG,2005,OSD,2.49
LVA_DAUG,2005,OTH_A,15.471
LVA_DAUG,2005,CEREAL,4.978
LVA_DAUG,2010,CROP_FLW,4.24
LVA_DAUG,2010,WHT,6.348
LVA_DAUG,2010,GRO,5.039
LVA_DAUG,2010,OSD,2.492
LVA_DAUG,2010,OTH_A,15.928
LVA_DAUG,2010,CEREAL,5.758
LVA_DAUG,2020,CROP_FLW,4.287
LVA_DAUG,2020,WHT,6.608
LVA_DAUG,2020,GRO,5.229
LVA_DAUG,2020,OSD,2.51
LVA_DAUG,2020,OTH_A,16.955
LVA_DAUG,2020,CEREAL,6.121
LVA_DAUG,2030,CROP_FLW,4.361
LVA_DAUG,2030,WHT,6.83
LVA_DAUG,2030,GRO,5.231
LVA_DAUG,2030,OSD,2.505
LVA_DAUG,2030,OTH_A,17.132
LVA_DAUG,2030,CEREAL,6.28
LVA_DAUG,2040,CROP_FLW,4.356
LVA_DAUG,2040,WHT,7.096
LVA_DAUG,2040,GRO,5.34
LVA_DAUG,2040,OSD,2.506
LVA_DAUG,2040,OTH_A,17.18
LVA_DAUG,2040,CEREAL,6.518
LVA_DAUG,2050,CROP_FLW,4.388
LVA_DAUG,2050,WHT,7.125
LVA_DAUG,2050,GRO,5.354
LVA_DAUG,2050,OSD,2.506
LVA_DAUG,2050,OTH_A,17.223
LVA_DAUG,2050,CEREAL,6.595
LVA_DAUG,2060,CROP_FLW,4.413
LVA_DAUG,2060,WHT,7.169
LVA_DAUG,2060,GRO,5.398
LVA_DAUG,2060,OSD,2.504
LVA_DAUG,2060,OTH_A,17.233
LVA_DAUG,2060,CEREAL,6.709
LVA_DAUG,2070,CROP_FLW,4.407
LVA_DAUG,2070,WHT,7.117
LVA_DAUG,2070,GRO,5.393
LVA_DAUG,2070,OSD,2.504
LVA_DAUG,2070,OTH_A,17.231
LVA_DAUG,2070,CEREAL,6.732
LVA_DAUG,2080,CROP_FLW,4.411
LVA_DAUG,2080,WHT,7.075
LVA_DAUG,2080,GRO,5.46
LVA_DAUG,2080,OSD,2.503
LVA_DAUG,2080,OTH_A,17.228
LVA_DAUG,2080,CEREAL,6.759
LVA_DAUG,2090,CROP_FLW,4.398
LVA_DAUG,2090,WHT,7.095
LVA_DAUG,2090,GRO,5.523
LVA_DAUG,2090,OSD,2.503
LVA_DAUG,2090,OTH_A,17.23
LVA_DAUG,2090,CEREAL,6.806
LVA_DAUG,2100,CROP_FLW,4.388
LVA_DAUG,2100,WHT,7.145
LVA_DAUG,2100,GRO,5.543
LVA_DAUG,2100,OSD,2.504
LVA_DAUG,2100,OTH_A,17.235
LVA_DAUG,2100,CEREAL,6.849
MAC_XJIA,2005,CROP_FLW,7.619
MAC_XJIA,2010,CROP_FLW,7.619
MAC_XJIA,2020,CROP_FLW,7.619
MAC_XJIA,2030,CROP_FLW,7.619
MAC_XJIA,2040,CROP_FLW,7.619
MAC_XJIA,2050,CROP_FLW,7.619
MAC_XJIA,2060,CROP_FLW,7.619
MAC_XJIA,2070,CROP_FLW,7.619
MAC_XJIA,2080,CROP_FLW,7.619
MAC_XJIA,2090,CROP_FLW,7.619
MAC_XJIA,2100,CROP_FLW,7.619
MAR_ANIN,2005,CROP_FLW,3.359
MAR_ANIN,2005,GRO,2.37
MAR_ANIN,2005,OSD,0.318
MAR_ANIN,2005,OTH_A,6.418
MAR_ANIN,2005,CEREAL,2.37
MAR_ANIN,2010,CROP_FLW,3.364
MAR_ANIN,2010,GRO,2.529
MAR_ANIN,2010,OSD,0.245
MAR_ANIN,2010,OTH_A,6.105
MAR_ANIN,2010,CEREAL,2.529
MAR_ANIN,2020,CROP_FLW,3.373
MAR_ANIN,2020,GRO,3.111
MAR_ANIN,2020,OSD,0.216
MAR_ANIN,2020,OTH_A,6.197
MAR_ANIN,2020,CEREAL,3.111
MAR_ANIN,2030,CROP_FLW,3.848
MAR_ANIN,2030,GRO,3.38
MAR_ANIN,2030,OSD,0.22
MAR_ANIN,2030,OTH_A,6.643
MAR_ANIN,2030,CEREAL,3.38
MAR_ANIN,2040,CROP_FLW,3.989
MAR_ANIN,2040,GRO,3.869
MAR_ANIN,2040,OSD,0.219
MAR_ANIN,2040,OTH_A,6.827
MAR_ANIN,2040,CEREAL,3.869
MAR_ANIN,2050,CROP_FLW,4.026
MAR_ANIN,2050,GRO,4.534
MAR_ANIN,2050,OSD,0.226
MAR_ANIN,2050,OTH_A,7.054
MAR_ANIN,2050,CEREAL,4.534
MAR_ANIN,2060,CROP_FLW,3.866
MAR_ANIN,2060,GRO,5.588
MAR_ANIN,2060,OSD,0.257
MAR_ANIN,2060,OTH_A,7.234
MAR_ANIN,2060,CEREAL,5.588
MAR_ANIN,2070,CROP_FLW,3.846
MAR_ANIN,2070,GRO,6.403
MAR_ANIN,2070,OSD,0.273
MAR_ANIN,2070,OTH_A,7.257
MAR_ANIN,2070,CEREAL,6.403
MAR_ANIN,2080,CROP_FLW,3.747
MAR_ANIN,2080,GRO,6.669
MAR_ANIN,2080,OSD,0.263
MAR_ANIN,2080,OTH_A,7.293
MAR_ANIN,2080,CEREAL,6.669
MAR_ANIN,2090,CROP_FLW,3.6
MAR_ANIN,2090,GRO,6.922
MAR_ANIN,2090,OSD,0.246
MAR_ANIN,2090,OTH_A,7.359
MAR_ANIN,2090,CEREAL,6.922
MAR_ANIN,2100,CROP_FLW,3.54
MAR_ANIN,2100,GRO,7.215
MAR_ANIN,2100,OSD,0.24
MAR_ANIN,2100,OTH_A,7.414
MAR_ANIN,2100,CEREAL,7.215
MAR_ANWC,2005,CROP_FLW,3.962
MAR_ANWC,2005,PDR,9.943
MAR_ANWC,2005,WHT,2.128
MAR_ANWC,2005,GRO,2.13
MAR_ANWC,2005,OSD,0.327
MAR_ANWC,2005,C_B,68.032
MAR_ANWC,2005,OTH_A,6.319
MAR_ANWC,2005,CEREAL,2.137
MAR_ANWC,2010,CROP_FLW,3.909
MAR_ANWC,2010,PDR,9.9
MAR_ANWC,2010,WHT,2.154
MAR_ANWC,2010,GRO,2.249
MAR_ANWC,2010,OSD,0.266
MAR_ANWC,2010,C_B,80.147
MAR_ANWC,2010,OTH_A,6.247
MAR_ANWC,2010,CEREAL,2.204
MAR_ANWC,2020,CROP_FLW,3.859
MAR_ANWC,2020,PDR,10.343
MAR_ANWC,2020,WHT,2.216
MAR_ANWC,2020,GRO,2.319
MAR_ANWC,2020,OSD,0.222
MAR_ANWC,2020,C_B,67.978
MAR_ANWC,2020,OTH_A,6.411
MAR_ANWC,2020,CEREAL,2.263
MAR_ANWC,2030,CROP_FLW,3.857
MAR_ANWC,2030,PDR,12.454
MAR_ANWC,2030,WHT,2.213
MAR_ANWC,2030,GRO,2.316
MAR_ANWC,2030,OSD,0.203
MAR_ANWC,2030,C_B,64.856
MAR_ANWC,2030,OTH_A,6.447
MAR_ANWC,2030,CEREAL,2.253
MAR_ANWC,2040,CROP_FLW,3.86
MAR_ANWC,2040,PDR,14.794
MAR_ANWC,2040,WHT,2.215
MAR_ANWC,2040,GRO,2.315
MAR_ANWC,2040,OSD,0.182
MAR_ANWC,2040,C_B,61.235
MAR_ANWC,2040,OTH_A,6.416
MAR_ANWC,2040,CEREAL,2.25
MAR_ANWC,2050,CROP_FLW,3.862
MAR_ANWC,2050,PDR,16.279
MAR_ANWC,2050,WHT,2.238
MAR_ANWC,2050,GRO,2.318
MAR_ANWC,2050,OSD,0.167
MAR_ANWC,2050,C_B,58.033
MAR_ANWC,2050,OTH_A,6.387
MAR_ANWC,2050,CEREAL,2.264
MAR_ANWC,2060,CROP_FLW,3.857
MAR_ANWC,2060,PDR,16.279
MAR_ANWC,2060,WHT,2.258
MAR_ANWC,2060,GRO,2.338
MAR_ANWC,2060,OSD,0.15
MAR_ANWC,2060,C_B,55.824
MAR_ANWC,2060,OTH_A,6.373
MAR_ANWC,2060,CEREAL,2.283
MAR_ANWC,2070,CROP_FLW,3.839
MAR_ANWC,2070,PDR,15.134
MAR_ANWC,2070,WHT,2.279
MAR_ANWC,2070,GRO,2.342
MAR_ANWC,2070,OSD,0.136
MAR_ANWC,2070,C_B,54.228
MAR_ANWC,2070,OTH_A,6.441
MAR_ANWC,2070,CEREAL,2.296
MAR_ANWC,2080,CROP_FLW,3.837
MAR_ANWC,2080,PDR,14.252
MAR_ANWC,2080,WHT,2.284
MAR_ANWC,2080,GRO,2.33
MAR_ANWC,2080,OSD,0.119
MAR_ANWC,2080,C_B,51.35
MAR_ANWC,2080,OTH_A,6.561
MAR_ANWC,2080,CEREAL,2.294
MAR_ANWC,2090,CROP_FLW,3.837
MAR_ANWC,2090,PDR,13.63
MAR_ANWC,2090,WHT,2.28
MAR_ANWC,2090,GRO,2.324
MAR_ANWC,2090,OSD,0.102
MAR_ANWC,2090,C_B,48.823
MAR_ANWC,2090,OTH_A,6.778
MAR_ANWC,2090,CEREAL,2.289
MAR_ANWC,2100,CROP_FLW,3.837
MAR_ANWC,2100,PDR,13.163
MAR_ANWC,2100,WHT,2.298
MAR_ANWC,2100,GRO,2.331
MAR_ANWC,2100,OSD,0.089
MAR_ANWC,2100,C_B,44.952
MAR_ANWC,2100,OTH_A,6.919
MAR_ANWC,2100,CEREAL,2.305
MAR_MSCC,2005,CROP_FLW,3.79
MAR_MSCC,2005,PDR,10.994
MAR_MSCC,2005,WHT,1.939
MAR_MSCC,2005,GRO,1.941
MAR_MSCC,2005,OSD,0.431
MAR_MSCC,2005,C_B,80.553
MAR_MSCC,2005,OTH_A,8.241
MAR_MSCC,2005,CEREAL,1.959
MAR_MSCC,2010,CROP_FLW,3.758
MAR_MSCC,2010,PDR,10.488
MAR_MSCC,2010,WHT,1.991
MAR_MSCC,2010,GRO,2.03
MAR_MSCC,2010,OSD,0.35
MAR_MSCC,2010,C_B,94.114
MAR_MSCC,2010,OTH_A,7.988
MAR_MSCC,2010,CEREAL,2.036
MAR_MSCC,2020,CROP_FLW,3.719
MAR_MSCC,2020,PDR,10.538
MAR_MSCC,2020,WHT,2.228
MAR_MSCC,2020,GRO,2.152
MAR_MSCC,2020,OSD,0.295
MAR_MSCC,2020,C_B,77.238
MAR_MSCC,2020,OTH_A,8.071
MAR_MSCC,2020,CEREAL,2.21
MAR_MSCC,2030,CROP_FLW,3.721
MAR_MSCC,2030,PDR,12.062
MAR_MSCC,2030,WHT,2.274
MAR_MSCC,2030,GRO,2.156
MAR_MSCC,2030,OSD,0.275
MAR_MSCC,2030,C_B,72.828
MAR_MSCC,2030,OTH_A,8.126
MAR_MSCC,2030,CEREAL,2.222
MAR_MSCC,2040,CROP_FLW,3.723
MAR_MSCC,2040,PDR,11.655
MAR_MSCC,2040,WHT,2.284
MAR_MSCC,2040,GRO,2.158
MAR_MSCC,2040,OSD,0.239
MAR_MSCC,2040,C_B,66.905
MAR_MSCC,2040,OTH_A,7.965
MAR_MSCC,2040,CEREAL,2.223
MAR_MSCC,2050,CROP_FLW,3.715
MAR_MSCC,2050,PDR,11.655
MAR_MSCC,2050,WHT,2.381
MAR_MSCC,2050,GRO,2.166
MAR_MSCC,2050,OSD,0.207
MAR_MSCC,2050,C_B,62.615
MAR_MSCC,2050,OTH_A,7.714
MAR_MSCC,2050,CEREAL,2.279
MAR_MSCC,2060,CROP_FLW,3.681
MAR_MSCC,2060,PDR,11.655
MAR_MSCC,2060,WHT,2.465
MAR_MSCC,2060,GRO,2.193
MAR_MSCC,2060,OSD,0.189
MAR_MSCC,2060,C_B,56.455
MAR_MSCC,2060,OTH_A,7.563
MAR_MSCC,2060,CEREAL,2.344
MAR_MSCC,2070,CROP_FLW,3.625
MAR_MSCC,2070,PDR,11.655
MAR_MSCC,2070,WHT,2.541
MAR_MSCC,2070,GRO,2.222
MAR_MSCC,2070,OSD,0.169
MAR_MSCC,2070,C_B,52.968
MAR_MSCC,2070,OTH_A,7.54
MAR_MSCC,2070,CEREAL,2.413
MAR_MSCC,2080,CROP_FLW,3.7
MAR_MSCC,2080,PDR,11.382
MAR_MSCC,2080,WHT,2.563
MAR_MSCC,2080,GRO,2.188
MAR_MSCC,2080,OSD,0.144
MAR_MSCC,2080,C_B,49.799
MAR_MSCC,2080,OTH_A,7.531
MAR_MSCC,2080,CEREAL,2.438
MAR_MSCC,2090,CROP_FLW,3.686
MAR_MSCC,2090,PDR,11.064
MAR_MSCC,2090,WHT,2.565
MAR_MSCC,2090,GRO,2.18
MAR_MSCC,2090,OSD,0.117
MAR_MSCC,2090,C_B,47.881
MAR_MSCC,2090,OTH_A,7.577
MAR_MSCC,2090,CEREAL,2.454
MAR_MSCC,2100,CROP_FLW,3.69
MAR_MSCC,2100,PDR,10.835
MAR_MSCC,2100,WHT,2.59
MAR_MSCC,2100,GRO,2.177
MAR_MSCC,2100,OSD,0.1
MAR_MSCC,2100,C_B,42.352
MAR_MSCC,2100,OTH_A,7.585
MAR_MSCC,2100,CEREAL,2.478
MDA_BSNC,2005,CROP_FLW,3.51
MDA_BSNC,2005,WHT,1.857
MDA_BSNC,2005,GRO,1.971
MDA_BSNC,2005,OSD,1.547
MDA_BSNC,2005,C_B,26.006
MDA_BSNC,2005,OTH_A,1.858
MDA_BSNC,2005,CEREAL,1.926
MDA_BSNC,2010,CROP_FLW,3.461
MDA_BSNC,2010,WHT,1.877
MDA_BSNC,2010,GRO,2.0
MDA_BSNC,2010,OSD,1.546
MDA_BSNC,2010,C_B,26.471
MDA_BSNC,2010,OTH_A,1.87
MDA_BSNC,2010,CEREAL,1.956
MDA_BSNC,2020,CROP_FLW,3.404
MDA_BSNC,2020,WHT,1.891
MDA_BSNC,2020,GRO,2.014
MDA_BSNC,2020,OSD,1.551
MDA_BSNC,2020,C_B,27.156
MDA_BSNC,2020,OTH_A,1.91
MDA_BSNC,2020,CEREAL,1.97
MDA_BSNC,2030,CROP_FLW,3.403
MDA_BSNC,2030,WHT,1.906
MDA_BSNC,2030,GRO,2.044
MDA_BSNC,2030,OSD,1.561
MDA_BSNC,2030,C_B,27.21
MDA_BSNC,2030,OTH_A,1.908
MDA_BSNC,2030,CEREAL,1.994
MDA_BSNC,2040,CROP_FLW,3.443
MDA_BSNC,2040,WHT,1.906
MDA_BSNC,2040,GRO,2.051
MDA_BSNC,2040,OSD,1.562
MDA_BSNC,2040,C_B,27.333
MDA_BSNC,2040,OTH_A,1.903
MDA_BSNC,2040,CEREAL,1.998
MDA_BSNC,2050,CROP_FLW,3.561
MDA_BSNC,2050,WHT,1.903
MDA_BSNC,2050,GRO,2.067
MDA_BSNC,2050,OSD,1.564
MDA_BSNC,2050,C_B,27.381
MDA_BSNC,2050,OTH_A,1.888
MDA_BSNC,2050,CEREAL,2.007
MDA_BSNC,2060,CROP_FLW,3.533
MDA_BSNC,2060,WHT,1.902
MDA_BSNC,2060,GRO,2.075
MDA_BSNC,2060,OSD,1.569
MDA_BSNC,2060,C_B,27.45
MDA_BSNC,2060,OTH_A,1.896
MDA_BSNC,2060,CEREAL,2.012
MDA_BSNC,2070,CROP_FLW,3.493
MDA_BSNC,2070,WHT,1.908
MDA_BSNC,2070,GRO,2.072
MDA_BSNC,2070,OSD,1.571
MDA_BSNC,2070,C_B,27.524
MDA_BSNC,2070,OTH_A,1.914
MDA_BSNC,2070,CEREAL,2.011
MDA_BSNC,2080,CROP_FLW,3.453
MDA_BSNC,2080,WHT,1.909
MDA_BSNC,2080,GRO,2.07
MDA_BSNC,2080,OSD,1.574
MDA_BSNC,2080,C_B,27.599
MDA_BSNC,2080,OTH_A,1.93
MDA_BSNC,2080,CEREAL,2.01
MDA_BSNC,2090,CROP_FLW,3.437
MDA_BSNC,2090,WHT,1.909
MDA_BSNC,2090,GRO,2.068
MDA_BSNC,2090,OSD,1.576
MDA_BSNC,2090,C_B,27.662
MDA_BSNC,2090,OTH_A,1.944
MDA_BSNC,2090,CEREAL,2.008
MDA_BSNC,2100,CROP_FLW,3.512
MDA_BSNC,2100,WHT,1.909
MDA_BSNC,2100,GRO,2.066
MDA_BSNC,2100,OSD,1.577
MDA_BSNC,2100,C_B,27.711
MDA_BSNC,2100,OTH_A,1.95
MDA_BSNC,2100,CEREAL,2.007
MDA_DANU,2005,CROP_FLW,3.794
MDA_DANU,2005,WHT,1.844
MDA_DANU,2005,GRO,1.998
MDA_DANU,2005,OSD,1.476
MDA_DANU,2005,C_B,26.215
MDA_DANU,2005,OTH_A,1.816
MDA_DANU,2005,CEREAL,1.936
MDA_DANU,2010,CROP_FLW,3.651
MDA_DANU,2010,WHT,1.901
MDA_DANU,2010,GRO,2.046
MDA_DANU,2010,OSD,1.498
MDA_DANU,2010,C_B,26.633
MDA_DANU,2010,OTH_A,1.836
MDA_DANU,2010,CEREAL,1.993
MDA_DANU,2020,CROP_FLW,3.509
MDA_DANU,2020,WHT,1.932
MDA_DANU,2020,GRO,2.094
MDA_DANU,2020,OSD,1.501
MDA_DANU,2020,C_B,27.407
MDA_DANU,2020,OTH_A,1.893
MDA_DANU,2020,CEREAL,2.035
MDA_DANU,2030,CROP_FLW,3.508
MDA_DANU,2030,WHT,1.958
MDA_DANU,2030,GRO,2.187
MDA_DANU,2030,OSD,1.506
MDA_DANU,2030,C_B,27.42
MDA_DANU,2030,OTH_A,1.888
MDA_DANU,2030,CEREAL,2.104
MDA_DANU,2040,CROP_FLW,3.516
MDA_DANU,2040,WHT,1.98
MDA_DANU,2040,GRO,2.223
MDA_DANU,2040,OSD,1.5
MDA_DANU,2040,C_B,27.447
MDA_DANU,2040,OTH_A,1.881
MDA_DANU,2040,CEREAL,2.134
MDA_DANU,2050,CROP_FLW,3.732
MDA_DANU,2050,WHT,1.961
MDA_DANU,2050,GRO,2.28
MDA_DANU,2050,OSD,1.505
MDA_DANU,2050,C_B,27.457
MDA_DANU,2050,OTH_A,1.86
MDA_DANU,2050,CEREAL,2.165
MDA_DANU,2060,CROP_FLW,3.882
MDA_DANU,2060,WHT,1.99
MDA_DANU,2060,GRO,2.301
MDA_DANU,2060,OSD,1.505
MDA_DANU,2060,C_B,27.466
MDA_DANU,2060,OTH_A,1.839
MDA_DANU,2060,CEREAL,2.189
MDA_DANU,2070,CROP_FLW,3.821
MDA_DANU,2070,WHT,1.98
MDA_DANU,2070,GRO,2.315
MDA_DANU,2070,OSD,1.506
MDA_DANU,2070,C_B,27.479
MDA_DANU,2070,OTH_A,1.843
MDA_DANU,2070,CEREAL,2.191
MDA_DANU,2080,CROP_FLW,3.809
MDA_DANU,2080,WHT,1.965
MDA_DANU,2080,GRO,2.331
MDA_DANU,2080,OSD,1.506
MDA_DANU,2080,C_B,27.42
MDA_DANU,2080,OTH_A,1.846
MDA_DANU,2080,CEREAL,2.196
MDA_DANU,2090,CROP_FLW,3.74
MDA_DANU,2090,WHT,1.955
MDA_DANU,2090,GRO,2.344
MDA_DANU,2090,OSD,1.508
MDA_DANU,2090,C_B,27.433
MDA_DANU,2090,OTH_A,1.865
MDA_DANU,2090,CEREAL,2.2
MDA_DANU,2100,CROP_FLW,3.692
MDA_DANU,2100,WHT,1.953
MDA_DANU,2100,GRO,2.35
MDA_DANU,2100,OSD,1.508
MDA_DANU,2100,C_B,27.44
MDA_DANU,2100,OTH_A,1.886
MDA_DANU,2100,CEREAL,2.203
MDA_DNIE,2005,CROP_FLW,3.66
MDA_DNIE,2005,WHT,1.832
MDA_DNIE,2005,GRO,1.974
MDA_DNIE,2005,OSD,1.472
MDA_DNIE,2005,C_B,26.338
MDA_DNIE,2005,OTH_A,1.812
MDA_DNIE,2005,CEREAL,1.918
MDA_DNIE,2010,CROP_FLW,3.58
MDA_DNIE,2010,WHT,1.885
MDA_DNIE,2010,GRO,1.997
MDA_DNIE,2010,OSD,1.478
MDA_DNIE,2010,C_B,26.808
MDA_DNIE,2010,OTH_A,1.819
MDA_DNIE,2010,CEREAL,1.956
MDA_DNIE,2020,CROP_FLW,3.508
MDA_DNIE,2020,WHT,1.919
MDA_DNIE,2020,GRO,2.053
MDA_DNIE,2020,OSD,1.477
MDA_DNIE,2020,C_B,27.233
MDA_DNIE,2020,OTH_A,1.871
MDA_DNIE,2020,CEREAL,2.005
MDA_DNIE,2030,CROP_FLW,3.495
MDA_DNIE,2030,WHT,1.931
MDA_DNIE,2030,GRO,2.077
MDA_DNIE,2030,OSD,1.477
MDA_DNIE,2030,C_B,27.189
MDA_DNIE,2030,OTH_A,1.874
MDA_DNIE,2030,CEREAL,2.024
MDA_DNIE,2040,CROP_FLW,3.485
MDA_DNIE,2040,WHT,1.936
MDA_DNIE,2040,GRO,2.087
MDA_DNIE,2040,OSD,1.479
MDA_DNIE,2040,C_B,27.107
MDA_DNIE,2040,OTH_A,1.877
MDA_DNIE,2040,CEREAL,2.033
MDA_DNIE,2050,CROP_FLW,3.534
MDA_DNIE,2050,WHT,1.938
MDA_DNIE,2050,GRO,2.1
MDA_DNIE,2050,OSD,1.48
MDA_DNIE,2050,C_B,27.06
MDA_DNIE,2050,OTH_A,1.885
MDA_DNIE,2050,CEREAL,2.043
MDA_DNIE,2060,CROP_FLW,3.587
MDA_DNIE,2060,WHT,1.942
MDA_DNIE,2060,GRO,2.105
MDA_DNIE,2060,OSD,1.48
MDA_DNIE,2060,C_B,27.02
MDA_DNIE,2060,OTH_A,1.9
MDA_DNIE,2060,CEREAL,2.047
MDA_DNIE,2070,CROP_FLW,3.612
MDA_DNIE,2070,WHT,1.95
MDA_DNIE,2070,GRO,2.103
MDA_DNIE,2070,OSD,1.481
MDA_DNIE,2070,C_B,27.044
MDA_DNIE,2070,OTH_A,1.906
MDA_DNIE,2070,CEREAL,2.047
MDA_DNIE,2080,CROP_FLW,3.616
MDA_DNIE,2080,WHT,1.949
MDA_DNIE,2080,GRO,2.107
MDA_DNIE,2080,OSD,1.479
MDA_DNIE,2080,C_B,27.027
MDA_DNIE,2080,OTH_A,1.912
MDA_DNIE,2080,CEREAL,2.05
MDA_DNIE,2090,CROP_FLW,3.609
MDA_DNIE,2090,WHT,1.952
MDA_DNIE,2090,GRO,2.108
MDA_DNIE,2090,OSD,1.479
MDA_DNIE,2090,C_B,27.043
MDA_DNIE,2090,OTH_A,1.919
MDA_DNIE,2090,CEREAL,2.051
MDA_DNIE,2100,CROP_FLW,3.594
MDA_DNIE,2100,WHT,1.952
MDA_DNIE,2100,GRO,2.109
MDA_DNIE,2100,OSD,1.479
MDA_DNIE,2100,C_B,26.989
MDA_DNIE,2100,OTH_A,1.928
MDA_DNIE,2100,CEREAL,2.052
MDG_MADA,2005,CROP_FLW,5.029
MDG_MADA,2005,PDR,1.693
MDG_MADA,2005,WHT,2.479
MDG_MADA,2005,GRO,1.031
MDG_MADA,2005,OSD,0.903
MDG_MADA,2005,C_B,56.883
MDG_MADA,2005,OTH_A,0.848
MDG_MADA,2005,CEREAL,1.429
MDG_MADA,2010,CROP_FLW,5.03
MDG_MADA,2010,PDR,1.693
MDG_MADA,2010,WHT,2.887
MDG_MADA,2010,GRO,1.033
MDG_MADA,2010,OSD,0.904
MDG_MADA,2010,C_B,61.931
MDG_MADA,2010,OTH_A,0.901
MDG_MADA,2010,CEREAL,1.431
MDG_MADA,2020,CROP_FLW,5.068
MDG_MADA,2020,PDR,1.829
MDG_MADA,2020,WHT,3.911
MDG_MADA,2020,GRO,1.135
MDG_MADA,2020,OSD,0.958
MDG_MADA,2020,C_B,67.557
MDG_MADA,2020,OTH_A,1.113
MDG_MADA,2020,CEREAL,1.565
MDG_MADA,2030,CROP_FLW,5.17
MDG_MADA,2030,PDR,2.037
MDG_MADA,2030,WHT,4.14
MDG_MADA,2030,GRO,1.268
MDG_MADA,2030,OSD,0.993
MDG_MADA,2030,C_B,70.608
MDG_MADA,2030,OTH_A,1.154
MDG_MADA,2030,CEREAL,1.772
MDG_MADA,2040,CROP_FLW,5.203
MDG_MADA,2040,PDR,2.168
MDG_MADA,2040,WHT,4.197
MDG_MADA,2040,GRO,1.372
MDG_MADA,2040,OSD,0.994
MDG_MADA,2040,C_B,73.271
MDG_MADA,2040,OTH_A,1.193
MDG_MADA,2040,CEREAL,1.923
MDG_MADA,2050,CROP_FLW,5.197
MDG_MADA,2050,PDR,2.893
MDG_MADA,2050,WHT,4.672
MDG_MADA,2050,GRO,1.453
MDG_MADA,2050,OSD,1.049
MDG_MADA,2050,C_B,81.337
MDG_MADA,2050,OTH_A,1.379
MDG_MADA,2050,CEREAL,2.511
MDG_MADA,2060,CROP_FLW,5.194
MDG_MADA,2060,PDR,3.213
MDG_MADA,2060,WHT,5.05
MDG_MADA,2060,GRO,1.523
MDG_MADA,2060,OSD,1.148
MDG_MADA,2060,C_B,87.163
MDG_MADA,2060,OTH_A,1.54
MDG_MADA,2060,CEREAL,2.751
MDG_MADA,2070,CROP_FLW,5.255
MDG_MADA,2070,PDR,3.449
MDG_MADA,2070,WHT,5.394
MDG_MADA,2070,GRO,1.593
MDG_MADA,2070,OSD,1.189
MDG_MADA,2070,C_B,90.909
MDG_MADA,2070,OTH_A,1.624
MDG_MADA,2070,CEREAL,3.044
MDG_MADA,2080,CROP_FLW,5.277
MDG_MADA,2080,PDR,3.571
MDG_MADA,2080,WHT,5.471
MDG_MADA,2080,GRO,1.692
MDG_MADA,2080,OSD,1.196
MDG_MADA,2080,C_B,92.871
MDG_MADA,2080,OTH_A,1.652
MDG_MADA,2080,CEREAL,3.24
MDG_MADA,2090,CROP_FLW,5.204
MDG_MADA,2090,PDR,3.648
MDG_MADA,2090,WHT,5.524
MDG_MADA,2090,GRO,1.765
MDG_MADA,2090,OSD,1.195
MDG_MADA,2090,C_B,94.182
MDG_MADA,2090,OTH_A,1.656
MDG_MADA,2090,CEREAL,3.371
MDG_MADA,2100,CROP_FLW,5.232
MDG_MADA,2100,PDR,3.697
MDG_MADA,2100,WHT,5.554
MDG_MADA,2100,GRO,1.798
MDG_MADA,2100,OSD,1.2
MDG_MADA,2100,C_B,95.047
MDG_MADA,2100,OTH_A,1.643
MDG_MADA,2100,CEREAL,3.462
MEX_BJCA,2005,CROP_FLW,4.512
MEX_BJCA,2005,WHT,3.924
MEX_BJCA,2005,GRO,3.416
MEX_BJCA,2005,OSD,2.925
MEX_BJCA,2005,OTH_A,3.729
MEX_BJCA,2005,CEREAL,3.671
MEX_BJCA,2010,CROP_FLW,4.514
MEX_BJCA,2010,WHT,3.901
MEX_BJCA,2010,GRO,3.461
MEX_BJCA,2010,OSD,2.829
MEX_BJCA,2010,OTH_A,3.804
MEX_BJCA,2010,CEREAL,3.686
MEX_BJCA,2020,CROP_FLW,4.432
MEX_BJCA,2020,WHT,3.812
MEX_BJCA,2020,GRO,3.622
MEX_BJCA,2020,OSD,2.632
MEX_BJCA,2020,OTH_A,4.091
MEX_BJCA,2020,CEREAL,3.728
MEX_BJCA,2030,CROP_FLW,4.441
MEX_BJCA,2030,WHT,4.019
MEX_BJCA,2030,GRO,3.911
MEX_BJCA,2030,OSD,2.866
MEX_BJCA,2030,OTH_A,4.465
MEX_BJCA,2030,CEREAL,3.971
MEX_BJCA,2040,CROP_FLW,4.457
MEX_BJCA,2040,WHT,4.295
MEX_BJCA,2040,GRO,4.248
MEX_BJCA,2040,OSD,2.902
MEX_BJCA,2040,OTH_A,4.687
MEX_BJCA,2040,CEREAL,4.273
MEX_BJCA,2050,CROP_FLW,4.471
MEX_BJCA,2050,WHT,4.47
MEX_BJCA,2050,GRO,4.237
MEX_BJCA,2050,OSD,2.853
MEX_BJCA,2050,OTH_A,4.776
MEX_BJCA,2050,CEREAL,4.355
MEX_BJCA,2060,CROP_FLW,4.564
MEX_BJCA,2060,WHT,4.669
MEX_BJCA,2060,GRO,4.4
MEX_BJCA,2060,OSD,2.777
MEX_BJCA,2060,OTH_A,5.069
MEX_BJCA,2060,CEREAL,4.523
MEX_BJCA,2070,CROP_FLW,4.555
MEX_BJCA,2070,WHT,4.848
MEX_BJCA,2070,GRO,4.542
MEX_BJCA,2070,OSD,2.729
MEX_BJCA,2070,OTH_A,5.069
MEX_BJCA,2070,CEREAL,4.662
MEX_BJCA,2080,CROP_FLW,4.541
MEX_BJCA,2080,WHT,4.848
MEX_BJCA,2080,GRO,4.595
MEX_BJCA,2080,OSD,2.491
MEX_BJCA,2080,OTH_A,5.09
MEX_BJCA,2080,CEREAL,4.686
MEX_BJCA,2090,CROP_FLW,4.531
MEX_BJCA,2090,WHT,4.848
MEX_BJCA,2090,GRO,4.647
MEX_BJCA,2090,OSD,2.288
MEX_BJCA,2090,OTH_A,5.108
MEX_BJCA,2090,CEREAL,4.717
MEX_BJCA,2100,CROP_FLW,4.516
MEX_BJCA,2100,WHT,4.849
MEX_BJCA,2100,GRO,4.805
MEX_BJCA,2100,OSD,2.262
MEX_BJCA,2100,OTH_A,5.128
MEX_BJCA,2100,CEREAL,4.819
MEX_MCIN,2005,CROP_FLW,6.312
MEX_MCIN,2005,GRO,3.56
MEX_MCIN,2005,OSD,4.444
MEX_MCIN,2005,OTH_A,3.351
MEX_MCIN,2005,CEREAL,3.56
MEX_MCIN,2010,CROP_FLW,6.312
MEX_MCIN,2010,GRO,3.573
MEX_MCIN,2010,OSD,5.018
MEX_MCIN,2010,OTH_A,3.394
MEX_MCIN,2010,CEREAL,3.573
MEX_MCIN,2020,CROP_FLW,6.286
MEX_MCIN,2020,GRO,3.715
MEX_MCIN,2020,OSD,6.292
MEX_MCIN,2020,OTH_A,3.623
MEX_MCIN,2020,CEREAL,3.715
MEX_MCIN,2030,CROP_FLW,6.299
MEX_MCIN,2030,GRO,3.831
MEX_MCIN,2030,OSD,6.785
MEX_MCIN,2030,OTH_A,3.83
MEX_MCIN,2030,CEREAL,3.831
MEX_MCIN,2040,CROP_FLW,6.299
MEX_MCIN,2040,GRO,3.843
MEX_MCIN,2040,OSD,6.907
MEX_MCIN,2040,OTH_A,3.838
MEX_MCIN,2040,CEREAL,3.843
MEX_MCIN,2050,CROP_FLW,6.299
MEX_MCIN,2050,GRO,3.821
MEX_MCIN,2050,OSD,7.353
MEX_MCIN,2050,OTH_A,3.865
MEX_MCIN,2050,CEREAL,3.821
MEX_MCIN,2060,CROP_FLW,6.302
MEX_MCIN,2060,GRO,3.915
MEX_MCIN,2060,OSD,7.816
MEX_MCIN,2060,OTH_A,3.86
MEX_MCIN,2060,CEREAL,3.915
MEX_MCIN,2070,CROP_FLW,6.292
MEX_MCIN,2070,GRO,4.012
MEX_MCIN,2070,OSD,7.697
MEX_MCIN,2070,OTH_A,3.824
MEX_MCIN,2070,CEREAL,4.012
MEX_MCIN,2080,CROP_FLW,6.287
MEX_MCIN,2080,GRO,4.075
MEX_MCIN,2080,OSD,7.617
MEX_MCIN,2080,OTH_A,3.837
MEX_MCIN,2080,CEREAL,4.075
MEX_MCIN,2090,CROP_FLW,6.287
MEX_MCIN,2090,GRO,4.072
MEX_MCIN,2090,OSD,7.567
MEX_MCIN,2090,OTH_A,3.848
MEX_MCIN,2090,CEREAL,4.072
MEX_MCIN,2100,CROP_FLW,6.286
MEX_MCIN,2100,GRO,4.068
MEX_MCIN,2100,OSD,7.553
MEX_MCIN,2100,OTH_A,3.857
MEX_MCIN,2100,CEREAL,4.068
MEX_MNCW,2005,CROP_FLW,6.798
MEX_MNCW,2005,PDR,4.804
MEX_MNCW,2005,WHT,3.433
MEX_MNCW,2005,GRO,3.557
MEX_MNCW,2005,OSD,4.097
MEX_MNCW,2005,C_B,72.019
MEX_MNCW,2005,OTH_A,3.183
MEX_MNCW,2005,CEREAL,3.509
MEX_MNCW,2010,CROP_FLW,6.802
MEX_MNCW,2010,PDR,5.343
MEX_MNCW,2010,WHT,3.466
MEX_MNCW,2010,GRO,3.565
MEX_MNCW,2010,OSD,4.529
MEX_MNCW,2010,C_B,71.991
MEX_MNCW,2010,OTH_A,3.369
MEX_MNCW,2010,CEREAL,3.528
MEX_MNCW,2020,CROP_FLW,6.815
MEX_MNCW,2020,PDR,5.38
MEX_MNCW,2020,WHT,3.573
MEX_MNCW,2020,GRO,3.612
MEX_MNCW,2020,OSD,5.208
MEX_MNCW,2020,C_B,67.233
MEX_MNCW,2020,OTH_A,3.577
MEX_MNCW,2020,CEREAL,3.597
MEX_MNCW,2030,CROP_FLW,6.795
MEX_MNCW,2030,PDR,5.407
MEX_MNCW,2030,WHT,3.611
MEX_MNCW,2030,GRO,3.645
MEX_MNCW,2030,OSD,5.265
MEX_MNCW,2030,C_B,69.292
MEX_MNCW,2030,OTH_A,3.73
MEX_MNCW,2030,CEREAL,3.633
MEX_MNCW,2040,CROP_FLW,6.899
MEX_MNCW,2040,PDR,5.446
MEX_MNCW,2040,WHT,3.7
MEX_MNCW,2040,GRO,3.711
MEX_MNCW,2040,OSD,5.324
MEX_MNCW,2040,C_B,70.907
MEX_MNCW,2040,OTH_A,3.837
MEX_MNCW,2040,CEREAL,3.71
MEX_MNCW,2050,CROP_FLW,6.972
MEX_MNCW,2050,PDR,5.554
MEX_MNCW,2050,WHT,3.749
MEX_MNCW,2050,GRO,3.726
MEX_MNCW,2050,OSD,5.453
MEX_MNCW,2050,C_B,69.6
MEX_MNCW,2050,OTH_A,3.942
MEX_MNCW,2050,CEREAL,3.74
MEX_MNCW,2060,CROP_FLW,7.146
MEX_MNCW,2060,PDR,5.608
MEX_MNCW,2060,WHT,3.775
MEX_MNCW,2060,GRO,3.938
MEX_MNCW,2060,OSD,5.547
MEX_MNCW,2060,C_B,71.224
MEX_MNCW,2060,OTH_A,4.012
MEX_MNCW,2060,CEREAL,3.869
MEX_MNCW,2070,CROP_FLW,7.34
MEX_MNCW,2070,PDR,5.665
MEX_MNCW,2070,WHT,3.709
MEX_MNCW,2070,GRO,3.971
MEX_MNCW,2070,OSD,5.721
MEX_MNCW,2070,C_B,78.656
MEX_MNCW,2070,OTH_A,4.241
MEX_MNCW,2070,CEREAL,3.847
MEX_MNCW,2080,CROP_FLW,7.672
MEX_MNCW,2080,PDR,5.818
MEX_MNCW,2080,WHT,3.89
MEX_MNCW,2080,GRO,4.436
MEX_MNCW,2080,OSD,6.325
MEX_MNCW,2080,C_B,85.177
MEX_MNCW,2080,OTH_A,4.663
MEX_MNCW,2080,CEREAL,4.155
MEX_MNCW,2090,CROP_FLW,7.83
MEX_MNCW,2090,PDR,5.73
MEX_MNCW,2090,WHT,3.837
MEX_MNCW,2090,GRO,4.372
MEX_MNCW,2090,OSD,6.298
MEX_MNCW,2090,C_B,86.006
MEX_MNCW,2090,OTH_A,4.799
MEX_MNCW,2090,CEREAL,4.086
MEX_MNCW,2100,CROP_FLW,8.038
MEX_MNCW,2100,PDR,5.694
MEX_MNCW,2100,WHT,3.825
MEX_MNCW,2100,GRO,4.382
MEX_MNCW,2100,OSD,6.394
MEX_MNCW,2100,C_B,86.45
MEX_MNCW,2100,OTH_A,4.9
MEX_MNCW,2100,CEREAL,4.076
MEX_RGBV,2005,CROP_FLW,7.09
MEX_RGBV,2005,WHT,3.394
MEX_RGBV,2005,GRO,3.61
MEX_RGBV,2005,OSD,3.568
MEX_RGBV,2005,C_B,77.46
MEX_RGBV,2005,OTH_A,3.726
MEX_RGBV,2005,CEREAL,3.589
MEX_RGBV,2010,CROP_FLW,7.09
MEX_RGBV,2010,WHT,3.416
MEX_RGBV,2010,GRO,3.61
MEX_RGBV,2010,OSD,3.835
MEX_RGBV,2010,C_B,77.434
MEX_RGBV,2010,OTH_A,3.81
MEX_RGBV,2010,CEREAL,3.591
MEX_RGBV,2020,CROP_FLW,6.99
MEX_RGBV,2020,WHT,3.372
MEX_RGBV,2020,GRO,3.696
MEX_RGBV,2020,OSD,4.156
MEX_RGBV,2020,C_B,74.577
MEX_RGBV,2020,OTH_A,4.132
MEX_RGBV,2020,CEREAL,3.659
MEX_RGBV,2030,CROP_FLW,6.908
MEX_RGBV,2030,WHT,3.474
MEX_RGBV,2030,GRO,3.823
MEX_RGBV,2030,OSD,4.468
MEX_RGBV,2030,C_B,82.697
MEX_RGBV,2030,OTH_A,4.602
MEX_RGBV,2030,CEREAL,3.785
MEX_RGBV,2040,CROP_FLW,6.974
MEX_RGBV,2040,WHT,3.592
MEX_RGBV,2040,GRO,3.926
MEX_RGBV,2040,OSD,4.609
MEX_RGBV,2040,C_B,86.616
MEX_RGBV,2040,OTH_A,4.773
MEX_RGBV,2040,CEREAL,3.892
MEX_RGBV,2050,CROP_FLW,6.997
MEX_RGBV,2050,WHT,3.644
MEX_RGBV,2050,GRO,3.928
MEX_RGBV,2050,OSD,4.707
MEX_RGBV,2050,C_B,84.423
MEX_RGBV,2050,OTH_A,4.823
MEX_RGBV,2050,CEREAL,3.9
MEX_RGBV,2060,CROP_FLW,7.03
MEX_RGBV,2060,WHT,3.66
MEX_RGBV,2060,GRO,4.018
MEX_RGBV,2060,OSD,4.795
MEX_RGBV,2060,C_B,84.065
MEX_RGBV,2060,OTH_A,4.877
MEX_RGBV,2060,CEREAL,3.979
MEX_RGBV,2070,CROP_FLW,7.059
MEX_RGBV,2070,WHT,3.684
MEX_RGBV,2070,GRO,3.976
MEX_RGBV,2070,OSD,4.88
MEX_RGBV,2070,C_B,87.977
MEX_RGBV,2070,OTH_A,5.021
MEX_RGBV,2070,CEREAL,3.939
MEX_RGBV,2080,CROP_FLW,7.259
MEX_RGBV,2080,WHT,3.807
MEX_RGBV,2080,GRO,4.371
MEX_RGBV,2080,OSD,5.225
MEX_RGBV,2080,C_B,95.223
MEX_RGBV,2080,OTH_A,5.406
MEX_RGBV,2080,CEREAL,4.296
MEX_RGBV,2090,CROP_FLW,7.326
MEX_RGBV,2090,WHT,3.9
MEX_RGBV,2090,GRO,4.455
MEX_RGBV,2090,OSD,5.398
MEX_RGBV,2090,C_B,98.725
MEX_RGBV,2090,OTH_A,5.585
MEX_RGBV,2090,CEREAL,4.379
MEX_RGBV,2100,CROP_FLW,7.4
MEX_RGBV,2100,WHT,3.963
MEX_RGBV,2100,GRO,4.542
MEX_RGBV,2100,OSD,5.46
MEX_RGBV,2100,C_B,94.969
MEX_RGBV,2100,OTH_A,5.617
MEX_RGBV,2100,CEREAL,4.462
MEX_RIBA,2005,CROP_FLW,10.682
MEX_RIBA,2005,PDR,4.884
MEX_RIBA,2005,WHT,3.427
MEX_RIBA,2005,GRO,3.634
MEX_RIBA,2005,OSD,4.027
MEX_RIBA,2005,C_B,69.173
MEX_RIBA,2005,OTH_A,3.18
MEX_RIBA,2005,CEREAL,3.647
MEX_RIBA,2010,CROP_FLW,10.68
MEX_RIBA,2010,PDR,5.308
MEX_RIBA,2010,WHT,3.441
MEX_RIBA,2010,GRO,3.648
MEX_RIBA,2010,OSD,4.17
MEX_RIBA,2010,C_B,69.191
MEX_RIBA,2010,OTH_A,3.231
MEX_RIBA,2010,CEREAL,3.66
MEX_RIBA,2020,CROP_FLW,10.65
MEX_RIBA,2020,PDR,5.37
MEX_RIBA,2020,WHT,3.808
MEX_RIBA,2020,GRO,3.69
MEX_RIBA,2020,OSD,4.394
MEX_RIBA,2020,C_B,71.565
MEX_RIBA,2020,OTH_A,3.262
MEX_RIBA,2020,CEREAL,3.705
MEX_RIBA,2030,CROP_FLW,10.65
MEX_RIBA,2030,PDR,5.455
MEX_RIBA,2030,WHT,3.837
MEX_RIBA,2030,GRO,3.761
MEX_RIBA,2030,OSD,4.435
MEX_RIBA,2030,C_B,71.643
MEX_RIBA,2030,OTH_A,3.308
MEX_RIBA,2030,CEREAL,3.775
MEX_RIBA,2040,CROP_FLW,10.649
MEX_RIBA,2040,PDR,5.583
MEX_RIBA,2040,WHT,3.922
MEX_RIBA,2040,GRO,3.772
MEX_RIBA,2040,OSD,4.483
MEX_RIBA,2040,C_B,72.466
MEX_RIBA,2040,OTH_A,3.345
MEX_RIBA,2040,CEREAL,3.788
MEX_RIBA,2050,CROP_FLW,10.656
MEX_RIBA,2050,PDR,5.687
MEX_RIBA,2050,WHT,3.952
MEX_RIBA,2050,GRO,3.779
MEX_RIBA,2050,OSD,4.518
MEX_RIBA,2050,C_B,73.585
MEX_RIBA,2050,OTH_A,3.383
MEX_RIBA,2050,CEREAL,3.799
MEX_RIBA,2060,CROP_FLW,10.622
MEX_RIBA,2060,PDR,5.875
MEX_RIBA,2060,WHT,3.992
MEX_RIBA,2060,GRO,3.825
MEX_RIBA,2060,OSD,4.838
MEX_RIBA,2060,C_B,77.471
MEX_RIBA,2060,OTH_A,3.692
MEX_RIBA,2060,CEREAL,3.854
MEX_RIBA,2070,CROP_FLW,10.641
MEX_RIBA,2070,PDR,5.952
MEX_RIBA,2070,WHT,4.035
MEX_RIBA,2070,GRO,3.773
MEX_RIBA,2070,OSD,5.012
MEX_RIBA,2070,C_B,80.28
MEX_RIBA,2070,OTH_A,3.996
MEX_RIBA,2070,CEREAL,3.812
MEX_RIBA,2080,CROP_FLW,10.67
MEX_RIBA,2080,PDR,6.04
MEX_RIBA,2080,WHT,3.787
MEX_RIBA,2080,GRO,3.814
MEX_RIBA,2080,OSD,5.03
MEX_RIBA,2080,C_B,82.429
MEX_RIBA,2080,OTH_A,4.211
MEX_RIBA,2080,CEREAL,3.86
MEX_RIBA,2090,CROP_FLW,10.674
MEX_RIBA,2090,PDR,6.094
MEX_RIBA,2090,WHT,3.604
MEX_RIBA,2090,GRO,3.796
MEX_RIBA,2090,OSD,4.998
MEX_RIBA,2090,C_B,83.631
MEX_RIBA,2090,OTH_A,4.418
MEX_RIBA,2090,CEREAL,3.846
MEX_RIBA,2100,CROP_FLW,10.649
MEX_RIBA,2100,PDR,6.126
MEX_RIBA,2100,WHT,3.553
MEX_RIBA,2100,GRO,3.777
MEX_RIBA,2100,OSD,4.992
MEX_RIBA,2100,C_B,83.908
MEX_RIBA,2100,OTH_A,4.5
MEX_RIBA,2100,CEREAL,3.829
MEX_RIVE,2005,CROP_FLW,9.865
MEX_RIVE,2005,PDR,4.816
MEX_RIVE,2005,WHT,3.293
MEX_RIVE,2005,GRO,3.77
MEX_RIVE,2005,OSD,4.146
MEX_RIVE,2005,C_B,70.785
MEX_RIVE,2005,OTH_A,3.406
MEX_RIVE,2005,CEREAL,3.763
MEX_RIVE,2010,CROP_FLW,9.866
MEX_RIVE,2010,PDR,5.199
MEX_RIVE,2010,WHT,3.308
MEX_RIVE,2010,GRO,3.778
MEX_RIVE,2010,OSD,4.244
MEX_RIVE,2010,C_B,70.791
MEX_RIVE,2010,OTH_A,3.474
MEX_RIVE,2010,CEREAL,3.772
MEX_RIVE,2020,CROP_FLW,9.767
MEX_RIVE,2020,PDR,5.258
MEX_RIVE,2020,WHT,3.436
MEX_RIVE,2020,GRO,3.817
MEX_RIVE,2020,OSD,4.282
MEX_RIVE,2020,C_B,71.03
MEX_RIVE,2020,OTH_A,3.481
MEX_RIVE,2020,CEREAL,3.812
MEX_RIVE,2030,CROP_FLW,9.593
MEX_RIVE,2030,PDR,5.316
MEX_RIVE,2030,WHT,3.467
MEX_RIVE,2030,GRO,3.866
MEX_RIVE,2030,OSD,4.307
MEX_RIVE,2030,C_B,72.412
MEX_RIVE,2030,OTH_A,3.592
MEX_RIVE,2030,CEREAL,3.86
MEX_RIVE,2040,CROP_FLW,9.608
MEX_RIVE,2040,PDR,5.44
MEX_RIVE,2040,WHT,3.48
MEX_RIVE,2040,GRO,3.857
MEX_RIVE,2040,OSD,4.361
MEX_RIVE,2040,C_B,72.335
MEX_RIVE,2040,OTH_A,3.625
MEX_RIVE,2040,CEREAL,3.852
MEX_RIVE,2050,CROP_FLW,9.633
MEX_RIVE,2050,PDR,5.592
MEX_RIVE,2050,WHT,3.49
MEX_RIVE,2050,GRO,3.943
MEX_RIVE,2050,OSD,4.422
MEX_RIVE,2050,C_B,73.01
MEX_RIVE,2050,OTH_A,3.752
MEX_RIVE,2050,CEREAL,3.937
MEX_RIVE,2060,CROP_FLW,9.498
MEX_RIVE,2060,PDR,5.822
MEX_RIVE,2060,WHT,3.583
MEX_RIVE,2060,GRO,3.948
MEX_RIVE,2060,OSD,4.571
MEX_RIVE,2060,C_B,73.672
MEX_RIVE,2060,OTH_A,4.044
MEX_RIVE,2060,CEREAL,3.943
MEX_RIVE,2070,CROP_FLW,9.477
MEX_RIVE,2070,PDR,6.17
MEX_RIVE,2070,WHT,3.724
MEX_RIVE,2070,GRO,3.957
MEX_RIVE,2070,OSD,4.709
MEX_RIVE,2070,C_B,72.796
MEX_RIVE,2070,OTH_A,4.201
MEX_RIVE,2070,CEREAL,3.955
MEX_RIVE,2080,CROP_FLW,9.501
MEX_RIVE,2080,PDR,6.034
MEX_RIVE,2080,WHT,3.832
MEX_RIVE,2080,GRO,3.937
MEX_RIVE,2080,OSD,4.592
MEX_RIVE,2080,C_B,71.672
MEX_RIVE,2080,OTH_A,4.307
MEX_RIVE,2080,CEREAL,3.937
MEX_RIVE,2090,CROP_FLW,9.451
MEX_RIVE,2090,PDR,5.955
MEX_RIVE,2090,WHT,3.352
MEX_RIVE,2090,GRO,3.881
MEX_RIVE,2090,OSD,4.368
MEX_RIVE,2090,C_B,71.327
MEX_RIVE,2090,OTH_A,4.302
MEX_RIVE,2090,CEREAL,3.868
MEX_RIVE,2100,CROP_FLW,9.407
MEX_RIVE,2100,PDR,5.934
MEX_RIVE,2100,WHT,3.135
MEX_RIVE,2100,GRO,3.827
MEX_RIVE,2100,OSD,4.339
MEX_RIVE,2100,C_B,71.587
MEX_RIVE,2100,OTH_A,4.292
MEX_RIVE,2100,CEREAL,3.808
MEX_RLER,2005,CROP_FLW,7.056
MEX_RLER,2005,PDR,4.79
MEX_RLER,2005,WHT,3.197
MEX_RLER,2005,GRO,3.466
MEX_RLER,2005,C_B,65.048
MEX_RLER,2005,OTH_A,3.277
MEX_RLER,2005,CEREAL,3.454
MEX_RLER,2010,CROP_FLW,7.056
MEX_RLER,2010,PDR,5.297
MEX_RLER,2010,WHT,3.211
MEX_RLER,2010,GRO,3.492
MEX_RLER,2010,C_B,65.045
MEX_RLER,2010,OTH_A,3.404
MEX_RLER,2010,CEREAL,3.48
MEX_RLER,2020,CROP_FLW,7.024
MEX_RLER,2020,PDR,5.323
MEX_RLER,2020,WHT,3.297
MEX_RLER,2020,GRO,3.518
MEX_RLER,2020,C_B,64.682
MEX_RLER,2020,OTH_A,3.506
MEX_RLER,2020,CEREAL,3.507
MEX_RLER,2030,CROP_FLW,6.969
MEX_RLER,2030,PDR,5.34
MEX_RLER,2030,WHT,3.333
MEX_RLER,2030,GRO,3.579
MEX_RLER,2030,C_B,67.973
MEX_RLER,2030,OTH_A,3.605
MEX_RLER,2030,CEREAL,3.568
MEX_RLER,2040,CROP_FLW,6.961
MEX_RLER,2040,PDR,5.414
MEX_RLER,2040,WHT,3.378
MEX_RLER,2040,GRO,3.596
MEX_RLER,2040,C_B,67.713
MEX_RLER,2040,OTH_A,3.676
MEX_RLER,2040,CEREAL,3.587
MEX_RLER,2050,CROP_FLW,6.961
MEX_RLER,2050,PDR,5.515
MEX_RLER,2050,WHT,3.386
MEX_RLER,2050,GRO,3.604
MEX_RLER,2050,C_B,67.062
MEX_RLER,2050,OTH_A,3.778
MEX_RLER,2050,CEREAL,3.596
MEX_RLER,2060,CROP_FLW,6.904
MEX_RLER,2060,PDR,5.665
MEX_RLER,2060,WHT,3.314
MEX_RLER,2060,GRO,3.636
MEX_RLER,2060,C_B,65.051
MEX_RLER,2060,OTH_A,3.855
MEX_RLER,2060,CEREAL,3.621
MEX_RLER,2070,CROP_FLW,6.866
MEX_RLER,2070,PDR,5.763
MEX_RLER,2070,WHT,3.151
MEX_RLER,2070,GRO,3.659
MEX_RLER,2070,C_B,62.298
MEX_RLER,2070,OTH_A,3.879
MEX_RLER,2070,CEREAL,3.627
MEX_RLER,2080,CROP_FLW,6.866
MEX_RLER,2080,PDR,5.819
MEX_RLER,2080,WHT,2.916
MEX_RLER,2080,GRO,3.655
MEX_RLER,2080,C_B,60.179
MEX_RLER,2080,OTH_A,3.922
MEX_RLER,2080,CEREAL,3.596
MEX_RLER,2090,CROP_FLW,6.866
MEX_RLER,2090,PDR,5.835
MEX_RLER,2090,WHT,2.848
MEX_RLER,2090,GRO,3.645
MEX_RLER,2090,C_B,60.116
MEX_RLER,2090,OTH_A,4.016
MEX_RLER,2090,CEREAL,3.578
MEX_RLER,2100,CROP_FLW,6.886
MEX_RLER,2100,PDR,5.87
MEX_RLER,2100,WHT,2.876
MEX_RLER,2100,GRO,3.631
MEX_RLER,2100,C_B,60.131
MEX_RLER,2100,OTH_A,4.071
MEX_RLER,2100,CEREAL,3.568
MEX_YUPA,2005,CROP_FLW,11.533
MEX_YUPA,2005,PDR,4.987
MEX_YUPA,2005,GRO,3.719
MEX_YUPA,2005,OSD,4.096
MEX_YUPA,2005,C_B,70.451
MEX_YUPA,2005,OTH_A,3.427
MEX_YUPA,2005,CEREAL,3.74
MEX_YUPA,2010,CROP_FLW,11.527
MEX_YUPA,2010,PDR,5.372
MEX_YUPA,2010,GRO,3.739
MEX_YUPA,2010,OSD,4.189
MEX_YUPA,2010,C_B,70.486
MEX_YUPA,2010,OTH_A,3.374
MEX_YUPA,2010,CEREAL,3.757
MEX_YUPA,2020,CROP_FLW,11.526
MEX_YUPA,2020,PDR,5.444
MEX_YUPA,2020,GRO,3.765
MEX_YUPA,2020,OSD,4.366
MEX_YUPA,2020,C_B,76.36
MEX_YUPA,2020,OTH_A,3.386
MEX_YUPA,2020,CEREAL,3.784
MEX_YUPA,2030,CROP_FLW,11.522
MEX_YUPA,2030,PDR,5.516
MEX_YUPA,2030,GRO,3.768
MEX_YUPA,2030,OSD,4.39
MEX_YUPA,2030,C_B,77.815
MEX_YUPA,2030,OTH_A,3.412
MEX_YUPA,2030,CEREAL,3.787
MEX_YUPA,2040,CROP_FLW,11.524
MEX_YUPA,2040,PDR,5.564
MEX_YUPA,2040,GRO,3.712
MEX_YUPA,2040,OSD,4.44
MEX_YUPA,2040,C_B,80.497
MEX_YUPA,2040,OTH_A,3.395
MEX_YUPA,2040,CEREAL,3.734
MEX_YUPA,2050,CROP_FLW,11.525
MEX_YUPA,2050,PDR,5.625
MEX_YUPA,2050,GRO,3.713
MEX_YUPA,2050,OSD,4.481
MEX_YUPA,2050,C_B,83.236
MEX_YUPA,2050,OTH_A,3.417
MEX_YUPA,2050,CEREAL,3.738
MEX_YUPA,2060,CROP_FLW,11.498
MEX_YUPA,2060,PDR,5.642
MEX_YUPA,2060,GRO,3.825
MEX_YUPA,2060,OSD,4.421
MEX_YUPA,2060,C_B,88.921
MEX_YUPA,2060,OTH_A,3.301
MEX_YUPA,2060,CEREAL,3.859
MEX_YUPA,2070,CROP_FLW,11.455
MEX_YUPA,2070,PDR,6.0
MEX_YUPA,2070,GRO,3.829
MEX_YUPA,2070,OSD,4.604
MEX_YUPA,2070,C_B,95.084
MEX_YUPA,2070,OTH_A,4.01
MEX_YUPA,2070,CEREAL,3.885
MEX_YUPA,2080,CROP_FLW,11.464
MEX_YUPA,2080,PDR,5.972
MEX_YUPA,2080,GRO,3.861
MEX_YUPA,2080,OSD,4.639
MEX_YUPA,2080,C_B,101.13
MEX_YUPA,2080,OTH_A,4.387
MEX_YUPA,2080,CEREAL,3.929
MEX_YUPA,2090,CROP_FLW,11.47
MEX_YUPA,2090,PDR,5.816
MEX_YUPA,2090,GRO,3.841
MEX_YUPA,2090,OSD,4.661
MEX_YUPA,2090,C_B,104.486
MEX_YUPA,2090,OTH_A,4.594
MEX_YUPA,2090,CEREAL,3.908
MEX_YUPA,2100,CROP_FLW,11.445
MEX_YUPA,2100,PDR,5.747
MEX_YUPA,2100,GRO,3.84
MEX_YUPA,2100,OSD,4.671
MEX_YUPA,2100,C_B,105.489
MEX_YUPA,2100,OTH_A,4.722
MEX_YUPA,2100,CEREAL,3.905
MKD_AGBS,2005,CROP_FLW,6.227
MKD_AGBS,2005,PDR,9.801
MKD_AGBS,2005,WHT,1.938
MKD_AGBS,2005,GRO,2.698
MKD_AGBS,2005,OSD,1.288
MKD_AGBS,2005,C_B,9.864
MKD_AGBS,2005,OTH_A,0.515
MKD_AGBS,2005,CEREAL,2.392
MKD_AGBS,2010,CROP_FLW,6.196
MKD_AGBS,2010,PDR,10.604
MKD_AGBS,2010,WHT,2.023
MKD_AGBS,2010,GRO,2.789
MKD_AGBS,2010,OSD,1.29
MKD_AGBS,2010,C_B,14.369
MKD_AGBS,2010,OTH_A,0.515
MKD_AGBS,2010,CEREAL,2.624
MKD_AGBS,2020,CROP_FLW,6.201
MKD_AGBS,2020,PDR,10.815
MKD_AGBS,2020,WHT,2.058
MKD_AGBS,2020,GRO,2.801
MKD_AGBS,2020,OSD,1.294
MKD_AGBS,2020,C_B,16.951
MKD_AGBS,2020,OTH_A,0.517
MKD_AGBS,2020,CEREAL,2.736
MKD_AGBS,2030,CROP_FLW,6.201
MKD_AGBS,2030,PDR,10.95
MKD_AGBS,2030,WHT,2.082
MKD_AGBS,2030,GRO,2.812
MKD_AGBS,2030,OSD,1.299
MKD_AGBS,2030,C_B,16.603
MKD_AGBS,2030,OTH_A,0.515
MKD_AGBS,2030,CEREAL,2.771
MKD_AGBS,2040,CROP_FLW,6.201
MKD_AGBS,2040,PDR,11.16
MKD_AGBS,2040,WHT,2.095
MKD_AGBS,2040,GRO,2.811
MKD_AGBS,2040,OSD,1.308
MKD_AGBS,2040,C_B,15.964
MKD_AGBS,2040,OTH_A,0.509
MKD_AGBS,2040,CEREAL,2.84
MKD_AGBS,2050,CROP_FLW,6.201
MKD_AGBS,2050,PDR,11.341
MKD_AGBS,2050,WHT,2.125
MKD_AGBS,2050,GRO,2.812
MKD_AGBS,2050,OSD,1.317
MKD_AGBS,2050,C_B,15.329
MKD_AGBS,2050,OTH_A,0.505
MKD_AGBS,2050,CEREAL,2.911
MKD_AGBS,2060,CROP_FLW,6.203
MKD_AGBS,2060,PDR,11.428
MKD_AGBS,2060,WHT,2.129
MKD_AGBS,2060,GRO,2.814
MKD_AGBS,2060,OSD,1.32
MKD_AGBS,2060,C_B,14.997
MKD_AGBS,2060,OTH_A,0.501
MKD_AGBS,2060,CEREAL,2.999
MKD_AGBS,2070,CROP_FLW,6.207
MKD_AGBS,2070,PDR,11.488
MKD_AGBS,2070,WHT,2.132
MKD_AGBS,2070,GRO,2.815
MKD_AGBS,2070,OSD,1.324
MKD_AGBS,2070,C_B,14.702
MKD_AGBS,2070,OTH_A,0.501
MKD_AGBS,2070,CEREAL,3.121
MKD_AGBS,2080,CROP_FLW,6.216
MKD_AGBS,2080,PDR,11.547
MKD_AGBS,2080,WHT,2.126
MKD_AGBS,2080,GRO,2.831
MKD_AGBS,2080,OSD,1.328
MKD_AGBS,2080,C_B,14.384
MKD_AGBS,2080,OTH_A,0.502
MKD_AGBS,2080,CEREAL,3.307
MKD_AGBS,2090,CROP_FLW,6.229
MKD_AGBS,2090,PDR,11.569
MKD_AGBS,2090,WHT,2.113
MKD_AGBS,2090,GRO,2.833
MKD_AGBS,2090,OSD,1.332
MKD_AGBS,2090,C_B,14.138
MKD_AGBS,2090,OTH_A,0.498
MKD_AGBS,2090,CEREAL,3.416
MKD_AGBS,2100,CROP_FLW,6.233
MKD_AGBS,2100,PDR,11.612
MKD_AGBS,2100,WHT,2.108
MKD_AGBS,2100,GRO,2.833
MKD_AGBS,2100,OSD,1.332
MKD_AGBS,2100,C_B,13.976
MKD_AGBS,2100,OTH_A,0.493
MKD_AGBS,2100,CEREAL,3.625
MLI_ANIN,2005,CROP_FLW,4.925
MLI_ANIN,2010,CROP_FLW,4.925
MLI_ANIN,2020,CROP_FLW,4.925
MLI_ANIN,2030,CROP_FLW,4.925
MLI_ANIN,2040,CROP_FLW,4.925
MLI_ANIN,2050,CROP_FLW,4.925
MLI_ANIN,2060,CROP_FLW,4.925
MLI_ANIN,2070,CROP_FLW,4.925
MLI_ANIN,2080,CROP_FLW,4.925
MLI_ANIN,2090,CROP_FLW,4.925
MLI_ANIN,2100,CROP_FLW,4.925
MLI_NIGE,2005,CROP_FLW,5.264
MLI_NIGE,2005,PDR,1.687
MLI_NIGE,2005,WHT,2.135
MLI_NIGE,2005,GRO,0.949
MLI_NIGE,2005,OSD,0.908
MLI_NIGE,2005,C_B,52.004
MLI_NIGE,2005,OTH_A,0.845
MLI_NIGE,2005,CEREAL,1.074
MLI_NIGE,2010,CROP_FLW,5.263
MLI_NIGE,2010,PDR,1.941
MLI_NIGE,2010,WHT,6.671
MLI_NIGE,2010,GRO,1.086
MLI_NIGE,2010,OSD,0.989
MLI_NIGE,2010,C_B,51.664
MLI_NIGE,2010,OTH_A,1.035
MLI_NIGE,2010,CEREAL,1.273
MLI_NIGE,2020,CROP_FLW,5.243
MLI_NIGE,2020,PDR,1.966
MLI_NIGE,2020,WHT,10.747
MLI_NIGE,2020,GRO,1.21
MLI_NIGE,2020,OSD,1.042
MLI_NIGE,2020,C_B,56.028
MLI_NIGE,2020,OTH_A,1.091
MLI_NIGE,2020,CEREAL,1.391
MLI_NIGE,2030,CROP_FLW,5.183
MLI_NIGE,2030,PDR,2.08
MLI_NIGE,2030,WHT,11.62
MLI_NIGE,2030,GRO,1.298
MLI_NIGE,2030,OSD,1.059
MLI_NIGE,2030,C_B,56.718
MLI_NIGE,2030,OTH_A,1.197
MLI_NIGE,2030,CEREAL,1.49
MLI_NIGE,2040,CROP_FLW,5.171
MLI_NIGE,2040,PDR,2.207
MLI_NIGE,2040,WHT,14.521
MLI_NIGE,2040,GRO,1.476
MLI_NIGE,2040,OSD,1.089
MLI_NIGE,2040,C_B,60.719
MLI_NIGE,2040,OTH_A,1.343
MLI_NIGE,2040,CEREAL,1.678
MLI_NIGE,2050,CROP_FLW,5.294
MLI_NIGE,2050,PDR,2.244
MLI_NIGE,2050,WHT,14.521
MLI_NIGE,2050,GRO,1.606
MLI_NIGE,2050,OSD,1.119
MLI_NIGE,2050,C_B,66.381
MLI_NIGE,2050,OTH_A,1.482
MLI_NIGE,2050,CEREAL,1.808
MLI_NIGE,2060,CROP_FLW,5.296
MLI_NIGE,2060,PDR,2.308
MLI_NIGE,2060,WHT,14.521
MLI_NIGE,2060,GRO,1.721
MLI_NIGE,2060,OSD,1.15
MLI_NIGE,2060,C_B,70.311
MLI_NIGE,2060,OTH_A,1.651
MLI_NIGE,2060,CEREAL,1.932
MLI_NIGE,2070,CROP_FLW,5.39
MLI_NIGE,2070,PDR,2.469
MLI_NIGE,2070,WHT,14.521
MLI_NIGE,2070,GRO,1.836
MLI_NIGE,2070,OSD,1.193
MLI_NIGE,2070,C_B,76.039
MLI_NIGE,2070,OTH_A,1.866
MLI_NIGE,2070,CEREAL,2.084
MLI_NIGE,2080,CROP_FLW,5.214
MLI_NIGE,2080,PDR,2.603
MLI_NIGE,2080,WHT,14.521
MLI_NIGE,2080,GRO,1.965
MLI_NIGE,2080,OSD,1.222
MLI_NIGE,2080,C_B,78.478
MLI_NIGE,2080,OTH_A,1.968
MLI_NIGE,2080,CEREAL,2.231
MLI_NIGE,2090,CROP_FLW,5.308
MLI_NIGE,2090,PDR,2.766
MLI_NIGE,2090,WHT,14.521
MLI_NIGE,2090,GRO,2.121
MLI_NIGE,2090,OSD,1.24
MLI_NIGE,2090,C_B,80.119
MLI_NIGE,2090,OTH_A,1.991
MLI_NIGE,2090,CEREAL,2.416
MLI_NIGE,2100,CROP_FLW,4.865
MLI_NIGE,2100,PDR,2.899
MLI_NIGE,2100,WHT,14.521
MLI_NIGE,2100,GRO,2.237
MLI_NIGE,2100,OSD,1.253
MLI_NIGE,2100,C_B,82.249
MLI_NIGE,2100,OTH_A,2.002
MLI_NIGE,2100,CEREAL,2.58
MLI_SENE,2005,CROP_FLW,4.787
MLI_SENE,2005,PDR,1.789
MLI_SENE,2005,GRO,1.033
MLI_SENE,2005,OSD,0.949
MLI_SENE,2005,OTH_A,0.888
MLI_SENE,2005,CEREAL,1.058
MLI_SENE,2010,CROP_FLW,4.828
MLI_SENE,2010,PDR,2.327
MLI_SENE,2010,GRO,1.065
MLI_SENE,2010,OSD,0.989
MLI_SENE,2010,OTH_A,0.894
MLI_SENE,2010,CEREAL,1.119
MLI_SENE,2020,CROP_FLW,4.904
MLI_SENE,2020,PDR,2.36
MLI_SENE,2020,GRO,1.288
MLI_SENE,2020,OSD,1.042
MLI_SENE,2020,OTH_A,1.081
MLI_SENE,2020,CEREAL,1.335
MLI_SENE,2030,CROP_FLW,4.928
MLI_SENE,2030,PDR,2.738
MLI_SENE,2030,GRO,1.467
MLI_SENE,2030,OSD,1.079
MLI_SENE,2030,OTH_A,1.306
MLI_SENE,2030,CEREAL,1.523
MLI_SENE,2040,CROP_FLW,4.963
MLI_SENE,2040,PDR,3.048
MLI_SENE,2040,GRO,1.741
MLI_SENE,2040,OSD,1.126
MLI_SENE,2040,OTH_A,1.577
MLI_SENE,2040,CEREAL,1.805
MLI_SENE,2050,CROP_FLW,4.999
MLI_SENE,2050,PDR,3.154
MLI_SENE,2050,GRO,1.992
MLI_SENE,2050,OSD,1.159
MLI_SENE,2050,OTH_A,1.81
MLI_SENE,2050,CEREAL,2.061
MLI_SENE,2060,CROP_FLW,5.125
MLI_SENE,2060,PDR,3.221
MLI_SENE,2060,GRO,2.191
MLI_SENE,2060,OSD,1.186
MLI_SENE,2060,OTH_A,2.081
MLI_SENE,2060,CEREAL,2.264
MLI_SENE,2070,CROP_FLW,5.658
MLI_SENE,2070,PDR,3.307
MLI_SENE,2070,GRO,2.314
MLI_SENE,2070,OSD,1.216
MLI_SENE,2070,OTH_A,2.341
MLI_SENE,2070,CEREAL,2.388
MLI_SENE,2080,CROP_FLW,6.148
MLI_SENE,2080,PDR,3.363
MLI_SENE,2080,GRO,2.334
MLI_SENE,2080,OSD,1.229
MLI_SENE,2080,OTH_A,2.398
MLI_SENE,2080,CEREAL,2.409
MLI_SENE,2090,CROP_FLW,6.311
MLI_SENE,2090,PDR,3.422
MLI_SENE,2090,GRO,2.341
MLI_SENE,2090,OSD,1.231
MLI_SENE,2090,OTH_A,2.398
MLI_SENE,2090,CEREAL,2.419
MLI_SENE,2100,CROP_FLW,6.291
MLI_SENE,2100,PDR,3.433
MLI_SENE,2100,GRO,2.346
MLI_SENE,2100,OSD,1.231
MLI_SENE,2100,OTH_A,2.398
MLI_SENE,2100,CEREAL,2.437
MLT_MSII,2005,CROP_FLW,3.982
MLT_MSII,2010,CROP_FLW,3.982
MLT_MSII,2020,CROP_FLW,3.982
MLT_MSII,2030,CROP_FLW,3.982
MLT_MSII,2040,CROP_FLW,3.982
MLT_MSII,2050,CROP_FLW,3.982
MLT_MSII,2060,CROP_FLW,3.982
MLT_MSII,2070,CROP_FLW,3.982
MLT_MSII,2080,CROP_FLW,3.982
MLT_MSII,2090,CROP_FLW,3.982
MLT_MSII,2100,CROP_FLW,3.982
MMR_BBCN,2005,CROP_FLW,5.559
MMR_BBCN,2005,PDR,3.443
MMR_BBCN,2005,WHT,1.84
MMR_BBCN,2005,GRO,2.662
MMR_BBCN,2005,OSD,8.371
MMR_BBCN,2005,OTH_A,1.673
MMR_BBCN,2005,CEREAL,3.372
MMR_BBCN,2010,CROP_FLW,5.561
MMR_BBCN,2010,PDR,3.774
MMR_BBCN,2010,WHT,1.981
MMR_BBCN,2010,GRO,2.94
MMR_BBCN,2010,OSD,9.605
MMR_BBCN,2010,OTH_A,1.961
MMR_BBCN,2010,CEREAL,3.701
MMR_BBCN,2020,CROP_FLW,5.812
MMR_BBCN,2020,PDR,4.298
MMR_BBCN,2020,WHT,2.058
MMR_BBCN,2020,GRO,4.555
MMR_BBCN,2020,OSD,10.132
MMR_BBCN,2020,OTH_A,2.321
MMR_BBCN,2020,CEREAL,4.314
MMR_BBCN,2030,CROP_FLW,5.809
MMR_BBCN,2030,PDR,4.826
MMR_BBCN,2030,WHT,2.431
MMR_BBCN,2030,GRO,4.864
MMR_BBCN,2030,OSD,10.5
MMR_BBCN,2030,OTH_A,2.426
MMR_BBCN,2030,CEREAL,4.82
MMR_BBCN,2040,CROP_FLW,5.775
MMR_BBCN,2040,PDR,5.099
MMR_BBCN,2040,WHT,2.749
MMR_BBCN,2040,GRO,4.995
MMR_BBCN,2040,OSD,10.73
MMR_BBCN,2040,OTH_A,2.474
MMR_BBCN,2040,CEREAL,5.081
MMR_BBCN,2050,CROP_FLW,5.776
MMR_BBCN,2050,PDR,5.289
MMR_BBCN,2050,WHT,2.859
MMR_BBCN,2050,GRO,5.173
MMR_BBCN,2050,OSD,10.819
MMR_BBCN,2050,OTH_A,2.503
MMR_BBCN,2050,CEREAL,5.271
MMR_BBCN,2060,CROP_FLW,5.812
MMR_BBCN,2060,PDR,5.372
MMR_BBCN,2060,WHT,3.197
MMR_BBCN,2060,GRO,5.229
MMR_BBCN,2060,OSD,10.838
MMR_BBCN,2060,OTH_A,2.517
MMR_BBCN,2060,CEREAL,5.351
MMR_BBCN,2070,CROP_FLW,5.837
MMR_BBCN,2070,PDR,5.468
MMR_BBCN,2070,WHT,3.408
MMR_BBCN,2070,GRO,5.244
MMR_BBCN,2070,OSD,10.908
MMR_BBCN,2070,OTH_A,2.565
MMR_BBCN,2070,CEREAL,5.441
MMR_BBCN,2080,CROP_FLW,5.86
MMR_BBCN,2080,PDR,5.576
MMR_BBCN,2080,WHT,3.591
MMR_BBCN,2080,GRO,5.361
MMR_BBCN,2080,OSD,11.005
MMR_BBCN,2080,OTH_A,2.617
MMR_BBCN,2080,CEREAL,5.549
MMR_BBCN,2090,CROP_FLW,5.882
MMR_BBCN,2090,PDR,5.655
MMR_BBCN,2090,WHT,3.714
MMR_BBCN,2090,GRO,5.556
MMR_BBCN,2090,OSD,11.042
MMR_BBCN,2090,OTH_A,2.628
MMR_BBCN,2090,CEREAL,5.636
MMR_BBCN,2100,CROP_FLW,5.925
MMR_BBCN,2100,PDR,5.706
MMR_BBCN,2100,WHT,3.758
MMR_BBCN,2100,GRO,5.758
MMR_BBCN,2100,OSD,11.121
MMR_BBCN,2100,OTH_A,2.63
MMR_BBCN,2100,CEREAL,5.7
MMR_IRRA,2005,CROP_FLW,6.043
MMR_IRRA,2005,PDR,3.49
MMR_IRRA,2005,WHT,1.438
MMR_IRRA,2005,GRO,2.549
MMR_IRRA,2005,OSD,8.351
MMR_IRRA,2005,C_B,72.119
MMR_IRRA,2005,OTH_A,1.958
MMR_IRRA,2005,CEREAL,3.305
MMR_IRRA,2010,CROP_FLW,6.012
MMR_IRRA,2010,PDR,4.64
MMR_IRRA,2010,WHT,1.573
MMR_IRRA,2010,GRO,2.497
MMR_IRRA,2010,OSD,9.77
MMR_IRRA,2010,C_B,74.403
MMR_IRRA,2010,OTH_A,2.32
MMR_IRRA,2010,CEREAL,4.277
MMR_IRRA,2020,CROP_FLW,5.841
MMR_IRRA,2020,PDR,5.18
MMR_IRRA,2020,WHT,1.644
MMR_IRRA,2020,GRO,3.443
MMR_IRRA,2020,OSD,10.161
MMR_IRRA,2020,C_B,77.647
MMR_IRRA,2020,OTH_A,2.616
MMR_IRRA,2020,CEREAL,4.812
MMR_IRRA,2030,CROP_FLW,5.853
MMR_IRRA,2030,PDR,5.438
MMR_IRRA,2030,WHT,2.031
MMR_IRRA,2030,GRO,3.413
MMR_IRRA,2030,OSD,10.407
MMR_IRRA,2030,C_B,78.955
MMR_IRRA,2030,OTH_A,2.631
MMR_IRRA,2030,CEREAL,5.057
MMR_IRRA,2040,CROP_FLW,5.861
MMR_IRRA,2040,PDR,6.145
MMR_IRRA,2040,WHT,2.453
MMR_IRRA,2040,GRO,3.504
MMR_IRRA,2040,OSD,10.816
MMR_IRRA,2040,C_B,80.505
MMR_IRRA,2040,OTH_A,2.746
MMR_IRRA,2040,CEREAL,5.725
MMR_IRRA,2050,CROP_FLW,5.859
MMR_IRRA,2050,PDR,6.541
MMR_IRRA,2050,WHT,2.699
MMR_IRRA,2050,GRO,3.561
MMR_IRRA,2050,OSD,10.979
MMR_IRRA,2050,C_B,81.312
MMR_IRRA,2050,OTH_A,2.791
MMR_IRRA,2050,CEREAL,6.092
MMR_IRRA,2060,CROP_FLW,5.857
MMR_IRRA,2060,PDR,6.556
MMR_IRRA,2060,WHT,3.001
MMR_IRRA,2060,GRO,3.573
MMR_IRRA,2060,OSD,11.027
MMR_IRRA,2060,C_B,81.626
MMR_IRRA,2060,OTH_A,2.793
MMR_IRRA,2060,CEREAL,6.116
MMR_IRRA,2070,CROP_FLW,5.82
MMR_IRRA,2070,PDR,6.525
MMR_IRRA,2070,WHT,3.248
MMR_IRRA,2070,GRO,3.715
MMR_IRRA,2070,OSD,11.036
MMR_IRRA,2070,C_B,82.11
MMR_IRRA,2070,OTH_A,2.825
MMR_IRRA,2070,CEREAL,6.101
MMR_IRRA,2080,CROP_FLW,5.818
MMR_IRRA,2080,PDR,6.557
MMR_IRRA,2080,WHT,3.445
MMR_IRRA,2080,GRO,3.754
MMR_IRRA,2080,OSD,11.066
MMR_IRRA,2080,C_B,82.21
MMR_IRRA,2080,OTH_A,2.834
MMR_IRRA,2080,CEREAL,6.121
MMR_IRRA,2090,CROP_FLW,5.816
MMR_IRRA,2090,PDR,6.586
MMR_IRRA,2090,WHT,3.594
MMR_IRRA,2090,GRO,3.754
MMR_IRRA,2090,OSD,11.108
MMR_IRRA,2090,C_B,82.377
MMR_IRRA,2090,OTH_A,2.844
MMR_IRRA,2090,CEREAL,6.13
MMR_IRRA,2100,CROP_FLW,5.817
MMR_IRRA,2100,PDR,6.619
MMR_IRRA,2100,WHT,3.657
MMR_IRRA,2100,GRO,3.757
MMR_IRRA,2100,OSD,11.132
MMR_IRRA,2100,C_B,82.426
MMR_IRRA,2100,OTH_A,2.852
MMR_IRRA,2100,CEREAL,6.144
MMR_PMAL,2005,CROP_FLW,6.275
MMR_PMAL,2005,PDR,3.19
MMR_PMAL,2005,WHT,2.049
MMR_PMAL,2005,GRO,2.587
MMR_PMAL,2005,OSD,8.487
MMR_PMAL,2005,C_B,56.396
MMR_PMAL,2005,OTH_A,1.701
MMR_PMAL,2005,CEREAL,3.164
MMR_PMAL,2010,CROP_FLW,6.255
MMR_PMAL,2010,PDR,3.378
MMR_PMAL,2010,WHT,2.197
MMR_PMAL,2010,GRO,2.654
MMR_PMAL,2010,OSD,8.951
MMR_PMAL,2010,C_B,58.694
MMR_PMAL,2010,OTH_A,2.045
MMR_PMAL,2010,CEREAL,3.35
MMR_PMAL,2020,CROP_FLW,6.388
MMR_PMAL,2020,PDR,3.729
MMR_PMAL,2020,WHT,2.284
MMR_PMAL,2020,GRO,3.205
MMR_PMAL,2020,OSD,9.198
MMR_PMAL,2020,C_B,62.004
MMR_PMAL,2020,OTH_A,2.402
MMR_PMAL,2020,CEREAL,3.704
MMR_PMAL,2030,CROP_FLW,6.432
MMR_PMAL,2030,PDR,4.13
MMR_PMAL,2030,WHT,2.723
MMR_PMAL,2030,GRO,3.371
MMR_PMAL,2030,OSD,9.452
MMR_PMAL,2030,C_B,63.554
MMR_PMAL,2030,OTH_A,2.497
MMR_PMAL,2030,CEREAL,4.1
MMR_PMAL,2040,CROP_FLW,6.459
MMR_PMAL,2040,PDR,4.237
MMR_PMAL,2040,WHT,3.255
MMR_PMAL,2040,GRO,3.403
MMR_PMAL,2040,OSD,9.618
MMR_PMAL,2040,C_B,64.932
MMR_PMAL,2040,OTH_A,2.492
MMR_PMAL,2040,CEREAL,4.211
MMR_PMAL,2050,CROP_FLW,6.463
MMR_PMAL,2050,PDR,4.368
MMR_PMAL,2050,WHT,3.667
MMR_PMAL,2050,GRO,3.62
MMR_PMAL,2050,OSD,9.656
MMR_PMAL,2050,C_B,65.542
MMR_PMAL,2050,OTH_A,2.514
MMR_PMAL,2050,CEREAL,4.346
MMR_PMAL,2060,CROP_FLW,6.471
MMR_PMAL,2060,PDR,4.452
MMR_PMAL,2060,WHT,3.99
MMR_PMAL,2060,GRO,3.851
MMR_PMAL,2060,OSD,9.696
MMR_PMAL,2060,C_B,65.661
MMR_PMAL,2060,OTH_A,2.517
MMR_PMAL,2060,CEREAL,4.433
MMR_PMAL,2070,CROP_FLW,6.404
MMR_PMAL,2070,PDR,4.49
MMR_PMAL,2070,WHT,4.21
MMR_PMAL,2070,GRO,4.004
MMR_PMAL,2070,OSD,9.714
MMR_PMAL,2070,C_B,66.355
MMR_PMAL,2070,OTH_A,2.554
MMR_PMAL,2070,CEREAL,4.474
MMR_PMAL,2080,CROP_FLW,6.325
MMR_PMAL,2080,PDR,4.513
MMR_PMAL,2080,WHT,4.4
MMR_PMAL,2080,GRO,4.213
MMR_PMAL,2080,OSD,9.721
MMR_PMAL,2080,C_B,66.459
MMR_PMAL,2080,OTH_A,2.573
MMR_PMAL,2080,CEREAL,4.503
MMR_PMAL,2090,CROP_FLW,6.356
MMR_PMAL,2090,PDR,4.523
MMR_PMAL,2090,WHT,4.528
MMR_PMAL,2090,GRO,4.471
MMR_PMAL,2090,OSD,9.756
MMR_PMAL,2090,C_B,66.785
MMR_PMAL,2090,OTH_A,2.596
MMR_PMAL,2090,CEREAL,4.521
MMR_PMAL,2100,CROP_FLW,6.397
MMR_PMAL,2100,PDR,4.546
MMR_PMAL,2100,WHT,4.574
MMR_PMAL,2100,GRO,4.681
MMR_PMAL,2100,OSD,9.761
MMR_PMAL,2100,C_B,67.351
MMR_PMAL,2100,OTH_A,2.609
MMR_PMAL,2100,CEREAL,4.551
MMR_SALW,2005,CROP_FLW,4.733
MMR_SALW,2005,PDR,2.959
MMR_SALW,2005,WHT,1.692
MMR_SALW,2005,GRO,2.474
MMR_SALW,2005,OSD,8.807
MMR_SALW,2005,C_B,57.574
MMR_SALW,2005,OTH_A,1.918
MMR_SALW,2005,CEREAL,2.868
MMR_SALW,2010,CROP_FLW,4.755
MMR_SALW,2010,PDR,3.317
MMR_SALW,2010,WHT,1.84
MMR_SALW,2010,GRO,2.582
MMR_SALW,2010,OSD,8.941
MMR_SALW,2010,C_B,63.448
MMR_SALW,2010,OTH_A,2.056
MMR_SALW,2010,CEREAL,3.181
MMR_SALW,2020,CROP_FLW,5.441
MMR_SALW,2020,PDR,3.849
MMR_SALW,2020,WHT,1.906
MMR_SALW,2020,GRO,3.327
MMR_SALW,2020,OSD,9.121
MMR_SALW,2020,C_B,71.889
MMR_SALW,2020,OTH_A,2.223
MMR_SALW,2020,CEREAL,3.722
MMR_SALW,2030,CROP_FLW,5.496
MMR_SALW,2030,PDR,4.45
MMR_SALW,2030,WHT,2.077
MMR_SALW,2030,GRO,3.359
MMR_SALW,2030,OSD,9.188
MMR_SALW,2030,C_B,74.77
MMR_SALW,2030,OTH_A,2.288
MMR_SALW,2030,CEREAL,4.211
MMR_SALW,2040,CROP_FLW,5.556
MMR_SALW,2040,PDR,4.619
MMR_SALW,2040,WHT,2.242
MMR_SALW,2040,GRO,3.314
MMR_SALW,2040,OSD,9.231
MMR_SALW,2040,C_B,77.996
MMR_SALW,2040,OTH_A,2.33
MMR_SALW,2040,CEREAL,4.361
MMR_SALW,2050,CROP_FLW,5.549
MMR_SALW,2050,PDR,4.819
MMR_SALW,2050,WHT,2.328
MMR_SALW,2050,GRO,3.334
MMR_SALW,2050,OSD,9.249
MMR_SALW,2050,C_B,79.326
MMR_SALW,2050,OTH_A,2.357
MMR_SALW,2050,CEREAL,4.539
MMR_SALW,2060,CROP_FLW,5.498
MMR_SALW,2060,PDR,4.955
MMR_SALW,2060,WHT,2.403
MMR_SALW,2060,GRO,3.387
MMR_SALW,2060,OSD,9.252
MMR_SALW,2060,C_B,79.389
MMR_SALW,2060,OTH_A,2.362
MMR_SALW,2060,CEREAL,4.668
MMR_SALW,2070,CROP_FLW,5.482
MMR_SALW,2070,PDR,5.041
MMR_SALW,2070,WHT,2.498
MMR_SALW,2070,GRO,3.441
MMR_SALW,2070,OSD,9.292
MMR_SALW,2070,C_B,81.273
MMR_SALW,2070,OTH_A,2.399
MMR_SALW,2070,CEREAL,4.747
MMR_SALW,2080,CROP_FLW,5.573
MMR_SALW,2080,PDR,5.079
MMR_SALW,2080,WHT,2.655
MMR_SALW,2080,GRO,3.475
MMR_SALW,2080,OSD,9.3
MMR_SALW,2080,C_B,81.325
MMR_SALW,2080,OTH_A,2.421
MMR_SALW,2080,CEREAL,4.779
MMR_SALW,2090,CROP_FLW,5.608
MMR_SALW,2090,PDR,5.102
MMR_SALW,2090,WHT,2.74
MMR_SALW,2090,GRO,3.521
MMR_SALW,2090,OSD,9.303
MMR_SALW,2090,C_B,81.686
MMR_SALW,2090,OTH_A,2.425
MMR_SALW,2090,CEREAL,4.8
MMR_SALW,2100,CROP_FLW,5.686
MMR_SALW,2100,PDR,5.115
MMR_SALW,2100,WHT,2.757
MMR_SALW,2100,GRO,3.555
MMR_SALW,2100,OSD,9.336
MMR_SALW,2100,C_B,82.452
MMR_SALW,2100,OTH_A,2.428
MMR_SALW,2100,CEREAL,4.813
MMR_SITT,2005,CROP_FLW,5.228
MMR_SITT,2005,PDR,3.756
MMR_SITT,2005,WHT,2.177
MMR_SITT,2005,GRO,2.979
MMR_SITT,2005,OSD,8.597
MMR_SITT,2005,C_B,62.044
MMR_SITT,2005,OTH_A,1.9
MMR_SITT,2005,CEREAL,3.705
MMR_SITT,2010,CROP_FLW,5.284
MMR_SITT,2010,PDR,4.091
MMR_SITT,2010,WHT,2.381
MMR_SITT,2010,GRO,3.097
MMR_SITT,2010,OSD,9.117
MMR_SITT,2010,C_B,62.086
MMR_SITT,2010,OTH_A,2.35
MMR_SITT,2010,CEREAL,4.034
MMR_SITT,2020,CROP_FLW,5.704
MMR_SITT,2020,PDR,4.359
MMR_SITT,2020,WHT,2.504
MMR_SITT,2020,GRO,3.376
MMR_SITT,2020,OSD,9.24
MMR_SITT,2020,C_B,62.138
MMR_SITT,2020,OTH_A,2.701
MMR_SITT,2020,CEREAL,4.291
MMR_SITT,2030,CROP_FLW,5.729
MMR_SITT,2030,PDR,4.404
MMR_SITT,2030,WHT,2.769
MMR_SITT,2030,GRO,3.267
MMR_SITT,2030,OSD,9.262
MMR_SITT,2030,C_B,62.153
MMR_SITT,2030,OTH_A,2.707
MMR_SITT,2030,CEREAL,4.335
MMR_SITT,2040,CROP_FLW,5.736
MMR_SITT,2040,PDR,4.782
MMR_SITT,2040,WHT,2.982
MMR_SITT,2040,GRO,3.482
MMR_SITT,2040,OSD,9.355
MMR_SITT,2040,C_B,61.945
MMR_SITT,2040,OTH_A,2.79
MMR_SITT,2040,CEREAL,4.719
MMR_SITT,2050,CROP_FLW,5.737
MMR_SITT,2050,PDR,4.748
MMR_SITT,2050,WHT,3.02
MMR_SITT,2050,GRO,3.491
MMR_SITT,2050,OSD,9.371
MMR_SITT,2050,C_B,61.959
MMR_SITT,2050,OTH_A,2.792
MMR_SITT,2050,CEREAL,4.689
MMR_SITT,2060,CROP_FLW,5.736
MMR_SITT,2060,PDR,4.783
MMR_SITT,2060,WHT,3.041
MMR_SITT,2060,GRO,3.547
MMR_SITT,2060,OSD,9.376
MMR_SITT,2060,C_B,61.925
MMR_SITT,2060,OTH_A,2.804
MMR_SITT,2060,CEREAL,4.724
MMR_SITT,2070,CROP_FLW,5.749
MMR_SITT,2070,PDR,4.805
MMR_SITT,2070,WHT,3.108
MMR_SITT,2070,GRO,3.664
MMR_SITT,2070,OSD,9.381
MMR_SITT,2070,C_B,62.131
MMR_SITT,2070,OTH_A,2.833
MMR_SITT,2070,CEREAL,4.747
MMR_SITT,2080,CROP_FLW,5.751
MMR_SITT,2080,PDR,4.815
MMR_SITT,2080,WHT,3.222
MMR_SITT,2080,GRO,3.812
MMR_SITT,2080,OSD,9.386
MMR_SITT,2080,C_B,62.091
MMR_SITT,2080,OTH_A,2.839
MMR_SITT,2080,CEREAL,4.761
MMR_SITT,2090,CROP_FLW,5.751
MMR_SITT,2090,PDR,4.826
MMR_SITT,2090,WHT,3.325
MMR_SITT,2090,GRO,3.911
MMR_SITT,2090,OSD,9.398
MMR_SITT,2090,C_B,62.075
MMR_SITT,2090,OTH_A,2.856
MMR_SITT,2090,CEREAL,4.773
MMR_SITT,2100,CROP_FLW,5.756
MMR_SITT,2100,PDR,4.834
MMR_SITT,2100,WHT,3.369
MMR_SITT,2100,GRO,4.0
MMR_SITT,2100,OSD,9.414
MMR_SITT,2100,C_B,62.106
MMR_SITT,2100,OTH_A,2.87
MMR_SITT,2100,CEREAL,4.783
MNE_AGBS,2005,CROP_FLW,5.246
MNE_AGBS,2005,WHT,2.02
MNE_AGBS,2005,GRO,3.775
MNE_AGBS,2005,OTH_A,0.503
MNE_AGBS,2005,CEREAL,2.221
MNE_AGBS,2010,CROP_FLW,5.24
MNE_AGBS,2010,WHT,2.02
MNE_AGBS,2010,GRO,3.718
MNE_AGBS,2010,OTH_A,0.504
MNE_AGBS,2010,CEREAL,2.156
MNE_AGBS,2020,CROP_FLW,5.496
MNE_AGBS,2020,WHT,2.02
MNE_AGBS,2020,GRO,3.186
MNE_AGBS,2020,OTH_A,0.523
MNE_AGBS,2020,CEREAL,2.967
MNE_AGBS,2030,CROP_FLW,5.519
MNE_AGBS,2030,WHT,2.033
MNE_AGBS,2030,GRO,3.154
MNE_AGBS,2030,OTH_A,0.523
MNE_AGBS,2030,CEREAL,2.94
MNE_AGBS,2040,CROP_FLW,5.867
MNE_AGBS,2040,WHT,2.087
MNE_AGBS,2040,GRO,3.159
MNE_AGBS,2040,OTH_A,0.522
MNE_AGBS,2040,CEREAL,2.928
MNE_AGBS,2050,CROP_FLW,5.811
MNE_AGBS,2050,WHT,2.083
MNE_AGBS,2050,GRO,3.159
MNE_AGBS,2050,OTH_A,0.52
MNE_AGBS,2050,CEREAL,2.902
MNE_AGBS,2060,CROP_FLW,5.782
MNE_AGBS,2060,WHT,2.1
MNE_AGBS,2060,GRO,3.157
MNE_AGBS,2060,OTH_A,0.52
MNE_AGBS,2060,CEREAL,2.883
MNE_AGBS,2070,CROP_FLW,5.081
MNE_AGBS,2070,WHT,2.138
MNE_AGBS,2070,GRO,3.173
MNE_AGBS,2070,OTH_A,0.521
MNE_AGBS,2070,CEREAL,2.875
MNE_AGBS,2080,CROP_FLW,5.072
MNE_AGBS,2080,WHT,2.175
MNE_AGBS,2080,GRO,3.191
MNE_AGBS,2080,OTH_A,0.521
MNE_AGBS,2080,CEREAL,2.863
MNE_AGBS,2090,CROP_FLW,4.852
MNE_AGBS,2090,WHT,2.202
MNE_AGBS,2090,GRO,3.196
MNE_AGBS,2090,OTH_A,0.523
MNE_AGBS,2090,CEREAL,2.85
MNE_AGBS,2100,CROP_FLW,5.438
MNE_AGBS,2100,WHT,2.22
MNE_AGBS,2100,GRO,3.198
MNE_AGBS,2100,OTH_A,0.524
MNE_AGBS,2100,CEREAL,2.842
MNE_DANU,2005,CROP_FLW,5.547
MNE_DANU,2005,WHT,2.75
MNE_DANU,2005,GRO,3.158
MNE_DANU,2005,OTH_A,0.489
MNE_DANU,2005,CEREAL,3.103
MNE_DANU,2010,CROP_FLW,5.506
MNE_DANU,2010,WHT,2.75
MNE_DANU,2010,GRO,3.162
MNE_DANU,2010,OTH_A,0.496
MNE_DANU,2010,CEREAL,3.118
MNE_DANU,2020,CROP_FLW,5.285
MNE_DANU,2020,WHT,2.75
MNE_DANU,2020,GRO,3.724
MNE_DANU,2020,OTH_A,0.545
MNE_DANU,2020,CEREAL,3.53
MNE_DANU,2030,CROP_FLW,5.739
MNE_DANU,2030,WHT,2.725
MNE_DANU,2030,GRO,3.701
MNE_DANU,2030,OTH_A,0.547
MNE_DANU,2030,CEREAL,3.504
MNE_DANU,2040,CROP_FLW,6.755
MNE_DANU,2040,WHT,2.714
MNE_DANU,2040,GRO,3.724
MNE_DANU,2040,OTH_A,0.547
MNE_DANU,2040,CEREAL,3.493
MNE_DANU,2050,CROP_FLW,6.06
MNE_DANU,2050,WHT,2.705
MNE_DANU,2050,GRO,3.724
MNE_DANU,2050,OTH_A,0.549
MNE_DANU,2050,CEREAL,3.465
MNE_DANU,2060,CROP_FLW,5.794
MNE_DANU,2060,WHT,2.703
MNE_DANU,2060,GRO,3.724
MNE_DANU,2060,OTH_A,0.551
MNE_DANU,2060,CEREAL,3.445
MNE_DANU,2070,CROP_FLW,6.087
MNE_DANU,2070,WHT,2.696
MNE_DANU,2070,GRO,3.724
MNE_DANU,2070,OTH_A,0.552
MNE_DANU,2070,CEREAL,3.413
MNE_DANU,2080,CROP_FLW,5.795
MNE_DANU,2080,WHT,2.69
MNE_DANU,2080,GRO,3.724
MNE_DANU,2080,OTH_A,0.554
MNE_DANU,2080,CEREAL,3.374
MNE_DANU,2090,CROP_FLW,5.664
MNE_DANU,2090,WHT,2.695
MNE_DANU,2090,GRO,3.724
MNE_DANU,2090,OTH_A,0.554
MNE_DANU,2090,CEREAL,3.352
MNE_DANU,2100,CROP_FLW,5.394
MNE_DANU,2100,WHT,2.7
MNE_DANU,2100,GRO,3.724
MNE_DANU,2100,OTH_A,0.561
MNE_DANU,2100,CEREAL,3.339
MNG_AMUR,2005,CROP_FLW,2.7
MNG_AMUR,2005,WHT,2.417
MNG_AMUR,2005,GRO,3.449
MNG_AMUR,2005,OSD,8.861
MNG_AMUR,2005,OTH_A,2.004
MNG_AMUR,2005,CEREAL,2.497
MNG_AMUR,2010,CROP_FLW,2.691
MNG_AMUR,2010,WHT,2.949
MNG_AMUR,2010,GRO,3.524
MNG_AMUR,2010,OSD,8.861
MNG_AMUR,2010,OTH_A,2.143
MNG_AMUR,2010,CEREAL,2.982
MNG_AMUR,2020,CROP_FLW,2.701
MNG_AMUR,2020,WHT,3.177
MNG_AMUR,2020,GRO,3.613
MNG_AMUR,2020,OSD,9.706
MNG_AMUR,2020,OTH_A,2.154
MNG_AMUR,2020,CEREAL,3.2
MNG_AMUR,2030,CROP_FLW,2.786
MNG_AMUR,2030,WHT,4.1
MNG_AMUR,2030,GRO,4.433
MNG_AMUR,2030,OSD,10.333
MNG_AMUR,2030,OTH_A,2.371
MNG_AMUR,2030,CEREAL,4.118
MNG_AMUR,2040,CROP_FLW,2.863
MNG_AMUR,2040,WHT,4.797
MNG_AMUR,2040,GRO,4.889
MNG_AMUR,2040,OSD,10.452
MNG_AMUR,2040,OTH_A,2.479
MNG_AMUR,2040,CEREAL,4.803
MNG_AMUR,2050,CROP_FLW,2.944
MNG_AMUR,2050,WHT,5.236
MNG_AMUR,2050,GRO,5.511
MNG_AMUR,2050,OSD,10.464
MNG_AMUR,2050,OTH_A,2.578
MNG_AMUR,2050,CEREAL,5.253
MNG_AMUR,2060,CROP_FLW,3.006
MNG_AMUR,2060,WHT,5.562
MNG_AMUR,2060,GRO,6.651
MNG_AMUR,2060,OSD,10.473
MNG_AMUR,2060,OTH_A,2.703
MNG_AMUR,2060,CEREAL,5.631
MNG_AMUR,2070,CROP_FLW,3.167
MNG_AMUR,2070,WHT,5.845
MNG_AMUR,2070,GRO,8.129
MNG_AMUR,2070,OSD,10.48
MNG_AMUR,2070,OTH_A,2.872
MNG_AMUR,2070,CEREAL,5.982
MNG_AMUR,2080,CROP_FLW,3.24
MNG_AMUR,2080,WHT,6.038
MNG_AMUR,2080,GRO,9.486
MNG_AMUR,2080,OSD,10.48
MNG_AMUR,2080,OTH_A,3.022
MNG_AMUR,2080,CEREAL,6.228
MNG_AMUR,2090,CROP_FLW,3.249
MNG_AMUR,2090,WHT,6.234
MNG_AMUR,2090,GRO,10.362
MNG_AMUR,2090,OSD,10.48
MNG_AMUR,2090,OTH_A,3.123
MNG_AMUR,2090,CEREAL,6.415
MNG_AMUR,2100,CROP_FLW,3.373
MNG_AMUR,2100,WHT,6.341
MNG_AMUR,2100,GRO,10.362
MNG_AMUR,2100,OSD,10.48
MNG_AMUR,2100,OTH_A,3.199
MNG_AMUR,2100,CEREAL,6.492
MNG_GOBI,2005,CROP_FLW,2.14
MNG_GOBI,2005,WHT,2.264
MNG_GOBI,2005,GRO,3.248
MNG_GOBI,2005,OSD,8.649
MNG_GOBI,2005,OTH_A,2.639
MNG_GOBI,2005,CEREAL,2.53
MNG_GOBI,2010,CROP_FLW,1.929
MNG_GOBI,2010,WHT,3.895
MNG_GOBI,2010,GRO,3.676
MNG_GOBI,2010,OSD,8.649
MNG_GOBI,2010,OTH_A,3.288
MNG_GOBI,2010,CEREAL,3.851
MNG_GOBI,2020,CROP_FLW,1.857
MNG_GOBI,2020,WHT,4.305
MNG_GOBI,2020,GRO,5.245
MNG_GOBI,2020,OSD,36.681
MNG_GOBI,2020,OTH_A,3.565
MNG_GOBI,2020,CEREAL,4.503
MNG_GOBI,2030,CROP_FLW,1.926
MNG_GOBI,2030,WHT,5.638
MNG_GOBI,2030,GRO,6.563
MNG_GOBI,2030,OSD,48.416
MNG_GOBI,2030,OTH_A,4.654
MNG_GOBI,2030,CEREAL,5.834
MNG_GOBI,2040,CROP_FLW,2.194
MNG_GOBI,2040,WHT,7.193
MNG_GOBI,2040,GRO,7.664
MNG_GOBI,2040,OSD,61.756
MNG_GOBI,2040,OTH_A,5.286
MNG_GOBI,2040,CEREAL,7.299
MNG_GOBI,2050,CROP_FLW,2.614
MNG_GOBI,2050,WHT,8.222
MNG_GOBI,2050,GRO,8.631
MNG_GOBI,2050,OSD,61.935
MNG_GOBI,2050,OTH_A,5.713
MNG_GOBI,2050,CEREAL,8.315
MNG_GOBI,2060,CROP_FLW,2.668
MNG_GOBI,2060,WHT,9.384
MNG_GOBI,2060,GRO,10.102
MNG_GOBI,2060,OSD,62.05
MNG_GOBI,2060,OTH_A,6.258
MNG_GOBI,2060,CEREAL,9.541
MNG_GOBI,2070,CROP_FLW,2.58
MNG_GOBI,2070,WHT,10.012
MNG_GOBI,2070,GRO,12.133
MNG_GOBI,2070,OSD,62.182
MNG_GOBI,2070,OTH_A,6.623
MNG_GOBI,2070,CEREAL,10.449
MNG_GOBI,2080,CROP_FLW,2.697
MNG_GOBI,2080,WHT,10.049
MNG_GOBI,2080,GRO,12.96
MNG_GOBI,2080,OSD,62.357
MNG_GOBI,2080,OTH_A,6.917
MNG_GOBI,2080,CEREAL,10.605
MNG_GOBI,2090,CROP_FLW,2.725
MNG_GOBI,2090,WHT,10.075
MNG_GOBI,2090,GRO,12.967
MNG_GOBI,2090,OSD,62.492
MNG_GOBI,2090,OTH_A,6.93
MNG_GOBI,2090,CEREAL,10.539
MNG_GOBI,2100,CROP_FLW,2.739
MNG_GOBI,2100,WHT,10.075
MNG_GOBI,2100,GRO,12.972
MNG_GOBI,2100,OSD,62.492
MNG_GOBI,2100,OTH_A,6.714
MNG_GOBI,2100,CEREAL,10.479
MNG_YENS,2005,CROP_FLW,2.738
MNG_YENS,2005,WHT,2.464
MNG_YENS,2005,GRO,3.672
MNG_YENS,2005,OSD,8.877
MNG_YENS,2005,OTH_A,2.052
MNG_YENS,2005,CEREAL,2.59
MNG_YENS,2010,CROP_FLW,2.732
MNG_YENS,2010,WHT,2.899
MNG_YENS,2010,GRO,3.776
MNG_YENS,2010,OSD,8.877
MNG_YENS,2010,OTH_A,2.102
MNG_YENS,2010,CEREAL,2.967
MNG_YENS,2020,CROP_FLW,2.684
MNG_YENS,2020,WHT,3.055
MNG_YENS,2020,GRO,3.878
MNG_YENS,2020,OSD,9.449
MNG_YENS,2020,OTH_A,2.166
MNG_YENS,2020,CEREAL,3.115
MNG_YENS,2030,CROP_FLW,2.623
MNG_YENS,2030,WHT,3.529
MNG_YENS,2030,GRO,4.46
MNG_YENS,2030,OSD,9.742
MNG_YENS,2030,OTH_A,2.36
MNG_YENS,2030,CEREAL,3.597
MNG_YENS,2040,CROP_FLW,2.672
MNG_YENS,2040,WHT,3.833
MNG_YENS,2040,GRO,4.715
MNG_YENS,2040,OSD,9.837
MNG_YENS,2040,OTH_A,2.356
MNG_YENS,2040,CEREAL,3.903
MNG_YENS,2050,CROP_FLW,2.716
MNG_YENS,2050,WHT,3.999
MNG_YENS,2050,GRO,4.832
MNG_YENS,2050,OSD,9.875
MNG_YENS,2050,OTH_A,2.353
MNG_YENS,2050,CEREAL,4.07
MNG_YENS,2060,CROP_FLW,2.81
MNG_YENS,2060,WHT,4.181
MNG_YENS,2060,GRO,5.143
MNG_YENS,2060,OSD,9.944
MNG_YENS,2060,OTH_A,2.42
MNG_YENS,2060,CEREAL,4.26
MNG_YENS,2070,CROP_FLW,2.801
MNG_YENS,2070,WHT,4.372
MNG_YENS,2070,GRO,5.542
MNG_YENS,2070,OSD,9.982
MNG_YENS,2070,OTH_A,2.544
MNG_YENS,2070,CEREAL,4.464
MNG_YENS,2080,CROP_FLW,2.796
MNG_YENS,2080,WHT,4.52
MNG_YENS,2080,GRO,5.787
MNG_YENS,2080,OSD,10.033
MNG_YENS,2080,OTH_A,2.627
MNG_YENS,2080,CEREAL,4.611
MNG_YENS,2090,CROP_FLW,2.8
MNG_YENS,2090,WHT,4.602
MNG_YENS,2090,GRO,5.79
MNG_YENS,2090,OSD,10.038
MNG_YENS,2090,OTH_A,2.671
MNG_YENS,2090,CEREAL,4.669
MNG_YENS,2100,CROP_FLW,2.866
MNG_YENS,2100,WHT,4.652
MNG_YENS,2100,GRO,5.794
MNG_YENS,2100,OSD,10.038
MNG_YENS,2100,OTH_A,2.705
MNG_YENS,2100,CEREAL,4.707
MOZ_AECC,2005,CROP_FLW,4.559
MOZ_AECC,2005,PDR,1.731
MOZ_AECC,2005,WHT,2.09
MOZ_AECC,2005,GRO,1.039
MOZ_AECC,2005,OSD,0.912
MOZ_AECC,2005,C_B,36.197
MOZ_AECC,2005,OTH_A,0.834
MOZ_AECC,2005,CEREAL,1.123
MOZ_AECC,2010,CROP_FLW,4.563
MOZ_AECC,2010,PDR,1.963
MOZ_AECC,2010,WHT,3.742
MOZ_AECC,2010,GRO,1.197
MOZ_AECC,2010,OSD,0.917
MOZ_AECC,2010,C_B,53.925
MOZ_AECC,2010,OTH_A,0.976
MOZ_AECC,2010,CEREAL,1.266
MOZ_AECC,2020,CROP_FLW,4.553
MOZ_AECC,2020,PDR,2.312
MOZ_AECC,2020,WHT,4.094
MOZ_AECC,2020,GRO,1.288
MOZ_AECC,2020,OSD,0.939
MOZ_AECC,2020,C_B,84.978
MOZ_AECC,2020,OTH_A,0.991
MOZ_AECC,2020,CEREAL,1.433
MOZ_AECC,2030,CROP_FLW,4.552
MOZ_AECC,2030,PDR,2.544
MOZ_AECC,2030,WHT,4.087
MOZ_AECC,2030,GRO,1.288
MOZ_AECC,2030,OSD,0.955
MOZ_AECC,2030,C_B,93.248
MOZ_AECC,2030,OTH_A,1.027
MOZ_AECC,2030,CEREAL,1.477
MOZ_AECC,2040,CROP_FLW,4.55
MOZ_AECC,2040,PDR,2.889
MOZ_AECC,2040,WHT,4.015
MOZ_AECC,2040,GRO,1.38
MOZ_AECC,2040,OSD,1.001
MOZ_AECC,2040,C_B,108.413
MOZ_AECC,2040,OTH_A,1.105
MOZ_AECC,2040,CEREAL,1.622
MOZ_AECC,2050,CROP_FLW,4.55
MOZ_AECC,2050,PDR,3.034
MOZ_AECC,2050,WHT,4.027
MOZ_AECC,2050,GRO,1.402
MOZ_AECC,2050,OSD,1.023
MOZ_AECC,2050,C_B,114.66
MOZ_AECC,2050,OTH_A,1.152
MOZ_AECC,2050,CEREAL,1.691
MOZ_AECC,2060,CROP_FLW,4.525
MOZ_AECC,2060,PDR,3.039
MOZ_AECC,2060,WHT,4.024
MOZ_AECC,2060,GRO,1.415
MOZ_AECC,2060,OSD,1.007
MOZ_AECC,2060,C_B,117.831
MOZ_AECC,2060,OTH_A,1.155
MOZ_AECC,2060,CEREAL,1.743
MOZ_AECC,2070,CROP_FLW,4.515
MOZ_AECC,2070,PDR,3.041
MOZ_AECC,2070,WHT,4.051
MOZ_AECC,2070,GRO,1.453
MOZ_AECC,2070,OSD,1.009
MOZ_AECC,2070,C_B,120.398
MOZ_AECC,2070,OTH_A,1.173
MOZ_AECC,2070,CEREAL,1.79
MOZ_AECC,2080,CROP_FLW,4.569
MOZ_AECC,2080,PDR,3.55
MOZ_AECC,2080,WHT,4.367
MOZ_AECC,2080,GRO,1.688
MOZ_AECC,2080,OSD,1.133
MOZ_AECC,2080,C_B,140.441
MOZ_AECC,2080,OTH_A,1.331
MOZ_AECC,2080,CEREAL,2.069
MOZ_AECC,2090,CROP_FLW,4.665
MOZ_AECC,2090,PDR,3.739
MOZ_AECC,2090,WHT,4.386
MOZ_AECC,2090,GRO,1.85
MOZ_AECC,2090,OSD,1.191
MOZ_AECC,2090,C_B,148.265
MOZ_AECC,2090,OTH_A,1.46
MOZ_AECC,2090,CEREAL,2.254
MOZ_AECC,2100,CROP_FLW,4.615
MOZ_AECC,2100,PDR,3.745
MOZ_AECC,2100,WHT,4.378
MOZ_AECC,2100,GRO,1.88
MOZ_AECC,2100,OSD,1.19
MOZ_AECC,2100,C_B,148.304
MOZ_AECC,2100,OTH_A,1.511
MOZ_AECC,2100,CEREAL,2.315
MOZ_AIOC,2005,CROP_FLW,4.596
MOZ_AIOC,2005,PDR,1.885
MOZ_AIOC,2005,WHT,1.485
MOZ_AIOC,2005,GRO,0.941
MOZ_AIOC,2005,OSD,0.842
MOZ_AIOC,2005,C_B,53.217
MOZ_AIOC,2005,OTH_A,0.874
MOZ_AIOC,2005,CEREAL,0.982
MOZ_AIOC,2010,CROP_FLW,4.581
MOZ_AIOC,2010,PDR,2.057
MOZ_AIOC,2010,WHT,2.802
MOZ_AIOC,2010,GRO,0.973
MOZ_AIOC,2010,OSD,0.848
MOZ_AIOC,2010,C_B,53.806
MOZ_AIOC,2010,OTH_A,0.912
MOZ_AIOC,2010,CEREAL,1.008
MOZ_AIOC,2020,CROP_FLW,4.61
MOZ_AIOC,2020,PDR,2.754
MOZ_AIOC,2020,WHT,3.242
MOZ_AIOC,2020,GRO,1.006
MOZ_AIOC,2020,OSD,0.983
MOZ_AIOC,2020,C_B,54.842
MOZ_AIOC,2020,OTH_A,0.956
MOZ_AIOC,2020,CEREAL,1.09
MOZ_AIOC,2030,CROP_FLW,4.61
MOZ_AIOC,2030,PDR,3.182
MOZ_AIOC,2030,WHT,3.304
MOZ_AIOC,2030,GRO,1.055
MOZ_AIOC,2030,OSD,1.038
MOZ_AIOC,2030,C_B,55.068
MOZ_AIOC,2030,OTH_A,1.019
MOZ_AIOC,2030,CEREAL,1.166
MOZ_AIOC,2040,CROP_FLW,4.61
MOZ_AIOC,2040,PDR,3.872
MOZ_AIOC,2040,WHT,3.199
MOZ_AIOC,2040,GRO,1.177
MOZ_AIOC,2040,OSD,1.136
MOZ_AIOC,2040,C_B,55.515
MOZ_AIOC,2040,OTH_A,1.142
MOZ_AIOC,2040,CEREAL,1.343
MOZ_AIOC,2050,CROP_FLW,4.61
MOZ_AIOC,2050,PDR,3.933
MOZ_AIOC,2050,WHT,3.145
MOZ_AIOC,2050,GRO,1.18
MOZ_AIOC,2050,OSD,1.155
MOZ_AIOC,2050,C_B,55.719
MOZ_AIOC,2050,OTH_A,1.142
MOZ_AIOC,2050,CEREAL,1.376
MOZ_AIOC,2060,CROP_FLW,4.599
MOZ_AIOC,2060,PDR,3.978
MOZ_AIOC,2060,WHT,3.112
MOZ_AIOC,2060,GRO,1.193
MOZ_AIOC,2060,OSD,1.181
MOZ_AIOC,2060,C_B,55.825
MOZ_AIOC,2060,OTH_A,1.151
MOZ_AIOC,2060,CEREAL,1.422
MOZ_AIOC,2070,CROP_FLW,4.596
MOZ_AIOC,2070,PDR,4.023
MOZ_AIOC,2070,WHT,3.086
MOZ_AIOC,2070,GRO,1.217
MOZ_AIOC,2070,OSD,1.197
MOZ_AIOC,2070,C_B,55.902
MOZ_AIOC,2070,OTH_A,1.156
MOZ_AIOC,2070,CEREAL,1.472
MOZ_AIOC,2080,CROP_FLW,4.571
MOZ_AIOC,2080,PDR,4.186
MOZ_AIOC,2080,WHT,3.089
MOZ_AIOC,2080,GRO,1.263
MOZ_AIOC,2080,OSD,1.213
MOZ_AIOC,2080,C_B,55.952
MOZ_AIOC,2080,OTH_A,1.157
MOZ_AIOC,2080,CEREAL,1.539
MOZ_AIOC,2090,CROP_FLW,4.557
MOZ_AIOC,2090,PDR,4.197
MOZ_AIOC,2090,WHT,3.078
MOZ_AIOC,2090,GRO,1.309
MOZ_AIOC,2090,OSD,1.258
MOZ_AIOC,2090,C_B,56.026
MOZ_AIOC,2090,OTH_A,1.165
MOZ_AIOC,2090,CEREAL,1.61
MOZ_AIOC,2100,CROP_FLW,4.556
MOZ_AIOC,2100,PDR,4.103
MOZ_AIOC,2100,WHT,3.057
MOZ_AIOC,2100,GRO,1.301
MOZ_AIOC,2100,OSD,1.254
MOZ_AIOC,2100,C_B,56.096
MOZ_AIOC,2100,OTH_A,1.158
MOZ_AIOC,2100,CEREAL,1.644
MOZ_LIMP,2005,CROP_FLW,4.716
MOZ_LIMP,2005,PDR,1.773
MOZ_LIMP,2005,WHT,1.463
MOZ_LIMP,2005,GRO,0.954
MOZ_LIMP,2005,OSD,0.909
MOZ_LIMP,2005,C_B,29.699
MOZ_LIMP,2005,OTH_A,0.826
MOZ_LIMP,2005,CEREAL,0.995
MOZ_LIMP,2010,CROP_FLW,4.657
MOZ_LIMP,2010,PDR,1.907
MOZ_LIMP,2010,WHT,1.863
MOZ_LIMP,2010,GRO,1.015
MOZ_LIMP,2010,OSD,0.914
MOZ_LIMP,2010,C_B,33.251
MOZ_LIMP,2010,OTH_A,0.945
MOZ_LIMP,2010,CEREAL,1.05
MOZ_LIMP,2020,CROP_FLW,4.616
MOZ_LIMP,2020,PDR,2.295
MOZ_LIMP,2020,WHT,2.044
MOZ_LIMP,2020,GRO,1.073
MOZ_LIMP,2020,OSD,1.003
MOZ_LIMP,2020,C_B,34.898
MOZ_LIMP,2020,OTH_A,0.97
MOZ_LIMP,2020,CEREAL,1.136
MOZ_LIMP,2030,CROP_FLW,4.64
MOZ_LIMP,2030,PDR,2.434
MOZ_LIMP,2030,WHT,2.047
MOZ_LIMP,2030,GRO,1.181
MOZ_LIMP,2030,OSD,1.027
MOZ_LIMP,2030,C_B,36.396
MOZ_LIMP,2030,OTH_A,1.028
MOZ_LIMP,2030,CEREAL,1.249
MOZ_LIMP,2040,CROP_FLW,4.641
MOZ_LIMP,2040,PDR,2.587
MOZ_LIMP,2040,WHT,2.05
MOZ_LIMP,2040,GRO,1.32
MOZ_LIMP,2040,OSD,1.098
MOZ_LIMP,2040,C_B,37.418
MOZ_LIMP,2040,OTH_A,1.124
MOZ_LIMP,2040,CEREAL,1.39
MOZ_LIMP,2050,CROP_FLW,4.64
MOZ_LIMP,2050,PDR,2.654
MOZ_LIMP,2050,WHT,2.052
MOZ_LIMP,2050,GRO,1.392
MOZ_LIMP,2050,OSD,1.124
MOZ_LIMP,2050,C_B,36.87
MOZ_LIMP,2050,OTH_A,1.196
MOZ_LIMP,2050,CEREAL,1.476
MOZ_LIMP,2060,CROP_FLW,4.643
MOZ_LIMP,2060,PDR,2.703
MOZ_LIMP,2060,WHT,2.059
MOZ_LIMP,2060,GRO,1.432
MOZ_LIMP,2060,OSD,1.113
MOZ_LIMP,2060,C_B,36.029
MOZ_LIMP,2060,OTH_A,1.222
MOZ_LIMP,2060,CEREAL,1.531
MOZ_LIMP,2070,CROP_FLW,4.66
MOZ_LIMP,2070,PDR,2.719
MOZ_LIMP,2070,WHT,2.06
MOZ_LIMP,2070,GRO,1.465
MOZ_LIMP,2070,OSD,1.114
MOZ_LIMP,2070,C_B,34.893
MOZ_LIMP,2070,OTH_A,1.227
MOZ_LIMP,2070,CEREAL,1.569
MOZ_LIMP,2080,CROP_FLW,4.691
MOZ_LIMP,2080,PDR,2.732
MOZ_LIMP,2080,WHT,2.065
MOZ_LIMP,2080,GRO,1.493
MOZ_LIMP,2080,OSD,1.118
MOZ_LIMP,2080,C_B,33.476
MOZ_LIMP,2080,OTH_A,1.231
MOZ_LIMP,2080,CEREAL,1.6
MOZ_LIMP,2090,CROP_FLW,4.731
MOZ_LIMP,2090,PDR,2.747
MOZ_LIMP,2090,WHT,2.055
MOZ_LIMP,2090,GRO,1.494
MOZ_LIMP,2090,OSD,1.113
MOZ_LIMP,2090,C_B,32.172
MOZ_LIMP,2090,OTH_A,1.228
MOZ_LIMP,2090,CEREAL,1.608
MOZ_LIMP,2100,CROP_FLW,4.7
MOZ_LIMP,2100,PDR,2.813
MOZ_LIMP,2100,WHT,2.056
MOZ_LIMP,2100,GRO,1.517
MOZ_LIMP,2100,OSD,1.164
MOZ_LIMP,2100,C_B,32.386
MOZ_LIMP,2100,OTH_A,1.3
MOZ_LIMP,2100,CEREAL,1.64
MOZ_ZAMB,2005,CROP_FLW,5.191
MOZ_ZAMB,2005,PDR,1.797
MOZ_ZAMB,2005,WHT,1.589
MOZ_ZAMB,2005,GRO,1.011
MOZ_ZAMB,2005,OSD,0.838
MOZ_ZAMB,2005,C_B,37.983
MOZ_ZAMB,2005,OTH_A,0.925
MOZ_ZAMB,2005,CEREAL,1.036
MOZ_ZAMB,2010,CROP_FLW,5.188
MOZ_ZAMB,2010,PDR,1.979
MOZ_ZAMB,2010,WHT,3.006
MOZ_ZAMB,2010,GRO,1.124
MOZ_ZAMB,2010,OSD,0.844
MOZ_ZAMB,2010,C_B,44.534
MOZ_ZAMB,2010,OTH_A,1.033
MOZ_ZAMB,2010,CEREAL,1.149
MOZ_ZAMB,2020,CROP_FLW,5.046
MOZ_ZAMB,2020,PDR,2.672
MOZ_ZAMB,2020,WHT,3.515
MOZ_ZAMB,2020,GRO,1.18
MOZ_ZAMB,2020,OSD,0.934
MOZ_ZAMB,2020,C_B,56.293
MOZ_ZAMB,2020,OTH_A,1.042
MOZ_ZAMB,2020,CEREAL,1.244
MOZ_ZAMB,2030,CROP_FLW,5.045
MOZ_ZAMB,2030,PDR,3.0
MOZ_ZAMB,2030,WHT,3.571
MOZ_ZAMB,2030,GRO,1.28
MOZ_ZAMB,2030,OSD,0.962
MOZ_ZAMB,2030,C_B,58.844
MOZ_ZAMB,2030,OTH_A,1.158
MOZ_ZAMB,2030,CEREAL,1.355
MOZ_ZAMB,2040,CROP_FLW,5.043
MOZ_ZAMB,2040,PDR,3.417
MOZ_ZAMB,2040,WHT,3.604
MOZ_ZAMB,2040,GRO,1.337
MOZ_ZAMB,2040,OSD,0.984
MOZ_ZAMB,2040,C_B,63.194
MOZ_ZAMB,2040,OTH_A,1.2
MOZ_ZAMB,2040,CEREAL,1.435
MOZ_ZAMB,2050,CROP_FLW,5.038
MOZ_ZAMB,2050,PDR,3.67
MOZ_ZAMB,2050,WHT,3.593
MOZ_ZAMB,2050,GRO,1.375
MOZ_ZAMB,2050,OSD,0.993
MOZ_ZAMB,2050,C_B,66.2
MOZ_ZAMB,2050,OTH_A,1.238
MOZ_ZAMB,2050,CEREAL,1.496
MOZ_ZAMB,2060,CROP_FLW,5.028
MOZ_ZAMB,2060,PDR,3.867
MOZ_ZAMB,2060,WHT,3.656
MOZ_ZAMB,2060,GRO,1.522
MOZ_ZAMB,2060,OSD,1.027
MOZ_ZAMB,2060,C_B,69.112
MOZ_ZAMB,2060,OTH_A,1.417
MOZ_ZAMB,2060,CEREAL,1.665
MOZ_ZAMB,2070,CROP_FLW,5.014
MOZ_ZAMB,2070,PDR,3.901
MOZ_ZAMB,2070,WHT,3.658
MOZ_ZAMB,2070,GRO,1.543
MOZ_ZAMB,2070,OSD,1.023
MOZ_ZAMB,2070,C_B,69.8
MOZ_ZAMB,2070,OTH_A,1.439
MOZ_ZAMB,2070,CEREAL,1.692
MOZ_ZAMB,2080,CROP_FLW,4.782
MOZ_ZAMB,2080,PDR,4.486
MOZ_ZAMB,2080,WHT,3.93
MOZ_ZAMB,2080,GRO,1.906
MOZ_ZAMB,2080,OSD,1.16
MOZ_ZAMB,2080,C_B,80.653
MOZ_ZAMB,2080,OTH_A,1.759
MOZ_ZAMB,2080,CEREAL,2.058
MOZ_ZAMB,2090,CROP_FLW,5.086
MOZ_ZAMB,2090,PDR,4.531
MOZ_ZAMB,2090,WHT,4.134
MOZ_ZAMB,2090,GRO,2.257
MOZ_ZAMB,2090,OSD,1.21
MOZ_ZAMB,2090,C_B,81.638
MOZ_ZAMB,2090,OTH_A,1.995
MOZ_ZAMB,2090,CEREAL,2.403
MOZ_ZAMB,2100,CROP_FLW,5.178
MOZ_ZAMB,2100,PDR,4.542
MOZ_ZAMB,2100,WHT,4.176
MOZ_ZAMB,2100,GRO,2.385
MOZ_ZAMB,2100,OSD,1.22
MOZ_ZAMB,2100,C_B,82.002
MOZ_ZAMB,2100,OTH_A,2.107
MOZ_ZAMB,2100,CEREAL,2.542
MRT_ANIN,2005,CROP_FLW,4.834
MRT_ANIN,2005,GRO,0.777
MRT_ANIN,2005,OTH_A,0.792
MRT_ANIN,2005,CEREAL,0.777
MRT_ANIN,2010,CROP_FLW,4.916
MRT_ANIN,2010,GRO,0.697
MRT_ANIN,2010,OTH_A,0.844
MRT_ANIN,2010,CEREAL,0.697
MRT_ANIN,2020,CROP_FLW,7.576
MRT_ANIN,2020,GRO,0.794
MRT_ANIN,2020,OTH_A,0.86
MRT_ANIN,2020,CEREAL,0.794
MRT_ANIN,2030,CROP_FLW,4.893
MRT_ANIN,2030,GRO,0.819
MRT_ANIN,2030,OTH_A,0.892
MRT_ANIN,2030,CEREAL,0.819
MRT_ANIN,2040,CROP_FLW,5.302
MRT_ANIN,2040,GRO,0.891
MRT_ANIN,2040,OTH_A,0.95
MRT_ANIN,2040,CEREAL,0.891
MRT_ANIN,2050,CROP_FLW,5.555
MRT_ANIN,2050,GRO,0.97
MRT_ANIN,2050,OTH_A,0.95
MRT_ANIN,2050,CEREAL,0.97
MRT_ANIN,2060,CROP_FLW,5.506
MRT_ANIN,2060,GRO,1.086
MRT_ANIN,2060,OTH_A,0.957
MRT_ANIN,2060,CEREAL,1.086
MRT_ANIN,2070,CROP_FLW,5.212
MRT_ANIN,2070,GRO,1.382
MRT_ANIN,2070,OTH_A,0.972
MRT_ANIN,2070,CEREAL,1.382
MRT_ANIN,2080,CROP_FLW,5.539
MRT_ANIN,2080,GRO,1.59
MRT_ANIN,2080,OTH_A,1.005
MRT_ANIN,2080,CEREAL,1.59
MRT_ANIN,2090,CROP_FLW,5.365
MRT_ANIN,2090,GRO,1.593
MRT_ANIN,2090,OTH_A,1.047
MRT_ANIN,2090,CEREAL,1.593
MRT_ANIN,2100,CROP_FLW,5.457
MRT_ANIN,2100,GRO,1.593
MRT_ANIN,2100,OTH_A,1.089
MRT_ANIN,2100,CEREAL,1.593
MRT_ANWC,2005,CROP_FLW,5.611
MRT_ANWC,2005,PDR,1.216
MRT_ANWC,2005,WHT,2.544
MRT_ANWC,2005,GRO,0.711
MRT_ANWC,2005,OSD,0.687
MRT_ANWC,2005,OTH_A,0.677
MRT_ANWC,2005,CEREAL,1.017
MRT_ANWC,2010,CROP_FLW,5.322
MRT_ANWC,2010,PDR,1.109
MRT_ANWC,2010,WHT,5.498
MRT_ANWC,2010,GRO,0.645
MRT_ANWC,2010,OSD,0.743
MRT_ANWC,2010,OTH_A,0.704
MRT_ANWC,2010,CEREAL,1.011
MRT_ANWC,2020,CROP_FLW,4.56
MRT_ANWC,2020,PDR,0.57
MRT_ANWC,2020,WHT,6.602
MRT_ANWC,2020,GRO,0.725
MRT_ANWC,2020,OSD,0.655
MRT_ANWC,2020,OTH_A,0.665
MRT_ANWC,2020,CEREAL,0.861
MRT_ANWC,2030,CROP_FLW,4.238
MRT_ANWC,2030,PDR,0.674
MRT_ANWC,2030,WHT,6.602
MRT_ANWC,2030,GRO,0.753
MRT_ANWC,2030,OSD,0.674
MRT_ANWC,2030,OTH_A,0.725
MRT_ANWC,2030,CEREAL,0.93
MRT_ANWC,2040,CROP_FLW,4.286
MRT_ANWC,2040,PDR,0.793
MRT_ANWC,2040,WHT,6.602
MRT_ANWC,2040,GRO,0.76
MRT_ANWC,2040,OSD,0.669
MRT_ANWC,2040,OTH_A,0.746
MRT_ANWC,2040,CEREAL,1.017
MRT_ANWC,2050,CROP_FLW,4.885
MRT_ANWC,2050,PDR,0.873
MRT_ANWC,2050,WHT,6.602
MRT_ANWC,2050,GRO,0.776
MRT_ANWC,2050,OSD,0.658
MRT_ANWC,2050,OTH_A,0.747
MRT_ANWC,2050,CEREAL,1.061
MRT_ANWC,2060,CROP_FLW,4.776
MRT_ANWC,2060,PDR,0.888
MRT_ANWC,2060,WHT,6.602
MRT_ANWC,2060,GRO,0.809
MRT_ANWC,2060,OSD,0.638
MRT_ANWC,2060,OTH_A,0.77
MRT_ANWC,2060,CEREAL,1.086
MRT_ANWC,2070,CROP_FLW,5.102
MRT_ANWC,2070,PDR,0.956
MRT_ANWC,2070,WHT,6.487
MRT_ANWC,2070,GRO,0.931
MRT_ANWC,2070,OSD,0.656
MRT_ANWC,2070,OTH_A,0.813
MRT_ANWC,2070,CEREAL,1.185
MRT_ANWC,2080,CROP_FLW,5.062
MRT_ANWC,2080,PDR,1.057
MRT_ANWC,2080,WHT,6.146
MRT_ANWC,2080,GRO,1.118
MRT_ANWC,2080,OSD,0.702
MRT_ANWC,2080,OTH_A,0.864
MRT_ANWC,2080,CEREAL,1.322
MRT_ANWC,2090,CROP_FLW,5.29
MRT_ANWC,2090,PDR,1.035
MRT_ANWC,2090,WHT,6.226
MRT_ANWC,2090,GRO,1.168
MRT_ANWC,2090,OSD,0.714
MRT_ANWC,2090,OTH_A,0.923
MRT_ANWC,2090,CEREAL,1.299
MRT_ANWC,2100,CROP_FLW,5.454
MRT_ANWC,2100,PDR,0.941
MRT_ANWC,2100,WHT,6.296
MRT_ANWC,2100,GRO,1.131
MRT_ANWC,2100,OSD,0.554
MRT_ANWC,2100,OTH_A,0.953
MRT_ANWC,2100,CEREAL,1.19
MRT_SENE,2005,CROP_FLW,5.606
MRT_SENE,2005,PDR,1.821
MRT_SENE,2005,WHT,4.047
MRT_SENE,2005,GRO,1.147
MRT_SENE,2005,OSD,0.743
MRT_SENE,2005,OTH_A,0.905
MRT_SENE,2005,CEREAL,1.202
MRT_SENE,2010,CROP_FLW,5.615
MRT_SENE,2010,PDR,1.764
MRT_SENE,2010,WHT,10.79
MRT_SENE,2010,GRO,1.072
MRT_SENE,2010,OSD,0.834
MRT_SENE,2010,OTH_A,0.995
MRT_SENE,2010,CEREAL,1.157
MRT_SENE,2020,CROP_FLW,5.772
MRT_SENE,2020,PDR,0.951
MRT_SENE,2020,WHT,13.31
MRT_SENE,2020,GRO,1.225
MRT_SENE,2020,OSD,0.764
MRT_SENE,2020,OTH_A,1.016
MRT_SENE,2020,CEREAL,1.327
MRT_SENE,2030,CROP_FLW,5.524
MRT_SENE,2030,PDR,1.062
MRT_SENE,2030,WHT,13.31
MRT_SENE,2030,GRO,1.303
MRT_SENE,2030,OSD,0.865
MRT_SENE,2030,OTH_A,1.115
MRT_SENE,2030,CEREAL,1.42
MRT_SENE,2040,CROP_FLW,5.641
MRT_SENE,2040,PDR,1.023
MRT_SENE,2040,WHT,13.31
MRT_SENE,2040,GRO,1.342
MRT_SENE,2040,OSD,0.855
MRT_SENE,2040,OTH_A,1.163
MRT_SENE,2040,CEREAL,1.443
MRT_SENE,2050,CROP_FLW,5.639
MRT_SENE,2050,PDR,1.06
MRT_SENE,2050,WHT,13.31
MRT_SENE,2050,GRO,1.346
MRT_SENE,2050,OSD,0.926
MRT_SENE,2050,OTH_A,1.165
MRT_SENE,2050,CEREAL,1.436
MRT_SENE,2060,CROP_FLW,5.678
MRT_SENE,2060,PDR,1.078
MRT_SENE,2060,WHT,13.31
MRT_SENE,2060,GRO,1.369
MRT_SENE,2060,OSD,0.975
MRT_SENE,2060,OTH_A,1.177
MRT_SENE,2060,CEREAL,1.465
MRT_SENE,2070,CROP_FLW,5.799
MRT_SENE,2070,PDR,1.085
MRT_SENE,2070,WHT,13.31
MRT_SENE,2070,GRO,1.457
MRT_SENE,2070,OSD,1.012
MRT_SENE,2070,OTH_A,1.203
MRT_SENE,2070,CEREAL,1.56
MRT_SENE,2080,CROP_FLW,5.92
MRT_SENE,2080,PDR,1.081
MRT_SENE,2080,WHT,13.31
MRT_SENE,2080,GRO,1.527
MRT_SENE,2080,OSD,1.039
MRT_SENE,2080,OTH_A,1.268
MRT_SENE,2080,CEREAL,1.684
MRT_SENE,2090,CROP_FLW,5.875
MRT_SENE,2090,PDR,1.08
MRT_SENE,2090,WHT,13.31
MRT_SENE,2090,GRO,1.56
MRT_SENE,2090,OSD,1.043
MRT_SENE,2090,OTH_A,1.363
MRT_SENE,2090,CEREAL,1.743
MRT_SENE,2100,CROP_FLW,5.61
MRT_SENE,2100,PDR,1.162
MRT_SENE,2100,WHT,12.83
MRT_SENE,2100,GRO,1.517
MRT_SENE,2100,OSD,1.054
MRT_SENE,2100,OTH_A,1.427
MRT_SENE,2100,CEREAL,1.804
MWI_AECC,2005,CROP_FLW,6.781
MWI_AECC,2005,PDR,1.924
MWI_AECC,2005,GRO,1.215
MWI_AECC,2005,OSD,0.794
MWI_AECC,2005,C_B,64.737
MWI_AECC,2005,OTH_A,0.99
MWI_AECC,2005,CEREAL,1.234
MWI_AECC,2010,CROP_FLW,6.777
MWI_AECC,2010,PDR,2.002
MWI_AECC,2010,GRO,1.294
MWI_AECC,2010,OSD,0.795
MWI_AECC,2010,C_B,61.775
MWI_AECC,2010,OTH_A,1.039
MWI_AECC,2010,CEREAL,1.314
MWI_AECC,2020,CROP_FLW,6.308
MWI_AECC,2020,PDR,2.041
MWI_AECC,2020,GRO,1.32
MWI_AECC,2020,OSD,0.886
MWI_AECC,2020,C_B,56.313
MWI_AECC,2020,OTH_A,1.053
MWI_AECC,2020,CEREAL,1.343
MWI_AECC,2030,CROP_FLW,6.122
MWI_AECC,2030,PDR,2.077
MWI_AECC,2030,GRO,1.328
MWI_AECC,2030,OSD,0.893
MWI_AECC,2030,C_B,53.755
MWI_AECC,2030,OTH_A,1.07
MWI_AECC,2030,CEREAL,1.353
MWI_AECC,2040,CROP_FLW,6.103
MWI_AECC,2040,PDR,2.136
MWI_AECC,2040,GRO,1.336
MWI_AECC,2040,OSD,0.913
MWI_AECC,2040,C_B,49.553
MWI_AECC,2040,OTH_A,1.076
MWI_AECC,2040,CEREAL,1.367
MWI_AECC,2050,CROP_FLW,5.951
MWI_AECC,2050,PDR,2.177
MWI_AECC,2050,GRO,1.36
MWI_AECC,2050,OSD,0.929
MWI_AECC,2050,C_B,46.534
MWI_AECC,2050,OTH_A,1.08
MWI_AECC,2050,CEREAL,1.397
MWI_AECC,2060,CROP_FLW,5.77
MWI_AECC,2060,PDR,2.195
MWI_AECC,2060,GRO,1.42
MWI_AECC,2060,OSD,0.954
MWI_AECC,2060,C_B,44.361
MWI_AECC,2060,OTH_A,1.1
MWI_AECC,2060,CEREAL,1.461
MWI_AECC,2070,CROP_FLW,5.805
MWI_AECC,2070,PDR,2.235
MWI_AECC,2070,GRO,1.49
MWI_AECC,2070,OSD,0.976
MWI_AECC,2070,C_B,43.04
MWI_AECC,2070,OTH_A,1.146
MWI_AECC,2070,CEREAL,1.532
MWI_AECC,2080,CROP_FLW,6.305
MWI_AECC,2080,PDR,2.258
MWI_AECC,2080,GRO,1.493
MWI_AECC,2080,OSD,0.978
MWI_AECC,2080,C_B,41.638
MWI_AECC,2080,OTH_A,1.148
MWI_AECC,2080,CEREAL,1.537
MWI_AECC,2090,CROP_FLW,6.417
MWI_AECC,2090,PDR,2.299
MWI_AECC,2090,GRO,1.498
MWI_AECC,2090,OSD,0.975
MWI_AECC,2090,C_B,41.336
MWI_AECC,2090,OTH_A,1.146
MWI_AECC,2090,CEREAL,1.546
MWI_AECC,2100,CROP_FLW,6.35
MWI_AECC,2100,PDR,2.3
MWI_AECC,2100,GRO,1.515
MWI_AECC,2100,OSD,0.978
MWI_AECC,2100,C_B,40.708
MWI_AECC,2100,OTH_A,1.156
MWI_AECC,2100,CEREAL,1.565
MWI_ZAMB,2005,CROP_FLW,6.094
MWI_ZAMB,2005,PDR,1.811
MWI_ZAMB,2005,WHT,2.861
MWI_ZAMB,2005,GRO,1.166
MWI_ZAMB,2005,OSD,0.879
MWI_ZAMB,2005,C_B,62.322
MWI_ZAMB,2005,OTH_A,0.961
MWI_ZAMB,2005,CEREAL,1.184
MWI_ZAMB,2010,CROP_FLW,6.088
MWI_ZAMB,2010,PDR,2.019
MWI_ZAMB,2010,WHT,3.21
MWI_ZAMB,2010,GRO,1.231
MWI_ZAMB,2010,OSD,0.881
MWI_ZAMB,2010,C_B,61.657
MWI_ZAMB,2010,OTH_A,1.044
MWI_ZAMB,2010,CEREAL,1.253
MWI_ZAMB,2020,CROP_FLW,6.093
MWI_ZAMB,2020,PDR,2.133
MWI_ZAMB,2020,WHT,3.619
MWI_ZAMB,2020,GRO,1.258
MWI_ZAMB,2020,OSD,1.017
MWI_ZAMB,2020,C_B,60.587
MWI_ZAMB,2020,OTH_A,1.122
MWI_ZAMB,2020,CEREAL,1.285
MWI_ZAMB,2030,CROP_FLW,6.105
MWI_ZAMB,2030,PDR,2.315
MWI_ZAMB,2030,WHT,3.68
MWI_ZAMB,2030,GRO,1.305
MWI_ZAMB,2030,OSD,1.038
MWI_ZAMB,2030,C_B,59.676
MWI_ZAMB,2030,OTH_A,1.148
MWI_ZAMB,2030,CEREAL,1.338
MWI_ZAMB,2040,CROP_FLW,6.088
MWI_ZAMB,2040,PDR,2.546
MWI_ZAMB,2040,WHT,3.698
MWI_ZAMB,2040,GRO,1.345
MWI_ZAMB,2040,OSD,1.057
MWI_ZAMB,2040,C_B,58.485
MWI_ZAMB,2040,OTH_A,1.206
MWI_ZAMB,2040,CEREAL,1.39
MWI_ZAMB,2050,CROP_FLW,6.076
MWI_ZAMB,2050,PDR,2.691
MWI_ZAMB,2050,WHT,3.708
MWI_ZAMB,2050,GRO,1.362
MWI_ZAMB,2050,OSD,1.06
MWI_ZAMB,2050,C_B,57.57
MWI_ZAMB,2050,OTH_A,1.253
MWI_ZAMB,2050,CEREAL,1.418
MWI_ZAMB,2060,CROP_FLW,6.035
MWI_ZAMB,2060,PDR,2.784
MWI_ZAMB,2060,WHT,3.713
MWI_ZAMB,2060,GRO,1.374
MWI_ZAMB,2060,OSD,1.058
MWI_ZAMB,2060,C_B,56.929
MWI_ZAMB,2060,OTH_A,1.266
MWI_ZAMB,2060,CEREAL,1.443
MWI_ZAMB,2070,CROP_FLW,6.014
MWI_ZAMB,2070,PDR,2.859
MWI_ZAMB,2070,WHT,3.719
MWI_ZAMB,2070,GRO,1.387
MWI_ZAMB,2070,OSD,1.05
MWI_ZAMB,2070,C_B,56.199
MWI_ZAMB,2070,OTH_A,1.278
MWI_ZAMB,2070,CEREAL,1.469
MWI_ZAMB,2080,CROP_FLW,5.945
MWI_ZAMB,2080,PDR,2.893
MWI_ZAMB,2080,WHT,3.722
MWI_ZAMB,2080,GRO,1.396
MWI_ZAMB,2080,OSD,1.045
MWI_ZAMB,2080,C_B,55.927
MWI_ZAMB,2080,OTH_A,1.281
MWI_ZAMB,2080,CEREAL,1.487
MWI_ZAMB,2090,CROP_FLW,5.931
MWI_ZAMB,2090,PDR,2.924
MWI_ZAMB,2090,WHT,3.723
MWI_ZAMB,2090,GRO,1.401
MWI_ZAMB,2090,OSD,1.041
MWI_ZAMB,2090,C_B,55.557
MWI_ZAMB,2090,OTH_A,1.297
MWI_ZAMB,2090,CEREAL,1.5
MWI_ZAMB,2100,CROP_FLW,5.839
MWI_ZAMB,2100,PDR,2.939
MWI_ZAMB,2100,WHT,3.724
MWI_ZAMB,2100,GRO,1.394
MWI_ZAMB,2100,OSD,1.032
MWI_ZAMB,2100,C_B,55.456
MWI_ZAMB,2100,OTH_A,1.302
MWI_ZAMB,2100,CEREAL,1.504
MYS_NBCO,2005,CROP_FLW,8.249
MYS_NBCO,2005,PDR,3.703
MYS_NBCO,2005,GRO,3.16
MYS_NBCO,2005,OSD,8.72
MYS_NBCO,2005,C_B,55.725
MYS_NBCO,2005,OTH_A,2.016
MYS_NBCO,2005,CEREAL,3.688
MYS_NBCO,2010,CROP_FLW,8.199
MYS_NBCO,2010,PDR,3.85
MYS_NBCO,2010,GRO,3.628
MYS_NBCO,2010,OSD,8.731
MYS_NBCO,2010,C_B,62.814
MYS_NBCO,2010,OTH_A,2.208
MYS_NBCO,2010,CEREAL,3.79
MYS_NBCO,2020,CROP_FLW,8.245
MYS_NBCO,2020,PDR,4.178
MYS_NBCO,2020,GRO,3.648
MYS_NBCO,2020,OSD,8.897
MYS_NBCO,2020,C_B,67.696
MYS_NBCO,2020,OTH_A,2.542
MYS_NBCO,2020,CEREAL,4.028
MYS_NBCO,2030,CROP_FLW,8.322
MYS_NBCO,2030,PDR,4.221
MYS_NBCO,2030,GRO,3.647
MYS_NBCO,2030,OSD,8.93
MYS_NBCO,2030,C_B,67.949
MYS_NBCO,2030,OTH_A,2.598
MYS_NBCO,2030,CEREAL,4.048
MYS_NBCO,2040,CROP_FLW,8.325
MYS_NBCO,2040,PDR,4.248
MYS_NBCO,2040,GRO,3.647
MYS_NBCO,2040,OSD,8.965
MYS_NBCO,2040,C_B,68.221
MYS_NBCO,2040,OTH_A,2.644
MYS_NBCO,2040,CEREAL,4.064
MYS_NBCO,2050,CROP_FLW,8.554
MYS_NBCO,2050,PDR,4.301
MYS_NBCO,2050,GRO,3.655
MYS_NBCO,2050,OSD,9.005
MYS_NBCO,2050,C_B,68.71
MYS_NBCO,2050,OTH_A,2.703
MYS_NBCO,2050,CEREAL,4.098
MYS_NBCO,2060,CROP_FLW,8.27
MYS_NBCO,2060,PDR,4.378
MYS_NBCO,2060,GRO,3.676
MYS_NBCO,2060,OSD,9.137
MYS_NBCO,2060,C_B,69.191
MYS_NBCO,2060,OTH_A,2.819
MYS_NBCO,2060,CEREAL,4.155
MYS_NBCO,2070,CROP_FLW,8.271
MYS_NBCO,2070,PDR,4.478
MYS_NBCO,2070,GRO,3.698
MYS_NBCO,2070,OSD,9.278
MYS_NBCO,2070,C_B,69.885
MYS_NBCO,2070,OTH_A,2.974
MYS_NBCO,2070,CEREAL,4.233
MYS_NBCO,2080,CROP_FLW,8.39
MYS_NBCO,2080,PDR,4.54
MYS_NBCO,2080,GRO,3.705
MYS_NBCO,2080,OSD,9.321
MYS_NBCO,2080,C_B,70.038
MYS_NBCO,2080,OTH_A,3.069
MYS_NBCO,2080,CEREAL,4.278
MYS_NBCO,2090,CROP_FLW,8.464
MYS_NBCO,2090,PDR,4.565
MYS_NBCO,2090,GRO,3.708
MYS_NBCO,2090,OSD,9.357
MYS_NBCO,2090,C_B,70.294
MYS_NBCO,2090,OTH_A,3.138
MYS_NBCO,2090,CEREAL,4.299
MYS_NBCO,2100,CROP_FLW,8.492
MYS_NBCO,2100,PDR,4.58
MYS_NBCO,2100,GRO,3.711
MYS_NBCO,2100,OSD,9.389
MYS_NBCO,2100,C_B,70.577
MYS_NBCO,2100,OTH_A,3.19
MYS_NBCO,2100,CEREAL,4.314
MYS_PMAL,2005,CROP_FLW,7.662
MYS_PMAL,2005,PDR,3.823
MYS_PMAL,2005,WHT,2.246
MYS_PMAL,2005,GRO,3.305
MYS_PMAL,2005,OSD,8.588
MYS_PMAL,2005,C_B,54.651
MYS_PMAL,2005,OTH_A,1.99
MYS_PMAL,2005,CEREAL,3.441
MYS_PMAL,2010,CROP_FLW,8.197
MYS_PMAL,2010,PDR,3.934
MYS_PMAL,2010,WHT,2.246
MYS_PMAL,2010,GRO,3.797
MYS_PMAL,2010,OSD,8.606
MYS_PMAL,2010,C_B,60.835
MYS_PMAL,2010,OTH_A,2.116
MYS_PMAL,2010,CEREAL,3.489
MYS_PMAL,2020,CROP_FLW,8.306
MYS_PMAL,2020,PDR,3.952
MYS_PMAL,2020,WHT,2.63
MYS_PMAL,2020,GRO,3.907
MYS_PMAL,2020,OSD,8.896
MYS_PMAL,2020,C_B,67.073
MYS_PMAL,2020,OTH_A,2.304
MYS_PMAL,2020,CEREAL,3.566
MYS_PMAL,2030,CROP_FLW,8.53
MYS_PMAL,2030,PDR,3.973
MYS_PMAL,2030,WHT,2.638
MYS_PMAL,2030,GRO,3.91
MYS_PMAL,2030,OSD,8.923
MYS_PMAL,2030,C_B,67.353
MYS_PMAL,2030,OTH_A,2.35
MYS_PMAL,2030,CEREAL,3.575
MYS_PMAL,2040,CROP_FLW,8.631
MYS_PMAL,2040,PDR,3.977
MYS_PMAL,2040,WHT,2.67
MYS_PMAL,2040,GRO,3.909
MYS_PMAL,2040,OSD,8.942
MYS_PMAL,2040,C_B,67.559
MYS_PMAL,2040,OTH_A,2.377
MYS_PMAL,2040,CEREAL,3.599
MYS_PMAL,2050,CROP_FLW,8.64
MYS_PMAL,2050,PDR,4.011
MYS_PMAL,2050,WHT,2.754
MYS_PMAL,2050,GRO,3.931
MYS_PMAL,2050,OSD,9.019
MYS_PMAL,2050,C_B,68.042
MYS_PMAL,2050,OTH_A,2.428
MYS_PMAL,2050,CEREAL,3.656
MYS_PMAL,2060,CROP_FLW,8.549
MYS_PMAL,2060,PDR,4.052
MYS_PMAL,2060,WHT,2.835
MYS_PMAL,2060,GRO,3.95
MYS_PMAL,2060,OSD,9.132
MYS_PMAL,2060,C_B,68.538
MYS_PMAL,2060,OTH_A,2.5
MYS_PMAL,2060,CEREAL,3.713
MYS_PMAL,2070,CROP_FLW,8.574
MYS_PMAL,2070,PDR,4.103
MYS_PMAL,2070,WHT,2.889
MYS_PMAL,2070,GRO,3.979
MYS_PMAL,2070,OSD,9.28
MYS_PMAL,2070,C_B,69.257
MYS_PMAL,2070,OTH_A,2.574
MYS_PMAL,2070,CEREAL,3.757
MYS_PMAL,2080,CROP_FLW,8.874
MYS_PMAL,2080,PDR,4.11
MYS_PMAL,2080,WHT,2.907
MYS_PMAL,2080,GRO,3.977
MYS_PMAL,2080,OSD,9.3
MYS_PMAL,2080,C_B,69.395
MYS_PMAL,2080,OTH_A,2.605
MYS_PMAL,2080,CEREAL,3.757
MYS_PMAL,2090,CROP_FLW,8.789
MYS_PMAL,2090,PDR,4.118
MYS_PMAL,2090,WHT,2.91
MYS_PMAL,2090,GRO,3.971
MYS_PMAL,2090,OSD,9.338
MYS_PMAL,2090,C_B,69.424
MYS_PMAL,2090,OTH_A,2.622
MYS_PMAL,2090,CEREAL,3.758
MYS_PMAL,2100,CROP_FLW,8.727
MYS_PMAL,2100,PDR,4.123
MYS_PMAL,2100,WHT,2.915
MYS_PMAL,2100,GRO,3.988
MYS_PMAL,2100,OSD,9.372
MYS_PMAL,2100,C_B,69.456
MYS_PMAL,2100,OTH_A,2.641
MYS_PMAL,2100,CEREAL,3.758
NAM_ASII,2005,CROP_FLW,5.812
NAM_ASII,2005,WHT,2.449
NAM_ASII,2005,GRO,1.033
NAM_ASII,2005,OTH_A,0.93
NAM_ASII,2005,CEREAL,1.037
NAM_ASII,2010,CROP_FLW,5.851
NAM_ASII,2010,WHT,2.809
NAM_ASII,2010,GRO,1.042
NAM_ASII,2010,OTH_A,1.057
NAM_ASII,2010,CEREAL,1.047
NAM_ASII,2020,CROP_FLW,5.833
NAM_ASII,2020,WHT,3.369
NAM_ASII,2020,GRO,1.081
NAM_ASII,2020,OTH_A,1.217
NAM_ASII,2020,CEREAL,1.086
NAM_ASII,2030,CROP_FLW,5.746
NAM_ASII,2030,WHT,3.723
NAM_ASII,2030,GRO,1.116
NAM_ASII,2030,OTH_A,1.351
NAM_ASII,2030,CEREAL,1.121
NAM_ASII,2040,CROP_FLW,5.799
NAM_ASII,2040,WHT,4.903
NAM_ASII,2040,GRO,1.279
NAM_ASII,2040,OTH_A,1.696
NAM_ASII,2040,CEREAL,1.286
NAM_ASII,2050,CROP_FLW,6.012
NAM_ASII,2050,WHT,6.506
NAM_ASII,2050,GRO,1.419
NAM_ASII,2050,OTH_A,1.951
NAM_ASII,2050,CEREAL,1.427
NAM_ASII,2060,CROP_FLW,6.201
NAM_ASII,2060,WHT,8.036
NAM_ASII,2060,GRO,1.471
NAM_ASII,2060,OTH_A,1.963
NAM_ASII,2060,CEREAL,1.485
NAM_ASII,2070,CROP_FLW,6.305
NAM_ASII,2070,WHT,8.942
NAM_ASII,2070,GRO,1.647
NAM_ASII,2070,OTH_A,1.965
NAM_ASII,2070,CEREAL,1.669
NAM_ASII,2080,CROP_FLW,6.189
NAM_ASII,2080,WHT,9.451
NAM_ASII,2080,GRO,1.757
NAM_ASII,2080,OTH_A,1.97
NAM_ASII,2080,CEREAL,1.791
NAM_ASII,2090,CROP_FLW,5.931
NAM_ASII,2090,WHT,10.153
NAM_ASII,2090,GRO,1.859
NAM_ASII,2090,OTH_A,1.978
NAM_ASII,2090,CEREAL,1.905
NAM_ASII,2100,CROP_FLW,5.954
NAM_ASII,2100,WHT,10.916
NAM_ASII,2100,GRO,1.983
NAM_ASII,2100,OTH_A,1.988
NAM_ASII,2100,CEREAL,2.039
NAM_NAMC,2005,CROP_FLW,2.272
NAM_NAMC,2005,WHT,2.506
NAM_NAMC,2005,GRO,1.016
NAM_NAMC,2005,OTH_A,0.845
NAM_NAMC,2005,CEREAL,1.027
NAM_NAMC,2010,CROP_FLW,2.276
NAM_NAMC,2010,WHT,2.898
NAM_NAMC,2010,GRO,1.048
NAM_NAMC,2010,OTH_A,0.952
NAM_NAMC,2010,CEREAL,1.059
NAM_NAMC,2020,CROP_FLW,2.322
NAM_NAMC,2020,WHT,3.683
NAM_NAMC,2020,GRO,1.105
NAM_NAMC,2020,OTH_A,1.12
NAM_NAMC,2020,CEREAL,1.116
NAM_NAMC,2030,CROP_FLW,2.554
NAM_NAMC,2030,WHT,3.831
NAM_NAMC,2030,GRO,1.125
NAM_NAMC,2030,OTH_A,1.183
NAM_NAMC,2030,CEREAL,1.137
NAM_NAMC,2040,CROP_FLW,3.151
NAM_NAMC,2040,WHT,5.287
NAM_NAMC,2040,GRO,1.247
NAM_NAMC,2040,OTH_A,1.39
NAM_NAMC,2040,CEREAL,1.262
NAM_NAMC,2050,CROP_FLW,3.704
NAM_NAMC,2050,WHT,7.214
NAM_NAMC,2050,GRO,1.365
NAM_NAMC,2050,OTH_A,1.608
NAM_NAMC,2050,CEREAL,1.386
NAM_NAMC,2060,CROP_FLW,4.249
NAM_NAMC,2060,WHT,8.031
NAM_NAMC,2060,GRO,1.493
NAM_NAMC,2060,OTH_A,1.827
NAM_NAMC,2060,CEREAL,1.52
NAM_NAMC,2070,CROP_FLW,4.81
NAM_NAMC,2070,WHT,8.226
NAM_NAMC,2070,GRO,1.639
NAM_NAMC,2070,OTH_A,1.856
NAM_NAMC,2070,CEREAL,1.679
NAM_NAMC,2080,CROP_FLW,4.949
NAM_NAMC,2080,WHT,8.634
NAM_NAMC,2080,GRO,1.779
NAM_NAMC,2080,OTH_A,1.867
NAM_NAMC,2080,CEREAL,1.831
NAM_NAMC,2090,CROP_FLW,5.003
NAM_NAMC,2090,WHT,9.303
NAM_NAMC,2090,GRO,1.94
NAM_NAMC,2090,OTH_A,1.888
NAM_NAMC,2090,CEREAL,1.999
NAM_NAMC,2100,CROP_FLW,5.355
NAM_NAMC,2100,WHT,10.214
NAM_NAMC,2100,GRO,2.03
NAM_NAMC,2100,OTH_A,1.922
NAM_NAMC,2100,CEREAL,2.093
NAM_ORAN,2005,CROP_FLW,4.178
NAM_ORAN,2005,WHT,1.539
NAM_ORAN,2005,GRO,0.922
NAM_ORAN,2005,OTH_A,0.721
NAM_ORAN,2005,CEREAL,1.216
NAM_ORAN,2010,CROP_FLW,3.64
NAM_ORAN,2010,WHT,1.799
NAM_ORAN,2010,GRO,1.033
NAM_ORAN,2010,OTH_A,0.951
NAM_ORAN,2010,CEREAL,1.35
NAM_ORAN,2020,CROP_FLW,3.074
NAM_ORAN,2020,WHT,2.362
NAM_ORAN,2020,GRO,1.136
NAM_ORAN,2020,OTH_A,1.149
NAM_ORAN,2020,CEREAL,1.568
NAM_ORAN,2030,CROP_FLW,2.948
NAM_ORAN,2030,WHT,2.851
NAM_ORAN,2030,GRO,1.302
NAM_ORAN,2030,OTH_A,1.348
NAM_ORAN,2030,CEREAL,1.84
NAM_ORAN,2040,CROP_FLW,3.167
NAM_ORAN,2040,WHT,3.725
NAM_ORAN,2040,GRO,1.441
NAM_ORAN,2040,OTH_A,1.536
NAM_ORAN,2040,CEREAL,2.142
NAM_ORAN,2050,CROP_FLW,3.664
NAM_ORAN,2050,WHT,4.457
NAM_ORAN,2050,GRO,1.498
NAM_ORAN,2050,OTH_A,1.649
NAM_ORAN,2050,CEREAL,2.291
NAM_ORAN,2060,CROP_FLW,4.046
NAM_ORAN,2060,WHT,4.604
NAM_ORAN,2060,GRO,1.62
NAM_ORAN,2060,OTH_A,1.78
NAM_ORAN,2060,CEREAL,2.474
NAM_ORAN,2070,CROP_FLW,4.486
NAM_ORAN,2070,WHT,4.386
NAM_ORAN,2070,GRO,1.774
NAM_ORAN,2070,OTH_A,1.94
NAM_ORAN,2070,CEREAL,2.715
NAM_ORAN,2080,CROP_FLW,5.428
NAM_ORAN,2080,WHT,4.267
NAM_ORAN,2080,GRO,1.799
NAM_ORAN,2080,OTH_A,1.987
NAM_ORAN,2080,CEREAL,2.769
NAM_ORAN,2090,CROP_FLW,5.493
NAM_ORAN,2090,WHT,4.167
NAM_ORAN,2090,GRO,1.815
NAM_ORAN,2090,OTH_A,1.988
NAM_ORAN,2090,CEREAL,2.707
NAM_ORAN,2100,CROP_FLW,5.499
NAM_ORAN,2100,WHT,4.083
NAM_ORAN,2100,GRO,1.836
NAM_ORAN,2100,OTH_A,1.98
NAM_ORAN,2100,CEREAL,2.615
NER_LCHA,2005,CROP_FLW,4.682
NER_LCHA,2005,WHT,3.062
NER_LCHA,2005,GRO,1.241
NER_LCHA,2005,OSD,0.953
NER_LCHA,2005,C_B,54.309
NER_LCHA,2005,OTH_A,0.968
NER_LCHA,2005,CEREAL,1.243
NER_LCHA,2010,CROP_FLW,4.656
NER_LCHA,2010,WHT,5.111
NER_LCHA,2010,GRO,1.252
NER_LCHA,2010,OSD,0.473
NER_LCHA,2010,C_B,56.495
NER_LCHA,2010,OTH_A,0.841
NER_LCHA,2010,CEREAL,1.254
NER_LCHA,2020,CROP_FLW,4.179
NER_LCHA,2020,WHT,4.497
NER_LCHA,2020,GRO,1.236
NER_LCHA,2020,OSD,0.469
NER_LCHA,2020,C_B,71.497
NER_LCHA,2020,OTH_A,0.718
NER_LCHA,2020,CEREAL,1.239
NER_LCHA,2030,CROP_FLW,3.927
NER_LCHA,2030,WHT,4.38
NER_LCHA,2030,GRO,1.293
NER_LCHA,2030,OSD,0.5
NER_LCHA,2030,C_B,76.695
NER_LCHA,2030,OTH_A,0.73
NER_LCHA,2030,CEREAL,1.296
NER_LCHA,2040,CROP_FLW,3.661
NER_LCHA,2040,WHT,4.395
NER_LCHA,2040,GRO,1.342
NER_LCHA,2040,OSD,0.511
NER_LCHA,2040,C_B,76.779
NER_LCHA,2040,OTH_A,0.647
NER_LCHA,2040,CEREAL,1.345
NER_LCHA,2050,CROP_FLW,3.564
NER_LCHA,2050,WHT,4.378
NER_LCHA,2050,GRO,1.392
NER_LCHA,2050,OSD,0.543
NER_LCHA,2050,C_B,77.131
NER_LCHA,2050,OTH_A,0.641
NER_LCHA,2050,CEREAL,1.395
NER_LCHA,2060,CROP_FLW,3.754
NER_LCHA,2060,WHT,4.318
NER_LCHA,2060,GRO,1.409
NER_LCHA,2060,OSD,0.579
NER_LCHA,2060,C_B,78.522
NER_LCHA,2060,OTH_A,0.645
NER_LCHA,2060,CEREAL,1.412
NER_LCHA,2070,CROP_FLW,4.119
NER_LCHA,2070,WHT,4.211
NER_LCHA,2070,GRO,1.422
NER_LCHA,2070,OSD,0.607
NER_LCHA,2070,C_B,80.291
NER_LCHA,2070,OTH_A,0.661
NER_LCHA,2070,CEREAL,1.426
NER_LCHA,2080,CROP_FLW,3.489
NER_LCHA,2080,WHT,4.159
NER_LCHA,2080,GRO,1.513
NER_LCHA,2080,OSD,0.709
NER_LCHA,2080,C_B,86.613
NER_LCHA,2080,OTH_A,0.691
NER_LCHA,2080,CEREAL,1.518
NER_LCHA,2090,CROP_FLW,2.83
NER_LCHA,2090,WHT,3.861
NER_LCHA,2090,GRO,1.571
NER_LCHA,2090,OSD,1.0
NER_LCHA,2090,C_B,93.412
NER_LCHA,2090,OTH_A,0.796
NER_LCHA,2090,CEREAL,1.577
NER_LCHA,2100,CROP_FLW,3.326
NER_LCHA,2100,WHT,3.779
NER_LCHA,2100,GRO,1.639
NER_LCHA,2100,OSD,1.058
NER_LCHA,2100,C_B,94.567
NER_LCHA,2100,OTH_A,0.917
NER_LCHA,2100,CEREAL,1.649
NER_NIGE,2005,CROP_FLW,4.716
NER_NIGE,2005,PDR,2.136
NER_NIGE,2005,WHT,2.144
NER_NIGE,2005,GRO,1.107
NER_NIGE,2005,OSD,0.942
NER_NIGE,2005,C_B,49.988
NER_NIGE,2005,OTH_A,0.899
NER_NIGE,2005,CEREAL,1.111
NER_NIGE,2010,CROP_FLW,4.694
NER_NIGE,2010,PDR,3.162
NER_NIGE,2010,WHT,3.644
NER_NIGE,2010,GRO,1.126
NER_NIGE,2010,OSD,1.015
NER_NIGE,2010,C_B,52.293
NER_NIGE,2010,OTH_A,0.969
NER_NIGE,2010,CEREAL,1.138
NER_NIGE,2020,CROP_FLW,4.68
NER_NIGE,2020,PDR,3.792
NER_NIGE,2020,WHT,3.814
NER_NIGE,2020,GRO,1.168
NER_NIGE,2020,OSD,1.019
NER_NIGE,2020,C_B,71.636
NER_NIGE,2020,OTH_A,1.025
NER_NIGE,2020,CEREAL,1.181
NER_NIGE,2030,CROP_FLW,4.677
NER_NIGE,2030,PDR,3.876
NER_NIGE,2030,WHT,3.876
NER_NIGE,2030,GRO,1.183
NER_NIGE,2030,OSD,1.041
NER_NIGE,2030,C_B,74.504
NER_NIGE,2030,OTH_A,1.062
NER_NIGE,2030,CEREAL,1.197
NER_NIGE,2040,CROP_FLW,4.627
NER_NIGE,2040,PDR,3.935
NER_NIGE,2040,WHT,4.012
NER_NIGE,2040,GRO,1.213
NER_NIGE,2040,OSD,1.071
NER_NIGE,2040,C_B,74.706
NER_NIGE,2040,OTH_A,1.064
NER_NIGE,2040,CEREAL,1.229
NER_NIGE,2050,CROP_FLW,4.643
NER_NIGE,2050,PDR,4.067
NER_NIGE,2050,WHT,4.039
NER_NIGE,2050,GRO,1.227
NER_NIGE,2050,OSD,1.081
NER_NIGE,2050,C_B,75.633
NER_NIGE,2050,OTH_A,1.062
NER_NIGE,2050,CEREAL,1.248
NER_NIGE,2060,CROP_FLW,4.625
NER_NIGE,2060,PDR,4.182
NER_NIGE,2060,WHT,4.035
NER_NIGE,2060,GRO,1.232
NER_NIGE,2060,OSD,1.087
NER_NIGE,2060,C_B,77.73
NER_NIGE,2060,OTH_A,1.063
NER_NIGE,2060,CEREAL,1.262
NER_NIGE,2070,CROP_FLW,4.69
NER_NIGE,2070,PDR,4.248
NER_NIGE,2070,WHT,4.022
NER_NIGE,2070,GRO,1.241
NER_NIGE,2070,OSD,1.09
NER_NIGE,2070,C_B,79.418
NER_NIGE,2070,OTH_A,1.064
NER_NIGE,2070,CEREAL,1.279
NER_NIGE,2080,CROP_FLW,4.672
NER_NIGE,2080,PDR,4.576
NER_NIGE,2080,WHT,3.99
NER_NIGE,2080,GRO,1.26
NER_NIGE,2080,OSD,1.11
NER_NIGE,2080,C_B,83.134
NER_NIGE,2080,OTH_A,1.066
NER_NIGE,2080,CEREAL,1.301
NER_NIGE,2090,CROP_FLW,4.815
NER_NIGE,2090,PDR,4.597
NER_NIGE,2090,WHT,4.295
NER_NIGE,2090,GRO,1.293
NER_NIGE,2090,OSD,1.143
NER_NIGE,2090,C_B,96.051
NER_NIGE,2090,OTH_A,1.083
NER_NIGE,2090,CEREAL,1.327
NER_NIGE,2100,CROP_FLW,4.828
NER_NIGE,2100,PDR,4.599
NER_NIGE,2100,WHT,4.528
NER_NIGE,2100,GRO,1.329
NER_NIGE,2100,OSD,1.161
NER_NIGE,2100,C_B,98.642
NER_NIGE,2100,OTH_A,1.095
NER_NIGE,2100,CEREAL,1.377
NGA_AFWC,2005,CROP_FLW,4.381
NGA_AFWC,2005,PDR,1.691
NGA_AFWC,2005,WHT,2.169
NGA_AFWC,2005,GRO,1.05
NGA_AFWC,2005,OSD,0.883
NGA_AFWC,2005,C_B,50.29
NGA_AFWC,2005,OTH_A,0.894
NGA_AFWC,2005,CEREAL,1.13
NGA_AFWC,2010,CROP_FLW,4.381
NGA_AFWC,2010,PDR,1.758
NGA_AFWC,2010,WHT,2.847
NGA_AFWC,2010,GRO,1.19
NGA_AFWC,2010,OSD,0.89
NGA_AFWC,2010,C_B,61.129
NGA_AFWC,2010,OTH_A,0.958
NGA_AFWC,2010,CEREAL,1.265
NGA_AFWC,2020,CROP_FLW,4.446
NGA_AFWC,2020,PDR,1.93
NGA_AFWC,2020,WHT,3.927
NGA_AFWC,2020,GRO,1.446
NGA_AFWC,2020,OSD,0.907
NGA_AFWC,2020,C_B,87.98
NGA_AFWC,2020,OTH_A,1.143
NGA_AFWC,2020,CEREAL,1.504
NGA_AFWC,2030,CROP_FLW,4.444
NGA_AFWC,2030,PDR,2.017
NGA_AFWC,2030,WHT,3.957
NGA_AFWC,2030,GRO,1.475
NGA_AFWC,2030,OSD,0.909
NGA_AFWC,2030,C_B,95.625
NGA_AFWC,2030,OTH_A,1.191
NGA_AFWC,2030,CEREAL,1.548
NGA_AFWC,2040,CROP_FLW,4.35
NGA_AFWC,2040,PDR,2.035
NGA_AFWC,2040,WHT,4.045
NGA_AFWC,2040,GRO,1.579
NGA_AFWC,2040,OSD,0.931
NGA_AFWC,2040,C_B,102.478
NGA_AFWC,2040,OTH_A,1.287
NGA_AFWC,2040,CEREAL,1.649
NGA_AFWC,2050,CROP_FLW,4.588
NGA_AFWC,2050,PDR,2.242
NGA_AFWC,2050,WHT,4.147
NGA_AFWC,2050,GRO,1.806
NGA_AFWC,2050,OSD,0.952
NGA_AFWC,2050,C_B,103.357
NGA_AFWC,2050,OTH_A,1.41
NGA_AFWC,2050,CEREAL,1.881
NGA_AFWC,2060,CROP_FLW,4.7
NGA_AFWC,2060,PDR,2.587
NGA_AFWC,2060,WHT,4.299
NGA_AFWC,2060,GRO,2.029
NGA_AFWC,2060,OSD,0.965
NGA_AFWC,2060,C_B,127.746
NGA_AFWC,2060,OTH_A,1.451
NGA_AFWC,2060,CEREAL,2.128
NGA_AFWC,2070,CROP_FLW,4.736
NGA_AFWC,2070,PDR,2.62
NGA_AFWC,2070,WHT,4.745
NGA_AFWC,2070,GRO,2.121
NGA_AFWC,2070,OSD,0.988
NGA_AFWC,2070,C_B,139.261
NGA_AFWC,2070,OTH_A,1.481
NGA_AFWC,2070,CEREAL,2.224
NGA_AFWC,2080,CROP_FLW,4.815
NGA_AFWC,2080,PDR,2.586
NGA_AFWC,2080,WHT,4.75
NGA_AFWC,2080,GRO,2.164
NGA_AFWC,2080,OSD,1.005
NGA_AFWC,2080,C_B,139.261
NGA_AFWC,2080,OTH_A,1.484
NGA_AFWC,2080,CEREAL,2.274
NGA_AFWC,2090,CROP_FLW,4.762
NGA_AFWC,2090,PDR,2.604
NGA_AFWC,2090,WHT,4.756
NGA_AFWC,2090,GRO,2.266
NGA_AFWC,2090,OSD,1.023
NGA_AFWC,2090,C_B,139.261
NGA_AFWC,2090,OTH_A,1.497
NGA_AFWC,2090,CEREAL,2.376
NGA_AFWC,2100,CROP_FLW,4.717
NGA_AFWC,2100,PDR,2.614
NGA_AFWC,2100,WHT,4.759
NGA_AFWC,2100,GRO,2.269
NGA_AFWC,2100,OSD,1.041
NGA_AFWC,2100,C_B,139.261
NGA_AFWC,2100,OTH_A,1.512
NGA_AFWC,2100,CEREAL,2.405
NGA_GFGU,2005,CROP_FLW,4.06
NGA_GFGU,2005,PDR,1.719
NGA_GFGU,2005,WHT,2.647
NGA_GFGU,2005,GRO,1.034
NGA_GFGU,2005,OSD,0.904
NGA_GFGU,2005,C_B,79.079
NGA_GFGU,2005,OTH_A,0.864
NGA_GFGU,2005,CEREAL,1.323
NGA_GFGU,2010,CROP_FLW,4.06
NGA_GFGU,2010,PDR,1.819
NGA_GFGU,2010,WHT,3.888
NGA_GFGU,2010,GRO,1.099
NGA_GFGU,2010,OSD,0.908
NGA_GFGU,2010,C_B,93.355
NGA_GFGU,2010,OTH_A,0.889
NGA_GFGU,2010,CEREAL,1.402
NGA_GFGU,2020,CROP_FLW,4.121
NGA_GFGU,2020,PDR,1.968
NGA_GFGU,2020,WHT,4.57
NGA_GFGU,2020,GRO,1.221
NGA_GFGU,2020,OSD,0.916
NGA_GFGU,2020,C_B,129.417
NGA_GFGU,2020,OTH_A,0.97
NGA_GFGU,2020,CEREAL,1.5
NGA_GFGU,2030,CROP_FLW,4.106
NGA_GFGU,2030,PDR,2.016
NGA_GFGU,2030,WHT,4.687
NGA_GFGU,2030,GRO,1.257
NGA_GFGU,2030,OSD,0.916
NGA_GFGU,2030,C_B,139.369
NGA_GFGU,2030,OTH_A,0.992
NGA_GFGU,2030,CEREAL,1.577
NGA_GFGU,2040,CROP_FLW,4.14
NGA_GFGU,2040,PDR,2.036
NGA_GFGU,2040,WHT,4.812
NGA_GFGU,2040,GRO,1.314
NGA_GFGU,2040,OSD,0.922
NGA_GFGU,2040,C_B,143.533
NGA_GFGU,2040,OTH_A,1.05
NGA_GFGU,2040,CEREAL,1.634
NGA_GFGU,2050,CROP_FLW,4.183
NGA_GFGU,2050,PDR,2.181
NGA_GFGU,2050,WHT,4.856
NGA_GFGU,2050,GRO,1.392
NGA_GFGU,2050,OSD,0.926
NGA_GFGU,2050,C_B,147.927
NGA_GFGU,2050,OTH_A,1.153
NGA_GFGU,2050,CEREAL,1.748
NGA_GFGU,2060,CROP_FLW,4.154
NGA_GFGU,2060,PDR,2.407
NGA_GFGU,2060,WHT,4.994
NGA_GFGU,2060,GRO,1.466
NGA_GFGU,2060,OSD,0.924
NGA_GFGU,2060,C_B,163.966
NGA_GFGU,2060,OTH_A,1.256
NGA_GFGU,2060,CEREAL,1.892
NGA_GFGU,2070,CROP_FLW,4.172
NGA_GFGU,2070,PDR,2.782
NGA_GFGU,2070,WHT,5.491
NGA_GFGU,2070,GRO,1.562
NGA_GFGU,2070,OSD,0.93
NGA_GFGU,2070,C_B,166.281
NGA_GFGU,2070,OTH_A,1.37
NGA_GFGU,2070,CEREAL,2.102
NGA_GFGU,2080,CROP_FLW,4.419
NGA_GFGU,2080,PDR,2.909
NGA_GFGU,2080,WHT,5.815
NGA_GFGU,2080,GRO,1.668
NGA_GFGU,2080,OSD,0.933
NGA_GFGU,2080,C_B,166.281
NGA_GFGU,2080,OTH_A,1.546
NGA_GFGU,2080,CEREAL,2.227
NGA_GFGU,2090,CROP_FLW,4.391
NGA_GFGU,2090,PDR,3.041
NGA_GFGU,2090,WHT,6.329
NGA_GFGU,2090,GRO,1.712
NGA_GFGU,2090,OSD,0.938
NGA_GFGU,2090,C_B,166.281
NGA_GFGU,2090,OTH_A,1.601
NGA_GFGU,2090,CEREAL,2.321
NGA_GFGU,2100,CROP_FLW,4.361
NGA_GFGU,2100,PDR,3.123
NGA_GFGU,2100,WHT,6.623
NGA_GFGU,2100,GRO,1.712
NGA_GFGU,2100,OSD,0.943
NGA_GFGU,2100,C_B,166.264
NGA_GFGU,2100,OTH_A,1.602
NGA_GFGU,2100,CEREAL,2.388
NGA_LCHA,2005,CROP_FLW,4.393
NGA_LCHA,2005,PDR,1.582
NGA_LCHA,2005,WHT,2.333
NGA_LCHA,2005,GRO,0.892
NGA_LCHA,2005,OSD,0.892
NGA_LCHA,2005,C_B,52.973
NGA_LCHA,2005,OTH_A,0.672
NGA_LCHA,2005,CEREAL,0.915
NGA_LCHA,2010,CROP_FLW,4.324
NGA_LCHA,2010,PDR,1.703
NGA_LCHA,2010,WHT,3.58
NGA_LCHA,2010,GRO,0.911
NGA_LCHA,2010,OSD,0.907
NGA_LCHA,2010,C_B,61.433
NGA_LCHA,2010,OTH_A,0.707
NGA_LCHA,2010,CEREAL,0.944
NGA_LCHA,2020,CROP_FLW,4.239
NGA_LCHA,2020,PDR,2.058
NGA_LCHA,2020,WHT,4.338
NGA_LCHA,2020,GRO,0.964
NGA_LCHA,2020,OSD,0.923
NGA_LCHA,2020,C_B,81.958
NGA_LCHA,2020,OTH_A,0.727
NGA_LCHA,2020,CEREAL,1.018
NGA_LCHA,2030,CROP_FLW,4.219
NGA_LCHA,2030,PDR,2.209
NGA_LCHA,2030,WHT,4.461
NGA_LCHA,2030,GRO,0.986
NGA_LCHA,2030,OSD,0.928
NGA_LCHA,2030,C_B,86.641
NGA_LCHA,2030,OTH_A,0.744
NGA_LCHA,2030,CEREAL,1.055
NGA_LCHA,2040,CROP_FLW,4.345
NGA_LCHA,2040,PDR,2.209
NGA_LCHA,2040,WHT,4.745
NGA_LCHA,2040,GRO,1.049
NGA_LCHA,2040,OSD,0.954
NGA_LCHA,2040,C_B,91.038
NGA_LCHA,2040,OTH_A,0.79
NGA_LCHA,2040,CEREAL,1.127
NGA_LCHA,2050,CROP_FLW,4.461
NGA_LCHA,2050,PDR,2.231
NGA_LCHA,2050,WHT,5.534
NGA_LCHA,2050,GRO,1.11
NGA_LCHA,2050,OSD,0.973
NGA_LCHA,2050,C_B,96.014
NGA_LCHA,2050,OTH_A,0.821
NGA_LCHA,2050,CEREAL,1.204
NGA_LCHA,2060,CROP_FLW,4.507
NGA_LCHA,2060,PDR,2.258
NGA_LCHA,2060,WHT,6.21
NGA_LCHA,2060,GRO,1.166
NGA_LCHA,2060,OSD,0.978
NGA_LCHA,2060,C_B,100.316
NGA_LCHA,2060,OTH_A,0.835
NGA_LCHA,2060,CEREAL,1.281
NGA_LCHA,2070,CROP_FLW,4.546
NGA_LCHA,2070,PDR,2.26
NGA_LCHA,2070,WHT,6.239
NGA_LCHA,2070,GRO,1.207
NGA_LCHA,2070,OSD,0.991
NGA_LCHA,2070,C_B,103.302
NGA_LCHA,2070,OTH_A,0.859
NGA_LCHA,2070,CEREAL,1.346
NGA_LCHA,2080,CROP_FLW,4.525
NGA_LCHA,2080,PDR,2.321
NGA_LCHA,2080,WHT,6.366
NGA_LCHA,2080,GRO,1.259
NGA_LCHA,2080,OSD,0.988
NGA_LCHA,2080,C_B,99.945
NGA_LCHA,2080,OTH_A,0.902
NGA_LCHA,2080,CEREAL,1.422
NGA_LCHA,2090,CROP_FLW,4.551
NGA_LCHA,2090,PDR,2.302
NGA_LCHA,2090,WHT,6.469
NGA_LCHA,2090,GRO,1.314
NGA_LCHA,2090,OSD,0.988
NGA_LCHA,2090,C_B,97.0
NGA_LCHA,2090,OTH_A,0.951
NGA_LCHA,2090,CEREAL,1.498
NGA_LCHA,2100,CROP_FLW,4.529
NGA_LCHA,2100,PDR,2.312
NGA_LCHA,2100,WHT,6.229
NGA_LCHA,2100,GRO,1.363
NGA_LCHA,2100,OSD,0.988
NGA_LCHA,2100,C_B,95.226
NGA_LCHA,2100,OTH_A,0.985
NGA_LCHA,2100,CEREAL,1.58
NGA_NIGE,2005,CROP_FLW,4.682
NGA_NIGE,2005,PDR,1.772
NGA_NIGE,2005,WHT,2.434
NGA_NIGE,2005,GRO,0.958
NGA_NIGE,2005,OSD,0.901
NGA_NIGE,2005,C_B,66.015
NGA_NIGE,2005,OTH_A,0.956
NGA_NIGE,2005,CEREAL,1.056
NGA_NIGE,2010,CROP_FLW,4.673
NGA_NIGE,2010,PDR,1.86
NGA_NIGE,2010,WHT,3.587
NGA_NIGE,2010,GRO,0.964
NGA_NIGE,2010,OSD,0.903
NGA_NIGE,2010,C_B,84.232
NGA_NIGE,2010,OTH_A,0.973
NGA_NIGE,2010,CEREAL,1.08
NGA_NIGE,2020,CROP_FLW,4.617
NGA_NIGE,2020,PDR,2.224
NGA_NIGE,2020,WHT,4.993
NGA_NIGE,2020,GRO,1.049
NGA_NIGE,2020,OSD,0.923
NGA_NIGE,2020,C_B,136.882
NGA_NIGE,2020,OTH_A,1.03
NGA_NIGE,2020,CEREAL,1.218
NGA_NIGE,2030,CROP_FLW,4.569
NGA_NIGE,2030,PDR,2.292
NGA_NIGE,2030,WHT,5.058
NGA_NIGE,2030,GRO,1.085
NGA_NIGE,2030,OSD,0.929
NGA_NIGE,2030,C_B,145.596
NGA_NIGE,2030,OTH_A,1.074
NGA_NIGE,2030,CEREAL,1.282
NGA_NIGE,2040,CROP_FLW,4.61
NGA_NIGE,2040,PDR,2.514
NGA_NIGE,2040,WHT,5.14
NGA_NIGE,2040,GRO,1.209
NGA_NIGE,2040,OSD,0.944
NGA_NIGE,2040,C_B,148.028
NGA_NIGE,2040,OTH_A,1.196
NGA_NIGE,2040,CEREAL,1.441
NGA_NIGE,2050,CROP_FLW,4.698
NGA_NIGE,2050,PDR,2.874
NGA_NIGE,2050,WHT,5.354
NGA_NIGE,2050,GRO,1.369
NGA_NIGE,2050,OSD,0.934
NGA_NIGE,2050,C_B,154.004
NGA_NIGE,2050,OTH_A,1.255
NGA_NIGE,2050,CEREAL,1.656
NGA_NIGE,2060,CROP_FLW,4.69
NGA_NIGE,2060,PDR,3.236
NGA_NIGE,2060,WHT,5.487
NGA_NIGE,2060,GRO,1.571
NGA_NIGE,2060,OSD,0.93
NGA_NIGE,2060,C_B,164.38
NGA_NIGE,2060,OTH_A,1.31
NGA_NIGE,2060,CEREAL,1.909
NGA_NIGE,2070,CROP_FLW,4.804
NGA_NIGE,2070,PDR,3.658
NGA_NIGE,2070,WHT,5.498
NGA_NIGE,2070,GRO,1.801
NGA_NIGE,2070,OSD,0.933
NGA_NIGE,2070,C_B,182.815
NGA_NIGE,2070,OTH_A,1.366
NGA_NIGE,2070,CEREAL,2.178
NGA_NIGE,2080,CROP_FLW,4.935
NGA_NIGE,2080,PDR,3.933
NGA_NIGE,2080,WHT,5.512
NGA_NIGE,2080,GRO,1.98
NGA_NIGE,2080,OSD,0.934
NGA_NIGE,2080,C_B,194.704
NGA_NIGE,2080,OTH_A,1.408
NGA_NIGE,2080,CEREAL,2.378
NGA_NIGE,2090,CROP_FLW,4.946
NGA_NIGE,2090,PDR,4.107
NGA_NIGE,2090,WHT,5.557
NGA_NIGE,2090,GRO,2.079
NGA_NIGE,2090,OSD,0.952
NGA_NIGE,2090,C_B,207.052
NGA_NIGE,2090,OTH_A,1.453
NGA_NIGE,2090,CEREAL,2.5
NGA_NIGE,2100,CROP_FLW,4.949
NGA_NIGE,2100,PDR,4.243
NGA_NIGE,2100,WHT,5.873
NGA_NIGE,2100,GRO,2.156
NGA_NIGE,2100,OSD,0.972
NGA_NIGE,2100,C_B,217.96
NGA_NIGE,2100,OTH_A,1.475
NGA_NIGE,2100,CEREAL,2.603
NIC_SCAM,2005,CROP_FLW,7.591
NIC_SCAM,2005,PDR,4.494
NIC_SCAM,2005,WHT,4.014
NIC_SCAM,2005,GRO,3.37
NIC_SCAM,2005,OSD,4.007
NIC_SCAM,2005,C_B,64.803
NIC_SCAM,2005,OTH_A,3.275
NIC_SCAM,2005,CEREAL,3.563
NIC_SCAM,2010,CROP_FLW,7.612
NIC_SCAM,2010,PDR,4.528
NIC_SCAM,2010,WHT,4.014
NIC_SCAM,2010,GRO,3.489
NIC_SCAM,2010,OSD,4.161
NIC_SCAM,2010,C_B,74.294
NIC_SCAM,2010,OTH_A,3.379
NIC_SCAM,2010,CEREAL,3.68
NIC_SCAM,2020,CROP_FLW,7.609
NIC_SCAM,2020,PDR,4.899
NIC_SCAM,2020,WHT,4.066
NIC_SCAM,2020,GRO,3.507
NIC_SCAM,2020,OSD,4.606
NIC_SCAM,2020,C_B,81.165
NIC_SCAM,2020,OTH_A,3.529
NIC_SCAM,2020,CEREAL,3.697
NIC_SCAM,2030,CROP_FLW,7.611
NIC_SCAM,2030,PDR,5.771
NIC_SCAM,2030,WHT,4.124
NIC_SCAM,2030,GRO,3.689
NIC_SCAM,2030,OSD,4.7
NIC_SCAM,2030,C_B,83.511
NIC_SCAM,2030,OTH_A,3.632
NIC_SCAM,2030,CEREAL,3.971
NIC_SCAM,2040,CROP_FLW,7.61
NIC_SCAM,2040,PDR,6.532
NIC_SCAM,2040,WHT,4.153
NIC_SCAM,2040,GRO,3.68
NIC_SCAM,2040,OSD,4.812
NIC_SCAM,2040,C_B,86.044
NIC_SCAM,2040,OTH_A,3.71
NIC_SCAM,2040,CEREAL,4.089
NIC_SCAM,2050,CROP_FLW,7.612
NIC_SCAM,2050,PDR,6.938
NIC_SCAM,2050,WHT,4.174
NIC_SCAM,2050,GRO,3.676
NIC_SCAM,2050,OSD,4.854
NIC_SCAM,2050,C_B,87.361
NIC_SCAM,2050,OTH_A,3.788
NIC_SCAM,2050,CEREAL,4.149
NIC_SCAM,2060,CROP_FLW,7.632
NIC_SCAM,2060,PDR,7.065
NIC_SCAM,2060,WHT,4.204
NIC_SCAM,2060,GRO,3.675
NIC_SCAM,2060,OSD,4.92
NIC_SCAM,2060,C_B,89.208
NIC_SCAM,2060,OTH_A,3.865
NIC_SCAM,2060,CEREAL,4.193
NIC_SCAM,2070,CROP_FLW,7.645
NIC_SCAM,2070,PDR,7.105
NIC_SCAM,2070,WHT,4.086
NIC_SCAM,2070,GRO,3.697
NIC_SCAM,2070,OSD,4.971
NIC_SCAM,2070,C_B,91.202
NIC_SCAM,2070,OTH_A,3.899
NIC_SCAM,2070,CEREAL,4.24
NIC_SCAM,2080,CROP_FLW,7.651
NIC_SCAM,2080,PDR,7.136
NIC_SCAM,2080,WHT,3.967
NIC_SCAM,2080,GRO,3.744
NIC_SCAM,2080,OSD,4.993
NIC_SCAM,2080,C_B,92.907
NIC_SCAM,2080,OTH_A,3.922
NIC_SCAM,2080,CEREAL,4.301
NIC_SCAM,2090,CROP_FLW,7.656
NIC_SCAM,2090,PDR,7.152
NIC_SCAM,2090,WHT,3.926
NIC_SCAM,2090,GRO,3.723
NIC_SCAM,2090,OSD,5.066
NIC_SCAM,2090,C_B,94.261
NIC_SCAM,2090,OTH_A,3.914
NIC_SCAM,2090,CEREAL,4.271
NIC_SCAM,2100,CROP_FLW,7.663
NIC_SCAM,2100,PDR,7.142
NIC_SCAM,2100,WHT,3.857
NIC_SCAM,2100,GRO,3.696
NIC_SCAM,2100,OSD,5.121
NIC_SCAM,2100,C_B,95.464
NIC_SCAM,2100,OTH_A,3.853
NIC_SCAM,2100,CEREAL,4.222
NLD_MAAS,2005,CROP_FLW,6.719
NLD_MAAS,2005,WHT,4.962
NLD_MAAS,2005,GRO,4.503
NLD_MAAS,2005,OSD,2.46
NLD_MAAS,2005,C_B,70.226
NLD_MAAS,2005,OTH_A,14.377
NLD_MAAS,2005,CEREAL,4.65
NLD_MAAS,2010,CROP_FLW,7.584
NLD_MAAS,2010,WHT,4.937
NLD_MAAS,2010,GRO,4.642
NLD_MAAS,2010,OSD,2.481
NLD_MAAS,2010,C_B,71.352
NLD_MAAS,2010,OTH_A,14.872
NLD_MAAS,2010,CEREAL,4.748
NLD_MAAS,2020,CROP_FLW,6.879
NLD_MAAS,2020,WHT,4.64
NLD_MAAS,2020,GRO,4.948
NLD_MAAS,2020,OSD,2.445
NLD_MAAS,2020,C_B,69.464
NLD_MAAS,2020,OTH_A,15.852
NLD_MAAS,2020,CEREAL,4.704
NLD_MAAS,2030,CROP_FLW,7.669
NLD_MAAS,2030,WHT,4.919
NLD_MAAS,2030,GRO,4.99
NLD_MAAS,2030,OSD,2.477
NLD_MAAS,2030,C_B,72.29
NLD_MAAS,2030,OTH_A,15.952
NLD_MAAS,2030,CEREAL,4.933
NLD_MAAS,2040,CROP_FLW,7.662
NLD_MAAS,2040,WHT,4.714
NLD_MAAS,2040,GRO,4.965
NLD_MAAS,2040,OSD,2.314
NLD_MAAS,2040,C_B,72.932
NLD_MAAS,2040,OTH_A,15.959
NLD_MAAS,2040,CEREAL,4.76
NLD_MAAS,2050,CROP_FLW,7.772
NLD_MAAS,2050,WHT,4.418
NLD_MAAS,2050,GRO,4.882
NLD_MAAS,2050,OSD,2.221
NLD_MAAS,2050,C_B,70.722
NLD_MAAS,2050,OTH_A,15.91
NLD_MAAS,2050,CEREAL,4.502
NLD_MAAS,2060,CROP_FLW,7.808
NLD_MAAS,2060,WHT,4.219
NLD_MAAS,2060,GRO,4.752
NLD_MAAS,2060,OSD,2.183
NLD_MAAS,2060,C_B,69.653
NLD_MAAS,2060,OTH_A,15.877
NLD_MAAS,2060,CEREAL,4.317
NLD_MAAS,2070,CROP_FLW,6.5
NLD_MAAS,2070,WHT,4.096
NLD_MAAS,2070,GRO,4.872
NLD_MAAS,2070,OSD,2.103
NLD_MAAS,2070,C_B,70.038
NLD_MAAS,2070,OTH_A,15.743
NLD_MAAS,2070,CEREAL,4.247
NLD_MAAS,2080,CROP_FLW,7.463
NLD_MAAS,2080,WHT,4.01
NLD_MAAS,2080,GRO,4.909
NLD_MAAS,2080,OSD,2.103
NLD_MAAS,2080,C_B,70.589
NLD_MAAS,2080,OTH_A,15.854
NLD_MAAS,2080,CEREAL,4.178
NLD_MAAS,2090,CROP_FLW,6.379
NLD_MAAS,2090,WHT,4.024
NLD_MAAS,2090,GRO,4.909
NLD_MAAS,2090,OSD,2.103
NLD_MAAS,2090,C_B,70.533
NLD_MAAS,2090,OTH_A,15.938
NLD_MAAS,2090,CEREAL,4.172
NLD_MAAS,2100,CROP_FLW,7.005
NLD_MAAS,2100,WHT,4.035
NLD_MAAS,2100,GRO,4.911
NLD_MAAS,2100,OSD,2.103
NLD_MAAS,2100,C_B,70.762
NLD_MAAS,2100,OTH_A,15.952
NLD_MAAS,2100,CEREAL,4.163
NLD_RHIN,2005,CROP_FLW,6.736
NLD_RHIN,2005,WHT,5.51
NLD_RHIN,2005,GRO,4.834
NLD_RHIN,2005,OSD,2.48
NLD_RHIN,2005,C_B,71.008
NLD_RHIN,2005,OTH_A,15.325
NLD_RHIN,2005,CEREAL,5.073
NLD_RHIN,2010,CROP_FLW,6.528
NLD_RHIN,2010,WHT,5.527
NLD_RHIN,2010,GRO,4.942
NLD_RHIN,2010,OSD,2.565
NLD_RHIN,2010,C_B,73.588
NLD_RHIN,2010,OTH_A,15.674
NLD_RHIN,2010,CEREAL,5.179
NLD_RHIN,2020,CROP_FLW,7.025
NLD_RHIN,2020,WHT,5.462
NLD_RHIN,2020,GRO,5.165
NLD_RHIN,2020,OSD,2.643
NLD_RHIN,2020,C_B,74.665
NLD_RHIN,2020,OTH_A,15.913
NLD_RHIN,2020,CEREAL,5.382
NLD_RHIN,2030,CROP_FLW,7.224
NLD_RHIN,2030,WHT,5.672
NLD_RHIN,2030,GRO,5.139
NLD_RHIN,2030,OSD,2.618
NLD_RHIN,2030,C_B,75.444
NLD_RHIN,2030,OTH_A,16.103
NLD_RHIN,2030,CEREAL,5.53
NLD_RHIN,2040,CROP_FLW,7.112
NLD_RHIN,2040,WHT,5.768
NLD_RHIN,2040,GRO,5.144
NLD_RHIN,2040,OSD,2.5
NLD_RHIN,2040,C_B,75.484
NLD_RHIN,2040,OTH_A,16.157
NLD_RHIN,2040,CEREAL,5.614
NLD_RHIN,2050,CROP_FLW,7.14
NLD_RHIN,2050,WHT,5.822
NLD_RHIN,2050,GRO,5.148
NLD_RHIN,2050,OSD,2.464
NLD_RHIN,2050,C_B,75.151
NLD_RHIN,2050,OTH_A,16.156
NLD_RHIN,2050,CEREAL,5.665
NLD_RHIN,2060,CROP_FLW,7.21
NLD_RHIN,2060,WHT,5.848
NLD_RHIN,2060,GRO,5.151
NLD_RHIN,2060,OSD,2.499
NLD_RHIN,2060,C_B,74.856
NLD_RHIN,2060,OTH_A,16.152
NLD_RHIN,2060,CEREAL,5.694
NLD_RHIN,2070,CROP_FLW,7.314
NLD_RHIN,2070,WHT,5.885
NLD_RHIN,2070,GRO,5.152
NLD_RHIN,2070,OSD,2.546
NLD_RHIN,2070,C_B,74.621
NLD_RHIN,2070,OTH_A,16.142
NLD_RHIN,2070,CEREAL,5.741
NLD_RHIN,2080,CROP_FLW,7.253
NLD_RHIN,2080,WHT,5.908
NLD_RHIN,2080,GRO,5.153
NLD_RHIN,2080,OSD,2.572
NLD_RHIN,2080,C_B,74.494
NLD_RHIN,2080,OTH_A,16.126
NLD_RHIN,2080,CEREAL,5.769
NLD_RHIN,2090,CROP_FLW,7.297
NLD_RHIN,2090,WHT,5.923
NLD_RHIN,2090,GRO,5.158
NLD_RHIN,2090,OSD,2.58
NLD_RHIN,2090,C_B,74.475
NLD_RHIN,2090,OTH_A,16.104
NLD_RHIN,2090,CEREAL,5.793
NLD_RHIN,2100,CROP_FLW,7.247
NLD_RHIN,2100,WHT,5.926
NLD_RHIN,2100,GRO,5.165
NLD_RHIN,2100,OSD,2.585
NLD_RHIN,2100,C_B,74.451
NLD_RHIN,2100,OTH_A,16.114
NLD_RHIN,2100,CEREAL,5.807
NLD_SCHE,2005,CROP_FLW,6.654
NLD_SCHE,2005,WHT,5.571
NLD_SCHE,2005,GRO,4.811
NLD_SCHE,2005,OSD,2.52
NLD_SCHE,2005,C_B,69.869
NLD_SCHE,2005,OTH_A,14.885
NLD_SCHE,2005,CEREAL,5.191
NLD_SCHE,2010,CROP_FLW,6.657
NLD_SCHE,2010,WHT,5.583
NLD_SCHE,2010,GRO,4.923
NLD_SCHE,2010,OSD,2.552
NLD_SCHE,2010,C_B,71.973
NLD_SCHE,2010,OTH_A,15.409
NLD_SCHE,2010,CEREAL,5.291
NLD_SCHE,2020,CROP_FLW,7.608
NLD_SCHE,2020,WHT,5.618
NLD_SCHE,2020,GRO,4.654
NLD_SCHE,2020,OSD,2.554
NLD_SCHE,2020,C_B,72.606
NLD_SCHE,2020,OTH_A,15.425
NLD_SCHE,2020,CEREAL,5.453
NLD_SCHE,2030,CROP_FLW,8.056
NLD_SCHE,2030,WHT,5.624
NLD_SCHE,2030,GRO,4.822
NLD_SCHE,2030,OSD,2.552
NLD_SCHE,2030,C_B,73.719
NLD_SCHE,2030,OTH_A,15.407
NLD_SCHE,2030,CEREAL,5.494
NLD_SCHE,2040,CROP_FLW,7.517
NLD_SCHE,2040,WHT,5.578
NLD_SCHE,2040,GRO,4.665
NLD_SCHE,2040,C_B,74.101
NLD_SCHE,2040,OTH_A,15.578
NLD_SCHE,2040,CEREAL,5.431
NLD_SCHE,2050,CROP_FLW,8.012
NLD_SCHE,2050,WHT,5.431
NLD_SCHE,2050,GRO,4.77
NLD_SCHE,2050,C_B,85.837
NLD_SCHE,2050,OTH_A,15.691
NLD_SCHE,2050,CEREAL,5.314
NLD_SCHE,2060,CROP_FLW,7.349
NLD_SCHE,2060,WHT,5.048
NLD_SCHE,2060,GRO,5.396
NLD_SCHE,2060,C_B,97.155
NLD_SCHE,2060,OTH_A,16.43
NLD_SCHE,2060,CEREAL,5.129
NLD_SCHE,2070,CROP_FLW,7.879
NLD_SCHE,2070,WHT,5.68
NLD_SCHE,2070,GRO,5.396
NLD_SCHE,2070,C_B,97.064
NLD_SCHE,2070,OTH_A,17.664
NLD_SCHE,2070,CEREAL,5.614
NLD_SCHE,2080,CROP_FLW,7.984
NLD_SCHE,2080,WHT,5.799
NLD_SCHE,2080,C_B,97.183
NLD_SCHE,2080,OTH_A,17.663
NLD_SCHE,2080,CEREAL,5.799
NLD_SCHE,2090,CROP_FLW,7.876
NLD_SCHE,2090,WHT,5.818
NLD_SCHE,2090,C_B,96.848
NLD_SCHE,2090,OTH_A,18.87
NLD_SCHE,2090,CEREAL,5.818
NLD_SCHE,2100,CROP_FLW,7.68
NLD_SCHE,2100,WHT,5.522
NLD_SCHE,2100,C_B,96.848
NLD_SCHE,2100,OTH_A,17.648
NLD_SCHE,2100,CEREAL,5.522
NOR_SNCC,2005,CROP_FLW,1.573
NOR_SNCC,2005,WHT,1.976
NOR_SNCC,2005,GRO,2.687
NOR_SNCC,2005,OSD,1.25
NOR_SNCC,2005,OTH_A,0.522
NOR_SNCC,2005,CEREAL,2.517
NOR_SNCC,2010,CROP_FLW,3.901
NOR_SNCC,2010,WHT,2.002
NOR_SNCC,2010,GRO,2.707
NOR_SNCC,2010,OSD,1.267
NOR_SNCC,2010,OTH_A,0.519
NOR_SNCC,2010,CEREAL,2.545
NOR_SNCC,2020,CROP_FLW,3.61
NOR_SNCC,2020,WHT,2.023
NOR_SNCC,2020,GRO,2.786
NOR_SNCC,2020,OSD,1.363
NOR_SNCC,2020,OTH_A,0.533
NOR_SNCC,2020,CEREAL,2.565
NOR_SNCC,2030,CROP_FLW,3.61
NOR_SNCC,2030,WHT,2.019
NOR_SNCC,2030,GRO,2.796
NOR_SNCC,2030,OSD,1.373
NOR_SNCC,2030,OTH_A,0.531
NOR_SNCC,2030,CEREAL,2.571
NOR_SNCC,2040,CROP_FLW,3.756
NOR_SNCC,2040,WHT,2.018
NOR_SNCC,2040,GRO,2.797
NOR_SNCC,2040,OSD,1.382
NOR_SNCC,2040,OTH_A,0.532
NOR_SNCC,2040,CEREAL,2.568
NOR_SNCC,2050,CROP_FLW,4.331
NOR_SNCC,2050,WHT,2.02
NOR_SNCC,2050,GRO,2.867
NOR_SNCC,2050,OSD,1.395
NOR_SNCC,2050,OTH_A,0.539
NOR_SNCC,2050,CEREAL,2.558
NOR_SNCC,2060,CROP_FLW,3.822
NOR_SNCC,2060,WHT,1.999
NOR_SNCC,2060,GRO,2.921
NOR_SNCC,2060,OSD,1.412
NOR_SNCC,2060,OTH_A,0.548
NOR_SNCC,2060,CEREAL,2.492
NOR_SNCC,2070,CROP_FLW,3.911
NOR_SNCC,2070,WHT,1.995
NOR_SNCC,2070,GRO,2.946
NOR_SNCC,2070,OSD,1.447
NOR_SNCC,2070,OTH_A,0.534
NOR_SNCC,2070,CEREAL,2.406
NOR_SNCC,2080,CROP_FLW,4.032
NOR_SNCC,2080,WHT,1.998
NOR_SNCC,2080,GRO,2.959
NOR_SNCC,2080,OSD,1.47
NOR_SNCC,2080,OTH_A,0.525
NOR_SNCC,2080,CEREAL,2.334
NOR_SNCC,2090,CROP_FLW,4.365
NOR_SNCC,2090,WHT,1.935
NOR_SNCC,2090,GRO,2.961
NOR_SNCC,2090,OSD,1.455
NOR_SNCC,2090,OTH_A,0.523
NOR_SNCC,2090,CEREAL,2.234
NOR_SNCC,2100,CROP_FLW,4.287
NOR_SNCC,2100,WHT,1.902
NOR_SNCC,2100,GRO,2.965
NOR_SNCC,2100,OSD,1.446
NOR_SNCC,2100,OTH_A,0.521
NOR_SNCC,2100,CEREAL,2.171
NOR_SWED,2005,CROP_FLW,1.497
NOR_SWED,2005,WHT,2.034
NOR_SWED,2005,GRO,2.735
NOR_SWED,2005,OSD,1.273
NOR_SWED,2005,OTH_A,0.519
NOR_SWED,2005,CEREAL,2.571
NOR_SWED,2010,CROP_FLW,3.741
NOR_SWED,2010,WHT,2.05
NOR_SWED,2010,GRO,2.752
NOR_SWED,2010,OSD,1.297
NOR_SWED,2010,OTH_A,0.526
NOR_SWED,2010,CEREAL,2.594
NOR_SWED,2020,CROP_FLW,3.859
NOR_SWED,2020,WHT,2.058
NOR_SWED,2020,GRO,2.777
NOR_SWED,2020,OSD,1.398
NOR_SWED,2020,OTH_A,0.536
NOR_SWED,2020,CEREAL,2.572
NOR_SWED,2030,CROP_FLW,4.505
NOR_SWED,2030,WHT,2.059
NOR_SWED,2030,GRO,2.797
NOR_SWED,2030,OSD,1.398
NOR_SWED,2030,OTH_A,0.537
NOR_SWED,2030,CEREAL,2.586
NOR_SWED,2040,CROP_FLW,4.257
NOR_SWED,2040,WHT,2.059
NOR_SWED,2040,GRO,2.797
NOR_SWED,2040,OSD,1.398
NOR_SWED,2040,OTH_A,0.539
NOR_SWED,2040,CEREAL,2.583
NOR_SWED,2050,CROP_FLW,3.946
NOR_SWED,2050,WHT,2.061
NOR_SWED,2050,GRO,2.833
NOR_SWED,2050,OSD,1.398
NOR_SWED,2050,OTH_A,0.541
NOR_SWED,2050,CEREAL,2.556
NOR_SWED,2060,CROP_FLW,4.443
NOR_SWED,2060,WHT,2.073
NOR_SWED,2060,GRO,2.855
NOR_SWED,2060,OSD,1.398
NOR_SWED,2060,OTH_A,0.552
NOR_SWED,2060,CEREAL,2.497
NOR_SWED,2070,CROP_FLW,4.76
NOR_SWED,2070,WHT,2.084
NOR_SWED,2070,GRO,2.867
NOR_SWED,2070,OSD,1.398
NOR_SWED,2070,OTH_A,0.554
NOR_SWED,2070,CEREAL,2.428
NOR_SWED,2080,CROP_FLW,4.774
NOR_SWED,2080,WHT,2.09
NOR_SWED,2080,GRO,2.878
NOR_SWED,2080,OSD,1.398
NOR_SWED,2080,OTH_A,0.552
NOR_SWED,2080,CEREAL,2.369
NOR_SWED,2090,CROP_FLW,4.775
NOR_SWED,2090,WHT,2.093
NOR_SWED,2090,GRO,2.888
NOR_SWED,2090,OSD,1.398
NOR_SWED,2090,OTH_A,0.553
NOR_SWED,2090,CEREAL,2.327
NOR_SWED,2100,CROP_FLW,4.866
NOR_SWED,2100,WHT,2.095
NOR_SWED,2100,GRO,2.864
NOR_SWED,2100,OSD,1.398
NOR_SWED,2100,OTH_A,0.558
NOR_SWED,2100,CEREAL,2.29
NPL_GABR,2005,CROP_FLW,4.32
NPL_GABR,2005,PDR,2.698
NPL_GABR,2005,WHT,1.286
NPL_GABR,2005,GRO,1.786
NPL_GABR,2005,OSD,2.492
NPL_GABR,2005,C_B,34.163
NPL_GABR,2005,OTH_A,1.592
NPL_GABR,2005,CEREAL,2.117
NPL_GABR,2010,CROP_FLW,4.813
NPL_GABR,2010,PDR,2.822
NPL_GABR,2010,WHT,1.301
NPL_GABR,2010,GRO,1.811
NPL_GABR,2010,OSD,2.548
NPL_GABR,2010,C_B,35.54
NPL_GABR,2010,OTH_A,1.617
NPL_GABR,2010,CEREAL,2.148
NPL_GABR,2020,CROP_FLW,4.558
NPL_GABR,2020,PDR,3.112
NPL_GABR,2020,WHT,1.379
NPL_GABR,2020,GRO,1.91
NPL_GABR,2020,OSD,2.573
NPL_GABR,2020,C_B,35.503
NPL_GABR,2020,OTH_A,1.682
NPL_GABR,2020,CEREAL,2.299
NPL_GABR,2030,CROP_FLW,4.523
NPL_GABR,2030,PDR,3.064
NPL_GABR,2030,WHT,1.324
NPL_GABR,2030,GRO,1.931
NPL_GABR,2030,OSD,2.603
NPL_GABR,2030,C_B,35.401
NPL_GABR,2030,OTH_A,1.682
NPL_GABR,2030,CEREAL,2.285
NPL_GABR,2040,CROP_FLW,4.505
NPL_GABR,2040,PDR,3.113
NPL_GABR,2040,WHT,1.314
NPL_GABR,2040,GRO,1.941
NPL_GABR,2040,OSD,2.636
NPL_GABR,2040,C_B,35.442
NPL_GABR,2040,OTH_A,1.697
NPL_GABR,2040,CEREAL,2.345
NPL_GABR,2050,CROP_FLW,4.483
NPL_GABR,2050,PDR,3.145
NPL_GABR,2050,WHT,1.299
NPL_GABR,2050,GRO,1.97
NPL_GABR,2050,OSD,2.685
NPL_GABR,2050,C_B,35.667
NPL_GABR,2050,OTH_A,1.722
NPL_GABR,2050,CEREAL,2.355
NPL_GABR,2060,CROP_FLW,5.641
NPL_GABR,2060,PDR,3.154
NPL_GABR,2060,WHT,1.283
NPL_GABR,2060,GRO,2.024
NPL_GABR,2060,OSD,2.725
NPL_GABR,2060,C_B,35.933
NPL_GABR,2060,OTH_A,1.737
NPL_GABR,2060,CEREAL,2.377
NPL_GABR,2070,CROP_FLW,5.372
NPL_GABR,2070,PDR,3.173
NPL_GABR,2070,WHT,1.251
NPL_GABR,2070,GRO,2.075
NPL_GABR,2070,OSD,2.733
NPL_GABR,2070,C_B,35.927
NPL_GABR,2070,OTH_A,1.768
NPL_GABR,2070,CEREAL,2.388
NPL_GABR,2080,CROP_FLW,5.338
NPL_GABR,2080,PDR,3.177
NPL_GABR,2080,WHT,1.252
NPL_GABR,2080,GRO,2.11
NPL_GABR,2080,OSD,2.753
NPL_GABR,2080,C_B,36.246
NPL_GABR,2080,OTH_A,1.813
NPL_GABR,2080,CEREAL,2.402
NPL_GABR,2090,CROP_FLW,5.286
NPL_GABR,2090,PDR,3.193
NPL_GABR,2090,WHT,1.279
NPL_GABR,2090,GRO,2.135
NPL_GABR,2090,OSD,2.768
NPL_GABR,2090,C_B,36.943
NPL_GABR,2090,OTH_A,1.837
NPL_GABR,2090,CEREAL,2.443
NPL_GABR,2100,CROP_FLW,5.21
NPL_GABR,2100,PDR,3.205
NPL_GABR,2100,WHT,1.299
NPL_GABR,2100,GRO,2.182
NPL_GABR,2100,OSD,2.785
NPL_GABR,2100,C_B,37.339
NPL_GABR,2100,OTH_A,1.851
NPL_GABR,2100,CEREAL,2.484
NZL_NZLZ,2005,CROP_FLW,3.547
NZL_NZLZ,2005,WHT,1.805
NZL_NZLZ,2005,GRO,1.941
NZL_NZLZ,2005,OSD,3.314
NZL_NZLZ,2005,OTH_A,5.418
NZL_NZLZ,2005,CEREAL,1.899
NZL_NZLZ,2010,CROP_FLW,3.54
NZL_NZLZ,2010,WHT,1.827
NZL_NZLZ,2010,GRO,2.004
NZL_NZLZ,2010,OSD,4.963
NZL_NZLZ,2010,OTH_A,5.753
NZL_NZLZ,2010,CEREAL,1.939
NZL_NZLZ,2020,CROP_FLW,3.02
NZL_NZLZ,2020,WHT,1.9
NZL_NZLZ,2020,GRO,2.088
NZL_NZLZ,2020,OSD,5.689
NZL_NZLZ,2020,OTH_A,5.958
NZL_NZLZ,2020,CEREAL,2.028
NZL_NZLZ,2030,CROP_FLW,2.858
NZL_NZLZ,2030,WHT,1.915
NZL_NZLZ,2030,GRO,2.167
NZL_NZLZ,2030,OSD,5.661
NZL_NZLZ,2030,OTH_A,6.111
NZL_NZLZ,2030,CEREAL,2.086
NZL_NZLZ,2040,CROP_FLW,2.807
NZL_NZLZ,2040,WHT,1.932
NZL_NZLZ,2040,GRO,2.229
NZL_NZLZ,2040,OSD,5.427
NZL_NZLZ,2040,OTH_A,6.138
NZL_NZLZ,2040,CEREAL,2.135
NZL_NZLZ,2050,CROP_FLW,2.758
NZL_NZLZ,2050,WHT,1.948
NZL_NZLZ,2050,GRO,2.3
NZL_NZLZ,2050,OSD,6.933
NZL_NZLZ,2050,OTH_A,6.153
NZL_NZLZ,2050,CEREAL,2.185
NZL_NZLZ,2060,CROP_FLW,2.737
NZL_NZLZ,2060,WHT,1.96
NZL_NZLZ,2060,GRO,2.382
NZL_NZLZ,2060,OSD,6.825
NZL_NZLZ,2060,OTH_A,6.177
NZL_NZLZ,2060,CEREAL,2.239
NZL_NZLZ,2070,CROP_FLW,2.831
NZL_NZLZ,2070,WHT,1.973
NZL_NZLZ,2070,GRO,2.452
NZL_NZLZ,2070,OSD,7.512
NZL_NZLZ,2070,OTH_A,6.288
NZL_NZLZ,2070,CEREAL,2.281
NZL_NZLZ,2080,CROP_FLW,3.031
NZL_NZLZ,2080,WHT,1.98
NZL_NZLZ,2080,GRO,2.493
NZL_NZLZ,2080,OSD,9.049
NZL_NZLZ,2080,OTH_A,6.478
NZL_NZLZ,2080,CEREAL,2.305
NZL_NZLZ,2090,CROP_FLW,3.258
NZL_NZLZ,2090,WHT,1.955
NZL_NZLZ,2090,GRO,2.503
NZL_NZLZ,2090,OSD,10.88
NZL_NZLZ,2090,OTH_A,6.626
NZL_NZLZ,2090,CEREAL,2.301
NZL_NZLZ,2100,CROP_FLW,3.294
NZL_NZLZ,2100,WHT,1.935
NZL_NZLZ,2100,GRO,2.519
NZL_NZLZ,2100,OSD,12.56
NZL_NZLZ,2100,OTH_A,6.733
NZL_NZLZ,2100,CEREAL,2.302
OMN_ARPA,2005,WHT,1.975
OMN_ARPA,2005,GRO,1.682
OMN_ARPA,2005,OTH_A,5.444
OMN_ARPA,2005,CEREAL,1.694
OMN_ARPA,2010,WHT,0.38
OMN_ARPA,2010,GRO,2.683
OMN_ARPA,2010,OTH_A,5.208
OMN_ARPA,2010,CEREAL,1.927
OMN_ARPA,2020,WHT,0.747
OMN_ARPA,2020,GRO,2.04
OMN_ARPA,2020,OTH_A,5.479
OMN_ARPA,2020,CEREAL,1.863
OMN_ARPA,2030,WHT,0.8
OMN_ARPA,2030,GRO,2.205
OMN_ARPA,2030,OTH_A,5.68
OMN_ARPA,2030,CEREAL,1.985
OMN_ARPA,2040,WHT,0.723
OMN_ARPA,2040,GRO,2.377
OMN_ARPA,2040,OTH_A,5.684
OMN_ARPA,2040,CEREAL,2.078
OMN_ARPA,2050,WHT,0.785
OMN_ARPA,2050,GRO,2.551
OMN_ARPA,2050,OTH_A,5.552
OMN_ARPA,2050,CEREAL,2.175
OMN_ARPA,2060,WHT,0.713
OMN_ARPA,2060,GRO,2.665
OMN_ARPA,2060,OTH_A,5.687
OMN_ARPA,2060,CEREAL,2.203
OMN_ARPA,2070,WHT,0.683
OMN_ARPA,2070,GRO,2.764
OMN_ARPA,2070,OTH_A,5.73
OMN_ARPA,2070,CEREAL,2.239
OMN_ARPA,2080,WHT,0.684
OMN_ARPA,2080,GRO,2.968
OMN_ARPA,2080,OTH_A,5.771
OMN_ARPA,2080,CEREAL,2.357
OMN_ARPA,2090,WHT,0.721
OMN_ARPA,2090,GRO,3.335
OMN_ARPA,2090,OTH_A,5.82
OMN_ARPA,2090,CEREAL,2.594
OMN_ARPA,2100,WHT,0.745
OMN_ARPA,2100,GRO,3.889
OMN_ARPA,2100,OTH_A,5.869
OMN_ARPA,2100,CEREAL,2.903
PAK_ASAC,2005,CROP_FLW,4.46
PAK_ASAC,2005,PDR,3.378
PAK_ASAC,2005,WHT,1.809
PAK_ASAC,2005,GRO,1.704
PAK_ASAC,2005,OSD,2.384
PAK_ASAC,2005,OTH_A,1.607
PAK_ASAC,2005,CEREAL,2.145
PAK_ASAC,2010,CROP_FLW,4.436
PAK_ASAC,2010,PDR,3.578
PAK_ASAC,2010,WHT,1.781
PAK_ASAC,2010,GRO,1.747
PAK_ASAC,2010,OSD,2.459
PAK_ASAC,2010,OTH_A,1.67
PAK_ASAC,2010,CEREAL,2.13
PAK_ASAC,2020,CROP_FLW,4.429
PAK_ASAC,2020,PDR,3.647
PAK_ASAC,2020,WHT,1.838
PAK_ASAC,2020,GRO,1.852
PAK_ASAC,2020,OSD,2.469
PAK_ASAC,2020,OTH_A,1.81
PAK_ASAC,2020,CEREAL,2.254
PAK_ASAC,2030,CROP_FLW,4.443
PAK_ASAC,2030,PDR,3.61
PAK_ASAC,2030,WHT,1.79
PAK_ASAC,2030,GRO,1.869
PAK_ASAC,2030,OSD,2.341
PAK_ASAC,2030,OTH_A,1.821
PAK_ASAC,2030,CEREAL,2.244
PAK_ASAC,2040,CROP_FLW,4.467
PAK_ASAC,2040,PDR,3.194
PAK_ASAC,2040,WHT,1.496
PAK_ASAC,2040,GRO,1.701
PAK_ASAC,2040,OSD,1.857
PAK_ASAC,2040,OTH_A,1.67
PAK_ASAC,2040,CEREAL,1.987
PAK_ASAC,2050,CROP_FLW,4.47
PAK_ASAC,2050,PDR,3.16
PAK_ASAC,2050,WHT,1.51
PAK_ASAC,2050,GRO,1.767
PAK_ASAC,2050,OSD,1.877
PAK_ASAC,2050,OTH_A,1.834
PAK_ASAC,2050,CEREAL,2.016
PAK_ASAC,2060,CROP_FLW,4.428
PAK_ASAC,2060,PDR,3.118
PAK_ASAC,2060,WHT,1.466
PAK_ASAC,2060,GRO,1.78
PAK_ASAC,2060,OSD,1.763
PAK_ASAC,2060,OTH_A,1.828
PAK_ASAC,2060,CEREAL,1.961
PAK_ASAC,2070,CROP_FLW,4.437
PAK_ASAC,2070,PDR,3.113
PAK_ASAC,2070,WHT,1.398
PAK_ASAC,2070,GRO,1.782
PAK_ASAC,2070,OSD,1.714
PAK_ASAC,2070,OTH_A,1.806
PAK_ASAC,2070,CEREAL,1.864
PAK_ASAC,2080,CROP_FLW,4.406
PAK_ASAC,2080,PDR,3.095
PAK_ASAC,2080,WHT,1.328
PAK_ASAC,2080,GRO,1.8
PAK_ASAC,2080,OSD,1.711
PAK_ASAC,2080,OTH_A,1.817
PAK_ASAC,2080,CEREAL,1.767
PAK_ASAC,2090,CROP_FLW,4.41
PAK_ASAC,2090,PDR,3.093
PAK_ASAC,2090,WHT,1.23
PAK_ASAC,2090,GRO,1.87
PAK_ASAC,2090,OSD,1.662
PAK_ASAC,2090,OTH_A,1.787
PAK_ASAC,2090,CEREAL,1.677
PAK_ASAC,2100,CROP_FLW,4.374
PAK_ASAC,2100,PDR,3.163
PAK_ASAC,2100,WHT,1.212
PAK_ASAC,2100,GRO,2.014
PAK_ASAC,2100,OSD,1.686
PAK_ASAC,2100,OTH_A,1.808
PAK_ASAC,2100,CEREAL,1.665
PAK_HAMU,2005,CROP_FLW,4.051
PAK_HAMU,2005,PDR,3.577
PAK_HAMU,2005,WHT,1.99
PAK_HAMU,2005,GRO,1.829
PAK_HAMU,2005,OTH_A,2.106
PAK_HAMU,2005,CEREAL,2.425
PAK_HAMU,2010,CROP_FLW,4.044
PAK_HAMU,2010,PDR,3.668
PAK_HAMU,2010,WHT,1.89
PAK_HAMU,2010,GRO,1.809
PAK_HAMU,2010,OTH_A,2.097
PAK_HAMU,2010,CEREAL,2.317
PAK_HAMU,2020,CROP_FLW,4.039
PAK_HAMU,2020,PDR,3.446
PAK_HAMU,2020,WHT,1.916
PAK_HAMU,2020,GRO,1.862
PAK_HAMU,2020,OTH_A,2.263
PAK_HAMU,2020,CEREAL,2.328
PAK_HAMU,2030,CROP_FLW,4.042
PAK_HAMU,2030,PDR,3.299
PAK_HAMU,2030,WHT,1.86
PAK_HAMU,2030,GRO,1.85
PAK_HAMU,2030,OTH_A,2.171
PAK_HAMU,2030,CEREAL,2.261
PAK_HAMU,2040,CROP_FLW,4.046
PAK_HAMU,2040,PDR,3.103
PAK_HAMU,2040,WHT,1.778
PAK_HAMU,2040,GRO,1.86
PAK_HAMU,2040,OTH_A,2.002
PAK_HAMU,2040,CEREAL,2.168
PAK_HAMU,2050,CROP_FLW,4.048
PAK_HAMU,2050,PDR,3.009
PAK_HAMU,2050,WHT,1.725
PAK_HAMU,2050,GRO,1.901
PAK_HAMU,2050,OTH_A,1.919
PAK_HAMU,2050,CEREAL,2.115
PAK_HAMU,2060,CROP_FLW,4.048
PAK_HAMU,2060,PDR,3.036
PAK_HAMU,2060,WHT,1.685
PAK_HAMU,2060,GRO,2.033
PAK_HAMU,2060,OTH_A,1.921
PAK_HAMU,2060,CEREAL,2.085
PAK_HAMU,2070,CROP_FLW,4.046
PAK_HAMU,2070,PDR,3.175
PAK_HAMU,2070,WHT,1.668
PAK_HAMU,2070,GRO,2.23
PAK_HAMU,2070,OTH_A,1.964
PAK_HAMU,2070,CEREAL,2.081
PAK_HAMU,2080,CROP_FLW,4.048
PAK_HAMU,2080,PDR,3.303
PAK_HAMU,2080,WHT,1.652
PAK_HAMU,2080,GRO,2.411
PAK_HAMU,2080,OTH_A,1.968
PAK_HAMU,2080,CEREAL,2.071
PAK_HAMU,2090,CROP_FLW,4.048
PAK_HAMU,2090,PDR,3.388
PAK_HAMU,2090,WHT,1.632
PAK_HAMU,2090,GRO,2.591
PAK_HAMU,2090,OTH_A,1.975
PAK_HAMU,2090,CEREAL,2.054
PAK_HAMU,2100,CROP_FLW,4.048
PAK_HAMU,2100,PDR,3.426
PAK_HAMU,2100,WHT,1.607
PAK_HAMU,2100,GRO,2.723
PAK_HAMU,2100,OTH_A,2.051
PAK_HAMU,2100,CEREAL,2.026
PAK_INDU,2005,CROP_FLW,5.116
PAK_INDU,2005,PDR,2.964
PAK_INDU,2005,WHT,1.792
PAK_INDU,2005,GRO,1.84
PAK_INDU,2005,OSD,2.368
PAK_INDU,2005,C_B,47.762
PAK_INDU,2005,OTH_A,1.759
PAK_INDU,2005,CEREAL,2.017
PAK_INDU,2010,CROP_FLW,5.113
PAK_INDU,2010,PDR,3.035
PAK_INDU,2010,WHT,1.731
PAK_INDU,2010,GRO,1.817
PAK_INDU,2010,OSD,2.447
PAK_INDU,2010,C_B,48.353
PAK_INDU,2010,OTH_A,1.783
PAK_INDU,2010,CEREAL,1.95
PAK_INDU,2020,CROP_FLW,5.075
PAK_INDU,2020,PDR,3.258
PAK_INDU,2020,WHT,1.767
PAK_INDU,2020,GRO,1.78
PAK_INDU,2020,OSD,2.51
PAK_INDU,2020,C_B,44.606
PAK_INDU,2020,OTH_A,1.92
PAK_INDU,2020,CEREAL,2.037
PAK_INDU,2030,CROP_FLW,5.071
PAK_INDU,2030,PDR,3.651
PAK_INDU,2030,WHT,1.782
PAK_INDU,2030,GRO,1.73
PAK_INDU,2030,OSD,2.709
PAK_INDU,2030,C_B,43.199
PAK_INDU,2030,OTH_A,2.045
PAK_INDU,2030,CEREAL,2.112
PAK_INDU,2040,CROP_FLW,5.048
PAK_INDU,2040,PDR,3.866
PAK_INDU,2040,WHT,1.783
PAK_INDU,2040,GRO,1.715
PAK_INDU,2040,OSD,2.848
PAK_INDU,2040,C_B,41.632
PAK_INDU,2040,OTH_A,2.122
PAK_INDU,2040,CEREAL,2.159
PAK_INDU,2050,CROP_FLW,5.0
PAK_INDU,2050,PDR,4.051
PAK_INDU,2050,WHT,1.744
PAK_INDU,2050,GRO,1.67
PAK_INDU,2050,OSD,2.934
PAK_INDU,2050,C_B,39.322
PAK_INDU,2050,OTH_A,2.17
PAK_INDU,2050,CEREAL,2.176
PAK_INDU,2060,CROP_FLW,4.959
PAK_INDU,2060,PDR,4.186
PAK_INDU,2060,WHT,1.693
PAK_INDU,2060,GRO,1.648
PAK_INDU,2060,OSD,3.032
PAK_INDU,2060,C_B,37.756
PAK_INDU,2060,OTH_A,2.209
PAK_INDU,2060,CEREAL,2.141
PAK_INDU,2070,CROP_FLW,4.919
PAK_INDU,2070,PDR,4.216
PAK_INDU,2070,WHT,1.69
PAK_INDU,2070,GRO,1.645
PAK_INDU,2070,OSD,3.049
PAK_INDU,2070,C_B,37.2
PAK_INDU,2070,OTH_A,2.245
PAK_INDU,2070,CEREAL,2.103
PAK_INDU,2080,CROP_FLW,4.875
PAK_INDU,2080,PDR,4.221
PAK_INDU,2080,WHT,1.7
PAK_INDU,2080,GRO,1.676
PAK_INDU,2080,OSD,3.034
PAK_INDU,2080,C_B,37.749
PAK_INDU,2080,OTH_A,2.253
PAK_INDU,2080,CEREAL,2.077
PAK_INDU,2090,CROP_FLW,4.842
PAK_INDU,2090,PDR,4.269
PAK_INDU,2090,WHT,1.698
PAK_INDU,2090,GRO,1.677
PAK_INDU,2090,OSD,3.104
PAK_INDU,2090,C_B,37.913
PAK_INDU,2090,OTH_A,2.269
PAK_INDU,2090,CEREAL,2.062
PAK_INDU,2100,CROP_FLW,4.803
PAK_INDU,2100,PDR,4.312
PAK_INDU,2100,WHT,1.684
PAK_INDU,2100,GRO,1.675
PAK_INDU,2100,OSD,3.117
PAK_INDU,2100,C_B,37.76
PAK_INDU,2100,OTH_A,2.278
PAK_INDU,2100,CEREAL,2.035
PAK_SABA,2005,CROP_FLW,4.722
PAK_SABA,2005,PDR,3.5
PAK_SABA,2005,WHT,1.815
PAK_SABA,2005,GRO,1.949
PAK_SABA,2005,OSD,2.598
PAK_SABA,2005,C_B,48.787
PAK_SABA,2005,OTH_A,1.797
PAK_SABA,2005,CEREAL,2.316
PAK_SABA,2010,CROP_FLW,4.718
PAK_SABA,2010,PDR,3.577
PAK_SABA,2010,WHT,1.663
PAK_SABA,2010,GRO,1.917
PAK_SABA,2010,OSD,2.687
PAK_SABA,2010,C_B,49.402
PAK_SABA,2010,OTH_A,1.833
PAK_SABA,2010,CEREAL,2.176
PAK_SABA,2020,CROP_FLW,4.709
PAK_SABA,2020,PDR,3.549
PAK_SABA,2020,WHT,1.671
PAK_SABA,2020,GRO,1.971
PAK_SABA,2020,OSD,2.751
PAK_SABA,2020,C_B,41.898
PAK_SABA,2020,OTH_A,1.998
PAK_SABA,2020,CEREAL,2.235
PAK_SABA,2030,CROP_FLW,4.718
PAK_SABA,2030,PDR,3.609
PAK_SABA,2030,WHT,1.543
PAK_SABA,2030,GRO,1.941
PAK_SABA,2030,OSD,2.865
PAK_SABA,2030,C_B,36.719
PAK_SABA,2030,OTH_A,2.097
PAK_SABA,2030,CEREAL,2.193
PAK_SABA,2040,CROP_FLW,4.724
PAK_SABA,2040,PDR,3.615
PAK_SABA,2040,WHT,1.367
PAK_SABA,2040,GRO,1.933
PAK_SABA,2040,OSD,2.761
PAK_SABA,2040,C_B,29.991
PAK_SABA,2040,OTH_A,2.204
PAK_SABA,2040,CEREAL,2.127
PAK_SABA,2050,CROP_FLW,4.728
PAK_SABA,2050,PDR,3.631
PAK_SABA,2050,WHT,1.239
PAK_SABA,2050,GRO,1.933
PAK_SABA,2050,OSD,2.695
PAK_SABA,2050,C_B,25.535
PAK_SABA,2050,OTH_A,2.287
PAK_SABA,2050,CEREAL,2.066
PAK_SABA,2060,CROP_FLW,4.725
PAK_SABA,2060,PDR,3.661
PAK_SABA,2060,WHT,1.105
PAK_SABA,2060,GRO,2.035
PAK_SABA,2060,OSD,2.683
PAK_SABA,2060,C_B,22.743
PAK_SABA,2060,OTH_A,2.327
PAK_SABA,2060,CEREAL,1.955
PAK_SABA,2070,CROP_FLW,4.718
PAK_SABA,2070,PDR,3.69
PAK_SABA,2070,WHT,1.013
PAK_SABA,2070,GRO,2.155
PAK_SABA,2070,OSD,2.707
PAK_SABA,2070,C_B,21.919
PAK_SABA,2070,OTH_A,2.354
PAK_SABA,2070,CEREAL,1.841
PAK_SABA,2080,CROP_FLW,4.735
PAK_SABA,2080,PDR,3.71
PAK_SABA,2080,WHT,0.933
PAK_SABA,2080,GRO,2.245
PAK_SABA,2080,OSD,2.714
PAK_SABA,2080,C_B,21.879
PAK_SABA,2080,OTH_A,2.372
PAK_SABA,2080,CEREAL,1.723
PAK_SABA,2090,CROP_FLW,4.745
PAK_SABA,2090,PDR,3.721
PAK_SABA,2090,WHT,0.877
PAK_SABA,2090,GRO,2.345
PAK_SABA,2090,OSD,2.729
PAK_SABA,2090,C_B,22.834
PAK_SABA,2090,OTH_A,2.41
PAK_SABA,2090,CEREAL,1.637
PAK_SABA,2100,CROP_FLW,4.751
PAK_SABA,2100,PDR,3.736
PAK_SABA,2100,WHT,0.851
PAK_SABA,2100,GRO,2.433
PAK_SABA,2100,OSD,2.766
PAK_SABA,2100,C_B,23.331
PAK_SABA,2100,OTH_A,2.439
PAK_SABA,2100,CEREAL,1.591
PAN_CEPC,2005,CROP_FLW,7.665
PAN_CEPC,2005,PDR,4.86
PAN_CEPC,2005,GRO,3.556
PAN_CEPC,2005,OSD,4.091
PAN_CEPC,2005,C_B,61.987
PAN_CEPC,2005,OTH_A,3.279
PAN_CEPC,2005,CEREAL,4.373
PAN_CEPC,2010,CROP_FLW,7.651
PAN_CEPC,2010,PDR,5.454
PAN_CEPC,2010,GRO,3.571
PAN_CEPC,2010,OSD,4.136
PAN_CEPC,2010,C_B,64.86
PAN_CEPC,2010,OTH_A,3.303
PAN_CEPC,2010,CEREAL,4.843
PAN_CEPC,2020,CROP_FLW,7.658
PAN_CEPC,2020,PDR,5.8
PAN_CEPC,2020,GRO,3.828
PAN_CEPC,2020,OSD,4.283
PAN_CEPC,2020,C_B,67.609
PAN_CEPC,2020,OTH_A,3.377
PAN_CEPC,2020,CEREAL,5.007
PAN_CEPC,2030,CROP_FLW,7.663
PAN_CEPC,2030,PDR,6.005
PAN_CEPC,2030,GRO,3.92
PAN_CEPC,2030,OSD,4.324
PAN_CEPC,2030,C_B,69.721
PAN_CEPC,2030,OTH_A,3.38
PAN_CEPC,2030,CEREAL,5.167
PAN_CEPC,2040,CROP_FLW,7.697
PAN_CEPC,2040,PDR,5.941
PAN_CEPC,2040,GRO,3.892
PAN_CEPC,2040,OSD,4.357
PAN_CEPC,2040,C_B,69.263
PAN_CEPC,2040,OTH_A,3.383
PAN_CEPC,2040,CEREAL,5.143
PAN_CEPC,2050,CROP_FLW,7.732
PAN_CEPC,2050,PDR,5.902
PAN_CEPC,2050,GRO,3.87
PAN_CEPC,2050,OSD,4.366
PAN_CEPC,2050,C_B,69.068
PAN_CEPC,2050,OTH_A,3.393
PAN_CEPC,2050,CEREAL,5.122
PAN_CEPC,2060,CROP_FLW,7.766
PAN_CEPC,2060,PDR,5.923
PAN_CEPC,2060,GRO,3.846
PAN_CEPC,2060,OSD,4.39
PAN_CEPC,2060,C_B,69.332
PAN_CEPC,2060,OTH_A,3.393
PAN_CEPC,2060,CEREAL,5.151
PAN_CEPC,2070,CROP_FLW,7.703
PAN_CEPC,2070,PDR,5.978
PAN_CEPC,2070,GRO,3.878
PAN_CEPC,2070,OSD,4.435
PAN_CEPC,2070,C_B,70.718
PAN_CEPC,2070,OTH_A,3.401
PAN_CEPC,2070,CEREAL,5.207
PAN_CEPC,2080,CROP_FLW,7.638
PAN_CEPC,2080,PDR,6.088
PAN_CEPC,2080,GRO,3.898
PAN_CEPC,2080,OSD,4.463
PAN_CEPC,2080,C_B,72.195
PAN_CEPC,2080,OTH_A,3.419
PAN_CEPC,2080,CEREAL,5.27
PAN_CEPC,2090,CROP_FLW,7.624
PAN_CEPC,2090,PDR,6.179
PAN_CEPC,2090,GRO,3.922
PAN_CEPC,2090,OSD,4.493
PAN_CEPC,2090,C_B,73.842
PAN_CEPC,2090,OTH_A,3.441
PAN_CEPC,2090,CEREAL,5.325
PAN_CEPC,2100,CROP_FLW,7.641
PAN_CEPC,2100,PDR,6.255
PAN_CEPC,2100,GRO,3.936
PAN_CEPC,2100,OSD,4.533
PAN_CEPC,2100,C_B,75.849
PAN_CEPC,2100,OTH_A,3.474
PAN_CEPC,2100,CEREAL,5.372
PAN_SCAM,2005,CROP_FLW,6.505
PAN_SCAM,2005,PDR,4.925
PAN_SCAM,2005,GRO,3.603
PAN_SCAM,2005,OSD,4.052
PAN_SCAM,2005,C_B,67.546
PAN_SCAM,2005,OTH_A,3.339
PAN_SCAM,2005,CEREAL,4.358
PAN_SCAM,2010,CROP_FLW,6.52
PAN_SCAM,2010,PDR,4.998
PAN_SCAM,2010,GRO,3.643
PAN_SCAM,2010,OSD,4.234
PAN_SCAM,2010,C_B,68.744
PAN_SCAM,2010,OTH_A,3.328
PAN_SCAM,2010,CEREAL,4.498
PAN_SCAM,2020,CROP_FLW,6.582
PAN_SCAM,2020,PDR,5.238
PAN_SCAM,2020,GRO,3.71
PAN_SCAM,2020,OSD,4.432
PAN_SCAM,2020,C_B,69.842
PAN_SCAM,2020,OTH_A,3.437
PAN_SCAM,2020,CEREAL,4.556
PAN_SCAM,2030,CROP_FLW,6.596
PAN_SCAM,2030,PDR,5.314
PAN_SCAM,2030,GRO,3.776
PAN_SCAM,2030,OSD,4.598
PAN_SCAM,2030,C_B,70.62
PAN_SCAM,2030,OTH_A,3.452
PAN_SCAM,2030,CEREAL,4.629
PAN_SCAM,2040,CROP_FLW,6.61
PAN_SCAM,2040,PDR,5.32
PAN_SCAM,2040,GRO,3.799
PAN_SCAM,2040,OSD,4.773
PAN_SCAM,2040,C_B,71.618
PAN_SCAM,2040,OTH_A,3.486
PAN_SCAM,2040,CEREAL,4.664
PAN_SCAM,2050,CROP_FLW,6.624
PAN_SCAM,2050,PDR,5.333
PAN_SCAM,2050,GRO,3.82
PAN_SCAM,2050,OSD,4.825
PAN_SCAM,2050,C_B,72.008
PAN_SCAM,2050,OTH_A,3.526
PAN_SCAM,2050,CEREAL,4.69
PAN_SCAM,2060,CROP_FLW,6.633
PAN_SCAM,2060,PDR,5.335
PAN_SCAM,2060,GRO,3.821
PAN_SCAM,2060,OSD,4.83
PAN_SCAM,2060,C_B,72.138
PAN_SCAM,2060,OTH_A,3.559
PAN_SCAM,2060,CEREAL,4.713
PAN_SCAM,2070,CROP_FLW,6.641
PAN_SCAM,2070,PDR,5.331
PAN_SCAM,2070,GRO,3.824
PAN_SCAM,2070,OSD,4.852
PAN_SCAM,2070,C_B,72.166
PAN_SCAM,2070,OTH_A,3.59
PAN_SCAM,2070,CEREAL,4.718
PAN_SCAM,2080,CROP_FLW,6.649
PAN_SCAM,2080,PDR,5.339
PAN_SCAM,2080,GRO,3.826
PAN_SCAM,2080,OSD,4.864
PAN_SCAM,2080,C_B,72.206
PAN_SCAM,2080,OTH_A,3.609
PAN_SCAM,2080,CEREAL,4.711
PAN_SCAM,2090,CROP_FLW,6.657
PAN_SCAM,2090,PDR,5.337
PAN_SCAM,2090,GRO,3.828
PAN_SCAM,2090,OSD,4.871
PAN_SCAM,2090,C_B,72.309
PAN_SCAM,2090,OTH_A,3.628
PAN_SCAM,2090,CEREAL,4.699
PAN_SCAM,2100,CROP_FLW,6.665
PAN_SCAM,2100,PDR,5.332
PAN_SCAM,2100,GRO,3.83
PAN_SCAM,2100,OSD,4.884
PAN_SCAM,2100,C_B,72.352
PAN_SCAM,2100,OTH_A,3.635
PAN_SCAM,2100,CEREAL,4.689
PER_AMAZ,2005,CROP_FLW,4.222
PER_AMAZ,2005,PDR,6.318
PER_AMAZ,2005,WHT,3.57
PER_AMAZ,2005,GRO,4.295
PER_AMAZ,2005,OSD,4.63
PER_AMAZ,2005,C_B,92.484
PER_AMAZ,2005,OTH_A,3.741
PER_AMAZ,2005,CEREAL,4.333
PER_AMAZ,2010,CROP_FLW,4.228
PER_AMAZ,2010,PDR,6.502
PER_AMAZ,2010,WHT,3.824
PER_AMAZ,2010,GRO,4.524
PER_AMAZ,2010,OSD,6.034
PER_AMAZ,2010,C_B,136.711
PER_AMAZ,2010,OTH_A,4.088
PER_AMAZ,2010,CEREAL,4.556
PER_AMAZ,2020,CROP_FLW,4.221
PER_AMAZ,2020,PDR,7.194
PER_AMAZ,2020,WHT,3.956
PER_AMAZ,2020,GRO,5.525
PER_AMAZ,2020,OSD,6.44
PER_AMAZ,2020,C_B,190.349
PER_AMAZ,2020,OTH_A,4.606
PER_AMAZ,2020,CEREAL,5.453
PER_AMAZ,2030,CROP_FLW,4.225
PER_AMAZ,2030,PDR,7.578
PER_AMAZ,2030,WHT,4.221
PER_AMAZ,2030,GRO,5.791
PER_AMAZ,2030,OSD,6.512
PER_AMAZ,2030,C_B,206.213
PER_AMAZ,2030,OTH_A,4.757
PER_AMAZ,2030,CEREAL,5.723
PER_AMAZ,2040,CROP_FLW,4.225
PER_AMAZ,2040,PDR,7.842
PER_AMAZ,2040,WHT,4.361
PER_AMAZ,2040,GRO,5.929
PER_AMAZ,2040,OSD,6.568
PER_AMAZ,2040,C_B,220.788
PER_AMAZ,2040,OTH_A,5.006
PER_AMAZ,2040,CEREAL,5.871
PER_AMAZ,2050,CROP_FLW,4.219
PER_AMAZ,2050,PDR,8.022
PER_AMAZ,2050,WHT,4.428
PER_AMAZ,2050,GRO,5.945
PER_AMAZ,2050,OSD,6.606
PER_AMAZ,2050,C_B,223.808
PER_AMAZ,2050,OTH_A,5.107
PER_AMAZ,2050,CEREAL,5.893
PER_AMAZ,2060,CROP_FLW,4.135
PER_AMAZ,2060,PDR,8.184
PER_AMAZ,2060,WHT,4.458
PER_AMAZ,2060,GRO,6.498
PER_AMAZ,2060,OSD,6.611
PER_AMAZ,2060,C_B,227.056
PER_AMAZ,2060,OTH_A,5.113
PER_AMAZ,2060,CEREAL,6.326
PER_AMAZ,2070,CROP_FLW,4.075
PER_AMAZ,2070,PDR,8.347
PER_AMAZ,2070,WHT,4.48
PER_AMAZ,2070,GRO,6.731
PER_AMAZ,2070,OSD,6.62
PER_AMAZ,2070,C_B,229.367
PER_AMAZ,2070,OTH_A,5.222
PER_AMAZ,2070,CEREAL,6.507
PER_AMAZ,2080,CROP_FLW,4.006
PER_AMAZ,2080,PDR,8.554
PER_AMAZ,2080,WHT,4.499
PER_AMAZ,2080,GRO,7.092
PER_AMAZ,2080,OSD,6.62
PER_AMAZ,2080,C_B,233.166
PER_AMAZ,2080,OTH_A,5.334
PER_AMAZ,2080,CEREAL,6.779
PER_AMAZ,2090,CROP_FLW,3.986
PER_AMAZ,2090,PDR,8.6
PER_AMAZ,2090,WHT,4.512
PER_AMAZ,2090,GRO,7.6
PER_AMAZ,2090,OSD,6.623
PER_AMAZ,2090,C_B,236.611
PER_AMAZ,2090,OTH_A,5.383
PER_AMAZ,2090,CEREAL,7.122
PER_AMAZ,2100,CROP_FLW,4.026
PER_AMAZ,2100,PDR,8.633
PER_AMAZ,2100,WHT,4.512
PER_AMAZ,2100,GRO,8.006
PER_AMAZ,2100,OSD,6.624
PER_AMAZ,2100,C_B,238.936
PER_AMAZ,2100,OTH_A,5.392
PER_AMAZ,2100,CEREAL,7.368
PER_PERU,2005,CROP_FLW,3.668
PER_PERU,2005,PDR,5.86
PER_PERU,2005,WHT,3.136
PER_PERU,2005,GRO,3.701
PER_PERU,2005,OSD,3.915
PER_PERU,2005,C_B,82.599
PER_PERU,2005,OTH_A,3.193
PER_PERU,2005,CEREAL,4.433
PER_PERU,2010,CROP_FLW,3.646
PER_PERU,2010,PDR,5.865
PER_PERU,2010,WHT,3.52
PER_PERU,2010,GRO,3.676
PER_PERU,2010,OSD,6.124
PER_PERU,2010,C_B,78.716
PER_PERU,2010,OTH_A,3.361
PER_PERU,2010,CEREAL,4.454
PER_PERU,2020,CROP_FLW,3.58
PER_PERU,2020,PDR,5.567
PER_PERU,2020,WHT,3.726
PER_PERU,2020,GRO,3.129
PER_PERU,2020,OSD,5.045
PER_PERU,2020,C_B,68.638
PER_PERU,2020,OTH_A,3.277
PER_PERU,2020,CEREAL,4.046
PER_PERU,2030,CROP_FLW,3.584
PER_PERU,2030,PDR,5.696
PER_PERU,2030,WHT,4.055
PER_PERU,2030,GRO,3.243
PER_PERU,2030,OSD,5.561
PER_PERU,2030,C_B,70.458
PER_PERU,2030,OTH_A,3.367
PER_PERU,2030,CEREAL,4.182
PER_PERU,2040,CROP_FLW,3.595
PER_PERU,2040,PDR,5.436
PER_PERU,2040,WHT,4.315
PER_PERU,2040,GRO,3.057
PER_PERU,2040,OSD,5.437
PER_PERU,2040,C_B,67.943
PER_PERU,2040,OTH_A,3.381
PER_PERU,2040,CEREAL,4.016
PER_PERU,2050,CROP_FLW,3.61
PER_PERU,2050,PDR,5.398
PER_PERU,2050,WHT,4.564
PER_PERU,2050,GRO,2.88
PER_PERU,2050,OSD,5.289
PER_PERU,2050,C_B,66.595
PER_PERU,2050,OTH_A,3.397
PER_PERU,2050,CEREAL,3.886
PER_PERU,2060,CROP_FLW,3.577
PER_PERU,2060,PDR,5.416
PER_PERU,2060,WHT,4.733
PER_PERU,2060,GRO,2.961
PER_PERU,2060,OSD,5.524
PER_PERU,2060,C_B,67.399
PER_PERU,2060,OTH_A,3.438
PER_PERU,2060,CEREAL,3.993
PER_PERU,2070,CROP_FLW,3.577
PER_PERU,2070,PDR,5.452
PER_PERU,2070,WHT,4.839
PER_PERU,2070,GRO,3.014
PER_PERU,2070,OSD,5.822
PER_PERU,2070,C_B,68.159
PER_PERU,2070,OTH_A,3.44
PER_PERU,2070,CEREAL,4.046
PER_PERU,2080,CROP_FLW,3.554
PER_PERU,2080,PDR,5.452
PER_PERU,2080,WHT,4.922
PER_PERU,2080,GRO,3.075
PER_PERU,2080,OSD,6.077
PER_PERU,2080,C_B,68.491
PER_PERU,2080,OTH_A,3.436
PER_PERU,2080,CEREAL,4.099
PER_PERU,2090,CROP_FLW,3.471
PER_PERU,2090,PDR,5.466
PER_PERU,2090,WHT,4.999
PER_PERU,2090,GRO,3.349
PER_PERU,2090,OSD,6.278
PER_PERU,2090,C_B,68.492
PER_PERU,2090,OTH_A,3.45
PER_PERU,2090,CEREAL,4.31
PER_PERU,2100,CROP_FLW,3.398
PER_PERU,2100,PDR,5.512
PER_PERU,2100,WHT,5.041
PER_PERU,2100,GRO,3.693
PER_PERU,2100,OSD,6.469
PER_PERU,2100,C_B,69.224
PER_PERU,2100,OTH_A,3.446
PER_PERU,2100,CEREAL,4.569
PHL_PHIL,2005,CROP_FLW,7.289
PHL_PHIL,2005,PDR,3.824
PHL_PHIL,2005,GRO,3.143
PHL_PHIL,2005,OSD,8.692
PHL_PHIL,2005,C_B,61.038
PHL_PHIL,2005,OTH_A,1.975
PHL_PHIL,2005,CEREAL,3.429
PHL_PHIL,2010,CROP_FLW,7.266
PHL_PHIL,2010,PDR,3.895
PHL_PHIL,2010,GRO,3.193
PHL_PHIL,2010,OSD,9.04
PHL_PHIL,2010,C_B,61.982
PHL_PHIL,2010,OTH_A,2.125
PHL_PHIL,2010,CEREAL,3.496
PHL_PHIL,2020,CROP_FLW,7.867
PHL_PHIL,2020,PDR,3.973
PHL_PHIL,2020,GRO,3.242
PHL_PHIL,2020,OSD,9.114
PHL_PHIL,2020,C_B,63.097
PHL_PHIL,2020,OTH_A,2.213
PHL_PHIL,2020,CEREAL,3.571
PHL_PHIL,2030,CROP_FLW,7.87
PHL_PHIL,2030,PDR,4.017
PHL_PHIL,2030,GRO,3.318
PHL_PHIL,2030,OSD,9.218
PHL_PHIL,2030,C_B,63.323
PHL_PHIL,2030,OTH_A,2.268
PHL_PHIL,2030,CEREAL,3.635
PHL_PHIL,2040,CROP_FLW,8.124
PHL_PHIL,2040,PDR,4.05
PHL_PHIL,2040,GRO,3.329
PHL_PHIL,2040,OSD,9.389
PHL_PHIL,2040,C_B,63.613
PHL_PHIL,2040,OTH_A,2.318
PHL_PHIL,2040,CEREAL,3.684
PHL_PHIL,2050,CROP_FLW,8.064
PHL_PHIL,2050,PDR,4.047
PHL_PHIL,2050,GRO,3.339
PHL_PHIL,2050,OSD,9.396
PHL_PHIL,2050,C_B,63.624
PHL_PHIL,2050,OTH_A,2.311
PHL_PHIL,2050,CEREAL,3.702
PHL_PHIL,2060,CROP_FLW,8.117
PHL_PHIL,2060,PDR,4.073
PHL_PHIL,2060,GRO,3.374
PHL_PHIL,2060,OSD,9.574
PHL_PHIL,2060,C_B,64.543
PHL_PHIL,2060,OTH_A,2.364
PHL_PHIL,2060,CEREAL,3.724
PHL_PHIL,2070,CROP_FLW,8.023
PHL_PHIL,2070,PDR,4.172
PHL_PHIL,2070,GRO,3.426
PHL_PHIL,2070,OSD,9.787
PHL_PHIL,2070,C_B,65.621
PHL_PHIL,2070,OTH_A,2.446
PHL_PHIL,2070,CEREAL,3.794
PHL_PHIL,2080,CROP_FLW,8.162
PHL_PHIL,2080,PDR,4.245
PHL_PHIL,2080,GRO,3.453
PHL_PHIL,2080,OSD,9.898
PHL_PHIL,2080,C_B,66.152
PHL_PHIL,2080,OTH_A,2.504
PHL_PHIL,2080,CEREAL,3.836
PHL_PHIL,2090,CROP_FLW,8.031
PHL_PHIL,2090,PDR,4.264
PHL_PHIL,2090,GRO,3.468
PHL_PHIL,2090,OSD,9.91
PHL_PHIL,2090,C_B,66.337
PHL_PHIL,2090,OTH_A,2.522
PHL_PHIL,2090,CEREAL,3.847
PHL_PHIL,2100,CROP_FLW,8.221
PHL_PHIL,2100,PDR,4.276
PHL_PHIL,2100,GRO,3.474
PHL_PHIL,2100,OSD,9.959
PHL_PHIL,2100,C_B,66.484
PHL_PHIL,2100,OTH_A,2.536
PHL_PHIL,2100,CEREAL,3.852
PNG_FLYY,2005,CROP_FLW,5.531
PNG_FLYY,2005,PDR,1.451
PNG_FLYY,2005,GRO,1.63
PNG_FLYY,2005,OSD,2.41
PNG_FLYY,2005,C_B,44.482
PNG_FLYY,2005,OTH_A,1.722
PNG_FLYY,2005,CEREAL,1.63
PNG_FLYY,2010,CROP_FLW,4.951
PNG_FLYY,2010,PDR,1.465
PNG_FLYY,2010,GRO,1.69
PNG_FLYY,2010,OSD,2.639
PNG_FLYY,2010,C_B,54.541
PNG_FLYY,2010,OTH_A,2.299
PNG_FLYY,2010,CEREAL,1.689
PNG_FLYY,2020,CROP_FLW,4.674
PNG_FLYY,2020,PDR,1.659
PNG_FLYY,2020,GRO,1.736
PNG_FLYY,2020,OSD,2.623
PNG_FLYY,2020,C_B,55.53
PNG_FLYY,2020,OTH_A,2.522
PNG_FLYY,2020,CEREAL,1.736
PNG_FLYY,2030,CROP_FLW,4.525
PNG_FLYY,2030,PDR,1.968
PNG_FLYY,2030,GRO,2.073
PNG_FLYY,2030,OSD,2.665
PNG_FLYY,2030,C_B,57.223
PNG_FLYY,2030,OTH_A,2.674
PNG_FLYY,2030,CEREAL,2.073
PNG_FLYY,2040,CROP_FLW,4.525
PNG_FLYY,2040,PDR,2.273
PNG_FLYY,2040,GRO,2.075
PNG_FLYY,2040,OSD,2.747
PNG_FLYY,2040,C_B,59.109
PNG_FLYY,2040,OTH_A,2.704
PNG_FLYY,2040,CEREAL,2.076
PNG_FLYY,2050,CROP_FLW,4.653
PNG_FLYY,2050,PDR,2.517
PNG_FLYY,2050,GRO,2.138
PNG_FLYY,2050,OSD,2.799
PNG_FLYY,2050,C_B,59.603
PNG_FLYY,2050,OTH_A,2.722
PNG_FLYY,2050,CEREAL,2.14
PNG_FLYY,2060,CROP_FLW,4.67
PNG_FLYY,2060,PDR,2.731
PNG_FLYY,2060,GRO,2.237
PNG_FLYY,2060,OSD,2.86
PNG_FLYY,2060,C_B,60.27
PNG_FLYY,2060,OTH_A,2.742
PNG_FLYY,2060,CEREAL,2.24
PNG_FLYY,2070,CROP_FLW,4.888
PNG_FLYY,2070,PDR,2.791
PNG_FLYY,2070,GRO,2.372
PNG_FLYY,2070,OSD,2.889
PNG_FLYY,2070,C_B,60.757
PNG_FLYY,2070,OTH_A,2.752
PNG_FLYY,2070,CEREAL,2.374
PNG_FLYY,2080,CROP_FLW,4.811
PNG_FLYY,2080,PDR,2.786
PNG_FLYY,2080,GRO,2.517
PNG_FLYY,2080,OSD,2.893
PNG_FLYY,2080,C_B,61.023
PNG_FLYY,2080,OTH_A,2.773
PNG_FLYY,2080,CEREAL,2.519
PNG_FLYY,2090,CROP_FLW,4.841
PNG_FLYY,2090,PDR,2.822
PNG_FLYY,2090,GRO,2.675
PNG_FLYY,2090,OSD,2.901
PNG_FLYY,2090,C_B,61.125
PNG_FLYY,2090,OTH_A,2.803
PNG_FLYY,2090,CEREAL,2.676
PNG_FLYY,2100,CROP_FLW,5.445
PNG_FLYY,2100,PDR,2.847
PNG_FLYY,2100,GRO,2.802
PNG_FLYY,2100,OSD,2.933
PNG_FLYY,2100,C_B,61.692
PNG_FLYY,2100,OTH_A,2.832
PNG_FLYY,2100,CEREAL,2.803
PNG_IRJA,2005,CROP_FLW,6.085
PNG_IRJA,2005,PDR,3.293
PNG_IRJA,2005,GRO,1.735
PNG_IRJA,2005,OSD,1.971
PNG_IRJA,2005,C_B,47.913
PNG_IRJA,2005,OTH_A,1.836
PNG_IRJA,2005,CEREAL,1.769
PNG_IRJA,2010,CROP_FLW,5.997
PNG_IRJA,2010,PDR,3.43
PNG_IRJA,2010,GRO,1.669
PNG_IRJA,2010,OSD,2.386
PNG_IRJA,2010,C_B,52.797
PNG_IRJA,2010,OTH_A,2.106
PNG_IRJA,2010,CEREAL,1.705
PNG_IRJA,2020,CROP_FLW,5.89
PNG_IRJA,2020,PDR,3.735
PNG_IRJA,2020,GRO,1.644
PNG_IRJA,2020,OSD,2.471
PNG_IRJA,2020,C_B,53.748
PNG_IRJA,2020,OTH_A,2.182
PNG_IRJA,2020,CEREAL,1.687
PNG_IRJA,2030,CROP_FLW,5.985
PNG_IRJA,2030,PDR,4.104
PNG_IRJA,2030,GRO,1.645
PNG_IRJA,2030,OSD,2.616
PNG_IRJA,2030,C_B,54.732
PNG_IRJA,2030,OTH_A,2.266
PNG_IRJA,2030,CEREAL,1.696
PNG_IRJA,2040,CROP_FLW,5.987
PNG_IRJA,2040,PDR,4.493
PNG_IRJA,2040,GRO,1.645
PNG_IRJA,2040,OSD,2.711
PNG_IRJA,2040,C_B,55.84
PNG_IRJA,2040,OTH_A,2.286
PNG_IRJA,2040,CEREAL,1.716
PNG_IRJA,2050,CROP_FLW,5.996
PNG_IRJA,2050,PDR,4.816
PNG_IRJA,2050,GRO,1.647
PNG_IRJA,2050,OSD,2.774
PNG_IRJA,2050,C_B,56.516
PNG_IRJA,2050,OTH_A,2.297
PNG_IRJA,2050,CEREAL,1.746
PNG_IRJA,2060,CROP_FLW,5.906
PNG_IRJA,2060,PDR,4.785
PNG_IRJA,2060,GRO,1.687
PNG_IRJA,2060,OSD,2.851
PNG_IRJA,2060,C_B,57.345
PNG_IRJA,2060,OTH_A,2.309
PNG_IRJA,2060,CEREAL,1.814
PNG_IRJA,2070,CROP_FLW,5.687
PNG_IRJA,2070,PDR,4.776
PNG_IRJA,2070,GRO,1.758
PNG_IRJA,2070,OSD,2.894
PNG_IRJA,2070,C_B,58.314
PNG_IRJA,2070,OTH_A,2.315
PNG_IRJA,2070,CEREAL,1.904
PNG_IRJA,2080,CROP_FLW,5.505
PNG_IRJA,2080,PDR,4.775
PNG_IRJA,2080,GRO,1.845
PNG_IRJA,2080,OSD,2.899
PNG_IRJA,2080,C_B,58.854
PNG_IRJA,2080,OTH_A,2.327
PNG_IRJA,2080,CEREAL,2.007
PNG_IRJA,2090,CROP_FLW,5.655
PNG_IRJA,2090,PDR,4.791
PNG_IRJA,2090,GRO,1.927
PNG_IRJA,2090,OSD,2.901
PNG_IRJA,2090,C_B,59.084
PNG_IRJA,2090,OTH_A,2.343
PNG_IRJA,2090,CEREAL,2.106
PNG_IRJA,2100,CROP_FLW,5.819
PNG_IRJA,2100,PDR,4.81
PNG_IRJA,2100,GRO,1.974
PNG_IRJA,2100,OSD,2.944
PNG_IRJA,2100,C_B,59.152
PNG_IRJA,2100,OTH_A,2.36
PNG_IRJA,2100,CEREAL,2.173
PNG_PNGC,2005,CROP_FLW,5.698
PNG_PNGC,2005,GRO,1.764
PNG_PNGC,2005,OSD,2.889
PNG_PNGC,2005,C_B,47.931
PNG_PNGC,2005,OTH_A,1.795
PNG_PNGC,2005,CEREAL,1.764
PNG_PNGC,2010,CROP_FLW,5.698
PNG_PNGC,2010,GRO,1.876
PNG_PNGC,2010,OSD,2.979
PNG_PNGC,2010,C_B,57.172
PNG_PNGC,2010,OTH_A,1.813
PNG_PNGC,2010,CEREAL,1.876
PNG_PNGC,2020,CROP_FLW,5.611
PNG_PNGC,2020,GRO,1.938
PNG_PNGC,2020,OSD,3.004
PNG_PNGC,2020,C_B,58.628
PNG_PNGC,2020,OTH_A,1.863
PNG_PNGC,2020,CEREAL,1.938
PNG_PNGC,2030,CROP_FLW,5.635
PNG_PNGC,2030,GRO,2.061
PNG_PNGC,2030,OSD,3.035
PNG_PNGC,2030,C_B,60.178
PNG_PNGC,2030,OTH_A,1.945
PNG_PNGC,2030,CEREAL,2.061
PNG_PNGC,2040,CROP_FLW,5.637
PNG_PNGC,2040,GRO,2.085
PNG_PNGC,2040,OSD,3.059
PNG_PNGC,2040,C_B,62.051
PNG_PNGC,2040,OTH_A,2.001
PNG_PNGC,2040,CEREAL,2.085
PNG_PNGC,2050,CROP_FLW,5.646
PNG_PNGC,2050,GRO,2.134
PNG_PNGC,2050,OSD,3.074
PNG_PNGC,2050,C_B,63.155
PNG_PNGC,2050,OTH_A,2.041
PNG_PNGC,2050,CEREAL,2.134
PNG_PNGC,2060,CROP_FLW,5.761
PNG_PNGC,2060,GRO,2.207
PNG_PNGC,2060,OSD,3.088
PNG_PNGC,2060,C_B,64.242
PNG_PNGC,2060,OTH_A,2.081
PNG_PNGC,2060,CEREAL,2.207
PNG_PNGC,2070,CROP_FLW,5.585
PNG_PNGC,2070,GRO,2.295
PNG_PNGC,2070,OSD,3.098
PNG_PNGC,2070,C_B,64.971
PNG_PNGC,2070,OTH_A,2.11
PNG_PNGC,2070,CEREAL,2.295
PNG_PNGC,2080,CROP_FLW,5.358
PNG_PNGC,2080,GRO,2.392
PNG_PNGC,2080,OSD,3.099
PNG_PNGC,2080,C_B,65.445
PNG_PNGC,2080,OTH_A,2.125
PNG_PNGC,2080,CEREAL,2.392
PNG_PNGC,2090,CROP_FLW,5.692
PNG_PNGC,2090,GRO,2.487
PNG_PNGC,2090,OSD,3.108
PNG_PNGC,2090,C_B,65.575
PNG_PNGC,2090,OTH_A,2.152
PNG_PNGC,2090,CEREAL,2.487
PNG_PNGC,2100,CROP_FLW,5.61
PNG_PNGC,2100,GRO,2.561
PNG_PNGC,2100,OSD,3.127
PNG_PNGC,2100,C_B,66.395
PNG_PNGC,2100,OTH_A,2.177
PNG_PNGC,2100,CEREAL,2.561
PNG_SEPI,2005,CROP_FLW,5.026
PNG_SEPI,2005,GRO,1.694
PNG_SEPI,2005,OSD,2.318
PNG_SEPI,2005,C_B,49.723
PNG_SEPI,2005,OTH_A,1.738
PNG_SEPI,2005,CEREAL,1.694
PNG_SEPI,2010,CROP_FLW,5.005
PNG_SEPI,2010,GRO,1.723
PNG_SEPI,2010,OSD,2.484
PNG_SEPI,2010,C_B,54.187
PNG_SEPI,2010,OTH_A,1.831
PNG_SEPI,2010,CEREAL,1.723
PNG_SEPI,2020,CROP_FLW,4.974
PNG_SEPI,2020,GRO,1.75
PNG_SEPI,2020,OSD,2.532
PNG_SEPI,2020,C_B,54.453
PNG_SEPI,2020,OTH_A,1.85
PNG_SEPI,2020,CEREAL,1.75
PNG_SEPI,2030,CROP_FLW,4.979
PNG_SEPI,2030,GRO,1.819
PNG_SEPI,2030,OSD,2.599
PNG_SEPI,2030,C_B,54.991
PNG_SEPI,2030,OTH_A,1.886
PNG_SEPI,2030,CEREAL,1.819
PNG_SEPI,2040,CROP_FLW,5.004
PNG_SEPI,2040,GRO,1.822
PNG_SEPI,2040,OSD,2.647
PNG_SEPI,2040,C_B,55.603
PNG_SEPI,2040,OTH_A,2.02
PNG_SEPI,2040,CEREAL,1.822
PNG_SEPI,2050,CROP_FLW,5.019
PNG_SEPI,2050,GRO,1.853
PNG_SEPI,2050,OSD,2.681
PNG_SEPI,2050,C_B,56.188
PNG_SEPI,2050,OTH_A,2.024
PNG_SEPI,2050,CEREAL,1.853
PNG_SEPI,2060,CROP_FLW,4.976
PNG_SEPI,2060,GRO,1.909
PNG_SEPI,2060,OSD,2.718
PNG_SEPI,2060,C_B,56.878
PNG_SEPI,2060,OTH_A,2.026
PNG_SEPI,2060,CEREAL,1.909
PNG_SEPI,2070,CROP_FLW,5.021
PNG_SEPI,2070,GRO,1.984
PNG_SEPI,2070,OSD,2.738
PNG_SEPI,2070,C_B,57.703
PNG_SEPI,2070,OTH_A,2.026
PNG_SEPI,2070,CEREAL,1.984
PNG_SEPI,2080,CROP_FLW,5.026
PNG_SEPI,2080,GRO,2.066
PNG_SEPI,2080,OSD,2.745
PNG_SEPI,2080,C_B,58.23
PNG_SEPI,2080,OTH_A,2.029
PNG_SEPI,2080,CEREAL,2.066
PNG_SEPI,2090,CROP_FLW,4.892
PNG_SEPI,2090,GRO,2.135
PNG_SEPI,2090,OSD,2.747
PNG_SEPI,2090,C_B,58.42
PNG_SEPI,2090,OTH_A,2.036
PNG_SEPI,2090,CEREAL,2.135
PNG_SEPI,2100,CROP_FLW,4.869
PNG_SEPI,2100,GRO,2.189
PNG_SEPI,2100,OSD,2.758
PNG_SEPI,2100,C_B,58.51
PNG_SEPI,2100,OTH_A,2.042
PNG_SEPI,2100,CEREAL,2.189
POL_ODER,2005,CROP_FLW,6.255
POL_ODER,2005,WHT,5.53
POL_ODER,2005,GRO,4.943
POL_ODER,2005,OSD,2.486
POL_ODER,2005,C_B,70.601
POL_ODER,2005,OTH_A,15.08
POL_ODER,2005,CEREAL,5.081
POL_ODER,2010,CROP_FLW,6.071
POL_ODER,2010,WHT,5.589
POL_ODER,2010,GRO,5.008
POL_ODER,2010,OSD,2.543
POL_ODER,2010,C_B,72.285
POL_ODER,2010,OTH_A,15.443
POL_ODER,2010,CEREAL,5.154
POL_ODER,2020,CROP_FLW,6.103
POL_ODER,2020,WHT,5.621
POL_ODER,2020,GRO,5.032
POL_ODER,2020,OSD,2.547
POL_ODER,2020,C_B,73.244
POL_ODER,2020,OTH_A,15.96
POL_ODER,2020,CEREAL,5.198
POL_ODER,2030,CROP_FLW,6.107
POL_ODER,2030,WHT,5.647
POL_ODER,2030,GRO,5.033
POL_ODER,2030,OSD,2.546
POL_ODER,2030,C_B,74.009
POL_ODER,2030,OTH_A,15.983
POL_ODER,2030,CEREAL,5.211
POL_ODER,2040,CROP_FLW,6.104
POL_ODER,2040,WHT,5.654
POL_ODER,2040,GRO,5.034
POL_ODER,2040,OSD,2.547
POL_ODER,2040,C_B,75.022
POL_ODER,2040,OTH_A,16.023
POL_ODER,2040,CEREAL,5.218
POL_ODER,2050,CROP_FLW,6.107
POL_ODER,2050,WHT,5.673
POL_ODER,2050,GRO,5.034
POL_ODER,2050,OSD,2.533
POL_ODER,2050,C_B,76.297
POL_ODER,2050,OTH_A,16.064
POL_ODER,2050,CEREAL,5.233
POL_ODER,2060,CROP_FLW,6.106
POL_ODER,2060,WHT,5.697
POL_ODER,2060,GRO,5.031
POL_ODER,2060,OSD,2.522
POL_ODER,2060,C_B,76.766
POL_ODER,2060,OTH_A,16.099
POL_ODER,2060,CEREAL,5.248
POL_ODER,2070,CROP_FLW,6.149
POL_ODER,2070,WHT,5.696
POL_ODER,2070,GRO,5.031
POL_ODER,2070,OSD,2.515
POL_ODER,2070,C_B,77.114
POL_ODER,2070,OTH_A,16.099
POL_ODER,2070,CEREAL,5.257
POL_ODER,2080,CROP_FLW,6.165
POL_ODER,2080,WHT,5.7
POL_ODER,2080,GRO,5.035
POL_ODER,2080,OSD,2.511
POL_ODER,2080,C_B,77.814
POL_ODER,2080,OTH_A,16.094
POL_ODER,2080,CEREAL,5.268
POL_ODER,2090,CROP_FLW,6.187
POL_ODER,2090,WHT,5.7
POL_ODER,2090,GRO,5.039
POL_ODER,2090,OSD,2.51
POL_ODER,2090,C_B,78.252
POL_ODER,2090,OTH_A,16.089
POL_ODER,2090,CEREAL,5.275
POL_ODER,2100,CROP_FLW,6.207
POL_ODER,2100,WHT,5.698
POL_ODER,2100,GRO,5.043
POL_ODER,2100,OSD,2.506
POL_ODER,2100,C_B,78.379
POL_ODER,2100,OTH_A,16.079
POL_ODER,2100,CEREAL,5.281
POL_PLCO,2005,CROP_FLW,5.651
POL_PLCO,2005,WHT,5.641
POL_PLCO,2005,GRO,4.957
POL_PLCO,2005,OSD,2.533
POL_PLCO,2005,C_B,69.851
POL_PLCO,2005,OTH_A,15.188
POL_PLCO,2005,CEREAL,5.126
POL_PLCO,2010,CROP_FLW,5.594
POL_PLCO,2010,WHT,5.715
POL_PLCO,2010,GRO,5.084
POL_PLCO,2010,OSD,2.533
POL_PLCO,2010,C_B,72.378
POL_PLCO,2010,OTH_A,15.23
POL_PLCO,2010,CEREAL,5.251
POL_PLCO,2020,CROP_FLW,5.645
POL_PLCO,2020,WHT,5.832
POL_PLCO,2020,GRO,5.177
POL_PLCO,2020,OSD,2.532
POL_PLCO,2020,C_B,73.271
POL_PLCO,2020,OTH_A,15.618
POL_PLCO,2020,CEREAL,5.387
POL_PLCO,2030,CROP_FLW,5.643
POL_PLCO,2030,WHT,5.875
POL_PLCO,2030,GRO,5.171
POL_PLCO,2030,OSD,2.544
POL_PLCO,2030,C_B,73.466
POL_PLCO,2030,OTH_A,15.683
POL_PLCO,2030,CEREAL,5.403
POL_PLCO,2040,CROP_FLW,5.642
POL_PLCO,2040,WHT,5.937
POL_PLCO,2040,GRO,5.179
POL_PLCO,2040,OSD,2.551
POL_PLCO,2040,C_B,73.618
POL_PLCO,2040,OTH_A,15.721
POL_PLCO,2040,CEREAL,5.436
POL_PLCO,2050,CROP_FLW,5.641
POL_PLCO,2050,WHT,5.991
POL_PLCO,2050,GRO,5.194
POL_PLCO,2050,OSD,2.56
POL_PLCO,2050,C_B,73.767
POL_PLCO,2050,OTH_A,15.779
POL_PLCO,2050,CEREAL,5.475
POL_PLCO,2060,CROP_FLW,5.64
POL_PLCO,2060,WHT,6.056
POL_PLCO,2060,GRO,5.189
POL_PLCO,2060,OSD,2.567
POL_PLCO,2060,C_B,73.913
POL_PLCO,2060,OTH_A,15.819
POL_PLCO,2060,CEREAL,5.51
POL_PLCO,2070,CROP_FLW,5.742
POL_PLCO,2070,WHT,6.057
POL_PLCO,2070,GRO,5.193
POL_PLCO,2070,OSD,2.569
POL_PLCO,2070,C_B,74.024
POL_PLCO,2070,OTH_A,15.886
POL_PLCO,2070,CEREAL,5.528
POL_PLCO,2080,CROP_FLW,5.69
POL_PLCO,2080,WHT,6.065
POL_PLCO,2080,GRO,5.199
POL_PLCO,2080,OSD,2.57
POL_PLCO,2080,C_B,74.097
POL_PLCO,2080,OTH_A,15.994
POL_PLCO,2080,CEREAL,5.548
POL_PLCO,2090,CROP_FLW,5.693
POL_PLCO,2090,WHT,6.067
POL_PLCO,2090,GRO,5.202
POL_PLCO,2090,OSD,2.572
POL_PLCO,2090,C_B,74.12
POL_PLCO,2090,OTH_A,16.084
POL_PLCO,2090,CEREAL,5.559
POL_PLCO,2100,CROP_FLW,5.842
POL_PLCO,2100,WHT,6.068
POL_PLCO,2100,GRO,5.195
POL_PLCO,2100,OSD,2.572
POL_PLCO,2100,C_B,74.128
POL_PLCO,2100,OTH_A,16.086
POL_PLCO,2100,CEREAL,5.562
POL_WISL,2005,CROP_FLW,5.86
POL_WISL,2005,WHT,5.739
POL_WISL,2005,GRO,5.021
POL_WISL,2005,OSD,2.505
POL_WISL,2005,C_B,73.636
POL_WISL,2005,OTH_A,15.554
POL_WISL,2005,CEREAL,5.206
POL_WISL,2010,CROP_FLW,5.697
POL_WISL,2010,WHT,5.835
POL_WISL,2010,GRO,5.12
POL_WISL,2010,OSD,2.626
POL_WISL,2010,C_B,76.186
POL_WISL,2010,OTH_A,15.724
POL_WISL,2010,CEREAL,5.316
POL_WISL,2020,CROP_FLW,5.868
POL_WISL,2020,WHT,5.896
POL_WISL,2020,GRO,5.17
POL_WISL,2020,OSD,2.644
POL_WISL,2020,C_B,76.668
POL_WISL,2020,OTH_A,16.054
POL_WISL,2020,CEREAL,5.399
POL_WISL,2030,CROP_FLW,5.856
POL_WISL,2030,WHT,5.922
POL_WISL,2030,GRO,5.168
POL_WISL,2030,OSD,2.658
POL_WISL,2030,C_B,76.911
POL_WISL,2030,OTH_A,16.075
POL_WISL,2030,CEREAL,5.413
POL_WISL,2040,CROP_FLW,5.848
POL_WISL,2040,WHT,5.943
POL_WISL,2040,GRO,5.17
POL_WISL,2040,OSD,2.681
POL_WISL,2040,C_B,77.085
POL_WISL,2040,OTH_A,16.103
POL_WISL,2040,CEREAL,5.426
POL_WISL,2050,CROP_FLW,5.833
POL_WISL,2050,WHT,5.967
POL_WISL,2050,GRO,5.174
POL_WISL,2050,OSD,2.698
POL_WISL,2050,C_B,77.546
POL_WISL,2050,OTH_A,16.153
POL_WISL,2050,CEREAL,5.449
POL_WISL,2060,CROP_FLW,5.832
POL_WISL,2060,WHT,5.996
POL_WISL,2060,GRO,5.18
POL_WISL,2060,OSD,2.732
POL_WISL,2060,C_B,77.959
POL_WISL,2060,OTH_A,16.195
POL_WISL,2060,CEREAL,5.477
POL_WISL,2070,CROP_FLW,5.879
POL_WISL,2070,WHT,6.005
POL_WISL,2070,GRO,5.179
POL_WISL,2070,OSD,2.727
POL_WISL,2070,C_B,78.131
POL_WISL,2070,OTH_A,16.214
POL_WISL,2070,CEREAL,5.493
POL_WISL,2080,CROP_FLW,5.9
POL_WISL,2080,WHT,6.002
POL_WISL,2080,GRO,5.182
POL_WISL,2080,OSD,2.73
POL_WISL,2080,C_B,78.24
POL_WISL,2080,OTH_A,16.216
POL_WISL,2080,CEREAL,5.503
POL_WISL,2090,CROP_FLW,5.897
POL_WISL,2090,WHT,5.999
POL_WISL,2090,GRO,5.188
POL_WISL,2090,OSD,2.735
POL_WISL,2090,C_B,78.302
POL_WISL,2090,OTH_A,16.216
POL_WISL,2090,CEREAL,5.513
POL_WISL,2100,CROP_FLW,6.038
POL_WISL,2100,WHT,5.995
POL_WISL,2100,GRO,5.182
POL_WISL,2100,OSD,2.733
POL_WISL,2100,C_B,78.3
POL_WISL,2100,OTH_A,16.225
POL_WISL,2100,CEREAL,5.513
PRK_BHKN,2005,CROP_FLW,3.659
PRK_BHKN,2010,CROP_FLW,3.659
PRK_BHKN,2020,CROP_FLW,3.659
PRK_BHKN,2030,CROP_FLW,3.659
PRK_BHKN,2040,CROP_FLW,3.658
PRK_BHKN,2050,CROP_FLW,3.654
PRK_BHKN,2060,CROP_FLW,3.648
PRK_BHKN,2070,CROP_FLW,3.642
PRK_BHKN,2080,CROP_FLW,3.637
PRK_BHKN,2090,CROP_FLW,3.633
PRK_BHKN,2100,CROP_FLW,3.632
PRK_NSKU,2005,CROP_FLW,5.158
PRK_NSKU,2010,CROP_FLW,5.158
PRK_NSKU,2020,CROP_FLW,5.157
PRK_NSKU,2030,CROP_FLW,5.156
PRK_NSKU,2040,CROP_FLW,5.155
PRK_NSKU,2050,CROP_FLW,5.154
PRK_NSKU,2060,CROP_FLW,5.154
PRK_NSKU,2070,CROP_FLW,5.153
PRK_NSKU,2080,CROP_FLW,5.152
PRK_NSKU,2090,CROP_FLW,5.152
PRK_NSKU,2100,CROP_FLW,5.151
PRK_RSEC,2005,CROP_FLW,3.106
PRK_RSEC,2010,CROP_FLW,3.106
PRK_RSEC,2020,CROP_FLW,3.107
PRK_RSEC,2030,CROP_FLW,3.107
PRK_RSEC,2040,CROP_FLW,3.107
PRK_RSEC,2050,CROP_FLW,3.107
PRK_RSEC,2060,CROP_FLW,3.107
PRK_RSEC,2070,CROP_FLW,3.107
PRK_RSEC,2080,CROP_FLW,3.107
PRK_RSEC,2090,CROP_FLW,3.107
PRK_RSEC,2100,CROP_FLW,3.108
PRT_DOUR,2005,CROP_FLW,6.334
PRT_DOUR,2005,PDR,5.164
PRT_DOUR,2005,WHT,5.363
PRT_DOUR,2005,GRO,5.02
PRT_DOUR,2005,OSD,2.915
PRT_DOUR,2005,C_B,72.351
PRT_DOUR,2005,OTH_A,14.362
PRT_DOUR,2005,CEREAL,5.076
PRT_DOUR,2010,CROP_FLW,6.113
PRT_DOUR,2010,PDR,4.952
PRT_DOUR,2010,WHT,5.75
PRT_DOUR,2010,GRO,5.394
PRT_DOUR,2010,OSD,2.899
PRT_DOUR,2010,C_B,151.929
PRT_DOUR,2010,OTH_A,14.566
PRT_DOUR,2010,CEREAL,5.422
PRT_DOUR,2020,CROP_FLW,6.05
PRT_DOUR,2020,PDR,4.896
PRT_DOUR,2020,WHT,5.915
PRT_DOUR,2020,GRO,5.426
PRT_DOUR,2020,OSD,2.844
PRT_DOUR,2020,C_B,150.62
PRT_DOUR,2020,OTH_A,14.896
PRT_DOUR,2020,CEREAL,5.45
PRT_DOUR,2030,CROP_FLW,5.983
PRT_DOUR,2030,PDR,4.874
PRT_DOUR,2030,WHT,5.966
PRT_DOUR,2030,GRO,5.646
PRT_DOUR,2030,OSD,2.888
PRT_DOUR,2030,C_B,149.367
PRT_DOUR,2030,OTH_A,15.408
PRT_DOUR,2030,CEREAL,5.653
PRT_DOUR,2040,CROP_FLW,5.928
PRT_DOUR,2040,PDR,4.822
PRT_DOUR,2040,WHT,6.027
PRT_DOUR,2040,GRO,5.798
PRT_DOUR,2040,OSD,2.873
PRT_DOUR,2040,C_B,148.28
PRT_DOUR,2040,OTH_A,15.77
PRT_DOUR,2040,CEREAL,5.792
PRT_DOUR,2050,CROP_FLW,5.881
PRT_DOUR,2050,PDR,4.797
PRT_DOUR,2050,WHT,6.057
PRT_DOUR,2050,GRO,5.87
PRT_DOUR,2050,OSD,2.835
PRT_DOUR,2050,C_B,147.609
PRT_DOUR,2050,OTH_A,16.105
PRT_DOUR,2050,CEREAL,5.857
PRT_DOUR,2060,CROP_FLW,5.885
PRT_DOUR,2060,PDR,4.838
PRT_DOUR,2060,WHT,6.093
PRT_DOUR,2060,GRO,6.113
PRT_DOUR,2060,OSD,2.833
PRT_DOUR,2060,C_B,149.159
PRT_DOUR,2060,OTH_A,16.773
PRT_DOUR,2060,CEREAL,6.079
PRT_DOUR,2070,CROP_FLW,5.942
PRT_DOUR,2070,PDR,4.884
PRT_DOUR,2070,WHT,6.151
PRT_DOUR,2070,GRO,6.018
PRT_DOUR,2070,OSD,2.957
PRT_DOUR,2070,C_B,152.559
PRT_DOUR,2070,OTH_A,17.846
PRT_DOUR,2070,CEREAL,5.997
PRT_DOUR,2080,CROP_FLW,5.937
PRT_DOUR,2080,PDR,4.918
PRT_DOUR,2080,WHT,6.177
PRT_DOUR,2080,GRO,6.339
PRT_DOUR,2080,OSD,3.096
PRT_DOUR,2080,C_B,152.806
PRT_DOUR,2080,OTH_A,18.967
PRT_DOUR,2080,CEREAL,6.277
PRT_DOUR,2090,CROP_FLW,5.849
PRT_DOUR,2090,PDR,5.04
PRT_DOUR,2090,WHT,6.201
PRT_DOUR,2090,GRO,6.399
PRT_DOUR,2090,OSD,3.16
PRT_DOUR,2090,C_B,152.984
PRT_DOUR,2090,OTH_A,20.331
PRT_DOUR,2090,CEREAL,6.331
PRT_DOUR,2100,CROP_FLW,5.803
PRT_DOUR,2100,PDR,5.09
PRT_DOUR,2100,WHT,6.224
PRT_DOUR,2100,GRO,6.447
PRT_DOUR,2100,OSD,3.208
PRT_DOUR,2100,C_B,153.2
PRT_DOUR,2100,OTH_A,21.841
PRT_DOUR,2100,CEREAL,6.372
PRT_GUAD,2005,CROP_FLW,5.636
PRT_GUAD,2005,PDR,5.05
PRT_GUAD,2005,WHT,5.367
PRT_GUAD,2005,GRO,4.995
PRT_GUAD,2005,OSD,2.341
PRT_GUAD,2005,C_B,68.363
PRT_GUAD,2005,OTH_A,14.468
PRT_GUAD,2005,CEREAL,5.173
PRT_GUAD,2010,CROP_FLW,5.471
PRT_GUAD,2010,PDR,4.663
PRT_GUAD,2010,WHT,6.144
PRT_GUAD,2010,GRO,5.202
PRT_GUAD,2010,OSD,2.336
PRT_GUAD,2010,C_B,112.659
PRT_GUAD,2010,OTH_A,14.891
PRT_GUAD,2010,CEREAL,5.458
PRT_GUAD,2020,CROP_FLW,5.452
PRT_GUAD,2020,PDR,4.548
PRT_GUAD,2020,WHT,6.334
PRT_GUAD,2020,GRO,5.679
PRT_GUAD,2020,OSD,2.282
PRT_GUAD,2020,C_B,111.754
PRT_GUAD,2020,OTH_A,15.241
PRT_GUAD,2020,CEREAL,5.744
PRT_GUAD,2030,CROP_FLW,5.44
PRT_GUAD,2030,PDR,4.486
PRT_GUAD,2030,WHT,6.367
PRT_GUAD,2030,GRO,6.03
PRT_GUAD,2030,OSD,2.325
PRT_GUAD,2030,C_B,110.337
PRT_GUAD,2030,OTH_A,15.861
PRT_GUAD,2030,CEREAL,5.955
PRT_GUAD,2040,CROP_FLW,5.432
PRT_GUAD,2040,PDR,4.348
PRT_GUAD,2040,WHT,6.383
PRT_GUAD,2040,GRO,6.292
PRT_GUAD,2040,OSD,2.29
PRT_GUAD,2040,C_B,107.94
PRT_GUAD,2040,OTH_A,16.17
PRT_GUAD,2040,CEREAL,6.071
PRT_GUAD,2050,CROP_FLW,5.443
PRT_GUAD,2050,PDR,4.284
PRT_GUAD,2050,WHT,6.386
PRT_GUAD,2050,GRO,6.621
PRT_GUAD,2050,OSD,2.236
PRT_GUAD,2050,C_B,106.966
PRT_GUAD,2050,OTH_A,16.542
PRT_GUAD,2050,CEREAL,6.223
PRT_GUAD,2060,CROP_FLW,5.428
PRT_GUAD,2060,PDR,4.326
PRT_GUAD,2060,WHT,6.385
PRT_GUAD,2060,GRO,7.111
PRT_GUAD,2060,OSD,2.223
PRT_GUAD,2060,C_B,106.695
PRT_GUAD,2060,OTH_A,17.254
PRT_GUAD,2060,CEREAL,6.469
PRT_GUAD,2070,CROP_FLW,5.401
PRT_GUAD,2070,PDR,4.354
PRT_GUAD,2070,WHT,6.4
PRT_GUAD,2070,GRO,7.336
PRT_GUAD,2070,OSD,2.275
PRT_GUAD,2070,C_B,108.507
PRT_GUAD,2070,OTH_A,18.392
PRT_GUAD,2070,CEREAL,6.532
PRT_GUAD,2080,CROP_FLW,5.431
PRT_GUAD,2080,PDR,4.396
PRT_GUAD,2080,WHT,6.436
PRT_GUAD,2080,GRO,7.882
PRT_GUAD,2080,OSD,2.366
PRT_GUAD,2080,C_B,112.841
PRT_GUAD,2080,OTH_A,19.972
PRT_GUAD,2080,CEREAL,6.738
PRT_GUAD,2090,CROP_FLW,5.476
PRT_GUAD,2090,PDR,4.582
PRT_GUAD,2090,WHT,6.496
PRT_GUAD,2090,GRO,8.316
PRT_GUAD,2090,OSD,2.463
PRT_GUAD,2090,C_B,112.729
PRT_GUAD,2090,OTH_A,21.939
PRT_GUAD,2090,CEREAL,6.931
PRT_GUAD,2100,CROP_FLW,5.528
PRT_GUAD,2100,PDR,4.732
PRT_GUAD,2100,WHT,6.569
PRT_GUAD,2100,GRO,8.317
PRT_GUAD,2100,OSD,2.572
PRT_GUAD,2100,C_B,112.74
PRT_GUAD,2100,OTH_A,24.489
PRT_GUAD,2100,CEREAL,6.933
PRT_SPAC,2005,CROP_FLW,6.129
PRT_SPAC,2005,PDR,5.663
PRT_SPAC,2005,WHT,5.605
PRT_SPAC,2005,GRO,5.084
PRT_SPAC,2005,OSD,2.624
PRT_SPAC,2005,OTH_A,15.395
PRT_SPAC,2005,CEREAL,5.279
PRT_SPAC,2010,CROP_FLW,5.879
PRT_SPAC,2010,PDR,6.337
PRT_SPAC,2010,WHT,6.583
PRT_SPAC,2010,GRO,5.527
PRT_SPAC,2010,OSD,2.686
PRT_SPAC,2010,OTH_A,15.92
PRT_SPAC,2010,CEREAL,5.807
PRT_SPAC,2020,CROP_FLW,5.768
PRT_SPAC,2020,PDR,6.509
PRT_SPAC,2020,WHT,6.895
PRT_SPAC,2020,GRO,5.779
PRT_SPAC,2020,OSD,2.731
PRT_SPAC,2020,OTH_A,16.341
PRT_SPAC,2020,CEREAL,6.025
PRT_SPAC,2030,CROP_FLW,5.736
PRT_SPAC,2030,PDR,6.604
PRT_SPAC,2030,WHT,6.908
PRT_SPAC,2030,GRO,6.094
PRT_SPAC,2030,OSD,2.783
PRT_SPAC,2030,OTH_A,17.206
PRT_SPAC,2030,CEREAL,6.279
PRT_SPAC,2040,CROP_FLW,5.752
PRT_SPAC,2040,PDR,6.798
PRT_SPAC,2040,WHT,6.913
PRT_SPAC,2040,GRO,6.277
PRT_SPAC,2040,OSD,2.795
PRT_SPAC,2040,OTH_A,17.756
PRT_SPAC,2040,CEREAL,6.448
PRT_SPAC,2050,CROP_FLW,5.722
PRT_SPAC,2050,PDR,6.892
PRT_SPAC,2050,WHT,6.913
PRT_SPAC,2050,GRO,6.42
PRT_SPAC,2050,OSD,2.8
PRT_SPAC,2050,OTH_A,18.319
PRT_SPAC,2050,CEREAL,6.571
PRT_SPAC,2060,CROP_FLW,5.701
PRT_SPAC,2060,PDR,7.005
PRT_SPAC,2060,WHT,6.899
PRT_SPAC,2060,GRO,6.437
PRT_SPAC,2060,OSD,2.806
PRT_SPAC,2060,OTH_A,19.423
PRT_SPAC,2060,CEREAL,6.611
PRT_SPAC,2070,CROP_FLW,5.797
PRT_SPAC,2070,PDR,7.088
PRT_SPAC,2070,WHT,6.849
PRT_SPAC,2070,GRO,6.309
PRT_SPAC,2070,OSD,2.904
PRT_SPAC,2070,OTH_A,21.191
PRT_SPAC,2070,CEREAL,6.555
PRT_SPAC,2080,CROP_FLW,5.891
PRT_SPAC,2080,PDR,7.152
PRT_SPAC,2080,WHT,6.804
PRT_SPAC,2080,GRO,6.375
PRT_SPAC,2080,OSD,2.937
PRT_SPAC,2080,OTH_A,23.132
PRT_SPAC,2080,CEREAL,6.623
PRT_SPAC,2090,CROP_FLW,5.94
PRT_SPAC,2090,PDR,7.107
PRT_SPAC,2090,WHT,6.669
PRT_SPAC,2090,GRO,6.384
PRT_SPAC,2090,OSD,2.995
PRT_SPAC,2090,OTH_A,25.32
PRT_SPAC,2090,CEREAL,6.604
PRT_SPAC,2100,CROP_FLW,5.975
PRT_SPAC,2100,PDR,7.318
PRT_SPAC,2100,WHT,6.701
PRT_SPAC,2100,GRO,6.385
PRT_SPAC,2100,OSD,3.049
PRT_SPAC,2100,OTH_A,27.061
PRT_SPAC,2100,CEREAL,6.671
PRT_TAGU,2005,CROP_FLW,6.254
PRT_TAGU,2005,PDR,5.364
PRT_TAGU,2005,WHT,5.266
PRT_TAGU,2005,GRO,5.268
PRT_TAGU,2005,OSD,2.962
PRT_TAGU,2005,OTH_A,15.414
PRT_TAGU,2005,CEREAL,5.278
PRT_TAGU,2010,CROP_FLW,6.154
PRT_TAGU,2010,PDR,5.17
PRT_TAGU,2010,WHT,5.957
PRT_TAGU,2010,GRO,5.639
PRT_TAGU,2010,OSD,2.889
PRT_TAGU,2010,OTH_A,15.871
PRT_TAGU,2010,CEREAL,5.586
PRT_TAGU,2020,CROP_FLW,6.065
PRT_TAGU,2020,PDR,5.121
PRT_TAGU,2020,WHT,6.624
PRT_TAGU,2020,GRO,5.814
PRT_TAGU,2020,OSD,2.743
PRT_TAGU,2020,OTH_A,16.26
PRT_TAGU,2020,CEREAL,5.728
PRT_TAGU,2030,CROP_FLW,5.956
PRT_TAGU,2030,PDR,5.092
PRT_TAGU,2030,WHT,6.68
PRT_TAGU,2030,GRO,6.097
PRT_TAGU,2030,OSD,2.794
PRT_TAGU,2030,OTH_A,17.033
PRT_TAGU,2030,CEREAL,5.928
PRT_TAGU,2040,CROP_FLW,5.922
PRT_TAGU,2040,PDR,5.036
PRT_TAGU,2040,WHT,6.736
PRT_TAGU,2040,GRO,6.313
PRT_TAGU,2040,OSD,2.723
PRT_TAGU,2040,OTH_A,17.518
PRT_TAGU,2040,CEREAL,6.048
PRT_TAGU,2050,CROP_FLW,5.911
PRT_TAGU,2050,PDR,5.016
PRT_TAGU,2050,WHT,6.766
PRT_TAGU,2050,GRO,6.563
PRT_TAGU,2050,OSD,2.641
PRT_TAGU,2050,OTH_A,18.024
PRT_TAGU,2050,CEREAL,6.201
PRT_TAGU,2060,CROP_FLW,5.906
PRT_TAGU,2060,PDR,5.116
PRT_TAGU,2060,WHT,6.792
PRT_TAGU,2060,GRO,6.681
PRT_TAGU,2060,OSD,2.613
PRT_TAGU,2060,OTH_A,18.909
PRT_TAGU,2060,CEREAL,6.29
PRT_TAGU,2070,CROP_FLW,5.935
PRT_TAGU,2070,PDR,5.158
PRT_TAGU,2070,WHT,6.828
PRT_TAGU,2070,GRO,6.601
PRT_TAGU,2070,OSD,2.717
PRT_TAGU,2070,OTH_A,20.205
PRT_TAGU,2070,CEREAL,6.21
PRT_TAGU,2080,CROP_FLW,5.924
PRT_TAGU,2080,PDR,5.194
PRT_TAGU,2080,WHT,6.863
PRT_TAGU,2080,GRO,6.471
PRT_TAGU,2080,OSD,2.873
PRT_TAGU,2080,OTH_A,21.571
PRT_TAGU,2080,CEREAL,6.103
PRT_TAGU,2090,CROP_FLW,5.92
PRT_TAGU,2090,PDR,5.279
PRT_TAGU,2090,WHT,6.847
PRT_TAGU,2090,GRO,6.315
PRT_TAGU,2090,OSD,3.028
PRT_TAGU,2090,OTH_A,21.337
PRT_TAGU,2090,CEREAL,6.019
PRT_TAGU,2100,CROP_FLW,5.935
PRT_TAGU,2100,PDR,5.374
PRT_TAGU,2100,WHT,6.948
PRT_TAGU,2100,GRO,6.35
PRT_TAGU,2100,OSD,3.219
PRT_TAGU,2100,OTH_A,23.822
PRT_TAGU,2100,CEREAL,6.068
PRY_LAPL,2005,CROP_FLW,7.651
PRY_LAPL,2005,PDR,4.256
PRY_LAPL,2005,WHT,3.329
PRY_LAPL,2005,GRO,3.651
PRY_LAPL,2005,OSD,4.086
PRY_LAPL,2005,C_B,66.804
PRY_LAPL,2005,OTH_A,2.961
PRY_LAPL,2005,CEREAL,3.564
PRY_LAPL,2010,CROP_FLW,7.647
PRY_LAPL,2010,PDR,6.358
PRY_LAPL,2010,WHT,3.344
PRY_LAPL,2010,GRO,3.795
PRY_LAPL,2010,OSD,4.064
PRY_LAPL,2010,C_B,71.008
PRY_LAPL,2010,OTH_A,2.994
PRY_LAPL,2010,CEREAL,3.73
PRY_LAPL,2020,CROP_FLW,7.639
PRY_LAPL,2020,PDR,7.174
PRY_LAPL,2020,WHT,3.417
PRY_LAPL,2020,GRO,3.872
PRY_LAPL,2020,OSD,4.02
PRY_LAPL,2020,C_B,72.724
PRY_LAPL,2020,OTH_A,3.095
PRY_LAPL,2020,CEREAL,3.963
PRY_LAPL,2030,CROP_FLW,7.639
PRY_LAPL,2030,PDR,7.612
PRY_LAPL,2030,WHT,3.502
PRY_LAPL,2030,GRO,4.02
PRY_LAPL,2030,OSD,4.023
PRY_LAPL,2030,C_B,74.489
PRY_LAPL,2030,OTH_A,3.128
PRY_LAPL,2030,CEREAL,4.112
PRY_LAPL,2040,CROP_FLW,7.655
PRY_LAPL,2040,PDR,7.572
PRY_LAPL,2040,WHT,3.525
PRY_LAPL,2040,GRO,4.047
PRY_LAPL,2040,OSD,4.063
PRY_LAPL,2040,C_B,73.304
PRY_LAPL,2040,OTH_A,3.199
PRY_LAPL,2040,CEREAL,4.139
PRY_LAPL,2050,CROP_FLW,7.724
PRY_LAPL,2050,PDR,7.563
PRY_LAPL,2050,WHT,3.554
PRY_LAPL,2050,GRO,4.057
PRY_LAPL,2050,OSD,4.103
PRY_LAPL,2050,C_B,71.47
PRY_LAPL,2050,OTH_A,3.279
PRY_LAPL,2050,CEREAL,4.159
PRY_LAPL,2060,CROP_FLW,7.8
PRY_LAPL,2060,PDR,7.766
PRY_LAPL,2060,WHT,3.571
PRY_LAPL,2060,GRO,4.133
PRY_LAPL,2060,OSD,4.132
PRY_LAPL,2060,C_B,69.186
PRY_LAPL,2060,OTH_A,3.395
PRY_LAPL,2060,CEREAL,4.224
PRY_LAPL,2070,CROP_FLW,7.778
PRY_LAPL,2070,PDR,8.311
PRY_LAPL,2070,WHT,3.586
PRY_LAPL,2070,GRO,4.336
PRY_LAPL,2070,OSD,4.187
PRY_LAPL,2070,C_B,67.304
PRY_LAPL,2070,OTH_A,3.599
PRY_LAPL,2070,CEREAL,4.368
PRY_LAPL,2080,CROP_FLW,7.808
PRY_LAPL,2080,PDR,8.309
PRY_LAPL,2080,WHT,3.58
PRY_LAPL,2080,GRO,4.334
PRY_LAPL,2080,OSD,4.195
PRY_LAPL,2080,C_B,65.138
PRY_LAPL,2080,OTH_A,3.667
PRY_LAPL,2080,CEREAL,4.364
PRY_LAPL,2090,CROP_FLW,7.812
PRY_LAPL,2090,PDR,8.515
PRY_LAPL,2090,WHT,3.616
PRY_LAPL,2090,GRO,4.389
PRY_LAPL,2090,OSD,4.172
PRY_LAPL,2090,C_B,67.102
PRY_LAPL,2090,OTH_A,3.79
PRY_LAPL,2090,CEREAL,4.429
PRY_LAPL,2100,CROP_FLW,7.812
PRY_LAPL,2100,PDR,8.639
PRY_LAPL,2100,WHT,3.637
PRY_LAPL,2100,GRO,4.426
PRY_LAPL,2100,OSD,4.125
PRY_LAPL,2100,C_B,67.913
PRY_LAPL,2100,OTH_A,3.991
PRY_LAPL,2100,CEREAL,4.478
QAT_ARPA,2005,CROP_FLW,5.141
QAT_ARPA,2010,CROP_FLW,5.141
QAT_ARPA,2020,CROP_FLW,5.141
QAT_ARPA,2030,CROP_FLW,5.14
QAT_ARPA,2040,CROP_FLW,5.139
QAT_ARPA,2050,CROP_FLW,5.139
QAT_ARPA,2060,CROP_FLW,5.138
QAT_ARPA,2070,CROP_FLW,5.137
QAT_ARPA,2080,CROP_FLW,5.137
QAT_ARPA,2090,CROP_FLW,5.136
QAT_ARPA,2100,CROP_FLW,5.135
ROU_DANU,2005,CROP_FLW,4.518
ROU_DANU,2005,PDR,9.467
ROU_DANU,2005,WHT,1.936
ROU_DANU,2005,GRO,2.771
ROU_DANU,2005,OSD,1.281
ROU_DANU,2005,C_B,9.632
ROU_DANU,2005,OTH_A,0.528
ROU_DANU,2005,CEREAL,2.439
ROU_DANU,2010,CROP_FLW,4.396
ROU_DANU,2010,PDR,12.914
ROU_DANU,2010,WHT,1.967
ROU_DANU,2010,GRO,2.879
ROU_DANU,2010,OSD,1.318
ROU_DANU,2010,C_B,9.915
ROU_DANU,2010,OTH_A,0.533
ROU_DANU,2010,CEREAL,2.526
ROU_DANU,2020,CROP_FLW,4.337
ROU_DANU,2020,PDR,13.072
ROU_DANU,2020,WHT,2.002
ROU_DANU,2020,GRO,2.967
ROU_DANU,2020,OSD,1.335
ROU_DANU,2020,C_B,11.533
ROU_DANU,2020,OTH_A,0.542
ROU_DANU,2020,CEREAL,2.629
ROU_DANU,2030,CROP_FLW,4.337
ROU_DANU,2030,PDR,13.635
ROU_DANU,2030,WHT,2.076
ROU_DANU,2030,GRO,2.995
ROU_DANU,2030,OSD,1.347
ROU_DANU,2030,C_B,12.048
ROU_DANU,2030,OTH_A,0.545
ROU_DANU,2030,CEREAL,2.669
ROU_DANU,2040,CROP_FLW,4.334
ROU_DANU,2040,PDR,13.943
ROU_DANU,2040,WHT,2.101
ROU_DANU,2040,GRO,3.019
ROU_DANU,2040,OSD,1.354
ROU_DANU,2040,C_B,12.388
ROU_DANU,2040,OTH_A,0.551
ROU_DANU,2040,CEREAL,2.697
ROU_DANU,2050,CROP_FLW,4.394
ROU_DANU,2050,PDR,13.973
ROU_DANU,2050,WHT,2.105
ROU_DANU,2050,GRO,3.028
ROU_DANU,2050,OSD,1.357
ROU_DANU,2050,C_B,12.39
ROU_DANU,2050,OTH_A,0.552
ROU_DANU,2050,CEREAL,2.707
ROU_DANU,2060,CROP_FLW,4.481
ROU_DANU,2060,PDR,14.016
ROU_DANU,2060,WHT,2.106
ROU_DANU,2060,GRO,3.037
ROU_DANU,2060,OSD,1.358
ROU_DANU,2060,C_B,12.431
ROU_DANU,2060,OTH_A,0.549
ROU_DANU,2060,CEREAL,2.713
ROU_DANU,2070,CROP_FLW,4.432
ROU_DANU,2070,PDR,14.043
ROU_DANU,2070,WHT,2.107
ROU_DANU,2070,GRO,3.078
ROU_DANU,2070,OSD,1.364
ROU_DANU,2070,C_B,12.469
ROU_DANU,2070,OTH_A,0.554
ROU_DANU,2070,CEREAL,2.728
ROU_DANU,2080,CROP_FLW,4.495
ROU_DANU,2080,PDR,14.06
ROU_DANU,2080,WHT,2.113
ROU_DANU,2080,GRO,3.087
ROU_DANU,2080,OSD,1.367
ROU_DANU,2080,C_B,12.577
ROU_DANU,2080,OTH_A,0.552
ROU_DANU,2080,CEREAL,2.731
ROU_DANU,2090,CROP_FLW,4.536
ROU_DANU,2090,PDR,14.073
ROU_DANU,2090,WHT,2.119
ROU_DANU,2090,GRO,3.096
ROU_DANU,2090,OSD,1.369
ROU_DANU,2090,C_B,12.667
ROU_DANU,2090,OTH_A,0.551
ROU_DANU,2090,CEREAL,2.736
ROU_DANU,2100,CROP_FLW,4.583
ROU_DANU,2100,PDR,14.085
ROU_DANU,2100,WHT,2.124
ROU_DANU,2100,GRO,3.104
ROU_DANU,2100,OSD,1.373
ROU_DANU,2100,C_B,12.798
ROU_DANU,2100,OTH_A,0.549
ROU_DANU,2100,CEREAL,2.743
RUS_AMUR,2005,CROP_FLW,2.998
RUS_AMUR,2005,PDR,2.245
RUS_AMUR,2005,WHT,1.84
RUS_AMUR,2005,GRO,1.906
RUS_AMUR,2005,OSD,1.442
RUS_AMUR,2005,OTH_A,1.75
RUS_AMUR,2005,CEREAL,1.873
RUS_AMUR,2010,CROP_FLW,2.905
RUS_AMUR,2010,PDR,4.03
RUS_AMUR,2010,WHT,1.955
RUS_AMUR,2010,GRO,1.977
RUS_AMUR,2010,OSD,1.468
RUS_AMUR,2010,OTH_A,1.766
RUS_AMUR,2010,CEREAL,1.985
RUS_AMUR,2020,CROP_FLW,2.826
RUS_AMUR,2020,PDR,4.667
RUS_AMUR,2020,WHT,2.01
RUS_AMUR,2020,GRO,2.251
RUS_AMUR,2020,OSD,1.48
RUS_AMUR,2020,OTH_A,1.835
RUS_AMUR,2020,CEREAL,2.143
RUS_AMUR,2030,CROP_FLW,2.788
RUS_AMUR,2030,PDR,5.085
RUS_AMUR,2030,WHT,2.09
RUS_AMUR,2030,GRO,2.301
RUS_AMUR,2030,OSD,1.482
RUS_AMUR,2030,OTH_A,1.86
RUS_AMUR,2030,CEREAL,2.208
RUS_AMUR,2040,CROP_FLW,2.789
RUS_AMUR,2040,PDR,5.691
RUS_AMUR,2040,WHT,2.094
RUS_AMUR,2040,GRO,2.346
RUS_AMUR,2040,OSD,1.48
RUS_AMUR,2040,OTH_A,1.87
RUS_AMUR,2040,CEREAL,2.232
RUS_AMUR,2050,CROP_FLW,2.782
RUS_AMUR,2050,PDR,6.275
RUS_AMUR,2050,WHT,2.099
RUS_AMUR,2050,GRO,2.367
RUS_AMUR,2050,OSD,1.477
RUS_AMUR,2050,OTH_A,1.89
RUS_AMUR,2050,CEREAL,2.245
RUS_AMUR,2060,CROP_FLW,2.75
RUS_AMUR,2060,PDR,6.669
RUS_AMUR,2060,WHT,2.115
RUS_AMUR,2060,GRO,2.382
RUS_AMUR,2060,OSD,1.485
RUS_AMUR,2060,OTH_A,1.919
RUS_AMUR,2060,CEREAL,2.26
RUS_AMUR,2070,CROP_FLW,2.753
RUS_AMUR,2070,PDR,6.736
RUS_AMUR,2070,WHT,2.132
RUS_AMUR,2070,GRO,2.403
RUS_AMUR,2070,OSD,1.503
RUS_AMUR,2070,OTH_A,1.953
RUS_AMUR,2070,CEREAL,2.277
RUS_AMUR,2080,CROP_FLW,2.737
RUS_AMUR,2080,PDR,6.756
RUS_AMUR,2080,WHT,2.149
RUS_AMUR,2080,GRO,2.408
RUS_AMUR,2080,OSD,1.514
RUS_AMUR,2080,OTH_A,1.989
RUS_AMUR,2080,CEREAL,2.289
RUS_AMUR,2090,CROP_FLW,2.734
RUS_AMUR,2090,PDR,6.763
RUS_AMUR,2090,WHT,2.163
RUS_AMUR,2090,GRO,2.475
RUS_AMUR,2090,OSD,1.517
RUS_AMUR,2090,OTH_A,2.01
RUS_AMUR,2090,CEREAL,2.331
RUS_AMUR,2100,CROP_FLW,2.731
RUS_AMUR,2100,PDR,6.763
RUS_AMUR,2100,WHT,2.165
RUS_AMUR,2100,GRO,2.586
RUS_AMUR,2100,OSD,1.517
RUS_AMUR,2100,OTH_A,2.022
RUS_AMUR,2100,CEREAL,2.392
RUS_LENA,2005,CROP_FLW,2.422
RUS_LENA,2005,OTH_A,1.829
RUS_LENA,2010,CROP_FLW,2.422
RUS_LENA,2010,OTH_A,2.379
RUS_LENA,2020,CROP_FLW,2.424
RUS_LENA,2020,OTH_A,2.524
RUS_LENA,2030,CROP_FLW,2.425
RUS_LENA,2030,OTH_A,2.533
RUS_LENA,2040,CROP_FLW,2.425
RUS_LENA,2040,OTH_A,2.54
RUS_LENA,2050,CROP_FLW,2.425
RUS_LENA,2050,OTH_A,2.547
RUS_LENA,2060,CROP_FLW,2.426
RUS_LENA,2060,OTH_A,2.549
RUS_LENA,2070,CROP_FLW,2.426
RUS_LENA,2070,OTH_A,2.549
RUS_LENA,2080,CROP_FLW,2.427
RUS_LENA,2080,OTH_A,2.552
RUS_LENA,2090,CROP_FLW,2.429
RUS_LENA,2090,OTH_A,2.556
RUS_LENA,2100,CROP_FLW,2.43
RUS_LENA,2100,OTH_A,2.559
RUS_OBBB,2005,CROP_FLW,2.914
RUS_OBBB,2005,WHT,2.13
RUS_OBBB,2005,GRO,2.208
RUS_OBBB,2005,OSD,1.508
RUS_OBBB,2005,C_B,26.767
RUS_OBBB,2005,OTH_A,1.902
RUS_OBBB,2005,CEREAL,2.163
RUS_OBBB,2010,CROP_FLW,2.83
RUS_OBBB,2010,WHT,2.198
RUS_OBBB,2010,GRO,2.345
RUS_OBBB,2010,OSD,1.514
RUS_OBBB,2010,C_B,30.451
RUS_OBBB,2010,OTH_A,1.944
RUS_OBBB,2010,CEREAL,2.251
RUS_OBBB,2020,CROP_FLW,2.744
RUS_OBBB,2020,WHT,2.191
RUS_OBBB,2020,GRO,2.474
RUS_OBBB,2020,OSD,1.549
RUS_OBBB,2020,C_B,31.963
RUS_OBBB,2020,OTH_A,1.979
RUS_OBBB,2020,CEREAL,2.308
RUS_OBBB,2030,CROP_FLW,2.744
RUS_OBBB,2030,WHT,2.362
RUS_OBBB,2030,GRO,2.542
RUS_OBBB,2030,OSD,1.568
RUS_OBBB,2030,C_B,32.173
RUS_OBBB,2030,OTH_A,1.988
RUS_OBBB,2030,CEREAL,2.436
RUS_OBBB,2040,CROP_FLW,2.746
RUS_OBBB,2040,WHT,2.422
RUS_OBBB,2040,GRO,2.593
RUS_OBBB,2040,OSD,1.592
RUS_OBBB,2040,C_B,32.265
RUS_OBBB,2040,OTH_A,1.995
RUS_OBBB,2040,CEREAL,2.494
RUS_OBBB,2050,CROP_FLW,2.748
RUS_OBBB,2050,WHT,2.472
RUS_OBBB,2050,GRO,2.641
RUS_OBBB,2050,OSD,1.607
RUS_OBBB,2050,C_B,32.384
RUS_OBBB,2050,OTH_A,1.996
RUS_OBBB,2050,CEREAL,2.544
RUS_OBBB,2060,CROP_FLW,2.748
RUS_OBBB,2060,WHT,2.5
RUS_OBBB,2060,GRO,2.695
RUS_OBBB,2060,OSD,1.614
RUS_OBBB,2060,C_B,32.515
RUS_OBBB,2060,OTH_A,2.002
RUS_OBBB,2060,CEREAL,2.583
RUS_OBBB,2070,CROP_FLW,2.732
RUS_OBBB,2070,WHT,2.529
RUS_OBBB,2070,GRO,2.743
RUS_OBBB,2070,OSD,1.619
RUS_OBBB,2070,C_B,32.679
RUS_OBBB,2070,OTH_A,2.012
RUS_OBBB,2070,CEREAL,2.621
RUS_OBBB,2080,CROP_FLW,2.731
RUS_OBBB,2080,WHT,2.554
RUS_OBBB,2080,GRO,2.795
RUS_OBBB,2080,OSD,1.62
RUS_OBBB,2080,C_B,32.897
RUS_OBBB,2080,OTH_A,2.028
RUS_OBBB,2080,CEREAL,2.659
RUS_OBBB,2090,CROP_FLW,2.731
RUS_OBBB,2090,WHT,2.568
RUS_OBBB,2090,GRO,2.85
RUS_OBBB,2090,OSD,1.625
RUS_OBBB,2090,C_B,32.962
RUS_OBBB,2090,OTH_A,2.033
RUS_OBBB,2090,CEREAL,2.695
RUS_OBBB,2100,CROP_FLW,2.732
RUS_OBBB,2100,WHT,2.6
RUS_OBBB,2100,GRO,2.883
RUS_OBBB,2100,OSD,1.63
RUS_OBBB,2100,C_B,33.031
RUS_OBBB,2100,OTH_A,2.048
RUS_OBBB,2100,CEREAL,2.731
RUS_SNCO,2005,CROP_FLW,2.708
RUS_SNCO,2010,CROP_FLW,2.708
RUS_SNCO,2020,CROP_FLW,2.708
RUS_SNCO,2030,CROP_FLW,2.708
RUS_SNCO,2040,CROP_FLW,2.708
RUS_SNCO,2050,CROP_FLW,2.708
RUS_SNCO,2060,CROP_FLW,2.708
RUS_SNCO,2070,CROP_FLW,2.708
RUS_SNCO,2080,CROP_FLW,2.708
RUS_SNCO,2090,CROP_FLW,2.708
RUS_SNCO,2100,CROP_FLW,2.709
RUS_SWCO,2005,CROP_FLW,1.957
RUS_SWCO,2010,CROP_FLW,1.957
RUS_SWCO,2020,CROP_FLW,1.957
RUS_SWCO,2030,CROP_FLW,1.957
RUS_SWCO,2040,CROP_FLW,1.957
RUS_SWCO,2050,CROP_FLW,1.957
RUS_SWCO,2060,CROP_FLW,1.957
RUS_SWCO,2070,CROP_FLW,1.957
RUS_SWCO,2080,CROP_FLW,1.957
RUS_SWCO,2090,CROP_FLW,1.957
RUS_SWCO,2100,CROP_FLW,1.957
RUS_VOLG,2005,CROP_FLW,3.127
RUS_VOLG,2005,PDR,3.794
RUS_VOLG,2005,WHT,1.937
RUS_VOLG,2005,GRO,2.116
RUS_VOLG,2005,OSD,1.457
RUS_VOLG,2005,C_B,26.064
RUS_VOLG,2005,OTH_A,1.863
RUS_VOLG,2005,CEREAL,2.022
RUS_VOLG,2010,CROP_FLW,3.008
RUS_VOLG,2010,PDR,7.541
RUS_VOLG,2010,WHT,2.08
RUS_VOLG,2010,GRO,2.25
RUS_VOLG,2010,OSD,1.597
RUS_VOLG,2010,C_B,30.167
RUS_VOLG,2010,OTH_A,1.869
RUS_VOLG,2010,CEREAL,2.188
RUS_VOLG,2020,CROP_FLW,2.939
RUS_VOLG,2020,PDR,9.133
RUS_VOLG,2020,WHT,2.149
RUS_VOLG,2020,GRO,2.618
RUS_VOLG,2020,OSD,1.641
RUS_VOLG,2020,C_B,31.741
RUS_VOLG,2020,OTH_A,1.882
RUS_VOLG,2020,CEREAL,2.396
RUS_VOLG,2030,CROP_FLW,2.94
RUS_VOLG,2030,PDR,9.71
RUS_VOLG,2030,WHT,2.259
RUS_VOLG,2030,GRO,2.687
RUS_VOLG,2030,OSD,1.651
RUS_VOLG,2030,C_B,31.701
RUS_VOLG,2030,OTH_A,1.885
RUS_VOLG,2030,CEREAL,2.485
RUS_VOLG,2040,CROP_FLW,2.944
RUS_VOLG,2040,PDR,10.761
RUS_VOLG,2040,WHT,2.266
RUS_VOLG,2040,GRO,2.746
RUS_VOLG,2040,OSD,1.662
RUS_VOLG,2040,C_B,31.854
RUS_VOLG,2040,OTH_A,1.885
RUS_VOLG,2040,CEREAL,2.515
RUS_VOLG,2050,CROP_FLW,2.943
RUS_VOLG,2050,PDR,11.697
RUS_VOLG,2050,WHT,2.29
RUS_VOLG,2050,GRO,2.81
RUS_VOLG,2050,OSD,1.671
RUS_VOLG,2050,C_B,31.913
RUS_VOLG,2050,OTH_A,1.886
RUS_VOLG,2050,CEREAL,2.556
RUS_VOLG,2060,CROP_FLW,2.94
RUS_VOLG,2060,PDR,12.696
RUS_VOLG,2060,WHT,2.292
RUS_VOLG,2060,GRO,2.858
RUS_VOLG,2060,OSD,1.675
RUS_VOLG,2060,C_B,31.994
RUS_VOLG,2060,OTH_A,1.894
RUS_VOLG,2060,CEREAL,2.578
RUS_VOLG,2070,CROP_FLW,2.927
RUS_VOLG,2070,PDR,12.72
RUS_VOLG,2070,WHT,2.295
RUS_VOLG,2070,GRO,2.898
RUS_VOLG,2070,OSD,1.687
RUS_VOLG,2070,C_B,32.129
RUS_VOLG,2070,OTH_A,1.91
RUS_VOLG,2070,CEREAL,2.594
RUS_VOLG,2080,CROP_FLW,2.913
RUS_VOLG,2080,PDR,12.744
RUS_VOLG,2080,WHT,2.308
RUS_VOLG,2080,GRO,2.938
RUS_VOLG,2080,OSD,1.706
RUS_VOLG,2080,C_B,32.391
RUS_VOLG,2080,OTH_A,1.943
RUS_VOLG,2080,CEREAL,2.622
RUS_VOLG,2090,CROP_FLW,2.899
RUS_VOLG,2090,PDR,12.762
RUS_VOLG,2090,WHT,2.332
RUS_VOLG,2090,GRO,2.984
RUS_VOLG,2090,OSD,1.723
RUS_VOLG,2090,C_B,32.62
RUS_VOLG,2090,OTH_A,1.965
RUS_VOLG,2090,CEREAL,2.663
RUS_VOLG,2100,CROP_FLW,2.89
RUS_VOLG,2100,PDR,12.767
RUS_VOLG,2100,WHT,2.355
RUS_VOLG,2100,GRO,3.009
RUS_VOLG,2100,OSD,1.741
RUS_VOLG,2100,C_B,32.876
RUS_VOLG,2100,OTH_A,1.969
RUS_VOLG,2100,CEREAL,2.693
RUS_YENS,2005,CROP_FLW,2.547
RUS_YENS,2005,WHT,1.931
RUS_YENS,2005,GRO,2.185
RUS_YENS,2005,OTH_A,1.842
RUS_YENS,2005,CEREAL,2.023
RUS_YENS,2010,CROP_FLW,2.566
RUS_YENS,2010,WHT,1.979
RUS_YENS,2010,GRO,2.261
RUS_YENS,2010,OTH_A,1.853
RUS_YENS,2010,CEREAL,2.069
RUS_YENS,2020,CROP_FLW,2.589
RUS_YENS,2020,WHT,2.004
RUS_YENS,2020,GRO,2.328
RUS_YENS,2020,OTH_A,1.885
RUS_YENS,2020,CEREAL,2.123
RUS_YENS,2030,CROP_FLW,2.585
RUS_YENS,2030,WHT,2.059
RUS_YENS,2030,GRO,2.376
RUS_YENS,2030,OTH_A,1.888
RUS_YENS,2030,CEREAL,2.174
RUS_YENS,2040,CROP_FLW,2.566
RUS_YENS,2040,WHT,2.063
RUS_YENS,2040,GRO,2.378
RUS_YENS,2040,OTH_A,1.898
RUS_YENS,2040,CEREAL,2.179
RUS_YENS,2050,CROP_FLW,2.568
RUS_YENS,2050,WHT,2.075
RUS_YENS,2050,GRO,2.391
RUS_YENS,2050,OTH_A,1.915
RUS_YENS,2050,CEREAL,2.193
RUS_YENS,2060,CROP_FLW,2.588
RUS_YENS,2060,WHT,2.09
RUS_YENS,2060,GRO,2.42
RUS_YENS,2060,OTH_A,1.931
RUS_YENS,2060,CEREAL,2.214
RUS_YENS,2070,CROP_FLW,2.606
RUS_YENS,2070,WHT,2.104
RUS_YENS,2070,GRO,2.45
RUS_YENS,2070,OTH_A,1.949
RUS_YENS,2070,CEREAL,2.235
RUS_YENS,2080,CROP_FLW,2.623
RUS_YENS,2080,WHT,2.12
RUS_YENS,2080,GRO,2.469
RUS_YENS,2080,OTH_A,1.968
RUS_YENS,2080,CEREAL,2.255
RUS_YENS,2090,CROP_FLW,2.613
RUS_YENS,2090,WHT,2.13
RUS_YENS,2090,GRO,2.474
RUS_YENS,2090,OTH_A,1.973
RUS_YENS,2090,CEREAL,2.267
RUS_YENS,2100,CROP_FLW,2.531
RUS_YENS,2100,WHT,2.116
RUS_YENS,2100,GRO,2.507
RUS_YENS,2100,OTH_A,1.974
RUS_YENS,2100,CEREAL,2.276
RWA_CONG,2005,CROP_FLW,4.025
RWA_CONG,2005,PDR,1.81
RWA_CONG,2005,WHT,1.816
RWA_CONG,2005,GRO,0.777
RWA_CONG,2005,OSD,0.889
RWA_CONG,2005,C_B,55.143
RWA_CONG,2005,OTH_A,0.634
RWA_CONG,2005,CEREAL,0.851
RWA_CONG,2010,CROP_FLW,4.042
RWA_CONG,2010,PDR,1.842
RWA_CONG,2010,WHT,1.946
RWA_CONG,2010,GRO,0.763
RWA_CONG,2010,OSD,0.776
RWA_CONG,2010,C_B,69.926
RWA_CONG,2010,OTH_A,0.639
RWA_CONG,2010,CEREAL,0.806
RWA_CONG,2020,CROP_FLW,3.914
RWA_CONG,2020,PDR,2.859
RWA_CONG,2020,WHT,1.969
RWA_CONG,2020,GRO,0.787
RWA_CONG,2020,OSD,0.884
RWA_CONG,2020,C_B,81.402
RWA_CONG,2020,OTH_A,0.658
RWA_CONG,2020,CEREAL,0.903
RWA_CONG,2030,CROP_FLW,3.925
RWA_CONG,2030,PDR,3.146
RWA_CONG,2030,WHT,1.943
RWA_CONG,2030,GRO,0.794
RWA_CONG,2030,OSD,0.913
RWA_CONG,2030,C_B,83.886
RWA_CONG,2030,OTH_A,0.656
RWA_CONG,2030,CEREAL,0.933
RWA_CONG,2040,CROP_FLW,4.158
RWA_CONG,2040,PDR,3.215
RWA_CONG,2040,WHT,1.962
RWA_CONG,2040,GRO,0.801
RWA_CONG,2040,OSD,0.932
RWA_CONG,2040,C_B,84.067
RWA_CONG,2040,OTH_A,0.677
RWA_CONG,2040,CEREAL,0.96
RWA_CONG,2050,CROP_FLW,4.217
RWA_CONG,2050,PDR,3.54
RWA_CONG,2050,WHT,1.998
RWA_CONG,2050,GRO,0.825
RWA_CONG,2050,OSD,1.027
RWA_CONG,2050,C_B,95.246
RWA_CONG,2050,OTH_A,0.71
RWA_CONG,2050,CEREAL,1.015
RWA_CONG,2060,CROP_FLW,4.135
RWA_CONG,2060,PDR,4.037
RWA_CONG,2060,WHT,2.038
RWA_CONG,2060,GRO,0.852
RWA_CONG,2060,OSD,1.036
RWA_CONG,2060,C_B,97.634
RWA_CONG,2060,OTH_A,0.722
RWA_CONG,2060,CEREAL,1.082
RWA_CONG,2070,CROP_FLW,4.129
RWA_CONG,2070,PDR,4.274
RWA_CONG,2070,WHT,2.066
RWA_CONG,2070,GRO,0.875
RWA_CONG,2070,OSD,1.04
RWA_CONG,2070,C_B,100.974
RWA_CONG,2070,OTH_A,0.736
RWA_CONG,2070,CEREAL,1.124
RWA_CONG,2080,CROP_FLW,4.17
RWA_CONG,2080,PDR,4.302
RWA_CONG,2080,WHT,2.1
RWA_CONG,2080,GRO,0.879
RWA_CONG,2080,OSD,1.04
RWA_CONG,2080,C_B,104.171
RWA_CONG,2080,OTH_A,0.745
RWA_CONG,2080,CEREAL,1.129
RWA_CONG,2090,CROP_FLW,4.143
RWA_CONG,2090,PDR,4.302
RWA_CONG,2090,WHT,2.123
RWA_CONG,2090,GRO,0.882
RWA_CONG,2090,OSD,1.04
RWA_CONG,2090,C_B,103.139
RWA_CONG,2090,OTH_A,0.753
RWA_CONG,2090,CEREAL,1.142
RWA_CONG,2100,CROP_FLW,4.12
RWA_CONG,2100,PDR,4.302
RWA_CONG,2100,WHT,2.135
RWA_CONG,2100,GRO,0.882
RWA_CONG,2100,OSD,1.041
RWA_CONG,2100,C_B,102.163
RWA_CONG,2100,OTH_A,0.758
RWA_CONG,2100,CEREAL,1.154
RWA_NILE,2005,CROP_FLW,5.206
RWA_NILE,2005,PDR,2.078
RWA_NILE,2005,WHT,2.655
RWA_NILE,2005,GRO,1.19
RWA_NILE,2005,OSD,1.028
RWA_NILE,2005,C_B,60.44
RWA_NILE,2005,OTH_A,0.971
RWA_NILE,2005,CEREAL,1.25
RWA_NILE,2010,CROP_FLW,5.204
RWA_NILE,2010,PDR,2.128
RWA_NILE,2010,WHT,3.213
RWA_NILE,2010,GRO,1.183
RWA_NILE,2010,OSD,1.066
RWA_NILE,2010,C_B,124.912
RWA_NILE,2010,OTH_A,0.986
RWA_NILE,2010,CEREAL,1.221
RWA_NILE,2020,CROP_FLW,5.339
RWA_NILE,2020,PDR,3.084
RWA_NILE,2020,WHT,3.312
RWA_NILE,2020,GRO,1.247
RWA_NILE,2020,OSD,1.119
RWA_NILE,2020,C_B,145.821
RWA_NILE,2020,OTH_A,1.023
RWA_NILE,2020,CEREAL,1.335
RWA_NILE,2030,CROP_FLW,5.303
RWA_NILE,2030,PDR,3.16
RWA_NILE,2030,WHT,3.355
RWA_NILE,2030,GRO,1.27
RWA_NILE,2030,OSD,1.119
RWA_NILE,2030,C_B,145.67
RWA_NILE,2030,OTH_A,1.071
RWA_NILE,2030,CEREAL,1.367
RWA_NILE,2040,CROP_FLW,5.579
RWA_NILE,2040,PDR,3.374
RWA_NILE,2040,WHT,3.51
RWA_NILE,2040,GRO,1.296
RWA_NILE,2040,OSD,1.119
RWA_NILE,2040,C_B,150.575
RWA_NILE,2040,OTH_A,1.126
RWA_NILE,2040,CEREAL,1.407
RWA_NILE,2050,CROP_FLW,6.199
RWA_NILE,2050,PDR,3.895
RWA_NILE,2050,WHT,3.748
RWA_NILE,2050,GRO,1.311
RWA_NILE,2050,OSD,1.119
RWA_NILE,2050,C_B,174.584
RWA_NILE,2050,OTH_A,1.166
RWA_NILE,2050,CEREAL,1.452
RWA_NILE,2060,CROP_FLW,6.28
RWA_NILE,2060,PDR,4.24
RWA_NILE,2060,WHT,4.061
RWA_NILE,2060,GRO,1.352
RWA_NILE,2060,OSD,1.119
RWA_NILE,2060,C_B,187.784
RWA_NILE,2060,OTH_A,1.224
RWA_NILE,2060,CEREAL,1.516
RWA_NILE,2070,CROP_FLW,6.24
RWA_NILE,2070,PDR,4.293
RWA_NILE,2070,WHT,4.521
RWA_NILE,2070,GRO,1.425
RWA_NILE,2070,OSD,1.119
RWA_NILE,2070,C_B,188.707
RWA_NILE,2070,OTH_A,1.284
RWA_NILE,2070,CEREAL,1.594
RWA_NILE,2080,CROP_FLW,6.155
RWA_NILE,2080,PDR,4.293
RWA_NILE,2080,WHT,4.655
RWA_NILE,2080,GRO,1.514
RWA_NILE,2080,OSD,1.119
RWA_NILE,2080,C_B,189.544
RWA_NILE,2080,OTH_A,1.292
RWA_NILE,2080,CEREAL,1.679
RWA_NILE,2090,CROP_FLW,6.292
RWA_NILE,2090,PDR,4.293
RWA_NILE,2090,WHT,4.655
RWA_NILE,2090,GRO,1.555
RWA_NILE,2090,OSD,1.119
RWA_NILE,2090,C_B,189.316
RWA_NILE,2090,OTH_A,1.292
RWA_NILE,2090,CEREAL,1.722
RWA_NILE,2100,CROP_FLW,6.294
RWA_NILE,2100,PDR,4.293
RWA_NILE,2100,WHT,4.655
RWA_NILE,2100,GRO,1.57
RWA_NILE,2100,OSD,1.119
RWA_NILE,2100,C_B,189.149
RWA_NILE,2100,OTH_A,1.292
RWA_NILE,2100,CEREAL,1.745
SAU_ARPA,2005,CROP_FLW,4.617
SAU_ARPA,2005,WHT,2.074
SAU_ARPA,2005,GRO,1.629
SAU_ARPA,2005,OTH_A,5.949
SAU_ARPA,2005,CEREAL,2.031
SAU_ARPA,2010,CROP_FLW,4.611
SAU_ARPA,2010,WHT,2.561
SAU_ARPA,2010,GRO,1.878
SAU_ARPA,2010,OTH_A,4.858
SAU_ARPA,2010,CEREAL,2.473
SAU_ARPA,2020,CROP_FLW,4.614
SAU_ARPA,2020,WHT,2.787
SAU_ARPA,2020,GRO,1.103
SAU_ARPA,2020,OTH_A,6.459
SAU_ARPA,2020,CEREAL,2.256
SAU_ARPA,2030,CROP_FLW,4.623
SAU_ARPA,2030,WHT,2.938
SAU_ARPA,2030,GRO,1.31
SAU_ARPA,2030,OTH_A,7.384
SAU_ARPA,2030,CEREAL,2.375
SAU_ARPA,2040,CROP_FLW,4.64
SAU_ARPA,2040,WHT,3.123
SAU_ARPA,2040,GRO,1.66
SAU_ARPA,2040,OTH_A,7.565
SAU_ARPA,2040,CEREAL,2.555
SAU_ARPA,2050,CROP_FLW,4.809
SAU_ARPA,2050,WHT,3.135
SAU_ARPA,2050,GRO,1.642
SAU_ARPA,2050,OTH_A,7.288
SAU_ARPA,2050,CEREAL,2.546
SAU_ARPA,2060,CROP_FLW,4.809
SAU_ARPA,2060,WHT,2.992
SAU_ARPA,2060,GRO,1.594
SAU_ARPA,2060,OTH_A,6.918
SAU_ARPA,2060,CEREAL,2.446
SAU_ARPA,2070,CROP_FLW,4.81
SAU_ARPA,2070,WHT,2.979
SAU_ARPA,2070,GRO,1.701
SAU_ARPA,2070,OTH_A,7.059
SAU_ARPA,2070,CEREAL,2.501
SAU_ARPA,2080,CROP_FLW,4.811
SAU_ARPA,2080,WHT,3.139
SAU_ARPA,2080,GRO,1.739
SAU_ARPA,2080,OTH_A,7.548
SAU_ARPA,2080,CEREAL,2.647
SAU_ARPA,2090,CROP_FLW,4.807
SAU_ARPA,2090,WHT,3.176
SAU_ARPA,2090,GRO,1.927
SAU_ARPA,2090,OTH_A,7.655
SAU_ARPA,2090,CEREAL,2.744
SAU_ARPA,2100,CROP_FLW,4.803
SAU_ARPA,2100,WHT,3.207
SAU_ARPA,2100,GRO,2.112
SAU_ARPA,2100,OTH_A,7.764
SAU_ARPA,2100,CEREAL,2.822
SAU_RSEE,2005,CROP_FLW,4.163
SAU_RSEE,2005,WHT,1.613
SAU_RSEE,2005,GRO,1.815
SAU_RSEE,2005,OSD,1.572
SAU_RSEE,2005,OTH_A,4.709
SAU_RSEE,2005,CEREAL,1.731
SAU_RSEE,2010,CROP_FLW,4.112
SAU_RSEE,2010,WHT,2.377
SAU_RSEE,2010,GRO,2.429
SAU_RSEE,2010,OSD,1.56
SAU_RSEE,2010,OTH_A,4.186
SAU_RSEE,2010,CEREAL,2.407
SAU_RSEE,2020,CROP_FLW,4.151
SAU_RSEE,2020,WHT,2.343
SAU_RSEE,2020,GRO,0.851
SAU_RSEE,2020,OSD,1.615
SAU_RSEE,2020,OTH_A,5.199
SAU_RSEE,2020,CEREAL,1.021
SAU_RSEE,2030,CROP_FLW,4.14
SAU_RSEE,2030,WHT,2.358
SAU_RSEE,2030,GRO,1.289
SAU_RSEE,2030,OSD,1.624
SAU_RSEE,2030,OTH_A,6.32
SAU_RSEE,2030,CEREAL,1.408
SAU_RSEE,2040,CROP_FLW,4.185
SAU_RSEE,2040,WHT,2.263
SAU_RSEE,2040,GRO,1.736
SAU_RSEE,2040,OSD,1.67
SAU_RSEE,2040,OTH_A,7.023
SAU_RSEE,2040,CEREAL,1.794
SAU_RSEE,2050,CROP_FLW,4.182
SAU_RSEE,2050,WHT,2.288
SAU_RSEE,2050,GRO,1.957
SAU_RSEE,2050,OSD,1.722
SAU_RSEE,2050,OTH_A,7.027
SAU_RSEE,2050,CEREAL,1.995
SAU_RSEE,2060,CROP_FLW,4.183
SAU_RSEE,2060,WHT,2.255
SAU_RSEE,2060,GRO,2.08
SAU_RSEE,2060,OSD,1.684
SAU_RSEE,2060,OTH_A,6.771
SAU_RSEE,2060,CEREAL,2.102
SAU_RSEE,2070,CROP_FLW,4.181
SAU_RSEE,2070,WHT,2.218
SAU_RSEE,2070,GRO,2.238
SAU_RSEE,2070,OSD,1.669
SAU_RSEE,2070,OTH_A,6.785
SAU_RSEE,2070,CEREAL,2.235
SAU_RSEE,2080,CROP_FLW,4.177
SAU_RSEE,2080,WHT,2.253
SAU_RSEE,2080,GRO,2.409
SAU_RSEE,2080,OSD,1.727
SAU_RSEE,2080,OTH_A,7.427
SAU_RSEE,2080,CEREAL,2.384
SAU_RSEE,2090,CROP_FLW,4.157
SAU_RSEE,2090,WHT,2.3
SAU_RSEE,2090,GRO,2.46
SAU_RSEE,2090,OSD,1.771
SAU_RSEE,2090,OTH_A,8.219
SAU_RSEE,2090,CEREAL,2.434
SAU_RSEE,2100,CROP_FLW,4.165
SAU_RSEE,2100,WHT,2.269
SAU_RSEE,2100,GRO,2.329
SAU_RSEE,2100,OSD,1.7
SAU_RSEE,2100,OTH_A,8.893
SAU_RSEE,2100,CEREAL,2.319
SDN_ANIN,2005,CROP_FLW,5.527
SDN_ANIN,2005,OTH_A,1.217
SDN_ANIN,2010,CROP_FLW,5.283
SDN_ANIN,2010,OTH_A,1.199
SDN_ANIN,2020,CROP_FLW,5.273
SDN_ANIN,2020,OTH_A,1.534
SDN_ANIN,2030,CROP_FLW,6.685
SDN_ANIN,2030,OTH_A,1.656
SDN_ANIN,2040,CROP_FLW,3.983
SDN_ANIN,2040,OTH_A,1.718
SDN_ANIN,2050,CROP_FLW,3.996
SDN_ANIN,2050,OTH_A,1.721
SDN_ANIN,2060,CROP_FLW,4.012
SDN_ANIN,2060,OTH_A,1.723
SDN_ANIN,2070,CROP_FLW,4.015
SDN_ANIN,2070,OTH_A,1.723
SDN_ANIN,2080,CROP_FLW,4.016
SDN_ANIN,2080,OTH_A,1.723
SDN_ANIN,2090,CROP_FLW,4.016
SDN_ANIN,2090,OTH_A,1.723
SDN_ANIN,2100,CROP_FLW,4.016
SDN_ANIN,2100,OTH_A,1.646
SDN_ARGA,2005,CROP_FLW,4.445
SDN_ARGA,2005,PDR,1.093
SDN_ARGA,2005,C_B,64.707
SDN_ARGA,2005,OTH_A,1.037
SDN_ARGA,2005,CEREAL,1.093
SDN_ARGA,2010,CROP_FLW,4.445
SDN_ARGA,2010,PDR,1.093
SDN_ARGA,2010,C_B,64.707
SDN_ARGA,2010,OTH_A,1.037
SDN_ARGA,2010,CEREAL,1.093
SDN_ARGA,2020,CROP_FLW,3.885
SDN_ARGA,2020,PDR,1.148
SDN_ARGA,2020,C_B,64.031
SDN_ARGA,2020,OTH_A,1.095
SDN_ARGA,2020,CEREAL,1.148
SDN_ARGA,2030,CROP_FLW,4.31
SDN_ARGA,2030,PDR,1.416
SDN_ARGA,2030,C_B,85.709
SDN_ARGA,2030,OTH_A,1.406
SDN_ARGA,2030,CEREAL,1.416
SDN_ARGA,2040,CROP_FLW,4.188
SDN_ARGA,2040,PDR,2.424
SDN_ARGA,2040,C_B,135.289
SDN_ARGA,2040,OTH_A,1.94
SDN_ARGA,2040,CEREAL,2.424
SDN_ARGA,2050,CROP_FLW,3.262
SDN_ARGA,2050,PDR,3.095
SDN_ARGA,2050,C_B,139.637
SDN_ARGA,2050,OTH_A,2.27
SDN_ARGA,2050,CEREAL,3.095
SDN_ARGA,2060,CROP_FLW,2.987
SDN_ARGA,2060,PDR,3.399
SDN_ARGA,2060,C_B,143.058
SDN_ARGA,2060,OTH_A,2.504
SDN_ARGA,2060,CEREAL,3.399
SDN_ARGA,2070,CROP_FLW,2.825
SDN_ARGA,2070,PDR,3.467
SDN_ARGA,2070,C_B,143.466
SDN_ARGA,2070,OTH_A,2.777
SDN_ARGA,2070,CEREAL,3.467
SDN_ARGA,2080,CROP_FLW,2.797
SDN_ARGA,2080,PDR,3.747
SDN_ARGA,2080,C_B,91.542
SDN_ARGA,2080,OTH_A,2.964
SDN_ARGA,2080,CEREAL,3.747
SDN_ARGA,2090,CROP_FLW,2.792
SDN_ARGA,2090,PDR,3.978
SDN_ARGA,2090,C_B,56.757
SDN_ARGA,2090,OTH_A,3.032
SDN_ARGA,2090,CEREAL,3.978
SDN_ARGA,2100,CROP_FLW,2.795
SDN_ARGA,2100,PDR,4.092
SDN_ARGA,2100,C_B,43.467
SDN_ARGA,2100,OTH_A,3.019
SDN_ARGA,2100,CEREAL,4.092
SDN_LCHA,2005,CROP_FLW,5.253
SDN_LCHA,2005,PDR,1.731
SDN_LCHA,2005,GRO,1.011
SDN_LCHA,2005,OSD,0.898
SDN_LCHA,2005,OTH_A,0.821
SDN_LCHA,2005,CEREAL,1.013
SDN_LCHA,2010,CROP_FLW,5.253
SDN_LCHA,2010,PDR,1.731
SDN_LCHA,2010,GRO,1.011
SDN_LCHA,2010,OSD,0.898
SDN_LCHA,2010,OTH_A,0.821
SDN_LCHA,2010,CEREAL,1.013
SDN_LCHA,2020,CROP_FLW,5.283
SDN_LCHA,2020,PDR,1.798
SDN_LCHA,2020,GRO,1.064
SDN_LCHA,2020,OSD,0.899
SDN_LCHA,2020,OTH_A,0.853
SDN_LCHA,2020,CEREAL,1.066
SDN_LCHA,2030,CROP_FLW,5.155
SDN_LCHA,2030,PDR,2.115
SDN_LCHA,2030,GRO,1.378
SDN_LCHA,2030,OSD,1.012
SDN_LCHA,2030,OTH_A,1.131
SDN_LCHA,2030,CEREAL,1.38
SDN_LCHA,2040,CROP_FLW,5.396
SDN_LCHA,2040,PDR,2.52
SDN_LCHA,2040,GRO,1.826
SDN_LCHA,2040,OSD,1.049
SDN_LCHA,2040,OTH_A,1.512
SDN_LCHA,2040,CEREAL,1.828
SDN_LCHA,2050,CROP_FLW,5.32
SDN_LCHA,2050,PDR,2.661
SDN_LCHA,2050,GRO,2.049
SDN_LCHA,2050,OSD,1.07
SDN_LCHA,2050,OTH_A,1.664
SDN_LCHA,2050,CEREAL,2.051
SDN_LCHA,2060,CROP_FLW,5.852
SDN_LCHA,2060,PDR,2.719
SDN_LCHA,2060,GRO,2.192
SDN_LCHA,2060,OSD,1.088
SDN_LCHA,2060,OTH_A,1.766
SDN_LCHA,2060,CEREAL,2.196
SDN_LCHA,2070,CROP_FLW,5.703
SDN_LCHA,2070,PDR,2.834
SDN_LCHA,2070,GRO,2.381
SDN_LCHA,2070,OSD,1.11
SDN_LCHA,2070,OTH_A,1.916
SDN_LCHA,2070,CEREAL,2.385
SDN_LCHA,2080,CROP_FLW,5.684
SDN_LCHA,2080,PDR,3.016
SDN_LCHA,2080,GRO,2.538
SDN_LCHA,2080,OSD,1.144
SDN_LCHA,2080,OTH_A,2.106
SDN_LCHA,2080,CEREAL,2.542
SDN_LCHA,2090,CROP_FLW,5.819
SDN_LCHA,2090,PDR,3.289
SDN_LCHA,2090,GRO,2.538
SDN_LCHA,2090,OSD,1.193
SDN_LCHA,2090,OTH_A,2.106
SDN_LCHA,2090,CEREAL,2.544
SDN_LCHA,2100,CROP_FLW,5.242
SDN_LCHA,2100,PDR,3.431
SDN_LCHA,2100,GRO,2.539
SDN_LCHA,2100,OSD,1.219
SDN_LCHA,2100,OTH_A,2.106
SDN_LCHA,2100,CEREAL,2.547
SDN_NILE,2005,CROP_FLW,4.458
SDN_NILE,2005,PDR,1.609
SDN_NILE,2005,WHT,2.37
SDN_NILE,2005,GRO,0.992
SDN_NILE,2005,OSD,0.891
SDN_NILE,2005,C_B,58.731
SDN_NILE,2005,OTH_A,0.758
SDN_NILE,2005,CEREAL,1.037
SDN_NILE,2010,CROP_FLW,4.458
SDN_NILE,2010,PDR,1.609
SDN_NILE,2010,WHT,2.37
SDN_NILE,2010,GRO,0.992
SDN_NILE,2010,OSD,0.891
SDN_NILE,2010,C_B,58.731
SDN_NILE,2010,OTH_A,0.758
SDN_NILE,2010,CEREAL,1.037
SDN_NILE,2020,CROP_FLW,4.307
SDN_NILE,2020,PDR,1.632
SDN_NILE,2020,WHT,2.587
SDN_NILE,2020,GRO,1.047
SDN_NILE,2020,OSD,0.929
SDN_NILE,2020,C_B,59.849
SDN_NILE,2020,OTH_A,0.797
SDN_NILE,2020,CEREAL,1.096
SDN_NILE,2030,CROP_FLW,5.016
SDN_NILE,2030,PDR,1.943
SDN_NILE,2030,WHT,3.456
SDN_NILE,2030,GRO,1.238
SDN_NILE,2030,OSD,1.074
SDN_NILE,2030,C_B,78.023
SDN_NILE,2030,OTH_A,0.967
SDN_NILE,2030,CEREAL,1.313
SDN_NILE,2040,CROP_FLW,5.403
SDN_NILE,2040,PDR,2.543
SDN_NILE,2040,WHT,5.222
SDN_NILE,2040,GRO,1.646
SDN_NILE,2040,OSD,1.231
SDN_NILE,2040,C_B,144.274
SDN_NILE,2040,OTH_A,1.377
SDN_NILE,2040,CEREAL,1.771
SDN_NILE,2050,CROP_FLW,5.149
SDN_NILE,2050,PDR,2.857
SDN_NILE,2050,WHT,6.753
SDN_NILE,2050,GRO,2.019
SDN_NILE,2050,OSD,1.338
SDN_NILE,2050,C_B,155.814
SDN_NILE,2050,OTH_A,1.913
SDN_NILE,2050,CEREAL,2.192
SDN_NILE,2060,CROP_FLW,4.918
SDN_NILE,2060,PDR,3.121
SDN_NILE,2060,WHT,8.199
SDN_NILE,2060,GRO,2.44
SDN_NILE,2060,OSD,1.481
SDN_NILE,2060,C_B,158.031
SDN_NILE,2060,OTH_A,2.323
SDN_NILE,2060,CEREAL,2.676
SDN_NILE,2070,CROP_FLW,4.739
SDN_NILE,2070,PDR,3.369
SDN_NILE,2070,WHT,9.243
SDN_NILE,2070,GRO,2.782
SDN_NILE,2070,OSD,1.556
SDN_NILE,2070,C_B,159.397
SDN_NILE,2070,OTH_A,2.527
SDN_NILE,2070,CEREAL,3.093
SDN_NILE,2080,CROP_FLW,4.495
SDN_NILE,2080,PDR,3.483
SDN_NILE,2080,WHT,9.878
SDN_NILE,2080,GRO,3.079
SDN_NILE,2080,OSD,1.573
SDN_NILE,2080,C_B,158.248
SDN_NILE,2080,OTH_A,2.701
SDN_NILE,2080,CEREAL,3.559
SDN_NILE,2090,CROP_FLW,3.855
SDN_NILE,2090,PDR,3.637
SDN_NILE,2090,WHT,10.253
SDN_NILE,2090,GRO,3.217
SDN_NILE,2090,OSD,1.59
SDN_NILE,2090,C_B,159.074
SDN_NILE,2090,OTH_A,2.881
SDN_NILE,2090,CEREAL,3.897
SDN_NILE,2100,CROP_FLW,4.844
SDN_NILE,2100,PDR,3.705
SDN_NILE,2100,WHT,10.433
SDN_NILE,2100,GRO,3.303
SDN_NILE,2100,OSD,1.6
SDN_NILE,2100,C_B,159.591
SDN_NILE,2100,OTH_A,2.892
SDN_NILE,2100,CEREAL,4.162
SEN_AFWC,2005,CROP_FLW,5.442
SEN_AFWC,2005,PDR,1.948
SEN_AFWC,2005,GRO,1.04
SEN_AFWC,2005,OSD,0.885
SEN_AFWC,2005,C_B,48.152
SEN_AFWC,2005,OTH_A,0.833
SEN_AFWC,2005,CEREAL,1.087
SEN_AFWC,2010,CROP_FLW,5.441
SEN_AFWC,2010,PDR,2.55
SEN_AFWC,2010,GRO,1.292
SEN_AFWC,2010,OSD,0.958
SEN_AFWC,2010,C_B,47.679
SEN_AFWC,2010,OTH_A,0.926
SEN_AFWC,2010,CEREAL,1.371
SEN_AFWC,2020,CROP_FLW,5.453
SEN_AFWC,2020,PDR,2.952
SEN_AFWC,2020,GRO,1.342
SEN_AFWC,2020,OSD,0.967
SEN_AFWC,2020,C_B,46.275
SEN_AFWC,2020,OTH_A,1.039
SEN_AFWC,2020,CEREAL,1.521
SEN_AFWC,2030,CROP_FLW,5.453
SEN_AFWC,2030,PDR,3.088
SEN_AFWC,2030,GRO,1.413
SEN_AFWC,2030,OSD,0.975
SEN_AFWC,2030,C_B,46.373
SEN_AFWC,2030,OTH_A,1.05
SEN_AFWC,2030,CEREAL,1.62
SEN_AFWC,2040,CROP_FLW,5.456
SEN_AFWC,2040,PDR,3.189
SEN_AFWC,2040,GRO,1.437
SEN_AFWC,2040,OSD,0.979
SEN_AFWC,2040,C_B,45.797
SEN_AFWC,2040,OTH_A,1.062
SEN_AFWC,2040,CEREAL,1.7
SEN_AFWC,2050,CROP_FLW,5.456
SEN_AFWC,2050,PDR,3.257
SEN_AFWC,2050,GRO,1.466
SEN_AFWC,2050,OSD,0.982
SEN_AFWC,2050,C_B,45.506
SEN_AFWC,2050,OTH_A,1.082
SEN_AFWC,2050,CEREAL,1.788
SEN_AFWC,2060,CROP_FLW,5.449
SEN_AFWC,2060,PDR,3.309
SEN_AFWC,2060,GRO,1.502
SEN_AFWC,2060,OSD,0.983
SEN_AFWC,2060,C_B,45.08
SEN_AFWC,2060,OTH_A,1.103
SEN_AFWC,2060,CEREAL,1.889
SEN_AFWC,2070,CROP_FLW,5.451
SEN_AFWC,2070,PDR,3.337
SEN_AFWC,2070,GRO,1.555
SEN_AFWC,2070,OSD,0.984
SEN_AFWC,2070,C_B,44.797
SEN_AFWC,2070,OTH_A,1.141
SEN_AFWC,2070,CEREAL,1.972
SEN_AFWC,2080,CROP_FLW,5.46
SEN_AFWC,2080,PDR,3.388
SEN_AFWC,2080,GRO,1.613
SEN_AFWC,2080,OSD,0.984
SEN_AFWC,2080,C_B,44.611
SEN_AFWC,2080,OTH_A,1.204
SEN_AFWC,2080,CEREAL,2.05
SEN_AFWC,2090,CROP_FLW,5.467
SEN_AFWC,2090,PDR,3.491
SEN_AFWC,2090,GRO,1.631
SEN_AFWC,2090,OSD,0.983
SEN_AFWC,2090,C_B,44.548
SEN_AFWC,2090,OTH_A,1.294
SEN_AFWC,2090,CEREAL,2.078
SEN_AFWC,2100,CROP_FLW,5.512
SEN_AFWC,2100,PDR,3.637
SEN_AFWC,2100,GRO,1.668
SEN_AFWC,2100,OSD,0.985
SEN_AFWC,2100,C_B,48.634
SEN_AFWC,2100,OTH_A,1.392
SEN_AFWC,2100,CEREAL,2.124
SEN_SENE,2005,CROP_FLW,5.554
SEN_SENE,2005,PDR,1.7
SEN_SENE,2005,WHT,2.997
SEN_SENE,2005,GRO,1.091
SEN_SENE,2005,OSD,0.731
SEN_SENE,2005,C_B,53.755
SEN_SENE,2005,OTH_A,0.928
SEN_SENE,2005,CEREAL,1.231
SEN_SENE,2010,CROP_FLW,5.535
SEN_SENE,2010,PDR,1.83
SEN_SENE,2010,WHT,2.998
SEN_SENE,2010,GRO,1.122
SEN_SENE,2010,OSD,0.865
SEN_SENE,2010,C_B,51.35
SEN_SENE,2010,OTH_A,1.028
SEN_SENE,2010,CEREAL,1.288
SEN_SENE,2020,CROP_FLW,5.463
SEN_SENE,2020,PDR,1.825
SEN_SENE,2020,WHT,11.674
SEN_SENE,2020,GRO,1.167
SEN_SENE,2020,OSD,0.895
SEN_SENE,2020,C_B,43.873
SEN_SENE,2020,OTH_A,1.107
SEN_SENE,2020,CEREAL,1.613
SEN_SENE,2030,CROP_FLW,5.463
SEN_SENE,2030,PDR,1.879
SEN_SENE,2030,WHT,16.007
SEN_SENE,2030,GRO,1.206
SEN_SENE,2030,OSD,0.958
SEN_SENE,2030,C_B,41.835
SEN_SENE,2030,OTH_A,1.114
SEN_SENE,2030,CEREAL,1.764
SEN_SENE,2040,CROP_FLW,5.46
SEN_SENE,2040,PDR,1.873
SEN_SENE,2040,WHT,20.36
SEN_SENE,2040,GRO,1.206
SEN_SENE,2040,OSD,0.977
SEN_SENE,2040,C_B,41.102
SEN_SENE,2040,OTH_A,1.115
SEN_SENE,2040,CEREAL,1.904
SEN_SENE,2050,CROP_FLW,5.445
SEN_SENE,2050,PDR,1.881
SEN_SENE,2050,WHT,23.38
SEN_SENE,2050,GRO,1.225
SEN_SENE,2050,OSD,0.99
SEN_SENE,2050,C_B,41.248
SEN_SENE,2050,OTH_A,1.134
SEN_SENE,2050,CEREAL,2.05
SEN_SENE,2060,CROP_FLW,5.449
SEN_SENE,2060,PDR,1.883
SEN_SENE,2060,WHT,25.302
SEN_SENE,2060,GRO,1.241
SEN_SENE,2060,OSD,0.996
SEN_SENE,2060,C_B,40.64
SEN_SENE,2060,OTH_A,1.147
SEN_SENE,2060,CEREAL,2.153
SEN_SENE,2070,CROP_FLW,5.436
SEN_SENE,2070,PDR,1.89
SEN_SENE,2070,WHT,27.281
SEN_SENE,2070,GRO,1.262
SEN_SENE,2070,OSD,1.009
SEN_SENE,2070,C_B,40.64
SEN_SENE,2070,OTH_A,1.185
SEN_SENE,2070,CEREAL,2.293
SEN_SENE,2080,CROP_FLW,5.441
SEN_SENE,2080,PDR,1.893
SEN_SENE,2080,WHT,30.079
SEN_SENE,2080,GRO,1.28
SEN_SENE,2080,OSD,1.002
SEN_SENE,2080,C_B,39.744
SEN_SENE,2080,OTH_A,1.245
SEN_SENE,2080,CEREAL,2.506
SEN_SENE,2090,CROP_FLW,5.442
SEN_SENE,2090,PDR,1.954
SEN_SENE,2090,WHT,32.17
SEN_SENE,2090,GRO,1.298
SEN_SENE,2090,OSD,1.002
SEN_SENE,2090,C_B,40.654
SEN_SENE,2090,OTH_A,1.303
SEN_SENE,2090,CEREAL,2.761
SEN_SENE,2100,CROP_FLW,5.475
SEN_SENE,2100,PDR,2.04
SEN_SENE,2100,WHT,33.017
SEN_SENE,2100,GRO,1.32
SEN_SENE,2100,OSD,1.027
SEN_SENE,2100,C_B,44.822
SEN_SENE,2100,OTH_A,1.364
SEN_SENE,2100,CEREAL,3.018
SLB_SOLI,2005,CROP_FLW,6.622
SLB_SOLI,2005,PDR,3.428
SLB_SOLI,2005,GRO,2.813
SLB_SOLI,2005,OSD,3.422
SLB_SOLI,2005,OTH_A,2.014
SLB_SOLI,2005,CEREAL,2.821
SLB_SOLI,2010,CROP_FLW,7.168
SLB_SOLI,2010,PDR,6.393
SLB_SOLI,2010,GRO,2.702
SLB_SOLI,2010,OSD,3.422
SLB_SOLI,2010,OTH_A,2.014
SLB_SOLI,2010,CEREAL,3.093
SLB_SOLI,2020,CROP_FLW,7.688
SLB_SOLI,2020,PDR,6.494
SLB_SOLI,2020,GRO,2.72
SLB_SOLI,2020,OSD,3.422
SLB_SOLI,2020,OTH_A,2.041
SLB_SOLI,2020,CEREAL,3.155
SLB_SOLI,2030,CROP_FLW,7.698
SLB_SOLI,2030,PDR,6.583
SLB_SOLI,2030,GRO,2.741
SLB_SOLI,2030,OSD,3.422
SLB_SOLI,2030,OTH_A,2.039
SLB_SOLI,2030,CEREAL,3.212
SLB_SOLI,2040,CROP_FLW,7.698
SLB_SOLI,2040,PDR,6.659
SLB_SOLI,2040,GRO,2.761
SLB_SOLI,2040,OSD,3.422
SLB_SOLI,2040,OTH_A,2.036
SLB_SOLI,2040,CEREAL,3.281
SLB_SOLI,2050,CROP_FLW,7.7
SLB_SOLI,2050,PDR,6.703
SLB_SOLI,2050,GRO,2.763
SLB_SOLI,2050,OSD,3.422
SLB_SOLI,2050,OTH_A,2.029
SLB_SOLI,2050,CEREAL,3.365
SLB_SOLI,2060,CROP_FLW,7.655
SLB_SOLI,2060,PDR,6.834
SLB_SOLI,2060,GRO,2.792
SLB_SOLI,2060,OSD,3.411
SLB_SOLI,2060,OTH_A,2.027
SLB_SOLI,2060,CEREAL,3.491
SLB_SOLI,2070,CROP_FLW,7.801
SLB_SOLI,2070,PDR,6.892
SLB_SOLI,2070,GRO,2.84
SLB_SOLI,2070,OSD,3.422
SLB_SOLI,2070,OTH_A,2.027
SLB_SOLI,2070,CEREAL,3.568
SLB_SOLI,2080,CROP_FLW,7.834
SLB_SOLI,2080,PDR,6.905
SLB_SOLI,2080,GRO,2.882
SLB_SOLI,2080,OSD,3.422
SLB_SOLI,2080,OTH_A,2.032
SLB_SOLI,2080,CEREAL,3.636
SLB_SOLI,2090,CROP_FLW,7.843
SLB_SOLI,2090,PDR,6.913
SLB_SOLI,2090,GRO,2.882
SLB_SOLI,2090,OSD,3.422
SLB_SOLI,2090,OTH_A,2.035
SLB_SOLI,2090,CEREAL,3.657
SLB_SOLI,2100,CROP_FLW,7.791
SLB_SOLI,2100,PDR,6.921
SLB_SOLI,2100,GRO,2.882
SLB_SOLI,2100,OSD,3.422
SLB_SOLI,2100,OTH_A,2.037
SLB_SOLI,2100,CEREAL,3.685
SLB_SPII,2005,CROP_FLW,7.028
SLB_SPII,2010,CROP_FLW,7.04
SLB_SPII,2020,CROP_FLW,7.1
SLB_SPII,2030,CROP_FLW,7.131
SLB_SPII,2040,CROP_FLW,7.16
SLB_SPII,2050,CROP_FLW,7.177
SLB_SPII,2060,CROP_FLW,7.185
SLB_SPII,2070,CROP_FLW,7.186
SLB_SPII,2080,CROP_FLW,7.188
SLB_SPII,2090,CROP_FLW,7.187
SLB_SPII,2100,CROP_FLW,7.184
SLE_AFWC,2005,CROP_FLW,5.697
SLE_AFWC,2005,PDR,1.994
SLE_AFWC,2005,GRO,1.173
SLE_AFWC,2005,OSD,1.073
SLE_AFWC,2005,C_B,81.707
SLE_AFWC,2005,OTH_A,0.979
SLE_AFWC,2005,CEREAL,1.7
SLE_AFWC,2010,CROP_FLW,5.709
SLE_AFWC,2010,PDR,2.25
SLE_AFWC,2010,GRO,1.081
SLE_AFWC,2010,OSD,1.169
SLE_AFWC,2010,C_B,80.887
SLE_AFWC,2010,OTH_A,0.999
SLE_AFWC,2010,CEREAL,1.625
SLE_AFWC,2020,CROP_FLW,5.801
SLE_AFWC,2020,PDR,2.238
SLE_AFWC,2020,GRO,1.088
SLE_AFWC,2020,OSD,1.221
SLE_AFWC,2020,C_B,79.403
SLE_AFWC,2020,OTH_A,1.052
SLE_AFWC,2020,CEREAL,1.687
SLE_AFWC,2030,CROP_FLW,5.821
SLE_AFWC,2030,PDR,2.211
SLE_AFWC,2030,GRO,1.081
SLE_AFWC,2030,OSD,1.222
SLE_AFWC,2030,C_B,78.683
SLE_AFWC,2030,OTH_A,1.12
SLE_AFWC,2030,CEREAL,1.681
SLE_AFWC,2040,CROP_FLW,6.162
SLE_AFWC,2040,PDR,2.511
SLE_AFWC,2040,GRO,1.127
SLE_AFWC,2040,OSD,1.233
SLE_AFWC,2040,C_B,87.822
SLE_AFWC,2040,OTH_A,1.286
SLE_AFWC,2040,CEREAL,1.783
SLE_AFWC,2050,CROP_FLW,6.078
SLE_AFWC,2050,PDR,2.753
SLE_AFWC,2050,GRO,1.169
SLE_AFWC,2050,OSD,1.242
SLE_AFWC,2050,C_B,100.545
SLE_AFWC,2050,OTH_A,1.39
SLE_AFWC,2050,CEREAL,1.855
SLE_AFWC,2060,CROP_FLW,6.1
SLE_AFWC,2060,PDR,2.915
SLE_AFWC,2060,GRO,1.229
SLE_AFWC,2060,OSD,1.249
SLE_AFWC,2060,C_B,110.114
SLE_AFWC,2060,OTH_A,1.518
SLE_AFWC,2060,CEREAL,1.938
SLE_AFWC,2070,CROP_FLW,6.065
SLE_AFWC,2070,PDR,3.179
SLE_AFWC,2070,GRO,1.296
SLE_AFWC,2070,OSD,1.252
SLE_AFWC,2070,C_B,115.488
SLE_AFWC,2070,OTH_A,1.548
SLE_AFWC,2070,CEREAL,2.16
SLE_AFWC,2080,CROP_FLW,6.084
SLE_AFWC,2080,PDR,3.289
SLE_AFWC,2080,GRO,1.392
SLE_AFWC,2080,OSD,1.253
SLE_AFWC,2080,C_B,118.728
SLE_AFWC,2080,OTH_A,1.575
SLE_AFWC,2080,CEREAL,2.342
SLE_AFWC,2090,CROP_FLW,6.304
SLE_AFWC,2090,PDR,3.563
SLE_AFWC,2090,GRO,1.5
SLE_AFWC,2090,OSD,1.256
SLE_AFWC,2090,C_B,124.684
SLE_AFWC,2090,OTH_A,1.669
SLE_AFWC,2090,CEREAL,2.519
SLE_AFWC,2100,CROP_FLW,6.28
SLE_AFWC,2100,PDR,3.715
SLE_AFWC,2100,GRO,1.623
SLE_AFWC,2100,OSD,1.258
SLE_AFWC,2100,C_B,127.172
SLE_AFWC,2100,OTH_A,1.736
SLE_AFWC,2100,CEREAL,2.692
SLV_SCAM,2005,CROP_FLW,9.335
SLV_SCAM,2005,PDR,5.286
SLV_SCAM,2005,GRO,3.406
SLV_SCAM,2005,OSD,3.758
SLV_SCAM,2005,C_B,70.183
SLV_SCAM,2005,OTH_A,3.38
SLV_SCAM,2005,CEREAL,3.425
SLV_SCAM,2010,CROP_FLW,9.341
SLV_SCAM,2010,PDR,5.258
SLV_SCAM,2010,GRO,3.463
SLV_SCAM,2010,OSD,3.973
SLV_SCAM,2010,C_B,70.179
SLV_SCAM,2010,OTH_A,3.423
SLV_SCAM,2010,CEREAL,3.488
SLV_SCAM,2020,CROP_FLW,9.503
SLV_SCAM,2020,PDR,5.24
SLV_SCAM,2020,GRO,3.502
SLV_SCAM,2020,OSD,4.112
SLV_SCAM,2020,C_B,70.157
SLV_SCAM,2020,OTH_A,3.499
SLV_SCAM,2020,CEREAL,3.531
SLV_SCAM,2030,CROP_FLW,9.567
SLV_SCAM,2030,PDR,5.223
SLV_SCAM,2030,GRO,3.541
SLV_SCAM,2030,OSD,4.124
SLV_SCAM,2030,C_B,70.177
SLV_SCAM,2030,OTH_A,3.538
SLV_SCAM,2030,CEREAL,3.57
SLV_SCAM,2040,CROP_FLW,9.567
SLV_SCAM,2040,PDR,5.162
SLV_SCAM,2040,GRO,3.563
SLV_SCAM,2040,OSD,4.154
SLV_SCAM,2040,C_B,70.056
SLV_SCAM,2040,OTH_A,3.551
SLV_SCAM,2040,CEREAL,3.593
SLV_SCAM,2050,CROP_FLW,9.587
SLV_SCAM,2050,PDR,5.108
SLV_SCAM,2050,GRO,3.582
SLV_SCAM,2050,OSD,4.166
SLV_SCAM,2050,C_B,69.883
SLV_SCAM,2050,OTH_A,3.585
SLV_SCAM,2050,CEREAL,3.613
SLV_SCAM,2060,CROP_FLW,9.59
SLV_SCAM,2060,PDR,5.113
SLV_SCAM,2060,GRO,3.588
SLV_SCAM,2060,OSD,4.203
SLV_SCAM,2060,C_B,69.65
SLV_SCAM,2060,OTH_A,3.612
SLV_SCAM,2060,CEREAL,3.623
SLV_SCAM,2070,CROP_FLW,9.588
SLV_SCAM,2070,PDR,5.108
SLV_SCAM,2070,GRO,3.634
SLV_SCAM,2070,OSD,4.194
SLV_SCAM,2070,C_B,69.524
SLV_SCAM,2070,OTH_A,3.671
SLV_SCAM,2070,CEREAL,3.667
SLV_SCAM,2080,CROP_FLW,9.634
SLV_SCAM,2080,PDR,5.087
SLV_SCAM,2080,GRO,3.739
SLV_SCAM,2080,OSD,4.223
SLV_SCAM,2080,C_B,69.322
SLV_SCAM,2080,OTH_A,3.684
SLV_SCAM,2080,CEREAL,3.773
SLV_SCAM,2090,CROP_FLW,9.542
SLV_SCAM,2090,PDR,5.038
SLV_SCAM,2090,GRO,3.857
SLV_SCAM,2090,OSD,4.277
SLV_SCAM,2090,C_B,68.986
SLV_SCAM,2090,OTH_A,3.692
SLV_SCAM,2090,CEREAL,3.894
SLV_SCAM,2100,CROP_FLW,9.544
SLV_SCAM,2100,PDR,5.006
SLV_SCAM,2100,GRO,3.861
SLV_SCAM,2100,OSD,4.303
SLV_SCAM,2100,C_B,68.853
SLV_SCAM,2100,OTH_A,3.704
SLV_SCAM,2100,CEREAL,3.901
SOM_AECC,2005,CROP_FLW,6.125
SOM_AECC,2010,CROP_FLW,6.125
SOM_AECC,2020,CROP_FLW,6.126
SOM_AECC,2030,CROP_FLW,6.126
SOM_AECC,2040,CROP_FLW,6.124
SOM_AECC,2050,CROP_FLW,6.123
SOM_AECC,2060,CROP_FLW,6.121
SOM_AECC,2070,CROP_FLW,6.12
SOM_AECC,2080,CROP_FLW,6.119
SOM_AECC,2090,CROP_FLW,6.116
SOM_AECC,2100,CROP_FLW,6.114
SOM_ARGA,2005,CROP_FLW,5.003
SOM_ARGA,2010,CROP_FLW,5.003
SOM_ARGA,2020,CROP_FLW,5.003
SOM_ARGA,2030,CROP_FLW,5.001
SOM_ARGA,2040,CROP_FLW,5.001
SOM_ARGA,2050,CROP_FLW,5.001
SOM_ARGA,2060,CROP_FLW,5.001
SOM_ARGA,2070,CROP_FLW,5.002
SOM_ARGA,2080,CROP_FLW,5.002
SOM_ARGA,2090,CROP_FLW,5.0
SOM_ARGA,2100,CROP_FLW,5.0
SOM_RIFT,2005,CROP_FLW,4.903
SOM_RIFT,2010,CROP_FLW,4.903
SOM_RIFT,2020,CROP_FLW,4.903
SOM_RIFT,2030,CROP_FLW,4.903
SOM_RIFT,2040,CROP_FLW,4.902
SOM_RIFT,2050,CROP_FLW,4.903
SOM_RIFT,2060,CROP_FLW,4.903
SOM_RIFT,2070,CROP_FLW,4.903
SOM_RIFT,2080,CROP_FLW,4.903
SOM_RIFT,2090,CROP_FLW,4.903
SOM_RIFT,2100,CROP_FLW,4.903
SOM_SHJU,2005,CROP_FLW,5.825
SOM_SHJU,2010,CROP_FLW,5.825
SOM_SHJU,2020,CROP_FLW,5.825
SOM_SHJU,2030,CROP_FLW,5.825
SOM_SHJU,2040,CROP_FLW,5.825
SOM_SHJU,2050,CROP_FLW,5.825
SOM_SHJU,2060,CROP_FLW,5.826
SOM_SHJU,2070,CROP_FLW,5.826
SOM_SHJU,2080,CROP_FLW,5.826
SOM_SHJU,2090,CROP_FLW,5.826
SOM_SHJU,2100,CROP_FLW,5.826
SRB_DANU,2005,CROP_FLW,6.495
SRB_DANU,2005,WHT,1.987
SRB_DANU,2005,GRO,2.791
SRB_DANU,2005,OSD,1.282
SRB_DANU,2005,C_B,10.798
SRB_DANU,2005,OTH_A,0.546
SRB_DANU,2005,CEREAL,2.591
SRB_DANU,2010,CROP_FLW,6.495
SRB_DANU,2010,WHT,1.987
SRB_DANU,2010,GRO,2.791
SRB_DANU,2010,OSD,1.282
SRB_DANU,2010,C_B,10.798
SRB_DANU,2010,OTH_A,0.546
SRB_DANU,2010,CEREAL,2.591
SRB_DANU,2020,CROP_FLW,5.953
SRB_DANU,2020,WHT,2.068
SRB_DANU,2020,GRO,2.829
SRB_DANU,2020,OSD,1.307
SRB_DANU,2020,C_B,11.619
SRB_DANU,2020,OTH_A,0.57
SRB_DANU,2020,CEREAL,2.586
SRB_DANU,2030,CROP_FLW,5.945
SRB_DANU,2030,WHT,2.085
SRB_DANU,2030,GRO,2.832
SRB_DANU,2030,OSD,1.311
SRB_DANU,2030,C_B,11.79
SRB_DANU,2030,OTH_A,0.571
SRB_DANU,2030,CEREAL,2.588
SRB_DANU,2040,CROP_FLW,5.942
SRB_DANU,2040,WHT,2.084
SRB_DANU,2040,GRO,2.834
SRB_DANU,2040,OSD,1.314
SRB_DANU,2040,C_B,11.869
SRB_DANU,2040,OTH_A,0.572
SRB_DANU,2040,CEREAL,2.579
SRB_DANU,2050,CROP_FLW,5.941
SRB_DANU,2050,WHT,2.083
SRB_DANU,2050,GRO,2.835
SRB_DANU,2050,OSD,1.314
SRB_DANU,2050,C_B,11.911
SRB_DANU,2050,OTH_A,0.572
SRB_DANU,2050,CEREAL,2.57
SRB_DANU,2060,CROP_FLW,5.681
SRB_DANU,2060,WHT,2.081
SRB_DANU,2060,GRO,2.839
SRB_DANU,2060,OSD,1.314
SRB_DANU,2060,C_B,11.966
SRB_DANU,2060,OTH_A,0.574
SRB_DANU,2060,CEREAL,2.56
SRB_DANU,2070,CROP_FLW,5.784
SRB_DANU,2070,WHT,2.078
SRB_DANU,2070,GRO,2.838
SRB_DANU,2070,OSD,1.313
SRB_DANU,2070,C_B,12.037
SRB_DANU,2070,OTH_A,0.574
SRB_DANU,2070,CEREAL,2.536
SRB_DANU,2080,CROP_FLW,5.827
SRB_DANU,2080,WHT,2.075
SRB_DANU,2080,GRO,2.839
SRB_DANU,2080,OSD,1.312
SRB_DANU,2080,C_B,12.047
SRB_DANU,2080,OTH_A,0.574
SRB_DANU,2080,CEREAL,2.524
SRB_DANU,2090,CROP_FLW,5.985
SRB_DANU,2090,WHT,2.076
SRB_DANU,2090,GRO,2.837
SRB_DANU,2090,OSD,1.311
SRB_DANU,2090,C_B,12.105
SRB_DANU,2090,OTH_A,0.575
SRB_DANU,2090,CEREAL,2.518
SRB_DANU,2100,CROP_FLW,5.978
SRB_DANU,2100,WHT,2.076
SRB_DANU,2100,GRO,2.836
SRB_DANU,2100,OSD,1.309
SRB_DANU,2100,C_B,12.109
SRB_DANU,2100,OTH_A,0.575
SRB_DANU,2100,CEREAL,2.517
SSD_NILE,2005,CROP_FLW,6.621
SSD_NILE,2010,CROP_FLW,6.621
SSD_NILE,2020,CROP_FLW,6.62
SSD_NILE,2030,CROP_FLW,6.62
SSD_NILE,2040,CROP_FLW,6.62
SSD_NILE,2050,CROP_FLW,6.62
SSD_NILE,2060,CROP_FLW,6.62
SSD_NILE,2070,CROP_FLW,6.62
SSD_NILE,2080,CROP_FLW,6.62
SSD_NILE,2090,CROP_FLW,6.62
SSD_NILE,2100,CROP_FLW,6.62
STP_GFGU,2005,CROP_FLW,5.018
STP_GFGU,2010,CROP_FLW,5.018
STP_GFGU,2020,CROP_FLW,5.017
STP_GFGU,2030,CROP_FLW,5.018
STP_GFGU,2040,CROP_FLW,5.018
STP_GFGU,2050,CROP_FLW,5.018
STP_GFGU,2060,CROP_FLW,5.018
STP_GFGU,2070,CROP_FLW,5.018
STP_GFGU,2080,CROP_FLW,5.018
STP_GFGU,2090,CROP_FLW,5.018
STP_GFGU,2100,CROP_FLW,5.018
SUR_NESO,2005,CROP_FLW,7.315
SUR_NESO,2005,PDR,5.391
SUR_NESO,2005,GRO,4.77
SUR_NESO,2005,OSD,4.638
SUR_NESO,2005,C_B,54.212
SUR_NESO,2005,OTH_A,3.988
SUR_NESO,2005,CEREAL,5.387
SUR_NESO,2010,CROP_FLW,7.323
SUR_NESO,2010,PDR,5.623
SUR_NESO,2010,GRO,5.24
SUR_NESO,2010,OSD,4.652
SUR_NESO,2010,C_B,91.132
SUR_NESO,2010,OTH_A,4.136
SUR_NESO,2010,CEREAL,5.621
SUR_NESO,2020,CROP_FLW,7.422
SUR_NESO,2020,PDR,5.911
SUR_NESO,2020,GRO,8.171
SUR_NESO,2020,OSD,4.744
SUR_NESO,2020,C_B,94.27
SUR_NESO,2020,OTH_A,4.801
SUR_NESO,2020,CEREAL,5.927
SUR_NESO,2030,CROP_FLW,7.426
SUR_NESO,2030,PDR,6.021
SUR_NESO,2030,GRO,8.374
SUR_NESO,2030,OSD,4.762
SUR_NESO,2030,C_B,95.156
SUR_NESO,2030,OTH_A,5.082
SUR_NESO,2030,CEREAL,6.035
SUR_NESO,2040,CROP_FLW,7.408
SUR_NESO,2040,PDR,6.318
SUR_NESO,2040,GRO,8.841
SUR_NESO,2040,OSD,4.808
SUR_NESO,2040,C_B,103.982
SUR_NESO,2040,OTH_A,5.959
SUR_NESO,2040,CEREAL,6.333
SUR_NESO,2050,CROP_FLW,7.398
SUR_NESO,2050,PDR,6.499
SUR_NESO,2050,GRO,9.099
SUR_NESO,2050,OSD,4.828
SUR_NESO,2050,C_B,106.944
SUR_NESO,2050,OTH_A,6.177
SUR_NESO,2050,CEREAL,6.515
SUR_NESO,2060,CROP_FLW,7.374
SUR_NESO,2060,PDR,6.615
SUR_NESO,2060,GRO,9.349
SUR_NESO,2060,OSD,4.925
SUR_NESO,2060,C_B,112.785
SUR_NESO,2060,OTH_A,6.517
SUR_NESO,2060,CEREAL,6.631
SUR_NESO,2070,CROP_FLW,7.584
SUR_NESO,2070,PDR,6.84
SUR_NESO,2070,GRO,9.928
SUR_NESO,2070,OSD,4.99
SUR_NESO,2070,C_B,121.576
SUR_NESO,2070,OTH_A,7.096
SUR_NESO,2070,CEREAL,6.858
SUR_NESO,2080,CROP_FLW,7.844
SUR_NESO,2080,PDR,6.936
SUR_NESO,2080,GRO,10.18
SUR_NESO,2080,OSD,5.008
SUR_NESO,2080,C_B,125.602
SUR_NESO,2080,OTH_A,7.415
SUR_NESO,2080,CEREAL,6.957
SUR_NESO,2090,CROP_FLW,7.979
SUR_NESO,2090,PDR,6.984
SUR_NESO,2090,GRO,10.598
SUR_NESO,2090,OSD,5.009
SUR_NESO,2090,C_B,128.488
SUR_NESO,2090,OTH_A,7.419
SUR_NESO,2090,CEREAL,7.005
SUR_NESO,2100,CROP_FLW,7.93
SUR_NESO,2100,PDR,7.042
SUR_NESO,2100,GRO,10.598
SUR_NESO,2100,OSD,5.016
SUR_NESO,2100,C_B,129.744
SUR_NESO,2100,OTH_A,7.419
SUR_NESO,2100,CEREAL,7.061
SVK_DANU,2005,CROP_FLW,5.492
SVK_DANU,2005,WHT,5.36
SVK_DANU,2005,GRO,4.75
SVK_DANU,2005,OSD,2.488
SVK_DANU,2005,C_B,68.241
SVK_DANU,2005,OTH_A,14.579
SVK_DANU,2005,CEREAL,5.029
SVK_DANU,2010,CROP_FLW,6.018
SVK_DANU,2010,WHT,5.423
SVK_DANU,2010,GRO,4.98
SVK_DANU,2010,OSD,2.497
SVK_DANU,2010,C_B,72.018
SVK_DANU,2010,OTH_A,15.179
SVK_DANU,2010,CEREAL,5.199
SVK_DANU,2020,CROP_FLW,6.11
SVK_DANU,2020,WHT,5.722
SVK_DANU,2020,GRO,5.0
SVK_DANU,2020,OSD,2.51
SVK_DANU,2020,C_B,76.303
SVK_DANU,2020,OTH_A,15.611
SVK_DANU,2020,CEREAL,5.359
SVK_DANU,2030,CROP_FLW,6.09
SVK_DANU,2030,WHT,5.766
SVK_DANU,2030,GRO,5.004
SVK_DANU,2030,OSD,2.512
SVK_DANU,2030,C_B,77.117
SVK_DANU,2030,OTH_A,15.611
SVK_DANU,2030,CEREAL,5.391
SVK_DANU,2040,CROP_FLW,6.082
SVK_DANU,2040,WHT,5.849
SVK_DANU,2040,GRO,5.007
SVK_DANU,2040,OSD,2.525
SVK_DANU,2040,C_B,76.059
SVK_DANU,2040,OTH_A,15.663
SVK_DANU,2040,CEREAL,5.445
SVK_DANU,2050,CROP_FLW,6.075
SVK_DANU,2050,WHT,5.929
SVK_DANU,2050,GRO,5.006
SVK_DANU,2050,OSD,2.532
SVK_DANU,2050,C_B,75.671
SVK_DANU,2050,OTH_A,15.678
SVK_DANU,2050,CEREAL,5.501
SVK_DANU,2060,CROP_FLW,6.071
SVK_DANU,2060,WHT,5.987
SVK_DANU,2060,GRO,5.007
SVK_DANU,2060,OSD,2.538
SVK_DANU,2060,C_B,75.165
SVK_DANU,2060,OTH_A,15.685
SVK_DANU,2060,CEREAL,5.548
SVK_DANU,2070,CROP_FLW,6.116
SVK_DANU,2070,WHT,6.002
SVK_DANU,2070,GRO,5.011
SVK_DANU,2070,OSD,2.542
SVK_DANU,2070,C_B,74.752
SVK_DANU,2070,OTH_A,15.692
SVK_DANU,2070,CEREAL,5.584
SVK_DANU,2080,CROP_FLW,6.119
SVK_DANU,2080,WHT,6.017
SVK_DANU,2080,GRO,5.014
SVK_DANU,2080,OSD,2.54
SVK_DANU,2080,C_B,74.078
SVK_DANU,2080,OTH_A,15.689
SVK_DANU,2080,CEREAL,5.615
SVK_DANU,2090,CROP_FLW,6.121
SVK_DANU,2090,WHT,6.029
SVK_DANU,2090,GRO,5.016
SVK_DANU,2090,OSD,2.531
SVK_DANU,2090,C_B,73.28
SVK_DANU,2090,OTH_A,15.695
SVK_DANU,2090,CEREAL,5.642
SVK_DANU,2100,CROP_FLW,6.116
SVK_DANU,2100,WHT,6.042
SVK_DANU,2100,GRO,5.018
SVK_DANU,2100,OSD,2.523
SVK_DANU,2100,C_B,72.692
SVK_DANU,2100,OTH_A,15.707
SVK_DANU,2100,CEREAL,5.666
SVN_AGBS,2005,CROP_FLW,5.757
SVN_AGBS,2005,WHT,5.646
SVN_AGBS,2005,GRO,3.78
SVN_AGBS,2005,OSD,2.373
SVN_AGBS,2005,OTH_A,11.808
SVN_AGBS,2005,CEREAL,4.318
SVN_AGBS,2010,CROP_FLW,5.757
SVN_AGBS,2010,WHT,5.825
SVN_AGBS,2010,GRO,4.136
SVN_AGBS,2010,OSD,2.507
SVN_AGBS,2010,OTH_A,12.306
SVN_AGBS,2010,CEREAL,4.677
SVN_AGBS,2020,CROP_FLW,3.537
SVN_AGBS,2020,WHT,5.87
SVN_AGBS,2020,GRO,4.289
SVN_AGBS,2020,OSD,2.604
SVN_AGBS,2020,OTH_A,13.017
SVN_AGBS,2020,CEREAL,4.757
SVN_AGBS,2030,CROP_FLW,3.471
SVN_AGBS,2030,WHT,5.918
SVN_AGBS,2030,GRO,4.346
SVN_AGBS,2030,OSD,2.604
SVN_AGBS,2030,OTH_A,13.136
SVN_AGBS,2030,CEREAL,4.828
SVN_AGBS,2040,CROP_FLW,3.471
SVN_AGBS,2040,WHT,5.993
SVN_AGBS,2040,GRO,4.435
SVN_AGBS,2040,OSD,2.603
SVN_AGBS,2040,OTH_A,13.671
SVN_AGBS,2040,CEREAL,4.941
SVN_AGBS,2050,CROP_FLW,3.471
SVN_AGBS,2050,WHT,6.062
SVN_AGBS,2050,GRO,4.504
SVN_AGBS,2050,OSD,2.603
SVN_AGBS,2050,OTH_A,14.047
SVN_AGBS,2050,CEREAL,5.043
SVN_AGBS,2060,CROP_FLW,2.828
SVN_AGBS,2060,WHT,6.092
SVN_AGBS,2060,GRO,4.569
SVN_AGBS,2060,OSD,2.603
SVN_AGBS,2060,OTH_A,14.161
SVN_AGBS,2060,CEREAL,5.124
SVN_AGBS,2070,CROP_FLW,2.622
SVN_AGBS,2070,WHT,6.106
SVN_AGBS,2070,GRO,4.816
SVN_AGBS,2070,OSD,2.603
SVN_AGBS,2070,OTH_A,14.942
SVN_AGBS,2070,CEREAL,5.307
SVN_AGBS,2080,CROP_FLW,2.586
SVN_AGBS,2080,WHT,6.158
SVN_AGBS,2080,GRO,5.137
SVN_AGBS,2080,OSD,2.603
SVN_AGBS,2080,OTH_A,15.852
SVN_AGBS,2080,CEREAL,5.535
SVN_AGBS,2090,CROP_FLW,2.481
SVN_AGBS,2090,WHT,6.2
SVN_AGBS,2090,GRO,5.446
SVN_AGBS,2090,OSD,2.603
SVN_AGBS,2090,OTH_A,16.522
SVN_AGBS,2090,CEREAL,5.748
SVN_AGBS,2100,CROP_FLW,2.47
SVN_AGBS,2100,WHT,6.21
SVN_AGBS,2100,GRO,5.656
SVN_AGBS,2100,OSD,2.602
SVN_AGBS,2100,OTH_A,16.655
SVN_AGBS,2100,CEREAL,5.883
SVN_DANU,2005,CROP_FLW,6.69
SVN_DANU,2005,WHT,5.855
SVN_DANU,2005,GRO,5.344
SVN_DANU,2005,OSD,2.572
SVN_DANU,2005,OTH_A,16.164
SVN_DANU,2005,CEREAL,5.491
SVN_DANU,2010,CROP_FLW,6.69
SVN_DANU,2010,WHT,5.865
SVN_DANU,2010,GRO,5.382
SVN_DANU,2010,OSD,2.541
SVN_DANU,2010,OTH_A,16.271
SVN_DANU,2010,CEREAL,5.535
SVN_DANU,2020,CROP_FLW,5.024
SVN_DANU,2020,WHT,5.932
SVN_DANU,2020,GRO,5.457
SVN_DANU,2020,OSD,2.589
SVN_DANU,2020,OTH_A,16.599
SVN_DANU,2020,CEREAL,5.596
SVN_DANU,2030,CROP_FLW,5.023
SVN_DANU,2030,WHT,5.936
SVN_DANU,2030,GRO,5.466
SVN_DANU,2030,OSD,2.596
SVN_DANU,2030,OTH_A,16.626
SVN_DANU,2030,CEREAL,5.609
SVN_DANU,2040,CROP_FLW,5.024
SVN_DANU,2040,WHT,5.939
SVN_DANU,2040,GRO,5.474
SVN_DANU,2040,OSD,2.608
SVN_DANU,2040,OTH_A,16.674
SVN_DANU,2040,CEREAL,5.623
SVN_DANU,2050,CROP_FLW,4.352
SVN_DANU,2050,WHT,5.94
SVN_DANU,2050,GRO,5.497
SVN_DANU,2050,OSD,2.616
SVN_DANU,2050,OTH_A,16.696
SVN_DANU,2050,CEREAL,5.649
SVN_DANU,2060,CROP_FLW,6.505
SVN_DANU,2060,WHT,5.939
SVN_DANU,2060,GRO,5.561
SVN_DANU,2060,OSD,2.619
SVN_DANU,2060,OTH_A,16.828
SVN_DANU,2060,CEREAL,5.696
SVN_DANU,2070,CROP_FLW,6.894
SVN_DANU,2070,WHT,5.968
SVN_DANU,2070,GRO,5.603
SVN_DANU,2070,OSD,2.619
SVN_DANU,2070,OTH_A,16.899
SVN_DANU,2070,CEREAL,5.738
SVN_DANU,2080,CROP_FLW,7.598
SVN_DANU,2080,WHT,5.987
SVN_DANU,2080,GRO,5.63
SVN_DANU,2080,OSD,2.621
SVN_DANU,2080,OTH_A,16.957
SVN_DANU,2080,CEREAL,5.764
SVN_DANU,2090,CROP_FLW,7.796
SVN_DANU,2090,WHT,5.992
SVN_DANU,2090,GRO,5.659
SVN_DANU,2090,OSD,2.622
SVN_DANU,2090,OTH_A,17.024
SVN_DANU,2090,CEREAL,5.787
SVN_DANU,2100,CROP_FLW,7.81
SVN_DANU,2100,WHT,6.0
SVN_DANU,2100,GRO,5.69
SVN_DANU,2100,OSD,2.622
SVN_DANU,2100,OTH_A,17.085
SVN_DANU,2100,CEREAL,5.812
SWE_SWED,2005,CROP_FLW,4.616
SWE_SWED,2005,WHT,5.617
SWE_SWED,2005,GRO,4.977
SWE_SWED,2005,OSD,2.484
SWE_SWED,2005,C_B,69.808
SWE_SWED,2005,OTH_A,15.17
SWE_SWED,2005,CEREAL,5.192
SWE_SWED,2010,CROP_FLW,4.671
SWE_SWED,2010,WHT,5.701
SWE_SWED,2010,GRO,5.07
SWE_SWED,2010,OSD,2.524
SWE_SWED,2010,C_B,72.706
SWE_SWED,2010,OTH_A,15.421
SWE_SWED,2010,CEREAL,5.327
SWE_SWED,2020,CROP_FLW,4.924
SWE_SWED,2020,WHT,5.733
SWE_SWED,2020,GRO,5.101
SWE_SWED,2020,OSD,2.572
SWE_SWED,2020,C_B,79.633
SWE_SWED,2020,OTH_A,15.725
SWE_SWED,2020,CEREAL,5.378
SWE_SWED,2030,CROP_FLW,4.929
SWE_SWED,2030,WHT,5.735
SWE_SWED,2030,GRO,5.121
SWE_SWED,2030,OSD,2.576
SWE_SWED,2030,C_B,79.58
SWE_SWED,2030,OTH_A,15.798
SWE_SWED,2030,CEREAL,5.397
SWE_SWED,2040,CROP_FLW,4.935
SWE_SWED,2040,WHT,5.739
SWE_SWED,2040,GRO,5.13
SWE_SWED,2040,OSD,2.572
SWE_SWED,2040,C_B,79.095
SWE_SWED,2040,OTH_A,15.808
SWE_SWED,2040,CEREAL,5.407
SWE_SWED,2050,CROP_FLW,4.99
SWE_SWED,2050,WHT,5.755
SWE_SWED,2050,GRO,5.149
SWE_SWED,2050,OSD,2.569
SWE_SWED,2050,C_B,78.847
SWE_SWED,2050,OTH_A,15.814
SWE_SWED,2050,CEREAL,5.438
SWE_SWED,2060,CROP_FLW,5.05
SWE_SWED,2060,WHT,5.781
SWE_SWED,2060,GRO,5.171
SWE_SWED,2060,OSD,2.56
SWE_SWED,2060,C_B,78.369
SWE_SWED,2060,OTH_A,15.821
SWE_SWED,2060,CEREAL,5.482
SWE_SWED,2070,CROP_FLW,5.102
SWE_SWED,2070,WHT,5.805
SWE_SWED,2070,GRO,5.19
SWE_SWED,2070,OSD,2.548
SWE_SWED,2070,C_B,77.674
SWE_SWED,2070,OTH_A,15.909
SWE_SWED,2070,CEREAL,5.532
SWE_SWED,2080,CROP_FLW,5.107
SWE_SWED,2080,WHT,5.825
SWE_SWED,2080,GRO,5.21
SWE_SWED,2080,OSD,2.534
SWE_SWED,2080,C_B,76.761
SWE_SWED,2080,OTH_A,16.09
SWE_SWED,2080,CEREAL,5.576
SWE_SWED,2090,CROP_FLW,5.122
SWE_SWED,2090,WHT,5.842
SWE_SWED,2090,GRO,5.229
SWE_SWED,2090,OSD,2.518
SWE_SWED,2090,C_B,76.128
SWE_SWED,2090,OTH_A,16.307
SWE_SWED,2090,CEREAL,5.617
SWE_SWED,2100,CROP_FLW,5.154
SWE_SWED,2100,WHT,5.851
SWE_SWED,2100,GRO,5.248
SWE_SWED,2100,OSD,2.518
SWE_SWED,2100,C_B,76.287
SWE_SWED,2100,OTH_A,16.52
SWE_SWED,2100,CEREAL,5.647
SWZ_SASC,2005,CROP_FLW,6.708
SWZ_SASC,2005,PDR,1.467
SWZ_SASC,2005,WHT,2.265
SWZ_SASC,2005,GRO,0.901
SWZ_SASC,2005,OSD,0.978
SWZ_SASC,2005,C_B,62.964
SWZ_SASC,2005,OTH_A,0.772
SWZ_SASC,2005,CEREAL,0.906
SWZ_SASC,2010,CROP_FLW,6.608
SWZ_SASC,2010,PDR,1.984
SWZ_SASC,2010,WHT,2.574
SWZ_SASC,2010,GRO,1.03
SWZ_SASC,2010,OSD,1.072
SWZ_SASC,2010,C_B,64.019
SWZ_SASC,2010,OTH_A,0.827
SWZ_SASC,2010,CEREAL,1.038
SWZ_SASC,2020,CROP_FLW,6.508
SWZ_SASC,2020,PDR,2.255
SWZ_SASC,2020,WHT,2.825
SWZ_SASC,2020,GRO,1.07
SWZ_SASC,2020,OSD,1.099
SWZ_SASC,2020,C_B,62.359
SWZ_SASC,2020,OTH_A,0.85
SWZ_SASC,2020,CEREAL,1.083
SWZ_SASC,2030,CROP_FLW,6.49
SWZ_SASC,2030,PDR,2.333
SWZ_SASC,2030,WHT,2.867
SWZ_SASC,2030,GRO,1.154
SWZ_SASC,2030,OSD,1.114
SWZ_SASC,2030,C_B,61.645
SWZ_SASC,2030,OTH_A,0.869
SWZ_SASC,2030,CEREAL,1.166
SWZ_SASC,2040,CROP_FLW,6.671
SWZ_SASC,2040,PDR,2.397
SWZ_SASC,2040,WHT,3.06
SWZ_SASC,2040,GRO,1.191
SWZ_SASC,2040,OSD,1.153
SWZ_SASC,2040,C_B,61.775
SWZ_SASC,2040,OTH_A,0.901
SWZ_SASC,2040,CEREAL,1.203
SWZ_SASC,2050,CROP_FLW,6.326
SWZ_SASC,2050,PDR,2.472
SWZ_SASC,2050,WHT,3.197
SWZ_SASC,2050,GRO,1.219
SWZ_SASC,2050,OSD,1.178
SWZ_SASC,2050,C_B,64.72
SWZ_SASC,2050,OTH_A,0.903
SWZ_SASC,2050,CEREAL,1.231
SWZ_SASC,2060,CROP_FLW,6.116
SWZ_SASC,2060,PDR,2.547
SWZ_SASC,2060,WHT,3.293
SWZ_SASC,2060,GRO,1.282
SWZ_SASC,2060,OSD,1.191
SWZ_SASC,2060,C_B,68.753
SWZ_SASC,2060,OTH_A,0.908
SWZ_SASC,2060,CEREAL,1.297
SWZ_SASC,2070,CROP_FLW,6.025
SWZ_SASC,2070,PDR,2.611
SWZ_SASC,2070,WHT,3.325
SWZ_SASC,2070,GRO,1.309
SWZ_SASC,2070,OSD,1.191
SWZ_SASC,2070,C_B,71.298
SWZ_SASC,2070,OTH_A,0.913
SWZ_SASC,2070,CEREAL,1.326
SWZ_SASC,2080,CROP_FLW,6.103
SWZ_SASC,2080,PDR,2.651
SWZ_SASC,2080,WHT,3.33
SWZ_SASC,2080,GRO,1.324
SWZ_SASC,2080,OSD,1.146
SWZ_SASC,2080,C_B,70.843
SWZ_SASC,2080,OTH_A,0.914
SWZ_SASC,2080,CEREAL,1.343
SWZ_SASC,2090,CROP_FLW,5.97
SWZ_SASC,2090,PDR,2.664
SWZ_SASC,2090,WHT,3.332
SWZ_SASC,2090,GRO,1.361
SWZ_SASC,2090,OSD,1.12
SWZ_SASC,2090,C_B,70.234
SWZ_SASC,2090,OTH_A,0.922
SWZ_SASC,2090,CEREAL,1.383
SWZ_SASC,2100,CROP_FLW,5.635
SWZ_SASC,2100,PDR,2.677
SWZ_SASC,2100,WHT,3.333
SWZ_SASC,2100,GRO,1.399
SWZ_SASC,2100,OSD,1.102
SWZ_SASC,2100,C_B,69.98
SWZ_SASC,2100,OTH_A,0.932
SWZ_SASC,2100,CEREAL,1.422
TCD_ANIN,2005,CROP_FLW,7.157
TCD_ANIN,2010,CROP_FLW,7.157
TCD_ANIN,2020,CROP_FLW,7.157
TCD_ANIN,2030,CROP_FLW,7.157
TCD_ANIN,2040,CROP_FLW,7.157
TCD_ANIN,2050,CROP_FLW,7.157
TCD_ANIN,2060,CROP_FLW,7.157
TCD_ANIN,2070,CROP_FLW,7.157
TCD_ANIN,2080,CROP_FLW,7.157
TCD_ANIN,2090,CROP_FLW,7.157
TCD_ANIN,2100,CROP_FLW,7.157
TCD_LCHA,2005,CROP_FLW,7.454
TCD_LCHA,2005,PDR,1.64
TCD_LCHA,2005,WHT,2.27
TCD_LCHA,2005,GRO,1.037
TCD_LCHA,2005,OSD,0.948
TCD_LCHA,2005,C_B,80.539
TCD_LCHA,2005,OTH_A,0.862
TCD_LCHA,2005,CEREAL,1.065
TCD_LCHA,2010,CROP_FLW,7.465
TCD_LCHA,2010,PDR,1.765
TCD_LCHA,2010,WHT,7.338
TCD_LCHA,2010,GRO,1.079
TCD_LCHA,2010,OSD,0.949
TCD_LCHA,2010,C_B,97.25
TCD_LCHA,2010,OTH_A,1.062
TCD_LCHA,2010,CEREAL,1.103
TCD_LCHA,2020,CROP_FLW,6.893
TCD_LCHA,2020,PDR,2.588
TCD_LCHA,2020,WHT,7.859
TCD_LCHA,2020,GRO,1.097
TCD_LCHA,2020,OSD,0.961
TCD_LCHA,2020,C_B,98.852
TCD_LCHA,2020,OTH_A,0.922
TCD_LCHA,2020,CEREAL,1.188
TCD_LCHA,2030,CROP_FLW,6.855
TCD_LCHA,2030,PDR,2.841
TCD_LCHA,2030,WHT,7.907
TCD_LCHA,2030,GRO,1.123
TCD_LCHA,2030,OSD,0.969
TCD_LCHA,2030,C_B,99.06
TCD_LCHA,2030,OTH_A,0.971
TCD_LCHA,2030,CEREAL,1.242
TCD_LCHA,2040,CROP_FLW,6.925
TCD_LCHA,2040,PDR,3.027
TCD_LCHA,2040,WHT,8.026
TCD_LCHA,2040,GRO,1.296
TCD_LCHA,2040,OSD,1.013
TCD_LCHA,2040,C_B,105.542
TCD_LCHA,2040,OTH_A,1.156
TCD_LCHA,2040,CEREAL,1.435
TCD_LCHA,2050,CROP_FLW,7.081
TCD_LCHA,2050,PDR,3.201
TCD_LCHA,2050,WHT,8.1
TCD_LCHA,2050,GRO,1.482
TCD_LCHA,2050,OSD,1.032
TCD_LCHA,2050,C_B,110.502
TCD_LCHA,2050,OTH_A,1.268
TCD_LCHA,2050,CEREAL,1.647
TCD_LCHA,2060,CROP_FLW,7.378
TCD_LCHA,2060,PDR,3.403
TCD_LCHA,2060,WHT,8.144
TCD_LCHA,2060,GRO,1.655
TCD_LCHA,2060,OSD,1.039
TCD_LCHA,2060,C_B,113.882
TCD_LCHA,2060,OTH_A,1.389
TCD_LCHA,2060,CEREAL,1.852
TCD_LCHA,2070,CROP_FLW,7.196
TCD_LCHA,2070,PDR,3.731
TCD_LCHA,2070,WHT,8.176
TCD_LCHA,2070,GRO,1.797
TCD_LCHA,2070,OSD,1.046
TCD_LCHA,2070,C_B,118.14
TCD_LCHA,2070,OTH_A,1.503
TCD_LCHA,2070,CEREAL,2.035
TCD_LCHA,2080,CROP_FLW,7.802
TCD_LCHA,2080,PDR,4.104
TCD_LCHA,2080,WHT,8.164
TCD_LCHA,2080,GRO,1.907
TCD_LCHA,2080,OSD,1.054
TCD_LCHA,2080,C_B,126.766
TCD_LCHA,2080,OTH_A,1.608
TCD_LCHA,2080,CEREAL,2.178
TCD_LCHA,2090,CROP_FLW,8.158
TCD_LCHA,2090,PDR,4.338
TCD_LCHA,2090,WHT,8.245
TCD_LCHA,2090,GRO,1.998
TCD_LCHA,2090,OSD,1.061
TCD_LCHA,2090,C_B,141.767
TCD_LCHA,2090,OTH_A,1.686
TCD_LCHA,2090,CEREAL,2.29
TCD_LCHA,2100,CROP_FLW,8.332
TCD_LCHA,2100,PDR,4.435
TCD_LCHA,2100,WHT,8.333
TCD_LCHA,2100,GRO,2.07
TCD_LCHA,2100,OSD,1.064
TCD_LCHA,2100,C_B,159.543
TCD_LCHA,2100,OTH_A,1.747
TCD_LCHA,2100,CEREAL,2.396
TGO_AFWC,2005,CROP_FLW,7.027
TGO_AFWC,2005,PDR,1.647
TGO_AFWC,2005,GRO,1.04
TGO_AFWC,2005,OSD,0.871
TGO_AFWC,2005,OTH_A,0.873
TGO_AFWC,2005,CEREAL,1.063
TGO_AFWC,2010,CROP_FLW,7.057
TGO_AFWC,2010,PDR,1.945
TGO_AFWC,2010,GRO,1.147
TGO_AFWC,2010,OSD,0.913
TGO_AFWC,2010,OTH_A,0.92
TGO_AFWC,2010,CEREAL,1.181
TGO_AFWC,2020,CROP_FLW,7.002
TGO_AFWC,2020,PDR,2.159
TGO_AFWC,2020,GRO,1.147
TGO_AFWC,2020,OSD,0.925
TGO_AFWC,2020,OTH_A,0.946
TGO_AFWC,2020,CEREAL,1.213
TGO_AFWC,2030,CROP_FLW,7.021
TGO_AFWC,2030,PDR,2.221
TGO_AFWC,2030,GRO,1.166
TGO_AFWC,2030,OSD,0.942
TGO_AFWC,2030,OTH_A,0.963
TGO_AFWC,2030,CEREAL,1.239
TGO_AFWC,2040,CROP_FLW,7.027
TGO_AFWC,2040,PDR,2.275
TGO_AFWC,2040,GRO,1.216
TGO_AFWC,2040,OSD,0.964
TGO_AFWC,2040,OTH_A,0.965
TGO_AFWC,2040,CEREAL,1.293
TGO_AFWC,2050,CROP_FLW,7.029
TGO_AFWC,2050,PDR,2.316
TGO_AFWC,2050,GRO,1.232
TGO_AFWC,2050,OSD,0.983
TGO_AFWC,2050,OTH_A,0.966
TGO_AFWC,2050,CEREAL,1.316
TGO_AFWC,2060,CROP_FLW,7.033
TGO_AFWC,2060,PDR,2.366
TGO_AFWC,2060,GRO,1.239
TGO_AFWC,2060,OSD,0.994
TGO_AFWC,2060,OTH_A,0.967
TGO_AFWC,2060,CEREAL,1.333
TGO_AFWC,2070,CROP_FLW,7.036
TGO_AFWC,2070,PDR,2.383
TGO_AFWC,2070,GRO,1.241
TGO_AFWC,2070,OSD,0.997
TGO_AFWC,2070,OTH_A,0.964
TGO_AFWC,2070,CEREAL,1.339
TGO_AFWC,2080,CROP_FLW,7.041
TGO_AFWC,2080,PDR,2.386
TGO_AFWC,2080,GRO,1.245
TGO_AFWC,2080,OSD,1.001
TGO_AFWC,2080,OTH_A,0.963
TGO_AFWC,2080,CEREAL,1.342
TGO_AFWC,2090,CROP_FLW,7.023
TGO_AFWC,2090,PDR,2.394
TGO_AFWC,2090,GRO,1.251
TGO_AFWC,2090,OSD,1.013
TGO_AFWC,2090,OTH_A,0.973
TGO_AFWC,2090,CEREAL,1.352
TGO_AFWC,2100,CROP_FLW,6.897
TGO_AFWC,2100,PDR,2.401
TGO_AFWC,2100,GRO,1.28
TGO_AFWC,2100,OSD,1.03
TGO_AFWC,2100,OTH_A,0.998
TGO_AFWC,2100,CEREAL,1.386
TGO_VOLT,2005,CROP_FLW,6.688
TGO_VOLT,2005,PDR,1.606
TGO_VOLT,2005,GRO,0.993
TGO_VOLT,2005,OSD,0.902
TGO_VOLT,2005,OTH_A,0.955
TGO_VOLT,2005,CEREAL,1.015
TGO_VOLT,2010,CROP_FLW,6.598
TGO_VOLT,2010,PDR,1.774
TGO_VOLT,2010,GRO,1.038
TGO_VOLT,2010,OSD,1.025
TGO_VOLT,2010,OTH_A,1.009
TGO_VOLT,2010,CEREAL,1.068
TGO_VOLT,2020,CROP_FLW,6.453
TGO_VOLT,2020,PDR,1.965
TGO_VOLT,2020,GRO,1.076
TGO_VOLT,2020,OSD,1.017
TGO_VOLT,2020,OTH_A,1.042
TGO_VOLT,2020,CEREAL,1.128
TGO_VOLT,2030,CROP_FLW,6.311
TGO_VOLT,2030,PDR,1.988
TGO_VOLT,2030,GRO,1.09
TGO_VOLT,2030,OSD,1.027
TGO_VOLT,2030,OTH_A,1.064
TGO_VOLT,2030,CEREAL,1.146
TGO_VOLT,2040,CROP_FLW,6.327
TGO_VOLT,2040,PDR,2.014
TGO_VOLT,2040,GRO,1.089
TGO_VOLT,2040,OSD,1.03
TGO_VOLT,2040,OTH_A,1.059
TGO_VOLT,2040,CEREAL,1.156
TGO_VOLT,2050,CROP_FLW,6.357
TGO_VOLT,2050,PDR,2.042
TGO_VOLT,2050,GRO,1.098
TGO_VOLT,2050,OSD,1.038
TGO_VOLT,2050,OTH_A,1.06
TGO_VOLT,2050,CEREAL,1.175
TGO_VOLT,2060,CROP_FLW,6.362
TGO_VOLT,2060,PDR,2.077
TGO_VOLT,2060,GRO,1.116
TGO_VOLT,2060,OSD,1.058
TGO_VOLT,2060,OTH_A,1.058
TGO_VOLT,2060,CEREAL,1.204
TGO_VOLT,2070,CROP_FLW,6.342
TGO_VOLT,2070,PDR,2.099
TGO_VOLT,2070,GRO,1.13
TGO_VOLT,2070,OSD,1.073
TGO_VOLT,2070,OTH_A,1.049
TGO_VOLT,2070,CEREAL,1.223
TGO_VOLT,2080,CROP_FLW,6.325
TGO_VOLT,2080,PDR,2.121
TGO_VOLT,2080,GRO,1.14
TGO_VOLT,2080,OSD,1.088
TGO_VOLT,2080,OTH_A,1.037
TGO_VOLT,2080,CEREAL,1.235
TGO_VOLT,2090,CROP_FLW,6.328
TGO_VOLT,2090,PDR,2.121
TGO_VOLT,2090,GRO,1.148
TGO_VOLT,2090,OSD,1.101
TGO_VOLT,2090,OTH_A,1.029
TGO_VOLT,2090,CEREAL,1.247
TGO_VOLT,2100,CROP_FLW,6.334
TGO_VOLT,2100,PDR,2.11
TGO_VOLT,2100,GRO,1.151
TGO_VOLT,2100,OSD,1.106
TGO_VOLT,2100,OTH_A,1.028
TGO_VOLT,2100,CEREAL,1.253
THA_CHAO,2005,CROP_FLW,6.583
THA_CHAO,2005,PDR,3.902
THA_CHAO,2005,WHT,2.615
THA_CHAO,2005,GRO,3.16
THA_CHAO,2005,OSD,8.723
THA_CHAO,2005,C_B,60.488
THA_CHAO,2005,OTH_A,2.026
THA_CHAO,2005,CEREAL,3.756
THA_CHAO,2010,CROP_FLW,6.35
THA_CHAO,2010,PDR,4.01
THA_CHAO,2010,WHT,4.222
THA_CHAO,2010,GRO,3.371
THA_CHAO,2010,OSD,8.724
THA_CHAO,2010,C_B,64.304
THA_CHAO,2010,OTH_A,2.131
THA_CHAO,2010,CEREAL,3.887
THA_CHAO,2020,CROP_FLW,6.684
THA_CHAO,2020,PDR,4.172
THA_CHAO,2020,WHT,5.091
THA_CHAO,2020,GRO,3.691
THA_CHAO,2020,OSD,8.847
THA_CHAO,2020,C_B,58.11
THA_CHAO,2020,OTH_A,2.168
THA_CHAO,2020,CEREAL,4.059
THA_CHAO,2030,CROP_FLW,6.614
THA_CHAO,2030,PDR,4.188
THA_CHAO,2030,WHT,5.085
THA_CHAO,2030,GRO,3.707
THA_CHAO,2030,OSD,8.905
THA_CHAO,2030,C_B,58.469
THA_CHAO,2030,OTH_A,2.205
THA_CHAO,2030,CEREAL,4.079
THA_CHAO,2040,CROP_FLW,6.582
THA_CHAO,2040,PDR,4.258
THA_CHAO,2040,WHT,5.078
THA_CHAO,2040,GRO,3.72
THA_CHAO,2040,OSD,8.976
THA_CHAO,2040,C_B,58.721
THA_CHAO,2040,OTH_A,2.24
THA_CHAO,2040,CEREAL,4.14
THA_CHAO,2050,CROP_FLW,6.689
THA_CHAO,2050,PDR,4.264
THA_CHAO,2050,WHT,5.073
THA_CHAO,2050,GRO,3.733
THA_CHAO,2050,OSD,9.083
THA_CHAO,2050,C_B,59.41
THA_CHAO,2050,OTH_A,2.302
THA_CHAO,2050,CEREAL,4.149
THA_CHAO,2060,CROP_FLW,6.689
THA_CHAO,2060,PDR,4.264
THA_CHAO,2060,WHT,5.061
THA_CHAO,2060,GRO,3.739
THA_CHAO,2060,OSD,9.144
THA_CHAO,2060,C_B,59.441
THA_CHAO,2060,OTH_A,2.357
THA_CHAO,2060,CEREAL,4.149
THA_CHAO,2070,CROP_FLW,6.478
THA_CHAO,2070,PDR,4.278
THA_CHAO,2070,WHT,5.054
THA_CHAO,2070,GRO,3.75
THA_CHAO,2070,OSD,9.184
THA_CHAO,2070,C_B,59.282
THA_CHAO,2070,OTH_A,2.398
THA_CHAO,2070,CEREAL,4.16
THA_CHAO,2080,CROP_FLW,6.426
THA_CHAO,2080,PDR,4.306
THA_CHAO,2080,WHT,5.05
THA_CHAO,2080,GRO,3.759
THA_CHAO,2080,OSD,9.185
THA_CHAO,2080,C_B,58.769
THA_CHAO,2080,OTH_A,2.419
THA_CHAO,2080,CEREAL,4.179
THA_CHAO,2090,CROP_FLW,6.405
THA_CHAO,2090,PDR,4.328
THA_CHAO,2090,WHT,5.047
THA_CHAO,2090,GRO,3.741
THA_CHAO,2090,OSD,9.205
THA_CHAO,2090,C_B,58.345
THA_CHAO,2090,OTH_A,2.432
THA_CHAO,2090,CEREAL,4.187
THA_CHAO,2100,CROP_FLW,6.349
THA_CHAO,2100,PDR,4.35
THA_CHAO,2100,WHT,5.044
THA_CHAO,2100,GRO,3.74
THA_CHAO,2100,OSD,9.208
THA_CHAO,2100,C_B,57.882
THA_CHAO,2100,OTH_A,2.434
THA_CHAO,2100,CEREAL,4.205
THA_GTCC,2005,CROP_FLW,6.577
THA_GTCC,2005,PDR,3.798
THA_GTCC,2005,GRO,3.266
THA_GTCC,2005,OSD,8.583
THA_GTCC,2005,C_B,60.227
THA_GTCC,2005,OTH_A,1.96
THA_GTCC,2005,CEREAL,3.637
THA_GTCC,2010,CROP_FLW,6.56
THA_GTCC,2010,PDR,3.81
THA_GTCC,2010,GRO,3.33
THA_GTCC,2010,OSD,8.583
THA_GTCC,2010,C_B,63.671
THA_GTCC,2010,OTH_A,2.043
THA_GTCC,2010,CEREAL,3.667
THA_GTCC,2020,CROP_FLW,6.336
THA_GTCC,2020,PDR,3.923
THA_GTCC,2020,GRO,3.524
THA_GTCC,2020,OSD,8.605
THA_GTCC,2020,C_B,61.006
THA_GTCC,2020,OTH_A,2.078
THA_GTCC,2020,CEREAL,3.781
THA_GTCC,2030,CROP_FLW,6.597
THA_GTCC,2030,PDR,3.923
THA_GTCC,2030,GRO,3.53
THA_GTCC,2030,OSD,8.611
THA_GTCC,2030,C_B,61.659
THA_GTCC,2030,OTH_A,2.096
THA_GTCC,2030,CEREAL,3.785
THA_GTCC,2040,CROP_FLW,6.746
THA_GTCC,2040,PDR,3.914
THA_GTCC,2040,GRO,3.531
THA_GTCC,2040,OSD,8.62
THA_GTCC,2040,C_B,62.11
THA_GTCC,2040,OTH_A,2.11
THA_GTCC,2040,CEREAL,3.783
THA_GTCC,2050,CROP_FLW,6.639
THA_GTCC,2050,PDR,3.909
THA_GTCC,2050,GRO,3.542
THA_GTCC,2050,OSD,8.638
THA_GTCC,2050,C_B,62.966
THA_GTCC,2050,OTH_A,2.142
THA_GTCC,2050,CEREAL,3.785
THA_GTCC,2060,CROP_FLW,6.643
THA_GTCC,2060,PDR,3.909
THA_GTCC,2060,GRO,3.554
THA_GTCC,2060,OSD,8.656
THA_GTCC,2060,C_B,63.07
THA_GTCC,2060,OTH_A,2.162
THA_GTCC,2060,CEREAL,3.791
THA_GTCC,2070,CROP_FLW,6.546
THA_GTCC,2070,PDR,3.916
THA_GTCC,2070,GRO,3.566
THA_GTCC,2070,OSD,8.657
THA_GTCC,2070,C_B,63.047
THA_GTCC,2070,OTH_A,2.175
THA_GTCC,2070,CEREAL,3.8
THA_GTCC,2080,CROP_FLW,6.66
THA_GTCC,2080,PDR,3.879
THA_GTCC,2080,GRO,3.601
THA_GTCC,2080,OSD,8.657
THA_GTCC,2080,C_B,62.838
THA_GTCC,2080,OTH_A,2.173
THA_GTCC,2080,CEREAL,3.787
THA_GTCC,2090,CROP_FLW,6.716
THA_GTCC,2090,PDR,3.824
THA_GTCC,2090,GRO,3.601
THA_GTCC,2090,OSD,8.643
THA_GTCC,2090,C_B,62.277
THA_GTCC,2090,OTH_A,2.172
THA_GTCC,2090,CEREAL,3.749
THA_GTCC,2100,CROP_FLW,6.739
THA_GTCC,2100,PDR,3.803
THA_GTCC,2100,GRO,3.59
THA_GTCC,2100,OSD,8.69
THA_GTCC,2100,C_B,61.673
THA_GTCC,2100,OTH_A,2.171
THA_GTCC,2100,CEREAL,3.729
THA_MEKO,2005,CROP_FLW,7.047
THA_MEKO,2005,PDR,3.856
THA_MEKO,2005,WHT,2.098
THA_MEKO,2005,GRO,3.183
THA_MEKO,2005,OSD,8.634
THA_MEKO,2005,C_B,61.939
THA_MEKO,2005,OTH_A,1.965
THA_MEKO,2005,CEREAL,3.723
THA_MEKO,2010,CROP_FLW,6.906
THA_MEKO,2010,PDR,3.933
THA_MEKO,2010,WHT,3.684
THA_MEKO,2010,GRO,3.251
THA_MEKO,2010,OSD,8.634
THA_MEKO,2010,C_B,65.192
THA_MEKO,2010,OTH_A,2.043
THA_MEKO,2010,CEREAL,3.799
THA_MEKO,2020,CROP_FLW,6.631
THA_MEKO,2020,PDR,4.064
THA_MEKO,2020,WHT,4.17
THA_MEKO,2020,GRO,3.371
THA_MEKO,2020,OSD,8.714
THA_MEKO,2020,C_B,61.205
THA_MEKO,2020,OTH_A,2.069
THA_MEKO,2020,CEREAL,3.897
THA_MEKO,2030,CROP_FLW,6.758
THA_MEKO,2030,PDR,4.069
THA_MEKO,2030,WHT,4.166
THA_MEKO,2030,GRO,3.38
THA_MEKO,2030,OSD,8.774
THA_MEKO,2030,C_B,61.864
THA_MEKO,2030,OTH_A,2.098
THA_MEKO,2030,CEREAL,3.904
THA_MEKO,2040,CROP_FLW,6.861
THA_MEKO,2040,PDR,4.075
THA_MEKO,2040,WHT,4.162
THA_MEKO,2040,GRO,3.384
THA_MEKO,2040,OSD,8.829
THA_MEKO,2040,C_B,62.427
THA_MEKO,2040,OTH_A,2.116
THA_MEKO,2040,CEREAL,3.911
THA_MEKO,2050,CROP_FLW,6.807
THA_MEKO,2050,PDR,4.099
THA_MEKO,2050,WHT,4.152
THA_MEKO,2050,GRO,3.42
THA_MEKO,2050,OSD,8.915
THA_MEKO,2050,C_B,63.452
THA_MEKO,2050,OTH_A,2.159
THA_MEKO,2050,CEREAL,3.938
THA_MEKO,2060,CROP_FLW,6.828
THA_MEKO,2060,PDR,4.132
THA_MEKO,2060,WHT,4.148
THA_MEKO,2060,GRO,3.462
THA_MEKO,2060,OSD,8.996
THA_MEKO,2060,C_B,64.504
THA_MEKO,2060,OTH_A,2.193
THA_MEKO,2060,CEREAL,3.974
THA_MEKO,2070,CROP_FLW,6.853
THA_MEKO,2070,PDR,4.159
THA_MEKO,2070,WHT,4.145
THA_MEKO,2070,GRO,3.476
THA_MEKO,2070,OSD,9.066
THA_MEKO,2070,C_B,65.351
THA_MEKO,2070,OTH_A,2.218
THA_MEKO,2070,CEREAL,3.997
THA_MEKO,2080,CROP_FLW,6.996
THA_MEKO,2080,PDR,4.165
THA_MEKO,2080,WHT,4.134
THA_MEKO,2080,GRO,3.481
THA_MEKO,2080,OSD,9.104
THA_MEKO,2080,C_B,65.728
THA_MEKO,2080,OTH_A,2.229
THA_MEKO,2080,CEREAL,4.0
THA_MEKO,2090,CROP_FLW,7.069
THA_MEKO,2090,PDR,4.168
THA_MEKO,2090,WHT,4.134
THA_MEKO,2090,GRO,3.487
THA_MEKO,2090,OSD,9.133
THA_MEKO,2090,C_B,66.075
THA_MEKO,2090,OTH_A,2.242
THA_MEKO,2090,CEREAL,4.002
THA_MEKO,2100,CROP_FLW,7.089
THA_MEKO,2100,PDR,4.171
THA_MEKO,2100,WHT,4.134
THA_MEKO,2100,GRO,3.496
THA_MEKO,2100,OSD,9.178
THA_MEKO,2100,C_B,66.496
THA_MEKO,2100,OTH_A,2.255
THA_MEKO,2100,CEREAL,4.009
THA_PMAL,2005,CROP_FLW,7.325
THA_PMAL,2005,PDR,3.875
THA_PMAL,2005,WHT,2.84
THA_PMAL,2005,GRO,3.403
THA_PMAL,2005,OSD,8.429
THA_PMAL,2005,C_B,62.775
THA_PMAL,2005,OTH_A,1.914
THA_PMAL,2005,CEREAL,3.784
THA_PMAL,2010,CROP_FLW,7.674
THA_PMAL,2010,PDR,3.96
THA_PMAL,2010,WHT,4.921
THA_PMAL,2010,GRO,3.711
THA_PMAL,2010,OSD,8.429
THA_PMAL,2010,C_B,65.764
THA_PMAL,2010,OTH_A,1.999
THA_PMAL,2010,CEREAL,3.911
THA_PMAL,2020,CROP_FLW,7.536
THA_PMAL,2020,PDR,4.108
THA_PMAL,2020,WHT,5.666
THA_PMAL,2020,GRO,4.1
THA_PMAL,2020,OSD,8.537
THA_PMAL,2020,C_B,67.276
THA_PMAL,2020,OTH_A,2.033
THA_PMAL,2020,CEREAL,4.106
THA_PMAL,2030,CROP_FLW,7.69
THA_PMAL,2030,PDR,4.107
THA_PMAL,2030,WHT,5.666
THA_PMAL,2030,GRO,4.108
THA_PMAL,2030,OSD,8.573
THA_PMAL,2030,C_B,67.397
THA_PMAL,2030,OTH_A,2.049
THA_PMAL,2030,CEREAL,4.108
THA_PMAL,2040,CROP_FLW,7.776
THA_PMAL,2040,PDR,4.078
THA_PMAL,2040,WHT,5.666
THA_PMAL,2040,GRO,4.134
THA_PMAL,2040,OSD,8.665
THA_PMAL,2040,C_B,67.593
THA_PMAL,2040,OTH_A,2.071
THA_PMAL,2040,CEREAL,4.091
THA_PMAL,2050,CROP_FLW,7.79
THA_PMAL,2050,PDR,4.073
THA_PMAL,2050,WHT,5.666
THA_PMAL,2050,GRO,4.166
THA_PMAL,2050,OSD,8.81
THA_PMAL,2050,C_B,68.121
THA_PMAL,2050,OTH_A,2.115
THA_PMAL,2050,CEREAL,4.095
THA_PMAL,2060,CROP_FLW,7.812
THA_PMAL,2060,PDR,4.068
THA_PMAL,2060,WHT,5.666
THA_PMAL,2060,GRO,4.187
THA_PMAL,2060,OSD,8.927
THA_PMAL,2060,C_B,68.442
THA_PMAL,2060,OTH_A,2.163
THA_PMAL,2060,CEREAL,4.095
THA_PMAL,2070,CROP_FLW,7.903
THA_PMAL,2070,PDR,4.052
THA_PMAL,2070,WHT,5.666
THA_PMAL,2070,GRO,4.193
THA_PMAL,2070,OSD,9.013
THA_PMAL,2070,C_B,68.489
THA_PMAL,2070,OTH_A,2.2
THA_PMAL,2070,CEREAL,4.084
THA_PMAL,2080,CROP_FLW,7.752
THA_PMAL,2080,PDR,4.033
THA_PMAL,2080,WHT,5.666
THA_PMAL,2080,GRO,4.238
THA_PMAL,2080,OSD,9.014
THA_PMAL,2080,C_B,68.846
THA_PMAL,2080,OTH_A,2.22
THA_PMAL,2080,CEREAL,4.079
THA_PMAL,2090,CROP_FLW,7.803
THA_PMAL,2090,PDR,3.99
THA_PMAL,2090,WHT,5.666
THA_PMAL,2090,GRO,4.285
THA_PMAL,2090,OSD,9.024
THA_PMAL,2090,C_B,68.991
THA_PMAL,2090,OTH_A,2.229
THA_PMAL,2090,CEREAL,4.055
THA_PMAL,2100,CROP_FLW,8.056
THA_PMAL,2100,PDR,3.953
THA_PMAL,2100,WHT,5.666
THA_PMAL,2100,GRO,4.313
THA_PMAL,2100,OSD,9.049
THA_PMAL,2100,C_B,69.004
THA_PMAL,2100,OTH_A,2.246
THA_PMAL,2100,CEREAL,4.03
TJK_AMDA,2005,CROP_FLW,2.518
TJK_AMDA,2005,PDR,3.242
TJK_AMDA,2005,WHT,1.727
TJK_AMDA,2005,GRO,1.866
TJK_AMDA,2005,OSD,2.034
TJK_AMDA,2005,OTH_A,1.634
TJK_AMDA,2005,CEREAL,1.821
TJK_AMDA,2010,CROP_FLW,1.869
TJK_AMDA,2010,PDR,3.695
TJK_AMDA,2010,WHT,1.772
TJK_AMDA,2010,GRO,1.666
TJK_AMDA,2010,OSD,2.963
TJK_AMDA,2010,OTH_A,1.505
TJK_AMDA,2010,CEREAL,1.798
TJK_AMDA,2020,CROP_FLW,1.658
TJK_AMDA,2020,PDR,3.968
TJK_AMDA,2020,WHT,1.826
TJK_AMDA,2020,GRO,1.498
TJK_AMDA,2020,OSD,2.792
TJK_AMDA,2020,OTH_A,1.422
TJK_AMDA,2020,CEREAL,1.772
TJK_AMDA,2030,CROP_FLW,1.65
TJK_AMDA,2030,PDR,4.123
TJK_AMDA,2030,WHT,1.906
TJK_AMDA,2030,GRO,1.472
TJK_AMDA,2030,OSD,2.54
TJK_AMDA,2030,OTH_A,1.356
TJK_AMDA,2030,CEREAL,1.835
TJK_AMDA,2040,CROP_FLW,1.647
TJK_AMDA,2040,PDR,4.155
TJK_AMDA,2040,WHT,2.007
TJK_AMDA,2040,GRO,1.512
TJK_AMDA,2040,OSD,2.344
TJK_AMDA,2040,OTH_A,1.378
TJK_AMDA,2040,CEREAL,1.914
TJK_AMDA,2050,CROP_FLW,1.653
TJK_AMDA,2050,PDR,4.255
TJK_AMDA,2050,WHT,2.057
TJK_AMDA,2050,GRO,1.505
TJK_AMDA,2050,OSD,2.224
TJK_AMDA,2050,OTH_A,1.267
TJK_AMDA,2050,CEREAL,1.946
TJK_AMDA,2060,CROP_FLW,1.671
TJK_AMDA,2060,PDR,4.542
TJK_AMDA,2060,WHT,2.112
TJK_AMDA,2060,GRO,1.505
TJK_AMDA,2060,OSD,2.023
TJK_AMDA,2060,OTH_A,1.155
TJK_AMDA,2060,CEREAL,1.984
TJK_AMDA,2070,CROP_FLW,1.689
TJK_AMDA,2070,PDR,4.913
TJK_AMDA,2070,WHT,2.161
TJK_AMDA,2070,GRO,1.513
TJK_AMDA,2070,OSD,1.894
TJK_AMDA,2070,OTH_A,1.077
TJK_AMDA,2070,CEREAL,2.018
TJK_AMDA,2080,CROP_FLW,1.719
TJK_AMDA,2080,PDR,5.02
TJK_AMDA,2080,WHT,2.116
TJK_AMDA,2080,GRO,1.522
TJK_AMDA,2080,OSD,1.795
TJK_AMDA,2080,OTH_A,1.038
TJK_AMDA,2080,CEREAL,1.988
TJK_AMDA,2090,CROP_FLW,1.918
TJK_AMDA,2090,PDR,4.999
TJK_AMDA,2090,WHT,2.073
TJK_AMDA,2090,GRO,1.471
TJK_AMDA,2090,OSD,1.688
TJK_AMDA,2090,OTH_A,1.017
TJK_AMDA,2090,CEREAL,1.954
TJK_AMDA,2100,CROP_FLW,1.732
TJK_AMDA,2100,PDR,5.029
TJK_AMDA,2100,WHT,2.06
TJK_AMDA,2100,GRO,1.521
TJK_AMDA,2100,OSD,1.582
TJK_AMDA,2100,OTH_A,1.004
TJK_AMDA,2100,CEREAL,1.961
TJK_SYRD,2005,CROP_FLW,2.69
TJK_SYRD,2005,PDR,3.414
TJK_SYRD,2005,WHT,1.733
TJK_SYRD,2005,GRO,2.107
TJK_SYRD,2005,OSD,1.895
TJK_SYRD,2005,OTH_A,1.98
TJK_SYRD,2005,CEREAL,1.91
TJK_SYRD,2010,CROP_FLW,2.591
TJK_SYRD,2010,PDR,3.799
TJK_SYRD,2010,WHT,1.802
TJK_SYRD,2010,GRO,2.217
TJK_SYRD,2010,OSD,2.954
TJK_SYRD,2010,OTH_A,1.689
TJK_SYRD,2010,CEREAL,1.965
TJK_SYRD,2020,CROP_FLW,2.188
TJK_SYRD,2020,PDR,4.113
TJK_SYRD,2020,WHT,1.887
TJK_SYRD,2020,GRO,2.128
TJK_SYRD,2020,OSD,2.758
TJK_SYRD,2020,OTH_A,1.487
TJK_SYRD,2020,CEREAL,2.032
TJK_SYRD,2030,CROP_FLW,2.202
TJK_SYRD,2030,PDR,4.052
TJK_SYRD,2030,WHT,1.91
TJK_SYRD,2030,GRO,2.14
TJK_SYRD,2030,OSD,2.541
TJK_SYRD,2030,OTH_A,1.373
TJK_SYRD,2030,CEREAL,2.054
TJK_SYRD,2040,CROP_FLW,2.29
TJK_SYRD,2040,PDR,4.331
TJK_SYRD,2040,WHT,1.923
TJK_SYRD,2040,GRO,2.22
TJK_SYRD,2040,OSD,2.292
TJK_SYRD,2040,OTH_A,1.309
TJK_SYRD,2040,CEREAL,2.082
TJK_SYRD,2050,CROP_FLW,2.437
TJK_SYRD,2050,PDR,4.639
TJK_SYRD,2050,WHT,2.013
TJK_SYRD,2050,GRO,2.392
TJK_SYRD,2050,OSD,2.294
TJK_SYRD,2050,OTH_A,1.348
TJK_SYRD,2050,CEREAL,2.184
TJK_SYRD,2060,CROP_FLW,2.521
TJK_SYRD,2060,PDR,5.146
TJK_SYRD,2060,WHT,2.281
TJK_SYRD,2060,GRO,2.781
TJK_SYRD,2060,OSD,2.576
TJK_SYRD,2060,OTH_A,1.536
TJK_SYRD,2060,CEREAL,2.462
TJK_SYRD,2070,CROP_FLW,3.402
TJK_SYRD,2070,PDR,5.861
TJK_SYRD,2070,WHT,2.506
TJK_SYRD,2070,GRO,3.177
TJK_SYRD,2070,OSD,3.46
TJK_SYRD,2070,OTH_A,1.983
TJK_SYRD,2070,CEREAL,2.717
TJK_SYRD,2080,CROP_FLW,3.088
TJK_SYRD,2080,PDR,6.62
TJK_SYRD,2080,WHT,2.648
TJK_SYRD,2080,GRO,3.612
TJK_SYRD,2080,OSD,4.281
TJK_SYRD,2080,OTH_A,2.317
TJK_SYRD,2080,CEREAL,2.916
TJK_SYRD,2090,CROP_FLW,2.735
TJK_SYRD,2090,PDR,7.351
TJK_SYRD,2090,WHT,2.896
TJK_SYRD,2090,GRO,4.255
TJK_SYRD,2090,OSD,4.493
TJK_SYRD,2090,OTH_A,2.511
TJK_SYRD,2090,CEREAL,3.231
TJK_SYRD,2100,CROP_FLW,2.718
TJK_SYRD,2100,PDR,7.401
TJK_SYRD,2100,WHT,2.922
TJK_SYRD,2100,GRO,4.577
TJK_SYRD,2100,OSD,4.674
TJK_SYRD,2100,OTH_A,2.521
TJK_SYRD,2100,CEREAL,3.333
TKM_AMDA,2005,CROP_FLW,3.155
TKM_AMDA,2005,PDR,2.907
TKM_AMDA,2005,WHT,1.795
TKM_AMDA,2005,GRO,1.996
TKM_AMDA,2005,OSD,2.112
TKM_AMDA,2005,C_B,472.138
TKM_AMDA,2005,OTH_A,2.075
TKM_AMDA,2005,CEREAL,1.87
TKM_AMDA,2010,CROP_FLW,2.945
TKM_AMDA,2010,PDR,4.278
TKM_AMDA,2010,WHT,1.836
TKM_AMDA,2010,GRO,1.869
TKM_AMDA,2010,OSD,2.317
TKM_AMDA,2010,C_B,479.947
TKM_AMDA,2010,OTH_A,1.848
TKM_AMDA,2010,CEREAL,1.885
TKM_AMDA,2020,CROP_FLW,3.078
TKM_AMDA,2020,PDR,3.13
TKM_AMDA,2020,WHT,1.952
TKM_AMDA,2020,GRO,1.417
TKM_AMDA,2020,OSD,2.377
TKM_AMDA,2020,C_B,489.535
TKM_AMDA,2020,OTH_A,2.129
TKM_AMDA,2020,CEREAL,1.957
TKM_AMDA,2030,CROP_FLW,2.878
TKM_AMDA,2030,PDR,3.494
TKM_AMDA,2030,WHT,2.106
TKM_AMDA,2030,GRO,1.718
TKM_AMDA,2030,OSD,3.154
TKM_AMDA,2030,C_B,659.644
TKM_AMDA,2030,OTH_A,2.44
TKM_AMDA,2030,CEREAL,2.136
TKM_AMDA,2040,CROP_FLW,2.838
TKM_AMDA,2040,PDR,3.851
TKM_AMDA,2040,WHT,2.301
TKM_AMDA,2040,GRO,1.882
TKM_AMDA,2040,OSD,4.167
TKM_AMDA,2040,C_B,659.644
TKM_AMDA,2040,OTH_A,2.484
TKM_AMDA,2040,CEREAL,2.347
TKM_AMDA,2050,CROP_FLW,3.404
TKM_AMDA,2050,PDR,4.002
TKM_AMDA,2050,WHT,2.351
TKM_AMDA,2050,GRO,1.937
TKM_AMDA,2050,OSD,4.59
TKM_AMDA,2050,C_B,659.644
TKM_AMDA,2050,OTH_A,2.485
TKM_AMDA,2050,CEREAL,2.415
TKM_AMDA,2060,CROP_FLW,3.209
TKM_AMDA,2060,PDR,4.096
TKM_AMDA,2060,WHT,2.396
TKM_AMDA,2060,GRO,1.992
TKM_AMDA,2060,OSD,4.832
TKM_AMDA,2060,C_B,659.644
TKM_AMDA,2060,OTH_A,2.514
TKM_AMDA,2060,CEREAL,2.477
TKM_AMDA,2070,CROP_FLW,3.109
TKM_AMDA,2070,PDR,4.373
TKM_AMDA,2070,WHT,2.473
TKM_AMDA,2070,GRO,2.029
TKM_AMDA,2070,OSD,4.902
TKM_AMDA,2070,C_B,659.644
TKM_AMDA,2070,OTH_A,2.541
TKM_AMDA,2070,CEREAL,2.562
TKM_AMDA,2080,CROP_FLW,3.068
TKM_AMDA,2080,PDR,4.686
TKM_AMDA,2080,WHT,2.549
TKM_AMDA,2080,GRO,2.111
TKM_AMDA,2080,OSD,4.938
TKM_AMDA,2080,C_B,659.644
TKM_AMDA,2080,OTH_A,2.547
TKM_AMDA,2080,CEREAL,2.645
TKM_AMDA,2090,CROP_FLW,3.108
TKM_AMDA,2090,PDR,5.041
TKM_AMDA,2090,WHT,2.586
TKM_AMDA,2090,GRO,2.172
TKM_AMDA,2090,OSD,4.981
TKM_AMDA,2090,C_B,659.644
TKM_AMDA,2090,OTH_A,2.537
TKM_AMDA,2090,CEREAL,2.687
TKM_AMDA,2100,CROP_FLW,2.94
TKM_AMDA,2100,PDR,5.388
TKM_AMDA,2100,WHT,2.637
TKM_AMDA,2100,GRO,2.291
TKM_AMDA,2100,OSD,5.035
TKM_AMDA,2100,C_B,659.644
TKM_AMDA,2100,OTH_A,2.518
TKM_AMDA,2100,CEREAL,2.749
TKM_CSEC,2005,CROP_FLW,3.266
TKM_CSEC,2005,PDR,3.265
TKM_CSEC,2005,WHT,1.998
TKM_CSEC,2005,GRO,2.103
TKM_CSEC,2005,OSD,1.826
TKM_CSEC,2005,C_B,37.971
TKM_CSEC,2005,OTH_A,1.934
TKM_CSEC,2005,CEREAL,2.074
TKM_CSEC,2010,CROP_FLW,3.276
TKM_CSEC,2010,PDR,5.273
TKM_CSEC,2010,WHT,2.065
TKM_CSEC,2010,GRO,3.48
TKM_CSEC,2010,OSD,1.998
TKM_CSEC,2010,C_B,38.588
TKM_CSEC,2010,OTH_A,1.745
TKM_CSEC,2010,CEREAL,2.177
TKM_CSEC,2020,CROP_FLW,3.236
TKM_CSEC,2020,PDR,4.362
TKM_CSEC,2020,WHT,2.175
TKM_CSEC,2020,GRO,2.299
TKM_CSEC,2020,OSD,2.028
TKM_CSEC,2020,C_B,39.976
TKM_CSEC,2020,OTH_A,2.134
TKM_CSEC,2020,CEREAL,2.262
TKM_CSEC,2030,CROP_FLW,3.207
TKM_CSEC,2030,PDR,4.511
TKM_CSEC,2030,WHT,2.227
TKM_CSEC,2030,GRO,2.707
TKM_CSEC,2030,OSD,2.449
TKM_CSEC,2030,C_B,52.035
TKM_CSEC,2030,OTH_A,2.294
TKM_CSEC,2030,CEREAL,2.352
TKM_CSEC,2040,CROP_FLW,3.006
TKM_CSEC,2040,PDR,4.706
TKM_CSEC,2040,WHT,2.444
TKM_CSEC,2040,GRO,3.15
TKM_CSEC,2040,OSD,3.098
TKM_CSEC,2040,C_B,67.737
TKM_CSEC,2040,OTH_A,2.686
TKM_CSEC,2040,CEREAL,2.603
TKM_CSEC,2050,CROP_FLW,3.173
TKM_CSEC,2050,PDR,4.739
TKM_CSEC,2050,WHT,2.557
TKM_CSEC,2050,GRO,3.358
TKM_CSEC,2050,OSD,3.521
TKM_CSEC,2050,C_B,76.721
TKM_CSEC,2050,OTH_A,2.723
TKM_CSEC,2050,CEREAL,2.748
TKM_CSEC,2060,CROP_FLW,3.342
TKM_CSEC,2060,PDR,4.648
TKM_CSEC,2060,WHT,2.573
TKM_CSEC,2060,GRO,3.418
TKM_CSEC,2060,OSD,3.669
TKM_CSEC,2060,C_B,77.848
TKM_CSEC,2060,OTH_A,2.734
TKM_CSEC,2060,CEREAL,2.791
TKM_CSEC,2070,CROP_FLW,3.506
TKM_CSEC,2070,PDR,4.619
TKM_CSEC,2070,WHT,2.585
TKM_CSEC,2070,GRO,3.285
TKM_CSEC,2070,OSD,3.563
TKM_CSEC,2070,C_B,77.502
TKM_CSEC,2070,OTH_A,2.655
TKM_CSEC,2070,CEREAL,2.8
TKM_CSEC,2080,CROP_FLW,3.493
TKM_CSEC,2080,PDR,4.742
TKM_CSEC,2080,WHT,2.593
TKM_CSEC,2080,GRO,3.313
TKM_CSEC,2080,OSD,3.484
TKM_CSEC,2080,C_B,77.048
TKM_CSEC,2080,OTH_A,2.634
TKM_CSEC,2080,CEREAL,2.81
TKM_CSEC,2090,CROP_FLW,3.417
TKM_CSEC,2090,PDR,4.908
TKM_CSEC,2090,WHT,2.594
TKM_CSEC,2090,GRO,3.264
TKM_CSEC,2090,OSD,3.315
TKM_CSEC,2090,C_B,76.13
TKM_CSEC,2090,OTH_A,2.554
TKM_CSEC,2090,CEREAL,2.806
TKM_CSEC,2100,CROP_FLW,3.359
TKM_CSEC,2100,PDR,4.763
TKM_CSEC,2100,WHT,2.617
TKM_CSEC,2100,GRO,3.122
TKM_CSEC,2100,OSD,2.898
TKM_CSEC,2100,C_B,73.747
TKM_CSEC,2100,OTH_A,2.266
TKM_CSEC,2100,CEREAL,2.807
TLS_JATI,2005,CROP_FLW,8.457
TLS_JATI,2005,PDR,3.267
TLS_JATI,2005,GRO,3.338
TLS_JATI,2005,OSD,97.003
TLS_JATI,2005,OTH_A,1.987
TLS_JATI,2005,CEREAL,3.317
TLS_JATI,2010,CROP_FLW,8.5
TLS_JATI,2010,PDR,3.271
TLS_JATI,2010,GRO,3.35
TLS_JATI,2010,OSD,105.159
TLS_JATI,2010,OTH_A,2.001
TLS_JATI,2010,CEREAL,3.328
TLS_JATI,2020,CROP_FLW,8.642
TLS_JATI,2020,PDR,3.492
TLS_JATI,2020,GRO,3.455
TLS_JATI,2020,OSD,105.815
TLS_JATI,2020,OTH_A,2.028
TLS_JATI,2020,CEREAL,3.466
TLS_JATI,2030,CROP_FLW,8.577
TLS_JATI,2030,PDR,3.523
TLS_JATI,2030,GRO,3.458
TLS_JATI,2030,OSD,105.941
TLS_JATI,2030,OTH_A,2.042
TLS_JATI,2030,CEREAL,3.478
TLS_JATI,2040,CROP_FLW,8.661
TLS_JATI,2040,PDR,3.555
TLS_JATI,2040,GRO,3.491
TLS_JATI,2040,OSD,106.436
TLS_JATI,2040,OTH_A,2.062
TLS_JATI,2040,CEREAL,3.511
TLS_JATI,2050,CROP_FLW,8.641
TLS_JATI,2050,PDR,3.58
TLS_JATI,2050,GRO,3.529
TLS_JATI,2050,OSD,106.576
TLS_JATI,2050,OTH_A,2.073
TLS_JATI,2050,CEREAL,3.546
TLS_JATI,2060,CROP_FLW,8.681
TLS_JATI,2060,PDR,3.591
TLS_JATI,2060,GRO,3.535
TLS_JATI,2060,OSD,106.603
TLS_JATI,2060,OTH_A,2.073
TLS_JATI,2060,CEREAL,3.556
TLS_JATI,2070,CROP_FLW,8.68
TLS_JATI,2070,PDR,3.547
TLS_JATI,2070,GRO,3.546
TLS_JATI,2070,OSD,106.649
TLS_JATI,2070,OTH_A,2.079
TLS_JATI,2070,CEREAL,3.546
TLS_JATI,2080,CROP_FLW,8.679
TLS_JATI,2080,PDR,3.539
TLS_JATI,2080,GRO,3.596
TLS_JATI,2080,OSD,106.711
TLS_JATI,2080,OTH_A,2.086
TLS_JATI,2080,CEREAL,3.571
TLS_JATI,2090,CROP_FLW,8.552
TLS_JATI,2090,PDR,3.594
TLS_JATI,2090,GRO,3.611
TLS_JATI,2090,OSD,106.714
TLS_JATI,2090,OTH_A,2.086
TLS_JATI,2090,CEREAL,3.604
TLS_JATI,2100,CROP_FLW,8.628
TLS_JATI,2100,PDR,3.592
TLS_JATI,2100,GRO,3.62
TLS_JATI,2100,OSD,106.725
TLS_JATI,2100,OTH_A,2.084
TLS_JATI,2100,CEREAL,3.609
TTO_CARC,2005,CROP_FLW,10.271
TTO_CARC,2005,PDR,4.915
TTO_CARC,2005,GRO,3.627
TTO_CARC,2005,OSD,4.045
TTO_CARC,2005,OTH_A,3.32
TTO_CARC,2005,CEREAL,4.208
TTO_CARC,2010,CROP_FLW,10.115
TTO_CARC,2010,PDR,4.971
TTO_CARC,2010,GRO,3.656
TTO_CARC,2010,OSD,4.121
TTO_CARC,2010,OTH_A,3.363
TTO_CARC,2010,CEREAL,4.153
TTO_CARC,2020,CROP_FLW,9.903
TTO_CARC,2020,PDR,5.082
TTO_CARC,2020,GRO,3.714
TTO_CARC,2020,OSD,4.172
TTO_CARC,2020,OTH_A,3.378
TTO_CARC,2020,CEREAL,4.456
TTO_CARC,2030,CROP_FLW,9.904
TTO_CARC,2030,PDR,5.118
TTO_CARC,2030,GRO,3.723
TTO_CARC,2030,OSD,4.233
TTO_CARC,2030,OTH_A,3.39
TTO_CARC,2030,CEREAL,4.51
TTO_CARC,2040,CROP_FLW,9.907
TTO_CARC,2040,PDR,5.168
TTO_CARC,2040,GRO,3.688
TTO_CARC,2040,OSD,4.348
TTO_CARC,2040,OTH_A,3.405
TTO_CARC,2040,CEREAL,4.574
TTO_CARC,2050,CROP_FLW,9.91
TTO_CARC,2050,PDR,5.202
TTO_CARC,2050,GRO,3.69
TTO_CARC,2050,OSD,4.425
TTO_CARC,2050,OTH_A,3.418
TTO_CARC,2050,CEREAL,4.647
TTO_CARC,2060,CROP_FLW,9.911
TTO_CARC,2060,PDR,5.22
TTO_CARC,2060,GRO,3.697
TTO_CARC,2060,OSD,4.454
TTO_CARC,2060,OTH_A,3.422
TTO_CARC,2060,CEREAL,4.707
TTO_CARC,2070,CROP_FLW,9.899
TTO_CARC,2070,PDR,5.227
TTO_CARC,2070,GRO,3.699
TTO_CARC,2070,OSD,4.461
TTO_CARC,2070,OTH_A,3.424
TTO_CARC,2070,CEREAL,4.732
TTO_CARC,2080,CROP_FLW,9.856
TTO_CARC,2080,PDR,5.229
TTO_CARC,2080,GRO,3.702
TTO_CARC,2080,OSD,4.467
TTO_CARC,2080,OTH_A,3.431
TTO_CARC,2080,CEREAL,4.736
TTO_CARC,2090,CROP_FLW,9.856
TTO_CARC,2090,PDR,5.233
TTO_CARC,2090,GRO,3.708
TTO_CARC,2090,OSD,4.481
TTO_CARC,2090,OTH_A,3.432
TTO_CARC,2090,CEREAL,4.738
TTO_CARC,2100,CROP_FLW,9.857
TTO_CARC,2100,PDR,5.24
TTO_CARC,2100,GRO,3.718
TTO_CARC,2100,OSD,4.508
TTO_CARC,2100,OTH_A,3.438
TTO_CARC,2100,CEREAL,4.75
TUN_ANIN,2005,CROP_FLW,3.949
TUN_ANIN,2005,WHT,4.168
TUN_ANIN,2005,GRO,2.379
TUN_ANIN,2005,OSD,0.092
TUN_ANIN,2005,C_B,85.751
TUN_ANIN,2005,OTH_A,11.188
TUN_ANIN,2005,CEREAL,3.175
TUN_ANIN,2010,CROP_FLW,4.079
TUN_ANIN,2010,WHT,6.39
TUN_ANIN,2010,GRO,2.656
TUN_ANIN,2010,OSD,0.1
TUN_ANIN,2010,C_B,85.751
TUN_ANIN,2010,OTH_A,9.276
TUN_ANIN,2010,CEREAL,4.343
TUN_ANIN,2020,CROP_FLW,4.09
TUN_ANIN,2020,WHT,6.384
TUN_ANIN,2020,GRO,2.441
TUN_ANIN,2020,OSD,0.101
TUN_ANIN,2020,C_B,85.701
TUN_ANIN,2020,OTH_A,11.45
TUN_ANIN,2020,CEREAL,3.716
TUN_ANIN,2030,CROP_FLW,4.088
TUN_ANIN,2030,WHT,6.296
TUN_ANIN,2030,GRO,2.439
TUN_ANIN,2030,OSD,0.102
TUN_ANIN,2030,C_B,84.423
TUN_ANIN,2030,OTH_A,11.822
TUN_ANIN,2030,CEREAL,3.651
TUN_ANIN,2040,CROP_FLW,4.088
TUN_ANIN,2040,WHT,6.189
TUN_ANIN,2040,GRO,2.452
TUN_ANIN,2040,OSD,0.101
TUN_ANIN,2040,C_B,76.248
TUN_ANIN,2040,OTH_A,11.822
TUN_ANIN,2040,CEREAL,3.789
TUN_ANIN,2050,CROP_FLW,4.081
TUN_ANIN,2050,WHT,6.209
TUN_ANIN,2050,GRO,2.575
TUN_ANIN,2050,OSD,0.096
TUN_ANIN,2050,C_B,70.447
TUN_ANIN,2050,OTH_A,11.755
TUN_ANIN,2050,CEREAL,4.038
TUN_ANIN,2060,CROP_FLW,4.067
TUN_ANIN,2060,WHT,6.17
TUN_ANIN,2060,GRO,2.578
TUN_ANIN,2060,OSD,0.091
TUN_ANIN,2060,C_B,59.576
TUN_ANIN,2060,OTH_A,11.822
TUN_ANIN,2060,CEREAL,4.021
TUN_ANIN,2070,CROP_FLW,4.07
TUN_ANIN,2070,WHT,5.991
TUN_ANIN,2070,GRO,2.662
TUN_ANIN,2070,OSD,0.09
TUN_ANIN,2070,C_B,54.21
TUN_ANIN,2070,OTH_A,11.822
TUN_ANIN,2070,CEREAL,4.255
TUN_ANIN,2080,CROP_FLW,4.06
TUN_ANIN,2080,WHT,6.031
TUN_ANIN,2080,GRO,2.914
TUN_ANIN,2080,OSD,0.09
TUN_ANIN,2080,C_B,55.499
TUN_ANIN,2080,OTH_A,11.822
TUN_ANIN,2080,CEREAL,4.607
TUN_ANIN,2090,CROP_FLW,4.057
TUN_ANIN,2090,WHT,6.008
TUN_ANIN,2090,GRO,3.024
TUN_ANIN,2090,OSD,0.09
TUN_ANIN,2090,C_B,49.863
TUN_ANIN,2090,OTH_A,11.822
TUN_ANIN,2090,CEREAL,4.709
TUN_ANIN,2100,CROP_FLW,4.061
TUN_ANIN,2100,WHT,5.942
TUN_ANIN,2100,GRO,3.21
TUN_ANIN,2100,OSD,0.091
TUN_ANIN,2100,C_B,47.367
TUN_ANIN,2100,OTH_A,11.822
TUN_ANIN,2100,CEREAL,4.939
TUN_MSCC,2005,CROP_FLW,4.08
TUN_MSCC,2005,WHT,2.229
TUN_MSCC,2005,GRO,2.341
TUN_MSCC,2005,OSD,0.321
TUN_MSCC,2005,C_B,69.74
TUN_MSCC,2005,OTH_A,7.171
TUN_MSCC,2005,CEREAL,2.268
TUN_MSCC,2010,CROP_FLW,4.08
TUN_MSCC,2010,WHT,2.229
TUN_MSCC,2010,GRO,2.341
TUN_MSCC,2010,OSD,0.321
TUN_MSCC,2010,C_B,69.736
TUN_MSCC,2010,OTH_A,7.171
TUN_MSCC,2010,CEREAL,2.268
TUN_MSCC,2020,CROP_FLW,4.178
TUN_MSCC,2020,WHT,2.402
TUN_MSCC,2020,GRO,2.356
TUN_MSCC,2020,OSD,0.321
TUN_MSCC,2020,C_B,69.907
TUN_MSCC,2020,OTH_A,7.406
TUN_MSCC,2020,CEREAL,2.381
TUN_MSCC,2030,CROP_FLW,4.189
TUN_MSCC,2030,WHT,2.412
TUN_MSCC,2030,GRO,2.421
TUN_MSCC,2030,OSD,0.321
TUN_MSCC,2030,C_B,69.703
TUN_MSCC,2030,OTH_A,7.715
TUN_MSCC,2030,CEREAL,2.416
TUN_MSCC,2040,CROP_FLW,4.192
TUN_MSCC,2040,WHT,2.419
TUN_MSCC,2040,GRO,2.501
TUN_MSCC,2040,OSD,0.321
TUN_MSCC,2040,C_B,67.803
TUN_MSCC,2040,OTH_A,7.823
TUN_MSCC,2040,CEREAL,2.454
TUN_MSCC,2050,CROP_FLW,4.19
TUN_MSCC,2050,WHT,2.421
TUN_MSCC,2050,GRO,2.571
TUN_MSCC,2050,OSD,0.319
TUN_MSCC,2050,C_B,65.432
TUN_MSCC,2050,OTH_A,7.865
TUN_MSCC,2050,CEREAL,2.481
TUN_MSCC,2060,CROP_FLW,4.212
TUN_MSCC,2060,WHT,2.422
TUN_MSCC,2060,GRO,2.632
TUN_MSCC,2060,OSD,0.319
TUN_MSCC,2060,C_B,63.32
TUN_MSCC,2060,OTH_A,8.089
TUN_MSCC,2060,CEREAL,2.498
TUN_MSCC,2070,CROP_FLW,4.226
TUN_MSCC,2070,WHT,2.424
TUN_MSCC,2070,GRO,2.687
TUN_MSCC,2070,OSD,0.319
TUN_MSCC,2070,C_B,62.448
TUN_MSCC,2070,OTH_A,8.513
TUN_MSCC,2070,CEREAL,2.509
TUN_MSCC,2080,CROP_FLW,4.235
TUN_MSCC,2080,WHT,2.423
TUN_MSCC,2080,GRO,2.732
TUN_MSCC,2080,OSD,0.32
TUN_MSCC,2080,C_B,62.003
TUN_MSCC,2080,OTH_A,9.185
TUN_MSCC,2080,CEREAL,2.51
TUN_MSCC,2090,CROP_FLW,4.249
TUN_MSCC,2090,WHT,2.422
TUN_MSCC,2090,GRO,2.77
TUN_MSCC,2090,OSD,0.32
TUN_MSCC,2090,C_B,61.47
TUN_MSCC,2090,OTH_A,9.797
TUN_MSCC,2090,CEREAL,2.508
TUN_MSCC,2100,CROP_FLW,4.262
TUN_MSCC,2100,WHT,2.423
TUN_MSCC,2100,GRO,2.81
TUN_MSCC,2100,OSD,0.32
TUN_MSCC,2100,C_B,60.519
TUN_MSCC,2100,OTH_A,10.049
TUN_MSCC,2100,CEREAL,2.505
TUR_BSSC,2005,CROP_FLW,5.012
TUR_BSSC,2005,PDR,6.743
TUR_BSSC,2005,WHT,2.306
TUR_BSSC,2005,GRO,3.337
TUR_BSSC,2005,OSD,2.348
TUR_BSSC,2005,C_B,45.038
TUR_BSSC,2005,OTH_A,6.53
TUR_BSSC,2005,CEREAL,2.705
TUR_BSSC,2010,CROP_FLW,4.791
TUR_BSSC,2010,PDR,6.977
TUR_BSSC,2010,WHT,2.364
TUR_BSSC,2010,GRO,3.531
TUR_BSSC,2010,OSD,2.551
TUR_BSSC,2010,C_B,45.102
TUR_BSSC,2010,OTH_A,6.79
TUR_BSSC,2010,CEREAL,2.821
TUR_BSSC,2020,CROP_FLW,4.837
TUR_BSSC,2020,PDR,6.99
TUR_BSSC,2020,WHT,2.363
TUR_BSSC,2020,GRO,3.59
TUR_BSSC,2020,OSD,2.602
TUR_BSSC,2020,C_B,52.693
TUR_BSSC,2020,OTH_A,6.999
TUR_BSSC,2020,CEREAL,2.859
TUR_BSSC,2030,CROP_FLW,4.831
TUR_BSSC,2030,PDR,6.958
TUR_BSSC,2030,WHT,2.382
TUR_BSSC,2030,GRO,3.606
TUR_BSSC,2030,OSD,2.665
TUR_BSSC,2030,C_B,52.36
TUR_BSSC,2030,OTH_A,7.097
TUR_BSSC,2030,CEREAL,2.878
TUR_BSSC,2040,CROP_FLW,4.827
TUR_BSSC,2040,PDR,7.019
TUR_BSSC,2040,WHT,2.43
TUR_BSSC,2040,GRO,3.639
TUR_BSSC,2040,OSD,2.824
TUR_BSSC,2040,C_B,52.481
TUR_BSSC,2040,OTH_A,7.167
TUR_BSSC,2040,CEREAL,2.898
TUR_BSSC,2050,CROP_FLW,4.822
TUR_BSSC,2050,PDR,7.105
TUR_BSSC,2050,WHT,2.438
TUR_BSSC,2050,GRO,3.685
TUR_BSSC,2050,OSD,2.829
TUR_BSSC,2050,C_B,52.416
TUR_BSSC,2050,OTH_A,7.237
TUR_BSSC,2050,CEREAL,2.888
TUR_BSSC,2060,CROP_FLW,4.856
TUR_BSSC,2060,PDR,7.2
TUR_BSSC,2060,WHT,2.439
TUR_BSSC,2060,GRO,3.656
TUR_BSSC,2060,OSD,2.849
TUR_BSSC,2060,C_B,53.344
TUR_BSSC,2060,OTH_A,7.444
TUR_BSSC,2060,CEREAL,2.849
TUR_BSSC,2070,CROP_FLW,4.899
TUR_BSSC,2070,PDR,7.21
TUR_BSSC,2070,WHT,2.441
TUR_BSSC,2070,GRO,3.578
TUR_BSSC,2070,OSD,2.858
TUR_BSSC,2070,C_B,55.044
TUR_BSSC,2070,OTH_A,7.671
TUR_BSSC,2070,CEREAL,2.799
TUR_BSSC,2080,CROP_FLW,4.817
TUR_BSSC,2080,PDR,7.331
TUR_BSSC,2080,WHT,2.456
TUR_BSSC,2080,GRO,3.77
TUR_BSSC,2080,OSD,2.897
TUR_BSSC,2080,C_B,57.402
TUR_BSSC,2080,OTH_A,8.209
TUR_BSSC,2080,CEREAL,2.828
TUR_BSSC,2090,CROP_FLW,4.778
TUR_BSSC,2090,PDR,7.449
TUR_BSSC,2090,WHT,2.474
TUR_BSSC,2090,GRO,3.96
TUR_BSSC,2090,OSD,2.913
TUR_BSSC,2090,C_B,58.606
TUR_BSSC,2090,OTH_A,8.744
TUR_BSSC,2090,CEREAL,2.855
TUR_BSSC,2100,CROP_FLW,4.759
TUR_BSSC,2100,PDR,7.558
TUR_BSSC,2100,WHT,2.498
TUR_BSSC,2100,GRO,4.165
TUR_BSSC,2100,OSD,2.945
TUR_BSSC,2100,C_B,60.106
TUR_BSSC,2100,OTH_A,9.263
TUR_BSSC,2100,CEREAL,2.884
TUR_CSSW,2005,CROP_FLW,4.002
TUR_CSSW,2005,WHT,2.228
TUR_CSSW,2005,GRO,3.221
TUR_CSSW,2005,C_B,41.226
TUR_CSSW,2005,OTH_A,6.18
TUR_CSSW,2005,CEREAL,2.579
TUR_CSSW,2010,CROP_FLW,3.953
TUR_CSSW,2010,WHT,2.287
TUR_CSSW,2010,GRO,3.507
TUR_CSSW,2010,C_B,41.223
TUR_CSSW,2010,OTH_A,6.434
TUR_CSSW,2010,CEREAL,2.704
TUR_CSSW,2020,CROP_FLW,3.964
TUR_CSSW,2020,WHT,2.319
TUR_CSSW,2020,GRO,3.658
TUR_CSSW,2020,C_B,46.627
TUR_CSSW,2020,OTH_A,6.669
TUR_CSSW,2020,CEREAL,2.764
TUR_CSSW,2030,CROP_FLW,3.969
TUR_CSSW,2030,WHT,2.361
TUR_CSSW,2030,GRO,3.675
TUR_CSSW,2030,C_B,46.088
TUR_CSSW,2030,OTH_A,6.714
TUR_CSSW,2030,CEREAL,2.786
TUR_CSSW,2040,CROP_FLW,3.972
TUR_CSSW,2040,WHT,2.381
TUR_CSSW,2040,GRO,3.714
TUR_CSSW,2040,C_B,44.877
TUR_CSSW,2040,OTH_A,6.746
TUR_CSSW,2040,CEREAL,2.791
TUR_CSSW,2050,CROP_FLW,3.982
TUR_CSSW,2050,WHT,2.399
TUR_CSSW,2050,GRO,3.821
TUR_CSSW,2050,C_B,44.722
TUR_CSSW,2050,OTH_A,6.761
TUR_CSSW,2050,CEREAL,2.798
TUR_CSSW,2060,CROP_FLW,3.973
TUR_CSSW,2060,WHT,2.412
TUR_CSSW,2060,GRO,3.887
TUR_CSSW,2060,C_B,44.766
TUR_CSSW,2060,OTH_A,6.864
TUR_CSSW,2060,CEREAL,2.782
TUR_CSSW,2070,CROP_FLW,3.97
TUR_CSSW,2070,WHT,2.421
TUR_CSSW,2070,GRO,3.899
TUR_CSSW,2070,C_B,45.759
TUR_CSSW,2070,OTH_A,7.049
TUR_CSSW,2070,CEREAL,2.747
TUR_CSSW,2080,CROP_FLW,3.958
TUR_CSSW,2080,WHT,2.423
TUR_CSSW,2080,GRO,3.821
TUR_CSSW,2080,C_B,46.945
TUR_CSSW,2080,OTH_A,7.308
TUR_CSSW,2080,CEREAL,2.693
TUR_CSSW,2090,CROP_FLW,3.956
TUR_CSSW,2090,WHT,2.438
TUR_CSSW,2090,GRO,3.763
TUR_CSSW,2090,C_B,47.663
TUR_CSSW,2090,OTH_A,7.43
TUR_CSSW,2090,CEREAL,2.665
TUR_CSSW,2100,CROP_FLW,3.964
TUR_CSSW,2100,WHT,2.458
TUR_CSSW,2100,GRO,3.701
TUR_CSSW,2100,C_B,48.83
TUR_CSSW,2100,OTH_A,7.671
TUR_CSSW,2100,CEREAL,2.659
TUR_MSEC,2005,CROP_FLW,4.747
TUR_MSEC,2005,PDR,6.667
TUR_MSEC,2005,WHT,2.313
TUR_MSEC,2005,GRO,3.247
TUR_MSEC,2005,OSD,2.418
TUR_MSEC,2005,C_B,45.203
TUR_MSEC,2005,OTH_A,6.524
TUR_MSEC,2005,CEREAL,2.642
TUR_MSEC,2010,CROP_FLW,4.598
TUR_MSEC,2010,PDR,6.236
TUR_MSEC,2010,WHT,2.378
TUR_MSEC,2010,GRO,3.442
TUR_MSEC,2010,OSD,2.429
TUR_MSEC,2010,C_B,45.557
TUR_MSEC,2010,OTH_A,6.773
TUR_MSEC,2010,CEREAL,2.753
TUR_MSEC,2020,CROP_FLW,4.647
TUR_MSEC,2020,PDR,5.867
TUR_MSEC,2020,WHT,2.391
TUR_MSEC,2020,GRO,3.503
TUR_MSEC,2020,OSD,2.422
TUR_MSEC,2020,C_B,53.89
TUR_MSEC,2020,OTH_A,7.119
TUR_MSEC,2020,CEREAL,2.793
TUR_MSEC,2030,CROP_FLW,4.642
TUR_MSEC,2030,PDR,5.595
TUR_MSEC,2030,WHT,2.417
TUR_MSEC,2030,GRO,3.511
TUR_MSEC,2030,OSD,2.41
TUR_MSEC,2030,C_B,56.589
TUR_MSEC,2030,OTH_A,7.239
TUR_MSEC,2030,CEREAL,2.807
TUR_MSEC,2040,CROP_FLW,4.637
TUR_MSEC,2040,PDR,5.675
TUR_MSEC,2040,WHT,2.423
TUR_MSEC,2040,GRO,3.55
TUR_MSEC,2040,OSD,2.329
TUR_MSEC,2040,C_B,58.945
TUR_MSEC,2040,OTH_A,7.353
TUR_MSEC,2040,CEREAL,2.809
TUR_MSEC,2050,CROP_FLW,4.634
TUR_MSEC,2050,PDR,5.78
TUR_MSEC,2050,WHT,2.429
TUR_MSEC,2050,GRO,3.644
TUR_MSEC,2050,OSD,2.285
TUR_MSEC,2050,C_B,59.638
TUR_MSEC,2050,OTH_A,7.42
TUR_MSEC,2050,CEREAL,2.824
TUR_MSEC,2060,CROP_FLW,4.659
TUR_MSEC,2060,PDR,5.911
TUR_MSEC,2060,WHT,2.431
TUR_MSEC,2060,GRO,3.714
TUR_MSEC,2060,OSD,2.264
TUR_MSEC,2060,C_B,60.564
TUR_MSEC,2060,OTH_A,7.635
TUR_MSEC,2060,CEREAL,2.819
TUR_MSEC,2070,CROP_FLW,4.692
TUR_MSEC,2070,PDR,6.047
TUR_MSEC,2070,WHT,2.438
TUR_MSEC,2070,GRO,3.778
TUR_MSEC,2070,OSD,2.264
TUR_MSEC,2070,C_B,61.919
TUR_MSEC,2070,OTH_A,7.885
TUR_MSEC,2070,CEREAL,2.805
TUR_MSEC,2080,CROP_FLW,4.719
TUR_MSEC,2080,PDR,6.153
TUR_MSEC,2080,WHT,2.442
TUR_MSEC,2080,GRO,3.812
TUR_MSEC,2080,OSD,2.266
TUR_MSEC,2080,C_B,63.505
TUR_MSEC,2080,OTH_A,8.268
TUR_MSEC,2080,CEREAL,2.791
TUR_MSEC,2090,CROP_FLW,4.741
TUR_MSEC,2090,PDR,6.166
TUR_MSEC,2090,WHT,2.444
TUR_MSEC,2090,GRO,3.749
TUR_MSEC,2090,OSD,2.268
TUR_MSEC,2090,C_B,65.686
TUR_MSEC,2090,OTH_A,8.7
TUR_MSEC,2090,CEREAL,2.755
TUR_MSEC,2100,CROP_FLW,4.681
TUR_MSEC,2100,PDR,6.358
TUR_MSEC,2100,WHT,2.474
TUR_MSEC,2100,GRO,3.997
TUR_MSEC,2100,OSD,2.284
TUR_MSEC,2100,C_B,68.797
TUR_MSEC,2100,OTH_A,9.355
TUR_MSEC,2100,CEREAL,2.812
TUR_TIEU,2005,CROP_FLW,4.205
TUR_TIEU,2005,PDR,6.824
TUR_TIEU,2005,WHT,2.27
TUR_TIEU,2005,GRO,3.138
TUR_TIEU,2005,OSD,2.415
TUR_TIEU,2005,C_B,46.476
TUR_TIEU,2005,OTH_A,6.204
TUR_TIEU,2005,CEREAL,2.555
TUR_TIEU,2010,CROP_FLW,4.02
TUR_TIEU,2010,PDR,6.679
TUR_TIEU,2010,WHT,2.35
TUR_TIEU,2010,GRO,3.46
TUR_TIEU,2010,OSD,2.395
TUR_TIEU,2010,C_B,46.342
TUR_TIEU,2010,OTH_A,6.494
TUR_TIEU,2010,CEREAL,2.704
TUR_TIEU,2020,CROP_FLW,4.014
TUR_TIEU,2020,PDR,6.552
TUR_TIEU,2020,WHT,2.368
TUR_TIEU,2020,GRO,3.57
TUR_TIEU,2020,OSD,2.376
TUR_TIEU,2020,C_B,53.848
TUR_TIEU,2020,OTH_A,6.682
TUR_TIEU,2020,CEREAL,2.747
TUR_TIEU,2030,CROP_FLW,4.007
TUR_TIEU,2030,PDR,6.448
TUR_TIEU,2030,WHT,2.394
TUR_TIEU,2030,GRO,3.6
TUR_TIEU,2030,OSD,2.336
TUR_TIEU,2030,C_B,51.587
TUR_TIEU,2030,OTH_A,6.755
TUR_TIEU,2030,CEREAL,2.764
TUR_TIEU,2040,CROP_FLW,3.999
TUR_TIEU,2040,PDR,6.546
TUR_TIEU,2040,WHT,2.391
TUR_TIEU,2040,GRO,3.642
TUR_TIEU,2040,OSD,2.224
TUR_TIEU,2040,C_B,48.149
TUR_TIEU,2040,OTH_A,6.767
TUR_TIEU,2040,CEREAL,2.754
TUR_TIEU,2050,CROP_FLW,3.986
TUR_TIEU,2050,PDR,6.572
TUR_TIEU,2050,WHT,2.397
TUR_TIEU,2050,GRO,3.752
TUR_TIEU,2050,OSD,2.155
TUR_TIEU,2050,C_B,47.199
TUR_TIEU,2050,OTH_A,6.778
TUR_TIEU,2050,CEREAL,2.756
TUR_TIEU,2060,CROP_FLW,3.981
TUR_TIEU,2060,PDR,6.671
TUR_TIEU,2060,WHT,2.404
TUR_TIEU,2060,GRO,3.825
TUR_TIEU,2060,OSD,2.112
TUR_TIEU,2060,C_B,46.944
TUR_TIEU,2060,OTH_A,6.878
TUR_TIEU,2060,CEREAL,2.741
TUR_TIEU,2070,CROP_FLW,3.97
TUR_TIEU,2070,PDR,6.8
TUR_TIEU,2070,WHT,2.413
TUR_TIEU,2070,GRO,3.882
TUR_TIEU,2070,OSD,2.101
TUR_TIEU,2070,C_B,47.316
TUR_TIEU,2070,OTH_A,7.028
TUR_TIEU,2070,CEREAL,2.728
TUR_TIEU,2080,CROP_FLW,3.972
TUR_TIEU,2080,PDR,6.886
TUR_TIEU,2080,WHT,2.421
TUR_TIEU,2080,GRO,3.848
TUR_TIEU,2080,OSD,2.098
TUR_TIEU,2080,C_B,47.965
TUR_TIEU,2080,OTH_A,7.285
TUR_TIEU,2080,CEREAL,2.696
TUR_TIEU,2090,CROP_FLW,3.98
TUR_TIEU,2090,PDR,6.951
TUR_TIEU,2090,WHT,2.427
TUR_TIEU,2090,GRO,3.757
TUR_TIEU,2090,OSD,2.094
TUR_TIEU,2090,C_B,48.327
TUR_TIEU,2090,OTH_A,7.601
TUR_TIEU,2090,CEREAL,2.657
TUR_TIEU,2100,CROP_FLW,3.981
TUR_TIEU,2100,PDR,7.01
TUR_TIEU,2100,WHT,2.431
TUR_TIEU,2100,GRO,3.696
TUR_TIEU,2100,OSD,2.093
TUR_TIEU,2100,C_B,48.458
TUR_TIEU,2100,OTH_A,7.92
TUR_TIEU,2100,CEREAL,2.628
TZA_AECC,2005,CROP_FLW,7.184
TZA_AECC,2005,PDR,1.627
TZA_AECC,2005,WHT,2.225
TZA_AECC,2005,GRO,0.946
TZA_AECC,2005,OSD,0.878
TZA_AECC,2005,C_B,65.18
TZA_AECC,2005,OTH_A,0.787
TZA_AECC,2005,CEREAL,1.024
TZA_AECC,2010,CROP_FLW,7.183
TZA_AECC,2010,PDR,2.542
TZA_AECC,2010,WHT,3.135
TZA_AECC,2010,GRO,0.981
TZA_AECC,2010,OSD,0.977
TZA_AECC,2010,C_B,139.785
TZA_AECC,2010,OTH_A,0.897
TZA_AECC,2010,CEREAL,1.229
TZA_AECC,2020,CROP_FLW,7.28
TZA_AECC,2020,PDR,2.742
TZA_AECC,2020,WHT,3.743
TZA_AECC,2020,GRO,1.085
TZA_AECC,2020,OSD,1.112
TZA_AECC,2020,C_B,162.516
TZA_AECC,2020,OTH_A,0.94
TZA_AECC,2020,CEREAL,1.338
TZA_AECC,2030,CROP_FLW,7.298
TZA_AECC,2030,PDR,2.886
TZA_AECC,2030,WHT,3.762
TZA_AECC,2030,GRO,1.187
TZA_AECC,2030,OSD,1.14
TZA_AECC,2030,C_B,165.49
TZA_AECC,2030,OTH_A,0.971
TZA_AECC,2030,CEREAL,1.447
TZA_AECC,2040,CROP_FLW,7.306
TZA_AECC,2040,PDR,2.989
TZA_AECC,2040,WHT,3.773
TZA_AECC,2040,GRO,1.254
TZA_AECC,2040,OSD,1.169
TZA_AECC,2040,C_B,167.711
TZA_AECC,2040,OTH_A,0.969
TZA_AECC,2040,CEREAL,1.53
TZA_AECC,2050,CROP_FLW,7.334
TZA_AECC,2050,PDR,3.007
TZA_AECC,2050,WHT,3.805
TZA_AECC,2050,GRO,1.287
TZA_AECC,2050,OSD,1.177
TZA_AECC,2050,C_B,170.716
TZA_AECC,2050,OTH_A,0.949
TZA_AECC,2050,CEREAL,1.569
TZA_AECC,2060,CROP_FLW,7.34
TZA_AECC,2060,PDR,3.0
TZA_AECC,2060,WHT,3.87
TZA_AECC,2060,GRO,1.328
TZA_AECC,2060,OSD,1.19
TZA_AECC,2060,C_B,171.79
TZA_AECC,2060,OTH_A,0.962
TZA_AECC,2060,CEREAL,1.573
TZA_AECC,2070,CROP_FLW,7.514
TZA_AECC,2070,PDR,3.157
TZA_AECC,2070,WHT,3.856
TZA_AECC,2070,GRO,1.349
TZA_AECC,2070,OSD,1.197
TZA_AECC,2070,C_B,172.178
TZA_AECC,2070,OTH_A,0.969
TZA_AECC,2070,CEREAL,1.568
TZA_AECC,2080,CROP_FLW,7.589
TZA_AECC,2080,PDR,3.341
TZA_AECC,2080,WHT,3.94
TZA_AECC,2080,GRO,1.357
TZA_AECC,2080,OSD,1.168
TZA_AECC,2080,C_B,177.866
TZA_AECC,2080,OTH_A,0.977
TZA_AECC,2080,CEREAL,1.566
TZA_AECC,2090,CROP_FLW,7.579
TZA_AECC,2090,PDR,3.405
TZA_AECC,2090,WHT,3.937
TZA_AECC,2090,GRO,1.385
TZA_AECC,2090,OSD,1.167
TZA_AECC,2090,C_B,181.976
TZA_AECC,2090,OTH_A,0.981
TZA_AECC,2090,CEREAL,1.595
TZA_AECC,2100,CROP_FLW,7.59
TZA_AECC,2100,PDR,3.404
TZA_AECC,2100,WHT,3.916
TZA_AECC,2100,GRO,1.383
TZA_AECC,2100,OSD,1.164
TZA_AECC,2100,C_B,186.413
TZA_AECC,2100,OTH_A,0.973
TZA_AECC,2100,CEREAL,1.592
TZA_CONG,2005,CROP_FLW,7.51
TZA_CONG,2005,PDR,1.688
TZA_CONG,2005,GRO,1.047
TZA_CONG,2005,OSD,0.879
TZA_CONG,2005,C_B,58.666
TZA_CONG,2005,OTH_A,0.873
TZA_CONG,2005,CEREAL,1.121
TZA_CONG,2010,CROP_FLW,7.523
TZA_CONG,2010,PDR,2.84
TZA_CONG,2010,GRO,1.082
TZA_CONG,2010,OSD,0.961
TZA_CONG,2010,C_B,73.209
TZA_CONG,2010,OTH_A,0.998
TZA_CONG,2010,CEREAL,1.388
TZA_CONG,2020,CROP_FLW,7.567
TZA_CONG,2020,PDR,3.204
TZA_CONG,2020,GRO,1.179
TZA_CONG,2020,OSD,1.053
TZA_CONG,2020,C_B,78.686
TZA_CONG,2020,OTH_A,1.067
TZA_CONG,2020,CEREAL,1.492
TZA_CONG,2030,CROP_FLW,7.587
TZA_CONG,2030,PDR,3.556
TZA_CONG,2030,GRO,1.398
TZA_CONG,2030,OSD,1.081
TZA_CONG,2030,C_B,79.369
TZA_CONG,2030,OTH_A,1.136
TZA_CONG,2030,CEREAL,1.749
TZA_CONG,2040,CROP_FLW,7.598
TZA_CONG,2040,PDR,3.706
TZA_CONG,2040,GRO,1.516
TZA_CONG,2040,OSD,1.076
TZA_CONG,2040,C_B,80.152
TZA_CONG,2040,OTH_A,1.144
TZA_CONG,2040,CEREAL,1.898
TZA_CONG,2050,CROP_FLW,7.603
TZA_CONG,2050,PDR,3.793
TZA_CONG,2050,GRO,1.587
TZA_CONG,2050,OSD,1.068
TZA_CONG,2050,C_B,80.565
TZA_CONG,2050,OTH_A,1.151
TZA_CONG,2050,CEREAL,1.981
TZA_CONG,2060,CROP_FLW,7.613
TZA_CONG,2060,PDR,3.831
TZA_CONG,2060,GRO,1.664
TZA_CONG,2060,OSD,1.063
TZA_CONG,2060,C_B,80.713
TZA_CONG,2060,OTH_A,1.17
TZA_CONG,2060,CEREAL,1.998
TZA_CONG,2070,CROP_FLW,7.626
TZA_CONG,2070,PDR,4.015
TZA_CONG,2070,GRO,1.71
TZA_CONG,2070,OSD,1.055
TZA_CONG,2070,C_B,81.088
TZA_CONG,2070,OTH_A,1.176
TZA_CONG,2070,CEREAL,2.002
TZA_CONG,2080,CROP_FLW,7.627
TZA_CONG,2080,PDR,4.279
TZA_CONG,2080,GRO,1.718
TZA_CONG,2080,OSD,1.054
TZA_CONG,2080,C_B,82.695
TZA_CONG,2080,OTH_A,1.187
TZA_CONG,2080,CEREAL,2.008
TZA_CONG,2090,CROP_FLW,7.736
TZA_CONG,2090,PDR,4.361
TZA_CONG,2090,GRO,1.781
TZA_CONG,2090,OSD,1.053
TZA_CONG,2090,C_B,83.218
TZA_CONG,2090,OTH_A,1.196
TZA_CONG,2090,CEREAL,2.064
TZA_CONG,2100,CROP_FLW,7.755
TZA_CONG,2100,PDR,4.363
TZA_CONG,2100,GRO,1.783
TZA_CONG,2100,OSD,1.052
TZA_CONG,2100,C_B,83.224
TZA_CONG,2100,OTH_A,1.197
TZA_CONG,2100,CEREAL,2.064
TZA_NILE,2005,CROP_FLW,8.046
TZA_NILE,2005,PDR,1.848
TZA_NILE,2005,WHT,2.795
TZA_NILE,2005,GRO,1.021
TZA_NILE,2005,OSD,0.907
TZA_NILE,2005,C_B,86.855
TZA_NILE,2005,OTH_A,0.802
TZA_NILE,2005,CEREAL,1.107
TZA_NILE,2010,CROP_FLW,8.057
TZA_NILE,2010,PDR,3.177
TZA_NILE,2010,WHT,3.288
TZA_NILE,2010,GRO,1.034
TZA_NILE,2010,OSD,0.99
TZA_NILE,2010,C_B,130.169
TZA_NILE,2010,OTH_A,0.868
TZA_NILE,2010,CEREAL,1.366
TZA_NILE,2020,CROP_FLW,7.956
TZA_NILE,2020,PDR,3.484
TZA_NILE,2020,WHT,3.505
TZA_NILE,2020,GRO,1.103
TZA_NILE,2020,OSD,1.027
TZA_NILE,2020,C_B,144.254
TZA_NILE,2020,OTH_A,0.924
TZA_NILE,2020,CEREAL,1.437
TZA_NILE,2030,CROP_FLW,7.939
TZA_NILE,2030,PDR,3.751
TZA_NILE,2030,WHT,3.562
TZA_NILE,2030,GRO,1.172
TZA_NILE,2030,OSD,1.048
TZA_NILE,2030,C_B,145.718
TZA_NILE,2030,OTH_A,0.947
TZA_NILE,2030,CEREAL,1.555
TZA_NILE,2040,CROP_FLW,7.929
TZA_NILE,2040,PDR,4.019
TZA_NILE,2040,WHT,3.585
TZA_NILE,2040,GRO,1.204
TZA_NILE,2040,OSD,1.058
TZA_NILE,2040,C_B,145.56
TZA_NILE,2040,OTH_A,0.939
TZA_NILE,2040,CEREAL,1.654
TZA_NILE,2050,CROP_FLW,7.919
TZA_NILE,2050,PDR,4.176
TZA_NILE,2050,WHT,3.588
TZA_NILE,2050,GRO,1.223
TZA_NILE,2050,OSD,1.065
TZA_NILE,2050,C_B,146.291
TZA_NILE,2050,OTH_A,0.936
TZA_NILE,2050,CEREAL,1.714
TZA_NILE,2060,CROP_FLW,7.876
TZA_NILE,2060,PDR,4.424
TZA_NILE,2060,WHT,3.649
TZA_NILE,2060,GRO,1.25
TZA_NILE,2060,OSD,1.064
TZA_NILE,2060,C_B,146.077
TZA_NILE,2060,OTH_A,0.945
TZA_NILE,2060,CEREAL,1.717
TZA_NILE,2070,CROP_FLW,7.847
TZA_NILE,2070,PDR,4.861
TZA_NILE,2070,WHT,3.715
TZA_NILE,2070,GRO,1.27
TZA_NILE,2070,OSD,1.065
TZA_NILE,2070,C_B,145.14
TZA_NILE,2070,OTH_A,0.953
TZA_NILE,2070,CEREAL,1.711
TZA_NILE,2080,CROP_FLW,7.917
TZA_NILE,2080,PDR,5.294
TZA_NILE,2080,WHT,3.772
TZA_NILE,2080,GRO,1.286
TZA_NILE,2080,OSD,1.059
TZA_NILE,2080,C_B,146.71
TZA_NILE,2080,OTH_A,0.955
TZA_NILE,2080,CEREAL,1.705
TZA_NILE,2090,CROP_FLW,7.901
TZA_NILE,2090,PDR,5.298
TZA_NILE,2090,WHT,3.757
TZA_NILE,2090,GRO,1.302
TZA_NILE,2090,OSD,1.051
TZA_NILE,2090,C_B,147.236
TZA_NILE,2090,OTH_A,0.961
TZA_NILE,2090,CEREAL,1.719
TZA_NILE,2100,CROP_FLW,7.878
TZA_NILE,2100,PDR,5.272
TZA_NILE,2100,WHT,3.79
TZA_NILE,2100,GRO,1.295
TZA_NILE,2100,OSD,1.042
TZA_NILE,2100,C_B,148.142
TZA_NILE,2100,OTH_A,0.944
TZA_NILE,2100,CEREAL,1.723
TZA_RIFT,2005,CROP_FLW,6.562
TZA_RIFT,2005,PDR,1.68
TZA_RIFT,2005,WHT,2.508
TZA_RIFT,2005,GRO,1.032
TZA_RIFT,2005,OSD,0.909
TZA_RIFT,2005,C_B,61.647
TZA_RIFT,2005,OTH_A,0.855
TZA_RIFT,2005,CEREAL,1.12
TZA_RIFT,2010,CROP_FLW,6.571
TZA_RIFT,2010,PDR,3.061
TZA_RIFT,2010,WHT,3.556
TZA_RIFT,2010,GRO,1.058
TZA_RIFT,2010,OSD,0.982
TZA_RIFT,2010,C_B,91.972
TZA_RIFT,2010,OTH_A,1.004
TZA_RIFT,2010,CEREAL,1.437
TZA_RIFT,2020,CROP_FLW,6.718
TZA_RIFT,2020,PDR,3.454
TZA_RIFT,2020,WHT,4.229
TZA_RIFT,2020,GRO,1.155
TZA_RIFT,2020,OSD,1.118
TZA_RIFT,2020,C_B,104.099
TZA_RIFT,2020,OTH_A,1.054
TZA_RIFT,2020,CEREAL,1.557
TZA_RIFT,2030,CROP_FLW,6.734
TZA_RIFT,2030,PDR,3.801
TZA_RIFT,2030,WHT,4.345
TZA_RIFT,2030,GRO,1.309
TZA_RIFT,2030,OSD,1.136
TZA_RIFT,2030,C_B,104.783
TZA_RIFT,2030,OTH_A,1.091
TZA_RIFT,2030,CEREAL,1.757
TZA_RIFT,2040,CROP_FLW,6.743
TZA_RIFT,2040,PDR,4.282
TZA_RIFT,2040,WHT,4.46
TZA_RIFT,2040,GRO,1.492
TZA_RIFT,2040,OSD,1.164
TZA_RIFT,2040,C_B,105.264
TZA_RIFT,2040,OTH_A,1.131
TZA_RIFT,2040,CEREAL,2.018
TZA_RIFT,2050,CROP_FLW,6.759
TZA_RIFT,2050,PDR,4.556
TZA_RIFT,2050,WHT,4.575
TZA_RIFT,2050,GRO,1.615
TZA_RIFT,2050,OSD,1.18
TZA_RIFT,2050,C_B,105.648
TZA_RIFT,2050,OTH_A,1.129
TZA_RIFT,2050,CEREAL,2.185
TZA_RIFT,2060,CROP_FLW,6.826
TZA_RIFT,2060,PDR,4.699
TZA_RIFT,2060,WHT,4.597
TZA_RIFT,2060,GRO,1.693
TZA_RIFT,2060,OSD,1.189
TZA_RIFT,2060,C_B,105.886
TZA_RIFT,2060,OTH_A,1.137
TZA_RIFT,2060,CEREAL,2.207
TZA_RIFT,2070,CROP_FLW,6.964
TZA_RIFT,2070,PDR,5.189
TZA_RIFT,2070,WHT,4.755
TZA_RIFT,2070,GRO,1.743
TZA_RIFT,2070,OSD,1.196
TZA_RIFT,2070,C_B,107.51
TZA_RIFT,2070,OTH_A,1.137
TZA_RIFT,2070,CEREAL,2.231
TZA_RIFT,2080,CROP_FLW,7.206
TZA_RIFT,2080,PDR,5.509
TZA_RIFT,2080,WHT,5.001
TZA_RIFT,2080,GRO,1.76
TZA_RIFT,2080,OSD,1.201
TZA_RIFT,2080,C_B,110.235
TZA_RIFT,2080,OTH_A,1.172
TZA_RIFT,2080,CEREAL,2.218
TZA_RIFT,2090,CROP_FLW,7.112
TZA_RIFT,2090,PDR,5.568
TZA_RIFT,2090,WHT,5.125
TZA_RIFT,2090,GRO,1.842
TZA_RIFT,2090,OSD,1.203
TZA_RIFT,2090,C_B,111.042
TZA_RIFT,2090,OTH_A,1.189
TZA_RIFT,2090,CEREAL,2.29
TZA_RIFT,2100,CROP_FLW,7.116
TZA_RIFT,2100,PDR,5.569
TZA_RIFT,2100,WHT,5.144
TZA_RIFT,2100,GRO,1.843
TZA_RIFT,2100,OSD,1.202
TZA_RIFT,2100,C_B,111.242
TZA_RIFT,2100,OTH_A,1.188
TZA_RIFT,2100,CEREAL,2.29
UGA_NILE,2005,CROP_FLW,8.753
UGA_NILE,2005,PDR,1.693
UGA_NILE,2005,WHT,2.482
UGA_NILE,2005,GRO,1.096
UGA_NILE,2005,OSD,0.952
UGA_NILE,2005,C_B,56.923
UGA_NILE,2005,OTH_A,0.914
UGA_NILE,2005,CEREAL,1.124
UGA_NILE,2010,CROP_FLW,8.647
UGA_NILE,2010,PDR,1.823
UGA_NILE,2010,WHT,3.11
UGA_NILE,2010,GRO,1.199
UGA_NILE,2010,OSD,0.982
UGA_NILE,2010,C_B,72.157
UGA_NILE,2010,OTH_A,0.946
UGA_NILE,2010,CEREAL,1.229
UGA_NILE,2020,CROP_FLW,8.746
UGA_NILE,2020,PDR,1.895
UGA_NILE,2020,WHT,3.297
UGA_NILE,2020,GRO,1.254
UGA_NILE,2020,OSD,0.996
UGA_NILE,2020,C_B,78.583
UGA_NILE,2020,OTH_A,0.951
UGA_NILE,2020,CEREAL,1.285
UGA_NILE,2030,CROP_FLW,8.697
UGA_NILE,2030,PDR,2.041
UGA_NILE,2030,WHT,3.309
UGA_NILE,2030,GRO,1.262
UGA_NILE,2030,OSD,1.001
UGA_NILE,2030,C_B,79.738
UGA_NILE,2030,OTH_A,0.961
UGA_NILE,2030,CEREAL,1.3
UGA_NILE,2040,CROP_FLW,8.45
UGA_NILE,2040,PDR,2.117
UGA_NILE,2040,WHT,3.671
UGA_NILE,2040,GRO,1.308
UGA_NILE,2040,OSD,1.003
UGA_NILE,2040,C_B,89.349
UGA_NILE,2040,OTH_A,0.976
UGA_NILE,2040,CEREAL,1.346
UGA_NILE,2050,CROP_FLW,8.554
UGA_NILE,2050,PDR,2.203
UGA_NILE,2050,WHT,3.991
UGA_NILE,2050,GRO,1.331
UGA_NILE,2050,OSD,1.006
UGA_NILE,2050,C_B,93.471
UGA_NILE,2050,OTH_A,0.99
UGA_NILE,2050,CEREAL,1.368
UGA_NILE,2060,CROP_FLW,8.787
UGA_NILE,2060,PDR,2.259
UGA_NILE,2060,WHT,4.024
UGA_NILE,2060,GRO,1.344
UGA_NILE,2060,OSD,1.011
UGA_NILE,2060,C_B,94.153
UGA_NILE,2060,OTH_A,0.996
UGA_NILE,2060,CEREAL,1.383
UGA_NILE,2070,CROP_FLW,8.894
UGA_NILE,2070,PDR,2.328
UGA_NILE,2070,WHT,4.056
UGA_NILE,2070,GRO,1.345
UGA_NILE,2070,OSD,1.016
UGA_NILE,2070,C_B,94.174
UGA_NILE,2070,OTH_A,1.004
UGA_NILE,2070,CEREAL,1.389
UGA_NILE,2080,CROP_FLW,8.897
UGA_NILE,2080,PDR,2.534
UGA_NILE,2080,WHT,4.076
UGA_NILE,2080,GRO,1.354
UGA_NILE,2080,OSD,1.019
UGA_NILE,2080,C_B,94.218
UGA_NILE,2080,OTH_A,1.012
UGA_NILE,2080,CEREAL,1.409
UGA_NILE,2090,CROP_FLW,8.982
UGA_NILE,2090,PDR,2.755
UGA_NILE,2090,WHT,4.087
UGA_NILE,2090,GRO,1.36
UGA_NILE,2090,OSD,1.021
UGA_NILE,2090,C_B,93.634
UGA_NILE,2090,OTH_A,1.012
UGA_NILE,2090,CEREAL,1.43
UGA_NILE,2100,CROP_FLW,8.921
UGA_NILE,2100,PDR,2.82
UGA_NILE,2100,WHT,4.091
UGA_NILE,2100,GRO,1.373
UGA_NILE,2100,OSD,1.021
UGA_NILE,2100,C_B,93.732
UGA_NILE,2100,OTH_A,1.026
UGA_NILE,2100,CEREAL,1.449
UKR_BSNC,2005,CROP_FLW,3.382
UKR_BSNC,2005,PDR,3.859
UKR_BSNC,2005,WHT,1.889
UKR_BSNC,2005,GRO,2.121
UKR_BSNC,2005,OSD,1.445
UKR_BSNC,2005,C_B,26.385
UKR_BSNC,2005,OTH_A,1.817
UKR_BSNC,2005,CEREAL,2.048
UKR_BSNC,2010,CROP_FLW,3.207
UKR_BSNC,2010,PDR,4.016
UKR_BSNC,2010,WHT,1.934
UKR_BSNC,2010,GRO,2.142
UKR_BSNC,2010,OSD,1.525
UKR_BSNC,2010,C_B,27.661
UKR_BSNC,2010,OTH_A,1.844
UKR_BSNC,2010,CEREAL,2.083
UKR_BSNC,2020,CROP_FLW,3.004
UKR_BSNC,2020,PDR,4.925
UKR_BSNC,2020,WHT,1.97
UKR_BSNC,2020,GRO,2.168
UKR_BSNC,2020,OSD,1.565
UKR_BSNC,2020,C_B,28.386
UKR_BSNC,2020,OTH_A,1.949
UKR_BSNC,2020,CEREAL,2.104
UKR_BSNC,2030,CROP_FLW,3.018
UKR_BSNC,2030,PDR,4.892
UKR_BSNC,2030,WHT,1.965
UKR_BSNC,2030,GRO,2.171
UKR_BSNC,2030,OSD,1.569
UKR_BSNC,2030,C_B,28.399
UKR_BSNC,2030,OTH_A,1.983
UKR_BSNC,2030,CEREAL,2.103
UKR_BSNC,2040,CROP_FLW,3.05
UKR_BSNC,2040,PDR,5.007
UKR_BSNC,2040,WHT,1.956
UKR_BSNC,2040,GRO,2.181
UKR_BSNC,2040,OSD,1.583
UKR_BSNC,2040,C_B,28.419
UKR_BSNC,2040,OTH_A,1.99
UKR_BSNC,2040,CEREAL,2.106
UKR_BSNC,2050,CROP_FLW,3.094
UKR_BSNC,2050,PDR,5.425
UKR_BSNC,2050,WHT,1.941
UKR_BSNC,2050,GRO,2.193
UKR_BSNC,2050,OSD,1.589
UKR_BSNC,2050,C_B,28.443
UKR_BSNC,2050,OTH_A,1.998
UKR_BSNC,2050,CEREAL,2.107
UKR_BSNC,2060,CROP_FLW,3.094
UKR_BSNC,2060,PDR,5.535
UKR_BSNC,2060,WHT,1.926
UKR_BSNC,2060,GRO,2.198
UKR_BSNC,2060,OSD,1.592
UKR_BSNC,2060,C_B,28.467
UKR_BSNC,2060,OTH_A,2.005
UKR_BSNC,2060,CEREAL,2.106
UKR_BSNC,2070,CROP_FLW,3.092
UKR_BSNC,2070,PDR,5.583
UKR_BSNC,2070,WHT,1.911
UKR_BSNC,2070,GRO,2.203
UKR_BSNC,2070,OSD,1.594
UKR_BSNC,2070,C_B,28.489
UKR_BSNC,2070,OTH_A,2.01
UKR_BSNC,2070,CEREAL,2.101
UKR_BSNC,2080,CROP_FLW,3.092
UKR_BSNC,2080,PDR,5.592
UKR_BSNC,2080,WHT,1.898
UKR_BSNC,2080,GRO,2.204
UKR_BSNC,2080,OSD,1.597
UKR_BSNC,2080,C_B,28.506
UKR_BSNC,2080,OTH_A,2.011
UKR_BSNC,2080,CEREAL,2.095
UKR_BSNC,2090,CROP_FLW,3.211
UKR_BSNC,2090,PDR,5.589
UKR_BSNC,2090,WHT,1.891
UKR_BSNC,2090,GRO,2.202
UKR_BSNC,2090,OSD,1.6
UKR_BSNC,2090,C_B,28.52
UKR_BSNC,2090,OTH_A,2.009
UKR_BSNC,2090,CEREAL,2.089
UKR_BSNC,2100,CROP_FLW,3.213
UKR_BSNC,2100,PDR,5.587
UKR_BSNC,2100,WHT,1.886
UKR_BSNC,2100,GRO,2.208
UKR_BSNC,2100,OSD,1.601
UKR_BSNC,2100,C_B,28.528
UKR_BSNC,2100,OTH_A,2.009
UKR_BSNC,2100,CEREAL,2.087
UKR_DANU,2005,CROP_FLW,3.822
UKR_DANU,2005,PDR,3.772
UKR_DANU,2005,WHT,1.898
UKR_DANU,2005,GRO,1.917
UKR_DANU,2005,OSD,1.436
UKR_DANU,2005,C_B,26.956
UKR_DANU,2005,OTH_A,1.792
UKR_DANU,2005,CEREAL,1.909
UKR_DANU,2010,CROP_FLW,3.609
UKR_DANU,2010,PDR,4.765
UKR_DANU,2010,WHT,1.958
UKR_DANU,2010,GRO,2.199
UKR_DANU,2010,OSD,1.614
UKR_DANU,2010,C_B,28.652
UKR_DANU,2010,OTH_A,1.813
UKR_DANU,2010,CEREAL,2.096
UKR_DANU,2020,CROP_FLW,3.505
UKR_DANU,2020,PDR,7.073
UKR_DANU,2020,WHT,2.182
UKR_DANU,2020,GRO,2.47
UKR_DANU,2020,OSD,1.701
UKR_DANU,2020,C_B,32.818
UKR_DANU,2020,OTH_A,1.914
UKR_DANU,2020,CEREAL,2.353
UKR_DANU,2030,CROP_FLW,3.439
UKR_DANU,2030,PDR,7.131
UKR_DANU,2030,WHT,2.288
UKR_DANU,2030,GRO,2.506
UKR_DANU,2030,OSD,1.715
UKR_DANU,2030,C_B,33.382
UKR_DANU,2030,OTH_A,1.95
UKR_DANU,2030,CEREAL,2.418
UKR_DANU,2040,CROP_FLW,3.445
UKR_DANU,2040,PDR,7.585
UKR_DANU,2040,WHT,2.394
UKR_DANU,2040,GRO,2.609
UKR_DANU,2040,OSD,1.75
UKR_DANU,2040,C_B,34.846
UKR_DANU,2040,OTH_A,2.007
UKR_DANU,2040,CEREAL,2.524
UKR_DANU,2050,CROP_FLW,3.459
UKR_DANU,2050,PDR,8.126
UKR_DANU,2050,WHT,2.498
UKR_DANU,2050,GRO,2.725
UKR_DANU,2050,OSD,1.773
UKR_DANU,2050,C_B,36.256
UKR_DANU,2050,OTH_A,2.068
UKR_DANU,2050,CEREAL,2.638
UKR_DANU,2060,CROP_FLW,3.46
UKR_DANU,2060,PDR,8.134
UKR_DANU,2060,WHT,2.592
UKR_DANU,2060,GRO,2.793
UKR_DANU,2060,OSD,1.782
UKR_DANU,2060,C_B,37.552
UKR_DANU,2060,OTH_A,2.125
UKR_DANU,2060,CEREAL,2.717
UKR_DANU,2070,CROP_FLW,3.519
UKR_DANU,2070,PDR,8.138
UKR_DANU,2070,WHT,2.623
UKR_DANU,2070,GRO,2.776
UKR_DANU,2070,OSD,1.778
UKR_DANU,2070,C_B,38.547
UKR_DANU,2070,OTH_A,2.16
UKR_DANU,2070,CEREAL,2.719
UKR_DANU,2080,CROP_FLW,3.577
UKR_DANU,2080,PDR,8.143
UKR_DANU,2080,WHT,2.649
UKR_DANU,2080,GRO,2.773
UKR_DANU,2080,OSD,1.774
UKR_DANU,2080,C_B,39.327
UKR_DANU,2080,OTH_A,2.165
UKR_DANU,2080,CEREAL,2.726
UKR_DANU,2090,CROP_FLW,3.688
UKR_DANU,2090,PDR,8.147
UKR_DANU,2090,WHT,2.654
UKR_DANU,2090,GRO,2.776
UKR_DANU,2090,OSD,1.775
UKR_DANU,2090,C_B,40.077
UKR_DANU,2090,OTH_A,2.171
UKR_DANU,2090,CEREAL,2.73
UKR_DANU,2100,CROP_FLW,3.563
UKR_DANU,2100,PDR,8.149
UKR_DANU,2100,WHT,2.657
UKR_DANU,2100,GRO,2.796
UKR_DANU,2100,OSD,1.778
UKR_DANU,2100,C_B,40.708
UKR_DANU,2100,OTH_A,2.183
UKR_DANU,2100,CEREAL,2.743
UKR_DNIE,2005,CROP_FLW,3.724
UKR_DNIE,2005,PDR,3.992
UKR_DNIE,2005,WHT,1.995
UKR_DNIE,2005,GRO,2.21
UKR_DNIE,2005,OSD,1.472
UKR_DNIE,2005,C_B,25.933
UKR_DNIE,2005,OTH_A,1.854
UKR_DNIE,2005,CEREAL,2.081
UKR_DNIE,2010,CROP_FLW,3.682
UKR_DNIE,2010,PDR,4.837
UKR_DNIE,2010,WHT,2.042
UKR_DNIE,2010,GRO,2.218
UKR_DNIE,2010,OSD,1.493
UKR_DNIE,2010,C_B,26.447
UKR_DNIE,2010,OTH_A,1.873
UKR_DNIE,2010,CEREAL,2.117
UKR_DNIE,2020,CROP_FLW,3.767
UKR_DNIE,2020,PDR,6.448
UKR_DNIE,2020,WHT,2.232
UKR_DNIE,2020,GRO,2.228
UKR_DNIE,2020,OSD,1.504
UKR_DNIE,2020,C_B,29.548
UKR_DNIE,2020,OTH_A,1.91
UKR_DNIE,2020,CEREAL,2.23
UKR_DNIE,2030,CROP_FLW,3.869
UKR_DNIE,2030,PDR,6.48
UKR_DNIE,2030,WHT,2.283
UKR_DNIE,2030,GRO,2.278
UKR_DNIE,2030,OSD,1.504
UKR_DNIE,2030,C_B,29.916
UKR_DNIE,2030,OTH_A,1.922
UKR_DNIE,2030,CEREAL,2.281
UKR_DNIE,2040,CROP_FLW,3.879
UKR_DNIE,2040,PDR,6.804
UKR_DNIE,2040,WHT,2.326
UKR_DNIE,2040,GRO,2.313
UKR_DNIE,2040,OSD,1.508
UKR_DNIE,2040,C_B,31.498
UKR_DNIE,2040,OTH_A,1.949
UKR_DNIE,2040,CEREAL,2.321
UKR_DNIE,2050,CROP_FLW,3.893
UKR_DNIE,2050,PDR,7.675
UKR_DNIE,2050,WHT,2.349
UKR_DNIE,2050,GRO,2.346
UKR_DNIE,2050,OSD,1.51
UKR_DNIE,2050,C_B,32.83
UKR_DNIE,2050,OTH_A,1.96
UKR_DNIE,2050,CEREAL,2.348
UKR_DNIE,2060,CROP_FLW,3.907
UKR_DNIE,2060,PDR,7.677
UKR_DNIE,2060,WHT,2.361
UKR_DNIE,2060,GRO,2.371
UKR_DNIE,2060,OSD,1.51
UKR_DNIE,2060,C_B,33.889
UKR_DNIE,2060,OTH_A,1.963
UKR_DNIE,2060,CEREAL,2.366
UKR_DNIE,2070,CROP_FLW,3.895
UKR_DNIE,2070,PDR,7.678
UKR_DNIE,2070,WHT,2.367
UKR_DNIE,2070,GRO,2.369
UKR_DNIE,2070,OSD,1.51
UKR_DNIE,2070,C_B,34.833
UKR_DNIE,2070,OTH_A,1.964
UKR_DNIE,2070,CEREAL,2.368
UKR_DNIE,2080,CROP_FLW,3.91
UKR_DNIE,2080,PDR,7.678
UKR_DNIE,2080,WHT,2.368
UKR_DNIE,2080,GRO,2.368
UKR_DNIE,2080,OSD,1.509
UKR_DNIE,2080,C_B,35.544
UKR_DNIE,2080,OTH_A,1.963
UKR_DNIE,2080,CEREAL,2.368
UKR_DNIE,2090,CROP_FLW,4.022
UKR_DNIE,2090,PDR,7.679
UKR_DNIE,2090,WHT,2.368
UKR_DNIE,2090,GRO,2.361
UKR_DNIE,2090,OSD,1.508
UKR_DNIE,2090,C_B,36.327
UKR_DNIE,2090,OTH_A,1.961
UKR_DNIE,2090,CEREAL,2.365
UKR_DNIE,2100,CROP_FLW,3.85
UKR_DNIE,2100,PDR,7.68
UKR_DNIE,2100,WHT,2.37
UKR_DNIE,2100,GRO,2.371
UKR_DNIE,2100,OSD,1.507
UKR_DNIE,2100,C_B,37.022
UKR_DNIE,2100,OTH_A,1.959
UKR_DNIE,2100,CEREAL,2.37
UKR_DNIP,2005,CROP_FLW,3.705
UKR_DNIP,2005,PDR,4.038
UKR_DNIP,2005,WHT,1.951
UKR_DNIP,2005,GRO,2.145
UKR_DNIP,2005,OSD,1.478
UKR_DNIP,2005,C_B,26.262
UKR_DNIP,2005,OTH_A,1.853
UKR_DNIP,2005,CEREAL,2.069
UKR_DNIP,2010,CROP_FLW,3.531
UKR_DNIP,2010,PDR,4.955
UKR_DNIP,2010,WHT,1.992
UKR_DNIP,2010,GRO,2.173
UKR_DNIP,2010,OSD,1.547
UKR_DNIP,2010,C_B,26.915
UKR_DNIP,2010,OTH_A,1.873
UKR_DNIP,2010,CEREAL,2.105
UKR_DNIP,2020,CROP_FLW,3.462
UKR_DNIP,2020,PDR,6.817
UKR_DNIP,2020,WHT,2.077
UKR_DNIP,2020,GRO,2.208
UKR_DNIP,2020,OSD,1.58
UKR_DNIP,2020,C_B,28.304
UKR_DNIP,2020,OTH_A,1.929
UKR_DNIP,2020,CEREAL,2.155
UKR_DNIP,2030,CROP_FLW,3.537
UKR_DNIP,2030,PDR,6.976
UKR_DNIP,2030,WHT,2.081
UKR_DNIP,2030,GRO,2.238
UKR_DNIP,2030,OSD,1.588
UKR_DNIP,2030,C_B,28.584
UKR_DNIP,2030,OTH_A,1.937
UKR_DNIP,2030,CEREAL,2.173
UKR_DNIP,2040,CROP_FLW,3.541
UKR_DNIP,2040,PDR,7.454
UKR_DNIP,2040,WHT,2.077
UKR_DNIP,2040,GRO,2.275
UKR_DNIP,2040,OSD,1.6
UKR_DNIP,2040,C_B,29.332
UKR_DNIP,2040,OTH_A,1.94
UKR_DNIP,2040,CEREAL,2.192
UKR_DNIP,2050,CROP_FLW,3.554
UKR_DNIP,2050,PDR,8.507
UKR_DNIP,2050,WHT,2.068
UKR_DNIP,2050,GRO,2.303
UKR_DNIP,2050,OSD,1.609
UKR_DNIP,2050,C_B,29.871
UKR_DNIP,2050,OTH_A,1.942
UKR_DNIP,2050,CEREAL,2.205
UKR_DNIP,2060,CROP_FLW,3.557
UKR_DNIP,2060,PDR,8.507
UKR_DNIP,2060,WHT,2.062
UKR_DNIP,2060,GRO,2.329
UKR_DNIP,2060,OSD,1.614
UKR_DNIP,2060,C_B,30.152
UKR_DNIP,2060,OTH_A,1.943
UKR_DNIP,2060,CEREAL,2.218
UKR_DNIP,2070,CROP_FLW,3.554
UKR_DNIP,2070,PDR,8.507
UKR_DNIP,2070,WHT,2.063
UKR_DNIP,2070,GRO,2.34
UKR_DNIP,2070,OSD,1.616
UKR_DNIP,2070,C_B,30.374
UKR_DNIP,2070,OTH_A,1.946
UKR_DNIP,2070,CEREAL,2.221
UKR_DNIP,2080,CROP_FLW,3.555
UKR_DNIP,2080,PDR,8.507
UKR_DNIP,2080,WHT,2.052
UKR_DNIP,2080,GRO,2.352
UKR_DNIP,2080,OSD,1.618
UKR_DNIP,2080,C_B,30.559
UKR_DNIP,2080,OTH_A,1.946
UKR_DNIP,2080,CEREAL,2.221
UKR_DNIP,2090,CROP_FLW,3.64
UKR_DNIP,2090,PDR,8.508
UKR_DNIP,2090,WHT,2.055
UKR_DNIP,2090,GRO,2.352
UKR_DNIP,2090,OSD,1.619
UKR_DNIP,2090,C_B,30.827
UKR_DNIP,2090,OTH_A,1.944
UKR_DNIP,2090,CEREAL,2.22
UKR_DNIP,2100,CROP_FLW,3.69
UKR_DNIP,2100,PDR,8.508
UKR_DNIP,2100,WHT,2.057
UKR_DNIP,2100,GRO,2.353
UKR_DNIP,2100,OSD,1.62
UKR_DNIP,2100,C_B,31.094
UKR_DNIP,2100,OTH_A,1.945
UKR_DNIP,2100,CEREAL,2.22
UKR_DONN,2005,CROP_FLW,3.445
UKR_DONN,2005,PDR,4.17
UKR_DONN,2005,WHT,2.027
UKR_DONN,2005,GRO,2.225
UKR_DONN,2005,OSD,1.466
UKR_DONN,2005,C_B,26.551
UKR_DONN,2005,OTH_A,1.872
UKR_DONN,2005,CEREAL,2.139
UKR_DONN,2010,CROP_FLW,3.362
UKR_DONN,2010,PDR,4.155
UKR_DONN,2010,WHT,2.059
UKR_DONN,2010,GRO,2.257
UKR_DONN,2010,OSD,1.481
UKR_DONN,2010,C_B,27.594
UKR_DONN,2010,OTH_A,1.879
UKR_DONN,2010,CEREAL,2.173
UKR_DONN,2020,CROP_FLW,3.352
UKR_DONN,2020,PDR,4.704
UKR_DONN,2020,WHT,2.085
UKR_DONN,2020,GRO,2.292
UKR_DONN,2020,OSD,1.49
UKR_DONN,2020,C_B,28.614
UKR_DONN,2020,OTH_A,1.931
UKR_DONN,2020,CEREAL,2.195
UKR_DONN,2030,CROP_FLW,3.32
UKR_DONN,2030,PDR,4.639
UKR_DONN,2030,WHT,2.097
UKR_DONN,2030,GRO,2.301
UKR_DONN,2030,OSD,1.49
UKR_DONN,2030,C_B,28.615
UKR_DONN,2030,OTH_A,1.945
UKR_DONN,2030,CEREAL,2.204
UKR_DONN,2040,CROP_FLW,3.326
UKR_DONN,2040,PDR,4.788
UKR_DONN,2040,WHT,2.097
UKR_DONN,2040,GRO,2.32
UKR_DONN,2040,OSD,1.49
UKR_DONN,2040,C_B,28.597
UKR_DONN,2040,OTH_A,1.951
UKR_DONN,2040,CEREAL,2.214
UKR_DONN,2050,CROP_FLW,3.33
UKR_DONN,2050,PDR,5.071
UKR_DONN,2050,WHT,2.093
UKR_DONN,2050,GRO,2.342
UKR_DONN,2050,OSD,1.492
UKR_DONN,2050,C_B,28.586
UKR_DONN,2050,OTH_A,1.953
UKR_DONN,2050,CEREAL,2.224
UKR_DONN,2060,CROP_FLW,3.374
UKR_DONN,2060,PDR,5.13
UKR_DONN,2060,WHT,2.084
UKR_DONN,2060,GRO,2.354
UKR_DONN,2060,OSD,1.495
UKR_DONN,2060,C_B,28.578
UKR_DONN,2060,OTH_A,1.955
UKR_DONN,2060,CEREAL,2.227
UKR_DONN,2070,CROP_FLW,3.408
UKR_DONN,2070,PDR,5.192
UKR_DONN,2070,WHT,2.077
UKR_DONN,2070,GRO,2.364
UKR_DONN,2070,OSD,1.497
UKR_DONN,2070,C_B,28.568
UKR_DONN,2070,OTH_A,1.954
UKR_DONN,2070,CEREAL,2.229
UKR_DONN,2080,CROP_FLW,3.451
UKR_DONN,2080,PDR,5.196
UKR_DONN,2080,WHT,2.07
UKR_DONN,2080,GRO,2.366
UKR_DONN,2080,OSD,1.5
UKR_DONN,2080,C_B,28.561
UKR_DONN,2080,OTH_A,1.954
UKR_DONN,2080,CEREAL,2.226
UKR_DONN,2090,CROP_FLW,3.486
UKR_DONN,2090,PDR,5.18
UKR_DONN,2090,WHT,2.069
UKR_DONN,2090,GRO,2.367
UKR_DONN,2090,OSD,1.502
UKR_DONN,2090,C_B,28.551
UKR_DONN,2090,OTH_A,1.956
UKR_DONN,2090,CEREAL,2.223
UKR_DONN,2100,CROP_FLW,3.493
UKR_DONN,2100,PDR,5.17
UKR_DONN,2100,WHT,2.069
UKR_DONN,2100,GRO,2.367
UKR_DONN,2100,OSD,1.505
UKR_DONN,2100,C_B,28.541
UKR_DONN,2100,OTH_A,1.955
UKR_DONN,2100,CEREAL,2.22
URY_LAPL,2005,CROP_FLW,5.533
URY_LAPL,2005,PDR,4.9
URY_LAPL,2005,WHT,3.391
URY_LAPL,2005,GRO,3.513
URY_LAPL,2005,OSD,4.241
URY_LAPL,2005,C_B,69.748
URY_LAPL,2005,OTH_A,3.279
URY_LAPL,2005,CEREAL,3.717
URY_LAPL,2010,CROP_FLW,5.579
URY_LAPL,2010,PDR,5.326
URY_LAPL,2010,WHT,4.349
URY_LAPL,2010,GRO,3.582
URY_LAPL,2010,OSD,4.408
URY_LAPL,2010,C_B,78.994
URY_LAPL,2010,OTH_A,3.586
URY_LAPL,2010,CEREAL,4.241
URY_LAPL,2020,CROP_FLW,5.458
URY_LAPL,2020,PDR,5.34
URY_LAPL,2020,WHT,4.824
URY_LAPL,2020,GRO,4.658
URY_LAPL,2020,OSD,4.466
URY_LAPL,2020,C_B,80.103
URY_LAPL,2020,OTH_A,3.806
URY_LAPL,2020,CEREAL,4.816
URY_LAPL,2030,CROP_FLW,5.487
URY_LAPL,2030,PDR,5.372
URY_LAPL,2030,WHT,4.868
URY_LAPL,2030,GRO,4.677
URY_LAPL,2030,OSD,4.471
URY_LAPL,2030,C_B,81.313
URY_LAPL,2030,OTH_A,3.851
URY_LAPL,2030,CEREAL,4.85
URY_LAPL,2040,CROP_FLW,5.544
URY_LAPL,2040,PDR,5.41
URY_LAPL,2040,WHT,4.917
URY_LAPL,2040,GRO,4.764
URY_LAPL,2040,OSD,4.472
URY_LAPL,2040,C_B,81.827
URY_LAPL,2040,OTH_A,3.861
URY_LAPL,2040,CEREAL,4.916
URY_LAPL,2050,CROP_FLW,5.609
URY_LAPL,2050,PDR,5.417
URY_LAPL,2050,WHT,4.921
URY_LAPL,2050,GRO,5.011
URY_LAPL,2050,OSD,4.496
URY_LAPL,2050,C_B,82.05
URY_LAPL,2050,OTH_A,3.919
URY_LAPL,2050,CEREAL,5.005
URY_LAPL,2060,CROP_FLW,5.654
URY_LAPL,2060,PDR,5.471
URY_LAPL,2060,WHT,4.924
URY_LAPL,2060,GRO,5.291
URY_LAPL,2060,OSD,4.517
URY_LAPL,2060,C_B,82.303
URY_LAPL,2060,OTH_A,3.964
URY_LAPL,2060,CEREAL,5.084
URY_LAPL,2070,CROP_FLW,5.585
URY_LAPL,2070,PDR,5.567
URY_LAPL,2070,WHT,4.932
URY_LAPL,2070,GRO,5.806
URY_LAPL,2070,OSD,4.58
URY_LAPL,2070,C_B,82.337
URY_LAPL,2070,OTH_A,4.026
URY_LAPL,2070,CEREAL,5.192
URY_LAPL,2080,CROP_FLW,5.4
URY_LAPL,2080,PDR,5.676
URY_LAPL,2080,WHT,4.808
URY_LAPL,2080,GRO,6.284
URY_LAPL,2080,OSD,4.605
URY_LAPL,2080,C_B,83.003
URY_LAPL,2080,OTH_A,4.085
URY_LAPL,2080,CEREAL,5.153
URY_LAPL,2090,CROP_FLW,5.406
URY_LAPL,2090,PDR,5.728
URY_LAPL,2090,WHT,4.71
URY_LAPL,2090,GRO,6.566
URY_LAPL,2090,OSD,4.617
URY_LAPL,2090,C_B,83.171
URY_LAPL,2090,OTH_A,4.085
URY_LAPL,2090,CEREAL,5.072
URY_LAPL,2100,CROP_FLW,5.594
URY_LAPL,2100,PDR,5.725
URY_LAPL,2100,WHT,4.694
URY_LAPL,2100,GRO,6.603
URY_LAPL,2100,OSD,4.62
URY_LAPL,2100,C_B,83.305
URY_LAPL,2100,OTH_A,4.145
URY_LAPL,2100,CEREAL,5.009
URY_UBSA,2005,CROP_FLW,5.254
URY_UBSA,2005,PDR,4.402
URY_UBSA,2005,GRO,2.905
URY_UBSA,2005,OSD,4.741
URY_UBSA,2005,OTH_A,3.064
URY_UBSA,2005,CEREAL,4.142
URY_UBSA,2010,CROP_FLW,5.215
URY_UBSA,2010,PDR,4.567
URY_UBSA,2010,GRO,3.225
URY_UBSA,2010,OSD,4.87
URY_UBSA,2010,OTH_A,3.242
URY_UBSA,2010,CEREAL,4.226
URY_UBSA,2020,CROP_FLW,5.196
URY_UBSA,2020,PDR,4.583
URY_UBSA,2020,GRO,3.338
URY_UBSA,2020,OSD,4.915
URY_UBSA,2020,OTH_A,3.375
URY_UBSA,2020,CEREAL,4.283
URY_UBSA,2030,CROP_FLW,5.365
URY_UBSA,2030,PDR,4.606
URY_UBSA,2030,GRO,3.366
URY_UBSA,2030,OSD,4.956
URY_UBSA,2030,OTH_A,3.401
URY_UBSA,2030,CEREAL,4.299
URY_UBSA,2040,CROP_FLW,5.434
URY_UBSA,2040,PDR,4.623
URY_UBSA,2040,GRO,3.477
URY_UBSA,2040,OSD,4.992
URY_UBSA,2040,OTH_A,3.419
URY_UBSA,2040,CEREAL,4.353
URY_UBSA,2050,CROP_FLW,5.37
URY_UBSA,2050,PDR,4.628
URY_UBSA,2050,GRO,3.594
URY_UBSA,2050,OSD,5.018
URY_UBSA,2050,OTH_A,3.44
URY_UBSA,2050,CEREAL,4.404
URY_UBSA,2060,CROP_FLW,5.317
URY_UBSA,2060,PDR,4.656
URY_UBSA,2060,GRO,3.783
URY_UBSA,2060,OSD,5.055
URY_UBSA,2060,OTH_A,3.459
URY_UBSA,2060,CEREAL,4.478
URY_UBSA,2070,CROP_FLW,5.379
URY_UBSA,2070,PDR,4.689
URY_UBSA,2070,GRO,3.835
URY_UBSA,2070,OSD,5.065
URY_UBSA,2070,OTH_A,3.484
URY_UBSA,2070,CEREAL,4.525
URY_UBSA,2080,CROP_FLW,5.422
URY_UBSA,2080,PDR,4.77
URY_UBSA,2080,GRO,4.12
URY_UBSA,2080,OSD,5.099
URY_UBSA,2080,OTH_A,3.537
URY_UBSA,2080,CEREAL,4.649
URY_UBSA,2090,CROP_FLW,5.351
URY_UBSA,2090,PDR,4.811
URY_UBSA,2090,GRO,4.345
URY_UBSA,2090,OSD,5.078
URY_UBSA,2090,OTH_A,3.559
URY_UBSA,2090,CEREAL,4.73
URY_UBSA,2100,CROP_FLW,5.259
URY_UBSA,2100,PDR,4.829
URY_UBSA,2100,GRO,4.459
URY_UBSA,2100,OSD,5.081
URY_UBSA,2100,OTH_A,3.592
URY_UBSA,2100,CEREAL,4.769
USA_COLU,2005,CROP_FLW,5.701
USA_COLU,2005,PDR,8.056
USA_COLU,2005,WHT,3.676
USA_COLU,2005,GRO,9.045
USA_COLU,2005,OSD,3.221
USA_COLU,2005,C_B,57.468
USA_COLU,2005,OTH_A,16.357
USA_COLU,2005,CEREAL,6.47
USA_COLU,2010,CROP_FLW,5.376
USA_COLU,2010,PDR,7.996
USA_COLU,2010,WHT,3.805
USA_COLU,2010,GRO,9.394
USA_COLU,2010,OSD,3.252
USA_COLU,2010,C_B,62.849
USA_COLU,2010,OTH_A,16.721
USA_COLU,2010,CEREAL,6.747
USA_COLU,2020,CROP_FLW,5.577
USA_COLU,2020,PDR,7.93
USA_COLU,2020,WHT,3.977
USA_COLU,2020,GRO,9.114
USA_COLU,2020,OSD,3.26
USA_COLU,2020,C_B,63.339
USA_COLU,2020,OTH_A,17.438
USA_COLU,2020,CEREAL,6.801
USA_COLU,2030,CROP_FLW,5.595
USA_COLU,2030,PDR,8.088
USA_COLU,2030,WHT,4.013
USA_COLU,2030,GRO,9.71
USA_COLU,2030,OSD,3.443
USA_COLU,2030,C_B,65.481
USA_COLU,2030,OTH_A,18.579
USA_COLU,2030,CEREAL,7.059
USA_COLU,2040,CROP_FLW,5.635
USA_COLU,2040,PDR,7.992
USA_COLU,2040,WHT,4.017
USA_COLU,2040,GRO,10.106
USA_COLU,2040,OSD,3.479
USA_COLU,2040,C_B,65.577
USA_COLU,2040,OTH_A,18.807
USA_COLU,2040,CEREAL,7.163
USA_COLU,2050,CROP_FLW,5.593
USA_COLU,2050,PDR,7.894
USA_COLU,2050,WHT,3.959
USA_COLU,2050,GRO,10.402
USA_COLU,2050,OSD,3.482
USA_COLU,2050,C_B,66.011
USA_COLU,2050,OTH_A,18.88
USA_COLU,2050,CEREAL,7.167
USA_COLU,2060,CROP_FLW,5.572
USA_COLU,2060,PDR,7.866
USA_COLU,2060,WHT,3.892
USA_COLU,2060,GRO,10.697
USA_COLU,2060,OSD,3.483
USA_COLU,2060,C_B,66.615
USA_COLU,2060,OTH_A,19.048
USA_COLU,2060,CEREAL,7.129
USA_COLU,2070,CROP_FLW,5.581
USA_COLU,2070,PDR,7.996
USA_COLU,2070,WHT,3.775
USA_COLU,2070,GRO,10.755
USA_COLU,2070,OSD,3.484
USA_COLU,2070,C_B,68.108
USA_COLU,2070,OTH_A,19.178
USA_COLU,2070,CEREAL,6.942
USA_COLU,2080,CROP_FLW,5.622
USA_COLU,2080,PDR,8.027
USA_COLU,2080,WHT,3.801
USA_COLU,2080,GRO,10.848
USA_COLU,2080,OSD,3.53
USA_COLU,2080,C_B,69.279
USA_COLU,2080,OTH_A,19.359
USA_COLU,2080,CEREAL,6.988
USA_COLU,2090,CROP_FLW,5.625
USA_COLU,2090,PDR,8.174
USA_COLU,2090,WHT,3.96
USA_COLU,2090,GRO,11.082
USA_COLU,2090,OSD,3.654
USA_COLU,2090,C_B,71.366
USA_COLU,2090,OTH_A,19.685
USA_COLU,2090,CEREAL,7.238
USA_COLU,2100,CROP_FLW,5.736
USA_COLU,2100,PDR,8.286
USA_COLU,2100,WHT,4.141
USA_COLU,2100,GRO,11.632
USA_COLU,2100,OSD,3.828
USA_COLU,2100,C_B,72.564
USA_COLU,2100,OTH_A,19.882
USA_COLU,2100,CEREAL,7.615
USA_GFCO,2005,CROP_FLW,7.224
USA_GFCO,2005,PDR,7.992
USA_GFCO,2005,WHT,3.602
USA_GFCO,2005,GRO,8.633
USA_GFCO,2005,OSD,3.39
USA_GFCO,2005,C_B,30.173
USA_GFCO,2005,OTH_A,16.155
USA_GFCO,2005,CEREAL,7.393
USA_GFCO,2010,CROP_FLW,6.624
USA_GFCO,2010,PDR,8.012
USA_GFCO,2010,WHT,3.79
USA_GFCO,2010,GRO,8.994
USA_GFCO,2010,OSD,3.525
USA_GFCO,2010,C_B,32.407
USA_GFCO,2010,OTH_A,16.594
USA_GFCO,2010,CEREAL,7.732
USA_GFCO,2020,CROP_FLW,7.132
USA_GFCO,2020,PDR,8.385
USA_GFCO,2020,WHT,3.863
USA_GFCO,2020,GRO,9.092
USA_GFCO,2020,OSD,3.556
USA_GFCO,2020,C_B,33.317
USA_GFCO,2020,OTH_A,17.266
USA_GFCO,2020,CEREAL,7.953
USA_GFCO,2030,CROP_FLW,7.231
USA_GFCO,2030,PDR,8.555
USA_GFCO,2030,WHT,4.004
USA_GFCO,2030,GRO,9.666
USA_GFCO,2030,OSD,4.017
USA_GFCO,2030,C_B,37.986
USA_GFCO,2030,OTH_A,19.529
USA_GFCO,2030,CEREAL,8.43
USA_GFCO,2040,CROP_FLW,7.667
USA_GFCO,2040,PDR,8.577
USA_GFCO,2040,WHT,4.094
USA_GFCO,2040,GRO,9.854
USA_GFCO,2040,OSD,4.159
USA_GFCO,2040,C_B,39.366
USA_GFCO,2040,OTH_A,20.213
USA_GFCO,2040,CEREAL,8.59
USA_GFCO,2050,CROP_FLW,7.678
USA_GFCO,2050,PDR,9.015
USA_GFCO,2050,WHT,4.039
USA_GFCO,2050,GRO,9.767
USA_GFCO,2050,OSD,4.065
USA_GFCO,2050,C_B,39.636
USA_GFCO,2050,OTH_A,19.971
USA_GFCO,2050,CEREAL,8.511
USA_GFCO,2060,CROP_FLW,7.719
USA_GFCO,2060,PDR,9.721
USA_GFCO,2060,WHT,3.963
USA_GFCO,2060,GRO,9.617
USA_GFCO,2060,OSD,4.015
USA_GFCO,2060,C_B,40.439
USA_GFCO,2060,OTH_A,19.636
USA_GFCO,2060,CEREAL,8.366
USA_GFCO,2070,CROP_FLW,7.748
USA_GFCO,2070,PDR,10.34
USA_GFCO,2070,WHT,3.869
USA_GFCO,2070,GRO,9.465
USA_GFCO,2070,OSD,3.945
USA_GFCO,2070,C_B,40.813
USA_GFCO,2070,OTH_A,19.177
USA_GFCO,2070,CEREAL,8.169
USA_GFCO,2080,CROP_FLW,7.759
USA_GFCO,2080,PDR,10.496
USA_GFCO,2080,WHT,3.812
USA_GFCO,2080,GRO,9.378
USA_GFCO,2080,OSD,3.926
USA_GFCO,2080,C_B,40.726
USA_GFCO,2080,OTH_A,19.05
USA_GFCO,2080,CEREAL,8.017
USA_GFCO,2090,CROP_FLW,7.774
USA_GFCO,2090,PDR,10.612
USA_GFCO,2090,WHT,3.792
USA_GFCO,2090,GRO,9.314
USA_GFCO,2090,OSD,3.91
USA_GFCO,2090,C_B,40.932
USA_GFCO,2090,OTH_A,18.996
USA_GFCO,2090,CEREAL,7.903
USA_GFCO,2100,CROP_FLW,7.793
USA_GFCO,2100,PDR,10.721
USA_GFCO,2100,WHT,3.769
USA_GFCO,2100,GRO,9.249
USA_GFCO,2100,OSD,3.886
USA_GFCO,2100,C_B,40.754
USA_GFCO,2100,OTH_A,18.899
USA_GFCO,2100,CEREAL,7.791
USA_GMAN,2005,CROP_FLW,9.639
USA_GMAN,2005,WHT,3.656
USA_GMAN,2005,GRO,8.515
USA_GMAN,2005,OSD,3.209
USA_GMAN,2005,C_B,56.811
USA_GMAN,2005,OTH_A,15.836
USA_GMAN,2005,CEREAL,7.203
USA_GMAN,2010,CROP_FLW,9.417
USA_GMAN,2010,WHT,3.777
USA_GMAN,2010,GRO,8.538
USA_GMAN,2010,OSD,3.249
USA_GMAN,2010,C_B,59.078
USA_GMAN,2010,OTH_A,15.902
USA_GMAN,2010,CEREAL,7.349
USA_GMAN,2020,CROP_FLW,9.006
USA_GMAN,2020,WHT,3.825
USA_GMAN,2020,GRO,8.571
USA_GMAN,2020,OSD,3.253
USA_GMAN,2020,C_B,59.2
USA_GMAN,2020,OTH_A,16.104
USA_GMAN,2020,CEREAL,7.432
USA_GMAN,2030,CROP_FLW,9.227
USA_GMAN,2030,WHT,3.859
USA_GMAN,2030,GRO,8.634
USA_GMAN,2030,OSD,3.276
USA_GMAN,2030,C_B,59.562
USA_GMAN,2030,OTH_A,16.582
USA_GMAN,2030,CEREAL,7.504
USA_GMAN,2040,CROP_FLW,9.008
USA_GMAN,2040,WHT,3.873
USA_GMAN,2040,GRO,8.658
USA_GMAN,2040,OSD,3.279
USA_GMAN,2040,C_B,58.282
USA_GMAN,2040,OTH_A,16.622
USA_GMAN,2040,CEREAL,7.526
USA_GMAN,2050,CROP_FLW,9.013
USA_GMAN,2050,WHT,3.887
USA_GMAN,2050,GRO,8.67
USA_GMAN,2050,OSD,3.312
USA_GMAN,2050,C_B,56.728
USA_GMAN,2050,OTH_A,16.761
USA_GMAN,2050,CEREAL,7.541
USA_GMAN,2060,CROP_FLW,9.018
USA_GMAN,2060,WHT,3.891
USA_GMAN,2060,GRO,8.696
USA_GMAN,2060,OSD,3.309
USA_GMAN,2060,C_B,55.883
USA_GMAN,2060,OTH_A,16.814
USA_GMAN,2060,CEREAL,7.529
USA_GMAN,2070,CROP_FLW,8.967
USA_GMAN,2070,WHT,3.88
USA_GMAN,2070,GRO,8.722
USA_GMAN,2070,OSD,3.313
USA_GMAN,2070,C_B,57.334
USA_GMAN,2070,OTH_A,16.846
USA_GMAN,2070,CEREAL,7.465
USA_GMAN,2080,CROP_FLW,8.935
USA_GMAN,2080,WHT,3.873
USA_GMAN,2080,GRO,8.739
USA_GMAN,2080,OSD,3.315
USA_GMAN,2080,C_B,57.745
USA_GMAN,2080,OTH_A,16.862
USA_GMAN,2080,CEREAL,7.409
USA_GMAN,2090,CROP_FLW,9.054
USA_GMAN,2090,WHT,3.859
USA_GMAN,2090,GRO,8.764
USA_GMAN,2090,OSD,3.329
USA_GMAN,2090,C_B,58.531
USA_GMAN,2090,OTH_A,16.87
USA_GMAN,2090,CEREAL,7.363
USA_GMAN,2100,CROP_FLW,8.9
USA_GMAN,2100,WHT,3.852
USA_GMAN,2100,GRO,8.792
USA_GMAN,2100,OSD,3.334
USA_GMAN,2100,C_B,59.011
USA_GMAN,2100,OTH_A,16.876
USA_GMAN,2100,CEREAL,7.327
USA_MSMM,2005,CROP_FLW,7.651
USA_MSMM,2005,PDR,7.948
USA_MSMM,2005,WHT,3.641
USA_MSMM,2005,GRO,8.436
USA_MSMM,2005,OSD,3.222
USA_MSMM,2005,C_B,60.619
USA_MSMM,2005,OTH_A,15.64
USA_MSMM,2005,CEREAL,6.821
USA_MSMM,2010,CROP_FLW,7.241
USA_MSMM,2010,PDR,7.903
USA_MSMM,2010,WHT,3.759
USA_MSMM,2010,GRO,8.469
USA_MSMM,2010,OSD,3.285
USA_MSMM,2010,C_B,65.985
USA_MSMM,2010,OTH_A,15.731
USA_MSMM,2010,CEREAL,6.991
USA_MSMM,2020,CROP_FLW,7.158
USA_MSMM,2020,PDR,8.554
USA_MSMM,2020,WHT,3.823
USA_MSMM,2020,GRO,8.54
USA_MSMM,2020,OSD,3.289
USA_MSMM,2020,C_B,67.504
USA_MSMM,2020,OTH_A,16.0
USA_MSMM,2020,CEREAL,7.115
USA_MSMM,2030,CROP_FLW,7.245
USA_MSMM,2030,PDR,8.58
USA_MSMM,2030,WHT,3.842
USA_MSMM,2030,GRO,8.576
USA_MSMM,2030,OSD,3.303
USA_MSMM,2030,C_B,69.503
USA_MSMM,2030,OTH_A,16.359
USA_MSMM,2030,CEREAL,7.159
USA_MSMM,2040,CROP_FLW,7.274
USA_MSMM,2040,PDR,8.573
USA_MSMM,2040,WHT,3.892
USA_MSMM,2040,GRO,8.587
USA_MSMM,2040,OSD,3.361
USA_MSMM,2040,C_B,73.793
USA_MSMM,2040,OTH_A,16.811
USA_MSMM,2040,CEREAL,7.18
USA_MSMM,2050,CROP_FLW,7.298
USA_MSMM,2050,PDR,8.592
USA_MSMM,2050,WHT,3.961
USA_MSMM,2050,GRO,8.616
USA_MSMM,2050,OSD,3.41
USA_MSMM,2050,C_B,77.09
USA_MSMM,2050,OTH_A,17.227
USA_MSMM,2050,CEREAL,7.219
USA_MSMM,2060,CROP_FLW,7.37
USA_MSMM,2060,PDR,8.562
USA_MSMM,2060,WHT,4.067
USA_MSMM,2060,GRO,8.642
USA_MSMM,2060,OSD,3.456
USA_MSMM,2060,C_B,80.614
USA_MSMM,2060,OTH_A,17.637
USA_MSMM,2060,CEREAL,7.232
USA_MSMM,2070,CROP_FLW,7.426
USA_MSMM,2070,PDR,8.486
USA_MSMM,2070,WHT,4.196
USA_MSMM,2070,GRO,8.636
USA_MSMM,2070,OSD,3.479
USA_MSMM,2070,C_B,82.891
USA_MSMM,2070,OTH_A,18.075
USA_MSMM,2070,CEREAL,7.184
USA_MSMM,2080,CROP_FLW,7.44
USA_MSMM,2080,PDR,8.479
USA_MSMM,2080,WHT,4.261
USA_MSMM,2080,GRO,8.635
USA_MSMM,2080,OSD,3.497
USA_MSMM,2080,C_B,84.265
USA_MSMM,2080,OTH_A,18.293
USA_MSMM,2080,CEREAL,7.147
USA_MSMM,2090,CROP_FLW,7.445
USA_MSMM,2090,PDR,8.481
USA_MSMM,2090,WHT,4.285
USA_MSMM,2090,GRO,8.645
USA_MSMM,2090,OSD,3.508
USA_MSMM,2090,C_B,84.889
USA_MSMM,2090,OTH_A,18.366
USA_MSMM,2090,CEREAL,7.105
USA_MSMM,2100,CROP_FLW,7.457
USA_MSMM,2100,PDR,8.483
USA_MSMM,2100,WHT,4.288
USA_MSMM,2100,GRO,8.644
USA_MSMM,2100,OSD,3.511
USA_MSMM,2100,C_B,85.086
USA_MSMM,2100,OTH_A,18.415
USA_MSMM,2100,CEREAL,7.057
USA_NACC,2005,CROP_FLW,4.855
USA_NACC,2005,WHT,3.014
USA_NACC,2005,GRO,9.119
USA_NACC,2005,OTH_A,16.223
USA_NACC,2005,CEREAL,6.2
USA_NACC,2010,CROP_FLW,4.795
USA_NACC,2010,WHT,3.264
USA_NACC,2010,GRO,9.675
USA_NACC,2010,OTH_A,17.009
USA_NACC,2010,CEREAL,6.685
USA_NACC,2020,CROP_FLW,4.78
USA_NACC,2020,WHT,3.405
USA_NACC,2020,GRO,9.559
USA_NACC,2020,OTH_A,17.801
USA_NACC,2020,CEREAL,6.863
USA_NACC,2030,CROP_FLW,4.758
USA_NACC,2030,WHT,3.646
USA_NACC,2030,GRO,10.695
USA_NACC,2030,OTH_A,20.939
USA_NACC,2030,CEREAL,7.643
USA_NACC,2040,CROP_FLW,4.739
USA_NACC,2040,WHT,3.809
USA_NACC,2040,GRO,10.817
USA_NACC,2040,OTH_A,21.921
USA_NACC,2040,CEREAL,7.949
USA_NACC,2050,CROP_FLW,4.744
USA_NACC,2050,WHT,3.824
USA_NACC,2050,GRO,10.531
USA_NACC,2050,OTH_A,21.715
USA_NACC,2050,CEREAL,7.864
USA_NACC,2060,CROP_FLW,4.72
USA_NACC,2060,WHT,3.771
USA_NACC,2060,GRO,10.359
USA_NACC,2060,OTH_A,21.244
USA_NACC,2060,CEREAL,7.709
USA_NACC,2070,CROP_FLW,4.687
USA_NACC,2070,WHT,3.517
USA_NACC,2070,GRO,10.009
USA_NACC,2070,OTH_A,19.824
USA_NACC,2070,CEREAL,7.252
USA_NACC,2080,CROP_FLW,4.666
USA_NACC,2080,WHT,3.323
USA_NACC,2080,GRO,9.739
USA_NACC,2080,OTH_A,18.951
USA_NACC,2080,CEREAL,6.89
USA_NACC,2090,CROP_FLW,4.652
USA_NACC,2090,WHT,3.251
USA_NACC,2090,GRO,9.446
USA_NACC,2090,OTH_A,18.882
USA_NACC,2090,CEREAL,6.698
USA_NACC,2100,CROP_FLW,4.748
USA_NACC,2100,WHT,3.317
USA_NACC,2100,GRO,9.398
USA_NACC,2100,OTH_A,19.386
USA_NACC,2100,CEREAL,6.748
USA_PACA,2005,CROP_FLW,5.715
USA_PACA,2010,CROP_FLW,5.715
USA_PACA,2020,CROP_FLW,5.707
USA_PACA,2030,CROP_FLW,5.7
USA_PACA,2040,CROP_FLW,5.693
USA_PACA,2050,CROP_FLW,5.685
USA_PACA,2060,CROP_FLW,5.676
USA_PACA,2070,CROP_FLW,5.667
USA_PACA,2080,CROP_FLW,5.657
USA_PACA,2090,CROP_FLW,5.647
USA_PACA,2100,CROP_FLW,5.636
UZB_AMDA,2005,CROP_FLW,2.792
UZB_AMDA,2005,PDR,3.997
UZB_AMDA,2005,WHT,2.001
UZB_AMDA,2005,GRO,2.196
UZB_AMDA,2005,OSD,1.501
UZB_AMDA,2005,OTH_A,1.868
UZB_AMDA,2005,CEREAL,2.08
UZB_AMDA,2010,CROP_FLW,2.787
UZB_AMDA,2010,PDR,3.806
UZB_AMDA,2010,WHT,2.052
UZB_AMDA,2010,GRO,1.988
UZB_AMDA,2010,OSD,1.652
UZB_AMDA,2010,OTH_A,1.694
UZB_AMDA,2010,CEREAL,2.111
UZB_AMDA,2020,CROP_FLW,2.758
UZB_AMDA,2020,PDR,4.273
UZB_AMDA,2020,WHT,2.164
UZB_AMDA,2020,GRO,2.056
UZB_AMDA,2020,OSD,1.75
UZB_AMDA,2020,OTH_A,1.553
UZB_AMDA,2020,CEREAL,2.216
UZB_AMDA,2030,CROP_FLW,2.764
UZB_AMDA,2030,PDR,4.35
UZB_AMDA,2030,WHT,2.165
UZB_AMDA,2030,GRO,1.978
UZB_AMDA,2030,OSD,1.564
UZB_AMDA,2030,OTH_A,1.347
UZB_AMDA,2030,CEREAL,2.199
UZB_AMDA,2040,CROP_FLW,2.765
UZB_AMDA,2040,PDR,3.858
UZB_AMDA,2040,WHT,2.24
UZB_AMDA,2040,GRO,1.908
UZB_AMDA,2040,OSD,1.437
UZB_AMDA,2040,OTH_A,1.166
UZB_AMDA,2040,CEREAL,2.25
UZB_AMDA,2050,CROP_FLW,2.77
UZB_AMDA,2050,PDR,3.29
UZB_AMDA,2050,WHT,2.269
UZB_AMDA,2050,GRO,1.822
UZB_AMDA,2050,OSD,1.261
UZB_AMDA,2050,OTH_A,0.959
UZB_AMDA,2050,CEREAL,2.258
UZB_AMDA,2060,CROP_FLW,2.781
UZB_AMDA,2060,PDR,2.947
UZB_AMDA,2060,WHT,2.281
UZB_AMDA,2060,GRO,1.818
UZB_AMDA,2060,OSD,1.13
UZB_AMDA,2060,OTH_A,0.837
UZB_AMDA,2060,CEREAL,2.267
UZB_AMDA,2070,CROP_FLW,2.795
UZB_AMDA,2070,PDR,2.839
UZB_AMDA,2070,WHT,2.303
UZB_AMDA,2070,GRO,1.803
UZB_AMDA,2070,OSD,1.081
UZB_AMDA,2070,OTH_A,0.753
UZB_AMDA,2070,CEREAL,2.288
UZB_AMDA,2080,CROP_FLW,2.798
UZB_AMDA,2080,PDR,2.831
UZB_AMDA,2080,WHT,2.331
UZB_AMDA,2080,GRO,1.912
UZB_AMDA,2080,OSD,1.065
UZB_AMDA,2080,OTH_A,0.712
UZB_AMDA,2080,CEREAL,2.324
UZB_AMDA,2090,CROP_FLW,2.791
UZB_AMDA,2090,PDR,2.815
UZB_AMDA,2090,WHT,2.321
UZB_AMDA,2090,GRO,2.089
UZB_AMDA,2090,OSD,1.045
UZB_AMDA,2090,OTH_A,0.676
UZB_AMDA,2090,CEREAL,2.329
UZB_AMDA,2100,CROP_FLW,2.767
UZB_AMDA,2100,PDR,2.823
UZB_AMDA,2100,WHT,2.357
UZB_AMDA,2100,GRO,2.191
UZB_AMDA,2100,OSD,1.065
UZB_AMDA,2100,OTH_A,0.669
UZB_AMDA,2100,CEREAL,2.368
UZB_CSEC,2005,CROP_FLW,3.011
UZB_CSEC,2005,PDR,3.9
UZB_CSEC,2005,WHT,2.053
UZB_CSEC,2005,GRO,2.284
UZB_CSEC,2005,OSD,1.845
UZB_CSEC,2005,OTH_A,1.913
UZB_CSEC,2005,CEREAL,2.139
UZB_CSEC,2010,CROP_FLW,2.967
UZB_CSEC,2010,PDR,3.174
UZB_CSEC,2010,WHT,2.117
UZB_CSEC,2010,GRO,1.898
UZB_CSEC,2010,OSD,1.998
UZB_CSEC,2010,OTH_A,1.703
UZB_CSEC,2010,CEREAL,2.137
UZB_CSEC,2020,CROP_FLW,2.863
UZB_CSEC,2020,PDR,4.098
UZB_CSEC,2020,WHT,2.24
UZB_CSEC,2020,GRO,2.003
UZB_CSEC,2020,OSD,2.102
UZB_CSEC,2020,OTH_A,1.485
UZB_CSEC,2020,CEREAL,2.277
UZB_CSEC,2030,CROP_FLW,2.874
UZB_CSEC,2030,PDR,4.222
UZB_CSEC,2030,WHT,2.183
UZB_CSEC,2030,GRO,2.018
UZB_CSEC,2030,OSD,1.926
UZB_CSEC,2030,OTH_A,1.406
UZB_CSEC,2030,CEREAL,2.223
UZB_CSEC,2040,CROP_FLW,2.876
UZB_CSEC,2040,PDR,3.78
UZB_CSEC,2040,WHT,2.171
UZB_CSEC,2040,GRO,2.14
UZB_CSEC,2040,OSD,1.787
UZB_CSEC,2040,OTH_A,1.354
UZB_CSEC,2040,CEREAL,2.22
UZB_CSEC,2050,CROP_FLW,2.854
UZB_CSEC,2050,PDR,3.27
UZB_CSEC,2050,WHT,2.222
UZB_CSEC,2050,GRO,2.424
UZB_CSEC,2050,OSD,1.764
UZB_CSEC,2050,OTH_A,1.382
UZB_CSEC,2050,CEREAL,2.282
UZB_CSEC,2060,CROP_FLW,2.841
UZB_CSEC,2060,PDR,3.027
UZB_CSEC,2060,WHT,2.294
UZB_CSEC,2060,GRO,2.772
UZB_CSEC,2060,OSD,1.822
UZB_CSEC,2060,OTH_A,1.404
UZB_CSEC,2060,CEREAL,2.368
UZB_CSEC,2070,CROP_FLW,2.845
UZB_CSEC,2070,PDR,2.891
UZB_CSEC,2070,WHT,2.336
UZB_CSEC,2070,GRO,2.797
UZB_CSEC,2070,OSD,1.814
UZB_CSEC,2070,OTH_A,1.352
UZB_CSEC,2070,CEREAL,2.398
UZB_CSEC,2080,CROP_FLW,2.846
UZB_CSEC,2080,PDR,2.869
UZB_CSEC,2080,WHT,2.333
UZB_CSEC,2080,GRO,2.814
UZB_CSEC,2080,OSD,1.792
UZB_CSEC,2080,OTH_A,1.267
UZB_CSEC,2080,CEREAL,2.391
UZB_CSEC,2090,CROP_FLW,2.849
UZB_CSEC,2090,PDR,2.879
UZB_CSEC,2090,WHT,2.34
UZB_CSEC,2090,GRO,2.834
UZB_CSEC,2090,OSD,1.766
UZB_CSEC,2090,OTH_A,1.166
UZB_CSEC,2090,CEREAL,2.395
UZB_CSEC,2100,CROP_FLW,2.851
UZB_CSEC,2100,PDR,2.795
UZB_CSEC,2100,WHT,2.351
UZB_CSEC,2100,GRO,2.841
UZB_CSEC,2100,OSD,1.737
UZB_CSEC,2100,OTH_A,1.114
UZB_CSEC,2100,CEREAL,2.401
UZB_SYRD,2005,CROP_FLW,2.687
UZB_SYRD,2005,PDR,4.112
UZB_SYRD,2005,WHT,2.011
UZB_SYRD,2005,GRO,2.377
UZB_SYRD,2005,OSD,1.357
UZB_SYRD,2005,OTH_A,1.876
UZB_SYRD,2005,CEREAL,2.122
UZB_SYRD,2010,CROP_FLW,2.742
UZB_SYRD,2010,PDR,4.055
UZB_SYRD,2010,WHT,2.049
UZB_SYRD,2010,GRO,2.316
UZB_SYRD,2010,OSD,1.461
UZB_SYRD,2010,OTH_A,1.738
UZB_SYRD,2010,CEREAL,2.166
UZB_SYRD,2020,CROP_FLW,2.756
UZB_SYRD,2020,PDR,4.665
UZB_SYRD,2020,WHT,2.126
UZB_SYRD,2020,GRO,2.384
UZB_SYRD,2020,OSD,1.536
UZB_SYRD,2020,OTH_A,1.603
UZB_SYRD,2020,CEREAL,2.245
UZB_SYRD,2030,CROP_FLW,2.739
UZB_SYRD,2030,PDR,4.862
UZB_SYRD,2030,WHT,2.134
UZB_SYRD,2030,GRO,2.489
UZB_SYRD,2030,OSD,1.531
UZB_SYRD,2030,OTH_A,1.596
UZB_SYRD,2030,CEREAL,2.255
UZB_SYRD,2040,CROP_FLW,2.75
UZB_SYRD,2040,PDR,4.965
UZB_SYRD,2040,WHT,2.334
UZB_SYRD,2040,GRO,2.886
UZB_SYRD,2040,OSD,1.768
UZB_SYRD,2040,OTH_A,1.792
UZB_SYRD,2040,CEREAL,2.48
UZB_SYRD,2050,CROP_FLW,2.749
UZB_SYRD,2050,PDR,5.166
UZB_SYRD,2050,WHT,2.517
UZB_SYRD,2050,GRO,3.192
UZB_SYRD,2050,OSD,2.235
UZB_SYRD,2050,OTH_A,2.13
UZB_SYRD,2050,CEREAL,2.683
UZB_SYRD,2060,CROP_FLW,2.965
UZB_SYRD,2060,PDR,5.466
UZB_SYRD,2060,WHT,2.626
UZB_SYRD,2060,GRO,3.407
UZB_SYRD,2060,OSD,2.834
UZB_SYRD,2060,OTH_A,2.214
UZB_SYRD,2060,CEREAL,2.814
UZB_SYRD,2070,CROP_FLW,2.93
UZB_SYRD,2070,PDR,5.784
UZB_SYRD,2070,WHT,2.687
UZB_SYRD,2070,GRO,3.59
UZB_SYRD,2070,OSD,3.484
UZB_SYRD,2070,OTH_A,2.254
UZB_SYRD,2070,CEREAL,2.895
UZB_SYRD,2080,CROP_FLW,3.004
UZB_SYRD,2080,PDR,5.736
UZB_SYRD,2080,WHT,2.68
UZB_SYRD,2080,GRO,3.5
UZB_SYRD,2080,OSD,3.562
UZB_SYRD,2080,OTH_A,2.246
UZB_SYRD,2080,CEREAL,2.871
UZB_SYRD,2090,CROP_FLW,2.989
UZB_SYRD,2090,PDR,5.752
UZB_SYRD,2090,WHT,2.679
UZB_SYRD,2090,GRO,3.536
UZB_SYRD,2090,OSD,3.426
UZB_SYRD,2090,OTH_A,1.971
UZB_SYRD,2090,CEREAL,2.877
UZB_SYRD,2100,CROP_FLW,2.984
UZB_SYRD,2100,PDR,5.782
UZB_SYRD,2100,WHT,2.662
UZB_SYRD,2100,GRO,3.476
UZB_SYRD,2100,OSD,3.159
UZB_SYRD,2100,OTH_A,1.734
UZB_SYRD,2100,CEREAL,2.858
VCT_CARC,2005,CROP_FLW,9.691
VCT_CARC,2010,CROP_FLW,9.691
VCT_CARC,2020,CROP_FLW,9.691
VCT_CARC,2030,CROP_FLW,9.691
VCT_CARC,2040,CROP_FLW,9.691
VCT_CARC,2050,CROP_FLW,9.691
VCT_CARC,2060,CROP_FLW,9.691
VCT_CARC,2070,CROP_FLW,9.691
VCT_CARC,2080,CROP_FLW,9.691
VCT_CARC,2090,CROP_FLW,9.691
VCT_CARC,2100,CROP_FLW,9.691
VEN_AMAZ,2005,CROP_FLW,9.813
VEN_AMAZ,2010,CROP_FLW,9.813
VEN_AMAZ,2020,CROP_FLW,9.812
VEN_AMAZ,2030,CROP_FLW,9.812
VEN_AMAZ,2040,CROP_FLW,9.812
VEN_AMAZ,2050,CROP_FLW,9.812
VEN_AMAZ,2060,CROP_FLW,9.812
VEN_AMAZ,2070,CROP_FLW,9.812
VEN_AMAZ,2080,CROP_FLW,9.812
VEN_AMAZ,2090,CROP_FLW,9.812
VEN_AMAZ,2100,CROP_FLW,9.812
VEN_CARC,2005,CROP_FLW,8.979
VEN_CARC,2010,CROP_FLW,8.979
VEN_CARC,2020,CROP_FLW,8.979
VEN_CARC,2030,CROP_FLW,8.979
VEN_CARC,2040,CROP_FLW,8.979
VEN_CARC,2050,CROP_FLW,8.979
VEN_CARC,2060,CROP_FLW,8.979
VEN_CARC,2070,CROP_FLW,8.979
VEN_CARC,2080,CROP_FLW,8.979
VEN_CARC,2090,CROP_FLW,8.979
VEN_CARC,2100,CROP_FLW,8.979
VEN_MAGD,2005,CROP_FLW,9.367
VEN_MAGD,2010,CROP_FLW,9.367
VEN_MAGD,2020,CROP_FLW,9.367
VEN_MAGD,2030,CROP_FLW,9.367
VEN_MAGD,2040,CROP_FLW,9.368
VEN_MAGD,2050,CROP_FLW,9.368
VEN_MAGD,2060,CROP_FLW,9.368
VEN_MAGD,2070,CROP_FLW,9.368
VEN_MAGD,2080,CROP_FLW,9.368
VEN_MAGD,2090,CROP_FLW,9.368
VEN_MAGD,2100,CROP_FLW,9.369
VEN_NESO,2005,CROP_FLW,10.32
VEN_NESO,2010,CROP_FLW,10.32
VEN_NESO,2020,CROP_FLW,10.32
VEN_NESO,2030,CROP_FLW,10.32
VEN_NESO,2040,CROP_FLW,10.32
VEN_NESO,2050,CROP_FLW,10.32
VEN_NESO,2060,CROP_FLW,10.319
VEN_NESO,2070,CROP_FLW,10.319
VEN_NESO,2080,CROP_FLW,10.319
VEN_NESO,2090,CROP_FLW,10.319
VEN_NESO,2100,CROP_FLW,10.319
VEN_ORIN,2005,CROP_FLW,9.007
VEN_ORIN,2010,CROP_FLW,9.007
VEN_ORIN,2020,CROP_FLW,9.006
VEN_ORIN,2030,CROP_FLW,9.006
VEN_ORIN,2040,CROP_FLW,9.006
VEN_ORIN,2050,CROP_FLW,9.006
VEN_ORIN,2060,CROP_FLW,9.006
VEN_ORIN,2070,CROP_FLW,9.006
VEN_ORIN,2080,CROP_FLW,9.006
VEN_ORIN,2090,CROP_FLW,9.006
VEN_ORIN,2100,CROP_FLW,9.006
VNM_HRIV,2005,PDR,3.868
VNM_HRIV,2005,WHT,2.603
VNM_HRIV,2005,GRO,3.5
VNM_HRIV,2005,OSD,8.639
VNM_HRIV,2005,C_B,57.676
VNM_HRIV,2005,OTH_A,2.019
VNM_HRIV,2005,CEREAL,3.692
VNM_HRIV,2010,PDR,4.042
VNM_HRIV,2010,WHT,2.603
VNM_HRIV,2010,GRO,3.569
VNM_HRIV,2010,OSD,8.692
VNM_HRIV,2010,C_B,59.865
VNM_HRIV,2010,OTH_A,2.081
VNM_HRIV,2010,CEREAL,3.822
VNM_HRIV,2020,PDR,4.168
VNM_HRIV,2020,WHT,2.48
VNM_HRIV,2020,GRO,3.611
VNM_HRIV,2020,OSD,9.014
VNM_HRIV,2020,C_B,69.402
VNM_HRIV,2020,OTH_A,2.174
VNM_HRIV,2020,CEREAL,3.903
VNM_HRIV,2030,PDR,4.228
VNM_HRIV,2030,WHT,2.332
VNM_HRIV,2030,GRO,3.616
VNM_HRIV,2030,OSD,9.189
VNM_HRIV,2030,C_B,71.861
VNM_HRIV,2030,OTH_A,2.192
VNM_HRIV,2030,CEREAL,3.911
VNM_HRIV,2040,PDR,4.265
VNM_HRIV,2040,WHT,2.18
VNM_HRIV,2040,GRO,3.666
VNM_HRIV,2040,OSD,9.386
VNM_HRIV,2040,C_B,76.056
VNM_HRIV,2040,OTH_A,2.231
VNM_HRIV,2040,CEREAL,3.908
VNM_HRIV,2050,PDR,4.287
VNM_HRIV,2050,WHT,2.15
VNM_HRIV,2050,GRO,3.711
VNM_HRIV,2050,OSD,9.503
VNM_HRIV,2050,C_B,78.564
VNM_HRIV,2050,OTH_A,2.237
VNM_HRIV,2050,CEREAL,3.92
VNM_HRIV,2060,PDR,4.285
VNM_HRIV,2060,WHT,2.095
VNM_HRIV,2060,GRO,3.79
VNM_HRIV,2060,OSD,9.638
VNM_HRIV,2060,C_B,80.889
VNM_HRIV,2060,OTH_A,2.238
VNM_HRIV,2060,CEREAL,3.919
VNM_HRIV,2070,PDR,4.284
VNM_HRIV,2070,WHT,2.079
VNM_HRIV,2070,GRO,3.837
VNM_HRIV,2070,OSD,9.806
VNM_HRIV,2070,C_B,82.571
VNM_HRIV,2070,OTH_A,2.251
VNM_HRIV,2070,CEREAL,3.929
VNM_HRIV,2080,PDR,4.277
VNM_HRIV,2080,WHT,2.078
VNM_HRIV,2080,GRO,3.857
VNM_HRIV,2080,OSD,9.879
VNM_HRIV,2080,C_B,83.259
VNM_HRIV,2080,OTH_A,2.269
VNM_HRIV,2080,CEREAL,3.934
VNM_HRIV,2090,PDR,4.275
VNM_HRIV,2090,WHT,2.075
VNM_HRIV,2090,GRO,3.848
VNM_HRIV,2090,OSD,9.882
VNM_HRIV,2090,C_B,83.456
VNM_HRIV,2090,OTH_A,2.269
VNM_HRIV,2090,CEREAL,3.928
VNM_HRIV,2100,PDR,4.263
VNM_HRIV,2100,WHT,2.06
VNM_HRIV,2100,GRO,3.849
VNM_HRIV,2100,OSD,9.888
VNM_HRIV,2100,C_B,83.58
VNM_HRIV,2100,OTH_A,2.256
VNM_HRIV,2100,CEREAL,3.914
VNM_MEKO,2005,PDR,3.972
VNM_MEKO,2005,GRO,3.321
VNM_MEKO,2005,OSD,8.977
VNM_MEKO,2005,C_B,62.674
VNM_MEKO,2005,OTH_A,1.931
VNM_MEKO,2005,CEREAL,3.868
VNM_MEKO,2010,PDR,4.056
VNM_MEKO,2010,GRO,3.414
VNM_MEKO,2010,OSD,9.128
VNM_MEKO,2010,C_B,62.767
VNM_MEKO,2010,OTH_A,2.059
VNM_MEKO,2010,CEREAL,3.949
VNM_MEKO,2020,PDR,4.145
VNM_MEKO,2020,GRO,3.529
VNM_MEKO,2020,OSD,9.517
VNM_MEKO,2020,C_B,61.696
VNM_MEKO,2020,OTH_A,2.189
VNM_MEKO,2020,CEREAL,4.043
VNM_MEKO,2030,PDR,4.187
VNM_MEKO,2030,GRO,3.552
VNM_MEKO,2030,OSD,9.63
VNM_MEKO,2030,C_B,61.369
VNM_MEKO,2030,OTH_A,2.205
VNM_MEKO,2030,CEREAL,4.083
VNM_MEKO,2040,PDR,4.23
VNM_MEKO,2040,GRO,3.553
VNM_MEKO,2040,OSD,9.66
VNM_MEKO,2040,C_B,61.564
VNM_MEKO,2040,OTH_A,2.207
VNM_MEKO,2040,CEREAL,4.131
VNM_MEKO,2050,PDR,4.243
VNM_MEKO,2050,GRO,3.553
VNM_MEKO,2050,OSD,9.671
VNM_MEKO,2050,C_B,61.897
VNM_MEKO,2050,OTH_A,2.208
VNM_MEKO,2050,CEREAL,4.144
VNM_MEKO,2060,PDR,4.245
VNM_MEKO,2060,GRO,3.586
VNM_MEKO,2060,OSD,9.695
VNM_MEKO,2060,C_B,62.311
VNM_MEKO,2060,OTH_A,2.208
VNM_MEKO,2060,CEREAL,4.159
VNM_MEKO,2070,PDR,4.249
VNM_MEKO,2070,GRO,3.636
VNM_MEKO,2070,OSD,9.814
VNM_MEKO,2070,C_B,63.933
VNM_MEKO,2070,OTH_A,2.258
VNM_MEKO,2070,CEREAL,4.173
VNM_MEKO,2080,PDR,4.351
VNM_MEKO,2080,GRO,3.744
VNM_MEKO,2080,OSD,9.993
VNM_MEKO,2080,C_B,66.057
VNM_MEKO,2080,OTH_A,2.358
VNM_MEKO,2080,CEREAL,4.276
VNM_MEKO,2090,PDR,4.389
VNM_MEKO,2090,GRO,3.793
VNM_MEKO,2090,OSD,10.111
VNM_MEKO,2090,C_B,67.247
VNM_MEKO,2090,OTH_A,2.403
VNM_MEKO,2090,CEREAL,4.316
VNM_MEKO,2100,PDR,4.392
VNM_MEKO,2100,GRO,3.821
VNM_MEKO,2100,OSD,10.231
VNM_MEKO,2100,C_B,68.12
VNM_MEKO,2100,OTH_A,2.428
VNM_MEKO,2100,CEREAL,4.323
VNM_VNCO,2005,PDR,3.849
VNM_VNCO,2005,GRO,3.077
VNM_VNCO,2005,OSD,8.314
VNM_VNCO,2005,C_B,61.008
VNM_VNCO,2005,OTH_A,1.951
VNM_VNCO,2005,CEREAL,3.628
VNM_VNCO,2010,PDR,3.952
VNM_VNCO,2010,GRO,3.273
VNM_VNCO,2010,OSD,8.499
VNM_VNCO,2010,C_B,61.291
VNM_VNCO,2010,OTH_A,2.083
VNM_VNCO,2010,CEREAL,3.751
VNM_VNCO,2020,PDR,4.122
VNM_VNCO,2020,GRO,3.341
VNM_VNCO,2020,OSD,8.886
VNM_VNCO,2020,C_B,62.21
VNM_VNCO,2020,OTH_A,2.218
VNM_VNCO,2020,CEREAL,3.892
VNM_VNCO,2030,PDR,4.188
VNM_VNCO,2030,GRO,3.37
VNM_VNCO,2030,OSD,9.06
VNM_VNCO,2030,C_B,62.446
VNM_VNCO,2030,OTH_A,2.245
VNM_VNCO,2030,CEREAL,3.946
VNM_VNCO,2040,PDR,4.273
VNM_VNCO,2040,GRO,3.391
VNM_VNCO,2040,OSD,9.099
VNM_VNCO,2040,C_B,62.506
VNM_VNCO,2040,OTH_A,2.258
VNM_VNCO,2040,CEREAL,4.036
VNM_VNCO,2050,PDR,4.279
VNM_VNCO,2050,GRO,3.393
VNM_VNCO,2050,OSD,9.103
VNM_VNCO,2050,C_B,63.045
VNM_VNCO,2050,OTH_A,2.259
VNM_VNCO,2050,CEREAL,4.043
VNM_VNCO,2060,PDR,4.25
VNM_VNCO,2060,GRO,3.394
VNM_VNCO,2060,OSD,9.108
VNM_VNCO,2060,C_B,63.298
VNM_VNCO,2060,OTH_A,2.261
VNM_VNCO,2060,CEREAL,4.037
VNM_VNCO,2070,PDR,4.264
VNM_VNCO,2070,GRO,3.51
VNM_VNCO,2070,OSD,9.323
VNM_VNCO,2070,C_B,65.231
VNM_VNCO,2070,OTH_A,2.347
VNM_VNCO,2070,CEREAL,4.089
VNM_VNCO,2080,PDR,4.325
VNM_VNCO,2080,GRO,3.569
VNM_VNCO,2080,OSD,9.468
VNM_VNCO,2080,C_B,66.206
VNM_VNCO,2080,OTH_A,2.404
VNM_VNCO,2080,CEREAL,4.154
VNM_VNCO,2090,PDR,4.33
VNM_VNCO,2090,GRO,3.572
VNM_VNCO,2090,OSD,9.493
VNM_VNCO,2090,C_B,66.336
VNM_VNCO,2090,OTH_A,2.418
VNM_VNCO,2090,CEREAL,4.16
VNM_VNCO,2100,PDR,4.326
VNM_VNCO,2100,GRO,3.582
VNM_VNCO,2100,OSD,9.531
VNM_VNCO,2100,C_B,66.236
VNM_VNCO,2100,OTH_A,2.435
VNM_VNCO,2100,CEREAL,4.164
VUT_SPII,2005,CROP_FLW,5.337
VUT_SPII,2010,CROP_FLW,5.337
VUT_SPII,2020,CROP_FLW,5.353
VUT_SPII,2030,CROP_FLW,5.4
VUT_SPII,2040,CROP_FLW,5.447
VUT_SPII,2050,CROP_FLW,5.481
VUT_SPII,2060,CROP_FLW,5.496
VUT_SPII,2070,CROP_FLW,5.496
VUT_SPII,2080,CROP_FLW,5.508
VUT_SPII,2090,CROP_FLW,5.528
VUT_SPII,2100,CROP_FLW,5.541
YEM_ARGA,2005,CROP_FLW,1.491
YEM_ARGA,2010,CROP_FLW,1.491
YEM_ARGA,2020,CROP_FLW,1.491
YEM_ARGA,2030,CROP_FLW,1.491
YEM_ARGA,2040,CROP_FLW,1.491
YEM_ARGA,2050,CROP_FLW,1.491
YEM_ARGA,2060,CROP_FLW,1.491
YEM_ARGA,2070,CROP_FLW,1.491
YEM_ARGA,2080,CROP_FLW,1.491
YEM_ARGA,2090,CROP_FLW,1.491
YEM_ARGA,2100,CROP_FLW,1.491
YEM_ARPA,2005,CROP_FLW,3.617
YEM_ARPA,2010,CROP_FLW,3.617
YEM_ARPA,2020,CROP_FLW,3.617
YEM_ARPA,2030,CROP_FLW,3.617
YEM_ARPA,2040,CROP_FLW,3.617
YEM_ARPA,2050,CROP_FLW,3.617
YEM_ARPA,2060,CROP_FLW,3.617
YEM_ARPA,2070,CROP_FLW,3.618
YEM_ARPA,2080,CROP_FLW,3.618
YEM_ARPA,2090,CROP_FLW,3.618
YEM_ARPA,2100,CROP_FLW,3.618
YEM_RSEE,2005,CROP_FLW,4.38
YEM_RSEE,2010,CROP_FLW,4.38
YEM_RSEE,2020,CROP_FLW,4.38
YEM_RSEE,2030,CROP_FLW,4.378
YEM_RSEE,2040,CROP_FLW,4.378
YEM_RSEE,2050,CROP_FLW,4.377
YEM_RSEE,2060,CROP_FLW,4.376
YEM_RSEE,2070,CROP_FLW,4.375
YEM_RSEE,2080,CROP_FLW,4.375
YEM_RSEE,2090,CROP_FLW,4.374
YEM_RSEE,2100,CROP_FLW,4.373
ZAF_LIMP,2005,CROP_FLW,6.736
ZAF_LIMP,2005,PDR,1.835
ZAF_LIMP,2005,WHT,2.535
ZAF_LIMP,2005,GRO,1.084
ZAF_LIMP,2005,OSD,0.901
ZAF_LIMP,2005,C_B,64.666
ZAF_LIMP,2005,OTH_A,0.912
ZAF_LIMP,2005,CEREAL,1.137
ZAF_LIMP,2010,CROP_FLW,6.664
ZAF_LIMP,2010,PDR,1.833
ZAF_LIMP,2010,WHT,3.054
ZAF_LIMP,2010,GRO,1.108
ZAF_LIMP,2010,OSD,0.986
ZAF_LIMP,2010,C_B,69.355
ZAF_LIMP,2010,OTH_A,0.934
ZAF_LIMP,2010,CEREAL,1.165
ZAF_LIMP,2020,CROP_FLW,6.133
ZAF_LIMP,2020,PDR,2.003
ZAF_LIMP,2020,WHT,3.635
ZAF_LIMP,2020,GRO,1.158
ZAF_LIMP,2020,OSD,1.17
ZAF_LIMP,2020,C_B,85.213
ZAF_LIMP,2020,OTH_A,0.995
ZAF_LIMP,2020,CEREAL,1.215
ZAF_LIMP,2030,CROP_FLW,6.818
ZAF_LIMP,2030,PDR,1.97
ZAF_LIMP,2030,WHT,3.704
ZAF_LIMP,2030,GRO,1.167
ZAF_LIMP,2030,OSD,1.225
ZAF_LIMP,2030,C_B,91.136
ZAF_LIMP,2030,OTH_A,1.025
ZAF_LIMP,2030,CEREAL,1.223
ZAF_LIMP,2040,CROP_FLW,7.215
ZAF_LIMP,2040,PDR,1.972
ZAF_LIMP,2040,WHT,3.879
ZAF_LIMP,2040,GRO,1.198
ZAF_LIMP,2040,OSD,1.345
ZAF_LIMP,2040,C_B,105.994
ZAF_LIMP,2040,OTH_A,1.061
ZAF_LIMP,2040,CEREAL,1.257
ZAF_LIMP,2050,CROP_FLW,6.893
ZAF_LIMP,2050,PDR,1.879
ZAF_LIMP,2050,WHT,3.947
ZAF_LIMP,2050,GRO,1.202
ZAF_LIMP,2050,OSD,1.348
ZAF_LIMP,2050,C_B,108.599
ZAF_LIMP,2050,OTH_A,1.069
ZAF_LIMP,2050,CEREAL,1.262
ZAF_LIMP,2060,CROP_FLW,7.225
ZAF_LIMP,2060,PDR,1.728
ZAF_LIMP,2060,WHT,3.895
ZAF_LIMP,2060,GRO,1.203
ZAF_LIMP,2060,OSD,1.353
ZAF_LIMP,2060,C_B,100.912
ZAF_LIMP,2060,OTH_A,1.082
ZAF_LIMP,2060,CEREAL,1.262
ZAF_LIMP,2070,CROP_FLW,7.543
ZAF_LIMP,2070,PDR,1.484
ZAF_LIMP,2070,WHT,3.646
ZAF_LIMP,2070,GRO,1.179
ZAF_LIMP,2070,OSD,1.285
ZAF_LIMP,2070,C_B,83.346
ZAF_LIMP,2070,OTH_A,1.102
ZAF_LIMP,2070,CEREAL,1.239
ZAF_LIMP,2080,CROP_FLW,7.667
ZAF_LIMP,2080,PDR,1.403
ZAF_LIMP,2080,WHT,3.445
ZAF_LIMP,2080,GRO,1.166
ZAF_LIMP,2080,OSD,1.26
ZAF_LIMP,2080,C_B,81.452
ZAF_LIMP,2080,OTH_A,1.109
ZAF_LIMP,2080,CEREAL,1.226
ZAF_LIMP,2090,CROP_FLW,7.341
ZAF_LIMP,2090,PDR,1.409
ZAF_LIMP,2090,WHT,3.388
ZAF_LIMP,2090,GRO,1.169
ZAF_LIMP,2090,OSD,1.255
ZAF_LIMP,2090,C_B,89.389
ZAF_LIMP,2090,OTH_A,1.14
ZAF_LIMP,2090,CEREAL,1.231
ZAF_LIMP,2100,CROP_FLW,6.976
ZAF_LIMP,2100,PDR,1.41
ZAF_LIMP,2100,WHT,3.513
ZAF_LIMP,2100,GRO,1.198
ZAF_LIMP,2100,OSD,1.255
ZAF_LIMP,2100,C_B,101.95
ZAF_LIMP,2100,OTH_A,1.167
ZAF_LIMP,2100,CEREAL,1.264
ZAF_ORAN,2005,CROP_FLW,6.322
ZAF_ORAN,2005,PDR,1.626
ZAF_ORAN,2005,WHT,2.456
ZAF_ORAN,2005,GRO,1.056
ZAF_ORAN,2005,OSD,0.872
ZAF_ORAN,2005,C_B,71.286
ZAF_ORAN,2005,OTH_A,0.86
ZAF_ORAN,2005,CEREAL,1.157
ZAF_ORAN,2010,CROP_FLW,5.364
ZAF_ORAN,2010,PDR,1.625
ZAF_ORAN,2010,WHT,2.655
ZAF_ORAN,2010,GRO,1.07
ZAF_ORAN,2010,OSD,1.006
ZAF_ORAN,2010,C_B,77.298
ZAF_ORAN,2010,OTH_A,0.9
ZAF_ORAN,2010,CEREAL,1.164
ZAF_ORAN,2020,CROP_FLW,3.794
ZAF_ORAN,2020,PDR,1.937
ZAF_ORAN,2020,WHT,3.008
ZAF_ORAN,2020,GRO,1.111
ZAF_ORAN,2020,OSD,1.082
ZAF_ORAN,2020,C_B,103.881
ZAF_ORAN,2020,OTH_A,0.972
ZAF_ORAN,2020,CEREAL,1.197
ZAF_ORAN,2030,CROP_FLW,6.387
ZAF_ORAN,2030,PDR,1.99
ZAF_ORAN,2030,WHT,3.088
ZAF_ORAN,2030,GRO,1.145
ZAF_ORAN,2030,OSD,1.296
ZAF_ORAN,2030,C_B,133.033
ZAF_ORAN,2030,OTH_A,1.029
ZAF_ORAN,2030,CEREAL,1.232
ZAF_ORAN,2040,CROP_FLW,6.381
ZAF_ORAN,2040,PDR,1.988
ZAF_ORAN,2040,WHT,3.156
ZAF_ORAN,2040,GRO,1.173
ZAF_ORAN,2040,OSD,1.381
ZAF_ORAN,2040,C_B,148.634
ZAF_ORAN,2040,OTH_A,1.047
ZAF_ORAN,2040,CEREAL,1.262
ZAF_ORAN,2050,CROP_FLW,6.346
ZAF_ORAN,2050,PDR,1.88
ZAF_ORAN,2050,WHT,3.163
ZAF_ORAN,2050,GRO,1.175
ZAF_ORAN,2050,OSD,1.384
ZAF_ORAN,2050,C_B,147.541
ZAF_ORAN,2050,OTH_A,1.059
ZAF_ORAN,2050,CEREAL,1.265
ZAF_ORAN,2060,CROP_FLW,6.14
ZAF_ORAN,2060,PDR,1.841
ZAF_ORAN,2060,WHT,3.222
ZAF_ORAN,2060,GRO,1.176
ZAF_ORAN,2060,OSD,1.391
ZAF_ORAN,2060,C_B,143.041
ZAF_ORAN,2060,OTH_A,1.063
ZAF_ORAN,2060,CEREAL,1.271
ZAF_ORAN,2070,CROP_FLW,6.021
ZAF_ORAN,2070,PDR,1.817
ZAF_ORAN,2070,WHT,3.333
ZAF_ORAN,2070,GRO,1.177
ZAF_ORAN,2070,OSD,1.398
ZAF_ORAN,2070,C_B,131.95
ZAF_ORAN,2070,OTH_A,1.062
ZAF_ORAN,2070,CEREAL,1.288
ZAF_ORAN,2080,CROP_FLW,6.156
ZAF_ORAN,2080,PDR,1.83
ZAF_ORAN,2080,WHT,3.413
ZAF_ORAN,2080,GRO,1.181
ZAF_ORAN,2080,OSD,1.393
ZAF_ORAN,2080,C_B,140.843
ZAF_ORAN,2080,OTH_A,1.083
ZAF_ORAN,2080,CEREAL,1.308
ZAF_ORAN,2090,CROP_FLW,6.117
ZAF_ORAN,2090,PDR,1.689
ZAF_ORAN,2090,WHT,3.466
ZAF_ORAN,2090,GRO,1.181
ZAF_ORAN,2090,OSD,1.385
ZAF_ORAN,2090,C_B,143.995
ZAF_ORAN,2090,OTH_A,1.087
ZAF_ORAN,2090,CEREAL,1.318
ZAF_ORAN,2100,CROP_FLW,6.426
ZAF_ORAN,2100,PDR,1.564
ZAF_ORAN,2100,WHT,3.473
ZAF_ORAN,2100,GRO,1.187
ZAF_ORAN,2100,OSD,1.355
ZAF_ORAN,2100,C_B,143.458
ZAF_ORAN,2100,OTH_A,1.086
ZAF_ORAN,2100,CEREAL,1.327
ZAF_SASC,2005,CROP_FLW,5.909
ZAF_SASC,2005,PDR,1.766
ZAF_SASC,2005,WHT,2.482
ZAF_SASC,2005,GRO,1.124
ZAF_SASC,2005,OSD,0.925
ZAF_SASC,2005,C_B,56.454
ZAF_SASC,2005,OTH_A,0.892
ZAF_SASC,2005,CEREAL,1.379
ZAF_SASC,2010,CROP_FLW,4.393
ZAF_SASC,2010,PDR,1.767
ZAF_SASC,2010,WHT,2.59
ZAF_SASC,2010,GRO,1.155
ZAF_SASC,2010,OSD,0.968
ZAF_SASC,2010,C_B,60.291
ZAF_SASC,2010,OTH_A,0.935
ZAF_SASC,2010,CEREAL,1.378
ZAF_SASC,2020,CROP_FLW,5.464
ZAF_SASC,2020,PDR,1.92
ZAF_SASC,2020,WHT,2.66
ZAF_SASC,2020,GRO,1.228
ZAF_SASC,2020,OSD,1.11
ZAF_SASC,2020,C_B,73.142
ZAF_SASC,2020,OTH_A,0.993
ZAF_SASC,2020,CEREAL,1.405
ZAF_SASC,2030,CROP_FLW,7.092
ZAF_SASC,2030,PDR,1.972
ZAF_SASC,2030,WHT,2.694
ZAF_SASC,2030,GRO,1.267
ZAF_SASC,2030,OSD,1.267
ZAF_SASC,2030,C_B,88.194
ZAF_SASC,2030,OTH_A,1.062
ZAF_SASC,2030,CEREAL,1.442
ZAF_SASC,2040,CROP_FLW,6.653
ZAF_SASC,2040,PDR,1.982
ZAF_SASC,2040,WHT,2.711
ZAF_SASC,2040,GRO,1.282
ZAF_SASC,2040,OSD,1.297
ZAF_SASC,2040,C_B,94.361
ZAF_SASC,2040,OTH_A,1.067
ZAF_SASC,2040,CEREAL,1.459
ZAF_SASC,2050,CROP_FLW,6.653
ZAF_SASC,2050,PDR,2.036
ZAF_SASC,2050,WHT,2.734
ZAF_SASC,2050,GRO,1.282
ZAF_SASC,2050,OSD,1.293
ZAF_SASC,2050,C_B,97.998
ZAF_SASC,2050,OTH_A,1.095
ZAF_SASC,2050,CEREAL,1.462
ZAF_SASC,2060,CROP_FLW,6.63
ZAF_SASC,2060,PDR,2.082
ZAF_SASC,2060,WHT,2.753
ZAF_SASC,2060,GRO,1.274
ZAF_SASC,2060,OSD,1.276
ZAF_SASC,2060,C_B,100.853
ZAF_SASC,2060,OTH_A,1.111
ZAF_SASC,2060,CEREAL,1.463
ZAF_SASC,2070,CROP_FLW,6.612
ZAF_SASC,2070,PDR,2.107
ZAF_SASC,2070,WHT,2.739
ZAF_SASC,2070,GRO,1.242
ZAF_SASC,2070,OSD,1.211
ZAF_SASC,2070,C_B,101.064
ZAF_SASC,2070,OTH_A,1.123
ZAF_SASC,2070,CEREAL,1.452
ZAF_SASC,2080,CROP_FLW,6.384
ZAF_SASC,2080,PDR,2.122
ZAF_SASC,2080,WHT,2.824
ZAF_SASC,2080,GRO,1.266
ZAF_SASC,2080,OSD,1.209
ZAF_SASC,2080,C_B,104.313
ZAF_SASC,2080,OTH_A,1.147
ZAF_SASC,2080,CEREAL,1.502
ZAF_SASC,2090,CROP_FLW,6.248
ZAF_SASC,2090,PDR,2.133
ZAF_SASC,2090,WHT,2.867
ZAF_SASC,2090,GRO,1.282
ZAF_SASC,2090,OSD,1.205
ZAF_SASC,2090,C_B,105.085
ZAF_SASC,2090,OTH_A,1.166
ZAF_SASC,2090,CEREAL,1.541
ZAF_SASC,2100,CROP_FLW,4.599
ZAF_SASC,2100,PDR,2.146
ZAF_SASC,2100,WHT,2.88
ZAF_SASC,2100,GRO,1.305
ZAF_SASC,2100,OSD,1.166
ZAF_SASC,2100,C_B,107.4
ZAF_SASC,2100,OTH_A,1.173
ZAF_SASC,2100,CEREAL,1.562
ZAF_SAWC,2005,CROP_FLW,3.712
ZAF_SAWC,2005,PDR,1.45
ZAF_SAWC,2005,WHT,2.48
ZAF_SAWC,2005,GRO,0.902
ZAF_SAWC,2005,OSD,0.885
ZAF_SAWC,2005,C_B,24.876
ZAF_SAWC,2005,OTH_A,0.833
ZAF_SAWC,2005,CEREAL,2.279
ZAF_SAWC,2010,CROP_FLW,3.437
ZAF_SAWC,2010,PDR,1.451
ZAF_SAWC,2010,WHT,2.55
ZAF_SAWC,2010,GRO,0.968
ZAF_SAWC,2010,OSD,0.932
ZAF_SAWC,2010,C_B,26.947
ZAF_SAWC,2010,OTH_A,0.856
ZAF_SAWC,2010,CEREAL,2.282
ZAF_SAWC,2020,CROP_FLW,3.861
ZAF_SAWC,2020,PDR,1.812
ZAF_SAWC,2020,WHT,2.578
ZAF_SAWC,2020,GRO,1.224
ZAF_SAWC,2020,OSD,1.019
ZAF_SAWC,2020,C_B,34.414
ZAF_SAWC,2020,OTH_A,0.942
ZAF_SAWC,2020,CEREAL,2.31
ZAF_SAWC,2030,CROP_FLW,3.489
ZAF_SAWC,2030,PDR,1.904
ZAF_SAWC,2030,WHT,2.589
ZAF_SAWC,2030,GRO,1.521
ZAF_SAWC,2030,OSD,1.245
ZAF_SAWC,2030,C_B,42.447
ZAF_SAWC,2030,OTH_A,0.986
ZAF_SAWC,2030,CEREAL,2.381
ZAF_SAWC,2040,CROP_FLW,3.871
ZAF_SAWC,2040,PDR,1.878
ZAF_SAWC,2040,WHT,2.553
ZAF_SAWC,2040,GRO,1.675
ZAF_SAWC,2040,OSD,1.261
ZAF_SAWC,2040,C_B,44.253
ZAF_SAWC,2040,OTH_A,0.981
ZAF_SAWC,2040,CEREAL,2.382
ZAF_SAWC,2050,CROP_FLW,3.871
ZAF_SAWC,2050,PDR,1.852
ZAF_SAWC,2050,WHT,2.614
ZAF_SAWC,2050,GRO,1.735
ZAF_SAWC,2050,OSD,1.083
ZAF_SAWC,2050,C_B,38.395
ZAF_SAWC,2050,OTH_A,0.89
ZAF_SAWC,2050,CEREAL,2.44
ZAF_SAWC,2060,CROP_FLW,3.962
ZAF_SAWC,2060,PDR,1.809
ZAF_SAWC,2060,WHT,2.859
ZAF_SAWC,2060,GRO,1.825
ZAF_SAWC,2060,OSD,1.059
ZAF_SAWC,2060,C_B,31.721
ZAF_SAWC,2060,OTH_A,0.864
ZAF_SAWC,2060,CEREAL,2.656
ZAF_SAWC,2070,CROP_FLW,4.042
ZAF_SAWC,2070,PDR,1.707
ZAF_SAWC,2070,WHT,3.081
ZAF_SAWC,2070,GRO,1.89
ZAF_SAWC,2070,OSD,0.991
ZAF_SAWC,2070,C_B,25.548
ZAF_SAWC,2070,OTH_A,0.85
ZAF_SAWC,2070,CEREAL,2.861
ZAF_SAWC,2080,CROP_FLW,4.092
ZAF_SAWC,2080,PDR,1.691
ZAF_SAWC,2080,WHT,3.219
ZAF_SAWC,2080,GRO,1.931
ZAF_SAWC,2080,OSD,0.91
ZAF_SAWC,2080,C_B,25.366
ZAF_SAWC,2080,OTH_A,0.852
ZAF_SAWC,2080,CEREAL,2.992
ZAF_SAWC,2090,CROP_FLW,4.144
ZAF_SAWC,2090,PDR,1.673
ZAF_SAWC,2090,WHT,3.303
ZAF_SAWC,2090,GRO,1.988
ZAF_SAWC,2090,OSD,0.843
ZAF_SAWC,2090,C_B,26.275
ZAF_SAWC,2090,OTH_A,0.854
ZAF_SAWC,2090,CEREAL,3.072
ZAF_SAWC,2100,CROP_FLW,3.708
ZAF_SAWC,2100,PDR,1.617
ZAF_SAWC,2100,WHT,3.324
ZAF_SAWC,2100,GRO,1.998
ZAF_SAWC,2100,OSD,0.67
ZAF_SAWC,2100,C_B,25.719
ZAF_SAWC,2100,OTH_A,0.841
ZAF_SAWC,2100,CEREAL,3.059
ZMB_CONG,2005,CROP_FLW,6.163
ZMB_CONG,2005,PDR,1.593
ZMB_CONG,2005,WHT,2.338
ZMB_CONG,2005,GRO,1.089
ZMB_CONG,2005,OSD,1.014
ZMB_CONG,2005,C_B,65.988
ZMB_CONG,2005,OTH_A,0.886
ZMB_CONG,2005,CEREAL,1.102
ZMB_CONG,2010,CROP_FLW,6.169
ZMB_CONG,2010,PDR,2.714
ZMB_CONG,2010,WHT,2.436
ZMB_CONG,2010,GRO,1.144
ZMB_CONG,2010,OSD,1.027
ZMB_CONG,2010,C_B,67.148
ZMB_CONG,2010,OTH_A,1.17
ZMB_CONG,2010,CEREAL,1.167
ZMB_CONG,2020,CROP_FLW,6.446
ZMB_CONG,2020,PDR,3.301
ZMB_CONG,2020,WHT,3.884
ZMB_CONG,2020,GRO,1.212
ZMB_CONG,2020,OSD,1.087
ZMB_CONG,2020,C_B,69.038
ZMB_CONG,2020,OTH_A,1.484
ZMB_CONG,2020,CEREAL,1.25
ZMB_CONG,2030,CROP_FLW,6.436
ZMB_CONG,2030,PDR,3.336
ZMB_CONG,2030,WHT,4.113
ZMB_CONG,2030,GRO,1.313
ZMB_CONG,2030,OSD,1.094
ZMB_CONG,2030,C_B,71.444
ZMB_CONG,2030,OTH_A,1.492
ZMB_CONG,2030,CEREAL,1.347
ZMB_CONG,2040,CROP_FLW,6.429
ZMB_CONG,2040,PDR,3.391
ZMB_CONG,2040,WHT,4.468
ZMB_CONG,2040,GRO,1.351
ZMB_CONG,2040,OSD,1.099
ZMB_CONG,2040,C_B,74.583
ZMB_CONG,2040,OTH_A,1.504
ZMB_CONG,2040,CEREAL,1.385
ZMB_CONG,2050,CROP_FLW,6.45
ZMB_CONG,2050,PDR,3.409
ZMB_CONG,2050,WHT,4.89
ZMB_CONG,2050,GRO,1.377
ZMB_CONG,2050,OSD,1.11
ZMB_CONG,2050,C_B,74.49
ZMB_CONG,2050,OTH_A,1.525
ZMB_CONG,2050,CEREAL,1.41
ZMB_CONG,2060,CROP_FLW,6.523
ZMB_CONG,2060,PDR,3.448
ZMB_CONG,2060,WHT,5.326
ZMB_CONG,2060,GRO,1.393
ZMB_CONG,2060,OSD,1.116
ZMB_CONG,2060,C_B,74.386
ZMB_CONG,2060,OTH_A,1.603
ZMB_CONG,2060,CEREAL,1.426
ZMB_CONG,2070,CROP_FLW,6.594
ZMB_CONG,2070,PDR,3.572
ZMB_CONG,2070,WHT,5.705
ZMB_CONG,2070,GRO,1.415
ZMB_CONG,2070,OSD,1.169
ZMB_CONG,2070,C_B,74.309
ZMB_CONG,2070,OTH_A,1.713
ZMB_CONG,2070,CEREAL,1.449
ZMB_CONG,2080,CROP_FLW,6.62
ZMB_CONG,2080,PDR,3.719
ZMB_CONG,2080,WHT,6.044
ZMB_CONG,2080,GRO,1.439
ZMB_CONG,2080,OSD,1.194
ZMB_CONG,2080,C_B,74.241
ZMB_CONG,2080,OTH_A,1.857
ZMB_CONG,2080,CEREAL,1.472
ZMB_CONG,2090,CROP_FLW,6.602
ZMB_CONG,2090,PDR,3.726
ZMB_CONG,2090,WHT,6.371
ZMB_CONG,2090,GRO,1.45
ZMB_CONG,2090,OSD,1.204
ZMB_CONG,2090,C_B,74.169
ZMB_CONG,2090,OTH_A,2.002
ZMB_CONG,2090,CEREAL,1.481
ZMB_CONG,2100,CROP_FLW,6.5
ZMB_CONG,2100,PDR,3.722
ZMB_CONG,2100,WHT,6.527
ZMB_CONG,2100,GRO,1.479
ZMB_CONG,2100,OSD,1.21
ZMB_CONG,2100,C_B,74.087
ZMB_CONG,2100,OTH_A,2.125
ZMB_CONG,2100,CEREAL,1.509
ZMB_ZAMB,2005,CROP_FLW,6.136
ZMB_ZAMB,2005,PDR,1.677
ZMB_ZAMB,2005,WHT,2.303
ZMB_ZAMB,2005,GRO,1.015
ZMB_ZAMB,2005,OSD,0.921
ZMB_ZAMB,2005,C_B,63.673
ZMB_ZAMB,2005,OTH_A,0.83
ZMB_ZAMB,2005,CEREAL,1.066
ZMB_ZAMB,2010,CROP_FLW,6.143
ZMB_ZAMB,2010,PDR,2.547
ZMB_ZAMB,2010,WHT,2.428
ZMB_ZAMB,2010,GRO,1.107
ZMB_ZAMB,2010,OSD,0.943
ZMB_ZAMB,2010,C_B,61.13
ZMB_ZAMB,2010,OTH_A,0.929
ZMB_ZAMB,2010,CEREAL,1.167
ZMB_ZAMB,2020,CROP_FLW,6.129
ZMB_ZAMB,2020,PDR,3.093
ZMB_ZAMB,2020,WHT,3.21
ZMB_ZAMB,2020,GRO,1.184
ZMB_ZAMB,2020,OSD,1.034
ZMB_ZAMB,2020,C_B,56.903
ZMB_ZAMB,2020,OTH_A,1.194
ZMB_ZAMB,2020,CEREAL,1.277
ZMB_ZAMB,2030,CROP_FLW,6.133
ZMB_ZAMB,2030,PDR,3.119
ZMB_ZAMB,2030,WHT,3.326
ZMB_ZAMB,2030,GRO,1.318
ZMB_ZAMB,2030,OSD,1.045
ZMB_ZAMB,2030,C_B,57.118
ZMB_ZAMB,2030,OTH_A,1.211
ZMB_ZAMB,2030,CEREAL,1.397
ZMB_ZAMB,2040,CROP_FLW,6.134
ZMB_ZAMB,2040,PDR,3.183
ZMB_ZAMB,2040,WHT,3.515
ZMB_ZAMB,2040,GRO,1.384
ZMB_ZAMB,2040,OSD,1.057
ZMB_ZAMB,2040,C_B,57.2
ZMB_ZAMB,2040,OTH_A,1.233
ZMB_ZAMB,2040,CEREAL,1.459
ZMB_ZAMB,2050,CROP_FLW,6.14
ZMB_ZAMB,2050,PDR,3.227
ZMB_ZAMB,2050,WHT,3.733
ZMB_ZAMB,2050,GRO,1.444
ZMB_ZAMB,2050,OSD,1.071
ZMB_ZAMB,2050,C_B,56.127
ZMB_ZAMB,2050,OTH_A,1.241
ZMB_ZAMB,2050,CEREAL,1.514
ZMB_ZAMB,2060,CROP_FLW,6.145
ZMB_ZAMB,2060,PDR,3.263
ZMB_ZAMB,2060,WHT,3.886
ZMB_ZAMB,2060,GRO,1.494
ZMB_ZAMB,2060,OSD,1.085
ZMB_ZAMB,2060,C_B,54.693
ZMB_ZAMB,2060,OTH_A,1.255
ZMB_ZAMB,2060,CEREAL,1.56
ZMB_ZAMB,2070,CROP_FLW,6.208
ZMB_ZAMB,2070,PDR,3.275
ZMB_ZAMB,2070,WHT,3.976
ZMB_ZAMB,2070,GRO,1.53
ZMB_ZAMB,2070,OSD,1.103
ZMB_ZAMB,2070,C_B,53.673
ZMB_ZAMB,2070,OTH_A,1.301
ZMB_ZAMB,2070,CEREAL,1.594
ZMB_ZAMB,2080,CROP_FLW,6.281
ZMB_ZAMB,2080,PDR,3.333
ZMB_ZAMB,2080,WHT,4.083
ZMB_ZAMB,2080,GRO,1.552
ZMB_ZAMB,2080,OSD,1.135
ZMB_ZAMB,2080,C_B,53.012
ZMB_ZAMB,2080,OTH_A,1.376
ZMB_ZAMB,2080,CEREAL,1.613
ZMB_ZAMB,2090,CROP_FLW,6.303
ZMB_ZAMB,2090,PDR,3.369
ZMB_ZAMB,2090,WHT,4.184
ZMB_ZAMB,2090,GRO,1.562
ZMB_ZAMB,2090,OSD,1.155
ZMB_ZAMB,2090,C_B,52.576
ZMB_ZAMB,2090,OTH_A,1.469
ZMB_ZAMB,2090,CEREAL,1.622
ZMB_ZAMB,2100,CROP_FLW,6.256
ZMB_ZAMB,2100,PDR,3.37
ZMB_ZAMB,2100,WHT,4.246
ZMB_ZAMB,2100,GRO,1.566
ZMB_ZAMB,2100,OSD,1.157
ZMB_ZAMB,2100,C_B,52.33
ZMB_ZAMB,2100,OTH_A,1.571
ZMB_ZAMB,2100,CEREAL,1.626
ZWE_AIOC,2005,CROP_FLW,5.353
ZWE_AIOC,2005,PDR,1.776
ZWE_AIOC,2005,WHT,2.391
ZWE_AIOC,2005,GRO,1.051
ZWE_AIOC,2005,OSD,0.909
ZWE_AIOC,2005,C_B,63.336
ZWE_AIOC,2005,OTH_A,0.745
ZWE_AIOC,2005,CEREAL,1.088
ZWE_AIOC,2010,CROP_FLW,5.406
ZWE_AIOC,2010,PDR,3.502
ZWE_AIOC,2010,WHT,3.58
ZWE_AIOC,2010,GRO,1.055
ZWE_AIOC,2010,OSD,0.972
ZWE_AIOC,2010,C_B,59.679
ZWE_AIOC,2010,OTH_A,1.147
ZWE_AIOC,2010,CEREAL,1.068
ZWE_AIOC,2020,CROP_FLW,5.466
ZWE_AIOC,2020,PDR,4.027
ZWE_AIOC,2020,WHT,2.717
ZWE_AIOC,2020,GRO,1.06
ZWE_AIOC,2020,OSD,1.065
ZWE_AIOC,2020,C_B,49.465
ZWE_AIOC,2020,OTH_A,1.388
ZWE_AIOC,2020,CEREAL,1.105
ZWE_AIOC,2030,CROP_FLW,5.474
ZWE_AIOC,2030,PDR,4.053
ZWE_AIOC,2030,WHT,2.728
ZWE_AIOC,2030,GRO,1.101
ZWE_AIOC,2030,OSD,1.082
ZWE_AIOC,2030,C_B,48.943
ZWE_AIOC,2030,OTH_A,1.404
ZWE_AIOC,2030,CEREAL,1.14
ZWE_AIOC,2040,CROP_FLW,5.504
ZWE_AIOC,2040,PDR,4.075
ZWE_AIOC,2040,WHT,2.79
ZWE_AIOC,2040,GRO,1.112
ZWE_AIOC,2040,OSD,1.131
ZWE_AIOC,2040,C_B,49.547
ZWE_AIOC,2040,OTH_A,1.436
ZWE_AIOC,2040,CEREAL,1.147
ZWE_AIOC,2050,CROP_FLW,5.526
ZWE_AIOC,2050,PDR,4.115
ZWE_AIOC,2050,WHT,2.832
ZWE_AIOC,2050,GRO,1.121
ZWE_AIOC,2050,OSD,1.137
ZWE_AIOC,2050,C_B,49.27
ZWE_AIOC,2050,OTH_A,1.474
ZWE_AIOC,2050,CEREAL,1.159
ZWE_AIOC,2060,CROP_FLW,5.501
ZWE_AIOC,2060,PDR,4.169
ZWE_AIOC,2060,WHT,2.83
ZWE_AIOC,2060,GRO,1.132
ZWE_AIOC,2060,OSD,1.162
ZWE_AIOC,2060,C_B,48.937
ZWE_AIOC,2060,OTH_A,1.508
ZWE_AIOC,2060,CEREAL,1.18
ZWE_AIOC,2070,CROP_FLW,5.525
ZWE_AIOC,2070,PDR,4.209
ZWE_AIOC,2070,WHT,2.821
ZWE_AIOC,2070,GRO,1.143
ZWE_AIOC,2070,OSD,1.185
ZWE_AIOC,2070,C_B,48.691
ZWE_AIOC,2070,OTH_A,1.538
ZWE_AIOC,2070,CEREAL,1.202
ZWE_AIOC,2080,CROP_FLW,5.538
ZWE_AIOC,2080,PDR,4.233
ZWE_AIOC,2080,WHT,2.808
ZWE_AIOC,2080,GRO,1.15
ZWE_AIOC,2080,OSD,1.199
ZWE_AIOC,2080,C_B,48.876
ZWE_AIOC,2080,OTH_A,1.589
ZWE_AIOC,2080,CEREAL,1.219
ZWE_AIOC,2090,CROP_FLW,5.548
ZWE_AIOC,2090,PDR,4.235
ZWE_AIOC,2090,WHT,2.788
ZWE_AIOC,2090,GRO,1.159
ZWE_AIOC,2090,OSD,1.21
ZWE_AIOC,2090,C_B,48.103
ZWE_AIOC,2090,OTH_A,1.601
ZWE_AIOC,2090,CEREAL,1.241
ZWE_AIOC,2100,CROP_FLW,5.551
ZWE_AIOC,2100,PDR,4.252
ZWE_AIOC,2100,WHT,2.758
ZWE_AIOC,2100,GRO,1.197
ZWE_AIOC,2100,OSD,1.251
ZWE_AIOC,2100,C_B,45.442
ZWE_AIOC,2100,OTH_A,1.642
ZWE_AIOC,2100,CEREAL,1.283
ZWE_ASII,2005,CROP_FLW,6.033
ZWE_ASII,2005,GRO,0.997
ZWE_ASII,2005,OTH_A,0.775
ZWE_ASII,2005,CEREAL,0.997
ZWE_ASII,2010,CROP_FLW,6.033
ZWE_ASII,2010,GRO,1.029
ZWE_ASII,2010,OTH_A,1.356
ZWE_ASII,2010,CEREAL,1.029
ZWE_ASII,2020,CROP_FLW,5.945
ZWE_ASII,2020,GRO,1.048
ZWE_ASII,2020,OTH_A,1.79
ZWE_ASII,2020,CEREAL,1.048
ZWE_ASII,2030,CROP_FLW,5.957
ZWE_ASII,2030,GRO,1.082
ZWE_ASII,2030,OTH_A,1.83
ZWE_ASII,2030,CEREAL,1.082
ZWE_ASII,2040,CROP_FLW,5.965
ZWE_ASII,2040,GRO,1.077
ZWE_ASII,2040,OTH_A,1.8
ZWE_ASII,2040,CEREAL,1.077
ZWE_ASII,2050,CROP_FLW,5.966
ZWE_ASII,2050,GRO,1.088
ZWE_ASII,2050,OTH_A,1.783
ZWE_ASII,2050,CEREAL,1.088
ZWE_ASII,2060,CROP_FLW,5.97
ZWE_ASII,2060,GRO,1.091
ZWE_ASII,2060,OTH_A,1.781
ZWE_ASII,2060,CEREAL,1.091
ZWE_ASII,2070,CROP_FLW,5.99
ZWE_ASII,2070,GRO,1.106
ZWE_ASII,2070,OTH_A,1.857
ZWE_ASII,2070,CEREAL,1.106
ZWE_ASII,2080,CROP_FLW,6.184
ZWE_ASII,2080,GRO,1.138
ZWE_ASII,2080,OTH_A,2.056
ZWE_ASII,2080,CEREAL,1.138
ZWE_ASII,2090,CROP_FLW,6.253
ZWE_ASII,2090,GRO,1.164
ZWE_ASII,2090,OTH_A,2.273
ZWE_ASII,2090,CEREAL,1.164
ZWE_ASII,2100,CROP_FLW,6.215
ZWE_ASII,2100,GRO,1.207
ZWE_ASII,2100,OTH_A,2.409
ZWE_ASII,2100,CEREAL,1.207
ZWE_LIMP,2005,CROP_FLW,5.316
ZWE_LIMP,2005,WHT,2.519
ZWE_LIMP,2005,GRO,1.021
ZWE_LIMP,2005,OSD,0.853
ZWE_LIMP,2005,C_B,53.012
ZWE_LIMP,2005,OTH_A,0.857
ZWE_LIMP,2005,CEREAL,1.031
ZWE_LIMP,2010,CROP_FLW,5.324
ZWE_LIMP,2010,WHT,3.702
ZWE_LIMP,2010,GRO,1.049
ZWE_LIMP,2010,OSD,1.008
ZWE_LIMP,2010,C_B,51.027
ZWE_LIMP,2010,OTH_A,0.958
ZWE_LIMP,2010,CEREAL,1.051
ZWE_LIMP,2020,CROP_FLW,5.441
ZWE_LIMP,2020,WHT,2.912
ZWE_LIMP,2020,GRO,1.077
ZWE_LIMP,2020,OSD,1.152
ZWE_LIMP,2020,C_B,45.691
ZWE_LIMP,2020,OTH_A,1.123
ZWE_LIMP,2020,CEREAL,1.083
ZWE_LIMP,2030,CROP_FLW,5.451
ZWE_LIMP,2030,WHT,2.908
ZWE_LIMP,2030,GRO,1.106
ZWE_LIMP,2030,OSD,1.187
ZWE_LIMP,2030,C_B,44.783
ZWE_LIMP,2030,OTH_A,1.141
ZWE_LIMP,2030,CEREAL,1.112
ZWE_LIMP,2040,CROP_FLW,5.452
ZWE_LIMP,2040,WHT,2.903
ZWE_LIMP,2040,GRO,1.113
ZWE_LIMP,2040,OSD,1.233
ZWE_LIMP,2040,C_B,43.161
ZWE_LIMP,2040,OTH_A,1.158
ZWE_LIMP,2040,CEREAL,1.118
ZWE_LIMP,2050,CROP_FLW,5.452
ZWE_LIMP,2050,WHT,2.895
ZWE_LIMP,2050,GRO,1.124
ZWE_LIMP,2050,OSD,1.285
ZWE_LIMP,2050,C_B,41.83
ZWE_LIMP,2050,OTH_A,1.169
ZWE_LIMP,2050,CEREAL,1.129
ZWE_LIMP,2060,CROP_FLW,5.454
ZWE_LIMP,2060,WHT,2.873
ZWE_LIMP,2060,GRO,1.128
ZWE_LIMP,2060,OSD,1.329
ZWE_LIMP,2060,C_B,40.885
ZWE_LIMP,2060,OTH_A,1.178
ZWE_LIMP,2060,CEREAL,1.133
ZWE_LIMP,2070,CROP_FLW,5.456
ZWE_LIMP,2070,WHT,2.851
ZWE_LIMP,2070,GRO,1.129
ZWE_LIMP,2070,OSD,1.359
ZWE_LIMP,2070,C_B,40.609
ZWE_LIMP,2070,OTH_A,1.179
ZWE_LIMP,2070,CEREAL,1.134
ZWE_LIMP,2080,CROP_FLW,5.407
ZWE_LIMP,2080,WHT,2.858
ZWE_LIMP,2080,GRO,1.149
ZWE_LIMP,2080,OSD,1.456
ZWE_LIMP,2080,C_B,45.317
ZWE_LIMP,2080,OTH_A,1.232
ZWE_LIMP,2080,CEREAL,1.155
ZWE_LIMP,2090,CROP_FLW,5.597
ZWE_LIMP,2090,WHT,2.908
ZWE_LIMP,2090,GRO,1.228
ZWE_LIMP,2090,OSD,1.674
ZWE_LIMP,2090,C_B,54.661
ZWE_LIMP,2090,OTH_A,1.307
ZWE_LIMP,2090,CEREAL,1.234
ZWE_LIMP,2100,CROP_FLW,5.852
ZWE_LIMP,2100,WHT,3.039
ZWE_LIMP,2100,GRO,1.316
ZWE_LIMP,2100,OSD,1.821
ZWE_LIMP,2100,C_B,72.094
ZWE_LIMP,2100,OTH_A,1.347
ZWE_LIMP,2100,CEREAL,1.321
ZWE_ZAMB,2005,CROP_FLW,6.966
ZWE_ZAMB,2005,PDR,1.498
ZWE_ZAMB,2005,WHT,2.582
ZWE_ZAMB,2005,GRO,1.072
ZWE_ZAMB,2005,OSD,0.937
ZWE_ZAMB,2005,C_B,56.738
ZWE_ZAMB,2005,OTH_A,0.865
ZWE_ZAMB,2005,CEREAL,1.118
ZWE_ZAMB,2010,CROP_FLW,6.891
ZWE_ZAMB,2010,PDR,2.589
ZWE_ZAMB,2010,WHT,4.049
ZWE_ZAMB,2010,GRO,1.084
ZWE_ZAMB,2010,OSD,0.949
ZWE_ZAMB,2010,C_B,57.712
ZWE_ZAMB,2010,OTH_A,1.157
ZWE_ZAMB,2010,CEREAL,1.097
ZWE_ZAMB,2020,CROP_FLW,6.713
ZWE_ZAMB,2020,PDR,3.003
ZWE_ZAMB,2020,WHT,2.926
ZWE_ZAMB,2020,GRO,1.1
ZWE_ZAMB,2020,OSD,1.006
ZWE_ZAMB,2020,C_B,59.556
ZWE_ZAMB,2020,OTH_A,1.336
ZWE_ZAMB,2020,CEREAL,1.137
ZWE_ZAMB,2030,CROP_FLW,6.679
ZWE_ZAMB,2030,PDR,3.018
ZWE_ZAMB,2030,WHT,2.929
ZWE_ZAMB,2030,GRO,1.14
ZWE_ZAMB,2030,OSD,1.013
ZWE_ZAMB,2030,C_B,60.08
ZWE_ZAMB,2030,OTH_A,1.373
ZWE_ZAMB,2030,CEREAL,1.172
ZWE_ZAMB,2040,CROP_FLW,6.676
ZWE_ZAMB,2040,PDR,3.037
ZWE_ZAMB,2040,WHT,2.949
ZWE_ZAMB,2040,GRO,1.135
ZWE_ZAMB,2040,OSD,1.016
ZWE_ZAMB,2040,C_B,60.628
ZWE_ZAMB,2040,OTH_A,1.384
ZWE_ZAMB,2040,CEREAL,1.162
ZWE_ZAMB,2050,CROP_FLW,6.674
ZWE_ZAMB,2050,PDR,3.058
ZWE_ZAMB,2050,WHT,2.95
ZWE_ZAMB,2050,GRO,1.147
ZWE_ZAMB,2050,OSD,1.019
ZWE_ZAMB,2050,C_B,61.07
ZWE_ZAMB,2050,OTH_A,1.389
ZWE_ZAMB,2050,CEREAL,1.174
ZWE_ZAMB,2060,CROP_FLW,6.678
ZWE_ZAMB,2060,PDR,3.078
ZWE_ZAMB,2060,WHT,2.95
ZWE_ZAMB,2060,GRO,1.157
ZWE_ZAMB,2060,OSD,1.018
ZWE_ZAMB,2060,C_B,61.347
ZWE_ZAMB,2060,OTH_A,1.393
ZWE_ZAMB,2060,CEREAL,1.189
ZWE_ZAMB,2070,CROP_FLW,6.656
ZWE_ZAMB,2070,PDR,3.091
ZWE_ZAMB,2070,WHT,2.949
ZWE_ZAMB,2070,GRO,1.165
ZWE_ZAMB,2070,OSD,1.017
ZWE_ZAMB,2070,C_B,61.552
ZWE_ZAMB,2070,OTH_A,1.4
ZWE_ZAMB,2070,CEREAL,1.202
ZWE_ZAMB,2080,CROP_FLW,6.576
ZWE_ZAMB,2080,PDR,3.1
ZWE_ZAMB,2080,WHT,2.949
ZWE_ZAMB,2080,GRO,1.168
ZWE_ZAMB,2080,OSD,1.016
ZWE_ZAMB,2080,C_B,61.687
ZWE_ZAMB,2080,OTH_A,1.434
ZWE_ZAMB,2080,CEREAL,1.211
ZWE_ZAMB,2090,CROP_FLW,6.58
ZWE_ZAMB,2090,PDR,3.108
ZWE_ZAMB,2090,WHT,2.948
ZWE_ZAMB,2090,GRO,1.176
ZWE_ZAMB,2090,OSD,1.012
ZWE_ZAMB,2090,C_B,61.748
ZWE_ZAMB,2090,OTH_A,1.465
ZWE_ZAMB,2090,CEREAL,1.224
ZWE_ZAMB,2100,CROP_FLW,6.566
ZWE_ZAMB,2100,PDR,3.08
ZWE_ZAMB,2100,WHT,2.947
ZWE_ZAMB,2100,GRO,1.184
ZWE_ZAMB,2100,OSD,1.008
ZWE_ZAMB,2100,C_B,61.957
ZWE_ZAMB,2100,OTH_A,1.482
ZWE_ZAMB,2100,CEREAL,1.238
