basin,year,land,Value
XE25,2005,CROP_FLW,6.498118201290458
XE25,2005,PDR,5.579777250771817
XE25,2005,WHT,5.602109902036613
XE25,2005,GRO,4.946343461056008
XE25,2005,OSD,2.4679885661680743
XE25,2005,C_B,71.46045417150806
XE25,2005,OTH_A,15.1542663612635
XE25,2005,CEREAL,5.230686785602151
XE25,2006,CROP_FLW,6.371422692426766
XE25,2006,PDR,5.666156874183099
XE25,2006,WHT,5.606716545831304
XE25,2006,GRO,5.009957446154603
XE25,2006,OSD,2.47848095965008
XE25,2006,C_B,73.50371703515313
XE25,2006,OTH_A,15.19707343311848
XE25,2006,CEREAL,5.272674064813913
XE25,2007,CROP_FLW,6.247197399011454
XE25,2007,PDR,5.753873726484594
XE25,2007,WHT,5.6113269776928885
XE25,2007,GRO,5.074389558650129
XE25,2007,OSD,2.489017960438008
XE25,2007,C_B,75.60540274508925
XE25,2007,OTH_A,15.240001424413375
XE25,2007,CEREAL,5.31499838038206
XE25,2008,CROP_FLW,6.125394158608331
XE25,2008,PDR,5.842948509099092
XE25,2008,WHT,5.615941200736311
XE25,2008,GRO,5.139650320323868
XE25,2008,OSD,2.49959975817512
XE25,2008,C_B,77.76718178093483
XE25,2008,OTH_A,15.283050676715845
XE25,2008,CEREAL,5.357662437733273
XE25,2009,CROP_FLW,6.00596574781681
XE25,2009,PDR,5.933402243924739
XE25,2009,WHT,5.620559218079085
XE25,2009,GRO,5.205750388275734
XE25,2009,OSD,2.5102265433109285
XE25,2009,C_B,79.99077238619401
XE25,2009,OTH_A,15.326221532558376
XE25,2009,CEREAL,5.400668964010984
XE25,2010,CROP_FLW,5.888865863963289
XE25,2010,PDR,6.02525627829627
XE25,2010,WHT,5.625181032841279
XE25,2010,GRO,5.2727005566645815
XE25,2010,OSD,2.5208985071046217
XE25,2010,C_B,82.27794193396551
XE25,2010,OTH_A,15.369514335441046
XE25,2010,CEREAL,5.444020708249698
XE25,2011,CROP_FLW,5.871268122088883
XE25,2011,PDR,6.029691630574058
XE25,2011,WHT,5.634145889238652
XE25,2011,GRO,5.289397101106747
XE25,2011,OSD,2.534937286346184
XE25,2011,C_B,82.87019343929546
XE25,2011,OTH_A,15.544255200817938
XE25,2011,CEREAL,5.457884613886316
XE25,2012,CROP_FLW,5.853722967678044
XE25,2012,PDR,6.0341302478332715
XE25,2012,WHT,5.643125032936248
XE25,2012,GRO,5.306146516860931
XE25,2012,OSD,2.5490542469671387
XE25,2012,C_B,83.46670807806461
XE25,2012,OTH_A,15.720982750312903
XE25,2012,CEREAL,5.471783825758859
XE25,2013,CROP_FLW,5.8362302435832625
XE25,2013,PDR,6.03857213247735
XE25,2013,WHT,5.652118486703751
XE25,2013,GRO,5.322948971349537
XE25,2013,OSD,2.563249824356345
XE25,2013,C_B,84.06751653707836
XE25,2013,OTH_A,15.899719571165479
XE25,2013,CEREAL,5.485718433779239
XE25,2014,CROP_FLW,5.8187897931266335
XE25,2014,PDR,6.0430172869115015
XE25,2014,WHT,5.661126273347134
XE25,2014,GRO,5.339804632525134
XE25,2014,OSD,2.577524456327325
XE25,2014,C_B,84.67264972403139
XE25,2014,OTH_A,16.080488507416685
XE25,2014,CEREAL,5.4996885280883445
XE25,2015,CROP_FLW,5.801401460098453
XE25,2015,PDR,6.047465713542708
XE25,2015,WHT,5.670148415708714
XE25,2015,GRO,5.356713668872125
XE25,2015,OSD,2.5918785831317668
XE25,2015,C_B,85.28213876909747
XE25,2015,OTH_A,16.263312662828657
XE25,2015,CEREAL,5.513694199056617
XE25,2016,CROP_FLW,5.7840650887558205
XE25,2016,PDR,6.051917414779722
XE25,2016,WHT,5.6791849366672125
XE25,2016,GRO,5.373676249408435
XE25,2016,OSD,2.6063126474731004
XE25,2016,C_B,85.89601502653099
XE25,2016,OTH_A,16.448215403837494
XE25,2016,CEREAL,5.527735537284638
XE25,2017,CROP_FLW,5.766780523821243
XE25,2017,PDR,6.056372393033064
XE25,2017,WHT,5.688235859137814
XE25,2017,GRO,5.3906925436872095
XE25,2017,OSD,2.6208270945201537
XE25,2017,C_B,86.51431007628001
XE25,2017,OTH_A,16.635220362539698
XE25,2017,CEREAL,5.541812633603718
XE25,2018,CROP_FLW,5.749547610481242
XE25,2018,PDR,6.0608306507150385
XE25,2018,WHT,5.697301206072223
XE25,2018,GRO,5.407762721798491
XE25,2018,OSD,2.6354223719208822
XE25,2018,C_B,87.13705572561071
XE25,2018,OTH_A,16.824351439712544
XE25,2018,CEREAL,5.555925579076478
XE25,2019,CROP_FLW,5.732366194384975
XE25,2019,PDR,6.065292190239718
XE25,2019,WHT,5.706381000458719
XE25,2019,GRO,5.424886954370939
XE25,2019,OSD,2.650098929816173
XE25,2019,C_B,87.7642840107437
XE25,2019,OTH_A,17.015632807868798
XE25,2019,CEREAL,5.5700744649974405
XE25,2020,CROP_FLW,5.71523612164284
XE25,2020,PDR,6.069757014022956
XE25,2020,WHT,5.715475265322226
XE25,2020,GRO,5.442065412573513
XE25,2020,OSD,2.6648572208537264
XE25,2020,C_B,88.39602719850218
XE25,2020,OTH_A,17.209088914346154
XE25,2020,CEREAL,5.584259382893625
XE25,2021,CROP_FLW,5.715373207768248
XE25,2021,PDR,6.07285869153777
XE25,2021,WHT,5.719481979204756
XE25,2021,GRO,5.446091944351579
XE25,2021,OSD,2.6655663311806523
XE25,2021,C_B,88.9831956584308
XE25,2021,OTH_A,17.307212183853263
XE25,2021,CEREAL,5.588352424001916
XE25,2022,CROP_FLW,5.715510297181817
XE25,2022,PDR,6.075961954025984
XE25,2022,WHT,5.723491501909894
XE25,2022,GRO,5.450121455321724
XE25,2022,OSD,2.6662756301996597
XE25,2022,C_B,89.57426437056827
XE25,2022,OTH_A,17.405894935391448
XE25,2022,CEREAL,5.592448465147341
XE25,2023,CROP_FLW,5.715647389883622
XE25,2023,PDR,6.079066802297526
XE25,2023,WHT,5.727503835406705
XE25,2023,GRO,5.454153947688219
XE25,2023,OSD,2.6669851179609587
XE25,2023,C_B,90.16925924224499
XE25,2023,OTH_A,17.505140359031163
XE25,2023,CEREAL,5.596547508528809
XE25,2024,CROP_FLW,5.715784485873745
XE25,2024,PDR,6.082173237162741
XE25,2024,WHT,5.731518981665635
XE25,2024,GRO,5.458189423656975
XE25,2024,OSD,2.6676947945147735
XE25,2024,C_B,90.76820635288018
XE25,2024,OTH_A,17.6049516630321
XE25,2024,CEREAL,5.600649556346839
XE25,2025,CROP_FLW,5.7159215851522625
XE25,2025,PDR,6.085281259432384
XE25,2025,WHT,5.735536942658513
XE25,2025,GRO,5.462227885435529
XE25,2025,OSD,2.6684046599113413
XE25,2025,C_B,91.37113195512497
XE25,2025,OTH_A,17.705332073946895
XE25,2025,CEREAL,5.604754610803565
XE25,2026,CROP_FLW,5.716058687719256
XE25,2026,PDR,6.088390869917631
XE25,2026,WHT,5.739557720358549
XE25,2026,GRO,5.466269335233051
XE25,2026,OSD,2.6691147142009113
XE25,2026,C_B,91.97806247601306
XE25,2026,OTH_A,17.806284836725432
XE25,2026,CEREAL,5.608862674102734
XE25,2027,CROP_FLW,5.716195793574803
XE25,2027,PDR,6.0915020694300654
XE25,2027,WHT,5.743581316740336
XE25,2027,GRO,5.470313775260349
XE25,2027,OSD,2.6698249574337494
XE25,2027,C_B,92.58902451811912
XE25,2027,OTH_A,17.907813214819743
XE25,2027,CEREAL,5.612973748449708
XE25,2028,CROP_FLW,5.716332902718982
XE25,2028,PDR,6.094614858781688
XE25,2028,WHT,5.7476077337798515
XE25,2028,GRO,5.474361207729865
XE25,2028,OSD,2.670535389660131
XE25,2028,C_B,93.20404486072471
XE25,2028,OTH_A,18.009920490289502
XE25,2028,CEREAL,5.617087836051466
XE25,2029,CROP_FLW,5.716470015151871
XE25,2029,PDR,6.097729238784918
XE25,2029,WHT,5.75163697345446
XE25,2029,GRO,5.4784116348556795
XE25,2029,OSD,2.6712460109303473
XE25,2029,C_B,93.8231504609922
XE25,2029,OTH_A,18.112609963908124
XE25,2029,CEREAL,5.621204939116604
XE25,2030,CROP_FLW,5.71660713087355
XE25,2030,PDR,6.100845210252579
XE25,2030,WHT,5.75566903774291
XE25,2030,GRO,5.482465058853506
XE25,2030,OSD,2.671956821294704
XE25,2030,C_B,94.44636845514617
XE25,2030,OTH_A,18.21588495526945
XE25,2030,CEREAL,5.6253250598553395
XE25,2031,CROP_FLW,5.710410821457475
XE25,2031,PDR,6.110140384673454
XE25,2031,WHT,5.755710958968404
XE25,2031,GRO,5.487025319750233
XE25,2031,OSD,2.6729022616396105
XE25,2031,C_B,95.34616650372476
XE25,2031,OTH_A,18.240976600498353
XE25,2031,CEREAL,5.6283428600530625
XE25,2032,CROP_FLW,5.704221228306748
XE25,2032,PDR,6.1194497211103345
XE25,2032,WHT,5.75575288049923
XE25,2032,GRO,5.49158937382744
XE25,2032,OSD,2.67384803651741
XE25,2032,C_B,96.25453699973005
XE25,2032,OTH_A,18.266102808454345
XE25,2032,CEREAL,5.631362279200435
XE25,2033,CROP_FLW,5.698038344141516
XE25,2033,PDR,6.128773241140297
XE25,2033,WHT,5.755794802335391
XE25,2033,GRO,5.4961572242402585
XE25,2033,OSD,2.6747941460464735
XE25,2033,C_B,97.1715616135491
XE25,2033,OTH_A,18.291263626746176
XE25,2033,CEREAL,5.6343833181659715
XE25,2034,CROP_FLW,5.691862161689817
XE25,2034,PDR,6.1381109663732945
XE25,2034,WHT,5.755836724476887
XE25,2034,GRO,5.500728874146444
XE25,2034,OSD,2.6757405903452125
XE25,2034,C_B,98.0973227936492
XE25,2034,OTH_A,18.316459103048185
XE25,2034,CEREAL,5.637405977818647
XE25,2035,CROP_FLW,5.68569267368757
XE25,2035,PDR,6.147462918452203
XE25,2035,WHT,5.755878646923721
XE25,2035,GRO,5.505304326706375
XE25,2035,OSD,2.676687369532083
XE25,2035,C_B,99.03190377399075
XE25,2035,OTH_A,18.34168928510039
XE25,2035,CEREAL,5.640430259027908
XE25,2036,CROP_FLW,5.679529872878571
XE25,2036,PDR,6.156829119052875
XE25,2036,WHT,5.755920569675896
XE25,2036,GRO,5.509883585083064
XE25,2036,OSD,2.6776344837255786
XE25,2036,C_B,99.97538858151069
XE25,2036,OTH_A,18.366954220708553
XE25,2036,CEREAL,5.643456162663667
XE25,2037,CROP_FLW,5.673373752014478
XE25,2037,PDR,6.166209589884186
XE25,2037,WHT,5.755962492733415
XE25,2037,GRO,5.5144666524421515
XE25,2037,OSD,2.6785819330442395
XE25,2037,C_B,100.92786204367721
XE25,2037,OTH_A,18.39225395774429
XE25,2037,CEREAL,5.6464836895963
XE25,2038,CROP_FLW,5.667224303854805
XE25,2038,PDR,6.175604352688088
XE25,2038,WHT,5.756004416096279
XE25,2038,GRO,5.519053531951912
XE25,2038,OSD,2.6795297176066457
XE25,2038,C_B,101.8894097961166
XE25,2038,OTH_A,18.417588544145165
XE25,2038,CEREAL,5.649512840696653
XE25,2039,CROP_FLW,5.661081521166918
XE25,2039,PDR,6.1850134292396595
XE25,2039,WHT,5.75604633976449
XE25,2039,GRO,5.523644226783256
XE25,2039,OSD,2.6804778375314178
XE25,2039,C_B,102.86011829031253
XE25,2039,OTH_A,18.442958027914763
XE25,2039,CEREAL,5.652543616836039
XE25,2040,CROP_FLW,5.654945396726015
XE25,2040,PDR,6.194436841347158
XE25,2040,WHT,5.756088263738057
XE25,2040,GRO,5.52823874010973
XE25,2040,OSD,2.681426292937219
XE25,2040,C_B,103.84007480137882
XE25,2040,OTH_A,18.468362457122833
XE25,2040,CEREAL,5.655576018886238
XE25,2041,CROP_FLW,5.662295292475076
XE25,2041,PDR,6.195252730094928
XE25,2041,WHT,5.7655500492024645
XE25,2041,GRO,5.529308408668662
XE25,2041,OSD,2.681509920201625
XE25,2041,C_B,104.73769531819536
XE25,2041,OTH_A,18.47740911716728
XE25,2041,CEREAL,5.661143538350934
XE25,2042,CROP_FLW,5.669654741095778
XE25,2042,PDR,6.196068726305969
XE25,2042,WHT,5.775027387830769
XE25,2042,GRO,5.530378284199629
XE25,2042,OSD,2.6815935500741643
XE25,2042,C_B,105.64307509937832
XE25,2042,OTH_A,18.486460208685184
XE25,2042,CEREAL,5.666716538649568
XE25,2043,CROP_FLW,5.677023755004267
XE25,2043,PDR,6.196884829994436
XE25,2043,WHT,5.784520305189065
XE25,2043,GRO,5.531448366742681
XE25,2043,OSD,2.6816771825549197
XE25,2043,C_B,106.55628121801966
XE25,2043,OTH_A,18.49551573384728
XE25,2043,CEREAL,5.672295025177639
XE25,2044,CROP_FLW,5.684402346632822
XE25,2044,PDR,6.197701041174486
XE25,2044,WHT,5.794028826885475
XE25,2044,GRO,5.532518656337869
XE25,2044,OSD,2.681760817643972
XE25,2044,C_B,107.47738132700859
XE25,2044,OTH_A,18.504575694825377
XE25,2044,CEREAL,5.677879003335957
XE25,2045,CROP_FLW,5.691790528429884
XE25,2045,PDR,6.198517359860275
XE25,2045,WHT,5.803552978570213
XE25,2045,GRO,5.533589153025258
XE25,2045,OSD,2.6818444553414023
XE25,2045,C_B,108.40644366404341
XE25,2045,OTH_A,18.51364009379234
XE25,2045,CEREAL,5.683468478530649
XE25,2046,CROP_FLW,5.699188312860069
XE25,2046,PDR,6.199333786065966
XE25,2046,WHT,5.813092785935656
XE25,2046,GRO,5.534659856844922
XE25,2046,OSD,2.6819280956472915
XE25,2046,C_B,109.34353705668674
XE25,2046,OTH_A,18.522708932922104
XE25,2046,CEREAL,5.6890634561731614
XE25,2047,CROP_FLW,5.706595712404198
XE25,2047,PDR,6.200150319805717
XE25,2047,WHT,5.822648274716417
XE25,2047,GRO,5.535730767836933
XE25,2047,OSD,2.682011738561722
XE25,2047,C_B,110.28873092746457
XE25,2047,OTH_A,18.53178221438966
XE25,2047,CEREAL,5.694663941680271
XE25,2048,CROP_FLW,5.714012739559313
XE25,2048,PDR,6.200966961093695
XE25,2048,WHT,5.832219470689407
XE25,2048,GRO,5.53680188604138
XE25,2048,OSD,2.6820953840847745
XE25,2048,C_B,111.2420952990091
XE25,2048,OTH_A,18.54085994037109
XE25,2048,CEREAL,5.700269940474086
XE25,2049,CROP_FLW,5.721439406838695
XE25,2049,PDR,6.201783709944063
XE25,2049,WHT,5.841806399673913
XE25,2049,GRO,5.537873211498359
XE25,2049,OSD,2.6821790322165313
XE25,2049,C_B,112.20370079924632
XE25,2049,OTH_A,18.5499421130435
XE25,2049,CEREAL,5.70588145798205
XE25,2050,CROP_FLW,5.728875726771897
XE25,2050,PDR,6.202600566370989
XE25,2050,WHT,5.8514090875316525
XE25,2050,GRO,5.5389447442479725
XE25,2050,OSD,2.6822626829570746
XE25,2050,C_B,113.17361866662834
XE25,2050,OTH_A,18.5590287345851
XE25,2050,CEREAL,5.711498499636954
XE25,2051,CROP_FLW,5.735909781256585
XE25,2051,PDR,6.2007311143715915
XE25,2051,WHT,5.863322035382222
XE25,2051,GRO,5.538209386753096
XE25,2051,OSD,2.681470973899615
XE25,2051,C_B,114.00371439599351
XE25,2051,OTH_A,18.567949445962974
XE25,2051,CEREAL,5.717531348399652
XE25,2052,CROP_FLW,5.74295247232633
XE25,2052,PDR,6.198862225821467
XE25,2052,WHT,5.875259236933799
XE25,2052,GRO,5.537474126885235
XE25,2052,OSD,2.680679498526662
XE25,2052,C_B,114.8398986372224
XE25,2052,OTH_A,18.5768744452318
XE25,2052,CEREAL,5.723570569441744
XE25,2053,CROP_FLW,5.750003810585342
XE25,2053,PDR,6.196993900550794
XE25,2053,WHT,5.887220741564762
XE25,2053,GRO,5.536738964631429
XE25,2053,OSD,2.6798882567692406
XE25,2053,C_B,115.6822160477869
XE25,2053,OTH_A,18.585803734452636
XE25,2053,CEREAL,5.7296161694940375
XE25,2054,CROP_FLW,5.757063806650856
XE25,2054,PDR,6.195126138389798
XE25,2054,WHT,5.899206598754015
XE25,2054,GRO,5.536003899978717
XE25,2054,OSD,2.6790972485583953
XE25,2054,C_B,116.53071161270854
XE25,2054,OTH_A,18.594737315687514
XE25,2054,CEREAL,5.73566815529445
XE25,2055,CROP_FLW,5.764132471153135
XE25,2055,PDR,6.1932589391687625
XE25,2055,WHT,5.911216858081198
XE25,2055,GRO,5.5352689329141445
XE25,2055,OSD,2.678306473825191
XE25,2055,C_B,117.38543064696097
XE25,2055,OTH_A,18.603675190999464
XE25,2055,CEREAL,5.741726533588013
XE25,2056,CROP_FLW,5.771209814735504
XE25,2056,PDR,6.191392302718016
XE25,2056,WHT,5.92325156922689
XE25,2056,GRO,5.534534063424752
XE25,2056,OSD,2.6775159325007145
XE25,2056,C_B,118.24641879789009
XE25,2056,OTH_A,18.61261736245251
XE25,2056,CEREAL,5.747791311126886
XE25,2057,CROP_FLW,5.778295848054346
XE25,2057,PDR,6.1895262288679405
XE25,2057,WHT,5.935310781972818
XE25,2057,GRO,5.533799291497588
XE25,2057,OSD,2.6767256245160707
XE25,2057,C_B,119.11372204765175
XE25,2057,OTH_A,18.621563832111654
XE25,2057,CEREAL,5.753862494670363
XE25,2058,CROP_FLW,5.785390581779136
XE25,2058,PDR,6.187660717448971
XE25,2058,WHT,5.947394546202057
XE25,2058,GRO,5.533064617119699
XE25,2058,OSD,2.6759355498023867
XE25,2058,C_B,119.98738671566771
XE25,2058,OTH_A,18.630514602042915
XE25,2058,CEREAL,5.7599400909848715
XE25,2059,CROP_FLW,5.792494026592446
XE25,2059,PDR,6.185795768291589
XE25,2059,WHT,5.959502911899243
XE25,2059,GRO,5.532330040278134
XE25,2059,OSD,2.6751457082908083
XE25,2059,C_B,120.86745946109929
XE25,2059,OTH_A,18.639469674313283
XE25,2059,CEREAL,5.766024106843989
XE25,2060,CROP_FLW,5.79960619318996
XE25,2060,PDR,6.183931381226335
XE25,2060,WHT,5.971635929150768
XE25,2060,GRO,5.531595560959944
XE25,2060,OSD,2.674356099912505
XE25,2060,C_B,121.75398728533918
XE25,2060,OTH_A,18.648429050990767
XE25,2060,CEREAL,5.772114549028449
XE25,2061,CROP_FLW,5.8031968357920585
XE25,2061,PDR,6.182536776658206
XE25,2061,WHT,5.98097971872418
XE25,2061,GRO,5.540477831262579
XE25,2061,OSD,2.673830184739715
XE25,2061,C_B,122.55186447807039
XE25,2061,OTH_A,18.652202892890685
XE25,2061,CEREAL,5.781967966488386
XE25,2062,CROP_FLW,5.806789701426871
XE25,2062,PDR,6.181142486602282
XE25,2062,WHT,5.990338128479503
XE25,2062,GRO,5.549374364127409
XE25,2062,OSD,2.673304372988742
XE25,2062,C_B,123.35497031282699
XE25,2062,OTH_A,18.655977498494753
XE25,2062,CEREAL,5.791838204445355
XE25,2063,CROP_FLW,5.810384791470717
XE25,2063,PDR,6.179748510987636
XE25,2063,WHT,5.999711181292866
XE25,2063,GRO,5.5582851824563155
XE25,2063,OSD,2.672778664639249
XE25,2063,C_B,124.1633390539014
XE25,2063,OTH_A,18.659752867957522
XE25,2063,CEREAL,5.801725291613162
XE25,2064,CROP_FLW,5.813982107300771
XE25,2064,PDR,6.1783548497433545
XE25,2064,WHT,6.009098900076186
XE25,2064,GRO,5.56721030918795
XE25,2064,OSD,2.672253059670902
XE25,2064,C_B,124.97700519012646
XE25,2064,OTH_A,18.663529001433574
XE25,2064,CEREAL,5.811629256754632
XE25,2065,CROP_FLW,5.817581650295056
XE25,2065,PDR,6.17696150279854
XE25,2065,WHT,6.018501307777239
XE25,2065,GRO,5.576149767297799
XE25,2065,OSD,2.67172755806337
XE25,2065,C_B,125.79600343634701
XE25,2065,OTH_A,18.66730589907752
XE25,2065,CEREAL,5.821550128681685
XE25,2066,CROP_FLW,5.821183421832451
XE25,2066,PDR,6.175568470082311
XE25,2066,WHT,6.027918427379702
XE25,2066,GRO,5.585103579798241
XE25,2066,OSD,2.6712021597963282
XE25,2066,C_B,126.62036873490085
XE25,2066,OTH_A,18.671083561043996
XE25,2066,CEREAL,5.831487936255428
XE25,2067,CROP_FLW,5.8247874232926895
XE25,2067,PDR,6.174175751523803
XE25,2067,WHT,6.0373502819032145
XE25,2067,GRO,5.594071769738608
XE25,2067,OSD,2.6706768648494537
XE25,2067,C_B,127.45013625710958
XE25,2067,OTH_A,18.674861987487688
XE25,2067,CEREAL,5.84144270838624
XE25,2068,CROP_FLW,5.828393656056356
XE25,2068,PDR,6.1727833470521665
XE25,2068,WHT,6.046796894403435
XE25,2068,GRO,5.603054360205244
XE25,2068,OSD,2.6701516732024286
XE25,2068,C_B,128.28534140477933
XE25,2068,OTH_A,18.678641178563293
XE25,2068,CEREAL,5.851414474033843
XE25,2069,CROP_FLW,5.832002121504891
XE25,2069,PDR,6.17139125659657
XE25,2069,WHT,6.056258287972099
XE25,2069,GRO,5.612051374321559
XE25,2069,OSD,2.6696265848349388
XE25,2069,C_B,129.12601981171093
XE25,2069,OTH_A,18.68242113442555
XE25,2069,CEREAL,5.861403262207405
XE25,2070,CROP_FLW,5.8356128210205895
XE25,2070,PDR,6.169999480086197
XE25,2070,WHT,6.065734485737066
XE25,2070,GRO,5.6210628352481
XE25,2070,OSD,2.6691015997266745
XE25,2070,C_B,129.97220734522048
XE25,2070,OTH_A,18.686201855229232
XE25,2070,CEREAL,5.8714091019656065
XE25,2071,CROP_FLW,5.83635130460866
XE25,2071,PDR,6.169497421451364
XE25,2071,WHT,6.071407470722429
XE25,2071,GRO,5.629290677558192
XE25,2071,OSD,2.668145581418744
XE25,2071,C_B,130.54176252664323
XE25,2071,OTH_A,18.700040468411935
XE25,2071,CEREAL,5.87877065235855
XE25,2072,CROP_FLW,5.837089881650157
XE25,2072,PDR,6.168995403669512
XE25,2072,WHT,6.077085761373366
XE25,2072,GRO,5.637530563389423
XE25,2072,OSD,2.667189905537271
XE25,2072,C_B,131.11381357323063
XE25,2072,OTH_A,18.713889330184283
XE25,2072,CEREAL,5.886141432635368
XE25,2073,CROP_FLW,5.837828552156905
XE25,2073,PDR,6.168493426737317
XE25,2073,WHT,6.082769362652008
XE25,2073,GRO,5.6457825103705215
XE25,2073,OSD,2.666234571959605
XE25,2073,C_B,131.68837142218968
XE25,2073,OTH_A,18.727748448136172
XE25,2073,CEREAL,5.893521454368453
XE25,2074,CROP_FLW,5.838567316140734
XE25,2074,PDR,6.167991490651456
XE25,2074,WHT,6.088458279525124
XE25,2074,GRO,5.654046536156022
XE25,2074,OSD,2.6652795805631393
XE25,2074,C_B,132.26544705865564
XE25,2074,OTH_A,18.741617829863106
XE25,2074,CEREAL,5.900910729144707
XE25,2075,CROP_FLW,5.839306173613472
XE25,2075,PDR,6.167489595408603
XE25,2075,WHT,6.094152516964131
XE25,2075,GRO,5.662322658426296
XE25,2075,OSD,2.6643249312253126
XE25,2075,C_B,132.84505151590213
XE25,2075,OTH_A,18.755497482966227
XE25,2075,CEREAL,5.908309268565563
XE25,2076,CROP_FLW,5.840045124586949
XE25,2076,PDR,6.166987741005436
XE25,2076,WHT,6.099852079945093
XE25,2076,GRO,5.670610894887602
XE25,2076,OSD,2.6633706238236057
XE25,2076,C_B,133.42719587555192
XE25,2076,OTH_A,18.76938741505231
XE25,2076,CEREAL,5.915717084246994
XE25,2077,CROP_FLW,5.8407841690729985
XE25,2077,PDR,6.166485927438632
XE25,2077,WHT,6.1055569734487305
XE25,2077,GRO,5.67891126327211
XE25,2077,OSD,2.662416658235544
XE25,2077,C_B,134.01189126778897
XE25,2077,OTH_A,18.78328763373375
XE25,2077,CEREAL,5.923134187819541
XE25,2078,CROP_FLW,5.841523307083455
XE25,2078,PDR,6.165984154704868
XE25,2078,WHT,6.111267202460418
XE25,2078,GRO,5.687223781337948
XE25,2078,OSD,2.6614630343386967
XE25,2078,C_B,134.59914887157112
XE25,2078,OTH_A,18.797198146628592
XE25,2078,CEREAL,5.930560590928328
XE25,2079,CROP_FLW,5.842262538630154
XE25,2079,PDR,6.165482422800821
XE25,2079,WHT,6.116982771970199
XE25,2079,GRO,5.695548466869236
XE25,2079,OSD,2.6605097520106775
XE25,2079,C_B,135.18897991484386
XE25,2079,OTH_A,18.811118961360503
XE25,2079,CEREAL,5.937996305233079
XE25,2080,CROP_FLW,5.8430018637249335
XE25,2080,PDR,6.164980731723171
XE25,2080,WHT,6.122703686972773
XE25,2080,GRO,5.703885337676122
XE25,2080,OSD,2.659556811129141
XE25,2080,C_B,135.78139567475495
XE25,2080,OTH_A,18.825050085558814
XE25,2080,CEREAL,5.945441342408135
XE25,2081,CROP_FLW,5.843198292609057
XE25,2081,PDR,6.164934510530438
XE25,2081,WHT,6.124775639084942
XE25,2081,GRO,5.711549659734096
XE25,2081,OSD,2.658752828683214
XE25,2081,C_B,136.1181829972629
XE25,2081,OTH_A,18.851449766641924
XE25,2081,CEREAL,5.950336319815507
XE25,2082,CROP_FLW,5.843394728096689
XE25,2082,PDR,6.164888289684242
XE25,2082,WHT,6.126848292355581
XE25,2082,GRO,5.719224280356841
XE25,2082,OSD,2.657949089280703
XE25,2082,C_B,136.45580567501256
XE25,2082,OTH_A,18.877886469839613
XE25,2082,CEREAL,5.955235327336445
XE25,2083,CROP_FLW,5.843591170188049
XE25,2083,PDR,6.164842069184583
XE25,2083,WHT,6.128921647021968
XE25,2083,GRO,5.726909213382564
XE25,2083,OSD,2.6571455928481367
XE25,2083,C_B,136.79426577998922
XE25,2083,OTH_A,18.90436024707058
XE25,2083,CEREAL,5.960138368289008
XE25,2084,CROP_FLW,5.843787618883362
XE25,2084,PDR,6.164795849031455
XE25,2084,WHT,6.130995703321454
XE25,2084,GRO,5.734604472668057
XE25,2084,OSD,2.656342339312065
XE25,2084,C_B,137.13356538931743
XE25,2084,OTH_A,18.93087115032633
XE25,2084,CEREAL,5.965045445993985
XE25,2085,CROP_FLW,5.843984074182848
XE25,2085,PDR,6.164749629224857
XE25,2085,WHT,6.13307046149148
XE25,2085,GRO,5.742310072088737
XE25,2085,OSD,2.6555393285990605
XE25,2085,C_B,137.4737065852738
XE25,2085,OTH_A,18.957419231671274
XE25,2085,CEREAL,5.9699565637748995
XE25,2086,CROP_FLW,5.844180536086729
XE25,2086,PDR,6.164703409764787
XE25,2086,WHT,6.13514592176956
XE25,2086,GRO,5.750026025538665
XE25,2086,OSD,2.6547365606357185
XE25,2086,C_B,137.81469145529974
XE25,2086,OTH_A,18.98400454324284
XE25,2086,CEREAL,5.9748717249580094
XE25,2087,CROP_FLW,5.844377004595228
XE25,2087,PDR,6.1646571906512415
XE25,2087,WHT,6.137222084393291
XE25,2087,GRO,5.75775234693057
XE25,2087,OSD,2.653934035348655
XE25,2087,C_B,138.15652209201428
XE25,2087,OTH_A,19.01062713725157
XE25,2087,CEREAL,5.979790932872315
XE25,2088,CROP_FLW,5.8445734797085676
XE25,2088,PDR,6.164610971884218
XE25,2088,WHT,6.1392989496003505
XE25,2088,GRO,5.765489050195875
XE25,2088,OSD,2.65313175266451
XE25,2088,C_B,138.49920059322687
XE25,2088,OTH_A,19.037287065981236
XE25,2088,CEREAL,5.9847141908495525
XE25,2089,CROP_FLW,5.844769961426967
XE25,2089,PDR,6.164564753463714
XE25,2089,WHT,6.141376517628494
XE25,2089,GRO,5.773236149284726
XE25,2089,OSD,2.6523297125099443
XE25,2089,C_B,138.84272906195037
XE25,2089,OTH_A,19.063984381788913
XE25,2089,CEREAL,5.989641502224205
XE25,2090,CROP_FLW,5.844966449750645
XE25,2090,PDR,6.164518535389726
XE25,2090,WHT,6.143454788715564
XE25,2090,GRO,5.780993658166008
XE25,2090,OSD,2.651527914811641
XE25,2090,C_B,139.18710960641383
XE25,2090,OTH_A,19.09071913710511
XE25,2090,CEREAL,5.994572870333499
XE25,2091,CROP_FLW,5.852535666632016
XE25,2091,PDR,6.167880053594989
XE25,2091,WHT,6.143587967367531
XE25,2091,GRO,5.789202161893946
XE25,2091,OSD,2.6508137004561703
XE25,2091,C_B,139.3557012515196
XE25,2091,OTH_A,19.102326431827873
XE25,2091,CEREAL,5.998541065481492
XE25,2092,CROP_FLW,5.860114685630249
XE25,2092,PDR,6.1712434048395375
XE25,2092,WHT,6.143721148906563
XE25,2092,GRO,5.797422320976903
XE25,2092,OSD,2.6500996784811544
XE25,2092,C_B,139.52449710478004
XE25,2092,OTH_A,19.11394078386942
XE25,2092,CEREAL,6.002511887434275
XE25,2093,CROP_FLW,5.867703519439062
XE25,2093,PDR,6.174608590122928
XE25,2093,WHT,6.143854333332722
XE25,2093,GRO,5.805654151964459
XE25,2093,OSD,2.6493858488347737
XE25,2093,C_B,139.693497413544
XE25,2093,OTH_A,19.12556219752065
XE25,2093,CEREAL,6.006485337930699
XE25,2094,CROP_FLW,5.8753021807686086
XE25,2094,PDR,6.177975610445264
XE25,2094,WHT,6.143987520646072
XE25,2094,GRO,5.813897671429698
XE25,2094,OSD,2.648672211465222
XE25,2094,C_B,139.86270242546018
XE25,2094,OTH_A,19.137190677075075
XE25,2094,CEREAL,6.01046141871077
XE25,2095,CROP_FLW,5.882910682345504
XE25,2095,PDR,6.181344466807195
XE25,2095,WHT,6.144120710846674
XE25,2095,GRO,5.822152895969231
XE25,2095,OSD,2.6479587663207087
XE25,2095,C_B,140.03211238847703
XE25,2095,OTH_A,19.148826226828817
XE25,2095,CEREAL,6.0144401315156415
XE25,2096,CROP_FLW,5.890529036912843
XE25,2096,PDR,6.184715160209914
XE25,2096,WHT,6.144253903934591
XE25,2096,GRO,5.830419842203236
XE25,2096,OSD,2.6472455133494552
XE25,2096,C_B,140.20172755084351
XE25,2096,OTH_A,19.160468851080605
XE25,2096,CEREAL,6.018421478087618
XE25,2097,CROP_FLW,5.898157257230225
XE25,2097,PDR,6.188087691655161
XE25,2097,WHT,6.144387099909887
XE25,2097,GRO,5.838698526775491
XE25,2097,OSD,2.6465324524996987
XE25,2097,C_B,140.37154816110916
XE25,2097,OTH_A,19.172118554131785
XE25,2097,CEREAL,6.022405460170163
XE25,2098,CROP_FLW,5.905795356073773
XE25,2098,PDR,6.1914620621452245
XE25,2098,WHT,6.1445202987726235
XE25,2098,GRO,5.846988966353407
XE25,2098,OSD,2.645819583719689
XE25,2098,C_B,140.54157446812457
XE25,2098,OTH_A,19.18377534028632
XE25,2098,CEREAL,6.026392079507891
XE25,2099,CROP_FLW,5.913443346236149
XE25,2099,PDR,6.1948382726829365
XE25,2099,WHT,6.144653500522862
XE25,2099,GRO,5.855291177628059
XE25,2099,OSD,2.64510690695769
XE25,2099,C_B,140.71180672104177
XE25,2099,OTH_A,19.195439213850786
XE25,2099,CEREAL,6.030381337846572
XE25,2100,CROP_FLW,5.921101240526589
XE25,2100,PDR,6.198216324271676
XE25,2100,WHT,6.144786705160668
XE25,2100,GRO,5.863605177314224
XE25,2100,OSD,2.64439442216198
XE25,2100,C_B,140.8822451693147
XE25,2100,OTH_A,19.20711017913438
XE25,2100,CEREAL,6.034373236933129
XER,2005,CROP_FLW,4.4076475687062
XER,2005,PDR,9.601654078553201
XER,2005,WHT,1.9665173066338946
XER,2005,GRO,2.6807558209036912
XER,2005,OSD,1.2721257373340076
XER,2005,C_B,9.874994142035067
XER,2005,OTH_A,0.5154357564327792
XER,2005,CEREAL,2.388992481871781
XER,2006,CROP_FLW,4.411150194007098
XER,2006,PDR,10.025507415318001
XER,2006,WHT,1.9747385971553175
XER,2006,GRO,2.722209669571445
XER,2006,OSD,1.2868733842691522
XER,2006,C_B,10.80340471735986
XER,2006,OTH_A,0.5221222712041138
XER,2006,CEREAL,2.4258437303609606
XER,2007,CROP_FLW,4.4146556027392485
XER,2007,PDR,10.46807124192308
XER,2007,WHT,1.9829942578893032
XER,2007,GRO,2.7643045395347485
XER,2007,OSD,1.3017919994378138
XER,2007,C_B,11.819101035235716
XER,2007,OTH_A,0.5288955271051224
XER,2007,CEREAL,2.4632634253921513
XER,2008,CROP_FLW,4.4181637971145635
XER,2008,PDR,10.930171510176997
XER,2008,WHT,1.9912844325251557
XER,2008,GRO,2.8070503432218703
XER,2008,OSD,1.3168835648603787
XER,2008,C_B,12.930289379665833
XER,2008,OTH_A,0.5357566493892193
XER,2008,CEREAL,2.501260335500596
XER,2009,CROP_FLW,4.421674779346708
XER,2009,PDR,11.412670632525941
XER,2009,WHT,1.9996092653528916
XER,2009,GRO,2.8504571463418427
XER,2009,OSD,1.3321500855346289
XER,2009,C_B,14.145947559248073
XER,2009,OTH_A,0.542706777907222
XER,2009,CEREAL,2.53984336448001
XER,2010,CROP_FLW,4.425188551651108
XER,2010,PDR,11.916469091564222
XER,2010,WHT,2.0079689012657513
XER,2010,GRO,2.8945351702547177
XER,2010,OSD,1.3475935897021178
XER,2010,C_B,15.475897443075485
XER,2010,OTH_A,0.5497470672967167
XER,2010,CEREAL,2.5790215534689995
XER,2011,CROP_FLW,4.424511222297288
XER,2011,PDR,11.924986652774198
XER,2011,WHT,2.0098466090996734
XER,2011,GRO,2.901946800513622
XER,2011,OSD,1.343723364127286
XER,2011,C_B,15.726315271990458
XER,2011,OTH_A,0.5572335473595477
XER,2011,CEREAL,2.5838002137440172
XER,2012,CROP_FLW,4.423833996617028
XER,2012,PDR,11.93351030210041
XER,2012,WHT,2.0117260728306645
XER,2012,GRO,2.9093774086946675
XER,2012,OSD,1.3398642536587553
XER,2012,C_B,15.980785149535839
XER,2012,OTH_A,0.5648219786415214
XER,2012,CEREAL,2.588587728382424
XER,2013,CROP_FLW,4.4231568745944605
XER,2013,PDR,11.942040043894474
XER,2013,WHT,2.013607294100714
XER,2013,GRO,2.9168270433919568
XER,2013,OSD,1.3360162263744617
XER,2013,C_B,16.239372642521193
XER,2013,OTH_A,0.5725137495188842
XER,2013,CEREAL,2.593384113790441
XER,2014,CROP_FLW,4.4224798562137195
XER,2014,PDR,11.950575882511123
XER,2014,WHT,2.015490274553346
XER,2014,GRO,2.9242957533240226
XER,2014,OSD,1.33217925044402
XER,2014,C_B,16.50214437870254
XER,2014,OTH_A,0.5803102672748512
XER,2014,CEREAL,2.5981893864046857
XER,2015,CROP_FLW,4.421802941458941
XER,2015,PDR,11.959117822308189
XER,2015,WHT,2.0173750158336197
XER,2015,GRO,2.931783587334143
XER,2015,OSD,1.3283532941284601
XER,2015,C_B,16.769168063949635
XER,2015,OTH_A,0.5882129583570836
XER,2015,CEREAL,2.6030035626922334
XER,2016,CROP_FLW,4.421126130314263
XER,2016,PDR,11.967665867646629
XER,2016,WHT,2.019261519588136
XER,2016,GRO,2.939290594390662
XER,2016,OSD,1.3245383257799654
XER,2016,C_B,17.040512499691133
XER,2016,OTH_A,0.5962232686386706
XER,2016,CEREAL,2.6078266591506694
XER,2017,CROP_FLW,4.420449422763826
XER,2017,PDR,11.976220022890512
XER,2017,WHT,2.0211497874650326
XER,2017,GRO,2.946816823587312
XER,2017,OSD,1.3207343138416097
XER,2017,C_B,17.31624760064196
XER,2017,OTH_A,0.6043426636826646
XER,2017,CEREAL,2.6126586923081483
XER,2018,CROP_FLW,4.4197728187917775
XER,2018,PDR,11.984780292407036
XER,2018,WHT,2.0230398211139904
XER,2018,GRO,2.954362324143529
XER,2018,OSD,1.3169412268470972
XER,2018,C_B,17.5964444128176
XER,2018,OTH_A,0.6125726290102221
XER,2018,CEREAL,2.6174996787234495
XER,2019,CROP_FLW,4.41909631838226
XER,2019,PDR,11.993346680566507
XER,2019,WHT,2.0249316221862315
XER,2019,GRO,2.961927145404783
XER,2019,OSD,1.3131590334205014
XER,2019,C_B,17.881175131839807
XER,2019,OTH_A,0.6209146703723922
XER,2019,CEREAL,2.622349634986034
XER,2020,CROP_FLW,4.418419921519422
XER,2020,PDR,12.00191919174236
XER,2020,WHT,2.0268251923345244
XER,2020,GRO,2.969511336842892
XER,2020,OSD,1.3093877022760063
XER,2020,C_B,18.170513121538562
XER,2020,OTH_A,0.6293703140256087
XER,2020,CEREAL,2.627208577716098
XER,2021,CROP_FLW,4.418901239009882
XER,2021,PDR,12.010536792245576
XER,2021,WHT,2.031713342791481
XER,2021,GRO,2.9722019763293974
XER,2021,OSD,1.310630835437599
XER,2021,C_B,18.208064563639983
XER,2021,OTH_A,0.6294738822314035
XER,2021,CEREAL,2.629846786397019
XER,2022,CROP_FLW,4.419382608932327
XER,2022,PDR,12.019160580345726
XER,2022,WHT,2.03661328213629
XER,2022,GRO,2.974895053772868
XER,2022,OSD,1.3118751488302682
XER,2022,C_B,18.245693610088317
XER,2022,OTH_A,0.629577467480222
XER,2022,CEREAL,2.6324876443327816
XER,2023,CROP_FLW,4.4198640312924695
XER,2023,PDR,12.027790560485627
XER,2023,WHT,2.0415250388005397
XER,2023,GRO,2.9775905713823074
XER,2023,OSD,1.313120643574526
XER,2023,C_B,18.28340042126182
XER,2023,OTH_A,0.629681069774869
XER,2023,CEREAL,2.6351311541837332
XER,2024,CROP_FLW,4.42034550609602
XER,2024,PDR,12.036426737111272
XER,2024,WHT,2.0464486412843863
XER,2024,GRO,2.9802885313687226
XER,2024,OSD,1.3143673207919473
XER,2024,C_B,18.321185157870183
XER,2024,OTH_A,0.6297846891181496
XER,2024,CEREAL,2.6377773186128923
XER,2025,CROP_FLW,4.420827033348693
XER,2025,PDR,12.045069114671856
XER,2025,WHT,2.0513841181567205
XER,2025,GRO,2.9829889359451216
XER,2025,OSD,1.3156151816051733
XER,2025,C_B,18.35904798095522
XER,2025,OTH_A,0.6298883255128688
XER,2025,CEREAL,2.6404261402859515
XER,2026,CROP_FLW,4.421308613056201
XER,2026,PDR,12.053717697619764
XER,2026,WHT,2.056331498055335
XER,2026,GRO,2.985691787326519
XER,2026,OSD,1.3168642271379098
XER,2026,C_B,18.396989051891563
XER,2026,OTH_A,0.6299919789618331
XER,2026,CEREAL,2.643077621871281
XER,2027,CROP_FLW,4.4217902452242575
XER,2027,PDR,12.062372490410576
XER,2027,WHT,2.0612908096870872
XER,2027,GRO,2.9883970877299375
XER,2027,OSD,1.3181144585149303
XER,2027,C_B,18.43500853238734
XER,2027,OTH_A,0.6300956494678485
XER,2027,CEREAL,2.6457317660399298
XER,2028,CROP_FLW,4.422271929858579
XER,2028,PDR,12.071033497503082
XER,2028,WHT,2.0662620818280684
XER,2028,GRO,2.9911048393744064
XER,2028,OSD,1.3193658768620757
XER,2028,C_B,18.473106584484864
XER,2028,OTH_A,0.6301993370337223
XER,2028,CEREAL,2.6483885754656296
XER,2029,CROP_FLW,4.422753666964879
XER,2029,PDR,12.079700723359258
XER,2029,WHT,2.0712453433237705
XER,2029,GRO,2.9938150444809657
XER,2029,OSD,1.3206184833062558
XER,2029,C_B,18.511283370561333
XER,2029,OTH_A,0.6303030416622615
XER,2029,CEREAL,2.651048052824797
XER,2030,CROP_FLW,4.423235456548875
XER,2030,PDR,12.088374172444285
XER,2030,WHT,2.076240623089251
XER,2030,GRO,2.9965277052726664
XER,2030,OSD,1.3218722789754505
XER,2030,C_B,18.54953905332951
XER,2030,OTH_A,0.6304067633562735
XER,2030,CEREAL,2.653710200796535
XER,2031,CROP_FLW,4.423875696308358
XER,2031,PDR,12.10048080115192
XER,2031,WHT,2.0778957349802565
XER,2031,GRO,2.9978305350773455
XER,2031,OSD,1.3224296061448655
XER,2031,C_B,18.591972105067807
XER,2031,OTH_A,0.630402509120827
XER,2031,CEREAL,2.6550088182229663
XER,2032,CROP_FLW,4.424516028739134
XER,2032,PDR,12.112599554770362
XER,2032,WHT,2.079552166272945
XER,2032,GRO,2.999133931326145
XER,2032,OSD,1.3229871682943
XER,2032,C_B,18.634502224656394
XER,2032,OTH_A,0.6303982549140897
XER,2032,CEREAL,2.6563080711397458
XER,2033,CROP_FLW,4.425156453854618
XER,2033,PDR,12.124730445442836
XER,2033,WHT,2.0812099180190997
XER,2033,GRO,3.0004378942653434
XER,2033,OSD,1.3235449655228262
XER,2033,C_B,18.67712963414312
XER,2033,OTH_A,0.6303940007360614
XER,2033,CEREAL,2.6576079598578564
XER,2034,CROP_FLW,4.425796971668223
XER,2034,PDR,12.136873485324719
XER,2034,WHT,2.0828689912713445
XER,2034,GRO,3.0017424241413253
XER,2034,OSD,1.324102997929558
XER,2034,C_B,18.719854556083764
XER,2034,OTH_A,0.6303897465867422
XER,2034,CEREAL,2.658908484688434
XER,2035,CROP_FLW,4.426437582193369
XER,2035,PDR,12.149028686583572
XER,2035,WHT,2.0845293870831414
XER,2035,GRO,3.0030475212005854
XER,2035,OSD,1.3246612656136507
XER,2035,C_B,18.76267721354323
XER,2035,OTH_A,0.6303854924661315
XER,2035,CEREAL,2.660209645942766
XER,2036,CROP_FLW,4.427078285443474
XER,2036,PDR,12.161196061399131
XER,2036,WHT,2.0861911065087915
XER,2036,GRO,3.0043531856897214
XER,2036,OSD,1.3252197686743024
XER,2036,C_B,18.805597830096676
XER,2036,OTH_A,0.6303812383742294
XER,2036,CEREAL,2.6615114439322913
XER,2037,CROP_FLW,4.42771908143196
XER,2037,PDR,12.173375621963341
XER,2037,WHT,2.087854150603437
XER,2037,GRO,3.005659417855442
XER,2037,OSD,1.325778507210752
XER,2037,C_B,18.848616629830726
XER,2037,OTH_A,0.6303769843110356
XER,2037,CEREAL,2.6628138789686036
XER,2038,CROP_FLW,4.4283599701722505
XER,2038,PDR,12.18556738048035
XER,2038,WHT,2.089518520423062
XER,2038,GRO,3.0069662179445604
XER,2038,OSD,1.3263374813222812
XER,2038,C_B,18.891733837344592
XER,2038,OTH_A,0.6303727302765498
XER,2038,CEREAL,2.664116951363446
XER,2039,CROP_FLW,4.429000951677771
XER,2039,PDR,12.19777134916653
XER,2039,WHT,2.0911842170244905
XER,2039,GRO,3.008273586203999
XER,2039,OSD,1.3268966911082127
XER,2039,C_B,18.93494967775127
XER,2039,OTH_A,0.6303684762707721
XER,2039,CEREAL,2.6654206614287173
XER,2040,CROP_FLW,4.429642025961943
XER,2040,PDR,12.209987540250502
XER,2040,WHT,2.0928512414653917
XER,2040,GRO,3.009581522880786
XER,2040,OSD,1.327456136667912
XER,2040,C_B,18.978264376678737
XER,2040,OTH_A,0.6303642222937023
XER,2040,CEREAL,2.666725009476468
XER,2041,CROP_FLW,4.430697734355857
XER,2041,PDR,12.223211245351031
XER,2041,WHT,2.09484810131869
XER,2041,GRO,3.0113638052567144
XER,2041,OSD,1.3280287152553383
XER,2041,C_B,19.002018223316682
XER,2041,OTH_A,0.6303534045008825
XER,2041,CEREAL,2.6684093303575818
XER,2042,CROP_FLW,4.431753694354801
XER,2042,PDR,12.236449272036742
XER,2042,WHT,2.096846866443226
XER,2042,GRO,3.013147143105121
XER,2042,OSD,1.3286015408160765
XER,2042,C_B,19.025801801083823
XER,2042,OTH_A,0.6303425868937088
XER,2042,CEREAL,2.670094715066732
XER,2043,CROP_FLW,4.432809906018739
XER,2043,PDR,12.24970163581824
XER,2043,WHT,2.0988475386568815
XER,2043,GRO,3.014931537051059
XER,2043,OSD,1.329174613456655
XER,2043,C_B,19.049615147192657
XER,2043,OTH_A,0.630331769472178
XER,2043,CEREAL,2.671781164275839
XER,2044,CROP_FLW,4.43386636940765
XER,2044,PDR,12.26296835222295
XER,2044,WHT,2.1008501197792757
XER,2044,GRO,3.016716987719953
XER,2044,OSD,1.3297479332836484
XER,2044,C_B,19.073458298902267
XER,2044,OTH_A,0.6303209522362868
XER,2044,CEREAL,2.673468678657248
XER,2045,CROP_FLW,4.434923084581528
XER,2045,PDR,12.276249436795098
XER,2045,WHT,2.1028546116317623
XER,2045,GRO,3.0185034957375962
XER,2045,OSD,1.3303215004036768
XER,2045,C_B,19.09733129351837
XER,2045,OTH_A,0.6303101351860323
XER,2045,CEREAL,2.6751572588837296
XER,2046,CROP_FLW,4.435980051600378
XER,2046,PDR,12.289544905095749
XER,2046,WHT,2.1048610160374337
XER,2046,GRO,3.020291061730154
XER,2046,OSD,1.330895314923406
XER,2046,C_B,19.121234168393357
XER,2046,OTH_A,0.630299318321411
XER,2046,CEREAL,2.676846905628478
XER,2047,CROP_FLW,4.4370372705242245
XER,2047,PDR,12.302854772702817
XER,2047,WHT,2.1068693348211207
XER,2047,GRO,3.0220796863241612
XER,2047,OSD,1.3314693769495485
XER,2047,C_B,19.145166960926396
XER,2047,OTH_A,0.6302885016424198
XER,2047,CEREAL,2.6785376195651125
XER,2048,CROP_FLW,4.438094741413102
XER,2048,PDR,12.316179055211098
XER,2048,WHT,2.1088795698093965
XER,2048,GRO,3.0238693701465267
XER,2048,OSD,1.3320436865888625
XER,2048,C_B,19.169129708563453
XER,2048,OTH_A,0.6302776851490556
XER,2048,CEREAL,2.6802294013676797
XER,2049,CROP_FLW,4.439152464327061
XER,2049,PDR,12.329517768232265
XER,2049,WHT,2.110891722830576
XER,2049,GRO,3.0256601138245256
XER,2049,OSD,1.3326182439481522
XER,2049,C_B,19.19312244879736
XER,2049,OTH_A,0.6302668688413153
XER,2049,CEREAL,2.681922251710649
XER,2050,CROP_FLW,4.440210439326166
XER,2050,PDR,12.342870927394912
XER,2050,WHT,2.1129057957147177
XER,2050,GRO,3.027451917985809
XER,2050,OSD,1.3331930491342676
XER,2050,C_B,19.217145219167865
XER,2050,OTH_A,0.6302560527191954
XER,2050,CEREAL,2.6836161712689166
XER,2051,CROP_FLW,4.442912147701253
XER,2051,PDR,12.351478635747256
XER,2051,WHT,2.1146865150982075
XER,2051,GRO,3.0302574720737874
XER,2051,OSD,1.3337011747018437
XER,2051,C_B,19.236188685101453
XER,2051,OTH_A,0.630475280272387
XER,2051,CEREAL,2.68545050602009
XER,2052,CROP_FLW,4.445615499968728
XER,2052,PDR,12.36009234696907
XER,2052,WHT,2.1164687352402876
XER,2052,GRO,3.0330656260820796
XER,2052,OSD,1.33420949393349
XER,2052,C_B,19.255251022391356
XER,2052,OTH_A,0.6306945840814429
XER,2052,CEREAL,2.687286094595867
XER,2053,CROP_FLW,4.448320497128842
XER,2053,PDR,12.368712065246655
XER,2053,WHT,2.1182524574057697
XER,2053,GRO,3.035876382420045
XER,2053,OSD,1.3347180069030191
XER,2053,C_B,19.27433224973837
XER,2053,OTH_A,0.630913964172888
XER,2053,CEREAL,2.6891229378532735
XER,2054,CROP_FLW,4.451027140182451
XER,2054,PDR,12.37733779476923
XER,2054,WHT,2.1200376828605334
XER,2054,GRO,3.0386897434992735
XER,2054,OSD,1.3352267136842704
XER,2054,C_B,19.29343238586184
XER,2054,OTH_A,0.6311334205732562
XER,2054,CEREAL,2.6909610366499246
XER,2055,CROP_FLW,4.453735430131022
XER,2055,PDR,12.385969539728933
XER,2055,WHT,2.1218244128715233
XER,2055,GRO,3.041505711733591
XER,2055,OSD,1.3357356143511125
XER,2055,C_B,19.312551449499644
XER,2055,OTH_A,0.6313529533090908
XER,2055,CEREAL,2.69280039184402
XER,2056,CROP_FLW,4.456445367976634
XER,2056,PDR,12.394607304320827
XER,2056,WHT,2.1236126487067537
XER,2056,GRO,3.044324289539062
XER,2056,OSD,1.3362447089774416
XER,2056,C_B,19.331689459408228
XER,2056,OTH_A,0.6315725624069441
XER,2056,CEREAL,2.694641004294346
XER,2057,CROP_FLW,4.459156954721971
XER,2057,PDR,12.403251092742906
XER,2057,WHT,2.1254023916353053
XER,2057,GRO,3.0471454793339876
XER,2057,OSD,1.336753997637183
XER,2057,C_B,19.350846434362644
XER,2057,OTH_A,0.6317922478933777
XER,2057,CEREAL,2.6964828748602763
XER,2058,CROP_FLW,4.461870191370329
XER,2058,PDR,12.411900909196083
XER,2058,WHT,2.12719364292733
XER,2058,GRO,3.0499692835389105
XER,2058,OSD,1.3372634804042887
XER,2058,C_B,19.370022393156532
XER,2058,OTH_A,0.6320120097949629
XER,2058,CEREAL,2.698326004401772
XER,2059,CROP_FLW,4.464585078925613
XER,2059,PDR,12.420556757884201
XER,2059,WHT,2.12898640385405
XER,2059,GRO,3.052795704576618
XER,2059,OSD,1.33777315735274
XER,2059,C_B,19.389217354602156
XER,2059,OTH_A,0.6322318481382795
XER,2059,CEREAL,2.7001703937793815
XER,2060,CROP_FLW,4.4673016183923435
XER,2060,PDR,12.429218643014039
XER,2060,WHT,2.1307806756877583
XER,2060,GRO,3.055624744872143
XER,2060,OSD,1.3382830285565446
XER,2060,C_B,19.408431337530445
XER,2060,OTH_A,0.6324517629499165
XER,2060,CEREAL,2.7020160438542455
XER,2061,CROP_FLW,4.471934671417768
XER,2061,PDR,12.43418960613962
XER,2061,WHT,2.132966557094492
XER,2061,GRO,3.0587766016522235
XER,2061,OSD,1.3386705289590013
XER,2061,C_B,19.430182004435036
XER,2061,OTH_A,0.6325620240628889
XER,2061,CEREAL,2.7031613601324085
XER,2062,CROP_FLW,4.47657252939754
XER,2062,PDR,12.439162557360762
XER,2062,WHT,2.1351546809082356
XER,2062,GRO,3.0619317095517937
XER,2062,OSD,1.339058141562359
XER,2062,C_B,19.451957046906234
XER,2062,OTH_A,0.6326723043986916
XER,2062,CEREAL,2.7043071618811814
XER,2063,CROP_FLW,4.481215197314895
XER,2063,PDR,12.444137497472587
XER,2063,WHT,2.1373450494293835
XER,2063,GRO,3.065090071924363
XER,2063,OSD,1.3394458663991058
XER,2063,C_B,19.473756492261277
XER,2063,OTH_A,0.6327826039606763
XER,2063,CEREAL,2.7054534493063436
XER,2064,CROP_FLW,4.485862680158234
XER,2064,PDR,12.449114427270532
XER,2064,WHT,2.1395376649606903
XER,2064,GRO,3.068251692126897
XER,2064,OSD,1.339833703501739
XER,2064,C_B,19.495580367848028
XER,2064,OTH_A,0.6328929227521947
XER,2064,CEREAL,2.7066002226137593
XER,2065,CROP_FLW,4.490514982921132
XER,2065,PDR,12.454093347550359
XER,2065,WHT,2.141732529807273
XER,2065,GRO,3.071416573519828
XER,2065,OSD,1.340221652902765
XER,2065,C_B,19.51742870104499
XER,2065,OTH_A,0.6330032607765991
XER,2065,CEREAL,2.7077474820093843
XER,2066,CROP_FLW,4.495172110602343
XER,2066,PDR,12.459074259108146
XER,2066,WHT,2.1439296462766113
XER,2066,GRO,3.0745847194670506
XER,2066,OSD,1.3406097146347002
XER,2066,C_B,19.53930151926135
XER,2066,OTH_A,0.6331136180372426
XER,2066,CEREAL,2.7088952276992564
XER,2067,CROP_FLW,4.499834068205807
XER,2067,PDR,12.464057162740282
XER,2067,WHT,2.1461290166785547
XER,2067,GRO,3.077756133335932
XER,2067,OSD,1.3409978887300698
XER,2067,C_B,19.561198849937014
XER,2067,OTH_A,0.633223994537479
XER,2067,CEREAL,2.710043459889505
XER,2068,CROP_FLW,4.5045008607406505
XER,2068,PDR,12.469042059243487
XER,2068,WHT,2.148330643325321
XER,2068,GRO,3.0809308184973117
XER,2068,OSD,1.3413861752214085
XER,2068,C_B,19.583120720542635
XER,2068,OTH_A,0.6333343902806624
XER,2068,CEREAL,2.7111921787863453
XER,2069,CROP_FLW,4.509172493221198
XER,2069,PDR,12.474028949414791
XER,2069,WHT,2.1505345285315003
XER,2069,GRO,3.084108778325506
XER,2069,OSD,1.3417745741412608
XER,2069,C_B,19.605067158579658
XER,2069,OTH_A,0.6334448052701477
XER,2069,CEREAL,2.7123413845960793
XER,2070,CROP_FLW,4.513848970666968
XER,2070,PDR,12.47901783405154
XER,2070,WHT,2.1527406746140585
XER,2070,GRO,3.0872900161983092
XER,2070,OSD,1.3421630855221816
XER,2070,C_B,19.62703819158033
XER,2070,OTH_A,0.6335552395092904
XER,2070,CEREAL,2.7134910775250978
XER,2071,CROP_FLW,4.515639784636394
XER,2071,PDR,12.482140365852189
XER,2071,WHT,2.1542876957704737
XER,2071,GRO,3.090198371576231
XER,2071,OSD,1.3425095047158797
XER,2071,C_B,19.64527854150389
XER,2071,OTH_A,0.633677324049042
XER,2071,CEREAL,2.714656395729798
XER,2072,CROP_FLW,4.517431309089201
XER,2072,PDR,12.485263678980742
XER,2072,WHT,2.1558358286606367
XER,2072,GRO,3.093109466745673
XER,2072,OSD,1.342856013322153
XER,2072,C_B,19.663535843061318
XER,2072,OTH_A,0.6337994321141848
XER,2072,CEREAL,2.715822214384464
XER,2073,CROP_FLW,4.519223544307262
XER,2073,PDR,12.488387773632702
XER,2073,WHT,2.1573850740834715
XER,2073,GRO,3.096023304287631
XER,2073,OSD,1.3432026113640794
XER,2073,C_B,19.681810112006584
XER,2073,OTH_A,0.633921563709252
XER,2073,CEREAL,2.716988533704017
XER,2074,CROP_FLW,4.521016490572566
XER,2074,PDR,12.49151265000363
XER,2074,WHT,2.1589354328384758
XER,2074,GRO,3.098939886785535
XER,2074,OSD,1.3435492988647424
XER,2074,C_B,19.700101364108292
XER,2074,OTH_A,0.634043718838778
XER,2074,CEREAL,2.718155353903468
XER,2075,CROP_FLW,4.5228101481672125
XER,2075,PDR,12.494638308289126
XER,2075,WHT,2.160486905725722
XER,2075,GRO,3.101859216825247
XER,2075,OSD,1.3438960758472325
XER,2075,C_B,19.718409615149714
XER,2075,OTH_A,0.6341658975072976
XER,2075,CEREAL,2.7193226751979225
XER,2076,CROP_FLW,4.524604517373412
XER,2076,PDR,12.49776474868484
XER,2076,WHT,2.162039493545857
XER,2076,GRO,3.104781296995065
XER,2076,OSD,1.3442429423346443
XER,2076,C_B,19.736734880928772
XER,2076,OTH_A,0.6342880997193467
XER,2076,CEREAL,2.7204904978025772
XER,2077,CROP_FLW,4.526399598473488
XER,2077,PDR,12.500891971386478
XER,2077,WHT,2.1635931971001043
XER,2077,GRO,3.107706129885726
XER,2077,OSD,1.3445898983500804
XER,2077,C_B,19.755077177258087
XER,2077,OTH_A,0.6344103254794622
XER,2077,CEREAL,2.7216588219327216
XER,2078,CROP_FLW,4.5281953917498745
XER,2078,PDR,12.504019976589792
XER,2078,WHT,2.1651480171902624
XER,2078,GRO,3.110633718090408
XER,2078,OSD,1.344936943916648
XER,2078,C_B,19.773436519964957
XER,2078,OTH_A,0.6345325747921817
XER,2078,CEREAL,2.7228276478037374
XER,2079,CROP_FLW,4.529991897485121
XER,2079,PDR,12.507148764490577
XER,2079,WHT,2.1667039546187055
XER,2079,GRO,3.1135640642047306
XER,2079,OSD,1.345284079057461
XER,2079,C_B,19.791812924891413
XER,2079,OTH_A,0.6346548476620437
XER,2079,CEREAL,2.723996975631098
XER,2080,CROP_FLW,4.531789115961881
XER,2080,PDR,12.510278335284687
XER,2080,WHT,2.1682610101883846
XER,2080,GRO,3.1164971708267615
XER,2080,OSD,1.345631303795638
XER,2080,C_B,19.810206407894206
XER,2080,OTH_A,0.6347771440935882
XER,2080,CEREAL,2.7251668056303724
XER,2081,CROP_FLW,4.53327988106426
XER,2081,PDR,12.513067588382428
XER,2081,WHT,2.1692144026885654
XER,2081,GRO,3.119633036278062
XER,2081,OSD,1.3458173942994436
XER,2081,C_B,19.813720949439013
XER,2081,OTH_A,0.6347753960894619
XER,2081,CEREAL,2.7265934169341746
XER,2082,CROP_FLW,4.534771136564699
XER,2082,PDR,12.515857463363444
XER,2082,WHT,2.170168214399005
XER,2082,GRO,3.1227720570834636
XER,2082,OSD,1.3460035105381405
XER,2082,C_B,19.817236114500908
XER,2082,OTH_A,0.6347736480901491
XER,2082,CEREAL,2.728020775061917
XER,2083,CROP_FLW,4.536262882624518
XER,2083,PDR,12.518647960366387
XER,2083,WHT,2.1711224455040323
XER,2083,GRO,3.1259142364179304
XER,2083,OSD,1.346189652515288
XER,2083,C_B,19.820751903190512
XER,2083,OTH_A,0.6347719000956499
XER,2083,CEREAL,2.7294488804045587
XER,2084,CROP_FLW,4.53775511940509
XER,2084,PDR,12.521439079529939
XER,2084,WHT,2.1720770961880564
XER,2084,GRO,3.1290595774596204
XER,2084,OSD,1.3463758202344451
XER,2084,C_B,19.82426831561846
XER,2084,OTH_A,0.6347701521059641
XER,2084,CEREAL,2.7308777333532626
XER,2085,CROP_FLW,4.53924784706784
XER,2085,PDR,12.524230820992818
XER,2085,WHT,2.1730321666355663
XER,2085,GRO,3.13220808338989
XER,2085,OSD,1.3465620136991723
XER,2085,C_B,19.82778535189542
XER,2085,OTH_A,0.6347684041210918
XER,2085,CEREAL,2.732307334299397
XER,2086,CROP_FLW,4.540741065774251
XER,2086,PDR,12.527023184893768
XER,2086,WHT,2.173987657031136
XER,2086,GRO,3.1353597573932976
XER,2086,OSD,1.3467482329130296
XER,2086,C_B,19.831303012132064
XER,2086,OTH_A,0.634766656141033
XER,2086,CEREAL,2.733737683634535
XER,2087,CROP_FLW,4.542234775685851
XER,2087,PDR,12.529816171371566
XER,2087,WHT,2.1749435675594166
XER,2087,GRO,3.138514602657604
XER,2087,OSD,1.346934477879578
XER,2087,C_B,19.834821296439085
XER,2087,OTH_A,0.6347649081657877
XER,2087,CEREAL,2.735168781750454
XER,2088,CROP_FLW,4.543728976964228
XER,2088,PDR,12.532609780565021
XER,2088,WHT,2.175899898405143
XER,2088,GRO,3.14167262237378
XER,2088,OSD,1.347120748602379
XER,2088,C_B,19.838340204927203
XER,2088,OTH_A,0.6347631601953558
XER,2088,CEREAL,2.736600629039137
XER,2089,CROP_FLW,4.54522366977102
XER,2089,PDR,12.535404012612972
XER,2089,WHT,2.176856649753129
XER,2089,GRO,3.1448338197360046
XER,2089,OSD,1.3473070450849944
XER,2089,C_B,19.841859737707153
XER,2089,OTH_A,0.6347614122297374
XER,2089,CEREAL,2.7380332258927726
XER,2090,CROP_FLW,4.546718854267916
XER,2090,PDR,12.538198867654286
XER,2090,WHT,2.177813821788274
XER,2090,GRO,3.147998197941675
XER,2090,OSD,1.3474933673309872
XER,2090,C_B,19.845379894889717
XER,2090,OTH_A,0.6347596642689322
XER,2090,CEREAL,2.739466572703755
XER,2091,CROP_FLW,4.546741472706908
XER,2091,PDR,12.54088085513575
XER,2091,WHT,2.1779050536661178
XER,2091,GRO,3.1502807493340783
XER,2091,OSD,1.3475689932673807
XER,2091,C_B,19.847925459097645
XER,2091,OTH_A,0.6348862294747144
XER,2091,CEREAL,2.7407779543135917
XER,2092,CROP_FLW,4.546764091258419
XER,2092,PDR,12.543563416308617
XER,2092,WHT,2.1779962893658014
XER,2092,GRO,3.152564955759468
XER,2092,OSD,1.3476446234481605
XER,2092,C_B,19.85047134982475
XER,2092,OTH_A,0.6350128199164281
XER,2092,CEREAL,2.742089963681308
XER,2093,CROP_FLW,4.54678670992245
XER,2093,PDR,12.546246551295594
XER,2093,WHT,2.178087528887485
XER,2093,GRO,3.1548508184178763
XER,2093,OSD,1.3477202578735645
XER,2093,C_B,19.853017567112918
XER,2093,OTH_A,0.6351394355991049
XER,2093,CEREAL,2.7434026011074115
XER,2094,CROP_FLW,4.546809328699002
XER,2094,PDR,12.54893026021943
XER,2094,WHT,2.1781787722313286
XER,2094,GRO,3.157138338510204
XER,2094,OSD,1.3477958965438313
XER,2094,C_B,19.855564111004036
XER,2094,OTH_A,0.6352660765277778
XER,2094,CEREAL,2.744715866892553
XER,2095,CROP_FLW,4.546831947588074
XER,2095,PDR,12.551614543202891
XER,2095,WHT,2.178270019397492
XER,2095,GRO,3.1594275172382247
XER,2095,OSD,1.347871539459199
XER,2095,C_B,19.858110981539994
XER,2095,OTH_A,0.6353927427074804
XER,2095,CEREAL,2.746029761337528
XER,2096,CROP_FLW,4.546854566589668
XER,2096,PDR,12.55429940036877
XER,2096,WHT,2.178361270386136
XER,2096,GRO,3.1617183558045827
XER,2096,OSD,1.3479471866199058
XER,2096,C_B,19.860658178762694
XER,2096,OTH_A,0.6355194341432475
XER,2096,CEREAL,2.747344284743276
XER,2097,CROP_FLW,4.546877185703785
XER,2097,PDR,12.556984831839891
XER,2097,WHT,2.1784525251974203
XER,2097,GRO,3.164010855412793
XER,2097,OSD,1.3480228380261898
XER,2097,C_B,19.863205702714037
XER,2097,OTH_A,0.6356461508401151
XER,2097,CEREAL,2.74865943741088
XER,2098,CROP_FLW,4.5468998049304234
XER,2098,PDR,12.559670837739096
XER,2098,WHT,2.1785437838315045
XER,2098,GRO,3.1663050172672453
XER,2098,OSD,1.3480984936782894
XER,2098,C_B,19.865753553435933
XER,2098,OTH_A,0.6357728928031202
XER,2098,CEREAL,2.749975219641567
XER,2099,CROP_FLW,4.546922424269585
XER,2099,PDR,12.562357418189265
XER,2099,WHT,2.17863504628855
XER,2099,GRO,3.1686008425732
XER,2099,OSD,1.348174153576443
XER,2099,C_B,19.868301730970302
XER,2099,OTH_A,0.6358996600373003
XER,2099,CEREAL,2.7512916317367093
XER,2100,CROP_FLW,4.546945043721272
XER,2100,PDR,12.56504457331329
XER,2100,WHT,2.178726312568717
XER,2100,GRO,3.170898332536795
XER,2100,OSD,1.3482498177208893
XER,2100,C_B,19.870850235359057
XER,2100,OTH_A,0.6360264525476943
XER,2100,CEREAL,2.752608673997823
XOC,2005,CROP_FLW,4.509882352524304
XOC,2005,PDR,8.488127606563994
XOC,2005,WHT,1.7961637332187963
XOC,2005,GRO,2.054199550322731
XOC,2005,OSD,2.8420530231080128
XOC,2005,C_B,118.40208078575245
XOC,2005,OTH_A,5.680886261457294
XOC,2005,CEREAL,1.9018281854283816
XOC,2006,CROP_FLW,4.521035747112889
XOC,2006,PDR,9.17157911214096
XOC,2006,WHT,1.7959731963741605
XOC,2006,GRO,2.0638856213882755
XOC,2006,OSD,2.9267992997551993
XOC,2006,C_B,121.02278135395359
XOC,2006,OTH_A,5.764575420809346
XOC,2006,CEREAL,1.9020422345752
XOC,2007,CROP_FLW,4.532216725172866
XOC,2007,PDR,9.910061124105958
XOC,2007,WHT,1.7957826797416514
XOC,2007,GRO,2.073617364731702
XOC,2007,OSD,3.0140725987158916
XOC,2007,C_B,123.70148826311254
XOC,2007,OTH_A,5.84949746444577
XOC,2007,CEREAL,1.9022563078130676
XOC,2008,CROP_FLW,4.543425354920944
XOC,2008,PDR,10.708004617602956
XOC,2008,WHT,1.795592183319125
XOC,2008,GRO,2.083394995709366
XOC,2008,OSD,3.1039482724660403
XOC,2008,C_B,126.43948542014793
XOC,2008,OTH_A,5.935670554858223
XOC,2008,CEREAL,1.9024704051446968
XOC,2009,CROP_FLW,4.554661704742542
XOC,2009,PDR,11.570197343353973
XOC,2009,WHT,1.7954017071044377
XOC,2009,GRO,2.0932187306930827
XOC,2009,OSD,3.1965039203931505
XOC,2009,C_B,129.238085149854
XOC,2009,OTH_A,6.023113122102895
XOC,2009,CEREAL,1.9026845265727983
XOC,2010,CROP_FLW,4.5659258431922005
XOC,2010,PDR,12.501812554701967
XOC,2010,WHT,1.795211251095445
XOC,2010,GRO,2.1030887870749164
XOC,2010,OSD,3.291819455796219
XOC,2010,C_B,132.09862882389893
XOC,2010,OTH_A,6.111843867742184
XOC,2010,CEREAL,1.9028986721000851
XOC,2011,CROP_FLW,4.578514616507147
XOC,2011,PDR,13.221994129178903
XOC,2011,WHT,1.7930300472148633
XOC,2011,GRO,2.134432055288237
XOC,2011,OSD,3.5700718703252643
XOC,2011,C_B,134.01459361633422
XOC,2011,OTH_A,6.125244009315861
XOC,2011,CEREAL,1.9193498402112972
XOC,2012,CROP_FLW,4.591138098492146
XOC,2012,PDR,13.983662607890455
XOC,2012,WHT,1.7908514935239823
XOC,2012,GRO,2.1662424461776566
XOC,2012,OSD,3.871844531705915
XOC,2012,C_B,135.95834765320402
XOC,2012,OTH_A,6.138673530533076
XOC,2012,CEREAL,1.9359432339366167
XOC,2013,CROP_FLW,4.603796384842921
XOC,2013,PDR,14.789207892611362
XOC,2013,WHT,1.7886755868027893
XOC,2013,GRO,2.1985269214803185
XOC,2013,OSD,4.199125570078557
XOC,2013,C_B,137.9302939910307
XOC,2013,OTH_A,6.152132495808331
XOC,2013,CEREAL,1.9526800828620017
XOC,2014,CROP_FLW,4.616489571519041
XOC,2014,PDR,15.64115755821099
XOC,2014,WHT,1.786502323835183
XOC,2014,GRO,2.231292546687234
XOC,2014,OSD,4.554071169153765
XOC,2014,C_B,139.93084153228762
XOC,2014,OTH_A,6.165620969697358
XOC,2014,CEREAL,1.969561627203575
XOC,2015,CROP_FLW,4.629217754744643
XOC,2015,PDR,16.542184783473427
XOC,2015,WHT,1.78433170140897
XOC,2015,GRO,2.2645464925895715
XOC,2015,OSD,4.939019771521037
XOC,2015,C_B,141.96040511018904
XOC,2015,OTH_A,6.179139016897424
XOC,2015,CEREAL,1.9865891178995247
XOC,2016,CROP_FLW,4.641981031009171
XOC,2016,PDR,17.495116738781753
XOC,2016,WHT,1.78216371631586
XOC,2016,GRO,2.29829603684799
XOC,2016,OSD,5.356507484710341
XOC,2016,C_B,144.01940557470988
XOC,2016,OTH_A,6.192686702247645
XOC,2016,CEREAL,2.003763816702799
XOC,2017,CROP_FLW,4.654779497068094
XOC,2017,PDR,18.502943456984692
XOC,2017,WHT,1.7799983653514606
XOC,2017,GRO,2.3325485655853666
XOC,2017,OSD,5.8092847895042485
XOC,2017,C_B,146.10826987985305
XOC,2017,OTH_A,6.206264090729299
XOC,2017,CEREAL,2.0210869962746054
XOC,2018,CROP_FLW,4.667613249943651
XOC,2018,PDR,19.56882721527998
XOC,2018,WHT,1.7778356453152726
XOC,2018,GRO,2.3673115750032534
XOC,2018,OSD,6.3003346605778825
XOC,2018,C_B,148.22743117218272
XOC,2018,OTH_A,6.219871247466129
XOC,2018,CEREAL,2.0385599402787142
XOC,2019,CROP_FLW,4.680482386925583
XOC,2019,PDR,20.69611245755207
XOC,2019,WHT,1.7756755530106862
XOC,2019,GRO,2.402592673022432
XOC,2019,OSD,6.832892218848586
XOC,2019,C_B,150.37732888064133
XOC,2019,OTH_A,6.233508237724664
XOC,2019,CEREAL,2.056183943476581
XOC,2020,CROP_FLW,4.693387005571866
XOC,2020,PDR,21.888336288297772
XOC,2020,WHT,1.7735180852449757
XOC,2020,GRO,2.4383995809479093
XOC,2020,OSD,7.410466045008335
XOC,2020,C_B,152.55840880766954
XOC,2020,OTH_A,6.247175126914527
XOC,2020,CEREAL,2.0739603118232885
XOC,2021,CROP_FLW,4.6953238729982925
XOC,2021,PDR,21.916170059699922
XOC,2021,WHT,1.776757491289726
XOC,2021,GRO,2.4442300682891225
XOC,2021,OSD,7.432838182161291
XOC,2021,C_B,152.6785784939595
XOC,2021,OTH_A,6.267582026990733
XOC,2021,CEREAL,2.0785180020475225
XOC,2022,CROP_FLW,4.697261539731365
XOC,2022,PDR,21.944039225241685
XOC,2022,WHT,1.7800028142470863
XOC,2022,GRO,2.450074496980597
XOC,2022,OSD,7.455277860615665
XOC,2022,C_B,152.7988428374605
XOC,2022,OTH_A,6.288055587847573
XOC,2022,CEREAL,2.083085708152997
XOC,2023,CROP_FLW,4.699200006100942
XOC,2023,PDR,21.971943829931153
XOC,2023,WHT,1.7832540649245487
XOC,2023,GRO,2.4559329003576686
XOC,2023,OSD,7.4777852842781
XOC,2023,C_B,152.91920191273377
XOC,2023,OTH_A,6.30859602723785
XOC,2023,CEREAL,2.087663452150395
XOC,2024,CROP_FLW,4.701139272437017
XOC,2024,PDR,21.999883918833667
XOC,2024,WHT,1.7865112541493455
XOC,2024,GRO,2.4618053118353793
XOC,2024,OSD,7.500360657670831
XOC,2024,C_B,153.03965579439904
XOC,2024,OTH_A,6.329203563625673
XOC,2024,CEREAL,2.0922512560987703
XOC,2025,CROP_FLW,4.703079339069721
XOC,2025,PDR,22.027859537071866
XOC,2025,WHT,1.7897743927684853
XOC,2025,GRO,2.4676917649086723
XOC,2025,OSD,7.523004185933548
XOC,2025,C_B,153.16020455713505
XOC,2025,OTH_A,6.349878416188781
XOC,2025,CEREAL,2.096849142105653
XOC,2026,CROP_FLW,4.705020206329321
XOC,2026,PDR,22.055870729825756
XOC,2026,WHT,1.7930434916487892
XOC,2026,GRO,2.4735922931525804
XOC,2026,OSD,7.545716074825251
XOC,2026,C_B,153.28084827567918
XOC,2026,OTH_A,6.370620804820876
XOC,2026,CEREAL,2.101457132327157
XOC,2027,CROP_FLW,4.706961874546218
XOC,2027,PDR,22.083917542332813
XOC,2027,WHT,1.7963185616769277
XOC,2027,GRO,2.479506930222417
XOC,2027,OSD,7.568496530726128
XOC,2027,C_B,153.40158702482788
XOC,2027,OTH_A,6.39143095013396
XOC,2027,CEREAL,2.1060752489680845
XOC,2028,CROP_FLW,4.708904344050953
XOC,2028,PDR,22.112000019888033
XOC,2028,WHT,1.7995996137594557
XOC,2028,GRO,2.4854357098539697
XOC,2028,OSD,7.591345760639424
XOC,2028,C_B,153.52242087943625
XOC,2028,OTH_A,6.412309073460682
XOC,2028,CEREAL,2.110703514282036
XOC,2029,CROP_FLW,4.710847615174199
XOC,2029,PDR,22.140118207844
XOC,2029,WHT,1.8028866588228485
XOC,2029,GRO,2.4913786658636936
XOC,2029,OSD,7.61426397219333
XOC,2029,C_B,153.64334991441862
XOC,2029,OTH_A,6.433255396856692
XOC,2029,CEREAL,2.1153419505715148
XOC,2030,CROP_FLW,4.712791688246772
XOC,2030,PDR,22.168272151610978
XOC,2030,WHT,1.8061797078135406
XOC,2030,GRO,2.497335832148904
XOC,2030,OSD,7.637251373642859
XOC,2030,C_B,153.76437420474835
XOC,2030,OTH_A,6.454270143103009
XOC,2030,CEREAL,2.119990580188037
XOC,2031,CROP_FLW,4.686859412751431
XOC,2031,PDR,22.1929501481192
XOC,2031,WHT,1.8130752356666828
XOC,2031,GRO,2.524967829450854
XOC,2031,OSD,7.672784413695598
XOC,2031,C_B,153.66987831510104
XOC,2031,OTH_A,6.481881474800715
XOC,2031,CEREAL,2.1348813248204364
XOC,2032,CROP_FLW,4.661069830368126
XOC,2032,PDR,22.21765561648032
XOC,2032,WHT,1.8199970888650645
XOC,2032,GRO,2.552905563476341
XOC,2032,OSD,7.708482774604444
XOC,2032,C_B,153.5754404978987
XOC,2032,OTH_A,6.509610927621525
XOC,2032,CEREAL,2.1498766615570553
XOC,2033,CROP_FLW,4.63542215592379
XOC,2033,PDR,22.24238858727636
XOC,2033,WHT,1.8269453679120586
XOC,2033,GRO,2.5811524170768885
XOC,2033,OSD,7.744347225540438
XOC,2033,C_B,153.48106071745295
XOC,2033,OTH_A,6.537459006886945
XOC,2033,CEREAL,2.164977325049419
XOC,2034,CROP_FLW,4.609915608565797
XOC,2034,PDR,22.267149091123354
XOC,2034,WHT,1.8339201736947328
XOC,2034,GRO,2.6097118105338826
XOC,2034,OSD,7.780378539253264
XOC,2034,C_B,153.38673893809724
XOC,2034,OTH_A,6.565426220080243
XOC,2034,CEREAL,2.1801840551092226
XOC,2035,CROP_FLW,4.584549411738186
XOC,2035,PDR,22.291937158671452
XOC,2035,WHT,1.8409216074853156
XOC,2035,GRO,2.638587201972721
XOC,2035,OSD,7.816577492087901
XOC,2035,C_B,153.29247512418704
XOC,2035,OTH_A,6.593513076855702
XOC,2035,CEREAL,2.195497596744573
XOC,2036,CROP_FLW,4.559322793158016
XOC,2036,PDR,22.316752820604908
XOC,2036,WHT,1.847949770942668
XOC,2036,GRO,2.6677820877815446
XOC,2036,OSD,7.85294486400134
XOC,2036,C_B,153.19826924009968
XOC,2036,OTH_A,6.621720089047897
XOC,2036,CEREAL,2.21091870019649
XOC,2037,CROP_FLW,4.5342349847918575
XOC,2037,PDR,22.34159610764213
XOC,2037,WHT,1.8550047661137565
XOC,2037,GRO,2.6973000030345915
XOC,2037,OSD,7.889481438579401
XOC,2037,C_B,153.10412125023439
XOC,2037,OTH_A,6.65004777068103
XOC,2037,CEREAL,2.226448120975663
XOC,2038,CROP_FLW,4.509285222832407
XOC,2038,PDR,22.366467050535725
XOC,2038,WHT,1.8620866954351378
XOC,2038,GRO,2.7271445219202506
XOC,2038,OSD,7.926188003053614
XOC,2038,C_B,153.01003111901227
XOC,2038,OTH_A,6.6784966379782995
XOC,2038,CEREAL,2.242086619899461
XOC,2039,CROP_FLW,4.484472747675233
XOC,2039,PDR,22.391365680072546
XOC,2039,WHT,1.8691956617344447
XOC,2039,GRO,2.757319258173838
XOC,2039,OSD,7.963065348318172
XOC,2039,C_B,152.91599881087632
XOC,2039,OTH_A,6.707067209371299
XOC,2039,CEREAL,2.257834963129213
XOC,2040,CROP_FLW,4.459796803895654
XOC,2040,PDR,22.41629202707368
XOC,2040,WHT,1.876331768231881
XOC,2040,GRO,2.7878278655151734
XOC,2040,OSD,8.000114268946986
XOC,2040,C_B,152.82202429029132
XOC,2040,OTH_A,6.7357600055094675
XOC,2040,CEREAL,2.2736939222077357
XOC,2041,CROP_FLW,4.485258333919572
XOC,2041,PDR,22.420328572852664
XOC,2041,WHT,1.8773950532061106
XOC,2041,GRO,2.806455664414104
XOC,2041,OSD,8.007903413024248
XOC,2041,C_B,152.68235768750372
XOC,2041,OTH_A,6.7478348889567314
XOC,2041,CEREAL,2.2798273455328224
XOC,2042,CROP_FLW,4.510865226958817
XOC,2042,PDR,22.424365845500382
XOC,2042,WHT,1.8784589407256658
XOC,2042,GRO,2.8252079311455396
XOC,2042,OSD,8.01570014083887
XOC,2042,C_B,152.5428187283593
XOC,2042,OTH_A,6.759931418485529
XOC,2042,CEREAL,2.2859773141287203
XOC,2043,CROP_FLW,4.5366183129087725
XOC,2043,PDR,22.428403845147727
XOC,2043,WHT,1.8795234311319988
XOC,2043,GRO,2.8440854973826917
XOC,2043,OSD,8.0235044597746
XOC,2043,C_B,152.40340729620235
XOC,2043,OTH_A,6.7720496328997815
XOC,2043,CEREAL,2.292143872627272
XOC,2044,CROP_FLW,4.5625184264027965
XOC,2044,PDR,22.432442571925602
XOC,2044,WHT,1.8805885247667549
XOC,2044,GRO,2.8630892003558737
XOC,2044,OSD,8.031316377222371
XOC,2044,C_B,152.26412327448384
XOC,2044,OTH_A,6.784189571072973
XOC,2044,CEREAL,2.298327065780718
XOC,2045,CROP_FLW,4.5885664068392735
XOC,2045,PDR,22.43648202596495
XOC,2045,WHT,1.881654221971774
XOC,2045,GRO,2.8822198828896295
XOC,2045,OSD,8.039135900580316
XOC,2045,C_B,152.12496654676124
XOC,2045,OTH_A,6.796351271948278
XOC,2045,CEREAL,2.3045269384620197
XOC,2046,CROP_FLW,4.614763098408815
XOC,2046,PDR,22.44052220739673
XOC,2046,WHT,1.8827205230890884
XOC,2046,GRO,2.901478393440117
XOC,2046,OSD,8.046963037253773
XOC,2046,C_B,151.98593699669848
XOC,2046,OTH_A,6.808534774538679
XOC,2046,CEREAL,2.310743535665187
XOC,2047,CROP_FLW,4.641109350121622
XOC,2047,PDR,22.444563116351926
XOC,2047,WHT,1.883787428460925
XOC,2047,GRO,2.9208655861327353
XOC,2047,OSD,8.054797794655286
XOC,2047,C_B,151.8470345080657
XOC,2047,OTH_A,6.820740117927094
XOC,2047,CEREAL,2.3169769025056013
XOC,2048,CROP_FLW,4.667606015834999
XOC,2048,PDR,22.44860475296154
XOC,2048,WHT,1.8848549384297044
XOC,2048,GRO,2.940382320800007
XOC,2048,OSD,8.062640180204617
XOC,2048,C_B,151.7082589647394
XOC,2048,OTH_A,6.832967341266507
XOC,2048,CEREAL,2.323227084220349
XOC,2049,CROP_FLW,4.694253954281027
XOC,2049,PDR,22.4526471173566
XOC,2049,WHT,1.8859230533380413
XOC,2049,GRO,2.9600294630197124
XOC,2049,OSD,8.070490201328756
XOC,2049,C_B,151.56961025070208
XOC,2049,OTH_A,6.845216483780085
XOC,2049,CEREAL,2.3294941261685427
XOC,2050,CROP_FLW,4.721054029094399
XOC,2050,PDR,22.45669020966817
XOC,2050,WHT,1.8869917735287454
XOC,2050,GRO,2.979807884153276
XOC,2050,OSD,8.07834786546192
XOC,2050,C_B,151.43108825004234
XOC,2050,OTH_A,6.857487584761312
XOC,2050,CEREAL,2.3357780738316594
XOC,2051,CROP_FLW,4.743451981895702
XOC,2051,PDR,22.490418764436555
XOC,2051,WHT,1.8849624446560818
XOC,2051,GRO,2.9603055322410303
XOC,2051,OSD,8.117448157074271
XOC,2051,C_B,151.37189120661594
XOC,2051,OTH_A,6.879124721749407
XOC,2051,CEREAL,2.3278957411640846
XOC,2052,CROP_FLW,4.765956196622116
XOC,2052,PDR,22.524197977400615
XOC,2052,WHT,1.882935298185976
XOC,2052,GRO,2.940930820010568
XOC,2052,OSD,8.156737699363822
XOC,2052,C_B,151.31271730434236
XOC,2052,OTH_A,6.900830129469495
XOC,2052,CEREAL,2.3200400082702544
XOC,2053,CROP_FLW,4.788567177408856
XOC,2053,PDR,22.55802792464581
XOC,2053,WHT,1.8809103317714053
XOC,2053,GRO,2.9216829120811902
XOC,2053,OSD,8.196217408329332
XOC,2053,C_B,151.25356653417526
XOC,2053,OTH_A,6.9226040233332915
XOC,2053,CEREAL,2.312210785386391
XOC,2054,CROP_FLW,4.811285430782891
XOC,2054,PDR,22.591908682371876
XOC,2054,WHT,1.8788875430678718
XOC,2054,GRO,2.9025609785396282
XOC,2054,OSD,8.235888204403127
XOC,2054,C_B,151.19443888707195
XOC,2054,OTH_A,6.944446619432196
XOC,2054,CEREAL,2.304407983051633
XOC,2055,CROP_FLW,4.834111465674285
XOC,2055,PDR,22.625840326893012
XOC,2055,WHT,1.8768669297333973
XOC,2055,GRO,2.883564194904257
XOC,2055,OSD,8.275751012472544
XOC,2055,C_B,151.13533435399322
XOC,2055,OTH_A,6.96635813453943
XOC,2055,CEREAL,2.2966315121070147
XOC,2056,CROP_FLW,4.85704579342761
XOC,2056,PDR,22.659822934638026
XOC,2056,WHT,1.8748484894285233
XOC,2056,GRO,2.8646917420895504
XOC,2056,OSD,8.3158067619015
XOC,2056,C_B,151.07625292590333
XOC,2056,OTH_A,6.988338786112188
XOC,2056,CEREAL,2.288881283694447
XOC,2057,CROP_FLW,4.880088927813391
XOC,2057,PDR,22.693856582150506
XOC,2057,WHT,1.8728322198163077
XOC,2057,GRO,2.8459428063707595
XOC,2057,OSD,8.356056386552163
XOC,2057,C_B,151.01719459377023
XOC,2057,OTH_A,7.010388792293802
XOC,2057,CEREAL,2.2811572092557015
XOC,2058,CROP_FLW,4.90324138503962
XOC,2058,PDR,22.727941346089025
XOC,2058,WHT,1.8708181185623203
XOC,2058,GRO,2.827316579348833
XOC,2058,OSD,8.396500824806713
XOC,2058,C_B,150.95815934856523
XOC,2058,OTH_A,7.032508371915898
XOC,2058,CEREAL,2.273459200531399
XOC,2059,CROP_FLW,4.926503683763317
XOC,2059,PDR,22.762077303227276
XOC,2059,WHT,1.8688061833346423
XOC,2059,GRO,2.8088122579155548
XOC,2059,OSD,8.437141019589228
XOC,2059,C_B,150.89914718126332
XOC,2059,OTH_A,7.054697744500574
XOC,2059,CEREAL,2.2657871695600016
XOC,2060,CROP_FLW,4.94987634510215
XOC,2060,PDR,22.796264530454252
XOC,2060,WHT,1.866796411803863
XOC,2060,GRO,2.7904290442189232
XOC,2060,OSD,8.47797791838767
XOC,2060,C_B,150.84015808284283
XOC,2060,OTH_A,7.0769571302625796
XOC,2060,CEREAL,2.2581410286768073
XOC,2061,CROP_FLW,4.8935622383147726
XOC,2061,PDR,22.967773840348013
XOC,2061,WHT,1.8741512537576344
XOC,2061,GRO,2.841343633550179
XOC,2061,OSD,8.627015006522873
XOC,2061,C_B,151.6239921786987
XOC,2061,OTH_A,7.151092134570257
XOC,2061,CEREAL,2.2790373480928876
XOC,2062,CROP_FLW,4.837888809880178
XOC,2062,PDR,23.140573512675537
XOC,2062,WHT,1.8815350724652837
XOC,2062,GRO,2.8931872181598286
XOC,2062,OSD,8.778672065346093
XOC,2062,C_B,152.4118994331725
XOC,2062,OTH_A,7.226003743676089
XOC,2062,CEREAL,2.300127037258507
XOC,2063,CROP_FLW,4.782848770883118
XOC,2063,PDR,23.31467325556994
XOC,2063,WHT,1.8889479820900072
XOC,2063,GRO,2.9459767486358777
XOC,2063,OSD,8.932995152160863
XOC,2063,C_B,153.20390101224976
XOC,2063,OTH_A,7.301700092940939
XOC,2063,CEREAL,2.321411885572999
XOC,2064,CROP_FLW,4.728434915333392
XOC,2064,PDR,23.490082850204157
XOC,2064,WHT,1.8963900972447838
XOC,2064,GRO,2.999729484849319
XOC,2064,OSD,9.090031133926802
XOC,2064,C_B,154.0000181919041
XOC,2064,OTH_A,7.3781894029480295
XOC,2064,CEREAL,2.3428936989943883
XOC,2065,CROP_FLW,4.674640119222429
XOC,2065,PDR,23.666812151340473
XOC,2065,WHT,1.9038615329941464
XOC,2065,GRO,3.054463001597355
XOC,2065,OSD,9.249827701492814
XOC,2065,C_B,154.80027235866876
XOC,2065,OTH_A,7.4554799803957
XOC,2065,CEREAL,2.3645743001926216
XOC,2066,CROP_FLW,4.6214573395905845
XOC,2066,PDR,23.844871087884183
XOC,2066,WHT,1.9113624048559616
XOC,2066,GRO,3.1101951943495907
XOC,2066,OSD,9.41243338408051
XOC,2066,C_B,155.6046850102112
XOC,2066,OTH_A,7.533580218999512
XOC,2066,CEREAL,2.3864555287042135
XOC,2067,CROP_FLW,4.568879613605059
XOC,2067,PDR,24.024269663441384
XOC,2067,WHT,1.9188928288032159
XOC,2067,GRO,3.1669442850990674
XOC,2067,OSD,9.57789756402222
XOC,2067,C_B,156.41327775591043
XOC,2067,OTH_A,7.612498600403786
XOC,2067,CEREAL,2.4085392410883313
XOC,2068,CROP_FLW,4.51690005764831
XOC,2068,PDR,24.205017956881036
XOC,2068,WHT,1.9264529212658084
XOC,2068,GRO,3.224728828320062
XOC,2068,OSD,9.746270491758109
XOC,2068,C_B,157.22607231743777
XOC,2068,OTH_A,7.692243695102725
XOC,2068,CEREAL,2.430827311084313
XOC,2069,CROP_FLW,4.465511866416824
XOC,2069,PDR,24.38712612290117
XOC,2069,WHT,1.934042799132351
XOC,2069,GRO,3.2835677170345883
XOC,2069,OSD,9.917603301096909
XOC,2069,C_B,158.04309052934008
XOC,2069,OTH_A,7.772824163371152
XOC,2069,CEREAL,2.45332162977065
XOC,2070,CROP_FLW,4.41470831203015
XOC,2070,PDR,24.57060439259941
XOC,2070,WHT,1.9416625797519762
XOC,2070,GRO,3.3434801889895858
XOC,2070,OSD,10.091948024744958
XOC,2070,C_B,158.8643543396264
XOC,2070,OTH_A,7.854248756205015
XOC,2070,CEREAL,2.4760241057254415
XOC,2071,CROP_FLW,4.393232619485021
XOC,2071,PDR,24.566254391502138
XOC,2071,WHT,1.9504281251341609
XOC,2071,GRO,3.4096572372549656
XOC,2071,OSD,10.188221472000782
XOC,2071,C_B,161.3628242771193
XOC,2071,OTH_A,7.876084973179041
XOC,2071,CEREAL,2.5047847154209397
XOC,2072,CROP_FLW,4.371861397119503
XOC,2072,PDR,24.561905160532827
XOC,2072,WHT,1.9592332421631644
XOC,2072,GRO,3.4771441188286274
XOC,2072,OSD,10.285413332294782
XOC,2072,C_B,163.90058781231383
XOC,2072,OTH_A,7.897981898743608
XOC,2072,CEREAL,2.5338793980635237
XOC,2073,CROP_FLW,4.350594136730269
XOC,2073,PDR,24.55755669955514
XOC,2073,WHT,1.968078109483345
XOC,2073,GRO,3.5459667590629467
XOC,2073,OSD,10.383532366947268
XOC,2073,C_B,166.4782629181531
XOC,2073,OTH_A,7.919939701679457
XOC,2073,CEREAL,2.5633120341249636
XOC,2074,CROP_FLW,4.329430332586186
XOC,2074,PDR,24.55320900843275
XOC,2074,WHT,1.9769629065455432
XOC,2074,GRO,3.61615159644727
XOC,2074,OSD,10.4825874208583
XOC,2074,C_B,169.09647728648034
XOC,2074,OTH_A,7.941958551236579
XOC,2074,CEREAL,2.5930865491511983
XOC,2075,CROP_FLW,4.308369481416287
XOC,2075,PDR,24.548862087029367
XOC,2075,WHT,1.9858878136107216
XOC,2075,GRO,3.687725592764365
XOC,2075,OSD,10.58258742330501
XOC,2075,C_B,171.755868480889
XOC,2075,OTH_A,7.9640386171354995
XOC,2075,CEREAL,2.623206914285904
XOC,2076,CROP_FLW,4.28741108239781
XOC,2076,PDR,24.544515935208715
XOC,2076,WHT,1.9948530117536223
XOC,2076,GRO,3.7607162434478965
XOC,2076,OSD,10.683541388746528
XOC,2076,C_B,174.45708409197618
XOC,2076,OTH_A,7.986180069568603
XOC,2076,CEREAL,2.653677146800141
XOC,2077,CROP_FLW,4.266554637144281
XOC,2077,PDR,24.540170552834553
XOC,2077,WHT,2.0038586828664418
XOC,2077,GRO,3.8351515881449023
XOC,2077,OSD,10.785458417636587
XOC,2077,C_B,177.20078189503803
XOC,2077,OTH_A,8.008383079201444
XOC,2077,CEREAL,2.6845013106281503
XOC,2078,CROP_FLW,4.245799649693666
XOC,2078,PDR,24.535825939770646
XOC,2078,WHT,2.0129050096625183
XOC,2078,GRO,3.9110602214873396
XOC,2078,OSD,10.888347697243878
XOC,2078,C_B,179.98763001024517
XOC,2078,OTH_A,8.03064781717405
XOC,2078,CEREAL,2.7156835169093805
XOC,2079,CROP_FLW,4.22514562649658
XOC,2079,PDR,24.531482095880804
XOC,2079,WHT,2.0219921756800443
XOC,2079,GRO,3.988471304076823
XOC,2079,OSD,10.992218502480231
XOC,2079,C_B,182.81830706533722
XOC,2079,OTH_A,8.05297445510225
XOC,2079,CEREAL,2.747227924536803
XOC,2080,CROP_FLW,4.204592076404542
XOC,2080,PDR,24.527139021028855
XOC,2080,WHT,2.031120365285786
XOC,2080,GRO,4.0674145736867855
XOC,2080,OSD,11.097080196736712
XOC,2080,C_B,185.69350236087587
XOC,2080,OTH_A,8.075363165078999
XOC,2080,CEREAL,2.779138740711601
XOC,2081,CROP_FLW,4.221854496047888
XOC,2081,PDR,24.54495194716157
XOC,2081,WHT,2.0397185894820486
XOC,2081,GRO,4.107748650730586
XOC,2081,OSD,11.146836444413648
XOC,2081,C_B,189.5926455008038
XOC,2081,OTH_A,8.08838632057834
XOC,2081,CEREAL,2.7997368622859797
XOC,2082,CROP_FLW,4.23918778847188
XOC,2082,PDR,24.562777809998284
XOC,2082,WHT,2.0483532120427768
XOC,2082,GRO,4.148482696290381
XOC,2082,OSD,11.196815785385304
XOC,2082,C_B,193.57366181901935
XOC,2082,OTH_A,8.101430478548494
XOC,2082,CEREAL,2.8204876508021623
XOC,2083,CROP_FLW,4.25659224465259
XOC,2083,PDR,24.58061661893432
XOC,2083,WHT,2.057024387051058
XOC,2083,GRO,4.189620676610737
XOC,2083,OSD,11.247019219940501
XOC,2083,C_B,197.6382704669059
XOC,2083,OTH_A,8.114495672860187
XOC,2083,CEREAL,2.8413922377805654
XOC,2084,CROP_FLW,4.274068156760724
XOC,2084,PDR,24.598468383371845
XOC,2084,WHT,2.0657322692422526
XOC,2084,GRO,4.231166597267048
XOC,2084,OSD,11.297447752853074
XOC,2084,C_B,201.78822669413367
XOC,2084,OTH_A,8.127581937438773
XOC,2084,CEREAL,2.862451763128089
XOC,2085,CROP_FLW,4.291615818166526
XOC,2085,PDR,24.616333112719822
XOC,2085,WHT,2.0744770140067508
XOC,2085,GRO,4.273124503555572
XOC,2085,OSD,11.348102393401991
XOC,2085,C_B,206.0253226066422
XOC,2085,OTH_A,8.140689306264317
XOC,2085,CEREAL,2.88366737520027
XOC,2086,CROP_FLW,4.309235523444704
XOC,2086,PDR,24.63421081639408
XOC,2086,WHT,2.08325877739275
XOC,2086,GRO,4.315498480887305
XOC,2086,OSD,11.398984155391542
XOC,2086,C_B,210.3513879405382
XOC,2086,OTH_A,8.153817813371685
XOC,2086,CEREAL,2.9050402308639045
XOC,2087,CROP_FLW,4.326927568379374
XOC,2087,PDR,24.652101503817264
XOC,2087,WHT,2.0920777161090354
XOC,2087,GRO,4.35829265518578
XOC,2087,OSD,11.450094057171643
XOC,2087,C_B,214.76829085224435
XOC,2087,OTH_A,8.16696749285063
XOC,2087,CEREAL,2.92657149556013
XOC,2088,CROP_FLW,4.344692249969032
XOC,2088,PDR,24.670005184418873
XOC,2088,WHT,2.10093398752778
XOC,2088,GRO,4.401511193288808
XOC,2088,OSD,11.501433121658206
XOC,2088,C_B,219.27793872523858
XOC,2088,OTH_A,8.180138378845873
XOC,2088,CEREAL,2.9482623433679738
XOC,2089,CROP_FLW,4.3625298664315295
XOC,2089,PDR,24.687921867635247
XOC,2089,WHT,2.10982774968735
XOC,2089,GRO,4.445158303354194
XOC,2089,OSD,11.553002376353618
XOC,2089,C_B,223.88227899373356
XOC,2089,OTH_A,8.193330505557219
XOC,2089,CEREAL,2.9701139570683774
XOC,2090,CROP_FLW,4.380440717209082
XOC,2090,PDR,24.70585156290958
XOC,2090,WHT,2.118759161295127
XOC,2090,GRO,4.4892382352694815
XOC,2090,OSD,11.604802853367302
XOC,2090,C_B,228.58329998365144
XOC,2090,OTH_A,8.206543907239604
XOC,2090,CEREAL,2.9921275282086905
XOC,2091,CROP_FLW,4.4185179617528165
XOC,2091,PDR,24.720920925784224
XOC,2091,WHT,2.1205411109962813
XOC,2091,GRO,4.49074359557269
XOC,2091,OSD,11.612712199180436
XOC,2091,C_B,229.28126806848394
XOC,2091,OTH_A,8.23405401029979
XOC,2091,CEREAL,2.995926550555738
XOC,2092,CROP_FLW,4.456926195036188
XOC,2092,PDR,24.735999480234266
XOC,2092,WHT,2.122324559378737
XOC,2092,GRO,4.492249460663019
XOC,2092,OSD,11.620626935671206
XOC,2092,C_B,229.98136736520934
XOC,2092,OTH_A,8.261656333151757
XOC,2092,CEREAL,2.9997303964173785
XOC,2093,CROP_FLW,4.495668294198735
XOC,2093,PDR,24.751087231866123
XOC,2093,WHT,2.124109507702937
XOC,2093,GRO,4.493755830709737
XOC,2093,OSD,11.628547066513667
XOC,2093,C_B,230.68360438138035
XOC,2093,OTH_A,8.289351184936116
XOC,2093,CEREAL,3.0035390719178943
XOC,2094,CROP_FLW,4.534747161389704
XOC,2094,PDR,24.76618418628962
XOC,2094,WHT,2.125895957230384
XOC,2094,GRO,4.49526270588217
XOC,2094,OSD,11.636472595384385
XOC,2094,C_B,231.38798564442033
XOC,2094,OTH_A,8.317138875829782
XOC,2094,CEREAL,3.007352583189347
XOC,2095,CROP_FLW,4.574165723985446
XOC,2095,PDR,24.781290349118017
XOC,2095,WHT,2.127683909223642
XOC,2095,GRO,4.496770086349699
XOC,2095,OSD,11.644403525962431
XOC,2095,C_B,232.0945177016836
XOC,2095,OTH_A,8.345019717049444
XOC,2095,CEREAL,3.011170936371582
XOC,2096,CROP_FLW,4.613926934808711
XOC,2096,PDR,24.796405725967986
XOC,2096,WHT,2.129473364946337
XOC,2096,GRO,4.4982779722817625
XOC,2096,OSD,11.652339861929379
XOC,2096,C_B,232.80320712051673
XOC,2096,OTH_A,8.372994020855069
XOC,2096,CEREAL,3.0149941376122404
XOC,2097,CROP_FLW,4.654033772349837
XOC,2097,PDR,24.81153032245963
XOC,2097,WHT,2.131264325663157
XOC,2097,GRO,4.499786363847857
XOC,2097,OSD,11.660281606969317
XOC,2097,C_B,233.51406048831913
XOC,2097,OTH_A,8.401062100553373
XOC,2097,CEREAL,3.0188221930667702
XOC,2098,CROP_FLW,4.694489240989867
XOC,2098,PDR,24.826664144216487
XOC,2098,WHT,2.133056792639854
XOC,2098,GRO,4.501295261217535
XOC,2098,OSD,11.668228764768838
XOC,2098,C_B,234.2270844126047
XOC,2098,OTH_A,8.429224270501354
XOC,2098,CEREAL,3.0226551088984324
XOC,2099,CROP_FLW,4.735296371225611
XOC,2099,PDR,24.841807196865513
XOC,2099,WHT,2.134850767143245
XOC,2099,GRO,4.502804664560405
XOC,2099,OSD,11.676181339017056
XOC,2099,C_B,234.94228552106296
XOC,2099,OTH_A,8.457480846109794
XOC,2099,CEREAL,3.0264928912783158
XOC,2100,CROP_FLW,4.776458219896651
XOC,2100,PDR,24.8569594860371
XOC,2100,WHT,2.136646250441212
XOC,2100,GRO,4.504314574046134
XOC,2100,OSD,11.684139333405591
XOC,2100,C_B,235.65967046162086
XOC,2100,OTH_A,8.485832143846809
XOC,2100,CEREAL,3.030335546385343
XSE,2005,CROP_FLW,7.4874483384901795
XSE,2005,PDR,3.835305340253477
XSE,2005,WHT,2.271830116244031
XSE,2005,GRO,3.1664342439010493
XSE,2005,OSD,8.537980744435014
XSE,2005,C_B,62.36589936735681
XSE,2005,OTH_A,2.0002750853252325
XSE,2005,CEREAL,3.6401812898657946
XSE,2006,CROP_FLW,7.4845064738028135
XSE,2006,PDR,3.862960035317148
XSE,2006,WHT,2.7218100121714257
XSE,2006,GRO,3.253881828281229
XSE,2006,OSD,8.651870409780997
XSE,2006,C_B,62.80979318559815
XSE,2006,OTH_A,2.0368224800511228
XSE,2006,CEREAL,3.690554237148274
XSE,2007,CROP_FLW,7.48156576499225
XSE,2007,PDR,3.8908141361884967
XSE,2007,WHT,3.260917129932462
XSE,2007,GRO,3.3437444572904442
XSE,2007,OSD,8.767279269917983
XSE,2007,C_B,63.25684645032983
XSE,2007,OTH_A,2.0740376389615744
XSE,2007,CEREAL,3.7416242469163468
XSE,2008,CROP_FLW,7.478626211604337
XSE,2008,PDR,3.9188690806948454
XSE,2008,WHT,3.9068048396969592
XSE,2008,GRO,3.436088827345774
XSE,2008,OSD,8.884227589659341
XSE,2008,C_B,63.707081649141706
XSE,2008,OTH_A,2.111932762899069
XSE,2008,CEREAL,3.7934009651433978
XSE,2009,CROP_FLW,7.475687813185101
XSE,2009,PDR,3.9471263170310538
XSE,2009,WHT,4.68062310304577
XSE,2009,GRO,3.5309834768228217
XSE,2009,OSD,9.002735904134441
XSE,2009,C_B,64.16052142968068
XSE,2009,OTH_A,2.1505202756299306
XSE,2009,CEREAL,3.8458941712841055
XSE,2010,CROP_FLW,7.472750569280748
XSE,2010,PDR,3.9755873038342773
XSE,2010,WHT,5.6077110405302895
XSE,2010,GRO,3.6284988369251896
XSE,2010,OSD,9.122825022394455
XSE,2010,C_B,64.61718860078996
XSE,2010,OTH_A,2.189812827917406
XSE,2010,CEREAL,3.899113780121563
XSE,2011,CROP_FLW,7.455878645442094
XSE,2011,PDR,3.9931025890548524
XSE,2011,WHT,5.650589548571755
XSE,2011,GRO,3.6368138132203085
XSE,2011,OSD,9.136420551057572
XSE,2011,C_B,65.057140858981
XSE,2011,OTH_A,2.184751626743186
XSE,2011,CEREAL,3.9144436625295596
XSE,2012,CROP_FLW,7.439044814914782
XSE,2012,PDR,4.010695041544793
XSE,2012,WHT,5.6937959205916915
XSE,2012,GRO,3.645147843905107
XSE,2012,OSD,9.15003634081297
XSE,2012,C_B,65.5000885738559
XSE,2012,OTH_A,2.1797021232615723
XSE,2012,CEREAL,3.9298338164012514
XSE,2013,CROP_FLW,7.422248991692001
XSE,2013,PDR,4.028365001280717
XSE,2013,WHT,5.7373326635520545
XSE,2013,GRO,3.6535009726441414
XSE,2013,OSD,9.16367242185527
XSE,2013,C_B,65.94605214026568
XSE,2013,OTH_A,2.1746642904362927
XSE,2013,CEREAL,3.945284478701883
XSE,2014,CROP_FLW,7.405491089961124
XSE,2014,PDR,4.0461128097370835
XSE,2014,WHT,5.781202303583903
XSE,2014,GRO,3.661873243202032
XSE,2014,OSD,9.177328824424094
XSE,2014,C_B,66.39505209192154
XSE,2014,OTH_A,2.1696381012935624
XSE,2014,CEREAL,3.9607958873283606
XSE,2015,CROP_FLW,7.388771024103275
XSE,2015,PDR,4.063938809892788
XSE,2015,WHT,5.82540738613397
XSE,2015,GRO,3.670264699443688
XSE,2015,OSD,9.191005578804129
XSE,2015,C_B,66.84710910234053
XSE,2015,OTH_A,2.1646235289219398
XSE,2015,CEREAL,3.976368281112911
XSE,2016,CROP_FLW,7.372088708692884
XSE,2016,PDR,4.081843346237792
XSE,2016,WHT,5.869950476112361
XSE,2016,GRO,3.6786753853345355
XSE,2016,OSD,9.204702715325194
XSE,2016,C_B,67.30224398579718
XSE,2016,OTH_A,2.1596205464721825
XSE,2016,CEREAL,3.9920018998267635
XSE,2017,CROP_FLW,7.355444058497254
XSE,2017,PDR,4.099826764779779
XSE,2017,WHT,5.914834158041377
XSE,2017,GRO,3.687105344940756
XSE,2017,OSD,9.218420264362303
XSE,2017,C_B,67.76047769828206
XSE,2017,OTH_A,2.154629127157104
XSE,2017,CEREAL,4.007696984183839
XSE,2018,CROP_FLW,7.338836988476129
XSE,2018,PDR,4.117889413050843
XSE,2018,WHT,5.960061036205472
XSE,2018,GRO,3.695554622429506
XSE,2018,OSD,9.232158256335751
XSE,2018,C_B,68.22183133846654
XSE,2018,OTH_A,2.149649244251428
XSE,2018,CEREAL,4.023453775844457
XSE,2019,CROP_FLW,7.322267413781254
XSE,2019,PDR,4.136031640114203
XSE,2019,WHT,6.005633734802368
XSE,2019,GRO,3.7040232620691587
XSE,2019,OSD,9.24591672171115
XSE,2019,C_B,68.68632614867435
XSE,2019,OTH_A,2.144680871091648
XSE,2019,CEREAL,4.0392725174190565
XSE,2020,CROP_FLW,7.305735249755945
XSE,2020,PDR,4.15425379657095
XSE,2020,WHT,6.051554898095303
XSE,2020,GRO,3.712511308229527
XSE,2020,OSD,9.259695690999525
XSE,2020,C_B,69.15398351585955
XSE,2020,OTH_A,2.139723981075884
XSE,2020,CEREAL,4.05515345247193
XSE,2021,CROP_FLW,7.3054602232615045
XSE,2021,PDR,4.174748411919159
XSE,2021,WHT,6.065435805770264
XSE,2021,GRO,3.7260760434524087
XSE,2021,OSD,9.27512657837019
XSE,2021,C_B,69.17928206823518
XSE,2021,OTH_A,2.1484862472004322
XSE,2021,CEREAL,4.073232896763056
XSE,2022,CROP_FLW,7.305185207120515
XSE,2022,PDR,4.1953441354997585
XSE,2022,WHT,6.0793485531295905
XSE,2022,GRO,3.739690341363829
XSE,2022,OSD,9.290583180655576
XSE,2022,C_B,69.20458987556215
XSE,2022,OTH_A,2.1572843951996132
XSE,2022,CEREAL,4.091392946217392
XSE,2023,CROP_FLW,7.304910201332587
XSE,2023,PDR,4.216041466120579
XSE,2023,WHT,6.093293213206368
XSE,2023,GRO,3.7533543830554255
XSE,2023,OSD,9.306065540708492
XSE,2023,C_B,69.22990694122619
XSE,2023,OTH_A,2.16611857201132
XSE,2023,CEREAL,4.109633960203967
XSE,2024,CROP_FLW,7.30463520589733
XSE,2024,PDR,4.236840905050276
XSE,2024,WHT,6.107269859201202
XSE,2024,GRO,3.767068350280503
XSE,2024,OSD,9.321573701453156
XSE,2024,C_B,69.25523326861428
XSE,2024,OTH_A,2.1749889251751644
XSE,2024,CEREAL,4.127956299694013
XSE,2025,CROP_FLW,7.304360220814354
XSE,2025,PDR,4.257742956030464
XSE,2025,WHT,6.121278564482604
XSE,2025,GRO,3.7808324254564583
XSE,2025,OSD,9.337107705885318
XSE,2025,C_B,69.2805688611146
XSE,2025,OTH_A,2.183895602834937
XSE,2025,CEREAL,4.146360327268118
XSE,2026,CROP_FLW,7.304085246083272
XSE,2026,PDR,4.278748125287916
XSE,2026,WHT,6.135319402587376
XSE,2026,GRO,3.7946467916672004
XSE,2026,OSD,9.352667597072381
XSE,2026,C_B,69.30591372211664
XSE,2026,OTH_A,2.192838753741088
XSE,2026,CEREAL,4.164846407123391
XSE,2027,CROP_FLW,7.303810281703691
XSE,2027,PDR,4.299856921546834
XSE,2027,WHT,6.149392447220998
XSE,2027,GRO,3.8085116326655895
XSE,2027,OSD,9.36825341815352
XSE,2027,C_B,69.33126785501106
XSE,2027,OTH_A,2.2018185272532023
XSE,2027,CEREAL,4.183414905080672
XSE,2028,CROP_FLW,7.303535327675224
XSE,2028,PDR,4.321069856041152
XSE,2028,WHT,6.163497772258013
XSE,2028,GRO,3.82242713287588
XSE,2028,OSD,9.383865212339789
XSE,2028,C_B,69.35663126318981
XSE,2028,OTH_A,2.2108350733425035
XSE,2028,CEREAL,4.202066188591773
XSE,2029,CROP_FLW,7.303260383997479
XSE,2029,PDR,4.342387442526938
XSE,2029,WHT,6.1776354517424155
XSE,2029,GRO,3.836393477396174
XSE,2029,OSD,9.399503022914262
XSE,2029,C_B,69.38200395004604
XSE,2029,OTH_A,2.2198885425943513
XSE,2029,CEREAL,4.2208006267467475
XSE,2030,CROP_FLW,7.302985450670071
XSE,2030,PDR,4.363810197294818
XSE,2030,WHT,6.191805559888046
XSE,2030,GRO,3.850410852000883
XSE,2030,OSD,9.415166893232128
XSE,2030,C_B,69.40738591897424
XSE,2030,OTH_A,2.2289790862107624
XSE,2030,CEREAL,4.2396185902811965
XSE,2031,CROP_FLW,7.303538177262024
XSE,2031,PDR,4.384931730535595
XSE,2031,WHT,6.1943486739338764
XSE,2031,GRO,3.8515906831637134
XSE,2031,OSD,9.425497296268997
XSE,2031,C_B,69.42409402099307
XSE,2031,OTH_A,2.236948793423944
XSE,2031,CEREAL,4.255411585742667
XSE,2032,CROP_FLW,7.304090945687101
XSE,2032,PDR,4.406155495346094
XSE,2032,WHT,6.196892832493942
XSE,2032,GRO,3.852770875846814
XSE,2032,OSD,9.435839033913965
XSE,2032,C_B,69.44080614507192
XSE,2032,OTH_A,2.2449469962984154
XSE,2032,CEREAL,4.271263411662666
XSE,2033,CROP_FLW,7.304643755948465
XSE,2033,PDR,4.427481986543323
XSE,2033,WHT,6.19943803599725
XSE,2033,GRO,3.8539514301609614
XSE,2033,OSD,9.446192118603458
XSE,2033,C_B,69.45752229217904
XSE,2033,OTH_A,2.2529737967203185
XSE,2033,CEREAL,4.287174287190425
XSE,2034,CROP_FLW,7.305196608049284
XSE,2034,PDR,4.44891170133928
XSE,2034,WHT,6.20198428487298
XSE,2034,GRO,3.8551323462169655
XSE,2034,OSD,9.456556562787556
XSE,2034,C_B,69.47424246328282
XSE,2034,OTH_A,2.261029296940087
XSE,2034,CEREAL,4.303144432291529
XSE,2035,CROP_FLW,7.305749501992726
XSE,2035,PDR,4.47044513935255
XSE,2035,WHT,6.20453157955049
XSE,2035,GRO,3.8563136241256695
XSE,2035,OSD,9.466932378929995
XSE,2035,C_B,69.49096665935198
XSE,2035,OTH_A,2.269113599573752
XSE,2035,CEREAL,4.319174067750959
XSE,2036,CROP_FLW,7.306302437781957
XSE,2036,PDR,4.492082802619947
XSE,2036,WHT,6.207079920459315
XSE,2036,GRO,3.857495263997951
XSE,2036,OSD,9.477319579508187
XSE,2036,C_B,69.50769488135542
XSE,2036,OTH_A,2.2772268076042472
XSE,2036,CEREAL,4.335263415176142
XSE,2037,CROP_FLW,7.306855415420143
XSE,2037,PDR,4.513825195608231
XSE,2037,WHT,6.209629308029167
XSE,2037,GRO,3.858677265944723
XSE,2037,OSD,9.48771817701323
XSE,2037,C_B,69.52442713026228
XSE,2037,OTH_A,2.2853690243827214
XSE,2037,CEREAL,4.351412697000009
XSE,2038,CROP_FLW,7.307408434910451
XSE,2038,PDR,4.535672825225851
XSE,2038,WHT,6.212179742689931
XSE,2038,GRO,3.8598596300769303
XSE,2038,OSD,9.498128183949934
XSE,2038,C_B,69.54116340704194
XSE,2038,OTH_A,2.2935403536298558
XSE,2038,CEREAL,4.36762213648408
XSE,2039,CROP_FLW,7.307961496256051
XSE,2039,PDR,4.5576262008347825
XSE,2039,WHT,6.214731224871673
XSE,2039,GRO,3.8610423565055525
XSE,2039,OSD,9.508549612836829
XSE,2039,C_B,69.55790371266401
XSE,2039,OTH_A,2.301740899437183
XSE,2039,CEREAL,4.383891957721546
XSE,2040,CROP_FLW,7.308514599460115
XSE,2040,PDR,4.579685834262388
XSE,2040,WHT,6.217283755004637
XSE,2040,GRO,3.8622254453416054
XSE,2040,OSD,9.51898247620617
XSE,2040,C_B,69.57464804809837
XSE,2040,OTH_A,2.3099707662684166
XSE,2040,CEREAL,4.400222385640369
XSE,2041,CROP_FLW,7.304658023227179
XSE,2041,PDR,4.586938954879572
XSE,2041,WHT,6.226614715524998
XSE,2041,GRO,3.8676994184501856
XSE,2041,OSD,9.52468834382917
XSE,2041,C_B,69.62872608849803
XSE,2041,OTH_A,2.3130851931170335
XSE,2041,CEREAL,4.407548662228133
XSE,2042,CROP_FLW,7.300803482042547
XSE,2042,PDR,4.594203562694915
XSE,2042,WHT,6.235959680042549
XSE,2042,GRO,3.873181149878941
XSE,2042,OSD,9.53039763166283
XSE,2042,C_B,69.68284616194471
XSE,2042,OTH_A,2.316203819003464
XSE,2042,CEREAL,4.414887136910433
XSE,2043,CROP_FLW,7.29695097483236
XSE,2043,PDR,4.601479675901378
XSE,2043,WHT,6.245318669574624
XSE,2043,GRO,3.8786706506238207
XSE,2043,OSD,9.53611034175729
XSE,2043,C_B,69.7370083011093
XSE,2043,OTH_A,2.3193266495890756
XSE,2043,CEREAL,4.4222378299968375
XSE,2044,CROP_FLW,7.293100500523324
XSE,2044,PDR,4.608767312720729
XSE,2044,WHT,6.254691705170107
XSE,2044,GRO,3.8841679316963593
XSE,2044,OSD,9.541826476163923
XSE,2044,C_B,69.79121253868809
XSE,2044,OTH_A,2.322453690542872
XSE,2044,CEREAL,4.429600761830729
XSE,2045,CROP_FLW,7.289252058042712
XSE,2045,PDR,4.6160664914036005
XSE,2045,WHT,6.264078807909466
XSE,2045,GRO,3.889673004123698
XSE,2045,OSD,9.547546036935332
XSE,2045,C_B,69.84545890740272
XSE,2045,OTH_A,2.3255849475414965
XSE,2045,CEREAL,4.436975952789361
XSE,2046,CROP_FLW,7.285405646318366
XSE,2046,PDR,4.623377230229528
XSE,2046,WHT,6.273479998904807
XSE,2046,GRO,3.895185878948606
XSE,2046,OSD,9.553269026125344
XSE,2046,C_B,69.89974744000035
XSE,2046,OTH_A,2.3287204262692476
XSE,2046,CEREAL,4.444363423283915
XSE,2047,CROP_FLW,7.281561264278688
XSE,2047,PDR,4.630699547506996
XSE,2047,WHT,6.282895299299925
XSE,2047,GRO,3.9007065672295043
XSE,2047,OSD,9.558995445789023
XSE,2047,C_B,69.95407816925353
XSE,2047,OTH_A,2.3318601324180883
XSE,2047,CEREAL,4.4517631937595565
XSE,2048,CROP_FLW,7.27771891085265
XSE,2048,PDR,4.638033461573487
XSE,2048,WHT,6.2923247302703444
XSE,2048,GRO,3.906235080040488
XSE,2048,OSD,9.564725297982665
XSE,2048,C_B,70.00845112796031
XSE,2048,OTH_A,2.335004071687655
XSE,2048,CEREAL,4.459175284695493
XSE,2049,CROP_FLW,7.273878584969789
XSE,2049,PDR,4.645378990795526
XSE,2049,WHT,6.3017683130233735
XSE,2049,GRO,3.911771428471345
XSE,2049,OSD,9.570458584763795
XSE,2049,C_B,70.06286634894421
XSE,2049,OTH_A,2.3381522497852685
XSE,2049,CEREAL,4.466599716605029
XSE,2050,CROP_FLW,7.270040285560204
XSE,2050,PDR,4.652736153568726
XSE,2050,WHT,6.311226068798145
XSE,2050,GRO,3.917315623627582
XSE,2050,OSD,9.576195308191169
XSE,2050,C_B,70.11732386505432
XSE,2050,OTH_A,2.3413046724259456
XSE,2050,CEREAL,4.474036510035622
XSE,2051,CROP_FLW,7.271645818321679
XSE,2051,PDR,4.654540436380844
XSE,2051,WHT,6.3128853428585945
XSE,2051,GRO,3.920838313330288
XSE,2051,OSD,9.5902216818759
XSE,2051,C_B,70.1687964514136
XSE,2051,OTH_A,2.342343029859062
XSE,2051,CEREAL,4.476689413448981
XSE,2052,CROP_FLW,7.273251705652778
XSE,2052,PDR,4.6563454188751185
XSE,2052,WHT,6.314545053156056
XSE,2052,GRO,3.9243641708509425
XSE,2052,OSD,9.604268600166542
XSE,2052,C_B,70.22030682340132
XSE,2052,OTH_A,2.343381847798738
XSE,2052,CEREAL,4.479343889915333
XSE,2053,CROP_FLW,7.274857947631805
XSE,2053,PDR,4.65815110132288
XSE,2053,WHT,6.31620519980522
XSE,2053,GRO,3.9278931990382415
XSE,2053,OSD,9.618336093155037
XSE,2053,C_B,70.27185500875561
XSE,2053,OTH_A,2.3444211264492054
XSE,2053,CEREAL,4.481999940367427
XSE,2054,CROP_FLW,7.276464544337081
XSE,2054,PDR,4.659957483995561
XSE,2054,WHT,6.31786578292081
XSE,2054,GRO,3.931425400743441
XSE,2054,OSD,9.632424190977408
XSE,2054,C_B,70.32344103523498
XSE,2054,OTH_A,2.345460866014787
XSE,2054,CEREAL,4.4846575657385666
XSE,2055,CROP_FLW,7.278071495846945
XSE,2055,PDR,4.661764567164704
XSE,2055,WHT,6.319526802617573
XSE,2055,GRO,3.9349607788203627
XSE,2055,OSD,9.64653292381381
XSE,2055,C_B,70.3750649306183
XSE,2055,OTH_A,2.3465010666998976
XSE,2055,CEREAL,4.487316766962608
XSE,2056,CROP_FLW,7.279678802239752
XSE,2056,PDR,4.663572351101952
XSE,2056,WHT,6.321188259010292
XSE,2056,GRO,3.938499336125395
XSE,2056,OSD,9.66066232188861
XSE,2056,C_B,70.42672672270484
XSE,2056,OTH_A,2.347541728709041
XSE,2056,CEREAL,4.4899775449739625
XSE,2057,CROP_FLW,7.281286463593875
XSE,2057,PDR,4.665380836079058
XSE,2057,WHT,6.3228501522137766
XSE,2057,GRO,3.9420410755174933
XSE,2057,OSD,9.674812415470441
XSE,2057,C_B,70.47842643931429
XSE,2057,OTH_A,2.348582852246812
XSE,2057,CEREAL,4.492639900707594
XSE,2058,CROP_FLW,7.2828944799877045
XSE,2058,PDR,4.667190022367875
XSE,2058,WHT,6.324512482342868
XSE,2058,GRO,3.945585999858185
XSE,2058,OSD,9.688983234872277
XSE,2058,C_B,70.53016410828674
XSE,2058,OTH_A,2.349624437517897
XSE,2058,CEREAL,4.495303835099021
XSE,2059,CROP_FLW,7.284502851499649
XSE,2059,PDR,4.668999910240368
XSE,2059,WHT,6.326175249512438
XSE,2059,GRO,3.949134112011572
XSE,2059,OSD,9.703174810451477
XSE,2059,C_B,70.58193975748271
XSE,2059,OTH_A,2.3506664847270713
XSE,2059,CEREAL,4.497969349084316
XSE,2060,CROP_FLW,7.286111578208138
XSE,2060,PDR,4.670810499968603
XSE,2060,WHT,6.327838453837396
XSE,2060,GRO,3.952685414844325
XSE,2060,OSD,9.717387172609875
XSE,2060,C_B,70.6337534147832
XSE,2060,OTH_A,2.351708994079201
XSE,2060,CEREAL,4.500636443600104
XSE,2061,CROP_FLW,7.277140047089515
XSE,2061,PDR,4.670312534184367
XSE,2061,WHT,6.327589759059734
XSE,2061,GRO,3.9550862505965783
XSE,2061,OSD,9.73545801184595
XSE,2061,C_B,70.68265269961591
XSE,2061,OTH_A,2.357434054792242
XSE,2061,CEREAL,4.501113674892046
XSE,2062,CROP_FLW,7.2681795627919215
XSE,2062,PDR,4.669814621489401
XSE,2062,WHT,6.327341074056197
XSE,2062,GRO,3.9574885446010586
XSE,2062,OSD,9.753562456332581
XSE,2062,C_B,70.73158583710322
XSE,2062,OTH_A,2.363173052739971
XSE,2062,CEREAL,4.501590956787877
XSE,2063,CROP_FLW,7.259230111713193
XSE,2063,PDR,4.669316761878047
XSE,2063,WHT,6.327092398826403
XSE,2063,GRO,3.9598922977434987
XSE,2063,OSD,9.771700568563427
XSE,2063,C_B,70.7805528506811
XSE,2063,OTH_A,2.3689260218515487
XSE,2063,CEREAL,4.5020682892929615
XSE,2064,CROP_FLW,7.250291680267911
XSE,2064,PDR,4.668818955344643
XSE,2064,WHT,6.326843733369968
XSE,2064,GRO,3.9622975109101706
XSE,2064,OSD,9.789872411148366
XSE,2064,C_B,70.82955376380174
XSE,2064,OTH_A,2.3746929961387364
XSE,2064,CEREAL,4.502545672412667
XSE,2065,CROP_FLW,7.2413642548873876
XSE,2065,PDR,4.668321201883533
XSE,2065,WHT,6.326595077686505
XSE,2065,GRO,3.964704184987883
XSE,2065,OSD,9.808078046813703
XSE,2065,C_B,70.87858859993358
XSE,2065,OTH_A,2.380474009696092
XSE,2065,CEREAL,4.503023106152362
XSE,2066,CROP_FLW,7.2324478220196395
XSE,2066,PDR,4.667823501489055
XSE,2066,WHT,6.326346431775634
XSE,2066,GRO,3.9671123208639836
XSE,2066,OSD,9.82631753840239
XSE,2066,C_B,70.92765738256128
XSE,2066,OTH_A,2.386269096701175
XSE,2066,CEREAL,4.503500590517412
XSE,2067,CROP_FLW,7.223542368129373
XSE,2067,PDR,4.667325854155555
XSE,2067,WHT,6.326097795636968
XSE,2067,GRO,3.96952191942636
XSE,2067,OSD,9.844590948874249
XSE,2067,C_B,70.9767601351858
XSE,2067,OTH_A,2.3920782914147485
XSE,2067,CEREAL,4.503978125513185
XSE,2068,CROP_FLW,7.214647879697958
XSE,2068,PDR,4.6668282598773745
XSE,2068,WHT,6.325849169270123
XSE,2068,GRO,3.9719329815634374
XSE,2068,OSD,9.862898341306183
XSE,2068,C_B,71.02589688132433
XSE,2068,OTH_A,2.397901628180979
XSE,2068,CEREAL,4.504455711145051
XSE,2069,CROP_FLW,7.205764343223413
XSE,2069,PDR,4.666330718648858
XSE,2069,WHT,6.325600552674716
XSE,2069,GRO,3.974345508164183
XSE,2069,OSD,9.881239778892397
XSE,2069,C_B,71.07506764451036
XSE,2069,OTH_A,2.403739141427643
XSE,2069,CEREAL,4.504933347418378
XSE,2070,CROP_FLW,7.196891745220379
XSE,2070,PDR,4.665833230464351
XSE,2070,WHT,6.325351945850362
XSE,2070,GRO,3.9767595001181015
XSE,2070,OSD,9.899615324944618
XSE,2070,C_B,71.1242724482937
XSE,2070,OTH_A,2.4095908656663285
XSE,2070,CEREAL,4.505411034338542
XSE,2071,CROP_FLW,7.193176590676427
XSE,2071,PDR,4.666456010236069
XSE,2071,WHT,6.328510546570061
XSE,2071,GRO,3.9851770377106233
XSE,2071,OSD,9.910762751840139
XSE,2071,C_B,71.13287817664984
XSE,2071,OTH_A,2.4132105232333765
XSE,2071,CEREAL,4.5079156914462795
XSE,2072,CROP_FLW,7.189463353956695
XSE,2072,PDR,4.667078873134343
XSE,2072,WHT,6.331670724555119
XSE,2072,GRO,3.993612392558405
XSE,2072,OSD,9.921922731256368
XSE,2072,C_B,71.14148494626177
XSE,2072,OTH_A,2.41683561820521
XSE,2072,CEREAL,4.510421740948003
XSE,2073,CROP_FLW,7.185752034071167
XSE,2073,PDR,4.667701819170268
XSE,2073,WHT,6.3348324805931515
XSE,2073,GRO,4.002065602374921
XSE,2073,OSD,9.933095277328032
XSE,2073,C_B,71.15009275725548
XSE,2073,OTH_A,2.4204661587498295
XSE,2073,CEREAL,4.512929183617773
XSE,2074,CROP_FLW,7.182042630030344
XSE,2074,PDR,4.668324848354939
XSE,2074,WHT,6.337995815472169
XSE,2074,GRO,4.010536704953473
XSE,2074,OSD,9.944280404205765
XSE,2074,C_B,71.15870160975699
XSE,2074,OTH_A,2.424102153047509
XSE,2074,CEREAL,4.515438020230086
XSE,2075,CROP_FLW,7.178335140845235
XSE,2075,PDR,4.668947960699458
XSE,2075,WHT,6.341160729980576
XSE,2075,GRO,4.019025738167357
XSE,2075,OSD,9.955478126056141
XSE,2075,C_B,71.16731150389228
XSE,2075,OTH_A,2.427743609290807
XSE,2075,CEREAL,4.517948251559862
XSE,2076,CROP_FLW,7.174629565527359
XSE,2076,PDR,4.669571156214921
XSE,2076,WHT,6.344327224907168
XSE,2076,GRO,4.027532739970039
XSE,2076,OSD,9.966688457061682
XSE,2076,C_B,71.1759224397874
XSE,2076,OTH_A,2.4313905356845926
XSE,2076,CEREAL,4.520459878382457
XSE,2077,CROP_FLW,7.170925903088746
XSE,2077,PDR,4.670194434912434
XSE,2077,WHT,6.347495301041136
XSE,2077,GRO,4.036057748395317
XSE,2077,OSD,9.977911411420884
XSE,2077,C_B,71.18453441756841
XSE,2077,OTH_A,2.4350429404460567
XSE,2077,CEREAL,4.522972901473655
XSE,2078,CROP_FLW,7.167224152541936
XSE,2078,PDR,4.670817796803095
XSE,2078,WHT,6.3506649591720645
XSE,2078,GRO,4.044600801557494
XSE,2078,OSD,9.989147003348233
XSE,2078,C_B,71.19314743736136
XSE,2078,OTH_A,2.4387008318047356
XSE,2078,CEREAL,4.525487321609673
XSE,2079,CROP_FLW,7.1635243128999795
XSE,2079,PDR,4.6714412418980125
XSE,2079,WHT,6.353836200089935
XSE,2079,GRO,4.053161937651553
XSE,2079,OSD,10.000395247074215
XSE,2079,C_B,71.20176149929233
XSE,2079,OTH_A,2.4423642180025276
XSE,2079,CEREAL,4.5280031395671605
XSE,2080,CROP_FLW,7.159826383176441
XSE,2080,PDR,4.672064770208286
XSE,2080,WHT,6.357009024585116
XSE,2080,GRO,4.061741194953325
XSE,2080,OSD,10.011656156845337
XSE,2080,C_B,71.21037660348743
XSE,2080,OTH_A,2.4460331072937156
XSE,2080,CEREAL,4.530520356123193
XSE,2081,CROP_FLW,7.158004362938199
XSE,2081,PDR,4.673846907391832
XSE,2081,WHT,6.357029488961996
XSE,2081,GRO,4.0768630889977615
XSE,2081,OSD,10.019744309809713
XSE,2081,C_B,71.2306824878033
XSE,2081,OTH_A,2.4461636787706604
XSE,2081,CEREAL,4.535553382911396
XSE,2082,CROP_FLW,7.156182806364517
XSE,2082,PDR,4.675629724363245
XSE,2082,WHT,6.357049953404754
XSE,2082,GRO,4.092041281971282
XSE,2082,OSD,10.027838996979556
XSE,2082,C_B,71.25099416241207
XSE,2082,OTH_A,2.44629425721763
XSE,2082,CEREAL,4.540592000968738
XSE,2083,CROP_FLW,7.154361713337403
XSE,2083,PDR,4.677413221381825
XSE,2083,WHT,6.357070417913391
XSE,2083,GRO,4.107275983475236
XSE,2083,OSD,10.035940223633673
XSE,2083,C_B,71.27131162896487
XSE,2083,OTH_A,2.4464248426349955
XSE,2083,CEREAL,4.545636216506648
XSE,2084,CROP_FLW,7.152541083738893
XSE,2084,PDR,4.679197398706974
XSE,2084,WHT,6.357090882487908
XSE,2084,GRO,4.122567403891324
XSE,2084,OSD,10.04404799505515
XSE,2084,C_B,71.29163488911327
XSE,2084,OTH_A,2.44655543502313
XSE,2084,CEREAL,4.550686035743456
XSE,2085,CROP_FLW,7.150720917451055
XSE,2085,PDR,4.680982256598191
XSE,2085,WHT,6.3571113471283045
XSE,2085,GRO,4.137915754384494
XSE,2085,OSD,10.052162316531321
XSE,2085,C_B,71.31196394450934
XSE,2085,OTH_A,2.446686034382405
XSE,2085,CEREAL,4.5557414649044015
XSE,2086,CROP_FLW,7.1489012143559885
XSE,2086,PDR,4.682767795315076
XSE,2086,WHT,6.35713181183458
XSE,2086,GRO,4.153321246905868
XSE,2086,OSD,10.06028319335381
XSE,2086,C_B,71.33229879680563
XSE,2086,OTH_A,2.4468166407131937
XSE,2086,CEREAL,4.5608025102216345
XSE,2087,CROP_FLW,7.147081974335818
XSE,2087,PDR,4.684554015117327
XSE,2087,WHT,6.357152276606733
XSE,2087,GRO,4.168784094195659
XSE,2087,OSD,10.068410630818505
XSE,2087,C_B,71.35263944765512
XSE,2087,OTH_A,2.4469472540158663
XSE,2087,CEREAL,4.5658691779342355
XSE,2088,CROP_FLW,7.145263197272702
XSE,2088,PDR,4.686340916264739
XSE,2088,WHT,6.357172741444769
XSE,2088,GRO,4.1843045097861165
XSE,2088,OSD,10.076544634225579
XSE,2088,C_B,71.37298589871133
XSE,2088,OTH_A,2.4470778742907964
XSE,2088,CEREAL,4.57094147428821
XSE,2089,CROP_FLW,7.143444883048829
XSE,2089,PDR,4.68812849901721
XSE,2089,WHT,6.357193206348683
XSE,2089,GRO,4.1998827080044725
XSE,2089,OSD,10.084685208879478
XSE,2089,C_B,71.39333815162816
XSE,2089,OTH_A,2.447208501538356
XSE,2089,CEREAL,4.576019405536506
XSE,2090,CROP_FLW,7.141627031546418
XSE,2090,PDR,4.689916763634732
XSE,2090,WHT,6.357213671318473
XSE,2090,GRO,4.215518903975896
XSE,2090,OSD,10.092832360088952
XSE,2090,C_B,71.41369620806013
XSE,2090,OTH_A,2.4473391357589147
XSE,2090,CEREAL,4.581102977939019
XSE,2091,CROP_FLW,7.141994621904385
XSE,2091,PDR,4.6935921314924975
XSE,2091,WHT,6.360895224250625
XSE,2091,GRO,4.224181134070934
XSE,2091,OSD,10.09495513302995
XSE,2091,C_B,71.44061784839042
XSE,2091,OTH_A,2.449181655546213
XSE,2091,CEREAL,4.5861229789731
XSE,2092,CROP_FLW,7.142362231182784
XSE,2092,PDR,4.697270379642084
XSE,2092,WHT,6.364578909222487
XSE,2092,GRO,4.232861163690046
XSE,2092,OSD,10.097078352442741
XSE,2092,C_B,71.46754963768032
XSE,2092,OTH_A,2.451025562505038
XSE,2092,CEREAL,4.591148480955425
XSE,2093,CROP_FLW,7.14272985938259
XSE,2093,PDR,4.700951510340701
XSE,2093,WHT,6.368264727468755
XSE,2093,GRO,4.241559029408463
XSE,2093,OSD,10.09920201842123
XSE,2093,C_B,71.4944915797558
XSE,2093,OTH_A,2.452870857679746
XSE,2093,CEREAL,4.5961794899139665
XSE,2094,CROP_FLW,7.143097506504776
XSE,2094,PDR,4.704635525847328
XSE,2094,WHT,6.371952680224836
XSE,2094,GRO,4.250274767876571
XSE,2094,OSD,10.10132613105934
XSE,2094,C_B,71.52144367844424
XSE,2094,OTH_A,2.4547175421154774
XSE,2094,CEREAL,4.601216011883306
XSE,2095,CROP_FLW,7.143465172550316
XSE,2095,PDR,4.708322428422717
XSE,2095,WHT,6.375642768726856
XSE,2095,GRO,4.259008415820068
XSE,2095,OSD,10.103450690451016
XSE,2095,C_B,71.54840593757454
XSE,2095,OTH_A,2.456565616858161
XSE,2095,CEREAL,4.60625805290463
XSE,2096,CROP_FLW,7.143832857520184
XSE,2096,PDR,4.712012220329388
XSE,2096,WHT,6.379334994211657
XSE,2096,GRO,4.267760010040115
XSE,2096,OSD,10.105575696690218
XSE,2096,C_B,71.575378360977
XSE,2096,OTH_A,2.458415082954511
XSE,2096,CEREAL,4.611305619025755
XSE,2097,CROP_FLW,7.144200561415356
XSE,2097,PDR,4.7157049038316385
XSE,2097,WHT,6.3830293579167945
XSE,2097,GRO,4.276529587413496
XSE,2097,OSD,10.10770114987093
XSE,2097,C_B,71.60236095248331
XSE,2097,OTH_A,2.4602659414520325
XSE,2097,CEREAL,4.616358716301117
XSE,2098,CROP_FLW,7.144568284236802
XSE,2098,PDR,4.719400481195536
XSE,2098,WHT,6.386725861080542
XSE,2098,GRO,4.2853171848927705
XSE,2098,OSD,10.109827050087157
XSE,2098,C_B,71.62935371592671
XSE,2098,OTH_A,2.462118193399017
XSE,2098,CEREAL,4.621417350791788
XSE,2099,CROP_FLW,7.144936025985499
XSE,2099,PDR,4.723098954688927
XSE,2099,WHT,6.390424504941893
XSE,2099,GRO,4.294122839506429
XSE,2099,OSD,10.11195339743292
XSE,2099,C_B,71.65635665514179
XSE,2099,OTH_A,2.4639718398445467
XSE,2099,CEREAL,4.626481528565484
XSE,2100,CROP_FLW,7.145303786662421
XSE,2100,PDR,4.726800326581434
XSE,2100,WHT,6.394125290740554
XSE,2100,GRO,4.30294658835905
XSE,2100,OSD,10.11408019200226
XSE,2100,C_B,71.68336977396467
XSE,2100,OTH_A,2.465826881838492
XSE,2100,CEREAL,4.631551255696571
XSA,2005,CROP_FLW,4.774223436754108
XSA,2005,PDR,2.9492012357951425
XSA,2005,WHT,1.7283243183647055
XSA,2005,GRO,1.933730011343297
XSA,2005,OSD,2.3133209585871537
XSA,2005,C_B,50.81380784662764
XSA,2005,OTH_A,1.624530637607951
XSA,2005,CEREAL,2.3187441441923062
XSA,2006,CROP_FLW,4.773086815122166
XSA,2006,PDR,2.9491411505077636
XSA,2006,WHT,1.728281847853402
XSA,2006,GRO,1.9267690607815189
XSA,2006,OSD,2.326111542567401
XSA,2006,C_B,51.19093579091891
XSA,2006,OTH_A,1.607207750932037
XSA,2006,CEREAL,2.3139913857407355
XSA,2007,CROP_FLW,4.771950464091036
XSA,2007,PDR,2.9490810664445264
XSA,2007,WHT,1.7282393783857364
XSA,2007,GRO,1.9198331679229568
XSA,2007,OSD,2.338972846971439
XSA,2007,C_B,51.57086268873074
XSA,2007,OTH_A,1.5900695837042147
XSA,2007,CEREAL,2.3092483690767422
XSA,2008,CROP_FLW,4.770814383596295
XSA,2008,PDR,2.9490209836054073
XSA,2008,WHT,1.7281969099616825
XSA,2008,GRO,1.9129222425660657
XSA,2008,OSD,2.3519052628195958
XSA,2008,C_B,51.95360931322758
XSA,2008,OTH_A,1.5731141662022807
XSA,2008,CEREAL,2.3045150742324645
XSA,2009,CROP_FLW,4.7696785735735325
XSA,2009,PDR,2.9489609019903797
XSA,2009,WHT,1.7281544425812152
XSA,2009,GRO,1.9060361948340052
XSA,2009,OSD,2.36490918329419
XSA,2009,C_B,52.33919659174739
XSA,2009,OTH_A,1.5563395497078067
XSA,2009,CEREAL,2.2997914812809683
XSA,2010,CROP_FLW,4.768543033958358
XSA,2010,PDR,2.9489008215994197
XSA,2010,WHT,1.7281119762443085
XSA,2010,GRO,1.8991749351734688
XSA,2010,OSD,2.377985003751483
XSA,2010,C_B,52.72764560694576
XSA,2010,OTH_A,1.539743806282168
XSA,2010,CEREAL,2.295077570336164
XSA,2011,CROP_FLW,4.764908046762762
XSA,2011,PDR,2.954600248727798
XSA,2011,WHT,1.7362317524878048
XSA,2011,GRO,1.9001621974435534
XSA,2011,OSD,2.383210706435092
XSA,2011,C_B,52.74641563066191
XSA,2011,OTH_A,1.5403696372436428
XSA,2011,CEREAL,2.301758247421088
XSA,2012,CROP_FLW,4.761275830462137
XSA,2012,PDR,2.960310691306189
XSA,2012,WHT,1.7443896806376307
XSA,2012,GRO,1.9011499729295467
XSA,2012,OSD,2.388447892777552
XSA,2012,C_B,52.76519233614407
XSA,2012,OTH_A,1.540995722574962
XSA,2012,CEREAL,2.3084583711020183
XSA,2013,CROP_FLW,4.757646382944271
XSA,2013,PDR,2.9660321706244757
XSA,2013,WHT,1.7525859399558634
XSA,2013,GRO,1.9021382618982374
XSA,2013,OSD,2.3936965880145937
XSA,2013,C_B,52.78397572577083
XSA,2013,OTH_A,1.5416220623795145
XSA,2013,CEREAL,2.315177997985507
XSA,2014,CROP_FLW,4.754019702098566
XSA,2014,PDR,2.9717647080136884
XSA,2014,WHT,1.7608207105468678
XSA,2014,GRO,1.903127064616553
XSA,2014,OSD,2.398956817437403
XSA,2014,C_B,52.80276580192161
XSA,2014,OTH_A,1.5422486567607312
XSA,2014,CEREAL,2.321917184842881
XSA,2015,CROP_FLW,4.750395785816029
XSA,2015,PDR,2.9775083248460863
XSA,2015,WHT,1.769094173361255
XSA,2015,GRO,1.9041163813515602
XSA,2015,OSD,2.4042286063927447
XSA,2015,C_B,52.82156256697667
XSA,2015,OTH_A,1.5428755058220853
XSA,2015,CEREAL,2.3286759886107196
XSA,2016,CROP_FLW,4.746774631989275
XSA,2016,PDR,2.9832630425352344
XSA,2016,WHT,1.7774065101998582
XSA,2016,GRO,1.9051062123704636
XSA,2016,OSD,2.409511980283082
XSA,2016,C_B,52.84036602331715
XSA,2016,OTH_A,1.5435026096670919
XSA,2016,CEREAL,2.3354544663913406
XSA,2017,CROP_FLW,4.743156238512528
XSA,2017,PDR,2.9890288825360836
XSA,2017,WHT,1.7857579037177262
XSA,2017,GRO,1.9060965579406075
XSA,2017,OSD,2.414806964566704
XSA,2017,C_B,52.859176173325004
XSA,2017,OTH_A,1.544129968399308
XSA,2017,CEREAL,2.342252675453276
XSA,2018,CROP_FLW,4.739540603281615
XSA,2018,PDR,2.994805866345051
XSA,2018,WHT,1.7941485374281387
XSA,2018,GRO,1.9070874183294746
XSA,2018,OSD,2.4201135847578428
XSA,2018,C_B,52.87799301938306
XSA,2018,OTH_A,1.544757582122333
XSA,2018,CEREAL,2.349070673231761
XSA,2019,CROP_FLW,4.735927724193967
XSA,2019,PDR,3.0005940155001034
XSA,2019,WHT,1.802578595706638
XSA,2019,GRO,1.9080787938046877
XSA,2019,OSD,2.4254318664268
XSA,2019,C_B,52.89681656387498
XSA,2019,OTH_A,1.545385450939808
XSA,2019,CEREAL,2.355908517329217
XSA,2020,CROP_FLW,4.732317599148617
XSA,2020,PDR,3.0063933515808334
XSA,2020,WHT,1.8110482637950815
XSA,2020,GRO,1.9090706846340082
XSA,2020,OSD,2.430761835200067
XSA,2020,C_B,52.91564680918525
XSA,2020,OTH_A,1.5460135749554165
XSA,2020,CEREAL,2.3627662655157375
XSA,2021,CROP_FLW,4.732287209382236
XSA,2021,PDR,3.0022452896131178
XSA,2021,WHT,1.8102360191779436
XSA,2021,GRO,1.904532788041123
XSA,2021,OSD,2.4386833373358363
XSA,2021,C_B,52.91493988959819
XSA,2021,OTH_A,1.549957488003
XSA,2021,CEREAL,2.359922320477119
XSA,2022,CROP_FLW,4.7322568198110115
XSA,2022,PDR,2.998102950921127
XSA,2022,WHT,1.8094241388477943
XSA,2022,GRO,1.9000056781130026
XSA,2022,OSD,2.4466306545042342
XSA,2022,C_B,52.91423297945513
XSA,2022,OTH_A,1.5539114620554668
XSA,2022,CEREAL,2.3570817985546597
XSA,2023,CROP_FLW,4.732226430434941
XSA,2023,PDR,2.993966327608189
XSA,2023,WHT,1.8086126226412527
XSA,2023,GRO,1.8954893292095438
XSA,2023,OSD,2.454603870832727
XSA,2023,C_B,52.913526078755936
XSA,2023,OTH_A,1.557875522778651
XSA,2023,CEREAL,2.3542446956281227
XSA,2024,CROP_FLW,4.732196041254023
XSA,2024,PDR,2.989835411788527
XSA,2024,WHT,1.8078014703950118
XSA,2024,GRO,1.890983715751591
XSA,2024,OSD,2.462603070722941
XSA,2024,C_B,52.9128191875005
XSA,2024,OTH_A,1.561849695903861
XSA,2024,CEREAL,2.3514110075822323
XSA,2025,CROP_FLW,4.732165652268257
XSA,2025,PDR,2.9857101955872443
XSA,2025,WHT,1.8069906819458375
XSA,2025,GRO,1.8864888122207895
XSA,2025,OSD,2.4706283388515557
XSA,2025,C_B,52.91211230568868
XSA,2025,OTH_A,1.5658340072280466
XSA,2025,CEREAL,2.348580730306665
XSA,2026,CROP_FLW,4.732135263477643
XSA,2026,PDR,2.9815906711403106
XSA,2026,WHT,1.8061802571305687
XSA,2026,GRO,1.8820045931594436
XSA,2026,OSD,2.478679760171199
XSA,2026,C_B,52.91140543332035
XSA,2026,OTH_A,1.5698284826139661
XSA,2026,CEREAL,2.345753859696045
XSA,2027,CROP_FLW,4.732104874882176
XSA,2027,PDR,2.977476830594546
XSA,2027,WHT,1.8053701957861181
XSA,2027,GRO,1.8775310331703694
XSA,2027,OSD,2.4867574199113474
XSA,2027,C_B,52.91069857039539
XSA,2027,OTH_A,1.573833147990354
XSA,2027,CEREAL,2.342930391649939
XSA,2028,CROP_FLW,4.732074486481858
XSA,2028,PDR,2.9733686661076035
XSA,2028,WHT,1.8045604977494707
XSA,2028,GRO,1.8730681069167543
XSA,2028,OSD,2.4948614035792276
XSA,2028,C_B,52.90999171691367
XSA,2028,OTH_A,1.5778480293520893
XSA,2028,CEREAL,2.3401103220728467
XSA,2029,CROP_FLW,4.7320440982766865
XSA,2029,PDR,2.96926616984796
XSA,2029,WHT,1.8037511628576852
XSA,2029,GRO,1.8686157891220105
XSA,2029,OSD,2.502991796960723
XSA,2029,C_B,52.90928487287508
XSA,2029,OTH_A,1.5818731527603658
XSA,2029,CEREAL,2.3372936468741994
XSA,2030,CROP_FLW,4.732013710266662
XSA,2030,PDR,2.965169333994897
XSA,2030,WHT,1.8029421909478935
XSA,2030,GRO,1.8641740545696333
XSA,2030,OSD,2.5111486861212806
XSA,2030,C_B,52.90857803827945
XSA,2030,OTH_A,1.5859085443428595
XSA,2030,CEREAL,2.334480361968352
XSA,2031,CROP_FLW,4.731819461154368
XSA,2031,PDR,2.9727911303520695
XSA,2031,WHT,1.8103080503854614
XSA,2031,GRO,1.866495896895401
XSA,2031,OSD,2.5238751621154725
XSA,2031,C_B,52.979863970373444
XSA,2031,OTH_A,1.5980636459991229
XSA,2031,CEREAL,2.3401063619384006
XSA,2032,CROP_FLW,4.7316252200159985
XSA,2032,PDR,2.9804325180961637
XSA,2032,WHT,1.8177040027930238
XSA,2032,GRO,1.8688206310926507
XSA,2032,OSD,2.5366661357605307
XSA,2032,C_B,53.05124594897451
XSA,2032,OTH_A,1.6103119097086467
XSA,2032,CEREAL,2.3457459203329187
XSA,2033,CROP_FLW,4.731430986851225
XSA,2033,PDR,2.988093547585707
XSA,2033,WHT,1.8251301711143932
XSA,2033,GRO,1.871148260763229
XSA,2033,OSD,2.549521933929894
XSA,2033,C_B,53.1227241034901
XSA,2033,OTH_A,1.6226540495064437
XSA,2033,CEREAL,2.351399069827142
XSA,2034,CROP_FLW,4.731236761659722
XSA,2034,PDR,2.9957742693086704
XSA,2034,WHT,1.8325866787956655
XSA,2034,GRO,1.8734787895134695
XSA,2034,OSD,2.562442885153591
XSA,2034,C_B,53.194298563502045
XSA,2034,OTH_A,1.6350907849002054
XSA,2034,CEREAL,2.357065843175051
XSA,2035,CROP_FLW,4.73104254444116
XSA,2035,PDR,3.0034747338828014
XSA,2035,WHT,1.840073649787271
XSA,2035,GRO,1.8758122209541965
XSA,2035,OSD,2.5754293196266396
XSA,2035,C_B,53.26596945876674
XSA,2035,OTH_A,1.6476228409122478
XSA,2035,CEREAL,2.3627462732095643
XSA,2036,CROP_FLW,4.730848335195214
XSA,2036,PDR,3.011194992055958
XSA,2036,WHT,1.8475912085460346
XSA,2036,GRO,1.8781485587007325
XSA,2036,OSD,2.58848156921748
XSA,2036,C_B,53.33773691921543
XSA,2036,OTH_A,1.6602509481217769
XSA,2036,CEREAL,2.3684403928427242
XSA,2037,CROP_FLW,4.730654133921554
XSA,2037,PDR,3.018935094706442
XSA,2037,WHT,1.8551394800372472
XSA,2037,GRO,1.880487806372902
XSA,2037,OSD,2.60159996747646
XSA,2037,C_B,53.4096010749544
XSA,2037,OTH_A,1.6729758427074797
XSA,2037,CEREAL,2.3741482350658907
XSA,2038,CROP_FLW,4.730459940619855
XSA,2038,PDR,3.0266950928433354
XSA,2038,WHT,1.8627185897367395
XSA,2038,GRO,1.882829967595039
XSA,2038,OSD,2.6147848496443578
XSA,2038,C_B,53.481562056265254
XSA,2038,OTH_A,1.68579826649044
XSA,2038,CEREAL,2.379869832949931
XSA,2039,CROP_FLW,4.730265755289788
XSA,2039,PDR,3.0344750376068355
XSA,2039,WHT,1.8703286636329703
XSA,2039,GRO,1.8851750459959908
XSA,2039,OSD,2.628036552660946
XSA,2039,C_B,53.55361999360513
XSA,2039,OTH_A,1.698718966977387
XSA,2039,CEREAL,2.385605219645413
XSA,2040,CROP_FLW,4.730071577931028
XSA,2040,PDR,3.0422749802685907
XSA,2040,WHT,1.8779698282291173
XSA,2040,GRO,1.8875230452091263
XSA,2040,OSD,2.6413554151736056
XSA,2040,C_B,53.62577501760695
XSA,2040,OTH_A,1.7117386974042699
XSA,2040,CEREAL,2.391354428382794
XSA,2041,CROP_FLW,4.728158531273158
XSA,2041,PDR,3.0440848998888357
XSA,2041,WHT,1.881894763945433
XSA,2041,GRO,1.8888754911660182
XSA,2041,OSD,2.6509144548400303
XSA,2041,C_B,53.67734834623765
XSA,2041,OTH_A,1.7196011424168551
XSA,2041,CEREAL,2.3916024138338794
XSA,2042,CROP_FLW,4.726246258334555
XSA,2042,PDR,3.045895896272047
XSA,2042,WHT,1.8858279027330371
XSA,2042,GRO,1.8902289061760147
XSA,2042,OSD,2.66050808857843
XSA,2042,C_B,53.72897127430492
XSA,2042,OTH_A,1.7274997016106932
XSA,2042,CEREAL,2.391850425001263
XSA,2043,CROP_FLW,4.724334758802295
XSA,2043,PDR,3.047707970058815
XSA,2043,WHT,1.8897692617362545
XSA,2043,GRO,1.89158329093346
XSA,2043,OSD,2.670136441584416
XSA,2043,C_B,53.780643849509836
XSA,2043,OTH_A,1.7354345408672736
XSA,2043,CEREAL,2.392098461887612
XSA,2044,CROP_FLW,4.722424032363575
XSA,2044,PDR,3.049521121890114
XSA,2044,WHT,1.893718858135244
XSA,2044,GRO,1.8929386461331967
XSA,2044,OSD,2.6797996395066814
XSA,2044,C_B,53.83236611959937
XSA,2044,OTH_A,1.7434058268300212
XSA,2044,CEREAL,2.392346524495593
XSA,2045,CROP_FLW,4.720514078705726
XSA,2045,PDR,3.0513353524072953
XSA,2045,WHT,1.8976767091460693
XSA,2045,GRO,1.8942949724705653
XSA,2045,OSD,2.6894978084486416
XSA,2045,C_B,53.884138132366424
XSA,2045,OTH_A,1.7514137269077943
XSA,2045,CEREAL,2.392594612827874
XSA,2046,CROP_FLW,4.718604897516201
XSA,2046,PDR,3.053150662252095
XSA,2046,WHT,1.9016428320207757
XSA,2046,GRO,1.8956522706414045
XSA,2046,OSD,2.6992310749700774
XSA,2046,C_B,53.935959935649834
XSA,2046,OTH_A,1.7594584092784047
XSA,2046,CEREAL,2.392842726887122
XSA,2047,CROP_FLW,4.716696488482579
XSA,2047,PDR,3.054967052066629
XSA,2047,WHT,1.9056172440474657
XSA,2047,GRO,1.8970105413420508
XSA,2047,OSD,2.708999566088789
XSA,2047,C_B,53.987831577334454
XSA,2047,OTH_A,1.7675400428921446
XSA,2047,CEREAL,2.393090866676005
XSA,2048,CROP_FLW,4.7147888512925675
XSA,2048,PDR,3.0567845224933987
XSA,2048,WHT,1.9095999625503726
XSA,2048,GRO,1.89836978526934
XSA,2048,OSD,2.7188034092822537
XSA,2048,C_B,54.03975310535121
XSA,2048,OTH_A,1.7756587974753388
XSA,2048,CEREAL,2.393339032197192
XSA,2049,CROP_FLW,4.712881985633999
XSA,2049,PDR,3.0586030741752825
XSA,2049,WHT,1.9135910048899383
XSA,2049,GRO,1.8997300031206081
XSA,2049,OSD,2.728642732489286
XSA,2049,C_B,54.0917245676771
XSA,2049,OTH_A,1.7838148435339074
XSA,2049,CEREAL,2.39358722345335
XSA,2050,CROP_FLW,4.710975891194835
XSA,2050,PDR,3.0604227077555453
XSA,2050,WHT,1.9175903884628878
XSA,2050,GRO,1.90109119559369
XSA,2050,OSD,2.7385176641117157
XSA,2050,C_B,54.14374601233523
XSA,2050,OTH_A,1.7920083523569479
XSA,2050,CEREAL,2.3938354404471474
XSA,2051,CROP_FLW,4.707552553159439
XSA,2051,PDR,3.061353332545662
XSA,2051,WHT,1.9171858157680106
XSA,2051,GRO,1.9005976575156938
XSA,2051,OSD,2.7446766692296145
XSA,2051,C_B,54.173795719171885
XSA,2051,OTH_A,1.7968398248222528
XSA,2051,CEREAL,2.3906694063346765
XSA,2052,CROP_FLW,4.704131702770675
XSA,2052,PDR,3.0622842403236477
XSA,2052,WHT,1.9167813284297697
XSA,2052,GRO,1.9001042475640255
XSA,2052,OSD,2.750849526127452
XSA,2052,C_B,54.20386210355577
XSA,2052,OTH_A,1.8016843235249371
XSA,2052,CEREAL,2.387507559549301
XSA,2053,CROP_FLW,4.700713338220836
XSA,2053,PDR,3.063215431175554
XSA,2053,WHT,1.9163769264301567
XSA,2053,GRO,1.899610965705423
XSA,2053,OSD,2.757036265958281
XSA,2053,C_B,54.2339451747429
XSA,2053,OTH_A,1.8065418835853202
XSA,2053,CEREAL,2.3843498945529538
XSA,2054,CROP_FLW,4.697297457703531
XSA,2054,PDR,3.0641469051874597
XSA,2054,WHT,1.9159726097511667
XSA,2054,GRO,1.899117811906632
XSA,2054,OSD,2.763236919945218
XSA,2054,C_B,54.264044941994406
XSA,2054,OTH_A,1.8114125402184118
XSA,2054,CEREAL,2.381196405814893
XSA,2055,CROP_FLW,4.693884059413683
XSA,2055,PDR,3.0650786624454684
XSA,2055,WHT,1.915568378374799
XSA,2055,GRO,1.8986247861344074
XSA,2055,OSD,2.7694515193815987
XSA,2055,C_B,54.29416141457661
XSA,2055,OTH_A,1.8162963287341642
XSA,2055,CEREAL,2.3780470878116913
XSA,2056,CROP_FLW,4.690473141547521
XSA,2056,PDR,3.0660107030357118
XSA,2056,WHT,1.9151642322830562
XSA,2056,GRO,1.8981318883555125
XSA,2056,OSD,2.775680095631143
XSA,2056,C_B,54.32429460176094
XSA,2056,OTH_A,1.8211932845377303
XSA,2056,CEREAL,2.374901935027226
XSA,2057,CROP_FLW,4.687064702302592
XSA,2057,PDR,3.0669430270443456
XSA,2057,WHT,1.9147601714579452
XSA,2057,GRO,1.8976391185367192
XSA,2057,OSD,2.781922680128106
XSA,2057,C_B,54.354444512823974
XSA,2057,OTH_A,1.8261034431297198
XSA,2057,CEREAL,2.3717609419526706
XSA,2058,CROP_FLW,4.68365873987775
XSA,2058,PDR,3.0678756345575526
XSA,2058,WHT,1.9143561958814763
XSA,2058,GRO,1.8971464766448076
XSA,2058,OSD,2.7881793043774388
XSA,2058,C_B,54.38461115704744
XSA,2058,OTH_A,1.8310268401064558
XSA,2058,CEREAL,2.3686241030864847
XSA,2059,CROP_FLW,4.680255252473153
XSA,2059,PDR,3.0688085256615425
XSA,2059,WHT,1.913952305535664
XSA,2059,GRO,1.8966539626465677
XSA,2059,OSD,2.7944499999549492
XSA,2059,C_B,54.41479454371822
XSA,2059,OTH_A,1.8359635111602337
XSA,2059,CEREAL,2.365491412934403
XSA,2060,CROP_FLW,4.676854238290277
XSA,2060,PDR,3.069741700442548
XSA,2060,WHT,1.9135485004025254
XSA,2060,GRO,1.8961615765087965
XSA,2060,OSD,2.800734798507462
XSA,2060,C_B,54.44499468212833
XSA,2060,OTH_A,1.8409134920795782
XSA,2060,CEREAL,2.3623628660094274
XSA,2061,CROP_FLW,4.673715896926458
XSA,2061,PDR,3.070030414969342
XSA,2061,WHT,1.9100728092015458
XSA,2061,GRO,1.894894820420362
XSA,2061,OSD,2.801568051951437
XSA,2061,C_B,54.4619497202917
XSA,2061,OTH_A,1.8442244256817077
XSA,2061,CEREAL,2.356575740225396
XSA,2062,CROP_FLW,4.670579661505227
XSA,2062,PDR,3.0703191566502377
XSA,2062,WHT,1.9066034311038516
XSA,2062,GRO,1.8936289106052657
XSA,2062,OSD,2.802401553298677
XSA,2062,C_B,54.4789100385239
XSA,2062,OTH_A,1.8475413140890817
XSA,2062,CEREAL,2.350802791274789
XSA,2063,CROP_FLW,4.667445530613418
XSA,2063,PDR,3.070607925487789
XSA,2063,WHT,1.90314035464258
XSA,2063,GRO,1.8923638464981436
XSA,2063,OSD,2.803235302622937
XSA,2063,C_B,54.495875638469215
XSA,2063,OTH_A,1.850864168011582
XSA,2063,CEREAL,2.3450439844283455
XSA,2064,CROP_FLW,4.664313502838816
XSA,2064,PDR,3.0708967214845497
XSA,2064,WHT,1.8996835683716968
XSA,2064,GRO,1.8910996275340095
XSA,2064,OSD,2.8040692999979924
XSA,2064,C_B,54.51284652177246
XSA,2064,OTH_A,1.8541929981783514
XSA,2064,CEREAL,2.33929928504188
XSA,2065,CROP_FLW,4.661183576770149
XSA,2065,PDR,3.0711855446430754
XSA,2065,WHT,1.8962330608659577
XSA,2065,GRO,1.889836253148254
XSA,2065,OSD,2.8049035454976425
XSA,2065,C_B,54.529822690078966
XSA,2065,OTH_A,1.8575278153378296
XSA,2065,CEREAL,2.333568658556076
XSA,2066,CROP_FLW,4.6580557509970975
XSA,2066,PDR,3.071474394965919
XSA,2066,WHT,1.89278882072087
XSA,2066,GRO,1.888573722776645
XSA,2066,OSD,2.8057380391957065
XSA,2066,C_B,54.54680414503456
XSA,2066,OTH_A,1.860868630257788
XSA,2066,CEREAL,2.327852070496279
XSA,2067,CROP_FLW,4.654930024110285
XSA,2067,PDR,3.0717632724556356
XSA,2067,WHT,1.8893508365526566
XSA,2067,GRO,1.8873120358553281
XSA,2067,OSD,2.8065727811660266
XSA,2067,C_B,54.563790888285595
XSA,2067,OTH_A,1.864215453725364
XSA,2067,CEREAL,2.322149486472286
XSA,2068,CROP_FLW,4.651806394701281
XSA,2068,PDR,3.072052177114781
XSA,2068,WHT,1.8859190969982174
XSA,2068,GRO,1.8860511918208247
XSA,2068,OSD,2.8074077714824672
XSA,2068,C_B,54.580782921478914
XSA,2068,OTH_A,1.8675682965470957
XSA,2068,CEREAL,2.3164608721781406
XSA,2069,CROP_FLW,4.648684861362602
XSA,2069,PDR,3.0723411089459103
XSA,2069,WHT,1.8824935907150908
XSA,2069,GRO,1.8847911901100332
XSA,2069,OSD,2.808243010218915
XSA,2069,C_B,54.597780246261905
XSA,2069,OTH_A,1.8709271695489578
XSA,2069,CEREAL,2.310786193391927
XSA,2070,CROP_FLW,4.645565422687704
XSA,2070,PDR,3.0726300679515814
XSA,2070,WHT,1.8790743063814173
XSA,2070,GRO,1.8835320301602279
XSA,2070,OSD,2.809078497449277
XSA,2070,C_B,54.61478286428245
XSA,2070,OTH_A,1.8742920835763957
XSA,2070,CEREAL,2.305125415975564
XSA,2071,CROP_FLW,4.6413136114639935
XSA,2071,PDR,3.073072312857856
XSA,2071,WHT,1.878078942858408
XSA,2071,GRO,1.882477984155088
XSA,2071,OSD,2.8099295728893297
XSA,2071,C_B,54.668247493345824
XSA,2071,OTH_A,1.8758713975575352
XSA,2071,CEREAL,2.303719559901049
XSA,2072,CROP_FLW,4.63706569167158
XSA,2072,PDR,3.0735146214166207
XSA,2072,WHT,1.877084106588919
XSA,2072,GRO,1.8814245280061135
XSA,2072,OSD,2.8107809061824134
XSA,2072,C_B,54.721764461106
XSA,2072,OTH_A,1.8774520422985244
XSA,2072,CEREAL,2.3023145612338096
XSA,2073,CROP_FLW,4.632821659748869
XSA,2073,PDR,3.073956993637039
XSA,2073,WHT,1.8760897972936592
XSA,2073,GRO,1.8803716613832144
XSA,2073,OSD,2.811632497406651
XSA,2073,C_B,54.775333818799425
XSA,2073,OTH_A,1.8790340189206862
XSA,2073,CEREAL,2.3009104194509273
XSA,2074,CROP_FLW,4.628581512137521
XSA,2074,PDR,3.0743994295282713
XSA,2074,WHT,1.8750960146934852
XSA,2074,GRO,1.8793193839564852
XSA,2074,OSD,2.812484346640187
XSA,2074,C_B,54.828955617712765
XSA,2074,OTH_A,1.8806173285462895
XSA,2074,CEREAL,2.299507134029804
XSA,2075,CROP_FLW,4.6243452452824565
XSA,2075,PDR,3.0748419290994833
XSA,2075,WHT,1.8741027585094017
XSA,2075,GRO,1.8782676953962048
XSA,2075,OSD,2.813336453961194
XSA,2075,C_B,54.88262990918285
XSA,2075,OTH_A,1.882201972298548
XSA,2075,CEREAL,2.298104704448159
XSA,2076,CROP_FLW,4.620112855631849
XSA,2076,PDR,3.07528449235984
XSA,2076,WHT,1.873110028462561
XSA,2076,GRO,1.8772165953728368
XSA,2076,OSD,2.8141888194478635
XSA,2076,C_B,54.93635674459678
XSA,2076,OTH_A,1.8837879513016218
XSA,2076,CEREAL,2.2967031301840306
XSA,2077,CROP_FLW,4.615884339637122
XSA,2077,PDR,3.0757271193185085
XSA,2077,WHT,1.872117824274263
XSA,2077,GRO,1.8761660835570293
XSA,2077,OSD,2.8150414431784134
XSA,2077,C_B,54.99013617539195
XSA,2077,OTH_A,1.8853752666806187
XSA,2077,CEREAL,2.295302410715775
XSA,2078,CROP_FLW,4.611659693752948
XSA,2078,PDR,3.076169809984657
XSA,2078,WHT,1.871126145665956
XSA,2078,GRO,1.8751161596196146
XSA,2078,OSD,2.815894325231085
XSA,2078,C_B,55.04396825305612
XSA,2078,OTH_A,1.8869639195615944
XSA,2078,CEREAL,2.293902545522068
XSA,2079,CROP_FLW,4.607438914437243
XSA,2079,PDR,3.076612564367454
XSA,2079,WHT,1.8701349923592347
XSA,2079,GRO,1.8740668232316096
XSA,2079,OSD,2.8167474656841422
XSA,2079,C_B,55.09785302912744
XSA,2079,OTH_A,1.8885539110715535
XSA,2079,CEREAL,2.292503534081902
XSA,2080,CROP_FLW,4.603221998151166
XSA,2080,PDR,3.077055382476072
XSA,2080,WHT,1.8691443640758432
XSA,2080,GRO,1.8730180740642155
XSA,2080,OSD,2.8176008646158723
XSA,2080,C_B,55.151790555194566
XSA,2080,OTH_A,1.8901452423384508
XSA,2080,CEREAL,2.291105375874587
XSA,2081,CROP_FLW,4.601844571289154
XSA,2081,PDR,3.0757730494335505
XSA,2081,WHT,1.868602521639065
XSA,2081,GRO,1.8722460139665018
XSA,2081,OSD,2.819558081471172
XSA,2081,C_B,55.162052059128
XSA,2081,OTH_A,1.8918902953229708
XSA,2081,CEREAL,2.288499092623726
XSA,2082,CROP_FLW,4.600467556596
XSA,2082,PDR,3.074491250790911
XSA,2082,WHT,1.8680608362758824
XSA,2082,GRO,1.8714742721128044
XSA,2082,OSD,2.821516657886609
XSA,2082,C_B,55.17231547230975
XSA,2082,OTH_A,1.8936369594058609
XSA,2082,CEREAL,2.2858957741917054
XSA,2083,CROP_FLW,4.599090953948372
XSA,2083,PDR,3.073209986325447
XSA,2083,WHT,1.867519307940762
XSA,2083,GRO,1.8707028483719426
XSA,2083,OSD,2.8234765948065874
XSA,2083,C_B,55.18258079509504
XSA,2083,OTH_A,1.8953852360745471
XSA,2083,CEREAL,2.2832954172058484
XSA,2084,CROP_FLW,4.597714763222974
XSA,2084,PDR,3.0719292558145455
XSA,2084,WHT,1.8669779365881831
XSA,2084,GRO,1.8699317426127902
XSA,2084,OSD,2.8254378931761686
XSA,2084,C_B,55.19284802783917
XSA,2084,OTH_A,1.8971351268178294
XSA,2084,CEREAL,2.2806980182973153
XSA,2085,CROP_FLW,4.596338984296543
XSA,2085,PDR,3.0706490590356856
XSA,2085,WHT,1.8664367221726381
XSA,2085,GRO,1.8691609547042747
XSA,2085,OSD,2.8274005539410676
XSA,2085,C_B,55.203117170897514
XSA,2085,OTH_A,1.8988866331258816
XSA,2085,CEREAL,2.278103574101098
XSA,2086,CROP_FLW,4.59496361704586
XSA,2086,PDR,3.0693693957664405
XSA,2086,WHT,1.8658956646486333
XSA,2086,GRO,1.8683904845153774
XSA,2086,OSD,2.8293645780476577
XSA,2086,C_B,55.2133882246255
XSA,2086,OTH_A,1.9006397564902544
XSA,2086,CEREAL,2.2755120812560166
XSA,2087,CROP_FLW,4.593588661347735
XSA,2087,PDR,3.068090265784474
XSA,2087,WHT,1.8653547639706873
XSA,2087,GRO,1.8676203319151348
XSA,2087,OSD,2.831329966442972
XSA,2087,C_B,55.223661189378625
XSA,2087,OTH_A,1.9023944984038743
XSA,2087,CEREAL,2.2729235364047153
XSA,2088,CROP_FLW,4.592214117079021
XSA,2088,PDR,3.0668116688675457
XSA,2088,WHT,1.864814020093333
XSA,2088,GRO,1.8668504967726356
XSA,2088,OSD,2.833296720074698
XSA,2088,C_B,55.23393606551246
XSA,2088,OTH_A,1.904150860361047
XSA,2088,CEREAL,2.2703379361936564
XSA,2089,CROP_FLW,4.590839984116605
XSA,2089,PDR,3.065533604793504
XSA,2089,WHT,1.8642734329711148
XSA,2089,GRO,1.8660809789570239
XSA,2089,OSD,2.8352648398911833
XSA,2089,C_B,55.24421285338263
XSA,2089,OTH_A,1.9059088438574572
XSA,2089,CEREAL,2.2677552772731184
XSA,2090,CROP_FLW,4.589466262337409
XSA,2090,PDR,3.064256073340294
XSA,2090,WHT,1.8637330025585919
XSA,2090,GRO,1.8653117783374977
XSA,2090,OSD,2.837234326841435
XSA,2090,C_B,55.2544915533448
XSA,2090,OTH_A,1.9076684503901706
XSA,2090,CEREAL,2.26517555629719
XSA,2091,CROP_FLW,4.58798792637006
XSA,2091,PDR,3.0632667042510584
XSA,2091,WHT,1.863197223145897
XSA,2091,GRO,1.865054438289433
XSA,2091,OSD,2.8379205966552083
XSA,2091,C_B,55.26204283758031
XSA,2091,OTH_A,1.9088100968876882
XSA,2091,CEREAL,2.26370911543755
XSA,2092,CROP_FLW,4.586510066596914
XSA,2092,PDR,3.062277654603531
XSA,2092,WHT,1.8626615977571845
XSA,2092,GRO,1.8647971337442268
XSA,2092,OSD,2.8386070324638215
XSA,2092,C_B,55.269595153802406
XSA,2092,OTH_A,1.9099524266049366
XSA,2092,CEREAL,2.262243623929844
XSA,2093,CROP_FLW,4.585032682864583
XSA,2093,PDR,3.0612889242945722
XSA,2093,WHT,1.862126126348176
XSA,2093,GRO,1.8645398646969815
XSA,2093,OSD,2.839293634307425
XSA,2093,C_B,55.27714850215211
XSA,2093,OTH_A,1.9110954399507896
XSA,2093,CEREAL,2.2607790811594755
XSA,2094,CROP_FLW,4.583555775019726
XSA,2094,PDR,3.060300513221076
XSA,2094,WHT,1.8615908088746063
XSA,2094,GRO,1.8642826311427991
XSA,2094,OSD,2.839980402226179
XSA,2094,C_B,55.284702882770475
XSA,2094,OTH_A,1.9122391373343657
XSA,2094,CEREAL,2.2593154865122465
XSA,2095,CROP_FLW,4.582079342909053
XSA,2095,PDR,3.05931242127997
XSA,2095,WHT,1.861055645292222
XSA,2095,GRO,1.8640254330767836
XSA,2095,OSD,2.840667336260256
XSA,2095,C_B,55.29225829579859
XSA,2095,OTH_A,1.913383519165028
XSA,2095,CEREAL,2.2578528393743555
XSA,2096,CROP_FLW,4.580603386379324
XSA,2096,PDR,3.0583246483682136
XSA,2096,WHT,1.8605206355567834
XSA,2096,GRO,1.8637682704940386
XSA,2096,OSD,2.8413544364498327
XSA,2096,C_B,55.29981474137753
XSA,2096,OTH_A,1.9145285858523842
XSA,2096,CEREAL,2.2563911391323996
XSA,2097,CROP_FLW,4.579127905277345
XSA,2097,PDR,3.0573371943828014
XSA,2097,WHT,1.859985779624063
XSA,2097,GRO,1.863511143389669
XSA,2097,OSD,2.8420417028351004
XSA,2097,C_B,55.30737221964843
XSA,2097,OTH_A,1.9156743378062882
XSA,2097,CEREAL,2.254930385173372
XSA,2098,CROP_FLW,4.5776528994499746
XSA,2098,PDR,3.05635005922076
XSA,2098,WHT,1.8594510774498463
XSA,2098,GRO,1.8632540517587801
XSA,2098,OSD,2.842729135456259
XSA,2098,C_B,55.31493073075239
XSA,2098,OTH_A,1.9168207754368385
XSA,2098,CEREAL,2.253470576884664
XSA,2099,CROP_FLW,4.576178368744121
XSA,2099,PDR,3.0553632427791495
XSA,2099,WHT,1.858916528989931
XSA,2099,GRO,1.862996995596478
XSA,2099,OSD,2.8434167343535166
XSA,2099,C_B,55.322490274830585
XSA,2099,OTH_A,1.9179678991543792
XSA,2099,CEREAL,2.252011713654063
XSA,2100,CROP_FLW,4.574704313006738
XSA,2100,PDR,3.0543767449550634
XSA,2100,WHT,1.858382134200128
XSA,2100,GRO,1.8627399748978695
XSA,2100,OSD,2.8441044995670928
XSA,2100,C_B,55.33005085202417
XSA,2100,OTH_A,1.9191157093694997
XSA,2100,CEREAL,2.250553794869751
XLM,2005,CROP_FLW,7.43274696117176
XLM,2005,PDR,5.100887441093075
XLM,2005,WHT,3.3685154026475224
XLM,2005,GRO,3.68968980353001
XLM,2005,OSD,4.032851629968614
XLM,2005,C_B,68.0543626166742
XLM,2005,OTH_A,3.2828814546511667
XLM,2005,CEREAL,3.700003972211806
XLM,2006,CROP_FLW,7.398592880291922
XLM,2006,PDR,5.1557722331225095
XLM,2006,WHT,3.4518718432395974
XLM,2006,GRO,3.7033833857552065
XLM,2006,OSD,4.047308670024459
XLM,2006,C_B,68.55531479039908
XLM,2006,OTH_A,3.2375061607772344
XLM,2006,CEREAL,3.7366621830423123
XLM,2007,CROP_FLW,7.364595740210262
XLM,2007,PDR,5.21124757737073
XLM,2007,WHT,3.5372910014854844
XLM,2007,GRO,3.7171277891074204
XLM,2007,OSD,4.061817535941098
XLM,2007,C_B,69.0599545025963
XLM,2007,OTH_A,3.192758034628542
XLM,2007,CEREAL,3.7736835892724416
XLM,2008,CROP_FLW,7.330754819770965
XLM,2008,PDR,5.2673198280919875
XLM,2008,WHT,3.6248239208809134
XLM,2008,GRO,3.730923202199601
XLM,2008,OSD,4.0763784135048216
XLM,2008,C_B,69.56830889745389
XLM,2008,OTH_A,3.1486284076252957
XLM,2008,CEREAL,3.8110717893019874
XLM,2009,CROP_FLW,7.297069401131979
XLM,2009,PDR,5.323995407911369
XLM,2009,WHT,3.714522908031206
XLM,2009,GRO,3.7447698143447017
XLM,2009,OSD,4.09099148916793
XLM,2009,C_B,70.08040531896977
XLM,2009,OTH_A,3.105108731002982
XLM,2009,CEREAL,3.848830417182301
XLM,2010,CROP_FLW,7.2635387697497995
XLM,2010,PDR,5.381280808560447
XLM,2010,WHT,3.8064415639078697
XLM,2010,GRO,3.758667815558272
XLM,2010,OSD,4.105656950051122
XLM,2010,C_B,70.59627131242272
XLM,2010,OTH_A,3.062190574156303
XLM,2010,CEREAL,3.8869631429695097
XLM,2011,CROP_FLW,7.227552782185106
XLM,2011,PDR,5.372580864651269
XLM,2011,WHT,3.8149378431103482
XLM,2011,GRO,3.7677020352872606
XLM,2011,OSD,4.109100718547406
XLM,2011,C_B,72.59485322570208
XLM,2011,OTH_A,3.0901039517899114
XLM,2011,CEREAL,3.8938881806153165
XLM,2012,CROP_FLW,7.1917450811749495
XLM,2012,PDR,5.363894985985424
XLM,2012,WHT,3.8234530866812726
XLM,2012,GRO,3.776757969392224
XLM,2012,OSD,4.11254737562927
XLM,2012,C_B,74.65001503463074
XLM,2012,OTH_A,3.11827177363006
XLM,2012,CEREAL,3.900825555951148
XLM,2013,CROP_FLW,7.156114783428425
XLM,2013,PDR,5.355223149823565
XLM,2013,WHT,3.831987336950617
XLM,2013,GRO,3.785835670065176
XLM,2013,OSD,4.115996923719617
XLM,2013,C_B,76.76335851723465
XLM,2013,OTH_A,3.146696359061206
XLM,2013,CEREAL,3.9077752909579098
XLM,2014,CROP_FLW,7.120661010030744
XLM,2014,PDR,5.3465653334631025
XLM,2014,WHT,3.8405406363428374
XLM,2014,GRO,3.794935189623579
XLM,2014,OSD,4.119449365243386
XLM,2014,C_B,78.93653079790901
XLM,2014,OTH_A,3.175380048610142
XLM,2014,CEREAL,3.9147374076556676
XLM,2015,CROP_FLW,7.085382886421556
XLM,2015,PDR,5.337921514238152
XLM,2015,WHT,3.8491130273770855
XLM,2015,GRO,3.8040565805106423
XLM,2015,OSD,4.12290470262755
XLM,2015,C_B,81.17122563117508
XLM,2015,OTH_A,3.204325204138713
XLM,2015,CEREAL,3.921711928103719
XLM,2016,CROP_FLW,7.050279542373371
XLM,2016,PDR,5.329291669519476
XLM,2016,WHT,3.8577045526674194
XLM,2016,GRO,3.813199895295626
XLM,2016,OSD,4.126362938301115
XLM,2016,C_B,83.46918472177987
XLM,2016,OTH_A,3.2335342090383037
XLM,2016,CEREAL,3.9286988744006623
XLM,2017,CROP_FLW,7.015350111970096
XLM,2017,PDR,5.320675776714418
XLM,2017,WHT,3.8663152549230153
XLM,2017,GRO,3.8223651866741455
XLM,2017,OSD,4.129824074695129
XLM,2017,C_B,85.83219908216817
XLM,2017,OTH_A,3.2630094684260857
XLM,2017,CEREAL,3.935698268684468
XLM,2018,CROP_FLW,6.9805937335856765
XLM,2018,PDR,5.312073813266849
XLM,2018,WHT,3.874945176948379
XLM,2018,GRO,3.831552507468474
XLM,2018,OSD,4.133288114242675
XLM,2018,C_B,88.2621104283844
XLM,2018,OTH_A,3.292753409343059
XLM,2018,CEREAL,3.942710133132546
XLM,2019,CROP_FLW,6.946009549862837
XLM,2019,PDR,5.303485756657107
XLM,2019,WHT,3.88359436164356
XLM,2019,GRO,3.8407619106278448
XLM,2019,OSD,4.136755059378879
XLM,2019,C_B,90.7608126154926
XLM,2019,OTH_A,3.3227684809538993
XLM,2019,CEREAL,3.949734489961818
XLM,2020,CROP_FLW,6.911596707691937
XLM,2020,PDR,5.294911584401937
XLM,2020,WHT,3.892262852004362
XLM,2020,GRO,3.849993449228757
XLM,2020,OSD,4.140224912540902
XLM,2020,C_B,93.33025311363313
XLM,2020,OTH_A,3.353057154748627
XLM,2020,CEREAL,3.9567713614287867
XLM,2021,CROP_FLW,6.910692939780152
XLM,2021,PDR,5.328282623172702
XLM,2021,WHT,3.888030173114233
XLM,2021,GRO,3.8566696884210936
XLM,2021,OSD,4.1437337355989206
XLM,2021,C_B,94.07503197958324
XLM,2021,OTH_A,3.357300408864747
XLM,2021,CEREAL,3.9637086205415484
XLM,2022,CROP_FLW,6.909789290046045
XLM,2022,PDR,5.361863982023582
XLM,2022,WHT,3.8838020970917073
XLM,2022,GRO,3.8633575048200783
XLM,2022,OSD,4.1472455323696025
XLM,2022,C_B,94.82575420838367
XLM,2022,OTH_A,3.361549032768694
XLM,2022,CEREAL,3.970658042491027
XLM,2023,CROP_FLW,6.908885758474159
XLM,2023,PDR,5.395656986491262
XLM,2023,WHT,3.8795786189313533
XLM,2023,GRO,3.8700569185016405
XLM,2023,OSD,4.150760305373158
XLM,2023,C_B,95.5824672282894
XLM,2023,OTH_A,3.3658030332558715
XLM,2023,CEREAL,3.9776196486018707
XLM,2024,CROP_FLW,6.907982345049047
XLM,2024,PDR,5.429662970466589
XLM,2024,WHT,3.87535973363318
XLM,2024,GRO,3.8767679495765246
XLM,2024,OSD,4.154278057131929
XLM,2024,C_B,96.34521884603468
XLM,2024,OTH_A,3.3700624171302813
XLM,2024,CEREAL,3.9845934602361113
XLM,2025,CROP_FLW,6.907079049755256
XLM,2025,PDR,5.463883276247217
XLM,2025,WHT,3.8711454362026356
XLM,2025,GRO,3.8834906181903492
XLM,2025,OSD,4.1577987901704
XLM,2025,C_B,97.11405724985322
XLM,2025,OTH_A,3.3743271912045367
XLM,2025,CEREAL,3.991579498793237
XLM,2026,CROP_FLW,6.906175872577343
XLM,2026,PDR,5.498319254590596
XLM,2026,WHT,3.8669357216505986
XLM,2026,GRO,3.8902249445236645
XLM,2026,OSD,4.161322507015193
XLM,2026,C_B,97.88903101252262
XLM,2026,OTH_A,3.3785973622998715
XLM,2026,CEREAL,3.9985777857102547
XLM,2027,CROP_FLW,6.90527281349986
XLM,2027,PDR,5.532972264767291
XLM,2027,WHT,3.862730584993374
XLM,2027,GRO,3.896970948792019
XLM,2027,OSD,4.1648492101950705
XLM,2027,C_B,98.67018909443306
XLM,2027,OTH_A,3.3828729372461517
XLM,2027,CEREAL,4.005588342461754
XLM,2028,CROP_FLW,6.904369872507368
XLM,2028,PDR,5.567843674614632
XLM,2028,WHT,3.8585300212526863
XLM,2028,GRO,3.9037286512460163
XLM,2028,OSD,4.168378902240939
XLM,2028,C_B,99.45758084668044
XLM,2028,OTH_A,3.387153922881888
XLM,2028,CEREAL,4.012611190559977
XLM,2029,CROP_FLW,6.90346704958442
XLM,2029,PDR,5.602934860590706
XLM,2029,WHT,3.854334025455672
XLM,2029,GRO,3.9104980721713734
XLM,2029,OSD,4.171911585685851
XLM,2029,C_B,100.25125601418422
XLM,2029,OTH_A,3.391440326054242
XLM,2029,CEREAL,4.019646351554883
XLM,2030,CROP_FLW,6.902564344715583
XLM,2030,PDR,5.638247207828691
XLM,2030,WHT,3.8501425926348776
XLM,2030,GRO,3.917279231888988
XLM,2030,OSD,4.175447263064997
XLM,2030,C_B,101.05126473883026
XLM,2030,OTH_A,3.3957321536190452
XLM,2030,CEREAL,4.026693847034213
XLM,2031,CROP_FLW,6.894477902614043
XLM,2031,PDR,5.663047947633215
XLM,2031,WHT,3.8570139499665066
XLM,2031,GRO,3.9183709725225055
XLM,2031,OSD,4.176840939967391
XLM,2031,C_B,102.03165139874201
XLM,2031,OTH_A,3.405580230296375
XLM,2031,CEREAL,4.032179143904365
XLM,2032,CROP_FLW,6.886400933882485
XLM,2032,PDR,5.687957777492181
XLM,2032,WHT,3.8638975706235694
XLM,2032,GRO,3.9194630174227196
XLM,2032,OSD,4.178235082049966
XLM,2032,C_B,103.02154964671173
XLM,2032,OTH_A,3.415456867711081
XLM,2032,CEREAL,4.03767191302915
XLM,2033,CROP_FLW,6.878333427422736
XLM,2033,PDR,5.712977177255787
XLM,2033,WHT,3.8707934764924476
XLM,2033,GRO,3.920555366674428
XLM,2033,OSD,4.179629689467987
XLM,2033,C_B,104.02105176297036
XLM,2033,OTH_A,3.425362148693117
XLM,2033,CEREAL,4.043172164587522
XLM,2034,CROP_FLW,6.8702753721496235
XLM,2034,PDR,5.738106628884935
XLM,2034,WHT,3.8777016894985836
XLM,2034,GRO,3.9216480203624546
XLM,2034,OSD,4.181024762376775
XLM,2034,C_B,105.03025092304004
XLM,2034,OTH_A,3.435296156312652
XLM,2034,CEREAL,4.048679908772303
XLM,2035,CROP_FLW,6.86222675699096
XLM,2035,PDR,5.763346616460506
XLM,2035,WHT,3.8846222316065506
XLM,2035,GRO,3.9227409785716443
XLM,2035,OSD,4.1824203009317
XLM,2035,C_B,106.04924120642008
XLM,2035,OTH_A,3.4452589738807715
XLM,2035,CEREAL,4.0541951557901985
XLM,2036,CROP_FLW,6.854187570887533
XLM,2036,PDR,5.788697626192691
XLM,2036,WHT,3.8915551248201217
XLM,2036,GRO,3.9238342413868668
XLM,2036,OSD,4.183816305288185
XLM,2036,C_B,107.0781176053573
XLM,2036,OTH_A,3.455250684950171
XLM,2036,CEREAL,4.059717915861819
XLM,2037,CROP_FLW,6.846157802793085
XLM,2037,PDR,5.814160146430352
XLM,2037,WHT,3.8985003911823397
XLM,2037,GRO,3.9249278088930164
XLM,2037,OSD,4.1852127756017055
XLM,2037,C_B,108.11697603370128
XLM,2037,OTH_A,3.465271373315866
XLM,2037,CEREAL,4.065248199221697
XLM,2038,CROP_FLW,6.838137441674298
XLM,2038,PDR,5.8397346676704345
XLM,2038,WHT,3.90545805277559
XLM,2038,GRO,3.9260216811750097
XLM,2038,OSD,4.186609712027789
XLM,2038,C_B,109.1659133358458
XLM,2038,OTH_A,3.4753211230158825
XLM,2038,CEREAL,4.070786016118307
XLM,2039,CROP_FLW,6.830126476510777
XLM,2039,PDR,5.8654216825674155
XLM,2039,WHT,3.912428131721664
XLM,2039,GRO,3.927115858317787
XLM,2039,OSD,4.188007114722012
XLM,2039,C_B,110.22502729575669
XLM,2039,OTH_A,3.4854000183319713
XLM,2039,CEREAL,4.076331376814084
XLM,2040,CROP_FLW,6.822124896295042
XLM,2040,PDR,5.891221685942792
XLM,2040,WHT,3.9194106501818364
XLM,2040,GRO,3.928210340406311
XLM,2040,OSD,4.189404983840006
XLM,2040,C_B,111.29441664608747
XLM,2040,OTH_A,3.495508143790312
XLM,2040,CEREAL,4.081884291585446
XLM,2041,CROP_FLW,6.815141656828374
XLM,2041,PDR,5.904503892008075
XLM,2041,WHT,3.9236092955146233
XLM,2041,GRO,3.9265916508835677
XLM,2041,OSD,4.1913696459075425
XLM,2041,C_B,112.24847799951583
XLM,2041,OTH_A,3.512341645537539
XLM,2041,CEREAL,4.083887025041575
XLM,2042,CROP_FLW,6.8081655655207
XLM,2042,PDR,5.917816043814217
XLM,2042,WHT,3.9278124386212343
XLM,2042,GRO,3.924973628370873
XLM,2042,OSD,4.193335229322396
XLM,2042,C_B,113.21071795788714
XLM,2042,OTH_A,3.529256213261276
XLM,2042,CEREAL,4.085890741117741
XLM,2043,CROP_FLW,6.80119661505505
XLM,2043,PDR,5.931158208876166
XLM,2043,WHT,3.932020084319884
XLM,2043,GRO,3.923356272593374
XLM,2043,OSD,4.19530173451664
XLM,2043,C_B,114.18120663155499
XLM,2043,OTH_A,3.5462522373551937
XLM,2043,CEREAL,4.087895440296058
XLM,2044,CROP_FLW,6.794234798121939
XLM,2044,PDR,5.944530454861079
XLM,2044,WHT,3.9362322374339462
XLM,2044,GRO,3.92173958327633
XLM,2044,OSD,4.197269161922554
XLM,2044,C_B,115.16001473188763
XLM,2044,OTH_A,3.5633301100930033
XLM,2044,CEREAL,4.0899011230588735
XLM,2045,CROP_FLW,6.787280107419364
XLM,2045,PDR,5.957932849588682
XLM,2045,WHT,3.9404489027919642
XLM,2045,GRO,3.9201235601451145
XLM,2045,OSD,4.199237511972616
XLM,2045,C_B,116.1472135764201
XLM,2045,OTH_A,3.5804902256375075
XLM,2045,CEREAL,4.091907789888772
XLM,2046,CROP_FLW,6.780332535652802
XLM,2046,PDR,5.971365461031597
XLM,2046,WHT,3.9446700852276506
XLM,2046,GRO,3.9185082029252127
XLM,2046,OSD,4.20120678509951
XLM,2046,C_B,117.14287509405068
XLM,2046,OTH_A,3.5977329800497007
XLM,2046,CEREAL,4.093915441268577
XLM,2047,CROP_FLW,6.773392075535188
XLM,2047,PDR,5.984828357315704
XLM,2047,WHT,3.9488957895799
XLM,2047,GRO,3.9168935113422254
XLM,2047,OSD,4.203176981736121
XLM,2047,C_B,118.14707183028153
XLM,2047,OTH_A,3.6150587712979094
XLM,2047,CEREAL,4.095924077681347
XLM,2048,CROP_FLW,6.766458719786924
XLM,2048,PDR,5.998321606720474
XLM,2048,WHT,3.953126020692787
XLM,2048,GRO,3.915279485121864
XLM,2048,OSD,4.205148102315539
XLM,2048,C_B,119.1598769525047
XLM,2048,OTH_A,3.632467999266975
XLM,2048,CEREAL,4.097933699610378
XLM,2049,CROP_FLW,6.75953246113586
XLM,2049,PDR,6.011845277679319
XLM,2049,WHT,3.9573607834155777
XLM,2049,GRO,3.9136661239899535
XLM,2049,OSD,4.2071201472710555
XLM,2049,C_B,120.18136425533304
XLM,2049,OTH_A,3.6499610657674886
XLM,2049,CEREAL,4.099944307539203
XLM,2050,CROP_FLW,6.752613292317292
XLM,2050,PDR,6.025399438779943
XLM,2050,WHT,3.961600082602736
XLM,2050,GRO,3.9120534276724355
XLM,2050,OSD,4.209093117036167
XLM,2050,C_B,121.21160816597707
XLM,2050,OTH_A,3.6675383745450603
XLM,2050,CEREAL,4.101955901951593
XLM,2051,CROP_FLW,6.742487823625616
XLM,2051,PDR,6.0335149277829965
XLM,2051,WHT,3.957433855380114
XLM,2051,GRO,3.921474538363428
XLM,2051,OSD,4.2086983856445785
XLM,2051,C_B,122.43323749061172
XLM,2051,OTH_A,3.6916921656016775
XLM,2051,CEREAL,4.110017117249623
XLM,2052,CROP_FLW,6.732377537961871
XLM,2052,PDR,6.04164134737454
XLM,2052,WHT,3.9532720095813887
XLM,2052,GRO,3.9309183372227423
XLM,2052,OSD,4.208303691271148
XLM,2052,C_B,123.6671789875654
XLM,2052,OTH_A,3.716005029464855
XLM,2052,CEREAL,4.118094174549284
XLM,2053,CROP_FLW,6.7222824125592755
XLM,2053,PDR,6.049778712276765
XLM,2053,WHT,3.9491145405988233
XLM,2053,GRO,3.9403848788886267
XLM,2053,OSD,4.207909033912403
XLM,2053,C_B,124.91355674487706
XLM,2053,OTH_A,3.7404780137613503
XLM,2053,CEREAL,4.126187104983473
XLM,2054,CROP_FLW,6.712202424685186
XLM,2054,PDR,6.057927037231687
XLM,2054,WHT,3.944961443829529
XLM,2054,GRO,3.949874218130911
XLM,2054,OSD,4.207514413564872
XLM,2054,C_B,126.17249610120506
XLM,2054,OTH_A,3.765112173017412
XLM,2054,CEREAL,4.134295939746276
XLM,2055,CROP_FLW,6.702137551641046
XLM,2055,PDR,6.066086337001182
XLM,2055,WHT,3.9408127146754546
XLM,2055,GRO,3.959386409851321
XLM,2055,OSD,4.207119830225085
XLM,2055,C_B,127.44412365843145
XLM,2055,OTH_A,3.789908568704225
XLM,2055,CEREAL,4.142420710093079
XLM,2056,CROP_FLW,6.6920877707623365
XLM,2056,PDR,6.0742566263670055
XLM,2056,WHT,3.9366683485433867
XLM,2056,GRO,3.9689215090838013
XLM,2056,OSD,4.206725283889571
XLM,2056,C_B,128.7285672943934
XLM,2056,OTH_A,3.8148682692836418
XLM,2056,CEREAL,4.150561447340692
XLM,2057,CROP_FLW,6.682053059418523
XLM,2057,PDR,6.0824379201308245
XLM,2057,WHT,3.9325283408449416
XLM,2057,GRO,3.9784795709948284
XLM,2057,OSD,4.20633077455486
XLM,2057,C_B,130.02595617574295
XLM,2057,OTH_A,3.839992350254227
XLM,2057,CEREAL,4.158718182867468
XLM,2058,CROP_FLW,6.672033395013004
XLM,2058,PDR,6.090630233114239
XLM,2058,WHT,3.9283926869965615
XLM,2058,GRO,3.9880606508837335
XLM,2058,OSD,4.205936302217482
XLM,2058,C_B,131.33642077093617
XLM,2058,OTH_A,3.8652818941975964
XLM,2058,CEREAL,4.166890948113428
XLM,2059,CROP_FLW,6.662028754983065
XLM,2059,PDR,6.098833580158813
XLM,2059,WHT,3.924261382419507
XLM,2059,GRO,3.9976648041830205
XLM,2059,OSD,4.205541866873967
XLM,2059,C_B,132.66009286335353
XLM,2059,OTH_A,3.890737990825067
XLM,2059,CEREAL,4.175079774580378
XLM,2060,CROP_FLW,6.652039116799817
XLM,2060,PDR,6.1070479761261005
XLM,2060,WHT,3.9201344225398578
XLM,2060,GRO,4.00729208645869
XLM,2060,OSD,4.205147468520846
XLM,2060,C_B,133.99710556455216
XLM,2060,OTH_A,3.916361737024607
XLM,2060,CEREAL,4.183284693832025
XLM,2061,CROP_FLW,6.651793897926128
XLM,2061,PDR,6.105680585536941
XLM,2061,WHT,3.9164527501883866
XLM,2061,GRO,4.014819192152947
XLM,2061,OSD,4.20926321338529
XLM,2061,C_B,135.13017641527756
XLM,2061,OTH_A,3.9361355515577987
XLM,2061,CEREAL,4.188265561740854
XLM,2062,CROP_FLW,6.651548688092118
XLM,2062,PDR,6.104313501111584
XLM,2062,WHT,3.9127745355528614
XLM,2062,GRO,4.022360436402346
XLM,2062,OSD,4.213382986492718
XLM,2062,C_B,136.2728284397705
XLM,2062,OTH_A,3.9560092046062882
XLM,2062,CEREAL,4.193252360167672
XLM,2063,CROP_FLW,6.6513034872974535
XLM,2063,PDR,6.102946722781477
XLM,2063,WHT,3.9090997753858994
XLM,2063,GRO,4.029915845764073
XLM,2063,OSD,4.217506791785733
XLM,2063,C_B,137.4251426558162
XLM,2063,OTH_A,3.9759832002573936
XLM,2063,CEREAL,4.198245096173705
XLM,2064,CROP_FLW,6.6510582955418
XLM,2064,PDR,6.101580250478083
XLM,2064,WHT,3.9054284664431678
XLM,2064,GRO,4.037485446845195
XLM,2064,OSD,4.221634633210793
XLM,2064,C_B,138.58720076628092
XLM,2064,OTH_A,3.996058045143583
XLM,2064,CEREAL,4.203243776828589
XLM,2065,CROP_FLW,6.650813112824826
XLM,2065,PDR,6.100214084132883
XLM,2065,WHT,3.90176060548338
XLM,2065,GRO,4.04506926630276
XLM,2065,OSD,4.225766514718222
XLM,2065,C_B,139.75908516490514
XLM,2065,OTH_A,4.016234248455326
XLM,2065,CEREAL,4.208248409210378
XLM,2066,CROP_FLW,6.650567939146198
XLM,2066,PDR,6.098848223677372
XLM,2066,WHT,3.8980961892682955
XLM,2066,GRO,4.052667330843886
XLM,2066,OSD,4.229902440262209
XLM,2066,C_B,140.94087894214547
XLM,2066,OTH_A,4.0365123219540076
XLM,2066,CEREAL,4.213259000405551
XLM,2067,CROP_FLW,6.650322774505583
XLM,2067,PDR,6.0974826690430595
XLM,2067,WHT,3.8944352145627126
XLM,2067,GRO,4.060279667225855
XLM,2067,OSD,4.234042413800815
XLM,2067,C_B,142.132665891066
XLM,2067,OTH_A,4.05689277998491
XLM,2067,CEREAL,4.218275557509027
XLM,2068,CROP_FLW,6.650077618902647
XLM,2068,PDR,6.096117420161472
XLM,2068,WHT,3.8907776781344685
XLM,2068,GRO,4.067906302256212
XLM,2068,OSD,4.238186439295969
XLM,2068,C_B,143.33453051327962
XLM,2068,OTH_A,4.0773761394902595
XLM,2068,CEREAL,4.223298087624172
XLM,2069,CROP_FLW,6.649832472337057
XLM,2069,PDR,6.09475247696415
XLM,2069,WHT,3.887123576754438
XLM,2069,GRO,4.075547262792851
XLM,2069,OSD,4.242334520713485
XLM,2069,C_B,144.54655802493934
XLM,2069,OTH_A,4.097962920022334
XLM,2069,CEREAL,4.228326597862808
XLM,2070,CROP_FLW,6.64958733480848
XLM,2070,PDR,6.093387839382651
XLM,2070,WHT,3.8834729071965244
XLM,2070,GRO,4.083202575744117
XLM,2070,OSD,4.246486662023058
XLM,2070,C_B,145.76883436278032
XLM,2070,OTH_A,4.118653643756649
XLM,2070,CEREAL,4.233361095345229
XLM,2071,CROP_FLW,6.65316833139603
XLM,2071,PDR,6.09342595670023
XLM,2071,WHT,3.887378042454513
XLM,2071,GRO,4.080667178203938
XLM,2071,OSD,4.251839719278499
XLM,2071,C_B,146.78948538534374
XLM,2071,OTH_A,4.133240280356984
XLM,2071,CEREAL,4.2324283365843955
XLM,2072,CROP_FLW,6.656751256454612
XLM,2072,PDR,6.093464074256252
XLM,2072,WHT,3.8912871046309454
XLM,2072,GRO,4.078133354977197
XLM,2072,OSD,4.257199524517453
XLM,2072,C_B,147.81728284983635
XLM,2072,OTH_A,4.147878577035031
XLM,2072,CEREAL,4.231495783343216
XLM,2073,CROP_FLW,6.660336111022766
XLM,2073,PDR,6.09350219205072
XLM,2073,WHT,3.895200097674643
XLM,2073,GRO,4.07560110508635
XLM,2073,OSD,4.262566086246326
XLM,2073,C_B,148.85227679454852
XLM,2073,OTH_A,4.162568716750284
XLM,2073,CEREAL,4.230563435576406
XLM,2074,CROP_FLW,6.66392289613959
XLM,2074,PDR,6.0935403100836325
XLM,2074,WHT,3.899117025538402
XLM,2074,GRO,4.073070427554462
XLM,2074,OSD,4.267939412982248
XLM,2074,C_B,149.8945176081311
XLM,2074,OTH_A,4.177310883110206
XLM,2074,CEREAL,4.229631293238694
XLM,2075,CROP_FLW,6.667511612844737
XLM,2075,PDR,6.093578428354995
XLM,2075,WHT,3.90303789217899
XLM,2075,GRO,4.070541321405199
XLM,2075,OSD,4.2733195132530835
XLM,2075,C_B,150.9440560320485
XLM,2075,OTH_A,4.192105260372522
XLM,2075,CEREAL,4.228699356284816
XLM,2076,CROP_FLW,6.671102262178428
XLM,2076,PDR,6.093616546864807
XLM,2076,WHT,3.9069627015571546
XLM,2076,GRO,4.068013785662838
XLM,2076,OSD,4.27870639559745
XLM,2076,C_B,152.0009431630491
XLM,2076,OTH_A,4.206952033447529
XLM,2076,CEREAL,4.227767624669518
XLM,2077,CROP_FLW,6.6746948451814365
XLM,2077,PDR,6.09365466561307
XLM,2077,WHT,3.910891457637627
XLM,2077,GRO,4.065487819352263
XLM,2077,OSD,4.284100068564727
XLM,2077,C_B,153.06523045565285
XLM,2077,OTH_A,4.221851387900399
XLM,2077,CEREAL,4.226836098347557
XLM,2078,CROP_FLW,6.6782893628951
XLM,2078,PDR,6.093692784599787
XLM,2078,WHT,3.914824164389124
XLM,2078,GRO,4.062963421498959
XLM,2078,OSD,4.289500540715072
XLM,2078,C_B,154.13696972465644
XLM,2078,OTH_A,4.236803509953505
XLM,2078,CEREAL,4.2259047772737
XLM,2079,CROP_FLW,6.68188581636132
XLM,2079,PDR,6.093730903824956
XLM,2079,WHT,3.9187608257843536
XLM,2079,GRO,4.0604405911290185
XLM,2079,OSD,4.294907820619434
XLM,2079,C_B,155.21621314765565
XLM,2079,OTH_A,4.251808586488746
XLM,2079,CEREAL,4.224973661402723
XLM,2080,CROP_FLW,6.685484206622551
XLM,2080,PDR,6.093769023288588
XLM,2080,WHT,3.9227014458000236
XLM,2080,GRO,4.05791932726914
XLM,2080,OSD,4.300321916859564
XLM,2080,C_B,156.30301326758607
XLM,2080,OTH_A,4.266866805049882
XLM,2080,CEREAL,4.224042750689415
XLM,2081,CROP_FLW,6.685599290940219
XLM,2081,PDR,6.096107523127516
XLM,2081,WHT,3.9256691775309682
XLM,2081,GRO,4.054447171412802
XLM,2081,OSD,4.304269660594054
XLM,2081,C_B,157.1377900640727
XLM,2081,OTH_A,4.28056917163577
XLM,2081,CEREAL,4.22188701487908
XLM,2082,CROP_FLW,6.685714377238957
XLM,2082,PDR,6.09844692037189
XLM,2082,WHT,3.928639154508396
XLM,2082,GRO,4.050977986504212
XLM,2082,OSD,4.308221028401554
XLM,2082,C_B,157.97702520263087
XLM,2082,OTH_A,4.294315541200573
XLM,2082,CEREAL,4.219732379246266
XLM,2083,CROP_FLW,6.685829465518796
XLM,2083,PDR,6.100787215366089
XLM,2083,WHT,3.931611378430955
XLM,2083,GRO,4.047511770001282
XLM,2083,OSD,4.312176023609004
XLM,2083,C_B,158.82074249419307
XLM,2083,OTH_A,4.3081060550528845
XLM,2083,CEREAL,4.217578843229499
XLM,2084,CROP_FLW,6.6859445557797725
XLM,2084,PDR,6.1031284084546265
XLM,2084,WHT,3.9345858509985794
XLM,2084,GRO,4.044048519364098
XLM,2084,OSD,4.316134649546396
XLM,2084,C_B,159.66896587686043
XLM,2084,OTH_A,4.321940854955087
XLM,2084,CEREAL,4.215426406267591
XLM,2085,CROP_FLW,6.686059648021918
XLM,2085,PDR,6.105470499982151
XLM,2085,WHT,3.937562573912488
XLM,2085,GRO,4.040588232054918
XLM,2085,OSD,4.320096909546783
XLM,2085,C_B,160.52171941658162
XLM,2085,OTH_A,4.335820083124815
XLM,2085,CEREAL,4.213275067799641
XLM,2086,CROP_FLW,6.686174742245269
XLM,2086,PDR,6.107813490293439
XLM,2086,WHT,3.9405415488751863
XLM,2086,GRO,4.037130905538173
XLM,2086,OSD,4.3240628069462765
XLM,2086,C_B,161.37902730783577
XLM,2086,OTH_A,4.349743882236405
XLM,2086,CEREAL,4.211124827265033
XLM,2087,CROP_FLW,6.68628983844986
XLM,2087,PDR,6.110157379733403
XLM,2087,WHT,3.9435227775904695
XLM,2087,GRO,4.033676537280463
XLM,2087,OSD,4.328032345084047
XLM,2087,C_B,162.2409138743189
XLM,2087,OTH_A,4.363712395422378
XLM,2087,CEREAL,4.2089756841034385
XLM,2088,CROP_FLW,6.686404936635721
XLM,2088,PDR,6.112502168647083
XLM,2088,WHT,3.946506261763421
XLM,2088,GRO,4.0302251247505545
XLM,2088,OSD,4.332005527302333
XLM,2088,C_B,163.10740356963402
XLM,2088,OTH_A,4.377725766274896
XLM,2088,CEREAL,4.206827637754814
XLM,2089,CROP_FLW,6.686520036802891
XLM,2089,PDR,6.114847857379656
XLM,2089,WHT,3.949492003100413
XLM,2089,GRO,4.026776665419383
XLM,2089,OSD,4.3359823569464435
XLM,2089,C_B,163.97852097798506
XLM,2089,OTH_A,4.391784138847246
XLM,2089,CEREAL,4.204680687659402
XLM,2090,CROP_FLW,6.686635138951408
XLM,2090,PDR,6.117194446276435
XLM,2090,WHT,3.952480003309109
XLM,2090,GRO,4.023331156760045
XLM,2090,OSD,4.339962837364758
XLM,2090,C_B,164.85429081487393
XLM,2090,OTH_A,4.405887657655317
XLM,2090,CEREAL,4.20253483325773
XLM,2091,CROP_FLW,6.688064294658687
XLM,2091,PDR,6.122367129287107
XLM,2091,WHT,3.953621849119612
XLM,2091,GRO,4.022258529006894
XLM,2091,OSD,4.340288781469882
XLM,2091,C_B,165.4286978400655
XLM,2091,OTH_A,4.417556690260205
XLM,2091,CEREAL,4.202176565764183
XLM,2092,CROP_FLW,6.689493755823941
XLM,2092,PDR,6.127544186304484
XLM,2092,WHT,3.9547640248019555
XLM,2092,GRO,4.021186187218346
XLM,2092,OSD,4.340614750054376
XLM,2092,C_B,166.00510628984213
XLM,2092,OTH_A,4.429256628401619
XLM,2092,CEREAL,4.201818328813058
XLM,2093,CROP_FLW,6.690923522512459
XLM,2093,PDR,6.132725621027217
XLM,2093,WHT,3.955906530451439
XLM,2093,GRO,4.020114131318163
XLM,2093,OSD,4.340940743120081
XLM,2093,C_B,166.5835231378309
XLM,2093,OTH_A,4.440987553933147
XLM,2093,CEREAL,4.201460122401753
XLM,2094,CROP_FLW,6.692353594789539
XLM,2094,PDR,6.137911437157078
XLM,2094,WHT,3.957049366163386
XLM,2094,GRO,4.019042361230125
XLM,2094,OSD,4.341266760668832
XLM,2094,C_B,167.1639553819572
XLM,2094,OTH_A,4.452749548925168
XLM,2094,CEREAL,4.201101946527663
XLM,2095,CROP_FLW,6.693783972720497
XLM,2095,PDR,6.143101638398976
XLM,2095,WHT,3.95819253203315
XLM,2095,GRO,4.017970876878035
XLM,2095,OSD,4.341592802702472
XLM,2095,C_B,167.7464100445297
XLM,2095,OTH_A,4.464542695665423
XLM,2095,CEREAL,4.200743801188186
XLM,2096,CROP_FLW,6.69521465637066
XLM,2096,PDR,6.148296228460947
XLM,2096,WHT,3.9593360281561103
XLM,2096,GRO,4.016899678185715
XLM,2096,OSD,4.341918869222836
XLM,2096,C_B,168.33089417232503
XLM,2096,OTH_A,4.476367076659594
XLM,2096,CEREAL,4.200385686380718
XLM,2097,CROP_FLW,6.696645645805372
XLM,2097,PDR,6.15349521105417
XLM,2097,WHT,3.9604798546276774
XLM,2097,GRO,4.015828765077008
XLM,2097,OSD,4.342244960231764
XLM,2097,C_B,168.91741483667303
XLM,2097,OTH_A,4.488222774631882
XLM,2097,CEREAL,4.200027602102658
XLM,2098,CROP_FLW,6.698076941089988
XLM,2098,PDR,6.158698589892952
XLM,2098,WHT,3.9616240115432855
XLM,2098,GRO,4.014758137475776
XLM,2098,OSD,4.3425710757310965
XLM,2098,C_B,169.50597913354258
XLM,2098,OTH_A,4.500109872525578
XLM,2098,CEREAL,4.1996695483514
XLM,2099,CROP_FLW,6.699508542289879
XLM,2099,PDR,6.163906368694749
XLM,2099,WHT,3.9627684989983973
XLM,2099,GRO,4.013687795305904
XLM,2099,OSD,4.3428972157226715
XLM,2099,C_B,170.09659418362716
XLM,2099,OTH_A,4.512028453503656
XLM,2099,CEREAL,4.199311525124345
XLM,2100,CROP_FLW,6.700940449470427
XLM,2100,PDR,6.169118551180158
XLM,2100,WHT,3.9639133170885046
XLM,2100,GRO,4.012617738491293
XLM,2100,OSD,4.343223380208331
XLM,2100,C_B,170.6892671324311
XLM,2100,OTH_A,4.523978600949344
XLM,2100,CEREAL,4.198953532418889
CIS,2005,CROP_FLW,2.9077928717003134
CIS,2005,PDR,3.105937964981502
CIS,2005,WHT,1.947071861624542
CIS,2005,GRO,2.0983442582764327
CIS,2005,OSD,1.4480911873460074
CIS,2005,C_B,26.40955476663456
CIS,2005,OTH_A,1.8131784271130247
CIS,2005,CEREAL,2.0158655459607178
CIS,2006,CROP_FLW,2.8755021354280537
CIS,2006,PDR,3.4258603668221386
CIS,2006,WHT,1.953539825758148
CIS,2006,GRO,2.132205843465464
CIS,2006,OSD,1.4268607422015984
CIS,2006,C_B,25.79494384161847
CIS,2006,OTH_A,1.813186957377309
CIS,2006,CEREAL,2.0341244512550722
CIS,2007,CROP_FLW,2.8435699844110065
CIS,2007,PDR,3.7787358876089514
CIS,2007,WHT,1.9600292757756899
CIS,2007,GRO,2.1666138627998897
CIS,2007,OSD,1.4059415563238493
CIS,2007,C_B,25.194636322793325
CIS,2007,OTH_A,1.8131954876817247
CIS,2007,CEREAL,2.0525487384238357
CIS,2008,CROP_FLW,2.811992436597349
CIS,2008,PDR,4.167958813087588
CIS,2008,WHT,1.9665402830509722
CIS,2008,GRO,2.2015771342447747
CIS,2008,OSD,1.385329066344897
CIS,2008,C_B,24.608299337083917
CIS,2008,OTH_A,1.8132040180262718
CIS,2008,CEREAL,2.0711399054299995
CIS,2009,CROP_FLW,2.7807655541555274
CIS,2009,PDR,4.597273052228797
CIS,2009,WHT,1.973072919194896
CIS,2009,GRO,2.2371046180632246
CIS,2009,OSD,1.3650187758003534
CIS,2009,C_B,24.035607758135146
CIS,2009,OTH_A,1.8132125484109511
CIS,2009,CEREAL,2.089899463804505
CIS,2010,CROP_FLW,2.749885442983195
CIS,2010,PDR,5.070808149635365
CIS,2010,WHT,1.9796272560562458
CIS,2010,GRO,2.2732054191126876
CIS,2010,OSD,1.3450062541484327
CIS,2010,C_B,23.47624402602806
CIS,2010,OTH_A,1.813221078835762
CIS,2010,CEREAL,2.108828938769136
CIS,2011,CROP_FLW,2.730516610538217
CIS,2011,PDR,5.120626628821417
CIS,2011,WHT,1.9819773424081109
CIS,2011,GRO,2.2692045127568305
CIS,2011,OSD,1.345588464331398
CIS,2011,C_B,23.566180686340832
CIS,2011,OTH_A,1.818867114054084
CIS,2011,CEREAL,2.1098213045868994
CIS,2012,CROP_FLW,2.7112842025654804
CIS,2012,PDR,5.170934552844499
CIS,2012,WHT,1.9843302186315765
CIS,2012,GRO,2.265210648110242
CIS,2012,OSD,1.3461709265345279
CIS,2012,C_B,23.656461890817447
CIS,2012,OTH_A,1.824530729982259
CIS,2012,CEREAL,2.11081413738892
CIS,2013,CROP_FLW,2.692187258158503
CIS,2013,PDR,5.221736730286737
CIS,2013,WHT,1.9866858880385991
CIS,2013,GRO,2.2612238127793125
CIS,2013,OSD,1.3467536408669134
CIS,2013,C_B,23.747088959394418
CIS,2013,OTH_A,1.8302119813633677
CIS,2013,CEREAL,2.1118074373949507
CIS,2014,CROP_FLW,2.6732248231789546
CIS,2014,PDR,5.273038016972477
CIS,2014,WHT,1.9890443539450668
CIS,2014,GRO,2.257243994392246
CIS,2014,OSD,1.3473366074376931
CIS,2014,C_B,23.838063217064864
CIS,2014,OTH_A,1.8359109231109492
CIS,2014,CEREAL,2.1128012048248457
CIS,2015,CROP_FLW,2.6543959502089813
CIS,2015,PDR,5.324843316432426
CIS,2015,WHT,1.991405619670804
CIS,2015,GRO,2.2532711805990218
CIS,2015,OSD,1.3479198263560535
CIS,2015,C_B,23.92938599389793
CIS,2015,OTH_A,1.8416276103095353
CIS,2015,CEREAL,2.1137954398985643
CIS,2016,CROP_FLW,2.6356996985038736
CIS,2016,PDR,5.377157580372336
CIS,2016,WHT,1.9937696885395764
CIS,2016,GRO,2.249305359071354
CIS,2016,OSD,1.3485032977312277
CIS,2016,C_B,24.021058625058195
CIS,2016,OTH_A,1.8473620982151793
CIS,2016,CEREAL,2.1147901428361693
CIS,2017,CROP_FLW,2.6171351339450615
CIS,2017,PDR,5.4299858091463165
CIS,2017,WHT,1.996136563879095
CIS,2017,GRO,2.245346517502657
CIS,2017,OSD,1.3490870216724957
CIS,2017,C_B,24.113082450825203
CIS,2017,OTH_A,1.8531144422559915
CIS,2017,CEREAL,2.1157853138578253
CIS,2018,CROP_FLW,2.5987013289934433
CIS,2018,PDR,5.48333305223477
CIS,2018,WHT,1.9985062490210228
CIS,2018,GRO,2.2413946436080026
CIS,2018,OSD,1.3496709982891855
CIS,2018,C_B,24.205458816613074
CIS,2018,OTH_A,1.8588846980326763
CIS,2018,CEREAL,2.116780953183803
CIS,2019,CROP_FLW,2.580397362643045
CIS,2019,PDR,5.537204408727048
CIS,2019,WHT,2.000878747300976
CIS,2019,GRO,2.2374497251240872
CIS,2019,OSD,1.350255227690672
CIS,2019,C_B,24.298189072990155
CIS,2019,OTH_A,1.8646729213190671
CIS,2019,CEREAL,2.117777061034475
CIS,2020,CROP_FLW,2.562222320375001
CIS,2020,PDR,5.591605027808829
CIS,2020,WHT,2.003254062058533
CIS,2020,GRO,2.2335117498091894
CIS,2020,OSD,1.3508397099863796
CIS,2020,C_B,24.391274575698795
CIS,2020,OTH_A,1.8704791680626696
CIS,2020,CEREAL,2.118773637630316
CIS,2021,CROP_FLW,2.561763806501397
CIS,2021,PDR,5.557764565762251
CIS,2021,WHT,2.011975239558312
CIS,2021,GRO,2.240158736259455
CIS,2021,OSD,1.3518524453779759
CIS,2021,C_B,24.411563038104752
CIS,2021,OTH_A,1.8725854522292378
CIS,2021,CEREAL,2.126263246905494
CIS,2022,CROP_FLW,2.5613053746796
CIS,2022,PDR,5.524128906606046
CIS,2022,WHT,2.0207343847519663
CIS,2022,GRO,2.246825504306514
CIS,2022,OSD,1.352865940025438
CIS,2022,C_B,24.431868376287554
CIS,2022,OTH_A,1.8746941082121116
CIS,2022,CEREAL,2.133779331046178
CIS,2023,CROP_FLW,2.5608470248949273
CIS,2023,PDR,5.490696810870618
CIS,2023,WHT,2.0295316629320586
CIS,2023,GRO,2.253512112820891
CIS,2023,OSD,1.353880194497986
CIS,2023,C_B,24.452190604284343
CIS,2023,OTH_A,1.8768051386821145
CIS,2023,CEREAL,2.1413219836378254
CIS,2024,CROP_FLW,2.5603887571326984
CIS,2024,PDR,5.4574670465876505
CIS,2024,WHT,2.038367240110753
CIS,2024,GRO,2.2602186208483097
CIS,2024,OSD,1.3548952093652664
CIS,2024,C_B,24.47252973614392
CIS,2024,OTH_A,1.878918546313077
CIS,2024,CEREAL,2.1488912985967064
CIS,2025,CROP_FLW,2.5599305713782345
CIS,2025,PDR,5.42443838924472
CIS,2025,WHT,2.04724128302295
CIS,2025,GRO,2.266945087610215
CIS,2025,OSD,1.3559109851973543
CIS,2025,C_B,24.492885785926788
CIS,2025,OTH_A,1.8810343337818405
CIS,2025,CEREAL,2.156487370171072
CIS,2026,CROP_FLW,2.5594724676168603
CIS,2026,PDR,5.391609621740165
CIS,2026,WHT,2.05615395912943
CIS,2026,GRO,2.273691572504296
CIS,2026,OSD,1.3569275225647504
CIS,2026,C_B,24.51325876770512
CIS,2026,OTH_A,1.8831525037682615
CIS,2026,CEREAL,2.1641102929423317
CIS,2027,CROP_FLW,2.5590144458339035
CIS,2027,PDR,5.358979534338236
CIS,2027,WHT,2.0651054366200157
CIS,2027,GRO,2.2804581351050115
CIS,2027,OSD,1.3579448220383838
CIS,2027,C_B,24.533648695562835
CIS,2027,OTH_A,1.8852730589552134
CIS,2027,CEREAL,2.1717601618262288
CIS,2028,CROP_FLW,2.5585565060146935
CIS,2028,PDR,5.326546924624521
CIS,2028,WHT,2.074095884416744
CIS,2028,GRO,2.287244835164116
CIS,2028,OSD,1.358962884189612
CIS,2028,C_B,24.554055583595524
CIS,2028,OTH_A,1.8873960020285905
CIS,2028,CEREAL,2.1794370720740206
CIS,2029,CROP_FLW,2.558098648144563
CIS,2029,PDR,5.294310597461637
CIS,2029,WHT,2.083125472177057
CIS,2029,GRO,2.294051732611185
CIS,2029,OSD,1.3599817095902205
CIS,2029,C_B,24.574479445910526
CIS,2029,OTH_A,1.8895213356773124
CIS,2029,CEREAL,2.187141119273668
CIS,2030,CROP_FLW,2.5576408722088484
CIS,2030,PDR,5.262269364945181
CIS,2030,WHT,2.0921943702969963
CIS,2030,GRO,2.300878887554147
CIS,2030,OSD,1.3610012988124238
CIS,2030,C_B,24.594920296626892
CIS,2030,OTH_A,1.891649062593328
CIS,2030,CEREAL,2.194872399351022
CIS,2031,CROP_FLW,2.5580409986203443
CIS,2031,PDR,5.264833763743587
CIS,2031,WHT,2.094710118411964
CIS,2031,GRO,2.304177563114798
CIS,2031,OSD,1.3633565089496174
CIS,2031,C_B,24.624153878888023
CIS,2031,OTH_A,1.8940102577939546
CIS,2031,CEREAL,2.197868358857878
CIS,2032,CROP_FLW,2.5584411876290356
CIS,2032,PDR,5.267399412219793
CIS,2032,WHT,2.097228891575019
CIS,2032,GRO,2.3074809678511192
CIS,2032,OSD,1.3657157947734362
CIS,2032,C_B,24.65342220825634
CIS,2032,OTH_A,1.8963744002869123
CIS,2032,CEREAL,2.200868407793062
CIS,2033,CROP_FLW,2.558841439244715
CIS,2033,PDR,5.269966310982787
CIS,2033,WHT,2.0997506934236148
CIS,2033,GRO,2.3107891085431347
CIS,2033,OSD,1.368079163336848
CIS,2033,C_B,24.682725326032347
CIS,2033,OTH_A,1.8987414937510723
CIS,2033,CEREAL,2.203872551738567
CIS,2034,CROP_FLW,2.5592417534771776
CIS,2034,PDR,5.272534460641858
CIS,2034,WHT,2.102275527599577
CIS,2034,GRO,2.3141019919805905
CIS,2034,OSD,1.3704466217050257
CIS,2034,C_B,24.712063273565626
CIS,2034,OTH_A,1.9011115418698967
CIS,2034,CEREAL,2.206880796284005
CIS,2035,CROP_FLW,2.559642130336218
CIS,2035,PDR,5.275103861806591
CIS,2035,WHT,2.104803397749113
CIS,2035,GRO,2.317419624962966
CIS,2035,OSD,1.372818176955369
CIS,2035,C_B,24.741436092254904
CIS,2035,OTH_A,1.9034845483314469
CIS,2035,CEREAL,2.209893147026617
CIS,2036,CROP_FLW,2.5600425698316354
CIS,2036,PDR,5.277674515086866
CIS,2036,WHT,2.1073343075228137
CIS,2036,GRO,2.320742014299488
CIS,2036,OSD,1.375193836177524
CIS,2036,C_B,24.770843823548127
CIS,2036,OTH_A,1.9058605168283862
CIS,2036,CEREAL,2.2129096095712857
CIS,2037,CROP_FLW,2.560443071973227
CIS,2037,PDR,5.280246421092861
CIS,2037,WHT,2.1098682605756576
CIS,2037,GRO,2.324069166809146
CIS,2037,OSD,1.3775736064734068
CIS,2037,C_B,24.800286508942506
CIS,2037,OTH_A,1.908239451057989
CIS,2037,CEREAL,2.2159301895305434
CIS,2038,CROP_FLW,2.560843636770796
CIS,2038,PDR,5.282819580435054
CIS,2038,WHT,2.1124052605670207
CIS,2038,GRO,2.3274010893207064
CIS,2038,OSD,1.3799574949572222
CIS,2038,C_B,24.829764189984562
CIS,2038,OTH_A,1.910621354722143
CIS,2038,CEREAL,2.2189548925245837
CIS,2039,CROP_FLW,2.561244264234142
CIS,2039,PDR,5.285393993724216
CIS,2039,WHT,2.114945311160678
CIS,2039,GRO,2.330737788672725
CIS,2039,OSD,1.3823455087554863
CIS,2039,C_B,24.859276908270214
CIS,2039,OTH_A,1.9130062315273573
CIS,2039,CEREAL,2.2219837241812708
CIS,2040,CROP_FLW,2.561644954373072
CIS,2040,PDR,5.287969661571414
CIS,2040,WHT,2.1174884160248113
CIS,2040,GRO,2.334079271713559
CIS,2040,OSD,1.384737655007048
CIS,2040,C_B,24.888824705444843
CIS,2040,OTH_A,1.9153940851847693
CIS,2040,CEREAL,2.2250166901361528
CIS,2041,CROP_FLW,2.5620885066810635
CIS,2041,PDR,5.2727221589636475
CIS,2041,WHT,2.122000441208419
CIS,2041,GRO,2.3431645150500087
CIS,2041,OSD,1.3876746500903483
CIS,2041,C_B,24.97643915793096
CIS,2041,OTH_A,1.9173358702230183
CIS,2041,CEREAL,2.2315606881657777
CIS,2042,CROP_FLW,2.56253213579074
CIS,2042,PDR,5.257518621497637
CIS,2042,WHT,2.1265220807876024
CIS,2042,GRO,2.352285122072467
CIS,2042,OSD,1.3906178744692035
CIS,2042,C_B,25.0643620336703
CIS,2042,OTH_A,1.9192796238008827
CIS,2042,CEREAL,2.2381239327522495
CIS,2043,CROP_FLW,2.5629758417154007
CIS,2043,PDR,5.242358922402872
CIS,2043,WHT,2.1310533552490813
CIS,2043,GRO,2.361441230431653
CIS,2043,OSD,1.3935673413557994
CIS,2043,C_B,25.152594418384453
CIS,2043,OTH_A,1.921225347914024
CIS,2043,CEREAL,2.2447064805016286
CIS,2044,CROP_FLW,2.563419624468345
CIS,2044,PDR,5.227242935274377
CIS,2044,WHT,2.1355942851232323
CIS,2044,GRO,2.370632978314083
CIS,2044,OSD,1.3965230639903434
CIS,2044,C_B,25.241137401617006
CIS,2044,OTH_A,1.9231730445601294
CIS,2044,CEREAL,2.25130838818646
CIS,2045,CROP_FLW,2.5638634840628773
CIS,2045,PDR,5.212170534071655
CIS,2045,WHT,2.140144890984177
CIS,2045,GRO,2.3798605044441556
CIS,2045,OSD,1.3994850556411262
CIS,2045,C_B,25.329992076746993
CIS,2045,OTH_A,1.9251227157389097
CIS,2045,CEREAL,2.257929712746263
CIS,2046,CROP_FLW,2.5643074205123018
CIS,2046,PDR,5.197141593117639
CIS,2046,WHT,2.1447051934498775
CIS,2046,GRO,2.389123948086242
CIS,2046,OSD,1.402453329604579
CIS,2046,C_B,25.419159541002404
CIS,2046,OTH_A,1.9270743634521033
CIS,2046,CEREAL,2.264570511288021
CIS,2047,CROP_FLW,2.5647514338299264
CIS,2047,PDR,5.1821559870976435
CIS,2047,WHT,2.1492752131822295
CIS,2047,GRO,2.3984234490467937
CIS,2047,OSD,1.4054278992053355
CIS,2047,C_B,25.50864089547372
CIS,2047,OTH_A,1.929027989703478
CIS,2047,CEREAL,2.2712308410866746
CIS,2048,CROP_FLW,2.5651955240290607
CIS,2048,PDR,5.167213591058321
CIS,2048,WHT,2.153854970887156
CIS,2048,GRO,2.407759147676447
CIS,2048,OSD,1.40840877779629
CIS,2048,C_B,25.598437245127506
CIS,2048,OTH_A,1.9309835964988327
CIS,2048,CEREAL,2.2779107595856156
CIS,2049,CROP_FLW,2.5656396911230175
CIS,2049,PDR,5.152314280406615
CIS,2049,WHT,2.158444487314701
CIS,2049,GRO,2.4171311848721433
CIS,2049,OSD,1.411395978758658
CIS,2049,C_B,25.688549698820086
CIS,2049,OTH_A,1.9329411858460006
CIS,2049,CEREAL,2.284610324397185
CIS,2050,CROP_FLW,2.566083935125108
CIS,2050,PDR,5.137457930908727
CIS,2050,WHT,2.1630437832591216
CIS,2050,GRO,2.4265397020792565
CIS,2050,OSD,1.414389515502037
CIS,2050,C_B,25.778979369311227
CIS,2050,OTH_A,1.934900759754851
CIS,2050,CEREAL,2.291329593303166
CIS,2051,CROP_FLW,2.566242762905113
CIS,2051,PDR,5.151320796422551
CIS,2051,WHT,2.1637660839133694
CIS,2051,GRO,2.4337574478542554
CIS,2051,OSD,1.4161859269788586
CIS,2051,C_B,25.90071413340879
CIS,2051,OTH_A,1.9348347079843904
CIS,2051,CEREAL,2.295194054160026
CIS,2052,CROP_FLW,2.5664016005157646
CIS,2052,PDR,5.16522106935515
CIS,2052,WHT,2.1644886257639535
CIS,2052,GRO,2.4409966628242676
CIS,2052,OSD,1.417984620071995
CIS,2052,C_B,26.023023759395866
CIS,2052,OTH_A,1.9347686584687411
CIS,2052,CEREAL,2.2990650326552737
CIS,2053,CROP_FLW,2.566560447957671
CIS,2053,PDR,5.179158850646329
CIS,2053,WHT,2.165211408891416
CIS,2053,GRO,2.4482574108494455
CIS,2053,OSD,1.4197855976793199
CIS,2053,C_B,26.14591096191353
CIS,2053,OTH_A,1.9347026112078263
CIS,2053,CEREAL,2.3029425397812844
CIS,2054,CROP_FLW,2.56671930523144
CIS,2054,PDR,5.193134241508272
CIS,2054,WHT,2.165934433376325
CIS,2054,GRO,2.45553975597989
CIS,2054,OSD,1.4215888627023867
CIS,2054,C_B,26.269378468422087
CIS,2054,OTH_A,1.934636566201569
CIS,2054,CEREAL,2.3068265865489757
CIS,2055,CROP_FLW,2.566878172337682
CIS,2055,PDR,5.207147343426272
CIS,2055,WHT,2.166657699299278
CIS,2055,GRO,2.462843762456223
CIS,2055,OSD,1.4233944180464349
CIS,2055,C_B,26.393429019261582
CIS,2055,OTH_A,1.9345705234498922
CIS,2055,CEREAL,2.3107171839878333
CIS,2056,CROP_FLW,2.567037049277004
CIS,2056,PDR,5.221198258159469
CIS,2056,WHT,2.1673812067408966
CIS,2056,GRO,2.4701694947101474
CIS,2056,OSD,1.4252022666203938
CIS,2056,C_B,26.51806536771262
CIS,2056,OTH_A,1.9345044829527192
CIS,2056,CEREAL,2.3146143431459456
CIS,2057,CROP_FLW,2.567195936050015
CIS,2057,PDR,5.235287087741588
CIS,2057,WHT,2.1681049557818315
CIS,2057,GRO,2.47751701736502
CIS,2057,OSD,1.4270124113368867
CIS,2057,C_B,26.64329028005749
CIS,2057,OTH_A,1.9344384447099725
CIS,2057,CEREAL,2.318518075090035
CIS,2058,CROP_FLW,2.567354832657324
CIS,2058,PDR,5.24941393448168
CIS,2058,WHT,2.168828946502759
CIS,2058,GRO,2.484886395236419
CIS,2058,OSD,1.4288248551122371
CIS,2058,C_B,26.76910653564156
CIS,2058,OTH_A,1.9343724087215757
CIS,2058,CEREAL,2.3224283909054884
CIS,2059,CROP_FLW,2.567513739099539
CIS,2059,PDR,5.263578900964868
CIS,2059,WHT,2.1695531789843825
CIS,2059,GRO,2.4922776933327175
CIS,2059,OSD,1.4306396008664721
CIS,2059,C_B,26.89551692693495
CIS,2059,OTH_A,1.9343063749874514
CIS,2059,CEREAL,2.3263453016963873
CIS,2060,CROP_FLW,2.5676726553772697
CIS,2060,PDR,5.277782090053092
CIS,2060,WHT,2.1702776533074357
CIS,2060,GRO,2.499690976855652
CIS,2060,OSD,1.432456651523327
CIS,2060,C_B,27.022524259594505
CIS,2060,OTH_A,1.934240343507524
CIS,2060,CEREAL,2.330268818585544
CIS,2061,CROP_FLW,2.567832499763995
CIS,2061,PDR,5.272546637605013
CIS,2061,WHT,2.172990577889645
CIS,2061,GRO,2.5053077028694855
CIS,2061,OSD,1.4332732590904858
CIS,2061,C_B,27.159035639484586
CIS,2061,OTH_A,1.9339181441058666
CIS,2061,CEREAL,2.334391853430763
CIS,2062,CROP_FLW,2.5679923541014547
CIS,2062,PDR,5.267316378619239
CIS,2062,WHT,2.1757068937244797
CIS,2062,GRO,2.510937049487788
CIS,2062,OSD,1.434090332185113
CIS,2062,C_B,27.296236642470582
CIS,2062,OTH_A,1.9335959983751267
CIS,2062,CEREAL,2.338522183321172
CIS,2063,CROP_FLW,2.5681522183902676
CIS,2063,PDR,5.26209130794396
CIS,2063,WHT,2.178426605051126
CIS,2063,GRO,2.516579045068656
CIS,2063,OSD,1.4349078710725944
CIS,2063,C_B,27.434130752364734
CIS,2063,OTH_A,1.9332739063063646
CIS,2063,CEREAL,2.342659821164175
CIS,2064,CROP_FLW,2.568312092631054
CIS,2064,PDR,5.2568714204324785
CIS,2064,WHT,2.18114971611407
CIS,2064,GRO,2.5222337180339056
CIS,2064,OSD,1.4357258760184666
CIS,2064,C_B,27.572721470578653
CIS,2064,OTH_A,1.9329518678906408
CIS,2064,CEREAL,2.346804779890018
CIS,2065,CROP_FLW,2.5684719768244326
CIS,2065,PDR,5.251656710943201
CIS,2065,WHT,2.1838762311631044
CIS,2065,GRO,2.5279010968692157
CIS,2065,OSD,1.4365443472884178
CIS,2065,C_B,27.71201231621226
CIS,2065,OTH_A,1.9326298831190187
CIS,2065,CEREAL,2.3509570724518203
CIS,2066,CROP_FLW,2.568631870971024
CIS,2066,PDR,5.246447174339634
CIS,2066,WHT,2.186606154453332
CIS,2066,GRO,2.5335812101242725
CIS,2066,OSD,1.4373632851482878
CIS,2066,C_B,27.85200682614313
CIS,2066,OTH_A,1.9323079519825617
CIS,2066,CEREAL,2.355116711825623
CIS,2067,CROP_FLW,2.5687917750714466
CIS,2067,PDR,5.241242805490383
CIS,2067,WHT,2.1893394902451773
CIS,2067,GRO,2.53927408641291
CIS,2067,OSD,1.4381826898640677
CIS,2067,C_B,27.99270855511631
CIS,2067,OTH_A,1.9319860744723358
CIS,2067,CEREAL,2.359283711010425
CIS,2068,CROP_FLW,2.568951689126321
CIS,2068,PDR,5.236043599269137
CIS,2068,WHT,2.1920762428043887
CIS,2068,GRO,2.54497975441326
CIS,2068,OSD,1.4390025617019
CIS,2068,C_B,28.134121075834575
CIS,2068,OTH_A,1.931664250579408
CIS,2068,CEREAL,2.3634580830282244
CIS,2069,CROP_FLW,2.569111613136266
CIS,2069,PDR,5.230849550554677
CIS,2069,WHT,2.1948164164020474
CIS,2069,GRO,2.55069824286789
CIS,2069,OSD,1.4398229009280796
CIS,2069,C_B,28.27624797904915
CIS,2069,OTH_A,1.931342480294847
CIS,2069,CEREAL,2.3676398409240607
CIS,2070,CROP_FLW,2.5692715471019048
CIS,2070,PDR,5.225660654230858
CIS,2070,WHT,2.1975600153145747
CIS,2070,GRO,2.5564295805839556
CIS,2070,OSD,1.4406437078090522
CIS,2070,C_B,28.41909287365088
CIS,2070,OTH_A,1.9310207636097227
CIS,2070,CEREAL,2.371828997766054
CIS,2071,CROP_FLW,2.5654585746632854
CIS,2071,PDR,5.211880658214735
CIS,2071,WHT,2.196505009166918
CIS,2071,GRO,2.55978976238285
CIS,2071,OSD,1.4412273375875124
CIS,2071,C_B,28.528378755514886
CIS,2071,OTH_A,1.9329053195518149
CIS,2071,CEREAL,2.373008056666484
CIS,2072,CROP_FLW,2.5616512609331954
CIS,2072,PDR,5.19813699986054
CIS,2072,WHT,2.1954505095073498
CIS,2072,GRO,2.5631543608188414
CIS,2072,OSD,1.441811203804529
CIS,2072,C_B,28.63808489723827
CIS,2072,OTH_A,1.9347917147030784
CIS,2072,CEREAL,2.374187701688381
CIS,2073,CROP_FLW,2.5578495975137296
CIS,2073,PDR,5.184429583346353
CIS,2073,WHT,2.194396516092715
CIS,2073,GRO,2.5665233816971766
CIS,2073,OSD,1.4423953065558868
CIS,2073,C_B,28.74821291493417
CIS,2073,OTH_A,1.9366799508584676
CIS,2073,CEREAL,2.375367933123111
CIS,2074,CROP_FLW,2.5540535760194447
CIS,2074,PDR,5.170758313102936
CIS,2074,WHT,2.1933430286799753
CIS,2074,GRO,2.5698968308307317
CIS,2074,OSD,1.4429796459374107
CIS,2074,C_B,28.858764430930513
CIS,2074,OTH_A,1.9385700298146868
CIS,2074,CEREAL,2.3765487512621855
CIS,2075,CROP_FLW,2.5502631880773436
CIS,2075,PDR,5.157123093813063
CIS,2075,WHT,2.192290047026209
CIS,2075,GRO,2.5732747140400245
CIS,2075,OSD,1.4435642220449632
CIS,2075,C_B,28.969741073793873
CIS,2075,OTH_A,1.9404619533701952
CIS,2075,CEREAL,2.377730156397261
CIS,2076,CROP_FLW,2.546478425326854
CIS,2076,PDR,5.143523830410864
CIS,2076,WHT,2.1912375708886103
CIS,2076,GRO,2.5766570371532227
CIS,2076,OSD,1.4441490349744464
CIS,2076,C_B,29.081144478353515
CIS,2076,OTH_A,1.9423557233252067
CIS,2076,CEREAL,2.3789121488201386
CIS,2077,CROP_FLW,2.542699279419812
CIS,2077,PDR,5.129960428081148
CIS,2077,WHT,2.1901856000244915
CIS,2077,GRO,2.5800438060061546
CIS,2077,OSD,1.4447340848218004
CIS,2077,C_B,29.192976285725457
CIS,2077,OTH_A,1.9442513414816924
CIS,2077,CEREAL,2.380094728822765
CIS,2078,CROP_FLW,2.5389257420204427
CIS,2078,PDR,5.116432792258759
CIS,2078,WHT,2.18913413419128
CIS,2078,GRO,2.5834350264423187
CIS,2078,OSD,1.4453193716830057
CIS,2078,C_B,29.305238143336627
CIS,2078,OTH_A,1.9461488096433814
CIS,2078,CEREAL,2.3812778966972314
CIS,2079,CROP_FLW,2.535157804805342
CIS,2079,PDR,5.102940828627901
CIS,2079,WHT,2.1880831731465205
CIS,2079,GRO,2.586830704312896
CIS,2079,OSD,1.44590489565408
CIS,2079,C_B,29.41793170494917
CIS,2079,OTH_A,1.9480481296157641
CIS,2079,CEREAL,2.382461652735775
CIS,2080,CROP_FLW,2.531395459463457
CIS,2080,PDR,5.089484443121489
CIS,2080,WHT,2.1870327166478725
CIS,2080,GRO,2.590230845476756
CIS,2080,OSD,1.4464906568310811
CIS,2080,C_B,29.531058630684747
CIS,2080,OTH_A,1.9499493032060924
CIS,2080,CEREAL,2.3836459972307784
CIS,2081,CROP_FLW,2.5209647855004382
CIS,2081,PDR,5.074733873444206
CIS,2081,WHT,2.1837712503062536
CIS,2081,GRO,2.5892078177877904
CIS,2081,OSD,1.4467111351276432
CIS,2081,C_B,29.6161953764045
CIS,2081,OTH_A,1.9520750052833347
CIS,2081,CEREAL,2.381752092037668
CIS,2082,CROP_FLW,2.5105770913724808
CIS,2082,PDR,5.060026054522571
CIS,2082,WHT,2.180514647706551
CIS,2082,GRO,2.5881851941499363
CIS,2082,OSD,1.4469316470301459
CIS,2082,C_B,29.701577567624952
CIS,2082,OTH_A,1.9542030246563724
CIS,2082,CEREAL,2.379859691630455
CIS,2083,CROP_FLW,2.5002321999801733
CIS,2083,PDR,5.045360862454447
CIS,2083,WHT,2.1772629015955913
CIS,2083,GRO,2.587162974403611
CIS,2083,OSD,1.4471521925437119
CIS,2083,C_B,29.78720591195471
CIS,2083,OTH_A,1.9563333638513631
CIS,2083,CEREAL,2.3779687948135244
CIS,2084,CROP_FLW,2.4899299349538464
CIS,2084,PDR,5.030738173696796
CIS,2084,WHT,2.1740160047310146
CIS,2084,GRO,2.5861411583892955
CIS,2084,OSD,1.447372771673464
CIS,2084,C_B,29.87308111904238
CIS,2084,OTH_A,1.9584660253972197
CIS,2084,CEREAL,2.3760794003922117
CIS,2085,CROP_FLW,2.479670120650565
CIS,2085,PDR,5.0161578650646375
CIS,2085,WHT,2.1707739498812644
CIS,2085,GRO,2.5851197459475332
CIS,2085,OSD,1.4475933844245257
CIS,2085,C_B,29.959203900582448
CIS,2085,OTH_A,1.9606010118256108
CIS,2085,CEREAL,2.3741915071728017
CIS,2086,CROP_FLW,2.469452582151137
CIS,2086,PDR,5.001619813730009
CIS,2086,WHT,2.167536729825566
CIS,2086,GRO,2.5840987369189308
CIS,2086,OSD,1.4478140308020224
CIS,2086,C_B,30.0455749703212
CIS,2086,OTH_A,1.9627383256709647
CIS,2086,CEREAL,2.3723051139625277
CIS,2087,CROP_FLW,2.4592771452571274
CIS,2087,PDR,4.987123897220939
CIS,2087,WHT,2.164304337353914
CIS,2087,GRO,2.5830781311441573
CIS,2087,OSD,1.4480347108110792
CIS,2087,C_B,30.132195044062623
CIS,2087,OTH_A,1.964877969470474
CIS,2087,CEREAL,2.37042021956957
CIS,2088,CROP_FLW,2.4491436364878902
CIS,2088,PDR,4.972669993420403
CIS,2088,WHT,2.161076765267055
CIS,2088,GRO,2.5820579284639456
CIS,2088,OSD,1.4482554244568222
CIS,2088,C_B,30.21906483967431
CIS,2088,OTH_A,1.9670199457640953
CIS,2088,CEREAL,2.3685368228030566
CIS,2089,CROP_FLW,2.4390518830776107
CIS,2089,PDR,4.958257980565305
CIS,2089,WHT,2.1578540063764717
CIS,2089,GRO,2.581038128719091
CIS,2089,OSD,1.4484761717443784
CIS,2089,C_B,30.306185077093463
CIS,2089,OTH_A,1.9691642570945556
CIS,2089,CEREAL,2.3666549224730615
CIS,2090,CROP_FLW,2.42900171297236
CIS,2090,PDR,4.943887737245449
CIS,2090,WHT,2.1546360535043663
CIS,2090,GRO,2.580018731750451
CIS,2090,OSD,1.4486969526788762
CIS,2090,C_B,30.39355647833284
CIS,2090,OTH_A,1.9713109060073513
CIS,2090,CEREAL,2.3647745173906047
CIS,2091,CROP_FLW,2.4211844564680143
CIS,2091,PDR,4.972792012306729
CIS,2091,WHT,2.1519371328507235
CIS,2091,GRO,2.5788749775842934
CIS,2091,OSD,1.4491283922447802
CIS,2091,C_B,30.44798325847654
CIS,2091,OTH_A,1.9710607815519954
CIS,2091,CEREAL,2.3632906757556857
CIS,2092,CROP_FLW,2.413392358241215
CIS,2092,PDR,5.001865275249859
CIS,2092,WHT,2.1492415928945694
CIS,2092,GRO,2.577731730458483
CIS,2092,OSD,1.4495599602986322
CIS,2092,C_B,30.50250750251523
CIS,2092,OTH_A,1.970810688833005
CIS,2092,CEREAL,2.3618077651972738
CIS,2093,CROP_FLW,2.405625337325074
CIS,2093,PDR,5.031108514056863
CIS,2093,WHT,2.1465494294012055
CIS,2093,GRO,2.5765889901482417
CIS,2093,OSD,1.449991656878698
CIS,2093,C_B,30.557129384980826
CIS,2093,OTH_A,1.970560627846353
CIS,2093,CEREAL,2.360325785131139
CIS,2094,CROP_FLW,2.3978833130132795
CIS,2094,PDR,5.06052272248597
CIS,2094,WHT,2.143860638141237
CIS,2094,GRO,2.5754467564288928
CIS,2094,OSD,1.4504234820232538
CIS,2094,C_B,30.611849080717803
CIS,2094,OTH_A,1.9703105985880134
CIS,2094,CEREAL,2.3588447349734203
CIS,2095,CROP_FLW,2.390166204859257
CIS,2095,PDR,5.0901089001053865
CIS,2095,WHT,2.141175214890567
CIS,2095,GRO,2.5743050290758576
CIS,2095,OSD,1.4508554357705874
CIS,2095,C_B,30.666666764883722
CIS,2095,OTH_A,1.9700606010539603
CIS,2095,CEREAL,2.3573646141406206
CIS,2096,CROP_FLW,2.382473932675332
CIS,2096,PDR,5.119868052327255
CIS,2096,WHT,2.1384931554303925
CIS,2096,GRO,2.5731638078646584
CIS,2096,OSD,1.4512875181589993
CIS,2096,C_B,30.72158261294982
CIS,2096,OTH_A,1.9698106352401685
CIS,2096,CEREAL,2.3558854220496106
CIS,2097,CROP_FLW,2.3748064165319
CIS,2097,PDR,5.149801190441831
CIS,2097,WHT,2.1358144555471905
CIS,2097,GRO,2.5720230925709155
CIS,2097,OSD,1.4517197292267994
CIS,2097,C_B,30.77659680070154
CIS,2097,OTH_A,1.9695607011426133
CIS,2097,CEREAL,2.3544071581176254
CIS,2098,CROP_FLW,2.3671635767565924
CIS,2098,PDR,5.179909331651845
CIS,2098,WHT,2.1331391110327194
CIS,2098,GRO,2.57088288297035
CIS,2098,OSD,1.4521520690123106
CIS,2098,C_B,30.83170950423913
CIS,2098,OTH_A,1.9693107987572704
CIS,2098,CEREAL,2.3529298217622667
CIS,2099,CROP_FLW,2.3595453339334513
CIS,2099,PDR,5.210193499107066
CIS,2099,WHT,2.130467117684007
CIS,2099,GRO,2.5697431788387814
CIS,2099,OSD,1.4525845375538662
CIS,2099,C_B,30.88692089997815
CIS,2099,OTH_A,1.9690609280801161
CIS,2099,CEREAL,2.351453412401502
CIS,2100,CROP_FLW,2.3519516089021018
CIS,2100,PDR,5.240654721939078
CIS,2100,WHT,2.1277984713033473
CIS,2100,GRO,2.568603979952129
CIS,2100,OSD,1.4530171348898115
CIS,2100,C_B,30.94223116465012
CIS,2100,OTH_A,1.9688110891071273
CIS,2100,CEREAL,2.349977929453663
XME,2005,CROP_FLW,4.285298551050946
XME,2005,PDR,3.467842062412671
XME,2005,WHT,2.151935537291468
XME,2005,GRO,1.4788750846964753
XME,2005,OSD,1.7124841205336003
XME,2005,C_B,44.37152524629
XME,2005,OTH_A,5.670295115460648
XME,2005,CEREAL,2.063629177301058
XME,2006,CROP_FLW,4.28110863799791
XME,2006,PDR,3.5074023294687895
XME,2006,WHT,2.1675173671327683
XME,2006,GRO,1.4897031947215646
XME,2006,OSD,1.7878509072065925
XME,2006,C_B,46.37123125032035
XME,2006,OTH_A,5.716411266282244
XME,2006,CEREAL,2.0784087299636407
XME,2007,CROP_FLW,4.276922821595593
XME,2007,PDR,3.547413890067516
XME,2007,WHT,2.183212022575484
XME,2007,GRO,1.500610586606176
XME,2007,OSD,1.8665346020279896
XME,2007,C_B,48.46105865721794
XME,2007,OTH_A,5.762902476835881
XME,2007,CEREAL,2.093294132640028
XME,2008,CROP_FLW,4.272741097838532
XME,2008,PDR,3.5878818924516898
XME,2008,WHT,2.199020320572212
XME,2008,GRO,1.5115978408406472
XME,2008,OSD,1.9486811828237103
XME,2008,C_B,50.64506899764699
XME,2008,OTH_A,5.809771797458593
XME,2008,CEREAL,2.108286143419838
XME,2009,CROP_FLW,4.268563462725178
XME,2009,PDR,3.6288115435940056
XME,2009,WHT,2.2149430839909736
XME,2009,GRO,1.5226655421655833
XME,2009,OSD,2.0344430519345233
XME,2009,C_B,52.92750684459916
XME,2009,OTH_A,5.857022303295606
XME,2009,CEREAL,2.1233855258220675
XME,2010,CROP_FLW,4.264389912257895
XME,2010,PDR,3.6702081098669885
XME,2010,WHT,2.2309811416580487
XME,2010,GRO,1.5338142796029757
XME,2010,OSD,2.1239793189603016
XME,2010,C_B,55.312808062621876
XME,2010,OTH_A,5.904657094502111
XME,2010,CEREAL,2.1385930488339753
XME,2011,CROP_FLW,4.261950295238654
XME,2011,PDR,3.6652977232749375
XME,2011,WHT,2.239625063294802
XME,2011,GRO,1.5361643413819939
XME,2011,OSD,2.1224918140990727
XME,2011,C_B,54.538494804435885
XME,2011,OTH_A,5.9276392872454355
XME,2011,CEREAL,2.1434158959491514
XME,2012,CROP_FLW,4.259512073901168
XME,2012,PDR,3.6603939063093933
XME,2012,WHT,2.248302475748608
XME,2012,GRO,1.5385180038514206
XME,2012,OSD,2.1210053509950266
XME,2012,C_B,53.77502100717771
XME,2012,OTH_A,5.950710931615644
XME,2012,CEREAL,2.1482496193057465
XME,2013,CROP_FLW,4.257075247446982
XME,2013,PDR,3.655496650180825
XME,2013,WHT,2.2570135087794143
XME,2013,GRO,1.5408752725281205
XME,2013,OSD,2.119519928918581
XME,2013,C_B,53.02223493133887
XME,2013,OTH_A,5.973872375777666
XME,2013,CEREAL,2.153094243431312
XME,2014,CROP_FLW,4.254639815078097
XME,2014,PDR,3.650605946111462
XME,2014,WHT,2.265758292649924
XME,2014,GRO,1.5432361529374097
XME,2014,OSD,2.1180355471406638
XME,2014,C_B,52.27998696158281
XME,2014,OTH_A,5.997123969251566
XME,2014,CEREAL,2.157949792908711
XME,2015,CROP_FLW,4.252205775996968
XME,2015,PDR,3.6457217853352777
XME,2015,WHT,2.274536958127542
XME,2015,GRO,1.5456006506130706
XME,2015,OSD,2.116552204932713
XME,2015,C_B,51.548129577008986
XME,2015,OTH_A,6.020466062917815
XME,2015,CEREAL,2.162816292376246
XME,2016,CROP_FLW,4.249773129406509
XME,2016,PDR,3.640844159097972
XME,2016,WHT,2.28334963648633
XME,2016,GRO,1.5479687710973653
XME,2016,OSD,2.1150699015666787
XME,2016,C_B,50.82651732183332
XME,2016,OTH_A,6.043899009022587
XME,2016,CEREAL,2.1676937665277825
XME,2017,CROP_FLW,4.247341874510091
XME,2017,PDR,3.635973058656959
XME,2017,WHT,2.2921964595089706
XME,2017,GRO,1.5503405199410463
XME,2017,OSD,2.1135886363150194
XME,2017,C_B,50.11500677647899
XME,2017,OTH_A,6.067423161183069
XME,2017,CEREAL,2.1725822401128734
XME,2018,CROP_FLW,4.244912010511537
XME,2018,PDR,3.6311084752813496
XME,2018,WHT,2.301077559488737
XME,2018,GRO,1.5527159027033712
XME,2018,OSD,2.1121084084507027
XME,2018,C_B,49.413456529071986
XME,2018,OTH_A,6.091038874392811
XME,2018,CEREAL,2.1774817379368865
XME,2019,CROP_FLW,4.242483536615128
XME,2019,PDR,3.6262504002519336
XME,2019,WHT,2.309993069231473
XME,2019,GRO,1.555094924952115
XME,2019,OSD,2.110629217247207
XME,2019,C_B,48.721727147335656
XME,2019,OTH_A,6.114746505027063
XME,2019,CEREAL,2.1823922848611286
XME,2020,CROP_FLW,4.240056452025599
XME,2020,PDR,3.6213988248611684
XME,2020,WHT,2.318943122057578
XME,2020,GRO,1.5574775922635835
XME,2020,OSD,2.1091510619785185
XME,2020,C_B,48.0396811508787
XME,2020,OTH_A,6.1385464108481775
XME,2020,CEREAL,2.187313905802975
XME,2021,CROP_FLW,4.236696498137498
XME,2021,PDR,3.616875293102476
XME,2021,WHT,2.3211823229073296
XME,2021,GRO,1.5669823097311668
XME,2021,OSD,2.114879189137398
XME,2021,C_B,47.9910037587886
XME,2021,OTH_A,6.196981376601998
XME,2021,CEREAL,2.1933716579651654
XME,2022,CROP_FLW,4.233339206782374
XME,2022,PDR,3.6123574117403736
XME,2022,WHT,2.3234236859577835
XME,2022,GRO,1.5765450310214613
XME,2022,OSD,2.120622873001219
XME,2022,C_B,47.942375690266935
XME,2022,OTH_A,6.255972605189737
XME,2022,CEREAL,2.199446187034027
XME,2023,CROP_FLW,4.229984575850353
XME,2023,PDR,3.607845173716885
XME,2023,WHT,2.3256672132967866
XME,2023,GRO,1.5861661101106335
XME,2023,OSD,2.1263821558195786
XME,2023,C_B,47.893796895335385
XME,2023,OTH_A,6.315525391871461
XME,2023,CEREAL,2.2055375394730983
XME,2024,CROP_FLW,4.226632603233233
XME,2024,PDR,3.6033385719828495
XME,2024,WHT,2.3279129070142046
XME,2024,GRO,1.5958459031350365
XME,2024,OSD,2.1321570799568197
XME,2024,C_B,47.845267324066256
XME,2024,OTH_A,6.375645082314658
XME,2024,CEREAL,2.2116457618745966
XME,2025,CROP_FLW,4.22328328682448
XME,2025,PDR,3.5988375994979123
XME,2025,WHT,2.3301607692019197
XME,2025,GRO,1.6055847684043942
XME,2025,OSD,2.1379476878923365
XME,2025,C_B,47.79678692658246
XME,2025,OTH_A,6.436337073074094
XME,2025,CEREAL,2.217770900959778
XME,2026,CROP_FLW,4.219936624519232
XME,2026,PDR,3.594342249230511
XME,2026,WHT,2.332410801953834
XME,2026,GRO,1.6153830664150637
XME,2026,OSD,2.143754022220894
XME,2026,C_B,47.74835565305746
XME,2026,OTH_A,6.497606812076223
XME,2026,CEREAL,2.223913003579292
XME,2027,CROP_FLW,4.216592614214293
XME,2027,PDR,3.5898525141578688
XME,2027,WHT,2.3346630073658714
XME,2027,GRO,1.6252411598633802
XME,2027,OSD,2.149576125652936
XME,2027,C_B,47.69997345371518
XME,2027,OTH_A,6.559459799108213
XME,2027,CEREAL,2.2300721167135413
XME,2028,CROP_FLW,4.213251253808137
XME,2028,PDR,3.5853683872659796
XME,2028,WHT,2.3369173875359808
XME,2028,GRO,1.6351594136590821
XME,2028,OSD,2.155414041014902
XME,2028,C_B,47.65164027883
XME,2028,OTH_A,6.621901586311625
XME,2028,CEREAL,2.236248287473038
XME,2029,CROP_FLW,4.209912541200898
XME,2029,PDR,3.5808898615495997
XME,2029,WHT,2.339173944564136
XME,2029,GRO,1.6451381949388182
XME,2029,OSD,2.161267811249541
XME,2029,C_B,47.60335607872668
XME,2029,OTH_A,6.684937778680792
XME,2029,CEREAL,2.24244156309877
XME,2030,CROP_FLW,4.206576474294378
XME,2030,PDR,3.5764169300122344
XME,2030,WHT,2.3414326805523364
XME,2030,GRO,1.6551778730797386
XME,2030,OSD,2.167137479416228
XME,2030,C_B,47.55512080378029
XME,2030,OTH_A,6.748574034565946
XME,2030,CEREAL,2.248651990962556
XME,2031,CROP_FLW,4.206208066391007
XME,2031,PDR,3.568136111103629
XME,2031,WHT,2.3427919359463463
XME,2031,GRO,1.6599405076171232
XME,2031,OSD,2.166861609116163
XME,2031,C_B,47.55586118070748
XME,2031,OTH_A,6.774356824591293
XME,2031,CEREAL,2.253046392736015
XME,2032,CROP_FLW,4.205839690752444
XME,2032,PDR,3.559874465564107
XME,2032,WHT,2.344151980419299
XME,2032,GRO,1.664716846233148
XME,2032,OSD,2.1665857739335856
XME,2032,C_B,47.55660156916147
XME,2032,OTH_A,6.800238117242244
XME,2032,CEREAL,2.2574493822175876
XME,2033,CROP_FLW,4.205471347375864
XME,2033,PDR,3.5516319489997414
XME,2033,WHT,2.3455128144292745
XME,2033,GRO,1.6695069283601425
XME,2033,OSD,2.1663099738640246
XME,2033,C_B,47.55734196914242
XME,2033,OTH_A,6.826218288846079
XME,2033,CEREAL,2.261860976189701
XME,2034,CROP_FLW,4.205103036258441
XME,2034,PDR,3.5434085171193916
XME,2034,WHT,2.3468744384346167
XME,2034,GRO,1.6743107935438981
XME,2034,OSD,2.1660342089030107
XME,2034,C_B,47.558082380650525
XME,2034,OTH_A,6.852297717167831
XME,2034,CEREAL,2.2662811914675802
XME,2035,CROP_FLW,4.2047347573973495
XME,2035,PDR,3.535204125734471
XME,2035,WHT,2.348236852893935
XME,2035,GRO,1.679128481443997
XME,2035,OSD,2.1657584790460747
XME,2035,C_B,47.558822803685956
XME,2035,OTH_A,6.878476781415775
XME,2035,CEREAL,2.2707100448993103
XME,2036,CROP_FLW,4.204366510789765
XME,2036,PDR,3.5270187307587064
XME,2036,WHT,2.349600058266107
XME,2036,GRO,1.6839600318341381
XME,2036,OSD,2.1654827842887476
XME,2036,C_B,47.55956323824891
XME,2036,OTH_A,6.90475586224694
XME,2036,CEREAL,2.275147553365903
XME,2037,CROP_FLW,4.203998296432862
XME,2037,PDR,3.518852288207901
XME,2037,WHT,2.3509640550102757
XME,2037,GRO,1.6888054846024654
XME,2037,OSD,2.1652071246265616
XME,2037,C_B,47.56030368433955
XME,2037,OTH_A,6.931135341772652
XME,2037,CEREAL,2.2795937337813585
XME,2038,CROP_FLW,4.2036301143238175
XME,2038,PDR,3.5107047541997
XME,2038,WHT,2.352328843585851
XME,2038,GRO,1.6936648797518983
XME,2038,OSD,2.164931500055049
XME,2038,C_B,47.56104414195805
XME,2038,OTH_A,6.957615603564087
XME,2038,CEREAL,2.2840486030927307
XME,2039,CROP_FLW,4.203261964459806
XME,2039,PDR,3.502576084953352
XME,2039,WHT,2.353694424452508
XME,2039,GRO,1.6985382574004604
XME,2039,OSD,2.164655910569743
XME,2039,C_B,47.561784611104606
XME,2039,OTH_A,6.984197032657842
XME,2039,CEREAL,2.2885121782801927
XME,2040,CROP_FLW,4.202893846838005
XME,2040,PDR,3.4944662367894774
XME,2040,WHT,2.3550607980701916
XME,2040,GRO,1.7034256577816145
XME,2040,OSD,2.164380356166176
XME,2040,C_B,47.56252509177943
XME,2040,OTH_A,7.010880015561534
XME,2040,CEREAL,2.2929844763571023
XME,2041,CROP_FLW,4.202148446210658
XME,2041,PDR,3.4763541541906697
XME,2041,WHT,2.358052708854096
XME,2041,GRO,1.7095045382147063
XME,2041,OSD,2.1611511910851022
XME,2041,C_B,47.518649568236384
XME,2041,OTH_A,7.02174002485307
XME,2041,CEREAL,2.297576829812879
XME,2042,CROP_FLW,4.201403177783199
XME,2042,PDR,3.458335947884789
XME,2042,WHT,2.3610484206142415
XME,2042,GRO,1.715605111867664
XME,2042,OSD,2.157926843783441
XME,2042,C_B,47.47481451902817
XME,2042,OTH_A,7.032616856540875
XME,2042,CEREAL,2.30217838076235
XME,2043,CROP_FLW,4.200658041532181
XME,2043,PDR,3.440411131303913
XME,2043,WHT,2.364047938179455
XME,2043,GRO,1.7217274561553662
XME,2043,OSD,2.154707307073267
XME,2043,C_B,47.431019906817994
XME,2043,OTH_A,7.043510536683214
XME,2043,CEREAL,2.3067891476261124
XME,2044,CROP_FLW,4.199913037434164
XME,2044,PDR,3.42257922040204
XME,2044,WHT,2.367051266384698
XME,2044,GRO,1.7278716487689556
XME,2044,OSD,2.151492573777378
XME,2044,C_B,47.387265694303494
XME,2044,OTH_A,7.05442109137872
XME,2044,CEREAL,2.3114091488616544
XME,2045,CROP_FLW,4.199168165465707
XME,2045,PDR,3.404839733642014
XME,2045,WHT,2.370058410071075
XME,2045,GRO,1.7340377676768242
XME,2045,OSD,2.1482826367292804
XME,2045,C_B,47.343551844216705
XME,2045,OTH_A,7.065348546766452
XME,2045,CEREAL,2.3160384029634327
XME,2046,CROP_FLW,4.198423425603379
XME,2046,PDR,3.3871921919825234
XME,2046,WHT,2.373069374085841
XME,2046,GRO,1.7402258911256046
XME,2046,OSD,2.145077488773174
XME,2046,C_B,47.29987831932407
XME,2046,OTH_A,7.076292929025956
XME,2046,CEREAL,2.3206769284629414
XME,2047,CROP_FLW,4.19767881782375
XME,2047,PDR,3.369636118865163
XME,2047,WHT,2.3760841632824086
XME,2047,GRO,1.7464360976411621
XME,2047,OSD,2.141877122763933
XME,2047,C_B,47.25624508242637
XME,2047,OTH_A,7.087254264377335
XME,2047,CEREAL,2.325324743928792
XME,2048,CROP_FLW,4.196934342103393
XME,2048,PDR,3.3521710402015663
XME,2048,WHT,2.3791027825203552
XME,2048,GRO,1.7526684660295906
XME,2048,OSD,2.1386815315670917
XME,2048,C_B,47.21265209635868
XME,2048,OTH_A,7.098232579081307
XME,2048,CEREAL,2.329981867966784
XME,2049,CROP_FLW,4.196189998418888
XME,2049,PDR,3.334796484360602
XME,2049,WHT,2.382125236665434
XME,2049,GRO,1.758923075378213
XME,2049,OSD,2.1354907080588306
XME,2049,C_B,47.16909932399039
XME,2049,OTH_A,7.109227899439266
XME,2049,CEREAL,2.3346483192199794
XME,2050,CROP_FLW,4.195445786746817
XME,2050,PDR,3.3175119821556414
XME,2050,WHT,2.3851515305895803
XME,2050,GRO,1.7652000050565864
XME,2050,OSD,2.1323046451259566
XME,2050,C_B,47.12558672822511
XME,2050,OTH_A,7.120240251793346
XME,2050,CEREAL,2.3393241163687817
XME,2051,CROP_FLW,4.1964962723267885
XME,2051,PDR,3.2887225969528333
XME,2051,WHT,2.3874513496473044
XME,2051,GRO,1.7674320793542968
XME,2051,OSD,2.121754230490395
XME,2051,C_B,46.90664685519152
XME,2051,OTH_A,7.133456760779675
XME,2051,CEREAL,2.3407077453213985
XME,2052,CROP_FLW,4.197547020934816
XME,2052,PDR,3.260183046175587
XME,2052,WHT,2.389753386244514
XME,2052,GRO,1.7696669760832648
XME,2052,OSD,2.111256018174627
XME,2052,C_B,46.6887241507776
XME,2052,OTH_A,7.14669780209969
XME,2052,CEREAL,2.342092192642477
XME,2053,CROP_FLW,4.1985980326367605
XME,2053,PDR,3.2318911617595356
XME,2053,WHT,2.392057642519413
XME,2053,GRO,1.7719046988124216
XME,2053,OSD,2.1008097498871745
XME,2053,C_B,46.4718138893389
XME,2053,OTH_A,7.1599634212900325
XME,2053,CEREAL,2.343477458816054
XME,2054,CROP_FLW,4.199649307498496
XME,2054,PDR,3.2038447944547856
XME,2054,WHT,2.3943641206122668
XME,2054,GRO,1.77414525111521
XME,2054,OSD,2.0904151686145576
XME,2054,C_B,46.25591136718571
XME,2054,OTH_A,7.1732536639718605
XME,2054,CEREAL,2.344863544326452
XME,2055,CROP_FLW,4.200700845585914
XME,2055,PDR,3.176041813662645
XME,2055,WHT,2.396672822665404
XME,2055,GRO,1.7763886365695918
XME,2055,OSD,2.080072018614972
XME,2055,C_B,46.041011902481124
XME,2055,OTH_A,7.186568575851024
XME,2055,CEREAL,2.3462504496582803
XME,2056,CROP_FLW,4.201752646964923
XME,2056,PDR,3.148480107273767
XME,2056,WHT,2.398983750823219
XME,2056,GRO,1.778634858758054
XME,2056,OSD,2.069780045411996
XME,2056,C_B,45.82711083513951
XME,2056,OTH_A,7.199908202718205
XME,2056,CEREAL,2.3476381752964346
XME,2057,CROP_FLW,4.202804711701449
XME,2057,PDR,3.1211575815077004
XME,2057,WHT,2.401296907232175
XME,2057,GRO,1.780883921267613
XME,2057,OSD,2.0595389957883303
XME,2057,C_B,45.6142035267254
XME,2057,OTH_A,7.213272590449082
XME,2057,CEREAL,2.349026721726098
XME,2058,CROP_FLW,4.2038570398614326
XME,2058,PDR,3.0940721607538304
XME,2058,WHT,2.4036122940408027
XME,2058,GRO,1.7831358276898202
XME,2058,OSD,2.0493486177795672
XME,2058,C_B,45.40228536035299
XME,2058,OTH_A,7.226661785004492
XME,2058,CEREAL,2.3504160894327395
XME,2059,CROP_FLW,4.204909631510831
XME,2059,PDR,3.0672217874137027
XME,2059,WHT,2.4059299133997074
XME,2059,GRO,1.7853905816207694
XME,2059,OSD,2.039208660667992
XME,2059,C_B,45.19135174058594
XME,2059,OTH_A,7.240075832430575
XME,2059,CEREAL,2.351806278902117
XME,2060,CROP_FLW,4.2059624867156185
XME,2060,PDR,3.0406044217447117
XME,2060,WHT,2.4082497674615633
XME,2060,GRO,1.7876481866610996
XME,2060,OSD,2.029118874976415
XME,2060,C_B,44.981398093337795
XME,2060,OTH_A,7.25351477885896
XME,2060,CEREAL,2.3531972906202725
XME,2061,CROP_FLW,4.20890199207303
XME,2061,PDR,3.040201342723199
XME,2061,WHT,2.407040218511515
XME,2061,GRO,1.783889357947012
XME,2061,OSD,2.0212919718400135
XME,2061,C_B,44.73707836841583
XME,2061,OTH_A,7.271263114146785
XME,2061,CEREAL,2.35211567310571
XME,2062,CROP_FLW,4.211843551821505
XME,2062,PDR,3.039798317136028
XME,2062,WHT,2.4058312770601913
XME,2062,GRO,1.7801384327977352
XME,2062,OSD,2.013495259351121
XME,2062,C_B,44.4940856837931
XME,2062,OTH_A,7.289054877126578
XME,2062,CEREAL,2.3510345527430228
XME,2063,CROP_FLW,4.214787167396838
XME,2063,PDR,3.039395344976116
XME,2063,WHT,2.4046229428024746
XME,2063,GRO,1.7763953945947046
XME,2063,OSD,2.0057286210556056
XME,2063,C_B,44.25241283155402
XME,2063,OTH_A,7.306890174059818
XME,2063,CEREAL,2.3499539293037026
XME,2064,CROP_FLW,4.217732840235824
XME,2064,PDR,3.0389924262363803
XME,2064,WHT,2.403415215433401
XME,2064,GRO,1.7726602267542992
XME,2064,OSD,1.997991940948536
XME,2064,C_B,44.0120526429333
XME,2064,OTH_A,7.324769111467999
XME,2064,CEREAL,2.348873802559344
XME,2065,CROP_FLW,4.220680571776266
XME,2065,PDR,3.038589560909739
XME,2065,WHT,2.402208094648159
XME,2065,GRO,1.7689329127277682
XME,2065,OSD,1.9902851034724436
XME,2065,C_B,43.77299798810332
XME,2065,OTH_A,7.342691796133252
XME,2065,CEREAL,2.347794172281648
XME,2066,CROP_FLW,4.223630363456968
XME,2066,PDR,3.0381867489891117
XME,2066,WHT,2.40100158014209
XME,2066,GRO,1.7652134360011564
XME,2066,OSD,1.9826079935155998
XME,2066,C_B,43.53524177596266
XME,2066,OTH_A,7.360658335098992
XME,2066,CEREAL,2.346715038242419
XME,2067,CROP_FLW,4.226582216717743
XME,2067,PDR,3.0377839904674184
XME,2067,WHT,2.3997956716106894
XME,2067,GRO,1.7615017800952328
XME,2067,OSD,1.9749604964102954
XME,2067,C_B,43.29877695392571
XME,2067,OTH_A,7.378668835670552
XME,2067,CEREAL,2.345636400213569
XME,2068,CROP_FLW,4.229536132999408
XME,2068,PDR,3.03738128533758
XME,2068,WHT,2.398590368749605
XME,2068,GRO,1.7577979285654164
XME,2068,OSD,1.967342497931127
XME,2068,C_B,43.063596507713484
XME,2068,OTH_A,7.396723405415829
XME,2068,CEREAL,2.344558257967111
XME,2069,CROP_FLW,4.232492113743789
XME,2069,PDR,3.036978633592519
XME,2069,WHT,2.3973856712546375
XME,2069,GRO,1.7541018650017037
XME,2069,OSD,1.9597538842932927
XME,2069,C_B,42.82969346114559
XME,2069,OTH_A,7.4148221521659226
XME,2069,CEREAL,2.343480611275166
XME,2070,CROP_FLW,4.23545016039372
XME,2070,PDR,3.036576035225158
XME,2070,WHT,2.39618157882174
XME,2070,GRO,1.7504135730285963
XME,2070,OSD,1.952194542150893
XME,2070,C_B,42.59706087593323
XME,2070,OTH_A,7.432965184015779
XME,2070,CEREAL,2.3424034599099577
XME,2071,CROP_FLW,4.2309868899179435
XME,2071,PDR,3.0422606941708072
XME,2071,WHT,2.412650373991615
XME,2071,GRO,1.7577000113276258
XME,2071,OSD,1.9558067263761225
XME,2071,C_B,42.588375913508244
XME,2071,OTH_A,7.4804367832942384
XME,2071,CEREAL,2.3547197618255677
XME,2072,CROP_FLW,4.226528322787169
XME,2072,PDR,3.047955995151088
XME,2072,WHT,2.429232358085379
XME,2072,GRO,1.7650167808488897
XME,2072,OSD,1.9594255942973646
XME,2072,C_B,42.5796927218292
XME,2072,OTH_A,7.528211566118197
XME,2072,CEREAL,2.3671008225649555
XME,2073,CROP_FLW,4.222074454045061
XME,2073,PDR,3.0536619580885502
XME,2073,WHT,2.445928309042907
XME,2073,GRO,1.772364007852023
XME,2073,OSD,1.9630511582815944
XME,2073,C_B,42.57101130053505
XME,2073,OTH_A,7.576291468808815
XME,2073,CEREAL,2.3795469826284825
XME,2074,CROP_FLW,4.217625278740513
XME,2074,PDR,3.05937860294304
XME,2074,WHT,2.462739010150806
XME,2074,GRO,1.779741819122242
XME,2074,OSD,1.9666834307186696
XME,2074,C_B,42.56233164926484
XME,2074,OTH_A,7.624678440053822
XME,2074,CEREAL,2.392058584306853
XME,2075,CROP_FLW,4.2131807919276305
XME,2075,PDR,3.06510594971177
XME,2075,WHT,2.4796652500791585
XME,2075,GRO,1.78715034197253
XME,2075,OSD,1.9703224240213733
XME,2075,C_B,42.5536537676577
XME,2075,OTH_A,7.6733744409864935
XME,2075,CEREAL,2.4046359716905292
XME,2076,CROP_FLW,4.208740988665734
XME,2076,PDR,3.070844018429387
XME,2076,WHT,2.496707822918522
XME,2076,GRO,1.7945897042458365
XME,2076,OSD,1.9739681506254567
XME,2076,C_B,42.54497765535281
XME,2076,OTH_A,7.722381445265139
XME,2076,CEREAL,2.4172794906791903
XME,2077,CROP_FLW,4.204305864019347
XME,2077,PDR,3.0765928291680464
XME,2077,WHT,2.5138675282171867
XME,2077,GRO,1.8020600343172815
XME,2077,OSD,1.9776206229896804
XME,2077,C_B,42.536303311989435
XME,2077,OTH_A,7.771701439153094
XME,2077,CEREAL,2.4299894889912497
XME,2078,CROP_FLW,4.1998754130582
XME,2078,PDR,3.0823524020374786
XME,2078,WHT,2.5311451710186836
XME,2078,GRO,1.809561461096372
XME,2078,OSD,1.9812798535958582
XME,2078,C_B,42.527630737206906
XME,2078,OTH_A,7.821336421599222
XME,2078,CEREAL,2.4427663161734143
XME,2079,CROP_FLW,4.195449630857212
XME,2079,PDR,3.088122757185061
XME,2079,WHT,2.5485415618995546
XME,2079,GRO,1.8170941140292254
XME,2079,OSD,1.9849458549488992
XME,2079,C_B,42.51895993064464
XME,2079,OTH_A,7.8712884043189355
XME,2079,CEREAL,2.455610323610302
XME,2080,CROP_FLW,4.191028512496498
XME,2080,PDR,3.0939039147958884
XME,2080,WHT,2.566057517007378
XME,2080,GRO,1.824658123100804
XME,2080,OSD,1.9886186395768481
XME,2080,C_B,42.51029089194211
XME,2080,OTH_A,7.921559411875728
XME,2080,CEREAL,2.4685218645340985
XME,2081,CROP_FLW,4.192348544947623
XME,2081,PDR,3.0942706771093245
XME,2081,WHT,2.5791257752363785
XME,2081,GRO,1.835979970383925
XME,2081,OSD,1.9929953921214474
XME,2081,C_B,42.63220643994454
XME,2081,OTH_A,7.977816903093997
XME,2081,CEREAL,2.4790629881350936
XME,2082,CROP_FLW,4.193668993164393
XME,2082,PDR,3.0946374829000627
XME,2082,WHT,2.5922605866786284
XME,2082,GRO,1.8473720687591708
XME,2082,OSD,1.9973817774646412
XME,2082,C_B,42.75447163036374
XME,2082,OTH_A,8.034473924903859
XME,2082,CEREAL,2.489649124619454
XME,2083,CROP_FLW,4.19498985727776
XME,2083,PDR,3.0950043321732568
XME,2083,WHT,2.605462290272196
XME,2083,GRO,1.8588348541285478
XME,2083,OSD,2.0017778168072646
XME,2083,C_B,42.877087465941514
XME,2083,OTH_A,8.091533314699769
XME,2083,CEREAL,2.5002804662019504
XME,2084,CROP_FLW,4.196311137418719
XME,2084,PDR,3.095371224934061
XME,2084,WHT,2.6187312266812706
XME,2084,GRO,1.8703687650987966
XME,2084,OSD,2.006183531396814
XME,2084,C_B,43.00005495229549
XME,2084,OTH_A,8.14899793002685
XME,2084,CEREAL,2.5109572059181544
XME,2085,CROP_FLW,4.197632833718301
XME,2085,PDR,3.095738161187631
XME,2085,WHT,2.6320677383049578
XME,2085,GRO,1.8819742429981754
XME,2085,OSD,2.010598942527549
XME,2085,C_B,43.123375097927266
XME,2085,OTH_A,8.20687064872399
XME,2085,CEREAL,2.52167953762794
XME,2086,CROP_FLW,4.198954946307584
XME,2086,PDR,3.0961051409391227
XME,2086,WHT,2.6454721692861094
XME,2086,GRO,1.893651731893346
XME,2086,OSD,2.015024071540595
XME,2086,C_B,43.24704891423077
XME,2086,OTH_A,8.265154369067977
XME,2086,CEREAL,2.5324476560190057
XME,2087,CROP_FLW,4.200277475317686
XME,2087,PDR,3.0964721641936914
XME,2087,WHT,2.658944865520207
XME,2087,GRO,1.905401678606366
XME,2087,OSD,2.0194589398240486
XME,2087,C_B,43.37107741550046
XME,2087,OTH_A,8.32385200991864
XME,2087,CEREAL,2.543261756610407
XME,2088,CROP_FLW,4.201600420879765
XME,2088,PDR,3.0968392309564954
XME,2088,WHT,2.6724861746642894
XME,2088,GRO,1.917224532731786
XME,2088,OSD,2.023903568813078
XME,2088,C_B,43.49546161893974
XME,2088,OTH_A,8.382966510865023
XME,2088,CEREAL,2.5541220357561114
XME,2089,CROP_FLW,4.202923783125019
XME,2089,PDR,3.0972063412326913
XME,2089,WHT,2.6860964461459194
XME,2089,GRO,1.9291207466538522
XME,2089,OSD,2.0283579799900298
XME,2089,C_B,43.620202544669255
XME,2089,OTH_A,8.442500832372605
XME,2089,CEREAL,2.5650286906485578
XME,2090,CROP_FLW,4.2042475621846895
XME,2090,PDR,3.097573495027437
XME,2090,WHT,2.6997760311722043
XME,2090,GRO,1.9410907755638167
XME,2090,OSD,2.0328221948845306
XME,2090,C_B,43.7453012157352
XME,2090,OTH_A,8.502457955931563
XME,2090,CEREAL,2.575981919322238
XME,2091,CROP_FLW,4.20425212723051
XME,2091,PDR,3.0991256198273205
XME,2091,WHT,2.7021447698283736
XME,2091,GRO,1.9492141179597735
XME,2091,OSD,2.0336687841996763
XME,2091,C_B,43.83494779566462
XME,2091,OTH_A,8.522629380301609
XME,2091,CEREAL,2.5809567334673096
XME,2092,CROP_FLW,4.204256692281288
XME,2092,PDR,3.100678522362228
XME,2092,WHT,2.7045155867765036
XME,2092,GRO,1.9573714560310036
XME,2092,OSD,2.034515726085485
XME,2092,C_B,43.92477808696576
XME,2092,OTH_A,8.542848659816984
XME,2092,CEREAL,2.5859411551238285
XME,2093,CROP_FLW,4.204261257337022
XME,2093,PDR,3.102232203021864
XME,2093,WHT,2.7068884838400535
XME,2093,GRO,1.9655629320472625
XME,2093,OSD,2.035363020688788
XME,2093,C_B,44.01479246611555
XME,2093,OTH_A,8.563115908010317
XME,2093,CEREAL,2.590935202846111
XME,2094,CROP_FLW,4.204265822397712
XME,2094,PDR,3.10378666219613
XME,2094,WHT,2.7092634628440813
XME,2094,GRO,1.9737886888736953
XME,2094,OSD,2.0362106681564778
XME,2094,C_B,44.10499131036241
XME,2094,OTH_A,8.583431238683595
XME,2094,CEREAL,2.595938895224307
XME,2095,CROP_FLW,4.20427038746336
XME,2095,PDR,3.1053419002751212
XME,2095,WHT,2.7116405256152474
XME,2095,GRO,1.9820488699733305
XME,2095,OSD,2.0370586686355088
XME,2095,C_B,44.19537499772786
XME,2095,OTH_A,8.603794765908779
XME,2095,CEREAL,2.6009522508844665
XME,2096,CROP_FLW,4.204274952533965
XME,2096,PDR,3.1068979176491314
XME,2096,WHT,2.7140196739818148
XME,2096,GRO,1.9903436194095776
XME,2096,OSD,2.037907022272896
XME,2096,C_B,44.28594390700808
XME,2096,OTH_A,8.624206604028467
XME,2096,CEREAL,2.6059752884886125
XME,2097,CROP_FLW,4.204279517609527
XME,2097,PDR,3.1084547147086465
XME,2097,WHT,2.7164009097736495
XME,2097,GRO,1.9986730818487444
XME,2097,OSD,2.038755729215716
XME,2097,C_B,44.37669841777554
XME,2097,OTH_A,8.644666867656522
XME,2097,CEREAL,2.611008026734808
XME,2098,CROP_FLW,4.204284082690045
XME,2098,PDR,3.1100122918443494
XME,2098,WHT,2.718784234822224
XME,2098,GRO,2.007037402562557
XME,2098,OSD,2.039604789611106
XME,2098,C_B,44.46763891038053
XME,2098,OTH_A,8.66517567167872
XME,2098,CEREAL,2.616050484357225
XME,2099,CROP_FLW,4.20428864777552
XME,2099,PDR,3.1115706494471196
XME,2099,WHT,2.7211696509606185
XME,2099,GRO,2.0154367274306955
XME,2099,OSD,2.0404542036062647
XME,2099,C_B,44.5587657659528
XME,2099,OTH_A,8.685733131253395
XME,2099,CEREAL,2.621102680126218
XME,2100,CROP_FLW,4.204293212865953
XME,2100,PDR,3.1131297879080306
XME,2100,WHT,2.7235571600235184
XME,2100,GRO,2.0238712029433366
XME,2100,OSD,2.041303971348453
XME,2100,C_B,44.65007936640314
XME,2100,OTH_A,8.706339361812086
XME,2100,CEREAL,2.6261646328483894
XNF,2005,CROP_FLW,4.054672776018472
XNF,2005,PDR,10.03460474803827
XNF,2005,WHT,1.7398042578952282
XNF,2005,GRO,1.6964192534258584
XNF,2005,OSD,0.32150831284445625
XNF,2005,C_B,63.95882611786914
XNF,2005,OTH_A,5.262010341070303
XNF,2005,CEREAL,1.9676367371579955
XNF,2006,CROP_FLW,4.060801161717958
XNF,2006,PDR,10.146153096854542
XNF,2006,WHT,1.7635092081932529
XNF,2006,GRO,1.7058851862122495
XNF,2006,OSD,0.3137339998495233
XNF,2006,C_B,63.238843504366066
XNF,2006,OTH_A,5.123487327508936
XNF,2006,CEREAL,1.9786368782066377
XNF,2007,CROP_FLW,4.0669388100912425
XNF,2007,PDR,10.258941458051579
XNF,2007,WHT,1.7875371400370936
XNF,2007,GRO,1.7154039384200988
XNF,2007,OSD,0.30614767559431677
XNF,2007,C_B,62.52696571384382
XNF,2007,OTH_A,4.988610947846472
XNF,2007,CEREAL,1.9896985159232394
XNF,2008,CROP_FLW,4.07308573513828
XNF,2008,PDR,10.372983616062058
XNF,2008,WHT,1.8118924540720844
XNF,2008,GRO,1.7249758047790797
XNF,2008,OSD,0.2987447943696161
XNF,2008,C_B,61.82310151054987
XNF,2008,OTH_A,4.857285204035722
XNF,2008,CEREAL,2.000821994107044
XNF,2009,CROP_FLW,4.079241950880186
XNF,2009,PDR,10.488293508551463
XNF,2009,WHT,1.8365796109026495
XNF,2009,GRO,1.7346010816634436
XNF,2009,OSD,0.2915209203848713
XNF,2009,C_B,61.12716068576985
XNF,2009,OTH_A,4.729416625188877
XNF,2009,CEREAL,2.012007658479317
XNF,2010,CROP_FLW,4.085407471359269
XNF,2010,PDR,10.604885228121491
XNF,2010,WHT,1.8616031319092494
XNF,2010,GRO,1.7442800671011927
XNF,2010,OSD,0.2844717251102863
XNF,2010,C_B,60.43905404626626
XNF,2010,OTH_A,4.604914201049754
XNF,2010,CEREAL,2.0232558566940897
XNF,2011,CROP_FLW,4.105244102962549
XNF,2011,PDR,10.412659703458493
XNF,2011,WHT,1.8639581689266334
XNF,2011,GRO,1.7539865951185718
XNF,2011,OSD,0.2848954357270885
XNF,2011,C_B,59.08730628996175
XNF,2011,OTH_A,4.645318918124806
XNF,2011,CEREAL,2.028234259992265
XNF,2012,CROP_FLW,4.125177051018012
XNF,2012,PDR,10.223918483579292
XNF,2012,WHT,1.8663161852038057
XNF,2012,GRO,1.7637471377910108
XNF,2012,OSD,0.2853197774459333
XNF,2012,C_B,57.76579100545066
XNF,2012,OTH_A,4.686078156715491
XNF,2012,CEREAL,2.033224913100229
XNF,2013,CROP_FLW,4.145206783188673
XNF,2013,PDR,10.038598411523607
XNF,2013,WHT,1.8686771845097052
XNF,2013,GRO,1.7735619956979707
XNF,2013,OSD,0.285744751206825
XNF,2013,C_B,56.47383202933897
XNF,2013,OTH_A,4.727195027485962
XNF,2013,CEREAL,2.038227846159743
XNF,2014,CROP_FLW,4.165333769408281
XNF,2014,PDR,9.856637475122405
XNF,2014,WHT,1.8710411706180372
XNF,2014,GRO,1.7834314710915697
XNF,2014,OSD,0.286170357951168
XNF,2014,C_B,55.21076832094374
XNF,2014,OTH_A,4.768672668394152
XNF,2014,CEREAL,2.0432430893867335
XNF,2015,CROP_FLW,4.185558481892336
XNF,2015,PDR,9.67797478624727
XNF,2015,WHT,1.8734081473072821
XNF,2015,GRO,1.7933558679058925
XNF,2015,OSD,0.2865965986217689
XNF,2015,C_B,53.97595362406656
XNF,2015,OTH_A,4.810514244931252
XNF,2015,CEREAL,2.0482706730714773
XNF,2016,CROP_FLW,4.205881395149176
XNF,2016,PDR,9.5025505604359
XNF,2016,WHT,1.8757781183606999
XNF,2016,GRO,1.803335491766348
XNF,2016,OSD,0.28702347416283847
XNF,2016,C_B,52.76875613633164
XNF,2016,OTH_A,4.852722950363298
XNF,2016,CEREAL,2.053310627578781
XNF,2017,CROP_FLW,4.226302985991106
XNF,2017,PDR,9.330306096886904
XNF,2017,WHT,1.8781510875663368
XNF,2017,GRO,1.8133706499990818
XNF,2017,OSD,0.2874509855199939
XNF,2017,C_B,51.58855818591927
XNF,2017,OTH_A,4.895302005974876
XNF,2017,CEREAL,2.058362983348169
XNF,2018,CROP_FLW,4.246823733545585
XNF,2018,PDR,9.161183758817229
XNF,2018,WHT,1.8805270587170313
XNF,2018,GRO,1.8234616516404414
XNF,2018,OSD,0.28787913364026085
XNF,2018,C_B,50.43475591552935
XNF,2018,OTH_A,4.938254661314961
XNF,2018,CEREAL,2.0634277708940636
XNF,2019,CROP_FLW,4.267444119266469
XNF,2019,PDR,8.995126954175628
XNF,2019,WHT,1.8829060356104192
XNF,2019,GRO,1.8336088074464922
XNF,2019,OSD,0.28830791947207557
XNF,2019,C_B,49.30675897341318
XNF,2019,OTH_A,4.981584194444917
XNF,2019,CEREAL,2.0685050208059703
XNF,2020,CROP_FLW,4.288164626945306
XNF,2020,PDR,8.832080116705706
XNF,2020,WHT,1.8852880220489427
XNF,2020,GRO,1.843812429902587
XNF,2020,OSD,0.2887373439652873
XNF,2020,C_B,48.20399021131547
XNF,2020,OTH_A,5.025293912188668
XNF,2020,CEREAL,2.073594763748665
XNF,2021,CROP_FLW,4.290948154599464
XNF,2021,PDR,8.76412854799572
XNF,2021,WHT,1.8853803265387228
XNF,2021,GRO,1.8448545858425023
XNF,2021,OSD,0.2880986278029676
XNF,2021,C_B,47.75354878992611
XNF,2021,OTH_A,5.043331840793429
XNF,2021,CEREAL,2.0745660493752287
XNF,2022,CROP_FLW,4.293733489093348
XNF,2022,PDR,8.696699779761852
XNF,2022,WHT,1.8854726355477691
XNF,2022,GRO,1.8458973308276945
XNF,2022,OSD,0.2874613245452982
XNF,2022,C_B,47.30731651124908
XNF,2022,OTH_A,5.0614345152367495
XNF,2022,CEREAL,2.0755377899584624
XNF,2023,CROP_FLW,4.296520631599812
XNF,2023,PDR,8.629789789722604
XNF,2023,WHT,1.8855649490763031
XNF,2023,GRO,1.846940665191102
XNF,2023,OSD,0.2868254310667914
XNF,2023,C_B,46.86525404301712
XNF,2023,OTH_A,5.079602167919127
XNF,2023,CEREAL,2.0765099857114704
XNF,2024,CROP_FLW,4.2993095832924695
XNF,2024,PDR,8.563394586542788
XNF,2024,WHT,1.8856572671245462
XNF,2024,GRO,1.8479845892658529
XNF,2024,OSD,0.28619094424887326
XNF,2024,C_B,46.4273224205027
XNF,2024,OTH_A,5.097835032075248
XNF,2024,CEREAL,2.0774826368474577
XNF,2025,CROP_FLW,4.302100345345699
XNF,2025,PDR,8.497510209595443
XNF,2025,WHT,1.8857495896927192
XNF,2025,GRO,1.8490291033852617
XNF,2025,OSD,0.2855578609798685
XNF,2025,C_B,45.9934830430836
XNF,2025,OTH_A,5.1161333417769725
XNF,2025,CEREAL,2.078455743579729
XNF,2026,CROP_FLW,4.304892918934638
XNF,2026,PDR,8.432132728725568
XNF,2026,WHT,1.8858419167810443
XNF,2026,GRO,1.8500742078828334
XNF,2026,OSD,0.28492617815498533
XNF,2026,C_B,45.563697670840476
XNF,2026,OTH_A,5.13449733193635
XNF,2026,CEREAL,2.0794293061216877
XNF,2027,CROP_FLW,4.307687305235189
XNF,2027,PDR,8.36725824401568
XNF,2027,WHT,1.8859342483897419
XNF,2027,GRO,1.851119903092259
XNF,2027,OSD,0.28429589267629973
XNF,2027,C_B,45.13792842118631
XNF,2027,OTH_A,5.152927238308626
XNF,2027,CEREAL,2.0804033246868388
XNF,2028,CROP_FLW,4.310483505424016
XNF,2028,PDR,8.302882885553181
XNF,2028,WHT,1.8860265845190338
XNF,2028,GRO,1.8521661893474204
XNF,2028,OSD,0.2836670014527409
XNF,2028,C_B,44.716137765527314
XNF,2028,OTH_A,5.171423297495273
XNF,2028,CEREAL,2.0813777994887865
XNF,2029,CROP_FLW,4.313281520678547
XNF,2029,PDR,8.239002813199502
XNF,2029,WHT,1.8861189251691413
XNF,2029,GRO,1.8532130669823872
XNF,2029,OSD,0.28303950140007567
XNF,2029,C_B,44.29828852595506
XNF,2029,OTH_A,5.189985746947029
XNF,2029,CEREAL,2.0823527307412353
XNF,2030,CROP_FLW,4.316081352176979
XNF,2030,PDR,8.175614216361033
XNF,2030,WHT,1.8862112703402845
XNF,2030,GRO,1.8542605363314157
XNF,2030,OSD,0.28241338944089367
XNF,2030,C_B,43.88434387196947
XNF,2030,OTH_A,5.208614824966945
XNF,2030,CEREAL,2.083328118657988
XNF,2031,CROP_FLW,4.317373076093712
XNF,2031,PDR,8.08316404342951
XNF,2031,WHT,1.8871522970958985
XNF,2031,GRO,1.856639246862682
XNF,2031,OSD,0.28100358241265294
XNF,2031,C_B,43.48329594316392
XNF,2031,OTH_A,5.2049870153756395
XNF,2031,CEREAL,2.086372473032047
XNF,2032,CROP_FLW,4.3186651865997
XNF,2032,PDR,7.991759300755445
XNF,2032,WHT,1.888093793327742
XNF,2032,GRO,1.8590210088873496
XNF,2032,OSD,0.2796008131380428
XNF,2032,C_B,43.08591309003246
XNF,2032,OTH_A,5.201361732560238
XNF,2032,CEREAL,2.0894212761021476
XNF,2033,CROP_FLW,4.319957683810644
XNF,2033,PDR,7.901388166571621
XNF,2033,WHT,1.8890357592700353
XNF,2033,GRO,1.8614058263199822
XNF,2033,OSD,0.2782050464846125
XNF,2033,C_B,42.69216181837472
XNF,2033,OTH_A,5.197738974760835
XNF,2033,CEREAL,2.092474534369142
XNF,2034,CROP_FLW,4.3212505678422755
XNF,2034,PDR,7.812038952791844
XNF,2034,WHT,1.889978195157116
XNF,2034,GRO,1.8637937030801637
XNF,2034,OSD,0.2768162474952921
XNF,2034,C_B,42.30200894008532
XNF,2034,OTH_A,5.194118740218754
XNF,2034,CEREAL,2.0955322543433805
XNF,2035,CROP_FLW,4.322543838810364
XNF,2035,PDR,7.723700103499263
XNF,2035,WHT,1.8909211012234388
XNF,2035,GRO,1.8661846430925075
XNF,2035,OSD,0.2754343813875176
XNF,2035,C_B,41.9154215703566
XNF,2035,OTH_A,5.190501027176542
XNF,2035,CEREAL,2.098594442544729
XNF,2036,CROP_FLW,4.323837496830712
XNF,2036,PDR,7.636360193451801
XNF,2036,WHT,1.8918644777035745
XNF,2036,GRO,1.8685786502866604
XNF,2036,OSD,0.2740594135523593
XNF,2036,C_B,41.53236712490686
XNF,2036,OTH_A,5.186885833877968
XNF,2036,CEREAL,2.1016611055025796
XNF,2037,CROP_FLW,4.325131542019157
XNF,2037,PDR,7.550007926604475
XNF,2037,WHT,1.8928083248322123
XNF,2037,GRO,1.8709757285973112
XNF,2037,OSD,0.2726913095536552
XNF,2037,C_B,41.15281331723389
XNF,2037,OTH_A,5.183273158568027
XNF,2037,CEREAL,2.1047322497558665
XNF,2038,CROP_FLW,4.326425974491572
XNF,2038,PDR,7.4646321346484275
XNF,2038,WHT,1.8937526428441573
XNF,2038,GRO,1.8733758819641964
XNF,2038,OSD,0.2713300351271487
XNF,2038,C_B,40.77672815589369
XNF,2038,OTH_A,5.179662999492936
XNF,2038,CEREAL,2.1078078818530774
XNF,2039,CROP_FLW,4.327720794363864
XNF,2039,PDR,7.380221775566487
XNF,2039,WHT,1.8946974319743326
XNF,2039,GRO,1.8757791143321056
XNF,2039,OSD,0.26997555617963015
XNF,2039,C_B,40.40407994180398
XNF,2039,OTH_A,5.176055354900132
XNF,2039,CEREAL,2.110888008352272
XNF,2040,CROP_FLW,4.329016001751973
XNF,2040,PDR,7.296765932205061
XNF,2040,WHT,1.8956426924577787
XNF,2040,GRO,1.8781854296508913
XNF,2040,OSD,0.26862783878808316
XNF,2040,C_B,40.03483726557238
XNF,2040,OTH_A,5.172450223038272
XNF,2040,CEREAL,2.1139726358210926
XNF,2041,CROP_FLW,4.329425999527953
XNF,2041,PDR,7.257273166430768
XNF,2041,WHT,1.8971887241773684
XNF,2041,GRO,1.8836348037359736
XNF,2041,OSD,0.2675946553557146
XNF,2041,C_B,39.831317291283376
XNF,2041,OTH_A,5.167903558468582
XNF,2041,CEREAL,2.119126739944603
XNF,2042,CROP_FLW,4.329836036134507
XNF,2042,PDR,7.21799414994801
XNF,2042,WHT,1.8987360167960123
XNF,2042,GRO,1.8890999886549866
XNF,2042,OSD,0.2665654457036129
XNF,2042,C_B,39.628831925419526
XNF,2042,OTH_A,5.163360890488096
XNF,2042,CEREAL,2.124293410356279
XNF,2043,CROP_FLW,4.330246111575313
XNF,2043,PDR,7.178927725867448
XNF,2043,WHT,1.9002845713420633
XNF,2043,GRO,1.8945810302815418
XNF,2043,OSD,0.2655401945480162
XNF,2043,C_B,39.4273759084745
XNF,2043,OTH_A,5.158822215583745
XNF,2043,CEREAL,2.1294726776941504
XNF,2044,CROP_FLW,4.330656225854048
XNF,2044,PDR,7.140072743561254
XNF,2044,WHT,1.9018343888447136
XNF,2044,GRO,1.9000779746223484
XNF,2044,OSD,0.2645188866639462
XNF,2044,C_B,39.226944007679045
XNF,2044,OTH_A,5.154287530245558
XNF,2044,CEREAL,2.1346645726709474
XNF,2045,CROP_FLW,4.33106637897439
XNF,2045,PDR,7.101428058629217
XNF,2045,WHT,1.9033854703339939
XNF,2045,GRO,1.9055908678176
XNF,2045,OSD,0.2635015068849823
XNF,2045,C_B,39.02753101686506
XNF,2045,OTH_A,5.1497568309666395
XNF,2045,CEREAL,2.13986912607428
XNF,2046,CROP_FLW,4.331476570940021
XNF,2046,PDR,7.0629925328650405
XNF,2046,WHT,1.9049378168407751
XNF,2046,GRO,1.911119756141361
XNF,2046,OSD,0.26248804010303606
XNF,2046,C_B,38.82913175633039
XNF,2046,OTH_A,5.145230114243184
XNF,2046,CEREAL,2.145086368766822
XNF,2047,CROP_FLW,4.331886801754616
XNF,2047,PDR,7.024765034222813
XNF,2047,WHT,1.9064914293967699
XNF,2047,GRO,1.916664686001956
XNF,2047,OSD,0.26147847126812723
XNF,2047,C_B,38.63174107270425
XNF,2047,OTH_A,5.140707376574461
XNF,2047,CEREAL,2.1503163316864944
XNF,2048,CROP_FLW,4.332297071421856
XNF,2048,PDR,6.986744436783671
XNF,2048,WHT,1.908046309034531
XNF,2048,GRO,1.9222257039423587
XNF,2048,OSD,0.26047278538816
XNF,2048,C_B,38.4353538388134
XNF,2048,OTH_A,5.136188614462821
XNF,2048,CEREAL,2.1555590458466485
XNF,2049,CROP_FLW,4.332707379945421
XNF,2049,PDR,6.948929620722639
XNF,2049,WHT,1.9096024567874539
XNF,2049,GRO,1.9278028566405832
XNF,2049,OSD,0.25947096752870036
XNF,2049,C_B,38.23996495354895
XNF,2049,OTH_A,5.131673824413686
XNF,2049,CEREAL,2.160814542336248
XNF,2050,CROP_FLW,4.333117727328986
XNF,2050,PDR,6.911319472275636
XNF,2050,WHT,1.911159873689778
XNF,2050,GRO,1.933396190910072
XNF,2050,OSD,0.2584730028127544
XNF,2050,C_B,38.04556934173386
XNF,2050,OTH_A,5.127163002935549
XNF,2050,CEREAL,2.1660828523200597
XNF,2051,CROP_FLW,4.334360654828218
XNF,2051,PDR,6.9835403861800565
XNF,2051,WHT,1.914045620492863
XNF,2051,GRO,1.948712758739365
XNF,2051,OSD,0.2579393411172624
XNF,2051,C_B,38.21651029981674
XNF,2051,OTH_A,5.128481234433049
XNF,2051,CEREAL,2.1756301546391508
XNF,2052,CROP_FLW,4.3356039388533665
XNF,2052,PDR,7.056515983821223
XNF,2052,WHT,1.916935724615671
XNF,2052,GRO,1.9641506660288122
XNF,2052,OSD,0.25740678125756034
XNF,2052,C_B,38.38821930557654
XNF,2052,OTH_A,5.129799804857608
XNF,2052,CEREAL,2.1852195379808923
XNF,2053,CROP_FLW,4.336847579506698
XNF,2053,PDR,7.130254151384894
XNF,2053,WHT,1.9198301926375168
XNF,2053,GRO,1.9797108740423701
XNF,2053,OSD,0.25687532095871995
XNF,2053,C_B,38.5606998098962
XNF,2053,OTH_A,5.131118714296369
XNF,2053,CEREAL,2.194851187823068
XNF,2054,CROP_FLW,4.33809157689051
XNF,2054,PDR,7.204762857464755
XNF,2054,WHT,1.922729031147648
XNF,2054,GRO,1.9953943516592287
XNF,2054,OSD,0.25634495795050977
XNF,2054,C_B,38.733955279163666
XNF,2054,OTH_A,5.132437962836491
XNF,2054,CEREAL,2.2045252904609787
XNF,2055,CROP_FLW,4.339335931107128
XNF,2055,PDR,7.2800501539235585
XNF,2055,WHT,1.9256322467452636
XNF,2055,GRO,2.0112020754341424
XNF,2055,OSD,0.2558156899673858
XNF,2055,C_B,38.90798919534156
XNF,2055,OTH_A,5.133757550565163
XNF,2055,CEREAL,2.2142420330110473
XNF,2056,CROP_FLW,4.340580642258907
XNF,2056,PDR,7.35612417676326
XNF,2056,WHT,1.928539846039526
XNF,2056,GRO,2.027135029658233
XNF,2056,OSD,0.2552875147484816
XNF,2056,C_B,39.082805056037174
XNF,2056,OTH_A,5.135077477569592
XNF,2056,CEREAL,2.2240016034144383
XNF,2057,CROP_FLW,4.341825710448232
XNF,2057,PDR,7.432993147004237
XNF,2057,WHT,1.9314518356495771
XNF,2057,GRO,2.043194206420282
XNF,2057,OSD,0.25476043003759863
XNF,2057,C_B,39.25840637457275
XNF,2057,OTH_A,5.1363977439370085
XNF,2057,CEREAL,2.2338041904406905
XNF,2058,CROP_FLW,4.3430711357775165
XNF,2058,PDR,7.510665371573706
XNF,2058,WHT,1.9343682222045533
XNF,2058,GRO,2.0593806056685
XNF,2058,OSD,0.2542344335831967
XNF,2058,C_B,39.4347966800561
XNF,2058,OTH_A,5.137718349754664
XNF,2058,CEREAL,2.243649983691372
XNF,2059,CROP_FLW,4.344316918349204
XNF,2059,PDR,7.589149244203419
XNF,2059,WHT,1.9372890123436006
XNF,2059,GRO,2.075695235272794
XNF,2059,OSD,0.2537095231383842
XNF,2059,C_B,39.61197951745151
XNF,2059,OTH_A,5.139039295109835
XNF,2059,CEREAL,2.253539173603744
XNF,2060,CROP_FLW,4.3455630582657685
XNF,2060,PDR,7.668453246336737
XNF,2060,WHT,1.9402142127158908
XNF,2060,GRO,2.0921391110875223
XNF,2060,OSD,0.25318569646090877
XNF,2060,C_B,39.789958447651024
XNF,2060,OTH_A,5.140360580089818
XNF,2060,CEREAL,2.2634719514544437
XNF,2061,CROP_FLW,4.354579193443844
XNF,2061,PDR,7.636280163332841
XNF,2061,WHT,1.9393456213588252
XNF,2061,GRO,2.109791880440258
XNF,2061,OSD,0.2536460236957259
XNF,2061,C_B,39.98080599520527
XNF,2061,OTH_A,5.1632109589243775
XNF,2061,CEREAL,2.2686667880151377
XNF,2062,CROP_FLW,4.363614035218156
XNF,2062,PDR,7.604242062865413
XNF,2062,WHT,1.9384774188510632
XNF,2062,GRO,2.1275935979504896
XNF,2062,OSD,0.25410718787025205
XNF,2062,C_B,40.17256891909638
XNF,2062,OTH_A,5.18616291425435
XNF,2062,CEREAL,2.273873547112303
XNF,2063,CROP_FLW,4.372667622400981
XNF,2063,PDR,7.572338378613682
XNF,2063,WHT,1.9376096050185254
XNF,2063,GRO,2.1455455203929
XNF,2063,OSD,0.25456919050616134
XNF,2063,C_B,40.365251609812184
XNF,2063,OTH_A,5.209216897616424
XNF,2063,CEREAL,2.279092256109047
XNF,2064,CROP_FLW,4.381739993885127
XNF,2064,PDR,7.540568546632884
XNF,2064,WHT,1.936742179687211
XNF,2064,GRO,2.163648915146418
XNF,2064,OSD,0.25503203312789463
XNF,2064,C_B,40.55885847889896
XNF,2064,OTH_A,5.232373362554501
XNF,2064,CEREAL,2.2843229424312796
XNF,2065,CROP_FLW,4.390831188644089
XNF,2065,PDR,7.50893200534429
XNF,2065,WHT,1.935875142683196
XNF,2065,GRO,2.18190506028369
XNF,2065,OSD,0.2554957172626644
XNF,2065,C_B,40.753393959062414
XNF,2065,OTH_A,5.255632764628612
XNF,2065,CEREAL,2.2895656335678534
XNF,2066,CROP_FLW,4.399941245732232
XNF,2066,PDR,7.47742819552528
XNF,2066,WHT,1.9350084938326346
XNF,2066,GRO,2.200315244661312
XNF,2066,OSD,0.2559602444404597
XNF,2066,C_B,40.948862504269165
XNF,2066,OTH_A,5.278995561423889
XNF,2066,CEREAL,2.2948203570707113
XNF,2067,CROP_FLW,4.409070204284946
XNF,2067,PDR,7.446056560299464
XNF,2067,WHT,1.9341422329617595
XNF,2067,GRO,2.2188807680108202
XNF,2067,OSD,0.25642561619405163
XNF,2067,C_B,41.145268589848705
XNF,2067,OTH_A,5.302462212559553
XNF,2067,CEREAL,2.3000871405550285
XNF,2068,CROP_FLW,4.41821810351882
XNF,2068,PDR,7.414816545126827
XNF,2068,WHT,1.9332763598968803
XNF,2068,GRO,2.2376029410304503
XNF,2068,OSD,0.2568918340589977
XNF,2068,C_B,41.34261671259592
XNF,2068,OTH_A,5.326033179697972
XNF,2068,CEREAL,2.305366011699361
XNF,2069,CROP_FLW,4.427384982731809
XNF,2069,PDR,7.3837075977939355
XNF,2069,WHT,1.932410874464385
XNF,2069,GRO,2.256483085477672
XNF,2069,OSD,0.2573588995736475
XNF,2069,C_B,41.54091139087397
XNF,2069,OTH_A,5.349708926553732
XNF,2069,CEREAL,2.3106569982457863
XNF,2070,CROP_FLW,4.436570881303404
XNF,2070,PDR,7.352729168404174
XNF,2070,WHT,1.9315457764907393
XNF,2070,GRO,2.275522534262501
XNF,2070,OSD,0.2578268142791476
XNF,2070,C_B,41.74015716471784
XNF,2070,OTH_A,5.373489918902766
XNF,2070,CEREAL,2.315960128000053
XNF,2071,CROP_FLW,4.427041767608763
XNF,2071,PDR,7.341749496894204
XNF,2071,WHT,1.93598620079978
XNF,2071,GRO,2.293997294070222
XNF,2071,OSD,0.2573823274592594
XNF,2071,C_B,41.811615307905285
XNF,2071,OTH_A,5.405296596749253
XNF,2071,CEREAL,2.322983673454662
XNF,2072,CROP_FLW,4.417533121074511
XNF,2072,PDR,7.3307862210903325
XNF,2072,WHT,1.9404368331858353
XNF,2072,GRO,2.312622048766947
XNF,2072,OSD,0.2569386069232567
XNF,2072,C_B,41.88319578571182
XNF,2072,OTH_A,5.437291544187922
XNF,2072,CEREAL,2.3300285190129117
XNF,2073,CROP_FLW,4.408044897740144
XNF,2073,PDR,7.319839316509206
XNF,2073,WHT,1.9448976971162208
XNF,2073,GRO,2.3313980161474928
XNF,2073,OSD,0.25649565135008584
XNF,2073,C_B,41.954898807571375
XNF,2073,OTH_A,5.469475875621215
XNF,2073,CEREAL,2.337094729271011
XNF,2074,CROP_FLW,4.398577053739575
XNF,2074,PDR,7.308908758704031
XNF,2074,WHT,1.9493688161122007
XNF,2074,GRO,2.3503264238938395
XNF,2074,OSD,0.25605345942097046
XNF,2074,C_B,42.02672458327641
XNF,2074,OTH_A,5.5018507120479185
XNF,2074,CEREAL,2.3441823690210692
XNF,2075,CROP_FLW,4.389129545300938
XNF,2075,PDR,7.297994523264522
XNF,2075,WHT,1.9538502137491112
XNF,2075,GRO,2.369408509655408
XNF,2075,OSD,0.25561202981940784
XNF,2075,C_B,42.098673322978556
XNF,2075,OTH_A,5.534417181102224
XNF,2075,CEREAL,2.3512915032516886
XNF,2076,CROP_FLW,4.379702328746383
XNF,2076,PDR,7.287096585816841
XNF,2076,WHT,1.958341913656487
XNF,2076,GRO,2.3886455211299795
XNF,2076,OSD,0.25517136123116474
XNF,2076,C_B,42.1707452371892
XNF,2076,OTH_A,5.567176417092999
XNF,2076,CEREAL,2.358422197148559
XNF,2077,CROP_FLW,4.370295360491872
XNF,2077,PDR,7.27621492202355
XNF,2077,WHT,1.962843939518184
XNF,2077,GRO,2.4080387161452803
XNF,2077,OSD,0.2547314523442737
XNF,2077,C_B,42.242940536780154
XNF,2077,OTH_A,5.600129561043289
XNF,2077,CEREAL,2.3655745160950583
XNF,2078,CROP_FLW,4.360908597046981
XNF,2078,PDR,7.265349507583554
XNF,2078,WHT,1.9673563150725055
XNF,2078,GRO,2.427589362741226
XNF,2078,OSD,0.2542923018490291
XNF,2078,C_B,42.3152594329842
XNF,2078,OTH_A,5.633277760730071
XNF,2078,CEREAL,2.372748525672851
XNF,2079,CROP_FLW,4.351541995014695
XNF,2079,PDR,7.2545003182320436
XNF,2079,WHT,1.9718790641123256
XNF,2079,GRO,2.4472987392528314
XNF,2079,OSD,0.2538539084379832
XNF,2079,C_B,42.38770213739576
XNF,2079,OTH_A,5.66662217072422
XNF,2079,CEREAL,2.3799442916624893
XNF,2080,CROP_FLW,4.342195511091211
XNF,2080,PDR,7.243667329740443
XNF,2080,WHT,1.9764122104852166
XNF,2080,GRO,2.4671681343937997
XNF,2080,OSD,0.25341627080594215
XNF,2080,C_B,42.46026886197149
XNF,2080,OTH_A,5.700163952430729
XNF,2080,CEREAL,2.3871618800440153
XNF,2081,CROP_FLW,4.334736536793723
XNF,2081,PDR,7.240749109513488
XNF,2081,WHT,1.9804367356005976
XNF,2081,GRO,2.484561452572511
XNF,2081,OSD,0.2525396370658982
XNF,2081,C_B,42.372831610066015
XNF,2081,OTH_A,5.732814409639736
XNF,2081,CEREAL,2.3929818035390675
XNF,2082,CROP_FLW,4.32729037543785
XNF,2082,PDR,7.237832064935401
XNF,2082,WHT,1.9844694557687705
XNF,2082,GRO,2.502077392113361
XNF,2082,OSD,0.25166603583324515
XNF,2082,C_B,42.28557441526394
XNF,2082,OTH_A,5.7656518881984535
XNF,2082,CEREAL,2.3988159160632634
XNF,2083,CROP_FLW,4.319857005013668
XNF,2083,PDR,7.234916195532554
XNF,2083,WHT,1.9885103876771437
XNF,2083,GRO,2.5197168174861604
XNF,2083,OSD,0.25079545661773983
XNF,2083,C_B,42.198496906778665
XNF,2083,OTH_A,5.798677459362486
XNF,2083,CEREAL,2.404664252209593
XNF,2084,CROP_FLW,4.312436403549059
XNF,2084,PDR,7.232001500831509
XNF,2084,WHT,1.9925595480471041
XNF,2084,GRO,2.537480599255154
XNF,2084,OSD,0.24992788896542756
XNF,2084,C_B,42.11159871458717
XNF,2084,OTH_A,5.831892200523574
XNF,2084,CEREAL,2.4105268466553826
XNF,2085,CROP_FLW,4.3050285491096485
XNF,2085,PDR,7.2290879803590204
XNF,2085,WHT,1.996616953634089
XNF,2085,GRO,2.555369614121989
XNF,2085,OSD,0.24906332245851678
XNF,2085,C_B,42.02487946942837
XNF,2085,OTH_A,5.86529719524474
XNF,2085,CEREAL,2.4164037341625026
XNF,2086,CROP_FLW,4.29763341979874
XNF,2086,PDR,7.2261756336420335
XNF,2086,WHT,2.0006826212276536
XNF,2086,GRO,2.573384744968981
XNF,2086,OSD,0.24820174671525375
XNF,2086,C_B,41.93833880280163
XNF,2086,OTH_A,5.898893533295646
XNF,2086,CEREAL,2.422294949577573
XNF,2087,CROP_FLW,4.290250993757254
XNF,2087,PDR,7.223264460207681
XNF,2087,WHT,2.004756567651543
XNF,2087,GRO,2.59152688090269
XNF,2087,OSD,0.24734315138979793
XNF,2087,C_B,41.85197634696514
XNF,2087,OTH_A,5.932682310688133
XNF,2087,CEREAL,2.4282005278321703
XNF,2088,CROP_FLW,4.282881249163656
XNF,2088,PDR,7.22035445958329
XNF,2088,WHT,2.0088388097637577
XNF,2088,GRO,2.609796917297797
XNF,2088,OSD,0.2464875261720978
XNF,2088,C_B,41.76579173493436
XNF,2088,OTH_A,5.966664629711983
XNF,2088,CEREAL,2.4341205039430354
XNF,2089,CROP_FLW,4.275524164233898
XNF,2089,PDR,7.2174456312963775
XNF,2089,WHT,2.012929364456628
XNF,2089,GRO,2.6281957558412974
XNF,2089,OSD,0.24563486078776703
XNF,2089,C_B,41.67978460048049
XNF,2089,OTH_A,6.000841598970882
XNF,2089,CEREAL,2.4400549130122795
XNF,2090,CROP_FLW,4.268179717221354
XNF,2090,PDR,7.21453797487465
XNF,2090,WHT,2.017028248656878
XNF,2090,GRO,2.646724304576998
XNF,2090,OSD,0.24478514499796095
XNF,2090,C_B,41.593954578128894
XNF,2090,OTH_A,6.0352143334185735
XNF,2090,CEREAL,2.4460037902275915
XNF,2091,CROP_FLW,4.2694239615205944
XNF,2091,PDR,7.208304603657263
XNF,2091,WHT,2.0197029055165556
XNF,2091,GRO,2.6487764072496067
XNF,2091,OSD,0.24304446278119599
XNF,2091,C_B,40.97731038491825
XNF,2091,OTH_A,6.0550983341604905
XNF,2091,CEREAL,2.4486498277479343
XNF,2092,CROP_FLW,4.2706685685374275
XNF,2092,PDR,7.202076618081599
XNF,2092,WHT,2.0223811090738675
XNF,2092,GRO,2.6508301009928728
XNF,2092,OSD,0.2413161586627008
XNF,2092,C_B,40.36980814670748
XNF,2092,OTH_A,6.075047845995082
XNF,2092,CEREAL,2.4512987276982483
XNF,2093,CROP_FLW,4.271913538377593
XNF,2093,PDR,7.195854013494456
XNF,2093,WHT,2.0250628640318697
XNF,2093,GRO,2.652885387040411
XNF,2093,OSD,0.2396001446210575
XNF,2093,C_B,39.77131233097697
XNF,2093,OTH_A,6.095063084759357
XNF,2093,CEREAL,2.453950493175052
XNF,2094,CROP_FLW,4.273158871146858
XNF,2094,PDR,7.189636785246653
XNF,2094,WHT,2.027748175099857
XNF,2094,GRO,2.654942266626795
XNF,2094,OSD,0.23789633326077397
XNF,2094,C_B,39.18168941452171
XNF,2094,OTH_A,6.115144267001435
XNF,2094,CEREAL,2.456605127278215
XNF,2095,CROP_FLW,4.274404566951024
XNF,2095,PDR,7.183424928693024
XNF,2095,WHT,2.030437046993368
XNF,2095,GRO,2.657000740987553
XNF,2095,OSD,0.2362046378078327
XNF,2095,C_B,38.600807853662566
XNF,2095,OTH_A,6.135291609982892
XNF,2095,CEREAL,2.459262633110959
XNF,2096,CROP_FLW,4.275650625895922
XNF,2096,PDR,7.177218439192419
XNF,2096,WHT,2.033129484434192
XNF,2096,GRO,2.6590608113591725
XNF,2096,OSD,0.23452497210527168
XNF,2096,C_B,38.02853805489914
XNF,2096,OTH_A,6.155505331681104
XNF,2096,CEREAL,2.461923013779863
XNF,2097,CROP_FLW,4.276897048087412
XNF,2097,PDR,7.171017312107694
XNF,2097,WHT,2.0358254921503836
XNF,2097,GRO,2.661122478979099
XNF,2097,OSD,0.2328572506087963
XNF,2097,C_B,37.46475234599772
XNF,2097,OTH_A,6.1757856507916085
XNF,2097,CEREAL,2.4645862723948677
XNF,2098,CROP_FLW,4.278143833631387
XNF,2098,PDR,7.164821542805717
XNF,2098,WHT,2.0385250748762638
XNF,2098,GRO,2.663185745085738
XNF,2098,OSD,0.2312013883824227
XNF,2098,C_B,36.90932494750789
XNF,2098,OTH_A,6.196132786730475
XNF,2098,CEREAL,2.4672524120692754
XNF,2099,CROP_FLW,4.27939098263377
XNF,2099,PDR,7.158631126657355
XNF,2099,WHT,2.0412282373524335
XNF,2099,GRO,2.6652506109184557
XNF,2099,OSD,0.22955730109415198
XNF,2099,C_B,36.36213194470134
XNF,2099,OTH_A,6.216546959636671
XNF,2099,CEREAL,2.4699214359197588
XNF,2100,CROP_FLW,4.280638495200515
XNF,2100,PDR,7.152446059037473
XNF,2100,WHT,2.043934984325778
XNF,2100,GRO,2.667317077717577
XNF,2100,OSD,0.22792490501167537
XNF,2100,C_B,35.82305125992678
XNF,2100,OTH_A,6.237028390374453
XNF,2100,CEREAL,2.472593347066362
XAF,2005,CROP_FLW,5.5449033292893475
XAF,2005,PDR,1.7473321387870295
XAF,2005,WHT,2.4758940591425254
XAF,2005,GRO,1.0491849972420724
XAF,2005,OSD,0.8994204838127855
XAF,2005,C_B,57.87385734840889
XAF,2005,OTH_A,0.8866292654792434
XAF,2005,CEREAL,1.1569879612427993
XAF,2006,CROP_FLW,5.544996186248522
XAF,2006,PDR,1.8532893442734488
XAF,2006,WHT,2.48182859834047
XAF,2006,GRO,1.0511240128602943
XAF,2006,OSD,0.9045403390106415
XAF,2006,C_B,60.07449792322991
XAF,2006,OTH_A,0.8859124892714639
XAF,2006,CEREAL,1.1703650471665423
XAF,2007,CROP_FLW,5.545089044762712
XAF,2007,PDR,1.9656717331267148
XAF,2007,WHT,2.4877773622001533
XAF,2007,GRO,1.0530666120043746
XAF,2007,OSD,0.909689338438275
XAF,2007,C_B,62.3588173672577
XAF,2007,OTH_A,0.8851962925258701
XAF,2007,CEREAL,1.183896798855017
XAF,2008,CROP_FLW,5.545181904831945
XAF,2008,PDR,2.0848689247323904
XAF,2008,WHT,2.4937403848170616
XAF,2008,GRO,1.0550128012970847
XAF,2008,OSD,0.9148676479961069
XAF,2008,C_B,64.729997550913
XAF,2008,OTH_A,0.8844806747740083
XAF,2008,CEREAL,1.197585004552608
XAF,2009,CROP_FLW,5.545274766456247
XAF,2009,PDR,2.2112941647691646
XAF,2009,WHT,2.4997177003684063
XAF,2009,GRO,1.0569625873734358
XAF,2009,OSD,0.9200754345289273
XAF,2009,C_B,67.19134133453278
XAF,2009,OTH_A,0.8837656355478035
XAF,2009,CEREAL,1.2114314731793672
XAF,2010,CROP_FLW,5.545367629635645
XAF,2010,PDR,2.3453857578935344
XAF,2010,WHT,2.505709343113319
XAF,2010,GRO,1.0589159768807013
XAF,2010,OSD,0.9253128658312735
XAF,2010,C_B,69.7462771689849
XAF,2010,OTH_A,0.8830511743795595
XAF,2010,CEREAL,1.2254380345700657
XAF,2011,CROP_FLW,5.549296681440112
XAF,2011,PDR,2.403244746984605
XAF,2011,WHT,2.5443449907644027
XAF,2011,GRO,1.082720432475887
XAF,2011,OSD,0.9261355059733145
XAF,2011,C_B,71.43232039502236
XAF,2011,OTH_A,0.8960115840109526
XAF,2011,CEREAL,1.2530643486059376
XAF,2012,CROP_FLW,5.553228517090325
XAF,2012,PDR,2.462531075952442
XAF,2012,WHT,2.583576363244274
XAF,2012,GRO,1.1070600127821497
XAF,2012,OSD,0.9269588774753401
XAF,2012,C_B,73.15912195075789
XAF,2012,OTH_A,0.9091622116304838
XAF,2012,CEREAL,1.2813134711443026
XAF,2013,CROP_FLW,5.5571631385587175
XAF,2013,PDR,2.523279956250888
XAF,2013,WHT,2.6234126460614795
XAF,2013,GRO,1.1319467474153426
XAF,2013,OSD,0.9277829809875586
XAF,2013,C_B,74.92766712613789
XAF,2013,OTH_A,0.922505849039033
XAF,2013,CEREAL,1.310199442799854
XAF,2014,CROP_FLW,5.561100547819123
XAF,2014,PDR,2.5855274679751687
XAF,2014,WHT,2.66386316635634
XAF,2014,GRO,1.1573929364173612
XAF,2014,OSD,0.9286078171607565
XAF,2014,C_B,76.73896502946157
XAF,2014,OTH_A,0.9360453290123226
XAF,2014,CEREAL,1.3397366207193497
XAF,2015,CROP_FLW,5.565040746846769
XAF,2015,PDR,2.6493105812906497
XAF,2015,WHT,2.7049373950847873
XAF,2015,GRO,1.1834111563353258
XAF,2015,OSD,0.9294333866462982
XAF,2015,C_B,78.59404916316475
XAF,2015,OTH_A,0.9497835259022995
XAF,2015,CEREAL,1.3699396857175206
XAF,2016,CROP_FLW,5.568983737618289
XAF,2016,PDR,2.714667178390235
XAF,2016,WHT,2.746644949235855
XAF,2016,GRO,1.2100142664374272
XAF,2016,OSD,0.9302596900961283
XAF,2016,C_B,80.49397801352261
XAF,2016,OTH_A,0.9637233562473432
XAF,2016,CEREAL,1.4008236495738522
XAF,2017,CROP_FLW,5.57292952211171
XAF,2017,PDR,2.781636075993432
XAF,2017,WHT,2.7889955940833753
XAF,2017,GRO,1.237215415068501
XAF,2017,OSD,0.9310867281627698
XAF,2017,C_B,82.43983565460769
XAF,2017,OTH_A,0.9778677793914292
XAF,2017,CEREAL,1.432403862493864
XAF,2018,CROP_FLW,5.576878102306467
XAF,2018,PDR,2.850257048400453
XAF,2018,WHT,2.8319992454723857
XAF,2018,GRO,1.265028046148479
XAF,2018,OSD,0.931914501499327
XAF,2018,C_B,84.43273236684831
XAF,2018,OTH_A,0.9922197981123807
XAF,2018,CEREAL,1.4646960207385968
XAF,2019,CROP_FLW,5.580829480183393
XAF,2019,PDR,2.9205708511150488
XAF,2019,WHT,2.875665972140794
XAF,2019,GRO,1.2934659058169224
XAF,2019,OSD,0.932743010759484
XAF,2019,C_B,86.47380527053961
XAF,2019,OTH_A,1.0067824592593406
XAF,2019,CEREAL,1.497716174426101
XAF,2020,CROP_FLW,5.584783657724724
XAF,2020,PDR,2.9926192450500966
XAF,2020,WHT,2.920005998076845
XAF,2020,GRO,1.322543049226926
XAF,2020,OSD,0.9335722565975058
XAF,2020,C_B,88.56421897466925
XAF,2020,OTH_A,1.0215588543996006
XAF,2020,CEREAL,1.5314807355087978
XAF,2021,CROP_FLW,5.581804423819642
XAF,2021,PDR,3.024768843918643
XAF,2021,WHT,2.925977435217979
XAF,2021,GRO,1.325780016435562
XAF,2021,OSD,0.9337187791586323
XAF,2021,C_B,88.71198697785763
XAF,2021,OTH_A,1.0240274917049248
XAF,2021,CEREAL,1.5400963003331487
XAF,2022,CROP_FLW,5.578826779203457
XAF,2022,PDR,3.0572638247495347
XAF,2022,WHT,2.9319610839989365
XAF,2022,GRO,1.329024906226919
XAF,2022,OSD,0.933865324716223
XAF,2022,C_B,88.86000152962984
XAF,2022,OTH_A,1.0265020945697652
XAF,2022,CEREAL,1.548760333254761
XAF,2023,CROP_FLW,5.575850723028354
XAF,2023,PDR,3.090107897968535
XAF,2023,WHT,2.9379569693926246
XAF,2023,GRO,1.3322777379917767
XAF,2023,OSD,0.9340118932738871
XAF,2023,C_B,89.00826304134831
XAF,2023,OTH_A,1.0289826774101316
XAF,2023,CEREAL,1.5574731069378767
XAF,2024,CROP_FLW,5.57287625444697
XAF,2024,PDR,3.123304813862375
XAF,2024,WHT,2.9439651164230205
XAF,2024,GRO,1.335538531168374
XAF,2024,OSD,0.9341584848352343
XAF,2024,C_B,89.15677192506182
XAF,2024,OTH_A,1.0314692546768718
XAF,2024,CEREAL,1.5662348955806498
XAF,2025,CROP_FLW,5.569903372612395
XAF,2025,PDR,3.156858363006979
XAF,2025,WHT,2.9499855501652767
XAF,2025,GRO,1.3388073052425253
XAF,2025,OSD,0.9343050994038754
XAF,2025,C_B,89.30552859350662
XAF,2025,OTH_A,1.033961840855753
XAF,2025,CEREAL,1.5750459749237748
XAF,2026,CROP_FLW,5.566932076678171
XAF,2026,PDR,3.1907723767002882
XAF,2026,WHT,2.9560182957458228
XAF,2026,GRO,1.3420840797477374
XAF,2026,OSD,0.9344517369834207
XAF,2026,C_B,89.45453346010765
XAF,2026,OTH_A,1.036460450467549
XAF,2026,CEREAL,1.583906622259166
XAF,2027,CROP_FLW,5.563962365798289
XAF,2027,PDR,3.225050727399739
XAF,2027,WHT,2.962063378342473
XAF,2027,GRO,1.3453688742653263
XAF,2027,OSD,0.9345983975774823
XAF,2027,C_B,89.60378693897964
XAF,2027,OTH_A,1.038965098068123
XAF,2027,CEREAL,1.5928171164386822
XAF,2028,CROP_FLW,5.5609942391271945
XAF,2028,PDR,3.259697329164434
XAF,2028,WHT,2.9681208231845306
XAF,2028,GRO,1.3486617084245336
XAF,2028,OSD,0.934745081189672
XAF,2028,C_B,89.75328944492819
XAF,2028,OTH_A,1.0414757982485139
XAF,2028,CEREAL,1.6017777378829043
XAF,2029,CROP_FLW,5.55802769581978
XAF,2029,PDR,3.2947161381020726
XAF,2029,WHT,2.9741906555528925
XAF,2029,GRO,1.351962601902644
XAF,2029,OSD,0.9348917878236026
XAF,2029,C_B,89.90304139345109
XAF,2029,OTH_A,1.043992565635019
XAF,2029,CEREAL,1.610788768589959
XAF,2030,CROP_FLW,5.555062735031394
XAF,2030,PDR,3.3301111528206695
XAF,2030,WHT,2.980272900780158
XAF,2030,GRO,1.3552715744251043
XAF,2030,OSD,0.9350385174828882
XAF,2030,C_B,90.05304320073937
XAF,2030,OTH_A,1.0465154148892815
XAF,2030,CEREAL,1.6198504921443955
XAF,2031,CROP_FLW,5.564777472413089
XAF,2031,PDR,3.3454067615398695
XAF,2031,WHT,2.985104503938848
XAF,2031,GRO,1.3594748625215198
XAF,2031,OSD,0.9379521617486696
XAF,2031,C_B,90.1024471812549
XAF,2031,OTH_A,1.047646272847271
XAF,2031,CEREAL,1.6287067583357082
XAF,2032,CROP_FLW,5.574509199003888
XAF,2032,PDR,3.360772624864803
XAF,2032,WHT,2.9899439400678265
XAF,2032,GRO,1.3636911868470978
XAF,2032,OSD,0.9408748851301759
XAF,2032,C_B,90.15187826527747
XAF,2032,OTH_A,1.0487783528032388
XAF,2032,CEREAL,1.637611444706063
XAF,2033,CROP_FLW,5.584257944514655
XAF,2033,PDR,3.3762090654834855
XAF,2033,WHT,2.994791221865865
XAF,2033,GRO,1.3679205878328693
XAF,2033,OSD,0.9438067159185554
XAF,2033,C_B,90.20133646767634
XAF,2033,OTH_A,1.0499116560776682
XAF,2033,CEREAL,1.6465648159848267
XAF,2034,CROP_FLW,5.594023738708209
XAF,2034,PDR,3.3917164075660793
XAF,2034,WHT,2.999646362052321
XAF,2034,GRO,1.372163106035259
XAF,2034,OSD,0.9467476824931139
XAF,2034,C_B,90.25082180332892
XAF,2034,OTH_A,1.0510461839924692
XAF,2034,CEREAL,1.6555671383487303
XAF,2035,CROP_FLW,5.603806611399423
XAF,2035,PDR,3.4072949767716985
XAF,2035,WHT,3.004509373367175
XAF,2035,GRO,1.376418782136475
XAF,2035,OSD,0.9496978133215891
XAF,2035,C_B,90.30033428712073
XAF,2035,OTH_A,1.0521819378709807
XAF,2035,CEREAL,1.6646186794297817
XAF,2036,CROP_FLW,5.613606592455307
XAF,2036,PDR,3.42294510025525
XAF,2036,WHT,3.0093802685710584
XAF,2036,GRO,1.3806876569449
XAF,2036,OSD,0.9526571369604252
XAF,2036,C_B,90.34987393394559
XAF,2036,OTH_A,1.053318919037971
XAF,2036,CEREAL,1.673719708323223
XAF,2037,CROP_FLW,5.623423711795101
XAF,2037,PDR,3.438667106674303
XAF,2037,WHT,3.014259060445293
XAF,2037,GRO,1.3849697713954787
XAF,2037,OSD,0.9556256820550513
XAF,2037,C_B,90.39944075870532
XAF,2037,OTH_A,1.0544571288196407
XAF,2037,CEREAL,1.682870495595531
XAF,2038,CROP_FLW,5.633257999390374
XAF,2038,PDR,3.4544613261959913
XAF,2038,WHT,3.01914576179192
XAF,2038,GRO,1.3892651665501152
XAF,2038,OSD,0.9586034773401574
XAF,2038,C_B,90.44903477631009
XAF,2038,OTH_A,1.055596568543623
XAF,2038,CEREAL,1.6920713132924594
XAF,2039,CROP_FLW,5.643109485265107
XAF,2039,PDR,3.4703280905039473
XAF,2039,WHT,3.0240403854337354
XAF,2039,GRO,1.3935738835980633
XAF,2039,OSD,0.9615905516399723
XAF,2039,C_B,90.49865600167806
XAF,2039,OTH_A,1.0567372395389856
XAF,2039,CEREAL,1.7013224349471274
XAF,2040,CROP_FLW,5.652978199495776
XAF,2040,PDR,3.4862677328052643
XAF,2040,WHT,3.0289429442143248
XAF,2040,GRO,1.3978959638563224
XAF,2040,OSD,0.9645869338685441
XAF,2040,C_B,90.54830444973585
XAF,2040,OTH_A,1.0578791431362327
XAF,2040,CEREAL,1.710624135588152
XAF,2041,CROP_FLW,5.650623775223432
XAF,2041,PDR,3.501427378212909
XAF,2041,WHT,3.0328137024432293
XAF,2041,GRO,1.4014265049171466
XAF,2041,OSD,0.9648432695126403
XAF,2041,C_B,91.28409118681645
XAF,2041,OTH_A,1.0589192284351896
XAF,2041,CEREAL,1.7193530970807416
XAF,2042,CROP_FLW,5.648270331551657
XAF,2042,PDR,3.5166529436434844
XAF,2042,WHT,3.0366894072061372
XAF,2042,GRO,1.4049659627503948
XAF,2042,OSD,0.9650996732770482
XAF,2042,C_B,92.02585685553751
XAF,2042,OTH_A,1.059960336324899
XAF,2042,CEREAL,1.7281266006601366
XAF,2043,CROP_FLW,5.645917868072043
XAF,2043,PDR,3.5319447157428367
XAF,2043,WHT,3.040570064824341
XAF,2043,GRO,1.408514359876363
XAF,2043,OSD,0.96535614517987
XAF,2043,C_B,92.77365004011746
XAF,2043,OTH_A,1.0610024678107517
XAF,2043,CEREAL,1.7369448736154023
XAF,2044,CROP_FLW,5.643566384376344
XAF,2044,PDR,3.5473029824032642
XAF,2044,WHT,3.044455681627213
XAF,2044,GRO,1.4120717188722256
XAF,2044,OSD,0.9656126852392138
XAF,2044,C_B,93.52751971956539
XAF,2044,OTH_A,1.0620456238991263
XAF,2044,CEREAL,1.7458081443954132
XAF,2045,CROP_FLW,5.641215880056488
XAF,2045,PDR,3.5627280327689292
XAF,2045,WHT,3.048346263952213
XAF,2045,GRO,1.4156380623721767
XAF,2045,OSD,0.965869293473192
XAF,2045,C_B,94.28751527088906
XAF,2045,OTH_A,1.0630898055973912
XAF,2045,CEREAL,1.7547166426147704
XAF,2046,CROP_FLW,5.638866354704572
XAF,2046,PDR,3.578220157241307
XAF,2046,WHT,3.0522418181449
XAF,2046,GRO,1.4192134130675764
XAF,2046,OSD,0.9661259698999214
XAF,2046,C_B,95.05368647232902
XAF,2046,OTH_A,1.0641350139139054
XAF,2046,CEREAL,1.7636705990597519
XAF,2047,CROP_FLW,5.636517807912863
XAF,2047,PDR,3.59377964748465
XAF,2047,WHT,3.056142350558942
XAF,2047,GRO,1.422797793707095
XAF,2047,OSD,0.9663827145375241
XAF,2047,C_B,95.82608350661894
XAF,2047,OTH_A,1.0651812498580189
XAF,2047,CEREAL,1.7726702456942895
XAF,2048,CROP_FLW,5.634170239273797
XAF,2048,PDR,3.609406796431481
XAF,2048,WHT,3.0600478675561256
XAF,2048,GRO,1.4263912270968555
XAF,2048,OSD,0.9666395274041271
XAF,2048,C_B,96.60475696427255
XAF,2048,OTH_A,1.0662285144400745
XAF,2048,CEREAL,1.78171581566598
XAF,2049,CROP_FLW,5.631823648379982
XAF,2049,PDR,3.6251018982881065
XAF,2049,WHT,3.06395837550637
XAF,2049,GRO,1.4299937361005817
XAF,2049,OSD,0.9668964085178616
XAF,2049,C_B,97.38975784689721
XAF,2049,OTH_A,1.0672768086714082
XAF,2049,CEREAL,1.7908075433121229
XAF,2050,CROP_FLW,5.629478034824195
XAF,2050,PDR,3.640865248540153
XAF,2050,WHT,3.067873880787733
XAF,2050,GRO,1.4336053436397407
XAF,2050,OSD,0.9671533578968647
XAF,2050,C_B,98.18113757053429
XAF,2050,OTH_A,1.0683261335643501
XAF,2050,CEREAL,1.7999456641657923
XAF,2051,CROP_FLW,5.626314079431023
XAF,2051,PDR,3.6504809226251536
XAF,2051,WHT,3.075237541409538
XAF,2051,GRO,1.4366815211579884
XAF,2051,OSD,0.9681322173378771
XAF,2051,C_B,99.269034899534
XAF,2051,OTH_A,1.0699129151226594
XAF,2051,CEREAL,1.8068993392557995
XAF,2052,CROP_FLW,5.62315190228686
XAF,2052,PDR,3.6601219920988317
XAF,2052,WHT,3.082618876648964
XAF,2052,GRO,1.439764299424598
XAF,2052,OSD,0.9691120674861
XAF,2052,C_B,100.36898668856273
XAF,2052,OTH_A,1.0715020535227933
XAF,2052,CEREAL,1.8138798782663237
XAF,2053,CROP_FLW,5.619991502392269
XAF,2053,PDR,3.6697885240314476
XAF,2053,WHT,3.0900179289294916
XAF,2053,GRO,1.442853692603212
XAF,2053,OSD,0.9700929093442316
XAF,2053,C_B,101.48112650721629
XAF,2053,OTH_A,1.0730935522653615
XAF,2053,CEREAL,1.8208873849799287
XAF,2054,CROP_FLW,5.616832878748376
XAF,2054,PDR,3.679480585670398
XAF,2054,WHT,3.0974347407764267
XAF,2054,GRO,1.4459497148878653
XAF,2054,OSD,0.9710747439159854
XAF,2054,C_B,102.60558940511018
XAF,2054,OTH_A,1.0746874148561738
XAF,2054,CEREAL,1.8279219635801174
XAF,2055,CROP_FLW,5.613676030356869
XAF,2055,PDR,3.6891982444406803
XAF,2055,WHT,3.104869354817148
XAF,2055,GRO,1.449052380503049
XAF,2055,OSD,0.97205757220609
XAF,2055,C_B,103.74251192827884
XAF,2055,OTH_A,1.0762836448062465
XAF,2055,CEREAL,1.8349837186528821
XAF,2056,CROP_FLW,5.610520956219997
XAF,2056,PDR,3.698941567945367
XAF,2056,WHT,3.1123218137813495
XAF,2056,GRO,1.4521617037037773
XAF,2056,OSD,0.973041395220292
XAF,2056,C_B,104.89203213575672
XAF,2056,OTH_A,1.0778822456318113
XAF,2056,CEREAL,1.8420727551882594
XAF,2057,CROP_FLW,5.6073676553405685
XAF,2057,PDR,3.708710623966071
XAF,2057,WHT,3.1197921605012877
XAF,2057,GRO,1.4552776987756513
XAF,2057,OSD,0.9740262139653547
XAF,2057,C_B,106.0542896163432
XAF,2057,OTH_A,1.0794832208543224
XAF,2057,CEREAL,1.8491891785818901
XAF,2058,CROP_FLW,5.604216126721954
XAF,2058,PDR,3.718505480463421
XAF,2058,WHT,3.127280437912027
XAF,2058,GRO,1.4584003800349266
XAF,2058,OSD,0.9750120294490613
XAF,2058,C_B,107.22942550555301
XAF,2058,OTH_A,1.0810865740004645
XAF,2058,CEREAL,1.8563330946365866
XAF,2059,CROP_FLW,5.601066369368084
XAF,2059,PDR,3.7283262055775297
XAF,2059,WHT,3.1347866890516864
XAF,2059,GRO,1.4615297618285776
XAF,2059,OSD,0.9759988426802146
XAF,2059,C_B,108.41758250275484
XAF,2059,OTH_A,1.0826923086021598
XAF,2059,CEREAL,1.8635046095639072
XAF,2060,CROP_FLW,5.597918382283445
XAF,2060,PDR,3.7381728676284762
XAF,2060,WHT,3.142310957061687
XAF,2060,GRO,1.4646658585343648
XAF,2060,OSD,0.9769866546686382
XAF,2060,C_B,109.61890488849942
XAF,2060,OTH_A,1.084300428196578
XAF,2060,CEREAL,1.8707038299857306
XAF,2061,CROP_FLW,5.573852519932598
XAF,2061,PDR,3.7486932981628365
XAF,2061,WHT,3.1680489044689195
XAF,2061,GRO,1.4688056399441185
XAF,2061,OSD,0.9795034199000633
XAF,2061,C_B,110.85425856227867
XAF,2061,OTH_A,1.0866465378900796
XAF,2061,CEREAL,1.879544125779769
XAF,2062,CROP_FLW,5.549890118491886
XAF,2062,PDR,3.75924333659992
XAF,2062,WHT,3.1939976654925606
XAF,2062,GRO,1.472957122172882
XAF,2062,OSD,0.9820266684413677
XAF,2062,C_B,112.10353409288429
XAF,2062,OTH_A,1.0889977238802893
XAF,2062,CEREAL,1.8884261977376628
XAF,2063,CROP_FLW,5.526030733175256
XAF,2063,PDR,3.7698230662659657
XAF,2063,WHT,3.220158966858528
XAF,2063,GRO,1.4771203382922484
XAF,2063,OSD,0.9845564169938735
XAF,2063,C_B,113.36688837311675
XAF,2063,OTH_A,1.0913539971508308
XAF,2063,CEREAL,1.897350243279035
XAF,2064,CROP_FLW,5.502273921108822
XAF,2064,PDR,3.780432570721718
XAF,2064,WHT,3.2465345494359545
XAF,2064,GRO,1.4812953214672848
XAF,2064,OSD,0.9870926823019264
XAF,2064,C_B,114.64448006388494
XAF,2064,OTH_A,1.0937153687090952
XAF,2064,CEREAL,1.9063164607564458
XAF,2065,CROP_FLW,5.478619241322646
XAF,2065,PDR,3.791071933763092
XAF,2065,WHT,3.2731261683530333
XAF,2065,GRO,1.4854821049567979
XAF,2065,OSD,0.9896354811530061
XAF,2065,C_B,115.93646961413167
XAF,2065,OTH_A,1.0960818495862892
XAF,2065,CEREAL,1.9153250494598002
XAF,2066,CROP_FLW,5.455066254742555
XAF,2066,PDR,3.801741239421826
XAF,2066,WHT,3.29993559311381
XAF,2066,GRO,1.4896807221135986
XAF,2066,OSD,0.9921848303778379
XAF,2066,C_B,117.24301928098427
XAF,2066,OTH_A,1.098453450837487
XAF,2066,CEREAL,1.9243762096207784
XAF,2067,CROP_FLW,5.431614524181983
XAF,2067,PDR,3.8124405719661563
XAF,2067,WHT,3.3269646077159285
XAF,2067,GRO,1.4938912063847656
XAF,2067,OSD,0.9947407468505038
XAF,2067,C_B,118.56429315013172
XAF,2067,OTH_A,1.1008301835416845
XAF,2067,CEREAL,1.933470142417285
XAF,2068,CROP_FLW,5.408263614333865
XAF,2068,PDR,3.823170015901474
XAF,2068,WHT,3.354215010769351
XAF,2068,GRO,1.4981135913119152
XAF,2068,OSD,0.9973032474885544
XAF,2068,C_B,119.90045715643193
XAF,2068,OTH_A,1.1032120588018484
XAF,2068,CEREAL,1.9426070499779227
XAF,2069,CROP_FLW,5.385013091762551
XAF,2069,PDR,3.833929655970998
XAF,2069,WHT,3.38168861561604
XAF,2069,GRO,1.5023479105314663
XAF,2069,OSD,0.9998723492531204
XAF,2069,C_B,121.2516791047507
XAF,2069,OTH_A,1.1055990877449684
XAF,2069,CEREAL,1.9517871353864829
XAF,2070,CROP_FLW,5.361862524895767
XAF,2070,PDR,3.844719577156438
XAF,2070,WHT,3.4093872504506195
XAF,2070,GRO,1.5065941977749082
XAF,2070,OSD,1.0024480691490252
XAF,2070,C_B,122.61812869103608
XAF,2070,OTH_A,1.1079912815221105
XAF,2070,CEREAL,1.9610106026864578
XAF,2071,CROP_FLW,5.33169904919078
XAF,2071,PDR,3.8487691956731678
XAF,2071,WHT,3.4311631547896293
XAF,2071,GRO,1.513141608615805
XAF,2071,OSD,1.001834366061486
XAF,2071,C_B,123.21075188303848
XAF,2071,OTH_A,1.1086705268222667
XAF,2071,CEREAL,1.9714723875238516
XAF,2072,CROP_FLW,5.301705259907699
XAF,2072,PDR,3.8528230796271554
XAF,2072,WHT,3.4530781427747455
XAF,2072,GRO,1.5197174734284364
XAF,2072,OSD,1.0012210386856581
XAF,2072,C_B,123.8062392701762
XAF,2072,OTH_A,1.1093501885283872
XAF,2072,CEREAL,1.981989984880481
XAF,2073,CROP_FLW,5.271880202465492
XAF,2073,PDR,3.856881233511159
XAF,2073,WHT,3.4751331027392527
XAF,2073,GRO,1.526321915869089
XAF,2073,OSD,1.0006080867915292
XAF,2073,C_B,124.40460469533271
XAF,2073,OTH_A,1.110030266895746
XAF,2073,CEREAL,1.9925636925102528
XAF,2074,CROP_FLW,5.24222292765318
XAF,2074,PDR,3.860943661822668
XAF,2074,WHT,3.497328928690257
XAF,2074,GRO,1.5329550601314383
XAF,2074,OSD,0.9999955101492279
XAF,2074,C_B,125.00586206829517
XAF,2074,OTH_A,1.1107107621797743
XAF,2074,CEREAL,2.0031938097555586
XAF,2075,CROP_FLW,5.212732491599624
XAF,2075,PDR,3.86501036906391
XAF,2075,WHT,3.5196665203449293
XAF,2075,GRO,1.5396170309488855
XAF,2075,OSD,0.9993833085290234
XAF,2075,C_B,125.6100253660779
XAF,2075,OTH_A,1.1113916746360593
XAF,2075,CEREAL,2.013880637555751
XAF,2076,CROP_FLW,5.1834079557434904
XAF,2076,PDR,3.8690813597418545
XAF,2076,WHT,3.54214678316697
XAF,2076,GRO,1.5463079535969029
XAF,2076,OSD,0.9987714817013252
XAF,2076,C_B,126.21710863324728
XAF,2076,OTH_A,1.1120730045203453
XAF,2076,CEREAL,2.024624478455662
XAF,2077,CROP_FLW,5.154248386803377
XAF,2077,PDR,3.8731566383682168
XAF,2077,WHT,3.5647706284033194
XAF,2077,GRO,1.553027953895389
XAF,2077,OSD,0.9981600294366841
XAF,2077,C_B,126.82712598224812
XAF,2077,OTH_A,1.1127547520885332
XAF,2077,CEREAL,2.035425636614168
XAF,2078,CROP_FLW,5.125252856748112
XAF,2078,PDR,3.8772362094594675
XAF,2078,WHT,3.587538973121087
XAF,2078,GRO,1.5597771582110356
XAF,2078,OSD,0.9975489515057908
XAF,2078,C_B,127.44009159373184
XAF,2078,OTH_A,1.113436917596681
XAF,2078,CEREAL,2.0462844178128012
XAF,2079,CROP_FLW,5.096420442767217
XAF,2079,PDR,3.88132007753683
XAF,2079,WHT,3.6104527402447335
XAF,2079,GRO,1.5665556934597022
XAF,2079,OSD,0.9969382476794765
XAF,2079,C_B,128.05601971688608
XAF,2079,OTH_A,1.114119501301003
XAF,2079,CEREAL,2.0572011294644073
XAF,2080,CROP_FLW,5.0677502272415405
XAF,2080,PDR,3.8854082471262945
XAF,2080,WHT,3.6335128585934737
XAF,2080,GRO,1.5733636871088037
XAF,2080,OSD,0.9963279177287127
XAF,2080,C_B,128.674924669766
XAF,2080,OTH_A,1.1148025034578728
XAF,2080,CEREAL,2.068176080621846
XAF,2081,CROP_FLW,5.063029447494487
XAF,2081,PDR,3.890552139507159
XAF,2081,WHT,3.582603718192265
XAF,2081,GRO,1.580664560420653
XAF,2081,OSD,0.9973196568405416
XAF,2081,C_B,128.35681303732974
XAF,2081,OTH_A,1.1178048116653638
XAF,2081,CEREAL,2.0760236741708984
XAF,2082,CROP_FLW,5.058313065312511
XAF,2082,PDR,3.89570284188768
XAF,2082,WHT,3.532407865641479
XAF,2082,GRO,1.5879993119461366
XAF,2082,OSD,0.9983123831238113
XAF,2082,C_B,128.03948784413916
XAF,2082,OTH_A,1.1208152054795384
XAF,2082,CEREAL,2.0839010450319932
XAF,2083,CROP_FLW,5.053601076599133
XAF,2083,PDR,3.9008603632836145
XAF,2083,WHT,3.4829153070666656
XAF,2083,GRO,1.595368098890195
XAF,2083,OSD,0.9993060975611464
XAF,2083,C_B,127.72294714595003
XAF,2083,OTH_A,1.1238337066759874
XAF,2083,CEREAL,2.0918083061936925
XAF,2084,CROP_FLW,5.0488934772616885
XAF,2084,PDR,3.906024712722661
XAF,2084,WHT,3.4341161886175255
XAF,2084,GRO,1.6027710791872467
XAF,2084,OSD,1.0003008011361498
XAF,2084,C_B,127.4071890033248
XAF,2084,OTH_A,1.1268603370889465
XAF,2084,CEREAL,2.099745571073288
XAF,2085,CROP_FLW,5.044190263211327
XAF,2085,PDR,3.911195899244464
XAF,2085,WHT,3.386000794506035
XAF,2085,GRO,1.6102084115045734
XAF,2085,OSD,1.0012964948334038
XAF,2085,C_B,127.09221148162058
XAF,2085,OTH_A,1.1298951186114532
XAF,2085,CEREAL,2.107712953518429
XAF,2086,CROP_FLW,5.039491430363006
XAF,2086,PDR,3.91637393190064
XAF,2086,WHT,3.3385595450720538
XAF,2086,GRO,1.6176802552457183
XAF,2086,OSD,1.00229317963847
XAF,2086,C_B,126.7780126509773
XAF,2086,OTH_A,1.1329380731955065
XAF,2086,CEREAL,2.115710567808752
XAF,2087,CROP_FLW,5.034796974635486
XAF,2087,PDR,3.9215588197547846
XAF,2087,WHT,3.291782994876037
XAF,2087,GRO,1.6251867705539063
XAF,2087,OSD,1.0032908565378917
XAF,2087,C_B,126.46459058630597
XAF,2087,OTH_A,1.1359892228522248
XAF,2087,CEREAL,2.123738528657524
XAF,2088,CROP_FLW,5.030106891951336
XAF,2088,PDR,3.926750571882496
XAF,2088,WHT,3.2456618308184737
XAF,2088,GRO,1.632728118315473
XAF,2088,OSD,1.0042895265191938
XAF,2088,C_B,126.1519433672768
XAF,2088,OTH_A,1.1390485896520046
XAF,2088,CEREAL,2.131796951213284
XAF,2089,CROP_FLW,5.0254211782369165
XAF,2089,PDR,3.931949197371389
XAF,2089,WHT,3.2001868702856675
XAF,2089,GRO,1.6403044601633137
XAF,2089,OSD,1.0052891905708845
XAF,2089,C_B,125.84006907830744
XAF,2089,OTH_A,1.1421161957246821
XAF,2089,CEREAL,2.139885951061499
XAF,2090,CROP_FLW,5.020739829422387
XAF,2090,PDR,3.9371547053211047
XAF,2090,WHT,3.1553490593215017
XAF,2090,GRO,1.6479159584803493
XAF,2090,OSD,1.0062898496824548
XAF,2090,C_B,125.52896580855122
XAF,2090,OTH_A,1.14519206325969
XAF,2090,CEREAL,2.148005644226217
XAF,2091,CROP_FLW,5.013750873926331
XAF,2091,PDR,3.9456149588262255
XAF,2091,WHT,3.131864002520974
XAF,2091,GRO,1.6549626655506418
XAF,2091,OSD,1.0076550730817984
XAF,2091,C_B,125.4559230055722
XAF,2091,OTH_A,1.1471606655082998
XAF,2091,CEREAL,2.1571157797984872
XAF,2092,CROP_FLW,5.006771647175557
XAF,2092,PDR,3.954093391929236
XAF,2092,WHT,3.1085537434631223
XAF,2092,GRO,1.6620395052744101
XAF,2092,OSD,1.0090221486661073
XAF,2092,C_B,125.38292270474426
XAF,2092,OTH_A,1.1491326518135558
XAF,2092,CEREAL,2.166264553337267
XAF,2093,CROP_FLW,4.999802135627486
XAF,2093,PDR,3.9625900436948966
XAF,2093,WHT,3.085416981139773
XAF,2093,GRO,1.6691466065028753
XAF,2093,OSD,1.010391078948222
XAF,2093,C_B,125.3099648813362
XAF,2093,OTH_A,1.1511080279927028
XAF,2093,CEREAL,2.1754521287141535
XAF,2094,CROP_FLW,4.992842325758389
XAF,2094,PDR,3.9711049532719107
XAF,2094,WHT,3.062452424226073
XAF,2094,GRO,1.6762840986382412
XAF,2094,OSD,1.0117618664443926
XAF,2094,C_B,125.2370495106313
XAF,2094,OTH_A,1.1530867998729837
XAF,2094,CEREAL,2.1846786704957553
XAF,2095,CROP_FLW,4.985892204063363
XAF,2095,PDR,3.9796381598931077
XAF,2095,WHT,3.0396587910084127
XAF,2095,GRO,1.6834521116360557
XAF,2095,OSD,1.0131345136742829
XAF,2095,C_B,125.16417656792716
XAF,2095,OTH_A,1.1550689732916597
XAF,2095,CEREAL,2.1939443439466424
XAF,2096,CROP_FLW,4.978951757056306
XAF,2096,PDR,3.988189702875618
XAF,2096,WHT,3.0170348093128956
XAF,2096,GRO,1.6906507760075715
XAF,2096,OSD,1.0145090231609755
XAF,2096,C_B,125.09134602853575
XAF,2096,OTH_A,1.1570545540960262
XAF,2096,CEREAL,2.203249315032307
XAF,2097,CROP_FLW,4.9720209712698855
XAF,2097,PDR,3.996759621621061
XAF,2097,WHT,2.994579216434332
XAF,2097,GRO,1.697880222822125
XAF,2097,OSD,1.0158853974309747
XAF,2097,C_B,125.01855786778346
XAF,2097,OTH_A,1.15904354814343
XAF,2097,CEREAL,2.2125937504221334
XAF,2098,CROP_FLW,4.965099833255519
XAF,2098,PDR,4.005347955615721
XAF,2098,WHT,2.9722907590657637
XAF,2098,GRO,1.7051405837095235
XAF,2098,OSD,1.0172636390142145
XAF,2098,C_B,124.94581206101098
XAF,2098,OTH_A,1.1610359613012868
XAF,2098,CEREAL,2.2219778174923874
XAF,2099,CROP_FLW,4.958188329583343
XAF,2099,PDR,4.013954744430733
XAF,2099,WHT,2.950168193228514
XAF,2099,GRO,1.7124319908624397
XAF,2099,OSD,1.0186437504440595
XAF,2099,C_B,124.87310858357341
XAF,2099,OTH_A,1.1630317994470987
XAF,2099,CEREAL,2.2314016843292106
XAF,2100,CROP_FLW,4.951286446842189
XAF,2100,PDR,4.0225800277222605
XAF,2100,WHT,2.928210284202759
XAF,2100,GRO,1.7197545770388205
XAF,2100,OSD,1.0200257342573118
XAF,2100,C_B,124.8004474108401
XAF,2100,OTH_A,1.1650310684684706
XAF,2100,CEREAL,2.2408655197316327
BRA,2005,CROP_FLW,9.594842524589026
BRA,2005,PDR,4.114773515295367
BRA,2005,WHT,2.0746840702030265
BRA,2005,GRO,3.136650810974045
BRA,2005,OSD,3.148243826497947
BRA,2005,C_B,78.04106940066836
BRA,2005,OTH_A,2.39621373827143
BRA,2005,CEREAL,3.1920674242433096
BRA,2006,CROP_FLW,9.589954737391624
BRA,2006,PDR,4.213463980761678
BRA,2006,WHT,2.084824247315917
BRA,2006,GRO,3.1490554206508032
BRA,2006,OSD,3.1498416354849077
BRA,2006,C_B,82.59316924651758
BRA,2006,OTH_A,2.398839106777243
BRA,2006,CEREAL,3.2071819969130932
BRA,2007,CROP_FLW,9.58506944012187
BRA,2007,PDR,4.314521480024078
BRA,2007,WHT,2.0950139853202017
BRA,2007,GRO,3.16150908721993
BRA,2007,OSD,3.1514402553981182
BRA,2007,C_B,87.41079099212695
BRA,2007,OTH_A,2.4014673517208633
BRA,2007,CEREAL,3.2223681377161983
BRA,2008,CROP_FLW,9.580186631511351
BRA,2008,PDR,4.4180027850206205
BRA,2008,WHT,2.1052535264485286
BRA,2008,GRO,3.174012004688231
BRA,2008,OSD,3.1530396866491417
BRA,2008,C_B,92.50942240833626
BRA,2008,OTH_A,2.4040984762538087
BRA,2008,CEREAL,3.237626185530728
BRA,2009,CROP_FLW,9.5753063102923
BRA,2009,PDR,4.523966029331492
BRA,2009,WHT,2.1155431141174774
BRA,2009,GRO,3.186564367829755
BRA,2009,OSD,3.1546399296497536
BRA,2009,C_B,97.90545466056705
BRA,2009,OTH_A,2.4067324835310484
BRA,2009,CEREAL,3.2529564808393867
BRA,2010,CROP_FLW,9.570428475197588
BRA,2010,PDR,4.632470740837215
BRA,2010,WHT,2.1258829929333425
BRA,2010,GRO,3.1991663721888304
BRA,2010,OSD,3.156240984811934
BRA,2010,C_B,103.6162350034149
BRA,2010,OTH_A,2.4093693767110094
BRA,2010,CEREAL,3.268359365737079
BRA,2011,CROP_FLW,9.554172564359853
BRA,2011,PDR,4.674851305799345
BRA,2011,WHT,2.129359486404596
BRA,2011,GRO,3.211699382894205
BRA,2011,OSD,3.1553571109739393
BRA,2011,C_B,103.82761240194382
BRA,2011,OTH_A,2.423969578012788
BRA,2011,CEREAL,3.278874558218897
BRA,2012,CROP_FLW,9.537944265100622
BRA,2012,PDR,4.717619593077922
BRA,2012,WHT,2.1328416650461515
BRA,2012,GRO,3.2242814927520045
BRA,2012,OSD,3.1544734846560054
BRA,2012,C_B,104.03942101093514
BRA,2012,OTH_A,2.4386582530372394
BRA,2012,CEREAL,3.2894235809074197
BRA,2013,CROP_FLW,9.521743530520077
BRA,2013,PDR,4.760779149784571
BRA,2013,WHT,2.136329538155066
BRA,2013,GRO,3.2369128941124012
BRA,2013,OSD,3.153590105788817
BRA,2013,C_B,104.25166171005938
BRA,2013,OTH_A,2.4534359379139317
BRA,2013,CEREAL,3.3000065426435357
BRA,2014,CROP_FLW,9.505570313798062
BRA,2014,PDR,4.804333555481979
BRA,2014,WHT,2.1398231150436016
BRA,2014,GRO,3.2495937800791164
BRA,2014,OSD,3.1527069743030784
BRA,2014,C_B,104.46433538078159
BRA,2014,OTH_A,2.4683031720212476
BRA,2014,CEREAL,3.3106235526183028
BRA,2015,CROP_FLW,9.489424568193947
BRA,2015,PDR,4.848286422480779
BRA,2015,WHT,2.1433224050392488
BRA,2015,GRO,3.26232434451237
BRA,2015,OSD,3.1518240901295127
BRA,2015,C_B,104.67744290636496
BRA,2015,OTH_A,2.4832604980060755
BRA,2015,CEREAL,3.321274720374077
BRA,2016,CROP_FLW,9.473306247046493
BRA,2016,PDR,4.892641396139139
BRA,2016,WHT,2.1468274174847495
BRA,2016,GRO,3.2751047820318497
BRA,2016,OSD,3.150941453198862
BRA,2016,C_B,104.89098517187459
BRA,2016,OTH_A,2.4983084618036133
BRA,2016,CEREAL,3.3319601558056404
BRA,2017,CROP_FLW,9.457215303773719
BRA,2017,PDR,4.937402155165111
BRA,2017,WHT,2.150338161738128
BRA,2017,GRO,3.287935288019678
BRA,2017,OSD,3.1500590634418892
BRA,2017,C_B,105.10496306418109
BRA,2017,OTH_A,2.5134476126572953
BRA,2017,CEREAL,3.342679969161337
BRA,2018,CROP_FLW,9.441151691872765
BRA,2018,PDR,4.982572411921729
BRA,2018,WHT,2.1538546471727074
BRA,2018,GRO,3.300816058623407
BRA,2018,OSD,3.1491769207893756
BRA,2018,C_B,105.31937747196432
BRA,2018,OTH_A,2.528678503138839
BRA,2018,CEREAL,3.3534342710442084
BRA,2019,CROP_FLW,9.42511536491976
BRA,2019,PDR,5.028155912734904
BRA,2019,WHT,2.157376883177142
BRA,2019,GRO,3.3137472907590135
BRA,2019,OSD,3.1482950251721213
BRA,2019,C_B,105.534229285717
BRA,2019,OTH_A,2.5440016891684154
BRA,2019,CEREAL,3.3642231724131384
BRA,2020,CROP_FLW,9.409106276569684
BRA,2020,PDR,5.074156438204136
BRA,2020,WHT,2.16090487915544
BRA,2020,GRO,3.326729182113906
BRA,2020,OSD,3.1474133765209458
BRA,2020,C_B,105.74951939774849
BRA,2020,OTH_A,2.559417730034934
BRA,2020,CEREAL,3.3750467845839913
BRA,2021,CROP_FLW,9.407487579719216
BRA,2021,PDR,5.117613361165224
BRA,2021,WHT,2.162682663372884
BRA,2021,GRO,3.339012416980393
BRA,2021,OSD,3.1503263920262685
BRA,2021,C_B,106.2265931129883
BRA,2021,OTH_A,2.5639850670458397
BRA,2021,CEREAL,3.392064079034091
BRA,2022,CROP_FLW,9.405869161341476
BRA,2022,PDR,5.161442465034852
BRA,2022,WHT,2.1644619101797984
BRA,2022,GRO,3.35134100506036
BRA,2022,OSD,3.1532421036055798
BRA,2022,C_B,106.70581907753447
BRA,2022,OTH_A,2.5685605545697023
BRA,2022,CEREAL,3.4091671762386064
BRA,2023,CROP_FLW,9.404251021388559
BRA,2023,PDR,5.205646937305812
BRA,2023,WHT,2.166242620779462
BRA,2023,GRO,3.363715113810832
BRA,2023,OSD,3.1561605137541675
BRA,2023,C_B,107.18720700094957
BRA,2023,OTH_A,2.5731442071512904
BRA,2023,CEREAL,3.426356508822871
BRA,2024,CROP_FLW,9.402633159812561
BRA,2024,PDR,5.250229992769744
BRA,2024,WHT,2.1680247963761414
BRA,2024,GRO,3.3761349113071333
BRA,2024,OSD,3.1590816249696307
BRA,2024,C_B,107.67076663659942
BRA,2024,OTH_A,2.577736039361329
BRA,2024,CEREAL,3.443632511593553
BRA,2025,CROP_FLW,9.401015576565596
BRA,2025,PDR,5.295194873750934
BRA,2025,WHT,2.1698084381750955
BRA,2025,GRO,3.388600566245171
BRA,2025,OSD,3.162005439751878
BRA,2025,C_B,108.15650778185075
BRA,2025,OTH_A,2.582336065796545
BRA,2025,CEREAL,3.4609956215496553
BRA,2026,CROP_FLW,9.39939827159978
BRA,2026,PDR,5.3405448503421145
BRA,2026,WHT,2.1715935473825736
BRA,2026,GRO,3.4011122479437255
BRA,2026,OSD,3.1649319606031354
BRA,2026,C_B,108.64444027826974
BRA,2026,OTH_A,2.5869443010797113
BRA,2026,CEREAL,3.4784462778935716
BRA,2027,CROP_FLW,9.397781244867241
BRA,2027,PDR,5.386283220642279
BRA,2027,WHT,2.1733801252058176
BRA,2027,GRO,3.4136701263467497
BRA,2027,OSD,3.16786119002794
BRA,2027,C_B,109.13457401182134
BRA,2027,OTH_A,2.5915607598596972
BRA,2027,CEREAL,3.495984922042193
BRA,2028,CROP_FLW,9.39616449632011
BRA,2028,PDR,5.432413310996549
BRA,2028,WHT,2.1751681728530645
BRA,2028,GRO,3.4262743720256794
BRA,2028,OSD,3.17079313053315
BRA,2028,C_B,109.62691891306957
BRA,2028,OTH_A,2.596185456811514
BRA,2028,CEREAL,3.513611997638075
BRA,2029,CROP_FLW,9.39454802591053
BRA,2029,PDR,5.478938476238067
BRA,2029,WHT,2.1769576915335422
BRA,2029,GRO,3.438925156181748
BRA,2029,OSD,3.1737277846279435
BRA,2029,C_B,110.12148495737885
BRA,2029,OTH_A,2.6008184066363587
BRA,2029,CEREAL,3.5313279505606587
BRA,2030,CROP_FLW,9.392931833590655
BRA,2030,PDR,5.525862099931992
BRA,2030,WHT,2.1787486824574787
BRA,2030,GRO,3.451622650648316
BRA,2030,OSD,3.1766651548238163
BRA,2030,C_B,110.61828216511591
BRA,2030,OTH_A,2.6054596240616634
BRA,2030,CEREAL,3.549133228937556
BRA,2031,CROP_FLW,9.386770397109874
BRA,2031,PDR,5.549717503015251
BRA,2031,WHT,2.1809530717215764
BRA,2031,GRO,3.4561170785364097
BRA,2031,OSD,3.1785762580680887
BRA,2031,C_B,111.11106851158657
BRA,2031,OTH_A,2.609455296078995
BRA,2031,CEREAL,3.560861517722044
BRA,2032,CROP_FLW,9.380613002317054
BRA,2032,PDR,5.573675890980502
BRA,2032,WHT,2.183159691317271
BRA,2032,GRO,3.4606173587102504
BRA,2032,OSD,3.180488511044999
BRA,2032,C_B,111.60605014059564
BRA,2032,OTH_A,2.613457095765596
BRA,2032,CEREAL,3.5726285632251273
BRA,2033,CROP_FLW,9.374459646560986
BRA,2033,PDR,5.597737708418259
BRA,2033,WHT,2.185368543501141
BRA,2033,GRO,3.4651234987902173
BRA,2033,OSD,3.1824019144462357
BRA,2033,C_B,112.10323683176763
BRA,2033,OTH_A,2.617465032518716
BRA,2033,CEREAL,3.5844344935203276
BRA,2034,CROP_FLW,9.368310327192207
BRA,2034,PDR,5.621903401838353
BRA,2034,WHT,2.1875796305320496
BRA,2034,GRO,3.469635506406614
BRA,2034,OSD,3.1843164689639005
BRA,2034,C_B,112.60263840829366
BRA,2034,OTH_A,2.6214791157500175
BRA,2034,CEREAL,3.5962794371043896
BRA,2035,CROP_FLW,9.362165041562982
BRA,2035,PDR,5.646173419678221
BRA,2035,WHT,2.189792954671144
BRA,2035,GRO,3.474153389199678
BRA,2035,OSD,3.186232175290513
BRA,2035,C_B,113.10426473712556
BRA,2035,OTH_A,2.625499354885596
BRA,2035,CEREAL,3.6081635228986846
BRA,2036,CROP_FLW,9.356023787027322
BRA,2036,PDR,5.670548212311224
BRA,2036,WHT,2.1920085181818605
BRA,2036,GRO,3.478677154819597
BRA,2036,OSD,3.1881490341190104
BRA,2036,C_B,113.60812572917081
BRA,2036,OTH_A,2.6295257593660017
BRA,2036,CEREAL,3.620086880250609
BRA,2037,CROP_FLW,9.34988656094097
BRA,2037,PDR,5.695028232055003
BRA,2037,WHT,2.1942263233299237
BRA,2037,GRO,3.483206810926518
BRA,2037,OSD,3.1900670461427443
BRA,2037,C_B,114.11423133948837
BRA,2037,OTH_A,2.633558338646264
BRA,2037,CEREAL,3.632049638934995
BRA,2038,CROP_FLW,9.3437533606614
BRA,2038,PDR,5.719613933179881
BRA,2038,WHT,2.1964463723833525
BRA,2038,GRO,3.487742365190564
BRA,2038,OSD,3.1919862120554856
BRA,2038,C_B,114.62259156748536
BRA,2038,OTH_A,2.637597102195912
BRA,2038,CEREAL,3.6440519291555216
BRA,2039,CROP_FLW,9.337624183547828
BRA,2039,PDR,5.74430577191728
BRA,2039,WHT,2.1986686676124596
BRA,2039,GRO,3.4922838252918456
BRA,2039,OSD,3.1939065325514204
BRA,2039,C_B,115.1332164571146
BRA,2039,OTH_A,2.641642059498996
BRA,2039,CEREAL,3.6560938815461346
BRA,2040,CROP_FLW,9.331499026961188
BRA,2040,PDR,5.769104206468196
BRA,2040,WHT,2.200893211289853
BRA,2040,GRO,3.4968311989204692
BRA,2040,OSD,3.195828008325156
BRA,2040,C_B,115.6461160970732
BRA,2040,OTH_A,2.6456932200541123
BRA,2040,CEREAL,3.668175627172461
BRA,2041,CROP_FLW,9.324094992347517
BRA,2041,PDR,5.7853080673378665
BRA,2041,WHT,2.2020131793121474
BRA,2041,GRO,3.4993460654218262
BRA,2041,OSD,3.1975262207059094
BRA,2041,C_B,116.0743181002409
BRA,2041,OTH_A,2.6515024666951366
BRA,2041,CEREAL,3.6767751984754673
BRA,2042,CROP_FLW,9.316696832430763
BRA,2042,PDR,5.801557440491194
BRA,2042,WHT,2.203133717252312
BRA,2042,GRO,3.5018627405759775
BRA,2042,OSD,3.199225335489822
BRA,2042,C_B,116.50410560374102
BRA,2042,OTH_A,2.657324468914276
BRA,2042,CEREAL,3.68539493037985
BRA,2043,CROP_FLW,9.309304542549674
BRA,2043,PDR,5.817852453759929
BRA,2043,WHT,2.2042548254003598
BRA,2043,GRO,3.5043812256836784
BRA,2043,OSD,3.200925353156416
BRA,2043,C_B,116.93548447819374
BRA,2043,OTH_A,2.663159254719426
BRA,2043,CEREAL,3.6940348701495744
BRA,2044,CROP_FLW,9.301918118046698
BRA,2044,PDR,5.834193235334875
BRA,2044,WHT,2.2053765040464537
BRA,2044,GRO,3.506901522046619
BRA,2044,OSD,3.2026262741854694
BRA,2044,C_B,117.36846061595625
BRA,2044,OTH_A,2.6690068521799795
BRA,2044,CEREAL,3.702695065159411
BRA,2045,CROP_FLW,9.29453755426798
BRA,2045,PDR,5.850579913766883
BRA,2045,WHT,2.206498753480902
BRA,2045,GRO,3.5094236309674263
BRA,2045,OSD,3.2043280990570144
BRA,2045,C_B,117.80303993120344
BRA,2045,OTH_A,2.6748672894269627
BRA,2045,CEREAL,3.7113755628951957
BRA,2046,CROP_FLW,9.28716284656335
BRA,2046,PDR,5.8670126179678705
BRA,2046,WHT,2.207621573994162
BRA,2046,GRO,3.5119475537496623
BRA,2046,OSD,3.206030828251339
BRA,2046,C_B,118.23922836000847
BRA,2046,OTH_A,2.6807405946531717
BRA,2046,CEREAL,3.7200764109540856
BRA,2047,CROP_FLW,9.279793990286336
BRA,2047,PDR,5.883491477211836
BRA,2047,WHT,2.208744965876839
BRA,2047,GRO,3.5144732916978296
BRA,2047,OSD,3.207734462248985
BRA,2047,C_B,118.67703186042398
BRA,2047,OTH_A,2.686626796113305
BRA,2047,CEREAL,3.728797657044828
BRA,2048,CROP_FLW,9.272430980794153
BRA,2048,PDR,5.900016621135869
BRA,2048,WHT,2.209868929419684
BRA,2048,GRO,3.5170008461173663
BRA,2048,OSD,3.2094390015307517
BRA,2048,C_B,119.1164564125635
BRA,2048,OTH_A,2.6925259221241005
BRA,2048,CEREAL,3.7375393489880127
BRA,2049,CROP_FLW,9.265073813447694
BRA,2049,PDR,5.916588179741179
BRA,2049,WHT,2.2109934649135994
BRA,2049,GRO,3.51953021831465
BRA,2049,OSD,3.2111444465776926
BRA,2049,C_B,119.557508018683
BRA,2049,OTH_A,2.698438001064474
BRA,2049,CEREAL,3.746301534716342
BRA,2050,CROP_FLW,9.257722483611541
BRA,2050,PDR,5.93320628339411
BRA,2050,WHT,2.2121185726496324
BRA,2050,GRO,3.5220614095970024
BRA,2050,OSD,3.212850797871118
BRA,2050,C_B,120.00019270326312
BRA,2050,OTH_A,2.7043630613756497
BRA,2050,CEREAL,3.755084262274886
BRA,2051,CROP_FLW,9.25603884837248
BRA,2051,PDR,5.942476987284333
BRA,2051,WHT,2.212625911534144
BRA,2051,GRO,3.52804989046717
BRA,2051,OSD,3.2144175105167605
BRA,2051,C_B,120.27702372293008
BRA,2051,OTH_A,2.710814253126948
BRA,2051,CEREAL,3.7629048898336785
BRA,2052,CROP_FLW,9.254355519324019
BRA,2052,PDR,5.951762176757309
BRA,2052,WHT,2.213133366774418
BRA,2052,GRO,3.534048553415093
BRA,2052,OSD,3.2159849871532225
BRA,2052,C_B,120.55449337001691
BRA,2052,OTH_A,2.717280834037936
BRA,2052,CEREAL,3.770741805233473
BRA,2053,CROP_FLW,9.252672496410476
BRA,2053,PDR,5.9610618744469335
BRA,2053,WHT,2.21364093839714
BRA,2053,GRO,3.5400574157531266
BRA,2053,OSD,3.2175532281530566
BRA,2053,C_B,120.83260311778692
BRA,2053,OTH_A,2.7237628408190777
BRA,2053,CEREAL,3.7785950423965824
BRA,2054,CROP_FLW,9.250989779576175
BRA,2054,PDR,5.970376103022462
BRA,2054,WHT,2.214148626429003
BRA,2054,GRO,3.5460764948230614
BRA,2054,OSD,3.2191222338889953
BRA,2054,C_B,121.11135444290207
BRA,2054,OTH_A,2.7302603102684073
BRA,2054,CEREAL,3.786464635315965
BRA,2055,CROP_FLW,9.249307368765452
BRA,2055,PDR,5.979704885188571
BRA,2055,WHT,2.2146564308967034
BRA,2055,GRO,3.552105807996176
BRA,2055,OSD,3.220692004733955
BRA,2055,C_B,121.39074882543096
BRA,2055,OTH_A,2.7367732792717407
BRA,2055,CEREAL,3.7943506180553794
BRA,2056,CROP_FLW,9.247625263922654
BRA,2056,PDR,5.989048243685419
BRA,2056,WHT,2.215164351826946
BRA,2056,GRO,3.55814537267328
BRA,2056,OSD,3.222262541061032
BRA,2056,C_B,121.67078774885651
BRA,2056,OTH_A,2.7433017848028847
BRA,2056,CEREAL,3.8022530247495263
BRA,2057,CROP_FLW,9.245943464992134
BRA,2057,PDR,5.99840620128869
BRA,2057,WHT,2.2156723892464405
BRA,2057,GRO,3.564195206284775
BRA,2057,OSD,3.223833843243507
BRA,2057,C_B,121.95147270008394
BRA,2057,OTH_A,2.7498458639238437
BRA,2057,CEREAL,3.8101718896041974
BRA,2058,CROP_FLW,9.24426197191826
BRA,2058,PDR,6.007778780809659
BRA,2058,WHT,2.2161805431819035
BRA,2058,GRO,3.5702553262906953
BRA,2058,OSD,3.2254059116548404
BRA,2058,C_B,122.23280516944868
BRA,2058,OTH_A,2.756405553785035
BRA,2058,CEREAL,3.8181072468964263
BRA,2059,CROP_FLW,9.242580784645408
BRA,2059,PDR,6.01716600509524
BRA,2059,WHT,2.2166888136600575
BRA,2059,GRO,3.5763257501807635
BRA,2059,OSD,3.2269787466686757
BRA,2059,C_B,122.51478665072416
BRA,2059,OTH_A,2.762980891625497
BRA,2059,CEREAL,3.8260591309746323
BRA,2060,CROP_FLW,9.240899903117967
BRA,2060,PDR,6.026567897028059
BRA,2060,WHT,2.217197200707632
BRA,2060,GRO,3.58240649547444
BRA,2060,OSD,3.2285523486588406
BRA,2060,C_B,122.7974186411299
BRA,2060,OTH_A,2.769571914773102
BRA,2060,CEREAL,3.8340275762587694
BRA,2061,CROP_FLW,9.254381785409597
BRA,2061,PDR,6.033670494616399
BRA,2061,WHT,2.2216397799273
BRA,2061,GRO,3.59193085706508
BRA,2061,OSD,3.231386831343357
BRA,2061,C_B,122.96349277447781
BRA,2061,OTH_A,2.775352946980911
BRA,2061,CEREAL,3.8435845998623965
BRA,2062,CROP_FLW,9.267883336905745
BRA,2062,PDR,6.04078146295462
BRA,2062,WHT,2.226091260705258
BRA,2062,GRO,3.6014805405905204
BRA,2062,OSD,3.234223802540129
BRA,2062,C_B,123.12979151041162
BRA,2062,OTH_A,2.7811460461558957
BRA,2062,CEREAL,3.8531654461168374
BRA,2063,CROP_FLW,9.281404586302523
BRA,2063,PDR,6.047900811908049
BRA,2063,WHT,2.2305516608774836
BRA,2063,GRO,3.6110556133729004
BRA,2063,OSD,3.237063264433928
BRA,2063,C_B,123.29631515268917
BRA,2063,OTH_A,2.7869512374858942
BRA,2063,CEREAL,3.8627701744044605
BRA,2064,CROP_FLW,9.294945562337912
BRA,2064,PDR,6.05502855135364
BRA,2064,WHT,2.235020998315691
BRA,2064,GRO,3.6206561429133415
BRA,2064,OSD,3.239905219211441
BRA,2064,C_B,123.46306400547911
BRA,2064,OTH_A,2.792768546211318
BRA,2064,CEREAL,3.8723988442556556
BRA,2065,CROP_FLW,9.308506293791812
BRA,2065,PDR,6.062164691179989
BRA,2065,WHT,2.2394992909274034
BRA,2065,GRO,3.6302821968924315
BRA,2065,OSD,3.242749669061277
BRA,2065,C_B,123.63003837336146
BRA,2065,OTH_A,2.7985979976252655
BRA,2065,CEREAL,3.882051515349201
BRA,2066,CROP_FLW,9.322086809486116
BRA,2066,PDR,6.069309241287345
BRA,2066,WHT,2.243986556656027
BRA,2066,GRO,3.6399338431706925
BRA,2066,OSD,3.245596616173964
BRA,2066,C_B,123.79723856132819
BRA,2066,OTH_A,2.8044396170736294
BRA,2066,CEREAL,3.891728247512638
BRA,2067,CROP_FLW,9.33568713828477
BRA,2067,PDR,6.076462211587624
BRA,2067,WHT,2.2484828134809196
BRA,2067,GRO,3.649611149789068
BRA,2067,OSD,3.248446062741957
BRA,2067,C_B,123.96466487478372
BRA,2067,OTH_A,2.810293429955208
BRA,2067,CEREAL,3.9014291007226394
BRA,2068,CROP_FLW,9.349307309093824
BRA,2068,PDR,6.083623612004427
BRA,2068,WHT,2.252988079417465
BRA,2068,GRO,3.659314184969395
BRA,2068,OSD,3.2512980109596317
BRA,2068,C_B,124.13231761954547
BRA,2068,OTH_A,2.816159461721816
BRA,2068,CEREAL,3.9111541351053773
BRA,2069,CROP_FLW,9.362947350861507
BRA,2069,PDR,6.090793452473046
BRA,2069,WHT,2.2575023725171426
BRA,2069,GRO,3.669043017114891
BRA,2069,OSD,3.254152463023293
BRA,2069,C_B,124.30019710184453
BRA,2069,OTH_A,2.8220377378783943
BRA,2069,CEREAL,3.920903410936904
BRA,2070,CROP_FLW,9.376607292578278
BRA,2070,PDR,6.09797174294049
BRA,2070,WHT,2.2620257108676047
BRA,2070,GRO,3.6787977148106363
BRA,2070,OSD,3.257009421131173
BRA,2070,C_B,124.46830362832604
BRA,2070,OTH_A,2.8279282839831197
BRA,2070,CEREAL,3.930676988643517
BRA,2071,CROP_FLW,9.355701851124646
BRA,2071,PDR,6.136018879247927
BRA,2071,WHT,2.2610206657040846
BRA,2071,GRO,3.700411967059659
BRA,2071,OSD,3.263900613282538
BRA,2071,C_B,124.76536773912693
BRA,2071,OTH_A,2.839409965260844
BRA,2071,CEREAL,3.950609586004173
BRA,2072,CROP_FLW,9.334843019011549
BRA,2072,PDR,6.1743034034348465
BRA,2072,WHT,2.260016067094189
BRA,2072,GRO,3.722153210770703
BRA,2072,OSD,3.270806385842839
BRA,2072,C_B,125.06314084236487
BRA,2072,OTH_A,2.850938263351911
BRA,2072,CEREAL,3.9706432622473447
BRA,2073,CROP_FLW,9.314030692321996
BRA,2073,PDR,6.2128267966378266
BRA,2073,WHT,2.2590119148395096
BRA,2073,GRO,3.7440221920640253
BRA,2073,OSD,3.277726769661356
BRA,2073,C_B,125.36162463016713
BRA,2073,OTH_A,2.862513367525405
BRA,2073,CEREAL,3.9907785299474994
BRA,2074,CROP_FLW,9.293264767370678
BRA,2074,PDR,6.251590549234718
BRA,2074,WHT,2.2580082087417246
BRA,2074,GRO,3.7660196614436035
BRA,2074,OSD,3.2846617956526427
BRA,2074,C_B,125.66082079869946
BRA,2074,OTH_A,2.8741354678188613
BRA,2074,CEREAL,4.0110159042783895
BRA,2075,CROP_FLW,9.272545140703455
BRA,2075,PDR,6.2905961609022985
BRA,2075,WHT,2.2570049486026016
BRA,2075,GRO,3.7881463738228986
BRA,2075,OSD,3.2916114947966593
BRA,2075,C_B,125.96073104817583
BRA,2075,OTH_A,2.8858047550413852
BRA,2075,CEREAL,4.0313559030262285
BRA,2076,CROP_FLW,9.251871709096848
BRA,2076,PDR,6.329845140674299
BRA,2076,WHT,2.2560021342239955
BRA,2076,GRO,3.8104030885507543
BRA,2076,OSD,3.2985758981389153
BRA,2076,C_B,126.2613570828681
BRA,2076,OTH_A,2.897521420776789
BRA,2076,CEREAL,4.051799046602943
BRA,2077,CROP_FLW,9.23124436955751
BRA,2077,PDR,6.369339006999771
BRA,2077,WHT,2.25499976540785
BRA,2077,GRO,3.832790569437463
BRA,2077,OSD,3.3055550367906053
BRA,2077,C_B,126.56270061111556
BRA,2077,OTH_A,2.909285657386736
BRA,2077,CEREAL,4.072345858059484
BRA,2078,CROP_FLW,9.210663019321728
BRA,2078,PDR,6.409079287801851
BRA,2078,WHT,2.2539978419561963
BRA,2078,GRO,3.855309584780975
BRA,2078,OSD,3.3125489419287506
BRA,2078,C_B,126.86476334533478
BRA,2078,OTH_A,2.9210976580138945
BRA,2078,CEREAL,4.092996863099216
BRA,2079,CROP_FLW,9.190127555854897
BRA,2079,PDR,6.449067520536852
BRA,2079,WHT,2.252996363671153
BRA,2079,GRO,3.8779609073932653
BRA,2079,OSD,3.3195576447963355
BRA,2079,C_B,127.16754700202928
BRA,2079,OTH_A,2.9329576165851154
BRA,2079,CEREAL,4.113752590091359
BRA,2080,CROP_FLW,9.169637876851022
BRA,2080,PDR,6.4893052522537555
BRA,2080,WHT,2.2519953303549287
BRA,2080,GRO,3.9007453146268527
BRA,2080,OSD,3.3265811767024505
BRA,2080,C_B,127.4710533017993
BRA,2080,OTH_A,2.9448657278146095
BRA,2080,CEREAL,4.13461357008451
BRA,2081,CROP_FLW,9.163983377135889
BRA,2081,PDR,6.515133309601165
BRA,2081,WHT,2.252134932424931
BRA,2081,GRO,3.9223863942408084
BRA,2081,OSD,3.3325192264067542
BRA,2081,C_B,127.87819677436886
BRA,2081,OTH_A,2.956467537835833
BRA,2081,CEREAL,4.152561927448337
BRA,2082,CROP_FLW,9.158332364294223
BRA,2082,PDR,6.541064165094201
BRA,2082,WHT,2.25227454314892
BRA,2082,GRO,3.9441475371475665
BRA,2082,OSD,3.338467875712396
BRA,2082,C_B,128.28664066615485
BRA,2082,OTH_A,2.968115055202725
BRA,2082,CEREAL,4.170588198630857
BRA,2083,CROP_FLW,9.152684836175832
BRA,2083,PDR,6.567098227879346
BRA,2083,WHT,2.2524141625274323
BRA,2083,GRO,3.966029409450414
BRA,2083,OSD,3.344427143539989
BRA,2083,C_B,128.6963891307058
BRA,2083,OTH_A,2.9798084599873125
BRA,2083,CEREAL,4.1886927218559515
BRA,2084,CROP_FLW,9.14704079063184
BRA,2084,PDR,6.593235908731518
BRA,2084,WHT,2.252553790561004
BRA,2084,GRO,3.988032680948137
BRA,2084,OSD,3.3503970488439228
BRA,2084,C_B,129.1074463348365
BRA,2084,OTH_A,2.9915479329710486
BRA,2084,CEREAL,4.206875836815737
BRA,2085,CROP_FLW,9.141400225514703
BRA,2085,PDR,6.619477620060567
BRA,2085,WHT,2.252693427250173
BRA,2085,GRO,4.01015802515552
BRA,2085,OSD,3.3563776106124195
BRA,2085,C_B,129.51981645867085
BRA,2085,OTH_A,3.0033336556476034
BRA,2085,CEREAL,4.225137884676929
BRA,2086,CROP_FLW,9.1357631386782
BRA,2086,PDR,6.645823775917766
BRA,2086,WHT,2.2528330725954744
BRA,2086,GRO,4.032406119323963
BRA,2086,OSD,3.3623688478675957
BRA,2086,C_B,129.9335036956838
BRA,2086,OTH_A,3.015165810225676
BRA,2086,CEREAL,4.243479208087252
BRA,2087,CROP_FLW,9.130129527977434
BRA,2087,PDR,6.672274792002358
BRA,2087,WHT,2.2529727265974455
BRA,2087,GRO,4.054777644462215
BRA,2087,OSD,3.3683707796655242
BRA,2087,C_B,130.34851225274454
BRA,2087,OTH_A,3.0270445796318066
BRA,2087,CEREAL,4.26190015118186
BRA,2088,CROP_FLW,9.124499391268829
BRA,2088,PDR,6.698831085668101
BRA,2088,WHT,2.2531123892566223
BRA,2088,GRO,4.077273285357213
BRA,2088,OSD,3.374383425096292
BRA,2088,C_B,130.76484635015885
BRA,2088,OTH_A,3.0389701475132074
BRA,2088,CEREAL,4.2804010595898
BRA,2089,CROP_FLW,9.118872726410132
BRA,2089,PDR,6.7254930759298714
BRA,2089,WHT,2.253252060573542
BRA,2089,GRO,4.099893730595051
BRA,2089,OSD,3.3804068032840635
BRA,2089,C_B,131.1825102217123
BRA,2089,OTH_A,3.050942698240599
BRA,2089,CEREAL,4.298982280440496
BRA,2090,CROP_FLW,9.113249531260413
BRA,2090,PDR,6.752261183470255
BRA,2090,WHT,2.2533917405487434
BRA,2090,GRO,4.1226396725820535
BRA,2090,OSD,3.3864409333871377
BRA,2090,C_B,131.6015081147131
BRA,2090,OTH_A,3.062962416911064
BRA,2090,CEREAL,4.317644162370262
BRA,2091,CROP_FLW,9.123064075733625
BRA,2091,PDR,6.773598475045039
BRA,2091,WHT,2.2561811386663577
BRA,2091,GRO,4.14274060007922
BRA,2091,OSD,3.393316992583779
BRA,2091,C_B,132.15055462627058
BRA,2091,OTH_A,3.071791612202733
BRA,2091,CEREAL,4.334845934318734
BRA,2092,CROP_FLW,9.132889190013238
BRA,2092,PDR,6.7950031929233035
BRA,2092,WHT,2.258973989686421
BRA,2092,GRO,4.162939534513286
BRA,2092,OSD,3.400207013397057
BRA,2092,C_B,132.70189178081665
BRA,2092,OTH_A,3.0806462582439993
BRA,2092,CEREAL,4.352116239232647
BRA,2093,CROP_FLW,9.142724885482435
BRA,2093,PDR,6.816475550173632
BRA,2093,WHT,2.2617702978831646
BRA,2093,GRO,4.18323695374079
BRA,2093,OSD,3.4071110241755864
BRA,2093,C_B,133.25552913500124
BRA,2093,OTH_A,3.0895264283983614
BRA,2093,CEREAL,4.369455350151743
BRA,2094,CROP_FLW,9.152571173536671
BRA,2094,PDR,6.838015760537901
BRA,2094,WHT,2.2645700675361127
BRA,2094,GRO,4.20363333794818
BRA,2094,OSD,3.414029053325538
BRA,2094,C_B,133.811476285345
BRA,2094,OTH_A,3.098432196240793
BRA,2094,CEREAL,4.386863541203568
BRA,2095,CROP_FLW,9.162428065583661
BRA,2095,PDR,6.85962403843342
BRA,2095,WHT,2.267373302930085
BRA,2095,GRO,4.224129169663167
BRA,2095,OSD,3.420961129310764
BRA,2095,C_B,134.3697428684056
BRA,2095,OTH_A,3.107363635558352
BRA,2095,CEREAL,4.404341087607815
BRA,2096,CROP_FLW,9.172295573043412
BRA,2096,PDR,6.881300598955066
BRA,2096,WHT,2.2701800083552066
BRA,2096,GRO,4.244724933766142
BRA,2096,OSD,3.4279072806529114
BRA,2096,C_B,134.93033856094482
BRA,2096,OTH_A,3.116320820350793
BRA,2096,CEREAL,4.421888265680664
BRA,2097,CROP_FLW,9.182173707348227
BRA,2097,PDR,6.903045657877412
BRA,2097,WHT,2.2729901881069132
BRA,2097,GRO,4.265421117501648
BRA,2097,OSD,3.434867535931539
BRA,2097,C_B,135.4932730800962
BRA,2097,OTH_A,3.1253038248311813
BRA,2097,CEREAL,4.439505352839164
BRA,2098,CROP_FLW,9.19206247994272
BRA,2098,PDR,6.924859431656891
BRA,2098,WHT,2.2758038464859562
BRA,2098,GRO,4.286218210489911
BRA,2098,OSD,3.441841923784235
BRA,2098,C_B,136.05855618353363
BRA,2098,OTH_A,3.134312723426503
BRA,2098,CEREAL,4.457192627605605
BRA,2099,CROP_FLW,9.201961902283838
BRA,2099,PDR,6.946742137433938
BRA,2099,WHT,2.2786209877984125
BRA,2099,GRO,4.3071167047384105
BRA,2099,OSD,3.4488304729067356
BRA,2099,C_B,136.62619766964028
BRA,2099,OTH_A,3.1433475907782884
BRA,2099,CEREAL,4.474950369611928
BRA,2100,CROP_FLW,9.21187198584086
BRA,2100,PDR,6.968693993035158
BRA,2100,WHT,2.2814416163556888
BRA,2100,GRO,4.328117094653535
BRA,2100,OSD,3.4558332120530433
BRA,2100,C_B,137.19620737767863
BRA,2100,OTH_A,3.1524085017432255
BRA,2100,CEREAL,4.492778859604151
CAN,2005,CROP_FLW,5.652502806727586
CAN,2005,WHT,2.510869550777359
CAN,2005,GRO,3.9115601853063775
CAN,2005,OSD,2.1132803670665252
CAN,2005,C_B,73.31892025073711
CAN,2005,OTH_A,3.206692917294368
CAN,2005,CEREAL,3.1002488759588673
CAN,2006,CROP_FLW,5.64831847779787
CAN,2006,WHT,2.5173318094109747
CAN,2006,GRO,3.9701293569505967
CAN,2006,OSD,2.1121073545132045
CAN,2006,C_B,74.93882932124521
CAN,2006,OTH_A,3.216675064912499
CAN,2006,CEREAL,3.114622699307794
CAN,2007,CROP_FLW,5.64413724636482
CAN,2007,WHT,2.5238107000462944
CAN,2007,GRO,4.02957550547989
CAN,2007,OSD,2.110934993060642
CAN,2007,C_B,76.59452868145945
CAN,2007,OTH_A,3.2266882860614112
CAN,2007,CEREAL,3.1290631646606153
CAN,2008,CROP_FLW,5.639959110135477
CAN,2008,WHT,2.5303062654893242
CAN,2008,GRO,4.089911762178778
CAN,2008,OSD,2.109763282347434
CAN,2008,C_B,78.28680908245379
CAN,2008,OTH_A,3.23673267747022
CAN,2008,CEREAL,3.1435705809926526
CAN,2009,CROP_FLW,5.635784066818583
CAN,2009,WHT,2.5368185486562407
CAN,2009,GRO,4.151151454951139
CAN,2009,OSD,2.108592222012376
CAN,2009,C_B,80.01647874616556
CAN,2009,OTH_A,3.246808336169151
CAN,2009,CEREAL,3.1581452587117425
CAN,2010,CROP_FLW,5.631612114124574
CAN,2010,WHT,2.543347592573674
CAN,2010,GRO,4.213308111264263
CAN,2010,OSD,2.107421811694463
CAN,2010,C_B,81.78436375139694
CAN,2010,OTH_A,3.2569153594904763
CAN,2010,CEREAL,3.1727875096648814
CAN,2011,CROP_FLW,5.475868860570746
CAN,2011,WHT,2.545408495500004
CAN,2011,GRO,4.2150553937292905
CAN,2011,OSD,2.0989491587649556
CAN,2011,C_B,82.7561782031122
CAN,2011,OTH_A,3.2662419752914715
CAN,2011,CEREAL,3.1711813424102093
CAN,2012,CROP_FLW,5.324432714917105
CAN,2012,WHT,2.547471068398965
CAN,2012,GRO,4.2168034008021404
CAN,2012,OSD,2.0905105691858723
CAN,2012,C_B,83.73954037966438
CAN,2012,OTH_A,3.275595299113001
CAN,2012,CEREAL,3.169575988249147
CAN,2013,CROP_FLW,5.177184563314154
CAN,2013,WHT,2.5495353126237545
CAN,2013,GRO,4.2185521327833095
CAN,2013,OSD,2.082105906009335
CAN,2013,C_B,84.73458749855281
CAN,2013,OTH_A,3.284975407437079
CAN,2013,CEREAL,3.167971446770081
CAN,2014,CROP_FLW,5.03400858602749
CAN,2014,WHT,2.551601229528668
CAN,2014,GRO,4.220301589973423
CAN,2014,OSD,2.0737350328380493
CAN,2014,C_B,85.74145840778354
CAN,2014,OTH_A,3.2943823769647356
CAN,2014,CEREAL,3.1663677175616045
CAN,2015,CROP_FLW,4.894792166338453
CAN,2015,WHT,2.5536688204690945
CAN,2015,GRO,4.222051772673229
CAN,2015,OSD,2.0653978138230906
CAN,2015,C_B,86.76029360524394
CAN,2015,OTH_A,3.3038162846166452
CAN,2015,CEREAL,3.1647648002125206
CAN,2016,CROP_FLW,4.759425801964148
CAN,2016,WHT,2.555738086801526
CAN,2016,GRO,4.223802681183601
CAN,2016,OSD,2.057094113661699
CAN,2016,C_B,87.79123525830772
CAN,2016,OTH_A,3.3132772075337558
CAN,2016,CEREAL,3.16316269431184
CAN,2017,CROP_FLW,4.627803018927152
CAN,2017,WHT,2.557809029883549
CAN,2017,GRO,4.225554315805535
CAN,2017,OSD,2.0488237975950856
CAN,2017,C_B,88.83442722367288
CAN,2017,OTH_A,3.322765223077917
CAN,2017,CEREAL,3.1615613994487806
CAN,2018,CROP_FLW,4.499820287807188
CAN,2018,WHT,2.5598816510738542
CAN,2018,GRO,4.227306676840155
CAN,2018,OSD,2.0405867314062425
CAN,2018,C_B,89.89001506743524
CAN,2018,OTH_A,3.3322804088325153
CAN,2018,CEREAL,3.1599609152127703
CAN,2019,CROP_FLW,4.375376942308852
CAN,2019,WHT,2.561955951732231
CAN,2019,GRO,4.229059764588709
CAN,2019,OSD,2.0323827814177666
CAN,2019,C_B,90.9581460854007
CAN,2019,OTH_A,3.341822842603108
CAN,2019,CEREAL,3.1583612411934423
CAN,2020,CROP_FLW,4.254375100081385
CAN,2020,WHT,2.564031933219573
CAN,2020,GRO,4.230813579352571
CAN,2020,OSD,2.024211814489691
CAN,2020,C_B,92.03896932363872
CAN,2020,OTH_A,3.351392602418057
CAN,2020,CEREAL,3.1567623769806405
CAN,2021,CROP_FLW,4.283817482781985
CAN,2021,WHT,2.5660249790536596
CAN,2021,GRO,4.232114949203166
CAN,2021,OSD,2.026496171919517
CAN,2021,C_B,92.37888165130192
CAN,2021,OTH_A,3.3566144316748106
CAN,2021,CEREAL,3.1572823055567
CAN,2022,CROP_FLW,4.313463621352413
CAN,2022,WHT,2.568019574100782
CAN,2022,GRO,4.23341671934639
CAN,2022,OSD,2.028783107285521
CAN,2022,C_B,92.72004932103756
CAN,2022,OTH_A,3.3618443971018137
CAN,2022,CEREAL,3.1578023197666116
CAN,2023,CROP_FLW,4.343314925884197
CAN,2023,WHT,2.570015719565159
CAN,2023,GRO,4.23471888990537
CAN,2023,OSD,2.0310726234969465
CAN,2023,C_B,93.06247696899327
CAN,2023,OTH_A,3.367082511376092
CAN,2023,CEREAL,3.1583224196244806
CAN,2024,CROP_FLW,4.373372816227404
CAN,2024,WHT,2.5720134166519433
CAN,2024,GRO,4.23602146100327
CAN,2024,OSD,2.033364723466323
CAN,2024,C_B,93.4061692484385
CAN,2024,OTH_A,3.3723287871944256
CAN,2024,CEREAL,3.1588426051444123
CAN,2025,CROP_FLW,4.403638722058157
CAN,2025,WHT,2.5740126665672265
CAN,2025,GRO,4.237324432763294
CAN,2025,OSD,2.035659410109463
CAN,2025,C_B,93.75113082982799
CAN,2025,OTH_A,3.3775832372733743
CAN,2025,CEREAL,3.1593628763405164
CAN,2026,CROP_FLW,4.434114082946655
CAN,2026,WHT,2.5760134705180358
CAN,2026,GRO,4.238627805308684
CAN,2026,OSD,2.037956686345474
CAN,2026,C_B,94.09736640086494
CAN,2026,OTH_A,3.3828458743493135
CAN,2026,CEREAL,3.1598832332269042
CAN,2027,CROP_FLW,4.464800348425629
CAN,2027,WHT,2.5780158297123377
CAN,2027,GRO,4.239931578762717
CAN,2027,OSD,2.040256555096754
CAN,2027,C_B,94.44488066656498
CAN,2027,OTH_A,3.3881167111784634
CAN,2027,CEREAL,3.160403675817688
CAN,2028,CROP_FLW,4.4956989780592975
CAN,2028,WHT,2.580019745359037
CAN,2028,GRO,4.241235753248711
CAN,2028,OSD,2.042559019289002
CAN,2028,C_B,94.79367834932
CAN,2028,OTH_A,3.393395760536919
CAN,2028,CEREAL,3.1609242041269843
CAN,2029,CROP_FLW,4.526811441512788
CAN,2029,WHT,2.58202521866798
CAN,2029,GRO,4.24254032889002
CAN,2029,OSD,2.044864081851216
CAN,2029,C_B,95.14376418896225
CAN,2029,OTH_A,3.3986830352206816
CAN,2029,CEREAL,3.161444818168911
CAN,2030,CROP_FLW,4.558139218622029
CAN,2030,WHT,2.58403225084995
CAN,2030,GRO,4.243845305810034
CAN,2030,OSD,2.0471717457156995
CAN,2030,C_B,95.49514294282892
CAN,2030,OTH_A,3.403978548045691
CAN,2030,CEREAL,3.161965517957589
CAN,2031,CROP_FLW,4.577435765718438
CAN,2031,WHT,2.5873154139807
CAN,2031,GRO,4.2469689183471795
CAN,2031,OSD,2.049674036522727
CAN,2031,C_B,96.34288074404647
CAN,2031,OTH_A,3.405122493526155
CAN,2031,CEREAL,3.1625910963907415
CAN,2032,CROP_FLW,4.596814003327574
CAN,2032,WHT,2.5906027485609897
CAN,2032,GRO,4.250094829967958
CAN,2032,OSD,2.052179385919879
CAN,2032,C_B,97.1981441571168
CAN,2032,OTH_A,3.406266823442433
CAN,2032,CEREAL,3.163216798591333
CAN,2033,CROP_FLW,4.616274277280212
CAN,2033,WHT,2.5938942598908885
CAN,2033,GRO,4.2532230423645725
CAN,2033,OSD,2.0546877976457174
CAN,2033,C_B,98.06099998905697
CAN,2033,OTH_A,3.4074115379237178
CAN,2033,CEREAL,3.1638426245838516
CAN,2034,CROP_FLW,4.635816934871177
CAN,2034,WHT,2.5971899532771983
CAN,2034,GRO,4.2563535572304705
CAN,2034,OSD,2.057199275443377
CAN,2034,C_B,98.93151563994914
CAN,2034,OTH_A,3.4085566370992475
CAN,2034,CEREAL,3.164468574392787
CAN,2035,CROP_FLW,4.655442324865544
CAN,2035,WHT,2.600489834033466
CAN,2035,GRO,4.259486376260346
CAN,2035,OSD,2.0597138230605663
CAN,2035,C_B,99.80975910820531
CAN,2035,OTH_A,3.409702121098303
CAN,2035,CEREAL,3.165094648042637
CAN,2036,CROP_FLW,4.675150797504855
CAN,2036,WHT,2.6037939074799876
CAN,2036,GRO,4.262621501150142
CAN,2036,OSD,2.062231444249574
CAN,2036,C_B,100.69579899587897
CAN,2036,OTH_A,3.410847990050209
CAN,2036,CEREAL,3.1657208455579027
CAN,2037,CROP_FLW,4.69494270451338
CAN,2037,WHT,2.6071021789438205
CAN,2037,GRO,4.265758933597049
CAN,2037,OSD,2.0647521427672775
CAN,2037,C_B,101.58970451402368
CAN,2037,OTH_A,3.4119942440843327
CAN,2037,CEREAL,3.1663471669630905
CAN,2038,CROP_FLW,4.714818399104379
CAN,2038,WHT,2.610414653758789
CAN,2038,GRO,4.268898675299506
CAN,2038,OSD,2.067275922375144
CAN,2038,C_B,102.49154548809938
CAN,2038,OTH_A,3.4131408833300854
CAN,2038,CEREAL,3.1669736122827103
CAN,2039,CROP_FLW,4.734778235986421
CAN,2039,WHT,2.613731337265495
CAN,2039,GRO,4.272040727957203
CAN,2039,OSD,2.0698027868392392
CAN,2039,C_B,103.4013923634267
CAN,2039,OTH_A,3.414287907916922
CAN,2039,CEREAL,3.167600181541279
CAN,2040,CROP_FLW,4.7548225713697105
CAN,2040,WHT,2.617052234811325
CAN,2040,GRO,4.275185093271081
CAN,2040,OSD,2.072332739930234
CAN,2040,C_B,104.31931621068966
CAN,2040,OTH_A,3.415435317974339
CAN,2040,CEREAL,3.1682268747633207
CAN,2041,CROP_FLW,4.7839096424816585
CAN,2041,WHT,2.6223129163958014
CAN,2041,GRO,4.278039610038213
CAN,2041,OSD,2.074401349435445
CAN,2041,C_B,105.00330463528189
CAN,2041,OTH_A,3.4167326050993374
CAN,2041,CEREAL,3.1681730262677825
CAN,2042,CROP_FLW,4.813174650350062
CAN,2042,WHT,2.6275841727675764
CAN,2042,GRO,4.280896032749953
CAN,2042,OSD,2.076472023833616
CAN,2042,C_B,105.6917777534282
CAN,2042,OTH_A,3.418030384973789
CAN,2042,CEREAL,3.168119178687475
CAN,2043,CROP_FLW,4.842618683482224
CAN,2043,WHT,2.632866025183616
CAN,2043,GRO,4.283754362678889
CAN,2043,OSD,2.0785447651859297
CAN,2043,C_B,106.3847649698313
CAN,2043,OTH_A,3.419328657784855
CAN,2043,CEREAL,3.168065332022384
CAN,2044,CROP_FLW,4.8722428370442605
CAN,2044,WHT,2.638158494943615
CAN,2044,GRO,4.286614601098457
CAN,2044,OSD,2.0806195755556267
CAN,2044,C_B,107.0822958819911
CAN,2044,OTH_A,3.4206274237197682
CAN,2044,CEREAL,3.168011486272493
CAN,2045,CROP_FLW,4.902048212901842
CAN,2045,WHT,2.6434616033900844
CAN,2045,GRO,4.28947674928295
CAN,2045,OSD,2.0826964570080078
CAN,2045,C_B,107.78440028146889
CAN,2045,OTH_A,3.421926682965832
CAN,2045,CEREAL,3.167957641437787
CAN,2046,CROP_FLW,4.93203591966117
CAN,2046,WHT,2.6487753719084366
CAN,2046,GRO,4.292340808507502
CAN,2046,OSD,2.0847754116104342
CAN,2046,C_B,108.49110815515975
CAN,2046,OTH_A,3.4232264357104203
CAN,2046,CEREAL,3.1679037975182496
CAN,2047,CROP_FLW,4.962207072710219
CAN,2047,WHT,2.654099821927073
CAN,2047,GRO,4.295206780048107
CAN,2047,OSD,2.0868564414323307
CAN,2047,C_B,109.20244968657316
CAN,2047,OTH_A,3.4245266821409794
CAN,2047,CEREAL,3.1678499545138656
CAN,2048,CROP_FLW,4.992562794260215
CAN,2048,WHT,2.6594349749174677
CAN,2048,GRO,4.2980746651816055
CAN,2048,OSD,2.088939548545189
CAN,2048,C_B,109.91845525712232
CAN,2048,OTH_A,3.425827422445027
CAN,2048,CEREAL,3.16779611242462
CAN,2049,CROP_FLW,5.0231042133873816
CAN,2049,WHT,2.6647808523942578
CAN,2049,GRO,4.300944465185694
CAN,2049,OSD,2.091024735022568
CAN,2049,C_B,110.63915544742157
CAN,2049,OTH_A,3.4271286568101504
CAN,2049,CEREAL,3.167742271250497
CAN,2050,CROP_FLW,5.0538324660749305
CAN,2050,WHT,2.670137475915328
CAN,2050,GRO,4.303816181338924
CAN,2050,OSD,2.0931120029400945
CAN,2050,C_B,111.36458103859256
CAN,2050,OTH_A,3.4284303854240132
CAN,2050,CEREAL,3.167688430991481
CAN,2051,CROP_FLW,5.072076046434296
CAN,2051,WHT,2.6763842666279554
CAN,2051,GRO,4.30728376973079
CAN,2051,OSD,2.0949369415375023
CAN,2051,C_B,112.01209729592199
CAN,2051,OTH_A,3.4292670423323823
CAN,2051,CEREAL,3.1682487168400293
CAN,2052,CROP_FLW,5.090385483393889
CAN,2052,WHT,2.6826456717170184
CAN,2052,GRO,4.310754151961601
CAN,2052,OSD,2.0967634712589778
CAN,2052,C_B,112.66337846036637
CAN,2052,OTH_A,3.430103903414296
CAN,2052,CEREAL,3.1688091017893067
CAN,2053,CROP_FLW,5.1087610146861975
CAN,2053,WHT,2.6889217253728726
CAN,2053,GRO,4.314227330282353
CAN,2053,OSD,2.0985915934917876
CAN,2053,C_B,113.31844642253527
CAN,2053,OTH_A,3.4309409687195784
CAN,2053,CEREAL,3.169369585856842
CAN,2054,CROP_FLW,5.127202878901893
CAN,2054,WHT,2.695212461865863
CAN,2054,GRO,4.3177033069458615
CAN,2054,OSD,2.1004213096244073
CAN,2054,C_B,113.97732320031868
CAN,2054,OTH_A,3.4317782382980693
CAN,2054,CEREAL,3.169930169060165
CAN,2055,CROP_FLW,5.145711315492919
CAN,2055,WHT,2.701517915546509
CAN,2055,GRO,4.321182084206751
CAN,2055,OSD,2.1022526210465227
CAN,2055,C_B,114.64003093962693
CAN,2055,OTH_A,3.4326157121996164
CAN,2055,CEREAL,3.170490851416812
CAN,2056,CROP_FLW,5.16428656477561
CAN,2056,WHT,2.7078381208456945
CAN,2056,GRO,4.3246636643214655
CAN,2056,OSD,2.104085529149033
CAN,2056,C_B,115.30659191513524
CAN,2056,OTH_A,3.433453390474082
CAN,2056,CEREAL,3.1710516329443204
CAN,2057,CROP_FLW,5.182928867933801
CAN,2057,WHT,2.7141731122748523
CAN,2057,GRO,4.328148049548268
CAN,2057,OSD,2.105920035324048
CAN,2057,C_B,115.97702853103222
CAN,2057,OTH_A,3.434291273171341
CAN,2057,CEREAL,3.1716125136602304
CAN,2058,CROP_FLW,5.201638467021969
CAN,2058,WHT,2.7205229244261577
CAN,2058,GRO,4.331635242147237
CAN,2058,OSD,2.1077561409648924
CAN,2058,C_B,116.65136332177309
CAN,2058,OTH_A,3.43512936034128
CAN,2058,CEREAL,3.1721734935820867
CAN,2059,CROP_FLW,5.220415604968369
CAN,2059,WHT,2.726887591972711
CAN,2059,GRO,4.335125244380279
CAN,2059,OSD,2.1095938474661056
CAN,2059,C_B,117.32961895283691
CAN,2059,OTH_A,3.435967652033796
CAN,2059,CEREAL,3.1727345727274368
CAN,2060,CROP_FLW,5.239260525578194
CAN,2060,WHT,2.7332671496687344
CAN,2060,GRO,4.338618058511113
CAN,2060,OSD,2.1114331562234416
CAN,2060,C_B,118.01181822148851
CAN,2060,OTH_A,3.4368061482988024
CAN,2060,CEREAL,3.173295751113833
CAN,2061,CROP_FLW,5.243754212919571
CAN,2061,WHT,2.738326006035763
CAN,2061,GRO,4.342277001532845
CAN,2061,OSD,2.1128519262558343
CAN,2061,C_B,118.48618107631022
CAN,2061,OTH_A,3.4401783955661327
CAN,2061,CEREAL,3.1735008478106126
CAN,2062,CROP_FLW,5.248251754473928
CAN,2062,WHT,2.743394225566485
CAN,2062,GRO,4.345939030298439
CAN,2062,OSD,2.1142716496257257
CAN,2062,C_B,118.9624506903144
CAN,2062,OTH_A,3.4435539517345592
CAN,2062,CEREAL,3.1737059577632176
CAN,2063,CROP_FLW,5.252753153547005
CAN,2063,WHT,2.748471825590675
CAN,2063,GRO,4.349604147410232
CAN,2063,OSD,2.1156923269737082
CAN,2063,C_B,119.44063472795148
CAN,2063,OTH_A,3.4469328200508276
CAN,2063,CEREAL,3.1739110809725055
CAN,2064,CROP_FLW,5.2572584134473725
CAN,2064,WHT,2.7535588234701804
CAN,2064,GRO,4.353272355472761
CAN,2064,OSD,2.117113958940804
CAN,2064,C_B,119.92074088448004
CAN,2064,OTH_A,3.4503150037648664
CAN,2064,CEREAL,3.174116217439332
CAN,2065,CROP_FLW,5.261767537486447
CAN,2065,WHT,2.758655236598984
CAN,2065,GRO,4.356943657092758
CAN,2065,OSD,2.1185365461684658
CAN,2065,C_B,120.40277688609076
CAN,2065,OTH_A,3.453700506129797
CAN,2065,CEREAL,3.1743213671645547
CAN,2066,CROP_FLW,5.266280528978479
CAN,2066,WHT,2.7637610824032612
CAN,2066,GRO,4.3606180548791516
CAN,2066,OSD,2.1199600892985773
CAN,2066,C_B,120.88675049003061
CAN,2066,OTH_A,3.4570893304019314
CAN,2066,CEREAL,3.1745265301490306
CAN,2067,CROP_FLW,5.2707973912405635
CAN,2067,WHT,2.768876378341441
CAN,2067,GRO,4.364295551443073
CAN,2067,OSD,2.1213845889734544
CAN,2067,C_B,121.37266948472775
CAN,2067,OTH_A,3.4604814798407744
CAN,2067,CEREAL,3.1747317063936156
CAN,2068,CROP_FLW,5.275318127592639
CAN,2068,WHT,2.7740011419042654
CAN,2068,GRO,4.367976149397854
CAN,2068,OSD,2.1228100458358434
CAN,2068,C_B,121.86054168991697
CAN,2068,OTH_A,3.463876957709032
CAN,2068,CEREAL,3.1749368958991684
CAN,2069,CROP_FLW,5.279842741357497
CAN,2069,WHT,2.779135390614848
CAN,2069,GRO,4.371659851359031
CAN,2069,OSD,2.1242364605289237
CAN,2069,C_B,122.35037495676536
CAN,2069,OTH_A,3.46727576727261
CAN,2069,CEREAL,3.1751420986665444
CAN,2070,CROP_FLW,5.2843712358607755
CAN,2070,WHT,2.7842791420287387
CAN,2070,GRO,4.375346659944344
CAN,2070,OSD,2.125663833696306
CAN,2070,C_B,122.8421771679987
CAN,2070,OTH_A,3.470677911800618
CAN,2070,CEREAL,3.1753473146966047
CAN,2071,CROP_FLW,5.306191365464451
CAN,2071,WHT,2.7882496325270667
CAN,2071,GRO,4.375252225015854
CAN,2071,OSD,2.126531429698293
CAN,2071,C_B,123.20742143835247
CAN,2071,OTH_A,3.476788886917589
CAN,2071,CEREAL,3.173418862059517
CAN,2072,CROP_FLW,5.328101594350456
CAN,2072,WHT,2.792225785099488
CAN,2072,GRO,4.3751577921255915
CAN,2072,OSD,2.1273993798121626
CAN,2072,C_B,123.57375168243368
CAN,2072,OTH_A,3.482910621896994
CAN,2072,CEREAL,3.1714915806107142
CAN,2073,CROP_FLW,5.350102294555111
CAN,2073,WHT,2.7962076078203397
CAN,2073,GRO,4.375063361273514
CAN,2073,OSD,2.1282676841824473
CAN,2073,C_B,123.94117112914702
CAN,2073,OTH_A,3.4890431356841933
CAN,2073,CEREAL,3.1695654696389086
CAN,2074,CROP_FLW,5.372193839650938
CAN,2074,WHT,2.8001951087754753
CAN,2074,GRO,4.374968932459578
CAN,2074,OSD,2.1291363429537373
CAN,2074,C_B,124.30968301699764
CAN,2074,OTH_A,3.49518644725791
CAN,2074,CEREAL,3.167640528433247
CAN,2075,CROP_FLW,5.39437660475301
CAN,2075,WHT,2.8041882960622777
CAN,2075,GRO,4.374874505683737
CAN,2075,OSD,2.130005356270683
CAN,2075,C_B,124.6792905941196
CAN,2075,OTH_A,3.5013405756302793
CAN,2075,CEREAL,3.165716756283306
CAN,2076,CROP_FLW,5.416650966525318
CAN,2076,WHT,2.808187177789677
CAN,2076,GRO,4.374780080945949
CAN,2076,OSD,2.1308747242779926
CAN,2076,C_B,125.04999711830467
CAN,2076,OTH_A,3.507505539846915
CAN,2076,CEREAL,3.163794152479095
CAN,2077,CROP_FLW,5.439017303187168
CAN,2077,WHT,2.8121917620781676
CAN,2077,GRO,4.374685658246168
CAN,2077,OSD,2.1317444471204348
CAN,2077,C_B,125.42180585703089
CAN,2077,OTH_A,3.5136813589869638
CAN,2077,CEREAL,3.161872716311054
CAN,2078,CROP_FLW,5.461475994519598
CAN,2078,WHT,2.816202057059824
CAN,2078,GRO,4.374591237584354
CAN,2078,OSD,2.132614524942836
CAN,2078,C_B,125.79472008749146
CAN,2078,OTH_A,3.5198680521631673
CAN,2078,CEREAL,3.1599524470700535
CAN,2079,CROP_FLW,5.484027421871837
CAN,2079,WHT,2.8202180708783167
CAN,2079,GRO,4.374496818960458
CAN,2079,OSD,2.133484957890082
CAN,2079,C_B,126.16874309662354
CAN,2079,OTH_A,3.5260656385219167
CAN,2079,CEREAL,3.158033344047395
CAN,2080,CROP_FLW,5.506671968167774
CAN,2080,WHT,2.8242398116889293
CAN,2080,GRO,4.374402402374441
CAN,2080,OSD,2.134355746107121
CAN,2080,C_B,126.54387818113746
CAN,2080,OTH_A,3.5322741372433204
CAN,2080,CEREAL,3.1561154065348127
CAN,2081,CROP_FLW,5.518760580969579
CAN,2081,WHT,2.8274129512031854
CAN,2081,GRO,4.376061600640355
CAN,2081,OSD,2.1352842068102746
CAN,2081,C_B,126.82046356763033
CAN,2081,OTH_A,3.536775857771512
CAN,2081,CEREAL,3.15449323808213
CAN,2082,CROP_FLW,5.530875731498765
CAN,2082,WHT,2.830589655858877
CAN,2082,GRO,4.3777214282354056
CAN,2082,OSD,2.1362130714007734
CAN,2082,C_B,127.0976534833752
CAN,2082,OTH_A,3.54128331553496
CAN,2082,CEREAL,3.1528719033855523
CAN,2083,CROP_FLW,5.543017478012719
CAN,2083,WHT,2.8337699296615746
CAN,2083,GRO,4.3793818853982955
CAN,2083,OSD,2.1371423400543126
CAN,2083,C_B,127.37544924968415
CAN,2083,OTH_A,3.5457965178455053
CAN,2083,CEREAL,3.1512514020165487
CAN,2084,CROP_FLW,5.555185878896716
CAN,2084,WHT,2.8369537766213493
CAN,2084,GRO,4.381042972367817
CAN,2084,OSD,2.1380720129466617
CAN,2084,C_B,127.65385219075726
CAN,2084,OTH_A,3.5503154720243084
CAN,2084,CEREAL,3.1496317335468094
CAN,2085,CROP_FLW,5.567380992664202
CAN,2085,WHT,2.8401412007527767
CAN,2085,GRO,4.382704689382855
CAN,2085,OSD,2.139002090253668
CAN,2085,C_B,127.9328636336889
CAN,2085,OTH_A,3.5548401854018614
CAN,2085,CEREAL,3.148012897548243
CAN,2086,CROP_FLW,5.57960287795708
CAN,2086,WHT,2.843332206074943
CAN,2086,GRO,4.3843670366823835
CAN,2086,OSD,2.1399325721512548
CAN,2086,C_B,128.21248490847404
CAN,2086,OTH_A,3.5593706653179966
CAN,2086,CEREAL,3.1463948935929795
CAN,2087,CROP_FLW,5.5918515935459805
CAN,2087,WHT,2.8465267966114522
CAN,2087,GRO,4.386030014505467
CAN,2087,OSD,2.1408634588154225
CAN,2087,C_B,128.49271734801457
CAN,2087,OTH_A,3.563906919121901
CAN,2087,CEREAL,3.1447777212533685
CAN,2088,CROP_FLW,5.6041271983305565
CAN,2088,WHT,2.8497249763904264
CAN,2088,GRO,4.387693623091263
CAN,2088,OSD,2.141794750422247
CAN,2088,C_B,128.77356228812576
CAN,2088,OTH_A,3.5684489541721307
CAN,2088,CEREAL,3.1431613801019784
CAN,2089,CROP_FLW,5.616429751339759
CAN,2089,WHT,2.8529267494445136
CAN,2089,GRO,4.389357862679017
CAN,2089,OSD,2.142726447147881
CAN,2089,C_B,129.0550210675425
CAN,2089,OTH_A,3.572996777836614
CAN,2089,CEREAL,3.1415458697115994
CAN,2090,CROP_FLW,5.628759311732125
CAN,2090,WHT,2.8561321198108933
CAN,2090,GRO,4.391022733508068
CAN,2090,OSD,2.1436585491685567
CAN,2090,C_B,129.33709502792576
CAN,2090,OTH_A,3.5775503974926743
CAN,2090,CEREAL,3.1399311896552393
CAN,2091,CROP_FLW,5.5859028268965645
CAN,2091,WHT,2.8608477945092057
CAN,2091,GRO,4.4032158559593615
CAN,2091,OSD,2.1441762315447734
CAN,2091,C_B,129.4639204134361
CAN,2091,OTH_A,3.5848070203468727
CAN,2091,CEREAL,3.141140717418168
CAN,2092,CROP_FLW,5.543372644571155
CAN,2092,WHT,2.8655712551175974
CAN,2092,GRO,4.415442836635522
CAN,2092,OSD,2.1446940389385882
CAN,2092,C_B,129.59087016139952
CAN,2092,OTH_A,3.5920783623718435
CAN,2092,CEREAL,3.1423507111013103
CAN,2093,CROP_FLW,5.5011662803400965
CAN,2093,WHT,2.8703025144911534
CAN,2093,GRO,4.427703769555077
CAN,2093,OSD,2.145211971380192
CAN,2093,C_B,129.71794439376336
CAN,2093,OTH_A,3.599364453423623
CAN,2093,CEREAL,3.143561170884142
CAN,2094,CROP_FLW,5.4592812687035375
CAN,2094,WHT,2.8750415855061817
CAN,2094,GRO,4.439998748997624
CAN,2094,OSD,2.145730028899783
CAN,2094,C_B,129.84514323259452
CAN,2094,OTH_A,3.6066653234188046
CAN,2094,CEREAL,3.1447720969462085
CAN,2095,CROP_FLW,5.41771516293355
CAN,2095,WHT,2.879788481060252
CAN,2095,GRO,4.452327869504559
CAN,2095,OSD,2.1462482115275674
CAN,2095,C_B,129.97246680007967
CAN,2095,OTH_A,3.6139810023346652
CAN,2095,CEREAL,3.1459834894671252
CAN,2096,CROP_FLW,5.376465534931211
CAN,2096,WHT,2.884543214072227
CAN,2096,GRO,4.4646912258798075
CAN,2096,OSD,2.1467665192937577
CAN,2096,C_B,130.09991521852527
CAN,2096,OTH_A,3.6213115202092876
CAN,2096,CEREAL,3.147195348626575
CAN,2097,CROP_FLW,5.335529975084757
CAN,2097,WHT,2.8893057974823004
CAN,2097,GRO,4.477088913190544
CAN,2097,OSD,2.1472849522285746
CAN,2097,C_B,130.2274886103576
CAN,2097,OTH_A,3.628656907141681
CAN,2097,CEREAL,3.1484076746043117
CAN,2098,CROP_FLW,5.294906092128828
CAN,2098,WHT,2.8940762442520307
CAN,2098,GRO,4.489521026767929
CAN,2098,OSD,2.1478035103622455
CAN,2098,C_B,130.35518709812314
CAN,2098,OTH_A,3.63601719329191
CAN,2098,CEREAL,3.1496204675801573
CAN,2099,CROP_FLW,5.254591513004782
CAN,2099,WHT,2.898854567364377
CAN,2099,GRO,4.501987662207847
CAN,2099,OSD,2.1483221937250048
CAN,2099,C_B,130.48301080448846
CAN,2099,OTH_A,3.6433924088812115
CAN,2099,CEREAL,3.150833727734003
CAN,2100,CROP_FLW,5.214583882722069
CAN,2100,WHT,2.903640779823733
CAN,2100,GRO,4.514488915371631
CAN,2100,OSD,2.148841002347096
CAN,2100,C_B,130.61095985224043
CAN,2100,OTH_A,3.6507825841921253
CAN,2100,CEREAL,3.1520474552458104
CHN,2005,CROP_FLW,6.231030279394265
CHN,2005,PDR,6.382230724507274
CHN,2005,WHT,4.4386551937502405
CHN,2005,GRO,5.1142621820732765
CHN,2005,OSD,2.197006431960509
CHN,2005,C_B,57.16647960373022
CHN,2005,OTH_A,6.766317183581448
CHN,2005,CEREAL,5.301432166655362
CHN,2006,CROP_FLW,6.237303151728731
CHN,2006,PDR,6.406355180450967
CHN,2006,WHT,4.457561985917776
CHN,2006,GRO,5.137328205957667
CHN,2006,OSD,2.2113831261756083
CHN,2006,C_B,58.63952718774649
CHN,2006,OTH_A,6.8584024163594846
CHN,2006,CEREAL,5.322381123411673
CHN,2007,CROP_FLW,6.243582339058561
CHN,2007,PDR,6.430570825416132
CHN,2007,WHT,4.476549313016379
CHN,2007,GRO,5.160498260773381
CHN,2007,OSD,2.225853898101882
CHN,2007,C_B,60.15053179132767
CHN,2007,OTH_A,6.951740870035348
CHN,2007,CEREAL,5.343412861343973
CHN,2008,CROP_FLW,6.249867847741153
CHN,2008,PDR,6.454878004091895
CHN,2008,WHT,4.495617518090767
CHN,2008,GRO,5.183772815714188
CHN,2008,OSD,2.2404193633617817
CHN,2008,C_B,61.70047147882817
CHN,2008,OTH_A,7.046349600140867
CHN,2008,CEREAL,5.364527707567504
CHN,2009,CROP_FLW,6.2561596841403135
CHN,2009,PDR,6.479277062470289
CHN,2009,WHT,4.514766945646877
CHN,2009,GRO,5.207152342089985
CHN,2009,OSD,2.255080141606248
CHN,2009,C_B,63.2903495170522
CHN,2009,OTH_A,7.142245894322713
CHN,2009,CEREAL,5.38572599049013
CHN,2010,CROP_FLW,6.2624578546262475
CHN,2010,PDR,6.503768347851169
CHN,2010,WHT,4.5339979416580976
CHN,2010,GRO,5.230637313336335
CHN,2010,OSD,2.2698368565410725
CHN,2010,C_B,64.92119502466252
CHN,2010,OTH_A,7.239447275501324
CHN,2010,CEREAL,5.407008039817435
CHN,2011,CROP_FLW,6.337999356169013
CHN,2011,PDR,6.533629584195779
CHN,2011,WHT,4.573809373977076
CHN,2011,GRO,5.271387708432409
CHN,2011,OSD,2.2793816480569085
CHN,2011,C_B,66.63589758729739
CHN,2011,OTH_A,7.266338081022839
CHN,2011,CEREAL,5.445075924601616
CHN,2012,CROP_FLW,6.4144520843559825
CHN,2012,PDR,6.563627924660391
CHN,2012,WHT,4.613970376402542
CHN,2012,GRO,5.312455578168953
CHN,2012,OSD,2.288966575957357
CHN,2012,C_B,68.39588897859893
CHN,2012,OTH_A,7.293328771990587
CHN,2012,CEREAL,5.483411825235094
CHN,2013,CROP_FLW,6.491827030946389
CHN,2013,PDR,6.5937639987413705
CHN,2013,WHT,4.654484018385967
CHN,2013,GRO,5.353843395899837
CHN,2013,OSD,2.29859180901817
CHN,2013,C_B,70.20236536987208
CHN,2013,OTH_A,7.320419719427385
CHN,2013,CEREAL,5.522017628675754
CHN,2014,CROP_FLW,6.570135320288623
CHN,2014,PDR,6.624038438825333
CHN,2014,WHT,4.695353396330583
CHN,2014,GRO,5.395553654248119
CHN,2014,OSD,2.3082575167248107
CHN,2014,C_B,72.05655452577133
CHN,2014,OTH_A,7.347611295734204
CHN,2014,CEREAL,5.5608952351665595
CHN,2015,CROP_FLW,6.649388210919594
CHN,2015,PDR,6.654451880202423
CHN,2015,WHT,4.736581633828049
CHN,2015,GRO,5.437588865256169
CHN,2015,OSD,2.3179638692754403
CHN,2015,C_B,73.95971663874603
CHN,2015,OTH_A,7.374903874695295
CHN,2015,CEREAL,5.600046558329078
CHN,2016,CROP_FLW,6.729597097183406
CHN,2016,PDR,6.685004961079637
CHN,2016,WHT,4.778171881897173
CHN,2016,GRO,5.479951560536958
CHN,2016,OSD,2.3277110375839105
CHN,2016,C_B,75.91314518552541
CHN,2016,OTH_A,7.402297831483323
CHN,2016,CEREAL,5.639473525257671
CHN,2017,CROP_FLW,6.8107735108695335
CHN,2017,PDR,6.7156983225942195
CHN,2017,WHT,4.820127319224748
CHN,2017,GRO,5.522644291426531
CHN,2017,OSD,2.3374991932827767
CHN,2017,C_B,77.91816780622493
CHN,2017,OTH_A,7.429793542664529
CHN,2017,CEREAL,5.679178076614359
CHN,2018,CROP_FLW,6.892929122870771
CHN,2018,PDR,6.746532608827114
CHN,2018,WHT,4.862451152408491
CHN,2018,GRO,5.5656696291376555
CHN,2018,OSD,2.3473285087263185
CHN,2018,C_B,79.97614720667177
CHN,2018,OTH_A,7.457391386203899
CHN,2018,CEREAL,5.71916216672433
CHN,2019,CROP_FLW,6.976075744861188
CHN,2019,PDR,6.777508466816486
CHN,2019,WHT,4.905146616202119
CHN,2019,GRO,5.609030164914683
CHN,2019,OSD,2.357199156993575
CHN,2019,C_B,82.08848208456256
CHN,2019,OTH_A,7.485091741470363
CHN,2019,CEREAL,5.75942776367215
CHN,2020,CROP_FLW,7.06022533099431
CHN,2020,PDR,6.80862654657129
CHN,2020,WHT,4.948216973762574
CHN,2020,GRO,5.652728510189603
CHN,2020,OSD,2.367111311891392
CHN,2020,C_B,84.25660808008273
CHN,2020,OTH_A,7.5128949892420085
CHN,2020,CEREAL,5.799976849398616
CHN,2021,CROP_FLW,7.060034387649538
CHN,2021,PDR,6.809448272259107
CHN,2021,WHT,4.949194744636716
CHN,2021,GRO,5.652075224223847
CHN,2021,OSD,2.3681700841778692
CHN,2021,C_B,84.39050670790294
CHN,2021,OTH_A,7.522062151683791
CHN,2021,CEREAL,5.799897506912117
CHN,2022,CROP_FLW,7.059843449468816
CHN,2022,PDR,6.810270097120099
CHN,2022,WHT,4.950172708719016
CHN,2022,GRO,5.651422013758364
CHN,2022,OSD,2.3692293300368177
CHN,2022,C_B,84.52461812428585
CHN,2022,OTH_A,7.531240499809303
CHN,2022,CEREAL,5.799818165511006
CHN,2023,CROP_FLW,7.059652516452005
CHN,2023,PDR,6.8110920211662345
CHN,2023,WHT,4.951150866047651
CHN,2023,GRO,5.65076887878443
CHN,2023,OSD,2.37028904968006
CHN,2023,C_B,84.65894266739008
CHN,2023,OTH_A,7.540430047267205
CHN,2023,CEREAL,5.79973882519527
CHN,2024,CROP_FLW,7.059461588598966
CHN,2024,PDR,6.811914044409483
CHN,2024,WHT,4.952129216660807
CHN,2024,GRO,5.650115819293322
CHN,2024,OSD,2.371349243319512
CHN,2024,C_B,84.79348067591161
CHN,2024,OTH_A,7.549630807722819
CHN,2024,CEREAL,5.7996594859648924
CHN,2025,CROP_FLW,7.059270665909557
CHN,2025,PDR,6.812736166861819
CHN,2025,WHT,4.953107760596676
CHN,2025,GRO,5.649462835276313
CHN,2025,OSD,2.372409911167185
CHN,2025,C_B,84.92823248908468
CHN,2025,OTH_A,7.558842794858136
CHN,2025,CEREAL,5.799580147819859
CHN,2026,CROP_FLW,7.059079748383642
CHN,2026,PDR,6.8135583885352125
CHN,2026,WHT,4.95408649789346
CHN,2026,GRO,5.648809926724682
CHN,2026,OSD,2.3734710534351846
CHN,2026,C_B,85.06319844668265
CHN,2026,OTH_A,7.568066022371842
CHN,2026,CEREAL,5.799500810760155
CHN,2027,CROP_FLW,7.058888836021079
CHN,2027,PDR,6.814380709441641
CHN,2027,WHT,4.955065428589366
CHN,2027,GRO,5.648157093629708
CHN,2027,OSD,2.3745326703357117
CHN,2027,C_B,85.19837888901878
CHN,2027,OTH_A,7.57730050397934
CHN,2027,CEREAL,5.799421474785766
CHN,2028,CROP_FLW,7.0586979288217275
CHN,2028,PDR,6.815203129593078
CHN,2028,WHT,4.956044552722611
CHN,2028,GRO,5.64750433598267
CHN,2028,OSD,2.3755947620810627
CHN,2028,C_B,85.33377415694724
CHN,2028,OTH_A,7.586546253412767
CHN,2028,CEREAL,5.799342139896677
CHN,2029,CROP_FLW,7.058507026785449
CHN,2029,PDR,6.816025649001506
CHN,2029,WHT,4.957023870331419
CHN,2029,GRO,5.646851653774848
CHN,2029,OSD,2.3766573288836277
CHN,2029,C_B,85.46938459186381
CHN,2029,OTH_A,7.595803284421016
CHN,2029,CEREAL,5.799262806092872
CHN,2030,CROP_FLW,7.058316129912109
CHN,2030,PDR,6.816848267678903
CHN,2030,WHT,4.958003381454015
CHN,2030,GRO,5.646199046997526
CHN,2030,OSD,2.377720370955891
CHN,2030,C_B,85.60521053570689
CHN,2030,OTH_A,7.605071610769758
CHN,2030,CEREAL,5.799183473374335
CHN,2031,CROP_FLW,7.0618217815285345
CHN,2031,PDR,6.824504417673898
CHN,2031,WHT,4.95814943601985
CHN,2031,GRO,5.648076762012567
CHN,2031,OSD,2.375893781915645
CHN,2031,C_B,85.63189218563058
CHN,2031,OTH_A,7.606242540610509
CHN,2031,CEREAL,5.801622322294768
CHN,2032,CROP_FLW,7.065329174295827
CHN,2032,PDR,6.832169166456843
CHN,2032,WHT,4.958295494888212
CHN,2032,GRO,5.6499551014855225
CHN,2032,OSD,2.3740685960797308
CHN,2032,C_B,85.65858215175885
CHN,2032,OTH_A,7.607413650735781
CHN,2032,CEREAL,5.804062196874086
CHN,2033,CROP_FLW,7.068838309078765
CHN,2033,PDR,6.839842523685226
CHN,2033,WHT,4.958441558059225
CHN,2033,GRO,5.651834065624063
CHN,2033,OSD,2.3722448123701905
CHN,2033,C_B,85.68528043668368
CHN,2033,OTH_A,7.608584941173333
CHN,2033,CEREAL,5.80650309754363
CHN,2034,CROP_FLW,7.072349186742553
CHN,2034,PDR,6.847524499027374
CHN,2034,WHT,4.958587625533018
CHN,2034,GRO,5.653713654635928
CHN,2034,OSD,2.370422429709898
CHN,2034,C_B,85.71198704299793
CHN,2034,OTH_A,7.609756411950923
CHN,2034,CEREAL,5.808945024734924
CHN,2035,CROP_FLW,7.075861808152829
CHN,2035,PDR,6.8552151021624805
CHN,2035,WHT,4.958733697309715
CHN,2035,GRO,5.655593868728929
CHN,2035,OSD,2.368601447022552
CHN,2035,C_B,85.7387019732952
CHN,2035,OTH_A,7.610928063096323
CHN,2035,CEREAL,5.811387978879671
CHN,2036,CROP_FLW,7.079376174175659
CHN,2036,PDR,6.8629143427806065
CHN,2036,WHT,4.958879773389446
CHN,2036,GRO,5.657474708110944
CHN,2036,OSD,2.3667818632326796
CHN,2036,C_B,85.76542523016997
CHN,2036,OTH_A,7.612099894637301
CHN,2036,CEREAL,5.813831960409758
CHN,2037,CROP_FLW,7.082892285677537
CHN,2037,PDR,6.870622230582694
CHN,2037,WHT,4.959025853772337
CHN,2037,GRO,5.65935617298992
CHN,2037,OSD,2.3649636772656324
CHN,2037,C_B,85.79215681621746
CHN,2037,OTH_A,7.61327190660163
CHN,2037,CEREAL,5.81627696975725
CHN,2038,CROP_FLW,7.086410143525391
CHN,2038,PDR,6.878338775280587
CHN,2038,WHT,4.959171938458513
CHN,2038,GRO,5.661238263573876
CHN,2038,OSD,2.3631468880475905
CHN,2038,C_B,85.81889673403371
CHN,2038,OTH_A,7.614444099017094
CHN,2038,CEREAL,5.818723007354398
CHN,2039,CROP_FLW,7.089929748586579
CHN,2039,PDR,6.886063986597028
CHN,2039,WHT,4.959318027448102
CHN,2039,GRO,5.663120980070896
CHN,2039,OSD,2.3613314945055555
CHN,2039,C_B,85.84564498621565
CHN,2039,OTH_A,7.615616471911471
CHN,2039,CEREAL,5.821170073633631
CHN,2040,CROP_FLW,7.09345110172888
CHN,2040,PDR,6.893797874265682
CHN,2040,WHT,4.959464120741229
CHN,2040,GRO,5.665004322689133
CHN,2040,OSD,2.3595174955673563
CHN,2040,C_B,85.87240157536083
CHN,2040,OTH_A,7.616789025312556
CHN,2040,CEREAL,5.823618169027568
CHN,2041,CROP_FLW,7.1011314195103035
CHN,2041,PDR,6.905642064064875
CHN,2041,WHT,4.963119823966238
CHN,2041,GRO,5.67480661493672
CHN,2041,OSD,2.356253286582528
CHN,2041,C_B,85.88743038167489
CHN,2041,OTH_A,7.618576446946104
CHN,2041,CEREAL,5.832827823771275
CHN,2042,CROP_FLW,7.108820053029776
CHN,2042,PDR,6.9175066032904
CHN,2042,WHT,4.966778221870701
CHN,2042,GRO,5.684625868324639
CHN,2042,OSD,2.352993593377014
CHN,2042,C_B,85.90246181822887
CHN,2042,OTH_A,7.620364288031482
CHN,2042,CEREAL,5.842052042955514
CHN,2043,CROP_FLW,7.116517011291026
CHN,2043,PDR,6.929391526904478
CHN,2043,WHT,4.970439316440912
CHN,2043,GRO,5.694462112201158
CHN,2043,OSD,2.3497384097035834
CHN,2043,C_B,85.9174958854831
CHN,2043,OTH_A,7.622152548667121
CHN,2043,CEREAL,5.851290849612951
CHN,2044,CROP_FLW,7.12422230330753
CHN,2044,PDR,6.9412968699293955
CHN,2044,WHT,4.974103109664627
CHN,2044,GRO,5.704315375965325
CHN,2044,OSD,2.34648772932365
CHN,2044,C_B,85.93253258389801
CHN,2044,OTH_A,7.623941228951478
CHN,2044,CEREAL,5.860544266812683
CHN,2045,CROP_FLW,7.1319359381025285
CHN,2045,PDR,6.953222667447609
CHN,2045,WHT,4.977769603531068
CHN,2045,GRO,5.714185689067058
CHN,2045,OSD,2.3432415460072575
CHN,2045,C_B,85.94757191393407
CHN,2045,OTH_A,7.625730328983031
CHN,2045,CEREAL,5.869812317660284
CHN,2046,CROP_FLW,7.139657924709024
CHN,2046,PDR,6.965168954601854
CHN,2046,WHT,4.981438800030923
CHN,2046,GRO,5.7240730810072336
CHN,2046,OSD,2.339999853533068
CHN,2046,C_B,85.96261387605182
CHN,2046,OTH_A,7.627519848860282
CHN,2046,CEREAL,5.87909502529787
CHN,2047,CROP_FLW,7.147388272169804
CHN,2047,PDR,6.977135766595241
CHN,2047,WHT,4.985110701156349
CHN,2047,GRO,5.733977581337771
CHN,2047,OSD,2.3367626456883506
CHN,2047,C_B,85.97765847071196
CHN,2047,OTH_A,7.629309788681756
CHN,2047,CEREAL,5.888392412904151
CHN,2048,CROP_FLW,7.1551269895374485
CHN,2048,PDR,6.989123138691365
CHN,2048,WHT,4.98878530890097
CHN,2048,GRO,5.743899219661729
CHN,2048,OSD,2.3335299162689687
CHN,2048,C_B,85.99270569837519
CHN,2048,OTH_A,7.631100148545999
CHN,2048,CEREAL,5.897704503694502
CHN,2049,CROP_FLW,7.162874085874335
CHN,2049,PDR,7.001131106214406
CHN,2049,WHT,4.99246262525988
CHN,2049,GRO,5.753838025633386
CHN,2049,OSD,2.3303016590793697
CHN,2049,C_B,86.00775555950233
CHN,2049,OTH_A,7.632890928551582
CHN,2049,CEREAL,5.907031320921
CHN,2050,CROP_FLW,7.170629570252653
CHN,2050,PDR,7.013159704549235
CHN,2050,WHT,4.996142652229643
CHN,2050,GRO,5.763794028958334
CHN,2050,OSD,2.3270778679325703
CHN,2050,C_B,86.0228080545542
CHN,2050,OTH_A,7.634682128797098
CHN,2050,CEREAL,5.916372887872502
CHN,2051,CROP_FLW,7.175946049410941
CHN,2051,PDR,7.004527219484733
CHN,2051,WHT,5.003342022932549
CHN,2051,GRO,5.771727857022688
CHN,2051,OSD,2.316765776038079
CHN,2051,C_B,86.02431562736045
CHN,2051,OTH_A,7.635029705106405
CHN,2051,CEREAL,5.922044105318792
CHN,2052,CROP_FLW,7.181266470336177
CHN,2052,PDR,6.995905360129829
CHN,2052,WHT,5.0105517678265326
CHN,2052,GRO,5.779672605953997
CHN,2052,OSD,2.3064993806115512
CHN,2052,C_B,86.02582322658732
CHN,2052,OTH_A,7.635377297239459
CHN,2052,CEREAL,5.92772075898554
CHN,2053,CROP_FLW,7.186590835950884
CHN,2053,PDR,6.987294113405357
CHN,2053,WHT,5.0177719018606535
CHN,2053,GRO,5.787628290784773
CHN,2053,OSD,2.2962784791560336
CHN,2053,C_B,86.02733085223528
CHN,2053,OTH_A,7.635724905196984
CHN,2053,CEREAL,5.933402854083704
CHN,2054,CROP_FLW,7.19191914917975
CHN,2054,PDR,6.978693466248252
CHN,2054,WHT,5.025002440005517
CHN,2054,GRO,5.795594926568213
CHN,2054,OSD,2.2861028700719093
CHN,2054,C_B,86.02883850430477
CHN,2054,OTH_A,7.636072528979697
CHN,2054,CEREAL,5.939090395829243
CHN,2055,CROP_FLW,7.197251412949632
CHN,2055,PDR,6.970103405611526
CHN,2055,WHT,5.032243397253299
CHN,2055,GRO,5.803572528378238
CHN,2055,OSD,2.275972352652917
CHN,2055,C_B,86.03034618279628
CHN,2055,OTH_A,7.63642016858832
CHN,2055,CEREAL,5.944783389443112
CHN,2056,CROP_FLW,7.202587630189559
CHN,2056,PDR,6.961523918464249
CHN,2056,WHT,5.039494788617778
CHN,2056,GRO,5.811561111309519
CHN,2056,OSD,2.2658867270821963
CHN,2056,C_B,86.03185388771024
CHN,2056,OTH_A,7.636767824023575
CHN,2056,CEREAL,5.95048184015127
CHN,2057,CROP_FLW,7.207927803830728
CHN,2057,PDR,6.952954991791534
CHN,2057,WHT,5.046756629134368
CHN,2057,GRO,5.819560690477504
CHN,2057,OSD,2.2558457944283443
CHN,2057,C_B,86.03336161904716
CHN,2057,OTH_A,7.63711549528618
CHN,2057,CEREAL,5.9561857531846885
CHN,2058,CROP_FLW,7.2132719368065095
CHN,2058,PDR,6.944396612594514
CHN,2058,WHT,5.05402893386015
CHN,2058,GRO,5.8275712810184475
CHN,2058,OSD,2.245849356641493
CHN,2058,C_B,86.03486937680746
CHN,2058,OTH_A,7.637463182376855
CHN,2058,CEREAL,5.961895133779351
CHN,2059,CROP_FLW,7.2186200320524545
CHN,2059,PDR,6.935848767890319
CHN,2059,WHT,5.061311717873901
CHN,2059,GRO,5.8355928980894385
CHN,2059,OSD,2.235897216549401
CHN,2059,C_B,86.03637716099163
CHN,2059,OTH_A,7.637810885296324
CHN,2059,CEREAL,5.967609987176261
CHN,2060,CROP_FLW,7.2239720925062825
CHN,2060,PDR,6.927311444712064
CHN,2060,WHT,5.06860499627613
CHN,2060,GRO,5.843625556868424
CHN,2060,OSD,2.2259891778535668
CHN,2060,C_B,86.03788497160015
CHN,2060,OTH_A,7.6381586040453024
CHN,2060,CEREAL,5.973330318621448
CHN,2061,CROP_FLW,7.229527836458437
CHN,2061,PDR,6.94925142762747
CHN,2061,WHT,5.079955386264892
CHN,2061,GRO,5.860742021601651
CHN,2061,OSD,2.2294103642186127
CHN,2061,C_B,86.38127387603505
CHN,2061,OTH_A,7.647050374677228
CHN,2061,CEREAL,5.994173063743035
CHN,2062,CROP_FLW,7.235087853169464
CHN,2062,PDR,6.971260898230007
CHN,2062,WHT,5.091331193770503
CHN,2062,GRO,5.877908621882086
CHN,2062,OSD,2.2328368087027277
CHN,2062,C_B,86.72603329230584
CHN,2062,OTH_A,7.655952496440765
CHN,2062,CEREAL,6.0150885354678785
CHN,2063,CROP_FLW,7.240652145925418
CHN,2063,PDR,6.993340076599091
CHN,2063,WHT,5.102732475711728
CHN,2063,GRO,5.89512550456091
CHN,2063,OSD,2.2362685193872656
CHN,2063,C_B,87.07216869031174
CHN,2063,OTH_A,7.66486498138592
CHN,2063,CEREAL,6.036076987560959
CHN,2064,CROP_FLW,7.24622071801488
CHN,2064,PDR,7.01548918351117
CHN,2064,WHT,5.114159289134791
CHN,2064,GRO,5.912392816919444
CHN,2064,OSD,2.2397055043660004
CHN,2064,C_B,87.41968556178303
CHN,2064,OTH_A,7.673787841576736
CHN,2064,CEREAL,6.0571386746727205
CHN,2065,CROP_FLW,7.251793572728957
CHN,2065,PDR,7.03770844044193
CHN,2065,WHT,5.125611691213662
CHN,2065,GRO,5.929710706670413
CHN,2065,OSD,2.2431477717451456
CHN,2065,C_B,87.76858942036827
CHN,2065,OTH_A,7.68272108909129
CHN,2065,CEREAL,6.078273852342159
CHN,2066,CROP_FLW,7.257370713361291
CHN,2066,PDR,7.059998069568505
CHN,2066,WHT,5.137089739250346
CHN,2066,GRO,5.947079321959199
CHN,2066,OSD,2.2465953296433727
CHN,2066,C_B,88.11888580172172
CHN,2066,OTH_A,7.6916647360217265
CHN,2066,CEREAL,6.099482776999921
CHN,2067,CROP_FLW,7.262952143208054
CHN,2067,PDR,7.082358293771701
CHN,2067,WHT,5.148593490675165
CHN,2067,GRO,5.964498811365117
CHN,2067,OSD,2.2500481861918322
CHN,2067,C_B,88.47058026359123
CHN,2067,OTH_A,7.700618794474265
CHN,2067,CEREAL,6.12076570597142
CHN,2068,CROP_FLW,7.268537865567955
CHN,2068,PDR,7.1047893366382295
CHN,2068,WHT,5.160123003047051
CHN,2068,GRO,5.981969323902683
CHN,2068,OSD,2.2535063495341703
CHN,2068,C_B,88.82367838590633
CHN,2068,OTH_A,7.709583276569217
CHN,2068,CEREAL,6.1421228974799496
CHN,2069,CROP_FLW,7.2741278837422385
CHN,2069,PDR,7.127291422462938
CHN,2069,WHT,5.1716783340538255
CHN,2069,GRO,5.999491009022887
CHN,2069,OSD,2.256969827826551
CHN,2069,C_B,89.17818577086685
CHN,2069,OTH_A,7.718558194441003
CHN,2069,CEREAL,6.163554610649829
CHN,2070,CROP_FLW,7.279722201034694
CHN,2070,PDR,7.1498647762510545
CHN,2070,WHT,5.183259541512495
CHN,2070,GRO,6.017064016614483
CHN,2070,OSD,2.260438629237673
CHN,2070,C_B,89.53410804303172
CHN,2070,OTH_A,7.727543560238174
CHN,2070,CEREAL,6.185061105509527
CHN,2071,CROP_FLW,7.275684335502607
CHN,2071,PDR,7.165201886374676
CHN,2071,WHT,5.195698102671209
CHN,2071,GRO,6.0342355691998435
CHN,2071,OSD,2.263070860811704
CHN,2071,C_B,89.84846184390277
CHN,2071,OTH_A,7.734390935151657
CHN,2071,CEREAL,6.204282964650905
CHN,2072,CROP_FLW,7.271648709665608
CHN,2072,PDR,7.180571895994204
CHN,2072,WHT,5.208166513348832
CHN,2072,GRO,6.051456126119773
CHN,2072,OSD,2.2657061575621
CHN,2072,C_B,90.16391933938006
CHN,2072,OTH_A,7.741244377522779
CHN,2072,CEREAL,6.223564561256884
CHN,2073,CROP_FLW,7.267615322281398
CHN,2073,PDR,7.19597487568205
CHN,2073,WHT,5.220664845176944
CHN,2073,GRO,6.068725827223293
CHN,2073,OSD,2.2683445230581913
CHN,2073,C_B,90.48048440452979
CHN,2073,OTH_A,7.7481038927279124
CHN,2073,CEREAL,6.242906080978846
CHN,2074,CROP_FLW,7.263584172108368
CHN,2074,PDR,7.2114108961620085
CHN,2074,WHT,5.233193169959023
CHN,2074,GRO,6.086044812758524
CHN,2074,OSD,2.2709859608734653
CHN,2074,C_B,90.79816092802348
CHN,2074,OTH_A,7.754969486148196
CHN,2074,CEREAL,6.262307710045135
CHN,2075,CROP_FLW,7.259555257905598
CHN,2075,PDR,7.226880028309584
CHN,2075,WHT,5.245751559670857
CHN,2075,GRO,6.10341322337383
CHN,2075,OSD,2.273630474585571
CHN,2075,C_B,91.11695281218574
CHN,2075,OTH_A,7.7618411631695325
CHN,2075,CEREAL,6.281769635262855
CHN,2076,CROP_FLW,7.2555285784328545
CHN,2076,PDR,7.242382343152314
CHN,2076,WHT,5.258340086460958
CHN,2076,GRO,6.12083120011896
CHN,2076,OSD,2.276278067776324
CHN,2076,C_B,91.43686397304226
CHN,2076,OTH_A,7.7687189291826035
CHN,2076,CEREAL,6.301292044019665
CHN,2077,CROP_FLW,7.251504132450594
CHN,2077,PDR,7.257917911870094
CHN,2077,WHT,5.2709588226509805
CHN,2077,GRO,6.138298884446192
CHN,2077,OSD,2.2789287440317096
CHN,2077,C_B,91.75789834036784
CHN,2077,OTH_A,7.7756027895828606
CHN,2077,CEREAL,6.32087512428559
CHN,2078,CROP_FLW,7.247481918719959
CHN,2078,PDR,7.273486805795517
CHN,2078,WHT,5.283607840736127
CHN,2078,GRO,6.1558164182114785
CHN,2078,OSD,2.281582506941889
CHN,2078,C_B,92.08005985773472
CHN,2078,OTH_A,7.78249274977054
CHN,2078,CEREAL,6.340519064614817
CHN,2079,CROP_FLW,7.24346193600278
CHN,2079,PDR,7.289089096414176
CHN,2079,WHT,5.296287213385578
CHN,2079,GRO,6.173383943675603
CHN,2079,OSD,2.2842393601012048
CHN,2079,C_B,92.40335248256103
CHN,2079,OTH_A,7.7893888151506605
CHN,2079,CEREAL,6.36022405414753
CHN,2080,CROP_FLW,7.239444183061577
CHN,2080,PDR,7.304724855365021
CHN,2080,WHT,5.30899701344289
CHN,2080,GRO,6.191001603505337
CHN,2080,OSD,2.2868993071081856
CHN,2080,C_B,92.7277801861592
CHN,2080,OTH_A,7.796290991133037
CHN,2080,CEREAL,6.379990282611706
CHN,2081,CROP_FLW,7.238026386106247
CHN,2081,PDR,7.307848431519037
CHN,2081,WHT,5.320498854724324
CHN,2081,GRO,6.2017092618556235
CHN,2081,OSD,2.288790303253922
CHN,2081,C_B,92.98456712180457
CHN,2081,OTH_A,7.798981728870776
CHN,2081,CEREAL,6.390487375743355
CHN,2082,CROP_FLW,7.236608866817013
CHN,2082,PDR,7.3109733433466335
CHN,2082,WHT,5.332025614526625
CHN,2082,GRO,6.212435439656345
CHN,2082,OSD,2.2906828630305593
CHN,2082,C_B,93.24206516614022
CHN,2082,OTH_A,7.80167339526415
CHN,2082,CEREAL,6.4010017398988355
CHN,2083,CROP_FLW,7.235191625139497
CHN,2083,PDR,7.314099591418955
CHN,2083,WHT,5.343577346835295
CHN,2083,GRO,6.223180168937855
CHN,2083,OSD,2.292576987731036
CHN,2083,C_B,93.5002762884079
CHN,2083,OTH_A,7.80436599063367
CHN,2083,CEREAL,6.4115334034944205
CHN,2084,CROP_FLW,7.23377466101933
CHN,2084,PDR,7.317227176307397
CHN,2084,WHT,5.3551541057527965
CHN,2084,GRO,6.233943481785898
CHN,2084,OSD,2.2944726786493588
CHN,2084,C_B,93.75920246330281
CHN,2084,OTH_A,7.807059515299951
CHN,2084,CEREAL,6.4220823949931365
CHN,2085,CROP_FLW,7.232357974402154
CHN,2085,PDR,7.320356098583595
CHN,2085,WHT,5.366755945498802
CHN,2085,GRO,6.244725410341717
CHN,2085,OSD,2.296369937080606
CHN,2085,C_B,94.01884567098848
CHN,2085,OTH_A,7.809753969583722
CHN,2085,CEREAL,6.432648742904841
CHN,2086,CROP_FLW,7.230941565233621
CHN,2086,PDR,7.323486358819426
CHN,2086,WHT,5.378382920410451
CHN,2086,GRO,6.255525986802145
CHN,2086,OSD,2.2982687643209254
CHN,2086,C_B,94.27920789711209
CHN,2086,OTH_A,7.812449353805825
CHN,2086,CEREAL,6.443232475786298
CHN,2087,CROP_FLW,7.229525433459397
CHN,2087,PDR,7.32661795758702
CHN,2087,WHT,5.3900350849426015
CHN,2087,GRO,6.2663452434197
CHN,2087,OSD,2.3001691616675375
CHN,2087,C_B,94.54029113281956
CHN,2087,OTH_A,7.815145668287206
CHN,2087,CEREAL,6.45383362224126
CHN,2088,CROP_FLW,7.228109579025154
CHN,2088,PDR,7.329750895458746
CHN,2088,WHT,5.40171249366809
CHN,2088,GRO,6.277183212502681
CHN,2088,OSD,2.3020711304187356
CHN,2088,C_B,94.8020973747708
CHN,2088,OTH_A,7.817842913348929
CHN,2088,CEREAL,6.464452210920536
CHN,2089,CROP_FLW,7.226694001876578
CHN,2089,PDR,7.332885173007219
CHN,2089,WHT,5.413415201277981
CHN,2089,GRO,6.288039926415269
CHN,2089,OSD,2.303974671873885
CHN,2089,C_B,95.06462862515498
CHN,2089,OTH_A,7.8205410893121625
CHN,2089,CEREAL,6.475088270522081
CHN,2090,CROP_FLW,7.225278701959361
CHN,2090,PDR,7.336020790805303
CHN,2090,WHT,5.425143262581822
CHN,2090,GRO,6.298915417577618
CHN,2090,OSD,2.305879787333427
CHN,2090,C_B,95.32788689170583
CHN,2090,OTH_A,7.8232401964982
CHN,2090,CEREAL,6.485741829791064
CHN,2091,CROP_FLW,7.224694168724284
CHN,2091,PDR,7.3659106486576
CHN,2091,WHT,5.4346364876194695
CHN,2091,GRO,6.304757467633953
CHN,2091,OSD,2.301766333117944
CHN,2091,C_B,95.55375634189278
CHN,2091,OTH_A,7.821791056918145
CHN,2091,CEREAL,6.500214262761215
CHN,2092,CROP_FLW,7.224109682778607
CHN,2092,PDR,7.3959222896438215
CHN,2092,WHT,5.444146324443617
CHN,2092,GRO,6.310604936011792
CHN,2092,OSD,2.297660216884986
CHN,2092,C_B,95.7801609661006
CHN,2092,OTH_A,7.820342185769772
CHN,2092,CEREAL,6.514718989849998
CHN,2093,CROP_FLW,7.223525244118507
CHN,2093,PDR,7.426056209956747
CHN,2093,WHT,5.453672802122517
CHN,2093,GRO,6.316457827736463
CHN,2093,OSD,2.29356142554434
CHN,2093,C_B,96.0071020323681
CHN,2093,OTH_A,7.818893583003358
CHN,2093,CEREAL,6.529256083119252
CHN,2094,CROP_FLW,7.222940852740156
CHN,2094,PDR,7.456312907810844
CHN,2094,WHT,5.463215949775287
CHN,2094,GRO,6.322316147837951
CHN,2094,OSD,2.2894699460291466
CHN,2094,C_B,96.23458081173858
CHN,2094,OTH_A,7.817445248569188
CHN,2094,CEREAL,6.543825614791612
CHN,2095,CROP_FLW,7.22235650863973
CHN,2095,PDR,7.486692883450506
CHN,2095,WHT,5.4727757965719945
CHN,2095,GRO,6.328179901350909
CHN,2095,OSD,2.2853857652958545
CHN,2095,C_B,96.46259857826699
CHN,2095,OTH_A,7.815997182417559
CHN,2095,CEREAL,6.558427657250875
CHN,2096,CROP_FLW,7.221772211813405
CHN,2096,PDR,7.517196639158316
CHN,2096,WHT,5.482352371733757
CHN,2096,GRO,6.3340490933146585
CHN,2096,OSD,2.281308870324182
CHN,2096,C_B,96.69115660902696
CHN,2096,OTH_A,7.814549384498775
CHN,2096,CEREAL,6.573062283042356
CHN,2097,CROP_FLW,7.221187962257353
CHN,2097,PDR,7.547824679263359
CHN,2097,WHT,5.491945704532822
CHN,2097,GRO,6.339923728773195
CHN,2097,OSD,2.2772392481170742
CHN,2097,C_B,96.92025618411807
CHN,2097,OTH_A,7.81310185476315
CHN,2097,CEREAL,6.587729564873249
CHN,2098,CROP_FLW,7.220603759967754
CHN,2098,PDR,7.578577510149553
CHN,2098,WHT,5.501555824292655
CHN,2098,GRO,6.345803812775193
CHN,2098,OSD,2.2731768857006616
CHN,2098,C_B,97.1498985866729
CHN,2098,OTH_A,7.811654593161006
CHN,2098,CEREAL,6.602429575612988
CHN,2099,CROP_FLW,7.220019604940782
CHN,2099,PDR,7.60945564026403
CHN,2099,WHT,5.511182760388042
CHN,2099,GRO,6.351689350374009
CHN,2099,OSD,2.2691217701242175
CHN,2099,C_B,97.3800851028643
CHN,2099,OTH_A,7.810207599642676
CHN,2099,CEREAL,6.617162388293614
CHN,2100,CROP_FLW,7.219435497172613
CHN,2100,PDR,7.640459580125532
CHN,2100,WHT,5.520826542245161
CHN,2100,GRO,6.357580346627686
CHN,2100,OSD,2.2650738884601194
CHN,2100,C_B,97.6108170219126
CHN,2100,OTH_A,7.808760874158502
CHN,2100,CEREAL,6.631928076110124
IND,2005,CROP_FLW,6.0660434894717685
IND,2005,PDR,3.0724338840875527
IND,2005,WHT,2.7481076056885687
IND,2005,GRO,1.1435752977908042
IND,2005,OSD,0.9755477227162332
IND,2005,C_B,64.94271660730014
IND,2005,OTH_A,1.9137351636414595
IND,2005,CEREAL,2.2524578596941844
IND,2006,CROP_FLW,6.060898997867295
IND,2006,PDR,3.1041453740667677
IND,2006,WHT,2.7504643418887387
IND,2006,GRO,1.1519063683859594
IND,2006,OSD,0.9796186904908634
IND,2006,C_B,64.78953335609833
IND,2006,OTH_A,1.9231944329132478
IND,2006,CEREAL,2.2701505761488106
IND,2007,CROP_FLW,6.055758869204484
IND,2007,PDR,3.1361841676217934
IND,2007,WHT,2.7528230991908136
IND,2007,GRO,1.1602981317377659
IND,2007,OSD,0.983706646443761
IND,2007,C_B,64.63671142499021
IND,2007,OTH_A,1.9327004577533384
IND,2007,CEREAL,2.2879822662202773
IND,2008,CROP_FLW,6.050623099783213
IND,2008,PDR,3.1685536429486953
IND,2008,WHT,2.7551838793280603
IND,2008,GRO,1.1687510299995663
IND,2008,OSD,0.9878116614667186
IND,2008,C_B,64.48424996171413
IND,2008,OTH_A,1.9422534692665983
IND,2008,CEREAL,2.3059540215253658
IND,2009,CROP_FLW,6.045491685906491
IND,2009,PDR,3.2012572131108947
IND,2009,WHT,2.7575466840352325
IND,2009,GRO,1.1772655085458386
IND,2009,OSD,0.9919338067473595
IND,2009,C_B,64.33214811601871
IND,2009,OTH_A,1.9518536997002067
IND,2009,CEREAL,2.3240669422553424
IND,2010,CROP_FLW,6.040364623880469
IND,2010,PDR,3.234298326399033
IND,2010,WHT,2.7599115150485707
IND,2010,GRO,1.1858420159956622
IND,2010,OSD,0.9960731537703748
IND,2010,C_B,64.1804050396581
IND,2010,OTH_A,1.9615013824493026
IND,2010,CEREAL,2.3423221372433067
IND,2011,CROP_FLW,6.038088686669869
IND,2011,PDR,3.231363769597963
IND,2011,WHT,2.757985200380737
IND,2011,GRO,1.1909130339307572
IND,2011,OSD,0.9983743676213828
IND,2011,C_B,63.850957959657265
IND,2011,OTH_A,1.9637999042302374
IND,2011,CEREAL,2.350469504919996
IND,2012,CROP_FLW,6.035813607005212
IND,2012,PDR,3.228431875390986
IND,2012,WHT,2.756060230208254
IND,2012,GRO,1.1960057370672121
IND,2012,OSD,1.000680897934508
IND,2012,C_B,63.52320197802913
IND,2012,OTH_A,1.9661011194593774
IND,2012,CEREAL,2.3586452118242427
IND,2013,CROP_FLW,6.0335393845633885
IND,2013,PDR,3.225502641362266
IND,2013,WHT,2.754136603592714
IND,2013,GRO,1.2011202181374852
IND,2013,OSD,1.0029927569922985
IND,2013,C_B,63.197128414126986
IND,2013,OTH_A,1.9684050312929515
IND,2013,CEREAL,2.366849356529211
IND,2014,CROP_FLW,6.0312660190214045
IND,2014,PDR,3.2225760650981594
IND,2014,WHT,2.7522143195963644
IND,2014,GRO,1.2062565702705865
IND,2014,OSD,1.0053099571056785
IND,2014,C_B,62.87272863186312
IND,2014,OTH_A,1.9707116428908895
IND,2014,CEREAL,2.375082037950936
IND,2015,CROP_FLW,6.028993510056391
IND,2015,PDR,3.2196521441872124
IND,2015,WHT,2.7502933772821088
IND,2015,GRO,1.2114148869937735
IND,2015,OSD,1.007632510614014
IND,2015,C_B,62.54999403948009
IND,2015,OTH_A,1.9730209574168218
IND,2015,CEREAL,2.383343355349516
IND,2016,CROP_FLW,6.026721857345599
IND,2016,PDR,3.2167308762201587
IND,2016,WHT,2.7483737757135014
IND,2016,GRO,1.2165952622342548
IND,2016,OSD,1.0099604298851776
IND,2016,C_B,62.22891608932314
IND,2016,OTH_A,1.9753329780380877
IND,2016,CEREAL,2.391633408330307
IND,2017,CROP_FLW,6.0244510605664034
IND,2017,PDR,3.2138122587899187
IND,2017,WHT,2.746455513954753
IND,2017,GRO,1.2217977903209
IND,2017,OSD,1.0122937273156167
IND,2017,C_B,61.90948627761385
IND,2017,OTH_A,1.9776477079257362
IND,2017,CEREAL,2.3999522968451266
IND,2018,CROP_FLW,6.0221811193963
IND,2018,PDR,3.210896289491597
IND,2018,WHT,2.7445385910707274
IND,2018,GRO,1.2270225659859577
IND,2018,OSD,1.0146324153304174
IND,2018,C_B,61.591696144224876
IND,2018,OTH_A,1.9799651502545335
IND,2018,CEREAL,2.4083001211934567
IND,2019,CROP_FLW,6.019912033512904
IND,2019,PDR,3.207982965922479
IND,2019,WHT,2.742623006126939
IND,2019,GRO,1.232269684366779
IND,2019,OSD,1.0169765063833707
IND,2019,C_B,61.275537272455914
IND,2019,OTH_A,1.9822853082029668
IND,2019,CEREAL,2.416676982023654
IND,2020,CROP_FLW,6.017643802593955
IND,2020,PDR,3.2050722856820317
IND,2020,WHT,2.740708758189557
IND,2020,GRO,1.2375392410075525
IND,2020,OSD,1.0193260129570394
IND,2020,C_B,60.96100128881078
IND,2020,OTH_A,1.9846081849532473
IND,2020,CEREAL,2.4250829803341665
IND,2021,CROP_FLW,6.018621705339437
IND,2021,PDR,3.2116114656987627
IND,2021,WHT,2.7306359535674916
IND,2021,GRO,1.241444722864553
IND,2021,OSD,1.022553864407138
IND,2021,C_B,60.9302099746625
IND,2021,OTH_A,1.9883430481021482
IND,2021,CEREAL,2.4257710627263154
IND,2022,CROP_FLW,6.019599766999905
IND,2022,PDR,3.218163987341354
IND,2022,WHT,2.7206001690748547
IND,2022,GRO,1.245362529816411
IND,2022,OSD,1.0257919373416797
IND,2022,C_B,60.89943421316277
IND,2022,OTH_A,1.9920849399445948
IND,2022,CEREAL,2.42645934035194
IND,2023,CROP_FLW,6.0205779876011825
IND,2023,PDR,3.2247298778301876
IND,2023,WHT,2.7106012686532166
IND,2023,GRO,1.249292700759214
IND,2023,OSD,1.0290402641285556
IND,2023,C_B,60.868673996455925
IND,2023,OTH_A,1.9958338737079893
IND,2023,CEREAL,2.427147813266434
IND,2024,CROP_FLW,6.021556367169099
IND,2024,PDR,3.2313091644411833
IND,2024,WHT,2.7006391167441963
IND,2024,GRO,1.2532352747117992
IND,2024,OSD,1.0322988772381547
IND,2024,C_B,60.83792931669035
IND,2024,OTH_A,1.9995898626446242
IND,2024,CEREAL,2.427836481525209
IND,2025,CROP_FLW,6.022534905729488
IND,2025,PDR,3.2379018745059103
IND,2025,WHT,2.690713578287625
IND,2025,GRO,1.2571902908161412
IND,2025,OSD,1.0355678092436884
IND,2025,C_B,60.80720016601834
IND,2025,OTH_A,2.003352920031734
IND,2025,CEREAL,2.4285253451836906
IND,2026,CROP_FLW,6.023513603308187
IND,2026,PDR,3.244508035411701
IND,2026,WHT,2.680824518719715
IND,2026,GRO,1.2611577883377407
IND,2026,OSD,1.038847092821516
IND,2026,C_B,60.776486536596174
IND,2026,OTH_A,2.0071230591715388
IND,2026,CEREAL,2.429214404297321
IND,2027,CROP_FLW,6.024492459931037
IND,2027,PDR,3.2511276746017646
IND,2027,WHT,2.6709718039712333
IND,2027,GRO,1.2651378066660142
IND,2027,OSD,1.042136760751472
IND,2027,C_B,60.74578842058409
IND,2027,OTH_A,2.0109002933912925
IND,2027,CEREAL,2.4299036589215564
IND,2028,CROP_FLW,6.025471475623883
IND,2028,PDR,3.2577608195753016
IND,2028,WHT,2.661155300465688
IND,2028,GRO,1.2691303853146854
IND,2028,OSD,1.0454368459171928
IND,2028,C_B,60.71510581014629
IND,2028,OTH_A,2.0146846360433304
IND,2028,CEREAL,2.4305931091118724
IND,2029,CROP_FLW,6.026450650412577
IND,2029,PDR,3.26440749788762
IND,2029,WHT,2.651374875117512
IND,2029,GRO,1.2731355639221769
IND,2029,OSD,1.0487473813064456
IND,2029,C_B,60.68443869745094
IND,2029,OTH_A,2.0184761005051137
IND,2029,CEREAL,2.431282754923756
IND,2030,CROP_FLW,6.027429984322972
IND,2030,PDR,3.2710677371502466
IND,2030,WHT,2.6416303953302633
IND,2030,GRO,1.2771533822520043
IND,2030,OSD,1.05206840001146
IND,2030,C_B,60.653787074670156
IND,2030,OTH_A,2.02227470017928
IND,2030,CEREAL,2.431972596412711
IND,2031,CROP_FLW,6.026144532528344
IND,2031,PDR,3.272437804738653
IND,2031,WHT,2.6297737746389602
IND,2031,GRO,1.2774068021544798
IND,2031,OSD,1.0530474727164119
IND,2031,C_B,60.65061462792771
IND,2031,OTH_A,2.0230907739926915
IND,2031,CEREAL,2.430702089212174
IND,2032,CROP_FLW,6.024859354878139
IND,2032,PDR,3.2738084461718553
IND,2032,WHT,2.6179703708755304
IND,2032,GRO,1.2776602723419468
IND,2032,OSD,1.0540274565630365
IND,2032,C_B,60.647442347117504
IND,2032,OTH_A,2.02390717712658
IND,2032,CEREAL,2.429432245747959
IND,2033,CROP_FLW,6.02357445131389
IND,2033,PDR,3.2751796616902045
IND,2033,WHT,2.60621994518259
IND,2033,GRO,1.2779137928243833
IND,2033,OSD,1.0550083523992575
IND,2033,C_B,60.644270232230845
IND,2033,OTH_A,2.024723909713841
IND,2033,CEREAL,2.428163065673319
IND,2034,CROP_FLW,6.022289821777147
IND,2034,PDR,3.2765514515341527
IND,2034,WHT,2.5945222597748336
IND,2034,GRO,1.278167363611769
IND,2034,OSD,1.0559901610737878
IND,2034,C_B,60.64109828325906
IND,2034,OTH_A,2.0255409718874215
IND,2034,CEREAL,2.4268945486416853
IND,2035,CROP_FLW,6.0210054662094645
IND,2035,PDR,3.277923815944254
IND,2035,WHT,2.582877077934228
IND,2035,GRO,1.2784209847140855
IND,2035,OSD,1.0569728834361303
IND,2035,C_B,60.63792650019348
IND,2035,OTH_A,2.026358363780325
IND,2035,CEREAL,2.425626694306673
IND,2036,CROP_FLW,6.019721384552417
IND,2036,PDR,3.2792967551611603
IND,2036,WHT,2.571284164005215
IND,2036,GRO,1.2786746561413167
IND,2036,OSD,1.0579565203365786
IND,2036,C_B,60.634754883025415
IND,2036,OTH_A,2.027176085525606
IND,2036,CEREAL,2.424359502322077
IND,2037,CROP_FLW,6.018437576747588
IND,2037,PDR,3.280670269425627
IND,2037,WHT,2.5597432833899485
IND,2037,GRO,1.2789283779034484
IND,2037,OSD,1.058941072626217
IND,2037,C_B,60.63158343174619
IND,2037,OTH_A,2.0279941372563752
IND,2037,CEREAL,2.4230929723418737
IND,2038,CROP_FLW,6.017154042736573
IND,2038,PDR,3.282044358978509
IND,2038,WHT,2.5482542025435455
IND,2038,GRO,1.2791821500104683
IND,2038,OSD,1.0599265411569223
IND,2038,C_B,60.62841214634714
IND,2038,OTH_A,2.028812519105795
IND,2038,CEREAL,2.421827104020219
IND,2039,CROP_FLW,6.015870782460982
IND,2039,PDR,3.283419024060764
IND,2039,WHT,2.536816688969357
IND,2039,GRO,1.2794359724723658
IND,2039,OSD,1.0609129267813644
IND,2039,C_B,60.62524102681957
IND,2039,OTH_A,2.029631231207082
IND,2039,CEREAL,2.4205618970114515
IND,2040,CROP_FLW,6.014587795862436
IND,2040,PDR,3.2847942649134447
IND,2040,WHT,2.525430511214266
IND,2040,GRO,1.2796898452991339
IND,2040,OSD,1.0619002303530054
IND,2040,C_B,60.62207007315481
IND,2040,OTH_A,2.030450273693506
IND,2040,CEREAL,2.419297350970089
IND,2041,CROP_FLW,6.0148505156832295
IND,2041,PDR,3.2851379962520566
IND,2041,WHT,2.52150229936951
IND,2041,GRO,1.2791790409287285
IND,2041,OSD,1.0623049550649017
IND,2041,C_B,60.77780314463963
IND,2041,OTH_A,2.0313578387768505
IND,2041,CEREAL,2.4192862158691777
IND,2042,CROP_FLW,6.015113246979738
IND,2042,PDR,3.2854817635598113
IND,2042,WHT,2.517580197710019
IND,2042,GRO,1.2786684404523414
IND,2042,OSD,1.0627098340305476
IND,2042,C_B,60.93393628147234
IND,2042,OTH_A,2.0322658095211414
IND,2042,CEREAL,2.419275080819517
IND,2043,CROP_FLW,6.015375989752467
IND,2043,PDR,3.285825566840472
IND,2043,WHT,2.5136641967316304
IND,2043,GRO,1.278158043788586
IND,2043,OSD,1.0631148673087345
IND,2043,C_B,61.090470511387664
IND,2043,OTH_A,2.0331741861077006
IND,2043,CEREAL,2.419263945821107
IND,2044,CROP_FLW,6.0156387440019135
IND,2044,PDR,3.2861694060978035
IND,2044,WHT,2.5097542869449647
IND,2044,GRO,1.2776478508561075
IND,2044,OSD,1.063520054958276
IND,2044,C_B,61.24740686476047
IND,2044,OTH_A,2.03408296871793
IND,2044,CEREAL,2.419252810873947
IND,2045,CROP_FLW,6.01590150972858
IND,2045,PDR,3.28651328133557
IND,2045,WHT,2.5058504588754036
IND,2045,GRO,1.2771378615735842
IND,2045,OSD,1.0639253970380076
IND,2045,C_B,61.404746374612564
IND,2045,OTH_A,2.034992157533313
IND,2045,CEREAL,2.4192416759780366
IND,2046,CROP_FLW,6.016164286932969
IND,2046,PDR,3.286857192557538
IND,2046,WHT,2.5019527030630653
IND,2046,GRO,1.2766280758597268
IND,2046,OSD,1.064330893606788
IND,2046,C_B,61.56249007661951
IND,2046,OTH_A,2.0359017527354144
IND,2046,CEREAL,2.4192305411333765
IND,2047,CROP_FLW,6.016427075615581
IND,2047,PDR,3.287201139767472
IND,2047,WHT,2.498061010062783
IND,2047,GRO,1.2761184936332781
IND,2047,OSD,1.064736544723498
IND,2047,C_B,61.72063900911748
IND,2047,OTH_A,2.0368117545058793
IND,2047,CEREAL,2.4192194063399657
IND,2048,CROP_FLW,6.016689875776916
IND,2048,PDR,3.2875451229691373
IND,2048,WHT,2.4941753704440814
IND,2048,GRO,1.2756091148130135
IND,2048,OSD,1.0651423504470408
IND,2048,C_B,61.879194213109955
IND,2048,OTH_A,2.0377221630264346
IND,2048,CEREAL,2.4192082715978036
IND,2049,CROP_FLW,6.016952687417478
IND,2049,PDR,3.287889142166302
IND,2049,WHT,2.490295774791154
IND,2049,GRO,1.2750999393177411
IND,2049,OSD,1.065548310836342
IND,2049,C_B,62.03815673227475
IND,2049,OTH_A,2.0386329784788884
IND,2049,CEREAL,2.419197136906891
IND,2050,CROP_FLW,6.017215510537764
IND,2050,PDR,3.288233197362728
IND,2050,WHT,2.486422213702839
IND,2050,GRO,1.274590967066301
IND,2050,OSD,1.0659544259503488
IND,2050,C_B,62.19752761297078
IND,2050,OTH_A,2.0395442010451297
IND,2050,CEREAL,2.419186002267226
IND,2051,CROP_FLW,6.018075234533326
IND,2051,PDR,3.2879643960029066
IND,2051,WHT,2.4836999862133373
IND,2051,GRO,1.2746778048918461
IND,2051,OSD,1.0662703049247924
IND,2051,C_B,62.29703777732834
IND,2051,OTH_A,2.040073433836235
IND,2051,CEREAL,2.419637580011488
IND,2052,CROP_FLW,6.018935081364001
IND,2052,PDR,3.28769561661664
IND,2052,WHT,2.480980739119709
IND,2052,GRO,1.2747646486336486
IND,2052,OSD,1.0665862775050452
IND,2052,C_B,62.396707148541715
IND,2052,OTH_A,2.0406028039557427
IND,2052,CEREAL,2.4200892420495825
IND,2053,CROP_FLW,6.019795051047339
IND,2053,PDR,3.287426859202131
IND,2053,WHT,2.4782644691589053
IND,2053,GRO,1.2748514982921113
IND,2053,OSD,1.0669023437188456
IND,2053,C_B,62.49653598132682
IND,2053,OTH_A,2.041132311439288
IND,2053,CEREAL,2.4205409883972444
IND,2054,CROP_FLW,6.020655143600894
IND,2054,PDR,3.2871581237575844
IND,2054,WHT,2.475551173071451
IND,2054,GRO,1.2749383538676373
IND,2054,OSD,1.0672185035939403
IND,2054,C_B,62.59652453080708
IND,2054,OTH_A,2.0416619563225145
IND,2054,CEREAL,2.4209928190702104
IND,2055,CROP_FLW,6.021515359042221
IND,2055,PDR,3.2868894102812036
IND,2055,WHT,2.4728408476014385
IND,2055,GRO,1.2750252153606296
IND,2055,OSD,1.0675347571580849
IND,2055,C_B,62.696673052514136
IND,2055,OTH_A,2.042191738641076
IND,2055,CEREAL,2.421444734084222
IND,2056,CROP_FLW,6.022375697388877
IND,2056,PDR,3.2866207187711933
IND,2056,WHT,2.4701334894965257
IND,2056,GRO,1.275112082771492
IND,2056,OSD,1.0678511044390424
IND,2056,C_B,62.796981802388416
IND,2056,OTH_A,2.0427216584306347
IND,2056,CEREAL,2.421896733455022
IND,2057,CROP_FLW,6.023236158658424
IND,2057,PDR,3.2863520492257576
IND,2057,WHT,2.467429095507931
IND,2057,GRO,1.275198956100627
IND,2057,OSD,1.0681675454645845
IND,2057,C_B,62.897451036779835
IND,2057,OTH_A,2.0432517157268624
IND,2057,CEREAL,2.422348817198358
IND,2058,CROP_FLW,6.024096742868423
IND,2058,PDR,3.286083401643101
IND,2058,WHT,2.46472766239043
IND,2058,GRO,1.275285835348438
IND,2058,OSD,1.0684840802624904
IND,2058,C_B,62.99808101244846
IND,2058,OTH_A,2.04378191056544
IND,2058,CEREAL,2.422800985329978
IND,2059,CROP_FLW,6.0249574500364425
IND,2059,PDR,3.285814776021428
IND,2059,WHT,2.4620291869023503
IND,2059,GRO,1.2753727205153282
IND,2059,OSD,1.0688007088605487
IND,2059,C_B,63.09887198656513
IND,2059,OTH_A,2.0443122429820577
IND,2059,CEREAL,2.423253237865635
IND,2060,CROP_FLW,6.02581828018005
IND,2060,PDR,3.285546172358945
IND,2060,WHT,2.459333665805569
IND,2060,GRO,1.2754596116017014
IND,2060,OSD,1.0691174312865543
IND,2060,C_B,63.199824216712095
IND,2060,OTH_A,2.0448427130124145
IND,2060,CEREAL,2.423705574821086
IND,2061,CROP_FLW,6.025500613572268
IND,2061,PDR,3.2892009992620386
IND,2061,WHT,2.459344686226188
IND,2061,GRO,1.275876213298939
IND,2061,OSD,1.0694232791085894
IND,2061,C_B,63.335035983732354
IND,2061,OTH_A,2.0456603557168593
IND,2061,CEREAL,2.424681232361456
IND,2062,CROP_FLW,6.025182963711102
IND,2062,PDR,3.292859891778272
IND,2062,WHT,2.459355706696191
IND,2062,GRO,1.2762929510702417
IND,2062,OSD,1.069729214426055
IND,2062,C_B,63.470537027220814
IND,2062,OTH_A,2.0464783253606758
IND,2062,CEREAL,2.425657282650701
IND,2063,CROP_FLW,6.024865330595672
IND,2063,PDR,3.2965228544302163
IND,2063,WHT,2.4593667272155764
IND,2063,GRO,1.276709824960055
IND,2063,OSD,1.0700352372639823
IND,2063,C_B,63.60632796606502
IND,2063,OTH_A,2.0472966220745925
IND,2063,CEREAL,2.42663372584692
IND,2064,CROP_FLW,6.024547714225093
IND,2064,PDR,3.3001898917454717
IND,2064,WHT,2.4593777477843455
IND,2064,GRO,1.2771268350128393
IND,2064,OSD,1.0703413476474077
IND,2064,C_B,63.74240942047653
IND,2064,OTH_A,2.048115245989391
IND,2064,CEREAL,2.4276105621082773
IND,2065,CROP_FLW,6.024230114598484
IND,2065,PDR,3.3038610082566753
IND,2065,WHT,2.459388768402499
IND,2065,GRO,1.277543981273069
IND,2065,OSD,1.070647545601376
IND,2065,C_B,63.878782011993835
IND,2065,OTH_A,2.0489341972359045
IND,2065,CEREAL,2.4285877915930003
IND,2066,CROP_FLW,6.02391253171496
IND,2066,PDR,3.307536208501507
IND,2066,WHT,2.4593997890700363
IND,2066,GRO,1.277961263785234
IND,2066,OSD,1.0709538311509395
IND,2066,C_B,64.01544636348517
IND,2066,OTH_A,2.0497534759450184
IND,2066,CEREAL,2.429565414459381
IND,2067,CROP_FLW,6.023594965573641
IND,2067,PDR,3.311215497022693
IND,2067,WHT,2.459410809786958
IND,2067,GRO,1.2783786825938375
IND,2067,OSD,1.0712602043211563
IND,2067,C_B,64.15240309915134
IND,2067,OTH_A,2.05057308224767
IND,2067,CEREAL,2.4305434308657734
IND,2068,CROP_FLW,6.023277416173642
IND,2068,PDR,3.3148988783680142
IND,2068,WHT,2.459421830553264
IND,2068,GRO,1.2787962377433981
IND,2068,OSD,1.0715666651370934
IND,2068,C_B,64.28965284452863
IND,2068,OTH_A,2.0513930162748504
IND,2068,CEREAL,2.4315218409705968
IND,2069,CROP_FLW,6.0229598835140825
IND,2069,PDR,3.3185863570903105
IND,2069,WHT,2.459432851368955
IND,2069,GRO,1.2792139292784486
IND,2069,OSD,1.0718732136238234
IND,2069,C_B,64.42719622649153
IND,2069,OTH_A,2.052213278157602
IND,2069,CEREAL,2.432500644932333
IND,2070,CROP_FLW,6.022642367594076
IND,2070,PDR,3.3222779377474834
IND,2070,WHT,2.459443872234031
IND,2070,GRO,1.279631757243537
IND,2070,OSD,1.0721798498064274
IND,2070,C_B,64.56503387325576
IND,2070,OTH_A,2.0530338680270193
IND,2070,CEREAL,2.43347984290953
IND,2071,CROP_FLW,6.020982704713708
IND,2071,PDR,3.325849163150195
IND,2071,WHT,2.4626151645436805
IND,2071,GRO,1.279856731665245
IND,2071,OSD,1.0722031441864697
IND,2071,C_B,64.62594471134908
IND,2071,OTH_A,2.0541143053247044
IND,2071,CEREAL,2.435447232143238
IND,2072,CROP_FLW,6.019323499187555
IND,2072,PDR,3.329424227380095
IND,2072,WHT,2.4657905460277267
IND,2072,GRO,1.2800817456401212
IND,2072,OSD,1.0722264390726102
IND,2072,C_B,64.68691301290171
IND,2072,OTH_A,2.0551953112173704
IND,2072,CEREAL,2.437416211947095
IND,2073,CROP_FLW,6.017664750889585
IND,2073,PDR,3.333003134563666
IND,2073,WHT,2.4689700219588935
IND,2073,GRO,1.2803067991751202
IND,2073,OSD,1.0722497344648596
IND,2073,C_B,64.74793883212486
IND,2073,OTH_A,2.05627688600425
IND,2073,CEREAL,2.4393867836070258
IND,2074,CROP_FLW,6.016006459693798
IND,2074,PDR,3.336585888831824
IND,2074,WHT,2.472153597616703
IND,2074,GRO,1.2805318922771967
IND,2074,OSD,1.0722730303632289
IND,2074,C_B,64.80902222328086
IND,2074,OTH_A,2.0573590299847297
IND,2074,CEREAL,2.441358948409994
IND,2075,CROP_FLW,6.0143486254742315
IND,2075,PDR,3.3401724943199262
IND,2075,WHT,2.475341278287485
IND,2075,GRO,1.2807570249533067
IND,2075,OSD,1.0722963267677292
IND,2075,C_B,64.87016324068321
IND,2075,OTH_A,2.058441743458356
IND,2075,CEREAL,2.443332707644003
IND,2076,CROP_FLW,6.0126912481049555
IND,2076,PDR,3.343762955167775
IND,2076,WHT,2.4785330692643863
IND,2076,GRO,1.2809821972104083
IND,2076,OSD,1.0723196236783719
IND,2076,C_B,64.93136193869671
IND,2076,OTH_A,2.059525026724833
IND,2076,CEREAL,2.4453080625980994
IND,2077,CROP_FLW,6.011034327460075
IND,2077,PDR,3.3473572755196224
IND,2077,WHT,2.481728975847377
IND,2077,GRO,1.28120740905546
IND,2077,OSD,1.0723429210951674
IND,2077,C_B,64.9926183717374
IND,2077,OTH_A,2.060608880084022
IND,2077,CEREAL,2.4472850145623712
IND,2078,CROP_FLW,6.009377863413731
IND,2078,PDR,3.3509554595241773
IND,2078,WHT,2.4849290033432636
IND,2078,GRO,1.281432660495422
IND,2078,OSD,1.0723662190181271
IND,2078,C_B,65.05393259427267
IND,2078,OTH_A,2.0616933038359413
IND,2078,CEREAL,2.4492635648279477
IND,2079,CROP_FLW,6.007721855840098
IND,2079,PDR,3.354557511334605
IND,2079,WHT,2.4881331570656937
IND,2079,GRO,1.2816579515372557
IND,2079,OSD,1.072389517447262
IND,2079,C_B,65.11530466082128
IND,2079,OTH_A,2.0627782982807688
IND,2079,CEREAL,2.451243714687005
IND,2080,CROP_FLW,6.006066304613387
IND,2080,PDR,3.3581634351085405
IND,2080,WHT,2.491341442335166
IND,2080,GRO,1.281883282187923
IND,2080,OSD,1.0724128163825815
IND,2080,C_B,65.17673462595347
IND,2080,OTH_A,2.0638638637188382
IND,2080,CEREAL,2.453225465432762
IND,2081,CROP_FLW,6.004137131509976
IND,2081,PDR,3.3594863724555184
IND,2081,WHT,2.4929535322784924
IND,2081,GRO,1.2821929009843922
IND,2081,OSD,1.0724997557669307
IND,2081,C_B,65.21899032355353
IND,2081,OTH_A,2.066019466177326
IND,2081,CEREAL,2.4535794194863003
IND,2082,CROP_FLW,6.00220857806487
IND,2082,PDR,3.3608098309692767
IND,2082,WHT,2.4945666653682705
IND,2082,GRO,1.2825025945644242
IND,2082,OSD,1.0725867021993651
IND,2082,C_B,65.26127341657299
IND,2082,OTH_A,2.06817732005464
IND,2082,CEREAL,2.4539334246087168
IND,2083,CROP_FLW,6.000280644079032
IND,2083,PDR,3.3621338108551266
IND,2083,WHT,2.4961808422794967
IND,2083,GRO,1.2828123629460821
IND,2083,OSD,1.0726736556804555
IND,2083,C_B,65.30358392277294
IND,2083,OTH_A,2.0703374277022757
IND,2083,CEREAL,2.4542874808073796
IND,2084,CROP_FLW,5.998353329353488
IND,2084,PDR,3.3634583123184614
IND,2084,WHT,2.497796063687603
IND,2084,GRO,1.2831222061474328
IND,2084,OSD,1.0727606162107737
IND,2084,C_B,65.3459218599261
IND,2084,OTH_A,2.0724997914741827
IND,2084,CEREAL,2.454641588089658
IND,2085,CROP_FLW,5.996426633689331
IND,2085,PDR,3.364783335564754
IND,2085,WHT,2.49941233026846
IND,2085,GRO,1.283432124186548
IND,2085,OSD,1.0728475837908908
IND,2085,C_B,65.38828724581658
IND,2085,OTH_A,2.07466441372677
IND,2085,CEREAL,2.4549957464629224
IND,2086,CROP_FLW,5.994500556887713
IND,2086,PDR,3.36610888079956
IND,2086,WHT,2.501029642698376
IND,2086,GRO,1.2837421170815038
IND,2086,OSD,1.0729345584213787
IND,2086,C_B,65.43068009824009
IND,2086,OTH_A,2.0768312968189075
IND,2086,CEREAL,2.455349955934544
IND,2087,CROP_FLW,5.992575098749856
IND,2087,PDR,3.3674349482285146
IND,2087,WHT,2.502648001654094
IND,2087,GRO,1.2840521848503799
IND,2087,OSD,1.0730215401028091
IND,2087,C_B,65.47310043500389
IND,2087,OTH_A,2.079000443111929
IND,2087,CEREAL,2.455704216511896
IND,2088,CROP_FLW,5.990650259077041
IND,2088,PDR,3.3687615380573352
IND,2088,WHT,2.5042674078127987
IND,2088,GRO,1.284362327511261
IND,2088,OSD,1.0731085288357534
IND,2088,C_B,65.51554827392674
IND,2088,OTH_A,2.081171854969634
IND,2088,CEREAL,2.4560585282023513
IND,2089,CROP_FLW,5.988726037670616
IND,2089,PDR,3.370088650491818
IND,2089,WHT,2.505887861852109
IND,2089,GRO,1.2846725450822365
IND,2089,OSD,1.073195524620783
IND,2089,C_B,65.55802363283897
IND,2089,OTH_A,2.083345534758292
IND,2089,CEREAL,2.456412891013285
IND,2090,CROP_FLW,5.9868024343319854
IND,2090,PDR,3.3714162857378422
IND,2090,WHT,2.5075093644500868
IND,2090,GRO,1.2849828375814007
IND,2090,OSD,1.0732825274584707
IND,2090,C_B,65.60052652958248
IND,2090,OTH_A,2.0855214848466432
IND,2090,CEREAL,2.4567673049520713
IND,2091,CROP_FLW,5.983249049527551
IND,2091,PDR,3.372971375470974
IND,2091,WHT,2.506848255897051
IND,2091,GRO,1.285594916631002
IND,2091,OSD,1.073485230289488
IND,2091,C_B,65.60340978751125
IND,2091,OTH_A,2.0909688174779504
IND,2091,CEREAL,2.4565042137344144
IND,2092,CROP_FLW,5.979697773786128
IND,2092,PDR,3.374527182500302
IND,2092,WHT,2.506187321646263
IND,2092,GRO,1.286207287233729
IND,2092,OSD,1.0736879714034704
IND,2092,C_B,65.60629317216424
IND,2092,OTH_A,2.096430378412831
IND,2092,CEREAL,2.4562411506907686
IND,2093,CROP_FLW,5.97614860585591
IND,2093,PDR,3.3760837071566843
IND,2093,WHT,2.505526561651768
IND,2093,GRO,1.286819949528458
IND,2093,OSD,1.0738907508076483
IND,2093,C_B,65.60917668354705
IND,2093,OTH_A,2.101906204815277
IND,2093,CEREAL,2.455978115818117
IND,2094,CROP_FLW,5.972601544485835
IND,2094,PDR,3.3776409497711315
IND,2094,WHT,2.5048659758676233
IND,2094,GRO,1.2874329036541314
IND,2094,OSD,1.0740935685092536
IND,2094,C_B,65.61206032166523
IND,2094,OTH_A,2.1073963339463506
IND,2094,CEREAL,2.4557151091134415
IND,2095,CROP_FLW,5.969056588425583
IND,2095,PDR,3.3791989106748064
IND,2095,WHT,2.504205564247897
IND,2095,GRO,1.2880461497497577
IND,2095,OSD,1.0742964245155184
IND,2095,C_B,65.61494408652433
IND,2095,OTH_A,2.11290080316444
IND,2095,CEREAL,2.455452130573727
IND,2096,CROP_FLW,5.965513736425576
IND,2096,PDR,3.380757590199026
IND,2096,WHT,2.503545326746672
IND,2096,GRO,1.288659687954412
IND,2096,OSD,1.0744993188336778
IND,2096,C_B,65.61782797812997
IND,2096,OTH_A,2.1184196499255123
IND,2096,CEREAL,2.455189180195957
IND,2097,CROP_FLW,5.961972987236978
IND,2097,PDR,3.382316988675259
IND,2097,WHT,2.50288526331804
IND,2097,GRO,1.289273518407235
IND,2097,OSD,1.074702251470967
IND,2097,C_B,65.62071199648767
IND,2097,OTH_A,2.1239529117833684
IND,2097,CEREAL,2.4549262579771156
IND,2098,CROP_FLW,5.958434339611694
IND,2098,PDR,3.383877106435126
IND,2098,WHT,2.5022253739161076
IND,2098,GRO,1.2898876412474343
IND,2098,OSD,1.0749052224346236
IND,2098,C_B,65.62359614160302
IND,2098,OTH_A,2.1295006263898983
IND,2098,CEREAL,2.4546633639141873
IND,2099,CROP_FLW,5.9548977923023685
IND,2099,PDR,3.3854379438104023
IND,2099,WHT,2.501565658494992
IND,2099,GRO,1.290502056614283
IND,2099,OSD,1.0751082317318852
IND,2099,C_B,65.62648041348162
IND,2099,OTH_A,2.1350628314953406
IND,2099,CEREAL,2.4544004980041567
IND,2100,CROP_FLW,5.95136334406239
IND,2100,PDR,3.3869995011330163
IND,2100,WHT,2.5009061170088236
IND,2100,GRO,1.2911167646471216
IND,2100,OSD,1.0753112793699922
IND,2100,C_B,65.62936481212898
IND,2100,OTH_A,2.1406395649485326
IND,2100,CEREAL,2.4541376602440095
JPN,2005,PDR,6.247816693648377
JPN,2005,WHT,4.427576626657747
JPN,2005,GRO,2.32602355088755
JPN,2005,OSD,1.8341862947861771
JPN,2005,C_B,47.245079243592954
JPN,2005,OTH_A,60.045210513298976
JPN,2005,CEREAL,5.497351784325544
JPN,2006,PDR,6.258691614809976
JPN,2006,WHT,4.43010686736981
JPN,2006,GRO,2.3269045023782664
JPN,2006,OSD,1.8361152620875978
JPN,2006,C_B,47.28915050383478
JPN,2006,OTH_A,60.21302159111947
JPN,2006,CEREAL,5.50308232334147
JPN,2007,PDR,6.269585464809611
JPN,2007,WHT,4.432638554046245
JPN,2007,GRO,2.3277857875180246
JPN,2007,OSD,1.8380462580351056
JPN,2007,C_B,47.33326287472793
JPN,2007,OTH_A,60.38130165818322
JPN,2007,CEREAL,5.508818835975003
JPN,2008,PDR,6.280498276594732
JPN,2008,WHT,4.4351716875133835
JPN,2008,GRO,2.32866740643319
JPN,2008,OSD,1.839979284762176
JPN,2008,C_B,47.37741639462133
JPN,2008,OTH_A,60.550052025195754
JPN,2008,CEREAL,5.5145613284531505
JPN,2009,PDR,6.291430083170132
JPN,2009,WHT,4.437706268598027
JPN,2009,GRO,2.3295493592501755
JPN,2009,OSD,1.8419143444045287
JPN,2009,C_B,47.42161110189967
JPN,2009,OTH_A,60.71927400652572
JPN,2009,CEREAL,5.520309807009411
JPN,2010,PDR,6.302380917598059
JPN,2010,WHT,4.44024229812745
JPN,2010,GRO,2.3304316460954415
JPN,2010,OSD,1.8438514391001297
JPN,2010,C_B,47.465847034983476
JPN,2010,OTH_A,60.88896892021509
JPN,2010,CEREAL,5.526064277883783
JPN,2011,PDR,6.3087723090796874
JPN,2011,WHT,4.449839222317088
JPN,2011,GRO,2.3338842746322563
JPN,2011,OSD,1.8451316029742446
JPN,2011,C_B,47.530951714375036
JPN,2011,OTH_A,61.04894380388201
JPN,2011,CEREAL,5.534563217400652
JPN,2012,PDR,6.315170182220488
JPN,2012,WHT,4.45945688883287
JPN,2012,GRO,2.337342018377592
JPN,2012,OSD,1.846412655650738
JPN,2012,C_B,47.59614569206302
JPN,2012,OTH_A,61.20933899296481
JPN,2012,CEREAL,5.543075228059888
JPN,2013,PDR,6.321574543593659
JPN,2013,WHT,4.46909534250625
JPN,2013,GRO,2.3408048849098364
JPN,2013,OSD,1.8476945977466945
JPN,2013,C_B,47.66142909052996
JPN,2013,OTH_A,61.37015559174084
JPN,2013,CEREAL,5.551600329964562
JPN,2014,PDR,6.327985399779071
JPN,2014,WHT,4.478754628265585
JPN,2014,GRO,2.3442728818186054
JPN,2014,OSD,1.8489774298796278
JPN,2014,C_B,47.72680203242637
JPN,2014,OTH_A,61.53139470738878
JPN,2014,CEREAL,5.560138543248657
JPN,2015,PDR,6.3344027573632635
JPN,2015,WHT,4.488434791136332
JPN,2015,GRO,2.347746016704758
JPN,2015,OSD,1.8502611526674793
JPN,2015,C_B,47.792264640571034
JPN,2015,OTH_A,61.693057449996154
JPN,2015,CEREAL,5.568689888077128
JPN,2016,PDR,6.340826622939456
JPN,2016,WHT,4.4981358762412675
JPN,2016,GRO,2.3512242971804156
JPN,2016,OSD,1.8515457667286206
JPN,2016,C_B,47.85781703795114
JPN,2016,OTH_A,61.855144932567136
JPN,2016,CEREAL,5.577254384645939
JPN,2017,PDR,6.347257003107559
JPN,2017,WHT,4.507857928800693
JPN,2017,GRO,2.354707730868977
JPN,2017,OSD,1.8528312726818512
JPN,2017,C_B,47.92345934772262
JPN,2017,OTH_A,62.01765827103004
JPN,2017,CEREAL,5.585832053182116
JPN,2018,PDR,6.353693904474166
JPN,2018,WHT,4.517600994132646
JPN,2018,GRO,2.3581963254051344
JPN,2018,OSD,1.8541176711464018
JPN,2018,C_B,47.98919169321027
JPN,2018,OTH_A,62.18059858424511
JPN,2018,CEREAL,5.594422913943793
JPN,2019,PDR,6.360137333652579
JPN,2019,WHT,4.5273651176531144
JPN,2019,GRO,2.3616900884348926
JPN,2019,OSD,1.855404962741932
JPN,2019,C_B,48.0550141979081
JPN,2019,OTH_A,62.343966994012206
JPN,2019,CEREAL,5.603026987220263
JPN,2020,PDR,6.3665872972628055
JPN,2020,WHT,4.537150344876247
JPN,2020,GRO,2.3651890276155814
JPN,2020,OSD,1.8566931480885305
JPN,2020,C_B,48.12092698547946
JPN,2020,OTH_A,62.50776462507847
JPN,2020,CEREAL,5.611644293332023
JPN,2021,PDR,6.380256526328381
JPN,2021,WHT,4.550039560003379
JPN,2021,GRO,2.374244382160672
JPN,2021,OSD,1.862044950453289
JPN,2021,C_B,48.12552817072272
JPN,2021,OTH_A,62.75140537126643
JPN,2021,CEREAL,5.628942094475561
JPN,2022,PDR,6.393955103585464
JPN,2022,WHT,4.562965391035642
JPN,2022,GRO,2.3833344060049098
JPN,2022,OSD,1.8674121790550544
JPN,2022,C_B,48.13012979591814
JPN,2022,OTH_A,62.99599577248619
JPN,2022,CEREAL,5.646293215806331
JPN,2023,PDR,6.407683092045387
JPN,2023,WHT,4.575927941992132
JPN,2023,GRO,2.392459231883053
JPN,2023,OSD,1.8727948783589938
JPN,2023,C_B,48.134731861107774
JPN,2023,OTH_A,63.24153953027246
JPN,2023,CEREAL,5.663697821682933
JPN,2024,PDR,6.421440554854769
JPN,2024,WHT,4.588927317187446
JPN,2024,GRO,2.401618993038049
JPN,2024,OSD,1.8781930929584434
JPN,2024,C_B,48.139334366333706
JPN,2024,OTH_A,63.4880403605877
JPN,2024,CEREAL,5.681156076970599
JPN,2025,PDR,6.43522755529581
JPN,2025,WHT,4.601963621232516
JPN,2025,GRO,2.4108138232229783
JPN,2025,OSD,1.8836068675752757
JPN,2025,C_B,48.143937311638005
JPN,2025,OTH_A,63.73550199387827
JPN,2025,CEREAL,5.6986681470427545
JPN,2026,PDR,6.449044156786575
JPN,2026,WHT,4.615036959035457
JPN,2026,GRO,2.420043856703008
JPN,2026,OSD,1.8890362470602717
JPN,2026,C_B,48.148540697062764
JPN,2026,OTH_A,63.98392817513099
JPN,2026,CEREAL,5.716234197782587
JPN,2027,PDR,6.462890422881288
JPN,2027,WHT,4.62814743580241
JPN,2027,GRO,2.429309228257351
JPN,2027,OSD,1.8944812763934924
JPN,2027,C_B,48.15314452265005
JPN,2027,OTH_A,64.23332266392977
JPN,2027,CEREAL,5.733854395584615
JPN,2028,PDR,6.476766417270629
JPN,2028,WHT,4.641295157038385
JPN,2028,GRO,2.4386100731812377
JPN,2028,OSD,1.89994200068465
JPN,2028,C_B,48.157748788441964
JPN,2028,OTH_A,64.48368923451248
JPN,2028,CEREAL,5.751528907356268
JPN,2029,PDR,6.490672203782025
JPN,2029,WHT,4.654480228548114
JPN,2029,GRO,2.4479465272878884
JPN,2029,OSD,1.905418465173484
JPN,2029,C_B,48.162353494480584
JPN,2029,OTH_A,64.7350316758281
JPN,2029,CEREAL,5.769257900519462
JPN,2030,PDR,6.504607846379943
JPN,2030,WHT,4.667702756436897
JPN,2030,GRO,2.4573187269104984
JPN,2030,OSD,1.910910715230134
JPN,2030,C_B,48.16695864080802
JPN,2030,OTH_A,64.98735379159403
JPN,2030,CEREAL,5.78704154301219
JPN,2031,PDR,6.514785858117437
JPN,2031,WHT,4.668344057555167
JPN,2031,GRO,2.455967831517505
JPN,2031,OSD,1.911038029201188
JPN,2031,C_B,48.34500050671028
JPN,2031,OTH_A,65.0747657732634
JPN,2031,CEREAL,5.79875102141825
JPN,2032,PDR,6.5249797957839615
JPN,2032,WHT,4.668985446782544
JPN,2032,GRO,2.4546176787706906
JPN,2032,OSD,1.9111653516545046
JPN,2032,C_B,48.52370047739865
JPN,2032,OTH_A,65.162295329416
JPN,2032,CEREAL,5.81048419273951
JPN,2033,PDR,6.535189684299432
JPN,2033,WHT,4.669626924131134
JPN,2033,GRO,2.4532682682617897
JPN,2033,OSD,1.9112926825906495
JPN,2033,C_B,48.703060985457775
JPN,2033,OTH_A,65.24994261819674
JPN,2033,CEREAL,5.822241104916127
JPN,2034,PDR,6.545415548622763
JPN,2034,WHT,4.6702684896130435
JPN,2034,GRO,2.4519195995827623
JPN,2034,OSD,1.9114200220101882
JPN,2034,C_B,48.883084472463985
JPN,2034,OTH_A,65.33770779796325
JPN,2034,CEREAL,5.834021805985261
JPN,2035,PDR,6.555657413751917
JPN,2035,WHT,4.670910143240382
JPN,2035,GRO,2.4505716723257915
JPN,2035,OSD,1.911547369913685
JPN,2035,C_B,49.06377338901853
JPN,2035,OTH_A,65.42559102728613
JPN,2035,CEREAL,5.845826344081268
JPN,2036,PDR,6.5659153047239736
JPN,2036,WHT,4.671551885025262
JPN,2036,GRO,2.449224486083286
JPN,2036,OSD,1.9116747263017055
JPN,2036,C_B,49.24513019478093
JPN,2036,OTH_A,65.51359246494928
JPN,2036,CEREAL,5.857654767435899
JPN,2037,PDR,6.576189246615193
JPN,2037,WHT,4.67219371497979
JPN,2037,GRO,2.4478780404478773
JPN,2037,OSD,1.911802091174815
JPN,2037,C_B,49.42715735850245
JPN,2037,OTH_A,65.60171226995018
JPN,2037,CEREAL,5.869507124378501
JPN,2038,PDR,6.586479264541068
JPN,2038,WHT,4.672835633116085
JPN,2038,GRO,2.4465323350124217
JPN,2038,OSD,1.9119294645335785
JPN,2038,C_B,49.609857358059756
JPN,2038,OTH_A,65.68995060150019
JPN,2038,CEREAL,5.881383463336204
JPN,2039,PDR,6.596785383656391
JPN,2039,WHT,4.67347763944626
JPN,2039,GRO,2.4451873693699984
JPN,2039,OSD,1.9120568463785623
JPN,2039,C_B,49.79323268048858
JPN,2039,OTH_A,65.77830761902476
JPN,2039,CEREAL,5.893283832834129
JPN,2040,PDR,6.607107629155326
JPN,2040,WHT,4.674119733982432
JPN,2040,GRO,2.4438431431139107
JPN,2040,OSD,1.9121842367103323
JPN,2040,C_B,49.9772858220176
JPN,2040,OTH_A,65.86678348216385
JPN,2040,CEREAL,5.905208281495583
JPN,2041,PDR,6.60730431819139
JPN,2041,WHT,4.6830939755133905
JPN,2041,GRO,2.4475329267957067
JPN,2041,OSD,1.9134563536175946
JPN,2041,C_B,50.11687184026443
JPN,2041,OTH_A,65.92778929490561
JPN,2041,CEREAL,5.912910876225048
JPN,2042,PDR,6.60750101308275
JPN,2042,WHT,4.692085447456842
JPN,2042,GRO,2.451228281417543
JPN,2042,OSD,1.9147293168248074
JPN,2042,C_B,50.25684772074906
JPN,2042,OTH_A,65.98885161122915
JPN,2042,CEREAL,5.920623518011745
JPN,2043,PDR,6.607697713829582
JPN,2043,WHT,4.701094182894925
JPN,2043,GRO,2.454929215390583
JPN,2043,OSD,1.9160031268949889
JPN,2043,C_B,50.39721455235251
JPN,2043,OTH_A,66.04997048346812
JPN,2043,CEREAL,5.9283462199607815
JPN,2044,PDR,6.60789442043206
JPN,2044,WHT,4.710120214973298
JPN,2044,GRO,2.4586357371386898
JPN,2044,OSD,1.9172777843915298
JPN,2044,C_B,50.53797342699702
JPN,2044,OTH_A,66.11114596400458
JPN,2044,CEREAL,5.936078995194366
JPN,2045,PDR,6.608091132890356
JPN,2045,WHT,4.719163576901257
JPN,2045,GRO,2.4623478550984443
JPN,2045,OSD,1.9185532898781972
JPN,2045,C_B,50.67912543965455
JPN,2045,OTH_A,66.17237810526915
JPN,2045,CEREAL,5.94382185685182
JPN,2046,PDR,6.608287851204647
JPN,2046,WHT,4.728224301951861
JPN,2046,GRO,2.466065577719165
JPN,2046,OSD,1.9198296439191322
JPN,2046,C_B,50.820671688355326
JPN,2046,OTH_A,66.233666959741
JPN,2046,CEREAL,5.951574818089602
JPN,2047,PDR,6.608484575375107
JPN,2047,WHT,4.737302423462049
JPN,2047,GRO,2.469788913462928
JPN,2047,OSD,1.921106847078852
JPN,2047,C_B,50.962613274196336
JPN,2047,OTH_A,66.29501257994788
JPN,2047,CEREAL,5.959337892081333
JPN,2048,PDR,6.60868130540191
JPN,2048,WHT,4.746397974832772
JPN,2048,GRO,2.4735178708045864
JPN,2048,OSD,1.9223848999222486
JPN,2048,C_B,51.104951301349956
JPN,2048,OTH_A,66.35641501846622
JPN,2048,CEREAL,5.967111092017817
JPN,2049,PDR,6.60887804128523
JPN,2049,WHT,4.755510989529104
JPN,2049,GRO,2.4772524582317876
JPN,2049,OSD,1.9236638030145905
JPN,2049,C_B,51.247686877072454
JPN,2049,OTH_A,66.41787432792113
JPN,2049,CEREAL,5.974894431107063
JPN,2050,PDR,6.609074783025236
JPN,2050,WHT,4.764641501080383
JPN,2050,GRO,2.4809926842449967
JPN,2050,OSD,1.9249435569215205
JPN,2050,C_B,51.3908211117127
JPN,2050,OTH_A,66.4793905609865
JPN,2050,CEREAL,5.982687922574308
JPN,2051,PDR,6.616651749254618
JPN,2051,WHT,4.769458914803295
JPN,2051,GRO,2.4867679099156343
JPN,2051,OSD,1.9249568959776888
JPN,2051,C_B,51.42758437359805
JPN,2051,OTH_A,66.52001618628167
JPN,2051,CEREAL,5.994154179943929
JPN,2052,PDR,6.624237402088273
JPN,2052,WHT,4.774281199296645
JPN,2052,GRO,2.4925565790888506
JPN,2052,OSD,1.9249702351262912
JPN,2052,C_B,51.46437393468228
JPN,2052,OTH_A,66.56066663793905
JPN,2052,CEREAL,6.005642413231359
JPN,2053,PDR,6.6318317514849445
JPN,2053,WHT,4.779108359485154
JPN,2053,GRO,2.498358723058272
JPN,2053,OSD,1.924983574367328
JPN,2053,C_B,51.50118981377893
JPN,2053,OTH_A,66.60134193113008
JPN,2053,CEREAL,6.017152664555047
JPN,2054,PDR,6.6394348074148
JPN,2054,WHT,4.783940400298517
JPN,2054,GRO,2.5041743731903714
JPN,2054,OSD,1.9249969137008005
JPN,2054,C_B,51.53803202971503
JPN,2054,OTH_A,66.64204208103544
JPN,2054,CEREAL,6.028684976114163
JPN,2055,PDR,6.6470465798594365
JPN,2055,WHT,4.7887773266714175
JPN,2055,GRO,2.5100035609246363
JPN,2055,OSD,1.9250102531267093
JPN,2055,C_B,51.57490060133107
JPN,2055,OTH_A,66.68276710284509
JPN,2055,CEREAL,6.0402393901887566
JPN,2056,PDR,6.6546670788118885
JPN,2056,WHT,4.793619143543525
JPN,2056,GRO,2.5158463177737387
JPN,2056,OSD,1.925023592645054
JPN,2056,C_B,51.611795547481016
JPN,2056,OTH_A,66.72351701175828
JPN,2056,CEREAL,6.051815949139908
JPN,2057,PDR,6.662296314276653
JPN,2057,WHT,4.798465855859505
JPN,2057,GRO,2.521702675323704
JPN,2057,OSD,1.9250369322558367
JPN,2057,C_B,51.64871688703231
JPN,2057,OTH_A,66.76429182298355
JPN,2057,CEREAL,6.063414695409889
JPN,2058,PDR,6.669934296269694
JPN,2058,WHT,4.803317468569024
JPN,2058,GRO,2.527572665234084
JPN,2058,OSD,1.9250502719590572
JPN,2058,C_B,51.68566463886591
JPN,2058,OTH_A,66.80509155173873
JPN,2058,CEREAL,6.07503567152231
JPN,2059,PDR,6.67758103481846
JPN,2059,WHT,4.80817398662675
JPN,2059,GRO,2.5334563192381276
JPN,2059,OSD,1.925063611754716
JPN,2059,C_B,51.722638821876274
JPN,2059,OTH_A,66.84591621325093
JPN,2059,CEREAL,6.086678920082286
JPN,2060,PDR,6.685236539961888
JPN,2060,WHT,4.81303541499236
JPN,2060,GRO,2.539353669142951
JPN,2060,OSD,1.9250769516428134
JPN,2060,C_B,51.75963945497139
JPN,2060,OTH_A,66.88676582275653
JPN,2060,CEREAL,6.098344483776591
JPN,2061,PDR,6.697775795873951
JPN,2061,WHT,4.81507802912895
JPN,2061,GRO,2.5417745836558
JPN,2061,OSD,1.9253778607350667
JPN,2061,C_B,51.776488876861436
JPN,2061,OTH_A,66.93291351147663
JPN,2061,CEREAL,6.110211273794756
JPN,2062,PDR,6.710338571213918
JPN,2062,WHT,4.817121510134813
JPN,2062,GRO,2.5441978061681807
JPN,2062,OSD,1.925678816862469
JPN,2062,C_B,51.79334378377845
JPN,2062,OTH_A,66.97909303921821
JPN,2062,CEREAL,6.122101155441429
JPN,2063,PDR,6.722924910096329
JPN,2063,WHT,4.819165858377842
JPN,2063,GRO,2.546623338880443
JPN,2063,OSD,1.9259798200323728
JPN,2063,C_B,51.810204177507956
JPN,2063,OTH_A,67.02530442794821
JPN,2063,CEREAL,6.1340141736506935
JPN,2064,PDR,6.735534856718465
JPN,2064,WHT,4.821211074226084
JPN,2064,GRO,2.5490511839950374
JPN,2064,OSD,1.926280870252131
JPN,2064,C_B,51.827070059836124
JPN,2064,OTH_A,67.07154769964873
JPN,2064,CEREAL,6.145950373444064
JPN,2065,PDR,6.748168455360511
JPN,2065,WHT,4.823257158047745
JPN,2065,GRO,2.5514813437165116
JPN,2065,OSD,1.9265819675290985
JPN,2065,C_B,51.84394143254967
JPN,2065,OTH_A,67.11782287631704
JPN,2065,CEREAL,6.15790979993067
JPN,2066,PDR,6.7608257503857
JPN,2066,WHT,4.825304110211187
JPN,2066,GRO,2.5539138202515153
JPN,2066,OSD,1.9268831118706302
JPN,2066,C_B,51.86081829743586
JPN,2066,OTH_A,67.16412997996552
JPN,2066,CEREAL,6.169892498307416
JPN,2067,PDR,6.77350678624048
JPN,2067,WHT,4.827351931084924
JPN,2067,GRO,2.5563486158088033
JPN,2067,OSD,1.927184303284083
JPN,2067,C_B,51.877700656282585
JPN,2067,OTH_A,67.21046903262184
JPN,2067,CEREAL,6.181898513859151
JPN,2068,PDR,6.786211607454667
JPN,2068,WHT,4.829400621037634
JPN,2068,GRO,2.5587857325992354
JPN,2068,OSD,1.9274855417768149
JPN,2068,C_B,51.894588510878314
JPN,2068,OTH_A,67.25684005632883
JPN,2068,CEREAL,6.193927891958852
JPN,2069,PDR,6.798940258641595
JPN,2069,WHT,4.831450180438146
JPN,2069,GRO,2.561225172835778
JPN,2069,OSD,1.927786827356185
JPN,2069,C_B,51.91148186301209
JPN,2069,OTH_A,67.30324307314446
JPN,2069,CEREAL,6.205980678067782
JPN,2070,PDR,6.811692784498287
JPN,2070,WHT,4.833500609655441
JPN,2070,GRO,2.5636669387335083
JPN,2070,OSD,1.928088160029552
JPN,2070,C_B,51.92838071447358
JPN,2070,OTH_A,67.34967810514198
JPN,2070,CEREAL,6.218056917735666
JPN,2071,PDR,6.823565565945035
JPN,2071,WHT,4.835884871823928
JPN,2071,GRO,2.565826272752212
JPN,2071,OSD,1.9285919061355326
JPN,2071,C_B,51.942615763965996
JPN,2071,OTH_A,67.39749909452367
JPN,2071,CEREAL,6.229029573250904
JPN,2072,PDR,6.835459041651455
JPN,2072,WHT,4.838270310097798
JPN,2072,GRO,2.567987425542041
JPN,2072,OSD,1.9290957838538243
JPN,2072,C_B,51.95685471569128
JPN,2072,OTH_A,67.44535403873765
JPN,2072,CEREAL,6.240021591594539
JPN,2073,PDR,6.847373247687643
JPN,2073,WHT,4.840656925057198
JPN,2073,GRO,2.570150398634917
JPN,2073,OSD,1.9295997932188134
JPN,2073,C_B,51.97109757071914
JPN,2073,OTH_A,67.49324296189323
JPN,2073,CEREAL,6.251033006935064
JPN,2074,PDR,6.859308220186565
JPN,2074,WHT,4.843044717282565
JPN,2074,GRO,2.5723151935640507
JPN,2074,OSD,1.930103934264895
JPN,2074,C_B,51.98534433011959
JPN,2074,OTH_A,67.54116588811684
JPN,2074,CEREAL,6.26206385350127
JPN,2075,PDR,6.871263995344174
JPN,2075,WHT,4.845433687354616
JPN,2075,GRO,2.5744818118639436
JPN,2075,OSD,1.930608207026473
JPN,2075,C_B,51.999594994962926
JPN,2075,OTH_A,67.58912284155203
JPN,2075,CEREAL,6.273114165582349
JPN,2076,PDR,6.883240609419501
JPN,2076,WHT,4.847823835854357
JPN,2076,GRO,2.576650255070391
JPN,2076,OSD,1.93111261153796
JPN,2076,C_B,52.013849566319756
JPN,2076,OTH_A,67.63711384635945
JPN,2076,CEREAL,6.284183977528002
JPN,2077,PDR,6.8952380987347865
JPN,2077,WHT,4.850215163363085
JPN,2077,GRO,2.578820524720482
JPN,2077,OSD,1.9316171478337782
JPN,2077,C_B,52.028108045260936
JPN,2077,OTH_A,67.685138926717
JPN,2077,CEREAL,6.2952733237485425
JPN,2078,PDR,6.907256499675573
JPN,2078,WHT,4.852607670462375
JPN,2078,GRO,2.5809926223525994
JPN,2078,OSD,1.9321218159483582
JPN,2078,C_B,52.04237043285768
JPN,2078,OTH_A,67.73319810681969
JPN,2078,CEREAL,6.306382238715005
JPN,2079,PDR,6.9192958486908305
JPN,2079,WHT,4.855001357734097
JPN,2079,GRO,2.5831665495064215
JPN,2079,OSD,1.9326266159161403
JPN,2079,C_B,52.05663673018144
JPN,2079,OTH_A,67.7812914108797
JPN,2079,CEREAL,6.31751075695926
JPN,2080,PDR,6.931356182293058
JPN,2080,WHT,4.857396225760409
JPN,2080,GRO,2.585342307722922
JPN,2080,OSD,1.9331315477715723
JPN,2080,C_B,52.07090693830399
JPN,2080,OTH_A,67.82941886312643
JPN,2080,CEREAL,6.328658913074104
JPN,2081,PDR,6.943451487477732
JPN,2081,WHT,4.861868901279802
JPN,2081,GRO,2.586313386877196
JPN,2081,OSD,1.9339480735686692
JPN,2081,C_B,52.08975515531949
JPN,2081,OTH_A,67.87189574183569
JPN,2081,CEREAL,6.340013191422037
JPN,2082,PDR,6.9555678991246435
JPN,2082,WHT,4.86634569522507
JPN,2082,GRO,2.5872848307780343
JPN,2082,OSD,1.9347649442540267
JPN,2082,C_B,52.10861019486422
JPN,2082,OTH_A,67.91439922087935
JPN,2082,CEREAL,6.3513878405370745
JPN,2083,PDR,6.967705454064839
JPN,2083,WHT,4.8708266113884475
JPN,2083,GRO,2.58825663956244
JPN,2083,OSD,1.9355821599733207
JPN,2083,C_B,52.127472059407744
JPN,2083,OTH_A,67.95692931691538
JPN,2083,CEREAL,6.362782896966511
JPN,2084,PDR,6.9798641891936315
JPN,2084,WHT,4.87531165356566
JPN,2084,GRO,2.5892288133674644
JPN,2084,OSD,1.9363997208722883
JPN,2084,C_B,52.14634075142052
JPN,2084,OTH_A,67.99948604661215
JPN,2084,CEREAL,6.3741983973232115
JPN,2085,PDR,6.9920441414707275
JPN,2085,WHT,4.879800825555928
JPN,2085,GRO,2.5902013523302143
JPN,2085,OSD,1.9372176270967283
JPN,2085,C_B,52.16521627337391
JPN,2085,OTH_A,68.0420694266485
JPN,2085,CEREAL,6.385634378285725
JPN,2086,PDR,7.0042453479203175
JPN,2086,WHT,4.88429413116197
JPN,2086,GRO,2.5911742565878466
JPN,2086,OSD,1.9380358787925003
JPN,2086,C_B,52.184098627740156
JPN,2086,OTH_A,68.08467947371369
JPN,2086,CEREAL,6.397090876598409
JPN,2087,PDR,7.016467845631207
JPN,2087,WHT,4.888791574190007
JPN,2087,GRO,2.5921475262775693
JPN,2087,OSD,1.9388544761055275
JPN,2087,C_B,52.202987816992405
JPN,2087,OTH_A,68.12731620450744
JPN,2087,CEREAL,6.408567929071544
JPN,2088,PDR,7.028711671756917
JPN,2088,WHT,4.893293158449766
JPN,2088,GRO,2.5931211615366423
JPN,2088,OSD,1.9396734191817926
JPN,2088,C_B,52.221883843604694
JPN,2088,OTH_A,68.16997963573989
JPN,2088,CEREAL,6.42006557258145
JPN,2089,PDR,7.040976863515807
JPN,2089,WHT,4.89779888775448
JPN,2089,GRO,2.5940951625023763
JPN,2089,OSD,1.9404927081673407
JPN,2089,C_B,52.24078671005196
JPN,2089,OTH_A,68.21266978413173
JPN,2089,CEREAL,6.431583844070608
JPN,2090,PDR,7.053263458191172
JPN,2090,WHT,4.902308765920892
JPN,2090,GRO,2.5950695293121355
JPN,2090,OSD,1.94131234320828
JPN,2090,C_B,52.25969641881
JPN,2090,OTH_A,68.25538666641401
JPN,2090,CEREAL,6.443122780547783
JPN,2091,PDR,7.063788789180224
JPN,2091,WHT,4.909169471407655
JPN,2091,GRO,2.5968590384991423
JPN,2091,OSD,1.942678546353067
JPN,2091,C_B,52.295137013949265
JPN,2091,OTH_A,68.29510728165413
JPN,2091,CEREAL,6.453175521802335
JPN,2092,PDR,7.074329826741572
JPN,2092,WHT,4.916039778345902
JPN,2092,GRO,2.598649781696681
JPN,2092,OSD,1.9440457109665426
JPN,2092,C_B,52.33060164359064
JPN,2092,OTH_A,68.33485101195303
JPN,2092,CEREAL,6.463243947626337
JPN,2093,PDR,7.084886594313567
JPN,2093,WHT,4.9229197001727165
JPN,2093,GRO,2.600441759755701
JPN,2093,OSD,1.9454138377253425
JPN,2093,C_B,52.36609032403342
JPN,2093,OTH_A,68.37461787076232
JPN,2093,CEREAL,6.473328082491295
JPN,2094,PDR,7.095459115369539
JPN,2094,WHT,4.929809250343986
JPN,2094,GRO,2.6022349735277386
JPN,2094,OSD,1.9467829273065789
JPN,2094,C_B,52.401603071588006
JPN,2094,OTH_A,68.41440787154141
JPN,2094,CEREAL,6.483427950906899
JPN,2095,PDR,7.106047413417843
JPN,2095,WHT,4.936708442334432
JPN,2095,GRO,2.6040294238649184
JPN,2095,OSD,1.9481529803878403
JPN,2095,C_B,52.43713990257579
JPN,2095,OTH_A,68.45422102775761
JPN,2095,CEREAL,6.4935435774210735
JPN,2096,PDR,7.116651512001918
JPN,2096,WHT,4.943617289637629
JPN,2096,GRO,2.60582511161995
JPN,2096,OSD,1.9495239976471925
JPN,2096,C_B,52.47270083332928
JPN,2096,OTH_A,68.49405735288596
JPN,2096,CEREAL,6.503674986620049
JPN,2097,PDR,7.127271434700334
JPN,2097,WHT,4.95053580576604
JPN,2097,GRO,2.607622037646133
JPN,2097,OSD,1.950895979763178
JPN,2097,C_B,52.508285880192055
JPN,2097,OTH_A,68.53391686040946
JPN,2097,CEREAL,6.513822203128413
JPN,2098,PDR,7.137907205126847
JPN,2098,WHT,4.957464004251036
JPN,2098,GRO,2.609420202797356
JPN,2098,OSD,1.9522689274148164
JPN,2098,C_B,52.54389505951876
JPN,2098,OTH_A,68.57379956381887
JPN,2098,CEREAL,6.523985251609173
JPN,2099,PDR,7.148558846930451
JPN,2099,WHT,4.964401898642925
JPN,2099,GRO,2.611219607928094
JPN,2099,OSD,1.9536428412816063
JPN,2099,C_B,52.57952838767514
JPN,2099,OTH_A,68.61370547661281
JPN,2099,CEREAL,6.534164156763821
JPN,2100,PDR,7.159226383795427
JPN,2100,WHT,4.971349502510981
JPN,2100,GRO,2.6130202538934135
JPN,2100,OSD,1.955017722043523
JPN,2100,C_B,52.61518588103803
JPN,2100,OTH_A,68.65363461229781
JPN,2100,CEREAL,6.54435894333238
TUR,2005,CROP_FLW,4.502405818817724
TUR,2005,PDR,6.748962566850879
TUR,2005,WHT,2.2622430106032745
TUR,2005,GRO,3.205098907802392
TUR,2005,OSD,2.3284849269061954
TUR,2005,C_B,44.42025190840082
TUR,2005,OTH_A,6.295553733902733
TUR,2005,CEREAL,2.6051025285812175
TUR,2006,CROP_FLW,4.470482142800609
TUR,2006,PDR,6.798433808163362
TUR,2006,WHT,2.2762430728549305
TUR,2006,GRO,3.2551362780602022
TUR,2006,OSD,2.3638249230756485
TUR,2006,C_B,44.43672295402337
TUR,2006,OTH_A,6.351907707559408
TUR,2006,CEREAL,2.632051774651693
TUR,2007,CROP_FLW,4.438784817124058
TUR,2007,PDR,6.8482676835388965
TUR,2007,WHT,2.2903297755524323
TUR,2007,GRO,3.3059548218463
TUR,2007,OSD,2.399701283176354
TUR,2007,C_B,44.45320010711564
TUR,2007,OTH_A,6.408766127763779
TUR,2007,CEREAL,2.659279805090845
TUR,2008,CROP_FLW,4.407312236882777
TUR,2008,PDR,6.898466851157472
TUR,2008,WHT,2.3045036548767426
TUR,2008,GRO,3.3575667346873113
TUR,2008,OSD,2.436122147737398
TUR,2008,C_B,44.46968336994231
TUR,2008,OTH_A,6.466133510014982
TUR,2008,CEREAL,2.686789503865222
TUR,2009,CROP_FLW,4.376062808550824
TUR,2009,PDR,6.949033988684064
TUR,2009,WHT,2.318765250327021
TUR,2009,GRO,3.409984402504012
TUR,2009,OSD,2.4730957808387077
TUR,2009,C_B,44.48617274476883
TUR,2009,OTH_A,6.524014410232165
TUR,2009,CEREAL,2.714583784775413
TUR,2010,CROP_FLW,4.345034949900933
TUR,2010,PDR,6.999971793411475
TUR,2010,WHT,2.333115104741157
TUR,2010,GRO,3.463220404583724
TUR,2010,OSD,2.51063057198621
TUR,2010,C_B,44.502668233861584
TUR,2010,OTH_A,6.582413425116288
TUR,2010,CEREAL,2.7426655917646663
TUR,2011,CROP_FLW,4.3382646021934175
TUR,2011,PDR,7.001261643111798
TUR,2011,WHT,2.338850903706583
TUR,2011,GRO,3.4794040878924544
TUR,2011,OSD,2.5128636746627984
TUR,2011,C_B,45.21791591735888
TUR,2011,OTH_A,6.615757159626818
TUR,2011,CEREAL,2.752961039726703
TUR,2012,CROP_FLW,4.331504803908084
TUR,2012,PDR,7.002551730486257
TUR,2012,WHT,2.344600803729306
TUR,2012,GRO,3.495663397807303
TUR,2012,OSD,2.5150987635924107
TUR,2012,C_B,45.94465907447721
TUR,2012,OTH_A,6.649269799455094
TUR,2012,CEREAL,2.7632951348534016
TUR,2013,CROP_FLW,4.324755538607031
TUR,2013,PDR,7.003842055578647
TUR,2013,WHT,2.3503648394757812
TUR,2013,GRO,3.5119986877325866
TUR,2013,OSD,2.5173358405417363
TUR,2013,C_B,46.68308246067518
TUR,2013,OTH_A,6.68295220020433
TUR,2013,CEREAL,2.7736680222189105
TUR,2014,CROP_FLW,4.318016789877968
TUR,2014,PDR,7.005132618432772
TUR,2014,WHT,2.3561430456976873
TUR,2014,GRO,3.5284103127240876
TUR,2014,OSD,2.519574907279038
TUR,2014,C_B,47.43337380080442
TUR,2014,OTH_A,6.716805221811862
TUR,2014,CEREAL,2.784079847441958
TUR,2015,CROP_FLW,4.311288541334184
TUR,2015,PDR,7.0064234190924415
TUR,2015,WHT,2.3619354572321405
TUR,2015,GRO,3.544898629496767
TUR,2015,OSD,2.5218159655741497
TUR,2015,C_B,48.19572383683378
TUR,2015,OTH_A,6.7508297285711105
TUR,2015,CEREAL,2.7945307566878976
TUR,2016,CROP_FLW,4.304570776614495
TUR,2016,PDR,7.007714457601476
TUR,2016,WHT,2.3677421090018993
TUR,2016,GRO,3.561463996432524
TUR,2016,OSD,2.5240590171984807
TUR,2016,C_B,48.97032637634042
TUR,2016,OTH_A,6.78502658915364
TUR,2016,CEREAL,2.8050208966707597
TUR,2017,CROP_FLW,4.297863479383214
TUR,2017,PDR,7.009005734003703
TUR,2017,WHT,2.3735630360155775
TUR,2017,GRO,3.578106773587978
TUR,2017,OSD,2.5263040639250143
TUR,2017,C_B,49.75737834178039
TUR,2017,OTH_A,6.819396676631338
TUR,2017,CEREAL,2.815550414655312
TUR,2018,CROP_FLW,4.291166633330107
TUR,2018,PDR,7.010297248342957
TUR,2018,WHT,2.379398273367857
TUR,2018,GRO,3.594827322702302
TUR,2018,OSD,2.528551107528313
TUR,2018,C_B,50.557079820550996
TUR,2018,OTH_A,6.85394086849871
TUR,2018,CEREAL,2.8261194584591256
TUR,2019,CROP_FLW,4.284480222170354
TUR,2019,PDR,7.011589000663083
TUR,2019,WHT,2.385247856239695
TUR,2019,GRO,3.6116260072050794
TUR,2019,OSD,2.5308001497845165
TUR,2019,C_B,51.369634115857785
TUR,2019,OTH_A,6.888660046695278
TUR,2019,CEREAL,2.8367281764546517
TUR,2020,CROP_FLW,4.277804229644511
TUR,2020,PDR,7.0128809910079335
TUR,2020,WHT,2.3911118198985424
TUR,2020,GRO,3.6285031922242124
TUR,2020,OSD,2.5330511924713432
TUR,2020,C_B,52.1952477983991
TUR,2020,OTH_A,6.923555097628092
TUR,2020,CEREAL,2.8473767175713034
TUR,2021,CROP_FLW,4.277630675736231
TUR,2021,PDR,7.006610874290708
TUR,2021,WHT,2.3921682875806645
TUR,2021,GRO,3.6304646383022434
TUR,2021,OSD,2.5355455668112206
TUR,2021,C_B,52.19033384520053
TUR,2021,OTH_A,6.937223628761672
TUR,2021,CEREAL,2.8483251493347925
TUR,2022,CROP_FLW,4.27745712886917
TUR,2022,PDR,7.000346363595272
TUR,2022,WHT,2.3932252220431165
TUR,2022,GRO,3.632427144671671
TUR,2022,OSD,2.538042397439138
TUR,2022,C_B,52.18542035462905
TUR,2022,OTH_A,6.95091914440548
TUR,2022,CEREAL,2.8492738970111025
TUR,2023,CROP_FLW,4.2772835890430425
TUR,2023,PDR,6.994087453909361
TUR,2023,WHT,2.3942826234921357
TUR,2023,GRO,3.6343907119056538
TUR,2023,OSD,2.5405416867738775
TUR,2023,C_B,52.18050732664112
TUR,2023,OTH_A,6.964641697832528
TUR,2023,CEREAL,2.85022296070546
TUR,2024,CROP_FLW,4.2771100562575635
TUR,2024,PDR,6.9878341402251944
TUR,2024,WHT,2.3953404921340526
TUR,2024,GRO,3.6363553405776576
TUR,2024,OSD,2.543043437236605
TUR,2024,C_B,52.17559476119319
TUR,2024,OTH_A,6.978391342420995
TUR,2024,CEREAL,2.8511723405231275
TUR,2025,CROP_FLW,4.2769365305124465
TUR,2025,PDR,6.981586417539467
TUR,2025,WHT,2.396398828175286
TUR,2025,GRO,3.6383210312614604
TUR,2025,OSD,2.5455476512508697
TUR,2025,C_B,52.170682658241695
TUR,2025,OTH_A,6.992168131654443
TUR,2025,CEREAL,2.852122036569403
TUR,2026,CROP_FLW,4.276763011807408
TUR,2026,PDR,6.975344280853346
TUR,2026,WHT,2.397457631822349
TUR,2026,GRO,3.6402877845311497
TUR,2026,OSD,2.5480543312426076
TUR,2026,C_B,52.16577101774311
TUR,2026,OTH_A,7.005972119122021
TUR,2026,CEREAL,2.853072048949618
TUR,2027,CROP_FLW,4.27658950014216
TUR,2027,PDR,6.969107725172469
TUR,2027,WHT,2.398516903281843
TUR,2027,GRO,3.642255600961124
TUR,2027,OSD,2.5505634796401435
TUR,2027,C_B,52.1608598396539
TUR,2027,OTH_A,7.019803358518675
TUR,2027,CEREAL,2.8540223777691414
TUR,2028,CROP_FLW,4.276415995516418
TUR,2028,PDR,6.962876745506938
TUR,2028,WHT,2.399576642760463
TUR,2028,GRO,3.644224481126092
TUR,2028,OSD,2.553075098874193
TUR,2028,C_B,52.15594912393051
TUR,2028,OTH_A,7.033661903645354
TUR,2028,CEREAL,2.8549730231333745
TUR,2029,CROP_FLW,4.276242497929896
TUR,2029,PDR,6.956651336871319
TUR,2029,WHT,2.400636850464994
TUR,2029,GRO,3.646194425601072
TUR,2029,OSD,2.555589191377866
TUR,2029,C_B,52.15103887052944
TUR,2029,OTH_A,7.04754780840922
TUR,2029,CEREAL,2.855923985147756
TUR,2030,CROP_FLW,4.27606900738231
TUR,2030,PDR,6.950431494284636
TUR,2030,WHT,2.4016975266023106
TUR,2030,GRO,3.648165434961391
TUR,2030,OSD,2.5581057595866667
TUR,2030,C_B,52.14612907940716
TUR,2030,OTH_A,7.061461126823861
TUR,2030,CEREAL,2.8568752639177575
TUR,2031,CROP_FLW,4.275033859379548
TUR,2031,PDR,6.960383391903254
TUR,2031,WHT,2.406775741714839
TUR,2031,GRO,3.652627458937739
TUR,2031,OSD,2.572356195260459
TUR,2031,C_B,52.17364412411411
TUR,2031,OTH_A,7.079914478279043
TUR,2031,CEREAL,2.8597902242190907
TUR,2032,CROP_FLW,4.27399896196474
TUR,2032,PDR,6.970349539035199
TUR,2032,WHT,2.411864694344662
TUR,2032,GRO,3.6570949403579234
TUR,2032,OSD,2.5866860158135245
TUR,2032,C_B,52.20117368720811
TUR,2032,OTH_A,7.098416052923988
TUR,2032,CEREAL,2.8627081587467282
TUR,2033,CROP_FLW,4.272964315077224
TUR,2033,PDR,6.980329956083478
TUR,2033,WHT,2.4169644071954814
TUR,2033,GRO,3.661567885896873
TUR,2033,OSD,2.6010956634750833
TUR,2033,C_B,52.228717776349825
TUR,2033,OTH_A,7.116965976777866
TUR,2033,CEREAL,2.865629070535368
TUR,2034,CROP_FLW,4.271929918656354
TUR,2034,PDR,6.990324663480312
TUR,2034,WHT,2.422074903019003
TUR,2034,GRO,3.66604630223768
TUR,2034,OSD,2.615585582937882
TUR,2034,C_B,52.25627639920398
TUR,2034,OTH_A,7.135564376189167
TUR,2034,CEREAL,2.868552962622803
TUR,2035,CROP_FLW,4.270895772641496
TUR,2035,PDR,7.0003336816871755
TUR,2035,WHT,2.42719620461504
TUR,2035,GRO,3.6705301960716117
TUR,2035,OSD,2.630156221371915
TUR,2035,C_B,52.2838495634393
TUR,2035,OTH_A,7.15421137783656
TUR,2035,CEREAL,2.871479838049926
TUR,2036,CROP_FLW,4.2698618769720325
TUR,2036,PDR,7.010357031194843
TUR,2036,WHT,2.4323283348316145
TUR,2036,GRO,3.6750195740981195
TUR,2036,OSD,2.644808028438227
TUR,2036,C_B,52.3114372767286
TUR,2036,OTH_A,7.172907108729757
TUR,2036,CEREAL,2.8744096998607342
TUR,2037,CROP_FLW,4.26882823158736
TUR,2037,PDR,7.0203947325234255
TUR,2037,WHT,2.437471316565058
TUR,2037,GRO,3.679514443024849
TUR,2037,OSD,2.659541456302788
TUR,2037,C_B,52.339039546748715
TUR,2037,OTH_A,7.191651696210379
TUR,2037,CEREAL,2.8773425511023283
TUR,2038,CROP_FLW,4.26779483642689
TUR,2038,PDR,7.03044680622242
TUR,2038,WHT,2.4426251727601165
TUR,2038,GRO,3.684014809567648
TUR,2038,OSD,2.674356959650449
TUR,2038,C_B,52.36665638118057
TUR,2038,OTH_A,7.210445267952819
TUR,2038,CEREAL,2.8802783948249204
TUR,2039,CROP_FLW,4.266761691430047
TUR,2039,PDR,7.040513272870741
TUR,2039,WHT,2.447789926410049
TUR,2039,GRO,3.6885206804505803
TUR,2039,OSD,2.689254995698972
TUR,2039,C_B,52.39428778770909
TUR,2039,OTH_A,7.22928795196512
TUR,2039,CEREAL,2.8832172340818323
TUR,2040,CROP_FLW,4.265728796536272
TUR,2040,PDR,7.050594153076772
TUR,2040,WHT,2.4529656005567335
TUR,2040,GRO,3.693032062405934
TUR,2040,OSD,2.7042360242131425
TUR,2040,C_B,52.42193377402328
TUR,2040,OTH_A,7.248179876589832
TUR,2040,CEREAL,2.886159071929502
TUR,2041,CROP_FLW,4.267382358181231
TUR,2041,PDR,7.061119079211845
TUR,2041,WHT,2.45342075098411
TUR,2041,GRO,3.703011214661514
TUR,2041,OSD,2.700354494051979
TUR,2041,C_B,52.426016990057946
TUR,2041,OTH_A,7.2521896909684065
TUR,2041,CEREAL,2.8866242517409257
TUR,2042,CROP_FLW,4.269036560810708
TUR,2042,PDR,7.071659716656878
TUR,2042,WHT,2.453875985865142
TUR,2042,GRO,3.7130173321527207
TUR,2042,OSD,2.696478535252286
TUR,2042,C_B,52.43010052413988
TUR,2042,OTH_A,7.256201723643383
TUR,2042,CEREAL,2.8870895065282087
TUR,2043,CROP_FLW,4.270691404673172
TUR,2043,PDR,7.08221608886527
TUR,2043,WHT,2.454331305215499
TUR,2043,GRO,3.7230504877438535
TUR,2043,OSD,2.6926081398171986
TUR,2043,C_B,52.43418437629387
TUR,2043,OTH_A,7.260215975841964
TUR,2043,CEREAL,2.887554836303435
TUR,2044,CROP_FLW,4.27234689001719
TUR,2044,PDR,7.092788219325425
TUR,2044,WHT,2.454786709050856
TUR,2044,GRO,3.733110754496102
TUR,2044,OSD,2.6887432997613328
TUR,2044,C_B,52.438268546544684
TUR,2044,OTH_A,7.264232448792021
TUR,2044,CEREAL,2.8880202410786926
TUR,2045,CROP_FLW,4.2740030170914265
TUR,2045,PDR,7.103376131560812
TUR,2045,WHT,2.4552421973868888
TUR,2045,GRO,3.7431982056680773
TUR,2045,OSD,2.684884007110764
TUR,2045,C_B,52.44235303491709
TUR,2045,OTH_A,7.268251143722117
TUR,2045,CEREAL,2.8884857208660675
TUR,2046,CROP_FLW,4.27565978614464
TUR,2046,PDR,7.113979849130019
TUR,2046,WHT,2.4556977702392757
TUR,2046,GRO,3.75331291471635
TUR,2046,OSD,2.681030253903013
TUR,2046,C_B,52.44643784143589
TUR,2046,OTH_A,7.272272061861485
TUR,2046,CEREAL,2.888951275677651
TUR,2047,CROP_FLW,4.277317197425686
TUR,2047,PDR,7.124599395626794
TUR,2047,WHT,2.456153427623699
TUR,2047,GRO,3.7634549552959786
TUR,2047,OSD,2.677182032187032
TUR,2047,C_B,52.45052296612583
TUR,2047,OTH_A,7.276295204440044
TUR,2047,CEREAL,2.889416905525535
TUR,2048,CROP_FLW,4.278975251183518
TUR,2048,PDR,7.135234794680111
TUR,2048,WHT,2.456609169555845
TUR,2048,GRO,3.7736244012610505
TUR,2048,OSD,2.6733393340231824
TUR,2048,C_B,52.45460840901173
TUR,2048,OTH_A,7.280320572688389
TUR,2048,CEREAL,2.8898826104218136
TUR,2049,CROP_FLW,4.280633947667184
TUR,2049,PDR,7.145886069954217
TUR,2049,WHT,2.457064996051401
TUR,2049,GRO,3.7838213266652194
TUR,2049,OSD,2.6695021514832247
TUR,2049,C_B,52.45869417011835
TUR,2049,OTH_A,7.2843481678377975
TUR,2049,CEREAL,2.8903483903785823
TUR,2050,CROP_FLW,4.282293287125827
TUR,2050,PDR,7.156553245148671
TUR,2050,WHT,2.4575209071260566
TUR,2050,GRO,3.7940458057622437
TUR,2050,OSD,2.6656704766502974
TUR,2050,C_B,52.462780249470505
TUR,2050,OTH_A,7.288377991120223
TUR,2050,CEREAL,2.890814245407942
TUR,2051,CROP_FLW,4.28782214911446
TUR,2051,PDR,7.167036976351586
TUR,2051,WHT,2.4579470093283167
TUR,2051,GRO,3.798648820918774
TUR,2051,OSD,2.6645019781183117
TUR,2051,C_B,52.51728203089386
TUR,2051,OTH_A,7.307118784007684
TUR,2051,CEREAL,2.888943000119782
TUR,2052,CROP_FLW,4.293358149407931
TUR,2052,PDR,7.177536065313491
TUR,2052,WHT,2.4583731854111632
TUR,2052,GRO,3.8032574205488756
TUR,2052,OSD,2.6633339917984804
TUR,2052,C_B,52.57184043234696
TUR,2052,OTH_A,7.3259077655756
TUR,2052,CEREAL,2.887072966102437
TUR,2053,CROP_FLW,4.298901297222493
TUR,2053,PDR,7.188050534532174
TUR,2053,WHT,2.4587994353874074
TUR,2053,GRO,3.807871611427748
TUR,2053,OSD,2.662166517466276
TUR,2053,C_B,52.62645551265042
TUR,2053,OTH_A,7.34474505973276
TUR,2053,CEREAL,2.885204142571843
TUR,2054,CROP_FLW,4.3044516017863
TUR,2054,PDR,7.198580406538378
TUR,2054,WHT,2.4592257592698603
TUR,2054,GRO,3.81249140033881
TUR,2054,OSD,2.660999554897268
TUR,2054,C_B,52.68112733068594
TUR,2054,OTH_A,7.363630790706559
TUR,2054,CEREAL,2.8833365287444432
TUR,2055,CROP_FLW,4.310009072339421
TUR,2055,PDR,7.2091257038958565
TUR,2055,WHT,2.459652157071336
TUR,2055,GRO,3.8171167940737107
TUR,2055,OSD,2.659833103867124
TUR,2055,C_B,52.7358559453964
TUR,2055,OTH_A,7.382565083043824
TUR,2055,CEREAL,2.881470123837188
TUR,2056,CROP_FLW,4.315573718133852
TUR,2056,PDR,7.219686449201414
TUR,2056,WHT,2.4600786288046517
TUR,2056,GRO,3.821747799432339
TUR,2056,OSD,2.6586671641516113
TUR,2056,C_B,52.79064141578594
TUR,2056,OTH_A,7.401548061611633
TUR,2056,CEREAL,2.8796049270675335
TUR,2057,CROP_FLW,4.321145548433533
TUR,2057,PDR,7.230262665084956
TUR,2057,WHT,2.460505174482626
TUR,2057,GRO,3.8263844232228337
TUR,2057,OSD,2.6575017355265946
TUR,2057,C_B,52.84548380091994
TUR,2057,OTH_A,7.420579851598136
TUR,2057,CEREAL,2.8777409376534444
TUR,2058,CROP_FLW,4.32672457251437
TUR,2058,PDR,7.240854374209542
TUR,2058,WHT,2.460931794118081
TUR,2058,GRO,3.8310266722615927
TUR,2058,OSD,2.6563368177680373
TUR,2058,C_B,52.90038315992519
TUR,2058,OTH_A,7.439660578513385
TUR,2058,CEREAL,2.8758781548133903
TUR,2059,CROP_FLW,4.332310799664243
TUR,2059,PDR,7.251461599271428
TUR,2059,WHT,2.461358487723838
TUR,2059,GRO,3.8356745533732832
TUR,2059,OSD,2.655172410652
TUR,2059,C_B,52.955339551989894
TUR,2059,OTH_A,7.4587903681901535
TUR,2059,CEREAL,2.874016577766347
TUR,2060,CROP_FLW,4.337904239183023
TUR,2060,PDR,7.262084363000123
TUR,2060,WHT,2.4617852553127255
TUR,2060,GRO,3.8403280733908516
TUR,2060,OSD,2.654008513954644
TUR,2060,C_B,53.01035303636377
TUR,2060,OTH_A,7.477969346784776
TUR,2060,CEREAL,2.872156205731794
TUR,2061,CROP_FLW,4.34424353237454
TUR,2061,PDR,7.2706146894226364
TUR,2061,WHT,2.462409456481487
TUR,2061,GRO,3.8388115633579774
TUR,2061,OSD,2.655147380288353
TUR,2061,C_B,53.153177619263204
TUR,2061,OTH_A,7.5025518908247815
TUR,2061,CEREAL,2.868551437469732
TUR,2062,CROP_FLW,4.350592089633668
TUR,2062,PDR,7.279155035897965
TUR,2062,WHT,2.463033815920389
TUR,2062,GRO,3.8372956521808876
TUR,2062,OSD,2.6562867353230293
TUR,2062,C_B,53.296387011172804
TUR,2062,OTH_A,7.527215245769922
TUR,2062,CEREAL,2.8649511934581957
TUR,2063,CROP_FLW,4.356949924498663
TUR,2063,PDR,7.287705414196055
TUR,2063,WHT,2.4636583336695623
TUR,2063,GRO,3.8357803396230996
TUR,2063,OSD,2.6574265792683787
TUR,2063,C_B,53.439982248874706
TUR,2063,OTH_A,7.551959677272212
TUR,2063,CEREAL,2.861355468018916
TUR,2064,CROP_FLW,4.363317050527557
TUR,2064,PDR,7.296265836100671
TUR,2064,WHT,2.4642830097691477
TUR,2064,GRO,3.8342656254482232
TUR,2064,OSD,2.6585669123341997
TUR,2064,C_B,53.58396437194438
TUR,2064,OTH_A,7.5767854518569555
TUR,2064,CEREAL,2.857764255480751
TUR,2065,CROP_FLW,4.369693481298202
TUR,2065,PDR,7.304836313409429
TUR,2065,WHT,2.4649078442592955
TUR,2065,GRO,3.832751509419964
TUR,2065,OSD,2.6597077347303792
TUR,2065,C_B,53.72833442275826
TUR,2065,OTH_A,7.601692836925609
TUR,2065,CEREAL,2.854177550179677
TUR,2066,CROP_FLW,4.3760792304082905
TUR,2066,PDR,7.313416857933792
TUR,2066,WHT,2.4655328371801666
TUR,2066,GRO,3.831237991302118
TUR,2066,OSD,2.6608490466668946
TUR,2066,C_B,53.87309344650119
TUR,2066,OTH_A,7.626682100758666
TUR,2066,CEREAL,2.850595346458777
TUR,2067,CROP_FLW,4.382474311475384
TUR,2067,PDR,7.322007481499107
TUR,2067,WHT,2.4661579885719327
TUR,2067,GRO,3.829725070858577
TUR,2067,OSD,2.661990848353814
TUR,2067,C_B,54.01824249117405
TUR,2067,OTH_A,7.651753512518548
TUR,2067,CEREAL,2.8470176386682366
TUR,2068,CROP_FLW,4.388878738136947
TUR,2068,PDR,7.330608195944603
TUR,2068,WHT,2.466783298474774
TUR,2068,GRO,3.8282127478533243
TUR,2068,OSD,2.6631331400012943
TUR,2068,C_B,54.16378260760131
TUR,2068,OTH_A,7.676907342252504
TUR,2068,CEREAL,2.84344442116533
TUR,2069,CROP_FLW,4.395292524050374
TUR,2069,PDR,7.339219013123422
TUR,2069,WHT,2.4674087669288833
TUR,2069,GRO,3.8267010220504374
TUR,2069,OSD,2.664275921819584
TUR,2069,C_B,54.30971484943867
TUR,2069,OTH_A,7.70214386089551
TUR,2069,CEREAL,2.8398756883144154
TUR,2070,CROP_FLW,4.401715682893014
TUR,2070,PDR,7.347839944902634
TUR,2070,WHT,2.4680343939744604
TUR,2070,GRO,3.825189893214085
TUR,2070,OSD,2.665419194019023
TUR,2070,C_B,54.45604027318072
TUR,2070,OTH_A,7.727463340273195
TUR,2070,CEREAL,2.8363114344869222
TUR,2071,CROP_FLW,4.407215271560624
TUR,2071,PDR,7.348350673622594
TUR,2071,WHT,2.468101823874553
TUR,2071,GRO,3.815594646063413
TUR,2071,OSD,2.665941159660842
TUR,2071,C_B,54.50226597569957
TUR,2071,OTH_A,7.758563155289962
TUR,2071,CEREAL,2.8313024748579907
TUR,2072,CROP_FLW,4.412721731520632
TUR,2072,PDR,7.3488614378419435
TUR,2072,WHT,2.468169255616918
TUR,2072,GRO,3.8060234679839375
TUR,2072,OSD,2.6664632275185265
TUR,2072,C_B,54.54853091749405
TUR,2072,OTH_A,7.789788134083182
TUR,2072,CEREAL,2.8263023611111646
TUR,2073,CROP_FLW,4.418235071358165
TUR,2073,PDR,7.349372237563148
TUR,2073,WHT,2.468236689201605
TUR,2073,GRO,3.7964762985999156
TUR,2073,OSD,2.6669853976120943
TUR,2073,C_B,54.594835131872884
TUR,2073,OTH_A,7.821138780384821
TUR,2073,CEREAL,2.8213110776245123
TUR,2074,CROP_FLW,4.423755299669073
TUR,2074,PDR,7.349883072788676
TUR,2074,WHT,2.4683041246286654
TUR,2074,GRO,3.786953077687051
TUR,2074,OSD,2.6675076699615654
TUR,2074,C_B,54.64117865217315
TUR,2074,OTH_A,7.852615599954157
TUR,2074,CEREAL,2.816328608803688
TUR,2075,CROP_FLW,4.42928242505995
TUR,2075,PDR,7.350393943520996
TUR,2075,WHT,2.468371561898149
TUR,2075,GRO,3.777453745172117
TUR,2075,OSD,2.668030044586965
TUR,2075,C_B,54.687561511760144
TUR,2075,OTH_A,7.884219100585932
TUR,2075,CEREAL,2.811354939081888
TUR,2076,CROP_FLW,4.434816456148139
TUR,2076,PDR,7.350904849762575
TUR,2076,WHT,2.4684390010101063
TUR,2076,GRO,3.767978241132577
TUR,2076,OSD,2.668552521508321
TUR,2076,C_B,54.73398374402753
TUR,2076,OTH_A,7.915949792118559
TUR,2076,CEREAL,2.806390052919799
TUR,2077,CROP_FLW,4.440357401561753
TUR,2077,PDR,7.351415791515882
TUR,2077,WHT,2.468506441964588
TUR,2077,GRO,3.7585265057962056
TUR,2077,OSD,2.6690751007456663
TUR,2077,C_B,54.780445382397325
TUR,2077,OTH_A,7.9478081864423284
TUR,2077,CEREAL,2.801433934805551
TUR,2078,CROP_FLW,4.445905269939684
TUR,2078,PDR,7.351926768783385
TUR,2078,WHT,2.4685738847616436
TUR,2078,GRO,3.749098479540713
TUR,2078,OSD,2.6695977823190375
TUR,2078,C_B,54.82694646031988
TUR,2078,OTH_A,7.979794797507683
TUR,2078,CEREAL,2.7964865692546668
TUR,2079,CROP_FLW,4.451460069931618
TUR,2079,PDR,7.352437781567552
TUR,2079,WHT,2.4686413294013234
TUR,2079,GRO,3.7396941028933686
TUR,2079,OSD,2.670120566248475
TUR,2079,C_B,54.873487011273966
TUR,2079,OTH_A,8.011910141333496
TUR,2079,CEREAL,2.7915479408100157
TUR,2080,CROP_FLW,4.45702181019804
TUR,2080,PDR,7.35294882987085
TUR,2080,WHT,2.4687087758836768
TUR,2080,GRO,3.7303133165306237
TUR,2080,OSD,2.670643452554024
TUR,2080,C_B,54.920067068766826
TUR,2080,OTH_A,8.044154736015399
TUR,2080,CEREAL,2.786618034041764
TUR,2081,CROP_FLW,4.452220106535479
TUR,2081,PDR,7.365023236292923
TUR,2081,WHT,2.4702559679020686
TUR,2081,GRO,3.753491473879194
TUR,2081,OSD,2.6716079074238595
TUR,2081,C_B,55.08199607552803
TUR,2081,OTH_A,8.107701675929455
TUR,2081,CEREAL,2.7901256847475664
TUR,2082,CROP_FLW,4.447423575914254
TUR,2082,PDR,7.377117470309858
TUR,2082,WHT,2.471804129578431
TUR,2082,GRO,3.7768136478109544
TUR,2082,OSD,2.6725727105892325
TUR,2082,C_B,55.244402521677614
TUR,2082,OTH_A,8.17175062179752
TUR,2082,CEREAL,2.7936377507027226
TUR,2083,CROP_FLW,4.442632212761269
TUR,2083,PDR,7.389231564480898
TUR,2083,WHT,2.4733532615204696
TUR,2083,GRO,3.800280733167367
TUR,2083,OSD,2.673537862175923
TUR,2083,C_B,55.40728781492116
TUR,2083,OTH_A,8.23630553934915
TUR,2083,CEREAL,2.7971542374649196
TUR,2084,CROP_FLW,4.437846011509433
TUR,2084,PDR,7.401365551418751
TUR,2084,WHT,2.4749033643362703
TUR,2084,GRO,3.8238936303499598
TUR,2084,OSD,2.6745033623097574
TUR,2084,C_B,55.57065336711484
TUR,2084,OTH_A,8.301370425642236
TUR,2084,CEREAL,2.8006751505988414
TUR,2085,CROP_FLW,4.43306496659765
TUR,2085,PDR,7.413519463789679
TUR,2085,WHT,2.476454438634299
TUR,2085,GRO,3.847653245354867
TUR,2085,OSD,2.6754692111166074
TUR,2085,C_B,55.73450059427756
TUR,2085,OTH_A,8.366949309310494
TUR,2085,CEREAL,2.8042004956761764
TUR,2086,CROP_FLW,4.428289072470819
TUR,2086,PDR,7.425693334313582
TUR,2086,WHT,2.4780064850234056
TUR,2086,GRO,3.8715604898075973
TUR,2086,OSD,2.67643540872239
TUR,2086,C_B,55.89883091660333
TUR,2086,OTH_A,8.4330462508129
TUR,2086,CEREAL,2.8077302782756246
TUR,2087,CROP_FLW,4.423518323579819
TUR,2087,PDR,7.437887195764098
TUR,2087,WHT,2.4795595041128204
TUR,2087,GRO,3.895616280998008
TUR,2087,OSD,2.6774019552530675
TUR,2087,C_B,56.063645758473506
TUR,2087,OTH_A,8.499665342685107
TUR,2087,CEREAL,2.81126450398291
TUR,2088,CROP_FLW,4.41875271438151
TUR,2088,PDR,7.450101080968679
TUR,2088,WHT,2.4811134965121537
TUR,2088,GRO,3.919821541915501
TUR,2088,OSD,2.6783688508346475
TUR,2088,C_B,56.22894654846917
TUR,2088,OTH_A,8.566810709792845
TUR,2088,CEREAL,2.8148031783907874
TUR,2089,CROP_FLW,4.413992239338723
TUR,2089,PDR,7.462335022808679
TUR,2089,WHT,2.4826684628314
TUR,2089,GRO,3.9441772012844387
TUR,2089,OSD,2.679336095593184
TUR,2089,C_B,56.39473471938349
TUR,2089,OTH_A,8.634486509587314
TUR,2089,CEREAL,2.8183463070990507
TUR,2090,CROP_FLW,4.409236892920259
TUR,2090,PDR,7.474589054219462
TUR,2090,WHT,2.484224403680936
TUR,2090,GRO,3.9686841935997754
TUR,2090,OSD,2.6803036896547767
TUR,2090,C_B,56.561011708234126
TUR,2090,OTH_A,8.702696932362604
TUR,2090,CEREAL,2.821893895714544
TUR,2091,CROP_FLW,4.406028081360629
TUR,2091,PDR,7.4867255389528005
TUR,2091,WHT,2.4863356584638883
TUR,2091,GRO,3.9926008559474573
TUR,2091,OSD,2.68245476632017
TUR,2091,C_B,56.74355185396902
TUR,2091,OTH_A,8.763035702440252
TUR,2091,CEREAL,2.825574279416401
TUR,2092,CROP_FLW,4.402821605005906
TUR,2092,PDR,7.498881729687447
TUR,2092,WHT,2.488448707527885
TUR,2092,GRO,4.016661648366958
TUR,2092,OSD,2.6846075693312894
TUR,2092,C_B,56.92668111407436
TUR,2092,OTH_A,8.823792821818444
TUR,2092,CEREAL,2.829259463165564
TUR,2093,CROP_FLW,4.399617462156649
TUR,2093,PDR,7.511057658420023
TUR,2093,WHT,2.490563552397823
TUR,2093,GRO,4.040867439435898
TUR,2093,OSD,2.6867621000736133
TUR,2093,C_B,57.11040138980723
TUR,2093,OTH_A,8.884971191055756
TUR,2093,CEREAL,2.8329494532223736
TUR,2094,CROP_FLW,4.396415651114656
TUR,2094,PDR,7.523253357199097
TUR,2094,WHT,2.4926801945998944
TUR,2094,GRO,4.065219102966241
TUR,2094,OSD,2.688918359933732
TUR,2094,C_B,57.29471458856064
TUR,2094,OTH_A,8.946573730821333
TUR,2094,CEREAL,2.8366442558553353
TUR,2095,CROP_FLW,4.393216170182959
TUR,2095,PDR,7.535468858125284
TUR,2095,WHT,2.494798635661588
TUR,2095,GRO,4.089717518035846
TUR,2095,OSD,2.691076350299348
TUR,2095,C_B,57.479622623883365
TUR,2095,OTH_A,9.008603382034318
TUR,2095,CEREAL,2.8403438773411294
TUR,2096,CROP_FLW,4.390019017665826
TUR,2096,PDR,7.547704193351315
TUR,2096,WHT,2.4969188771116912
TUR,2096,GRO,4.114363569020201
TUR,2096,OSD,2.6932360725592774
TUR,2096,C_B,57.66512741549979
TUR,2096,OTH_A,9.071063106004244
TUR,2096,CEREAL,2.844048323964622
TUR,2097,CROP_FLW,4.386824191868759
TUR,2097,PDR,7.559959395082124
TUR,2097,WHT,2.499040920480292
TUR,2097,GRO,4.139158145624343
TUR,2097,OSD,2.6953975281034523
TUR,2097,C_B,57.85123088932986
TUR,2097,OTH_A,9.133955884572421
TUR,2097,CEREAL,2.8477576020188784
TUR,2098,CROP_FLW,4.383631691098493
TUR,2098,PDR,7.572234495574943
TUR,2098,WHT,2.5011647672987753
TUR,2098,GRO,4.164102142914982
TUR,2098,OSD,2.697560718322919
TUR,2098,C_B,58.03793497750911
TUR,2098,OTH_A,9.197284720254277
TUR,2098,CEREAL,2.8514717178051687
TUR,2099,CROP_FLW,4.380441513662996
TUR,2099,PDR,7.584529527139377
TUR,2099,WHT,2.503290419099831
TUR,2099,GRO,4.1891964613528065
TUR,2099,OSD,2.69972564460984
TUR,2099,C_B,58.22524161840861
TUR,2099,OTH_A,9.261052636382713
TUR,2099,CEREAL,2.855190677632983
TUR,2100,CROP_FLW,4.377253657871466
TUR,2100,PDR,7.596844522137494
TUR,2100,WHT,2.5054178774174503
TUR,2100,GRO,4.214442006824996
TUR,2100,OSD,2.701892308357496
TUR,2100,C_B,58.41315275665521
TUR,2100,OTH_A,9.325262677252423
TUR,2100,CEREAL,2.858914487820039
USA,2005,CROP_FLW,7.419548692542733
USA,2005,PDR,7.8609240819257895
USA,2005,WHT,3.6238922773866085
USA,2005,GRO,8.41320529852287
USA,2005,OSD,3.2211604022661997
USA,2005,C_B,60.7512261713529
USA,2005,OTH_A,15.930191567920456
USA,2005,CEREAL,6.818431606615064
USA,2006,CROP_FLW,7.3165810354398815
USA,2006,PDR,7.859539920641823
USA,2006,WHT,3.654030374227017
USA,2006,GRO,8.4372571999967
USA,2006,OSD,3.2349689460788587
USA,2006,C_B,61.97843298644617
USA,2006,OTH_A,15.989482486076994
USA,2006,CEREAL,6.862967180527896
USA,2007,CROP_FLW,7.215042351829704
USA,2007,PDR,7.858156003082695
USA,2007,WHT,3.6844191145224836
USA,2007,GRO,8.46137786170447
USA,2007,OSD,3.2488366846717875
USA,2007,C_B,63.23043002655916
USA,2007,OTH_A,16.048994080360423
USA,2007,CEREAL,6.9077936449941815
USA,2008,CROP_FLW,7.114912810579784
USA,2008,PDR,7.856772329205492
USA,2008,WHT,3.7150605827490746
USA,2008,GRO,8.485567480219816
USA,2008,OSD,3.2627638718025187
USA,2008,C_B,64.50771806731417
USA,2008,OTH_A,16.108727172109905
USA,2008,CEREAL,6.952912900007719
USA,2009,CROP_FLW,7.016172855771915
USA,2009,PDR,7.855388898967305
USA,2009,WHT,3.745956880718401
USA,2009,GRO,8.50982625267835
USA,2009,OSD,3.276750762316399
USA,2009,C_B,65.81080800026524
USA,2009,OTH_A,16.16868258572156
USA,2009,CEREAL,6.998326857972386
USA,2010,CROP_FLW,6.918803202882707
USA,2010,PDR,7.854005712325235
USA,2010,WHT,3.777110127721787
USA,2010,GRO,8.53415437677925
USA,2010,OSD,3.2907976121512537
USA,2010,C_B,67.14022103724533
USA,2010,OTH_A,16.228861148659842
USA,2010,CEREAL,7.044037443783206
USA,2011,CROP_FLW,6.922693886385529
USA,2011,PDR,7.921511714361858
USA,2011,WHT,3.7851106338294924
USA,2011,GRO,8.536658109100342
USA,2011,OSD,3.289114649986727
USA,2011,C_B,67.28867294207473
USA,2011,OTH_A,16.270729465029802
USA,2011,CEREAL,7.055342736201409
USA,2012,CROP_FLW,6.926586757754906
USA,2012,PDR,7.9895979375592345
USA,2012,WHT,3.793128086252189
USA,2012,GRO,8.539162575961173
USA,2012,OSD,3.2874325485137357
USA,2012,C_B,67.43745308484716
USA,2012,OTH_A,16.31270579612116
USA,2012,CEREAL,7.06666617299174
USA,2013,CROP_FLW,6.930481818221149
USA,2013,PDR,8.058269368979037
USA,2013,WHT,3.8011625208848043
USA,2013,GRO,8.541667777577242
USA,2013,OSD,3.2857513072921085
USA,2013,C_B,67.58656219132052
USA,2013,OTH_A,16.35479042059763
USA,2013,CEREAL,7.0780077832749155
USA,2014,CROP_FLW,6.9343790690152645
USA,2014,PDR,8.127531038547255
USA,2014,WHT,3.8092139736982977
USA,2014,GRO,8.54417371416411
USA,2014,OSD,3.2840709258819003
USA,2014,C_B,67.73600098885751
USA,2014,OTH_A,16.396983617841823
USA,2014,CEREAL,7.089367596218394
USA,2015,CROP_FLW,6.93827851136895
USA,2015,PDR,8.197388019422618
USA,2015,WHT,3.8172824807398205
USA,2015,GRO,8.546680385937401
USA,2015,OSD,3.2823914038433917
USA,2015,C_B,67.88577020642894
USA,2015,OTH_A,16.43928566795712
USA,2015,CEREAL,7.100745641036443
USA,2016,CROP_FLW,6.942180146514596
USA,2016,PDR,8.267845428368187
USA,2016,WHT,3.8253680781328776
USA,2016,GRO,8.5491877931128
USA,2016,OSD,3.2807127407370866
USA,2016,C_B,68.03587057461756
USA,2016,OTH_A,16.48169685176955
USA,2016,CEREAL,7.112141946990217
USA,2017,CROP_FLW,6.946083975685284
USA,2017,PDR,8.338908426126139
USA,2017,WHT,3.8334708020774886
USA,2017,GRO,8.55169593590606
USA,2017,OSD,3.2790349361237148
USA,2017,C_B,68.18630282562141
USA,2017,OTH_A,16.524217450829617
USA,2017,CEREAL,7.123556543387834
USA,2018,CROP_FLW,6.949990000114792
USA,2018,PDR,8.41058221779577
USA,2018,WHT,3.8415906888503506
USA,2018,GRO,8.554204814532998
USA,2018,OSD,3.27735798956423
USA,2018,C_B,68.33706769325748
USA,2018,OTH_A,16.566847747414197
USA,2018,CEREAL,7.13498945958445
USA,2019,CROP_FLW,6.95389822103759
USA,2019,PDR,8.482872053214749
USA,2019,WHT,3.849727774805001
USA,2019,GRO,8.556714429209487
USA,2019,OSD,3.2756819006198117
USA,2019,C_B,68.48816591296536
USA,2019,OTH_A,16.6095880245284
USA,2019,CEREAL,7.146440724982335
USA,2020,CROP_FLW,6.957808639688848
USA,2020,PDR,8.55578322734364
USA,2020,WHT,3.857882096371975
USA,2020,GRO,8.559224780151474
USA,2020,OSD,3.2740066688518614
USA,2020,C_B,68.63959822181059
USA,2020,OTH_A,16.652438565907453
USA,2020,CEREAL,7.157910369030947
USA,2021,CROP_FLW,6.940400534835177
USA,2021,PDR,8.576439049782904
USA,2021,WHT,3.8623789791274277
USA,2021,GRO,8.57371326946331
USA,2021,OSD,3.2778041985711774
USA,2021,C_B,69.13157627804551
USA,2021,OTH_A,16.74052108040527
USA,2021,CEREAL,7.1699790400526675
USA,2022,CROP_FLW,6.923035984228294
USA,2022,PDR,8.597144740596493
USA,2022,WHT,3.866881103607228
USA,2022,GRO,8.588226283931096
USA,2022,OSD,3.2816061330561
USA,2022,C_B,69.62708061377636
USA,2022,OTH_A,16.82906950440514
USA,2022,CEREAL,7.182068059585715
USA,2023,CROP_FLW,6.905714878897555
USA,2023,PDR,8.617900420179266
USA,2023,WHT,3.871388475921315
USA,2023,GRO,8.602763865069392
USA,2023,OSD,3.285412477415728
USA,2023,C_B,70.12613650380331
USA,2023,OTH_A,16.91808630231973
USA,2023,CEREAL,7.194177461938916
USA,2024,CROP_FLW,6.888437110144952
USA,2024,PDR,8.63870620921674
USA,2024,WHT,3.8759011021867473
USA,2024,GRO,8.617326054463033
USA,2024,OSD,3.2892232367650887
USA,2024,C_B,70.6287694040851
USA,2024,OTH_A,17.007573951597127
USA,2024,CEREAL,7.20630728147894
USA,2025,CROP_FLW,6.871202569544439
USA,2025,PDR,8.659562228685802
USA,2025,WHT,3.880418988527716
USA,2025,GRO,8.631912893767243
USA,2025,OSD,3.293038416225142
USA,2025,C_B,71.13500495303745
USA,2025,OTH_A,17.097534942789807
USA,2025,CEREAL,7.218457552630404
USA,2026,CROP_FLW,6.854011148941244
USA,2026,PDR,8.680468599855402
USA,2026,WHT,3.884942141075548
USA,2026,GRO,8.646524424707764
USA,2026,OSD,3.2968580209227856
USA,2026,C_B,71.64486897284078
USA,2026,OTH_A,17.187971779623926
USA,2026,CEREAL,7.230628309875962
USA,2027,CROP_FLW,6.836862740451192
USA,2027,PDR,8.701425444287267
USA,2027,WHT,3.88947056596872
USA,2027,GRO,8.661160689080958
USA,2027,OSD,3.3006820559908667
USA,2027,C_B,72.1583874707574
USA,2027,OTH_A,17.278886979069025
USA,2027,CEREAL,7.242819587756415
USA,2028,CROP_FLW,6.819757236460031
USA,2028,PDR,8.722432883836607
USA,2028,WHT,3.8940042693528634
USA,2028,GRO,8.675821728753949
USA,2028,OSD,3.304510526568184
USA,2028,C_B,72.6755866404581
USA,2028,OTH_A,17.370283071408075
USA,2028,CEREAL,7.255031420870795
USA,2029,CROP_FLW,6.802694529622755
USA,2029,PDR,8.74349104065282
USA,2029,WHT,3.8985432573807706
USA,2029,GRO,8.690507585664722
USA,2029,OSD,3.3083434377994965
USA,2029,C_B,73.19649286335823
USA,2029,OTH_A,17.462162600307874
USA,2029,CEREAL,7.267263843876476
USA,2030,CROP_FLW,6.785674512862927
USA,2030,PDR,8.764600037180209
USA,2030,WHT,3.9030875362124062
USA,2030,GRO,8.70521830182226
USA,2030,OSD,3.3121807948355313
USA,2030,C_B,73.72113270996341
USA,2030,OTH_A,17.554528122889888
USA,2030,CEREAL,7.279516891489265
USA,2031,CROP_FLW,6.787959880460793
USA,2031,PDR,8.762496228110539
USA,2031,WHT,3.9039919222532644
USA,2031,GRO,8.704861718070141
USA,2031,OSD,3.315375116610551
USA,2031,C_B,73.77246058924456
USA,2031,OTH_A,17.56382409786387
USA,2031,CEREAL,7.2791171842515165
USA,2032,CROP_FLW,6.790246017754442
USA,2032,PDR,8.76039292402827
USA,2032,WHT,3.9048965178497888
USA,2032,GRO,8.70450514892443
USA,2032,OSD,3.3185725190421635
USA,2032,C_B,73.8238242052418
USA,2032,OTH_A,17.573124995507953
USA,2032,CEREAL,7.278717498961088
USA,2033,CROP_FLW,6.792532925003101
USA,2033,PDR,8.75829012481219
USA,2033,WHT,3.9058013230505364
USA,2033,GRO,8.704148594384527
USA,2033,OSD,3.3217730051014045
USA,2033,C_B,73.87522358283665
USA,2033,OTH_A,17.582430818428925
USA,2033,CEREAL,7.278317835616772
USA,2034,CROP_FLW,6.794820602466088
USA,2034,PDR,8.756187830341112
USA,2034,WHT,3.906706337904075
USA,2034,GRO,8.703792054449838
USA,2034,OSD,3.3249765777621763
USA,2034,C_B,73.92665874692786
USA,2034,OTH_A,17.59174156923497
USA,2034,CEREAL,7.2779181942173645
USA,2035,CROP_FLW,6.7971090504028036
USA,2035,PDR,8.75408604049388
USA,2035,WHT,3.907611562458982
USA,2035,GRO,8.703435529119762
USA,2035,OSD,3.328183240001247
USA,2035,C_B,73.97812972243158
USA,2035,OTH_A,17.60105725053563
USA,2035,CEREAL,7.27751857476166
USA,2036,CROP_FLW,6.799398269072739
USA,2036,PDR,8.751984755149364
USA,2036,WHT,3.9085169967638485
USA,2036,GRO,8.703079018393701
USA,2036,OSD,3.331392994798258
USA,2036,C_B,74.02963653428127
USA,2036,OTH_A,17.61037786494185
USA,2036,CEREAL,7.277118977248454
USA,2037,CROP_FLW,6.801688258735472
USA,2037,PDR,8.749883974186469
USA,2037,WHT,3.9094226408672754
USA,2037,GRO,8.702722522271058
USA,2037,OSD,3.3346058451357234
USA,2037,C_B,74.08117920742775
USA,2037,OTH_A,17.619703415065946
USA,2037,CEREAL,7.276719401676543
USA,2038,CROP_FLW,6.803979019650666
USA,2038,PDR,8.747783697484124
USA,2038,WHT,3.910328494817875
USA,2038,GRO,8.702366040751231
USA,2038,OSD,3.3378217939990322
USA,2038,C_B,74.13275776683925
USA,2038,OTH_A,17.62903390352162
USA,2038,CEREAL,7.27631984804472
USA,2039,CROP_FLW,6.806270552078074
USA,2039,PDR,8.745683924921291
USA,2039,WHT,3.911234558664271
USA,2039,GRO,8.702009573833628
USA,2039,OSD,3.3410408443764537
USA,2039,C_B,74.18437223750134
USA,2039,OTH_A,17.638369332923958
USA,2039,CEREAL,7.275920316351781
USA,2040,CROP_FLW,6.808562856277539
USA,2040,PDR,8.743584656376958
USA,2040,WHT,3.912140832455099
USA,2040,GRO,8.701653121517648
USA,2040,OSD,3.3442629992591413
USA,2040,C_B,74.23602264441693
USA,2040,OTH_A,17.64770970588944
USA,2040,CEREAL,7.275520806596523
USA,2041,CROP_FLW,6.811513860226871
USA,2041,PDR,8.743619153624564
USA,2041,WHT,3.9120053906828276
USA,2041,GRO,8.702686987650628
USA,2041,OSD,3.348901224800413
USA,2041,C_B,74.2993349583549
USA,2041,OTH_A,17.664251278537808
USA,2041,CEREAL,7.276119720259297
USA,2042,CROP_FLW,6.8144661432162135
USA,2042,PDR,8.743653651008277
USA,2042,WHT,3.9118699535996697
USA,2042,GRO,8.703720976619943
USA,2042,OSD,3.3535458831898715
USA,2042,C_B,74.36270126830388
USA,2042,OTH_A,17.680808355953094
USA,2042,CEREAL,7.2767186832240505
USA,2043,CROP_FLW,6.817419705799935
USA,2043,PDR,8.743688148528099
USA,2043,WHT,3.9117345212054637
USA,2043,GRO,8.704755088440189
USA,2043,OSD,3.3581969833493637
USA,2043,C_B,74.42612162031446
USA,2043,OTH_A,17.69738095266825
USA,2043,CEREAL,7.277317695494842
USA,2044,CROP_FLW,6.820374548532645
USA,2044,PDR,8.743722646184027
USA,2044,WHT,3.9115990935000466
USA,2044,GRO,8.70578932312596
USA,2044,OSD,3.362854534213109
USA,2044,C_B,74.48959606047652
USA,2044,OTH_A,17.713969083229845
USA,2044,CEREAL,7.2779167570757295
USA,2045,CROP_FLW,6.823330671969191
USA,2045,PDR,8.743757143976062
USA,2045,WHT,3.9114636704832564
USA,2045,GRO,8.706823680691857
USA,2045,OSD,3.3675185447277203
USA,2045,C_B,74.55312463491917
USA,2045,OTH_A,17.73057276219808
USA,2045,CEREAL,7.278515867970772
USA,2046,CROP_FLW,6.826288076664664
USA,2046,PDR,8.743791641904208
USA,2046,WHT,3.9113282521549304
USA,2046,GRO,8.707858161152476
USA,2046,OSD,3.3721890238522154
USA,2046,C_B,74.616707389811
USA,2046,OTH_A,17.747192004146804
USA,2046,CEREAL,7.27911502818403
USA,2047,CROP_FLW,6.829246763174393
USA,2047,PDR,8.743826139968462
USA,2047,WHT,3.9111928385149066
USA,2047,GRO,8.70889276452242
USA,2047,OSD,3.37686598055804
USA,2047,C_B,74.68034437135981
USA,2047,OTH_A,17.763826823663535
USA,2047,CEREAL,7.279714237719564
USA,2048,CROP_FLW,6.83220673205395
USA,2048,PDR,8.743860638168826
USA,2048,WHT,3.9110574295630234
USA,2048,GRO,8.709927490816293
USA,2048,OSD,3.381549423829082
USA,2048,C_B,74.74403562581297
USA,2048,OTH_A,17.78047723534945
USA,2048,CEREAL,7.280313496581434
USA,2049,CROP_FLW,6.835167983859146
USA,2049,PDR,8.743895136505301
USA,2049,WHT,3.9109220252991173
USA,2049,GRO,8.7109623400487
USA,2049,OSD,3.3862393626616893
USA,2049,C_B,74.80778119945717
USA,2049,OTH_A,17.79714325381943
USA,2049,CEREAL,7.280912804773697
USA,2050,CROP_FLW,6.838130519146035
USA,2050,PDR,8.743929634977876
USA,2050,WHT,3.9107866257230244
USA,2050,GRO,8.71199731223425
USA,2050,OSD,3.3909358060646846
USA,2050,C_B,74.87158113861858
USA,2050,OTH_A,17.813824893702034
USA,2050,CEREAL,7.281512162300413
USA,2051,CROP_FLW,6.845719191745539
USA,2051,PDR,8.74437645389531
USA,2051,WHT,3.911026392200264
USA,2051,GRO,8.714134304584983
USA,2051,OSD,3.395254106964672
USA,2051,C_B,74.92443723853279
USA,2051,OTH_A,17.830950889568165
USA,2051,CEREAL,7.279328922208595
USA,2052,CROP_FLW,6.853316285938003
USA,2052,PDR,8.7448232956454
USA,2052,WHT,3.9112661733773497
USA,2052,GRO,8.716271821125078
USA,2052,OSD,3.3995779071497325
USA,2052,C_B,74.9773306525688
USA,2052,OTH_A,17.848093350159647
USA,2052,CEREAL,7.2771463367249405
USA,2053,CROP_FLW,6.860921811069355
USA,2053,PDR,8.745270160229316
USA,2053,WHT,3.911505969255184
USA,2053,GRO,8.718409861983114
USA,2053,OSD,3.4039072136231154
USA,2053,C_B,75.03026140706876
USA,2053,OTH_A,17.865252291305477
USA,2053,CEREAL,7.274964405653176
USA,2054,CROP_FLW,6.868535776495904
USA,2054,PDR,8.745717047648219
USA,2054,WHT,3.9117457798346673
USA,2054,GRO,8.720548427287703
USA,2054,OSD,3.4082420333969874
USA,2054,C_B,75.08322952839345
USA,2054,OTH_A,17.88242772884985
USA,2054,CEREAL,7.2727831287970846
USA,2055,CROP_FLW,6.876158191584337
USA,2055,PDR,8.746163957903283
USA,2055,WHT,3.911985605116701
USA,2055,GRO,8.722687517167488
USA,2055,OSD,3.412582373492448
USA,2055,C_B,75.1362350429222
USA,2055,OTH_A,17.89961967865222
USA,2055,CEREAL,7.270602505960513
USA,2056,CROP_FLW,6.883789065711737
USA,2056,PDR,8.746610890995669
USA,2056,WHT,3.9122254451021865
USA,2056,GRO,8.724827131751143
USA,2056,OSD,3.4169282409395336
USA,2056,C_B,75.18927797705301
USA,2056,OTH_A,17.916828156587258
USA,2056,CEREAL,7.268422536947364
USA,2057,CROP_FLW,6.891428408265592
USA,2057,PDR,8.747057846926547
USA,2057,WHT,3.912465299792025
USA,2057,GRO,8.726967271167375
USA,2057,OSD,3.4212796427772356
USA,2057,C_B,75.24235835720252
USA,2057,OTH_A,17.934053178544914
USA,2057,CEREAL,7.266243221561599
USA,2058,CROP_FLW,6.899076228643813
USA,2058,PDR,8.747504825697082
USA,2058,WHT,3.912705169187119
USA,2058,GRO,8.729107935544922
USA,2058,OSD,3.4256365860535105
USA,2058,C_B,75.29547620980598
USA,2058,OTH_A,17.95129476043041
USA,2058,CEREAL,7.26406455960724
USA,2059,CROP_FLW,6.906732536254733
USA,2059,PDR,8.747951827308443
USA,2059,WHT,3.912945053288369
USA,2059,GRO,8.731249125012553
USA,2059,OSD,3.4299990778252885
USA,2059,C_B,75.34863156131732
USA,2059,OTH_A,17.968552918164267
USA,2059,CEREAL,7.261886550888364
USA,2060,CROP_FLW,6.914397340517132
USA,2060,PDR,8.7483988517618
USA,2060,WHT,3.913184952096679
USA,2060,GRO,8.733390839699066
USA,2060,OSD,3.434367125158486
USA,2060,C_B,75.40182443820918
USA,2060,OTH_A,17.98582766768229
USA,2060,CEREAL,7.259709195209114
USA,2061,CROP_FLW,6.9201602454629665
USA,2061,PDR,8.746986575514892
USA,2061,WHT,3.913676201790626
USA,2061,GRO,8.73710430467503
USA,2061,OSD,3.437790378000244
USA,2061,C_B,75.39983762544739
USA,2061,OTH_A,18.006578026577195
USA,2061,CEREAL,7.253621392782481
USA,2062,CROP_FLW,6.925927953585677
USA,2062,PDR,8.745574527255325
USA,2062,WHT,3.91416751315461
USA,2062,GRO,8.740819348627866
USA,2062,OSD,3.441217043016529
USA,2062,C_B,75.39785086503744
USA,2062,OTH_A,18.027352325287506
USA,2062,CEREAL,7.247538695427883
USA,2063,CROP_FLW,6.931700468888541
USA,2063,PDR,8.744162706946295
USA,2063,WHT,3.9146588861963734
USA,2063,GRO,8.744535972228954
USA,2063,OSD,3.4446471236084717
USA,2063,C_B,75.39586415697796
USA,2063,OTH_A,18.04815059143273
USA,2063,CEREAL,7.241461098864338
USA,2064,CROP_FLW,6.9374777953781726
USA,2064,PDR,8.742751114551004
USA,2064,WHT,3.9151503209236584
USA,2064,GRO,8.748254176149972
USA,2064,OSD,3.448080623180595
USA,2064,C_B,75.39387750126758
USA,2064,OTH_A,18.06897285266425
USA,2064,CEREAL,7.235388598814457
USA,2065,CROP_FLW,6.943259937064524
USA,2065,PDR,8.741339750032658
USA,2065,WHT,3.91564181734421
USA,2065,GRO,8.75197396106287
USA,2065,OSD,3.4515175451408147
USA,2065,C_B,75.39189089790491
USA,2065,OTH_A,18.089819136665337
USA,2065,CEREAL,7.229321191004436
USA,2066,CROP_FLW,6.949046897960892
USA,2066,PDR,8.73992861335447
USA,2066,WHT,3.9161333754657712
USA,2066,GRO,8.755695327639899
USA,2066,OSD,3.4549578929004436
USA,2066,C_B,75.38990434688857
USA,2066,OTH_A,18.1106894711512
USA,2066,CEREAL,7.223258871164058
USA,2067,CROP_FLW,6.954838682083918
USA,2067,PDR,8.738517704479662
USA,2067,WHT,3.916624995296089
USA,2067,GRO,8.75941827655358
USA,2067,OSD,3.458401669874194
USA,2067,C_B,75.38791784821719
USA,2067,OTH_A,18.131583883869045
USA,2067,CEREAL,7.21720163502668
USA,2068,CROP_FLW,6.9606352934535884
USA,2068,PDR,8.737107023371456
USA,2068,WHT,3.9171166768429106
USA,2068,GRO,8.76314280847673
USA,2068,OSD,3.4618488794801823
USA,2068,C_B,75.38593140188938
USA,2068,OTH_A,18.152502402598067
USA,2068,CEREAL,7.211149478329246
USA,2069,CROP_FLW,6.966436736093243
USA,2069,PDR,8.735696569993085
USA,2069,WHT,3.9176084201139822
USA,2069,GRO,8.76686892408245
USA,2069,OSD,3.4652995251399323
USA,2069,C_B,75.38394500790376
USA,2069,OTH_A,18.17344505514952
USA,2069,CEREAL,7.205102396812269
USA,2070,CROP_FLW,6.972243014029581
USA,2070,PDR,8.734286344307787
USA,2070,WHT,3.9181002251170534
USA,2070,GRO,8.770596624044137
USA,2070,OSD,3.4687536102783776
USA,2070,C_B,75.38195866625897
USA,2070,OTH_A,18.194411869366736
USA,2070,CEREAL,7.199060386219838
USA,2071,CROP_FLW,6.974252862877327
USA,2071,PDR,8.734432418693288
USA,2071,WHT,3.917910593654876
USA,2071,GRO,8.772357199707477
USA,2071,OSD,3.4706592355148898
USA,2071,C_B,75.3801498770009
USA,2071,OTH_A,18.204477347496773
USA,2071,CEREAL,7.194286649965532
USA,2072,CROP_FLW,6.976263291092771
USA,2072,PDR,8.734578495521776
USA,2072,WHT,3.9177209713706396
USA,2072,GRO,8.77411812878197
USA,2072,OSD,3.472565907642577
USA,2072,C_B,75.37834113114472
USA,2072,OTH_A,18.214548394031592
USA,2072,CEREAL,7.1895160792018045
USA,2073,CROP_FLW,6.978274298842925
USA,2073,PDR,8.734724574793288
USA,2073,WHT,3.9175313582638993
USA,2073,GRO,8.775879411338558
USA,2073,OSD,3.4744736272365677
USA,2073,C_B,75.37653242868937
USA,2073,OTH_A,18.22462501205173
USA,2073,CEREAL,7.184748671829602
USA,2074,CROP_FLW,6.9802858862948485
USA,2074,PDR,8.734870656507864
USA,2074,WHT,3.9173417543342115
USA,2074,GRO,8.777641047448197
USA,2074,OSD,3.4763823948723083
USA,2074,C_B,75.37472376963382
USA,2074,OTH_A,18.234707204639435
USA,2074,CEREAL,7.17998442575126
USA,2075,CROP_FLW,6.982298053615648
USA,2075,PDR,8.735016740665552
USA,2075,WHT,3.9171521595811316
USA,2075,GRO,8.779403037181861
USA,2075,OSD,3.4782922111255594
USA,2075,C_B,75.37291515397702
USA,2075,OTH_A,18.24479497487866
USA,2075,CEREAL,7.17522333887051
USA,2076,CROP_FLW,6.98431080097248
USA,2076,PDR,8.735162827266382
USA,2076,WHT,3.916962574004216
USA,2076,GRO,8.781165380610533
USA,2076,OSD,3.4802030765724004
USA,2076,C_B,75.37110658171794
USA,2076,OTH_A,18.254888325855056
USA,2076,CEREAL,7.170465409092469
USA,2077,CROP_FLW,6.986324128532548
USA,2077,PDR,8.735308916310405
USA,2077,WHT,3.91677299760302
USA,2077,GRO,8.782928077805211
USA,2077,OSD,3.4821149917892242
USA,2077,C_B,75.36929805285551
USA,2077,OTH_A,18.264987260655996
USA,2077,CEREAL,7.165710634323647
USA,2078,CROP_FLW,6.9883380364631025
USA,2078,PDR,8.735455007797658
USA,2078,WHT,3.9165834303771
USA,2078,GRO,8.78469112883691
USA,2078,OSD,3.484027957352742
USA,2078,C_B,75.36748956738873
USA,2078,OTH_A,18.275091782370552
USA,2078,CEREAL,7.160959012471938
USA,2079,CROP_FLW,6.990352524931445
USA,2079,PDR,8.735601101728179
USA,2079,WHT,3.9163938723260117
USA,2079,GRO,8.78645453377666
USA,2079,OSD,3.485941973839982
USA,2079,C_B,75.36568112531654
USA,2079,OTH_A,18.285201894089504
USA,2079,CEREAL,7.156210541446626
USA,2080,CROP_FLW,6.992367594104919
USA,2080,PDR,8.735747198102004
USA,2080,WHT,3.916204323449309
USA,2080,GRO,8.788218292695491
USA,2080,OSD,3.4878570418282853
USA,2080,C_B,75.36387272663791
USA,2080,OTH_A,18.295317598905324
USA,2080,CEREAL,7.151465219158381
USA,2081,CROP_FLW,6.9937259994461325
USA,2081,PDR,8.735555678703335
USA,2081,WHT,3.9159006873345312
USA,2081,GRO,8.788909228660634
USA,2081,OSD,3.48890709393116
USA,2081,C_B,75.38673347660671
USA,2081,OTH_A,18.296131345739493
USA,2081,CEREAL,7.146637754208833
USA,2082,CROP_FLW,6.995084668684382
USA,2082,PDR,8.73536416350347
USA,2082,WHT,3.9155970747616533
USA,2082,GRO,8.789600218947653
USA,2082,OSD,3.489957462162077
USA,2082,C_B,75.40960116111683
USA,2082,OTH_A,18.296945128767835
USA,2082,CEREAL,7.141813547950634
USA,2083,CROP_FLW,6.996443601870931
USA,2083,PDR,8.735172652502316
USA,2083,WHT,3.9152934857288497
USA,2083,GRO,8.790291263560817
USA,2083,OSD,3.4910081466162097
USA,2083,C_B,75.43247578227175
USA,2083,OTH_A,18.297758947991962
USA,2083,CEREAL,7.136992598184063
USA,2084,CROP_FLW,6.99780279905706
USA,2084,PDR,8.734981145699779
USA,2084,WHT,3.914989920234296
USA,2084,GRO,8.790982362504403
USA,2084,OSD,3.49205914738876
USA,2084,C_B,75.45535734217567
USA,2084,OTH_A,18.298572803413478
USA,2084,CEREAL,7.132174902710887
USA,2085,CROP_FLW,6.999162260294055
USA,2085,PDR,8.73478964309577
USA,2085,WHT,3.914686378276167
USA,2085,GRO,8.791673515782676
USA,2085,OSD,3.493110464574959
USA,2085,C_B,75.47824584293335
USA,2085,OTH_A,18.299386695034006
USA,2085,CEREAL,7.127360459334355
USA,2086,CROP_FLW,7.000521985633212
USA,2086,PDR,8.734598144690196
USA,2086,WHT,3.914382859852637
USA,2086,GRO,8.792364723399913
USA,2086,OSD,3.4941620982700656
USA,2086,C_B,75.50114128665024
USA,2086,OTH_A,18.30020062285514
USA,2086,CEREAL,7.122549265859197
USA,2087,CROP_FLW,7.001881975125839
USA,2087,PDR,8.734406650482962
USA,2087,WHT,3.9140793649618826
USA,2087,GRO,8.793055985360384
USA,2087,OSD,3.495214048569367
USA,2087,C_B,75.52404367543237
USA,2087,OTH_A,18.301014586878505
USA,2087,CEREAL,7.117741320091628
USA,2088,CROP_FLW,7.003242228823253
USA,2088,PDR,8.734215160473981
USA,2088,WHT,3.913775893602078
USA,2088,GRO,8.793747301668361
USA,2088,OSD,3.4962663155681812
USA,2088,C_B,75.54695301138646
USA,2088,OTH_A,18.301828587105696
USA,2088,CEREAL,7.1129366198393456
USA,2089,CROP_FLW,7.004602746776781
USA,2089,PDR,8.734023674663158
USA,2089,WHT,3.9134724457713994
USA,2089,GRO,8.794438672328114
USA,2089,OSD,3.4973188993618525
USA,2089,C_B,75.56986929661988
USA,2089,OTH_A,18.30264262353834
USA,2089,CEREAL,7.10813516291152
USA,2090,CROP_FLW,7.005963529037755
USA,2090,PDR,8.733832193050404
USA,2090,WHT,3.913169021468023
USA,2090,GRO,8.795130097343929
USA,2090,OSD,3.4983718000457587
USA,2090,C_B,75.59279253324058
USA,2090,OTH_A,18.303456696178046
USA,2090,CEREAL,7.1033369471188035
USA,2091,CROP_FLW,7.010955995755179
USA,2091,PDR,8.733744519004441
USA,2091,WHT,3.912223991187908
USA,2091,GRO,8.795409525579267
USA,2091,OSD,3.4987916709494735
USA,2091,C_B,75.60760646969796
USA,2091,OTH_A,18.304004673705197
USA,2091,CEREAL,7.0983872469649185
USA,2092,CROP_FLW,7.015952020116576
USA,2092,PDR,8.73365684583859
USA,2092,WHT,3.911279189132597
USA,2092,GRO,8.79568896269226
USA,2092,OSD,3.4992115922456533
USA,2092,C_B,75.62242330924578
USA,2092,OTH_A,18.304552667637957
USA,2092,CEREAL,7.093440995828276
USA,2093,CROP_FLW,7.020951604657132
USA,2093,PDR,8.73356917355284
USA,2093,WHT,3.9103346152469727
USA,2093,GRO,8.795968408683194
USA,2093,OSD,3.4996315639403446
USA,2093,C_B,75.63724305245294
USA,2093,OTH_A,18.305100677976817
USA,2093,CEREAL,7.088498191305556
USA,2094,CROP_FLW,7.025954751913838
USA,2094,PDR,8.733481502147182
USA,2094,WHT,3.909390269475933
USA,2094,GRO,8.796247863552347
USA,2094,OSD,3.500051586039597
USA,2094,C_B,75.65206569988851
USA,2094,OTH_A,18.30564870472227
USA,2094,CEREAL,7.08355883099511
USA,2095,CROP_FLW,7.030961464425497
USA,2095,PDR,8.73339383162161
USA,2095,WHT,3.908446151764387
USA,2095,GRO,8.796527327300002
USA,2095,OSD,3.5004716585494604
USA,2095,C_B,75.6668912521216
USA,2095,OTH_A,18.306196747874804
USA,2095,CEREAL,7.078622912496967
USA,2096,CROP_FLW,7.035971744732717
USA,2096,PDR,8.733306161976111
USA,2096,WHT,3.907502262057259
USA,2096,GRO,8.796806799926442
USA,2096,OSD,3.5008917814759846
USA,2096,C_B,75.68171970972149
USA,2096,OTH_A,18.306744807434917
USA,2096,CEREAL,7.073690433412824
USA,2097,CROP_FLW,7.040985595377917
USA,2097,PDR,8.73321849321068
USA,2097,WHT,3.906558600299486
USA,2097,GRO,8.797086281431945
USA,2097,OSD,3.50131195482522
USA,2097,C_B,75.69655107325754
USA,2097,OTH_A,18.307292883403093
USA,2097,CEREAL,7.068761391346053
USA,2098,CROP_FLW,7.0460030189053295
USA,2098,PDR,8.733130825325306
USA,2098,WHT,3.905615166436019
USA,2098,GRO,8.797365771816798
USA,2098,OSD,3.501732178603219
USA,2098,C_B,75.71138534329918
USA,2098,OTH_A,18.30784097577983
USA,2098,CEREAL,7.063835783901693
USA,2099,CROP_FLW,7.051024017860997
USA,2099,PDR,8.733043158319981
USA,2099,WHT,3.90467196041182
USA,2099,GRO,8.797645271081281
USA,2099,OSD,3.502152452816034
USA,2099,C_B,75.72622252041607
USA,2099,OTH_A,18.30838908456561
USA,2099,CEREAL,7.058913608686455
USA,2100,CROP_FLW,7.056048594792783
USA,2100,PDR,8.732955492194696
USA,2100,WHT,3.9037289821718666
USA,2100,GRO,8.797924779225678
USA,2100,OSD,3.502572777469718
USA,2100,C_B,75.74106260517787
USA,2100,OTH_A,18.308937209760934
USA,2100,CEREAL,7.053994863308714
R5OECD90+EU,2005,CROP_FLW,5.708570660488726
R5OECD90+EU,2005,PDR,6.956107170017049
R5OECD90+EU,2005,WHT,3.4456568952446656
R5OECD90+EU,2005,GRO,5.990171972392056
R5OECD90+EU,2005,OSD,2.8714838788669677
R5OECD90+EU,2005,C_B,69.1177124215125
R5OECD90+EU,2005,OTH_A,12.45193434686391
R5OECD90+EU,2005,CEREAL,4.874242617054379
R5OECD90+EU,2006,CROP_FLW,5.651932127820992
R5OECD90+EU,2006,PDR,6.9523128246746095
R5OECD90+EU,2006,WHT,3.463905169175832
R5OECD90+EU,2006,GRO,6.047693048911032
R5OECD90+EU,2006,OSD,2.875226437136855
R5OECD90+EU,2006,C_B,70.42957565338493
R5OECD90+EU,2006,OTH_A,12.135696643781959
R5OECD90+EU,2006,CEREAL,4.914154565623331
R5OECD90+EU,2007,CROP_FLW,5.5958555437693915
R5OECD90+EU,2007,PDR,6.948520549032397
R5OECD90+EU,2007,WHT,3.482250086363013
R5OECD90+EU,2007,GRO,6.10576647588992
R5OECD90+EU,2007,OSD,2.87897387328278
R5OECD90+EU,2007,C_B,71.76633822117061
R5OECD90+EU,2007,OTH_A,11.827490326191189
R5OECD90+EU,2007,CEREAL,4.954393326738093
R5OECD90+EU,2008,CROP_FLW,5.540335332867322
R5OECD90+EU,2008,PDR,6.94473034196145
R5OECD90+EU,2008,WHT,3.500692158630997
R5OECD90+EU,2008,GRO,6.16439755731552
R5OECD90+EU,2008,OSD,2.8827261936623376
R5OECD90+EU,2008,C_B,73.12847271752545
R5OECD90+EU,2008,OTH_A,11.527111423621667
R5OECD90+EU,2008,CEREAL,4.994961576450421
R5OECD90+EU,2009,CROP_FLW,5.485365974966103
R5OECD90+EU,2009,PDR,6.940942202333427
R5OECD90+EU,2009,WHT,3.519231900515207
R5OECD90+EU,2009,GRO,6.223591648106562
R5OECD90+EU,2009,OSD,2.8864834046414116
R5OECD90+EU,2009,C_B,74.51646070497583
R5OECD90+EU,2009,OTH_A,11.234361145774763
R5OECD90+EU,2009,CEREAL,5.03586201272449
R5OECD90+EU,2010,CROP_FLW,5.430942004686125
R5OECD90+EU,2010,PDR,6.937156129020602
R5OECD90+EU,2010,WHT,3.537869829276058
R5OECD90+EU,2010,GRO,6.283354154602788
R5OECD90+EU,2010,OSD,2.890245512594182
R5OECD90+EU,2010,C_B,75.93079288616795
R5OECD90+EU,2010,OTH_A,10.949045750964016
R5OECD90+EU,2010,CEREAL,5.0770973556163215
R5OECD90+EU,2011,CROP_FLW,5.417024000203419
R5OECD90+EU,2011,PDR,6.967908309499774
R5OECD90+EU,2011,WHT,3.538990414701822
R5OECD90+EU,2011,GRO,6.29269614260211
R5OECD90+EU,2011,OSD,2.9113192567950046
R5OECD90+EU,2011,C_B,76.71171191426647
R5OECD90+EU,2011,OTH_A,11.107556919442214
R5OECD90+EU,2011,CEREAL,5.083579579750669
R5OECD90+EU,2012,CROP_FLW,5.403141663722435
R5OECD90+EU,2012,PDR,6.998796813363722
R5OECD90+EU,2012,WHT,3.5401113550619825
R5OECD90+EU,2012,GRO,6.302052020116115
R5OECD90+EU,2012,OSD,2.9325466566948695
R5OECD90+EU,2012,C_B,77.50066239449747
R5OECD90+EU,2012,OTH_A,11.268362880645167
R5OECD90+EU,2012,CEREAL,5.09007008011586
R5OECD90+EU,2013,CROP_FLW,5.389294903835937
R5OECD90+EU,2013,PDR,7.029822244929438
R5OECD90+EU,2013,WHT,3.5412326504689635
R5OECD90+EU,2013,GRO,6.311421807795503
R5OECD90+EU,2013,OSD,2.9539288326487374
R5OECD90+EU,2013,C_B,78.29772692726002
R5OECD90+EU,2013,OTH_A,11.431496856671359
R5OECD90+EU,2013,CEREAL,5.096568867278637
R5OECD90+EU,2014,CROP_FLW,5.375483629370938
R5OECD90+EU,2014,PDR,7.060985211192832
R5OECD90+EU,2014,WHT,3.5423543010352208
R5OECD90+EU,2014,GRO,6.320805526321681
R5OECD90+EU,2014,OSD,2.9754669131804494
R5OECD90+EU,2014,C_B,79.10298896246653
R5OECD90+EU,2014,OTH_A,11.596992550581147
R5OECD90+EU,2014,CEREAL,5.103075951819235
R5OECD90+EU,2015,CROP_FLW,5.361707749388101
R5OECD90+EU,2015,PDR,7.092286321840608
R5OECD90+EU,2015,WHT,3.543476306873249
R5OECD90+EU,2015,GRO,6.330203196406806
R5OECD90+EU,2015,OSD,2.997162035042293
R5OECD90+EU,2015,C_B,79.91653280827971
R5OECD90+EU,2015,OTH_A,11.764884153359748
R5OECD90+EU,2015,CEREAL,5.109591344331395
R5OECD90+EU,2016,CROP_FLW,5.347967173181146
R5OECD90+EU,2016,PDR,7.123726189262187
R5OECD90+EU,2016,WHT,3.544598668095576
R5OECD90+EU,2016,GRO,6.339614838793824
R5OECD90+EU,2016,OSD,3.0190153432749924
R5OECD90+EU,2016,C_B,80.73844363993935
R5OECD90+EU,2016,OTH_A,11.93520635098099
R5OECD90+EU,2016,CEREAL,5.116115055422387
R5OECD90+EU,2017,CROP_FLW,5.334261810276243
R5OECD90+EU,2017,PDR,7.155305428561697
R5OECD90+EU,2017,WHT,3.5457213848147666
R5OECD90+EU,2017,GRO,6.349040474256525
R5OECD90+EU,2017,OSD,3.041027991268149
R5OECD90+EU,2017,C_B,81.5688075086798
R5OECD90+EU,2017,OTH_A,12.107994331573348
R5OECD90+EU,2017,CEREAL,5.122647095713022
R5OECD90+EU,2018,CROP_FLW,5.320591570431425
R5OECD90+EU,2018,PDR,7.187024657569995
R5OECD90+EU,2018,WHT,3.5468444571434214
R5OECD90+EU,2018,GRO,6.358480123599588
R5OECD90+EU,2018,OSD,3.06320114082111
R5OECD90+EU,2018,C_B,82.40771135073935
R5OECD90+EU,2018,OTH_A,12.283283792689728
R5OECD90+EU,2018,CEREAL,5.129187475837671
R5OECD90+EU,2019,CROP_FLW,5.306956363635989
R5OECD90+EU,2019,PDR,7.218884496856768
R5OECD90+EU,2019,WHT,3.5479678851941747
R5OECD90+EU,2019,GRO,6.3679338076586145
R5OECD90+EU,2019,OSD,3.085535962204291
R5OECD90+EU,2019,C_B,83.25524299646204
R5OECD90+EU,2019,OTH_A,12.461110948682492
R5OECD90+EU,2019,CEREAL,5.135736206444282
R5OECD90+EU,2020,CROP_FLW,5.293356100109904
R5OECD90+EU,2020,PDR,7.250885569742672
R5OECD90+EU,2020,WHT,3.549091669079703
R5OECD90+EU,2020,GRO,6.3774015473002
R5OECD90+EU,2020,OSD,3.1080336342209396
R5OECD90+EU,2020,C_B,84.11149117949324
R5OECD90+EU,2020,OTH_A,12.641512538185225
R5OECD90+EU,2020,CEREAL,5.142293298194395
R5OECD90+EU,2021,CROP_FLW,5.297317808550419
R5OECD90+EU,2021,PDR,7.26122484382081
R5OECD90+EU,2021,WHT,3.5516784781638275
R5OECD90+EU,2021,GRO,6.382383184904103
R5OECD90+EU,2021,OSD,3.108964154609305
R5OECD90+EU,2021,C_B,84.60456333716202
R5OECD90+EU,2021,OTH_A,12.670556723916595
R5OECD90+EU,2021,CEREAL,5.1454149112990075
R5OECD90+EU,2022,CROP_FLW,5.301282482053831
R5OECD90+EU,2022,PDR,7.271578861006867
R5OECD90+EU,2022,WHT,3.554267172682836
R5OECD90+EU,2022,GRO,6.387368713859841
R5OECD90+EU,2022,OSD,3.109894953588026
R5OECD90+EU,2022,C_B,85.10052594593633
R5OECD90+EU,2022,OTH_A,12.699667639378466
R5OECD90+EU,2022,CEREAL,5.148538419369116
R5OECD90+EU,2023,CROP_FLW,5.305250122839283
R5OECD90+EU,2023,PDR,7.281947642323522
R5OECD90+EU,2023,WHT,3.556857754010955
R5OECD90+EU,2023,GRO,6.392358137207102
R5OECD90+EU,2023,OSD,3.110826031240509
R5OECD90+EU,2023,C_B,85.5993959500047
R5OECD90+EU,2023,OTH_A,12.728845437884035
R5OECD90+EU,2023,CEREAL,5.151663823555055
R5OECD90+EU,2024,CROP_FLW,5.309220733127577
R5OECD90+EU,2024,PDR,7.292331208823428
R5OECD90+EU,2024,WHT,3.559450223523415
R5OECD90+EU,2024,GRO,6.397351457987947
R5OECD90+EU,2024,OSD,3.1117573876501883
R5OECD90+EU,2024,C_B,86.10119039288462
R5OECD90+EU,2024,OTH_A,12.758090273098736
R5OECD90+EU,2024,CEREAL,5.154791125007855
R5OECD90+EU,2025,CROP_FLW,5.313194315141179
R5OECD90+EU,2025,PDR,7.302729581589262
R5OECD90+EU,2025,WHT,3.562044582596447
R5OECD90+EU,2025,GRO,6.402348679246813
R5OECD90+EU,2025,OSD,3.1126890229005197
R5OECD90+EU,2025,C_B,86.60592641800481
R5OECD90+EU,2025,OTH_A,12.787402299041057
R5OECD90+EU,2025,CEREAL,5.157920324879245
R5OECD90+EU,2026,CROP_FLW,5.317170871104221
R5OECD90+EU,2026,PDR,7.313142781733759
R5OECD90+EU,2026,WHT,3.564640832607286
R5OECD90+EU,2026,GRO,6.407349804030517
R5OECD90+EU,2026,OSD,3.1136209370749865
R5OECD90+EU,2026,C_B,87.11362126929096
R5OECD90+EU,2026,OTH_A,12.816781670083346
R5OECD90+EU,2026,CEREAL,5.161051424321656
R5OECD90+EU,2027,CROP_FLW,5.321150403242496
R5OECD90+EU,2027,PDR,7.323570830399763
R5OECD90+EU,2027,WHT,3.5672389749341704
R5OECD90+EU,2027,GRO,6.412354835388253
R5OECD90+EU,2027,OSD,3.1145531302570975
R5OECD90+EU,2027,C_B,87.6242922917548
R5OECD90+EU,2027,OTH_A,12.846228540952627
R5OECD90+EU,2027,CEREAL,5.164184424488216
R5OECD90+EU,2028,CROP_FLW,5.325132913783463
R5OECD90+EU,2028,PDR,7.334013748760265
R5OECD90+EU,2028,WHT,3.5698390109563443
R5OECD90+EU,2028,GRO,6.417363776371602
R5OECD90+EU,2028,OSD,3.1154856025303834
R5OECD90+EU,2028,C_B,88.13795693208671
R5OECD90+EU,2028,OTH_A,12.875743066731406
R5OECD90+EU,2028,CEREAL,5.167319326532753
R5OECD90+EU,2029,CROP_FLW,5.32911840495625
R5OECD90+EU,2029,PDR,7.344471558018446
R5OECD90+EU,2029,WHT,3.5724409420540546
R5OECD90+EU,2029,GRO,6.422376630034521
R5OECD90+EU,2029,OSD,3.116418353978404
R5OECD90+EU,2029,C_B,88.65463273925178
R5OECD90+EU,2029,OTH_A,12.905325402858509
R5OECD90+EU,2029,CEREAL,5.170456131609795
R5OECD90+EU,2030,CROP_FLW,5.33310687899165
R5OECD90+EU,2030,PDR,7.354944279407717
R5OECD90+EU,2030,WHT,3.575044769608554
R5OECD90+EU,2030,GRO,6.42739339943336
R5OECD90+EU,2030,OSD,3.11735138468474
R5OECD90+EU,2030,C_B,89.17433736508934
R5OECD90+EU,2030,OTH_A,12.934975705129881
R5OECD90+EU,2030,CEREAL,5.173594840874571
R5OECD90+EU,2031,CROP_FLW,5.330510802556239
R5OECD90+EU,2031,PDR,7.363008335356265
R5OECD90+EU,2031,WHT,3.580883244200157
R5OECD90+EU,2031,GRO,6.438076009206716
R5OECD90+EU,2031,OSD,3.1184423063281375
R5OECD90+EU,2031,C_B,89.60354872090744
R5OECD90+EU,2031,OTH_A,12.941049879361262
R5OECD90+EU,2031,CEREAL,5.18223085884363
R5OECD90+EU,2032,CROP_FLW,5.327915989851896
R5OECD90+EU,2032,PDR,7.37108123283996
R5OECD90+EU,2032,WHT,3.5867312537172653
R5OECD90+EU,2032,GRO,6.448776373946118
R5OECD90+EU,2032,OSD,3.119533609741148
R5OECD90+EU,2032,C_B,90.03482594447861
R5OECD90+EU,2032,OTH_A,12.94712690598243
R5OECD90+EU,2032,CEREAL,5.190881292476971
R5OECD90+EU,2033,CROP_FLW,5.325322440263458
R5OECD90+EU,2033,PDR,7.379162981552772
R5OECD90+EU,2033,WHT,3.5925888137315503
R5OECD90+EU,2033,GRO,6.459494523161098
R5OECD90+EU,2033,OSD,3.1206252950573727
R5OECD90+EU,2033,C_B,90.46817897917808
R5OECD90+EU,2033,OTH_A,12.953206786332846
R5OECD90+EU,2033,CEREAL,5.199546165837927
R5OECD90+EU,2034,CROP_FLW,5.322730153176058
R5OECD90+EU,2034,PDR,7.387253591199307
R5OECD90+EU,2034,WHT,3.5984559398401124
R5OECD90+EU,2034,GRO,6.470230486410234
R5OECD90+EU,2034,OSD,3.121717362410459
R5OECD90+EU,2034,C_B,90.9036178162403
R5OECD90+EU,2034,OTH_A,12.959289521752602
R5OECD90+EU,2034,CEREAL,5.208225503030001
R5OECD90+EU,2035,CROP_FLW,5.3201391279751284
R5OECD90+EU,2035,PDR,7.395353071494804
R5OECD90+EU,2035,WHT,3.6043326476655255
R5OECD90+EU,2035,GRO,6.480984293301234
R5OECD90+EU,2035,OSD,3.1228098119341
R5OECD90+EU,2035,C_B,91.34115249498919
R5OECD90+EU,2035,OTH_A,12.96537511358242
R5OECD90+EU,2035,CEREAL,5.216919328196927
R5OECD90+EU,2036,CROP_FLW,5.317549364046403
R5OECD90+EU,2036,PDR,7.40346143216516
R5OECD90+EU,2036,WHT,3.6102189528558752
R5OECD90+EU,2036,GRO,6.4917559734910135
R5OECD90+EU,2036,OSD,3.1239026437620394
R5OECD90+EU,2036,C_B,91.78079310306967
R5OECD90+EU,2036,OTH_A,12.971463563163649
R5OECD90+EU,2036,CEREAL,5.225627665522742
R5OECD90+EU,2037,CROP_FLW,5.314960860775915
R5OECD90+EU,2037,PDR,7.41157868294693
R5OECD90+EU,2037,WHT,3.6161148710848043
R5OECD90+EU,2037,GRO,6.502545556685775
R5OECD90+EU,2037,OSD,3.1249958580280635
R5OECD90+EU,2037,C_B,92.22254977668024
R5OECD90+EU,2037,OTH_A,12.977554871838267
R5OECD90+EU,2037,CEREAL,5.234350539231854
R5OECD90+EU,2038,CROP_FLW,5.312373617549992
R5OECD90+EU,2038,PDR,7.419704833587348
R5OECD90+EU,2038,WHT,3.6220204180515516
R5OECD90+EU,2038,GRO,6.513353072641104
R5OECD90+EU,2038,OSD,3.1260894548660074
R5OECD90+EU,2038,C_B,92.66643270080667
R5OECD90+EU,2038,OTH_A,12.98364904094889
R5OECD90+EU,2038,CEREAL,5.243087973589105
R5OECD90+EU,2039,CROP_FLW,5.309787633755263
R5OECD90+EU,2039,PDR,7.427839893844335
R5OECD90+EU,2039,WHT,3.6279356094809945
R5OECD90+EU,2039,GRO,6.524178551162031
R5OECD90+EU,2039,OSD,3.127183434409752
R5OECD90+EU,2039,C_B,93.11245210945674
R5OECD90+EU,2039,OTH_A,12.989746071838754
R5OECD90+EU,2039,CEREAL,5.251839992899843
R5OECD90+EU,2040,CROP_FLW,5.3072029087786605
R5OECD90+EU,2040,PDR,7.435983873486511
R5OECD90+EU,2040,WHT,3.6338604611236938
R5OECD90+EU,2040,GRO,6.535022022103133
R5OECD90+EU,2040,OSD,3.12827779679323
R5OECD90+EU,2040,C_B,93.5606182858963
R5OECD90+EU,2040,OTH_A,12.995845965851723
R5OECD90+EU,2040,CEREAL,5.260606621509991
R5OECD90+EU,2041,CROP_FLW,5.320251607183534
R5OECD90+EU,2041,PDR,7.435395632954503
R5OECD90+EU,2041,WHT,3.6405659772033423
R5OECD90+EU,2041,GRO,6.550204776945771
R5OECD90+EU,2041,OSD,3.1293190072088315
R5OECD90+EU,2041,C_B,94.05728971315403
R5OECD90+EU,2041,OTH_A,13.012339063391776
R5OECD90+EU,2041,CEREAL,5.270453989407356
R5OECD90+EU,2042,CROP_FLW,5.333332388124725
R5OECD90+EU,2042,PDR,7.43480743895661
R5OECD90+EU,2042,WHT,3.6472838668857688
R5OECD90+EU,2042,GRO,6.565422805739105
R5OECD90+EU,2042,OSD,3.1303605641790546
R5OECD90+EU,2042,C_B,94.5565977466161
R5OECD90+EU,2042,OTH_A,13.028853092410024
R5OECD90+EU,2042,CEREAL,5.2803197906645
R5OECD90+EU,2043,CROP_FLW,5.3464453304828305
R5OECD90+EU,2043,PDR,7.434219291489149
R5OECD90+EU,2043,WHT,3.6540141530038226
R5OECD90+EU,2043,GRO,6.580676190434773
R5OECD90+EU,2043,OSD,3.1314024678192474
R5OECD90+EU,2043,C_B,95.05855638284422
R5OECD90+EU,2043,OTH_A,13.045388079470717
R5OECD90+EU,2043,CEREAL,5.290204059786961
R5OECD90+EU,2044,CROP_FLW,5.359590513332392
R5OECD90+EU,2044,PDR,7.433631190548439
R5OECD90+EU,2044,WHT,3.660756858432488
R5OECD90+EU,2044,GRO,6.595965013174807
R5OECD90+EU,2044,OSD,3.1324447182447934
R5OECD90+EU,2044,C_B,95.56317969270154
R5OECD90+EU,2044,OTH_A,13.061944051171821
R5OECD90+EU,2044,CEREAL,5.3001068313448725
R5OECD90+EU,2045,CROP_FLW,5.372768015942366
R5OECD90+EU,2045,PDR,7.433043136130803
R5OECD90+EU,2045,WHT,3.6675120060889594
R5OECD90+EU,2045,GRO,6.6112893562920805
R5OECD90+EU,2045,OSD,3.133487315571117
R5OECD90+EU,2045,C_B,96.07048182174717
R5OECD90+EU,2045,OTH_A,13.078521034145053
R5OECD90+EU,2045,CEREAL,5.310028139973079
R5OECD90+EU,2046,CROP_FLW,5.385977917776611
R5OECD90+EU,2046,PDR,7.432455128232558
R5OECD90+EU,2046,WHT,3.67427961893272
R5OECD90+EU,2046,GRO,6.62664930231075
R5OECD90+EU,2046,OSD,3.134530259913679
R5OECD90+EU,2046,C_B,96.58047699063265
R5OECD90+EU,2046,OTH_A,13.095119055055934
R5OECD90+EU,2046,CEREAL,5.319968020371258
R5OECD90+EU,2047,CROP_FLW,5.399220298494357
R5OECD90+EU,2047,PDR,7.431867166850024
R5OECD90+EU,2047,WHT,3.6810597199656194
R5OECD90+EU,2047,GRO,6.6420449339467
R5OECD90+EU,2047,OSD,3.1355735513879797
R5OECD90+EU,2047,C_B,97.09317949550056
R5OECD90+EU,2047,OTH_A,13.11173814060382
R5OECD90+EU,2047,CEREAL,5.32992650730404
R5OECD90+EU,2048,CROP_FLW,5.412495237950693
R5OECD90+EU,2048,PDR,7.431279251979521
R5OECD90+EU,2048,WHT,3.687852332231954
R5OECD90+EU,2048,GRO,6.657476334107987
R5OECD90+EU,2048,OSD,3.1366171901095594
R5OECD90+EU,2048,C_B,97.60860370838533
R5OECD90+EU,2048,OTH_A,13.128378317521953
R5OECD90+EU,2048,CEREAL,5.339903635601132
R5OECD90+EU,2049,CROP_FLW,5.425802816197045
R5OECD90+EU,2049,PDR,7.430691383617369
R5OECD90+EU,2049,WHT,3.6946574788185416
R5OECD90+EU,2049,GRO,6.672943585895287
R5OECD90+EU,2049,OSD,3.137661176193994
R5OECD90+EU,2049,C_B,98.12676407761609
R5OECD90+EU,2049,OTH_A,13.145039612577511
R5OECD90+EU,2049,CEREAL,5.34989944015744
R5OECD90+EU,2050,CROP_FLW,5.439143113481656
R5OECD90+EU,2050,PDR,7.430103561759895
R5OECD90+EU,2050,WHT,3.7014751828548
R5OECD90+EU,2050,GRO,6.688446772602352
R5OECD90+EU,2050,OSD,3.138705509756899
R5OECD90+EU,2050,C_B,98.64767512822158
R5OECD90+EU,2050,OTH_A,13.161722052571617
R5OECD90+EU,2050,CEREAL,5.359913955933196
R5OECD90+EU,2051,CROP_FLW,5.454557013919232
R5OECD90+EU,2051,PDR,7.431208588976167
R5OECD90+EU,2051,WHT,3.7105080356012174
R5OECD90+EU,2051,GRO,6.7017802060127405
R5OECD90+EU,2051,OSD,3.140552930017285
R5OECD90+EU,2051,C_B,99.17481141896053
R5OECD90+EU,2051,OTH_A,13.194479191422067
R5OECD90+EU,2051,CEREAL,5.368702668094576
R5OECD90+EU,2052,CROP_FLW,5.470014595562055
R5OECD90+EU,2052,PDR,7.432313780535391
R5OECD90+EU,2052,WHT,3.7195629315668124
R5OECD90+EU,2052,GRO,6.715140219652075
R5OECD90+EU,2052,OSD,3.142401437656403
R5OECD90+EU,2052,C_B,99.70476452893675
R5OECD90+EU,2052,OTH_A,13.227317856849464
R5OECD90+EU,2052,CEREAL,5.3775057912077155
R5OECD90+EU,2053,CROP_FLW,5.485515982197588
R5OECD90+EU,2053,PDR,7.433419136462007
R5OECD90+EU,2053,WHT,3.728639924544505
R5OECD90+EU,2053,GRO,6.728526866508101
R5OECD90+EU,2053,OSD,3.1442510333142772
R5OECD90+EU,2053,C_B,100.23754951017902
R5OECD90+EU,2053,OTH_A,13.260238251758668
R5OECD90+EU,2053,CEREAL,5.386323348902418
R5OECD90+EU,2054,CROP_FLW,5.501061297964101
R5OECD90+EU,2054,PDR,7.434524656780462
R5OECD90+EU,2054,WHT,3.737739068458486
R5OECD90+EU,2054,GRO,6.741940199674193
R5OECD90+EU,2054,OSD,3.1461017176313075
R5OECD90+EU,2054,C_B,100.77318149514855
R5OECD90+EU,2054,OTH_A,13.293240579559535
R5OECD90+EU,2054,CEREAL,5.395155364847231
R5OECD90+EU,2055,CROP_FLW,5.516650667351653
R5OECD90+EU,2055,PDR,7.4356303415152025
R5OECD90+EU,2055,WHT,3.746860417364539
R5OECD90+EU,2055,GRO,6.755380272349573
R5OECD90+EU,2055,OSD,3.147953491248271
R5OECD90+EU,2055,C_B,101.3116756971687
R5OECD90+EU,2055,OTH_A,13.326325044168176
R5OECD90+EU,2055,CEREAL,5.404001862749511
R5OECD90+EU,2056,CROP_FLW,5.532284215203093
R5OECD90+EU,2056,PDR,7.4367361906906835
R5OECD90+EU,2056,WHT,3.756004025450365
R5OECD90+EU,2056,GRO,6.768847137839507
R5OECD90+EU,2056,OSD,3.149806354806323
R5OECD90+EU,2056,C_B,101.85304741085722
R5OECD90+EU,2056,OTH_A,13.359491850008204
R5OECD90+EU,2056,CEREAL,5.412862866355491
R5OECD90+EU,2057,CROP_FLW,5.547962066715063
R5OECD90+EU,2057,PDR,7.4378422043313615
R5OECD90+EU,2057,WHT,3.765169947035898
R5OECD90+EU,2057,GRO,6.782340849555534
R5OECD90+EU,2057,OSD,3.151660308946994
R5OECD90+EU,2057,C_B,102.39731201256049
R5OECD90+EU,2057,OTH_A,13.392741202012006
R5OECD90+EU,2057,CEREAL,5.421738399450338
R5OECD90+EU,2058,CROP_FLW,5.563684347438993
R5OECD90+EU,2058,PDR,7.438948382461692
R5OECD90+EU,2058,WHT,3.7743582365736326
R5OECD90+EU,2058,GRO,6.7958614610156625
R5OECD90+EU,2058,OSD,3.153515354312194
R5OECD90+EU,2058,C_B,102.94448496079045
R5OECD90+EU,2058,OTH_A,13.426073305622014
R5OECD90+EU,2058,CEREAL,5.4306284858582226
R5OECD90+EU,2059,CROP_FLW,5.579451183282119
R5OECD90+EU,2059,PDR,7.440054725106144
R5OECD90+EU,2059,WHT,3.7835689486489468
R5OECD90+EU,2059,GRO,6.809409025844592
R5OECD90+EU,2059,OSD,3.15537149154421
R5OECD90+EU,2059,C_B,103.49458179666347
R5OECD90+EU,2059,OTH_A,13.459488366791964
R5OECD90+EU,2059,CEREAL,5.439533149442377
R5OECD90+EU,2060,CROP_FLW,5.5952627005084725
R5OECD90+EU,2060,PDR,7.441161232289186
R5OECD90+EU,2060,WHT,3.7928021379804235
R5OECD90+EU,2060,GRO,6.822983597773925
R5OECD90+EU,2060,OSD,3.157228721285706
R5OECD90+EU,2060,C_B,104.04761814434173
R5OECD90+EU,2060,OTH_A,13.49298659198817
R5OECD90+EU,2060,CEREAL,5.448452414105163
R5OECD90+EU,2061,CROP_FLW,5.5938826023691846
R5OECD90+EU,2061,PDR,7.44132232775647
R5OECD90+EU,2061,WHT,3.8045426165278307
R5OECD90+EU,2061,GRO,6.847932576806374
R5OECD90+EU,2061,OSD,3.1610224902641546
R5OECD90+EU,2061,C_B,104.73200130320205
R5OECD90+EU,2061,OTH_A,13.536096819334318
R5OECD90+EU,2061,CEREAL,5.463689999594195
R5OECD90+EU,2062,CROP_FLW,5.592502844637663
R5OECD90+EU,2062,PDR,7.44148342671135
R5OECD90+EU,2062,WHT,3.816319437291759
R5OECD90+EU,2062,GRO,6.872972784484744
R5OECD90+EU,2062,OSD,3.164820817887013
R5OECD90+EU,2062,C_B,105.42088605774028
R5OECD90+EU,2062,OTH_A,13.579344784288752
R5OECD90+EU,2062,CEREAL,5.478970199755044
R5OECD90+EU,2063,CROP_FLW,5.5911234272299435
R5OECD90+EU,2063,PDR,7.441644529153898
R5OECD90+EU,2063,WHT,3.8281327127681943
R5OECD90+EU,2063,GRO,6.898104554396465
R5OECD90+EU,2063,OSD,3.1686237096320107
R5OECD90+EU,2063,C_B,106.11430201763241
R5OECD90+EU,2063,OTH_A,13.622730926924516
R5OECD90+EU,2063,CEREAL,5.4942931337673695
R5OECD90+EU,2064,CROP_FLW,5.589744350062084
R5OECD90+EU,2064,PDR,7.441805635084192
R5OECD90+EU,2064,WHT,3.8399825558013494
R5OECD90+EU,2064,GRO,6.923328221348767
R5OECD90+EU,2064,OSD,3.1724311709834594
R5OECD90+EU,2064,C_B,106.81227898731507
R5OECD90+EU,2064,OTH_A,13.666255688720678
R5OECD90+EU,2064,CEREAL,5.509658921144139
R5OECD90+EU,2065,CROP_FLW,5.588365613050162
R5OECD90+EU,2065,PDR,7.441966744502305
R5OECD90+EU,2065,WHT,3.8518690795847412
R5OECD90+EU,2065,GRO,6.948644121373141
R5OECD90+EU,2065,OSD,3.1762432074322593
R5OECD90+EU,2065,C_B,107.51484696726635
R5OECD90+EU,2065,OTH_A,13.70991951256685
R5OECD90+EU,2065,CEREAL,5.525067681732558
R5OECD90+EU,2066,CROP_FLW,5.586987216110278
R5OECD90+EU,2066,PDR,7.442127857408314
R5OECD90+EU,2066,WHT,3.863792397662273
R5OECD90+EU,2066,GRO,6.974052591729812
R5OECD90+EU,2066,OSD,3.18005982447591
R5OECD90+EU,2066,C_B,108.22203615529529
R5OECD90+EU,2066,OTH_A,13.753722842767672
R5OECD90+EU,2066,CEREAL,5.540519535715011
R5OECD90+EU,2067,CROP_FLW,5.58560915915855
R5OECD90+EU,2067,PDR,7.442288973802295
R5OECD90+EU,2067,WHT,3.875752623929321
R5OECD90+EU,2067,GRO,6.99955397091223
R5OECD90+EU,2067,OSD,3.1838810276185177
R5OECD90+EU,2067,C_B,108.93387694784
R5OECD90+EU,2067,OTH_A,13.79766612504735
R5OECD90+EU,2067,CEREAL,5.556014603609987
R5OECD90+EU,2068,CROP_FLW,5.58423144211112
R5OECD90+EU,2068,PDR,7.442450093684323
R5OECD90+EU,2068,WHT,3.8877498726338175
R5OECD90+EU,2068,GRO,7.025148598651591
R5OECD90+EU,2068,OSD,3.1877068223708
R5OECD90+EU,2068,C_B,109.65039994127403
R5OECD90+EU,2068,OTH_A,13.841749806554171
R5OECD90+EU,2068,CEREAL,5.571553006273034
R5OECD90+EU,2069,CROP_FLW,5.582854064884147
R5OECD90+EU,2069,PDR,7.442611217054475
R5OECD90+EU,2069,WHT,3.8997842583773474
R5OECD90+EU,2069,GRO,7.050836815921346
R5OECD90+EU,2069,OSD,3.1915372142500975
R5OECD90+EU,2069,C_B,110.37163593322151
R5OECD90+EU,2069,OTH_A,13.885974335865079
R5OECD90+EU,2069,CEREAL,5.587134864897693
R5OECD90+EU,2070,CROP_FLW,5.581477027393814
R5OECD90+EU,2070,PDR,7.442772343912818
R5OECD90+EU,2070,WHT,3.911855896116242
R5OECD90+EU,2070,GRO,7.076618964941759
R5OECD90+EU,2070,OSD,3.1953722087803813
R5OECD90+EU,2070,C_B,111.0976159238808
R5OECD90+EU,2070,OTH_A,13.930340162990218
R5OECD90+EU,2070,CEREAL,5.602760301016435
R5OECD90+EU,2071,CROP_FLW,5.584054550209162
R5OECD90+EU,2071,PDR,7.446223060018457
R5OECD90+EU,2071,WHT,3.919817135228739
R5OECD90+EU,2071,GRO,7.095386609207176
R5OECD90+EU,2071,OSD,3.1968038508588306
R5OECD90+EU,2071,C_B,111.75679334415429
R5OECD90+EU,2071,OTH_A,13.96282451576527
R5OECD90+EU,2071,CEREAL,5.613021670348399
R5OECD90+EU,2072,CROP_FLW,5.586633263323032
R5OECD90+EU,2072,PDR,7.449675375990528
R5OECD90+EU,2072,WHT,3.927794576709086
R5OECD90+EU,2072,GRO,7.114204026460656
R5OECD90+EU,2072,OSD,3.1982361343646026
R5OECD90+EU,2072,C_B,112.4198818733007
R5OECD90+EU,2072,OTH_A,13.995384619251563
R5OECD90+EU,2072,CEREAL,5.623301833220495
R5OECD90+EU,2073,CROP_FLW,5.589213167285106
R5OECD90+EU,2073,PDR,7.453129292570783
R5OECD90+EU,2073,WHT,3.9357882535316384
R5OECD90+EU,2073,GRO,7.133071348703335
R5OECD90+EU,2073,OSD,3.1996690595850796
R5OECD90+EU,2073,C_B,113.0869047171704
R5OECD90+EU,2073,OTH_A,14.028020650093236
R5OECD90+EU,2073,CEREAL,5.633600824052803
R5OECD90+EU,2074,CROP_FLW,5.5917942626453145
R5OECD90+EU,2074,PDR,7.456584810501318
R5OECD90+EU,2074,WHT,3.9437981987378583
R5OECD90+EU,2074,GRO,7.151988708286423
R5OECD90+EU,2074,OSD,3.2011026268077734
R5OECD90+EU,2074,C_B,113.75788521930156
R5OECD90+EU,2074,OTH_A,14.060732785346328
R5OECD90+EU,2074,CEREAL,5.643918677328442
R5OECD90+EU,2075,CROP_FLW,5.594376549953846
R5OECD90+EU,2075,PDR,7.460041930524571
R5OECD90+EU,2075,WHT,3.951824445436454
R5OECD90+EU,2075,GRO,7.170956237912133
R5OECD90+EU,2075,OSD,3.2025368363203244
R5OECD90+EU,2075,C_B,114.43284686173685
R5OECD90+EU,2075,OTH_A,14.093521202479774
R5OECD90+EU,2075,CEREAL,5.654255427593688
R5OECD90+EU,2076,CROP_FLW,5.596960029761141
R5OECD90+EU,2076,PDR,7.463500653383326
R5OECD90+EU,2076,WHT,3.9598670268035145
R5OECD90+EU,2076,GRO,7.189974070634615
R5OECD90+EU,2076,OSD,3.2039716884105007
R5OECD90+EU,2076,C_B,115.11181326584543
R5OECD90+EU,2076,OTH_A,14.126386079376346
R5OECD90+EU,2076,CEREAL,5.664611109458085
R5OECD90+EU,2077,CROP_FLW,5.599544702617894
R5OECD90+EU,2077,PDR,7.466960979820709
R5OECD90+EU,2077,WHT,3.9679259760826464
R5OECD90+EU,2077,GRO,7.209042339860885
R5OECD90+EU,2077,OSD,3.205407183366201
R5OECD90+EU,2077,C_B,115.79480819314946
R5OECD90+EU,2077,OTH_A,14.159327594333616
R5OECD90+EU,2077,CEREAL,5.674985757594567
R5OECD90+EU,2078,CROP_FLW,5.602130569075056
R5OECD90+EU,2078,PDR,7.470422910580196
R5OECD90+EU,2078,WHT,3.976001326585113
R5OECD90+EU,2078,GRO,7.2281611793517655
R5OECD90+EU,2078,OSD,3.2068433214754517
R5OECD90+EU,2078,C_B,116.48185554615587
R5OECD90+EU,2078,OTH_A,14.192345926064943
R5OECD90+EU,2078,CEREAL,5.68537940673957
R5OECD90+EU,2079,CROP_FLW,5.60471762968383
R5OECD90+EU,2079,PDR,7.473886446405601
R5OECD90+EU,2079,WHT,3.984093111689973
R5OECD90+EU,2079,GRO,7.247330723222817
R5OECD90+EU,2079,OSD,3.2082801030264094
R5OECD90+EU,2079,C_B,117.17297936919266
R5OECD90+EU,2079,OTH_A,14.225441253700426
R5OECD90+EU,2079,CEREAL,5.695792091693147
R5OECD90+EU,2080,CROP_FLW,5.60730588499568
R5OECD90+EU,2080,PDR,7.47735158804109
R5OECD90+EU,2080,WHT,3.992201364844214
R5OECD90+EU,2080,GRO,7.266551105945282
R5OECD90+EU,2080,OSD,3.2097175283073613
R5OECD90+EU,2080,C_B,117.86820384925038
R5OECD90+EU,2080,OTH_A,14.258613756787879
R5OECD90+EU,2080,CEREAL,5.706223847319093
R5OECD90+EU,2081,CROP_FLW,5.612718229278845
R5OECD90+EU,2081,PDR,7.478171949632086
R5OECD90+EU,2081,WHT,3.9957099706072587
R5OECD90+EU,2081,GRO,7.277910508992838
R5OECD90+EU,2081,OSD,3.208524859723733
R5OECD90+EU,2081,C_B,118.30606485062711
R5OECD90+EU,2081,OTH_A,14.28977514143403
R5OECD90+EU,2081,CEREAL,5.710057520687707
R5OECD90+EU,2082,CROP_FLW,5.618135797723353
R5OECD90+EU,2082,PDR,7.478992401227296
R5OECD90+EU,2082,WHT,3.9992216599608525
R5OECD90+EU,2082,GRO,7.289287669575671
R5OECD90+EU,2082,OSD,3.2073326343125452
R5OECD90+EU,2082,C_B,118.7455524336456
R5OECD90+EU,2082,OTH_A,14.321004627503617
R5OECD90+EU,2082,CEREAL,5.713893769674083
R5OECD90+EU,2083,CROP_FLW,5.623558595371724
R5OECD90+EU,2083,PDR,7.479812942836591
R5OECD90+EU,2083,WHT,4.0027364356150565
R5OECD90+EU,2083,GRO,7.300682615453164
R5OECD90+EU,2083,OSD,3.2061408519091232
R5OECD90+EU,2083,C_B,119.18667264078923
R5OECD90+EU,2083,OTH_A,14.352302363828406
R5OECD90+EU,2083,CEREAL,5.717732596008627
R5OECD90+EU,2084,CROP_FLW,5.628986627271348
R5OECD90+EU,2084,PDR,7.48063357446985
R5OECD90+EU,2084,WHT,4.006254300282309
R5OECD90+EU,2084,GRO,7.312095374428101
R5OECD90+EU,2084,OSD,3.204949512348855
R5OECD90+EU,2084,C_B,119.62943153698826
R5OECD90+EU,2084,OTH_A,14.383668499565422
R5OECD90+EU,2084,CEREAL,5.721574001422905
R5OECD90+EU,2085,CROP_FLW,5.634419898474485
R5OECD90+EU,2085,PDR,7.481454296136947
R5OECD90+EU,2085,WHT,4.00977525667744
R5OECD90+EU,2085,GRO,7.323525974346728
R5OECD90+EU,2085,OSD,3.203758615467188
R5OECD90+EU,2085,C_B,120.07383520970315
R5OECD90+EU,2085,OTH_A,14.415103184197672
R5OECD90+EU,2085,CEREAL,5.725417987649648
R5OECD90+EU,2086,CROP_FLW,5.6398584140382715
R5OECD90+EU,2086,PDR,7.482275107847762
R5OECD90+EU,2086,WHT,4.013299307517656
R5OECD90+EU,2086,GRO,7.3349744430988135
R5OECD90+EU,2086,OSD,3.2025681610996313
R5OECD90+EU,2086,C_B,120.5198897690083
R5OECD90+EU,2086,OTH_A,14.446606567534841
R5OECD90+EU,2086,CEREAL,5.729264556422751
R5OECD90+EU,2087,CROP_FLW,5.645302179024727
R5OECD90+EU,2087,PDR,7.483096009612174
R5OECD90+EU,2087,WHT,4.016826455522558
R5OECD90+EU,2087,GRO,7.346440808617734
R5OECD90+EU,2087,OSD,3.201378149081756
R5OECD90+EU,2087,C_B,120.96760134767598
R5OECD90+EU,2087,OTH_A,14.478178799714023
R5OECD90+EU,2087,CEREAL,5.733113709477275
R5OECD90+EU,2088,CROP_FLW,5.650751198500753
R5OECD90+EU,2088,PDR,7.483917001440061
R5OECD90+EU,2088,WHT,4.020356703414136
R5OECD90+EU,2088,GRO,7.3579250988805285
R5OECD90+EU,2088,OSD,3.2001885792491924
R5OECD90+EU,2088,C_B,121.41697610126073
R5OECD90+EU,2088,OTH_A,14.509820031200418
R5OECD90+EU,2088,CEREAL,5.736965448549443
R5OECD90+EU,2089,CROP_FLW,5.6562054775381485
R5OECD90+EU,2089,PDR,7.484738083341306
R5OECD90+EU,2089,WHT,4.023890053916771
R5OECD90+EU,2089,GRO,7.36942734190797
R5OECD90+EU,2089,OSD,3.198999451437634
R5OECD90+EU,2089,C_B,121.868020208184
R5OECD90+EU,2089,OTH_A,14.541530412788067
R5OECD90+EU,2089,CEREAL,5.740819775376648
R5OECD90+EU,2090,CROP_FLW,5.661665021213605
R5OECD90+EU,2090,PDR,7.485559255325799
R5OECD90+EU,2090,WHT,4.027426509757242
R5OECD90+EU,2090,GRO,7.380947565764635
R5OECD90+EU,2090,OSD,3.1978107654828327
R5OECD90+EU,2090,C_B,122.32073986981894
R5OECD90+EU,2090,OTH_A,14.573310095600547
R5OECD90+EU,2090,CEREAL,5.744676691697452
R5OECD90+EU,2091,CROP_FLW,5.669289150515361
R5OECD90+EU,2091,PDR,7.490142795431052
R5OECD90+EU,2091,WHT,4.0269930332667085
R5OECD90+EU,2091,GRO,7.387744822317247
R5OECD90+EU,2091,OSD,3.1967640779258497
R5OECD90+EU,2091,C_B,122.52881894502471
R5OECD90+EU,2091,OTH_A,14.597447763428914
R5OECD90+EU,2091,CEREAL,5.743542715077327
R5OECD90+EU,2092,CROP_FLW,5.676923546646291
R5OECD90+EU,2092,PDR,7.494729142118843
R5OECD90+EU,2092,WHT,4.026559603431742
R5OECD90+EU,2092,GRO,7.394548338594132
R5OECD90+EU,2092,OSD,3.1957177329641366
R5OECD90+EU,2092,C_B,122.73725198229435
R5OECD90+EU,2092,OTH_A,14.621625410301464
R5OECD90+EU,2092,CEREAL,5.742408962299733
R5OECD90+EU,2093,CROP_FLW,5.684568223431944
R5OECD90+EU,2093,PDR,7.499318297107693
R5OECD90+EU,2093,WHT,4.026126220247321
R5OECD90+EU,2093,GRO,7.401358120359991
R5OECD90+EU,2093,OSD,3.194671730485558
R5OECD90+EU,2093,C_B,122.9460395837506
R5OECD90+EU,2093,OTH_A,14.645843102435197
R5OECD90+EU,2093,CEREAL,5.741275433320486
R5OECD90+EU,2094,CROP_FLW,5.6922231947164885
R5OECD90+EU,2094,PDR,7.503910262117174
R5OECD90+EU,2094,WHT,4.025692883708425
R5OECD90+EU,2094,GRO,7.408174173384836
R5OECD90+EU,2094,OSD,3.1936260703780124
R5OECD90+EU,2094,C_B,123.15518235254049
R5OECD90+EU,2094,OTH_A,14.670100906156787
R5OECD90+EU,2094,CEREAL,5.740142128095407
R5OECD90+EU,2095,CROP_FLW,5.6998884743627345
R5OECD90+EU,2095,PDR,7.50850503886791
R5OECD90+EU,2095,WHT,4.025259593810032
R5OECD90+EU,2095,GRO,7.4149965034439855
R5OECD90+EU,2095,OSD,3.1925807525294387
R5OECD90+EU,2095,C_B,123.36468089283697
R5OECD90+EU,2095,OTH_A,14.694398887902771
R5OECD90+EU,2095,CEREAL,5.73900904658033
R5OECD90+EU,2096,CROP_FLW,5.7075640762521616
R5OECD90+EU,2096,PDR,7.513102629081581
R5OECD90+EU,2096,WHT,4.024826350547124
R5OECD90+EU,2096,GRO,7.421825116318084
R5OECD90+EU,2096,OSD,3.19153577682781
R5OECD90+EU,2096,C_B,123.57453580984088
R5OECD90+EU,2096,OTH_A,14.718737114219712
R5OECD90+EU,2096,CEREAL,5.737876188731095
R5OECD90+EU,2097,CROP_FLW,5.715250014284941
R5OECD90+EU,2097,PDR,7.517703034480922
R5OECD90+EU,2097,WHT,4.02439315391468
R5OECD90+EU,2097,GRO,7.428660017793097
R5OECD90+EU,2097,OSD,3.190491143161138
R5OECD90+EU,2097,C_B,123.78474770978248
R5OECD90+EU,2097,OTH_A,14.743115651764407
R5OECD90+EU,2097,CEREAL,5.7367435545035494
R5OECD90+EU,2098,CROP_FLW,5.722946302379963
R5OECD90+EU,2098,PDR,7.522306256789718
R5OECD90+EU,2098,WHT,4.023960003907682
R5OECD90+EU,2098,GRO,7.435501213660315
R5OECD90+EU,2098,OSD,3.1894468514174683
R5OECD90+EU,2098,C_B,123.99531719992325
R5OECD90+EU,2098,OTH_A,14.767534567304052
R5OECD90+EU,2098,CEREAL,5.7356111438535535
R5OECD90+EU,2099,CROP_FLW,5.730652954474862
R5OECD90+EU,2099,PDR,7.52691229773281
R5OECD90+EU,2099,WHT,4.0235269005211105
R5OECD90+EU,2099,GRO,7.4423487097163665
R5OECD90+EU,2099,OSD,3.1884029014848863
R5OECD90+EU,2099,C_B,124.20624488855779
R5OECD90+EU,2099,OTH_A,14.791993927716423
R5OECD90+EU,2099,CEREAL,5.7344789567369725
R5OECD90+EU,2100,CROP_FLW,5.73836998452604
R5OECD90+EU,2100,PDR,7.531521159036104
R5OECD90+EU,2100,WHT,4.023093843749949
R5OECD90+EU,2100,GRO,7.449202511763218
R5OECD90+EU,2100,OSD,3.187359293251512
R5OECD90+EU,2100,C_B,124.41753138501537
R5OECD90+EU,2100,OTH_A,14.816493799990067
R5OECD90+EU,2100,CEREAL,5.733346993109683
R5REF,2005,CROP_FLW,2.907792871700163
R5REF,2005,PDR,3.105937964974935
R5REF,2005,WHT,1.9470718616227545
R5REF,2005,GRO,2.0983442582751235
R5REF,2005,OSD,1.4480911873473115
R5REF,2005,C_B,26.409554766663543
R5REF,2005,OTH_A,1.813178427116333
R5REF,2005,CEREAL,2.0158655459565282
R5REF,2006,CROP_FLW,2.8755021354285635
R5REF,2006,PDR,3.42586036681632
R5REF,2006,WHT,1.9535398257571588
R5REF,2006,GRO,2.1322058434641407
R5REF,2006,OSD,1.4268607422030444
R5REF,2006,C_B,25.794943841629436
R5REF,2006,OTH_A,1.8131869573803112
R5REF,2006,CEREAL,2.034124451251895
R5REF,2007,CROP_FLW,2.843569984412162
R5REF,2007,PDR,3.778735887604107
R5REF,2007,WHT,1.9600292757755042
R5REF,2007,GRO,2.166613862798552
R5REF,2007,OSD,1.4059415563254323
R5REF,2007,C_B,25.194636322787094
R5REF,2007,OTH_A,1.813195487684421
R5REF,2007,CEREAL,2.052548738421689
R5REF,2008,CROP_FLW,2.8119924365991356
R5REF,2008,PDR,4.167958813083978
R5REF,2008,WHT,1.9665402830515952
R5REF,2008,GRO,2.2015771342434225
R5REF,2008,OSD,1.3853290663466133
R5REF,2008,C_B,24.608299337061286
R5REF,2008,OTH_A,1.8132040180286622
R5REF,2008,CEREAL,2.0711399054289026
R5REF,2009,CROP_FLW,2.780765554157931
R5REF,2009,PDR,4.597273052226728
R5REF,2009,WHT,1.9730729191963332
R5REF,2009,GRO,2.237104618061858
R5REF,2009,OSD,1.3650187758021985
R5REF,2009,C_B,24.035607758096884
R5REF,2009,OTH_A,1.8132125484130355
R5REF,2009,CEREAL,2.089899463804477
R5REF,2010,CROP_FLW,2.7498854429862014
R5REF,2010,PDR,5.070808149635191
R5REF,2010,WHT,1.979627256058502
R5REF,2010,GRO,2.273205419111308
R5REF,2010,OSD,1.345006254150402
R5REF,2010,C_B,23.476244025974893
R5REF,2010,OTH_A,1.813221078837541
R5REF,2010,CEREAL,2.1088289387701966
R5REF,2011,CROP_FLW,2.730516610540943
R5REF,2011,PDR,5.1206266288208875
R5REF,2011,WHT,1.9819773424103229
R5REF,2011,GRO,2.269204512755527
R5REF,2011,OSD,1.3455884643332734
R5REF,2011,C_B,23.566180686293457
R5REF,2011,OTH_A,1.81886711405567
R5REF,2011,CEREAL,2.1098213045883076
R5REF,2012,CROP_FLW,2.711284202567929
R5REF,2012,PDR,5.170934552843607
R5REF,2012,WHT,1.984330218633744
R5REF,2012,GRO,2.2652106481090146
R5REF,2012,OSD,1.3461709265363089
R5REF,2012,C_B,23.65646189077591
R5REF,2012,OTH_A,1.824530729983651
R5REF,2012,CEREAL,2.110814137390676
R5REF,2013,CROP_FLW,2.692187258160679
R5REF,2013,PDR,5.221736730285476
R5REF,2013,WHT,1.9866858880407219
R5REF,2013,GRO,2.261223812778161
R5REF,2013,OSD,1.3467536408686
R5REF,2013,C_B,23.747088959358763
R5REF,2013,OTH_A,1.8302119813645643
R5REF,2013,CEREAL,2.1118074373970543
R5REF,2014,CROP_FLW,2.673224823180861
R5REF,2014,PDR,5.27303801697084
R5REF,2014,WHT,1.9890443539471447
R5REF,2014,GRO,2.2572439943911706
R5REF,2014,OSD,1.3473366074392858
R5REF,2014,C_B,23.838063217035135
R5REF,2014,OTH_A,1.8359109231119493
R5REF,2014,CEREAL,2.1128012048272984
R5REF,2015,CROP_FLW,2.6543959502106222
R5REF,2015,PDR,5.324843316430404
R5REF,2015,WHT,1.9914056196728371
R5REF,2015,GRO,2.2532711805980212
R5REF,2015,OSD,1.3479198263575516
R5REF,2015,C_B,23.929385993874174
R5REF,2015,OTH_A,1.8416276103103375
R5REF,2015,CEREAL,2.1137954399013656
R5REF,2016,CROP_FLW,2.6356996985052525
R5REF,2016,PDR,5.377157580369924
R5REF,2016,WHT,1.9937696885415648
R5REF,2016,GRO,2.2493053590704286
R5REF,2016,OSD,1.348503297732631
R5REF,2016,C_B,24.021058625040457
R5REF,2016,OTH_A,1.847362098215782
R5REF,2016,CEREAL,2.114790142839319
R5REF,2017,CROP_FLW,2.617135133946182
R5REF,2017,PDR,5.429985809143506
R5REF,2017,WHT,1.9961365638810387
R5REF,2017,GRO,2.245346517501806
R5REF,2017,OSD,1.3490870216738042
R5REF,2017,C_B,24.113082450813533
R5REF,2017,OTH_A,1.853114442256394
R5REF,2017,CEREAL,2.115785313861325
R5REF,2018,CROP_FLW,2.598701328994309
R5REF,2018,PDR,5.483333052231553
R5REF,2018,WHT,1.9985062490229213
R5REF,2018,GRO,2.2413946436072267
R5REF,2018,OSD,1.3496709982903994
R5REF,2018,C_B,24.205458816607518
R5REF,2018,OTH_A,1.8588846980328773
R5REF,2018,CEREAL,2.1167809531876527
R5REF,2019,CROP_FLW,2.5803973626436587
R5REF,2019,PDR,5.537204408723417
R5REF,2019,WHT,2.000878747302829
R5REF,2019,GRO,2.2374497251233856
R5REF,2019,OSD,1.3502552276917914
R5REF,2019,C_B,24.29818907299076
R5REF,2019,OTH_A,1.8646729213190656
R5REF,2019,CEREAL,2.117777061038675
R5REF,2020,CROP_FLW,2.562222320375368
R5REF,2020,PDR,5.591605027804774
R5REF,2020,WHT,2.003254062060341
R5REF,2020,GRO,2.233511749808561
R5REF,2020,OSD,1.350839709987404
R5REF,2020,C_B,24.391274575705577
R5REF,2020,OTH_A,1.8704791680624617
R5REF,2020,CEREAL,2.118773637634868
R5REF,2021,CROP_FLW,2.5617638065011055
R5REF,2021,PDR,5.557764565759559
R5REF,2021,WHT,2.011975239559931
R5REF,2021,GRO,2.2401587362589592
R5REF,2021,OSD,1.3518524453788605
R5REF,2021,C_B,24.41156303810981
R5REF,2021,OTH_A,1.8725854522288694
R5REF,2021,CEREAL,2.126263246909607
R5REF,2022,CROP_FLW,2.561305374678651
R5REF,2022,PDR,5.524128906604702
R5REF,2022,WHT,2.020734384753395
R5REF,2022,GRO,2.2468255043061522
R5REF,2022,OSD,1.3528659400261824
R5REF,2022,C_B,24.431868376290893
R5REF,2022,OTH_A,1.8746941082115827
R5REF,2022,CEREAL,2.13377933104985
R5REF,2023,CROP_FLW,2.560847024893321
R5REF,2023,PDR,5.490696810870604
R5REF,2023,WHT,2.029531662933295
R5REF,2023,GRO,2.253512112820664
R5REF,2023,OSD,1.35388019449859
R5REF,2023,C_B,24.45219060428595
R5REF,2023,OTH_A,1.8768051386814242
R5REF,2023,CEREAL,2.1413219836410518
R5REF,2024,CROP_FLW,2.5603887571304345
R5REF,2024,PDR,5.457467046588952
R5REF,2024,WHT,2.038367240111796
R5REF,2024,GRO,2.2602186208482187
R5REF,2024,OSD,1.35489520936573
R5REF,2024,C_B,24.472529736143798
R5REF,2024,OTH_A,1.8789185463122247
R5REF,2024,CEREAL,2.1488912985994837
R5REF,2025,CROP_FLW,2.5599305713753138
R5REF,2025,PDR,5.424438389247321
R5REF,2025,WHT,2.0472412830237974
R5REF,2025,GRO,2.2669450876102597
R5REF,2025,OSD,1.3559109851976772
R5REF,2025,C_B,24.492885785924926
R5REF,2025,OTH_A,1.8810343337808266
R5REF,2025,CEREAL,2.156487370173398
R5REF,2026,CROP_FLW,2.5594724676132827
R5REF,2026,PDR,5.391609621744048
R5REF,2026,WHT,2.0561539591300804
R5REF,2026,GRO,2.273691572504478
R5REF,2026,OSD,1.356927522564932
R5REF,2026,C_B,24.51325876770153
R5REF,2026,OTH_A,1.883152503767085
R5REF,2026,CEREAL,2.164110292944203
R5REF,2027,CROP_FLW,2.559014445829669
R5REF,2027,PDR,5.358979534343387
R5REF,2027,WHT,2.065105436620467
R5REF,2027,GRO,2.2804581351053312
R5REF,2027,OSD,1.3579448220384245
R5REF,2027,C_B,24.533648695557503
R5REF,2027,OTH_A,1.8852730589538738
R5REF,2027,CEREAL,2.1717601618276414
R5REF,2028,CROP_FLW,2.5585565060098028
R5REF,2028,PDR,5.326546924630925
R5REF,2028,WHT,2.0740958844169946
R5REF,2028,GRO,2.287244835164574
R5REF,2028,OSD,1.3589628841895114
R5REF,2028,C_B,24.554055583588447
R5REF,2028,OTH_A,1.8873960020270881
R5REF,2028,CEREAL,2.1794370720749723
R5REF,2029,CROP_FLW,2.558098648139016
R5REF,2029,PDR,5.294310597469277
R5REF,2029,WHT,2.0831254721771044
R5REF,2029,GRO,2.294051732611783
R5REF,2029,OSD,1.359981709589978
R5REF,2029,C_B,24.574479445901705
R5REF,2029,OTH_A,1.8895213356756464
R5REF,2029,CEREAL,2.187141119274155
R5REF,2030,CROP_FLW,2.5576408722026436
R5REF,2030,PDR,5.262269364954046
R5REF,2030,WHT,2.092194370296842
R5REF,2030,GRO,2.3008788875548833
R5REF,2030,OSD,1.3610012988120406
R5REF,2030,C_B,24.59492029661633
R5REF,2030,OTH_A,1.8916490625914977
R5REF,2030,CEREAL,2.1948723993510435
R5REF,2031,CROP_FLW,2.558040998614246
R5REF,2031,PDR,5.264833763752042
R5REF,2031,WHT,2.0947101184114967
R5REF,2031,GRO,2.3041775631152386
R5REF,2031,OSD,1.363356508949285
R5REF,2031,C_B,24.62415387888203
R5REF,2031,OTH_A,1.8940102577921032
R5REF,2031,CEREAL,2.1978683588579435
R5REF,2032,CROP_FLW,2.558441187623044
R5REF,2032,PDR,5.267399412227836
R5REF,2032,WHT,2.097228891574238
R5REF,2032,GRO,2.3074809678512627
R5REF,2032,OSD,1.3657157947731546
R5REF,2032,C_B,24.65342220825493
R5REF,2032,OTH_A,1.8963744002850398
R5REF,2032,CEREAL,2.2008684077931724
R5REF,2033,CROP_FLW,2.5588414392388295
R5REF,2033,PDR,5.26996631099042
R5REF,2033,WHT,2.0997506934225183
R5REF,2033,GRO,2.310789108542981
R5REF,2033,OSD,1.3680791633366174
R5REF,2033,C_B,24.682725326035527
R5REF,2033,OTH_A,1.898741493749178
R5REF,2033,CEREAL,2.203872551738722
R5REF,2034,CROP_FLW,2.5592417534713983
R5REF,2034,PDR,5.27253446064908
R5REF,2034,WHT,2.1022755275981657
R5REF,2034,GRO,2.3141019919801384
R5REF,2034,OSD,1.3704466217048465
R5REF,2034,C_B,24.712063273573406
R5REF,2034,OTH_A,1.9011115418679814
R5REF,2034,CEREAL,2.2068807962842043
R5REF,2035,CROP_FLW,2.5596421303305457
R5REF,2035,PDR,5.2751038618134
R5REF,2035,WHT,2.1048033977473852
R5REF,2035,GRO,2.3174196249622145
R5REF,2035,OSD,1.372818176955241
R5REF,2035,C_B,24.7414360922673
R5REF,2035,OTH_A,1.9034845483295102
R5REF,2035,CEREAL,2.2098931470268615
R5REF,2036,CROP_FLW,2.5600425698260696
R5REF,2036,PDR,5.277674515093263
R5REF,2036,WHT,2.1073343075207687
R5REF,2036,GRO,2.3207420142984363
R5REF,2036,OSD,1.3751938361774478
R5REF,2036,C_B,24.770843823565144
R5REF,2036,OTH_A,1.9058605168264284
R5REF,2036,CEREAL,2.2129096095715752
R5REF,2037,CROP_FLW,2.5604430719677684
R5REF,2037,PDR,5.280246421098846
R5REF,2037,WHT,2.1098682605732946
R5REF,2037,GRO,2.324069166807794
R5REF,2037,OSD,1.3775736064733823
R5REF,2037,C_B,24.800286508964156
R5REF,2037,OTH_A,1.908239451056009
R5REF,2037,CEREAL,2.2159301895308783
R5REF,2038,CROP_FLW,2.5608436367654432
R5REF,2038,PDR,5.2828195804406235
R5REF,2038,WHT,2.112405260564339
R5REF,2038,GRO,2.3274010893190527
R5REF,2038,OSD,1.3799574949572495
R5REF,2038,C_B,24.829764190010863
R5REF,2038,OTH_A,1.9106213547201418
R5REF,2038,CEREAL,2.2189548925249634
R5REF,2039,CROP_FLW,2.5612442642288955
R5REF,2039,PDR,5.285393993729373
R5REF,2039,WHT,2.1149453111576775
R5REF,2039,GRO,2.3307377886707688
R5REF,2039,OSD,1.3823455087555658
R5REF,2039,C_B,24.85927690830117
R5REF,2039,OTH_A,1.9130062315253344
R5REF,2039,CEREAL,2.2219837241816958
R5REF,2040,CROP_FLW,2.561644954367933
R5REF,2040,PDR,5.28796966157616
R5REF,2040,WHT,2.117488416021489
R5REF,2040,GRO,2.3340792717112993
R5REF,2040,OSD,1.3847376550071797
R5REF,2040,C_B,24.888824705480445
R5REF,2040,OTH_A,1.9153940851827256
R5REF,2040,CEREAL,2.2250166901366235
R5REF,2041,CROP_FLW,2.5620885066763956
R5REF,2041,PDR,5.272722158967422
R5REF,2041,WHT,2.122000441205458
R5REF,2041,GRO,2.3431645150480023
R5REF,2041,OSD,1.3876746500905426
R5REF,2041,C_B,24.976439157969807
R5REF,2041,OTH_A,1.917335870220948
R5REF,2041,CEREAL,2.2315606881661885
R5REF,2042,CROP_FLW,2.562532135786544
R5REF,2042,PDR,5.257518621500445
R5REF,2042,WHT,2.1265220807850036
R5REF,2042,GRO,2.3522851220707155
R5REF,2042,OSD,1.3906178744694608
R5REF,2042,C_B,25.06436203371241
R5REF,2042,OTH_A,1.919279623798785
R5REF,2042,CEREAL,2.2381239327526
R5REF,2043,CROP_FLW,2.5629758417116753
R5REF,2043,PDR,5.24235892240472
R5REF,2043,WHT,2.131053355246847
R5REF,2043,GRO,2.3614412304301577
R5REF,2043,OSD,1.39356734135612
R5REF,2043,C_B,25.152594418429846
R5REF,2043,OTH_A,1.9212253479119
R5REF,2043,CEREAL,2.2447064805019186
R5REF,2044,CROP_FLW,2.563419624465092
R5REF,2044,PDR,5.227242935275269
R5REF,2044,WHT,2.135594285121364
R5REF,2044,GRO,2.3706329783128472
R5REF,2044,OSD,1.3965230639907276
R5REF,2044,C_B,25.24113740166571
R5REF,2044,OTH_A,1.9231730445579787
R5REF,2044,CEREAL,2.251308388186689
R5REF,2045,CROP_FLW,2.563863484060096
R5REF,2045,PDR,5.212170534071597
R5REF,2045,WHT,2.1401448909826755
R5REF,2045,GRO,2.3798605044431804
R5REF,2045,OSD,1.399485055641574
R5REF,2045,C_B,25.329992076799034
R5REF,2045,OTH_A,1.9251227157367319
R5REF,2045,CEREAL,2.257929712746431
R5REF,2046,CROP_FLW,2.5643074205099925
R5REF,2046,PDR,5.197141593116638
R5REF,2046,WHT,2.144705193448745
R5REF,2046,GRO,2.38912394808553
R5REF,2046,OSD,1.4024533296050907
R5REF,2046,C_B,25.419159541057798
R5REF,2046,OTH_A,1.9270743634498981
R5REF,2046,CEREAL,2.264570511288127
R5REF,2047,CROP_FLW,2.5647514338280892
R5REF,2047,PDR,5.182155987095704
R5REF,2047,WHT,2.1492752131814674
R5REF,2047,GRO,2.398423449046347
R5REF,2047,OSD,1.4054278992059115
R5REF,2047,C_B,25.50864089553249
R5REF,2047,OTH_A,1.929027989701246
R5REF,2047,CEREAL,2.271230841086718
R5REF,2048,CROP_FLW,2.565195524027696
R5REF,2048,PDR,5.167213591055447
R5REF,2048,WHT,2.153854970886766
R5REF,2048,GRO,2.407759147676267
R5REF,2048,OSD,1.4084087777969307
R5REF,2048,C_B,25.59843724518968
R5REF,2048,OTH_A,1.9309835964965738
R5REF,2048,CEREAL,2.277910759585598
R5REF,2049,CROP_FLW,2.5656396911221253
R5REF,2049,PDR,5.1523142804028135
R5REF,2049,WHT,2.158444487314685
R5REF,2049,GRO,2.4171311848722334
R5REF,2049,OSD,1.411395978759364
R5REF,2049,C_B,25.688549698885684
R5REF,2049,OTH_A,1.9329411858437144
R5REF,2049,CEREAL,2.2846103243971037
R5REF,2050,CROP_FLW,2.566083935124688
R5REF,2050,PDR,5.1374579309040005
R5REF,2050,WHT,2.1630437832594827
R5REF,2050,GRO,2.4265397020796207
R5REF,2050,OSD,1.4143895155028083
R5REF,2050,C_B,25.778979369380256
R5REF,2050,OTH_A,1.9349007597525352
R5REF,2050,CEREAL,2.29132959330302
R5REF,2051,CROP_FLW,2.566242762904689
R5REF,2051,PDR,5.1513207964176795
R5REF,2051,WHT,2.1637660839134387
R5REF,2051,GRO,2.433757447854557
R5REF,2051,OSD,1.4161859269793258
R5REF,2051,C_B,25.900714133470252
R5REF,2051,OTH_A,1.9348347079821326
R5REF,2051,CEREAL,2.295194054160224
R5REF,2052,CROP_FLW,2.5664016005153365
R5REF,2052,PDR,5.165221069350131
R5REF,2052,WHT,2.1644886257637306
R5REF,2052,GRO,2.4409966628245066
R5REF,2052,OSD,1.4179846200721573
R5REF,2052,C_B,26.023023759449686
R5REF,2052,OTH_A,1.9347686584665416
R5REF,2052,CEREAL,2.2990650326558155
R5REF,2053,CROP_FLW,2.566560447957239
R5REF,2053,PDR,5.179158850641164
R5REF,2053,WHT,2.1652114088909005
R5REF,2053,GRO,2.448257410849621
R5REF,2053,OSD,1.419785597679176
R5REF,2053,C_B,26.145910961959636
R5REF,2053,OTH_A,1.9347026112056847
R5REF,2053,CEREAL,2.302942539782172
R5REF,2054,CROP_FLW,2.566719305231004
R5REF,2054,PDR,5.1931342415029595
R5REF,2054,WHT,2.1659344333755173
R5REF,2054,GRO,2.455539755980002
R5REF,2054,OSD,1.4215888627019364
R5REF,2054,C_B,26.26937846846041
R5REF,2054,OTH_A,1.9346365661994853
R5REF,2054,CEREAL,2.3068265865502093
R5REF,2055,CROP_FLW,2.566878172337242
R5REF,2055,PDR,5.207147343420813
R5REF,2055,WHT,2.1666576992981774
R5REF,2055,GRO,2.462843762456271
R5REF,2055,OSD,1.4233944180456772
R5REF,2055,C_B,26.393429019292032
R5REF,2055,OTH_A,1.9345705234478667
R5REF,2055,CEREAL,2.310717183989415
R5REF,2056,CROP_FLW,2.5670370492765597
R5REF,2056,PDR,5.221198258153861
R5REF,2056,WHT,2.1673812067395035
R5REF,2056,GRO,2.4701694947101314
R5REF,2056,OSD,1.4252022666193278
R5REF,2056,C_B,26.518065367735137
R5REF,2056,OTH_A,1.9345044829507516
R5REF,2056,CEREAL,2.3146143431478765
R5REF,2057,CROP_FLW,2.567195936049567
R5REF,2057,PDR,5.23528708773583
R5REF,2057,WHT,2.168104955780145
R5REF,2057,GRO,2.4775170173649386
R5REF,2057,OSD,1.4270124113355118
R5REF,2057,C_B,26.64329028007199
R5REF,2057,OTH_A,1.9344384447080631
R5REF,2057,CEREAL,2.3185180750923164
R5REF,2058,CROP_FLW,2.567354832656872
R5REF,2058,PDR,5.249413934475771
R5REF,2058,WHT,2.1688289465007795
R5REF,2058,GRO,2.484886395236273
R5REF,2058,OSD,1.4288248551105527
R5REF,2058,C_B,26.769106535647975
R5REF,2058,OTH_A,1.9343724087197243
R5REF,2058,CEREAL,2.322428390908121
R5REF,2059,CROP_FLW,2.5675137390990828
R5REF,2059,PDR,5.263578900958809
R5REF,2059,WHT,2.16955317898211
R5REF,2059,GRO,2.4922776933325053
R5REF,2059,OSD,1.430639600864477
R5REF,2059,C_B,26.895516926933198
R5REF,2059,OTH_A,1.934306374985658
R5REF,2059,CEREAL,2.3263453016993725
R5REF,2060,CROP_FLW,2.5676726553768088
R5REF,2060,PDR,5.277782090046875
R5REF,2060,WHT,2.170277653304865
R5REF,2060,GRO,2.4996909768553772
R5REF,2060,OSD,1.432456651521021
R5REF,2060,C_B,27.0225242595845
R5REF,2060,OTH_A,1.9342403435057884
R5REF,2060,CEREAL,2.330268818588883
R5REF,2061,CROP_FLW,2.5678324997635937
R5REF,2061,PDR,5.272546637599992
R5REF,2061,WHT,2.1729905778873473
R5REF,2061,GRO,2.5053077028696316
R5REF,2061,OSD,1.4332732590885262
R5REF,2061,C_B,27.15903563947787
R5REF,2061,OTH_A,1.9339181441042317
R5REF,2061,CEREAL,2.3343918534336323
R5REF,2062,CROP_FLW,2.567992354101113
R5REF,2062,PDR,5.26731637861541
R5REF,2062,WHT,2.175706893722455
R5REF,2062,GRO,2.5109370494883576
R5REF,2062,OSD,1.4340903321835001
R5REF,2062,C_B,27.296236642467196
R5REF,2062,OTH_A,1.9335959983735929
R5REF,2062,CEREAL,2.338522183323569
R5REF,2063,CROP_FLW,2.5681522183899865
R5REF,2063,PDR,5.262091307941322
R5REF,2063,WHT,2.178426605049376
R5REF,2063,GRO,2.5165790450696504
R5REF,2063,OSD,1.4349078710713288
R5REF,2063,C_B,27.434130752364705
R5REF,2063,OTH_A,1.9332739063049313
R5REF,2063,CEREAL,2.342659821166099
R5REF,2064,CROP_FLW,2.5683120926308325
R5REF,2064,PDR,5.25687142043103
R5REF,2064,WHT,2.181149716112595
R5REF,2064,GRO,2.522233718035327
R5REF,2064,OSD,1.4357258760175484
R5REF,2064,C_B,27.572721470582017
R5REF,2064,OTH_A,1.9329518678893085
R5REF,2064,CEREAL,2.3468047798914666
R5REF,2065,CROP_FLW,2.5684719768242705
R5REF,2065,PDR,5.251656710942938
R5REF,2065,WHT,2.183876231161905
R5REF,2065,GRO,2.5279010968710662
R5REF,2065,OSD,1.4365443472878474
R5REF,2065,C_B,27.712012316219045
R5REF,2065,OTH_A,1.9326298831177866
R5REF,2065,CEREAL,2.3509570724527924
R5REF,2066,CROP_FLW,2.568631870970922
R5REF,2066,PDR,5.246447174340556
R5REF,2066,WHT,2.186606154452409
R5REF,2066,GRO,2.5335812101265534
R5REF,2066,OSD,1.437363285148066
R5REF,2066,C_B,27.852006826153378
R5REF,2066,OTH_A,1.9323079519814303
R5REF,2066,CEREAL,2.3551167118261165
R5REF,2067,CROP_FLW,2.5687917750714044
R5REF,2067,PDR,5.241242805492485
R5REF,2067,WHT,2.189339490244531
R5REF,2067,GRO,2.5392740864156242
R5REF,2067,OSD,1.4381826898641943
R5REF,2067,C_B,27.992708555130058
R5REF,2067,OTH_A,1.9319860744713049
R5REF,2067,CEREAL,2.359283711010438
R5REF,2068,CROP_FLW,2.568951689126339
R5REF,2068,PDR,5.236043599272419
R5REF,2068,WHT,2.1920762428040206
R5REF,2068,GRO,2.544979754416408
R5REF,2068,OSD,1.4390025617023758
R5REF,2068,C_B,28.134121075851855
R5REF,2068,OTH_A,1.9316642505784778
R5REF,2068,CEREAL,2.363458083027756
R5REF,2069,CROP_FLW,2.5691116131363443
R5REF,2069,PDR,5.230849550559135
R5REF,2069,WHT,2.1948164164019577
R5REF,2069,GRO,2.550698242871475
R5REF,2069,OSD,1.439822900928905
R5REF,2069,C_B,28.276247979069996
R5REF,2069,OTH_A,1.9313424802940173
R5REF,2069,CEREAL,2.367639840923108
R5REF,2070,CROP_FLW,2.569271547102039
R5REF,2070,PDR,5.225660654236492
R5REF,2070,WHT,2.1975600153147634
R5REF,2070,GRO,2.556429580587977
R5REF,2070,OSD,1.4406437078102272
R5REF,2070,C_B,28.4190928736753
R5REF,2070,OTH_A,1.931020763608994
R5REF,2070,CEREAL,2.3718289977646148
R5REF,2071,CROP_FLW,2.5654585746636336
R5REF,2071,PDR,5.211880658219978
R5REF,2071,WHT,2.196505009166612
R5REF,2071,GRO,2.5597897623861416
R5REF,2071,OSD,1.4412273375885978
R5REF,2071,C_B,28.52837875553928
R5REF,2071,OTH_A,1.9329053195509869
R5REF,2071,CEREAL,2.373008056665683
R5REF,2072,CROP_FLW,2.561651260933757
R5REF,2072,PDR,5.198136999865393
R5REF,2072,WHT,2.19545050950655
R5REF,2072,GRO,2.5631543608214016
R5REF,2072,OSD,1.4418112038055242
R5REF,2072,C_B,28.63808489726264
R5REF,2072,OTH_A,1.9347917147021512
R5REF,2072,CEREAL,2.3741877016882182
R5REF,2073,CROP_FLW,2.557849597514504
R5REF,2073,PDR,5.184429583350819
R5REF,2073,WHT,2.1943965160914214
R5REF,2073,GRO,2.5665233816990023
R5REF,2073,OSD,1.4423953065567925
R5REF,2073,C_B,28.74821291495852
R5REF,2073,OTH_A,1.9366799508574402
R5REF,2073,CEREAL,2.3753679331235875
R5REF,2074,CROP_FLW,2.554053576020431
R5REF,2074,PDR,5.170758313107016
R5REF,2074,WHT,2.1933430286781883
R5REF,2074,GRO,2.569896830831822
R5REF,2074,OSD,1.4429796459382263
R5REF,2074,C_B,28.858764430954825
R5REF,2074,OTH_A,1.9385700298135595
R5REF,2074,CEREAL,2.3765487512633023
R5REF,2075,CROP_FLW,2.5502631880785414
R5REF,2075,PDR,5.157123093816761
R5REF,2075,WHT,2.192290047023929
R5REF,2075,GRO,2.5732747140403776
R5REF,2075,OSD,1.4435642220456888
R5REF,2075,C_B,28.969741073818156
R5REF,2075,OTH_A,1.9404619533689678
R5REF,2075,CEREAL,2.3777301563990187
R5REF,2076,CROP_FLW,2.5464784253282624
R5REF,2076,PDR,5.143523830414179
R5REF,2076,WHT,2.1912375708858383
R5REF,2076,GRO,2.5766570371528363
R5REF,2076,OSD,1.4441490349750818
R5REF,2076,C_B,29.081144478377773
R5REF,2076,OTH_A,1.9423557233238793
R5REF,2076,CEREAL,2.378912148822537
R5REF,2077,CROP_FLW,2.5426992794214307
R5REF,2077,PDR,5.129960428084085
R5REF,2077,WHT,2.190185600021228
R5REF,2077,GRO,2.5800438060050266
R5REF,2077,OSD,1.4447340848223462
R5REF,2077,C_B,29.192976285749687
R5REF,2077,OTH_A,1.9442513414802645
R5REF,2077,CEREAL,2.380094728825806
R5REF,2078,CROP_FLW,2.538925742022271
R5REF,2078,PDR,5.1164327922613175
R5REF,2078,WHT,2.189134134187525
R5REF,2078,GRO,2.5834350264404478
R5REF,2078,OSD,1.445319371683461
R5REF,2078,C_B,29.305238143360828
R5REF,2078,OTH_A,1.9461488096418529
R5REF,2078,CEREAL,2.381277896700915
R5REF,2079,CROP_FLW,2.5351578048073793
R5REF,2079,PDR,5.102940828630084
R5REF,2079,WHT,2.1880831731422745
R5REF,2079,GRO,2.5868307043102794
R5REF,2079,OSD,1.4459048956544451
R5REF,2079,C_B,29.417931704973338
R5REF,2079,OTH_A,1.9480481296141343
R5REF,2079,CEREAL,2.382461652740102
R5REF,2080,CROP_FLW,2.5313954594657053
R5REF,2080,PDR,5.0894844431232995
R5REF,2080,WHT,2.1870327166431363
R5REF,2080,GRO,2.5902308454733913
R5REF,2080,OSD,1.4464906568313565
R5REF,2080,C_B,29.531058630708923
R5REF,2080,OTH_A,1.9499493032043596
R5REF,2080,CEREAL,2.3836459972357487
R5REF,2081,CROP_FLW,2.520964785502484
R5REF,2081,PDR,5.0747338734457745
R5REF,2081,WHT,2.1837712503021685
R5REF,2081,GRO,2.5892078177846427
R5REF,2081,OSD,1.4467111351279338
R5REF,2081,C_B,29.61619537643135
R5REF,2081,OTH_A,1.9520750052819906
R5REF,2081,CEREAL,2.3817520920423494
R5REF,2082,CROP_FLW,2.5105770913743264
R5REF,2082,PDR,5.060026054523899
R5REF,2082,WHT,2.1805146477031156
R5REF,2082,GRO,2.588185194147005
R5REF,2082,OSD,1.4469316470304516
R5REF,2082,C_B,29.701577567654496
R5REF,2082,OTH_A,1.9542030246554176
R5REF,2082,CEREAL,2.3798596916348482
R5REF,2083,CROP_FLW,2.5002321999818196
R5REF,2083,PDR,5.045360862455536
R5REF,2083,WHT,2.177262901592803
R5REF,2083,GRO,2.587162974400897
R5REF,2083,OSD,1.4471521925440327
R5REF,2083,C_B,29.787205911986952
R5REF,2083,OTH_A,1.956333363850799
R5REF,2083,CEREAL,2.3779687948176296
R5REF,2084,CROP_FLW,2.489929934955295
R5REF,2084,PDR,5.030738173697646
R5REF,2084,WHT,2.174016004728872
R5REF,2084,GRO,2.586141158386798
R5REF,2084,OSD,1.4473727716737999
R5REF,2084,C_B,29.873081119077337
R5REF,2084,OTH_A,1.9584660253970467
R5REF,2084,CEREAL,2.37607940039603
R5REF,2085,CROP_FLW,2.479670120651818
R5REF,2085,PDR,5.016157865065251
R5REF,2085,WHT,2.170773949879765
R5REF,2085,GRO,2.585119745945252
R5REF,2085,OSD,1.4475933844248767
R5REF,2085,C_B,29.95920390062014
R5REF,2085,OTH_A,1.9606010118258297
R5REF,2085,CEREAL,2.374191507176333
R5REF,2086,CROP_FLW,2.4694525821521958
R5REF,2086,PDR,5.001619813730389
R5REF,2086,WHT,2.1675367298247084
R5REF,2086,GRO,2.5840987369168653
R5REF,2086,OSD,1.4478140308023886
R5REF,2086,C_B,30.04557497036165
R5REF,2086,OTH_A,1.9627383256715767
R5REF,2086,CEREAL,2.3723051139657723
R5REF,2087,CROP_FLW,2.4592771452579933
R5REF,2087,PDR,4.987123897221083
R5REF,2087,WHT,2.164304337353696
R5REF,2087,GRO,2.583078131142308
R5REF,2087,OSD,1.4480347108114606
R5REF,2087,C_B,30.132195044105828
R5REF,2087,OTH_A,1.9648779694714795
R5REF,2087,CEREAL,2.370420219572529
R5REF,2088,CROP_FLW,2.449143636488565
R5REF,2088,PDR,4.972669993420315
R5REF,2088,WHT,2.161076765267475
R5REF,2088,GRO,2.582057928462312
R5REF,2088,OSD,1.4482554244572188
R5REF,2088,C_B,30.219064839720303
R5REF,2088,OTH_A,1.9670199457654953
R5REF,2088,CEREAL,2.3685368228057304
R5REF,2089,CROP_FLW,2.4390518830780956
R5REF,2089,PDR,4.958257980564987
R5REF,2089,WHT,2.157854006377528
R5REF,2089,GRO,2.581038128717673
R5REF,2089,OSD,1.4484761717447903
R5REF,2089,C_B,30.30618507714225
R5REF,2089,OTH_A,1.9691642570963512
R5REF,2089,CEREAL,2.36665492247545
R5REF,2090,CROP_FLW,2.4290017129726573
R5REF,2090,PDR,4.9438877372449
R5REF,2090,WHT,2.1546360535060556
R5REF,2090,GRO,2.580018731749249
R5REF,2090,OSD,1.4486969526793043
R5REF,2090,C_B,30.393556478384443
R5REF,2090,OTH_A,1.9713109060095457
R5REF,2090,CEREAL,2.364774517392707
R5REF,2091,CROP_FLW,2.42118445646865
R5REF,2091,PDR,4.972792012307571
R5REF,2091,WHT,2.151937132851958
R5REF,2091,GRO,2.5788749775831574
R5REF,2091,OSD,1.4491283922453335
R5REF,2091,C_B,30.447983258520733
R5REF,2091,OTH_A,1.9710607815541674
R5REF,2091,CEREAL,2.363290675757337
R5REF,2092,CROP_FLW,2.413392358242187
R5REF,2092,PDR,5.001865275252109
R5REF,2092,WHT,2.1492415928953505
R5REF,2092,GRO,2.5777317304574128
R5REF,2092,OSD,1.4495599602993108
R5REF,2092,C_B,30.502507502551982
R5REF,2092,OTH_A,1.9708106888351546
R5REF,2092,CEREAL,2.361807765198474
R5REF,2093,CROP_FLW,2.40562533732638
R5REF,2093,PDR,5.031108514060536
R5REF,2093,WHT,2.1465494294015337
R5REF,2093,GRO,2.5765889901472376
R5REF,2093,OSD,1.449991656879502
R5REF,2093,C_B,30.557129385010114
R5REF,2093,OTH_A,1.9705606278484802
R5REF,2093,CEREAL,2.3603257851318897
R5REF,2094,CROP_FLW,2.3978833130149173
R5REF,2094,PDR,5.0605227224910845
R5REF,2094,WHT,2.143860638141114
R5REF,2094,GRO,2.575446756427954
R5REF,2094,OSD,1.450423482024183
R5REF,2094,C_B,30.611849080739596
R5REF,2094,OTH_A,1.9703105985901184
R5REF,2094,CEREAL,2.358844734973722
R5REF,2095,CROP_FLW,2.3901662048612238
R5REF,2095,PDR,5.090108900111956
R5REF,2095,WHT,2.1411752148899947
R5REF,2095,GRO,2.5743050290749845
R5REF,2095,OSD,1.4508554357716428
R5REF,2095,C_B,30.666666764897997
R5REF,2095,OTH_A,1.9700606010560429
R5REF,2095,CEREAL,2.3573646141404736
R5REF,2096,CROP_FLW,2.3824739326776267
R5REF,2096,PDR,5.119868052335299
R5REF,2096,WHT,2.1384931554293702
R5REF,2096,GRO,2.573163807863851
R5REF,2096,OSD,1.4512875181601799
R5REF,2096,C_B,30.721582612956546
R5REF,2096,OTH_A,1.9698106352422289
R5REF,2096,CEREAL,2.355885422049015
R5REF,2097,CROP_FLW,2.37480641653452
R5REF,2097,PDR,5.149801190451367
R5REF,2097,WHT,2.1358144555457206
R5REF,2097,GRO,2.5720230925701735
R5REF,2097,OSD,1.4517197292281059
R5REF,2097,C_B,30.776596800700695
R5REF,2097,OTH_A,1.9695607011446512
R5REF,2097,CEREAL,2.3544071581165817
R5REF,2098,CROP_FLW,2.367163576759536
R5REF,2098,PDR,5.179909331662888
R5REF,2098,WHT,2.1331391110308027
R5REF,2098,GRO,2.5708828829696735
R5REF,2098,OSD,1.4521520690137426
R5REF,2098,C_B,30.831709504230684
R5REF,2098,OTH_A,1.9693107987592862
R5REF,2098,CEREAL,2.3529298217607764
R5REF,2099,CROP_FLW,2.3595453339367154
R5REF,2099,PDR,5.210193499119635
R5REF,2099,WHT,2.1304671176816448
R5REF,2099,GRO,2.56974317883817
R5REF,2099,OSD,1.4525845375554243
R5REF,2099,C_B,30.886920899962078
R5REF,2099,OTH_A,1.9690609280821094
R5REF,2099,CEREAL,2.351453412399565
R5REF,2100,CROP_FLW,2.351951608905685
R5REF,2100,PDR,5.240654721953189
R5REF,2100,WHT,2.1277984713005402
R5REF,2100,GRO,2.5686039799515834
R5REF,2100,OSD,1.4530171348914953
R5REF,2100,C_B,30.942231164626392
R5REF,2100,OTH_A,1.9688110891090984
R5REF,2100,CEREAL,2.34997792945128
R5ASIA,2005,CROP_FLW,6.056990902147467
R5ASIA,2005,PDR,3.9292542949874485
R5ASIA,2005,WHT,3.0688472916908958
R5ASIA,2005,GRO,3.0854862415223474
R5ASIA,2005,OSD,3.296649445658002
R5ASIA,2005,C_B,61.49920869896182
R5ASIA,2005,OTH_A,3.594178426326929
R5ASIA,2005,CEREAL,3.452904291002045
R5ASIA,2006,CROP_FLW,6.057521490306173
R5ASIA,2006,PDR,3.961086404697479
R5ASIA,2006,WHT,3.086785523521281
R5ASIA,2006,GRO,3.1372303176172602
R5ASIA,2006,OSD,3.3871726501940143
R5ASIA,2006,C_B,61.86802827353218
R5ASIA,2006,OTH_A,3.6554417372009196
R5ASIA,2006,CEREAL,3.487987473847483
R5ASIA,2007,CROP_FLW,6.058052124944029
R5ASIA,2007,PDR,3.9931763962172675
R5ASIA,2007,WHT,3.104828609106388
R5ASIA,2007,GRO,3.1898421497808553
R5ASIA,2007,OSD,3.4801815453363667
R5ASIA,2007,C_B,62.23905971198607
R5ASIA,2007,OTH_A,3.717749290406273
R5ASIA,2007,CEREAL,3.523427118851972
R5ASIA,2008,CROP_FLW,6.058582806065109
R5ASIA,2008,PDR,4.025526358727468
R5ASIA,2008,WHT,3.122977161344409
R5ASIA,2008,GRO,3.2433362904150993
R5ASIA,2008,OSD,3.575744386046007
R5ASIA,2008,C_B,62.6123162791884
R5ASIA,2008,OTH_A,3.7811188852103017
R5ASIA,2008,CEREAL,3.559226847843993
R5ASIA,2009,CROP_FLW,6.059113533673481
R5ASIA,2009,PDR,4.058138398333839
R5ASIA,2009,WHT,3.1412317967160925
R5ASIA,2009,GRO,3.2977275359679656
R5ASIA,2009,OSD,3.6739313015073605
R5ASIA,2009,C_B,62.98781131955539
R5ASIA,2009,OTH_A,3.845568624271499
R5ASIA,2009,CEREAL,3.5953903194515617
R5ASIA,2010,CROP_FLW,6.059644307773224
R5ASIA,2010,PDR,4.091014638204352
R5ASIA,2010,WHT,3.15959313530568
R5ASIA,2010,GRO,3.353030931026122
R5ASIA,2010,OSD,3.7748143465929225
R5ASIA,2010,C_B,63.36555825753169
R5ASIA,2010,OTH_A,3.911116918810891
R5ASIA,2010,CEREAL,3.631921229476131
R5ASIA,2011,CROP_FLW,6.069981023317621
R5ASIA,2011,PDR,4.09775521471865
R5ASIA,2011,WHT,3.167046706343373
R5ASIA,2011,GRO,3.3844790857451468
R5ASIA,2011,OSD,3.806311736834554
R5ASIA,2011,C_B,63.60038531248769
R5ASIA,2011,OTH_A,3.9257654215467066
R5ASIA,2011,CEREAL,3.6485249834904736
R5ASIA,2012,CROP_FLW,6.080335371528691
R5ASIA,2012,PDR,4.104506897370609
R5ASIA,2012,WHT,3.174517860569418
R5ASIA,2012,GRO,3.4162221934352526
R5ASIA,2012,OSD,3.838071944131792
R5ASIA,2012,C_B,63.83608261537105
R5ASIA,2012,OTH_A,3.9404687880559286
R5ASIA,2012,CEREAL,3.6652046435143224
R5ASIA,2013,CROP_FLW,6.090707382484747
R5ASIA,2013,PDR,4.111269704459302
R5ASIA,2013,WHT,3.182006639463063
R5ASIA,2013,GRO,3.4482630204671816
R5ASIA,2013,OSD,3.870097161453775
R5ASIA,2013,C_B,64.07265339124224
R5ASIA,2013,OTH_A,3.955227223822605
R5ASIA,2013,CEREAL,3.6819605565609046
R5ASIA,2014,CROP_FLW,6.101097086315406
R5ASIA,2014,PDR,4.118043654313948
R5ASIA,2014,WHT,3.189513084601403
R5ASIA,2014,GRO,3.480604359157534
R5ASIA,2014,OSD,3.9023896000679716
R5ASIA,2014,C_B,64.31010087711354
R5ASIA,2014,OTH_A,3.9700409351003927
R5ASIA,2014,CEREAL,3.6987930712298605
R5ASIA,2015,CROP_FLW,6.111504513201683
R5ASIA,2015,PDR,4.124828765293973
R5ASIA,2015,WHT,3.1970372376596186
R5ASIA,2015,GRO,3.5132490280121105
R5ASIA,2015,OSD,3.9349514896928657
R5ASIA,2015,C_B,64.54842832199328
R5ASIA,2015,OTH_A,3.9849101289154425
R5ASIA,2015,CEREAL,3.7157025377144937
R5ASIA,2016,CROP_FLW,6.1219296933760745
R5ASIA,2016,PDR,4.131625055789048
R5ASIA,2016,WHT,3.204579140411202
R5ASIA,2016,GRO,3.5461998719715417
R5ASIA,2016,OSD,3.967785078651912
R5ASIA,2016,C_B,64.78763898693035
R5ASIA,2016,OTH_A,3.9998350130692875
R5ASIA,2016,CEREAL,3.732689307809059
R5ASIA,2017,CROP_FLW,6.132372657122651
R5ASIA,2017,PDR,4.138432544219146
R5ASIA,2017,WHT,3.21213883472819
R5ASIA,2017,GRO,3.579459762659224
R5ASIA,2017,OSD,4.000892634028781
R5ASIA,2017,C_B,65.02773614505875
R5ASIA,2017,OTH_A,4.014815796141752
R5ASIA,2017,CEREAL,3.7497537349160774
R5ASIA,2018,CROP_FLW,6.142833434777141
R5ASIA,2018,PDR,4.1452512490345885
R5ASIA,2018,WHT,3.219716362581397
R5ASIA,2018,GRO,3.6130315986315757
R5ASIA,2018,OSD,4.034276441823889
R5ASIA,2018,C_B,65.26872308164246
R5ASIA,2018,OTH_A,4.029852687493867
R5ASIA,2018,CEREAL,3.7668961740536933
R5ASIA,2019,CROP_FLW,6.153312056727021
R5ASIA,2019,PDR,4.152081188716098
R5ASIA,2019,WHT,3.227311766040647
R5ASIA,2019,GRO,3.646918305630643
R5ASIA,2019,OSD,4.067938807112247
R5ASIA,2019,C_B,65.51060309412037
R5ASIA,2019,OTH_A,4.04494589727079
R5ASIA,2019,CEREAL,3.7841169818630567
R5ASIA,2020,CROP_FLW,6.16380855341161
R5ASIA,2020,PDR,4.158922381774843
R5ASIA,2020,WHT,3.2349250872750113
R5ASIA,2020,GRO,3.6811228368390756
R5ASIA,2020,OSD,4.101882054202623
R5ASIA,2020,C_B,65.75337949215128
R5ASIA,2020,OTH_A,4.060095636404748
R5ASIA,2020,CEREAL,3.801416516615747
R5ASIA,2021,CROP_FLW,6.16572999413345
R5ASIA,2021,PDR,4.166847885601656
R5ASIA,2021,WHT,3.2243210116083874
R5ASIA,2021,GRO,3.6797825807964135
R5ASIA,2021,OSD,4.101812927203325
R5ASIA,2021,C_B,65.76858517813885
R5ASIA,2021,OTH_A,4.068183228890401
R5ASIA,2021,CEREAL,3.801881910751247
R5ASIA,2022,CROP_FLW,6.167652033824971
R5ASIA,2022,PDR,4.174788492766579
R5ASIA,2022,WHT,3.2137516960730523
R5ASIA,2022,GRO,3.6784428127261286
R5ASIA,2022,OSD,4.10174380136899
R5ASIA,2022,C_B,65.78379438049146
R5ASIA,2022,OTH_A,4.076286931625189
R5ASIA,2022,CEREAL,3.802347361863324
R5ASIA,2023,CROP_FLW,6.1695746726728915
R5ASIA,2023,PDR,4.182744232051483
R5ASIA,2023,WHT,3.20321702672539
R5ASIA,2023,GRO,3.677103532450555
R5ASIA,2023,OSD,4.101674676699598
R5ASIA,2023,C_B,65.79900710002232
R5ASIA,2023,OTH_A,4.084406776700261
R5ASIA,2023,CEREAL,3.802812869958954
R5ASIA,2024,CROP_FLW,6.171497910863983
R5ASIA,2024,PDR,4.1907151322930885
R5ASIA,2024,WHT,3.192716889995291
R5ASIA,2024,GRO,3.675764739792092
R5ASIA,2024,OSD,4.101605553195131
R5ASIA,2024,C_B,65.81422333754477
R5ASIA,2024,OTH_A,4.0925427962706875
R5ASIA,2024,CEREAL,3.8032784350451125
R5ASIA,2025,CROP_FLW,6.173421748585081
R5ASIA,2025,PDR,4.198701222383064
R5ASIA,2025,WHT,3.182251172684929
R5ASIA,2025,GRO,3.674426434573204
R5ASIA,2025,OSD,4.101536430855568
R5ASIA,2025,C_B,65.82944309387237
R5ASIA,2025,OTH_A,4.100695022555594
R5ASIA,2025,CEREAL,3.8037440571287773
R5ASIA,2026,CROP_FLW,6.175346186023077
R5ASIA,2026,PDR,4.2067025312681405
R5ASIA,2026,WHT,3.1718197619675386
R5ASIA,2026,GRO,3.673088616616419
R5ASIA,2026,OSD,4.10146730968089
R5ASIA,2026,C_B,65.84466636981882
R5ASIA,2026,OTH_A,4.108863487838285
R5ASIA,2026,CEREAL,3.8042097362169263
R5ASIA,2027,CROP_FLW,6.17727122336492
R5ASIA,2027,PDR,4.214719087950211
R5ASIA,2027,WHT,3.161422545386202
R5ASIA,2027,GRO,3.6717512857443313
R5ASIA,2027,OSD,4.101398189671077
R5ASIA,2027,C_B,65.85989316619809
R5ASIA,2027,OTH_A,4.117048224466371
R5ASIA,2027,CEREAL,3.8046754723165375
R5ASIA,2028,CROP_FLW,6.179196860797615
R5ASIA,2028,PDR,4.222750921486435
R5ASIA,2028,WHT,3.1510594108526337
R5ASIA,2028,GRO,3.6704144417795983
R5ASIA,2028,OSD,4.10132907082611
R5ASIA,2028,C_B,65.87512348382427
R5ASIA,2028,OTH_A,4.125249264851901
R5ASIA,2028,CEREAL,3.805141265434592
R5ASIA,2029,CROP_FLW,6.181123098508232
R5ASIA,2029,PDR,4.230798060989345
R5ASIA,2029,WHT,3.1407302466459734
R5ASIA,2029,GRO,3.6690780845449416
R5ASIA,2029,OSD,4.101259953145968
R5ASIA,2029,C_B,65.89035732351165
R5ASIA,2029,OTH_A,4.133466641471483
R5ASIA,2029,CEREAL,3.8056071155780686
R5ASIA,2030,CROP_FLW,6.183049936683892
R5ASIA,2030,PDR,4.238860535626956
R5ASIA,2030,WHT,3.1304349414115817
R5ASIA,2030,GRO,3.6677422138631477
R5ASIA,2030,OSD,4.101190836630633
R5ASIA,2030,C_B,65.90559468607474
R5ASIA,2030,OTH_A,4.1417003868664235
R5ASIA,2030,CEREAL,3.8060730227539508
R5ASIA,2031,CROP_FLW,6.1837866758428754
R5ASIA,2031,PDR,4.2474045150273385
R5ASIA,2031,WHT,3.1201940179774663
R5ASIA,2031,GRO,3.666349612513208
R5ASIA,2031,OSD,4.098897391828227
R5ASIA,2031,C_B,65.92188081345091
R5ASIA,2031,OTH_A,4.144464421757011
R5ASIA,2031,CEREAL,3.8068691764734117
R5ASIA,2032,CROP_FLW,6.184523502787757
R5ASIA,2032,PDR,4.255965715938874
R5ASIA,2032,WHT,3.109986596761013
R5ASIA,2032,GRO,3.664957539918673
R5ASIA,2032,OSD,4.0966052295530835
R5ASIA,2032,C_B,65.93817096534045
R5ASIA,2032,OTH_A,4.147230301273757
R5ASIA,2032,CEREAL,3.8076654967321755
R5ASIA,2033,CROP_FLW,6.185260417528996
R5ASIA,2033,PDR,4.264544173073779
R5ASIA,2033,WHT,3.099812568162868
R5ASIA,2033,GRO,3.663565995878781
R5ASIA,2033,OSD,4.0943143490879965
R5ASIA,2033,C_B,65.9544651427378
R5ASIA,2033,OTH_A,4.149998026647705
R5ASIA,2033,CEREAL,3.8084619835650773
R5ASIA,2034,CROP_FLW,6.1859974200770536
R5ASIA,2034,PDR,4.273139921214233
R5ASIA,2034,WHT,3.089671822942221
R5ASIA,2034,GRO,3.6621749801928445
R5ASIA,2034,OSD,4.09202474971616
R5ASIA,2034,C_B,65.97076334663778
R5ASIA,2034,OTH_A,4.152767599110719
R5ASIA,2034,CEREAL,3.8092586370069617
R5ASIA,2035,CROP_FLW,6.186734510442393
R5ASIA,2035,PDR,4.2817529952125275
R5ASIA,2035,WHT,3.079564252215635
R5ASIA,2035,GRO,3.6607844926602544
R5ASIA,2035,OSD,4.089736430721166
R5ASIA,2035,C_B,65.98706557803536
R5ASIA,2035,OTH_A,4.155539019895487
R5ASIA,2035,CEREAL,3.8100554570926803
R5ASIA,2036,CROP_FLW,6.187471688635477
R5ASIA,2036,PDR,4.290383429991201
R5ASIA,2036,WHT,3.0694897474558718
R5ASIA,2036,GRO,3.6593945330804756
R5ASIA,2036,OSD,4.087449391387011
R5ASIA,2036,C_B,66.00337183792578
R5ASIA,2036,OTH_A,4.158312290235518
R5ASIA,2036,CEREAL,3.810852443857091
R5ASIA,2037,CROP_FLW,6.188208954666773
R5ASIA,2037,PDR,4.299031260543184
R5ASIA,2037,WHT,3.059448200490732
R5ASIA,2037,GRO,3.658005101253051
R5ASIA,2037,OSD,4.085163630998091
R5ASIA,2037,C_B,66.01968212730456
R5ASIA,2037,OTH_A,4.161087411365142
R5ASIA,2037,CEREAL,3.811649597335061
R5ASIA,2038,CROP_FLW,6.188946308546745
R5ASIA,2038,PDR,4.307696521931938
R5ASIA,2038,WHT,3.0494395035018917
R5ASIA,2038,GRO,3.6566161969775988
R5ASIA,2038,OSD,4.082879148839199
R5ASIA,2038,C_B,66.03599644716742
R5ASIA,2038,OTH_A,4.163864384519519
R5ASIA,2038,CEREAL,3.8124469175614624
R5ASIA,2039,CROP_FLW,6.189683750285862
R5ASIA,2039,PDR,4.316379249291601
R5ASIA,2039,WHT,3.0394635490237425
R5ASIA,2039,GRO,3.655227820053813
R5ASIA,2039,OSD,4.080595944195532
R5ASIA,2039,C_B,66.05231479851034
R5ASIA,2039,OTH_A,4.166643210934626
R5ASIA,2039,CEREAL,3.813244404571175
R5ASIA,2040,CROP_FLW,6.190421279894587
R5ASIA,2040,PDR,4.325079477827131
R5ASIA,2040,WHT,3.029520229942242
R5ASIA,2040,GRO,3.653839970281465
R5ASIA,2040,OSD,4.0783140163526825
R5ASIA,2040,C_B,66.06863718232951
R5ASIA,2040,OTH_A,4.169423891847272
R5ASIA,2040,CEREAL,3.8140420583990893
R5ASIA,2041,CROP_FLW,6.1918904025917865
R5ASIA,2041,PDR,4.327950052186683
R5ASIA,2041,WHT,3.023965228932302
R5ASIA,2041,GRO,3.6516958365927246
R5ASIA,2041,OSD,4.072010028532873
R5ASIA,2041,C_B,66.15484247875403
R5ASIA,2041,OTH_A,4.174591152385026
R5ASIA,2041,CEREAL,3.81311065740029
R5ASIA,2042,CROP_FLW,6.193359873944012
R5ASIA,2042,PDR,4.330822531759121
R5ASIA,2042,WHT,3.018420413705548
R5ASIA,2042,GRO,3.6495529611170734
R5ASIA,2042,OSD,4.065715785000107
R5ASIA,2042,C_B,66.24116025446449
R5ASIA,2042,OTH_A,4.179764816824652
R5ASIA,2042,CEREAL,3.812179483852528
R5ASIA,2043,CROP_FLW,6.19482969403401
R5ASIA,2043,PDR,4.333696917808942
R5ASIA,2043,WHT,3.012885765585084
R5ASIA,2043,GRO,3.6474113431161705
R5ASIA,2043,OSD,4.059431270692312
R5ASIA,2043,C_B,66.32759065622201
R5ASIA,2043,OTH_A,4.1849448931026485
R5ASIA,2043,CEREAL,3.811248537700258
R5ASIA,2044,CROP_FLW,6.196299862944541
R5ASIA,2044,PDR,4.336573211601487
R5ASIA,2044,WHT,3.00736126592826
R5ASIA,2044,GRO,3.6452709818521094
R5ASIA,2044,OSD,4.053156470570696
R5ASIA,2044,C_B,66.41413383097928
R5ASIA,2044,OTH_A,4.190131389165352
R5ASIA,2044,CEREAL,3.81031781888795
R5ASIA,2045,CROP_FLW,6.197770380758388
R5ASIA,2045,PDR,4.339451414402928
R5ASIA,2045,WHT,3.0018468961266076
R5ASIA,2045,GRO,3.6431318765874163
R5ASIA,2045,OSD,4.046891369619712
R5ASIA,2045,C_B,66.50078992588067
R5ASIA,2045,OTH_A,4.1953243129689435
R5ASIA,2045,CEREAL,3.8093873273600867
R5ASIA,2046,CROP_FLW,6.199241247558354
R5ASIA,2046,PDR,4.342331527480288
R5ASIA,2046,WHT,2.9963426376057836
R5ASIA,2046,GRO,3.640994026585049
R5ASIA,2046,OSD,4.040635952847025
R5ASIA,2046,C_B,66.5875590882626
R5ASIA,2046,OTH_A,4.200523672479469
R5ASIA,2046,CEREAL,3.808457063061164
R5ASIA,2047,CROP_FLW,6.200712463427261
R5ASIA,2047,PDR,4.345213552101422
R5ASIA,2047,WHT,2.9908484718255
R5ASIA,2047,GRO,3.6388574311084
R5ASIA,2047,OSD,4.034390205283473
R5ASIA,2047,C_B,66.67444146565367
R5ASIA,2047,OTH_A,4.205729475672842
R5ASIA,2047,CEREAL,3.8075270259356935
R5ASIA,2048,CROP_FLW,6.202184028447951
R5ASIA,2048,PDR,4.348097489535031
R5ASIA,2048,WHT,2.985364380279465
R5ASIA,2048,GRO,3.6367220894212924
R5ASIA,2048,OSD,4.028154111983033
R5ASIA,2048,C_B,66.76143720577504
R5ASIA,2048,OTH_A,4.210941730534865
R5ASIA,2048,CEREAL,3.806597215928197
R5ASIA,2049,CROP_FLW,6.203655942703285
R5ASIA,2049,PDR,4.350983341050657
R5ASIA,2049,WHT,2.9798903444953213
R5ASIA,2049,GRO,3.6345880007879816
R5ASIA,2049,OSD,4.0219276580227845
R5ASIA,2049,C_B,66.84854645654055
R5ASIA,2049,OTH_A,4.216160445061234
R5ASIA,2049,CEREAL,3.8056676329832126
R5ASIA,2050,CROP_FLW,6.205128206276137
R5ASIA,2050,PDR,4.353871107918681
R5ASIA,2050,WHT,2.9744263460345812
R5ASIA,2050,GRO,3.632455164473156
R5ASIA,2050,OSD,4.015710828502873
R5ASIA,2050,C_B,66.93576936605704
R5ASIA,2050,OTH_A,4.221385627257559
R5ASIA,2050,CEREAL,3.8047382770452907
R5ASIA,2051,CROP_FLW,6.206613362014435
R5ASIA,2051,PDR,4.353975105682085
R5ASIA,2051,WHT,2.9675020699488597
R5ASIA,2051,GRO,3.6313921188559855
R5ASIA,2051,OSD,4.0045251543880225
R5ASIA,2051,C_B,66.98588216239492
R5ASIA,2051,OTH_A,4.22750982514825
R5ASIA,2051,CEREAL,3.8024552934564047
R5ASIA,2052,CROP_FLW,6.208098873214778
R5ASIA,2052,PDR,4.354079105929606
R5ASIA,2052,WHT,2.9605939131391708
R5ASIA,2052,GRO,3.6303293843413424
R5ASIA,2052,OSD,3.993370637722188
R5ASIA,2052,C_B,67.03603247667544
R5ASIA,2052,OTH_A,4.23364290775195
R5ASIA,2052,CEREAL,3.800173679742051
R5ASIA,2053,CROP_FLW,6.209584739962247
R5ASIA,2053,PDR,4.354183108661308
R5ASIA,2053,WHT,2.9537018380808613
R5ASIA,2053,GRO,3.6292669608381827
R5ASIA,2053,OSD,3.982247191716982
R5ASIA,2053,C_B,67.08622033698718
R5ASIA,2053,OTH_A,4.239784887958207
R5ASIA,2053,CEREAL,3.7978934350802542
R5ASIA,2054,CROP_FLW,6.2110709623419345
R5ASIA,2054,PDR,4.3542871138772465
R5ASIA,2054,WHT,2.946825807336633
R5ASIA,2054,GRO,3.628204848255488
R5ASIA,2054,OSD,3.971154729825762
R5ASIA,2054,C_B,67.13644577143971
R5ASIA,2054,OTH_A,4.245935778675263
R5ASIA,2054,CEREAL,3.795614558649532
R5ASIA,2055,CROP_FLW,6.2125575404389615
R5ASIA,2055,PDR,4.354391121577483
R5ASIA,2055,WHT,2.9399657835563398
R5ASIA,2055,GRO,3.627143046502266
R5ASIA,2055,OSD,3.960093165742962
R5ASIA,2055,C_B,67.18670880816367
R5ASIA,2055,OTH_A,4.252095592830091
R5ASIA,2055,CEREAL,3.793337049628895
R5ASIA,2056,CROP_FLW,6.214044474338468
R5ASIA,2056,PDR,4.354495131762076
R5ASIA,2056,WHT,2.933121729476783
R5ASIA,2056,GRO,3.626081555487553
R5ASIA,2056,OSD,3.949062413403416
R5ASIA,2056,C_B,67.23700947531074
R5ASIA,2056,OTH_A,4.258264343368416
R5ASIA,2056,CEREAL,3.791060907197847
R5ASIA,2057,CROP_FLW,6.21553176412561
R5ASIA,2057,PDR,4.354599144431084
R5ASIA,2057,WHT,2.926293607921511
R5ASIA,2057,GRO,3.62502037512041
R5ASIA,2057,OSD,3.9380623869816915
R5ASIA,2057,C_B,67.28734780105368
R5ASIA,2057,OTH_A,4.264442043254745
R5ASIA,2057,CEREAL,3.7887861305363835
R5ASIA,2058,CROP_FLW,6.217019409885569
R5ASIA,2058,PDR,4.354703159584568
R5ASIA,2058,WHT,2.919481381800617
R5ASIA,2058,GRO,3.623959505309926
R5ASIA,2058,OSD,3.927093000891421
R5ASIA,2058,C_B,67.33772381358638
R5ASIA,2058,OTH_A,4.270628705472392
R5ASIA,2058,CEREAL,3.786512718824992
R5ASIA,2059,CROP_FLW,6.218507411703543
R5ASIA,2059,PDR,4.354807177222586
R5ASIA,2059,WHT,2.9126850141105374
R5ASIA,2059,GRO,3.6228989459652152
R5ASIA,2059,OSD,3.9161541697846354
R5ASIA,2059,C_B,67.38813754112375
R5ASIA,2059,OTH_A,4.276824343023507
R5ASIA,2059,CEREAL,3.7842406712446532
R5ASIA,2060,CROP_FLW,6.2199957696647505
R5ASIA,2060,PDR,4.354911197345199
R5ASIA,2060,WHT,2.9059044679338495
R5ASIA,2060,GRO,3.621838696995421
R5ASIA,2060,OSD,3.905245808551103
R5ASIA,2060,C_B,67.4385890119019
R5ASIA,2060,OTH_A,4.283028968929108
R5ASIA,2060,CEREAL,3.781969986976835
R5ASIA,2061,CROP_FLW,6.2180618062540045
R5ASIA,2061,PDR,4.362820573346652
R5ASIA,2061,WHT,2.8997848204650336
R5ASIA,2061,GRO,3.62177631328013
R5ASIA,2061,OSD,3.8913273321938098
R5ASIA,2061,C_B,67.54638621431036
R5ASIA,2061,OTH_A,4.295048561037473
R5ASIA,2061,CEREAL,3.7833933178318797
R5ASIA,2062,CROP_FLW,6.216128444164322
R5ASIA,2062,PDR,4.37074431433189
R5ASIA,2062,WHT,2.89367806057926
R5ASIA,2062,GRO,3.621713930639356
R5ASIA,2062,OSD,3.8774584619288364
R5ASIA,2062,C_B,67.6543557251407
R5ASIA,2062,OTH_A,4.307101884086137
R5ASIA,2062,CEREAL,3.7848171843523915
R5ASIA,2063,CROP_FLW,6.214195683208736
R5ASIA,2063,PDR,4.378682446390549
R5ASIA,2063,WHT,2.887584161136109
R5ASIA,2063,GRO,3.621651549073081
R5ASIA,2063,OSD,3.8636390209577782
R5ASIA,2063,C_B,67.76249781981932
R5ASIA,2063,OTH_A,4.319189032735246
R5ASIA,2063,CEREAL,3.786241586739968
R5ASIA,2064,CROP_FLW,6.212263523200339
R5ASIA,2064,PDR,4.386634995659654
R5ASIA,2064,WHT,2.8815030950523175
R5ASIA,2064,GRO,3.621589168581286
R5ASIA,2064,OSD,3.849868833112351
R5ASIA,2064,C_B,67.87081277421282
R5ASIA,2064,OTH_A,4.331310101910592
R5ASIA,2064,CEREAL,3.78766652519628
R5ASIA,2065,CROP_FLW,6.210331963952281
R5ASIA,2065,PDR,4.3946019883236955
R5ASIA,2065,WHT,2.8754348353016588
R5ASIA,2065,GRO,3.621526789163953
R5ASIA,2065,OSD,3.836147722852141
R5ASIA,2065,C_B,67.97930086462878
R5ASIA,2065,OTH_A,4.3434651868043614
R5ASIA,2065,CEREAL,3.7890919999230745
R5ASIA,2066,CROP_FLW,6.208401005277766
R5ASIA,2066,PDR,4.402583450614724
R5ASIA,2066,WHT,2.869379354914821
R5ASIA,2066,GRO,3.621464410821063
R5ASIA,2066,OSD,3.822475515262368
R5ASIA,2066,C_B,68.08796236781647
R5ASIA,2066,OTH_A,4.355654382875881
R5ASIA,2066,CEREAL,3.790518011122175
R5ASIA,2067,CROP_FLW,6.206470646990064
R5ASIA,2067,PDR,4.410579408812429
R5ASIA,2067,WHT,2.8633366269792866
R5ASIA,2067,GRO,3.621402033552598
R5ASIA,2067,OSD,3.8088520360516576
R5ASIA,2067,C_B,68.1967975609675
R5ASIA,2067,OTH_A,4.367877785852365
R5ASIA,2067,CEREAL,3.7919445589954814
R5ASIA,2068,CROP_FLW,6.204540888902495
R5ASIA,2068,PDR,4.418589889244228
R5ASIA,2068,WHT,2.8573066246392167
R5ASIA,2068,GRO,3.6213396573585386
R5ASIA,2068,OSD,3.7952771115498165
R5ASIA,2068,C_B,68.30580672171656
R5ASIA,2068,OTH_A,4.380135491729676
R5ASIA,2068,CEREAL,3.7933716437449703
R5ASIA,2069,CROP_FLW,6.202611730828444
R5ASIA,2069,PDR,4.426614918285361
R5ASIA,2069,WHT,2.8512893210953267
R5ASIA,2069,GRO,3.6212772822388666
R5ASIA,2069,OSD,3.7817505687056214
R5ASIA,2069,C_B,68.41499012814214
R5ASIA,2069,OTH_A,4.392427596773068
R5ASIA,2069,CEREAL,3.7947992655726908
R5ASIA,2070,CROP_FLW,6.200683172581347
R5ASIA,2070,PDR,4.434654522358968
R5ASIA,2070,WHT,2.8452846896047714
R5ASIA,2070,GRO,3.621214908193563
R5ASIA,2070,OSD,3.768272235084609
R5ASIA,2070,C_B,68.52434805876715
R5ASIA,2070,OTH_A,4.404754197517941
R5ASIA,2070,CEREAL,3.796227424680771
R5ASIA,2071,CROP_FLW,6.196552095323763
R5ASIA,2071,PDR,4.441462980953143
R5ASIA,2071,WHT,2.845319080908333
R5ASIA,2071,GRO,3.622338799245524
R5ASIA,2071,OSD,3.7540733693431254
R5ASIA,2071,C_B,68.59357765857332
R5ASIA,2071,OTH_A,4.415567147828681
R5ASIA,2071,CEREAL,3.800215612292494
R5ASIA,2072,CROP_FLW,6.192423770311186
R5ASIA,2072,PDR,4.4482818924717105
R5ASIA,2072,WHT,2.845353472627586
R5ASIA,2072,GRO,3.6234630391116616
R5ASIA,2072,OSD,3.7399280049878914
R5ASIA,2072,C_B,68.6628772004895
R5ASIA,2072,OTH_A,4.426406642161897
R5ASIA,2072,CEREAL,3.804207989758683
R5ASIA,2073,CROP_FLW,6.188298195709991
R5ASIA,2073,PDR,4.4551112729628874
R5ASIA,2073,WHT,2.845387864762537
R5ASIA,2073,GRO,3.624587627900235
R5ASIA,2073,OSD,3.7258359404254575
R5ASIA,2073,C_B,68.73224675517763
R5ASIA,2073,OTH_A,4.437272745678818
R5ASIA,2073,CEREAL,3.808204561481056
R5ASIA,2074,CROP_FLW,6.184175369687773
R5ASIA,2074,PDR,4.461951138499534
R5ASIA,2074,WHT,2.8454222573131887
R5ASIA,2074,GRO,3.625712565719537
R5ASIA,2074,OSD,3.711796974821979
R5ASIA,2074,C_B,68.80168639337104
R5ASIA,2074,OTH_A,4.448165523700635
R5ASIA,2074,CEREAL,3.8122053318659557
R5ASIA,2075,CROP_FLW,6.180055290413346
R5ASIA,2075,PDR,4.4688015051791785
R5ASIA,2075,WHT,2.845456650279548
R5ASIA,2075,GRO,3.6268378526778924
R5ASIA,2075,OSD,3.697810908100353
R5ASIA,2075,C_B,68.87119618587457
R5ASIA,2075,OTH_A,4.459085041708886
R5ASIA,2075,CEREAL,3.816210305324354
R5ASIA,2076,CROP_FLW,6.17593795605675
R5ASIA,2076,PDR,4.475662389124071
R5ASIA,2076,WHT,2.845491043661619
R5ASIA,2076,GRO,3.6279634888836627
R5ASIA,2076,OSD,3.683877540937369
R5ASIA,2076,C_B,68.94077620356451
R5ASIA,2076,OTH_A,4.4700313653458625
R5ASIA,2076,CEREAL,3.8202194862718595
R5ASIA,2077,CROP_FLW,6.171823364789236
R5ASIA,2077,PDR,4.482533806481212
R5ASIA,2077,WHT,2.8455254374594077
R5ASIA,2077,GRO,3.6290894744452418
R5ASIA,2077,OSD,3.669996674760867
R5ASIA,2077,C_B,69.01042651738884
R5ASIA,2077,OTH_A,4.481004560414992
R5ASIA,2077,CEREAL,3.824232879128715
R5ASIA,2078,CROP_FLW,6.167711514783281
R5ASIA,2078,PDR,4.4894157734223885
R5ASIA,2078,WHT,2.8455598316729174
R5ASIA,2078,GRO,3.630215809471055
R5ASIA,2078,OSD,3.6561681117469074
R5ASIA,2078,C_B,69.08014719836716
R5ASIA,2078,OTH_A,4.492004692881242
R5ASIA,2078,CEREAL,3.828250488319811
R5ASIA,2079,CROP_FLW,6.163602404212572
R5ASIA,2079,PDR,4.496308306144222
R5ASIA,2079,WHT,2.8455942263021545
R5ASIA,2079,GRO,3.631342494069563
R5ASIA,2079,OSD,3.642391654816952
R5ASIA,2079,C_B,69.14993831759085
R5ASIA,2079,OTH_A,4.503031828871509
R5ASIA,2079,CEREAL,3.8322723182746836
R5ASIA,2080,CROP_FLW,6.15949603125202
R5ASIA,2080,PDR,4.503211420868193
R5ASIA,2080,WHT,2.8456286213471227
R5ASIA,2080,GRO,3.6324695283492647
R5ASIA,2080,OSD,3.628667107635058
R5ASIA,2080,C_B,69.21979994622305
R5ASIA,2080,OTH_A,4.514086034675025
R5ASIA,2080,CEREAL,3.836298373427529
R5ASIA,2081,CROP_FLW,6.155959387402713
R5ASIA,2081,PDR,4.506055126489285
R5ASIA,2081,WHT,2.8440510078180807
R5ASIA,2081,GRO,3.6346968335608287
R5ASIA,2081,OSD,3.621095012509215
R5ASIA,2081,C_B,69.26132991902138
R5ASIA,2081,OTH_A,4.519606638695373
R5ASIA,2081,CEREAL,3.837999765225403
R5ASIA,2082,CROP_FLW,6.152424774214624
R5ASIA,2082,PDR,4.508900627864762
R5ASIA,2082,WHT,2.8424742689163276
R5ASIA,2082,GRO,3.6369255044792403
R5ASIA,2082,OSD,3.613538718398702
R5ASIA,2082,C_B,69.30288480865913
R5ASIA,2082,OTH_A,4.525133994263767
R5ASIA,2082,CEREAL,3.8397019115876425
R5ASIA,2083,CROP_FLW,6.148892190521793
R5ASIA,2083,PDR,4.511747926128615
R5ASIA,2083,WHT,2.840898404156972
R5ASIA,2083,GRO,3.6391555419419017
R5ASIA,2083,OSD,3.6059981923308637
R5ASIA,2083,C_B,69.34446463008575
R5ASIA,2083,OTH_A,4.530668109637167
R5ASIA,2083,CEREAL,3.8414048128488965
R5ASIA,2084,CROP_FLW,6.145361635158931
R5ASIA,2084,PDR,4.5145970224155505
R5ASIA,2084,WHT,2.839323413055389
R5ASIA,2084,GRO,3.6413869467867332
R5ASIA,2084,OSD,3.598473401401849
R5ASIA,2084,C_B,69.3860693982596
R5ASIA,2084,OTH_A,4.536208993082629
R5ASIA,2084,CEREAL,3.843108469343961
R5ASIA,2085,CROP_FLW,6.141833106961416
R5ASIA,2085,PDR,4.51744791786099
R5ASIA,2085,WHT,2.8377492951272236
R5ASIA,2085,GRO,3.643619719852165
R5ASIA,2085,OSD,3.5909643127764697
R5ASIA,2085,C_B,69.42769912814803
R5ASIA,2085,OTH_A,4.541756652877322
R5ASIA,2085,CEREAL,3.84481288140778
R5ASIA,2086,CROP_FLW,6.138306604765295
R5ASIA,2086,PDR,4.520300613601074
R5ASIA,2086,WHT,2.836176049888391
R5ASIA,2086,GRO,3.645853861977143
R5ASIA,2086,OSD,3.583470893688056
R5ASIA,2086,C_B,69.4693538347274
R5ASIA,2086,OTH_A,4.547311097308534
R5ASIA,2086,CEREAL,3.8465180493754487
R5ASIA,2087,CROP_FLW,6.134782127407283
R5ASIA,2087,PDR,4.523155110772659
R5ASIA,2087,WHT,2.834603676855071
R5ASIA,2087,GRO,3.6480893740011275
R5ASIA,2087,OSD,3.5759931114383146
R5ASIA,2087,C_B,69.51103353298303
R5ASIA,2087,OTH_A,4.552872334673692
R5ASIA,2087,CEREAL,3.8482239735822077
R5ASIA,2088,CROP_FLW,6.131259673724766
R5ASIA,2088,PDR,4.526011410513322
R5ASIA,2088,WHT,2.8330321755437153
R5ASIA,2088,GRO,3.6503262567640937
R5ASIA,2088,OSD,3.568530933397183
R5ASIA,2088,C_B,69.55273823790925
R5ASIA,2088,OTH_A,4.558440373280368
R5ASIA,2088,CEREAL,3.849930654363449
R5ASIA,2089,CROP_FLW,6.127739242555792
R5ASIA,2089,PDR,4.528869513961353
R5ASIA,2089,WHT,2.8314615454710412
R5ASIA,2089,GRO,3.652564511106532
R5ASIA,2089,OSD,3.561084327002692
R5ASIA,2089,C_B,69.59446796450936
R5ASIA,2089,OTH_A,4.564015221446296
R5ASIA,2089,CEREAL,3.851638092054711
R5ASIA,2090,CROP_FLW,6.124220832739083
R5ASIA,2090,PDR,4.531729422255772
R5ASIA,2090,WHT,2.829891786154036
R5ASIA,2090,GRO,3.6548041378694474
R5ASIA,2090,OSD,3.55365325976082
R5ASIA,2090,C_B,69.63622272779561
R5ASIA,2090,OTH_A,4.56959688749938
R5ASIA,2090,CEREAL,3.8533462869916812
R5ASIA,2091,CROP_FLW,6.121454523643955
R5ASIA,2091,PDR,4.535723434511889
R5ASIA,2091,WHT,2.8282833760833572
R5ASIA,2091,GRO,3.6543829829457906
R5ASIA,2091,OSD,3.550244968358383
R5ASIA,2091,C_B,69.65255375432088
R5ASIA,2091,OTH_A,4.574750229748703
R5ASIA,2091,CEREAL,3.8549177373055894
R5ASIA,2092,CROP_FLW,6.118689464089988
R5ASIA,2092,PDR,4.539720966866496
R5ASIA,2092,WHT,2.8266758801758876
R5ASIA,2092,GRO,3.653961876553181
R5ASIA,2092,OSD,3.546839945831504
R5ASIA,2092,C_B,69.66888861078431
R5ASIA,2092,OTH_A,4.579909383656469
R5ASIA,2092,CEREAL,3.8564898284796496
R5ASIA,2093,CROP_FLW,6.115925653512763
R5ASIA,2093,PDR,4.5437220224220125
R5ASIA,2093,WHT,2.8250692979120484
R5ASIA,2093,GRO,3.6535408186860248
R5ASIA,2093,OSD,3.5434381890450215
R5ASIA,2093,C_B,69.6852272980841
R5ASIA,2093,OTH_A,4.585074355776752
R5ASIA,2093,CEREAL,3.858062560775215
R5ASIA,2094,CROP_FLW,6.11316309134812
R5ASIA,2094,PDR,4.54772660428359
R5ASIA,2094,WHT,2.8234636287725574
R5ASIA,2094,GRO,3.653119809338731
R5ASIA,2094,OSD,3.5400396948667785
R5ASIA,2094,C_B,69.70156981711864
R5ASIA,2094,OTH_A,4.590245152671014
R5ASIA,2094,CEREAL,3.859635934453743
R5ASIA,2095,CROP_FLW,6.110401777032151
R5ASIA,2095,PDR,4.551734715559115
R5ASIA,2095,WHT,2.821858872238427
R5ASIA,2095,GRO,3.652698848505709
R5ASIA,2095,OSD,3.5366444601676243
R5ASIA,2095,C_B,69.71791616878659
R5ASIA,2095,OTH_A,4.595421780908116
R5ASIA,2095,CEREAL,3.8612099497768
R5ASIA,2096,CROP_FLW,6.107641710001202
R5ASIA,2096,PDR,4.555746359359218
R5ASIA,2096,WHT,2.8202550277909646
R5ASIA,2096,GRO,3.6522779361813678
R5ASIA,2096,OSD,3.533252481821409
R5ASIA,2096,C_B,69.73426635398674
R5ASIA,2096,OTH_A,4.600604247064331
R5ASIA,2096,CEREAL,3.862784607006057
R5ASIA,2097,CROP_FLW,6.104882889691875
R5ASIA,2097,PDR,4.559761538797266
R5ASIA,2097,WHT,2.818652094911773
R5ASIA,2097,GRO,3.6518570723601176
R5ASIA,2097,OSD,3.5298637567049798
R5ASIA,2097,C_B,69.75062037361813
R5ASIA,2097,OTH_A,4.605792557723344
R5ASIA,2097,CEREAL,3.8643599064032923
R5ASIA,2098,CROP_FLW,6.102125315541026
R5ASIA,2098,PDR,4.563780256989373
R5ASIA,2098,WHT,2.8170500730827484
R5ASIA,2098,GRO,3.651436257036369
R5ASIA,2098,OSD,3.5264782816981803
R5ASIA,2098,C_B,69.76697822858003
R5ASIA,2098,OTH_A,4.610986719476268
R5ASIA,2098,CEREAL,3.8659358482303925
R5ASIA,2099,CROP_FLW,6.099368986985766
R5ASIA,2099,PDR,4.567802517054398
R5ASIA,2099,WHT,2.8154489617860827
R5ASIA,2099,GRO,3.651015490204534
R5ASIA,2099,OSD,3.5230960536838456
R5ASIA,2099,C_B,69.78333991977186
R5ASIA,2099,OTH_A,4.616186738921647
R5ASIA,2099,CEREAL,3.8675124327493493
R5ASIA,2100,CROP_FLW,6.09661390346346
R5ASIA,2100,PDR,4.571828322113949
R5ASIA,2100,WHT,2.8138487605042615
R5ASIA,2100,GRO,3.6505947718590246
R5ASIA,2100,OSD,3.5197170695478026
R5ASIA,2100,C_B,69.7997054480933
R5ASIA,2100,OTH_A,4.621392622665468
R5ASIA,2100,CEREAL,3.8690896602222606
R5MAF,2005,CROP_FLW,5.006440807475356
R5MAF,2005,PDR,2.2162687425672676
R5MAF,2005,WHT,2.0662812973285303
R5MAF,2005,GRO,1.0982425453841849
R5MAF,2005,OSD,0.8529091866792877
R5MAF,2005,C_B,56.72828498289293
R5MAF,2005,OTH_A,1.7059924763366419
R5MAF,2005,CEREAL,1.3326467089086482
R5MAF,2006,CROP_FLW,5.006963815323229
R5MAF,2006,PDR,2.29470653877035
R5MAF,2006,WHT,2.084340261289173
R5MAF,2006,GRO,1.0998119349310624
R5MAF,2006,OSD,0.8547296039765295
R5MAF,2006,C_B,58.66926522036139
R5MAF,2006,OTH_A,1.6889434121159115
R5MAF,2006,CEREAL,1.3418522429503097
R5MAF,2007,CROP_FLW,5.007486877808163
R5MAF,2007,PDR,2.375920391755278
R5MAF,2007,WHT,2.1025570576706745
R5MAF,2007,GRO,1.1013835671369592
R5MAF,2007,OSD,0.8565539067039998
R5MAF,2007,C_B,60.67665684825667
R5MAF,2007,OTH_A,1.6720647300011016
R5MAF,2007,CEREAL,1.3511213661311072
R5MAF,2008,CROP_FLW,5.008009994935864
R5MAF,2008,PDR,2.460008551238758
R5MAF,2008,WHT,2.1209330659028356
R5MAF,2008,GRO,1.102957445206637
R5MAF,2008,OSD,0.8583821031546148
R5MAF,2008,C_B,62.75273215801858
R5MAF,2008,OTH_A,1.6553547272558247
R5MAF,2008,CEREAL,1.3604545177062322
R5MAF,2009,CROP_FLW,5.008533166712042
R5MAF,2009,PDR,2.547072744174308
R5MAF,2009,WHT,2.139469677471452
R5MAF,2009,GRO,1.1045335723494374
R5MAF,2009,OSD,0.8602142016389908
R5MAF,2009,C_B,64.89984118841842
R5MAF,2009,OTH_A,1.6388117181602178
R5MAF,2009,CEREAL,1.3698521399651227
R5MAF,2010,CROP_FLW,5.009056393142404
R5MAF,2010,PDR,2.6372182978180168
R5MAF,2010,WHT,2.158168296023678
R5MAF,2010,GRO,1.1061119517792868
R5MAF,2010,OSD,0.8620502104854818
R5MAF,2010,C_B,67.12041438571406
R5MAF,2010,OTH_A,1.6224340338408847
R5MAF,2010,CEREAL,1.3793146782524215
R5MAF,2011,CROP_FLW,5.019330857619639
R5MAF,2011,PDR,2.687454262526718
R5MAF,2011,WHT,2.1694779877116996
R5MAF,2011,GRO,1.1283856545395543
R5MAF,2011,OSD,0.8651772017569547
R5MAF,2011,C_B,68.1746194510385
R5MAF,2011,OTH_A,1.6296577721896999
R5MAF,2011,CEREAL,1.4020494098191285
R5MAF,2012,CROP_FLW,5.029626396848686
R5MAF,2012,PDR,2.73864716438101
R5MAF,2012,WHT,2.180846946847174
R5MAF,2012,GRO,1.1511078813699709
R5MAF,2012,OSD,0.8683155358415177
R5MAF,2012,C_B,69.24538204703266
R5MAF,2012,OTH_A,1.6369136735692724
R5MAF,2012,CEREAL,1.425158869522612
R5MAF,2013,CROP_FLW,5.039943054057602
R5MAF,2013,PDR,2.7908152319290243
R5MAF,2013,WHT,2.1922754840159606
R5MAF,2013,GRO,1.1742876641698876
R5MAF,2013,OSD,0.871465253883964
R5MAF,2013,C_B,70.33296222919323
R5MAF,2013,OTH_A,1.6442018811825394
R5MAF,2013,CEREAL,1.4486492338675776
R5MAF,2014,CROP_FLW,5.0502808725631185
R5MAF,2014,PDR,2.8439770409516947
R5MAF,2014,WHT,2.20376391143152
R5MAF,2014,GRO,1.1979342167134117
R5MAF,2014,OSD,0.8746263971783347
R5MAF,2014,C_B,71.4376241374944
R5MAF,2014,OTH_A,1.6515225388700354
R5MAF,2014,CEREAL,1.472526781163763
R5MAF,2015,CROP_FLW,5.060639895770811
R5MAF,2015,PDR,2.898151521077141
R5MAF,2015,WHT,2.215312542943437
R5MAF,2015,GRO,1.222056938311806
R5MAF,2015,OSD,0.8777990071684607
R5MAF,2015,C_B,72.55963606053938
R5MAF,2015,OTH_A,1.658875791112732
R5MAF,2015,CEREAL,1.4967978932039543
R5MAF,2016,CROP_FLW,5.071020167175294
R5MAF,2016,PDR,2.9533579625210518
R5MAF,2016,WHT,2.2269216940459984
R5MAF,2016,GRO,1.2466654175496392
R5MAF,2016,OSD,0.8809831254485054
R5MAF,2016,C_B,73.69927050071945
R5MAF,2016,OTH_A,1.6662617830348896
R5MAF,2016,CEREAL,1.521469056969658
R5MAF,2017,CROP_FLW,5.081421730360391
R5MAF,2017,PDR,3.0096160229554587
R5MAF,2017,WHT,2.2385916818868132
R5MAF,2017,GRO,1.2717694360961689
R5MAF,2017,OSD,0.8841787937635112
R5MAF,2017,C_B,74.8568042403966
R5MAF,2017,OTH_A,1.6736806604069203
R5MAF,2017,CEREAL,1.5465468663648874
R5MAF,2018,CROP_FLW,5.091844628999326
R5MAF,2018,PDR,3.066945734508357
R5MAF,2018,WHT,2.250322825275471
R5MAF,2018,GRO,1.297378972593476
R5MAF,2018,OSD,0.887386054009945
R5MAF,2018,C_B,76.03251840912529
R5MAF,2018,OTH_A,1.6811325696482655
R5MAF,2018,CEREAL,1.5720380239785257
R5MAF,2019,CROP_FLW,5.102288906854907
R5MAF,2019,PDR,3.12536751089666
R5MAF,2019,WHT,2.262115444692258
R5MAF,2019,GRO,1.323504206622892
R5MAF,2019,OSD,0.8906049482362488
R5MAF,2019,C_B,77.22669855193047
R5MAF,2019,OTH_A,1.688617657830286
R5MAF,2019,CEREAL,1.5979493428757408
R5MAF,2020,CROP_FLW,5.1127546077797055
R5MAF,2020,PDR,3.184902154695025
R5MAF,2020,WHT,2.273969862296908
R5MAF,2020,GRO,1.3501555227513018
R5MAF,2020,OSD,0.8938355186433912
R5MAF,2020,C_B,78.43963469865741
R5MAF,2020,OTH_A,1.6961360726791637
R5MAF,2020,CEREAL,1.624287748418921
R5MAF,2021,CROP_FLW,5.107344676127397
R5MAF,2021,PDR,3.2132479877584474
R5MAF,2021,WHT,2.275938345642951
R5MAF,2021,GRO,1.3534726907037338
R5MAF,2021,OSD,0.8937982282651727
R5MAF,2021,C_B,78.40548806476644
R5MAF,2021,OTH_A,1.6970216779538978
R5MAF,2021,CEREAL,1.6321464505824894
R5MAF,2022,CROP_FLW,5.101940468857096
R5MAF,2022,PDR,3.2418461005507386
R5MAF,2022,WHT,2.277908533025072
R5MAF,2022,GRO,1.3567980085344868
R5MAF,2022,OSD,0.8937609394426906
R5MAF,2022,C_B,78.37135629571532
R5MAF,2022,OTH_A,1.6979077456306264
R5MAF,2022,CEREAL,1.6400431750729243
R5MAF,2023,CROP_FLW,5.096541979911692
R5MAF,2023,PDR,3.270698738377635
R5MAF,2023,WHT,2.2798804259183845
R5MAF,2023,GRO,1.3601314962668203
R5MAF,2023,OSD,0.8937236521758798
R5MAF,2023,C_B,78.33723938503299
R5MAF,2023,OTH_A,1.6987942759507837
R5MAF,2023,CEREAL,1.6479781058515608
R5MAF,2024,CROP_FLW,5.091149203240485
R5MAF,2024,PDR,3.2998081665282393
R5MAF,2024,WHT,2.281854025799281
R5MAF,2024,GRO,1.36347317397319
R5MAF,2024,OSD,0.8936863664646754
R5MAF,2024,C_B,78.30313732625127
R5MAF,2024,OTH_A,1.69968126915593
R5MAF,2024,CEREAL,1.655951427769783
R5MAF,2025,CROP_FLW,5.085762132799176
R5MAF,2025,PDR,3.3291766704528705
R5MAF,2025,WHT,2.2838293341454308
R5MAF,2025,GRO,1.3668230617753656
R5MAF,2025,OSD,0.8936490823090125
R5MAF,2025,C_B,78.2690501129048
R5MAF,2025,OTH_A,1.7005687254877524
R5MAF,2025,CEREAL,1.6639633265733333
R5MAF,2026,CROP_FLW,5.080380762549863
R5MAF,2026,PDR,3.358806555942503
R5MAF,2026,WHT,2.2858063524357837
R5MAF,2026,GRO,1.3701811798445545
R5MAF,2026,OSD,0.8936117997088262
R5MAF,2026,C_B,78.23497773853096
R5MAF,2026,OTH_A,1.7014566451880633
R5MAF,2026,CEREAL,1.6720139889066354
R5MAF,2027,CROP_FLW,5.075005086461034
R5MAF,2027,PDR,3.3887001493097983
R5MAF,2027,WHT,2.2877850821505676
R5MAF,2027,GRO,1.3735475484015218
R5MAF,2027,OSD,0.8935745186640518
R5MAF,2027,C_B,78.20092019667003
R5MAF,2027,OTH_A,1.702345028498802
R5MAF,2027,CEREAL,1.6801036023171456
R5MAF,2028,CROP_FLW,5.069635098507555
R5MAF,2028,PDR,3.4188597975717485
R5MAF,2028,WHT,2.289765524771294
R5MAF,2028,GRO,1.376922187716713
R5MAF,2028,OSD,0.8935372391746241
R5MAF,2028,C_B,78.16687748086505
R5MAF,2028,OTH_A,1.7032338756620335
R5MAF,2028,CEREAL,1.6882323552597205
R5MAF,2029,CROP_FLW,5.064270792670671
R5MAF,2029,PDR,3.449287868633949
R5MAF,2029,WHT,2.291747681780756
R5MAF,2029,GRO,1.3803051181103754
R5MAF,2029,OSD,0.8934999612404784
R5MAF,2029,C_B,78.1328495846619
R5MAF,2029,OTH_A,1.7041231869199505
R5MAF,2029,CEREAL,1.6964004371010077
R5MAF,2030,CROP_FLW,5.058912162937993
R5MAF,2030,PDR,3.479986751476507
R5MAF,2030,WHT,2.2937315546630277
R5MAF,2030,GRO,1.3836963599526793
R5MAF,2030,OSD,0.8934626848615502
R5MAF,2030,C_B,78.09883650160926
R5MAF,2030,OTH_A,1.7050129625148722
R5MAF,2030,CEREAL,1.704608038123857
R5MAF,2031,CROP_FLW,5.060316343573878
R5MAF,2031,PDR,3.4928682581547363
R5MAF,2031,WHT,2.2961232730831496
R5MAF,2031,GRO,1.3879081534640871
R5MAF,2031,OSD,0.8954348955690569
R5MAF,2031,C_B,77.98606167394234
R5MAF,2031,OTH_A,1.703319807935306
R5MAF,2031,CEREAL,1.7129022035668227
R5MAF,2032,CROP_FLW,5.061720913962183
R5MAF,2032,PDR,3.5057974469726263
R5MAF,2032,WHT,2.2985174853944983
R5MAF,2032,GRO,1.3921327671325006
R5MAF,2032,OSD,0.8974114596929296
R5MAF,2032,C_B,77.87344969328218
R5MAF,2032,OTH_A,1.7016283347344119
R5MAF,2032,CEREAL,1.7212367261938777
R5MAF,2033,CROP_FLW,5.063125874211089
R5MAF,2033,PDR,3.5187744944302173
R5MAF,2033,WHT,2.3009141941975035
R5MAF,2033,GRO,1.3963702399808267
R5MAF,2033,OSD,0.8993923868428081
R5MAF,2033,C_B,77.76100032447746
R5MAF,2033,OTH_A,1.6999385412425048
R5MAF,2033,CEREAL,1.7296118023722546
R5MAF,2034,CROP_FLW,5.064531224428809
R5MAF,2034,PDR,3.531799577680881
R5MAF,2034,WHT,2.3033134020953034
R5MAF,2034,GRO,1.4006206111507524
R5MAF,2034,OSD,0.901377686649544
R5MAF,2034,C_B,77.64871333271647
R5MAF,2034,OTH_A,1.698250425791558
R5MAF,2034,CEREAL,1.7380276294246544
R5MAF,2035,CROP_FLW,5.065936964723585
R5MAF,2035,PDR,3.544872874533739
R5MAF,2035,WHT,2.305715111693755
R5MAF,2035,GRO,1.404883919903108
R5MAF,2035,OSD,0.9033673687652479
R5MAF,2035,C_B,77.53658848352649
R5MAF,2035,OTH_A,1.6965639867152018
R5MAF,2035,CEREAL,1.746484405633899
R5MAF,2036,CROP_FLW,5.06734309520369
R5MAF,2036,PDR,3.5579945634560906
R5MAF,2036,WHT,2.308119325601429
R5MAF,2036,GRO,1.4091602056182282
R5MAF,2036,OSD,0.9053614428633363
R5MAF,2036,C_B,77.42462554277346
R5MAF,2036,OTH_A,1.6948792223487206
R5MAF,2036,CEREAL,1.7549823302476013
R5MAF,2037,CROP_FLW,5.068749615977424
R5MAF,2037,PDR,3.5711648235758506
R5MAF,2037,WHT,2.3105260464296173
R5MAF,2037,GRO,1.4134495077963158
R5MAF,2037,OSD,0.9073599186385785
R5MAF,2037,C_B,77.31282427666136
R5MAF,2037,OTH_A,1.693196131029052
R5MAF,2037,CEREAL,1.763521603482858
R5MAF,2038,CROP_FLW,5.070156527153121
R5MAF,2038,PDR,3.584383834683991
R5MAF,2038,WHT,2.312935276792335
R5MAF,2038,GRO,1.4177518660578083
R5MAF,2038,OSD,0.909362805807144
R5MAF,2038,C_B,77.20118445173178
R5MAF,2038,OTH_A,1.6915147110947852
R5MAF,2038,CEREAL,1.7721024265309704
R5MAF,2039,CROP_FLW,5.071563828839142
R5MAF,2039,PDR,3.597651777236999
R5MAF,2039,WHT,2.315347019306322
R5MAF,2039,GRO,1.4220673201437413
R5MAF,2039,OSD,0.9113701141066496
R5MAF,2039,C_B,77.08970583486344
R5MAF,2039,OTH_A,1.6898349608861598
R5MAF,2039,CEREAL,1.7807250015621816
R5MAF,2040,CROP_FLW,5.072971521143876
R5MAF,2040,PDR,3.6109688323593367
R5MAF,2040,WHT,2.317761276591048
R5MAF,2040,GRO,1.4263959099161183
R5MAF,2040,OSD,0.9133818532962062
R5MAF,2040,C_B,76.97838819327168
R5MAF,2040,OTH_A,1.6881568787450636
R5MAF,2040,CEREAL,1.7893895317304416
R5MAF,2041,CROP_FLW,5.067577045559513
R5MAF,2041,PDR,3.623241545917252
R5MAF,2041,WHT,2.320687029333952
R5MAF,2041,GRO,1.4300357482484494
R5MAF,2041,OSD,0.9131413243003356
R5MAF,2041,C_B,77.42979841533403
R5MAF,2041,OTH_A,1.686536816625185
R5MAF,2041,CEREAL,1.7974560755382814
R5MAF,2042,CROP_FLW,5.062188306330401
R5MAF,2042,PDR,3.6355559711334693
R5MAF,2042,WHT,2.323616475308423
R5MAF,2042,GRO,1.4336848746213542
R5MAF,2042,OSD,0.9129008586451123
R5MAF,2042,C_B,77.88385575944407
R5MAF,2042,OTH_A,1.6849183092193885
R5MAF,2042,CEREAL,1.8055589832165082
R5MAF,2043,CROP_FLW,5.05680529735664
R5MAF,2043,PDR,3.6479122497747163
R5MAF,2043,WHT,2.326549619176497
R5MAF,2043,GRO,1.437343312735802
R5MAF,2043,OSD,0.9126604563138563
R5MAF,2043,C_B,78.34057574863338
R5MAF,2043,OTH_A,1.6833013550356721
R5MAF,2043,CEREAL,1.8136984186929577
R5MAF,2044,CROP_FLW,5.0514280125448145
R5MAF,2044,PDR,3.660310524089547
R5MAF,2044,WHT,2.3294864656060907
R5MAF,2044,GRO,1.4410110863532424
R5MAF,2044,OSD,0.9124201172898918
R5MAF,2044,C_B,78.79997399696244
R5MAF,2044,OTH_A,1.681685952583466
R5MAF,2044,CEREAL,1.8218745466344508
R5MAF,2045,CROP_FLW,5.046056445807988
R5MAF,2045,PDR,3.6727509368099818
R5MAF,2045,WHT,2.3324270192710177
R5MAF,2045,GRO,1.4446882192957582
R5MAF,2045,OSD,0.9121798415565476
R5MAF,2045,C_B,79.26206621005433
R5MAF,2045,OTH_A,1.6800721003736299
R5MAF,2045,CEREAL,1.8300875324501233
R5MAF,2046,CROP_FLW,5.040690591065697
R5MAF,2046,PDR,3.6852336311531455
R5MAF,2046,WHT,2.3353712848509884
R5MAF,2046,GRO,1.448374735446221
R5MAF,2046,OSD,0.9119396290971571
R5MAF,2046,C_B,79.72686818563179
R5MAF,2046,OTH_A,1.6784597969184536
R5MAF,2046,CEREAL,1.8383375422947736
R5MAF,2047,CROP_FLW,5.035330442243946
R5MAF,2047,PDR,3.6977587508229237
R5MAF,2047,WHT,2.3383192670316215
R5MAF,2047,GRO,1.4520706587484455
R5MAF,2047,OSD,0.9116994798950574
R5MAF,2047,C_B,80.1943958140572
R5MAF,2047,OTH_A,1.676849040731654
R5MAF,2047,CEREAL,1.8466247430722238
R5MAF,2048,CROP_FLW,5.029975993275196
R5MAF,2048,PDR,3.710326440011609
R5MAF,2048,WHT,2.341270970504451
R5MAF,2048,GRO,1.4557760132073467
R5MAF,2048,OSD,0.9114593939335907
R5MAF,2048,C_B,80.66466507887591
R5MAF,2048,OTH_A,1.6752398303283749
R5MAF,2048,CEREAL,1.8549493024386954
R5MAF,2049,CROP_FLW,5.02462723809836
R5MAF,2049,PDR,3.7229368434015693
R5MAF,2049,WHT,2.3442263999669324
R5MAF,2049,GRO,1.459490822889093
R5MAF,2049,OSD,0.9112193711961029
R5MAF,2049,C_B,81.13769205736263
R5MAF,2049,OTH_A,1.673632164225184
R5MAF,2049,CEREAL,1.8633113888062025
R5MAF,2050,CROP_FLW,5.019284170658796
R5MAF,2050,PDR,3.7355901061669012
R5MAF,2050,WHT,2.347185560122453
R5MAF,2050,GRO,1.4632151119212657
R5MAF,2050,OSD,0.9109794116659451
R5MAF,2050,C_B,81.61349292107111
R5MAF,2050,OTH_A,1.6720260409400727
R5MAF,2050,CEREAL,1.8717111713459582
R5MAF,2051,CROP_FLW,5.0174142072897965
R5MAF,2051,PDR,3.742815719652842
R5MAF,2051,WHT,2.3526985902321513
R5MAF,2051,GRO,1.466588107034002
R5MAF,2051,OSD,0.9115726625702243
R5MAF,2051,C_B,82.49255488454307
R5MAF,2051,OTH_A,1.6714536856175233
R5MAF,2051,CEREAL,1.8782819711732701
R5MAF,2052,CROP_FLW,5.015544940586473
R5MAF,2052,PDR,3.7500553093751376
R5MAF,2052,WHT,2.3582245692545842
R5MAF,2052,GRO,1.4699688775557933
R5MAF,2052,OSD,0.9121662998132406
R5MAF,2052,C_B,83.38108525707295
R5MAF,2052,OTH_A,1.6708815262193237
R5MAF,2052,CEREAL,1.8848758383472066
R5MAF,2053,CROP_FLW,5.013676370289279
R5MAF,2053,PDR,3.757308902367504
R5MAF,2053,WHT,2.363763527603941
R5MAF,2053,GRO,1.4733574414104682
R5MAF,2053,OSD,0.9127603236465868
R5MAF,2053,C_B,84.2791860232464
R5MAF,2053,OTH_A,1.670309562678407
R5MAF,2053,CEREAL,1.8914928538476325
R5MAF,2054,CROP_FLW,5.011808496138763
R5MAF,2054,PDR,3.7645765257159476
R5MAF,2054,WHT,2.3693154957658478
R5MAF,2054,GRO,1.4767538165631728
R5MAF,2054,OSD,0.9133547343220192
R5MAF,2054,C_B,85.18696026612876
R5MAF,2054,OTH_A,1.6697377949277286
R5MAF,2054,CEREAL,1.8981330989386986
R5MAF,2055,CROP_FLW,5.009941317875574
R5MAF,2055,PDR,3.7718582065588646
R5MAF,2055,WHT,2.374880504297534
R5MAF,2055,GRO,1.4801580210204668
R5MAF,2055,OSD,0.9139495320914588
R5MAF,2055,C_B,86.10451217909704
R5MAF,2055,OTH_A,1.6691662229002668
R5MAF,2055,CEREAL,1.9047966551698414
R5MAF,2056,CROP_FLW,5.008074835240454
R5MAF,2056,PDR,3.7791539720871485
R5MAF,2056,WHT,2.3804585838280015
R5MAF,2056,GRO,1.4835700728304184
R5MAF,2056,OSD,0.9145447172069898
R5MAF,2056,C_B,87.03194707779882
R5MAF,2056,OTH_A,1.6685948465290237
R5MAF,2056,CEREAL,1.911483604376782
R5MAF,2057,CROP_FLW,5.006209047974243
R5MAF,2057,PDR,3.786463849544282
R5MAF,2057,WHT,2.386049765058193
R5MAF,2057,GRO,1.4869899900827002
R5MAF,2057,OSD,0.9151402899208612
R5MAF,2057,C_B,87.96937141224049
R5MAF,2057,OTH_A,1.6680236657470233
R5MAF,2057,CEREAL,1.9181940286825345
R5MAF,2058,CROP_FLW,5.004343955817877
R5MAF,2058,PDR,3.7937878662264457
R5MAF,2058,WHT,2.391654078761162
R5MAF,2058,GRO,1.490417790908685
R5MAF,2058,OSD,0.9157362504854858
R5MAF,2058,C_B,88.91689277900548
R5MAF,2058,OTH_A,1.6674526804873129
R5MAF,2058,CEREAL,1.924928010498412
R5MAF,2059,CROP_FLW,5.002479558512389
R5MAF,2059,PDR,3.8011260494826202
R5MAF,2059,WHT,2.397271555782239
R5MAF,2059,GRO,1.4938534934815413
R5MAF,2059,OSD,0.9163325991534411
R5MAF,2059,C_B,89.87461993360392
R5MAF,2059,OTH_A,1.666881890682963
R5MAF,2059,CEREAL,1.9316856325250387
R5MAF,2060,CROP_FLW,5.000615855798907
R5MAF,2060,PDR,3.808478426714686
R5MAF,2060,WHT,2.4029022270392075
R5MAF,2060,GRO,1.497297116016332
R5MAF,2060,OSD,0.9169293361774682
R5MAF,2060,C_B,90.84266280295573
R5MAF,2060,OTH_A,1.666311296267066
R5MAF,2060,CEREAL,1.9384669777533672
R5MAF,2061,CROP_FLW,4.988389461957936
R5MAF,2061,PDR,3.8171380636553383
R5MAF,2061,WHT,2.4124146403760394
R5MAF,2061,GRO,1.5015400652820636
R5MAF,2061,OSD,0.9192027750672345
R5MAF,2061,C_B,91.85555589500169
R5MAF,2061,OTH_A,1.6676887150854443
R5MAF,2061,CEREAL,1.9461459775949115
R5MAF,2062,CROP_FLW,4.976192961376247
R5MAF,2062,PDR,3.8258173906935937
R5MAF,2062,WHT,2.4219647106788824
R5MAF,2062,GRO,1.5057950379586993
R5MAF,2062,OSD,0.9214818507320298
R5MAF,2062,C_B,92.87974271605404
R5MAF,2062,OTH_A,1.6690672725161606
R5MAF,2062,CEREAL,1.9538553968551216
R5MAF,2063,CROP_FLW,4.964026280965493
R5MAF,2063,PDR,3.834516452600378
R5MAF,2063,WHT,2.431552587021061
R5MAF,2063,GRO,1.5100620681174484
R5MAF,2063,OSD,0.9237665771477006
R5MAF,2063,C_B,93.91534919086816
R5MAF,2063,OTH_A,1.6704469695004234
R5MAF,2063,CEREAL,1.9615953560368042
R5MAF,2064,CROP_FLW,4.951889347816022
R5MAF,2064,PDR,3.8432352942484114
R5MAF,2064,WHT,2.4411784190660413
R5MAF,2064,GRO,1.5143411899260675
R5MAF,2064,OSD,0.9260569683247447
R5MAF,2064,C_B,94.96250264825689
R5MAF,2064,OTH_A,1.671827806980219
R5MAF,2064,CEREAL,1.969365976120123
R5MAF,2065,CROP_FLW,4.939782089196446
R5MAF,2065,PDR,3.851973960612449
R5MAF,2065,WHT,2.4508423570697624
R5MAF,2065,GRO,1.5186324376491374
R5MAF,2065,OSD,0.9283530383083985
R5MAF,2065,C_B,96.02133183674569
R5MAF,2065,OTH_A,1.6732097858983124
R5MAF,2065,CEREAL,1.9771673785644894
R5MAF,2066,CROP_FLW,4.927704432553203
R5MAF,2066,PDR,3.8607324967695047
R5MAF,2066,WHT,2.460544551882986
R5MAF,2066,GRO,1.5229358456483344
R5MAF,2066,OSD,0.9306548011787212
R5MAF,2066,C_B,97.09196694040239
R5MAF,2066,OTH_A,1.6745929071982482
R5MAF,2066,CEREAL,1.9849996853104623
R5MAF,2067,CROP_FLW,4.915656305510125
R5MAF,2067,PDR,3.8695109478990926
R5MAF,2067,WHT,2.470285154953649
R5MAF,2067,GRO,1.527251448382708
R5MAF,2067,OSD,0.9329622710506832
R5MAF,2067,C_B,98.17453959484344
R5MAF,2067,OTH_A,1.6759771718243506
R5MAF,2067,CEREAL,1.9928630187816525
R5MAF,2068,CROP_FLW,4.903637635867999
R5MAF,2068,PDR,3.878309359283449
R5MAF,2068,WHT,2.4800643183292275
R5MAF,2068,GRO,1.5315792804089554
R5MAF,2068,OSD,0.9352754620742505
R5MAF,2068,C_B,99.26918290341865
R5MAF,2068,OTH_A,1.6773625807217243
R5MAF,2068,CEREAL,2.000757501886637
R5MAF,2069,CROP_FLW,4.89164835160414
R5MAF,2069,PDR,3.8871277763077785
R5MAF,2069,WHT,2.4898821946591125
R5MAF,2069,GRO,1.5359193763816974
R5MAF,2069,OSD,0.9375943884344735
R5MAF,2069,C_B,100.37603145357639
R5MAF,2069,OTH_A,1.678749134836256
R5MAF,2069,CEREAL,2.0086832580208793
R5MAF,2070,CROP_FLW,4.879688380871959
R5MAF,2070,PDR,3.8959662444604786
R5MAF,2070,WHT,2.499738937196991
R5MAF,2070,GRO,1.5402717710537601
R5MAF,2070,OSD,0.9399190643515726
R5MAF,2070,C_B,101.49522133341118
R5MAF,2070,OTH_A,1.6801368351146146
R5MAF,2070,CEREAL,2.016640411068662
R5MAF,2071,CROP_FLW,4.860864506703099
R5MAF,2071,PDR,3.899887318600873
R5MAF,2071,WHT,2.516590231803808
R5MAF,2071,GRO,1.5470546539635839
R5MAF,2071,OSD,0.9395247585472376
R5MAF,2071,C_B,101.99457935655973
R5MAF,2071,OTH_A,1.68123103817718
R5MAF,2071,CEREAL,2.026856016509397
R5MAF,2072,CROP_FLW,4.8421132474659885
R5MAF,2072,PDR,3.9038123390851136
R5MAF,2072,WHT,2.533555124725113
R5MAF,2072,GRO,1.553867406602525
R5MAF,2072,OSD,0.9391306181582807
R5MAF,2072,C_B,102.49639422873038
R5MAF,2072,OTH_A,1.6823259538485742
R5MAF,2072,CEREAL,2.037123370687264
R5MAF,2073,CROP_FLW,4.823434323041437
R5MAF,2073,PDR,3.907741309884977
R5MAF,2073,WHT,2.5506343817523405
R5MAF,2073,GRO,1.560710160507679
R5MAF,2073,OSD,0.9387366431153082
R5MAF,2073,C_B,103.0006780376575
R5MAF,2073,OTH_A,1.6834215825928893
R5MAF,2073,CEREAL,2.047442735743532
R5MAF,2074,CROP_FLW,4.804827454390849
R5MAF,2074,PDR,3.9116742349762372
R5MAF,2074,WHT,2.567828773839292
R5MAF,2074,GRO,1.5675830477953905
R5MAF,2074,OSD,0.9383428333489561
R5MAF,2074,C_B,103.50744293054721
R5MAF,2074,OTH_A,1.6845179248745203
R5MAF,2074,CEREAL,2.057814375147392
R5MAF,2075,CROP_FLW,4.786292363552041
R5MAF,2075,PDR,3.915611118338669
R5MAF,2075,WHT,2.5851390771369434
R5MAF,2075,GRO,1.5744862011638032
R5MAF,2075,OSD,0.9379491887898889
R5MAF,2075,C_B,104.01670111437014
R5MAF,2075,OTH_A,1.6856149811581642
R5MAF,2075,CEREAL,2.068238553702674
R5MAF,2076,CROP_FLW,4.767828773635102
R5MAF,2076,PDR,3.9195519639560525
R5MAF,2076,WHT,2.602566073028474
R5MAF,2076,GRO,1.5814197538954233
R5MAF,2076,OSD,0.9375557093688003
R5MAF,2076,C_B,104.52846485615532
R5MAF,2076,OTH_A,1.6867127519088208
R5MAF,2076,CEREAL,2.078715537554618
R5MAF,2077,CROP_FLW,4.749436408818246
R5MAF,2077,PDR,3.9234967758161794
R5MAF,2077,WHT,2.620110548164541
R5MAF,2077,GRO,1.5883838398596921
R5MAF,2077,OSD,0.9371623950164134
R5MAF,2077,C_B,105.04274648328588
R5MAF,2077,OTH_A,1.6878112375917926
R5MAF,2077,CEREAL,2.08924559419666
R5MAF,2078,CROP_FLW,4.731114994343698
R5MAF,2078,PDR,3.927445557910852
R5MAF,2078,WHT,2.6377732944987873
R5MAF,2078,GRO,1.5953785935155707
R5MAF,2078,OSD,0.9367692456634802
R5MAF,2078,C_B,105.55955838379572
R5MAF,2078,OTH_A,1.6889104386726852
R5MAF,2078,CEREAL,2.0998289924772666
R5MAF,2079,CROP_FLW,4.712864256513587
R5MAF,2079,PDR,3.9313983142358904
R5MAF,2079,WHT,2.6555551093235934
R5MAF,2079,GRO,1.6024041499141355
R5MAF,2079,OSD,0.9363762612407815
R5MAF,2079,C_B,106.07891300666813
R5MAF,2079,OTH_A,1.6900103556174073
R5MAF,2079,CEREAL,2.1104660026068003
R5MAF,2080,CROP_FLW,4.6946839226858605
R5MAF,2080,PDR,3.935355048791139
R5MAF,2080,WHT,2.673456795306065
R5MAF,2080,GRO,1.6094606447011854
R5MAF,2080,OSD,0.9359834416791282
R5MAF,2080,C_B,106.60082286213567
R5MAF,2080,OTH_A,1.6911109888921698
R5MAF,2080,CEREAL,2.1211568961644116
R5MAF,2081,CROP_FLW,4.69217495808907
R5MAF,2081,PDR,3.9399347673469234
R5MAF,2081,WHT,2.6646617127811516
R5MAF,2081,GRO,1.617020795008747
R5MAF,2081,OSD,0.9365502796464829
R5MAF,2081,C_B,106.39914285929669
R5MAF,2081,OTH_A,1.6949133164847947
R5MAF,2081,CEREAL,2.1289244294165597
R5MAF,2082,CROP_FLW,4.689667334350035
R5MAF,2082,PDR,3.944519815490963
R5MAF,2082,WHT,2.6558955641356845
R5MAF,2082,GRO,1.6246164577551252
R5MAF,2082,OSD,0.9371174608947835
R5MAF,2082,C_B,106.1978444184612
R5MAF,2082,OTH_A,1.6987241933064272
R5MAF,2082,CEREAL,2.136720406850716
R5MAF,2083,CROP_FLW,4.687161050752165
R5MAF,2083,PDR,3.9491101994254976
R5MAF,2083,WHT,2.6471582541835894
R5MAF,2083,GRO,1.6322477997535791
R5MAF,2083,OSD,0.9376849856319234
R5MAF,2083,C_B,105.99692681774522
R5MAF,2083,OTH_A,1.7025436385793244
R5MAF,2083,CEREAL,2.144544932627554
R5MAF,2084,CROP_FLW,4.684656106579253
R5MAF,2084,PDR,3.9537059253599853
R5MAF,2084,WHT,2.638449688051933
R5MAF,2084,GRO,1.6399149886009428
R5MAF,2084,OSD,0.9382528540659216
R5MAF,2084,C_B,105.79638933663053
R5MAF,2084,OTH_A,1.706371671568962
R5MAF,2084,CEREAL,2.152398111289176
R5MAF,2085,CROP_FLW,4.682152501115476
R5MAF,2085,PDR,3.9583069995111084
R5MAF,2085,WHT,2.6297697711798924
R5MAF,2085,GRO,1.6476181926813058
R5MAF,2085,OSD,0.9388210664049235
R5MAF,2085,C_B,105.59623125596204
R5MAF,2085,OTH_A,1.7102083115841336
R5MAF,2085,CEREAL,2.1602800477605095
R5MAF,2086,CROP_FLW,4.679650233645389
R5MAF,2086,PDR,3.962913428102786
R5MAF,2086,WHT,2.62111840931773
R5MAF,2086,GRO,1.655357581169712
R5MAF,2086,OSD,0.9393896228572001
R5MAF,2086,C_B,105.39645185794528
R5MAF,2086,OTH_A,1.7140535779770465
R5MAF,2086,CEREAL,2.1681908473507114
R5MAF,2087,CROP_FLW,4.677149303453935
R5MAF,2087,PDR,3.9675252173661772
R5MAF,2087,WHT,2.612495508525769
R5MAF,2087,GRO,1.6631333240358748
R5MAF,2087,OSD,0.9399585236311488
R5MAF,2087,C_B,105.19705042614376
R5MAF,2087,OTH_A,1.71790749014342
R5MAF,2087,CEREAL,2.1761306157545732
R5MAF,2088,CROP_FLW,4.6746497098264355
R5MAF,2088,PDR,3.972142373539696
R5MAF,2088,WHT,2.603900975173372
R5MAF,2088,GRO,1.670945592047908
R5MAF,2088,OSD,0.9405277689352932
R5MAF,2088,C_B,104.99802624547645
R5MAF,2088,OTH_A,1.7217700675225833
R5MAF,2088,CEREAL,2.1840994590539333
R5MAF,2089,CROP_FLW,4.6721514520485945
R5MAF,2089,PDR,3.976764902869014
R5MAF,2089,WHT,2.595334715937928
R5MAF,2089,GRO,1.6787945567760796
R5MAF,2089,OSD,0.9410973589782831
R5MAF,2089,C_B,104.79937860221519
R5MAF,2089,OTH_A,1.7256413295975728
R5MAF,2089,CEREAL,2.1920974837190945
R5MAF,2090,CROP_FLW,4.6696545294064995
R5MAF,2090,PDR,3.98139281160707
R5MAF,2090,WHT,2.5867966378038334
R5MAF,2090,GRO,1.686680390596578
R5MAF,2090,OSD,0.9416672939688955
R5MAF,2090,C_B,104.60110678398213
R5MAF,2090,OTH_A,1.7295212958952315
R5MAF,2090,CEREAL,2.2001247966102473
R5MAF,2091,CROP_FLW,4.66746892997359
R5MAF,2091,PDR,3.9887383559179197
R5MAF,2091,WHT,2.5811626555828084
R5MAF,2091,GRO,1.6935283166241617
R5MAF,2091,OSD,0.9419087137159259
R5MAF,2091,C_B,104.31745457594792
R5MAF,2091,OTH_A,1.7304052363282356
R5MAF,2091,CEREAL,2.208355852037176
R5MAF,2092,CROP_FLW,4.665284353495345
R5MAF,2092,PDR,3.996097452526615
R5MAF,2092,WHT,2.575540944042517
R5MAF,2092,GRO,1.700404045246203
R5MAF,2092,OSD,0.9421501953568914
R5MAF,2092,C_B,104.03457156221383
R5MAF,2092,OTH_A,1.7312896285340458
R5MAF,2092,CEREAL,2.2166177012961388
R5MAF,2093,CROP_FLW,4.663100799492978
R5MAF,2093,PDR,4.003470126436718
R5MAF,2093,WHT,2.5699314764577066
R5MAF,2093,GRO,1.707307689341296
R5MAF,2093,OSD,0.9423917389076598
R5MAF,2093,C_B,103.75245565691603
R5MAF,2093,OTH_A,1.7321744727435584
R5MAF,2093,CEREAL,2.2249104595922997
R5MAF,2094,CROP_FLW,4.660918267487924
R5MAF,2094,PDR,4.010856402697923
R5MAF,2094,WHT,2.5643342261613293
R5MAF,2094,GRO,1.7142393622463201
R5MAF,2094,OSD,0.9426333443841032
R5MAF,2094,C_B,103.47110477984708
R5MAF,2094,OTH_A,1.7330597691877878
R5MAF,2094,CEREAL,2.233234242561826
R5MAF,2095,CROP_FLW,4.658736757001846
R5MAF,2095,PDR,4.018256306406139
R5MAF,2095,WHT,2.5587491665444184
R5MAF,2095,GRO,1.7211991777583053
R5MAF,2095,OSD,0.942875011802098
R5MAF,2095,C_B,103.19051685644055
R5MAF,2095,OTH_A,1.733945518097867
R5MAF,2095,CEREAL,2.2415891662735006
R5MAF,2096,CROP_FLW,4.65655626755663
R5MAF,2096,PDR,4.025669862703575
R5MAF,2096,WHT,2.5531762710559605
R5MAF,2096,GRO,1.7281872501362965
R5MAF,2096,OSD,0.9431167411775245
R5MAF,2096,C_B,102.9106898177557
R5MAF,2096,OTH_A,1.734831719705046
R5MAF,2096,CEREAL,2.2499753472303383
R5MAF,2097,CROP_FLW,4.654376798674384
R5MAF,2097,PDR,4.03309709677883
R5MAF,2097,WHT,2.547615513202771
R5MAF,2097,GRO,1.7352036941032303
R5MAF,2097,OSD,0.9433585325262666
R5MAF,2097,C_B,102.63162160046222
R5MAF,2097,OTH_A,1.735718374240694
R5MAF,2097,CEREAL,2.2583929023712144
R5MAF,2098,CROP_FLW,4.652198349877439
R5MAF,2098,PDR,4.040538033866972
R5MAF,2098,WHT,2.542066866549365
R5MAF,2098,GRO,1.7422486248478193
R5MAF,2098,OSD,0.9436003858642132
R5MAF,2098,C_B,102.35331014682511
R5MAF,2098,OTH_A,1.7366054819362977
R5MAF,2098,CEREAL,2.2668419490724925
R5MAF,2099,CROP_FLW,4.6500209206883545
R5MAF,2099,PDR,4.047992699249628
R5MAF,2099,WHT,2.5365303047178345
R5MAF,2099,GRO,1.7493221580264422
R5MAF,2099,OSD,0.9438423012072565
R5MAF,2099,C_B,102.07575340468935
R5MAF,2099,OTH_A,1.737493043023463
R5MAF,2099,CEREAL,2.275322605149661
R5MAF,2100,CROP_FLW,4.647844510629907
R5MAF,2100,PDR,4.055461118255069
R5MAF,2100,WHT,2.5310058013877215
R5MAF,2100,GRO,1.756424409765043
R5MAF,2100,OSD,0.9440842785712932
R5MAF,2100,C_B,101.79894932746491
R5MAF,2100,OTH_A,1.738381057733913
R5MAF,2100,CEREAL,2.2838349888589784
R5LAM,2005,CROP_FLW,8.272132831609154
R5LAM,2005,PDR,4.447403969766222
R5LAM,2005,WHT,3.0616114768257865
R5LAM,2005,GRO,3.4461682315544557
R5LAM,2005,OSD,3.5691082697138827
R5LAM,2005,C_B,75.18453318351695
R5LAM,2005,OTH_A,2.8888979391270277
R5LAM,2005,CEREAL,3.4841195698291774
R5LAM,2006,CROP_FLW,8.257485022211377
R5LAM,2006,PDR,4.5452518577890375
R5LAM,2006,WHT,3.110744420072465
R5LAM,2006,GRO,3.4603576936494997
R5LAM,2006,OSD,3.5880911116541596
R5LAM,2006,C_B,79.08775043291996
R5LAM,2006,OTH_A,2.8682828203842985
R5LAM,2006,CEREAL,3.512021661851891
R5LAM,2007,CROP_FLW,8.242863150298469
R5LAM,2007,PDR,4.645252509369113
R5LAM,2007,WHT,3.160665852038354
R5LAM,2007,GRO,3.4746055802963998
R5LAM,2007,OSD,3.607174916709282
R5LAM,2007,C_B,83.19360383966735
R5LAM,2007,OTH_A,2.8478148107225167
R5LAM,2007,CEREAL,3.5401472039381403
R5LAM,2008,CROP_FLW,8.228267169941848
R5LAM,2008,PDR,4.747453287725287
R5LAM,2008,WHT,3.21138842644251
R5LAM,2008,GRO,3.488912132055948
R5LAM,2008,OSD,3.62636022186684
R5LAM,2008,C_B,87.51261329277361
R5LAM,2008,OTH_A,2.827492860374181
R5LAM,2008,CEREAL,3.568497985557004
R5LAM,2009,CROP_FLW,8.213697035294258
R5LAM,2009,PDR,4.851902598120473
R5LAM,2009,WHT,3.2629250000717116
R5LAM,2009,GRO,3.503277590479438
R5LAM,2009,OSD,3.6456475669704735
R5LAM,2009,C_B,92.05584482299979
R5LAM,2009,OTH_A,2.8073159270629104
R5LAM,2009,CEREAL,3.597075810508276
R5LAM,2010,CROP_FLW,8.19915270058963
R5LAM,2010,PDR,4.958649910787789
R5LAM,2010,WHT,3.3152886360392992
R5LAM,2010,GRO,3.5177021981127403
R5LAM,2010,OSD,3.6650374947350626
R5LAM,2010,C_B,96.83493895589083
R5LAM,2010,OTH_A,2.787282975949986
R5LAM,2010,CEREAL,3.625882497037234
R5LAM,2011,CROP_FLW,8.17619811359601
R5LAM,2011,PDR,4.981379824685617
R5LAM,2011,WHT,3.331301611077316
R5LAM,2011,GRO,3.529770625975577
R5LAM,2011,OSD,3.6631251485291063
R5LAM,2011,C_B,97.41994807007
R5LAM,2011,OTH_A,2.815667934006935
R5LAM,2011,CEREAL,3.636768997177319
R5LAM,2012,CROP_FLW,8.153307790933509
R5LAM,2012,PDR,5.004213930045859
R5LAM,2012,WHT,3.347391929417144
R5LAM,2012,GRO,3.5418804578410485
R5LAM,2012,OSD,3.6612138001486882
R5LAM,2012,C_B,98.00849140100364
R5LAM,2012,OTH_A,2.8443419570245805
R5LAM,2012,CEREAL,3.6476881833973853
R5LAM,2013,CROP_FLW,8.13048155268583
R5LAM,2013,PDR,5.027152704470891
R5LAM,2013,WHT,3.363559964629985
R5LAM,2013,GRO,3.5540318357567733
R5LAM,2013,OSD,3.6593034490731626
R5LAM,2013,C_B,98.60059029996256
R5LAM,2013,OTH_A,2.873307988764592
R5LAM,2013,CEREAL,3.658640153835476
R5LAM,2014,CROP_FLW,8.107719219440378
R5LAM,2014,PDR,5.050196627752359
R5LAM,2014,WHT,3.3798060920914055
R5LAM,2014,GRO,3.5662249022577024
R5LAM,2014,OSD,3.6573940947821546
R5LAM,2014,C_B,99.19626624720718
R5LAM,2014,OTH_A,2.902569002967135
R5LAM,2014,CEREAL,3.669625006924288
R5LAM,2015,CROP_FLW,8.085020612286849
R5LAM,2015,PDR,5.073346181881233
R5LAM,2015,WHT,3.3961306889900498
R5LAM,2015,GRO,3.578459800367792
R5LAM,2015,OSD,3.655485736755561
R5LAM,2015,C_B,99.79554085276658
R5LAM,2015,OTH_A,2.932128003656163
R5LAM,2015,CEREAL,3.680642841392059
R5LAM,2016,CROP_FLW,8.062385552815812
R5LAM,2016,PDR,5.09660185105787
R5LAM,2016,WHT,3.4125341343363984
R5LAM,2016,GRO,3.59073667360168
R5LAM,2016,OSD,3.653578374473551
R5LAM,2016,C_B,100.39843585722258
R5LAM,2016,OTH_A,2.9619880254478215
R5LAM,2016,CEREAL,3.6916937562634478
R5LAM,2017,CROP_FLW,8.039813863117326
R5LAM,2017,PDR,5.119964121702149
R5LAM,2017,WHT,3.4290168089715674
R5LAM,2017,GRO,3.6030556659663695
R5LAM,2017,OSD,3.6516720074165625
R5LAM,2017,C_B,101.00497313249844
R5LAM,2017,OTH_A,2.99215213386199
R5LAM,2017,CEREAL,3.702777850860433
R5LAM,2018,CROP_FLW,8.017305365779524
R5LAM,2018,PDR,5.143433482463649
R5LAM,2018,WHT,3.4455790955761505
R5LAM,2018,GRO,3.61541692196292
R5LAM,2018,OSD,3.649766635065308
R5LAM,2018,C_B,101.61517468265224
R5LAM,2018,OTH_A,3.0226234256369966
R5LAM,2018,CEREAL,3.7138952248032
R5LAM,2019,CROP_FLW,7.994859883887234
R5LAM,2019,PDR,5.167010424231864
R5LAM,2019,WHT,3.4622213786791054
R5LAM,2019,GRO,3.6278205865881388
R5LAM,2019,OSD,3.647862256900768
R5LAM,2019,C_B,102.22906264467532
R5LAM,2019,OTH_A,3.0534050290475423
R5LAM,2019,CEREAL,3.7250459780110377
R5LAM,2020,CROP_FLW,7.972477241020577
R5LAM,2020,PDR,5.190695440146473
R5LAM,2020,WHT,3.4789440446666764
R5LAM,2020,GRO,3.6402668053362874
R5LAM,2020,OSD,3.645958872404195
R5LAM,2020,C_B,102.8466592892952
R5LAM,2020,OTH_A,3.0845001042258535
R5LAM,2020,CEREAL,3.736230210703239
R5LAM,2021,CROP_FLW,7.9670660220881135
R5LAM,2021,PDR,5.228784547265208
R5LAM,2021,WHT,3.477938488150391
R5LAM,2021,GRO,3.649088743709332
R5LAM,2021,OSD,3.649332515630754
R5LAM,2021,C_B,103.38498116717399
R5LAM,2021,OTH_A,3.089850685975552
R5LAM,2021,CEREAL,3.7469406131939604
R5LAM,2022,CROP_FLW,7.961658475952629
R5LAM,2022,PDR,5.267153150666827
R5LAM,2022,WHT,3.4769332222808926
R5LAM,2022,GRO,3.6579320614484554
R5LAM,2022,OSD,3.652709280524072
R5LAM,2022,C_B,103.92612073933867
R5LAM,2022,OTH_A,3.0952105492049373
R5LAM,2022,CEREAL,3.757681718482702
R5LAM,2023,CROP_FLW,7.9562546001212615
R5LAM,2023,PDR,5.305803301283422
R5LAM,2023,WHT,3.475928246974172
R5LAM,2023,GRO,3.666796810365094
R5LAM,2023,OSD,3.6560891699726614
R5LAM,2023,C_B,104.47009275421658
R5LAM,2023,OTH_A,3.1005797100142893
R5LAM,2023,CEREAL,3.76845361458313
R5LAM,2024,CROP_FLW,7.950854392102834
R5LAM,2024,PDR,5.34473706509674
R5LAM,2024,WHT,3.4749235621462446
R5LAM,2024,GRO,3.675683042396246
R5LAM,2024,OSD,3.659472186867704
R5LAM,2024,C_B,105.0169120374315
R5LAM,2024,OTH_A,3.105958184531816
R5LAM,2024,CEREAL,3.7792563897612164
R5LAM,2025,CROP_FLW,7.945457849407869
R5LAM,2025,PDR,5.383956523248614
R5LAM,2025,WHT,3.4739191677131505
R5LAM,2025,GRO,3.684590809604772
R5LAM,2025,OSD,3.6628583341030585
R5LAM,2025,C_B,105.56659349220779
R5LAM,2025,OTH_A,3.1113459889137047
R5LAM,2025,CEREAL,3.790090132535957
R5LAM,2026,CROP_FLW,7.940064969548572
R5LAM,2026,PDR,5.423463772152211
R5LAM,2026,WHT,3.4729150635909534
R5LAM,2026,GRO,3.693520164179709
R5LAM,2026,OSD,3.6662476145752607
R5LAM,2026,C_B,106.11915209977656
R5LAM,2026,OTH_A,3.116743139344166
R5LAM,2026,CEREAL,3.8009549316801015
R5LAM,2027,CROP_FLW,7.934675750038838
R5LAM,2027,PDR,5.46326092360409
R5LAM,2027,WHT,3.471911249695742
R5LAM,2027,GRO,3.702471158436565
R5LAM,2027,OSD,3.6696400311835267
R5LAM,2027,C_B,106.67460291978392
R5LAM,2027,OTH_A,3.1221496520354854
R5LAM,2027,CEREAL,3.811850876220876
R5LAM,2028,CROP_FLW,7.929290188394252
R5LAM,2028,PDR,5.503350104897086
R5LAM,2028,WHT,3.470907725943629
R5LAM,2028,GRO,3.711443844817635
R5LAM,2028,OSD,3.6730355868297555
R5LAM,2028,C_B,107.23296109070148
R5LAM,2028,OTH_A,3.127565543228072
R5LAM,2028,CEREAL,3.822778055440716
R5LAM,2029,CROP_FLW,7.923908282132085
R5LAM,2029,PDR,5.543733458934019
R5LAM,2029,WHT,3.469904492250751
R5LAM,2029,GRO,3.720438275892302
R5LAM,2029,OSD,3.6764342844185323
R5LAM,2029,C_B,107.7942418302389
R5LAM,2029,OTH_A,3.132990829190506
R5LAM,2029,CEREAL,3.833736558877998
R5LAM,2030,CROP_FLW,7.918530028771292
R5LAM,2030,PDR,5.5844131443422365
R5LAM,2030,WHT,3.468901548533269
R5LAM,2030,GRO,3.729454504357345
R5LAM,2030,OSD,3.67983612685713
R5LAM,2030,C_B,108.35846043575859
R5LAM,2030,OTH_A,3.138425526219585
R5LAM,2030,CEREAL,3.844726476327774
R5LAM,2031,CROP_FLW,7.908240686696962
R5LAM,2031,PDR,5.608543046761969
R5LAM,2031,WHT,3.4760797091308424
R5LAM,2031,GRO,3.7317637211675825
R5LAM,2031,OSD,3.6807099275124235
R5LAM,2031,C_B,108.96713959528043
R5LAM,2031,OTH_A,3.1480779625199755
R5LAM,2031,CEREAL,3.8523704547715254
R5LAM,2032,CROP_FLW,7.897964714599123
R5LAM,2032,PDR,5.6327772129916545
R5LAM,2032,WHT,3.483272723418797
R5LAM,2032,GRO,3.7340743678068393
R5LAM,2032,OSD,3.681583935657279
R5LAM,2032,C_B,109.57923787240274
R5LAM,2032,OTH_A,3.157760085529753
R5LAM,2032,CEREAL,3.8600296307610074
R5LAM,2033,CROP_FLW,7.88770209510482
R5LAM,2033,PDR,5.657116093548742
R5LAM,2033,WHT,3.4904806221337146
R5LAM,2033,GRO,3.7363864451604423
R5LAM,2033,OSD,3.6824581513409655
R5LAM,2033,C_B,110.19477447324583
R5LAM,2033,OTH_A,3.167471986552368
R5LAM,2033,CEREAL,3.8677040345115596
R5LAM,2034,CROP_FLW,7.877452810863671
R5LAM,2034,PDR,5.681560140897339
R5LAM,2034,WHT,3.497703436075779
R5LAM,2034,GRO,3.7386999541142663
R5LAM,2034,OSD,3.683332574612765
R5LAM,2034,C_B,110.81376871181605
R5LAM,2034,OTH_A,3.1772137571720758
R5LAM,2034,CEREAL,3.8753936962985938
R5LAM,2035,CROP_FLW,7.867216844547845
R5LAM,2035,PDR,5.7061098094566205
R5LAM,2035,WHT,3.5049411961089088
R5LAM,2035,GRO,3.7410148955547333
R5LAM,2035,OSD,3.68420720552197
R5LAM,2035,C_B,111.4362400106118
R5LAM,2035,OTH_A,3.186985489254808
R5LAM,2035,CEREAL,3.8830986464577144
R5LAM,2036,CROP_FLW,7.85699417885202
R5LAM,2036,PDR,5.730765555609278
R5LAM,2036,WHT,3.5121939331608902
R5LAM,2036,GRO,3.7433312703688166
R5LAM,2036,OSD,3.685082044117887
R5LAM,2036,C_B,112.06220790123302
R5LAM,2036,OTH_A,3.196787274949037
R5LAM,2036,CEREAL,3.890818915384837
R5LAM,2037,CROP_FLW,7.846784796493364
R5LAM,2037,PDR,5.755527837710005
R5LAM,2037,WHT,3.5194616782235055
R5LAM,2037,GRO,3.7456490794440382
R5LAM,2037,OSD,3.685957090449831
R5LAM,2037,C_B,112.69169202499393
R5LAM,2037,OTH_A,3.2066192066866406
R5LAM,2037,CEREAL,3.8985545335363128
R5LAM,2038,CROP_FLW,7.836588680211502
R5LAM,2038,PDR,5.78039711609402
R5LAM,2038,WHT,3.5267444623526703
R5LAM,2038,GRO,3.7479683236684673
R5LAM,2038,OSD,3.68683234456713
R5LAM,2038,C_B,113.3247121335394
R5LAM,2038,OTH_A,3.2164813771837797
R5LAM,2038,CEREAL,3.9063055314290427
R5LAM,2039,CROP_FLW,7.826405812768487
R5LAM,2039,PDR,5.805373853085616
R5LAM,2039,WHT,3.5340423166685633
R5LAM,2039,GRO,3.750289003930726
R5LAM,2039,OSD,3.687707806519125
R5LAM,2039,C_B,113.9612880894648
R5LAM,2039,OTH_A,3.226373879441769
R5LAM,2039,CEREAL,3.9140719396406016
R5LAM,2040,CROP_FLW,7.8162361769487685
R5LAM,2040,PDR,5.830458513006767
R5LAM,2040,WHT,3.5413552723557586
R5LAM,2040,GRO,3.7526111211199833
R5LAM,2040,OSD,3.6885834763551664
R5LAM,2040,C_B,114.60143986693897
R5LAM,2040,OTH_A,3.236296806747955
R5LAM,2040,CEREAL,3.9218537888093556
R5LAM,2041,CROP_FLW,7.810983142912327
R5LAM,2041,PDR,5.8450563599698135
R5LAM,2041,WHT,3.5454996751243355
R5LAM,2041,GRO,3.752554515854569
R5LAM,2041,OSD,3.689274234974193
R5LAM,2041,C_B,115.15866936381828
R5LAM,2041,OTH_A,3.2525238644575922
R5LAM,2041,CEREAL,3.92623292545904
R5LAM,2042,CROP_FLW,7.805733639266467
R5LAM,2042,PDR,5.8596907558827365
R5LAM,2042,WHT,3.5496489280344505
R5LAM,2042,GRO,3.752497911443001
R5LAM,2042,OSD,3.689965122951136
R5LAM,2042,C_B,115.7186082918579
R5LAM,2042,OTH_A,3.268832285965928
R5LAM,2042,CEREAL,3.9306169518467993
R5LAM,2043,CROP_FLW,7.800487663638531
R5LAM,2043,PDR,5.874361792253946
R5LAM,2043,WHT,3.5538030367621625
R5LAM,2043,GRO,3.7524413078852676
R5LAM,2043,OSD,3.6906561403102183
R5LAM,2043,C_B,116.2812698251939
R5LAM,2043,OTH_A,3.285222479237724
R5LAM,2043,CEREAL,3.9350058734325093
R5LAM,2044,CROP_FLW,7.795245213657454
R5LAM,2044,PDR,5.889069560820962
R5LAM,2044,WHT,3.557962006990172
R5LAM,2044,GRO,3.7523847051813557
R5LAM,2044,OSD,3.6913472870756707
R5LAM,2044,C_B,116.84666720201929
R5LAM,2044,OTH_A,3.3016948542833116
R5LAM,2044,CEREAL,3.9393996956821393
R5LAM,2045,CROP_FLW,7.790006286953765
R5LAM,2045,PDR,5.9038141535509885
R5LAM,2045,WHT,3.562125844407832
R5LAM,2045,GRO,3.752328103331252
R5LAM,2045,OSD,3.6920385632717263
R5LAM,2045,C_B,117.41481372489544
R5LAM,2045,OTH_A,3.318249823168846
R5LAM,2045,CEREAL,3.9437984240677673
R5LAM,2046,CROP_FLW,7.784770881159587
R5LAM,2046,PDR,5.91859566264149
R5LAM,2046,WHT,3.566294554711151
R5LAM,2046,GRO,3.7522715023349438
R5LAM,2046,OSD,3.692729968922624
R5LAM,2046,C_B,117.9857227610652
R5LAM,2046,OTH_A,3.334887800026619
R5LAM,2046,CEREAL,3.9482020640675755
R5LAM,2047,CROP_FLW,7.7795389939086315
R5LAM,2047,PDR,5.93341418052077
R5LAM,2047,WHT,3.5704681436028047
R5LAM,2047,GRO,3.752214902192418
R5LAM,2047,OSD,3.693421504052606
R5LAM,2047,C_B,118.55940774276723
R5LAM,2047,OTH_A,3.3516092010654117
R5LAM,2047,CEREAL,3.9526106211658676
R5LAM,2048,CROP_FLW,7.774310622836203
R5LAM,2048,PDR,5.9482697998485445
R5LAM,2048,WHT,3.574646616792144
R5LAM,2048,GRO,3.7521583029036627
R5LAM,2048,OSD,3.69411316868592
R5LAM,2048,C_B,119.13588216755208
R5LAM,2048,OTH_A,3.368414444580914
R5LAM,2048,CEREAL,3.9570241008530678
R5LAM,2049,CROP_FLW,7.769085765579193
R5LAM,2049,PDR,5.963162613516524
R5LAM,2049,WHT,3.578829979995199
R5LAM,2049,GRO,3.752101704468664
R5LAM,2049,OSD,3.694804962846819
R5LAM,2049,C_B,119.71515959859987
R5LAM,2049,OTH_A,3.3853039509661813
R5LAM,2049,CEREAL,3.961442508625732
R5LAM,2050,CROP_FLW,7.763864419776084
R5LAM,2050,PDR,5.9780927146489935
R5LAM,2050,WHT,3.58301823893469
R5LAM,2050,GRO,3.7520451068874094
R5LAM,2050,OSD,3.695496886559561
R5LAM,2050,C_B,120.29725366503912
R5LAM,2050,OTH_A,3.4022781427221567
R5LAM,2050,CEREAL,3.9658658499865536
R5LAM,2051,CROP_FLW,7.765717124420466
R5LAM,2051,PDR,5.986841334115822
R5LAM,2051,WHT,3.580299667310597
R5LAM,2051,GRO,3.7600750414019144
R5LAM,2051,OSD,3.6965837065111344
R5LAM,2051,C_B,120.82647784367518
R5LAM,2051,OTH_A,3.425370702385166
R5LAM,2051,CEREAL,3.9738834839027666
R5LAM,2052,CROP_FLW,7.767570271179022
R5LAM,2052,PDR,5.995602756720077
R5LAM,2052,WHT,3.577583158369746
R5LAM,2052,GRO,3.768122161170453
R5LAM,2052,OSD,3.697670846088902
R5LAM,2052,C_B,121.35803024031055
R5LAM,2052,OTH_A,3.448620000060008
R5LAM,2052,CEREAL,3.981917326751921
R5LAM,2053,CROP_FLW,7.7694238601572545
R5LAM,2053,PDR,6.004377001198466
R5LAM,2053,WHT,3.5748687105471
R5LAM,2053,GRO,3.7761865029720245
R5LAM,2053,OSD,3.6987583053868645
R5LAM,2053,C_B,121.89192109748384
R5LAM,2053,OTH_A,3.47202709958736
R5LAM,2053,CEREAL,3.989967411302973
R5LAM,2054,CROP_FLW,7.771277891460689
R5LAM,2054,PDR,6.013164086315119
R5LAM,2054,WHT,3.5721563222788117
R5LAM,2054,GRO,3.7842681036643406
R5LAM,2054,OSD,3.699846084499049
R5LAM,2054,C_B,122.42816070279358
R5LAM,2054,OTH_A,3.4955930720285955
R5LAM,2054,CEREAL,3.998033770391129
R5LAM,2055,CROP_FLW,7.77313236519488
R5LAM,2055,PDR,6.021964030861623
R5LAM,2055,WHT,3.5694459920022186
R5LAM,2055,GRO,3.7923670001839946
R5LAM,2055,OSD,3.7009341835195104
R5LAM,2055,C_B,122.96675938909667
R5LAM,2055,OTH_A,3.519318995714787
R5LAM,2055,CEREAL,4.006116436917977
R5LAM,2056,CROP_FLW,7.774987281465406
R5LAM,2056,PDR,6.030776853657068
R5LAM,2056,WHT,3.5667377181558444
R5LAM,2056,GRO,3.8004832295466286
R5LAM,2056,OSD,3.702022602542331
R5LAM,2056,C_B,123.50772753470733
R5LAM,2056,OTH_A,3.543205956296053
R5LAM,2056,CEREAL,4.014215443851618
R5LAM,2057,CROP_FLW,7.776842640377869
R5LAM,2057,PDR,6.039602573548081
R5LAM,2057,WHT,3.5640314991793978
R5LAM,2057,GRO,3.8086168288471045
R5LAM,2057,OSD,3.703111341661623
R5LAM,2057,C_B,124.05107556359718
R5LAM,2057,OTH_A,3.567255046791232
R5LAM,2057,CEREAL,4.022330824226806
R5LAM,2058,CROP_FLW,7.778698442037898
R5LAM,2058,PDR,6.0484412094088755
R5LAM,2058,WHT,3.561327333513771
R5LAM,2058,GRO,3.816767835259673
R5LAM,2058,OSD,3.7042004009715233
R5LAM,2058,C_B,124.59681394559605
R5LAM,2058,OTH_A,3.5914673676379016
R5LAM,2058,CEREAL,4.03046261114508
R5LAM,2059,CROP_FLW,7.780554686551147
R5LAM,2059,PDR,6.057292780141283
R5LAM,2059,WHT,3.5586252196010397
R5LAM,2059,GRO,3.8249362860381417
R5LAM,2059,OSD,3.705289780566197
R5LAM,2059,C_B,125.14495319659369
R5LAM,2059,OTH_A,3.615844026742725
R5LAM,2059,CEREAL,4.038610837774899
R5LAM,2060,CROP_FLW,7.78241137402329
R5LAM,2060,PDR,6.066157304674801
R5LAM,2060,WHT,3.5559251558844602
R5LAM,2060,GRO,3.833122218516049
R5LAM,2060,OSD,3.7063794805398382
R5LAM,2060,C_B,125.69550387874253
R5LAM,2060,OTH_A,3.640386139532156
R5LAM,2060,CEREAL,4.046775537351772
R5LAM,2061,CROP_FLW,7.79858091412816
R5LAM,2061,PDR,6.069103304899708
R5LAM,2061,WHT,3.5532543061099733
R5LAM,2061,GRO,3.842254209872831
R5LAM,2061,OSD,3.710340873552603
R5LAM,2061,C_B,126.15555050118938
R5LAM,2061,OTH_A,3.660440165063203
R5LAM,2061,CEREAL,4.054028866467365
R5LAM,2062,CROP_FLW,7.814784049736355
R5LAM,2062,PDR,6.072050735835505
R5LAM,2062,WHT,3.550585462406538
R5LAM,2062,GRO,3.851407957192869
R5LAM,2062,OSD,3.7143065005178504
R5LAM,2062,C_B,126.61728089822078
R5LAM,2062,OTH_A,3.680604663473935
R5LAM,2062,CEREAL,4.06129519625047
R5LAM,2063,CROP_FLW,7.831020850649358
R5LAM,2063,PDR,6.074999598177013
R5LAM,2063,WHT,3.547918623267398
R5LAM,2063,GRO,3.8605835123073478
R5LAM,2063,OSD,3.718276365960844
R5LAM,2063,C_B,127.08070123246618
R5LAM,2063,OTH_A,3.700880243333297
R5LAM,2063,CEREAL,4.0685745500031265
R5LAM,2064,CROP_FLW,7.847291386813676
R5LAM,2064,PDR,6.077949892619385
R5LAM,2064,WHT,3.545253787186928
R5LAM,2064,GRO,3.8697809271709356
R5LAM,2064,OSD,3.722250474411688
R5LAM,2064,C_B,127.54581768911028
R5LAM,2064,OTH_A,3.721267516562694
R5LAM,2064,CEREAL,4.0758669510691385
R5LAM,2065,CROP_FLW,7.863595728321145
R5LAM,2065,PDR,6.080901619858115
R5LAM,2065,WHT,3.542590952660633
R5LAM,2065,GRO,3.879000253862075
R5LAM,2065,OSD,3.7262288304053235
R5LAM,2065,C_B,128.01263647597557
R5LAM,2065,OTH_A,3.741767098454464
R5LAM,2065,CEREAL,4.083172422834153
R5LAM,2066,CROP_FLW,7.8799339454092285
R5LAM,2066,PDR,6.083854780589032
R5LAM,2066,WHT,3.5399301181851506
R5LAM,2066,GRO,3.888241544583282
R5LAM,2066,OSD,3.730211438481543
R5LAM,2066,C_B,128.48116382360527
R5LAM,2066,OTH_A,3.7623796076904434
R5LAM,2066,CEREAL,4.09049098872573
R5LAM,2067,CROP_FLW,7.896306108461329
R5LAM,2067,PDR,6.086809375508307
R5LAM,2067,WHT,3.5372712822582444
R5LAM,2067,GRO,3.897504851661438
R5LAM,2067,OSD,3.734198303184988
R5LAM,2067,C_B,128.9514059853465
R5LAM,2067,OTH_A,3.783105666360641
R5LAM,2067,CEREAL,4.097822672213421
R5LAM,2068,CROP_FLW,7.912712288007075
R5LAM,2068,PDR,6.089765405312445
R5LAM,2068,WHT,3.5346144433788083
R5LAM,2068,GRO,3.906790227548087
R5LAM,2068,OSD,3.7381894290651587
R5LAM,2068,C_B,129.42336923743355
R5LAM,2068,OTH_A,3.80394589998201
R5LAM,2068,CEREAL,4.1051674968088445
R5LAM,2069,CROP_FLW,7.929152554722645
R5LAM,2069,PDR,6.092722870698292
R5LAM,2069,WHT,3.5319596000468625
R5LAM,2069,GRO,3.9160977248197346
R5LAM,2069,OSD,3.742184820676417
R5LAM,2069,C_B,129.89705987907186
R5LAM,2069,OTH_A,3.8249009375173317
R5LAM,2069,CEREAL,4.112525486065762
R5LAM,2070,CROP_FLW,7.945626979431054
R5LAM,2070,PDR,6.095681772363038
R5LAM,2070,WHT,3.5293067507635545
R5LAM,2070,GRO,3.9254273961781463
R5LAM,2070,OSD,3.746184482577995
R5LAM,2070,C_B,130.37248423252194
R5LAM,2070,OTH_A,3.8459714113941907
R5LAM,2070,CEREAL,4.1198966635801435
R5LAM,2071,CROP_FLW,7.945810743207081
R5LAM,2071,PDR,6.113924479218331
R5LAM,2071,WHT,3.530949652672112
R5LAM,2071,GRO,3.9329933143869953
R5LAM,2071,OSD,3.753473504105858
R5LAM,2071,C_B,130.96032421188696
R5LAM,2071,OTH_A,3.863424146157083
R5LAM,2071,CEREAL,4.127138490839984
R5LAM,2072,CROP_FLW,7.945994511233134
R5LAM,2072,PDR,6.13222178150131
R5LAM,2072,WHT,3.5325933193559846
R5LAM,2072,GRO,3.940573815241901
R5LAM,2072,OSD,3.7607767080198475
R5LAM,2072,C_B,131.55081471864946
R5LAM,2072,OTH_A,3.880956080143818
R5LAM,2072,CEREAL,4.134393047560378
R5LAM,2073,CROP_FLW,7.94617828350931
R5LAM,2073,PDR,6.150573842601147
R5LAM,2073,WHT,3.5342377511711773
R5LAM,2073,GRO,3.9481689268496414
R5LAM,2073,OSD,3.768094121914899
R5LAM,2073,C_B,132.14396770384334
R5LAM,2073,OTH_A,3.898567572754635
R5LAM,2073,CEREAL,4.141660356116779
R5LAM,2074,CROP_FLW,7.946362060035712
R5LAM,2074,PDR,6.168980826395989
R5LAM,2074,WHT,3.5358829484738594
R5LAM,2074,GRO,3.9557786773711623
R5LAM,2074,OSD,3.77542577343964
R5LAM,2074,C_B,132.73979517238868
R5LAM,2074,OTH_A,3.9162589850207064
R5LAM,2074,CEREAL,4.148940438923969
R5LAM,2075,CROP_FLW,7.9465458408124325
R5LAM,2075,PDR,6.187442897254427
R5LAM,2075,WHT,3.537528911620369
R5LAM,2075,GRO,3.963403095021693
R5LAM,2075,OSD,3.7827716902964923
R5LAM,2075,C_B,133.3383091833351
R5LAM,2075,OTH_A,3.9340306796115363
R5LAM,2075,CEREAL,4.156233318436133
R5LAM,2076,CROP_FLW,7.946729625839574
R5LAM,2076,PDR,6.205960220036966
R5LAM,2076,WHT,3.5391756409672084
R5LAM,2076,GRO,3.971042208070843
R5LAM,2076,OSD,3.790131900241783
R5LAM,2076,C_B,133.93952185010534
R5LAM,2076,OTH_A,3.9518830208423963
R5LAM,2076,CEREAL,4.163539017146923
R5LAM,2077,CROP_FLW,7.946913415117235
R5LAM,2077,PDR,6.224532960097483
R5LAM,2077,WHT,3.5408231368710448
R5LAM,2077,GRO,3.978696044842707
R5LAM,2077,OSD,3.7975064310858406
R5LAM,2077,C_B,134.54344534074082
R5LAM,2077,OTH_A,3.9698163746817943
R5LAM,2077,CEREAL,4.1708575575895335
R5LAM,2078,CROP_FLW,7.94709720864551
R5LAM,2078,PDR,6.243161283284726
R5LAM,2078,WHT,3.5424713996887136
R5LAM,2078,GRO,3.986364633715974
R5LAM,2078,OSD,3.8048953106931083
R5LAM,2078,C_B,135.15009187814775
R5LAM,2078,OTH_A,3.9878311087589746
R5LAM,2078,CEREAL,4.178188962336763
R5LAM,2079,CROP_FLW,7.947281006424501
R5LAM,2079,PDR,6.261845355943776
R5LAM,2079,WHT,3.544120429777215
R5LAM,2079,GRO,3.994048003124031
R5LAM,2079,OSD,3.8122985669822436
R5LAM,2079,C_B,135.75947374034448
R5LAM,2079,OTH_A,4.00592759237146
R5LAM,2079,CEREAL,4.185533254001089
R5LAM,2080,CROP_FLW,7.947464808454305
R5LAM,2080,PDR,6.280585344917532
R5LAM,2080,WHT,3.5457702274937173
R5LAM,2080,GRO,4.001746181555064
R5LAM,2080,OSD,3.819716227926228
R5LAM,2080,C_B,136.3716032607102
R5LAM,2080,OTH_A,4.024106196492613
R5LAM,2080,CEREAL,4.192890455234739
R5LAM,2081,CROP_FLW,7.951815963723669
R5LAM,2081,PDR,6.292256870093311
R5LAM,2081,WHT,3.5475515332970056
R5LAM,2081,GRO,4.006965737541129
R5LAM,2081,OSD,3.825891678795499
R5LAM,2081,C_B,137.02583402522578
R5LAM,2081,OTH_A,4.040940862924422
R5LAM,2081,CEREAL,4.19742593063423
R5LAM,2082,CROP_FLW,7.956169501205805
R5LAM,2082,PDR,6.303950085046786
R5LAM,2082,WHT,3.5493337339835382
R5LAM,2082,GRO,4.012192101496379
R5LAM,2082,OSD,3.832077113703154
R5LAM,2082,C_B,137.68320340425495
R5LAM,2082,OTH_A,4.057845956422524
R5LAM,2082,CEREAL,4.2019663120853625
R5LAM,2083,CROP_FLW,7.960525422204951
R5LAM,2083,PDR,6.315665030085153
R5LAM,2083,WHT,3.5511168300028824
R5LAM,2083,GRO,4.017425282300582
R5LAM,2083,OSD,3.8382725487906924
R5LAM,2083,C_B,138.34372645502464
R5LAM,2083,OTH_A,4.074821771615366
R5LAM,2083,CEREAL,4.206511604895043
R5LAM,2084,CROP_FLW,7.964883728026058
R5LAM,2084,PDR,6.327401745590513
R5LAM,2084,WHT,3.5529008218048306
R5LAM,2084,GRO,4.022665288845088
R5LAM,2084,OSD,3.844478000225705
R5LAM,2084,C_B,139.00741830699747
R5LAM,2084,OTH_A,4.091868604363967
R5LAM,2084,CEREAL,4.211061814375917
R5LAM,2085,CROP_FLW,7.96924441997479
R5LAM,2085,PDR,6.33916027202001
R5LAM,2085,WHT,3.554685709839401
R5LAM,2085,GRO,4.027912130032844
R5LAM,2085,OSD,3.850693484201926
R5LAM,2085,C_B,139.6742941622183
R5LAM,2085,OTH_A,4.108986751767059
R5LAM,2085,CEREAL,4.215616945846379
R5LAM,2086,CROP_FLW,7.97360749935753
R5LAM,2086,PDR,6.350940649905976
R5LAM,2086,WHT,3.5564714945568388
R5LAM,2086,GRO,4.033165814778408
R5LAM,2086,OSD,3.8569190169392678
R5LAM,2086,C_B,140.34436929566252
R5LAM,2086,OTH_A,4.1261765121662775
R5LAM,2086,CEREAL,4.220177004630575
R5LAM,2087,CROP_FLW,7.977972967481373
R5LAM,2087,PDR,6.36274291985606
R5LAM,2087,WHT,3.558258176407614
R5LAM,2087,GRO,4.038426352007967
R5LAM,2087,OSD,3.863154614683867
R5LAM,2087,C_B,141.0176590555858
R5LAM,2087,OTH_A,4.143438185151356
R5LAM,2087,CEREAL,4.224741996058411
R5LAM,2088,CROP_FLW,7.982340825654127
R5LAM,2088,PDR,6.374567122553377
R5LAM,2088,WHT,3.560045755842425
R5LAM,2088,GRO,4.043693750659352
R5LAM,2088,OSD,3.869400293708125
R5LAM,2088,C_B,141.69417886387578
R5LAM,2088,OTH_A,4.160772071565347
R5LAM,2088,CEREAL,4.229311925465557
R5LAM,2089,CROP_FLW,7.986711075184323
R5LAM,2089,PDR,6.386413298756649
R5LAM,2089,WHT,3.5618342333121955
R5LAM,2089,GRO,4.0489680196820474
R5LAM,2089,OSD,3.8756560703107525
R5LAM,2089,C_B,142.37394421640516
R5LAM,2089,OTH_A,4.178178473509868
R5LAM,2089,CEREAL,4.233886798193456
R5LAM,2090,CROP_FLW,7.991083717381198
R5LAM,2090,PDR,6.398281489300334
R5LAM,2090,WHT,3.563623609268071
R5LAM,2090,GRO,4.054249168037219
R5LAM,2090,OSD,3.8819219608168094
R5LAM,2090,C_B,143.05697068338702
R5LAM,2090,OTH_A,4.195657694350361
R5LAM,2090,CEREAL,4.238466619589331
R5LAM,2091,CROP_FLW,7.999437546501827
R5LAM,2091,PDR,6.408263340395732
R5LAM,2091,WHT,3.5667775793852696
R5LAM,2091,GRO,4.058537625213683
R5LAM,2091,OSD,3.8877563216400617
R5LAM,2091,C_B,143.73136120536662
R5LAM,2091,OTH_A,4.209661400783881
R5LAM,2091,CEREAL,4.24260623390889
R5LAM,2092,CROP_FLW,8.00780010866336
R5LAM,2092,PDR,6.4182607640087594
R5LAM,2092,WHT,3.569934340910482
R5LAM,2092,GRO,4.062830618585183
R5LAM,2092,OSD,3.8935994512553096
R5LAM,2092,C_B,144.40893089837135
R5LAM,2092,OTH_A,4.223711846920247
R5LAM,2092,CEREAL,4.246749891295967
R5LAM,2093,CROP_FLW,8.016171412995268
R5LAM,2093,PDR,6.428273784433839
R5LAM,2093,WHT,3.573093896314231
R5LAM,2093,GRO,4.067128152949965
R5LAM,2093,OSD,3.899451362841667
R5LAM,2093,C_B,145.08969474945698
R5LAM,2093,OTH_A,4.237809188761001
R5LAM,2093,CEREAL,4.250897595699334
R5LAM,2094,CROP_FLW,8.024551468636554
R5LAM,2094,PDR,6.438302426003294
R5LAM,2094,WHT,3.5762562480692286
R5LAM,2094,GRO,4.071430233111347
R5LAM,2094,OSD,3.9053120695980588
R5LAM,2094,C_B,145.7736678163305
R5LAM,2094,OTH_A,4.251953582828372
R5LAM,2094,CEREAL,4.255049351071619
R5LAM,2095,CROP_FLW,8.032940284735787
R5LAM,2095,PDR,6.448346713087407
R5LAM,2095,WHT,3.5794213986503736
R5LAM,2095,GRO,4.075736863877732
R5LAM,2095,OSD,3.9111815847432423
R5LAM,2095,C_B,146.4608652276829
R5LAM,2095,OTH_A,4.266145186166999
R5LAM,2095,CEREAL,4.259205161369315
R5LAM,2096,CROP_FLW,8.041337870451095
R5LAM,2096,PDR,6.458406670094484
R5LAM,2096,WHT,3.5825893505347537
R5LAM,2096,GRO,4.080048050062604
R5LAM,2096,OSD,3.9170599215158473
R5LAM,2096,C_B,147.15130218352394
R5LAM,2096,OTH_A,4.280384156345692
R5LAM,2096,CEREAL,4.263365030552773
R5LAM,2097,CROP_FLW,8.049744234950179
R5LAM,2097,PDR,6.4684823214709075
R5LAM,2097,WHT,3.585760106201652
R5LAM,2097,GRO,4.084363796484544
R5LAM,2097,OSD,3.9229470931743977
R5LAM,2097,C_B,147.84499395551845
R5LAM,2097,OTH_A,4.2946706514591675
R5LAM,2097,CEREAL,4.267528962586215
R5LAM,2098,CROP_FLW,8.058159387410324
R5LAM,2098,PDR,6.478573691701196
R5LAM,2098,WHT,3.5889336681325448
R5LAM,2098,GRO,4.088684107967225
R5LAM,2098,OSD,3.928843112997344
R5LAM,2098,C_B,148.54195588732392
R5LAM,2098,OTH_A,4.3090048301298145
R5LAM,2098,CEREAL,4.271696961437735
R5LAM,2099,CROP_FLW,8.066583337018411
R5LAM,2099,PDR,6.4886808053080705
R5LAM,2099,WHT,3.5921100388111036
R5LAM,2099,GRO,4.093008989339427
R5LAM,2099,OSD,3.9347479942830965
R5LAM,2099,C_B,149.24220339493004
R5LAM,2099,OTH_A,4.3233868515094445
R5LAM,2099,CEREAL,4.275869031079302
R5LAM,2100,CROP_FLW,8.075016092970923
R5LAM,2100,PDR,6.498803686852508
R5LAM,2100,WHT,3.595289220723198
R5LAM,2100,GRO,4.097338445435032
R5LAM,2100,OSD,3.940661750350049
R5LAM,2100,C_B,149.9457519669996
R5LAM,2100,OTH_A,4.337816875281069
R5LAM,2100,CEREAL,4.280045175486765
R10REST_ASIA,2005,CROP_FLW,5.947162169202893
R10REST_ASIA,2005,PDR,3.661249694022766
R10REST_ASIA,2005,WHT,1.7463591114688575
R10REST_ASIA,2005,GRO,2.9599453877272444
R10REST_ASIA,2005,OSD,7.604522417394366
R10REST_ASIA,2005,C_B,59.645658117101306
R10REST_ASIA,2005,OTH_A,1.9303269500785234
R10REST_ASIA,2005,CEREAL,3.26677195406626
R10REST_ASIA,2006,CROP_FLW,5.950752471113316
R10REST_ASIA,2006,PDR,3.684171785786818
R10REST_ASIA,2006,WHT,1.805711114592345
R10REST_ASIA,2006,GRO,3.035634051711867
R10REST_ASIA,2006,OSD,7.728785892600347
R10REST_ASIA,2006,C_B,60.0696456113691
R10REST_ASIA,2006,OTH_A,1.953575376041505
R10REST_ASIA,2006,CEREAL,3.303485036182771
R10REST_ASIA,2007,CROP_FLW,5.954344940489067
R10REST_ASIA,2007,PDR,3.707237386553191
R10REST_ASIA,2007,WHT,1.8670802631309054
R10REST_ASIA,2007,GRO,3.113258147978291
R10REST_ASIA,2007,OSD,7.855079924154606
R10REST_ASIA,2007,C_B,60.49664699467711
R10REST_ASIA,2007,OTH_A,1.977103800845996
R10REST_ASIA,2007,CEREAL,3.3406107122658777
R10REST_ASIA,2008,CROP_FLW,5.957939578638646
R10REST_ASIA,2008,PDR,3.730447394792844
R10REST_ASIA,2008,WHT,1.930535112068557
R10REST_ASIA,2008,GRO,3.192867167400318
R10REST_ASIA,2008,OSD,7.983437692837551
R10REST_ASIA,2008,C_B,60.926683691070295
R10REST_ASIA,2008,OTH_A,2.0009155967354064
R10REST_ASIA,2008,CEREAL,3.3781536191853685
R10REST_ASIA,2009,CROP_FLW,5.961536386871343
R10REST_ASIA,2009,PDR,3.753802714601818
R10REST_ASIA,2009,WHT,1.9961465463085175
R10REST_ASIA,2009,GRO,3.2745118663812187
R10REST_ASIA,2009,OSD,8.113892921627885
R10REST_ASIA,2009,C_B,61.35977727688517
R10REST_ASIA,2009,OTH_A,2.0250141765676917
R10REST_ASIA,2009,CEREAL,3.416118445921733
R10REST_ASIA,2010,CROP_FLW,5.9651353664972335
R10REST_ASIA,2010,PDR,3.7773042557364556
R10REST_ASIA,2010,WHT,2.063987859858164
R10REST_ASIA,2010,GRO,3.3582442992145443
R10REST_ASIA,2010,OSD,8.246479884562525
R10REST_ASIA,2010,C_B,61.79594948183223
R10REST_ASIA,2010,OTH_A,2.0494029943045042
R10REST_ASIA,2010,CEREAL,3.4545099341517993
R10REST_ASIA,2011,CROP_FLW,5.954104547136154
R10REST_ASIA,2011,PDR,3.792542747380775
R10REST_ASIA,2011,WHT,2.085231398342069
R10REST_ASIA,2011,GRO,3.3660602445276107
R10REST_ASIA,2011,OSD,8.26622429181154
R10REST_ASIA,2011,C_B,62.18446059591572
R10REST_ASIA,2011,OTH_A,2.0465571319066704
R10REST_ASIA,2011,CEREAL,3.4686147701980405
R10REST_ASIA,2012,CROP_FLW,5.943094126134592
R10REST_ASIA,2012,PDR,3.807842714514457
R10REST_ASIA,2012,WHT,2.1066935853636393
R10REST_ASIA,2012,GRO,3.3738943805962305
R10REST_ASIA,2012,OSD,8.286015972760733
R10REST_ASIA,2012,C_B,62.57541427924577
R10REST_ASIA,2012,OTH_A,2.0437152213586245
R10REST_ASIA,2012,CEREAL,3.4827771965837755
R10REST_ASIA,2013,CROP_FLW,5.93210406577159
R10REST_ASIA,2013,PDR,3.8232044051433998
R10REST_ASIA,2013,WHT,2.1283766713569574
R10REST_ASIA,2013,GRO,3.381746749757393
R10REST_ASIA,2013,OSD,8.30585504059673
R10REST_ASIA,2013,C_B,62.96882588825443
R10REST_ASIA,2013,OTH_A,2.0408772571727085
R10REST_ASIA,2013,CEREAL,3.4969974484515602
R10REST_ASIA,2014,CROP_FLW,5.921134328395944
R10REST_ASIA,2014,PDR,3.8386280682740113
R10REST_ASIA,2014,WHT,2.1502829299186357
R10REST_ASIA,2014,GRO,3.389617394446621
R10REST_ASIA,2014,OSD,8.325741608777152
R10REST_ASIA,2014,C_B,63.36471087591965
R10REST_ASIA,2014,OTH_A,2.0380432338688865
R10REST_ASIA,2014,CEREAL,3.511275761904043
R10REST_ASIA,2015,CROP_FLW,5.910184876426076
R10REST_ASIA,2015,PDR,3.854113953917247
R10REST_ASIA,2015,WHT,2.172414658046218
R10REST_ASIA,2015,GRO,3.397506357198203
R10REST_ASIA,2015,OSD,8.345675791031265
R10REST_ASIA,2015,C_B,63.763084792372204
R10REST_ASIA,2015,OTH_A,2.0352131459747316
R10REST_ASIA,2015,CEREAL,3.525612374007883
R10REST_ASIA,2016,CROP_FLW,5.899255672349903
R10REST_ASIA,2016,PDR,3.8696623130926646
R10REST_ASIA,2016,WHT,2.194774176379032
R10REST_ASIA,2016,GRO,3.4054136806454176
R10REST_ASIA,2016,OSD,8.365657701360645
R10REST_ASIA,2016,C_B,64.16396328550657
R10REST_ASIA,2016,OTH_A,2.032386988025415
R10REST_ASIA,2016,CEREAL,3.5400075227976906
R10REST_ASIA,2017,CROP_FLW,5.888346678724713
R10REST_ASIA,2017,PDR,3.8852733978324885
R10REST_ASIA,2017,WHT,2.217363829441523
R10REST_ASIA,2017,GRO,3.4133394075207732
R10REST_ASIA,2017,OSD,8.385687454039811
R10REST_ASIA,2017,C_B,64.56736210159553
R10REST_ASIA,2017,OTH_A,2.029564754563699
R10REST_ASIA,2017,CEREAL,3.5544614472799725
R10REST_ASIA,2018,CROP_FLW,5.87745785817703
R10REST_ASIA,2018,PDR,3.9009474611857
R10REST_ASIA,2018,WHT,2.2401859858890893
R10REST_ASIA,2018,GRO,3.4212835806562283
R10REST_ASIA,2018,OSD,8.405765163616895
R10REST_ASIA,2018,C_B,64.97329708590867
R10REST_ASIA,2018,OTH_A,2.0267464401399216
R10REST_ASIA,2018,CEREAL,3.5689743874371063
R10REST_ASIA,2019,CROP_FLW,5.866589173402493
R10REST_ASIA,2019,PDR,3.916684757222134
R10REST_ASIA,2019,WHT,2.2632430387564497
R10REST_ASIA,2019,GRO,3.4292462429834316
R10REST_ASIA,2019,OSD,8.425890944914284
R10REST_ASIA,2019,C_B,65.38178418333477
R10REST_ASIA,2019,OTH_A,2.023932039311989
R10REST_ASIA,2019,CEREAL,3.583546584231322
R10REST_ASIA,2020,CROP_FLW,5.855740587165718
R10REST_ASIA,2020,PDR,3.9324855410365984
R10REST_ASIA,2020,WHT,2.286537405708566
R10REST_ASIA,2020,GRO,3.4372274375339478
R10REST_ASIA,2020,OSD,8.446064913029279
R10REST_ASIA,2020,C_B,65.7928394390082
R10REST_ASIA,2020,OTH_A,2.0211215466453654
R10REST_ASIA,2020,CEREAL,3.5981782796087023
R10REST_ASIA,2021,CROP_FLW,5.857260532275255
R10REST_ASIA,2021,PDR,3.947848828717371
R10REST_ASIA,2021,WHT,2.282545782422398
R10REST_ASIA,2021,GRO,3.447041053668774
R10REST_ASIA,2021,OSD,8.45507975260861
R10REST_ASIA,2021,C_B,65.78472870555576
R10REST_ASIA,2021,OTH_A,2.0284176426535803
R10REST_ASIA,2021,CEREAL,3.6095155075586973
R10REST_ASIA,2022,CROP_FLW,5.8587808719092935
R10REST_ASIA,2022,PDR,3.963272137116822
R10REST_ASIA,2022,WHT,2.278561127339076
R10REST_ASIA,2022,GRO,3.456882688624988
R10REST_ASIA,2022,OSD,8.464104214104594
R10REST_ASIA,2022,C_B,65.77661897196893
R10REST_ASIA,2022,OTH_A,2.0357400770168788
R10REST_ASIA,2022,CEREAL,3.6208884571232436
R10REST_ASIA,2023,CROP_FLW,5.860301606170237
R10REST_ASIA,2023,PDR,3.9787557007216523
R10REST_ASIA,2023,WHT,2.274583428294163
R10REST_ASIA,2023,GRO,3.4667524223990296
R10REST_ASIA,2023,OSD,8.473138307787107
R10REST_ASIA,2023,C_B,65.76851023812442
R10REST_ASIA,2023,OTH_A,2.04308894481473
R10REST_ASIA,2023,CEREAL,3.6322972408548755
R10REST_ASIA,2024,CROP_FLW,5.86182273516052
R10REST_ASIA,2024,PDR,3.99429975493465
R10REST_ASIA,2024,WHT,2.2706126731444574
R10REST_ASIA,2024,GRO,3.4766503352157367
R10REST_ASIA,2024,OSD,8.482182043936985
R10REST_ASIA,2024,C_B,65.76040250389903
R10REST_ASIA,2024,OTH_A,2.0504643414698362
R10REST_ASIA,2024,CEREAL,3.6437419716607624
R10REST_ASIA,2025,CROP_FLW,5.863344258982597
R10REST_ASIA,2025,PDR,4.009904536078264
R10REST_ASIA,2025,WHT,2.2666488497679564
R10REST_ASIA,2025,GRO,3.4865765075289947
R10REST_ASIA,2025,OSD,8.49123543284604
R10REST_ASIA,2025,C_B,65.7522957691695
R10REST_ASIA,2025,OTH_A,2.057866362749366
R10REST_ASIA,2025,CEREAL,3.655222762803822
R10REST_ASIA,2026,CROP_FLW,5.864866177738955
R10REST_ASIA,2026,PDR,4.0255702813982
R10REST_ASIA,2026,WHT,2.2626919460638173
R10REST_ASIA,2026,GRO,3.4965310200223962
R10REST_ASIA,2026,OSD,8.500298484817066
R10REST_ASIA,2026,C_B,65.74419003381263
R10REST_ASIA,2026,OTH_A,2.065295104766202
R10REST_ASIA,2026,CEREAL,3.666739727903846
R10REST_ASIA,2027,CROP_FLW,5.8663884915321045
R10REST_ASIA,2027,PDR,4.041297229067024
R10REST_ASIA,2027,WHT,2.258741949952324
R10REST_ASIA,2027,GRO,3.5065139536098897
R10REST_ASIA,2027,OSD,8.509371210163854
R10REST_ASIA,2027,C_B,65.73608529770522
R10REST_ASIA,2027,OTH_A,2.0727506639801843
R10REST_ASIA,2027,CEREAL,3.6782929809386204
R10REST_ASIA,2028,CROP_FLW,5.867911200464581
R10REST_ASIA,2028,PDR,4.057085618187788
R10REST_ASIA,2028,WHT,2.2547988493748456
R10REST_ASIA,2028,GRO,3.5165253894364428
R10REST_ASIA,2028,OSD,8.518453619211204
R10REST_ASIA,2028,C_B,65.72798156072406
R10REST_ASIA,2028,OTH_A,2.080233137199369
R10REST_ASIA,2028,CEREAL,3.689882636245056
R10REST_ASIA,2029,CROP_FLW,5.869434304638951
R10REST_ASIA,2029,PDR,4.072935688797664
R10REST_ASIA,2029,WHT,2.250862632293804
R10REST_ASIA,2029,GRO,3.5265654088787
R10REST_ASIA,2029,OSD,8.527545722294937
R10REST_ASIA,2029,C_B,65.71987882274601
R10REST_ASIA,2029,OTH_A,2.08774262158128
R10REST_ASIA,2029,CEREAL,3.701508808520319
R10REST_ASIA,2030,CROP_FLW,5.87095780415781
R10REST_ASIA,2030,PDR,4.088847681871589
R10REST_ASIA,2030,WHT,2.2469332866926344
R10REST_ASIA,2030,GRO,3.5366340935456395
R10REST_ASIA,2030,OSD,8.53664752976191
R10REST_ASIA,2030,C_B,65.7117770836479
R10REST_ASIA,2030,OTH_A,2.095279214634175
R10REST_ASIA,2030,CEREAL,3.7131716128229675
R10REST_ASIA,2031,CROP_FLW,5.870235457633972
R10REST_ASIA,2031,PDR,4.107297842290099
R10REST_ASIA,2031,WHT,2.2500354018840496
R10REST_ASIA,2031,GRO,3.5362916524411587
R10REST_ASIA,2031,OSD,8.540074070974104
R10REST_ASIA,2031,C_B,65.69882739586313
R10REST_ASIA,2031,OTH_A,2.103475512570212
R10REST_ASIA,2031,CEREAL,3.724393784674033
R10REST_ASIA,2032,CROP_FLW,5.869513199985666
R10REST_ASIA,2032,PDR,4.125831255606725
R10REST_ASIA,2032,WHT,2.25314179985445
R10REST_ASIA,2032,GRO,3.5359492444941685
R10REST_ASIA,2032,OSD,8.543501987572203
R10REST_ASIA,2032,C_B,65.6858802600473
R10REST_ASIA,2032,OTH_A,2.1117038727246817
R10REST_ASIA,2032,CEREAL,3.735649872851674
R10REST_ASIA,2033,CROP_FLW,5.868791031201957
R10REST_ASIA,2033,PDR,4.144448297484599
R10REST_ASIA,2033,WHT,2.256252486516638
R10REST_ASIA,2033,GRO,3.5356068697014575
R10REST_ASIA,2033,OSD,8.546931280108275
R10REST_ASIA,2033,C_B,65.67293567569749
R10REST_ASIA,2033,OTH_A,2.1199644205183352
R10REST_ASIA,2033,CEREAL,3.7469399798598664
R10REST_ASIA,2034,CROP_FLW,5.868068951271913
R10REST_ASIA,2034,PDR,4.163149345281961
R10REST_ASIA,2034,WHT,2.2593674677915807
R10REST_ASIA,2034,GRO,3.535264528059816
R10REST_ASIA,2034,OSD,8.550361949134608
R10REST_ASIA,2034,C_B,65.65999364231088
R10REST_ASIA,2034,OTH_A,2.1282572818625454
R10REST_ASIA,2034,CEREAL,3.758264208512376
R10REST_ASIA,2035,CROP_FLW,5.867346960184599
R10REST_ASIA,2035,PDR,4.18193477805981
R10REST_ASIA,2035,WHT,2.2624867496084176
R10REST_ASIA,2035,GRO,3.5349222195660337
R10REST_ASIA,2035,OSD,8.55379399520372
R10REST_ASIA,2035,C_B,65.64705415938477
R10REST_ASIA,2035,OTH_A,2.136582583161223
R10REST_ASIA,2035,CEREAL,3.7696226619337003
R10REST_ASIA,2036,CROP_FLW,5.866625057929086
R10REST_ASIA,2036,PDR,4.200804976589592
R10REST_ASIA,2036,WHT,2.265610337904475
R10REST_ASIA,2036,GRO,3.5345799442169015
R10REST_ASIA,2036,OSD,8.557227418868337
R10REST_ASIA,2036,C_B,65.63411722641655
R10REST_ASIA,2036,OTH_A,2.144940451312745
R10REST_ASIA,2036,CEREAL,3.7810154435600056
R10REST_ASIA,2037,CROP_FLW,5.865903244494445
R10REST_ASIA,2037,PDR,4.219760323360905
R10REST_ASIA,2037,WHT,2.2687382386252777
R10REST_ASIA,2037,GRO,3.53423770200921
R10REST_ASIA,2037,OSD,8.56066222068142
R10REST_ASIA,2037,C_B,65.62118284290369
R10REST_ASIA,2037,OTH_A,2.1533310137118886
R10REST_ASIA,2037,CEREAL,3.792442657140071
R10REST_ASIA,2038,CROP_FLW,5.865181519869744
R10REST_ASIA,2038,PDR,4.238801202589265
R10REST_ASIA,2038,WHT,2.2718704577245568
R10REST_ASIA,2038,GRO,3.5338954929397497
R10REST_ASIA,2038,OSD,8.564098401196144
R10REST_ASIA,2038,C_B,65.60825100834379
R10REST_ASIA,2038,OTH_A,2.1617543982517735
R10REST_ASIA,2038,CEREAL,3.8039044067362284
R10REST_ASIA,2039,CROP_FLW,5.86445988404406
R10REST_ASIA,2039,PDR,4.257928000223885
R10REST_ASIA,2039,WHT,2.275007001164264
R10REST_ASIA,2039,GRO,3.5335533170053126
R10REST_ASIA,2039,OSD,8.567535960965913
R10REST_ASIA,2039,C_B,65.59532172223452
R10REST_ASIA,2039,OTH_A,2.17021073332581
R10REST_ASIA,2039,CEREAL,3.815400796725315
R10REST_ASIA,2040,CROP_FLW,5.8637383370064695
R10REST_ASIA,2040,PDR,4.277141103955506
R10REST_ASIA,2040,WHT,2.2781478749145823
R10REST_ASIA,2040,GRO,3.533211174202692
R10REST_ASIA,2040,OSD,8.570974900544332
R10REST_ASIA,2040,C_B,65.5823949840737
R10REST_ASIA,2040,OTH_A,2.1787001478296557
R10REST_ASIA,2040,CEREAL,3.8269319317996224
R10REST_ASIA,2041,CROP_FLW,5.861064927977203
R10REST_ASIA,2041,PDR,4.283138219421345
R10REST_ASIA,2041,WHT,2.2774677718243446
R10REST_ASIA,2041,GRO,3.535784676282994
R10REST_ASIA,2041,OSD,8.56931979821929
R10REST_ASIA,2041,C_B,65.59199249925847
R10REST_ASIA,2041,OTH_A,2.1819994795934994
R10REST_ASIA,2041,CEREAL,3.829271714602762
R10REST_ASIA,2042,CROP_FLW,5.858392737814712
R10REST_ASIA,2042,PDR,4.289143743633363
R10REST_ASIA,2042,WHT,2.2767878717675534
R10REST_ASIA,2042,GRO,3.5383600528374304
R10REST_ASIA,2042,OSD,8.567665015503598
R10REST_ASIA,2042,C_B,65.60159141897104
R10REST_ASIA,2042,OTH_A,2.1853038077264393
R10REST_ASIA,2042,CEREAL,3.8316129279470417
R10REST_ASIA,2043,CROP_FLW,5.855721765963287
R10REST_ASIA,2043,PDR,4.295157688381729
R10REST_ASIA,2043,WHT,2.276108174683595
R10REST_ASIA,2043,GRO,3.540937305231321
R10REST_ASIA,2043,OSD,8.566010552335534
R10REST_ASIA,2043,C_B,65.61119174341697
R10REST_ASIA,2043,OTH_A,2.1886131397947657
R10REST_ASIA,2043,CEREAL,3.8339555727070915
R10REST_ASIA,2044,CROP_FLW,5.853052011867475
R10REST_ASIA,2044,PDR,4.301180065473144
R10REST_ASIA,2044,WHT,2.275428680511877
R10REST_ASIA,2044,GRO,3.5435164348309804
R10REST_ASIA,2044,OSD,8.564356408653396
R10REST_ASIA,2044,C_B,65.62079347280184
R10REST_ASIA,2044,OTH_A,2.1919274833762286
R10REST_ASIA,2044,CEREAL,3.8362996497580784
R10REST_ASIA,2045,CROP_FLW,5.850383474972071
R10REST_ASIA,2045,PDR,4.307210886730865
R10REST_ASIA,2045,WHT,2.274749389191822
R10REST_ASIA,2045,GRO,3.546097443003717
R10REST_ASIA,2045,OSD,8.562702584395486
R10REST_ASIA,2045,C_B,65.6303966073312
R10REST_ASIA,2045,OTH_A,2.1952468460600514
R10REST_ASIA,2045,CEREAL,3.8386451599757043
R10REST_ASIA,2046,CROP_FLW,5.847716154722129
R10REST_ASIA,2046,PDR,4.313250163994727
R10REST_ASIA,2046,WHT,2.2740703006628724
R10REST_ASIA,2046,GRO,3.548680331117837
R10REST_ASIA,2046,OSD,8.561049079500124
R10REST_ASIA,2046,C_B,65.64000114721077
R10REST_ASIA,2046,OTH_A,2.1985712354469524
R10REST_ASIA,2046,CEREAL,3.8409921042362063
R10REST_ASIA,2047,CROP_FLW,5.845050050562952
R10REST_ASIA,2047,PDR,4.319297909121163
R10REST_ASIA,2047,WHT,2.2733914148644883
R10REST_ASIA,2047,GRO,3.551265100542642
R10REST_ASIA,2047,OSD,8.55939589390564
R10REST_ASIA,2047,C_B,65.64960709264615
R10REST_ASIA,2047,OTH_A,2.201900659149158
R10REST_ASIA,2047,CEREAL,3.843340483416355
R10REST_ASIA,2048,CROP_FLW,5.842385161940096
R10REST_ASIA,2048,PDR,4.325354133983233
R10REST_ASIA,2048,WHT,2.272712731736148
R10REST_ASIA,2048,GRO,3.553851752648432
R10REST_ASIA,2048,OSD,8.557743027550371
R10REST_ASIA,2048,C_B,65.65921444384304
R10REST_ASIA,2048,OTH_A,2.2052351247904243
R10REST_ASIA,2048,CEREAL,3.8456902983934618
R10REST_ASIA,2049,CROP_FLW,5.839721488299372
R10REST_ASIA,2049,PDR,4.331418850470645
R10REST_ASIA,2049,WHT,2.272034251217348
R10REST_ASIA,2049,GRO,3.5564402888065034
R10REST_ASIA,2049,OSD,8.556090480372673
R10REST_ASIA,2049,C_B,65.66882320100717
R10REST_ASIA,2049,OTH_A,2.208574640006051
R10REST_ASIA,2049,CEREAL,3.8480415500453695
R10REST_ASIA,2050,CROP_FLW,5.837059029086844
R10REST_ASIA,2050,PDR,4.337492070489779
R10REST_ASIA,2050,WHT,2.271355973247602
R10REST_ASIA,2050,GRO,3.5590307103891505
R10REST_ASIA,2050,OSD,8.554438252310916
R10REST_ASIA,2050,C_B,65.67843336434423
R10REST_ASIA,2050,OTH_A,2.2119192124429032
R10REST_ASIA,2050,CEREAL,3.8503942392504595
R10REST_ASIA,2051,CROP_FLW,5.83534058730674
R10REST_ASIA,2051,PDR,4.339087688071026
R10REST_ASIA,2051,WHT,2.2663618975472666
R10REST_ASIA,2051,GRO,3.561264746151234
R10REST_ASIA,2051,OSD,8.560800744516625
R10REST_ASIA,2051,C_B,65.68305838140961
R10REST_ASIA,2051,OTH_A,2.212967217005147
R10REST_ASIA,2051,CEREAL,3.847568826171438
R10REST_ASIA,2052,CROP_FLW,5.833622651439311
R10REST_ASIA,2052,PDR,4.340683892626364
R10REST_ASIA,2052,WHT,2.261378802420824
R10REST_ASIA,2052,GRO,3.5635001842377685
R10REST_ASIA,2052,OSD,8.567167968921673
R10REST_ASIA,2052,C_B,65.68768372416459
R10REST_ASIA,2052,OTH_A,2.2140157181106446
R10REST_ASIA,2052,CEREAL,3.844745486375974
R10REST_ASIA,2053,CROP_FLW,5.8319052213356155
R10REST_ASIA,2053,PDR,4.3422806843717225
R10REST_ASIA,2053,WHT,2.256406663725067
R10REST_ASIA,2053,GRO,3.565737025529005
R10REST_ASIA,2053,OSD,8.57353992904571
R10REST_ASIA,2053,C_B,65.69230939263211
R10REST_ASIA,2053,OTH_A,2.2150647159946573
R10REST_ASIA,2053,CEREAL,3.8419242183426947
R10REST_ASIA,2054,CROP_FLW,5.8301882968467575
R10REST_ASIA,2054,PDR,4.343878063523107
R10REST_ASIA,2054,WHT,2.251445457369873
R10REST_ASIA,2054,GRO,3.5679752709057486
R10REST_ASIA,2054,OSD,8.579916628410993
R10REST_ASIA,2054,C_B,65.6969353868351
R10REST_ASIA,2054,OTH_A,2.216114210892558
R10REST_ASIA,2054,CEREAL,3.839105020551346
R10REST_ASIA,2055,CROP_FLW,5.828471877823881
R10REST_ASIA,2055,PDR,4.345476030296605
R10REST_ASIA,2055,WHT,2.2464951593180866
R10REST_ASIA,2055,GRO,3.570214921249357
R10REST_ASIA,2055,OSD,8.58629807054241
R10REST_ASIA,2055,C_B,65.70156170679651
R10REST_ASIA,2055,OTH_A,2.2171642030398315
R10REST_ASIA,2055,CEREAL,3.836287891482787
R10REST_ASIA,2056,CROP_FLW,5.826755964118176
R10REST_ASIA,2056,PDR,4.347074584908383
R10REST_ASIA,2056,WHT,2.2415557455854036
R10REST_ASIA,2056,GRO,3.5724559774417384
R10REST_ASIA,2056,OSD,8.59268425896746
R10REST_ASIA,2056,C_B,65.70618835253926
R10REST_ASIA,2056,OTH_A,2.2182146926720745
R10REST_ASIA,2056,CEREAL,3.8334728296189926
R10REST_ASIA,2057,CROP_FLW,5.825040555580877
R10REST_ASIA,2057,PDR,4.348673727574686
R10REST_ASIA,2057,WHT,2.236627192240254
R10REST_ASIA,2057,GRO,3.5746984403653586
R10REST_ASIA,2057,OSD,8.599075197216271
R10REST_ASIA,2057,C_B,65.7108153240863
R10REST_ASIA,2057,OTH_A,2.2192656800249932
R10REST_ASIA,2057,CEREAL,3.8306598334430504
R10REST_ASIA,2058,CROP_FLW,5.823325652063261
R10REST_ASIA,2058,PDR,4.350273458511841
R10REST_ASIA,2058,WHT,2.231709475403687
R10REST_ASIA,2058,GRO,3.576942310903235
R10REST_ASIA,2058,OSD,8.605470888821596
R10REST_ASIA,2058,C_B,65.7154426214606
R10REST_ASIA,2058,OTH_A,2.220317165334409
R10REST_ASIA,2058,CEREAL,3.827848901439163
R10REST_ASIA,2059,CROP_FLW,5.821611253416649
R10REST_ASIA,2059,PDR,4.351873777936253
R10REST_ASIA,2059,WHT,2.2268025712492556
R10REST_ASIA,2059,GRO,3.57918758993894
R10REST_ASIA,2059,OSD,8.611871337318819
R10REST_ASIA,2059,C_B,65.72007024468506
R10REST_ASIA,2059,OTH_A,2.2213691488362515
R10REST_ASIA,2059,CEREAL,3.825040032092643
R10REST_ASIA,2060,CROP_FLW,5.8198973594924075
R10REST_ASIA,2060,PDR,4.353474686064406
R10REST_ASIA,2060,WHT,2.2219064560028987
R10REST_ASIA,2060,GRO,3.581434278356601
R10REST_ASIA,2060,OSD,8.618276546245935
R10REST_ASIA,2060,C_B,65.7246981937826
R10REST_ASIA,2060,OTH_A,2.222421630766563
R10REST_ASIA,2060,CEREAL,3.822233223889918
R10REST_ASIA,2061,CROP_FLW,5.81135921665374
R10REST_ASIA,2061,PDR,4.353291945872577
R10REST_ASIA,2061,WHT,2.214029151602088
R10REST_ASIA,2061,GRO,3.582141156404047
R10REST_ASIA,2061,OSD,8.630654885435641
R10REST_ASIA,2061,C_B,65.75401377402328
R10REST_ASIA,2061,OTH_A,2.2265849251745475
R10REST_ASIA,2061,CEREAL,3.816234818905719
R10REST_ASIA,2062,CROP_FLW,5.802833599789094
R10REST_ASIA,2062,PDR,4.353109213351399
R10REST_ASIA,2062,WHT,2.206179774535686
R10REST_ASIA,2062,GRO,3.5828481739700595
R10REST_ASIA,2062,OSD,8.64305100350263
R10REST_ASIA,2062,C_B,65.78334243006756
R10REST_ASIA,2062,OTH_A,2.2307560187418307
R10REST_ASIA,2062,CEREAL,3.8102458274921336
R10REST_ASIA,2063,CROP_FLW,5.794320490522105
R10REST_ASIA,2063,PDR,4.352926488500548
R10REST_ASIA,2063,WHT,2.198358225793173
R10REST_ASIA,2063,GRO,3.583555331082174
R10REST_ASIA,2063,OSD,8.65546492598251
R10REST_ASIA,2063,C_B,65.8126841677477
R10REST_ASIA,2063,OTH_A,2.23493492607869
R10REST_ASIA,2063,CEREAL,3.804266234876016
R10REST_ASIA,2064,CROP_FLW,5.785819870503367
R10REST_ASIA,2064,PDR,4.352743771319702
R10REST_ASIA,2064,WHT,2.19056440671505
R10REST_ASIA,2064,GRO,3.5842626277679344
R10REST_ASIA,2064,OSD,8.667896678447578
R10REST_ASIA,2064,C_B,65.84203899289861
R10REST_ASIA,2064,OTH_A,2.2391216618227725
R10REST_ASIA,2064,CEREAL,3.7982960263074044
R10REST_ASIA,2065,CROP_FLW,5.7773317214103965
R10REST_ASIA,2065,PDR,4.352561061808539
R10REST_ASIA,2065,WHT,2.1827982189915947
R10REST_ASIA,2065,GRO,3.5849700640548883
R10REST_ASIA,2065,OSD,8.680346286506847
R10REST_ASIA,2065,C_B,65.87140691135774
R10REST_ASIA,2065,OTH_A,2.243316240639146
R10REST_ASIA,2065,CEREAL,3.792335187059485
R10REST_ASIA,2066,CROP_FLW,5.768856024947587
R10REST_ASIA,2066,PDR,4.352378359966738
R10REST_ASIA,2066,WHT,2.1750595646616198
R10REST_ASIA,2066,GRO,3.58567763997059
R10REST_ASIA,2066,OSD,8.692813775806119
R10REST_ASIA,2066,C_B,65.90078792896522
R10REST_ASIA,2066,OTH_A,2.2475186772203504
R10REST_ASIA,2066,CEREAL,3.7863837024285547
R10REST_ASIA,2067,CROP_FLW,5.760392762846173
R10REST_ASIA,2067,PDR,4.352195665793977
R10REST_ASIA,2067,WHT,2.1673483461112415
R10REST_ASIA,2067,GRO,3.586385355542597
R10REST_ASIA,2067,OSD,8.70529917202803
R10REST_ASIA,2067,C_B,65.93018205156368
R10REST_ASIA,2067,OTH_A,2.25172898628645
R10REST_ASIA,2067,CEREAL,3.780441557733987
R10REST_ASIA,2068,CROP_FLW,5.751941916864192
R10REST_ASIA,2068,PDR,4.352012979289933
R10REST_ASIA,2068,WHT,2.1596644660726434
R10REST_ASIA,2068,GRO,3.5870932107984754
R10REST_ASIA,2068,OSD,8.7178025008921
R10REST_ASIA,2068,C_B,65.95958928499846
R10REST_ASIA,2068,OTH_A,2.2559471825850834
R10REST_ASIA,2068,CEREAL,3.774508738318194
R10REST_ASIA,2069,CROP_FLW,5.743503468786443
R10REST_ASIA,2069,PDR,4.351830300454285
R10REST_ASIA,2069,WHT,2.1520078276228527
R10REST_ASIA,2069,GRO,3.587801205765793
R10REST_ASIA,2069,OSD,8.730323788154799
R10REST_ASIA,2069,C_B,65.98900963511747
R10REST_ASIA,2069,OTH_A,2.260173280891517
R10REST_ASIA,2069,CEREAL,3.7685852295465896
R10REST_ASIA,2070,CROP_FLW,5.735077400424447
R10REST_ASIA,2070,PDR,4.351647629286711
R10REST_ASIA,2070,WHT,2.144378334182516
R10REST_ASIA,2070,GRO,3.5885093404721222
R10REST_ASIA,2070,OSD,8.74286305960958
R10REST_ASIA,2070,C_B,66.01844310777113
R10REST_ASIA,2070,OTH_A,2.2644072960086974
R10REST_ASIA,2070,CEREAL,3.762671016807554
R10REST_ASIA,2071,CROP_FLW,5.728161870377984
R10REST_ASIA,2071,PDR,4.352478752384627
R10REST_ASIA,2071,WHT,2.1427245766857697
R10REST_ASIA,2071,GRO,3.5960880763158953
R10REST_ASIA,2071,OSD,8.750771128989507
R10REST_ASIA,2071,C_B,66.05114237905772
R10REST_ASIA,2071,OTH_A,2.2669743036467875
R10REST_ASIA,2071,CEREAL,3.7635180360616483
R10REST_ASIA,2072,CROP_FLW,5.721254679287125
R10REST_ASIA,2072,PDR,4.353310034219111
R10REST_ASIA,2072,WHT,2.1410720945767734
R10REST_ASIA,2072,GRO,3.6036828180360754
R10REST_ASIA,2072,OSD,8.758686351353633
R10REST_ASIA,2072,C_B,66.08385784646
R10REST_ASIA,2072,OTH_A,2.269544221330356
R10REST_ASIA,2072,CEREAL,3.7643652459892336
R10REST_ASIA,2073,CROP_FLW,5.714355817096504
R10REST_ASIA,2073,PDR,4.354141474820478
R10REST_ASIA,2073,WHT,2.1394208868719393
R10REST_ASIA,2073,GRO,3.6112935994362005
R10REST_ASIA,2073,OSD,8.766608733171955
R10REST_ASIA,2073,C_B,66.116589518
R10REST_ASIA,2073,OTH_A,2.2721170523583285
R10REST_ASIA,2073,CEREAL,3.765212646633232
R10REST_ASIA,2074,CROP_FLW,5.70746527376288
R10REST_ASIA,2074,PDR,4.3549730742190516
R10REST_ASIA,2074,WHT,2.1377709525884403
R10REST_ASIA,2074,GRO,3.618920454391198
R10REST_ASIA,2074,OSD,8.774538280920323
R10REST_ASIA,2074,C_B,66.14933740170372
R10REST_ASIA,2074,OTH_A,2.2746928000333684
R10REST_ASIA,2074,CEREAL,3.766060238036576
R10REST_ASIA,2075,CROP_FLW,5.700583039255124
R10REST_ASIA,2075,PDR,4.355804832445161
R10REST_ASIA,2075,WHT,2.136122290744206
R10REST_ASIA,2075,GRO,3.626563416847539
R10REST_ASIA,2075,OSD,8.78247500108044
R10REST_ASIA,2075,C_B,66.18210150560108
R10REST_ASIA,2075,OTH_A,2.2772714676618846
R10REST_ASIA,2075,CEREAL,3.766908020242208
R10REST_ASIA,2076,CROP_FLW,5.693709103554204
R10REST_ASIA,2076,PDR,4.356636749529141
R10REST_ASIA,2076,WHT,2.1344749003579233
R10REST_ASIA,2076,GRO,3.6342225208233874
R10REST_ASIA,2076,OSD,8.79041890013988
R10REST_ASIA,2076,C_B,66.2148818377261
R10REST_ASIA,2076,OTH_A,2.279853058554034
R10REST_ASIA,2076,CEREAL,3.767755993293079
R10REST_ASIA,2077,CROP_FLW,5.686843456653164
R10REST_ASIA,2077,PDR,4.35746882550133
R10REST_ASIA,2077,WHT,2.1328287804490365
R10REST_ASIA,2077,GRO,3.6418978004087506
R10REST_ASIA,2077,OSD,8.798369984592073
R10REST_ASIA,2077,C_B,66.24767840611663
R10REST_ASIA,2077,OTH_A,2.2824375760237254
R10REST_ASIA,2077,CEREAL,3.7686041572321516
R10REST_ASIA,2078,CROP_FLW,5.67998608855712
R10REST_ASIA,2078,PDR,4.358301060392077
R10REST_ASIA,2078,WHT,2.131183930037745
R10REST_ASIA,2078,GRO,3.6495892897656335
R10REST_ASIA,2078,OSD,8.806328260936338
R10REST_ASIA,2078,C_B,66.28049121881462
R10REST_ASIA,2078,OTH_A,2.285025023388625
R10REST_ASIA,2078,CEREAL,3.769452512102396
R10REST_ASIA,2079,CROP_FLW,5.673136989283238
R10REST_ASIA,2079,PDR,4.359133454231732
R10REST_ASIA,2079,WHT,2.129540348145006
R10REST_ASIA,2079,GRO,3.657297023128188
R10REST_ASIA,2079,OSD,8.81429373567786
R10REST_ASIA,2079,C_B,66.31332028386595
R10REST_ASIA,2079,OTH_A,2.287615403970159
R10REST_ASIA,2079,CEREAL,3.770301057946792
R10REST_ASIA,2080,CROP_FLW,5.66629614886072
R10REST_ASIA,2080,PDR,4.359966007050656
R10REST_ASIA,2080,WHT,2.1278980337925293
R10REST_ASIA,2080,GRO,3.6650210348028662
R10REST_ASIA,2080,OSD,8.822266415327706
R10REST_ASIA,2080,C_B,66.3461656093205
R10REST_ASIA,2080,OTH_A,2.2902087210935202
R10REST_ASIA,2080,CEREAL,3.77114979480833
R10REST_ASIA,2081,CROP_FLW,5.66171616277015
R10REST_ASIA,2081,PDR,4.362079310251084
R10REST_ASIA,2081,WHT,2.1263366151706355
R10REST_ASIA,2081,GRO,3.678923841577486
R10REST_ASIA,2081,OSD,8.82550795489871
R10REST_ASIA,2081,C_B,66.37091778856615
R10REST_ASIA,2081,OTH_A,2.2905744616607104
R10REST_ASIA,2081,CEREAL,3.773808692196735
R10REST_ASIA,2082,CROP_FLW,5.657139878616796
R10REST_ASIA,2082,PDR,4.364193637782988
R10REST_ASIA,2082,WHT,2.124776342293545
R10REST_ASIA,2082,GRO,3.6928793869406102
R10REST_ASIA,2082,OSD,8.828750685499127
R10REST_ASIA,2082,C_B,66.39567920226222
R10REST_ASIA,2082,OTH_A,2.2909402606357485
R10REST_ASIA,2082,CEREAL,3.7764694642747454
R10REST_ASIA,2083,CROP_FLW,5.652567293408436
R10REST_ASIA,2083,PDR,4.366308990142869
R10REST_ASIA,2083,WHT,2.1232172143205266
R10REST_ASIA,2083,GRO,3.7068878709495907
R10REST_ASIA,2083,OSD,8.831994607566573
R10REST_ASIA,2083,C_B,66.42044985385387
R10REST_ASIA,2083,OTH_A,2.2913061180279617
R10REST_ASIA,2083,CEREAL,3.7791321123641364
R10REST_ASIA,2084,CROP_FLW,5.647998404155263
R10REST_ASIA,2084,PDR,4.368425367827467
R10REST_ASIA,2084,WHT,2.1216592304114683
R10REST_ASIA,2084,GRO,3.720949494420673
R10REST_ASIA,2084,OSD,8.835239721538825
R10REST_ASIA,2084,C_B,66.44522974678755
R10REST_ASIA,2084,OTH_A,2.29167203384668
R10REST_ASIA,2084,CEREAL,3.781796637787612
R10REST_ASIA,2085,CROP_FLW,5.643433207869892
R10REST_ASIA,2085,PDR,4.3705427713337635
R10REST_ASIA,2085,WHT,2.1201023897268736
R10REST_ASIA,2085,GRO,3.735064458931874
R10REST_ASIA,2085,OSD,8.838486027853824
R10REST_ASIA,2085,C_B,66.47001888451098
R10REST_ASIA,2085,OTH_A,2.292038008101233
R10REST_ASIA,2085,CEREAL,3.784463041868811
R10REST_ASIA,2086,CROP_FLW,5.638871701567348
R10REST_ASIA,2086,PDR,4.37266120115898
R10REST_ASIA,2086,WHT,2.1185466914278623
R10REST_ASIA,2086,GRO,3.749232966825874
R10REST_ASIA,2086,OSD,8.841733526949664
R10REST_ASIA,2086,C_B,66.49481727047316
R10REST_ASIA,2086,OTH_A,2.292404040800953
R10REST_ASIA,2086,CEREAL,3.7871313259323065
R10REST_ASIA,2087,CROP_FLW,5.634313882265073
R10REST_ASIA,2087,PDR,4.3747806578005815
R10REST_ASIA,2087,WHT,2.116992134676169
R10REST_ASIA,2087,GRO,3.7634552212129138
R10REST_ASIA,2087,OSD,8.844982219264612
R10REST_ASIA,2087,C_B,66.51962490812438
R10REST_ASIA,2087,OTH_A,2.292770131955174
R10REST_ASIA,2087,CEREAL,3.7898014913036024
R10REST_ASIA,2088,CROP_FLW,5.6297597469829155
R10REST_ASIA,2088,PDR,4.37690114175627
R10REST_ASIA,2088,WHT,2.115438718634145
R10REST_ASIA,2088,GRO,3.7777314259737063
R10REST_ASIA,2088,OSD,8.848232105237082
R10REST_ASIA,2088,C_B,66.54444180091629
R10REST_ASIA,2088,OTH_A,2.2931362815732306
R10REST_ASIA,2088,CEREAL,3.7924735393091393
R10REST_ASIA,2089,CROP_FLW,5.625209292743135
R10REST_ASIA,2089,PDR,4.379022653523993
R10REST_ASIA,2089,WHT,2.1138864424647537
R10REST_ASIA,2089,GRO,3.792061785762363
R10REST_ASIA,2089,OSD,8.851483185305659
R10REST_ASIA,2089,C_B,66.56926795230169
R10REST_ASIA,2089,OTH_A,2.2935024896644594
R10REST_ASIA,2089,CEREAL,3.795147471276294
R10REST_ASIA,2090,CROP_FLW,5.6206625165703965
R10REST_ASIA,2090,PDR,4.381145193601941
R10REST_ASIA,2090,WHT,2.1123353053315754
R10REST_ASIA,2090,GRO,3.8064465060093235
R10REST_ASIA,2090,OSD,8.854735459909094
R10REST_ASIA,2090,C_B,66.5941033657347
R10REST_ASIA,2090,OTH_A,2.293868756238196
R10REST_ASIA,2090,CEREAL,3.797823288533373
R10REST_ASIA,2091,CROP_FLW,5.6209691575171945
R10REST_ASIA,2091,PDR,4.384950883078149
R10REST_ASIA,2091,WHT,2.112329583313178
R10REST_ASIA,2091,GRO,3.8147945025570125
R10REST_ASIA,2091,OSD,8.85635177757949
R10REST_ASIA,2091,C_B,66.62198841937422
R10REST_ASIA,2091,OTH_A,2.295537789151433
R10REST_ASIA,2091,CEREAL,3.8018768956945275
R10REST_ASIA,2092,CROP_FLW,5.6212758151931
R10REST_ASIA,2092,PDR,4.388759878373214
R10REST_ASIA,2092,WHT,2.112323861310281
R10REST_ASIA,2092,GRO,3.8231608072685623
R10REST_ASIA,2092,OSD,8.857968390287816
R10REST_ASIA,2092,C_B,66.64988514936611
R10REST_ASIA,2092,OTH_A,2.2972080364632084
R10REST_ASIA,2092,CEREAL,3.805934829473792
R10REST_ASIA,2093,CROP_FLW,5.621582489599028
R10REST_ASIA,2093,PDR,4.392572182358738
R10REST_ASIA,2093,WHT,2.1123181393228836
R10REST_ASIA,2093,GRO,3.8315454602959864
R10REST_ASIA,2093,OSD,8.859585298087927
R10REST_ASIA,2093,C_B,66.67779356059962
R10REST_ASIA,2093,OTH_A,2.2988794990571266
R10REST_ASIA,2093,CEREAL,3.809997094489182
R10REST_ASIA,2094,CROP_FLW,5.621889180735888
R10REST_ASIA,2094,PDR,4.396387797908824
R10REST_ASIA,2094,WHT,2.112312417350987
R10REST_ASIA,2094,GRO,3.839948501879355
R10REST_ASIA,2094,OSD,8.861202501033686
R10REST_ASIA,2094,C_B,66.70571365796607
R10REST_ASIA,2094,OTH_A,2.300552177817434
R10REST_ASIA,2094,CEREAL,3.8140636953636435
R10REST_ASIA,2095,CROP_FLW,5.622195888604594
R10REST_ASIA,2095,PDR,4.400206727900066
R10REST_ASIA,2095,WHT,2.1123066953945897
R10REST_ASIA,2095,GRO,3.848369972346991
R10REST_ASIA,2095,OSD,8.862819999178972
R10REST_ASIA,2095,C_B,66.7336454463588
R10REST_ASIA,2095,OTH_A,2.3022260736290203
R10REST_ASIA,2095,CEREAL,3.818134636725056
R10REST_ASIA,2096,CROP_FLW,5.62250261320606
R10REST_ASIA,2096,PDR,4.404028975211561
R10REST_ASIA,2096,WHT,2.1123009734536926
R10REST_ASIA,2096,GRO,3.8568099121156614
R10REST_ASIA,2096,OSD,8.864437792577665
R10REST_ASIA,2096,C_B,66.76158893067321
R10REST_ASIA,2096,OTH_A,2.30390118737742
R10REST_ASIA,2096,CEREAL,3.822209923206239
R10REST_ASIA,2097,CROP_FLW,5.6228093545411975
R10REST_ASIA,2097,PDR,4.407854542724903
R10REST_ASIA,2097,WHT,2.1122952515282956
R10REST_ASIA,2097,GRO,3.865268361690771
R10REST_ASIA,2097,OSD,8.866055881283662
R10REST_ASIA,2097,C_B,66.78954411580675
R10REST_ASIA,2097,OTH_A,2.305577519948811
R10REST_ASIA,2097,CEREAL,3.8262895594449557
R10REST_ASIA,2098,CROP_FLW,5.623116112610919
R10REST_ASIA,2098,PDR,4.4116834333241925
R10REST_ASIA,2098,WHT,2.112289529618398
R10REST_ASIA,2098,GRO,3.8737453616665607
R10REST_ASIA,2098,OSD,8.867674265350871
R10REST_ASIA,2098,C_B,66.81751100665893
R10REST_ASIA,2098,OTH_A,2.307255072230017
R10REST_ASIA,2098,CEREAL,3.8303735500839218
R10REST_ASIA,2099,CROP_FLW,5.623422887416139
R10REST_ASIA,2099,PDR,4.415515649896035
R10REST_ASIA,2099,WHT,2.112283807724001
R10REST_ASIA,2099,GRO,3.8822409527262978
R10REST_ASIA,2099,OSD,8.869292944833202
R10REST_ASIA,2099,C_B,66.84548960813132
R10REST_ASIA,2099,OTH_A,2.308933845108505
R10REST_ASIA,2099,CEREAL,3.8344618997708064
R10REST_ASIA,2100,CROP_FLW,5.62372967895777
R10REST_ASIA,2100,PDR,4.41935119532954
R10REST_ASIA,2100,WHT,2.1122780858451033
R10REST_ASIA,2100,GRO,3.8907551756424725
R10REST_ASIA,2100,OSD,8.870911919784579
R10REST_ASIA,2100,C_B,66.8734799251275
R10REST_ASIA,2100,OTH_A,2.3106138394723907
R10REST_ASIA,2100,CEREAL,3.8385546131582395
R10REF_ECON,2005,CROP_FLW,2.907792871700163
R10REF_ECON,2005,PDR,3.105937964974935
R10REF_ECON,2005,WHT,1.9470718616227545
R10REF_ECON,2005,GRO,2.0983442582751235
R10REF_ECON,2005,OSD,1.4480911873473115
R10REF_ECON,2005,C_B,26.409554766663543
R10REF_ECON,2005,OTH_A,1.813178427116333
R10REF_ECON,2005,CEREAL,2.0158655459565282
R10REF_ECON,2006,CROP_FLW,2.8755021354285635
R10REF_ECON,2006,PDR,3.42586036681632
R10REF_ECON,2006,WHT,1.9535398257571588
R10REF_ECON,2006,GRO,2.1322058434641407
R10REF_ECON,2006,OSD,1.4268607422030444
R10REF_ECON,2006,C_B,25.794943841629436
R10REF_ECON,2006,OTH_A,1.8131869573803112
R10REF_ECON,2006,CEREAL,2.034124451251895
R10REF_ECON,2007,CROP_FLW,2.843569984412162
R10REF_ECON,2007,PDR,3.778735887604107
R10REF_ECON,2007,WHT,1.9600292757755042
R10REF_ECON,2007,GRO,2.166613862798552
R10REF_ECON,2007,OSD,1.4059415563254323
R10REF_ECON,2007,C_B,25.194636322787094
R10REF_ECON,2007,OTH_A,1.813195487684421
R10REF_ECON,2007,CEREAL,2.052548738421689
R10REF_ECON,2008,CROP_FLW,2.8119924365991356
R10REF_ECON,2008,PDR,4.167958813083978
R10REF_ECON,2008,WHT,1.9665402830515952
R10REF_ECON,2008,GRO,2.2015771342434225
R10REF_ECON,2008,OSD,1.3853290663466133
R10REF_ECON,2008,C_B,24.608299337061286
R10REF_ECON,2008,OTH_A,1.8132040180286622
R10REF_ECON,2008,CEREAL,2.0711399054289026
R10REF_ECON,2009,CROP_FLW,2.780765554157931
R10REF_ECON,2009,PDR,4.597273052226728
R10REF_ECON,2009,WHT,1.9730729191963332
R10REF_ECON,2009,GRO,2.237104618061858
R10REF_ECON,2009,OSD,1.3650187758021985
R10REF_ECON,2009,C_B,24.035607758096884
R10REF_ECON,2009,OTH_A,1.8132125484130355
R10REF_ECON,2009,CEREAL,2.089899463804477
R10REF_ECON,2010,CROP_FLW,2.7498854429862014
R10REF_ECON,2010,PDR,5.070808149635191
R10REF_ECON,2010,WHT,1.979627256058502
R10REF_ECON,2010,GRO,2.273205419111308
R10REF_ECON,2010,OSD,1.345006254150402
R10REF_ECON,2010,C_B,23.476244025974893
R10REF_ECON,2010,OTH_A,1.813221078837541
R10REF_ECON,2010,CEREAL,2.1088289387701966
R10REF_ECON,2011,CROP_FLW,2.730516610540943
R10REF_ECON,2011,PDR,5.1206266288208875
R10REF_ECON,2011,WHT,1.9819773424103229
R10REF_ECON,2011,GRO,2.269204512755527
R10REF_ECON,2011,OSD,1.3455884643332734
R10REF_ECON,2011,C_B,23.566180686293457
R10REF_ECON,2011,OTH_A,1.81886711405567
R10REF_ECON,2011,CEREAL,2.1098213045883076
R10REF_ECON,2012,CROP_FLW,2.711284202567929
R10REF_ECON,2012,PDR,5.170934552843607
R10REF_ECON,2012,WHT,1.984330218633744
R10REF_ECON,2012,GRO,2.2652106481090146
R10REF_ECON,2012,OSD,1.3461709265363089
R10REF_ECON,2012,C_B,23.65646189077591
R10REF_ECON,2012,OTH_A,1.824530729983651
R10REF_ECON,2012,CEREAL,2.110814137390676
R10REF_ECON,2013,CROP_FLW,2.692187258160679
R10REF_ECON,2013,PDR,5.221736730285476
R10REF_ECON,2013,WHT,1.9866858880407219
R10REF_ECON,2013,GRO,2.261223812778161
R10REF_ECON,2013,OSD,1.3467536408686
R10REF_ECON,2013,C_B,23.747088959358763
R10REF_ECON,2013,OTH_A,1.8302119813645643
R10REF_ECON,2013,CEREAL,2.1118074373970543
R10REF_ECON,2014,CROP_FLW,2.673224823180861
R10REF_ECON,2014,PDR,5.27303801697084
R10REF_ECON,2014,WHT,1.9890443539471447
R10REF_ECON,2014,GRO,2.2572439943911706
R10REF_ECON,2014,OSD,1.3473366074392858
R10REF_ECON,2014,C_B,23.838063217035135
R10REF_ECON,2014,OTH_A,1.8359109231119493
R10REF_ECON,2014,CEREAL,2.1128012048272984
R10REF_ECON,2015,CROP_FLW,2.6543959502106222
R10REF_ECON,2015,PDR,5.324843316430404
R10REF_ECON,2015,WHT,1.9914056196728371
R10REF_ECON,2015,GRO,2.2532711805980212
R10REF_ECON,2015,OSD,1.3479198263575516
R10REF_ECON,2015,C_B,23.929385993874174
R10REF_ECON,2015,OTH_A,1.8416276103103375
R10REF_ECON,2015,CEREAL,2.1137954399013656
R10REF_ECON,2016,CROP_FLW,2.6356996985052525
R10REF_ECON,2016,PDR,5.377157580369924
R10REF_ECON,2016,WHT,1.9937696885415648
R10REF_ECON,2016,GRO,2.2493053590704286
R10REF_ECON,2016,OSD,1.348503297732631
R10REF_ECON,2016,C_B,24.021058625040457
R10REF_ECON,2016,OTH_A,1.847362098215782
R10REF_ECON,2016,CEREAL,2.114790142839319
R10REF_ECON,2017,CROP_FLW,2.617135133946182
R10REF_ECON,2017,PDR,5.429985809143506
R10REF_ECON,2017,WHT,1.9961365638810387
R10REF_ECON,2017,GRO,2.245346517501806
R10REF_ECON,2017,OSD,1.3490870216738042
R10REF_ECON,2017,C_B,24.113082450813533
R10REF_ECON,2017,OTH_A,1.853114442256394
R10REF_ECON,2017,CEREAL,2.115785313861325
R10REF_ECON,2018,CROP_FLW,2.598701328994309
R10REF_ECON,2018,PDR,5.483333052231553
R10REF_ECON,2018,WHT,1.9985062490229213
R10REF_ECON,2018,GRO,2.2413946436072267
R10REF_ECON,2018,OSD,1.3496709982903994
R10REF_ECON,2018,C_B,24.205458816607518
R10REF_ECON,2018,OTH_A,1.8588846980328773
R10REF_ECON,2018,CEREAL,2.1167809531876527
R10REF_ECON,2019,CROP_FLW,2.5803973626436587
R10REF_ECON,2019,PDR,5.537204408723417
R10REF_ECON,2019,WHT,2.000878747302829
R10REF_ECON,2019,GRO,2.2374497251233856
R10REF_ECON,2019,OSD,1.3502552276917914
R10REF_ECON,2019,C_B,24.29818907299076
R10REF_ECON,2019,OTH_A,1.8646729213190656
R10REF_ECON,2019,CEREAL,2.117777061038675
R10REF_ECON,2020,CROP_FLW,2.562222320375368
R10REF_ECON,2020,PDR,5.591605027804774
R10REF_ECON,2020,WHT,2.003254062060341
R10REF_ECON,2020,GRO,2.233511749808561
R10REF_ECON,2020,OSD,1.350839709987404
R10REF_ECON,2020,C_B,24.391274575705577
R10REF_ECON,2020,OTH_A,1.8704791680624617
R10REF_ECON,2020,CEREAL,2.118773637634868
R10REF_ECON,2021,CROP_FLW,2.5617638065011055
R10REF_ECON,2021,PDR,5.557764565759559
R10REF_ECON,2021,WHT,2.011975239559931
R10REF_ECON,2021,GRO,2.2401587362589592
R10REF_ECON,2021,OSD,1.3518524453788605
R10REF_ECON,2021,C_B,24.41156303810981
R10REF_ECON,2021,OTH_A,1.8725854522288694
R10REF_ECON,2021,CEREAL,2.126263246909607
R10REF_ECON,2022,CROP_FLW,2.561305374678651
R10REF_ECON,2022,PDR,5.524128906604702
R10REF_ECON,2022,WHT,2.020734384753395
R10REF_ECON,2022,GRO,2.2468255043061522
R10REF_ECON,2022,OSD,1.3528659400261824
R10REF_ECON,2022,C_B,24.431868376290893
R10REF_ECON,2022,OTH_A,1.8746941082115827
R10REF_ECON,2022,CEREAL,2.13377933104985
R10REF_ECON,2023,CROP_FLW,2.560847024893321
R10REF_ECON,2023,PDR,5.490696810870604
R10REF_ECON,2023,WHT,2.029531662933295
R10REF_ECON,2023,GRO,2.253512112820664
R10REF_ECON,2023,OSD,1.35388019449859
R10REF_ECON,2023,C_B,24.45219060428595
R10REF_ECON,2023,OTH_A,1.8768051386814242
R10REF_ECON,2023,CEREAL,2.1413219836410518
R10REF_ECON,2024,CROP_FLW,2.5603887571304345
R10REF_ECON,2024,PDR,5.457467046588952
R10REF_ECON,2024,WHT,2.038367240111796
R10REF_ECON,2024,GRO,2.2602186208482187
R10REF_ECON,2024,OSD,1.35489520936573
R10REF_ECON,2024,C_B,24.472529736143798
R10REF_ECON,2024,OTH_A,1.8789185463122247
R10REF_ECON,2024,CEREAL,2.1488912985994837
R10REF_ECON,2025,CROP_FLW,2.5599305713753138
R10REF_ECON,2025,PDR,5.424438389247321
R10REF_ECON,2025,WHT,2.0472412830237974
R10REF_ECON,2025,GRO,2.2669450876102597
R10REF_ECON,2025,OSD,1.3559109851976772
R10REF_ECON,2025,C_B,24.492885785924926
R10REF_ECON,2025,OTH_A,1.8810343337808266
R10REF_ECON,2025,CEREAL,2.156487370173398
R10REF_ECON,2026,CROP_FLW,2.5594724676132827
R10REF_ECON,2026,PDR,5.391609621744048
R10REF_ECON,2026,WHT,2.0561539591300804
R10REF_ECON,2026,GRO,2.273691572504478
R10REF_ECON,2026,OSD,1.356927522564932
R10REF_ECON,2026,C_B,24.51325876770153
R10REF_ECON,2026,OTH_A,1.883152503767085
R10REF_ECON,2026,CEREAL,2.164110292944203
R10REF_ECON,2027,CROP_FLW,2.559014445829669
R10REF_ECON,2027,PDR,5.358979534343387
R10REF_ECON,2027,WHT,2.065105436620467
R10REF_ECON,2027,GRO,2.2804581351053312
R10REF_ECON,2027,OSD,1.3579448220384245
R10REF_ECON,2027,C_B,24.533648695557503
R10REF_ECON,2027,OTH_A,1.8852730589538738
R10REF_ECON,2027,CEREAL,2.1717601618276414
R10REF_ECON,2028,CROP_FLW,2.5585565060098028
R10REF_ECON,2028,PDR,5.326546924630925
R10REF_ECON,2028,WHT,2.0740958844169946
R10REF_ECON,2028,GRO,2.287244835164574
R10REF_ECON,2028,OSD,1.3589628841895114
R10REF_ECON,2028,C_B,24.554055583588447
R10REF_ECON,2028,OTH_A,1.8873960020270881
R10REF_ECON,2028,CEREAL,2.1794370720749723
R10REF_ECON,2029,CROP_FLW,2.558098648139016
R10REF_ECON,2029,PDR,5.294310597469277
R10REF_ECON,2029,WHT,2.0831254721771044
R10REF_ECON,2029,GRO,2.294051732611783
R10REF_ECON,2029,OSD,1.359981709589978
R10REF_ECON,2029,C_B,24.574479445901705
R10REF_ECON,2029,OTH_A,1.8895213356756464
R10REF_ECON,2029,CEREAL,2.187141119274155
R10REF_ECON,2030,CROP_FLW,2.5576408722026436
R10REF_ECON,2030,PDR,5.262269364954046
R10REF_ECON,2030,WHT,2.092194370296842
R10REF_ECON,2030,GRO,2.3008788875548833
R10REF_ECON,2030,OSD,1.3610012988120406
R10REF_ECON,2030,C_B,24.59492029661633
R10REF_ECON,2030,OTH_A,1.8916490625914977
R10REF_ECON,2030,CEREAL,2.1948723993510435
R10REF_ECON,2031,CROP_FLW,2.558040998614246
R10REF_ECON,2031,PDR,5.264833763752042
R10REF_ECON,2031,WHT,2.0947101184114967
R10REF_ECON,2031,GRO,2.3041775631152386
R10REF_ECON,2031,OSD,1.363356508949285
R10REF_ECON,2031,C_B,24.62415387888203
R10REF_ECON,2031,OTH_A,1.8940102577921032
R10REF_ECON,2031,CEREAL,2.1978683588579435
R10REF_ECON,2032,CROP_FLW,2.558441187623044
R10REF_ECON,2032,PDR,5.267399412227836
R10REF_ECON,2032,WHT,2.097228891574238
R10REF_ECON,2032,GRO,2.3074809678512627
R10REF_ECON,2032,OSD,1.3657157947731546
R10REF_ECON,2032,C_B,24.65342220825493
R10REF_ECON,2032,OTH_A,1.8963744002850398
R10REF_ECON,2032,CEREAL,2.2008684077931724
R10REF_ECON,2033,CROP_FLW,2.5588414392388295
R10REF_ECON,2033,PDR,5.26996631099042
R10REF_ECON,2033,WHT,2.0997506934225183
R10REF_ECON,2033,GRO,2.310789108542981
R10REF_ECON,2033,OSD,1.3680791633366174
R10REF_ECON,2033,C_B,24.682725326035527
R10REF_ECON,2033,OTH_A,1.898741493749178
R10REF_ECON,2033,CEREAL,2.203872551738722
R10REF_ECON,2034,CROP_FLW,2.5592417534713983
R10REF_ECON,2034,PDR,5.27253446064908
R10REF_ECON,2034,WHT,2.1022755275981657
R10REF_ECON,2034,GRO,2.3141019919801384
R10REF_ECON,2034,OSD,1.3704466217048465
R10REF_ECON,2034,C_B,24.712063273573406
R10REF_ECON,2034,OTH_A,1.9011115418679814
R10REF_ECON,2034,CEREAL,2.2068807962842043
R10REF_ECON,2035,CROP_FLW,2.5596421303305457
R10REF_ECON,2035,PDR,5.2751038618134
R10REF_ECON,2035,WHT,2.1048033977473852
R10REF_ECON,2035,GRO,2.3174196249622145
R10REF_ECON,2035,OSD,1.372818176955241
R10REF_ECON,2035,C_B,24.7414360922673
R10REF_ECON,2035,OTH_A,1.9034845483295102
R10REF_ECON,2035,CEREAL,2.2098931470268615
R10REF_ECON,2036,CROP_FLW,2.5600425698260696
R10REF_ECON,2036,PDR,5.277674515093263
R10REF_ECON,2036,WHT,2.1073343075207687
R10REF_ECON,2036,GRO,2.3207420142984363
R10REF_ECON,2036,OSD,1.3751938361774478
R10REF_ECON,2036,C_B,24.770843823565144
R10REF_ECON,2036,OTH_A,1.9058605168264284
R10REF_ECON,2036,CEREAL,2.2129096095715752
R10REF_ECON,2037,CROP_FLW,2.5604430719677684
R10REF_ECON,2037,PDR,5.280246421098846
R10REF_ECON,2037,WHT,2.1098682605732946
R10REF_ECON,2037,GRO,2.324069166807794
R10REF_ECON,2037,OSD,1.3775736064733823
R10REF_ECON,2037,C_B,24.800286508964156
R10REF_ECON,2037,OTH_A,1.908239451056009
R10REF_ECON,2037,CEREAL,2.2159301895308783
R10REF_ECON,2038,CROP_FLW,2.5608436367654432
R10REF_ECON,2038,PDR,5.2828195804406235
R10REF_ECON,2038,WHT,2.112405260564339
R10REF_ECON,2038,GRO,2.3274010893190527
R10REF_ECON,2038,OSD,1.3799574949572495
R10REF_ECON,2038,C_B,24.829764190010863
R10REF_ECON,2038,OTH_A,1.9106213547201418
R10REF_ECON,2038,CEREAL,2.2189548925249634
R10REF_ECON,2039,CROP_FLW,2.5612442642288955
R10REF_ECON,2039,PDR,5.285393993729373
R10REF_ECON,2039,WHT,2.1149453111576775
R10REF_ECON,2039,GRO,2.3307377886707688
R10REF_ECON,2039,OSD,1.3823455087555658
R10REF_ECON,2039,C_B,24.85927690830117
R10REF_ECON,2039,OTH_A,1.9130062315253344
R10REF_ECON,2039,CEREAL,2.2219837241816958
R10REF_ECON,2040,CROP_FLW,2.561644954367933
R10REF_ECON,2040,PDR,5.28796966157616
R10REF_ECON,2040,WHT,2.117488416021489
R10REF_ECON,2040,GRO,2.3340792717112993
R10REF_ECON,2040,OSD,1.3847376550071797
R10REF_ECON,2040,C_B,24.888824705480445
R10REF_ECON,2040,OTH_A,1.9153940851827256
R10REF_ECON,2040,CEREAL,2.2250166901366235
R10REF_ECON,2041,CROP_FLW,2.5620885066763956
R10REF_ECON,2041,PDR,5.272722158967422
R10REF_ECON,2041,WHT,2.122000441205458
R10REF_ECON,2041,GRO,2.3431645150480023
R10REF_ECON,2041,OSD,1.3876746500905426
R10REF_ECON,2041,C_B,24.976439157969807
R10REF_ECON,2041,OTH_A,1.917335870220948
R10REF_ECON,2041,CEREAL,2.2315606881661885
R10REF_ECON,2042,CROP_FLW,2.562532135786544
R10REF_ECON,2042,PDR,5.257518621500445
R10REF_ECON,2042,WHT,2.1265220807850036
R10REF_ECON,2042,GRO,2.3522851220707155
R10REF_ECON,2042,OSD,1.3906178744694608
R10REF_ECON,2042,C_B,25.06436203371241
R10REF_ECON,2042,OTH_A,1.919279623798785
R10REF_ECON,2042,CEREAL,2.2381239327526
R10REF_ECON,2043,CROP_FLW,2.5629758417116753
R10REF_ECON,2043,PDR,5.24235892240472
R10REF_ECON,2043,WHT,2.131053355246847
R10REF_ECON,2043,GRO,2.3614412304301577
R10REF_ECON,2043,OSD,1.39356734135612
R10REF_ECON,2043,C_B,25.152594418429846
R10REF_ECON,2043,OTH_A,1.9212253479119
R10REF_ECON,2043,CEREAL,2.2447064805019186
R10REF_ECON,2044,CROP_FLW,2.563419624465092
R10REF_ECON,2044,PDR,5.227242935275269
R10REF_ECON,2044,WHT,2.135594285121364
R10REF_ECON,2044,GRO,2.3706329783128472
R10REF_ECON,2044,OSD,1.3965230639907276
R10REF_ECON,2044,C_B,25.24113740166571
R10REF_ECON,2044,OTH_A,1.9231730445579787
R10REF_ECON,2044,CEREAL,2.251308388186689
R10REF_ECON,2045,CROP_FLW,2.563863484060096
R10REF_ECON,2045,PDR,5.212170534071597
R10REF_ECON,2045,WHT,2.1401448909826755
R10REF_ECON,2045,GRO,2.3798605044431804
R10REF_ECON,2045,OSD,1.399485055641574
R10REF_ECON,2045,C_B,25.329992076799034
R10REF_ECON,2045,OTH_A,1.9251227157367319
R10REF_ECON,2045,CEREAL,2.257929712746431
R10REF_ECON,2046,CROP_FLW,2.5643074205099925
R10REF_ECON,2046,PDR,5.197141593116638
R10REF_ECON,2046,WHT,2.144705193448745
R10REF_ECON,2046,GRO,2.38912394808553
R10REF_ECON,2046,OSD,1.4024533296050907
R10REF_ECON,2046,C_B,25.419159541057798
R10REF_ECON,2046,OTH_A,1.9270743634498981
R10REF_ECON,2046,CEREAL,2.264570511288127
R10REF_ECON,2047,CROP_FLW,2.5647514338280892
R10REF_ECON,2047,PDR,5.182155987095704
R10REF_ECON,2047,WHT,2.1492752131814674
R10REF_ECON,2047,GRO,2.398423449046347
R10REF_ECON,2047,OSD,1.4054278992059115
R10REF_ECON,2047,C_B,25.50864089553249
R10REF_ECON,2047,OTH_A,1.929027989701246
R10REF_ECON,2047,CEREAL,2.271230841086718
R10REF_ECON,2048,CROP_FLW,2.565195524027696
R10REF_ECON,2048,PDR,5.167213591055447
R10REF_ECON,2048,WHT,2.153854970886766
R10REF_ECON,2048,GRO,2.407759147676267
R10REF_ECON,2048,OSD,1.4084087777969307
R10REF_ECON,2048,C_B,25.59843724518968
R10REF_ECON,2048,OTH_A,1.9309835964965738
R10REF_ECON,2048,CEREAL,2.277910759585598
R10REF_ECON,2049,CROP_FLW,2.5656396911221253
R10REF_ECON,2049,PDR,5.1523142804028135
R10REF_ECON,2049,WHT,2.158444487314685
R10REF_ECON,2049,GRO,2.4171311848722334
R10REF_ECON,2049,OSD,1.411395978759364
R10REF_ECON,2049,C_B,25.688549698885684
R10REF_ECON,2049,OTH_A,1.9329411858437144
R10REF_ECON,2049,CEREAL,2.2846103243971037
R10REF_ECON,2050,CROP_FLW,2.566083935124688
R10REF_ECON,2050,PDR,5.1374579309040005
R10REF_ECON,2050,WHT,2.1630437832594827
R10REF_ECON,2050,GRO,2.4265397020796207
R10REF_ECON,2050,OSD,1.4143895155028083
R10REF_ECON,2050,C_B,25.778979369380256
R10REF_ECON,2050,OTH_A,1.9349007597525352
R10REF_ECON,2050,CEREAL,2.29132959330302
R10REF_ECON,2051,CROP_FLW,2.566242762904689
R10REF_ECON,2051,PDR,5.1513207964176795
R10REF_ECON,2051,WHT,2.1637660839134387
R10REF_ECON,2051,GRO,2.433757447854557
R10REF_ECON,2051,OSD,1.4161859269793258
R10REF_ECON,2051,C_B,25.900714133470252
R10REF_ECON,2051,OTH_A,1.9348347079821326
R10REF_ECON,2051,CEREAL,2.295194054160224
R10REF_ECON,2052,CROP_FLW,2.5664016005153365
R10REF_ECON,2052,PDR,5.165221069350131
R10REF_ECON,2052,WHT,2.1644886257637306
R10REF_ECON,2052,GRO,2.4409966628245066
R10REF_ECON,2052,OSD,1.4179846200721573
R10REF_ECON,2052,C_B,26.023023759449686
R10REF_ECON,2052,OTH_A,1.9347686584665416
R10REF_ECON,2052,CEREAL,2.2990650326558155
R10REF_ECON,2053,CROP_FLW,2.566560447957239
R10REF_ECON,2053,PDR,5.179158850641164
R10REF_ECON,2053,WHT,2.1652114088909005
R10REF_ECON,2053,GRO,2.448257410849621
R10REF_ECON,2053,OSD,1.419785597679176
R10REF_ECON,2053,C_B,26.145910961959636
R10REF_ECON,2053,OTH_A,1.9347026112056847
R10REF_ECON,2053,CEREAL,2.302942539782172
R10REF_ECON,2054,CROP_FLW,2.566719305231004
R10REF_ECON,2054,PDR,5.1931342415029595
R10REF_ECON,2054,WHT,2.1659344333755173
R10REF_ECON,2054,GRO,2.455539755980002
R10REF_ECON,2054,OSD,1.4215888627019364
R10REF_ECON,2054,C_B,26.26937846846041
R10REF_ECON,2054,OTH_A,1.9346365661994853
R10REF_ECON,2054,CEREAL,2.3068265865502093
R10REF_ECON,2055,CROP_FLW,2.566878172337242
R10REF_ECON,2055,PDR,5.207147343420813
R10REF_ECON,2055,WHT,2.1666576992981774
R10REF_ECON,2055,GRO,2.462843762456271
R10REF_ECON,2055,OSD,1.4233944180456772
R10REF_ECON,2055,C_B,26.393429019292032
R10REF_ECON,2055,OTH_A,1.9345705234478667
R10REF_ECON,2055,CEREAL,2.310717183989415
R10REF_ECON,2056,CROP_FLW,2.5670370492765597
R10REF_ECON,2056,PDR,5.221198258153861
R10REF_ECON,2056,WHT,2.1673812067395035
R10REF_ECON,2056,GRO,2.4701694947101314
R10REF_ECON,2056,OSD,1.4252022666193278
R10REF_ECON,2056,C_B,26.518065367735137
R10REF_ECON,2056,OTH_A,1.9345044829507516
R10REF_ECON,2056,CEREAL,2.3146143431478765
R10REF_ECON,2057,CROP_FLW,2.567195936049567
R10REF_ECON,2057,PDR,5.23528708773583
R10REF_ECON,2057,WHT,2.168104955780145
R10REF_ECON,2057,GRO,2.4775170173649386
R10REF_ECON,2057,OSD,1.4270124113355118
R10REF_ECON,2057,C_B,26.64329028007199
R10REF_ECON,2057,OTH_A,1.9344384447080631
R10REF_ECON,2057,CEREAL,2.3185180750923164
R10REF_ECON,2058,CROP_FLW,2.567354832656872
R10REF_ECON,2058,PDR,5.249413934475771
R10REF_ECON,2058,WHT,2.1688289465007795
R10REF_ECON,2058,GRO,2.484886395236273
R10REF_ECON,2058,OSD,1.4288248551105527
R10REF_ECON,2058,C_B,26.769106535647975
R10REF_ECON,2058,OTH_A,1.9343724087197243
R10REF_ECON,2058,CEREAL,2.322428390908121
R10REF_ECON,2059,CROP_FLW,2.5675137390990828
R10REF_ECON,2059,PDR,5.263578900958809
R10REF_ECON,2059,WHT,2.16955317898211
R10REF_ECON,2059,GRO,2.4922776933325053
R10REF_ECON,2059,OSD,1.430639600864477
R10REF_ECON,2059,C_B,26.895516926933198
R10REF_ECON,2059,OTH_A,1.934306374985658
R10REF_ECON,2059,CEREAL,2.3263453016993725
R10REF_ECON,2060,CROP_FLW,2.5676726553768088
R10REF_ECON,2060,PDR,5.277782090046875
R10REF_ECON,2060,WHT,2.170277653304865
R10REF_ECON,2060,GRO,2.4996909768553772
R10REF_ECON,2060,OSD,1.432456651521021
R10REF_ECON,2060,C_B,27.0225242595845
R10REF_ECON,2060,OTH_A,1.9342403435057884
R10REF_ECON,2060,CEREAL,2.330268818588883
R10REF_ECON,2061,CROP_FLW,2.5678324997635937
R10REF_ECON,2061,PDR,5.272546637599992
R10REF_ECON,2061,WHT,2.1729905778873473
R10REF_ECON,2061,GRO,2.5053077028696316
R10REF_ECON,2061,OSD,1.4332732590885262
R10REF_ECON,2061,C_B,27.15903563947787
R10REF_ECON,2061,OTH_A,1.9339181441042317
R10REF_ECON,2061,CEREAL,2.3343918534336323
R10REF_ECON,2062,CROP_FLW,2.567992354101113
R10REF_ECON,2062,PDR,5.26731637861541
R10REF_ECON,2062,WHT,2.175706893722455
R10REF_ECON,2062,GRO,2.5109370494883576
R10REF_ECON,2062,OSD,1.4340903321835001
R10REF_ECON,2062,C_B,27.296236642467196
R10REF_ECON,2062,OTH_A,1.9335959983735929
R10REF_ECON,2062,CEREAL,2.338522183323569
R10REF_ECON,2063,CROP_FLW,2.5681522183899865
R10REF_ECON,2063,PDR,5.262091307941322
R10REF_ECON,2063,WHT,2.178426605049376
R10REF_ECON,2063,GRO,2.5165790450696504
R10REF_ECON,2063,OSD,1.4349078710713288
R10REF_ECON,2063,C_B,27.434130752364705
R10REF_ECON,2063,OTH_A,1.9332739063049313
R10REF_ECON,2063,CEREAL,2.342659821166099
R10REF_ECON,2064,CROP_FLW,2.5683120926308325
R10REF_ECON,2064,PDR,5.25687142043103
R10REF_ECON,2064,WHT,2.181149716112595
R10REF_ECON,2064,GRO,2.522233718035327
R10REF_ECON,2064,OSD,1.4357258760175484
R10REF_ECON,2064,C_B,27.572721470582017
R10REF_ECON,2064,OTH_A,1.9329518678893085
R10REF_ECON,2064,CEREAL,2.3468047798914666
R10REF_ECON,2065,CROP_FLW,2.5684719768242705
R10REF_ECON,2065,PDR,5.251656710942938
R10REF_ECON,2065,WHT,2.183876231161905
R10REF_ECON,2065,GRO,2.5279010968710662
R10REF_ECON,2065,OSD,1.4365443472878474
R10REF_ECON,2065,C_B,27.712012316219045
R10REF_ECON,2065,OTH_A,1.9326298831177866
R10REF_ECON,2065,CEREAL,2.3509570724527924
R10REF_ECON,2066,CROP_FLW,2.568631870970922
R10REF_ECON,2066,PDR,5.246447174340556
R10REF_ECON,2066,WHT,2.186606154452409
R10REF_ECON,2066,GRO,2.5335812101265534
R10REF_ECON,2066,OSD,1.437363285148066
R10REF_ECON,2066,C_B,27.852006826153378
R10REF_ECON,2066,OTH_A,1.9323079519814303
R10REF_ECON,2066,CEREAL,2.3551167118261165
R10REF_ECON,2067,CROP_FLW,2.5687917750714044
R10REF_ECON,2067,PDR,5.241242805492485
R10REF_ECON,2067,WHT,2.189339490244531
R10REF_ECON,2067,GRO,2.5392740864156242
R10REF_ECON,2067,OSD,1.4381826898641943
R10REF_ECON,2067,C_B,27.992708555130058
R10REF_ECON,2067,OTH_A,1.9319860744713049
R10REF_ECON,2067,CEREAL,2.359283711010438
R10REF_ECON,2068,CROP_FLW,2.568951689126339
R10REF_ECON,2068,PDR,5.236043599272419
R10REF_ECON,2068,WHT,2.1920762428040206
R10REF_ECON,2068,GRO,2.544979754416408
R10REF_ECON,2068,OSD,1.4390025617023758
R10REF_ECON,2068,C_B,28.134121075851855
R10REF_ECON,2068,OTH_A,1.9316642505784778
R10REF_ECON,2068,CEREAL,2.363458083027756
R10REF_ECON,2069,CROP_FLW,2.5691116131363443
R10REF_ECON,2069,PDR,5.230849550559135
R10REF_ECON,2069,WHT,2.1948164164019577
R10REF_ECON,2069,GRO,2.550698242871475
R10REF_ECON,2069,OSD,1.439822900928905
R10REF_ECON,2069,C_B,28.276247979069996
R10REF_ECON,2069,OTH_A,1.9313424802940173
R10REF_ECON,2069,CEREAL,2.367639840923108
R10REF_ECON,2070,CROP_FLW,2.569271547102039
R10REF_ECON,2070,PDR,5.225660654236492
R10REF_ECON,2070,WHT,2.1975600153147634
R10REF_ECON,2070,GRO,2.556429580587977
R10REF_ECON,2070,OSD,1.4406437078102272
R10REF_ECON,2070,C_B,28.4190928736753
R10REF_ECON,2070,OTH_A,1.931020763608994
R10REF_ECON,2070,CEREAL,2.3718289977646148
R10REF_ECON,2071,CROP_FLW,2.5654585746636336
R10REF_ECON,2071,PDR,5.211880658219978
R10REF_ECON,2071,WHT,2.196505009166612
R10REF_ECON,2071,GRO,2.5597897623861416
R10REF_ECON,2071,OSD,1.4412273375885978
R10REF_ECON,2071,C_B,28.52837875553928
R10REF_ECON,2071,OTH_A,1.9329053195509869
R10REF_ECON,2071,CEREAL,2.373008056665683
R10REF_ECON,2072,CROP_FLW,2.561651260933757
R10REF_ECON,2072,PDR,5.198136999865393
R10REF_ECON,2072,WHT,2.19545050950655
R10REF_ECON,2072,GRO,2.5631543608214016
R10REF_ECON,2072,OSD,1.4418112038055242
R10REF_ECON,2072,C_B,28.63808489726264
R10REF_ECON,2072,OTH_A,1.9347917147021512
R10REF_ECON,2072,CEREAL,2.3741877016882182
R10REF_ECON,2073,CROP_FLW,2.557849597514504
R10REF_ECON,2073,PDR,5.184429583350819
R10REF_ECON,2073,WHT,2.1943965160914214
R10REF_ECON,2073,GRO,2.5665233816990023
R10REF_ECON,2073,OSD,1.4423953065567925
R10REF_ECON,2073,C_B,28.74821291495852
R10REF_ECON,2073,OTH_A,1.9366799508574402
R10REF_ECON,2073,CEREAL,2.3753679331235875
R10REF_ECON,2074,CROP_FLW,2.554053576020431
R10REF_ECON,2074,PDR,5.170758313107016
R10REF_ECON,2074,WHT,2.1933430286781883
R10REF_ECON,2074,GRO,2.569896830831822
R10REF_ECON,2074,OSD,1.4429796459382263
R10REF_ECON,2074,C_B,28.858764430954825
R10REF_ECON,2074,OTH_A,1.9385700298135595
R10REF_ECON,2074,CEREAL,2.3765487512633023
R10REF_ECON,2075,CROP_FLW,2.5502631880785414
R10REF_ECON,2075,PDR,5.157123093816761
R10REF_ECON,2075,WHT,2.192290047023929
R10REF_ECON,2075,GRO,2.5732747140403776
R10REF_ECON,2075,OSD,1.4435642220456888
R10REF_ECON,2075,C_B,28.969741073818156
R10REF_ECON,2075,OTH_A,1.9404619533689678
R10REF_ECON,2075,CEREAL,2.3777301563990187
R10REF_ECON,2076,CROP_FLW,2.5464784253282624
R10REF_ECON,2076,PDR,5.143523830414179
R10REF_ECON,2076,WHT,2.1912375708858383
R10REF_ECON,2076,GRO,2.5766570371528363
R10REF_ECON,2076,OSD,1.4441490349750818
R10REF_ECON,2076,C_B,29.081144478377773
R10REF_ECON,2076,OTH_A,1.9423557233238793
R10REF_ECON,2076,CEREAL,2.378912148822537
R10REF_ECON,2077,CROP_FLW,2.5426992794214307
R10REF_ECON,2077,PDR,5.129960428084085
R10REF_ECON,2077,WHT,2.190185600021228
R10REF_ECON,2077,GRO,2.5800438060050266
R10REF_ECON,2077,OSD,1.4447340848223462
R10REF_ECON,2077,C_B,29.192976285749687
R10REF_ECON,2077,OTH_A,1.9442513414802645
R10REF_ECON,2077,CEREAL,2.380094728825806
R10REF_ECON,2078,CROP_FLW,2.538925742022271
R10REF_ECON,2078,PDR,5.1164327922613175
R10REF_ECON,2078,WHT,2.189134134187525
R10REF_ECON,2078,GRO,2.5834350264404478
R10REF_ECON,2078,OSD,1.445319371683461
R10REF_ECON,2078,C_B,29.305238143360828
R10REF_ECON,2078,OTH_A,1.9461488096418529
R10REF_ECON,2078,CEREAL,2.381277896700915
R10REF_ECON,2079,CROP_FLW,2.5351578048073793
R10REF_ECON,2079,PDR,5.102940828630084
R10REF_ECON,2079,WHT,2.1880831731422745
R10REF_ECON,2079,GRO,2.5868307043102794
R10REF_ECON,2079,OSD,1.4459048956544451
R10REF_ECON,2079,C_B,29.417931704973338
R10REF_ECON,2079,OTH_A,1.9480481296141343
R10REF_ECON,2079,CEREAL,2.382461652740102
R10REF_ECON,2080,CROP_FLW,2.5313954594657053
R10REF_ECON,2080,PDR,5.0894844431232995
R10REF_ECON,2080,WHT,2.1870327166431363
R10REF_ECON,2080,GRO,2.5902308454733913
R10REF_ECON,2080,OSD,1.4464906568313565
R10REF_ECON,2080,C_B,29.531058630708923
R10REF_ECON,2080,OTH_A,1.9499493032043596
R10REF_ECON,2080,CEREAL,2.3836459972357487
R10REF_ECON,2081,CROP_FLW,2.520964785502484
R10REF_ECON,2081,PDR,5.0747338734457745
R10REF_ECON,2081,WHT,2.1837712503021685
R10REF_ECON,2081,GRO,2.5892078177846427
R10REF_ECON,2081,OSD,1.4467111351279338
R10REF_ECON,2081,C_B,29.61619537643135
R10REF_ECON,2081,OTH_A,1.9520750052819906
R10REF_ECON,2081,CEREAL,2.3817520920423494
R10REF_ECON,2082,CROP_FLW,2.5105770913743264
R10REF_ECON,2082,PDR,5.060026054523899
R10REF_ECON,2082,WHT,2.1805146477031156
R10REF_ECON,2082,GRO,2.588185194147005
R10REF_ECON,2082,OSD,1.4469316470304516
R10REF_ECON,2082,C_B,29.701577567654496
R10REF_ECON,2082,OTH_A,1.9542030246554176
R10REF_ECON,2082,CEREAL,2.3798596916348482
R10REF_ECON,2083,CROP_FLW,2.5002321999818196
R10REF_ECON,2083,PDR,5.045360862455536
R10REF_ECON,2083,WHT,2.177262901592803
R10REF_ECON,2083,GRO,2.587162974400897
R10REF_ECON,2083,OSD,1.4471521925440327
R10REF_ECON,2083,C_B,29.787205911986952
R10REF_ECON,2083,OTH_A,1.956333363850799
R10REF_ECON,2083,CEREAL,2.3779687948176296
R10REF_ECON,2084,CROP_FLW,2.489929934955295
R10REF_ECON,2084,PDR,5.030738173697646
R10REF_ECON,2084,WHT,2.174016004728872
R10REF_ECON,2084,GRO,2.586141158386798
R10REF_ECON,2084,OSD,1.4473727716737999
R10REF_ECON,2084,C_B,29.873081119077337
R10REF_ECON,2084,OTH_A,1.9584660253970467
R10REF_ECON,2084,CEREAL,2.37607940039603
R10REF_ECON,2085,CROP_FLW,2.479670120651818
R10REF_ECON,2085,PDR,5.016157865065251
R10REF_ECON,2085,WHT,2.170773949879765
R10REF_ECON,2085,GRO,2.585119745945252
R10REF_ECON,2085,OSD,1.4475933844248767
R10REF_ECON,2085,C_B,29.95920390062014
R10REF_ECON,2085,OTH_A,1.9606010118258297
R10REF_ECON,2085,CEREAL,2.374191507176333
R10REF_ECON,2086,CROP_FLW,2.4694525821521958
R10REF_ECON,2086,PDR,5.001619813730389
R10REF_ECON,2086,WHT,2.1675367298247084
R10REF_ECON,2086,GRO,2.5840987369168653
R10REF_ECON,2086,OSD,1.4478140308023886
R10REF_ECON,2086,C_B,30.04557497036165
R10REF_ECON,2086,OTH_A,1.9627383256715767
R10REF_ECON,2086,CEREAL,2.3723051139657723
R10REF_ECON,2087,CROP_FLW,2.4592771452579933
R10REF_ECON,2087,PDR,4.987123897221083
R10REF_ECON,2087,WHT,2.164304337353696
R10REF_ECON,2087,GRO,2.583078131142308
R10REF_ECON,2087,OSD,1.4480347108114606
R10REF_ECON,2087,C_B,30.132195044105828
R10REF_ECON,2087,OTH_A,1.9648779694714795
R10REF_ECON,2087,CEREAL,2.370420219572529
R10REF_ECON,2088,CROP_FLW,2.449143636488565
R10REF_ECON,2088,PDR,4.972669993420315
R10REF_ECON,2088,WHT,2.161076765267475
R10REF_ECON,2088,GRO,2.582057928462312
R10REF_ECON,2088,OSD,1.4482554244572188
R10REF_ECON,2088,C_B,30.219064839720303
R10REF_ECON,2088,OTH_A,1.9670199457654953
R10REF_ECON,2088,CEREAL,2.3685368228057304
R10REF_ECON,2089,CROP_FLW,2.4390518830780956
R10REF_ECON,2089,PDR,4.958257980564987
R10REF_ECON,2089,WHT,2.157854006377528
R10REF_ECON,2089,GRO,2.581038128717673
R10REF_ECON,2089,OSD,1.4484761717447903
R10REF_ECON,2089,C_B,30.30618507714225
R10REF_ECON,2089,OTH_A,1.9691642570963512
R10REF_ECON,2089,CEREAL,2.36665492247545
R10REF_ECON,2090,CROP_FLW,2.4290017129726573
R10REF_ECON,2090,PDR,4.9438877372449
R10REF_ECON,2090,WHT,2.1546360535060556
R10REF_ECON,2090,GRO,2.580018731749249
R10REF_ECON,2090,OSD,1.4486969526793043
R10REF_ECON,2090,C_B,30.393556478384443
R10REF_ECON,2090,OTH_A,1.9713109060095457
R10REF_ECON,2090,CEREAL,2.364774517392707
R10REF_ECON,2091,CROP_FLW,2.42118445646865
R10REF_ECON,2091,PDR,4.972792012307571
R10REF_ECON,2091,WHT,2.151937132851958
R10REF_ECON,2091,GRO,2.5788749775831574
R10REF_ECON,2091,OSD,1.4491283922453335
R10REF_ECON,2091,C_B,30.447983258520733
R10REF_ECON,2091,OTH_A,1.9710607815541674
R10REF_ECON,2091,CEREAL,2.363290675757337
R10REF_ECON,2092,CROP_FLW,2.413392358242187
R10REF_ECON,2092,PDR,5.001865275252109
R10REF_ECON,2092,WHT,2.1492415928953505
R10REF_ECON,2092,GRO,2.5777317304574128
R10REF_ECON,2092,OSD,1.4495599602993108
R10REF_ECON,2092,C_B,30.502507502551982
R10REF_ECON,2092,OTH_A,1.9708106888351546
R10REF_ECON,2092,CEREAL,2.361807765198474
R10REF_ECON,2093,CROP_FLW,2.40562533732638
R10REF_ECON,2093,PDR,5.031108514060536
R10REF_ECON,2093,WHT,2.1465494294015337
R10REF_ECON,2093,GRO,2.5765889901472376
R10REF_ECON,2093,OSD,1.449991656879502
R10REF_ECON,2093,C_B,30.557129385010114
R10REF_ECON,2093,OTH_A,1.9705606278484802
R10REF_ECON,2093,CEREAL,2.3603257851318897
R10REF_ECON,2094,CROP_FLW,2.3978833130149173
R10REF_ECON,2094,PDR,5.0605227224910845
R10REF_ECON,2094,WHT,2.143860638141114
R10REF_ECON,2094,GRO,2.575446756427954
R10REF_ECON,2094,OSD,1.450423482024183
R10REF_ECON,2094,C_B,30.611849080739596
R10REF_ECON,2094,OTH_A,1.9703105985901184
R10REF_ECON,2094,CEREAL,2.358844734973722
R10REF_ECON,2095,CROP_FLW,2.3901662048612238
R10REF_ECON,2095,PDR,5.090108900111956
R10REF_ECON,2095,WHT,2.1411752148899947
R10REF_ECON,2095,GRO,2.5743050290749845
R10REF_ECON,2095,OSD,1.4508554357716428
R10REF_ECON,2095,C_B,30.666666764897997
R10REF_ECON,2095,OTH_A,1.9700606010560429
R10REF_ECON,2095,CEREAL,2.3573646141404736
R10REF_ECON,2096,CROP_FLW,2.3824739326776267
R10REF_ECON,2096,PDR,5.119868052335299
R10REF_ECON,2096,WHT,2.1384931554293702
R10REF_ECON,2096,GRO,2.573163807863851
R10REF_ECON,2096,OSD,1.4512875181601799
R10REF_ECON,2096,C_B,30.721582612956546
R10REF_ECON,2096,OTH_A,1.9698106352422289
R10REF_ECON,2096,CEREAL,2.355885422049015
R10REF_ECON,2097,CROP_FLW,2.37480641653452
R10REF_ECON,2097,PDR,5.149801190451367
R10REF_ECON,2097,WHT,2.1358144555457206
R10REF_ECON,2097,GRO,2.5720230925701735
R10REF_ECON,2097,OSD,1.4517197292281059
R10REF_ECON,2097,C_B,30.776596800700695
R10REF_ECON,2097,OTH_A,1.9695607011446512
R10REF_ECON,2097,CEREAL,2.3544071581165817
R10REF_ECON,2098,CROP_FLW,2.367163576759536
R10REF_ECON,2098,PDR,5.179909331662888
R10REF_ECON,2098,WHT,2.1331391110308027
R10REF_ECON,2098,GRO,2.5708828829696735
R10REF_ECON,2098,OSD,1.4521520690137426
R10REF_ECON,2098,C_B,30.831709504230684
R10REF_ECON,2098,OTH_A,1.9693107987592862
R10REF_ECON,2098,CEREAL,2.3529298217607764
R10REF_ECON,2099,CROP_FLW,2.3595453339367154
R10REF_ECON,2099,PDR,5.210193499119635
R10REF_ECON,2099,WHT,2.1304671176816448
R10REF_ECON,2099,GRO,2.56974317883817
R10REF_ECON,2099,OSD,1.4525845375554243
R10REF_ECON,2099,C_B,30.886920899962078
R10REF_ECON,2099,OTH_A,1.9690609280821094
R10REF_ECON,2099,CEREAL,2.351453412399565
R10REF_ECON,2100,CROP_FLW,2.351951608905685
R10REF_ECON,2100,PDR,5.240654721953189
R10REF_ECON,2100,WHT,2.1277984713005402
R10REF_ECON,2100,GRO,2.5686039799515834
R10REF_ECON,2100,OSD,1.4530171348914953
R10REF_ECON,2100,C_B,30.942231164626392
R10REF_ECON,2100,OTH_A,1.9688110891090984
R10REF_ECON,2100,CEREAL,2.34997792945128
R10PAC_OECD,2005,CROP_FLW,4.509882352527809
R10PAC_OECD,2005,PDR,6.330297983922256
R10PAC_OECD,2005,WHT,1.837172420481589
R10PAC_OECD,2005,GRO,2.0637315986912017
R10PAC_OECD,2005,OSD,2.7707417007640838
R10PAC_OECD,2005,C_B,102.51583515874519
R10PAC_OECD,2005,OTH_A,19.64567287427967
R10PAC_OECD,2005,CEREAL,2.199372132396483
R10PAC_OECD,2006,CROP_FLW,4.5210357471148175
R10PAC_OECD,2006,PDR,6.341344397632273
R10PAC_OECD,2006,WHT,1.8370642897867517
R10PAC_OECD,2006,GRO,2.0733538814002035
R10PAC_OECD,2006,OSD,2.850081348433904
R10PAC_OECD,2006,C_B,104.14970697849719
R10PAC_OECD,2006,OTH_A,19.256490664518065
R10PAC_OECD,2006,CEREAL,2.202562777541083
R10PAC_OECD,2007,CROP_FLW,4.5322167251732095
R10PAC_OECD,2007,PDR,6.35241008741052
R10PAC_OECD,2007,WHT,1.8369561654561768
R10PAC_OECD,2007,GRO,2.0830210286277264
R10PAC_OECD,2007,OSD,2.9316928714252795
R10PAC_OECD,2007,C_B,105.80961903992743
R10PAC_OECD,2007,OTH_A,18.87501818266266
R10PAC_OECD,2007,CEREAL,2.205758051377794
R10PAC_OECD,2008,CROP_FLW,4.543425354919696
R10PAC_OECD,2008,PDR,6.3634950868938684
R10PAC_OECD,2008,WHT,1.8368480474894897
R10PAC_OECD,2008,GRO,2.092733249557504
R10PAC_OECD,2008,OSD,3.015641324444506
R10PAC_OECD,2008,C_B,107.49598636591496
R10PAC_OECD,2008,OTH_A,18.501102698442402
R10PAC_OECD,2008,CEREAL,2.2089579606214933
R10PAC_OECD,2009,CROP_FLW,4.554661704739694
R10PAC_OECD,2009,PDR,6.374599429777888
R10PAC_OECD,2009,WHT,1.836739935886316
R10PAC_OECD,2009,GRO,2.102490754348602
R10PAC_OECD,2009,OSD,3.1019936250266915
R10PAC_OECD,2009,C_B,109.20923059387002
R10PAC_OECD,2009,OTH_A,18.134594507184016
R10PAC_OECD,2009,CEREAL,2.2121625119968
R10PAC_OECD,2010,CROP_FLW,4.5659258431877445
R10PAC_OECD,2010,PDR,6.385723149816949
R10PAC_OECD,2010,WHT,1.83663183064628
R10PAC_OECD,2010,GRO,2.112293754139968
R10PAC_OECD,2010,OSD,3.1908186068774995
R10PAC_OECD,2010,C_B,110.94978008115471
R10PAC_OECD,2010,OTH_A,17.77534686987471
R10PAC_OECD,2010,CEREAL,2.215371712238088
R10PAC_OECD,2011,CROP_FLW,4.578514616503653
R10PAC_OECD,2011,PDR,6.47228668291226
R10PAC_OECD,2011,WHT,1.834299206580633
R10PAC_OECD,2011,GRO,2.1426182383499452
R10PAC_OECD,2011,OSD,3.4614807623778194
R10PAC_OECD,2011,C_B,112.81191835238668
R10PAC_OECD,2011,OTH_A,17.758273924082637
R10PAC_OECD,2011,CEREAL,2.228628993632484
R10PAC_OECD,2012,CROP_FLW,4.591138098489619
R10PAC_OECD,2012,PDR,6.560023653234044
R10PAC_OECD,2012,WHT,1.8319695450766382
R10PAC_OECD,2012,GRO,2.173378066527019
R10PAC_OECD,2012,OSD,3.7551019172591067
R10PAC_OECD,2012,C_B,114.70531003339242
R10PAC_OECD,2012,OTH_A,17.74121737659098
R10PAC_OECD,2012,CEREAL,2.2419656095733123
R10PAC_OECD,2013,CROP_FLW,4.603796384841368
R10PAC_OECD,2013,PDR,6.648949967652956
R10PAC_OECD,2013,WHT,1.8296428423716793
R10PAC_OECD,2013,GRO,2.204579488550606
R10PAC_OECD,2013,OSD,4.073629575602975
R10PAC_OECD,2013,C_B,116.63047966933468
R10PAC_OECD,2013,OTH_A,17.724177211649433
R10PAC_OECD,2013,CEREAL,2.2553820348163005
R10PAC_OECD,2014,CROP_FLW,4.616489571518465
R10PAC_OECD,2014,PDR,6.739081748669879
R10PAC_OECD,2014,WHT,1.8273190947079172
R10PAC_OECD,2014,GRO,2.236228844024562
R10PAC_OECD,2014,OSD,4.419176439115071
R10PAC_OECD,2014,C_B,118.5879606091396
R10PAC_OECD,2014,OTH_A,17.7071534135228
R10PAC_OECD,2014,CEREAL,2.2688787469582183
R10PAC_OECD,2015,CROP_FLW,4.629217754745051
R10PAC_OECD,2015,PDR,6.830435337338957
R10PAC_OECD,2015,WHT,1.824998298332286
R10PAC_OECD,2015,GRO,2.268332563565279
R10PAC_OECD,2015,OSD,4.794034420063605
R10PAC_OECD,2015,C_B,120.5782951532559
R10PAC_OECD,2015,OTH_A,17.690145966491016
R10PAC_OECD,2015,CEREAL,2.2824562264538835
R10PAC_OECD,2016,CROP_FLW,4.641981031010567
R10PAC_OECD,2016,PDR,6.9230272962302655
R10PAC_OECD,2016,WHT,1.822680449496487
R10PAC_OECD,2016,GRO,2.3008971701082825
R10PAC_OECD,2016,OSD,5.200689842869642
R10PAC_OECD,2016,C_B,122.60203470389355
R10PAC_OECD,2016,OTH_A,17.673154854849102
R10PAC_OECD,2016,CEREAL,2.2961149566332635
R10PAC_OECD,2017,CROP_FLW,4.654779497070485
R10PAC_OECD,2017,PDR,7.016874412432625
R10PAC_OECD,2017,WHT,1.8203655444569808
R10PAC_OECD,2017,GRO,2.3339292802335803
R10PAC_OECD,2017,OSD,5.641839935176899
R10PAC_OECD,2017,C_B,124.65973991778435
R10PAC_OECD,2017,OTH_A,17.656180062907175
R10PAC_OECD,2017,CEREAL,2.3098554237186795
R10PAC_OECD,2018,CROP_FLW,4.667613249947041
R10PAC_OECD,2018,PDR,7.11199370059714
R10PAC_OECD,2018,WHT,1.8180535794749837
R10PAC_OECD,2018,GRO,2.367435605510039
R10PAC_OECD,2018,OSD,6.120410717781524
R10PAC_OECD,2018,C_B,126.75198086150623
R10PAC_OECD,2018,OTH_A,17.639221574990408
R10PAC_OECD,2018,CEREAL,2.3236781168421166
R10PAC_OECD,2019,CROP_FLW,4.680482386929978
R10PAC_OECD,2019,PDR,7.20840240602198
R10PAC_OECD,2019,WHT,1.8157445508164598
R10PAC_OECD,2019,GRO,2.401422953859065
R10PAC_OECD,2019,OSD,6.639576412080611
R10PAC_OECD,2019,C_B,128.87933716941444
R10PAC_OECD,2019,OTH_A,17.622279375439042
R10PAC_OECD,2019,CEREAL,2.337583528062636
R10PAC_OECD,2020,CROP_FLW,4.693387005577276
R10PAC_OECD,2020,PDR,7.3061180077789825
R10PAC_OECD,2020,WHT,1.813438454752115
R10PAC_OECD,2020,GRO,2.435898230937854
R10PAC_OECD,2020,OSD,7.20278049376341
R10PAC_OECD,2020,C_B,131.04239820422356
R10PAC_OECD,2020,OTH_A,17.60535344860835
R10PAC_OECD,2020,CEREAL,2.351572152383887
R10PAC_OECD,2021,CROP_FLW,4.695323873002431
R10PAC_OECD,2021,PDR,7.323250424575673
R10PAC_OECD,2021,WHT,1.8165144551804735
R10PAC_OECD,2021,GRO,2.4418517554521557
R10PAC_OECD,2021,OSD,7.225716361628645
R10PAC_OECD,2021,C_B,131.2623643821407
R10PAC_OECD,2021,OTH_A,17.57041625039235
R10PAC_OECD,2021,CEREAL,2.356422716128412
R10PAC_OECD,2022,CROP_FLW,4.697261539734231
R10PAC_OECD,2022,PDR,7.34042301588159
R10PAC_OECD,2022,WHT,1.8195956731989908
R10PAC_OECD,2022,GRO,2.4478198308428825
R10PAC_OECD,2022,OSD,7.24872526434968
R10PAC_OECD,2022,C_B,131.48269979261224
R10PAC_OECD,2022,OTH_A,17.535548383804525
R10PAC_OECD,2022,CEREAL,2.361283285080992
R10PAC_OECD,2023,CROP_FLW,4.699200006102535
R10PAC_OECD,2023,PDR,7.357635875903588
R10PAC_OECD,2023,WHT,1.8226821176578767
R10PAC_OECD,2023,GRO,2.4538024926735065
R10PAC_OECD,2023,OSD,7.271807434491956
R10PAC_OECD,2023,C_B,131.70340505542754
R10PAC_OECD,2023,OTH_A,17.50074971125872
R10PAC_OECD,2023,CEREAL,2.366153879879266
R10PAC_OECD,2024,CROP_FLW,4.701139272437336
R10PAC_OECD,2024,PDR,7.374889099069441
R10PAC_OECD,2024,WHT,1.8257737974223514
R10PAC_OECD,2024,GRO,2.45979977659442
R10PAC_OECD,2024,OSD,7.294963105361469
R10PAC_OECD,2024,C_B,131.92448079141616
R10PAC_OECD,2024,OTH_A,17.466020095441824
R10PAC_OECD,2024,CEREAL,2.371034521203443
R10PAC_OECD,2025,CROP_FLW,4.703079339068764
R10PAC_OECD,2025,PDR,7.392182780028344
R10PAC_OECD,2025,WHT,1.8288707213726731
R10PAC_OECD,2025,GRO,2.4658117183431485
R10PAC_OECD,2025,OSD,7.318192511007136
R10PAC_OECD,2025,C_B,132.14592762244993
R10PAC_OECD,2025,OTH_A,17.431359399313205
R10PAC_OECD,2025,CEREAL,2.3759252297763904
R10PAC_OECD,2026,CROP_FLW,4.705020206327087
R10PAC_OECD,2026,PDR,7.409517013651444
R10PAC_OECD,2026,WHT,1.8319728984041648
R10PAC_OECD,2026,GRO,2.4718383537445607
R10PAC_OECD,2026,OSD,7.341495886223157
R10PAC_OECD,2026,C_B,132.36774617144445
R10PAC_OECD,2026,OTH_A,17.396767486104196
R10PAC_OECD,2026,CEREAL,2.380826026363717
R10PAC_OECD,2027,CROP_FLW,4.706961874542707
R10PAC_OECD,2027,PDR,7.426891895032348
R10PAC_OECD,2027,WHT,1.8350803374272346
R10PAC_OECD,2027,GRO,2.477879718711086
R10PAC_OECD,2027,OSD,7.36487346655139
R10PAC_OECD,2027,C_B,132.58993706236103
R10PAC_OECD,2027,OTH_A,17.36224421931754
R10PAC_OECD,2027,CEREAL,2.3857369317738675
R10PAC_OECD,2028,CROP_FLW,4.708904344046163
R10PAC_OECD,2028,PDR,7.4443075194876585
R10PAC_OECD,2028,WHT,1.8381930473674075
R10PAC_OECD,2028,GRO,2.4839358492429255
R10PAC_OECD,2028,OSD,7.3883254882837255
R10PAC_OECD,2028,C_B,132.8125009202082
R10PAC_OECD,2028,OTH_A,17.327789462726848
R10PAC_OECD,2028,CEREAL,2.3906579668582073
R10PAC_OECD,2029,CROP_FLW,4.71084761516813
R10PAC_OECD,2029,PDR,7.461763982557486
R10PAC_OECD,2029,WHT,1.8413110371653465
R10PAC_OECD,2029,GRO,2.4900067814282685
R10PAC_OECD,2029,OSD,7.411852188464489
R10PAC_OECD,2029,C_B,133.03543837104382
R10PAC_OECD,2029,OTH_A,17.29340308037607
R10PAC_OECD,2029,CEREAL,2.3955891525111106
R10PAC_OECD,2030,CROP_FLW,4.712791688239418
R10PAC_OECD,2030,PDR,7.479261380005988
R10PAC_OECD,2030,WHT,1.8444343157768823
R10PAC_OECD,2030,GRO,2.496092551443503
R10PAC_OECD,2030,OSD,7.4354538048928225
R10PAC_OECD,2030,C_B,133.2587500419766
R10PAC_OECD,2030,OTH_A,17.259084936578954
R10PAC_OECD,2030,CEREAL,2.4005305096700496
R10PAC_OECD,2031,CROP_FLW,4.686859412745042
R10PAC_OECD,2031,PDR,7.495334225849385
R10PAC_OECD,2031,WHT,1.8509482407224562
R10PAC_OECD,2031,GRO,2.5228636966686993
R10PAC_OECD,2031,OSD,7.470960039671012
R10PAC_OECD,2031,C_B,133.37261546176822
R10PAC_OECD,2031,OTH_A,17.21162815228095
R10PAC_OECD,2031,CEREAL,2.416080090115261
R10PAC_OECD,2032,CROP_FLW,4.661069830362691
R10PAC_OECD,2032,PDR,7.511441612051834
R10PAC_OECD,2032,WHT,1.8574851706716964
R10PAC_OECD,2032,GRO,2.5499219683533108
R10PAC_OECD,2032,OSD,7.506635825997931
R10PAC_OECD,2032,C_B,133.48657817598755
R10PAC_OECD,2032,OTH_A,17.164301858468637
R10PAC_OECD,2032,CEREAL,2.4317303939010206
R10PAC_OECD,2033,CROP_FLW,4.6354221559193
R10PAC_OECD,2033,PDR,7.527583612840165
R10PAC_OECD,2033,WHT,1.8640451868705794
R10PAC_OECD,2033,GRO,2.5772704459921814
R10PAC_OECD,2033,OSD,7.542481973526527
R10PAC_OECD,2033,C_B,133.60063826776963
R10PAC_OECD,2033,OTH_A,17.117105696336264
R10PAC_OECD,2033,CEREAL,2.4474820734688114
R10PAC_OECD,2034,CROP_FLW,4.609915608562241
R10PAC_OECD,2034,PDR,7.543760302600722
R10PAC_OECD,2034,WHT,1.8706283708520153
R10PAC_OECD,2034,GRO,2.60491224210842
R10PAC_OECD,2034,OSD,7.578499295776054
R10PAC_OECD,2034,C_B,133.71479582032052
R10PAC_OECD,2034,OTH_A,17.070039308064686
R10PAC_OECD,2034,CEREAL,2.463335785486347
R10PAC_OECD,2035,CROP_FLW,4.584549411735553
R10PAC_OECD,2035,PDR,7.559971755879701
R10PAC_OECD,2035,WHT,1.8772348044368612
R10PAC_OECD,2035,GRO,2.632850502607634
R10PAC_OECD,2035,OSD,7.614688610150531
R10PAC_OECD,2035,C_B,133.82905091691742
R10PAC_OECD,2035,OTH_A,17.02310233681864
R10PAC_OECD,2035,CEREAL,2.4792921908749426
R10PAC_OECD,2036,CROP_FLW,4.559322793156298
R10PAC_OECD,2036,PDR,7.576218047383501
R10PAC_OECD,2036,WHT,1.8838645697349388
R10PAC_OECD,2036,GRO,2.661088407135965
R10PAC_OECD,2036,OSD,7.651050737957297
R10PAC_OECD,2036,C_B,133.94340364090863
R10PAC_OECD,2036,OTH_A,16.976294426744044
R10PAC_OECD,2036,CEREAL,2.4953519548370733
R10PAC_OECD,2037,CROP_FLW,4.534234984791043
R10PAC_OECD,2037,PDR,7.5924992519790635
R10PAC_OECD,2037,WHT,1.890517749146053
R10PAC_OECD,2037,GRO,2.6896291694419636
R10PAC_OECD,2037,OSD,7.687586504425644
R10PAC_OECD,2037,C_B,134.05785407571375
R10PAC_OECD,2037,OTH_A,16.92961522296529
R10PAC_OECD,2037,CEREAL,2.511515746884102
R10PAC_OECD,2038,CROP_FLW,4.509285222832487
R10PAC_OECD,2038,PDR,7.608815444694216
R10PAC_OECD,2038,WHT,1.8971944253610178
R10PAC_OECD,2038,GRO,2.7184760377423456
R10PAC_OECD,2038,OSD,7.724296738725555
R10PAC_OECD,2038,C_B,134.17240230482352
R10PAC_OECD,2038,OTH_A,16.883064371582567
R10PAC_OECD,2038,CEREAL,2.5277842408641917
R10PAC_OECD,2039,CROP_FLW,4.484472747676198
R10PAC_OECD,2039,PDR,7.62516670071802
R10PAC_OECD,2039,WHT,1.903894681362684
R10PAC_OECD,2039,GRO,2.7476322950916696
R10PAC_OECD,2039,OSD,7.761182273986512
R10PAC_OECD,2039,C_B,134.28704841180016
R10PAC_OECD,2039,OTH_A,16.836641519669172
R10PAC_OECD,2039,CEREAL,2.544158114990398
R10PAC_OECD,2040,CROP_FLW,4.459796803897487
R10PAC_OECD,2040,PDR,7.641553095401124
R10PAC_OECD,2040,WHT,1.9106186004269696
R10PAC_OECD,2040,GRO,2.7771012597559794
R10PAC_OECD,2040,OSD,7.798243947316415
R10PAC_OECD,2040,C_B,134.40179248027727
R10PAC_OECD,2040,OTH_A,16.790346315268827
R10PAC_OECD,2040,CEREAL,2.560638051868943
R10PAC_OECD,2041,CROP_FLW,4.485258333920424
R10PAC_OECD,2041,PDR,7.645931792499968
R10PAC_OECD,2041,WHT,1.9114688219552403
R10PAC_OECD,2041,GRO,2.795220515439294
R10PAC_OECD,2041,OSD,7.806386693261451
R10PAC_OECD,2041,C_B,134.4518286629557
R10PAC_OECD,2041,OTH_A,16.743619905078173
R10PAC_OECD,2041,CEREAL,2.568472424456554
R10PAC_OECD,2042,CROP_FLW,4.510865226958676
R10PAC_OECD,2042,PDR,7.650312998642202
R10PAC_OECD,2042,WHT,1.912319421830423
R10PAC_OECD,2042,GRO,2.8134579905880903
R10PAC_OECD,2042,OSD,7.81453794167345
R10PAC_OECD,2042,C_B,134.50188347350752
R10PAC_OECD,2042,OTH_A,16.697023531360163
R10PAC_OECD,2042,CEREAL,2.5763307666144826
R10PAC_OECD,2043,CROP_FLW,4.536618312907627
R10PAC_OECD,2043,PDR,7.654696715265536
R10PAC_OECD,2043,WHT,1.9131704002208807
R10PAC_OECD,2043,GRO,2.8318144565277623
R10PAC_OECD,2043,OSD,7.8226977014304895
R10PAC_OECD,2043,C_B,134.55195691886775
R10PAC_OECD,2043,OTH_A,16.650556832231995
R10PAC_OECD,2043,CEREAL,2.5842131516785694
R10PAC_OECD,2044,CROP_FLW,4.562518426400635
R10PAC_OECD,2044,PDR,7.659082943808506
R10PAC_OECD,2044,WHT,1.9140217572950526
R10PAC_OECD,2044,GRO,2.850290689616231
R10PAC_OECD,2044,OSD,7.83086598141992
R10PAC_OECD,2044,C_B,134.6020490059738
R10PAC_OECD,2044,OTH_A,16.604219446817964
R10PAC_OECD,2044,CEREAL,2.592119653209029
R10PAC_OECD,2045,CROP_FLW,4.588566406836084
R10PAC_OECD,2045,PDR,7.663471685710468
R10PAC_OECD,2045,WHT,1.9148734932214522
R10PAC_OECD,2045,GRO,2.868887471276784
R10PAC_OECD,2045,OSD,7.839042790538371
R10PAC_OECD,2045,C_B,134.65215974176581
R10PAC_OECD,2045,OTH_A,16.55801101524666
R10PAC_OECD,2045,CEREAL,2.6000503449911365
R10PAC_OECD,2046,CROP_FLW,4.614763098404587
R10PAC_OECD,2046,PDR,7.667862942411607
R10PAC_OECD,2046,WHT,1.9157256081686673
R10PAC_OECD,2046,GRO,2.887605588031118
R10PAC_OECD,2046,OSD,7.847228137691763
R10PAC_OECD,2046,C_B,134.7022891331865
R10PAC_OECD,2046,OTH_A,16.511931178648158
R10PAC_OECD,2046,CEREAL,2.6080053010359157
R10PAC_OECD,2047,CROP_FLW,4.641109350116343
R10PAC_OECD,2047,PDR,7.672256715352932
R10PAC_OECD,2047,WHT,1.916578102305362
R10PAC_OECD,2047,GRO,2.9064458315326105
R10PAC_OECD,2047,OSD,7.855422031795313
R10PAC_OECD,2047,C_B,134.75243718718107
R10PAC_OECD,2047,OTH_A,16.465979579151266
R10PAC_OECD,2047,CEREAL,2.6159845955808314
R10PAC_OECD,2048,CROP_FLW,4.667606015828657
R10PAC_OECD,2048,PDR,7.676653005976277
R10PAC_OECD,2048,WHT,1.9174309758002752
R10PAC_OECD,2048,GRO,2.9254089985997953
R10PAC_OECD,2048,OSD,7.8636244817735514
R10PAC_OECD,2048,C_B,134.80260391069743
R10PAC_OECD,2048,OTH_A,16.42015585988071
R10PAC_OECD,2048,CEREAL,2.6239883030904783
R10PAC_OECD,2049,CROP_FLW,4.69425395427361
R10PAC_OECD,2049,PDR,7.681051815724302
R10PAC_OECD,2049,WHT,1.9182842288222202
R10PAC_OECD,2049,GRO,2.9444958912500683
R10PAC_OECD,2049,OSD,7.87183549656032
R10PAC_OECD,2049,C_B,134.852789310686
R10PAC_OECD,2049,OTH_A,16.37445966495437
R10PAC_OECD,2049,CEREAL,2.632016498257281
R10PAC_OECD,2050,CROP_FLW,4.721054029085889
R10PAC_OECD,2050,PDR,7.685453146040496
R10PAC_OECD,2050,WHT,1.9191378615400863
R10PAC_OECD,2050,GRO,2.9637073167336
R10PAC_OECD,2050,OSD,7.880055085098802
R10PAC_OECD,2050,C_B,134.90299339409987
R10PAC_OECD,2050,OTH_A,16.32889063948054
R10PAC_OECD,2050,CEREAL,2.640069256002186
R10PAC_OECD,2051,CROP_FLW,4.743451981888526
R10PAC_OECD,2051,PDR,7.694782339222561
R10PAC_OECD,2051,WHT,1.9172296760848573
R10PAC_OECD,2051,GRO,2.9450485079993887
R10PAC_OECD,2051,OSD,7.91651580238802
R10PAC_OECD,2051,C_B,134.93097062961144
R10PAC_OECD,2051,OTH_A,16.34061780736378
R10PAC_OECD,2051,CEREAL,2.6352467685475878
R10PAC_OECD,2052,CROP_FLW,4.765956196616289
R10PAC_OECD,2052,PDR,7.704122856895685
R10PAC_OECD,2052,WHT,1.9153233879251819
R10PAC_OECD,2052,GRO,2.926507170764949
R10PAC_OECD,2052,OSD,7.9531452220392005
R10PAC_OECD,2052,C_B,134.95895366726046
R10PAC_OECD,2052,OTH_A,16.352353397525647
R10PAC_OECD,2052,CEREAL,2.6304330900987365
R10PAC_OECD,2053,CROP_FLW,4.78856717740439
R10PAC_OECD,2053,PDR,7.713474712806403
R10PAC_OECD,2053,WHT,1.9134189951745924
R10PAC_OECD,2053,GRO,2.908082565457167
R10PAC_OECD,2053,OSD,7.9899441246318
R10PAC_OECD,2053,C_B,134.9869425082502
R10PAC_OECD,2053,OTH_A,16.364097416014886
R10PAC_OECD,2053,CEREAL,2.6256282045646464
R10PAC_OECD,2054,CROP_FLW,4.811285430779797
R10PAC_OECD,2054,PDR,7.7228379207179385
R10PAC_OECD,2054,WHT,1.9115164959484965
R10PAC_OECD,2054,GRO,2.8897739571591106
R10PAC_OECD,2054,OSD,8.026913294356989
R10PAC_OECD,2054,C_B,135.0149371537842
R10PAC_OECD,2054,OTH_A,16.375849868884607
R10PAC_OECD,2054,CEREAL,2.6208320958837223
R10PAC_OECD,2055,CROP_FLW,4.83411146567258
R10PAC_OECD,2055,PDR,7.732212494410223
R10PAC_OECD,2055,WHT,1.909615888364176
R10PAC_OECD,2055,GRO,2.871580615580711
R10PAC_OECD,2055,OSD,8.064053519034358
R10PAC_OECD,2055,C_B,135.04293760506621
R10PAC_OECD,2055,OTH_A,16.387610762192256
R10PAC_OECD,2055,CEREAL,2.6160447480237092
R10PAC_OECD,2056,CROP_FLW,4.857045793427305
R10PAC_OECD,2056,PDR,7.741598447679914
R10PAC_OECD,2056,WHT,1.907717170540785
R10PAC_OECD,2056,GRO,2.853501815029636
R10PAC_OECD,2056,OSD,8.101365590128713
R10PAC_OECD,2056,C_B,135.07094386330036
R10PAC_OECD,2056,OTH_A,16.399380101999622
R10PAC_OECD,2056,CEREAL,2.6112661449816374
R10PAC_OECD,2057,CROP_FLW,4.8800889278145
R10PAC_OECD,2057,PDR,7.750995794340414
R10PAC_OECD,2057,WHT,1.9058203405993468
R10PAC_OECD,2057,GRO,2.835536834382342
R10PAC_OECD,2057,OSD,8.138850302766933
R10PAC_OECD,2057,C_B,135.09895592969087
R10PAC_OECD,2057,OTH_A,16.411157894372867
R10PAC_OECD,2057,CEREAL,2.6064962707837687
R10PAC_OECD,2058,CROP_FLW,4.903241385042154
R10PAC_OECD,2058,PDR,7.7604045482219
R10PAC_OECD,2058,WHT,1.9039253966627538
R10PAC_OECD,2058,GRO,2.8176849570553113
R10PAC_OECD,2058,OSD,8.176508455754925
R10PAC_OECD,2058,C_B,135.12697380544233
R10PAC_OECD,2058,OTH_A,16.4229441453825
R10PAC_OECD,2058,CEREAL,2.6017351094855434
R10PAC_OECD,2059,CROP_FLW,4.926503683767293
R10PAC_OECD,2059,PDR,7.769824723171329
R10PAC_OECD,2059,WHT,1.9020323368557646
R10PAC_OECD,2059,GRO,2.7999454709764686
R10PAC_OECD,2059,OSD,8.214340851594637
R10PAC_OECD,2059,C_B,135.1549974917595
R10PAC_OECD,2059,OTH_A,16.434738861103373
R10PAC_OECD,2059,CEREAL,2.596982645171527
R10PAC_OECD,2060,CROP_FLW,4.949876345107581
R10PAC_OECD,2060,PDR,7.77925633305247
R10PAC_OECD,2060,WHT,1.9001411593050013
R10PAC_OECD,2060,GRO,2.7823176685567783
R10PAC_OECD,2060,OSD,8.252348296501165
R10PAC_OECD,2060,C_B,135.18302698984732
R10PAC_OECD,2060,OTH_A,16.446542047614752
R10PAC_OECD,2060,CEREAL,2.592238861955356
R10PAC_OECD,2061,CROP_FLW,4.893562238318856
R10PAC_OECD,2061,PDR,7.783316838796202
R10PAC_OECD,2061,WHT,1.9081317916254585
R10PAC_OECD,2061,GRO,2.8315533749530593
R10PAC_OECD,2061,OSD,8.390454349599999
R10PAC_OECD,2061,C_B,135.78031315168346
R10PAC_OECD,2061,OTH_A,16.57615501876236
R10PAC_OECD,2061,CEREAL,2.616688011343222
R10PAC_OECD,2062,CROP_FLW,4.837888809882945
R10PAC_OECD,2062,PDR,7.787379463985058
R10PAC_OECD,2062,WHT,1.9161560268204016
R10PAC_OECD,2062,GRO,2.8816603530994125
R10PAC_OECD,2062,OSD,8.530871657776446
R10PAC_OECD,2062,C_B,136.380238333869
R10PAC_OECD,2062,OTH_A,16.706789452187028
R10PAC_OECD,2062,CEREAL,2.6413677571142227
R10PAC_OECD,2063,CROP_FLW,4.782848770884597
R10PAC_OECD,2063,PDR,7.791444209725314
R10PAC_OECD,2063,WHT,1.9242140061994444
R10PAC_OECD,2063,GRO,2.9326540209621483
R10PAC_OECD,2063,OSD,8.67363890072567
R10PAC_OECD,2063,C_B,136.98281419652406
R10PAC_OECD,2063,OTH_A,16.83845339789466
R10PAC_OECD,2063,CEREAL,2.6662802741780496
R10PAC_OECD,2064,CROP_FLW,4.7284349153336125
R10PAC_OECD,2064,PDR,7.795511077123825
R10PAC_OECD,2064,WHT,1.9323058716664487
R10PAC_OECD,2064,GRO,2.9845500693428715
R10PAC_OECD,2064,OSD,8.818795405461616
R10PAC_OECD,2064,C_B,137.58805245128735
R10PAC_OECD,2064,OTH_A,16.971154969332176
R10PAC_OECD,2064,CEREAL,2.6914277579574284
R10PAC_OECD,2065,CROP_FLW,4.6746401192214195
R10PAC_OECD,2065,PDR,7.799580067288027
R10PAC_OECD,2065,WHT,1.9404317657220223
R10PAC_OECD,2065,GRO,3.037364466706559
R10PAC_OECD,2065,OSD,8.966381157150115
R10PAC_OECD,2065,C_B,138.19596486154364
R10PAC_OECD,2065,OTH_A,17.104902343887467
R10PAC_OECD,2065,CEREAL,2.7168124245815966
R10PAC_OECD,2066,CROP_FLW,4.621457339588372
R10PAC_OECD,2066,PDR,7.803651181325929
R10PAC_OECD,2066,WHT,1.9485918314660284
R10PAC_OECD,2066,GRO,3.0911134640950677
R10PAC_OECD,2066,OSD,9.116436810123314
R10PAC_OECD,2066,C_B,138.80656324265243
R10PAC_OECD,2066,OTH_A,17.239703763393305
R10PAC_OECD,2066,CEREAL,2.7424365110815963
R10PAC_OECD,2067,CROP_FLW,4.568879613601672
R10PAC_OECD,2067,PDR,7.80772442034612
R10PAC_OECD,2067,WHT,1.956786212600105
R10PAC_OECD,2067,GRO,3.1458136001276005
R10PAC_OECD,2067,OSD,9.269003699078409
R10PAC_OECD,2067,C_B,139.41985946217778
R10PAC_OECD,2067,OTH_A,17.375567534635238
R10PAC_OECD,2067,CEREAL,2.768302275587416
R10PAC_OECD,2068,CROP_FLW,4.516900057643775
R10PAC_OECD,2068,PDR,7.811799785457769
R10PAC_OECD,2068,WHT,1.9650150534301976
R10PAC_OECD,2068,GRO,3.201481706089653
R10PAC_OECD,2068,OSD,9.424123850463795
R10PAC_OECD,2068,C_B,140.03586544011873
R10PAC_OECD,2068,OTH_A,17.512502029863466
R10PAC_OECD,2068,CEREAL,2.794411997526987
R10PAC_OECD,2069,CROP_FLW,4.465511866411167
R10PAC_OECD,2069,PDR,7.815877277770622
R10PAC_OECD,2069,WHT,1.9732784988690972
R10PAC_OECD,2069,GRO,3.258134911112017
R10PAC_OECD,2069,OSD,9.581839994055793
R10PAC_OECD,2069,C_B,140.65459314914105
R10PAC_OECD,2069,OTH_A,17.65051568730876
R10PAC_OECD,2069,CEREAL,2.8207679778270607
R10PAC_OECD,2070,CROP_FLW,4.414708312023397
R10PAC_OECD,2070,PDR,7.819956898395008
R10PAC_OECD,2070,WHT,1.981576694438995
R10PAC_OECD,2070,GRO,3.315790647441433
R10PAC_OECD,2070,OSD,9.74219557472908
R10PAC_OECD,2070,C_B,141.2760546148101
R10PAC_OECD,2070,OTH_A,17.789617011702433
R10PAC_OECD,2070,CEREAL,2.8473725391159768
R10PAC_OECD,2071,CROP_FLW,4.393232619478649
R10PAC_OECD,2071,PDR,7.840328523680028
R10PAC_OECD,2071,WHT,1.9912159470109134
R10PAC_OECD,2071,GRO,3.379084689112672
R10PAC_OECD,2071,OSD,9.829603114287789
R10PAC_OECD,2071,C_B,143.00937519327715
R10PAC_OECD,2071,OTH_A,17.728583986669285
R10PAC_OECD,2071,CEREAL,2.880359176992259
R10PAC_OECD,2072,CROP_FLW,4.371861397113509
R10PAC_OECD,2072,PDR,7.860753218709824
R10PAC_OECD,2072,WHT,2.000902089107929
R10PAC_OECD,2072,GRO,3.443586930015117
R10PAC_OECD,2072,OSD,9.917794879323507
R10PAC_OECD,2072,C_B,144.76396193914908
R10PAC_OECD,2072,OTH_A,17.66776035513473
R10PAC_OECD,2072,CEREAL,2.913727963064266
R10PAC_OECD,2073,CROP_FLW,4.3505941367246495
R10PAC_OECD,2073,PDR,7.881231121735407
R10PAC_OECD,2073,WHT,2.0106353488211246
R10PAC_OECD,2073,GRO,3.509320433068181
R10PAC_OECD,2073,OSD,10.006777905952363
R10PAC_OECD,2073,C_B,146.54007576773589
R10PAC_OECD,2073,OTH_A,17.607145398706763
R10PAC_OECD,2073,CEREAL,2.9474833244956296
R10PAC_OECD,2074,CROP_FLW,4.3294303325809365
R10PAC_OECD,2074,PDR,7.901762371367946
R10PAC_OECD,2074,WHT,2.0204159553511185
R10PAC_OECD,2074,GRO,3.5763087014317883
R10PAC_OECD,2074,OSD,10.096559293418924
R10PAC_OECD,2074,C_B,148.33798079552616
R10PAC_OECD,2074,OTH_A,17.54673840145805
R10PAC_OECD,2074,CEREAL,2.9816297397384
R10PAC_OECD,2075,CROP_FLW,4.308369481411406
R10PAC_OECD,2075,PDR,7.922347106579698
R10PAC_OECD,2075,WHT,2.030244139013461
R10PAC_OECD,2075,GRO,3.6445756869099895
R10PAC_OECD,2075,OSD,10.187146204662588
R10PAC_OECD,2075,C_B,150.15794437946235
R10PAC_OECD,2075,OTH_A,17.486538649917488
R10PAC_OECD,2075,CEREAL,3.0161717391272265
R10PAC_OECD,2076,CROP_FLW,4.287411082393292
R10PAC_OECD,2076,PDR,7.942985466704961
R10PAC_OECD,2076,WHT,2.040120131244056
R10PAC_OECD,2076,GRO,3.714145798514974
R10PAC_OECD,2076,OSD,10.278545866889052
R10PAC_OECD,2076,C_B,152.00023715669815
R10PAC_OECD,2076,OTH_A,17.426545433061754
R10PAC_OECD,2076,CEREAL,3.051113905480406
R10PAC_OECD,2077,CROP_FLW,4.266554637140123
R10PAC_OECD,2077,PDR,7.963677591441004
R10PAC_OECD,2077,WHT,2.050044164604614
R10PAC_OECD,2077,GRO,3.785043911194573
R10PAC_OECD,2077,OSD,10.370765572146931
R10PAC_OECD,2077,C_B,153.86513308484336
R10PAC_OECD,2077,OTH_A,17.36675804230693
R10PAC_OECD,2077,CEREAL,3.0864608747079094
R10PAC_OECD,2078,CROP_FLW,4.245799649689866
R10PAC_OECD,2078,PDR,7.984423620849024
R10PAC_OECD,2078,WHT,2.0600164727881265
R10PAC_OECD,2078,GRO,3.857295374726349
R10PAC_OECD,2078,OSD,10.463812677909509
R10PAC_OECD,2078,C_B,155.75290948270273
R10PAC_OECD,2078,OTH_A,17.307175771500116
R10PAC_OECD,2078,CEREAL,3.1222173364264427
R10PAC_OECD,2079,CROP_FLW,4.225145626493133
R10PAC_OECD,2079,PDR,8.005223695355086
R10PAC_OECD,2079,WHT,2.070037290624369
R10PAC_OECD,2079,GRO,3.9309260227814646
R10PAC_OECD,2079,OSD,10.557694607661752
R10PAC_OECD,2079,C_B,157.66384707151465
R10PAC_OECD,2079,OTH_A,17.247797916911104
R10PAC_OECD,2079,CEREAL,3.1583880345816353
R10PAC_OECD,2080,CROP_FLW,4.2045920764014495
R10PAC_OECD,2080,PDR,8.026077955751079
R10PAC_OECD,2080,WHT,2.0801068540854333
R10PAC_OECD,2080,GRO,4.0059621821615705
R10PAC_OECD,2080,OSD,10.652418851492556
R10PAC_OECD,2080,C_B,159.59823001669557
R10PAC_OECD,2080,OTH_A,17.188623777224056
R10PAC_OECD,2080,CEREAL,3.194977768077442
R10PAC_OECD,2081,CROP_FLW,4.221854496045481
R10PAC_OECD,2081,PDR,8.03637447433492
R10PAC_OECD,2081,WHT,2.0892755099540667
R10PAC_OECD,2081,GRO,4.044342210177891
R10PAC_OECD,2081,OSD,10.692633340071188
R10PAC_OECD,2081,C_B,161.91308033074358
R10PAC_OECD,2081,OTH_A,17.093058630216063
R10PAC_OECD,2081,CEREAL,3.218243600344719
R10PAC_OECD,2082,CROP_FLW,4.239187788470164
R10PAC_OECD,2082,PDR,8.046684202146922
R10PAC_OECD,2082,WHT,2.098484579251593
R10PAC_OECD,2082,GRO,4.083089946745504
R10PAC_OECD,2082,OSD,10.732999644412436
R10PAC_OECD,2082,C_B,164.2615057789011
R10PAC_OECD,2082,OTH_A,16.998024805403556
R10PAC_OECD,2082,CEREAL,3.2416788544328603
R10PAC_OECD,2083,CROP_FLW,4.256592244651572
R10PAC_OECD,2083,PDR,8.057007156132975
R10PAC_OECD,2083,WHT,2.107734240111564
R10PAC_OECD,2083,GRO,4.122208914779469
R10PAC_OECD,2083,OSD,10.773518337643711
R10PAC_OECD,2083,C_B,166.64399334282027
R10PAC_OECD,2083,OTH_A,16.903519348746446
R10PAC_OECD,2083,CEREAL,3.265284764071787
R10PAC_OECD,2084,CROP_FLW,4.274068156760408
R10PAC_OECD,2084,PDR,8.067343353260718
R10PAC_OECD,2084,WHT,2.1170246714527057
R10PAC_OECD,2084,GRO,4.161702670946931
R10PAC_OECD,2084,OSD,10.814189995056068
R10PAC_OECD,2084,C_B,169.06103706744983
R10PAC_OECD,2084,OTH_A,16.80953932262848
R10PAC_OECD,2084,CEREAL,3.2890625719754407
R10PAC_OECD,2085,CROP_FLW,4.291615818166919
R10PAC_OECD,2085,PDR,8.077692810519546
R10PAC_OECD,2085,WHT,2.1263560529823775
R10PAC_OECD,2085,GRO,4.201574805990491
R10PAC_OECD,2085,OSD,10.855015194112374
R10PAC_OECD,2085,C_B,171.51313816348284
R10PAC_OECD,2085,OTH_A,16.716081805765953
R10PAC_OECD,2085,CEREAL,3.31301352990721
R10PAC_OECD,2086,CROP_FLW,4.30923552344581
R10PAC_OECD,2086,PDR,8.088055544920659
R10PAC_OECD,2086,WHT,2.1357285652000506
R10PAC_OECD,2086,GRO,4.241828945054673
R10PAC_OECD,2086,OSD,10.895994514455504
R10PAC_OECD,2086,C_B,174.00080511129025
R10PAC_OECD,2086,OTH_A,16.623143893116865
R10PAC_OECD,2086,CEREAL,3.3371388987458235
R10PAC_OECD,2087,CROP_FLW,4.326927568381203
R10PAC_OECD,2087,PDR,8.098431573497074
R10PAC_OECD,2087,WHT,2.1451423894007977
R10PAC_OECD,2087,GRO,4.282468748015517
R10PAC_OECD,2087,OSD,10.937128537916571
R10PAC_OECD,2087,C_B,176.52455376636206
R10PAC_OECD,2087,OTH_A,16.53072269579066
R10PAC_OECD,2087,CEREAL,3.361439948551735
R10PAC_OECD,2088,CROP_FLW,4.344692249971586
R10PAC_OECD,2088,PDR,8.108820913303664
R10PAC_OECD,2088,WHT,2.1545977076788008
R10PAC_OECD,2088,GRO,4.323497909813336
R10PAC_OECD,2088,OSD,10.97841784852319
R10PAC_OECD,2088,C_B,179.08490746627783
R10PAC_OECD,2088,OTH_A,16.438815340958403
R10PAC_OECD,2088,CEREAL,3.385917958633974
R10PAC_OECD,2089,CROP_FLW,4.362529866434815
R10PAC_OECD,2089,PDR,8.119223581417177
R10PAC_OECD,2089,WHT,2.1640947029308735
R10PAC_OECD,2089,GRO,4.364920160788658
R10PAC_OECD,2089,OSD,11.019863032507766
R10PAC_OECD,2089,C_B,181.68239713922847
R10PAC_OECD,2089,OTH_A,16.34741897176347
R10PAC_OECD,2089,CEREAL,3.4105742176175036
R10PAC_OECD,2090,CROP_FLW,4.38044071721311
R10PAC_OECD,2090,PDR,8.129639594936275
R10PAC_OECD,2090,WHT,2.1736335588599967
R10PAC_OECD,2090,GRO,4.406739267021381
R10PAC_OECD,2090,OSD,11.061464678315833
R10PAC_OECD,2090,C_B,184.3175614141128
R10PAC_OECD,2090,OTH_A,16.25653074723278
R10PAC_OECD,2090,CEREAL,3.435410023511054
R10PAC_OECD,2091,CROP_FLW,4.418517961756499
R10PAC_OECD,2091,PDR,8.137607715520963
R10PAC_OECD,2091,WHT,2.1754864549422366
R10PAC_OECD,2091,GRO,4.408952045624635
R10PAC_OECD,2091,OSD,11.064488525424894
R10PAC_OECD,2091,C_B,184.89315998092772
R10PAC_OECD,2091,OTH_A,16.228041953756478
R10PAC_OECD,2091,CEREAL,3.4388554978556902
R10PAC_OECD,2092,CROP_FLW,4.456926195039518
R10PAC_OECD,2092,PDR,8.14558364591627
R10PAC_OECD,2092,WHT,2.17734093051053
R10PAC_OECD,2092,GRO,4.4111659353417645
R10PAC_OECD,2092,OSD,11.067513199156071
R10PAC_OECD,2092,C_B,185.47055606344097
R10PAC_OECD,2092,OTH_A,16.199603085529688
R10PAC_OECD,2092,CEREAL,3.4423044277684762
R10PAC_OECD,2093,CROP_FLW,4.495668294201707
R10PAC_OECD,2093,PDR,8.153567393776843
R10PAC_OECD,2093,WHT,2.179196986911297
R10PAC_OECD,2093,GRO,4.413380936730699
R10PAC_OECD,2093,OSD,11.070538699735337
R10PAC_OECD,2093,C_B,186.04975527504854
R10PAC_OECD,2093,OTH_A,16.171214055060794
R10PAC_OECD,2093,CEREAL,3.4457568167151043
R10PAC_OECD,2094,CROP_FLW,4.534747161392309
R10PAC_OECD,2094,PDR,8.161558966764833
R10PAC_OECD,2094,WHT,2.1810546254921044
R10PAC_OECD,2094,GRO,4.415597050349649
R10PAC_OECD,2094,OSD,11.073565027388723
R10PAC_OECD,2094,C_B,186.63076324667628
R10PAC_OECD,2094,OTH_A,16.142874775011506
R10PAC_OECD,2094,CEREAL,3.449212668164741
R10PAC_OECD,2095,CROP_FLW,4.574165723987679
R10PAC_OECD,2095,PDR,8.169558372549897
R10PAC_OECD,2095,WHT,2.1829138476016703
R10PAC_OECD,2095,GRO,4.4178142767571025
R10PAC_OECD,2095,OSD,11.076592182342328
R10PAC_OECD,2095,C_B,187.21358562683463
R10PAC_OECD,2095,OTH_A,16.11458515819659
R10PAC_OECD,2095,CEREAL,3.4526719855900336
R10PAC_OECD,2096,CROP_FLW,4.613926934810565
R10PAC_OECD,2096,PDR,8.17756561880921
R10PAC_OECD,2096,WHT,2.1847746545898588
R10PAC_OECD,2096,GRO,4.420032616511831
R10PAC_OECD,2096,OSD,11.079620164822305
R10PAC_OECD,2096,C_B,187.79822808167367
R10PAC_OECD,2096,OTH_A,16.086345117583605
R10PAC_OECD,2096,CEREAL,3.4561347724671108
R10PAC_OECD,2097,CROP_FLW,4.654033772351306
R10PAC_OECD,2097,PDR,8.185580713227472
R10PAC_OECD,2097,WHT,2.186637047807688
R10PAC_OECD,2097,GRO,4.422252070172885
R10PAC_OECD,2097,OSD,11.082648975054873
R10PAC_OECD,2097,C_B,188.38469629503797
R10PAC_OECD,2097,OTH_A,16.058154566292618
R10PAC_OECD,2097,CEREAL,3.4596010322755895
R10PAC_OECD,2098,CROP_FLW,4.694489240990944
R10PAC_OECD,2098,PDR,8.193603663496916
R10PAC_OECD,2098,WHT,2.188501028607326
R10PAC_OECD,2098,GRO,4.424472638299596
R10PAC_OECD,2098,OSD,11.08567861326632
R10PAC_OECD,2098,C_B,188.97299596852193
R10PAC_OECD,2098,OTH_A,16.03001341759596
R10PAC_OECD,2098,CEREAL,3.4630707684985746
R10PAC_OECD,2099,CROP_FLW,4.735296371226289
R10PAC_OECD,2099,PDR,8.201634477317315
R10PAC_OECD,2099,WHT,2.1903665983420932
R10PAC_OECD,2099,GRO,4.426694321451576
R10PAC_OECD,2099,OSD,11.088709079682978
R10PAC_OECD,2099,C_B,189.56313282152541
R10PAC_OECD,2099,OTH_A,16.001921584917948
R10PAC_OECD,2099,CEREAL,3.4665439846226653
R10PAC_OECD,2100,CROP_FLW,4.776458219896922
R10PAC_OECD,2100,PDR,8.209673162395985
R10PAC_OECD,2100,WHT,2.1922337583664655
R10PAC_OECD,2100,GRO,4.428917120188719
R10PAC_OECD,2100,OSD,11.091740374531259
R10PAC_OECD,2100,C_B,190.15511259130915
R10PAC_OECD,2100,OTH_A,15.973878981834613
R10PAC_OECD,2100,CEREAL,3.4700206841379573
R10NORTH_AM,2005,CROP_FLW,6.658476802718576
R10NORTH_AM,2005,PDR,7.860924081928647
R10NORTH_AM,2005,WHT,3.2235303840961262
R10NORTH_AM,2005,GRO,7.638053185125037
R10NORTH_AM,2005,OSD,3.0234723754056154
R10NORTH_AM,2005,C_B,60.957395949579194
R10NORTH_AM,2005,OTH_A,10.785363517440917
R10NORTH_AM,2005,CEREAL,5.917460987441708
R10NORTH_AM,2006,CROP_FLW,6.604035858792128
R10NORTH_AM,2006,PDR,7.859539920646092
R10NORTH_AM,2006,WHT,3.2497139985001255
R10NORTH_AM,2006,GRO,7.706744249433249
R10NORTH_AM,2006,OSD,3.027983554048183
R10NORTH_AM,2006,C_B,62.18619211579489
R10NORTH_AM,2006,OTH_A,10.333795051383662
R10NORTH_AM,2006,CEREAL,5.983306910180955
R10NORTH_AM,2007,CROP_FLW,6.550040034141966
R10NORTH_AM,2007,PDR,7.858156003088375
R10NORTH_AM,2007,WHT,3.276110293282954
R10NORTH_AM,2007,GRO,7.776053070937102
R10NORTH_AM,2007,OSD,3.0325014636048184
R10NORTH_AM,2007,C_B,63.4397586973898
R10NORTH_AM,2007,OTH_A,9.901133141346293
R10NORTH_AM,2007,CEREAL,6.049885526477556
R10NORTH_AM,2008,CROP_FLW,6.496485689390156
R10NORTH_AM,2008,PDR,7.856772329212582
R10NORTH_AM,2008,WHT,3.3027209959732424
R10NORTH_AM,2008,GRO,7.845985205293019
R10NORTH_AM,2008,OSD,3.0370261141183974
R10NORTH_AM,2008,C_B,64.71859502329652
R10NORTH_AM,2008,OTH_A,9.486586195604842
R10NORTH_AM,2008,CEREAL,6.117204989301754
R10NORTH_AM,2009,CROP_FLW,6.443369214914993
R10NORTH_AM,2009,PDR,7.855388898975805
R10NORTH_AM,2009,WHT,3.3295478481317353
R10NORTH_AM,2009,GRO,7.9165462581209365
R10NORTH_AM,2009,OSD,3.0415575156467782
R10NORTH_AM,2009,C_B,66.02321048805936
R10NORTH_AM,2009,OTH_A,9.089395765301605
R10NORTH_AM,2009,CEREAL,6.185273542345117
R10NORTH_AM,2010,CROP_FLW,6.390687030607708
R10NORTH_AM,2010,PDR,7.854005712335146
R10NORTH_AM,2010,WHT,3.356592605465268
R10NORTH_AM,2010,GRO,7.987741885453639
R10NORTH_AM,2010,OSD,3.0460956782628306
R10NORTH_AM,2010,C_B,67.35412475473974
R10NORTH_AM,2010,OTH_A,8.708835156798495
R10NORTH_AM,2010,CEREAL,6.254099521030013
R10NORTH_AM,2011,CROP_FLW,6.388826233210954
R10NORTH_AM,2011,PDR,7.9215117143692675
R10NORTH_AM,2011,WHT,3.3605005980940343
R10NORTH_AM,2011,GRO,7.994038585227141
R10NORTH_AM,2011,OSD,3.039536007495487
R10NORTH_AM,2011,C_B,67.502459154194
R10NORTH_AM,2011,OTH_A,8.756862447055049
R10NORTH_AM,2011,CEREAL,6.262740048210171
R10NORTH_AM,2012,CROP_FLW,6.386965977628709
R10NORTH_AM,2012,PDR,7.989597937564097
R10NORTH_AM,2012,WHT,3.364413140695997
R10NORTH_AM,2012,GRO,8.000340248659786
R10NORTH_AM,2012,OSD,3.032990462771814
R10NORTH_AM,2012,C_B,67.65112023140024
R10NORTH_AM,2012,OTH_A,8.80515459714278
R10NORTH_AM,2012,CEREAL,6.271392512953794
R10NORTH_AM,2013,CROP_FLW,6.38510626370321
R10NORTH_AM,2013,PDR,8.058269368981309
R10NORTH_AM,2013,WHT,3.3683302385685696
R10NORTH_AM,2013,GRO,8.006646879664402
R10NORTH_AM,2013,OSD,3.0264590136718237
R10NORTH_AM,2013,C_B,67.80010870580287
R10NORTH_AM,2013,OTH_A,8.853713067704792
R10NORTH_AM,2013,CEREAL,6.280056931753559
R10NORTH_AM,2014,CROP_FLW,6.383247091276742
R10NORTH_AM,2014,PDR,8.127531038546891
R10NORTH_AM,2014,WHT,3.372251897015336
R10NORTH_AM,2014,GRO,8.012958482156904
R10NORTH_AM,2014,OSD,3.0199416298410346
R10NORTH_AM,2014,C_B,67.94942529843073
R10NORTH_AM,2014,OTH_A,8.902539327439307
R10NORTH_AM,2014,CEREAL,6.288733321124929
R10NORTH_AM,2015,CROP_FLW,6.3813884601916335
R10NORTH_AM,2015,PDR,8.197388019419572
R10NORTH_AM,2015,WHT,3.3761781213460518
R10NORTH_AM,2015,GRO,8.019275060056293
R10NORTH_AM,2015,OSD,3.013438280990335
R10NORTH_AM,2015,C_B,68.09907073190057
R10NORTH_AM,2015,OTH_A,8.951634853144087
R10NORTH_AM,2015,CEREAL,6.297421697606183
R10NORTH_AM,2016,CROP_FLW,6.3795303702902615
R10NORTH_AM,2016,PDR,8.267845428362413
R10NORTH_AM,2016,WHT,3.380108916876656
R10NORTH_AM,2016,GRO,8.025596617284656
R10NORTH_AM,2016,OSD,3.0069489368958386
R10NORTH_AM,2016,C_B,68.24904573042059
R10NORTH_AM,2016,OTH_A,9.001001129761118
R10NORTH_AM,2016,CEREAL,6.306122077758453
R10NORTH_AM,2017,CROP_FLW,6.3776728214150475
R10NORTH_AM,2017,PDR,8.338908426117591
R10NORTH_AM,2017,WHT,3.3840442889292763
R10NORTH_AM,2017,GRO,8.031923157767181
R10NORTH_AM,2017,OSD,3.0004735673987453
R10NORTH_AM,2017,C_B,68.39935101979391
R10NORTH_AM,2017,OTH_A,9.050639650421502
R10NORTH_AM,2017,CEREAL,6.314834478165745
R10NORTH_AM,2018,CROP_FLW,6.37581581340846
R10NORTH_AM,2018,PDR,8.410582217784402
R10NORTH_AM,2018,WHT,3.3879842428322373
R10NORTH_AM,2018,GRO,8.03825468543214
R10NORTH_AM,2018,OSD,2.994012142405202
R10NORTH_AM,2018,C_B,68.5499873274221
R10NORTH_AM,2018,OTH_A,9.100551916490627
R10NORTH_AM,2018,CEREAL,6.3235589154349805
R10NORTH_AM,2019,CROP_FLW,6.37395934611301
R10NORTH_AM,2019,PDR,8.482872053200511
R10NORTH_AM,2019,WHT,3.391928783920067
R10NORTH_AM,2019,GRO,8.044591204210905
R10NORTH_AM,2019,OSD,2.98756463188616
R10NORTH_AM,2019,C_B,68.70095538230868
R10NORTH_AM,2019,OTH_A,9.150739437613579
R10NORTH_AM,2019,CEREAL,6.332295406196027
R10NORTH_AM,2020,CROP_FLW,6.372103419371263
R10NORTH_AM,2020,PDR,8.555783227326504
R10NORTH_AM,2020,WHT,3.395877917533504
R10NORTH_AM,2020,GRO,8.050932718037943
R10NORTH_AM,2020,OSD,2.9811310058772382
R10NORTH_AM,2020,C_B,68.85225591506268
R10NORTH_AM,2020,OTH_A,9.201203731760806
R10NORTH_AM,2020,CEREAL,6.341043967101721
R10NORTH_AM,2021,CROP_FLW,6.372925859560748
R10NORTH_AM,2021,PDR,8.5764390497671
R10NORTH_AM,2021,WHT,3.3973602988254914
R10NORTH_AM,2021,GRO,8.062368355447102
R10NORTH_AM,2021,OSD,2.982461246648106
R10NORTH_AM,2021,C_B,69.3459002102394
R10NORTH_AM,2021,OTH_A,9.232397027505314
R10NORTH_AM,2021,CEREAL,6.347063581373232
R10NORTH_AM,2022,CROP_FLW,6.37374840590166
R10NORTH_AM,2022,PDR,8.597144740582028
R10NORTH_AM,2022,WHT,3.3988433272120884
R10NORTH_AM,2022,GRO,8.073820236167133
R10NORTH_AM,2022,OSD,2.983792080999231
R10NORTH_AM,2022,C_B,69.84308374587995
R10NORTH_AM,2022,OTH_A,9.263696072641723
R10NORTH_AM,2022,CEREAL,6.353088910122699
R10NORTH_AM,2023,CROP_FLW,6.3745710584076996
R10NORTH_AM,2023,PDR,8.617900420166146
R10NORTH_AM,2023,WHT,3.400327002975767
R10NORTH_AM,2023,GRO,8.085288383270223
R10NORTH_AM,2023,OSD,2.9851235091954806
R10NORTH_AM,2023,C_B,70.34383189698244
R10NORTH_AM,2023,OTH_A,9.29510122567444
R10NORTH_AM,2023,CEREAL,6.359119958774934
R10NORTH_AM,2024,CROP_FLW,6.375393817092567
R10NORTH_AM,2024,PDR,8.638706209204972
R10NORTH_AM,2024,WHT,3.4018113263991223
R10NORTH_AM,2024,GRO,8.096772819861329
R10NORTH_AM,2024,OSD,2.98645553150184
R10NORTH_AM,2024,C_B,70.848170220474
R10NORTH_AM,2024,OTH_A,9.326612846323242
R10NORTH_AM,2024,CEREAL,6.3651567327598935
R10NORTH_AM,2025,CROP_FLW,6.376216681969969
R10NORTH_AM,2025,PDR,8.65956222867539
R10NORTH_AM,2025,WHT,3.4032962977648737
R10NORTH_AM,2025,GRO,8.108273569078225
R10NORTH_AM,2025,OSD,2.9877881481834137
R10NORTH_AM,2025,C_B,71.35612445651516
R10NORTH_AM,2025,OTH_A,9.358231295527409
R10NORTH_AM,2025,CEREAL,6.371199237512693
R10NORTH_AM,2026,CROP_FLW,6.37703965305361
R10NORTH_AM,2026,PDR,8.680468599846355
R10NORTH_AM,2026,WHT,3.4047819173558636
R10NORTH_AM,2026,GRO,8.119790654091554
R10NORTH_AM,2026,OSD,2.9891213595054236
R10NORTH_AM,2026,C_B,71.8677205298135
R10NORTH_AM,2026,OTH_A,9.389956935449854
R10NORTH_AM,2026,CEREAL,6.377247478473604
R10NORTH_AM,2027,CROP_FLW,6.377862730357202
R10NORTH_AM,2027,PDR,8.701425444279593
R10NORTH_AM,2027,WHT,3.406268185455057
R10NORTH_AM,2027,GRO,8.131324098104871
R10NORTH_AM,2027,OSD,2.99045516573321
R10NORTH_AM,2027,C_B,72.38298455094683
R10NORTH_AM,2027,OTH_A,9.421790129481263
R10NORTH_AM,2027,CEREAL,6.383301461088066
R10NORTH_AM,2028,CROP_FLW,6.37868591389445
R10NORTH_AM,2028,PDR,8.722432883830313
R10NORTH_AM,2028,WHT,3.4077551023455435
R10NORTH_AM,2028,GRO,8.142873924354687
R10NORTH_AM,2028,OSD,2.991789567132232
R10NORTH_AM,2028,C_B,72.90194281769584
R10NORTH_AM,2028,OTH_A,9.453731242244272
R10NORTH_AM,2028,CEREAL,6.389361190806685
R10NORTH_AM,2029,CROP_FLW,6.379509203679067
R10NORTH_AM,2029,PDR,8.743491040647909
R10NORTH_AM,2029,WHT,3.4092426683105357
R10NORTH_AM,2029,GRO,8.154440156110516
R10NORTH_AM,2029,OSD,2.9931245639680677
R10NORTH_AM,2029,C_B,73.42462181638616
R10NORTH_AM,2029,OTH_A,9.485780639597632
R10NORTH_AM,2029,CEREAL,6.395426673085243
R10NORTH_AM,2030,CROP_FLW,6.380332599724761
R10NORTH_AM,2030,PDR,8.764600037176683
R10NORTH_AM,2030,WHT,3.4107308836333714
R10NORTH_AM,2030,GRO,8.166022816674937
R10NORTH_AM,2030,OSD,2.9944601565064097
R10NORTH_AM,2030,C_B,73.95104822324033
R10NORTH_AM,2030,OTH_A,9.517938688640408
R10NORTH_AM,2030,CEREAL,6.401497913384704
R10NORTH_AM,2031,CROP_FLW,6.38574084459345
R10NORTH_AM,2031,PDR,8.762496228106585
R10NORTH_AM,2031,WHT,3.41221116776442
R10NORTH_AM,2031,GRO,8.168546023640923
R10NORTH_AM,2031,OSD,2.9973916324626138
R10NORTH_AM,2031,C_B,74.01277747797928
R10NORTH_AM,2031,OTH_A,9.548994199674771
R10NORTH_AM,2031,CEREAL,6.402050404989256
R10NORTH_AM,2032,CROP_FLW,6.3911536737235535
R10NORTH_AM,2032,PDR,8.76039292402389
R10NORTH_AM,2032,WHT,3.413692094350468
R10NORTH_AM,2032,GRO,8.17107001024879
R10NORTH_AM,2032,OSD,3.000325978235356
R10NORTH_AM,2032,C_B,74.0745582600594
R10NORTH_AM,2032,OTH_A,9.580151039872637
R10NORTH_AM,2032,CEREAL,6.402602944277489
R10NORTH_AM,2033,CROP_FLW,6.396571091000893
R10NORTH_AM,2033,PDR,8.758290124807383
R10NORTH_AM,2033,WHT,3.4151736636703465
R10NORTH_AM,2033,GRO,8.17359477673944
R10NORTH_AM,2033,OSD,3.003263196634092
R10NORTH_AM,2033,C_B,74.13639061249214
R10NORTH_AM,2033,OTH_A,9.611409539854858
R10NORTH_AM,2033,CEREAL,6.403155531253514
R10NORTH_AM,2034,CROP_FLW,6.401993100314576
R10NORTH_AM,2034,PDR,8.756187830335877
R10NORTH_AM,2034,WHT,3.4166558760030057
R10NORTH_AM,2034,GRO,8.176120323353846
R10NORTH_AM,2034,OSD,3.0062032904710247
R10NORTH_AM,2034,C_B,74.19827457832493
R10NORTH_AM,2034,OTH_A,9.642770031321037
R10NORTH_AM,2034,CEREAL,6.403708165921452
R10NORTH_AM,2035,CROP_FLW,6.407419705557013
R10NORTH_AM,2035,PDR,8.754086040488218
R10NORTH_AM,2035,WHT,3.4181387316275207
R10NORTH_AM,2035,GRO,8.178646650333059
R10NORTH_AM,2035,OSD,3.009146262561112
R10NORTH_AM,2035,C_B,74.26021020064105
R10NORTH_AM,2035,OTH_A,9.674232847053073
R10NORTH_AM,2035,CEREAL,6.404260848285414
R10NORTH_AM,2036,CROP_FLW,6.41285091062391
R10NORTH_AM,2036,PDR,8.751984755143276
R10NORTH_AM,2036,WHT,3.419622230823083
R10NORTH_AM,2036,GRO,8.181173757918199
R10NORTH_AM,2036,OSD,3.0120921157220675
R10NORTH_AM,2036,C_B,74.3221975225598
R10NORTH_AM,2036,OTH_A,9.705798320918673
R10NORTH_AM,2036,CEREAL,6.404813578349521
R10NORTH_AM,2037,CROP_FLW,6.418286719414278
R10NORTH_AM,2037,PDR,8.749883974179957
R10NORTH_AM,2037,WHT,3.421106373869008
R10NORTH_AM,2037,GRO,8.183701646350467
R10NORTH_AM,2037,OSD,3.0150408527743617
R10NORTH_AM,2037,C_B,74.38423658723647
R10NORTH_AM,2037,OTH_A,9.737466787874899
R10NORTH_AM,2037,CEREAL,6.405366356117888
R10NORTH_AM,2038,CROP_FLW,6.423727135830428
R10NORTH_AM,2038,PDR,8.747783697477185
R10NORTH_AM,2038,WHT,3.4225911610447333
R10NORTH_AM,2038,GRO,8.18623031587114
R10NORTH_AM,2038,OSD,3.017992476541229
R10NORTH_AM,2038,C_B,74.44632743786234
R10NORTH_AM,2038,OTH_A,9.769238583971726
R10NORTH_AM,2038,CEREAL,6.405919181594632
R10NORTH_AM,2039,CROP_FLW,6.429172163777985
R10NORTH_AM,2039,PDR,8.745683924913926
R10NORTH_AM,2039,WHT,3.424076592629814
R10NORTH_AM,2039,GRO,8.188759766721557
R10NORTH_AM,2039,OSD,3.0209469898486647
R10NORTH_AM,2039,C_B,74.50847011766479
R10NORTH_AM,2039,OTH_A,9.80111404635561
R10NORTH_AM,2039,CEREAL,6.40647205478387
R10NORTH_AM,2040,CROP_FLW,6.434621807165885
R10NORTH_AM,2040,PDR,8.743584656369167
R10NORTH_AM,2040,WHT,3.4255626689039307
R10NORTH_AM,2040,GRO,8.191289999143141
R10NORTH_AM,2040,OSD,3.02390439552543
R10NORTH_AM,2040,C_B,74.57066466990716
R10NORTH_AM,2040,OTH_A,9.833093513273049
R10NORTH_AM,2040,CEREAL,6.407024975689717
R10NORTH_AM,2041,CROP_FLW,6.44293438455481
R10NORTH_AM,2041,PDR,8.743619153616816
R10NORTH_AM,2041,WHT,3.4277405253006052
R10NORTH_AM,2041,GRO,8.198280286601717
R10NORTH_AM,2041,OSD,3.027956629669296
R10NORTH_AM,2041,C_B,74.64204485996027
R10NORTH_AM,2041,OTH_A,9.879301226656072
R10NORTH_AM,2041,CEREAL,6.41083535333887
R10NORTH_AM,2042,CROP_FLW,6.451257700561313
R10NORTH_AM,2042,PDR,8.743653651000573
R10NORTH_AM,2042,WHT,3.429919766304407
R10NORTH_AM,2042,GRO,8.205276539435559
R10NORTH_AM,2042,OSD,3.0320142940779484
R10NORTH_AM,2042,C_B,74.71349337623191
R10NORTH_AM,2042,OTH_A,9.925726079515414
R10NORTH_AM,2042,CEREAL,6.414647997090914
R10NORTH_AM,2043,CROP_FLW,6.459591769058096
R10NORTH_AM,2043,PDR,8.743688148520436
R10NORTH_AM,2043,WHT,3.4321003927956215
R10NORTH_AM,2043,GRO,8.212278762735401
R10NORTH_AM,2043,OSD,3.0360773960283054
R10NORTH_AM,2043,C_B,74.78501028412502
R10NORTH_AM,2043,OTH_A,9.972369092233796
R10NORTH_AM,2043,CEREAL,6.418462908293544
R10NORTH_AM,2044,CROP_FLW,6.467936603935784
R10NORTH_AM,2044,PDR,8.743722646176407
R10NORTH_AM,2044,WHT,3.434282405655095
R10NORTH_AM,2044,GRO,8.219286961596325
R10NORTH_AM,2044,OSD,3.0401459428070363
R10NORTH_AM,2044,C_B,74.85659564910513
R10NORTH_AM,2044,OTH_A,10.019231289988925
R10NORTH_AM,2044,CEREAL,6.422280088295257
R10NORTH_AM,2045,CROP_FLW,6.476292219102941
R10NORTH_AM,2045,PDR,8.743757143968486
R10NORTH_AM,2045,WHT,3.4364658057642328
R10NORTH_AM,2045,GRO,8.226301141117755
R10NORTH_AM,2045,OSD,3.0442199417105757
R10NORTH_AM,2045,C_B,74.92824953670038
R10NORTH_AM,2045,OTH_A,10.066313702776018
R10NORTH_AM,2045,CEREAL,6.426099538445347
R10NORTH_AM,2046,CROP_FLW,6.484658628486105
R10NORTH_AM,2046,PDR,8.743791641896673
R10NORTH_AM,2046,WHT,3.438650594005001
R10NORTH_AM,2046,GRO,8.233321306403472
R10NORTH_AM,2046,OSD,3.0482994000451353
R10NORTH_AM,2046,C_B,74.9999720125017
R10NORTH_AM,2046,OTH_A,10.11361736543046
R10NORTH_AM,2046,CEREAL,6.429921260093917
R10NORTH_AM,2047,CROP_FLW,6.493035846029803
R10NORTH_AM,2047,PDR,8.74382613996097
R10NORTH_AM,2047,WHT,3.4408367712599275
R10NORTH_AM,2047,GRO,8.240347462561612
R10NORTH_AM,2047,OSD,3.052384325126718
R10NORTH_AM,2047,C_B,75.07176314216277
R10NORTH_AM,2047,OTH_A,10.161143317650538
R10NORTH_AM,2047,CEREAL,6.433745254591868
R10NORTH_AM,2048,CROP_FLW,6.501423885696576
R10NORTH_AM,2048,PDR,8.743860638161376
R10NORTH_AM,2048,WHT,3.4430243384121
R10NORTH_AM,2048,GRO,8.247379614704665
R10NORTH_AM,2048,OSD,3.0564747242811294
R10NORTH_AM,2048,C_B,75.14362299140012
R10NORTH_AM,2048,OTH_A,10.208892604020289
R10NORTH_AM,2048,CEREAL,6.437571523290905
R10NORTH_AM,2049,CROP_FLW,6.509822761467002
R10NORTH_AM,2049,PDR,8.743895136497894
R10NORTH_AM,2049,WHT,3.4452132963451674
R10NORTH_AM,2049,GRO,8.25441776794949
R10NORTH_AM,2049,OSD,3.0605706048439956
R10NORTH_AM,2049,C_B,75.2155516259932
R10NORTH_AM,2049,OTH_A,10.256866274032463
R10NORTH_AM,2049,CEREAL,6.441400067543541
R10NORTH_AM,2050,CROP_FLW,6.518232487339726
R10NORTH_AM,2050,PDR,8.743929634970527
R10NORTH_AM,2050,WHT,3.4474036459433393
R10NORTH_AM,2050,GRO,8.261461927417322
R10NORTH_AM,2050,OSD,3.0646719741607673
R10NORTH_AM,2050,C_B,75.28754911178446
R10NORTH_AM,2050,OTH_A,10.305065382111607
R10NORTH_AM,2050,CEREAL,6.445230888703081
R10NORTH_AM,2051,CROP_FLW,6.529777088964056
R10NORTH_AM,2051,PDR,8.744376453889219
R10NORTH_AM,2051,WHT,3.450622259121323
R10NORTH_AM,2051,GRO,8.26892565991095
R10NORTH_AM,2051,OSD,3.069310231882346
R10NORTH_AM,2051,C_B,75.34875879745549
R10NORTH_AM,2051,OTH_A,10.36294597854528
R10NORTH_AM,2051,CEREAL,6.44648425938763
R10NORTH_AM,2052,CROP_FLW,6.5413421375158185
R10NORTH_AM,2052,PDR,8.744823295640568
R10NORTH_AM,2052,WHT,3.4538438773059306
R10NORTH_AM,2052,GRO,8.276396135436652
R10NORTH_AM,2052,OSD,3.0739555094203594
R10NORTH_AM,2052,C_B,75.41001824733937
R10NORTH_AM,2052,OTH_A,10.42115167368714
R10NORTH_AM,2052,CEREAL,6.447737873808688
R10NORTH_AM,2053,CROP_FLW,6.552927669209071
R10NORTH_AM,2053,PDR,8.74527016022574
R10NORTH_AM,2053,WHT,3.4570685033027364
R10NORTH_AM,2053,GRO,8.283873360086346
R10NORTH_AM,2053,OSD,3.0786078173990172
R10NORTH_AM,2053,C_B,75.47132750189503
R10NORTH_AM,2053,OTH_A,10.479684293523382
R10NORTH_AM,2053,CEREAL,6.448991732013652
R10NORTH_AM,2054,CROP_FLW,6.564533720322007
R10NORTH_AM,2054,PDR,8.745717047645904
R10NORTH_AM,2054,WHT,3.460296139919939
R10NORTH_AM,2054,GRO,8.291357339957463
R10NORTH_AM,2054,OSD,3.083267166458609
R10NORTH_AM,2054,C_B,75.53268660161426
R10NORTH_AM,2054,OTH_A,10.538545674296246
R10NORTH_AM,2054,CEREAL,6.45024583404993
R10NORTH_AM,2055,CROP_FLW,6.576160327197074
R10NORTH_AM,2055,PDR,8.746163957902223
R10NORTH_AM,2055,WHT,3.4635267899683537
R10NORTH_AM,2055,GRO,8.298848081152935
R10NORTH_AM,2055,OSD,3.0879335672555266
R10NORTH_AM,2055,C_B,75.59409558702177
R10NORTH_AM,2055,OTH_A,10.597737662561613
R10NORTH_AM,2055,CEREAL,6.451500179964938
R10NORTH_AM,2056,CROP_FLW,6.58780752624109
R10NORTH_AM,2056,PDR,8.746610890995868
R10NORTH_AM,2056,WHT,3.466760456261423
R10NORTH_AM,2056,GRO,8.306345589781209
R10NORTH_AM,2056,OSD,3.0926070304622924
R10NORTH_AM,2056,C_B,75.65555449867523
R10NORTH_AM,2056,OTH_A,10.657262115246933
R10NORTH_AM,2056,CEREAL,6.452754769806103
R10NORTH_AM,2057,CROP_FLW,6.599475353925347
R10NORTH_AM,2057,PDR,8.747057846928003
R10NORTH_AM,2057,WHT,3.469997141615216
R10NORTH_AM,2057,GRO,8.313849871956258
R10NORTH_AM,2057,OSD,3.0972875667675774
R10NORTH_AM,2057,C_B,75.71706337716529
R10NORTH_AM,2057,OTH_A,10.717120899709501
R10NORTH_AM,2057,CEREAL,6.45400960362086
R10NORTH_AM,2058,CROP_FLW,6.61116384678574
R10NORTH_AM,2058,PDR,8.7475048256998
R10NORTH_AM,2058,WHT,3.473236848848429
R10NORTH_AM,2058,GRO,8.32136093379757
R10NORTH_AM,2058,OSD,3.1019751868762326
R10NORTH_AM,2058,C_B,75.7786222631156
R10NORTH_AM,2058,OTH_A,10.777315893795008
R10NORTH_AM,2058,CEREAL,6.455264681456653
R10NORTH_AM,2059,CROP_FLW,6.622873041422868
R10NORTH_AM,2059,PDR,8.747951827312418
R10NORTH_AM,2059,WHT,3.4764795807823927
R10NORTH_AM,2059,GRO,8.328878781430163
R10NORTH_AM,2059,OSD,3.1066699015093096
R10NORTH_AM,2059,C_B,75.84023119718279
R10NORTH_AM,2059,OTH_A,10.83784898589647
R10NORTH_AM,2059,CEREAL,6.456520003360935
R10NORTH_AM,2060,CROP_FLW,6.634602974502153
R10NORTH_AM,2060,PDR,8.748398851767034
R10NORTH_AM,2060,WHT,3.479725340241069
R10NORTH_AM,2060,GRO,8.336403420984588
R10NORTH_AM,2060,OSD,3.1113717214040877
R10NORTH_AM,2060,C_B,75.90189022005661
R10NORTH_AM,2060,OTH_A,10.898722075013465
R10NORTH_AM,2060,CEREAL,6.457775569381174
R10NORTH_AM,2061,CROP_FLW,6.64176216069631
R10NORTH_AM,2061,PDR,8.746986575519736
R10NORTH_AM,2061,WHT,3.4839134869431367
R10NORTH_AM,2061,GRO,8.344918275461131
R10NORTH_AM,2061,OSD,3.1171614947539714
R10NORTH_AM,2061,C_B,75.91005830529119
R10NORTH_AM,2061,OTH_A,10.982350754415043
R10NORTH_AM,2061,CEREAL,6.456668670690387
R10NORTH_AM,2062,CROP_FLW,6.648929072137504
R10NORTH_AM,2062,PDR,8.745574527259782
R10NORTH_AM,2062,WHT,3.4881066744375326
R10NORTH_AM,2062,GRO,8.35344182706317
R10NORTH_AM,2062,OSD,3.1229620419613187
R10NORTH_AM,2062,C_B,75.91822726952385
R10NORTH_AM,2062,OTH_A,11.06662113804307
R10NORTH_AM,2062,CEREAL,6.455561961728199
R10NORTH_AM,2063,CROP_FLW,6.656103717161798
R10NORTH_AM,2063,PDR,8.744162706950362
R10NORTH_AM,2063,WHT,3.4923049087912807
R10NORTH_AM,2063,GRO,8.361974084674008
R10NORTH_AM,2063,OSD,3.1287733830745834
R10NORTH_AM,2063,C_B,75.92639711284919
R10NORTH_AM,2063,OTH_A,11.151538149858055
R10NORTH_AM,2063,CEREAL,6.45445544246209
R10NORTH_AM,2064,CROP_FLW,6.6632861041142535
R10NORTH_AM,2064,PDR,8.742751114554684
R10NORTH_AM,2064,WHT,3.4965081960787066
R10NORTH_AM,2064,GRO,8.370515057186015
R10NORTH_AM,2064,OSD,3.1345955381795276
R10NORTH_AM,2064,C_B,75.93456783536182
R10NORTH_AM,2064,OTH_A,11.2371067516033
R10NORTH_AM,2064,CEREAL,6.453349112859544
R10NORTH_AM,2065,CROP_FLW,6.670476241348935
R10NORTH_AM,2065,PDR,8.74133975003595
R10NORTH_AM,2065,WHT,3.5007165423814484
R10NORTH_AM,2065,GRO,8.379064753500641
R10NORTH_AM,2065,OSD,3.140428527399288
R10NORTH_AM,2065,C_B,75.94273943715635
R10NORTH_AM,2065,OTH_A,11.323331943094843
R10NORTH_AM,2065,CEREAL,6.452242972888053
R10NORTH_AM,2066,CROP_FLW,6.677674137228923
R10NORTH_AM,2066,PDR,8.739928613357375
R10NORTH_AM,2066,WHT,3.504929953788463
R10NORTH_AM,2066,GRO,8.38762318252844
R10NORTH_AM,2066,OSD,3.1462723708944473
R10NORTH_AM,2066,C_B,75.95091191832739
R10NORTH_AM,2066,OTH_A,11.410218762513583
R10NORTH_AM,2066,CEREAL,6.451137022515112
R10NORTH_AM,2067,CROP_FLW,6.684879800126321
R10NORTH_AM,2067,PDR,8.73851770448218
R10NORTH_AM,2067,WHT,3.5091484363960364
R10NORTH_AM,2067,GRO,8.396190353189054
R10NORTH_AM,2067,OSD,3.152127088863106
R10NORTH_AM,2067,C_B,75.95908527896958
R10NORTH_AM,2067,OTH_A,11.497772286699668
R10NORTH_AM,2067,CEREAL,6.450031261708222
R10NORTH_AM,2068,CROP_FLW,6.692093238422265
R10NORTH_AM,2068,PDR,8.737107023373586
R10NORTH_AM,2068,WHT,3.5133719963077903
R10NORTH_AM,2068,GRO,8.404766274411244
R10NORTH_AM,2068,OSD,3.1579927015409472
R10NORTH_AM,2068,C_B,75.96725951917756
R10NORTH_AM,2068,OTH_A,11.585997631449139
R10NORTH_AM,2068,CEREAL,6.448925690434892
R10NORTH_AM,2069,CROP_FLW,6.69931446050694
R10NORTH_AM,2069,PDR,8.735696569994827
R10NORTH_AM,2069,WHT,3.5176006396346966
R10NORTH_AM,2069,GRO,8.413350955132886
R10NORTH_AM,2069,OSD,3.1638692292013126
R10NORTH_AM,2069,C_B,75.975434639046
R10NORTH_AM,2069,OTH_A,11.67489995181285
R10NORTH_AM,2069,CEREAL,6.447820308662634
R10NORTH_AM,2070,CROP_FLW,6.7065434747795765
R10NORTH_AM,2070,PDR,8.734286344309144
R10NORTH_AM,2070,WHT,3.5218343724950762
R10NORTH_AM,2070,GRO,8.421944404300985
R10NORTH_AM,2070,OSD,3.1697566921552642
R10NORTH_AM,2070,C_B,75.98361063866949
R10NORTH_AM,2070,OTH_A,11.764484442397688
R10NORTH_AM,2070,CEREAL,6.446715116358965
R10NORTH_AM,2071,CROP_FLW,6.71206919147485
R10NORTH_AM,2071,PDR,8.734432418694864
R10NORTH_AM,2071,WHT,3.5233041500073594
R10NORTH_AM,2071,GRO,8.427601538614626
R10NORTH_AM,2071,OSD,3.173088396786334
R10NORTH_AM,2071,C_B,75.99079664707084
R10NORTH_AM,2071,OTH_A,11.838234505501717
R10NORTH_AM,2071,CEREAL,6.44325383555728
R10NORTH_AM,2072,CROP_FLW,6.7175994609692085
R10NORTH_AM,2072,PDR,8.734578495523566
R10NORTH_AM,2072,WHT,3.5247745409062214
R10NORTH_AM,2072,GRO,8.433262472902134
R10NORTH_AM,2072,OSD,3.176423603344153
R10NORTH_AM,2072,C_B,75.99798333507555
R10NORTH_AM,2072,OTH_A,11.912446898411568
R10NORTH_AM,2072,CEREAL,6.439794413138441
R10NORTH_AM,2073,CROP_FLW,6.7231342870138375
R10NORTH_AM,2073,PDR,8.734724574795298
R10NORTH_AM,2073,WHT,3.526245545447648
R10NORTH_AM,2073,GRO,8.438927209716
R10NORTH_AM,2073,OSD,3.1797623155095676
R10NORTH_AM,2073,C_B,76.00517070274788
R10NORTH_AM,2073,OTH_A,11.987124519414245
R10NORTH_AM,2073,CEREAL,6.436336848104671
R10NORTH_AM,2074,CROP_FLW,6.728673673363009
R10NORTH_AM,2074,PDR,8.73487065651009
R10NORTH_AM,2074,WHT,3.5277171638877323
R10NORTH_AM,2074,GRO,8.44459575161044
R10NORTH_AM,2074,OSD,3.1831045369672912
R10NORTH_AM,2074,C_B,76.01235875015213
R10NORTH_AM,2074,OTH_A,12.062270284965743
R10NORTH_AM,2074,CEREAL,6.432881139458729
R10NORTH_AM,2075,CROP_FLW,6.734217623774092
R10NORTH_AM,2075,PDR,8.735016740667994
R10NORTH_AM,2075,WHT,3.5291893964826757
R10NORTH_AM,2075,GRO,8.450268101141369
R10NORTH_AM,2075,OSD,3.186450271405912
R10NORTH_AM,2075,C_B,76.01954747735255
R10NORTH_AM,2075,OTH_A,12.137887129804952
R10NORTH_AM,2075,CEREAL,6.429427286203909
R10NORTH_AM,2076,CROP_FLW,6.73976614200755
R10NORTH_AM,2076,PDR,8.735162827269043
R10NORTH_AM,2076,WHT,3.5306622434887838
R10NORTH_AM,2076,GRO,8.455944260866433
R10NORTH_AM,2076,OSD,3.189799522517895
R10NORTH_AM,2076,C_B,76.02673688441345
R10NORTH_AM,2076,OTH_A,12.21397800706827
R10NORTH_AM,2076,CEREAL,6.42597528734404
R10NORTH_AM,2077,CROP_FLW,6.7453192318269455
R10NORTH_AM,2077,PDR,8.735308916313283
R10NORTH_AM,2077,WHT,3.5321357051624713
R10NORTH_AM,2077,GRO,8.461624233344994
R10NORTH_AM,2077,OSD,3.1931522939995864
R10NORTH_AM,2077,C_B,76.03392697139915
R10NORTH_AM,2077,OTH_A,12.290545888404933
R10NORTH_AM,2077,CEREAL,6.4225251418834866
R10NORTH_AM,2078,CROP_FLW,6.750876896998942
R10NORTH_AM,2078,PDR,8.735455007800752
R10NORTH_AM,2078,WHT,3.5336097817602594
R10NORTH_AM,2078,GRO,8.467308021138123
R10NORTH_AM,2078,OSD,3.196508589551216
R10NORTH_AM,2078,C_B,76.04111773837391
R10NORTH_AM,2078,OTH_A,12.367593764093064
R10NORTH_AM,2078,CEREAL,6.419076848827146
R10NORTH_AM,2079,CROP_FLW,6.7564391412933045
R10NORTH_AM,2079,PDR,8.735601101731492
R10NORTH_AM,2079,WHT,3.5350844735387765
R10NORTH_AM,2079,GRO,8.472995626808624
R10NORTH_AM,2079,OSD,3.1998684128769055
R10NORTH_AM,2079,C_B,76.04830918540208
R10NORTH_AM,2079,OTH_A,12.445124643156472
R10NORTH_AM,2079,CEREAL,6.415630407180452
R10NORTH_AM,2080,CROP_FLW,6.762005968482909
R10NORTH_AM,2080,PDR,8.735747198105535
R10NORTH_AM,2080,WHT,3.536559780754754
R10NORTH_AM,2080,GRO,8.478687052921018
R10NORTH_AM,2080,OSD,3.203231767684669
R10NORTH_AM,2080,C_B,76.05550131254788
R10NORTH_AM,2080,OTH_A,12.52314155348214
R10NORTH_AM,2080,CEREAL,6.412185815949371
R10NORTH_AM,2081,CROP_FLW,6.765245155361068
R10NORTH_AM,2081,PDR,8.735555678707945
R10NORTH_AM,2081,WHT,3.5367814880591215
R10NORTH_AM,2081,GRO,8.482389554629238
R10NORTH_AM,2081,OSD,3.2050972073402084
R10NORTH_AM,2081,C_B,76.08674153987444
R10NORTH_AM,2081,OTH_A,12.579359219719722
R10NORTH_AM,2081,CEREAL,6.406552612190621
R10NORTH_AM,2082,CROP_FLW,6.76848589389885
R10NORTH_AM,2082,PDR,8.735364163509159
R10NORTH_AM,2082,WHT,3.537003209262343
R10NORTH_AM,2082,GRO,8.486093673158415
R10NORTH_AM,2082,OSD,3.206963733356449
R10NORTH_AM,2082,C_B,76.11799459930107
R10NORTH_AM,2082,OTH_A,12.635829252824173
R10NORTH_AM,2082,CEREAL,6.400924357287924
R10NORTH_AM,2083,CROP_FLW,6.771728184839541
R10NORTH_AM,2083,PDR,8.735172652509082
R10NORTH_AM,2083,WHT,3.5372249443652906
R10NORTH_AM,2083,GRO,8.489799409214584
R10NORTH_AM,2083,OSD,3.208831346366045
R10NORTH_AM,2083,C_B,76.14926049609862
R10NORTH_AM,2083,OTH_A,12.692552785696227
R10NORTH_AM,2083,CEREAL,6.395301046893635
R10NORTH_AM,2084,CROP_FLW,6.774972028926788
R10NORTH_AM,2084,PDR,8.734981145707623
R10NORTH_AM,2084,WHT,3.5374466933688344
R10NORTH_AM,2084,GRO,8.493506763504096
R10NORTH_AM,2084,OSD,3.210700047002021
R10NORTH_AM,2084,C_B,76.18053923554012
R10NORTH_AM,2084,OTH_A,12.74953095632233
R10NORTH_AM,2084,CEREAL,6.389682676663925
R10NORTH_AM,2085,CROP_FLW,6.77821742690459
R10NORTH_AM,2085,PDR,8.734789643104692
R10NORTH_AM,2085,WHT,3.537668456273847
R10NORTH_AM,2085,GRO,8.497215736733603
R10NORTH_AM,2085,OSD,3.2125698358977677
R10NORTH_AM,2085,C_B,76.21183082290077
R10NORTH_AM,2085,OTH_A,12.806764907797467
R10NORTH_AM,2085,CEREAL,6.384069242258785
R10NORTH_AM,2086,CROP_FLW,6.781464379517301
R10NORTH_AM,2086,PDR,8.734598144700197
R10NORTH_AM,2086,WHT,3.5378902330811997
R10NORTH_AM,2086,GRO,8.500926329610072
R10NORTH_AM,2086,OSD,3.2144407136870465
R10NORTH_AM,2086,C_B,76.24313526345789
R10NORTH_AM,2086,OTH_A,12.864255788348085
R10NORTH_AM,2086,CEREAL,6.3784607393420165
R10NORTH_AM,2087,CROP_FLW,6.784712887509635
R10NORTH_AM,2087,PDR,8.734406650494043
R10NORTH_AM,2087,WHT,3.5381120237917627
R10NORTH_AM,2087,GRO,8.504638542840775
R10NORTH_AM,2087,OSD,3.2163126810039873
R10NORTH_AM,2087,C_B,76.27445256249104
R10NORTH_AM,2087,OTH_A,12.922004751355148
R10NORTH_AM,2087,CEREAL,6.372857163581233
R10NORTH_AM,2088,CROP_FLW,6.787962951626665
R10NORTH_AM,2088,PDR,8.734215160486139
R10NORTH_AM,2088,WHT,3.5383338284064094
R10NORTH_AM,2088,GRO,8.508352377133294
R10NORTH_AM,2088,OSD,3.21818573848309
R10NORTH_AM,2088,C_B,76.30578272528187
R10NORTH_AM,2088,OTH_A,12.980012955377253
R10NORTH_AM,2088,CEREAL,6.36725851064785
R10NORTH_AM,2089,CROP_FLW,6.791214572613812
R10NORTH_AM,2089,PDR,8.734023674676394
R10NORTH_AM,2089,WHT,3.5385556469260107
R10NORTH_AM,2089,GRO,8.512067833195516
R10NORTH_AM,2089,OSD,3.220059886759222
R10NORTH_AM,2089,C_B,76.33712575711428
R10NORTH_AM,2089,OTH_A,13.038281564173902
R10NORTH_AM,2089,CEREAL,6.361664776217089
R10NORTH_AM,2090,CROP_FLW,6.794467751216864
R10NORTH_AM,2090,PDR,8.733832193064714
R10NORTH_AM,2090,WHT,3.538777479351435
R10NORTH_AM,2090,GRO,8.515784911735643
R10NORTH_AM,2090,OSD,3.221935126467621
R10NORTH_AM,2090,C_B,76.36848166327427
R10NORTH_AM,2090,OTH_A,13.096811746728822
R10NORTH_AM,2090,CEREAL,6.35607595596797
R10NORTH_AM,2091,CROP_FLW,6.792439533631621
R10NORTH_AM,2091,PDR,8.733744519017485
R10NORTH_AM,2091,WHT,3.5382549620336237
R10NORTH_AM,2091,GRO,8.51942213591301
R10NORTH_AM,2091,OSD,3.2232430889344266
R10NORTH_AM,2091,C_B,76.38760347303058
R10NORTH_AM,2091,OTH_A,13.141972423885127
R10NORTH_AM,2091,CEREAL,6.348614557805854
R10NORTH_AM,2092,CROP_FLW,6.790411921489912
R10NORTH_AM,2092,PDR,8.733656845850366
R10NORTH_AM,2092,WHT,3.5377325218679783
R10NORTH_AM,2092,GRO,8.523060913605388
R10NORTH_AM,2092,OSD,3.2245515823758626
R10NORTH_AM,2092,C_B,76.40673007067322
R10NORTH_AM,2092,OTH_A,13.187288824953528
R10NORTH_AM,2092,CEREAL,6.341161918579742
R10NORTH_AM,2093,CROP_FLW,6.788384914611008
R10NORTH_AM,2093,PDR,8.733569173563348
R10NORTH_AM,2093,WHT,3.537210158843107
R10NORTH_AM,2093,GRO,8.526701245476312
R10NORTH_AM,2093,OSD,3.225860607007482
R10NORTH_AM,2093,C_B,76.425861457401
R10NORTH_AM,2093,OTH_A,13.232761486904208
R10NORTH_AM,2093,CEREAL,6.333718028007517
R10NORTH_AM,2094,CROP_FLW,6.78635851281423
R10NORTH_AM,2094,PDR,8.733481502156422
R10NORTH_AM,2094,WHT,3.536687872947619
R10NORTH_AM,2094,GRO,8.530343132189593
R10NORTH_AM,2094,OSD,3.227170163044924
R10NORTH_AM,2094,C_B,76.44499763441307
R10NORTH_AM,2094,OTH_A,13.278390948558929
R10NORTH_AM,2094,CEREAL,6.326282875819135
R10NORTH_AM,2095,CROP_FLW,6.784332715918956
R10NORTH_AM,2095,PDR,8.733393831629582
R10NORTH_AM,2095,WHT,3.536165664170127
R10NORTH_AM,2095,GRO,8.533986574409331
R10NORTH_AM,2095,OSD,3.2284802507039156
R10NORTH_AM,2095,C_B,76.46413860290885
R10NORTH_AM,2095,OTH_A,13.324177750597435
R10NORTH_AM,2095,CEREAL,6.318856451756606
R10NORTH_AM,2096,CROP_FLW,6.782307523744616
R10NORTH_AM,2096,PDR,8.733306161982817
R10NORTH_AM,2096,WHT,3.5356435324992437
R10NORTH_AM,2096,GRO,8.537631572799905
R10NORTH_AM,2096,OSD,3.2297908702002713
R10NORTH_AM,2096,C_B,76.48328436408808
R10NORTH_AM,2096,OTH_A,13.370122435563855
R10NORTH_AM,2096,CEREAL,6.311438745573982
R10NORTH_AM,2097,CROP_FLW,6.780282936110695
R10NORTH_AM,2097,PDR,8.73321849321612
R10NORTH_AM,2097,WHT,3.535121477923583
R10NORTH_AM,2097,GRO,8.541278128025981
R10NORTH_AM,2097,OSD,3.2311020217498947
R10NORTH_AM,2097,C_B,76.50243491915079
R10NORTH_AM,2097,OTH_A,13.41622554787312
R10NORTH_AM,2097,CEREAL,6.304029747037342
R10NORTH_AM,2098,CROP_FLW,6.778258952836732
R10NORTH_AM,2098,PDR,8.733130825329479
R10NORTH_AM,2098,WHT,3.5345995004317627
R10NORTH_AM,2098,GRO,8.544926240752506
R10NORTH_AM,2098,OSD,3.232413705568774
R10NORTH_AM,2098,C_B,76.52159026929733
R10NORTH_AM,2098,OTH_A,13.462487633817435
R10NORTH_AM,2098,CEREAL,6.296629445924783
R10NORTH_AM,2099,CROP_FLW,6.776235573742319
R10NORTH_AM,2099,PDR,8.733043158322886
R10NORTH_AM,2099,WHT,3.5340776000124006
R10NORTH_AM,2099,GRO,8.548575911644715
R10NORTH_AM,2099,OSD,3.233725921872988
R10NORTH_AM,2099,C_B,76.5407504157283
R10NORTH_AM,2099,OTH_A,13.508909241572729
R10NORTH_AM,2099,CEREAL,6.289237832026393
R10NORTH_AM,2100,CROP_FLW,6.774212798647103
R10NORTH_AM,2100,PDR,8.732955492196334
R10NORTH_AM,2100,WHT,3.5335557766541164
R10NORTH_AM,2100,GRO,8.552227141368123
R10NORTH_AM,2100,OSD,3.2350386708787022
R10NORTH_AM,2100,C_B,76.55991535964468
R10NORTH_AM,2100,OTH_A,13.555490921205168
R10NORTH_AM,2100,CEREAL,6.281854895144254
R10MIDDLE_EAST,2005,CROP_FLW,4.285298551051279
R10MIDDLE_EAST,2005,PDR,3.4678420624175024
R10MIDDLE_EAST,2005,WHT,2.1519355372893014
R10MIDDLE_EAST,2005,GRO,1.478875084698331
R10MIDDLE_EAST,2005,OSD,1.7124841205325034
R10MIDDLE_EAST,2005,C_B,44.37152524633945
R10MIDDLE_EAST,2005,OTH_A,5.670295115457038
R10MIDDLE_EAST,2005,CEREAL,2.063629177304059
R10MIDDLE_EAST,2006,CROP_FLW,4.281108637997164
R10MIDDLE_EAST,2006,PDR,3.507402329472769
R10MIDDLE_EAST,2006,WHT,2.1675173671319277
R10MIDDLE_EAST,2006,GRO,1.4897031947228414
R10MIDDLE_EAST,2006,OSD,1.787850907205391
R10MIDDLE_EAST,2006,C_B,46.37123125036522
R10MIDDLE_EAST,2006,OTH_A,5.716411266279223
R10MIDDLE_EAST,2006,CEREAL,2.078408729965919
R10MIDDLE_EAST,2007,CROP_FLW,4.276922821593771
R10MIDDLE_EAST,2007,PDR,3.547413890070623
R10MIDDLE_EAST,2007,WHT,2.183212022575989
R10MIDDLE_EAST,2007,GRO,1.5006105866068653
R10MIDDLE_EAST,2007,OSD,1.8665346020266766
R10MIDDLE_EAST,2007,C_B,48.46105865725772
R10MIDDLE_EAST,2007,OTH_A,5.762902476833458
R10MIDDLE_EAST,2007,CEREAL,2.0932941326415735
R10MIDDLE_EAST,2008,CROP_FLW,4.272741097835635
R10MIDDLE_EAST,2008,PDR,3.5878818924539044
R10MIDDLE_EAST,2008,WHT,2.1990203205740815
R10MIDDLE_EAST,2008,GRO,1.511597840840741
R10MIDDLE_EAST,2008,OSD,1.948681182822278
R10MIDDLE_EAST,2008,C_B,50.64506899768113
R10MIDDLE_EAST,2008,OTH_A,5.809771797456776
R10MIDDLE_EAST,2008,CEREAL,2.1082861434206395
R10MIDDLE_EAST,2009,CROP_FLW,4.2685634627212075
R10MIDDLE_EAST,2009,PDR,3.628811543595307
R10MIDDLE_EAST,2009,WHT,2.2149430839942275
R10MIDDLE_EAST,2009,GRO,1.522665542165072
R10MIDDLE_EAST,2009,OSD,2.034443051932964
R10MIDDLE_EAST,2009,C_B,52.92750684462707
R10MIDDLE_EAST,2009,OTH_A,5.857022303294406
R10MIDDLE_EAST,2009,CEREAL,2.1233855258221146
R10MIDDLE_EAST,2010,CROP_FLW,4.264389912252855
R10MIDDLE_EAST,2010,PDR,3.6702081098673562
R10MIDDLE_EAST,2010,WHT,2.2309811416627086
R10MIDDLE_EAST,2010,GRO,1.5338142796018495
R10MIDDLE_EAST,2010,OSD,2.1239793189586065
R10MIDDLE_EAST,2010,C_B,55.31280806264292
R10MIDDLE_EAST,2010,OTH_A,5.904657094501536
R10MIDDLE_EAST,2010,CEREAL,2.138593048833258
R10MIDDLE_EAST,2011,CROP_FLW,4.26195029523402
R10MIDDLE_EAST,2011,PDR,3.6652977232747004
R10MIDDLE_EAST,2011,WHT,2.239625063299241
R10MIDDLE_EAST,2011,GRO,1.5361643413808919
R10MIDDLE_EAST,2011,OSD,2.122491814097785
R10MIDDLE_EAST,2011,C_B,54.53849480445396
R10MIDDLE_EAST,2011,OTH_A,5.927639287244014
R10MIDDLE_EAST,2011,CEREAL,2.143415895948715
R10MIDDLE_EAST,2012,CROP_FLW,4.259512073896941
R10MIDDLE_EAST,2012,PDR,3.660393906308553
R10MIDDLE_EAST,2012,WHT,2.2483024757528245
R10MIDDLE_EAST,2012,GRO,1.5385180038503428
R10MIDDLE_EAST,2012,OSD,2.121005350994146
R10MIDDLE_EAST,2012,C_B,53.77502100719289
R10MIDDLE_EAST,2012,OTH_A,5.950710931613369
R10MIDDLE_EAST,2012,CEREAL,2.148249619305592
R10MIDDLE_EAST,2013,CROP_FLW,4.257075247443161
R10MIDDLE_EAST,2013,PDR,3.6554966501793835
R10MIDDLE_EAST,2013,WHT,2.2570135087834062
R10MIDDLE_EAST,2013,GRO,1.5408752725270667
R10MIDDLE_EAST,2013,OSD,2.119519928918107
R10MIDDLE_EAST,2013,C_B,53.02223493135124
R10MIDDLE_EAST,2013,OTH_A,5.973872375774531
R10MIDDLE_EAST,2013,CEREAL,2.1530942434314397
R10MIDDLE_EAST,2014,CROP_FLW,4.254639815074681
R10MIDDLE_EAST,2014,PDR,3.6506059461094207
R10MIDDLE_EAST,2014,WHT,2.2657582926536906
R10MIDDLE_EAST,2014,GRO,1.5432361529363803
R10MIDDLE_EAST,2014,OSD,2.118035547140595
R10MIDDLE_EAST,2014,C_B,52.279986961592435
R10MIDDLE_EAST,2014,OTH_A,5.997123969247565
R10MIDDLE_EAST,2014,CEREAL,2.157949792909123
R10MIDDLE_EAST,2015,CROP_FLW,4.252205775993956
R10MIDDLE_EAST,2015,PDR,3.6457217853326376
R10MIDDLE_EAST,2015,WHT,2.2745369581310806
R10MIDDLE_EAST,2015,GRO,1.545600650612066
R10MIDDLE_EAST,2015,OSD,2.1165522049330496
R10MIDDLE_EAST,2015,C_B,51.54812957701595
R10MIDDLE_EAST,2015,OTH_A,6.0204660629129405
R10MIDDLE_EAST,2015,CEREAL,2.162816292376944
R10MIDDLE_EAST,2016,CROP_FLW,4.249773129403902
R10MIDDLE_EAST,2016,PDR,3.6408441590947356
R10MIDDLE_EAST,2016,WHT,2.2833496364896386
R10MIDDLE_EAST,2016,GRO,1.547968771096385
R10MIDDLE_EAST,2016,OSD,2.1150699015674204
R10MIDDLE_EAST,2016,C_B,50.82651732183769
R10MIDDLE_EAST,2016,OTH_A,6.043899009016832
R10MIDDLE_EAST,2016,CEREAL,2.167693766528767
R10MIDDLE_EAST,2017,CROP_FLW,4.247341874507888
R10MIDDLE_EAST,2017,PDR,3.6359730586531276
R10MIDDLE_EAST,2017,WHT,2.2921964595120476
R10MIDDLE_EAST,2017,GRO,1.5503405199400908
R10MIDDLE_EAST,2017,OSD,2.1135886363161647
R10MIDDLE_EAST,2017,C_B,50.11500677648084
R10MIDDLE_EAST,2017,OTH_A,6.067423161176428
R10MIDDLE_EAST,2017,CEREAL,2.172582240114146
R10MIDDLE_EAST,2018,CROP_FLW,4.244912010509737
R10MIDDLE_EAST,2018,PDR,3.631108475276924
R10MIDDLE_EAST,2018,WHT,2.3010775594915804
R10MIDDLE_EAST,2018,GRO,1.5527159027024404
R10MIDDLE_EAST,2018,OSD,2.1121084084522517
R10MIDDLE_EAST,2018,C_B,49.41345652907138
R10MIDDLE_EAST,2018,OTH_A,6.0910388743852755
R10MIDDLE_EAST,2018,CEREAL,2.1774817379384483
R10MIDDLE_EAST,2019,CROP_FLW,4.242483536613732
R10MIDDLE_EAST,2019,PDR,3.6262504002469163
R10MIDDLE_EAST,2019,WHT,2.3099930692340815
R10MIDDLE_EAST,2019,GRO,1.5550949249512094
R10MIDDLE_EAST,2019,OSD,2.110629217249159
R10MIDDLE_EAST,2019,C_B,48.72172714733267
R10MIDDLE_EAST,2019,OTH_A,6.114746505018628
R10MIDDLE_EAST,2019,CEREAL,2.1823922848629813
R10MIDDLE_EAST,2020,CROP_FLW,4.2400564520246045
R10MIDDLE_EAST,2020,PDR,3.621398824855562
R10MIDDLE_EAST,2020,WHT,2.3189431220599483
R10MIDDLE_EAST,2020,GRO,1.557477592262705
R10MIDDLE_EAST,2020,OSD,2.1091510619808713
R10MIDDLE_EAST,2020,C_B,48.0396811508734
R10MIDDLE_EAST,2020,OTH_A,6.13854641083883
R10MIDDLE_EAST,2020,CEREAL,2.1873139058051168
R10MIDDLE_EAST,2021,CROP_FLW,4.236696498136615
R10MIDDLE_EAST,2021,PDR,3.6168752930970465
R10MIDDLE_EAST,2021,WHT,2.3211823229098725
R10MIDDLE_EAST,2021,GRO,1.566982309730125
R10MIDDLE_EAST,2021,OSD,2.114879189139401
R10MIDDLE_EAST,2021,C_B,47.99100375878283
R10MIDDLE_EAST,2021,OTH_A,6.196981376593212
R10MIDDLE_EAST,2021,CEREAL,2.193371657967165
R10MIDDLE_EAST,2022,CROP_FLW,4.233339206781603
R10MIDDLE_EAST,2022,PDR,3.6123574117351205
R10MIDDLE_EAST,2022,WHT,2.323423685960498
R10MIDDLE_EAST,2022,GRO,1.5765450310202542
R10MIDDLE_EAST,2022,OSD,2.1206228730028704
R10MIDDLE_EAST,2022,C_B,47.9423756902607
R10MIDDLE_EAST,2022,OTH_A,6.255972605181525
R10MIDDLE_EAST,2022,CEREAL,2.1994461870358837
R10MIDDLE_EAST,2023,CROP_FLW,4.229984575849694
R10MIDDLE_EAST,2023,PDR,3.6078451737118074
R10MIDDLE_EAST,2023,WHT,2.325667213299675
R10MIDDLE_EAST,2023,GRO,1.5861661101092588
R10MIDDLE_EAST,2023,OSD,2.126382155820877
R10MIDDLE_EAST,2023,C_B,47.89379689532868
R10MIDDLE_EAST,2023,OTH_A,6.315525391863833
R10MIDDLE_EAST,2023,CEREAL,2.205537539474811
R10MIDDLE_EAST,2024,CROP_FLW,4.226632603232685
R10MIDDLE_EAST,2024,PDR,3.6033385719779476
R10MIDDLE_EAST,2024,WHT,2.327912907017266
R10MIDDLE_EAST,2024,GRO,1.5958459031334926
R10MIDDLE_EAST,2024,OSD,2.1321570799577625
R10MIDDLE_EAST,2024,C_B,47.84526732405908
R10MIDDLE_EAST,2024,OTH_A,6.375645082307625
R10MIDDLE_EAST,2024,CEREAL,2.211645761876165
R10MIDDLE_EAST,2025,CROP_FLW,4.223283286824043
R10MIDDLE_EAST,2025,PDR,3.5988375994931845
R10MIDDLE_EAST,2025,WHT,2.3301607692051545
R10MIDDLE_EAST,2025,GRO,1.605584768402679
R10MIDDLE_EAST,2025,OSD,2.1379476878929227
R10MIDDLE_EAST,2025,C_B,47.796786926574825
R10MIDDLE_EAST,2025,OTH_A,6.43633707306767
R10MIDDLE_EAST,2025,CEREAL,2.217770900961201
R10MIDDLE_EAST,2026,CROP_FLW,4.219936624518906
R10MIDDLE_EAST,2026,PDR,3.5943422492259587
R10MIDDLE_EAST,2026,WHT,2.3324108019572423
R10MIDDLE_EAST,2026,GRO,1.6153830664131752
R10MIDDLE_EAST,2026,OSD,2.143754022221121
R10MIDDLE_EAST,2026,C_B,47.74835565304936
R10MIDDLE_EAST,2026,OTH_A,6.49760681207042
R10MIDDLE_EAST,2026,CEREAL,2.2239130035805688
R10MIDDLE_EAST,2027,CROP_FLW,4.216592614214078
R10MIDDLE_EAST,2027,PDR,3.5898525141534905
R10MIDDLE_EAST,2027,WHT,2.3346630073694548
R10MIDDLE_EAST,2027,GRO,1.6252411598613161
R10MIDDLE_EAST,2027,OSD,2.1495761256528017
R10MIDDLE_EAST,2027,C_B,47.69997345370661
R10MIDDLE_EAST,2027,OTH_A,6.559459799103042
R10MIDDLE_EAST,2027,CEREAL,2.23007211671467
R10MIDDLE_EAST,2028,CROP_FLW,4.213251253808032
R10MIDDLE_EAST,2028,PDR,3.585368387261775
R10MIDDLE_EAST,2028,WHT,2.336917387539738
R10MIDDLE_EAST,2028,GRO,1.6351594136568406
R10MIDDLE_EAST,2028,OSD,2.1554140410144047
R10MIDDLE_EAST,2028,C_B,47.65164027882098
R10MIDDLE_EAST,2028,OTH_A,6.621901586307099
R10MIDDLE_EAST,2028,CEREAL,2.2362482874740195
R10MIDDLE_EAST,2029,CROP_FLW,4.209912541200905
R10MIDDLE_EAST,2029,PDR,3.580889861545568
R10MIDDLE_EAST,2029,WHT,2.3391739445680684
R10MIDDLE_EAST,2029,GRO,1.645138194936397
R10MIDDLE_EAST,2029,OSD,2.1612678112486785
R10MIDDLE_EAST,2029,C_B,47.603356078717184
R10MIDDLE_EAST,2029,OTH_A,6.684937778676925
R10MIDDLE_EAST,2029,CEREAL,2.2424415630996033
R10MIDDLE_EAST,2030,CROP_FLW,4.206576474294496
R10MIDDLE_EAST,2030,PDR,3.576416930008374
R10MIDDLE_EAST,2030,WHT,2.341432680556448
R10MIDDLE_EAST,2030,GRO,1.655177873077136
R10MIDDLE_EAST,2030,OSD,2.1671374794150013
R10MIDDLE_EAST,2030,C_B,47.55512080377036
R10MIDDLE_EAST,2030,OTH_A,6.748574034562755
R10MIDDLE_EAST,2030,CEREAL,2.2486519909632423
R10MIDDLE_EAST,2031,CROP_FLW,4.206208066391962
R10MIDDLE_EAST,2031,PDR,3.568136111100536
R10MIDDLE_EAST,2031,WHT,2.3427919359501006
R10MIDDLE_EAST,2031,GRO,1.6599405076146017
R10MIDDLE_EAST,2031,OSD,2.16686160911465
R10MIDDLE_EAST,2031,C_B,47.55586118071056
R10MIDDLE_EAST,2031,OTH_A,6.774356824588988
R10MIDDLE_EAST,2031,CEREAL,2.2530463927369064
R10MIDDLE_EAST,2032,CROP_FLW,4.205839690754237
R10MIDDLE_EAST,2032,PDR,3.559874465561778
R10MIDDLE_EAST,2032,WHT,2.3441519804226965
R10MIDDLE_EAST,2032,GRO,1.6647168462307083
R10MIDDLE_EAST,2032,OSD,2.166585773931786
R10MIDDLE_EAST,2032,C_B,47.55660156917755
R10MIDDLE_EAST,2032,OTH_A,6.800238117240833
R10MIDDLE_EAST,2032,CEREAL,2.2574493822186845
R10MIDDLE_EAST,2033,CROP_FLW,4.205471347378494
R10MIDDLE_EAST,2033,PDR,3.551631948998172
R10MIDDLE_EAST,2033,WHT,2.3455128144323143
R10MIDDLE_EAST,2033,GRO,1.6695069283577846
R10MIDDLE_EAST,2033,OSD,2.166309973861939
R10MIDDLE_EAST,2033,C_B,47.55734196917152
R10MIDDLE_EAST,2033,OTH_A,6.82621828884557
R10MIDDLE_EAST,2033,CEREAL,2.261860976191005
R10MIDDLE_EAST,2034,CROP_FLW,4.2051030362619075
R10MIDDLE_EAST,2034,PDR,3.5434085171185794
R10MIDDLE_EAST,2034,WHT,2.3468744384372977
R10MIDDLE_EAST,2034,GRO,1.674310793541623
R10MIDDLE_EAST,2034,OSD,2.1660342089006392
R10MIDDLE_EAST,2034,C_B,47.55808238069263
R10MIDDLE_EAST,2034,OTH_A,6.852297717168229
R10MIDDLE_EAST,2034,CEREAL,2.266281191469091
R10MIDDLE_EAST,2035,CROP_FLW,4.204734757401653
R10MIDDLE_EAST,2035,PDR,3.535204125734412
R10MIDDLE_EAST,2035,WHT,2.348236852896258
R10MIDDLE_EAST,2035,GRO,1.6791284814418048
R10MIDDLE_EAST,2035,OSD,2.165758479043417
R10MIDDLE_EAST,2035,C_B,47.55882280374108
R10MIDDLE_EAST,2035,OTH_A,6.878476781417087
R10MIDDLE_EAST,2035,CEREAL,2.27071004490103
R10MIDDLE_EAST,2036,CROP_FLW,4.204366510794905
R10MIDDLE_EAST,2036,PDR,3.527018730759397
R10MIDDLE_EAST,2036,WHT,2.349600058268071
R10MIDDLE_EAST,2036,GRO,1.6839600318320296
R10MIDDLE_EAST,2036,OSD,2.1654827842858038
R10MIDDLE_EAST,2036,C_B,47.55956323831703
R10MIDDLE_EAST,2036,OTH_A,6.904755862249173
R10MIDDLE_EAST,2036,CEREAL,2.2751475533678316
R10MIDDLE_EAST,2037,CROP_FLW,4.203998296438839
R10MIDDLE_EAST,2037,PDR,3.518852288209338
R10MIDDLE_EAST,2037,WHT,2.35096405501188
R10MIDDLE_EAST,2037,GRO,1.688805484600441
R10MIDDLE_EAST,2037,OSD,2.1652071246233318
R10MIDDLE_EAST,2037,C_B,47.56030368442068
R10MIDDLE_EAST,2037,OTH_A,6.931135341775816
R10MIDDLE_EAST,2037,CEREAL,2.2795937337834973
R10MIDDLE_EAST,2038,CROP_FLW,4.203630114330631
R10MIDDLE_EAST,2038,PDR,3.5107047542018797
R10MIDDLE_EAST,2038,WHT,2.3523288435870953
R10MIDDLE_EAST,2038,GRO,1.693664879749958
R10MIDDLE_EAST,2038,OSD,2.1649315000515332
R10MIDDLE_EAST,2038,C_B,47.561044142052204
R10MIDDLE_EAST,2038,OTH_A,6.957615603568184
R10MIDDLE_EAST,2038,CEREAL,2.28404860309508
R10MIDDLE_EAST,2039,CROP_FLW,4.203261964467456
R10MIDDLE_EAST,2039,PDR,3.5025760849562713
R10MIDDLE_EAST,2039,WHT,2.353694424453393
R10MIDDLE_EAST,2039,GRO,1.6985382573986056
R10MIDDLE_EAST,2039,OSD,2.1646559105659415
R10MIDDLE_EAST,2039,C_B,47.56178461121177
R10MIDDLE_EAST,2039,OTH_A,6.984197032662881
R10MIDDLE_EAST,2039,CEREAL,2.2885121782827533
R10MIDDLE_EAST,2040,CROP_FLW,4.202893846846489
R10MIDDLE_EAST,2040,PDR,3.494466236793133
R10MIDDLE_EAST,2040,WHT,2.355060798070715
R10MIDDLE_EAST,2040,GRO,1.7034256577798415
R10MIDDLE_EAST,2040,OSD,2.16438035616209
R10MIDDLE_EAST,2040,C_B,47.562525091899516
R10MIDDLE_EAST,2040,OTH_A,7.010880015567531
R10MIDDLE_EAST,2040,CEREAL,2.292984476359874
R10MIDDLE_EAST,2041,CROP_FLW,4.202148446219697
R10MIDDLE_EAST,2041,PDR,3.4763541541942184
R10MIDDLE_EAST,2041,WHT,2.3580527088546397
R10MIDDLE_EAST,2041,GRO,1.7095045382131706
R10MIDDLE_EAST,2041,OSD,2.161151191081041
R10MIDDLE_EAST,2041,C_B,47.51864956834244
R10MIDDLE_EAST,2041,OTH_A,7.021740024857864
R10MIDDLE_EAST,2041,CEREAL,2.297576829815291
R10MIDDLE_EAST,2042,CROP_FLW,4.201403177792793
R10MIDDLE_EAST,2042,PDR,3.4583359478882314
R10MIDDLE_EAST,2042,WHT,2.361048420614806
R10MIDDLE_EAST,2042,GRO,1.7156051118663673
R10MIDDLE_EAST,2042,OSD,2.157926843779404
R10MIDDLE_EAST,2042,C_B,47.47481451912023
R10MIDDLE_EAST,2042,OTH_A,7.032616856544461
R10MIDDLE_EAST,2042,CEREAL,2.302178380764401
R10MIDDLE_EAST,2043,CROP_FLW,4.200658041542329
R10MIDDLE_EAST,2043,PDR,3.440411131307251
R10MIDDLE_EAST,2043,WHT,2.3640479381800397
R10MIDDLE_EAST,2043,GRO,1.72172745615431
R10MIDDLE_EAST,2043,OSD,2.154707307069254
R10MIDDLE_EAST,2043,C_B,47.43101990689607
R10MIDDLE_EAST,2043,OTH_A,7.04351053668559
R10MIDDLE_EAST,2043,CEREAL,2.3067891476278013
R10MIDDLE_EAST,2044,CROP_FLW,4.199913037444865
R10MIDDLE_EAST,2044,PDR,3.422579220405274
R10MIDDLE_EAST,2044,WHT,2.3670512663853036
R10MIDDLE_EAST,2044,GRO,1.7278716487681416
R10MIDDLE_EAST,2044,OSD,2.15149257377339
R10MIDDLE_EAST,2044,C_B,47.38726569436761
R10MIDDLE_EAST,2044,OTH_A,7.054421091379882
R10MIDDLE_EAST,2044,CEREAL,2.3114091488629795
R10MIDDLE_EAST,2045,CROP_FLW,4.199168165476963
R10MIDDLE_EAST,2045,PDR,3.4048397336451446
R10MIDDLE_EAST,2045,WHT,2.3700584100717013
R10MIDDLE_EAST,2045,GRO,1.7340377676762546
R10MIDDLE_EAST,2045,OSD,2.148282636725317
R10MIDDLE_EAST,2045,C_B,47.3435518442669
R10MIDDLE_EAST,2045,OTH_A,7.065348546766393
R10MIDDLE_EAST,2045,CEREAL,2.316038402964392
R10MIDDLE_EAST,2046,CROP_FLW,4.198423425615189
R10MIDDLE_EAST,2046,PDR,3.387192191985552
R10MIDDLE_EAST,2046,WHT,2.373069374086488
R10MIDDLE_EAST,2046,GRO,1.740225891125281
R10MIDDLE_EAST,2046,OSD,2.145077488769235
R10MIDDLE_EAST,2046,C_B,47.29987831936037
R10MIDDLE_EAST,2046,OTH_A,7.076292929024676
R10MIDDLE_EAST,2046,CEREAL,2.3206769284635342
R10MIDDLE_EAST,2047,CROP_FLW,4.197678817836113
R10MIDDLE_EAST,2047,PDR,3.369636118868091
R10MIDDLE_EAST,2047,WHT,2.3760841632830765
R10MIDDLE_EAST,2047,GRO,1.7464360976410862
R10MIDDLE_EAST,2047,OSD,2.1418771227600177
R10MIDDLE_EAST,2047,C_B,47.256245082448785
R10MIDDLE_EAST,2047,OTH_A,7.087254264374829
R10MIDDLE_EAST,2047,CEREAL,2.325324743929017
R10MIDDLE_EAST,2048,CROP_FLW,4.19693434211631
R10MIDDLE_EAST,2048,PDR,3.352171040204394
R10MIDDLE_EAST,2048,WHT,2.3791027825210445
R10MIDDLE_EAST,2048,GRO,1.752668466029764
R10MIDDLE_EAST,2048,OSD,2.138681531563201
R10MIDDLE_EAST,2048,C_B,47.21265209636725
R10MIDDLE_EAST,2048,OTH_A,7.098232579077571
R10MIDDLE_EAST,2048,CEREAL,2.329981867966638
R10MIDDLE_EAST,2049,CROP_FLW,4.1961899984323585
R10MIDDLE_EAST,2049,PDR,3.3347964843633306
R10MIDDLE_EAST,2049,WHT,2.382125236666144
R10MIDDLE_EAST,2049,GRO,1.758923075378638
R10MIDDLE_EAST,2049,OSD,2.135490708054964
R10MIDDLE_EAST,2049,C_B,47.16909932398513
R10MIDDLE_EAST,2049,OTH_A,7.109227899434297
R10MIDDLE_EAST,2049,CEREAL,2.334648319219463
R10MIDDLE_EAST,2050,CROP_FLW,4.19544578676084
R10MIDDLE_EAST,2050,PDR,3.3175119821582695
R10MIDDLE_EAST,2050,WHT,2.38515153059031
R10MIDDLE_EAST,2050,GRO,1.7652000050572634
R10MIDDLE_EAST,2050,OSD,2.1323046451221135
R10MIDDLE_EAST,2050,C_B,47.125586728206066
R10MIDDLE_EAST,2050,OTH_A,7.1202402517871395
R10MIDDLE_EAST,2050,CEREAL,2.33932411636789
R10MIDDLE_EAST,2051,CROP_FLW,4.196496272339114
R10MIDDLE_EAST,2051,PDR,3.2887225969553673
R10MIDDLE_EAST,2051,WHT,2.387451349648008
R10MIDDLE_EAST,2051,GRO,1.767432079354585
R10MIDDLE_EAST,2051,OSD,2.1217542304873866
R10MIDDLE_EAST,2051,C_B,46.90664685517424
R10MIDDLE_EAST,2051,OTH_A,7.133456760774735
R10MIDDLE_EAST,2051,CEREAL,2.340707745320666
R10MIDDLE_EAST,2052,CROP_FLW,4.197547020945443
R10MIDDLE_EAST,2052,PDR,3.2601830461780277
R10MIDDLE_EAST,2052,WHT,2.389753386245191
R10MIDDLE_EAST,2052,GRO,1.7696669760831636
R10MIDDLE_EAST,2052,OSD,2.1112560181724453
R10MIDDLE_EAST,2052,C_B,46.68872415076207
R10MIDDLE_EAST,2052,OTH_A,7.14669780209602
R10MIDDLE_EAST,2052,CEREAL,2.3420921926419047
R10MIDDLE_EAST,2053,CROP_FLW,4.1985980326456875
R10MIDDLE_EAST,2053,PDR,3.2318911617618853
R10MIDDLE_EAST,2053,WHT,2.3920576425200637
R10MIDDLE_EAST,2053,GRO,1.7719046988119294
R10MIDDLE_EAST,2053,OSD,2.100809749885811
R10MIDDLE_EAST,2053,C_B,46.47181388932509
R10MIDDLE_EAST,2053,OTH_A,7.159963421287638
R10MIDDLE_EAST,2053,CEREAL,2.343477458815641
R10MIDDLE_EAST,2054,CROP_FLW,4.199649307505722
R10MIDDLE_EAST,2054,PDR,3.203844794457045
R10MIDDLE_EAST,2054,WHT,2.3943641206128907
R10MIDDLE_EAST,2054,GRO,1.7741452511143256
R10MIDDLE_EAST,2054,OSD,2.090415168614005
R10MIDDLE_EAST,2054,C_B,46.25591136717362
R10MIDDLE_EAST,2054,OTH_A,7.173253663970747
R10MIDDLE_EAST,2054,CEREAL,2.3448635443261994
R10MIDDLE_EAST,2055,CROP_FLW,4.20070084559144
R10MIDDLE_EAST,2055,PDR,3.1760418136648156
R10MIDDLE_EAST,2055,WHT,2.3966728226660017
R10MIDDLE_EAST,2055,GRO,1.7763886365683152
R10MIDDLE_EAST,2055,OSD,2.0800720186152217
R10MIDDLE_EAST,2055,C_B,46.041011902470736
R10MIDDLE_EAST,2055,OTH_A,7.186568575851195
R10MIDDLE_EAST,2055,CEREAL,2.346250449658188
R10MIDDLE_EAST,2056,CROP_FLW,4.201752646968748
R10MIDDLE_EAST,2056,PDR,3.1484801072758506
R10MIDDLE_EAST,2056,WHT,2.3989837508237897
R10MIDDLE_EAST,2056,GRO,1.778634858756384
R10MIDDLE_EAST,2056,OSD,2.0697800454130406
R10MIDDLE_EAST,2056,C_B,45.8271108351308
R10MIDDLE_EAST,2056,OTH_A,7.199908202719667
R10MIDDLE_EAST,2056,CEREAL,2.347638175296502
R10MIDDLE_EAST,2057,CROP_FLW,4.20280471170357
R10MIDDLE_EAST,2057,PDR,3.121157581509698
R10MIDDLE_EAST,2057,WHT,2.4012969072327195
R10MIDDLE_EAST,2057,GRO,1.780883921265548
R10MIDDLE_EAST,2057,OSD,2.0595389957901613
R10MIDDLE_EAST,2057,C_B,45.61420352671837
R10MIDDLE_EAST,2057,OTH_A,7.213272590451838
R10MIDDLE_EAST,2057,CEREAL,2.349026721726326
R10MIDDLE_EAST,2058,CROP_FLW,4.20385703986185
R10MIDDLE_EAST,2058,PDR,3.0940721607557435
R10MIDDLE_EAST,2058,WHT,2.403612294041321
R10MIDDLE_EAST,2058,GRO,1.7831358276873595
R10MIDDLE_EAST,2058,OSD,2.049348617782177
R10MIDDLE_EAST,2058,C_B,45.4022853603476
R10MIDDLE_EAST,2058,OTH_A,7.226661785008544
R10MIDDLE_EAST,2058,CEREAL,2.350416089433129
R10MIDDLE_EAST,2059,CROP_FLW,4.204909631509545
R10MIDDLE_EAST,2059,PDR,3.0672217874155328
R10MIDDLE_EAST,2059,WHT,2.4059299134001986
R10MIDDLE_EAST,2059,GRO,1.7853905816179119
R10MIDDLE_EAST,2059,OSD,2.039208660671373
R10MIDDLE_EAST,2059,C_B,45.191351740582185
R10MIDDLE_EAST,2059,OTH_A,7.240075832435934
R10MIDDLE_EAST,2059,CEREAL,2.351806278902667
R10MIDDLE_EAST,2060,CROP_FLW,4.205962486712624
R10MIDDLE_EAST,2060,PDR,3.040604421746458
R10MIDDLE_EAST,2060,WHT,2.4082497674620322
R10MIDDLE_EAST,2060,GRO,1.7876481866578453
R10MIDDLE_EAST,2060,OSD,2.02911887498056
R10MIDDLE_EAST,2060,C_B,44.98139809333566
R10MIDDLE_EAST,2060,OTH_A,7.2535147788656245
R10MIDDLE_EAST,2060,CEREAL,2.3531972906209853
R10MIDDLE_EAST,2061,CROP_FLW,4.208901992070382
R10MIDDLE_EAST,2061,PDR,3.0402013427253083
R10MIDDLE_EAST,2061,WHT,2.4070402185121527
R10MIDDLE_EAST,2061,GRO,1.783889357944245
R10MIDDLE_EAST,2061,OSD,2.0212919718441342
R10MIDDLE_EAST,2061,C_B,44.7370783684096
R10MIDDLE_EAST,2061,OTH_A,7.271263114153373
R10MIDDLE_EAST,2061,CEREAL,2.3521156731063395
R10MIDDLE_EAST,2062,CROP_FLW,4.211843551819205
R10MIDDLE_EAST,2062,PDR,3.0397983171385015
R10MIDDLE_EAST,2062,WHT,2.4058312770609978
R10MIDDLE_EAST,2062,GRO,1.7801384327954533
R10MIDDLE_EAST,2062,OSD,2.0134952593552162
R10MIDDLE_EAST,2062,C_B,44.49408568378282
R10MIDDLE_EAST,2062,OTH_A,7.289054877133086
R10MIDDLE_EAST,2062,CEREAL,2.35103455274357
R10MIDDLE_EAST,2063,CROP_FLW,4.214787167394884
R10MIDDLE_EAST,2063,PDR,3.039395344978953
R10MIDDLE_EAST,2063,WHT,2.4046229428034493
R10MIDDLE_EAST,2063,GRO,1.7763953945929056
R10MIDDLE_EAST,2063,OSD,2.005728621059677
R10MIDDLE_EAST,2063,C_B,44.25241283153972
R10MIDDLE_EAST,2063,OTH_A,7.3068901740662495
R10MIDDLE_EAST,2063,CEREAL,2.3499539293041667
R10MIDDLE_EAST,2064,CROP_FLW,4.217732840234218
R10MIDDLE_EAST,2064,PDR,3.0389924262395804
R10MIDDLE_EAST,2064,WHT,2.403415215434544
R10MIDDLE_EAST,2064,GRO,1.7726602267529814
R10MIDDLE_EAST,2064,OSD,1.9979919409525826
R10MIDDLE_EAST,2064,C_B,44.01205264291504
R10MIDDLE_EAST,2064,OTH_A,7.324769111474352
R10MIDDLE_EAST,2064,CEREAL,2.3488738025597256
R10MIDDLE_EAST,2065,CROP_FLW,4.2206805717750076
R10MIDDLE_EAST,2065,PDR,3.038589560913303
R10MIDDLE_EAST,2065,WHT,2.4022080946494695
R10MIDDLE_EAST,2065,GRO,1.7689329127269293
R10MIDDLE_EAST,2065,OSD,1.9902851034764661
R10MIDDLE_EAST,2065,C_B,43.77299798808114
R10MIDDLE_EAST,2065,OTH_A,7.342691796139527
R10MIDDLE_EAST,2065,CEREAL,2.347794172281947
R10MIDDLE_EAST,2066,CROP_FLW,4.223630363456058
R10MIDDLE_EAST,2066,PDR,3.0381867489930388
R10MIDDLE_EAST,2066,WHT,2.4010015801435687
R10MIDDLE_EAST,2066,GRO,1.7652134360007945
R10MIDDLE_EAST,2066,OSD,1.9826079935195984
R10MIDDLE_EAST,2066,C_B,43.5352417759366
R10MIDDLE_EAST,2066,OTH_A,7.360658335105187
R10MIDDLE_EAST,2066,CEREAL,2.346715038242636
R10MIDDLE_EAST,2067,CROP_FLW,4.2265822167171825
R10MIDDLE_EAST,2067,PDR,3.0377839904717083
R10MIDDLE_EAST,2067,WHT,2.399795671612336
R10MIDDLE_EAST,2067,GRO,1.761501780095346
R10MIDDLE_EAST,2067,OSD,1.9749604964142697
R10MIDDLE_EAST,2067,C_B,43.29877695389581
R10MIDDLE_EAST,2067,OTH_A,7.3786688356766685
R10MIDDLE_EAST,2067,CEREAL,2.345636400213703
R10MIDDLE_EAST,2068,CROP_FLW,4.229536132999198
R10MIDDLE_EAST,2068,PDR,3.037381285342233
R10MIDDLE_EAST,2068,WHT,2.398590368751419
R10MIDDLE_EAST,2068,GRO,1.7577979285660026
R10MIDDLE_EAST,2068,OSD,1.9673424979350773
R10MIDDLE_EAST,2068,C_B,43.0635965076798
R10MIDDLE_EAST,2068,OTH_A,7.396723405421866
R10MIDDLE_EAST,2068,CEREAL,2.344558257967163
R10MIDDLE_EAST,2069,CROP_FLW,4.232492113743929
R10MIDDLE_EAST,2069,PDR,3.036978633597535
R10MIDDLE_EAST,2069,WHT,2.397385671256619
R10MIDDLE_EAST,2069,GRO,1.7541018650027609
R10MIDDLE_EAST,2069,OSD,1.9597538842972195
R10MIDDLE_EAST,2069,C_B,42.82969346110815
R10MIDDLE_EAST,2069,OTH_A,7.414822152171878
R10MIDDLE_EAST,2069,CEREAL,2.343480611275136
R10MIDDLE_EAST,2070,CROP_FLW,4.23545016039421
R10MIDDLE_EAST,2070,PDR,3.0365760352305355
R10MIDDLE_EAST,2070,WHT,2.396181578823888
R10MIDDLE_EAST,2070,GRO,1.7504135730301227
R10MIDDLE_EAST,2070,OSD,1.9521945421547946
R10MIDDLE_EAST,2070,C_B,42.59706087589209
R10MIDDLE_EAST,2070,OTH_A,7.43296518402166
R10MIDDLE_EAST,2070,CEREAL,2.3424034599098458
R10MIDDLE_EAST,2071,CROP_FLW,4.230986889918611
R10MIDDLE_EAST,2071,PDR,3.042260694175874
R10MIDDLE_EAST,2071,WHT,2.4126503739933707
R10MIDDLE_EAST,2071,GRO,1.7577000113292254
R10MIDDLE_EAST,2071,OSD,1.9558067263796768
R10MIDDLE_EAST,2071,C_B,42.588375913474906
R10MIDDLE_EAST,2071,OTH_A,7.480436783300391
R10MIDDLE_EAST,2071,CEREAL,2.354719761825666
R10MIDDLE_EAST,2072,CROP_FLW,4.226528322788013
R10MIDDLE_EAST,2072,PDR,3.047955995155843
R10MIDDLE_EAST,2072,WHT,2.429232358086736
R10MIDDLE_EAST,2072,GRO,1.765016780850563
R10MIDDLE_EAST,2072,OSD,1.9594255943005703
R10MIDDLE_EAST,2072,C_B,42.57969272180366
R10MIDDLE_EAST,2072,OTH_A,7.528211566124622
R10MIDDLE_EAST,2072,CEREAL,2.367100822565266
R10MIDDLE_EAST,2073,CROP_FLW,4.2220744540460835
R10MIDDLE_EAST,2073,PDR,3.053661958092992
R10MIDDLE_EAST,2073,WHT,2.4459283090438615
R10MIDDLE_EAST,2073,GRO,1.772364007853771
R10MIDDLE_EAST,2073,OSD,1.9630511582844496
R10MIDDLE_EAST,2073,C_B,42.571011300517306
R10MIDDLE_EAST,2073,OTH_A,7.576291468815517
R10MIDDLE_EAST,2073,CEREAL,2.3795469826290074
R10MIDDLE_EAST,2074,CROP_FLW,4.2176252787417114
R10MIDDLE_EAST,2074,PDR,3.0593786029471675
R10MIDDLE_EAST,2074,WHT,2.4627390101513518
R10MIDDLE_EAST,2074,GRO,1.7797418191240648
R10MIDDLE_EAST,2074,OSD,1.9666834307211736
R10MIDDLE_EAST,2074,C_B,42.562331649254894
R10MIDDLE_EAST,2074,OTH_A,7.624678440060804
R10MIDDLE_EAST,2074,CEREAL,2.392058584307595
R10MIDDLE_EAST,2075,CROP_FLW,4.213180791929005
R10MIDDLE_EAST,2075,PDR,3.0651059497155813
R10MIDDLE_EAST,2075,WHT,2.4796652500792895
R10MIDDLE_EAST,2075,GRO,1.7871503419744286
R10MIDDLE_EAST,2075,OSD,1.970322424023525
R10MIDDLE_EAST,2075,C_B,42.55365376765554
R10MIDDLE_EAST,2075,OTH_A,7.673374440993759
R10MIDDLE_EAST,2075,CEREAL,2.40463597169149
R10MIDDLE_EAST,2076,CROP_FLW,4.208740988667285
R10MIDDLE_EAST,2076,PDR,3.070844018432882
R10MIDDLE_EAST,2076,WHT,2.4967078229182325
R10MIDDLE_EAST,2076,GRO,1.7945897042478107
R10MIDDLE_EAST,2076,OSD,1.9739681506272544
R10MIDDLE_EAST,2076,C_B,42.54497765535844
R10MIDDLE_EAST,2076,OTH_A,7.72238144527269
R10MIDDLE_EAST,2076,CEREAL,2.4172794906803725
R10MIDDLE_EAST,2077,CROP_FLW,4.204305864021074
R10MIDDLE_EAST,2077,PDR,3.076592829171223
R10MIDDLE_EAST,2077,WHT,2.5138675282164713
R10MIDDLE_EAST,2077,GRO,1.8020600343193325
R10MIDDLE_EAST,2077,OSD,1.977620622991123
R10MIDDLE_EAST,2077,C_B,42.53630331200284
R10MIDDLE_EAST,2077,OTH_A,7.771701439160937
R10MIDDLE_EAST,2077,CEREAL,2.429989488992655
R10MIDDLE_EAST,2078,CROP_FLW,4.1998754130601
R10MIDDLE_EAST,2078,PDR,3.082352402040336
R10MIDDLE_EAST,2078,WHT,2.531145171017536
R10MIDDLE_EAST,2078,GRO,1.8095614610985002
R10MIDDLE_EAST,2078,OSD,1.9812798535969445
R10MIDDLE_EAST,2078,C_B,42.527630737228094
R10MIDDLE_EAST,2078,OTH_A,7.821336421607358
R10MIDDLE_EAST,2078,CEREAL,2.4427663161750464
R10MIDDLE_EAST,2079,CROP_FLW,4.1954496308592875
R10MIDDLE_EAST,2079,PDR,3.0881227571875973
R10MIDDLE_EAST,2079,WHT,2.548541561897969
R10MIDDLE_EAST,2079,GRO,1.8170941140314318
R10MIDDLE_EAST,2079,OSD,1.9849458549496275
R10MIDDLE_EAST,2079,C_B,42.5189599306736
R10MIDDLE_EAST,2079,OTH_A,7.871288404327368
R10MIDDLE_EAST,2079,CEREAL,2.4556103236121616
R10MIDDLE_EAST,2080,CROP_FLW,4.191028512498747
R10MIDDLE_EAST,2080,PDR,3.093903914798106
R10MIDDLE_EAST,2080,WHT,2.5660575170053495
R10MIDDLE_EAST,2080,GRO,1.82465812310309
R10MIDDLE_EAST,2080,OSD,1.9886186395772179
R10MIDDLE_EAST,2080,C_B,42.51029089197886
R10MIDDLE_EAST,2080,OTH_A,7.921559411884454
R10MIDDLE_EAST,2080,CEREAL,2.4685218645361906
R10MIDDLE_EAST,2081,CROP_FLW,4.19234854494984
R10MIDDLE_EAST,2081,PDR,3.0942706771116795
R10MIDDLE_EAST,2081,WHT,2.579125775234218
R10MIDDLE_EAST,2081,GRO,1.8359799703858621
R10MIDDLE_EAST,2081,OSD,1.9929953921216341
R10MIDDLE_EAST,2081,C_B,42.63220643998443
R10MIDDLE_EAST,2081,OTH_A,7.9778169031006225
R10MIDDLE_EAST,2081,CEREAL,2.4790629881369326
R10MIDDLE_EAST,2082,CROP_FLW,4.193668993166579
R10MIDDLE_EAST,2082,PDR,3.0946374829025554
R10MIDDLE_EAST,2082,WHT,2.592260586676335
R10MIDDLE_EAST,2082,GRO,1.8473720687607547
R10MIDDLE_EAST,2082,OSD,1.9973817774646443
R10MIDDLE_EAST,2082,C_B,42.754471630406776
R10MIDDLE_EAST,2082,OTH_A,8.034473924908355
R10MIDDLE_EAST,2082,CEREAL,2.4896491246210375
R10MIDDLE_EAST,2083,CROP_FLW,4.194989857279914
R10MIDDLE_EAST,2083,PDR,3.095004332175887
R10MIDDLE_EAST,2083,WHT,2.605462290269768
R10MIDDLE_EAST,2083,GRO,1.858834854129774
R10MIDDLE_EAST,2083,OSD,2.0017778168070834
R10MIDDLE_EAST,2083,C_B,42.87708746598773
R10MIDDLE_EAST,2083,OTH_A,8.091533314702104
R10MIDDLE_EAST,2083,CEREAL,2.5002804662032765
R10MIDDLE_EAST,2084,CROP_FLW,4.19631113742084
R10MIDDLE_EAST,2084,PDR,3.095371224936829
R10MIDDLE_EAST,2084,WHT,2.6187312266787077
R10MIDDLE_EAST,2084,GRO,1.8703687650996605
R10MIDDLE_EAST,2084,OSD,2.0061835313964473
R10MIDDLE_EAST,2084,C_B,43.00005495234489
R10MIDDLE_EAST,2084,OTH_A,8.148997930026992
R10MIDDLE_EAST,2084,CEREAL,2.5109572059192207
R10MIDDLE_EAST,2085,CROP_FLW,4.19763283372039
R10MIDDLE_EAST,2085,PDR,3.095738161190537
R10MIDDLE_EAST,2085,WHT,2.6320677383022577
R10MIDDLE_EAST,2085,GRO,1.8819742429986723
R10MIDDLE_EAST,2085,OSD,2.010598942526996
R10MIDDLE_EAST,2085,C_B,43.123375097979874
R10MIDDLE_EAST,2085,OTH_A,8.20687064872191
R10MIDDLE_EAST,2085,CEREAL,2.521679537628745
R10MIDDLE_EAST,2086,CROP_FLW,4.198954946309642
R10MIDDLE_EAST,2086,PDR,3.0961051409421656
R10MIDDLE_EAST,2086,WHT,2.645472169283271
R10MIDDLE_EAST,2086,GRO,1.8936517318934718
R10MIDDLE_EAST,2086,OSD,2.015024071539855
R10MIDDLE_EAST,2086,C_B,43.24704891428659
R10MIDDLE_EAST,2086,OTH_A,8.265154369063643
R10MIDDLE_EAST,2086,CEREAL,2.5324476560195457
R10MIDDLE_EAST,2087,CROP_FLW,4.200277475319711
R10MIDDLE_EAST,2087,PDR,3.0964721641968733
R10MIDDLE_EAST,2087,WHT,2.6589448655172294
R10MIDDLE_EAST,2087,GRO,1.9054016786061159
R10MIDDLE_EAST,2087,OSD,2.019458939823121
R10MIDDLE_EAST,2087,C_B,43.37107741555953
R10MIDDLE_EAST,2087,OTH_A,8.32385200991202
R10MIDDLE_EAST,2087,CEREAL,2.5432617566106814
R10MIDDLE_EAST,2088,CROP_FLW,4.201600420881758
R10MIDDLE_EAST,2088,PDR,3.096839230959815
R10MIDDLE_EAST,2088,WHT,2.672486174661171
R10MIDDLE_EAST,2088,GRO,1.9172245327311555
R10MIDDLE_EAST,2088,OSD,2.023903568811962
R10MIDDLE_EAST,2088,C_B,43.49546161900208
R10MIDDLE_EAST,2088,OTH_A,8.382966510856086
R10MIDDLE_EAST,2088,CEREAL,2.5541220357561167
R10MIDDLE_EAST,2089,CROP_FLW,4.20292378312698
R10MIDDLE_EAST,2089,PDR,3.097206341236149
R10MIDDLE_EAST,2089,WHT,2.686096446142658
R10MIDDLE_EAST,2089,GRO,1.9291207466528357
R10MIDDLE_EAST,2089,OSD,2.0283579799887246
R10MIDDLE_EAST,2089,C_B,43.620202544734866
R10MIDDLE_EAST,2089,OTH_A,8.442500832361317
R10MIDDLE_EAST,2089,CEREAL,2.5650286906482918
R10MIDDLE_EAST,2090,CROP_FLW,4.204247562186623
R10MIDDLE_EAST,2090,PDR,3.097573495031035
R10MIDDLE_EAST,2090,WHT,2.6997760311687964
R10MIDDLE_EAST,2090,GRO,1.9410907755624072
R10MIDDLE_EAST,2090,OSD,2.032822194883033
R10MIDDLE_EAST,2090,C_B,43.745301215804176
R10MIDDLE_EAST,2090,OTH_A,8.50245795591789
R10MIDDLE_EAST,2090,CEREAL,2.5759819193217
R10MIDDLE_EAST,2091,CROP_FLW,4.204252127233194
R10MIDDLE_EAST,2091,PDR,3.099125619830347
R10MIDDLE_EAST,2091,WHT,2.7021447698251895
R10MIDDLE_EAST,2091,GRO,1.9492141179590663
R10MIDDLE_EAST,2091,OSD,2.033668784198241
R10MIDDLE_EAST,2091,C_B,43.83494779573824
R10MIDDLE_EAST,2091,OTH_A,8.522629380290123
R10MIDDLE_EAST,2091,CEREAL,2.580956733467061
R10MIDDLE_EAST,2092,CROP_FLW,4.204256692284723
R10MIDDLE_EAST,2092,PDR,3.1006785223646816
R10MIDDLE_EAST,2092,WHT,2.7045155867735438
R10MIDDLE_EAST,2092,GRO,1.9573714560310045
R10MIDDLE_EAST,2092,OSD,2.034515726084112
R10MIDDLE_EAST,2092,C_B,43.92477808704405
R10MIDDLE_EAST,2092,OTH_A,8.542848659807692
R10MIDDLE_EAST,2092,CEREAL,2.58594115512387
R10MIDDLE_EAST,2093,CROP_FLW,4.204261257341207
R10MIDDLE_EAST,2093,PDR,3.1022322030237444
R10MIDDLE_EAST,2093,WHT,2.706888483837318
R10MIDDLE_EAST,2093,GRO,1.9655629320479773
R10MIDDLE_EAST,2093,OSD,2.0353630206874764
R10MIDDLE_EAST,2093,C_B,44.014792466198514
R10MIDDLE_EAST,2093,OTH_A,8.563115908003233
R10MIDDLE_EAST,2093,CEREAL,2.5909352028464436
R10MIDDLE_EAST,2094,CROP_FLW,4.204265822402649
R10MIDDLE_EAST,2094,PDR,3.1037866621974373
R10MIDDLE_EAST,2094,WHT,2.7092634628415704
R10MIDDLE_EAST,2094,GRO,1.9737886888751304
R10MIDDLE_EAST,2094,OSD,2.036210668155229
R10MIDDLE_EAST,2094,C_B,44.10499131045008
R10MIDDLE_EAST,2094,OTH_A,8.583431238678727
R10MIDDLE_EAST,2094,CEREAL,2.595938895224932
R10MIDDLE_EAST,2095,CROP_FLW,4.204270387469048
R10MIDDLE_EAST,2095,PDR,3.1053419002758544
R10MIDDLE_EAST,2095,WHT,2.7116405256129616
R10MIDDLE_EAST,2095,GRO,1.9820488699754912
R10MIDDLE_EAST,2095,OSD,2.0370586686343226
R10MIDDLE_EAST,2095,C_B,44.19537499782026
R10MIDDLE_EAST,2095,OTH_A,8.603794765906141
R10MIDDLE_EAST,2095,CEREAL,2.6009522508853853
R10MIDDLE_EAST,2096,CROP_FLW,4.204274952540402
R10MIDDLE_EAST,2096,PDR,3.10689791764929
R10MIDDLE_EAST,2096,WHT,2.7140196739797546
R10MIDDLE_EAST,2096,GRO,1.9903436194124708
R10MIDDLE_EAST,2096,OSD,2.037907022271772
R10MIDDLE_EAST,2096,C_B,44.28594390710523
R10MIDDLE_EAST,2096,OTH_A,8.624206604028068
R10MIDDLE_EAST,2096,CEREAL,2.6059752884898257
R10MIDDLE_EAST,2097,CROP_FLW,4.2042795176167145
R10MIDDLE_EAST,2097,PDR,3.1084547147082295
R10MIDDLE_EAST,2097,WHT,2.716400909771815
R10MIDDLE_EAST,2097,GRO,1.998673081852376
R10MIDDLE_EAST,2097,OSD,2.038755729214654
R10MIDDLE_EAST,2097,C_B,44.37669841787745
R10MIDDLE_EAST,2097,OTH_A,8.644666867658371
R10MIDDLE_EAST,2097,CEREAL,2.6110080267363163
R10MIDDLE_EAST,2098,CROP_FLW,4.204284082697983
R10MIDDLE_EAST,2098,PDR,3.110012291843357
R10MIDDLE_EAST,2098,WHT,2.7187842348206166
R10MIDDLE_EAST,2098,GRO,2.007037402566933
R10MIDDLE_EAST,2098,OSD,2.039604789610107
R10MIDDLE_EAST,2098,C_B,44.46763891048722
R10MIDDLE_EAST,2098,OTH_A,8.66517567168283
R10MIDDLE_EAST,2098,CEREAL,2.61605048435903
R10MIDDLE_EAST,2099,CROP_FLW,4.204288647784209
R10MIDDLE_EAST,2099,PDR,3.1115706494455506
R10MIDDLE_EAST,2099,WHT,2.721169650959237
R10MIDDLE_EAST,2099,GRO,2.0154367274358216
R10MIDDLE_EAST,2099,OSD,2.040454203605328
R10MIDDLE_EAST,2099,C_B,44.55876576606429
R10MIDDLE_EAST,2099,OTH_A,8.685733131259775
R10MIDDLE_EAST,2099,CEREAL,2.6211026801283213
R10MIDDLE_EAST,2100,CROP_FLW,4.204293212875392
R10MIDDLE_EAST,2100,PDR,3.1131297879058843
R10MIDDLE_EAST,2100,WHT,2.7235571600223647
R10MIDDLE_EAST,2100,GRO,2.0238712029492194
R10MIDDLE_EAST,2100,OSD,2.0413039713475793
R10MIDDLE_EAST,2100,C_B,44.65007936651945
R10MIDDLE_EAST,2100,OTH_A,8.706339361820746
R10MIDDLE_EAST,2100,CEREAL,2.626164632850792
R10LATIN_AM,2005,CROP_FLW,8.272132831609154
R10LATIN_AM,2005,PDR,4.447403969766222
R10LATIN_AM,2005,WHT,3.0616114768257865
R10LATIN_AM,2005,GRO,3.4461682315544557
R10LATIN_AM,2005,OSD,3.5691082697138827
R10LATIN_AM,2005,C_B,75.18453318351695
R10LATIN_AM,2005,OTH_A,2.8888979391270277
R10LATIN_AM,2005,CEREAL,3.4841195698291774
R10LATIN_AM,2006,CROP_FLW,8.257485022211377
R10LATIN_AM,2006,PDR,4.5452518577890375
R10LATIN_AM,2006,WHT,3.110744420072465
R10LATIN_AM,2006,GRO,3.4603576936494997
R10LATIN_AM,2006,OSD,3.5880911116541596
R10LATIN_AM,2006,C_B,79.08775043291996
R10LATIN_AM,2006,OTH_A,2.8682828203842985
R10LATIN_AM,2006,CEREAL,3.512021661851891
R10LATIN_AM,2007,CROP_FLW,8.242863150298469
R10LATIN_AM,2007,PDR,4.645252509369113
R10LATIN_AM,2007,WHT,3.160665852038354
R10LATIN_AM,2007,GRO,3.4746055802963998
R10LATIN_AM,2007,OSD,3.607174916709282
R10LATIN_AM,2007,C_B,83.19360383966735
R10LATIN_AM,2007,OTH_A,2.8478148107225167
R10LATIN_AM,2007,CEREAL,3.5401472039381403
R10LATIN_AM,2008,CROP_FLW,8.228267169941848
R10LATIN_AM,2008,PDR,4.747453287725287
R10LATIN_AM,2008,WHT,3.21138842644251
R10LATIN_AM,2008,GRO,3.488912132055948
R10LATIN_AM,2008,OSD,3.62636022186684
R10LATIN_AM,2008,C_B,87.51261329277361
R10LATIN_AM,2008,OTH_A,2.827492860374181
R10LATIN_AM,2008,CEREAL,3.568497985557004
R10LATIN_AM,2009,CROP_FLW,8.213697035294258
R10LATIN_AM,2009,PDR,4.851902598120473
R10LATIN_AM,2009,WHT,3.2629250000717116
R10LATIN_AM,2009,GRO,3.503277590479438
R10LATIN_AM,2009,OSD,3.6456475669704735
R10LATIN_AM,2009,C_B,92.05584482299979
R10LATIN_AM,2009,OTH_A,2.8073159270629104
R10LATIN_AM,2009,CEREAL,3.597075810508276
R10LATIN_AM,2010,CROP_FLW,8.19915270058963
R10LATIN_AM,2010,PDR,4.958649910787789
R10LATIN_AM,2010,WHT,3.3152886360392992
R10LATIN_AM,2010,GRO,3.5177021981127403
R10LATIN_AM,2010,OSD,3.6650374947350626
R10LATIN_AM,2010,C_B,96.83493895589083
R10LATIN_AM,2010,OTH_A,2.787282975949986
R10LATIN_AM,2010,CEREAL,3.625882497037234
R10LATIN_AM,2011,CROP_FLW,8.17619811359601
R10LATIN_AM,2011,PDR,4.981379824685617
R10LATIN_AM,2011,WHT,3.331301611077316
R10LATIN_AM,2011,GRO,3.529770625975577
R10LATIN_AM,2011,OSD,3.6631251485291063
R10LATIN_AM,2011,C_B,97.41994807007
R10LATIN_AM,2011,OTH_A,2.815667934006935
R10LATIN_AM,2011,CEREAL,3.636768997177319
R10LATIN_AM,2012,CROP_FLW,8.153307790933509
R10LATIN_AM,2012,PDR,5.004213930045859
R10LATIN_AM,2012,WHT,3.347391929417144
R10LATIN_AM,2012,GRO,3.5418804578410485
R10LATIN_AM,2012,OSD,3.6612138001486882
R10LATIN_AM,2012,C_B,98.00849140100364
R10LATIN_AM,2012,OTH_A,2.8443419570245805
R10LATIN_AM,2012,CEREAL,3.6476881833973853
R10LATIN_AM,2013,CROP_FLW,8.13048155268583
R10LATIN_AM,2013,PDR,5.027152704470891
R10LATIN_AM,2013,WHT,3.363559964629985
R10LATIN_AM,2013,GRO,3.5540318357567733
R10LATIN_AM,2013,OSD,3.6593034490731626
R10LATIN_AM,2013,C_B,98.60059029996256
R10LATIN_AM,2013,OTH_A,2.873307988764592
R10LATIN_AM,2013,CEREAL,3.658640153835476
R10LATIN_AM,2014,CROP_FLW,8.107719219440378
R10LATIN_AM,2014,PDR,5.050196627752359
R10LATIN_AM,2014,WHT,3.3798060920914055
R10LATIN_AM,2014,GRO,3.5662249022577024
R10LATIN_AM,2014,OSD,3.6573940947821546
R10LATIN_AM,2014,C_B,99.19626624720718
R10LATIN_AM,2014,OTH_A,2.902569002967135
R10LATIN_AM,2014,CEREAL,3.669625006924288
R10LATIN_AM,2015,CROP_FLW,8.085020612286849
R10LATIN_AM,2015,PDR,5.073346181881233
R10LATIN_AM,2015,WHT,3.3961306889900498
R10LATIN_AM,2015,GRO,3.578459800367792
R10LATIN_AM,2015,OSD,3.655485736755561
R10LATIN_AM,2015,C_B,99.79554085276658
R10LATIN_AM,2015,OTH_A,2.932128003656163
R10LATIN_AM,2015,CEREAL,3.680642841392059
R10LATIN_AM,2016,CROP_FLW,8.062385552815812
R10LATIN_AM,2016,PDR,5.09660185105787
R10LATIN_AM,2016,WHT,3.4125341343363984
R10LATIN_AM,2016,GRO,3.59073667360168
R10LATIN_AM,2016,OSD,3.653578374473551
R10LATIN_AM,2016,C_B,100.39843585722258
R10LATIN_AM,2016,OTH_A,2.9619880254478215
R10LATIN_AM,2016,CEREAL,3.6916937562634478
R10LATIN_AM,2017,CROP_FLW,8.039813863117326
R10LATIN_AM,2017,PDR,5.119964121702149
R10LATIN_AM,2017,WHT,3.4290168089715674
R10LATIN_AM,2017,GRO,3.6030556659663695
R10LATIN_AM,2017,OSD,3.6516720074165625
R10LATIN_AM,2017,C_B,101.00497313249844
R10LATIN_AM,2017,OTH_A,2.99215213386199
R10LATIN_AM,2017,CEREAL,3.702777850860433
R10LATIN_AM,2018,CROP_FLW,8.017305365779524
R10LATIN_AM,2018,PDR,5.143433482463649
R10LATIN_AM,2018,WHT,3.4455790955761505
R10LATIN_AM,2018,GRO,3.61541692196292
R10LATIN_AM,2018,OSD,3.649766635065308
R10LATIN_AM,2018,C_B,101.61517468265224
R10LATIN_AM,2018,OTH_A,3.0226234256369966
R10LATIN_AM,2018,CEREAL,3.7138952248032
R10LATIN_AM,2019,CROP_FLW,7.994859883887234
R10LATIN_AM,2019,PDR,5.167010424231864
R10LATIN_AM,2019,WHT,3.4622213786791054
R10LATIN_AM,2019,GRO,3.6278205865881388
R10LATIN_AM,2019,OSD,3.647862256900768
R10LATIN_AM,2019,C_B,102.22906264467532
R10LATIN_AM,2019,OTH_A,3.0534050290475423
R10LATIN_AM,2019,CEREAL,3.7250459780110377
R10LATIN_AM,2020,CROP_FLW,7.972477241020577
R10LATIN_AM,2020,PDR,5.190695440146473
R10LATIN_AM,2020,WHT,3.4789440446666764
R10LATIN_AM,2020,GRO,3.6402668053362874
R10LATIN_AM,2020,OSD,3.645958872404195
R10LATIN_AM,2020,C_B,102.8466592892952
R10LATIN_AM,2020,OTH_A,3.0845001042258535
R10LATIN_AM,2020,CEREAL,3.736230210703239
R10LATIN_AM,2021,CROP_FLW,7.9670660220881135
R10LATIN_AM,2021,PDR,5.228784547265208
R10LATIN_AM,2021,WHT,3.477938488150391
R10LATIN_AM,2021,GRO,3.649088743709332
R10LATIN_AM,2021,OSD,3.649332515630754
R10LATIN_AM,2021,C_B,103.38498116717399
R10LATIN_AM,2021,OTH_A,3.089850685975552
R10LATIN_AM,2021,CEREAL,3.7469406131939604
R10LATIN_AM,2022,CROP_FLW,7.961658475952629
R10LATIN_AM,2022,PDR,5.267153150666827
R10LATIN_AM,2022,WHT,3.4769332222808926
R10LATIN_AM,2022,GRO,3.6579320614484554
R10LATIN_AM,2022,OSD,3.652709280524072
R10LATIN_AM,2022,C_B,103.92612073933867
R10LATIN_AM,2022,OTH_A,3.0952105492049373
R10LATIN_AM,2022,CEREAL,3.757681718482702
R10LATIN_AM,2023,CROP_FLW,7.9562546001212615
R10LATIN_AM,2023,PDR,5.305803301283422
R10LATIN_AM,2023,WHT,3.475928246974172
R10LATIN_AM,2023,GRO,3.666796810365094
R10LATIN_AM,2023,OSD,3.6560891699726614
R10LATIN_AM,2023,C_B,104.47009275421658
R10LATIN_AM,2023,OTH_A,3.1005797100142893
R10LATIN_AM,2023,CEREAL,3.76845361458313
R10LATIN_AM,2024,CROP_FLW,7.950854392102834
R10LATIN_AM,2024,PDR,5.34473706509674
R10LATIN_AM,2024,WHT,3.4749235621462446
R10LATIN_AM,2024,GRO,3.675683042396246
R10LATIN_AM,2024,OSD,3.659472186867704
R10LATIN_AM,2024,C_B,105.0169120374315
R10LATIN_AM,2024,OTH_A,3.105958184531816
R10LATIN_AM,2024,CEREAL,3.7792563897612164
R10LATIN_AM,2025,CROP_FLW,7.945457849407869
R10LATIN_AM,2025,PDR,5.383956523248614
R10LATIN_AM,2025,WHT,3.4739191677131505
R10LATIN_AM,2025,GRO,3.684590809604772
R10LATIN_AM,2025,OSD,3.6628583341030585
R10LATIN_AM,2025,C_B,105.56659349220779
R10LATIN_AM,2025,OTH_A,3.1113459889137047
R10LATIN_AM,2025,CEREAL,3.790090132535957
R10LATIN_AM,2026,CROP_FLW,7.940064969548572
R10LATIN_AM,2026,PDR,5.423463772152211
R10LATIN_AM,2026,WHT,3.4729150635909534
R10LATIN_AM,2026,GRO,3.693520164179709
R10LATIN_AM,2026,OSD,3.6662476145752607
R10LATIN_AM,2026,C_B,106.11915209977656
R10LATIN_AM,2026,OTH_A,3.116743139344166
R10LATIN_AM,2026,CEREAL,3.8009549316801015
R10LATIN_AM,2027,CROP_FLW,7.934675750038838
R10LATIN_AM,2027,PDR,5.46326092360409
R10LATIN_AM,2027,WHT,3.471911249695742
R10LATIN_AM,2027,GRO,3.702471158436565
R10LATIN_AM,2027,OSD,3.6696400311835267
R10LATIN_AM,2027,C_B,106.67460291978392
R10LATIN_AM,2027,OTH_A,3.1221496520354854
R10LATIN_AM,2027,CEREAL,3.811850876220876
R10LATIN_AM,2028,CROP_FLW,7.929290188394252
R10LATIN_AM,2028,PDR,5.503350104897086
R10LATIN_AM,2028,WHT,3.470907725943629
R10LATIN_AM,2028,GRO,3.711443844817635
R10LATIN_AM,2028,OSD,3.6730355868297555
R10LATIN_AM,2028,C_B,107.23296109070148
R10LATIN_AM,2028,OTH_A,3.127565543228072
R10LATIN_AM,2028,CEREAL,3.822778055440716
R10LATIN_AM,2029,CROP_FLW,7.923908282132085
R10LATIN_AM,2029,PDR,5.543733458934019
R10LATIN_AM,2029,WHT,3.469904492250751
R10LATIN_AM,2029,GRO,3.720438275892302
R10LATIN_AM,2029,OSD,3.6764342844185323
R10LATIN_AM,2029,C_B,107.7942418302389
R10LATIN_AM,2029,OTH_A,3.132990829190506
R10LATIN_AM,2029,CEREAL,3.833736558877998
R10LATIN_AM,2030,CROP_FLW,7.918530028771292
R10LATIN_AM,2030,PDR,5.5844131443422365
R10LATIN_AM,2030,WHT,3.468901548533269
R10LATIN_AM,2030,GRO,3.729454504357345
R10LATIN_AM,2030,OSD,3.67983612685713
R10LATIN_AM,2030,C_B,108.35846043575859
R10LATIN_AM,2030,OTH_A,3.138425526219585
R10LATIN_AM,2030,CEREAL,3.844726476327774
R10LATIN_AM,2031,CROP_FLW,7.908240686696962
R10LATIN_AM,2031,PDR,5.608543046761969
R10LATIN_AM,2031,WHT,3.4760797091308424
R10LATIN_AM,2031,GRO,3.7317637211675825
R10LATIN_AM,2031,OSD,3.6807099275124235
R10LATIN_AM,2031,C_B,108.96713959528043
R10LATIN_AM,2031,OTH_A,3.1480779625199755
R10LATIN_AM,2031,CEREAL,3.8523704547715254
R10LATIN_AM,2032,CROP_FLW,7.897964714599123
R10LATIN_AM,2032,PDR,5.6327772129916545
R10LATIN_AM,2032,WHT,3.483272723418797
R10LATIN_AM,2032,GRO,3.7340743678068393
R10LATIN_AM,2032,OSD,3.681583935657279
R10LATIN_AM,2032,C_B,109.57923787240274
R10LATIN_AM,2032,OTH_A,3.157760085529753
R10LATIN_AM,2032,CEREAL,3.8600296307610074
R10LATIN_AM,2033,CROP_FLW,7.88770209510482
R10LATIN_AM,2033,PDR,5.657116093548742
R10LATIN_AM,2033,WHT,3.4904806221337146
R10LATIN_AM,2033,GRO,3.7363864451604423
R10LATIN_AM,2033,OSD,3.6824581513409655
R10LATIN_AM,2033,C_B,110.19477447324583
R10LATIN_AM,2033,OTH_A,3.167471986552368
R10LATIN_AM,2033,CEREAL,3.8677040345115596
R10LATIN_AM,2034,CROP_FLW,7.877452810863671
R10LATIN_AM,2034,PDR,5.681560140897339
R10LATIN_AM,2034,WHT,3.497703436075779
R10LATIN_AM,2034,GRO,3.7386999541142663
R10LATIN_AM,2034,OSD,3.683332574612765
R10LATIN_AM,2034,C_B,110.81376871181605
R10LATIN_AM,2034,OTH_A,3.1772137571720758
R10LATIN_AM,2034,CEREAL,3.8753936962985938
R10LATIN_AM,2035,CROP_FLW,7.867216844547845
R10LATIN_AM,2035,PDR,5.7061098094566205
R10LATIN_AM,2035,WHT,3.5049411961089088
R10LATIN_AM,2035,GRO,3.7410148955547333
R10LATIN_AM,2035,OSD,3.68420720552197
R10LATIN_AM,2035,C_B,111.4362400106118
R10LATIN_AM,2035,OTH_A,3.186985489254808
R10LATIN_AM,2035,CEREAL,3.8830986464577144
R10LATIN_AM,2036,CROP_FLW,7.85699417885202
R10LATIN_AM,2036,PDR,5.730765555609278
R10LATIN_AM,2036,WHT,3.5121939331608902
R10LATIN_AM,2036,GRO,3.7433312703688166
R10LATIN_AM,2036,OSD,3.685082044117887
R10LATIN_AM,2036,C_B,112.06220790123302
R10LATIN_AM,2036,OTH_A,3.196787274949037
R10LATIN_AM,2036,CEREAL,3.890818915384837
R10LATIN_AM,2037,CROP_FLW,7.846784796493364
R10LATIN_AM,2037,PDR,5.755527837710005
R10LATIN_AM,2037,WHT,3.5194616782235055
R10LATIN_AM,2037,GRO,3.7456490794440382
R10LATIN_AM,2037,OSD,3.685957090449831
R10LATIN_AM,2037,C_B,112.69169202499393
R10LATIN_AM,2037,OTH_A,3.2066192066866406
R10LATIN_AM,2037,CEREAL,3.8985545335363128
R10LATIN_AM,2038,CROP_FLW,7.836588680211502
R10LATIN_AM,2038,PDR,5.78039711609402
R10LATIN_AM,2038,WHT,3.5267444623526703
R10LATIN_AM,2038,GRO,3.7479683236684673
R10LATIN_AM,2038,OSD,3.68683234456713
R10LATIN_AM,2038,C_B,113.3247121335394
R10LATIN_AM,2038,OTH_A,3.2164813771837797
R10LATIN_AM,2038,CEREAL,3.9063055314290427
R10LATIN_AM,2039,CROP_FLW,7.826405812768487
R10LATIN_AM,2039,PDR,5.805373853085616
R10LATIN_AM,2039,WHT,3.5340423166685633
R10LATIN_AM,2039,GRO,3.750289003930726
R10LATIN_AM,2039,OSD,3.687707806519125
R10LATIN_AM,2039,C_B,113.9612880894648
R10LATIN_AM,2039,OTH_A,3.226373879441769
R10LATIN_AM,2039,CEREAL,3.9140719396406016
R10LATIN_AM,2040,CROP_FLW,7.8162361769487685
R10LATIN_AM,2040,PDR,5.830458513006767
R10LATIN_AM,2040,WHT,3.5413552723557586
R10LATIN_AM,2040,GRO,3.7526111211199833
R10LATIN_AM,2040,OSD,3.6885834763551664
R10LATIN_AM,2040,C_B,114.60143986693897
R10LATIN_AM,2040,OTH_A,3.236296806747955
R10LATIN_AM,2040,CEREAL,3.9218537888093556
R10LATIN_AM,2041,CROP_FLW,7.810983142912327
R10LATIN_AM,2041,PDR,5.8450563599698135
R10LATIN_AM,2041,WHT,3.5454996751243355
R10LATIN_AM,2041,GRO,3.752554515854569
R10LATIN_AM,2041,OSD,3.689274234974193
R10LATIN_AM,2041,C_B,115.15866936381828
R10LATIN_AM,2041,OTH_A,3.2525238644575922
R10LATIN_AM,2041,CEREAL,3.92623292545904
R10LATIN_AM,2042,CROP_FLW,7.805733639266467
R10LATIN_AM,2042,PDR,5.8596907558827365
R10LATIN_AM,2042,WHT,3.5496489280344505
R10LATIN_AM,2042,GRO,3.752497911443001
R10LATIN_AM,2042,OSD,3.689965122951136
R10LATIN_AM,2042,C_B,115.7186082918579
R10LATIN_AM,2042,OTH_A,3.268832285965928
R10LATIN_AM,2042,CEREAL,3.9306169518467993
R10LATIN_AM,2043,CROP_FLW,7.800487663638531
R10LATIN_AM,2043,PDR,5.874361792253946
R10LATIN_AM,2043,WHT,3.5538030367621625
R10LATIN_AM,2043,GRO,3.7524413078852676
R10LATIN_AM,2043,OSD,3.6906561403102183
R10LATIN_AM,2043,C_B,116.2812698251939
R10LATIN_AM,2043,OTH_A,3.285222479237724
R10LATIN_AM,2043,CEREAL,3.9350058734325093
R10LATIN_AM,2044,CROP_FLW,7.795245213657454
R10LATIN_AM,2044,PDR,5.889069560820962
R10LATIN_AM,2044,WHT,3.557962006990172
R10LATIN_AM,2044,GRO,3.7523847051813557
R10LATIN_AM,2044,OSD,3.6913472870756707
R10LATIN_AM,2044,C_B,116.84666720201929
R10LATIN_AM,2044,OTH_A,3.3016948542833116
R10LATIN_AM,2044,CEREAL,3.9393996956821393
R10LATIN_AM,2045,CROP_FLW,7.790006286953765
R10LATIN_AM,2045,PDR,5.9038141535509885
R10LATIN_AM,2045,WHT,3.562125844407832
R10LATIN_AM,2045,GRO,3.752328103331252
R10LATIN_AM,2045,OSD,3.6920385632717263
R10LATIN_AM,2045,C_B,117.41481372489544
R10LATIN_AM,2045,OTH_A,3.318249823168846
R10LATIN_AM,2045,CEREAL,3.9437984240677673
R10LATIN_AM,2046,CROP_FLW,7.784770881159587
R10LATIN_AM,2046,PDR,5.91859566264149
R10LATIN_AM,2046,WHT,3.566294554711151
R10LATIN_AM,2046,GRO,3.7522715023349438
R10LATIN_AM,2046,OSD,3.692729968922624
R10LATIN_AM,2046,C_B,117.9857227610652
R10LATIN_AM,2046,OTH_A,3.334887800026619
R10LATIN_AM,2046,CEREAL,3.9482020640675755
R10LATIN_AM,2047,CROP_FLW,7.7795389939086315
R10LATIN_AM,2047,PDR,5.93341418052077
R10LATIN_AM,2047,WHT,3.5704681436028047
R10LATIN_AM,2047,GRO,3.752214902192418
R10LATIN_AM,2047,OSD,3.693421504052606
R10LATIN_AM,2047,C_B,118.55940774276723
R10LATIN_AM,2047,OTH_A,3.3516092010654117
R10LATIN_AM,2047,CEREAL,3.9526106211658676
R10LATIN_AM,2048,CROP_FLW,7.774310622836203
R10LATIN_AM,2048,PDR,5.9482697998485445
R10LATIN_AM,2048,WHT,3.574646616792144
R10LATIN_AM,2048,GRO,3.7521583029036627
R10LATIN_AM,2048,OSD,3.69411316868592
R10LATIN_AM,2048,C_B,119.13588216755208
R10LATIN_AM,2048,OTH_A,3.368414444580914
R10LATIN_AM,2048,CEREAL,3.9570241008530678
R10LATIN_AM,2049,CROP_FLW,7.769085765579193
R10LATIN_AM,2049,PDR,5.963162613516524
R10LATIN_AM,2049,WHT,3.578829979995199
R10LATIN_AM,2049,GRO,3.752101704468664
R10LATIN_AM,2049,OSD,3.694804962846819
R10LATIN_AM,2049,C_B,119.71515959859987
R10LATIN_AM,2049,OTH_A,3.3853039509661813
R10LATIN_AM,2049,CEREAL,3.961442508625732
R10LATIN_AM,2050,CROP_FLW,7.763864419776084
R10LATIN_AM,2050,PDR,5.9780927146489935
R10LATIN_AM,2050,WHT,3.58301823893469
R10LATIN_AM,2050,GRO,3.7520451068874094
R10LATIN_AM,2050,OSD,3.695496886559561
R10LATIN_AM,2050,C_B,120.29725366503912
R10LATIN_AM,2050,OTH_A,3.4022781427221567
R10LATIN_AM,2050,CEREAL,3.9658658499865536
R10LATIN_AM,2051,CROP_FLW,7.765717124420466
R10LATIN_AM,2051,PDR,5.986841334115822
R10LATIN_AM,2051,WHT,3.580299667310597
R10LATIN_AM,2051,GRO,3.7600750414019144
R10LATIN_AM,2051,OSD,3.6965837065111344
R10LATIN_AM,2051,C_B,120.82647784367518
R10LATIN_AM,2051,OTH_A,3.425370702385166
R10LATIN_AM,2051,CEREAL,3.9738834839027666
R10LATIN_AM,2052,CROP_FLW,7.767570271179022
R10LATIN_AM,2052,PDR,5.995602756720077
R10LATIN_AM,2052,WHT,3.577583158369746
R10LATIN_AM,2052,GRO,3.768122161170453
R10LATIN_AM,2052,OSD,3.697670846088902
R10LATIN_AM,2052,C_B,121.35803024031055
R10LATIN_AM,2052,OTH_A,3.448620000060008
R10LATIN_AM,2052,CEREAL,3.981917326751921
R10LATIN_AM,2053,CROP_FLW,7.7694238601572545
R10LATIN_AM,2053,PDR,6.004377001198466
R10LATIN_AM,2053,WHT,3.5748687105471
R10LATIN_AM,2053,GRO,3.7761865029720245
R10LATIN_AM,2053,OSD,3.6987583053868645
R10LATIN_AM,2053,C_B,121.89192109748384
R10LATIN_AM,2053,OTH_A,3.47202709958736
R10LATIN_AM,2053,CEREAL,3.989967411302973
R10LATIN_AM,2054,CROP_FLW,7.771277891460689
R10LATIN_AM,2054,PDR,6.013164086315119
R10LATIN_AM,2054,WHT,3.5721563222788117
R10LATIN_AM,2054,GRO,3.7842681036643406
R10LATIN_AM,2054,OSD,3.699846084499049
R10LATIN_AM,2054,C_B,122.42816070279358
R10LATIN_AM,2054,OTH_A,3.4955930720285955
R10LATIN_AM,2054,CEREAL,3.998033770391129
R10LATIN_AM,2055,CROP_FLW,7.77313236519488
R10LATIN_AM,2055,PDR,6.021964030861623
R10LATIN_AM,2055,WHT,3.5694459920022186
R10LATIN_AM,2055,GRO,3.7923670001839946
R10LATIN_AM,2055,OSD,3.7009341835195104
R10LATIN_AM,2055,C_B,122.96675938909667
R10LATIN_AM,2055,OTH_A,3.519318995714787
R10LATIN_AM,2055,CEREAL,4.006116436917977
R10LATIN_AM,2056,CROP_FLW,7.774987281465406
R10LATIN_AM,2056,PDR,6.030776853657068
R10LATIN_AM,2056,WHT,3.5667377181558444
R10LATIN_AM,2056,GRO,3.8004832295466286
R10LATIN_AM,2056,OSD,3.702022602542331
R10LATIN_AM,2056,C_B,123.50772753470733
R10LATIN_AM,2056,OTH_A,3.543205956296053
R10LATIN_AM,2056,CEREAL,4.014215443851618
R10LATIN_AM,2057,CROP_FLW,7.776842640377869
R10LATIN_AM,2057,PDR,6.039602573548081
R10LATIN_AM,2057,WHT,3.5640314991793978
R10LATIN_AM,2057,GRO,3.8086168288471045
R10LATIN_AM,2057,OSD,3.703111341661623
R10LATIN_AM,2057,C_B,124.05107556359718
R10LATIN_AM,2057,OTH_A,3.567255046791232
R10LATIN_AM,2057,CEREAL,4.022330824226806
R10LATIN_AM,2058,CROP_FLW,7.778698442037898
R10LATIN_AM,2058,PDR,6.0484412094088755
R10LATIN_AM,2058,WHT,3.561327333513771
R10LATIN_AM,2058,GRO,3.816767835259673
R10LATIN_AM,2058,OSD,3.7042004009715233
R10LATIN_AM,2058,C_B,124.59681394559605
R10LATIN_AM,2058,OTH_A,3.5914673676379016
R10LATIN_AM,2058,CEREAL,4.03046261114508
R10LATIN_AM,2059,CROP_FLW,7.780554686551147
R10LATIN_AM,2059,PDR,6.057292780141283
R10LATIN_AM,2059,WHT,3.5586252196010397
R10LATIN_AM,2059,GRO,3.8249362860381417
R10LATIN_AM,2059,OSD,3.705289780566197
R10LATIN_AM,2059,C_B,125.14495319659369
R10LATIN_AM,2059,OTH_A,3.615844026742725
R10LATIN_AM,2059,CEREAL,4.038610837774899
R10LATIN_AM,2060,CROP_FLW,7.78241137402329
R10LATIN_AM,2060,PDR,6.066157304674801
R10LATIN_AM,2060,WHT,3.5559251558844602
R10LATIN_AM,2060,GRO,3.833122218516049
R10LATIN_AM,2060,OSD,3.7063794805398382
R10LATIN_AM,2060,C_B,125.69550387874253
R10LATIN_AM,2060,OTH_A,3.640386139532156
R10LATIN_AM,2060,CEREAL,4.046775537351772
R10LATIN_AM,2061,CROP_FLW,7.79858091412816
R10LATIN_AM,2061,PDR,6.069103304899708
R10LATIN_AM,2061,WHT,3.5532543061099733
R10LATIN_AM,2061,GRO,3.842254209872831
R10LATIN_AM,2061,OSD,3.710340873552603
R10LATIN_AM,2061,C_B,126.15555050118938
R10LATIN_AM,2061,OTH_A,3.660440165063203
R10LATIN_AM,2061,CEREAL,4.054028866467365
R10LATIN_AM,2062,CROP_FLW,7.814784049736355
R10LATIN_AM,2062,PDR,6.072050735835505
R10LATIN_AM,2062,WHT,3.550585462406538
R10LATIN_AM,2062,GRO,3.851407957192869
R10LATIN_AM,2062,OSD,3.7143065005178504
R10LATIN_AM,2062,C_B,126.61728089822078
R10LATIN_AM,2062,OTH_A,3.680604663473935
R10LATIN_AM,2062,CEREAL,4.06129519625047
R10LATIN_AM,2063,CROP_FLW,7.831020850649358
R10LATIN_AM,2063,PDR,6.074999598177013
R10LATIN_AM,2063,WHT,3.547918623267398
R10LATIN_AM,2063,GRO,3.8605835123073478
R10LATIN_AM,2063,OSD,3.718276365960844
R10LATIN_AM,2063,C_B,127.08070123246618
R10LATIN_AM,2063,OTH_A,3.700880243333297
R10LATIN_AM,2063,CEREAL,4.0685745500031265
R10LATIN_AM,2064,CROP_FLW,7.847291386813676
R10LATIN_AM,2064,PDR,6.077949892619385
R10LATIN_AM,2064,WHT,3.545253787186928
R10LATIN_AM,2064,GRO,3.8697809271709356
R10LATIN_AM,2064,OSD,3.722250474411688
R10LATIN_AM,2064,C_B,127.54581768911028
R10LATIN_AM,2064,OTH_A,3.721267516562694
R10LATIN_AM,2064,CEREAL,4.0758669510691385
R10LATIN_AM,2065,CROP_FLW,7.863595728321145
R10LATIN_AM,2065,PDR,6.080901619858115
R10LATIN_AM,2065,WHT,3.542590952660633
R10LATIN_AM,2065,GRO,3.879000253862075
R10LATIN_AM,2065,OSD,3.7262288304053235
R10LATIN_AM,2065,C_B,128.01263647597557
R10LATIN_AM,2065,OTH_A,3.741767098454464
R10LATIN_AM,2065,CEREAL,4.083172422834153
R10LATIN_AM,2066,CROP_FLW,7.8799339454092285
R10LATIN_AM,2066,PDR,6.083854780589032
R10LATIN_AM,2066,WHT,3.5399301181851506
R10LATIN_AM,2066,GRO,3.888241544583282
R10LATIN_AM,2066,OSD,3.730211438481543
R10LATIN_AM,2066,C_B,128.48116382360527
R10LATIN_AM,2066,OTH_A,3.7623796076904434
R10LATIN_AM,2066,CEREAL,4.09049098872573
R10LATIN_AM,2067,CROP_FLW,7.896306108461329
R10LATIN_AM,2067,PDR,6.086809375508307
R10LATIN_AM,2067,WHT,3.5372712822582444
R10LATIN_AM,2067,GRO,3.897504851661438
R10LATIN_AM,2067,OSD,3.734198303184988
R10LATIN_AM,2067,C_B,128.9514059853465
R10LATIN_AM,2067,OTH_A,3.783105666360641
R10LATIN_AM,2067,CEREAL,4.097822672213421
R10LATIN_AM,2068,CROP_FLW,7.912712288007075
R10LATIN_AM,2068,PDR,6.089765405312445
R10LATIN_AM,2068,WHT,3.5346144433788083
R10LATIN_AM,2068,GRO,3.906790227548087
R10LATIN_AM,2068,OSD,3.7381894290651587
R10LATIN_AM,2068,C_B,129.42336923743355
R10LATIN_AM,2068,OTH_A,3.80394589998201
R10LATIN_AM,2068,CEREAL,4.1051674968088445
R10LATIN_AM,2069,CROP_FLW,7.929152554722645
R10LATIN_AM,2069,PDR,6.092722870698292
R10LATIN_AM,2069,WHT,3.5319596000468625
R10LATIN_AM,2069,GRO,3.9160977248197346
R10LATIN_AM,2069,OSD,3.742184820676417
R10LATIN_AM,2069,C_B,129.89705987907186
R10LATIN_AM,2069,OTH_A,3.8249009375173317
R10LATIN_AM,2069,CEREAL,4.112525486065762
R10LATIN_AM,2070,CROP_FLW,7.945626979431054
R10LATIN_AM,2070,PDR,6.095681772363038
R10LATIN_AM,2070,WHT,3.5293067507635545
R10LATIN_AM,2070,GRO,3.9254273961781463
R10LATIN_AM,2070,OSD,3.746184482577995
R10LATIN_AM,2070,C_B,130.37248423252194
R10LATIN_AM,2070,OTH_A,3.8459714113941907
R10LATIN_AM,2070,CEREAL,4.1198966635801435
R10LATIN_AM,2071,CROP_FLW,7.945810743207081
R10LATIN_AM,2071,PDR,6.113924479218331
R10LATIN_AM,2071,WHT,3.530949652672112
R10LATIN_AM,2071,GRO,3.9329933143869953
R10LATIN_AM,2071,OSD,3.753473504105858
R10LATIN_AM,2071,C_B,130.96032421188696
R10LATIN_AM,2071,OTH_A,3.863424146157083
R10LATIN_AM,2071,CEREAL,4.127138490839984
R10LATIN_AM,2072,CROP_FLW,7.945994511233134
R10LATIN_AM,2072,PDR,6.13222178150131
R10LATIN_AM,2072,WHT,3.5325933193559846
R10LATIN_AM,2072,GRO,3.940573815241901
R10LATIN_AM,2072,OSD,3.7607767080198475
R10LATIN_AM,2072,C_B,131.55081471864946
R10LATIN_AM,2072,OTH_A,3.880956080143818
R10LATIN_AM,2072,CEREAL,4.134393047560378
R10LATIN_AM,2073,CROP_FLW,7.94617828350931
R10LATIN_AM,2073,PDR,6.150573842601147
R10LATIN_AM,2073,WHT,3.5342377511711773
R10LATIN_AM,2073,GRO,3.9481689268496414
R10LATIN_AM,2073,OSD,3.768094121914899
R10LATIN_AM,2073,C_B,132.14396770384334
R10LATIN_AM,2073,OTH_A,3.898567572754635
R10LATIN_AM,2073,CEREAL,4.141660356116779
R10LATIN_AM,2074,CROP_FLW,7.946362060035712
R10LATIN_AM,2074,PDR,6.168980826395989
R10LATIN_AM,2074,WHT,3.5358829484738594
R10LATIN_AM,2074,GRO,3.9557786773711623
R10LATIN_AM,2074,OSD,3.77542577343964
R10LATIN_AM,2074,C_B,132.73979517238868
R10LATIN_AM,2074,OTH_A,3.9162589850207064
R10LATIN_AM,2074,CEREAL,4.148940438923969
R10LATIN_AM,2075,CROP_FLW,7.9465458408124325
R10LATIN_AM,2075,PDR,6.187442897254427
R10LATIN_AM,2075,WHT,3.537528911620369
R10LATIN_AM,2075,GRO,3.963403095021693
R10LATIN_AM,2075,OSD,3.7827716902964923
R10LATIN_AM,2075,C_B,133.3383091833351
R10LATIN_AM,2075,OTH_A,3.9340306796115363
R10LATIN_AM,2075,CEREAL,4.156233318436133
R10LATIN_AM,2076,CROP_FLW,7.946729625839574
R10LATIN_AM,2076,PDR,6.205960220036966
R10LATIN_AM,2076,WHT,3.5391756409672084
R10LATIN_AM,2076,GRO,3.971042208070843
R10LATIN_AM,2076,OSD,3.790131900241783
R10LATIN_AM,2076,C_B,133.93952185010534
R10LATIN_AM,2076,OTH_A,3.9518830208423963
R10LATIN_AM,2076,CEREAL,4.163539017146923
R10LATIN_AM,2077,CROP_FLW,7.946913415117235
R10LATIN_AM,2077,PDR,6.224532960097483
R10LATIN_AM,2077,WHT,3.5408231368710448
R10LATIN_AM,2077,GRO,3.978696044842707
R10LATIN_AM,2077,OSD,3.7975064310858406
R10LATIN_AM,2077,C_B,134.54344534074082
R10LATIN_AM,2077,OTH_A,3.9698163746817943
R10LATIN_AM,2077,CEREAL,4.1708575575895335
R10LATIN_AM,2078,CROP_FLW,7.94709720864551
R10LATIN_AM,2078,PDR,6.243161283284726
R10LATIN_AM,2078,WHT,3.5424713996887136
R10LATIN_AM,2078,GRO,3.986364633715974
R10LATIN_AM,2078,OSD,3.8048953106931083
R10LATIN_AM,2078,C_B,135.15009187814775
R10LATIN_AM,2078,OTH_A,3.9878311087589746
R10LATIN_AM,2078,CEREAL,4.178188962336763
R10LATIN_AM,2079,CROP_FLW,7.947281006424501
R10LATIN_AM,2079,PDR,6.261845355943776
R10LATIN_AM,2079,WHT,3.544120429777215
R10LATIN_AM,2079,GRO,3.994048003124031
R10LATIN_AM,2079,OSD,3.8122985669822436
R10LATIN_AM,2079,C_B,135.75947374034448
R10LATIN_AM,2079,OTH_A,4.00592759237146
R10LATIN_AM,2079,CEREAL,4.185533254001089
R10LATIN_AM,2080,CROP_FLW,7.947464808454305
R10LATIN_AM,2080,PDR,6.280585344917532
R10LATIN_AM,2080,WHT,3.5457702274937173
R10LATIN_AM,2080,GRO,4.001746181555064
R10LATIN_AM,2080,OSD,3.819716227926228
R10LATIN_AM,2080,C_B,136.3716032607102
R10LATIN_AM,2080,OTH_A,4.024106196492613
R10LATIN_AM,2080,CEREAL,4.192890455234739
R10LATIN_AM,2081,CROP_FLW,7.951815963723669
R10LATIN_AM,2081,PDR,6.292256870093311
R10LATIN_AM,2081,WHT,3.5475515332970056
R10LATIN_AM,2081,GRO,4.006965737541129
R10LATIN_AM,2081,OSD,3.825891678795499
R10LATIN_AM,2081,C_B,137.02583402522578
R10LATIN_AM,2081,OTH_A,4.040940862924422
R10LATIN_AM,2081,CEREAL,4.19742593063423
R10LATIN_AM,2082,CROP_FLW,7.956169501205805
R10LATIN_AM,2082,PDR,6.303950085046786
R10LATIN_AM,2082,WHT,3.5493337339835382
R10LATIN_AM,2082,GRO,4.012192101496379
R10LATIN_AM,2082,OSD,3.832077113703154
R10LATIN_AM,2082,C_B,137.68320340425495
R10LATIN_AM,2082,OTH_A,4.057845956422524
R10LATIN_AM,2082,CEREAL,4.2019663120853625
R10LATIN_AM,2083,CROP_FLW,7.960525422204951
R10LATIN_AM,2083,PDR,6.315665030085153
R10LATIN_AM,2083,WHT,3.5511168300028824
R10LATIN_AM,2083,GRO,4.017425282300582
R10LATIN_AM,2083,OSD,3.8382725487906924
R10LATIN_AM,2083,C_B,138.34372645502464
R10LATIN_AM,2083,OTH_A,4.074821771615366
R10LATIN_AM,2083,CEREAL,4.206511604895043
R10LATIN_AM,2084,CROP_FLW,7.964883728026058
R10LATIN_AM,2084,PDR,6.327401745590513
R10LATIN_AM,2084,WHT,3.5529008218048306
R10LATIN_AM,2084,GRO,4.022665288845088
R10LATIN_AM,2084,OSD,3.844478000225705
R10LATIN_AM,2084,C_B,139.00741830699747
R10LATIN_AM,2084,OTH_A,4.091868604363967
R10LATIN_AM,2084,CEREAL,4.211061814375917
R10LATIN_AM,2085,CROP_FLW,7.96924441997479
R10LATIN_AM,2085,PDR,6.33916027202001
R10LATIN_AM,2085,WHT,3.554685709839401
R10LATIN_AM,2085,GRO,4.027912130032844
R10LATIN_AM,2085,OSD,3.850693484201926
R10LATIN_AM,2085,C_B,139.6742941622183
R10LATIN_AM,2085,OTH_A,4.108986751767059
R10LATIN_AM,2085,CEREAL,4.215616945846379
R10LATIN_AM,2086,CROP_FLW,7.97360749935753
R10LATIN_AM,2086,PDR,6.350940649905976
R10LATIN_AM,2086,WHT,3.5564714945568388
R10LATIN_AM,2086,GRO,4.033165814778408
R10LATIN_AM,2086,OSD,3.8569190169392678
R10LATIN_AM,2086,C_B,140.34436929566252
R10LATIN_AM,2086,OTH_A,4.1261765121662775
R10LATIN_AM,2086,CEREAL,4.220177004630575
R10LATIN_AM,2087,CROP_FLW,7.977972967481373
R10LATIN_AM,2087,PDR,6.36274291985606
R10LATIN_AM,2087,WHT,3.558258176407614
R10LATIN_AM,2087,GRO,4.038426352007967
R10LATIN_AM,2087,OSD,3.863154614683867
R10LATIN_AM,2087,C_B,141.0176590555858
R10LATIN_AM,2087,OTH_A,4.143438185151356
R10LATIN_AM,2087,CEREAL,4.224741996058411
R10LATIN_AM,2088,CROP_FLW,7.982340825654127
R10LATIN_AM,2088,PDR,6.374567122553377
R10LATIN_AM,2088,WHT,3.560045755842425
R10LATIN_AM,2088,GRO,4.043693750659352
R10LATIN_AM,2088,OSD,3.869400293708125
R10LATIN_AM,2088,C_B,141.69417886387578
R10LATIN_AM,2088,OTH_A,4.160772071565347
R10LATIN_AM,2088,CEREAL,4.229311925465557
R10LATIN_AM,2089,CROP_FLW,7.986711075184323
R10LATIN_AM,2089,PDR,6.386413298756649
R10LATIN_AM,2089,WHT,3.5618342333121955
R10LATIN_AM,2089,GRO,4.0489680196820474
R10LATIN_AM,2089,OSD,3.8756560703107525
R10LATIN_AM,2089,C_B,142.37394421640516
R10LATIN_AM,2089,OTH_A,4.178178473509868
R10LATIN_AM,2089,CEREAL,4.233886798193456
R10LATIN_AM,2090,CROP_FLW,7.991083717381198
R10LATIN_AM,2090,PDR,6.398281489300334
R10LATIN_AM,2090,WHT,3.563623609268071
R10LATIN_AM,2090,GRO,4.054249168037219
R10LATIN_AM,2090,OSD,3.8819219608168094
R10LATIN_AM,2090,C_B,143.05697068338702
R10LATIN_AM,2090,OTH_A,4.195657694350361
R10LATIN_AM,2090,CEREAL,4.238466619589331
R10LATIN_AM,2091,CROP_FLW,7.999437546501827
R10LATIN_AM,2091,PDR,6.408263340395732
R10LATIN_AM,2091,WHT,3.5667775793852696
R10LATIN_AM,2091,GRO,4.058537625213683
R10LATIN_AM,2091,OSD,3.8877563216400617
R10LATIN_AM,2091,C_B,143.73136120536662
R10LATIN_AM,2091,OTH_A,4.209661400783881
R10LATIN_AM,2091,CEREAL,4.24260623390889
R10LATIN_AM,2092,CROP_FLW,8.00780010866336
R10LATIN_AM,2092,PDR,6.4182607640087594
R10LATIN_AM,2092,WHT,3.569934340910482
R10LATIN_AM,2092,GRO,4.062830618585183
R10LATIN_AM,2092,OSD,3.8935994512553096
R10LATIN_AM,2092,C_B,144.40893089837135
R10LATIN_AM,2092,OTH_A,4.223711846920247
R10LATIN_AM,2092,CEREAL,4.246749891295967
R10LATIN_AM,2093,CROP_FLW,8.016171412995268
R10LATIN_AM,2093,PDR,6.428273784433839
R10LATIN_AM,2093,WHT,3.573093896314231
R10LATIN_AM,2093,GRO,4.067128152949965
R10LATIN_AM,2093,OSD,3.899451362841667
R10LATIN_AM,2093,C_B,145.08969474945698
R10LATIN_AM,2093,OTH_A,4.237809188761001
R10LATIN_AM,2093,CEREAL,4.250897595699334
R10LATIN_AM,2094,CROP_FLW,8.024551468636554
R10LATIN_AM,2094,PDR,6.438302426003294
R10LATIN_AM,2094,WHT,3.5762562480692286
R10LATIN_AM,2094,GRO,4.071430233111347
R10LATIN_AM,2094,OSD,3.9053120695980588
R10LATIN_AM,2094,C_B,145.7736678163305
R10LATIN_AM,2094,OTH_A,4.251953582828372
R10LATIN_AM,2094,CEREAL,4.255049351071619
R10LATIN_AM,2095,CROP_FLW,8.032940284735787
R10LATIN_AM,2095,PDR,6.448346713087407
R10LATIN_AM,2095,WHT,3.5794213986503736
R10LATIN_AM,2095,GRO,4.075736863877732
R10LATIN_AM,2095,OSD,3.9111815847432423
R10LATIN_AM,2095,C_B,146.4608652276829
R10LATIN_AM,2095,OTH_A,4.266145186166999
R10LATIN_AM,2095,CEREAL,4.259205161369315
R10LATIN_AM,2096,CROP_FLW,8.041337870451095
R10LATIN_AM,2096,PDR,6.458406670094484
R10LATIN_AM,2096,WHT,3.5825893505347537
R10LATIN_AM,2096,GRO,4.080048050062604
R10LATIN_AM,2096,OSD,3.9170599215158473
R10LATIN_AM,2096,C_B,147.15130218352394
R10LATIN_AM,2096,OTH_A,4.280384156345692
R10LATIN_AM,2096,CEREAL,4.263365030552773
R10LATIN_AM,2097,CROP_FLW,8.049744234950179
R10LATIN_AM,2097,PDR,6.4684823214709075
R10LATIN_AM,2097,WHT,3.585760106201652
R10LATIN_AM,2097,GRO,4.084363796484544
R10LATIN_AM,2097,OSD,3.9229470931743977
R10LATIN_AM,2097,C_B,147.84499395551845
R10LATIN_AM,2097,OTH_A,4.2946706514591675
R10LATIN_AM,2097,CEREAL,4.267528962586215
R10LATIN_AM,2098,CROP_FLW,8.058159387410324
R10LATIN_AM,2098,PDR,6.478573691701196
R10LATIN_AM,2098,WHT,3.5889336681325448
R10LATIN_AM,2098,GRO,4.088684107967225
R10LATIN_AM,2098,OSD,3.928843112997344
R10LATIN_AM,2098,C_B,148.54195588732392
R10LATIN_AM,2098,OTH_A,4.3090048301298145
R10LATIN_AM,2098,CEREAL,4.271696961437735
R10LATIN_AM,2099,CROP_FLW,8.066583337018411
R10LATIN_AM,2099,PDR,6.4886808053080705
R10LATIN_AM,2099,WHT,3.5921100388111036
R10LATIN_AM,2099,GRO,4.093008989339427
R10LATIN_AM,2099,OSD,3.9347479942830965
R10LATIN_AM,2099,C_B,149.24220339493004
R10LATIN_AM,2099,OTH_A,4.3233868515094445
R10LATIN_AM,2099,CEREAL,4.275869031079302
R10LATIN_AM,2100,CROP_FLW,8.075016092970923
R10LATIN_AM,2100,PDR,6.498803686852508
R10LATIN_AM,2100,WHT,3.595289220723198
R10LATIN_AM,2100,GRO,4.097338445435032
R10LATIN_AM,2100,OSD,3.940661750350049
R10LATIN_AM,2100,C_B,149.9457519669996
R10LATIN_AM,2100,OTH_A,4.337816875281069
R10LATIN_AM,2100,CEREAL,4.280045175486765
R10INDIA+,2005,CROP_FLW,6.066043489467897
R10INDIA+,2005,PDR,3.0724338840841057
R10INDIA+,2005,WHT,2.7481076056877023
R10INDIA+,2005,GRO,1.143575297791206
R10INDIA+,2005,OSD,0.975547722715359
R10INDIA+,2005,C_B,64.94271660738295
R10INDIA+,2005,OTH_A,1.913735163638072
R10INDIA+,2005,CEREAL,2.252457859694854
R10INDIA+,2006,CROP_FLW,6.060898997862163
R10INDIA+,2006,PDR,3.1041453740632146
R10INDIA+,2006,WHT,2.7504643418870818
R10INDIA+,2006,GRO,1.1519063683861095
R10INDIA+,2006,OSD,0.9796186904896694
R10INDIA+,2006,C_B,64.789533356189
R10INDIA+,2006,OTH_A,1.9231944329109152
R10INDIA+,2006,CEREAL,2.2701505761489336
R10INDIA+,2007,CROP_FLW,6.055758869198094
R10INDIA+,2007,PDR,3.1361841676181315
R10INDIA+,2007,WHT,2.7528230991883644
R10INDIA+,2007,GRO,1.1602981317376608
R10INDIA+,2007,OSD,0.9837066464422448
R10INDIA+,2007,C_B,64.6367114250887
R10INDIA+,2007,OTH_A,1.9327004577520712
R10INDIA+,2007,CEREAL,2.2879822662198457
R10INDIA+,2008,CROP_FLW,6.050623099775565
R10INDIA+,2008,PDR,3.1685536429449237
R10INDIA+,2008,WHT,2.7551838793248185
R10INDIA+,2008,GRO,1.1687510299992026
R10INDIA+,2008,OSD,0.9878116614648772
R10INDIA+,2008,C_B,64.4842499618204
R10INDIA+,2008,OTH_A,1.9422534692664073
R10INDIA+,2008,CEREAL,2.3059540215243706
R10INDIA+,2009,CROP_FLW,6.04549168589759
R10INDIA+,2009,PDR,3.2012572131070103
R10INDIA+,2009,WHT,2.7575466840311966
R10INDIA+,2009,GRO,1.177265508545212
R10INDIA+,2009,OSD,0.9919338067451906
R10INDIA+,2009,C_B,64.33214811613273
R10INDIA+,2009,OTH_A,1.9518536997011022
R10INDIA+,2009,CEREAL,2.3240669422537743
R10INDIA+,2010,CROP_FLW,6.040364623870316
R10INDIA+,2010,PDR,3.2342983263950376
R10INDIA+,2010,WHT,2.7599115150437386
R10INDIA+,2010,GRO,1.1858420159947691
R10INDIA+,2010,OSD,0.996073153767876
R10INDIA+,2010,C_B,64.1804050397798
R10INDIA+,2010,OTH_A,1.9615013824512955
R10INDIA+,2010,CEREAL,2.3423221372411587
R10INDIA+,2011,CROP_FLW,6.038088686660067
R10INDIA+,2011,PDR,3.231363769594573
R10INDIA+,2011,WHT,2.7579852003757837
R10INDIA+,2011,GRO,1.1909130339300085
R10INDIA+,2011,OSD,0.9983743676192386
R10INDIA+,2011,C_B,63.85095795975896
R10INDIA+,2011,OTH_A,1.9637999042320697
R10INDIA+,2011,CEREAL,2.3504695049176956
R10INDIA+,2012,CROP_FLW,6.035813606995763
R10INDIA+,2012,PDR,3.2284318753882
R10INDIA+,2012,WHT,2.7560602302031794
R10INDIA+,2012,GRO,1.196005737066609
R10INDIA+,2012,OSD,1.00068089793272
R10INDIA+,2012,C_B,63.523201978111004
R10INDIA+,2012,OTH_A,1.9661011194610487
R10INDIA+,2012,CEREAL,2.358645211821788
R10INDIA+,2013,CROP_FLW,6.03353938455429
R10INDIA+,2013,PDR,3.225502641360084
R10INDIA+,2013,WHT,2.7541366035875186
R10INDIA+,2013,GRO,1.2011202181370293
R10INDIA+,2013,OSD,1.0029927569908685
R10INDIA+,2013,C_B,63.197128414189244
R10INDIA+,2013,OTH_A,1.9684050312944619
R10INDIA+,2013,CEREAL,2.3668493565266018
R10INDIA+,2014,CROP_FLW,6.031266019012656
R10INDIA+,2014,PDR,3.2225760650965793
R10INDIA+,2014,WHT,2.7522143195910482
R10INDIA+,2014,GRO,1.2062565702702785
R10INDIA+,2014,OSD,1.005309957104608
R10INDIA+,2014,C_B,62.87272863190597
R10INDIA+,2014,OTH_A,1.970711642892238
R10INDIA+,2014,CEREAL,2.3750820379481716
R10INDIA+,2015,CROP_FLW,6.028993510047994
R10INDIA+,2015,PDR,3.219652144186233
R10INDIA+,2015,WHT,2.7502933772766713
R10INDIA+,2015,GRO,1.2114148869936154
R10INDIA+,2015,OSD,1.0076325106133042
R10INDIA+,2015,C_B,62.54999403950373
R10INDIA+,2015,OTH_A,1.9730209574180084
R10INDIA+,2015,CEREAL,2.3833433553465944
R10INDIA+,2016,CROP_FLW,6.026721857337552
R10INDIA+,2016,PDR,3.21673087621978
R10INDIA+,2016,WHT,2.7483737757079436
R10INDIA+,2016,GRO,1.2165952622342473
R10INDIA+,2016,OSD,1.009960429884831
R10INDIA+,2016,C_B,62.22891608932777
R10INDIA+,2016,OTH_A,1.9753329780391111
R10INDIA+,2016,CEREAL,2.391633408327228
R10INDIA+,2017,CROP_FLW,6.024451060558707
R10INDIA+,2017,PDR,3.213812258790139
R10INDIA+,2017,WHT,2.7464555139490754
R10INDIA+,2017,GRO,1.2217977903210449
R10INDIA+,2017,OSD,1.0122937273156345
R10INDIA+,2017,C_B,61.909486277599655
R10INDIA+,2017,OTH_A,1.9776477079265968
R10INDIA+,2017,CEREAL,2.3999522968418883
R10INDIA+,2018,CROP_FLW,6.022181119388954
R10INDIA+,2018,PDR,3.2108962894924145
R10INDIA+,2018,WHT,2.7445385910649294
R10INDIA+,2018,GRO,1.2270225659862553
R10INDIA+,2018,OSD,1.0146324153308013
R10INDIA+,2018,C_B,61.59169614419205
R10INDIA+,2018,OTH_A,1.9799651502552316
R10INDIA+,2018,CEREAL,2.4083001211900585
R10INDIA+,2019,CROP_FLW,6.019912033505908
R10INDIA+,2019,PDR,3.2079829659238928
R10INDIA+,2019,WHT,2.7426230061210215
R10INDIA+,2019,GRO,1.2322696843672316
R10INDIA+,2019,OSD,1.0169765063841223
R10INDIA+,2019,C_B,61.27553727240465
R10INDIA+,2019,OTH_A,1.9822853082035008
R10INDIA+,2019,CEREAL,2.416676982020095
R10INDIA+,2020,CROP_FLW,6.017643802587306
R10INDIA+,2020,PDR,3.205072285684039
R10INDIA+,2020,WHT,2.740708758183518
R10INDIA+,2020,GRO,1.2375392410081596
R10INDIA+,2020,OSD,1.019326012958162
R10INDIA+,2020,C_B,60.961001288741244
R10INDIA+,2020,OTH_A,1.9846081849536141
R10INDIA+,2020,CEREAL,2.425082980330442
R10INDIA+,2021,CROP_FLW,6.018621705332996
R10INDIA+,2021,PDR,3.211611465700472
R10INDIA+,2021,WHT,2.7306359535623823
R10INDIA+,2021,GRO,1.2414447228650294
R10INDIA+,2021,OSD,1.0225538644082957
R10INDIA+,2021,C_B,60.930209974596096
R10INDIA+,2021,OTH_A,1.9883430481020952
R10INDIA+,2021,CEREAL,2.42577106272324
R10INDIA+,2022,CROP_FLW,6.0195997669936725
R10INDIA+,2022,PDR,3.2181639873427645
R10INDIA+,2022,WHT,2.7206001690706687
R10INDIA+,2022,GRO,1.2453625298167559
R10INDIA+,2022,OSD,1.0257919373428726
R10INDIA+,2022,C_B,60.89943421309947
R10INDIA+,2022,OTH_A,1.992084939944121
R10INDIA+,2022,CEREAL,2.4264593403495147
R10INDIA+,2023,CROP_FLW,6.020577987595159
R10INDIA+,2023,PDR,3.2247298778312987
R10INDIA+,2023,WHT,2.7106012686499468
R10INDIA+,2023,GRO,1.2492927007594261
R10INDIA+,2023,OSD,1.0290402641297838
R10INDIA+,2023,C_B,60.86867399639575
R10INDIA+,2023,OTH_A,1.9958338737070922
R10INDIA+,2023,CEREAL,2.427147813264659
R10INDIA+,2024,CROP_FLW,6.021556367163284
R10INDIA+,2024,PDR,3.231309164441993
R10INDIA+,2024,WHT,2.700639116741836
R10INDIA+,2024,GRO,1.253235274711878
R10INDIA+,2024,OSD,1.0322988772394186
R10INDIA+,2024,C_B,60.83792931663328
R10INDIA+,2024,OTH_A,1.9995898626433029
R10INDIA+,2024,CEREAL,2.4278364815240843
R10INDIA+,2025,CROP_FLW,6.022534905723884
R10INDIA+,2025,PDR,3.2379018745064174
R10INDIA+,2025,WHT,2.690713578286168
R10INDIA+,2025,GRO,1.2571902908160857
R10INDIA+,2025,OSD,1.0355678092449883
R10INDIA+,2025,C_B,60.80720016596438
R10INDIA+,2025,OTH_A,2.0033529200299864
R10INDIA+,2025,CEREAL,2.4285253451832167
R10INDIA+,2026,CROP_FLW,6.02351360330279
R10INDIA+,2026,PDR,3.244508035411904
R10INDIA+,2026,WHT,2.6808245187191546
R10INDIA+,2026,GRO,1.2611577883375504
R10INDIA+,2026,OSD,1.038847092822852
R10INDIA+,2026,C_B,60.77648653654532
R10INDIA+,2026,OTH_A,2.0071230591693636
R10INDIA+,2026,CEREAL,2.429214404297498
R10INDIA+,2027,CROP_FLW,6.02449245992585
R10INDIA+,2027,PDR,3.251127674601662
R10INDIA+,2027,WHT,2.670971803971563
R10INDIA+,2027,GRO,1.2651378066656882
R10INDIA+,2027,OSD,1.0421367607528442
R10INDIA+,2027,C_B,60.74578842053634
R10INDIA+,2027,OTH_A,2.0109002933886884
R10INDIA+,2027,CEREAL,2.429903658922386
R10INDIA+,2028,CROP_FLW,6.025471475618906
R10INDIA+,2028,PDR,3.257760819574893
R10INDIA+,2028,WHT,2.6611553004669006
R10INDIA+,2028,GRO,1.2691303853142226
R10INDIA+,2028,OSD,1.0454368459186014
R10INDIA+,2028,C_B,60.71510581010165
R10INDIA+,2028,OTH_A,2.014684636040295
R10INDIA+,2028,CEREAL,2.4305931091133535
R10INDIA+,2029,CROP_FLW,6.026450650407806
R10INDIA+,2029,PDR,3.264407497886904
R10INDIA+,2029,WHT,2.6513748751196013
R10INDIA+,2029,GRO,1.2731355639215765
R10INDIA+,2029,OSD,1.0487473813078911
R10INDIA+,2029,C_B,60.684438697409384
R10INDIA+,2029,OTH_A,2.018476100501646
R10INDIA+,2029,CEREAL,2.4312827549258893
R10INDIA+,2030,CROP_FLW,6.027429984318414
R10INDIA+,2030,PDR,3.27106773714922
R10INDIA+,2030,WHT,2.641630395333223
R10INDIA+,2030,GRO,1.2771533822512648
R10INDIA+,2030,OSD,1.0520684000129419
R10INDIA+,2030,C_B,60.65378707463168
R10INDIA+,2030,OTH_A,2.022274700175379
R10INDIA+,2030,CEREAL,2.431972596415501
R10INDIA+,2031,CROP_FLW,6.0261445325255805
R10INDIA+,2031,PDR,3.2724378047370895
R10INDIA+,2031,WHT,2.629773774641531
R10INDIA+,2031,GRO,1.2774068021539269
R10INDIA+,2031,OSD,1.053047472717694
R10INDIA+,2031,C_B,60.65061462789416
R10INDIA+,2031,OTH_A,2.023090773989316
R10INDIA+,2031,CEREAL,2.430702089214985
R10INDIA+,2032,CROP_FLW,6.02485935487717
R10INDIA+,2032,PDR,3.2738084461697534
R10INDIA+,2032,WHT,2.617970370877716
R10INDIA+,2032,GRO,1.2776602723415806
R10INDIA+,2032,OSD,1.0540274565641181
R10INDIA+,2032,C_B,60.64744234708886
R10INDIA+,2032,OTH_A,2.023907177123731
R10INDIA+,2032,CEREAL,2.4294322457507906
R10INDIA+,2033,CROP_FLW,6.0235744513147145
R10INDIA+,2033,PDR,3.2751796616875644
R10INDIA+,2033,WHT,2.606219945184393
R10INDIA+,2033,GRO,1.2779137928242035
R10INDIA+,2033,OSD,1.0550083524001383
R10INDIA+,2033,C_B,60.64427023220712
R10INDIA+,2033,OTH_A,2.024723909711518
R10INDIA+,2033,CEREAL,2.428163065676171
R10INDIA+,2034,CROP_FLW,6.022289821779764
R10INDIA+,2034,PDR,3.2765514515309753
R10INDIA+,2034,WHT,2.5945222597762583
R10INDIA+,2034,GRO,1.2781673636117759
R10INDIA+,2034,OSD,1.0559901610744673
R10INDIA+,2034,C_B,60.641098283240254
R10INDIA+,2034,OTH_A,2.0255409718856257
R10INDIA+,2034,CEREAL,2.426894548644558
R10INDIA+,2035,CROP_FLW,6.0210054662138734
R10INDIA+,2035,PDR,3.2779238159405364
R10INDIA+,2035,WHT,2.5828770779352768
R10INDIA+,2035,GRO,1.278420984714279
R10INDIA+,2035,OSD,1.0569728834366086
R10INDIA+,2035,C_B,60.63792650017959
R10INDIA+,2035,OTH_A,2.0263583637790563
R10INDIA+,2035,CEREAL,2.4256266943095666
R10INDIA+,2036,CROP_FLW,6.0197213845586175
R10INDIA+,2036,PDR,3.279296755156903
R10INDIA+,2036,WHT,2.571284164005892
R10INDIA+,2036,GRO,1.278674656141697
R10INDIA+,2036,OSD,1.057956520336855
R10INDIA+,2036,C_B,60.63475488301644
R10INDIA+,2036,OTH_A,2.0271760855248653
R10INDIA+,2036,CEREAL,2.4243595023249913
R10INDIA+,2037,CROP_FLW,6.018437576755579
R10INDIA+,2037,PDR,3.2806702694208307
R10INDIA+,2037,WHT,2.559743283390257
R10INDIA+,2037,GRO,1.2789283779040157
R10INDIA+,2037,OSD,1.058941072626291
R10INDIA+,2037,C_B,60.63158343174213
R10INDIA+,2037,OTH_A,2.027994137256162
R10INDIA+,2037,CEREAL,2.4230929723448082
R10INDIA+,2038,CROP_FLW,6.017154042746354
R10INDIA+,2038,PDR,3.2820443589731725
R10INDIA+,2038,WHT,2.5482542025434882
R10INDIA+,2038,GRO,1.2791821500112224
R10INDIA+,2038,OSD,1.0599265411567937
R10INDIA+,2038,C_B,60.62841214634799
R10INDIA+,2038,OTH_A,2.0288125191061104
R10INDIA+,2038,CEREAL,2.4218271040231745
R10INDIA+,2039,CROP_FLW,6.01587078247255
R10INDIA+,2039,PDR,3.2834190240548864
R10INDIA+,2039,WHT,2.536816688968938
R10INDIA+,2039,GRO,1.279435972473307
R10INDIA+,2039,OSD,1.0609129267810329
R10INDIA+,2039,C_B,60.62524102682534
R10INDIA+,2039,OTH_A,2.0296312312079268
R10INDIA+,2039,CEREAL,2.420561897014427
R10INDIA+,2040,CROP_FLW,6.0145877958757925
R10INDIA+,2040,PDR,3.284794264907028
R10INDIA+,2040,WHT,2.52543051121349
R10INDIA+,2040,GRO,1.2796898453002608
R10INDIA+,2040,OSD,1.061900230352471
R10INDIA+,2040,C_B,60.62207007316549
R10INDIA+,2040,OTH_A,2.0304502736948824
R10INDIA+,2040,CEREAL,2.4192973509730833
R10INDIA+,2041,CROP_FLW,6.0148505156957155
R10INDIA+,2041,PDR,3.2851379962461507
R10INDIA+,2041,WHT,2.521502299368329
R10INDIA+,2041,GRO,1.2791790409298724
R10INDIA+,2041,OSD,1.0623049550645314
R10INDIA+,2041,C_B,60.77780314464663
R10INDIA+,2041,OTH_A,2.031357838778264
R10INDIA+,2041,CEREAL,2.419286215871889
R10INDIA+,2042,CROP_FLW,6.015113246991355
R10INDIA+,2042,PDR,3.2854817635544156
R10INDIA+,2042,WHT,2.5175801977084347
R10INDIA+,2042,GRO,1.2786684404535027
R10INDIA+,2042,OSD,1.0627098340303416
R10INDIA+,2042,C_B,60.93393628147566
R10INDIA+,2042,OTH_A,2.0322658095225927
R10INDIA+,2042,CEREAL,2.4192750808219454
R10INDIA+,2043,CROP_FLW,6.015375989763213
R10INDIA+,2043,PDR,3.285825566835587
R10INDIA+,2043,WHT,2.513664196729644
R10INDIA+,2043,GRO,1.2781580437897644
R10INDIA+,2043,OSD,1.063114867308693
R10INDIA+,2043,C_B,61.09047051138727
R10INDIA+,2043,OTH_A,2.0331741861091897
R10INDIA+,2043,CEREAL,2.419263945823252
R10INDIA+,2044,CROP_FLW,6.015638744011789
R10INDIA+,2044,PDR,3.2861694060934297
R10INDIA+,2044,WHT,2.5097542869425777
R10INDIA+,2044,GRO,1.277647850857303
R10INDIA+,2044,OSD,1.0635200549583987
R10INDIA+,2044,C_B,61.24740686475633
R10INDIA+,2044,OTH_A,2.034082968719457
R10INDIA+,2044,CEREAL,2.419252810875809
R10INDIA+,2045,CROP_FLW,6.015901509737584
R10INDIA+,2045,PDR,3.2865132813317075
R10INDIA+,2045,WHT,2.5058504588726174
R10INDIA+,2045,GRO,1.2771378615747968
R10INDIA+,2045,OSD,1.063925397038295
R10INDIA+,2045,C_B,61.40474637460467
R10INDIA+,2045,OTH_A,2.0349921575348775
R10INDIA+,2045,CEREAL,2.419241675979616
R10INDIA+,2046,CROP_FLW,6.016164286941103
R10INDIA+,2046,PDR,3.2868571925541867
R10INDIA+,2046,WHT,2.5019527030598807
R10INDIA+,2046,GRO,1.2766280758609565
R10INDIA+,2046,OSD,1.0643308936072402
R10INDIA+,2046,C_B,61.562490076607865
R10INDIA+,2046,OTH_A,2.0359017527370167
R10INDIA+,2046,CEREAL,2.4192305411346724
R10INDIA+,2047,CROP_FLW,6.016427075622844
R10INDIA+,2047,PDR,3.287201139764632
R10INDIA+,2047,WHT,2.4980610100592013
R10INDIA+,2047,GRO,1.276118493634525
R10INDIA+,2047,OSD,1.0647365447241153
R10INDIA+,2047,C_B,61.72063900910203
R10INDIA+,2047,OTH_A,2.036811754507519
R10INDIA+,2047,CEREAL,2.419219406340978
R10INDIA+,2048,CROP_FLW,6.0166898757833085
R10INDIA+,2048,PDR,3.2875451229668085
R10INDIA+,2048,WHT,2.494175370440104
R10INDIA+,2048,GRO,1.2756091148142774
R10INDIA+,2048,OSD,1.065142350447823
R10INDIA+,2048,C_B,61.879194213090706
R10INDIA+,2048,OTH_A,2.0377221630281124
R10INDIA+,2048,CEREAL,2.4192082715985332
R10INDIA+,2049,CROP_FLW,6.016952687422999
R10INDIA+,2049,PDR,3.2878891421644845
R10INDIA+,2049,WHT,2.490295774786782
R10INDIA+,2049,GRO,1.2750999393190219
R10INDIA+,2049,OSD,1.0655483108372894
R10INDIA+,2049,C_B,62.03815673225168
R10INDIA+,2049,OTH_A,2.0386329784806043
R10INDIA+,2049,CEREAL,2.4191971369073375
R10INDIA+,2050,CROP_FLW,6.017215510542419
R10INDIA+,2050,PDR,3.288233197361425
R10INDIA+,2050,WHT,2.4864222136980745
R10INDIA+,2050,GRO,1.274590967067599
R10INDIA+,2050,OSD,1.0659544259514624
R10INDIA+,2050,C_B,62.197527612943794
R10INDIA+,2050,OTH_A,2.039544201046882
R10INDIA+,2050,CEREAL,2.41918600226739
R10INDIA+,2051,CROP_FLW,6.018075234537735
R10INDIA+,2051,PDR,3.287964396001409
R10INDIA+,2051,WHT,2.4836999862086833
R10INDIA+,2051,GRO,1.2746778048932113
R10INDIA+,2051,OSD,1.0662703049257243
R10INDIA+,2051,C_B,62.29703777729903
R10INDIA+,2051,OTH_A,2.040073433837423
R10INDIA+,2051,CEREAL,2.419637580012006
R10INDIA+,2052,CROP_FLW,6.018935081368163
R10INDIA+,2052,PDR,3.287695616614948
R10INDIA+,2052,WHT,2.480980739115165
R10INDIA+,2052,GRO,1.2747646486350805
R10INDIA+,2052,OSD,1.066586277505795
R10INDIA+,2052,C_B,62.39670714851008
R10INDIA+,2052,OTH_A,2.0406028039563666
R10INDIA+,2052,CEREAL,2.420089242050454
R10INDIA+,2053,CROP_FLW,6.019795051051255
R10INDIA+,2053,PDR,3.287426859200245
R10INDIA+,2053,WHT,2.478264469154471
R10INDIA+,2053,GRO,1.2748514982936099
R10INDIA+,2053,OSD,1.0669023437194136
R10INDIA+,2053,C_B,62.49653598129284
R10INDIA+,2053,OTH_A,2.0411323114393465
R10INDIA+,2053,CEREAL,2.4205409883984697
R10INDIA+,2054,CROP_FLW,6.0206551436045626
R10INDIA+,2054,PDR,3.287158123755504
R10INDIA+,2054,WHT,2.4755511730671267
R10INDIA+,2054,GRO,1.274938353869203
R10INDIA+,2054,OSD,1.0672185035943265
R10INDIA+,2054,C_B,62.596524530770765
R10INDIA+,2054,OTH_A,2.0416619563220086
R10INDIA+,2054,CEREAL,2.42099281907179
R10INDIA+,2055,CROP_FLW,6.021515359045642
R10INDIA+,2055,PDR,3.2868894102789286
R10INDIA+,2055,WHT,2.4728408475972237
R10INDIA+,2055,GRO,1.2750252153622625
R10INDIA+,2055,OSD,1.067534757158289
R10INDIA+,2055,C_B,62.696673052475475
R10INDIA+,2055,OTH_A,2.042191738640004
R10INDIA+,2055,CEREAL,2.421444734086155
R10INDIA+,2056,CROP_FLW,6.022375697392053
R10INDIA+,2056,PDR,3.2866207187687237
R10INDIA+,2056,WHT,2.47013348949242
R10INDIA+,2056,GRO,1.2751120827731914
R10INDIA+,2056,OSD,1.0678511044390644
R10INDIA+,2056,C_B,62.79698180234739
R10INDIA+,2056,OTH_A,2.042721658428997
R10INDIA+,2056,CEREAL,2.4218967334573094
R10INDIA+,2057,CROP_FLW,6.023236158661352
R10INDIA+,2057,PDR,3.286352049223094
R10INDIA+,2057,WHT,2.4674290955039346
R10INDIA+,2057,GRO,1.2751989561023933
R10INDIA+,2057,OSD,1.0681675454644237
R10INDIA+,2057,C_B,62.89745103673644
R10INDIA+,2057,OTH_A,2.0432517157246584
R10INDIA+,2057,CEREAL,2.4223488172009993
R10INDIA+,2058,CROP_FLW,6.024096742871104
R10INDIA+,2058,PDR,3.286083401640243
R10INDIA+,2058,WHT,2.464727662386542
R10INDIA+,2058,GRO,1.2752858353502714
R10INDIA+,2058,OSD,1.0684840802621474
R10INDIA+,2058,C_B,62.998081012402686
R10INDIA+,2058,OTH_A,2.04378191056267
R10INDIA+,2058,CEREAL,2.422800985332974
R10INDIA+,2059,CROP_FLW,6.024957450038876
R10INDIA+,2059,PDR,3.2858147760183756
R10INDIA+,2059,WHT,2.4620291868985706
R10INDIA+,2059,GRO,1.2753727205172285
R10INDIA+,2059,OSD,1.068800708860023
R10INDIA+,2059,C_B,63.098871986516976
R10INDIA+,2059,OTH_A,2.044312242978721
R10INDIA+,2059,CEREAL,2.4232532378689857
R10INDIA+,2060,CROP_FLW,6.025818280182232
R10INDIA+,2060,PDR,3.2855461723556973
R10INDIA+,2060,WHT,2.459333665801897
R10INDIA+,2060,GRO,1.2754596116036674
R10INDIA+,2060,OSD,1.0691174312858467
R10INDIA+,2060,C_B,63.19982421666162
R10INDIA+,2060,OTH_A,2.0448427130085114
R10INDIA+,2060,CEREAL,2.423705574824789
R10INDIA+,2061,CROP_FLW,6.025500613572791
R10INDIA+,2061,PDR,3.2892009992597817
R10INDIA+,2061,WHT,2.459344686223328
R10INDIA+,2061,GRO,1.275876213300617
R10INDIA+,2061,OSD,1.0694232791077842
R10INDIA+,2061,C_B,63.33503598367577
R10INDIA+,2061,OTH_A,2.0456603557129123
R10INDIA+,2061,CEREAL,2.4246812323650224
R10INDIA+,2062,CROP_FLW,6.025182963709967
R10INDIA+,2062,PDR,3.292859891777008
R10INDIA+,2062,WHT,2.459355706694142
R10INDIA+,2062,GRO,1.2762929510716314
R10INDIA+,2062,OSD,1.0697292144251525
R10INDIA+,2062,C_B,63.47053702715812
R10INDIA+,2062,OTH_A,2.046478325356685
R10INDIA+,2062,CEREAL,2.4256572826541305
R10INDIA+,2063,CROP_FLW,6.0248653305928785
R10INDIA+,2063,PDR,3.2965228544299476
R10INDIA+,2063,WHT,2.459366727214339
R10INDIA+,2063,GRO,1.2767098249611566
R10INDIA+,2063,OSD,1.0700352372629818
R10INDIA+,2063,C_B,63.60632796599615
R10INDIA+,2063,OTH_A,2.0472966220705584
R10INDIA+,2063,CEREAL,2.426633725850212
R10INDIA+,2064,CROP_FLW,6.024547714220642
R10INDIA+,2064,PDR,3.3001898917462005
R10INDIA+,2064,WHT,2.4593777477839205
R10INDIA+,2064,GRO,1.2771268350136522
R10INDIA+,2064,OSD,1.0703413476463093
R10INDIA+,2064,C_B,63.74240942040149
R10INDIA+,2064,OTH_A,2.048115245985313
R10INDIA+,2064,CEREAL,2.4276105621114326
R10INDIA+,2065,CROP_FLW,6.024230114592374
R10INDIA+,2065,PDR,3.3038610082584037
R10INDIA+,2065,WHT,2.4593887684028846
R10INDIA+,2065,GRO,1.2775439812735934
R10INDIA+,2065,OSD,1.07064754560018
R10INDIA+,2065,C_B,63.878782011912584
R10INDIA+,2065,OTH_A,2.0489341972317825
R10INDIA+,2065,CEREAL,2.4285877915960183
R10INDIA+,2066,CROP_FLW,6.023912531707194
R10INDIA+,2066,PDR,3.3075362085042372
R10INDIA+,2066,WHT,2.4593997890712336
R10INDIA+,2066,GRO,1.2779612637854694
R10INDIA+,2066,OSD,1.0709538311496456
R10INDIA+,2066,C_B,64.0154463633977
R10INDIA+,2066,OTH_A,2.049753475940852
R10INDIA+,2066,CEREAL,2.4295654144622616
R10INDIA+,2067,CROP_FLW,6.023594965564216
R10INDIA+,2067,PDR,3.3112154970264274
R10INDIA+,2067,WHT,2.4594108097889666
R10INDIA+,2067,GRO,1.2783786825937837
R10INDIA+,2067,OSD,1.071260204319765
R10INDIA+,2067,C_B,64.15240309905762
R10INDIA+,2067,OTH_A,2.0505730822434596
R10INDIA+,2067,CEREAL,2.4305434308685165
R10INDIA+,2068,CROP_FLW,6.023277416162561
R10INDIA+,2068,PDR,3.3148988783727544
R10INDIA+,2068,WHT,2.4594218305560847
R10INDIA+,2068,GRO,1.278796237743055
R10INDIA+,2068,OSD,1.0715666651356037
R10INDIA+,2068,C_B,64.28965284442862
R10INDIA+,2068,OTH_A,2.051393016270596
R10INDIA+,2068,CEREAL,2.4315218409732022
R10INDIA+,2069,CROP_FLW,6.022959883501344
R10INDIA+,2069,PDR,3.3185863570960588
R10INDIA+,2069,WHT,2.4594328513725867
R10INDIA+,2069,GRO,1.2792139292778162
R10INDIA+,2069,OSD,1.0718732136222358
R10INDIA+,2069,C_B,64.4271962263852
R10INDIA+,2069,OTH_A,2.052213278153303
R10INDIA+,2069,CEREAL,2.4325006449348012
R10INDIA+,2070,CROP_FLW,6.022642367579686
R10INDIA+,2070,PDR,3.322277937754247
R10INDIA+,2070,WHT,2.459443872238476
R10INDIA+,2070,GRO,1.2796317572426148
R10INDIA+,2070,OSD,1.0721798498047408
R10INDIA+,2070,C_B,64.56503387314308
R10INDIA+,2070,OTH_A,2.053033868022678
R10INDIA+,2070,CEREAL,2.4334798429118574
R10INDIA+,2071,CROP_FLW,6.020982704700767
R10INDIA+,2071,PDR,3.3258491631562577
R10INDIA+,2071,WHT,2.4626151645477985
R10INDIA+,2071,GRO,1.2798567316644454
R10INDIA+,2071,OSD,1.072203144185049
R10INDIA+,2071,C_B,64.62594471125831
R10INDIA+,2071,OTH_A,2.0541143053211495
R10INDIA+,2071,CEREAL,2.435447232144757
R10INDIA+,2072,CROP_FLW,6.019323499176063
R10INDIA+,2072,PDR,3.3294242273854553
R10INDIA+,2072,WHT,2.465790546031517
R10INDIA+,2072,GRO,1.2800817456394447
R10INDIA+,2072,OSD,1.0722264390714553
R10INDIA+,2072,C_B,64.6869130128329
R10INDIA+,2072,OTH_A,2.0551953112146037
R10INDIA+,2072,CEREAL,2.4374162119478053
R10INDIA+,2073,CROP_FLW,6.017664750879541
R10INDIA+,2073,PDR,3.333003134568323
R10INDIA+,2073,WHT,2.468970021962355
R10INDIA+,2073,GRO,1.280306799174566
R10INDIA+,2073,OSD,1.0722497344639705
R10INDIA+,2073,C_B,64.74793883207805
R10INDIA+,2073,OTH_A,2.056276886002271
R10INDIA+,2073,CEREAL,2.4393867836069254
R10INDIA+,2074,CROP_FLW,6.016006459685201
R10INDIA+,2074,PDR,3.336585888835775
R10INDIA+,2074,WHT,2.4721535976198354
R10INDIA+,2074,GRO,1.280531892276765
R10INDIA+,2074,OSD,1.0722730303626058
R10INDIA+,2074,C_B,64.80902222325608
R10INDIA+,2074,OTH_A,2.0573590299835405
R10INDIA+,2074,CEREAL,2.4413589484090807
R10INDIA+,2075,CROP_FLW,6.014348625467081
R10INDIA+,2075,PDR,3.34017249432317
R10INDIA+,2075,WHT,2.475341278290287
R10INDIA+,2075,GRO,1.2807570249529978
R10INDIA+,2075,OSD,1.0722963267673724
R10INDIA+,2075,C_B,64.87016324068053
R10INDIA+,2075,OTH_A,2.058441743457957
R10INDIA+,2075,CEREAL,2.443332707642277
R10INDIA+,2076,CROP_FLW,6.012691248099251
R10INDIA+,2076,PDR,3.3437629551703103
R10INDIA+,2076,WHT,2.478533069266857
R10INDIA+,2076,GRO,1.2809821972102222
R10INDIA+,2076,OSD,1.0723196236782808
R10INDIA+,2076,C_B,64.93136193871615
R10INDIA+,2076,OTH_A,2.059525026725225
R10INDIA+,2076,CEREAL,2.445308062595559
R10INDIA+,2077,CROP_FLW,6.011034327455815
R10INDIA+,2077,PDR,3.347357275521448
R10INDIA+,2077,WHT,2.4817289758495162
R10INDIA+,2077,GRO,1.2812074090553969
R10INDIA+,2077,OSD,1.0723429210953423
R10INDIA+,2077,C_B,64.99261837177899
R10INDIA+,2077,OTH_A,2.060608880085206
R10INDIA+,2077,CEREAL,2.4472850145590144
R10INDIA+,2078,CROP_FLW,6.009377863410915
R10INDIA+,2078,PDR,3.3509554595252906
R10INDIA+,2078,WHT,2.4849290033450697
R10INDIA+,2078,GRO,1.281432660495482
R10INDIA+,2078,OSD,1.0723662190185679
R10INDIA+,2078,C_B,65.05393259433647
R10INDIA+,2078,OTH_A,2.0616933038379175
R10INDIA+,2078,CEREAL,2.4492635648237737
R10INDIA+,2079,CROP_FLW,6.007721855838726
R10INDIA+,2079,PDR,3.3545575113350052
R10INDIA+,2079,WHT,2.4881331570671663
R10INDIA+,2079,GRO,1.2816579515374382
R10INDIA+,2079,OSD,1.0723895174479685
R10INDIA+,2079,C_B,65.11530466090734
R10INDIA+,2079,OTH_A,2.0627782982835385
R10INDIA+,2079,CEREAL,2.4512437146820125
R10INDIA+,2080,CROP_FLW,6.0060663046134595
R10INDIA+,2080,PDR,3.358163435108227
R10INDIA+,2080,WHT,2.491341442336307
R10INDIA+,2080,GRO,1.2818832821882287
R10INDIA+,2080,OSD,1.072412816383556
R10INDIA+,2080,C_B,65.17673462606179
R10INDIA+,2080,OTH_A,2.0638638637224034
R10INDIA+,2080,CEREAL,2.4532254654269483
R10INDIA+,2081,CROP_FLW,6.004137131510743
R10INDIA+,2081,PDR,3.359486372454501
R10INDIA+,2081,WHT,2.4929535322791434
R10INDIA+,2081,GRO,1.2821929009843962
R10INDIA+,2081,OSD,1.0724997557679479
R10INDIA+,2081,C_B,65.21899032364199
R10INDIA+,2081,OTH_A,2.066019466180243
R10INDIA+,2081,CEREAL,2.453579419481437
R10INDIA+,2082,CROP_FLW,6.00220857806633
R10INDIA+,2082,PDR,3.3608098309675545
R10INDIA+,2082,WHT,2.494566665368431
R10INDIA+,2082,GRO,1.2825025945641266
R10INDIA+,2082,OSD,1.0725867022004245
R10INDIA+,2082,C_B,65.26127341664156
R10INDIA+,2082,OTH_A,2.068177320056908
R10INDIA+,2082,CEREAL,2.453933424604804
R10INDIA+,2083,CROP_FLW,6.000280644081186
R10INDIA+,2083,PDR,3.3621338108526997
R10INDIA+,2083,WHT,2.4961808422791654
R10INDIA+,2083,GRO,1.2828123629454824
R10INDIA+,2083,OSD,1.0726736556815573
R10INDIA+,2083,C_B,65.30358392282162
R10INDIA+,2083,OTH_A,2.070337427703893
R10INDIA+,2083,CEREAL,2.4542874808044175
R10INDIA+,2084,CROP_FLW,5.998353329356335
R10INDIA+,2084,PDR,3.363458312315328
R10INDIA+,2084,WHT,2.49779606368678
R10INDIA+,2084,GRO,1.2831222061465313
R10INDIA+,2084,OSD,1.072760616211918
R10INDIA+,2084,C_B,65.34592185995483
R10INDIA+,2084,OTH_A,2.0724997914751477
R10INDIA+,2084,CEREAL,2.454641588087647
R10INDIA+,2085,CROP_FLW,5.996426633692869
R10INDIA+,2085,PDR,3.3647833355609147
R10INDIA+,2085,WHT,2.499412330267145
R10INDIA+,2085,GRO,1.2834321241853444
R10INDIA+,2085,OSD,1.072847583792078
R10INDIA+,2085,C_B,65.38828724582534
R10INDIA+,2085,OTH_A,2.0746644137270818
R10INDIA+,2085,CEREAL,2.454995746461863
R10INDIA+,2086,CROP_FLW,5.9945005568919445
R10INDIA+,2086,PDR,3.366108880795014
R10INDIA+,2086,WHT,2.5010296426965675
R10INDIA+,2086,GRO,1.2837421170799974
R10INDIA+,2086,OSD,1.0729345584226084
R10INDIA+,2086,C_B,65.43068009822886
R10INDIA+,2086,OTH_A,2.0768312968185647
R10INDIA+,2086,CEREAL,2.455349955934436
R10INDIA+,2087,CROP_FLW,5.992575098754778
R10INDIA+,2087,PDR,3.367434948223262
R10INDIA+,2087,WHT,2.5026480016517922
R10INDIA+,2087,GRO,1.2840521848485709
R10INDIA+,2087,OSD,1.073021540104081
R10INDIA+,2087,C_B,65.47310043497265
R10INDIA+,2087,OTH_A,2.07900044311093
R10INDIA+,2087,CEREAL,2.4557042165127396
R10INDIA+,2088,CROP_FLW,5.9906502590826545
R10INDIA+,2088,PDR,3.368761538051374
R10INDIA+,2088,WHT,2.5042674078100013
R10INDIA+,2088,GRO,1.2843623275091496
R10INDIA+,2088,OSD,1.0731085288370676
R10INDIA+,2088,C_B,65.51554827387547
R10INDIA+,2088,OTH_A,2.081171854967978
R10INDIA+,2088,CEREAL,2.456058528204147
R10INDIA+,2089,CROP_FLW,5.988726037676919
R10INDIA+,2089,PDR,3.370088650485149
R10INDIA+,2089,WHT,2.505887861848818
R10INDIA+,2089,GRO,1.2846725450798224
R10INDIA+,2089,OSD,1.0731955246221399
R10INDIA+,2089,C_B,65.55802363276763
R10INDIA+,2089,OTH_A,2.083345534755977
R10INDIA+,2089,CEREAL,2.4564128910160337
R10INDIA+,2090,CROP_FLW,5.98680243433898
R10INDIA+,2090,PDR,3.3714162857304677
R10INDIA+,2090,WHT,2.507509364446299
R10INDIA+,2090,GRO,1.284982837578682
R10INDIA+,2090,OSD,1.07328252745987
R10INDIA+,2090,C_B,65.60052652949103
R10INDIA+,2090,OTH_A,2.08552148484367
R10INDIA+,2090,CEREAL,2.4567673049557754
R10INDIA+,2091,CROP_FLW,5.983249049532726
R10INDIA+,2091,PDR,3.372971375464072
R10INDIA+,2091,WHT,2.506848255894275
R10INDIA+,2091,GRO,1.2855949166287794
R10INDIA+,2091,OSD,1.0734852302906446
R10INDIA+,2091,C_B,65.60340978742066
R10INDIA+,2091,OTH_A,2.0909688174749905
R10INDIA+,2091,CEREAL,2.456504213737512
R10INDIA+,2092,CROP_FLW,5.979697773789486
R10INDIA+,2092,PDR,3.374527182493873
R10INDIA+,2092,WHT,2.5061873216444983
R10INDIA+,2092,GRO,1.2862072872320034
R10INDIA+,2092,OSD,1.073687971404384
R10INDIA+,2092,C_B,65.60629317207452
R10INDIA+,2092,OTH_A,2.096430378409885
R10INDIA+,2092,CEREAL,2.456241150693259
R10INDIA+,2093,CROP_FLW,5.976148605857453
R10INDIA+,2093,PDR,3.3760837071507286
R10INDIA+,2093,WHT,2.505526561651014
R10INDIA+,2093,GRO,1.2868199495272297
R10INDIA+,2093,OSD,1.073890750808319
R10INDIA+,2093,C_B,65.60917668345816
R10INDIA+,2093,OTH_A,2.1019062048123445
R10INDIA+,2093,CEREAL,2.4559781158200003
R10INDIA+,2094,CROP_FLW,5.972601544485565
R10INDIA+,2094,PDR,3.37764094976565
R10INDIA+,2094,WHT,2.504865975867878
R10INDIA+,2094,GRO,1.287432903653401
R10INDIA+,2094,OSD,1.0740935685096809
R10INDIA+,2094,C_B,65.6120603215772
R10INDIA+,2094,OTH_A,2.107396333943432
R10INDIA+,2094,CEREAL,2.4557151091147187
R10INDIA+,2095,CROP_FLW,5.969056588423502
R10INDIA+,2095,PDR,3.3791989106698
R10INDIA+,2095,WHT,2.5042055642491623
R10INDIA+,2095,GRO,1.2880461497495255
R10INDIA+,2095,OSD,1.074296424515703
R10INDIA+,2095,C_B,65.61494408643716
R10INDIA+,2095,OTH_A,2.1129008031615353
R10INDIA+,2095,CEREAL,2.4554521305743977
R10INDIA+,2096,CROP_FLW,5.965513736421687
R10INDIA+,2096,PDR,3.3807575901944946
R10INDIA+,2096,WHT,2.5035453267489456
R10INDIA+,2096,GRO,1.2886596879546783
R10INDIA+,2096,OSD,1.0744993188336187
R10INDIA+,2096,C_B,65.61782797804365
R10INDIA+,2096,OTH_A,2.1184196499226213
R10INDIA+,2096,CEREAL,2.4551891801960215
R10INDIA+,2097,CROP_FLW,5.961972987231282
R10INDIA+,2097,PDR,3.382316988671202
R10INDIA+,2097,WHT,2.502885263321322
R10INDIA+,2097,GRO,1.2892735184080006
R10INDIA+,2097,OSD,1.0747022514706648
R10INDIA+,2097,C_B,65.6207119964022
R10INDIA+,2097,OTH_A,2.1239529117804916
R10INDIA+,2097,CEREAL,2.4549262579765734
R10INDIA+,2098,CROP_FLW,5.958434339604193
R10INDIA+,2098,PDR,3.383877106431545
R10INDIA+,2098,WHT,2.5022253739203975
R10INDIA+,2098,GRO,1.2898876412486995
R10INDIA+,2098,OSD,1.0749052224340776
R10INDIA+,2098,C_B,65.62359614151842
R10INDIA+,2098,OTH_A,2.129500626387036
R10INDIA+,2098,CEREAL,2.454663363913039
R10INDIA+,2099,CROP_FLW,5.954897792293067
R10INDIA+,2099,PDR,3.3854379438072986
R10INDIA+,2099,WHT,2.5015656585002892
R10INDIA+,2099,GRO,1.2905020566160483
R10INDIA+,2099,OSD,1.0751082317310958
R10INDIA+,2099,C_B,65.62648041339786
R10INDIA+,2099,OTH_A,2.135062831492492
R10INDIA+,2099,CEREAL,2.4544004980024026
R10INDIA+,2100,CROP_FLW,5.951363344051288
R10INDIA+,2100,PDR,3.386999501130389
R10INDIA+,2100,WHT,2.5009061170151274
R10INDIA+,2100,GRO,1.2911167646493873
R10INDIA+,2100,OSD,1.0753112793689592
R10INDIA+,2100,C_B,65.6293648120461
R10INDIA+,2100,OTH_A,2.140639564945699
R10INDIA+,2100,CEREAL,2.454137660241649
R10EUROPE,2005,CROP_FLW,5.6658869758951615
R10EUROPE,2005,PDR,5.797937778049117
R10EUROPE,2005,WHT,4.442873459051223
R10EUROPE,2005,GRO,4.464012591852097
R10EUROPE,2005,OSD,2.3069073056260736
R10EUROPE,2005,C_B,66.91674348264365
R10EUROPE,2005,OTH_A,11.782678823179133
R10EUROPE,2005,CEREAL,4.463758144720349
R10EUROPE,2006,CROP_FLW,5.572994127158519
R10EUROPE,2006,PDR,5.872498143239452
R10EUROPE,2006,WHT,4.456954069168956
R10EUROPE,2006,GRO,4.508199870422908
R10EUROPE,2006,OSD,2.3150585358178097
R10EUROPE,2006,C_B,68.13954330612106
R10EUROPE,2006,OTH_A,11.612268089994236
R10EUROPE,2006,CEREAL,4.496658794749313
R10EUROPE,2007,CROP_FLW,5.481624267034801
R10EUROPE,2007,PDR,5.948017340392138
R10EUROPE,2007,WHT,4.4710793043661825
R10EUROPE,2007,GRO,4.552824539244602
R10EUROPE,2007,OSD,2.323238567580149
R10EUROPE,2007,C_B,69.38468790207955
R10EUROPE,2007,OTH_A,11.444321976139156
R10EUROPE,2007,CEREAL,4.529801942856629
R10EUROPE,2008,CROP_FLW,5.3917524259558816
R10EUROPE,2008,PDR,6.024507699901878
R10EUROPE,2008,WHT,4.485249306071271
R10EUROPE,2008,GRO,4.5978909278490665
R10EUROPE,2008,OSD,2.3314475026806103
R10EUROPE,2008,C_B,70.65258558662099
R10EUROPE,2008,OTH_A,11.278804836274377
R10EUROPE,2008,CEREAL,4.563189376402669
R10EUROPE,2009,CROP_FLW,5.303354043732485
R10EUROPE,2009,PDR,6.1019817107298815
R10EUROPE,2009,WHT,4.499464216160812
R10EUROPE,2009,GRO,4.6434034086243
R10EUROPE,2009,OSD,2.3396854432462977
R10EUROPE,2009,C_B,71.9436521371914
R10EUROPE,2009,OTH_A,11.11568154059243
R10EUROPE,2009,CEREAL,4.59682289592175
R10EUROPE,2010,CROP_FLW,5.21640496284238
R10EUROPE,2010,PDR,6.180452022442998
R10EUROPE,2010,WHT,4.513724176961042
R10EUROPE,2010,GRO,4.689366397238635
R10EUROPE,2010,OSD,2.3479524917651706
R10EUROPE,2010,C_B,73.25831092892554
R10EUROPE,2010,OTH_A,10.954917467361831
R10EUROPE,2010,CEREAL,4.630704315219237
R10EUROPE,2011,CROP_FLW,5.197253309622398
R10EUROPE,2011,PDR,6.180059082921027
R10EUROPE,2011,WHT,4.522948490983521
R10EUROPE,2011,GRO,4.703979622613989
R10EUROPE,2011,OSD,2.355847132594954
R10EUROPE,2011,C_B,73.88487846303963
R10EUROPE,2011,OTH_A,11.204874961868066
R10EUROPE,2011,CEREAL,4.64388324754609
R10EUROPE,2012,CROP_FLW,5.178171970310877
R10EUROPE,2012,PDR,6.179666168381285
R10EUROPE,2012,WHT,4.532191655951659
R10EUROPE,2012,GRO,4.718638386413468
R10EUROPE,2012,OSD,2.3637683179796416
R10EUROPE,2012,C_B,74.5168049369085
R10EUROPE,2012,OTH_A,11.460535716964442
R10EUROPE,2012,CEREAL,4.657099686965914
R10EUROPE,2013,CROP_FLW,5.159160686755394
R10EUROPE,2013,PDR,6.179273278822184
R10EUROPE,2013,WHT,4.541453710389532
R10EUROPE,2013,GRO,4.733342830546063
R10EUROPE,2013,OSD,2.37171613717135
R10EUROPE,2013,C_B,75.15413618475391
R10EUROPE,2013,OTH_A,11.722029863501497
R10EUROPE,2013,CEREAL,4.670353740223475
R10EUROPE,2014,CROP_FLW,5.14021920175131
R10EUROPE,2014,PDR,6.178880414242135
R10EUROPE,2014,WHT,4.550734692899941
R10EUROPE,2014,GRO,4.748093097362987
R10EUROPE,2014,OSD,2.379690679722291
R10EUROPE,2014,C_B,75.79691843281094
R10EUROPE,2014,OTH_A,11.989490501515203
R10EUROPE,2014,CEREAL,4.68364551436733
R10EUROPE,2015,CROP_FLW,5.121347259038298
R10EUROPE,2015,PDR,6.178487574639551
R10EUROPE,2015,WHT,4.5600346421645765
R10EUROPE,2015,GRO,4.762889329659058
R10EUROPE,2015,OSD,2.3876920354857827
R10EUROPE,2015,C_B,76.44519830268085
R10EUROPE,2015,OTH_A,12.263053767974641
R10EUROPE,2015,CEREAL,4.696975116750697
R10EUROPE,2016,CROP_FLW,5.102544603296868
R10EUROPE,2016,PDR,6.178094760012843
R10EUROPE,2016,WHT,4.569353596944182
R10EUROPE,2016,GRO,4.777731670674076
R10EUROPE,2016,OSD,2.3957202946172624
R10EUROPE,2016,C_B,77.09902281471258
R10EUROPE,2016,OTH_A,12.542858906075455
R10EUROPE,2016,CEREAL,4.71034265503232
R10EUROPE,2017,CROP_FLW,5.083810980144921
R10EUROPE,2017,PDR,6.177701970360423
R10EUROPE,2017,WHT,4.578691596078708
R10EUROPE,2017,GRO,4.792620264094211
R10EUROPE,2017,OSD,2.4037755475753015
R10EUROPE,2017,C_B,77.75843939141318
R10EUROPE,2017,OTH_A,12.829048336114388
R10EUROPE,2017,CEREAL,4.723748237177337
R10EUROPE,2018,CROP_FLW,5.0651461361343015
R10EUROPE,2018,PDR,6.177309205680705
R10EUROPE,2018,WHT,4.588048678487485
R10EUROPE,2018,GRO,4.807555254053397
R10EUROPE,2018,OSD,2.411857885122623
R10EUROPE,2018,C_B,78.42349586088743
R10EUROPE,2018,OTH_A,13.12176772798095
R10EUROPE,2018,CEREAL,4.737191971458157
R10EUROPE,2019,CROP_FLW,5.046549818747371
R10EUROPE,2019,PDR,6.1769164659720985
R10EUROPE,2019,WHT,4.597424883169376
R10EUROPE,2019,GRO,4.822536785134722
R10EUROPE,2019,OSD,2.41996739832713
R10EUROPE,2019,C_B,79.0942404603068
R10EUROPE,2019,OTH_A,13.421166075303121
R10EUROPE,2019,CEREAL,4.750673966455326
R10EUROPE,2020,CROP_FLW,5.028021776393588
R10EUROPE,2020,PDR,6.176523751233016
R10EUROPE,2020,WHT,4.606820249202941
R10EUROPE,2020,GRO,4.837565002371836
R10EUROPE,2020,OSD,2.4281041785629265
R10EUROPE,2020,C_B,79.77072183940827
R10EUROPE,2020,OTH_A,13.727395771284836
R10EUROPE,2020,CEREAL,4.764194331058417
R10EUROPE,2021,CROP_FLW,5.027548938895184
R10EUROPE,2021,PDR,6.180434169261676
R10EUROPE,2021,WHT,4.604201619739821
R10EUROPE,2021,GRO,4.838995129567872
R10EUROPE,2021,OSD,2.427650519579858
R10EUROPE,2021,C_B,80.22281762668597
R10EUROPE,2021,OTH_A,13.766909564944811
R10EUROPE,2021,CEREAL,4.763782241243505
R10EUROPE,2022,CROP_FLW,5.027076145862637
R10EUROPE,2022,PDR,6.18434706301451
R10EUROPE,2022,WHT,4.601584478769826
R10EUROPE,2022,GRO,4.840425679551777
R10EUROPE,2022,OSD,2.427196945356939
R10EUROPE,2022,C_B,80.6774756397548
R10EUROPE,2022,OTH_A,13.806537097577234
R10EUROPE,2022,CEREAL,4.763370187073239
R10EUROPE,2023,CROP_FLW,5.026603397291765
R10EUROPE,2023,PDR,6.188262434058923
R10EUROPE,2023,WHT,4.5989688254468595
R10EUROPE,2023,GRO,4.84185665244854
R10EUROPE,2023,OSD,2.426743455878333
R10EUROPE,2023,C_B,81.13471039987594
R10EUROPE,2023,OTH_A,13.846278696575466
R10EUROPE,2023,CEREAL,4.762958168544534
R10EUROPE,2024,CROP_FLW,5.02613069317839
R10EUROPE,2024,PDR,6.192180283963312
R10EUROPE,2024,WHT,4.596354658925305
R10EUROPE,2024,GRO,4.843288048383184
R10EUROPE,2024,OSD,2.4262900511282064
R10EUROPE,2024,C_B,81.59453651060895
R10EUROPE,2024,OTH_A,13.886134690275263
R10EUROPE,2024,CEREAL,4.762546185654309
R10EUROPE,2025,CROP_FLW,5.025658033518327
R10EUROPE,2025,PDR,6.196100614297069
R10EUROPE,2025,WHT,4.59374197836003
R10EUROPE,2025,GRO,4.844719867480775
R10EUROPE,2025,OSD,2.4258367310907296
R10EUROPE,2025,C_B,82.0569686582782
R10EUROPE,2025,OTH_A,13.926105407957488
R10EUROPE,2025,CEREAL,4.762134238399479
R10EUROPE,2026,CROP_FLW,5.025185418307398
R10EUROPE,2026,PDR,6.200023426630576
R10EUROPE,2026,WHT,4.59113078290638
R10EUROPE,2026,GRO,4.846152109866409
R10EUROPE,2026,OSD,2.4253834957500744
R10EUROPE,2026,C_B,82.52202161244186
R10EUROPE,2026,OTH_A,13.966191179850808
R10EUROPE,2026,CEREAL,4.761722326776964
R10EUROPE,2027,CROP_FLW,5.024712847541423
R10EUROPE,2027,PDR,6.203948722535214
R10EUROPE,2027,WHT,4.588521071720181
R10EUROPE,2027,GRO,4.847584775665227
R10EUROPE,2027,OSD,2.4249303450904165
R10EUROPE,2027,C_B,82.98971022636378
R10EUROPE,2027,OTH_A,14.00639233713446
R10EUROPE,2027,CEREAL,4.7613104507836805
R10EUROPE,2028,CROP_FLW,5.024240321216221
R10EUROPE,2028,PDR,6.207876503583355
R10EUROPE,2028,WHT,4.58591284395774
R10EUROPE,2028,GRO,4.849017865002397
R10EUROPE,2028,OSD,2.424477279095935
R10EUROPE,2028,C_B,83.46004943748775
R10EUROPE,2028,OTH_A,14.046709211940962
R10EUROPE,2028,CEREAL,4.760898610416547
R10EUROPE,2029,CROP_FLW,5.023767839327614
R10EUROPE,2029,PDR,6.2118067713483684
R10EUROPE,2029,WHT,4.583306098775839
R10EUROPE,2029,GRO,4.850451378003133
R10EUROPE,2029,OSD,2.4240242977508104
R10EUROPE,2029,C_B,83.93305426791459
R10EUROPE,2029,OTH_A,14.087142137358857
R10EUROPE,2029,CEREAL,4.760486805672481
R10EUROPE,2030,CROP_FLW,5.023295401871425
R10EUROPE,2030,PDR,6.215739527404613
R10EUROPE,2030,WHT,4.580700835331748
R10EUROPE,2030,GRO,4.851885314792684
R10EUROPE,2030,OSD,2.4235714010392266
R10EUROPE,2030,C_B,84.40873982488208
R10EUROPE,2030,OTH_A,14.127691447435481
R10EUROPE,2030,CEREAL,4.760075036548401
R10EUROPE,2031,CROP_FLW,5.020197399389995
R10EUROPE,2031,PDR,6.225572254429048
R10EUROPE,2031,WHT,4.579158499659741
R10EUROPE,2031,GRO,4.855531528807411
R10EUROPE,2031,OSD,2.425659456770368
R10EUROPE,2031,C_B,85.14465516924176
R10EUROPE,2031,OTH_A,14.137030592925704
R10EUROPE,2031,CEREAL,4.761614991381551
R10EUROPE,2032,CROP_FLW,5.017101307530699
R10EUROPE,2032,PDR,6.2354205359213495
R10EUROPE,2032,WHT,4.5776166832967675
R10EUROPE,2032,GRO,4.859180482968655
R10EUROPE,2032,OSD,2.427749311489868
R10EUROPE,2032,C_B,85.88698657188152
R10EUROPE,2032,OTH_A,14.146375912081231
R10EUROPE,2032,CEREAL,4.763155444412916
R10EUROPE,2033,CROP_FLW,5.014007125115202
R10EUROPE,2033,PDR,6.245284396487248
R10EUROPE,2033,WHT,4.576075386067975
R10EUROPE,2033,GRO,4.862832179335648
R10EUROPE,2033,OSD,2.4298409667476655
R10EUROPE,2033,C_B,86.63578997103413
R10EUROPE,2033,OTH_A,14.155727408983173
R10EUROPE,2033,CEREAL,4.7646963958036705
R10EUROPE,2034,CROP_FLW,5.0109148509659
R10EUROPE,2034,PDR,6.255163860771406
R10EUROPE,2034,WHT,4.57453460779857
R10EUROPE,2034,GRO,4.866486619969168
R10EUROPE,2034,OSD,2.431934424095035
R10EUROPE,2034,C_B,87.39112179262844
R10EUROPE,2034,OTH_A,14.165085087715353
R10EUROPE,2034,CEREAL,4.766237845715042
R10EUROPE,2035,CROP_FLW,5.007824483905914
R10EUROPE,2035,PDR,6.265058953457467
R10EUROPE,2035,WHT,4.572994348313816
R10EUROPE,2035,GRO,4.870143806931547
R10EUROPE,2035,OSD,2.434029685084587
R10EUROPE,2035,C_B,88.15303895454113
R10EUROPE,2035,OTH_A,14.174448952364276
R10EUROPE,2035,CEREAL,4.767779794308309
R10EUROPE,2036,CROP_FLW,5.004736022759088
R10EUROPE,2036,PDR,6.274969699268121
R10EUROPE,2036,WHT,4.571454607439038
R10EUROPE,2036,GRO,4.873803742286662
R10EUROPE,2036,OSD,2.4361267512702702
R10EUROPE,2036,C_B,88.92159887088594
R10EUROPE,2036,OTH_A,14.183819007019167
R10EUROPE,2036,CEREAL,4.769322241744802
R10EUROPE,2037,CROP_FLW,5.001649466349996
R10EUROPE,2037,PDR,6.2848961229651685
R10EUROPE,2037,WHT,4.569915384999617
R10EUROPE,2037,GRO,4.877466428099943
R10EUROPE,2037,OSD,2.438225624207373
R10EUROPE,2037,C_B,89.69685945634005
R10EUROPE,2037,OTH_A,14.193195255771936
R10EUROPE,2037,CEREAL,4.770865188185904
R10EUROPE,2038,CROP_FLW,4.9985648135039344
R10EUROPE,2038,PDR,6.2948382493495805
R10EUROPE,2038,WHT,4.568376680820996
R10EUROPE,2038,GRO,4.881131866438372
R10EUROPE,2038,OSD,2.440326305452522
R10EUROPE,2038,C_B,90.47887913050815
R10EUROPE,2038,OTH_A,14.202577702717214
R10EUROPE,2038,CEREAL,4.772408633793051
R10EUROPE,2039,CROP_FLW,4.995482063046922
R10EUROPE,2039,PDR,6.3047961032615625
R10EUROPE,2039,WHT,4.566838494728674
R10EUROPE,2039,GRO,4.884800059370484
R10EUROPE,2039,OSD,2.4424287965636857
R10EUROPE,2039,C_B,91.26771682232472
R10EUROPE,2039,OTH_A,14.211966351952325
R10EUROPE,2039,CEREAL,4.773952578727732
R10EUROPE,2040,CROP_FLW,4.9924012138057074
R10EUROPE,2040,PDR,6.314769709580613
R10EUROPE,2040,WHT,4.56530082654821
R10EUROPE,2040,GRO,4.888471008966367
R10EUROPE,2040,OSD,2.444533099100176
R10EUROPE,2040,C_B,92.06343197449466
R10EUROPE,2040,OTH_A,14.221361207577317
R10EUROPE,2040,CEREAL,4.7754970231514875
R10EUROPE,2041,CROP_FLW,4.997850835778131
R10EUROPE,2041,PDR,6.316628578397286
R10EUROPE,2041,WHT,4.573505284409047
R10EUROPE,2041,GRO,4.891259454906002
R10EUROPE,2041,OSD,2.444672772865291
R10EUROPE,2041,C_B,92.89611910614774
R10EUROPE,2041,OTH_A,14.234440203666303
R10EUROPE,2041,CEREAL,4.781141246787101
R10EUROPE,2042,CROP_FLW,5.003306406467087
R10EUROPE,2042,PDR,6.3184879944062455
R10EUROPE,2042,WHT,4.5817244867810025
R10EUROPE,2042,GRO,4.894049491410609
R10EUROPE,2042,OSD,2.444812454610973
R10EUROPE,2042,C_B,93.7363376522218
R10EUROPE,2042,OTH_A,14.247531228149487
R10EUROPE,2042,CEREAL,4.786792141405922
R10EUROPE,2043,CROP_FLW,5.008767932366096
R10EUROPE,2043,PDR,6.320347957768569
R10EUROPE,2043,WHT,4.589958460161938
R10EUROPE,2043,GRO,4.896841119387467
R10EUROPE,2043,OSD,2.444952144337679
R10EUROPE,2043,C_B,94.58415573218342
R10EUROPE,2043,OTH_A,14.260634292089064
R10EUROPE,2043,CEREAL,4.792449714892475
R10EUROPE,2044,CROP_FLW,5.014235419975768
R10EUROPE,2044,PDR,6.322208468645378
R10EUROPE,2044,WHT,4.598207231097339
R10EUROPE,2044,GRO,4.899634339744374
R10EUROPE,2044,OSD,2.445091842045864
R10EUROPE,2044,C_B,95.43964208161997
R10EUROPE,2044,OTH_A,14.27374940655738
R10EUROPE,2044,CEREAL,4.798113975140602
R10EUROPE,2045,CROP_FLW,5.019708875803804
R10EUROPE,2045,PDR,6.324069527197845
R10EUROPE,2045,WHT,4.606470826180395
R10EUROPE,2045,GRO,4.902429153389642
R10EUROPE,2045,OSD,2.445231547735984
R10EUROPE,2045,C_B,96.30286605781234
R10EUROPE,2045,OTH_A,14.286876582636987
R10EUROPE,2045,CEREAL,4.803784930053476
R10EUROPE,2046,CROP_FLW,5.025188306365013
R10EUROPE,2046,PDR,6.325931133587188
R10EUROPE,2046,WHT,4.614749272052089
R10EUROPE,2046,GRO,4.905225561232102
R10EUROPE,2046,OSD,2.4453712614084955
R10EUROPE,2046,C_B,97.17389764535802
R10EUROPE,2046,OTH_A,14.300015831420607
R10EUROPE,2046,CEREAL,4.809462587543611
R10EUROPE,2047,CROP_FLW,5.030673718181316
R10EUROPE,2047,PDR,6.327793287974672
R10EUROPE,2047,WHT,4.6230425954012775
R10EUROPE,2047,GRO,4.908023564181105
R10EUROPE,2047,OSD,2.4455109830638544
R10EUROPE,2047,C_B,98.05280746184498
R10EUROPE,2047,OTH_A,14.313167164011185
R10EUROPE,2047,CEREAL,4.815146955532873
R10EUROPE,2048,CROP_FLW,5.036165117781748
R10EUROPE,2048,PDR,6.329655990521611
R10EUROPE,2048,WHT,4.631350822964783
R10EUROPE,2048,GRO,4.910823163146523
R10EUROPE,2048,OSD,2.445650712702516
R10EUROPE,2048,C_B,98.93966676357678
R10EUROPE,2048,OTH_A,14.326330591521863
R10EUROPE,2048,CEREAL,4.820838041952487
R10EUROPE,2049,CROP_FLW,5.041662511702477
R10EUROPE,2049,PDR,6.331519241389367
R10EUROPE,2049,WHT,4.639673981527479
R10EUROPE,2049,GRO,4.913624359038739
R10EUROPE,2049,OSD,2.445790450324938
R10EUROPE,2049,C_B,99.83454745134972
R10EUROPE,2049,OTH_A,14.339506125076005
R10EUROPE,2049,CEREAL,4.82653585474306
R10EUROPE,2050,CROP_FLW,5.047165906486803
R10EUROPE,2050,PDR,6.333383040739347
R10EUROPE,2050,WHT,4.648012097922375
R10EUROPE,2050,GRO,4.916427152768664
R10EUROPE,2050,OSD,2.4459301959315782
R10EUROPE,2050,C_B,100.73752207628192
R10EUROPE,2050,OTH_A,14.352693775807223
R10EUROPE,2050,CEREAL,4.832240401854577
R10EUROPE,2051,CROP_FLW,5.054362937601144
R10EUROPE,2051,PDR,6.332502682268008
R10EUROPE,2051,WHT,4.660053056408101
R10EUROPE,2051,GRO,4.918497242851951
R10EUROPE,2051,OSD,2.4462657622213353
R10EUROPE,2051,C_B,101.57734140542298
R10EUROPE,2051,OTH_A,14.378331883269519
R10EUROPE,2051,CEREAL,4.839333670759019
R10EUROPE,2052,CROP_FLW,5.061570231357494
R10EUROPE,2052,PDR,6.331622446169031
R10EUROPE,2052,WHT,4.672125207730292
R10EUROPE,2052,GRO,4.92056820455864
R10EUROPE,2052,OSD,2.4466013745486834
R10EUROPE,2052,C_B,102.42416206327516
R10EUROPE,2052,OTH_A,14.404015787887701
R10EUROPE,2052,CEREAL,4.846437351906968
R10EUROPE,2053,CROP_FLW,5.068787802389918
R10EUROPE,2053,PDR,6.3307423324254035
R10EUROPE,2053,WHT,4.684228632695891
R10EUROPE,2053,GRO,4.92264003825573
R10EUROPE,2053,OSD,2.4469370329199394
R10EUROPE,2053,C_B,103.27804241787311
R10EUROPE,2053,OTH_A,14.42974557146888
R10EUROPE,2053,CEREAL,4.853551460582607
R10EUROPE,2054,CROP_FLW,5.076015665353351
R10EUROPE,2054,PDR,6.329862341020121
R10EUROPE,2054,WHT,4.696363412321175
R10EUROPE,2054,GRO,4.924712744310379
R10EUROPE,2054,OSD,2.4472727373414194
R10EUROPE,2054,C_B,104.1390413238488
R10EUROPE,2054,OTH_A,14.455521315966301
R10EUROPE,2054,CEREAL,4.860676012092554
R10EUROPE,2055,CROP_FLW,5.083253834923618
R10EUROPE,2055,PDR,6.328982471936176
R10EUROPE,2055,WHT,4.708529627832301
R10EUROPE,2055,GRO,4.926786323089899
R10EUROPE,2055,OSD,2.447608487819442
R10EUROPE,2055,C_B,105.00721812648807
R10EUROPE,2055,OTH_A,14.481343103479592
R10EUROPE,2055,CEREAL,4.867811021765895
R10EUROPE,2056,CROP_FLW,5.090502325797481
R10EUROPE,2056,PDR,6.328102725156566
R10EUROPE,2056,WHT,4.720727360665847
R10EUROPE,2056,GRO,4.9288607749617555
R10EUROPE,2056,OSD,2.4479442843603247
R10EUROPE,2056,C_B,105.88263266582105
R10EUROPE,2056,OTH_A,14.507211016255047
R10EUROPE,2056,CEREAL,4.874956504954219
R10EUROPE,2057,CROP_FLW,5.09776115269265
R10EUROPE,2057,PDR,6.327223100664291
R10EUROPE,2057,WHT,4.732956692469354
R10EUROPE,2057,GRO,4.930936100293568
R10EUROPE,2057,OSD,2.4482801269703884
R10EUROPE,2057,C_B,106.76534528074684
R10EUROPE,2057,OTH_A,14.533125136685868
R10EUROPE,2057,CEREAL,4.882112477031649
R10EUROPE,2058,CROP_FLW,5.105030330347828
R10EUROPE,2058,PDR,6.326343598442352
R10EUROPE,2058,WHT,4.745217705101881
R10EUROPE,2058,GRO,4.933012299453113
R10EUROPE,2058,OSD,2.4486160156559524
R10EUROPE,2058,C_B,107.65541681319228
R10EUROPE,2058,OTH_A,14.559085547312435
R10EUROPE,2058,CEREAL,4.889278953394875
R10EUROPE,2059,CROP_FLW,5.11230987352273
R10EUROPE,2059,PDR,6.325464218473753
R10EUROPE,2059,WHT,4.757510480634545
R10EUROPE,2059,GRO,4.93508937280832
R10EUROPE,2059,OSD,2.448951950423339
R10EUROPE,2059,C_B,108.55290861230556
R10EUROPE,2059,OTH_A,14.585092330822572
R10EUROPE,2059,CEREAL,4.8964559494631885
R10EUROPE,2060,CROP_FLW,5.119599796998124
R10EUROPE,2060,PDR,6.324584960741501
R10EUROPE,2060,WHT,4.769835101351076
R10EUROPE,2060,GRO,4.937167320727271
R10EUROPE,2060,OSD,2.449287931278871
R10EUROPE,2060,C_B,109.4578825386849
R10EUROPE,2060,OTH_A,14.6111455700518
R10EUROPE,2060,CEREAL,4.903643480678517
R10EUROPE,2061,CROP_FLW,5.124930351389682
R10EUROPE,2061,PDR,6.323671070821928
R10EUROPE,2061,WHT,4.779164797629527
R10EUROPE,2061,GRO,4.944747365801915
R10EUROPE,2061,OSD,2.4493709969565822
R10EUROPE,2061,C_B,110.33759331887828
R10EUROPE,2061,OTH_A,14.62872732029919
R10EUROPE,2061,CEREAL,4.91184471938811
R10EUROPE,2062,CROP_FLW,5.13026645598267
R10EUROPE,2062,PDR,6.322757312957625
R10EUROPE,2062,WHT,4.788512742595993
R10EUROPE,2062,GRO,4.95233904853832
R10EUROPE,2062,OSD,2.4494540654514005
R10EUROPE,2062,C_B,111.22437431675574
R10EUROPE,2062,OTH_A,14.646330226857716
R10EUROPE,2062,CEREAL,4.920059674493814
R10EUROPE,2063,CROP_FLW,5.135608116555988
R10EUROPE,2063,PDR,6.321843687129514
R10EUROPE,2063,WHT,4.797878971944519
R10EUROPE,2063,GRO,4.959942386803817
R10EUROPE,2063,OSD,2.4495371367634218
R10EUROPE,2063,C_B,112.11828235551333
R10EUROPE,2063,OTH_A,14.663954315185
R10EUROPE,2063,CEREAL,4.928288368936009
R10EUROPE,2064,CROP_FLW,5.140955338894553
R10EUROPE,2064,PDR,6.320930193318513
R10EUROPE,2064,WHT,4.807263521438973
R10EUROPE,2064,GRO,4.967557398493166
R10EUROPE,2064,OSD,2.449620210892741
R10EUROPE,2064,C_B,113.0193747150339
R10EUROPE,2064,OTH_A,14.681599610769295
R10EUROPE,2064,CEREAL,4.93653082569344
R10EUROPE,2065,CROP_FLW,5.146308128789306
R10EUROPE,2065,PDR,6.320016831505547
R10EUROPE,2065,WHT,4.816666426913168
R10EUROPE,2065,GRO,4.975184101528606
R10EUROPE,2065,OSD,2.449703287839455
R10EUROPE,2065,C_B,113.92770913555763
R10EUROPE,2065,OTH_A,14.699266139129522
R10EUROPE,2065,CEREAL,4.944787067783286
R10EUROPE,2066,CROP_FLW,5.1516664920372115
R10EUROPE,2066,PDR,6.319103601671541
R10EUROPE,2066,WHT,4.826087724271011
R10EUROPE,2066,GRO,4.982822513859886
R10EUROPE,2066,OSD,2.449786367603658
R10EUROPE,2066,C_B,114.84334382138177
R10EUROPE,2066,OTH_A,14.716953925815309
R10EUROPE,2066,CEREAL,4.953057118261219
R10EUROPE,2067,CROP_FLW,5.157030434441277
R10EUROPE,2067,PDR,6.318190503797427
R10EUROPE,2067,WHT,4.835527449486639
R10EUROPE,2067,GRO,4.9904726534643205
R10EUROPE,2067,OSD,2.4498694501854454
R10EUROPE,2067,C_B,115.7663374445904
R10EUROPE,2067,OTH_A,14.734662996407035
R10EUROPE,2067,CEREAL,4.961341000221472
R10EUROPE,2068,CROP_FLW,5.162399961810551
R10EUROPE,2068,PDR,6.317277537864135
R10EUROPE,2068,WHT,4.844985638604548
R10EUROPE,2068,GRO,4.998134538346817
R10EUROPE,2068,OSD,2.4499525355849143
R10EUROPE,2068,C_B,116.69674914881386
R10EUROPE,2068,OTH_A,14.752393376515851
R10EUROPE,2068,CEREAL,4.969638736796905
R10EUROPE,2069,CROP_FLW,5.167775079960125
R10EUROPE,2069,PDR,6.316364703852601
R10EUROPE,2069,WHT,4.854462327739741
R10EUROPE,2069,GRO,5.005808186539933
R10EUROPE,2069,OSD,2.4500356238021586
R10EUROPE,2069,C_B,117.63463855301872
R10EUROPE,2069,OTH_A,14.770145091783734
R10EUROPE,2069,CEREAL,4.977950351159063
R10EUROPE,2070,CROP_FLW,5.173155794711147
R10EUROPE,2070,PDR,6.315452001743765
R10EUROPE,2070,WHT,4.863957553077864
R10EUROPE,2070,GRO,5.013493616103908
R10EUROPE,2070,OSD,2.4501187148372763
R10EUROPE,2070,C_B,118.58006575532784
R10EUROPE,2070,OTH_A,14.787918167883507
R10EUROPE,2070,CEREAL,4.9862758665182465
R10EUROPE,2071,CROP_FLW,5.175525799683839
R10EUROPE,2071,PDR,6.31543879455986
R10EUROPE,2071,WHT,4.869870408469563
R10EUROPE,2071,GRO,5.019499031882468
R10EUROPE,2071,OSD,2.449370841422012
R10EUROPE,2071,C_B,119.26237374909113
R10EUROPE,2071,OTH_A,14.80934193409215
R10EUROPE,2071,CEREAL,4.991864655949614
R10EUROPE,2072,CROP_FLW,5.177896890439328
R10EUROPE,2072,PDR,6.315425587403575
R10EUROPE,2072,WHT,4.87579045180616
R10EUROPE,2072,GRO,5.025511641251253
R10EUROPE,2072,OSD,2.448623196287378
R10EUROPE,2072,C_B,119.94860773324231
R10EUROPE,2072,OTH_A,14.830796737648535
R10EUROPE,2072,CEREAL,4.997459709488331
R10EUROPE,2073,CROP_FLW,5.18026906747505
R10EUROPE,2073,PDR,6.31541238027491
R10EUROPE,2073,WHT,4.88171769182566
R10EUROPE,2073,GRO,5.03153145282711
R10EUROPE,2073,OSD,2.4478757793636947
R10EUROPE,2073,C_B,120.63879029787367
R10EUROPE,2073,OTH_A,14.852282623517533
R10EUROPE,2073,CEREAL,5.003061034155428
R10EUROPE,2074,CROP_FLW,5.182642331288668
R10EUROPE,2074,PDR,6.315399173173864
R10EUROPE,2074,WHT,4.887652137276691
R10EUROPE,2074,GRO,5.037558475237205
R10EUROPE,2074,OSD,2.4471285905813023
R10EUROPE,2074,C_B,121.33294416306052
R10EUROPE,2074,OTH_A,14.87379963672917
R10EUROPE,2074,CEREAL,5.008668636979797
R10EUROPE,2075,CROP_FLW,5.185016682378072
R10EUROPE,2075,PDR,6.315385966100437
R10EUROPE,2075,WHT,4.893593796918509
R10EUROPE,2075,GRO,5.04359271711904
R10EUROPE,2075,OSD,2.446381629870564
R10EUROPE,2075,C_B,122.03109217960917
R10EUROPE,2075,OTH_A,14.895347822378692
R10EUROPE,2075,CEREAL,5.014282524998215
R10EUROPE,2076,CROP_FLW,5.187392121241385
R10EUROPE,2076,PDR,6.31537275905463
R10EUROPE,2076,WHT,4.899542679521027
R10EUROPE,2076,GRO,5.049634187120462
R10EUROPE,2076,OSD,2.445634897161862
R10EUROPE,2076,C_B,122.73325732980913
R10EUROPE,2076,OTH_A,14.916927225626681
R10EUROPE,2076,CEREAL,5.019902705255344
R10EUROPE,2077,CROP_FLW,5.189768648376951
R10EUROPE,2077,PDR,6.315359552036441
R10EUROPE,2077,WHT,4.905498793864816
R10EUROPE,2077,GRO,5.05568289389968
R10EUROPE,2077,OSD,2.444888392385602
R10EUROPE,2077,C_B,123.43946272818968
R10EUROPE,2077,OTH_A,14.938537891699154
R10EUROPE,2077,CEREAL,5.02552918480374
R10EUROPE,2078,CROP_FLW,5.192146264283348
R10EUROPE,2078,PDR,6.315346345045873
R10EUROPE,2078,WHT,4.911462148741118
R10EUROPE,2078,GRO,5.061738846125269
R10EUROPE,2078,OSD,2.44414211547221
R10EUROPE,2078,C_B,124.14973162228081
R10EUROPE,2078,OTH_A,14.960179865887634
R10EUROPE,2078,CEREAL,5.031161970703865
R10EUROPE,2079,CROP_FLW,5.194524969459379
R10EUROPE,2079,PDR,6.315333138082923
R10EUROPE,2079,WHT,4.917432752951867
R10EUROPE,2079,GRO,5.06780205247619
R10EUROPE,2079,OSD,2.443396066352132
R10EUROPE,2079,C_B,124.86408739337838
R10EUROPE,2079,OTH_A,14.98185319354927
R10EUROPE,2079,CEREAL,5.036801070024096
R10EUROPE,2080,CROP_FLW,5.196904764404078
R10EUROPE,2080,PDR,6.315319931147589
R10EUROPE,2080,WHT,4.923410615309699
R10EUROPE,2080,GRO,5.073872521641807
R10EUROPE,2080,OSD,2.4426502449558374
R10EUROPE,2080,C_B,125.58255355731411
R10EUROPE,2080,OTH_A,15.003557920106907
R10EUROPE,2080,CEREAL,5.042446489840725
R10EUROPE,2081,CROP_FLW,5.195427900917888
R10EUROPE,2081,PDR,6.316329379048279
R10EUROPE,2081,WHT,4.926531839207707
R10EUROPE,2081,GRO,5.0820421215015115
R10EUROPE,2081,OSD,2.4419730279862457
R10EUROPE,2081,C_B,125.9961418851139
R10EUROPE,2081,OTH_A,15.034261723961018
R10EUROPE,2081,CEREAL,5.047433606772203
R10EUROPE,2082,CROP_FLW,5.193951457128779
R10EUROPE,2082,PDR,6.317338988300266
R10EUROPE,2082,WHT,4.92965504182319
R10EUROPE,2082,GRO,5.090224875487888
R10EUROPE,2082,OSD,2.441295998772893
R10EUROPE,2082,C_B,126.41109230740888
R10EUROPE,2082,OTH_A,15.065028361149471
R10EUROPE,2082,CEREAL,5.052425656098172
R10EUROPE,2083,CROP_FLW,5.19247543291748
R10EUROPE,2083,PDR,6.318348758929342
R10EUROPE,2083,WHT,4.932780224410567
R10EUROPE,2083,GRO,5.098420804780805
R10EUROPE,2083,OSD,2.440619157263725
R10EUROPE,2083,C_B,126.82740931006407
R10EUROPE,2083,OTH_A,15.09585796025659
R10EUROPE,2083,CEREAL,5.057422642696905
R10EUROPE,2084,CROP_FLW,5.190999828164754
R10EUROPE,2084,PDR,6.3193586909613
R10EUROPE,2084,WHT,4.9359073882250515
R10EUROPE,2084,GRO,5.106629930594231
R10EUROPE,2084,OSD,2.4399425034067015
R10EUROPE,2084,C_B,127.24509739371805
R10EUROPE,2084,OTH_A,15.126750650129843
R10EUROPE,2084,CEREAL,5.062424571451499
R10EUROPE,2085,CROP_FLW,5.189524642751402
R10EUROPE,2085,PDR,6.320368784421938
R10EUROPE,2085,WHT,4.939036534522657
R10EUROPE,2085,GRO,5.1148522741762985
R10EUROPE,2085,OSD,2.4392660371497956
R10EUROPE,2085,C_B,127.66416107383165
R10EUROPE,2085,OTH_A,15.15770655988037
R10EUROPE,2085,CEREAL,5.067431447249879
R10EUROPE,2086,CROP_FLW,5.188049876558252
R10EUROPE,2086,PDR,6.321379039337063
R10EUROPE,2086,WHT,4.942167664560184
R10EUROPE,2086,GRO,5.1230878568093425
R10EUROPE,2086,OSD,2.4385897584409966
R10EUROPE,2086,C_B,128.08460488073666
R10EUROPE,2086,OTH_A,15.18872581888353
R10EUROPE,2086,CEREAL,5.072443274984808
R10EUROPE,2087,CROP_FLW,5.186575529466171
R10EUROPE,2087,PDR,6.322389455732478
R10EUROPE,2087,WHT,4.945300779595243
R10EUROPE,2087,GRO,5.1313366998099745
R10EUROPE,2087,OSD,2.437913667228307
R10EUROPE,2087,C_B,128.50643335968493
R10EUROPE,2087,OTH_A,15.219808556779444
R10EUROPE,2087,CEREAL,5.0774600595538875
R10EUROPE,2088,CROP_FLW,5.185101601356058
R10EUROPE,2088,PDR,6.3234000336339955
R10EUROPE,2088,WHT,4.948435880886227
R10EUROPE,2088,GRO,5.139598824529123
R10EUROPE,2088,OSD,2.437237763459744
R10EUROPE,2088,C_B,128.92965107089742
R10EUROPE,2088,OTH_A,15.250954903473534
R10EUROPE,2088,CEREAL,5.082481805859559
R10EUROPE,2089,CROP_FLW,5.1836280921088465
R10EUROPE,2089,PDR,6.324410773067432
R10EUROPE,2089,WHT,4.951572969692339
R10EUROPE,2089,GRO,5.147874252352095
R10EUROPE,2089,OSD,2.4365620470833393
R10EUROPE,2089,C_B,129.3542625896136
R10EUROPE,2089,OTH_A,15.282164989137057
R10EUROPE,2089,CEREAL,5.087508518809115
R10EUROPE,2090,CROP_FLW,5.1821550016055005
R10EUROPE,2090,PDR,6.325421674058602
R10EUROPE,2090,WHT,4.954712047273578
R10EUROPE,2090,GRO,5.156163004698627
R10EUROPE,2090,OSD,2.4358865180471407
R10EUROPE,2090,C_B,129.78027250614082
R10EUROPE,2090,OTH_A,15.313438944207663
R10EUROPE,2090,CEREAL,5.092540203314699
R10EUROPE,2091,CROP_FLW,5.185115570143766
R10EUROPE,2091,PDR,6.3306419748541
R10EUROPE,2091,WHT,4.956174375773399
R10EUROPE,2091,GRO,5.163678352433693
R10EUROPE,2091,OSD,2.4353274667888956
R10EUROPE,2091,C_B,129.99954729648368
R10EUROPE,2091,OTH_A,15.330843502265003
R10EUROPE,2091,CEREAL,5.096282682570421
R10EUROPE,2092,CROP_FLW,5.188077830056771
R10EUROPE,2092,PDR,6.33586658390631
R10EUROPE,2092,WHT,4.957637135863315
R10EUROPE,2092,GRO,5.171204654138121
R10EUROPE,2092,OSD,2.4347685438364257
R10EUROPE,2092,C_B,130.21919257020397
R10EUROPE,2092,OTH_A,15.348267841551255
R10EUROPE,2092,CEREAL,5.100027912153175
R10EUROPE,2093,CROP_FLW,5.1910417823107995
R10EUROPE,2093,PDR,6.341095504770792
R10EUROPE,2093,WHT,4.959100327670706
R10EUROPE,2093,GRO,5.178741925777831
R10EUROPE,2093,OSD,2.434209749160285
R10EUROPE,2093,C_B,130.43920895326477
R10EUROPE,2093,OTH_A,15.365711984548863
R10EUROPE,2093,CEREAL,5.103775894084159
R10EUROPE,2094,CROP_FLW,5.194007427872688
R10EUROPE,2094,PDR,6.346328741006036
R10EUROPE,2094,WHT,4.960563951322985
R10EUROPE,2094,GRO,5.186290183342015
R10EUROPE,2094,OSD,2.4336510827310325
R10EUROPE,2094,C_B,130.6595970726869
R10EUROPE,2094,OTH_A,15.383175953765825
R10EUROPE,2094,CEREAL,5.107526630386062
R10EUROPE,2095,CROP_FLW,5.196974767709824
R10EUROPE,2095,PDR,6.351566296173469
R10EUROPE,2095,WHT,4.962028006947611
R10EUROPE,2095,GRO,5.19384944284317
R10EUROPE,2095,OSD,2.4330925445192353
R10EUROPE,2095,C_B,130.8803575565504
R10EUROPE,2095,OTH_A,15.400659771735716
R10EUROPE,2095,CEREAL,5.111280123083051
R10EUROPE,2096,CROP_FLW,5.199943802790146
R10EUROPE,2096,PDR,6.356808173837459
R10EUROPE,2096,WHT,4.963492494672072
R10EUROPE,2096,GRO,5.201419720317133
R10EUROPE,2096,OSD,2.4325341344954663
R10EUROPE,2096,C_B,131.1014910339967
R10EUROPE,2096,OTH_A,15.418163461017732
R10EUROPE,2096,CEREAL,5.115036374200789
R10EUROPE,2097,CROP_FLW,5.202914534082151
R10EUROPE,2097,PDR,6.3620543775653156
R10EUROPE,2097,WHT,4.964957414623899
R10EUROPE,2097,GRO,5.209001031823108
R10EUROPE,2097,OSD,2.431975852630306
R10EUROPE,2097,C_B,131.32299813523008
R10EUROPE,2097,OTH_A,15.4356870441967
R10EUROPE,2097,CEREAL,5.118795385766423
R10EUROPE,2098,CROP_FLW,5.205886962554883
R10EUROPE,2098,PDR,6.36730491092729
R10EUROPE,2098,WHT,4.966422766930659
R10EUROPE,2098,GRO,5.216593393443716
R10EUROPE,2098,OSD,2.431417698894341
R10EUROPE,2098,C_B,131.5448794915197
R10EUROPE,2098,OTH_A,15.453230543883114
R10EUROPE,2098,CEREAL,5.122557159808588
R10EUROPE,2099,CROP_FLW,5.208861089177945
R10EUROPE,2099,PDR,6.372559777496582
R10EUROPE,2099,WHT,4.967888551719957
R10EUROPE,2099,GRO,5.224196821285011
R10EUROPE,2099,OSD,2.430859673258164
R10EUROPE,2099,C_B,131.76713573520124
R10EUROPE,2099,OTH_A,15.470793982713177
R10EUROPE,2099,CEREAL,5.126321698357417
R10EUROPE,2100,CROP_FLW,5.211836914921489
R10EUROPE,2100,PDR,6.377818980849341
R10EUROPE,2100,WHT,4.969354769119435
R10EUROPE,2100,GRO,5.231811331476524
R10EUROPE,2100,OSD,2.4303017756923766
R10EUROPE,2100,C_B,131.98976749967875
R10EUROPE,2100,OTH_A,15.48837738334881
R10EUROPE,2100,CEREAL,5.130089003444528
R10CHINA+,2005,CROP_FLW,6.231030279406961
R10CHINA+,2005,PDR,6.382230724497545
R10CHINA+,2005,WHT,4.438655193760435
R10CHINA+,2005,GRO,5.114262182074773
R10CHINA+,2005,OSD,2.1970064319604177
R10CHINA+,2005,C_B,57.16647960386106
R10CHINA+,2005,OTH_A,6.766317183581591
R10CHINA+,2005,CEREAL,5.301432166658189
R10CHINA+,2006,CROP_FLW,6.237303151738982
R10CHINA+,2006,PDR,6.406355180443124
R10CHINA+,2006,WHT,4.457561985925234
R10CHINA+,2006,GRO,5.137328205960066
R10CHINA+,2006,OSD,2.2113831261752575
R10CHINA+,2006,C_B,58.63952718787426
R10CHINA+,2006,OTH_A,6.858402416358065
R10CHINA+,2006,CEREAL,5.322381123414092
R10CHINA+,2007,CROP_FLW,6.2435823390663625
R10CHINA+,2007,PDR,6.43057082541019
R10CHINA+,2007,WHT,4.476549313021079
R10CHINA+,2007,GRO,5.160498260776691
R10CHINA+,2007,OSD,2.225853898101268
R10CHINA+,2007,C_B,60.15053179145212
R10CHINA+,2007,OTH_A,6.9517408700323235
R10CHINA+,2007,CEREAL,5.343412861345981
R10CHINA+,2008,CROP_FLW,6.249867847746502
R10CHINA+,2008,PDR,6.4548780040878695
R10CHINA+,2008,WHT,4.495617518092684
R10CHINA+,2008,GRO,5.1837728157184175
R10CHINA+,2008,OSD,2.2404193633609015
R10CHINA+,2008,C_B,61.70047147894904
R10CHINA+,2008,OTH_A,7.046349600136195
R10CHINA+,2008,CEREAL,5.364527707569098
R10CHINA+,2009,CROP_FLW,6.256159684143204
R10CHINA+,2009,PDR,6.479277062468191
R10CHINA+,2009,WHT,4.514766945645986
R10CHINA+,2009,GRO,5.20715234209514
R10CHINA+,2009,OSD,2.2550801416050983
R10CHINA+,2009,C_B,63.290349517169226
R10CHINA+,2009,OTH_A,7.142245894316347
R10CHINA+,2009,CEREAL,5.385725990491305
R10CHINA+,2010,CROP_FLW,6.262457854626676
R10CHINA+,2010,PDR,6.503768347851019
R10CHINA+,2010,WHT,4.533997941654376
R10CHINA+,2010,GRO,5.230637313342427
R10CHINA+,2010,OSD,2.269836856539649
R10CHINA+,2010,C_B,64.92119502477543
R10CHINA+,2010,OTH_A,7.239447275493224
R10CHINA+,2010,CEREAL,5.407008039818189
R10CHINA+,2011,CROP_FLW,6.337999356169141
R10CHINA+,2011,PDR,6.533629584195967
R10CHINA+,2011,WHT,4.573809373973405
R10CHINA+,2011,GRO,5.271387708437527
R10CHINA+,2011,OSD,2.2793816480558844
R10CHINA+,2011,C_B,66.6358975874052
R10CHINA+,2011,OTH_A,7.266338081015847
R10CHINA+,2011,CEREAL,5.445075924601685
R10CHINA+,2012,CROP_FLW,6.414452084355802
R10CHINA+,2012,PDR,6.563627924660919
R10CHINA+,2012,WHT,4.613970376398925
R10CHINA+,2012,GRO,5.312455578173084
R10CHINA+,2012,OSD,2.2889665759567355
R10CHINA+,2012,C_B,68.39588897870127
R10CHINA+,2012,OTH_A,7.293328771984712
R10CHINA+,2012,CEREAL,5.483411825234467
R10CHINA+,2013,CROP_FLW,6.491827030945893
R10CHINA+,2013,PDR,6.59376399874224
R10CHINA+,2013,WHT,4.654484018382402
R10CHINA+,2013,GRO,5.353843395902961
R10CHINA+,2013,OSD,2.2985918090179545
R10CHINA+,2013,C_B,70.20236536996862
R10CHINA+,2013,OTH_A,7.320419719422634
R10CHINA+,2013,CEREAL,5.5220176286744245
R10CHINA+,2014,CROP_FLW,6.570135320287802
R10CHINA+,2014,PDR,6.624038438826551
R10CHINA+,2014,WHT,4.695353396327073
R10CHINA+,2014,GRO,5.395553654250223
R10CHINA+,2014,OSD,2.3082575167250052
R10CHINA+,2014,C_B,72.05655452586167
R10CHINA+,2014,OTH_A,7.347611295730585
R10CHINA+,2014,CEREAL,5.560895235164515
R10CHINA+,2015,CROP_FLW,6.649388210918444
R10CHINA+,2015,PDR,6.654451880203991
R10CHINA+,2015,WHT,4.736581633824594
R10CHINA+,2015,GRO,5.4375888652572355
R10CHINA+,2015,OSD,2.3179638692760474
R10CHINA+,2015,C_B,73.95971663882979
R10CHINA+,2015,OTH_A,7.374903874692818
R10CHINA+,2015,CEREAL,5.600046558326309
R10CHINA+,2016,CROP_FLW,6.729597097181918
R10CHINA+,2016,PDR,6.685004961081558
R10CHINA+,2016,WHT,4.778171881893774
R10CHINA+,2016,GRO,5.479951560536974
R10CHINA+,2016,OSD,2.327711037584934
R10CHINA+,2016,C_B,75.91314518560215
R10CHINA+,2016,OTH_A,7.402297831481998
R10CHINA+,2016,CEREAL,5.639473525254168
R10CHINA+,2017,CROP_FLW,6.810773510867698
R10CHINA+,2017,PDR,6.715698322596495
R10CHINA+,2017,WHT,4.820127319221409
R10CHINA+,2017,GRO,5.522644291425476
R10CHINA+,2017,OSD,2.3374991932842204
R10CHINA+,2017,C_B,77.91816780629425
R10CHINA+,2017,OTH_A,7.429793542664361
R10CHINA+,2017,CEREAL,5.6791780766101105
R10CHINA+,2018,CROP_FLW,6.892929122868581
R10CHINA+,2018,PDR,6.74653260882975
R10CHINA+,2018,WHT,4.862451152405211
R10CHINA+,2018,GRO,5.565669629135515
R10CHINA+,2018,OSD,2.347328508728185
R10CHINA+,2018,C_B,79.97614720673322
R10CHINA+,2018,OTH_A,7.4573913862048995
R10CHINA+,2018,CEREAL,5.719162166719327
R10CHINA+,2019,CROP_FLW,6.976075744858634
R10CHINA+,2019,PDR,6.777508466819484
R10CHINA+,2019,WHT,4.9051466161989
R10CHINA+,2019,GRO,5.60903016491144
R10CHINA+,2019,OSD,2.3571991569958683
R10CHINA+,2019,C_B,82.08848208461565
R10CHINA+,2019,OTH_A,7.48509174147254
R10CHINA+,2019,CEREAL,5.759427763666381
R10CHINA+,2020,CROP_FLW,7.060225330991379
R10CHINA+,2020,PDR,6.808626546574648
R10CHINA+,2020,WHT,4.94821697375942
R10CHINA+,2020,GRO,5.652728510185247
R10CHINA+,2020,OSD,2.3671113118941167
R10CHINA+,2020,C_B,84.25660808012702
R10CHINA+,2020,OTH_A,7.512894989245378
R10CHINA+,2020,CEREAL,5.799976849392074
R10CHINA+,2021,CROP_FLW,7.060034387647176
R10CHINA+,2021,PDR,6.809448272261812
R10CHINA+,2021,WHT,4.949194744633901
R10CHINA+,2021,GRO,5.65207522421956
R10CHINA+,2021,OSD,2.368170084180229
R10CHINA+,2021,C_B,84.3905067079287
R10CHINA+,2021,OTH_A,7.522062151686007
R10CHINA+,2021,CEREAL,5.799897506906761
R10CHINA+,2022,CROP_FLW,7.0598434494670235
R10CHINA+,2022,PDR,6.810270097122149
R10CHINA+,2022,WHT,4.950172708716537
R10CHINA+,2022,GRO,5.651422013754148
R10CHINA+,2022,OSD,2.3692293300388125
R10CHINA+,2022,C_B,84.524618124293
R10CHINA+,2022,OTH_A,7.5312404998103615
R10CHINA+,2022,CEREAL,5.799818165506836
R10CHINA+,2023,CROP_FLW,7.0596525164507815
R10CHINA+,2023,PDR,6.81109202116763
R10CHINA+,2023,WHT,4.951150866045511
R10CHINA+,2023,GRO,5.650768878780284
R10CHINA+,2023,OSD,2.3702890496816886
R10CHINA+,2023,C_B,84.65894266737857
R10CHINA+,2023,OTH_A,7.5404300472671055
R10CHINA+,2023,CEREAL,5.799738825192286
R10CHINA+,2024,CROP_FLW,7.059461588598311
R10CHINA+,2024,PDR,6.811914044410225
R10CHINA+,2024,WHT,4.952129216659004
R10CHINA+,2024,GRO,5.650115819289245
R10CHINA+,2024,OSD,2.371349243320775
R10CHINA+,2024,C_B,84.79348067588137
R10CHINA+,2024,OTH_A,7.549630807721558
R10CHINA+,2024,CEREAL,5.799659485963095
R10CHINA+,2025,CROP_FLW,7.059270665909472
R10CHINA+,2025,PDR,6.812736166861904
R10CHINA+,2025,WHT,4.953107760595212
R10CHINA+,2025,GRO,5.649462835272307
R10CHINA+,2025,OSD,2.3724099111680808
R10CHINA+,2025,C_B,84.92823248903565
R10CHINA+,2025,OTH_A,7.5588427948557095
R10CHINA+,2025,CEREAL,5.799580147819247
R10CHINA+,2026,CROP_FLW,7.059079748384126
R10CHINA+,2026,PDR,6.813558388534643
R10CHINA+,2026,WHT,4.954086497892335
R10CHINA+,2026,GRO,5.6488099267207454
R10CHINA+,2026,OSD,2.3734710534357135
R10CHINA+,2026,C_B,85.06319844661478
R10CHINA+,2026,OTH_A,7.568066022368247
R10CHINA+,2026,CEREAL,5.79950081076073
R10CHINA+,2027,CROP_FLW,7.058888836022131
R10CHINA+,2027,PDR,6.8143807094404165
R10CHINA+,2027,WHT,4.955065428588579
R10CHINA+,2027,GRO,5.648157093625842
R10CHINA+,2027,OSD,2.374532670335874
R10CHINA+,2027,C_B,85.19837888893201
R10CHINA+,2027,OTH_A,7.577300503974574
R10CHINA+,2027,CEREAL,5.799421474787526
R10CHINA+,2028,CROP_FLW,7.0586979288233485
R10CHINA+,2028,PDR,6.8152031295911994
R10CHINA+,2028,WHT,4.9560445527221635
R10CHINA+,2028,GRO,5.647504335978874
R10CHINA+,2028,OSD,2.3755947620808575
R10CHINA+,2028,C_B,85.33377415684151
R10CHINA+,2028,OTH_A,7.586546253406829
R10CHINA+,2028,CEREAL,5.799342139899623
R10CHINA+,2029,CROP_FLW,7.05850702678764
R10CHINA+,2029,PDR,6.81602564899897
R10CHINA+,2029,WHT,4.95702387033131
R10CHINA+,2029,GRO,5.646851653771122
R10CHINA+,2029,OSD,2.376657328883055
R10CHINA+,2029,C_B,85.46938459173906
R10CHINA+,2029,OTH_A,7.595803284413901
R10CHINA+,2029,CEREAL,5.799262806097005
R10CHINA+,2030,CROP_FLW,7.058316129914863
R10CHINA+,2030,PDR,6.8168482676757085
R10CHINA+,2030,WHT,4.958003381454247
R10CHINA+,2030,GRO,5.64619904699387
R10CHINA+,2030,OSD,2.3777203709549495
R10CHINA+,2030,C_B,85.60521053556307
R10CHINA+,2030,OTH_A,7.605071610761461
R10CHINA+,2030,CEREAL,5.799183473379654
R10CHINA+,2031,CROP_FLW,7.061821781530974
R10CHINA+,2031,PDR,6.824504417670962
R10CHINA+,2031,WHT,4.9581494360200775
R10CHINA+,2031,GRO,5.648076762010012
R10CHINA+,2031,OSD,2.3758937819145625
R10CHINA+,2031,C_B,85.63189218550922
R10CHINA+,2031,OTH_A,7.606242540602219
R10CHINA+,2031,CEREAL,5.8016223222984875
R10CHINA+,2032,CROP_FLW,7.065329174297953
R10CHINA+,2032,PDR,6.832169166454166
R10CHINA+,2032,WHT,4.958295494888435
R10CHINA+,2032,GRO,5.6499551014840685
R10CHINA+,2032,OSD,2.374068596078507
R10CHINA+,2032,C_B,85.65858215165991
R10CHINA+,2032,OTH_A,7.607413650727499
R10CHINA+,2032,CEREAL,5.804062196876204
R10CHINA+,2033,CROP_FLW,7.068838309080577
R10CHINA+,2033,PDR,6.839842523682807
R10CHINA+,2033,WHT,4.958441558059444
R10CHINA+,2033,GRO,5.651834065623712
R10CHINA+,2033,OSD,2.372244812368826
R10CHINA+,2033,C_B,85.68528043660723
R10CHINA+,2033,OTH_A,7.6085849411650575
R10CHINA+,2033,CEREAL,5.806503097544147
R10CHINA+,2034,CROP_FLW,7.07234918674405
R10CHINA+,2034,PDR,6.847524499025217
R10CHINA+,2034,WHT,4.958587625533232
R10CHINA+,2034,GRO,5.65371365463668
R10CHINA+,2034,OSD,2.3704224297083925
R10CHINA+,2034,C_B,85.71198704294396
R10CHINA+,2034,OTH_A,7.609756411942655
R10CHINA+,2034,CEREAL,5.808945024733837
R10CHINA+,2035,CROP_FLW,7.075861808154012
R10CHINA+,2035,PDR,6.8552151021605825
R10CHINA+,2035,WHT,4.958733697309925
R10CHINA+,2035,GRO,5.655593868730786
R10CHINA+,2035,OSD,2.368601447020906
R10CHINA+,2035,C_B,85.73870197326376
R10CHINA+,2035,OTH_A,7.610928063088062
R10CHINA+,2035,CEREAL,5.811387978876978
R10CHINA+,2036,CROP_FLW,7.079376174176526
R10CHINA+,2036,PDR,6.8629143427789705
R10CHINA+,2036,WHT,4.958879773389652
R10CHINA+,2036,GRO,5.657474708113904
R10CHINA+,2036,OSD,2.3667818632308935
R10CHINA+,2036,C_B,85.76542523016101
R10CHINA+,2036,OTH_A,7.612099894629047
R10CHINA+,2036,CEREAL,5.813831960405459
R10CHINA+,2037,CROP_FLW,7.082892285678089
R10CHINA+,2037,PDR,6.870622230581319
R10CHINA+,2037,WHT,4.959025853772538
R10CHINA+,2037,GRO,5.659356172993986
R10CHINA+,2037,OSD,2.3649636772637064
R10CHINA+,2037,C_B,85.79215681623103
R10CHINA+,2037,OTH_A,7.613271906593383
R10CHINA+,2037,CEREAL,5.816276969751343
R10CHINA+,2038,CROP_FLW,7.086410143525629
R10CHINA+,2038,PDR,6.878338775279473
R10CHINA+,2038,WHT,4.959171938458709
R10CHINA+,2038,GRO,5.6612382635790475
R10CHINA+,2038,OSD,2.3631468880455246
R10CHINA+,2038,C_B,85.81889673406982
R10CHINA+,2038,OTH_A,7.614444099008854
R10CHINA+,2038,CEREAL,5.818723007346882
R10CHINA+,2039,CROP_FLW,7.089929748586499
R10CHINA+,2039,PDR,6.886063986596179
R10CHINA+,2039,WHT,4.959318027448294
R10CHINA+,2039,GRO,5.663120980077173
R10CHINA+,2039,OSD,2.36133149450335
R10CHINA+,2039,C_B,85.8456449862743
R10CHINA+,2039,OTH_A,7.615616471903238
R10CHINA+,2039,CEREAL,5.821170073624506
R10CHINA+,2040,CROP_FLW,7.093451101728489
R10CHINA+,2040,PDR,6.893797874265104
R10CHINA+,2040,WHT,4.95946412074142
R10CHINA+,2040,GRO,5.665004322696524
R10CHINA+,2040,OSD,2.3595174955650107
R10CHINA+,2040,C_B,85.87240157544205
R10CHINA+,2040,OTH_A,7.616789025304328
R10CHINA+,2040,CEREAL,5.823618169016823
R10CHINA+,2041,CROP_FLW,7.101131419511517
R10CHINA+,2041,PDR,6.905642064064599
R10CHINA+,2041,WHT,4.9631198239659
R10CHINA+,2041,GRO,5.674806614942894
R10CHINA+,2041,OSD,2.356253286580221
R10CHINA+,2041,C_B,85.88743038174556
R10CHINA+,2041,OTH_A,7.618576446940131
R10CHINA+,2041,CEREAL,5.832827823761583
R10CHINA+,2042,CROP_FLW,7.108820053032597
R10CHINA+,2042,PDR,6.917506603290428
R10CHINA+,2042,WHT,4.966778221869833
R10CHINA+,2042,GRO,5.684625868329594
R10CHINA+,2042,OSD,2.352993593374745
R10CHINA+,2042,C_B,85.902461818289
R10CHINA+,2042,OTH_A,7.620364288027766
R10CHINA+,2042,CEREAL,5.842052042946878
R10CHINA+,2043,CROP_FLW,7.116517011295457
R10CHINA+,2043,PDR,6.929391526904809
R10CHINA+,2043,WHT,4.970439316439513
R10CHINA+,2043,GRO,5.694462112204889
R10CHINA+,2043,OSD,2.3497384097013523
R10CHINA+,2043,C_B,85.91749588553267
R10CHINA+,2043,OTH_A,7.622152548665664
R10CHINA+,2043,CEREAL,5.851290849605375
R10CHINA+,2044,CROP_FLW,7.124222303313578
R10CHINA+,2044,PDR,6.941296869930032
R10CHINA+,2044,WHT,4.974103109662695
R10CHINA+,2044,GRO,5.704315375967827
R10CHINA+,2044,OSD,2.346487729321457
R10CHINA+,2044,C_B,85.93253258393703
R10CHINA+,2044,OTH_A,7.6239412289522805
R10CHINA+,2044,CEREAL,5.860544266806169
R10CHINA+,2045,CROP_FLW,7.131935938110194
R10CHINA+,2045,PDR,6.953222667448553
R10CHINA+,2045,WHT,4.977769603528603
R10CHINA+,2045,GRO,5.7141856890683265
R10CHINA+,2045,OSD,2.343241546005103
R10CHINA+,2045,C_B,85.9475719139625
R10CHINA+,2045,OTH_A,7.625730328986094
R10CHINA+,2045,CEREAL,5.869812317654835
R10CHINA+,2046,CROP_FLW,7.139657924718311
R10CHINA+,2046,PDR,6.9651689546031035
R10CHINA+,2046,WHT,4.981438800027925
R10CHINA+,2046,GRO,5.724073081007264
R10CHINA+,2046,OSD,2.339999853530951
R10CHINA+,2046,C_B,85.9626138760697
R10CHINA+,2046,OTH_A,7.627519848865607
R10CHINA+,2046,CEREAL,5.8790950252934895
R10CHINA+,2047,CROP_FLW,7.147388272180717
R10CHINA+,2047,PDR,6.977135766596799
R10CHINA+,2047,WHT,4.985110701152816
R10CHINA+,2047,GRO,5.7339775813365605
R10CHINA+,2047,OSD,2.3367626456862713
R10CHINA+,2047,C_B,85.97765847071928
R10CHINA+,2047,OTH_A,7.629309788689342
R10CHINA+,2047,CEREAL,5.888392412900846
R10CHINA+,2048,CROP_FLW,7.155126989549991
R10CHINA+,2048,PDR,6.989123138693232
R10CHINA+,2048,WHT,4.988785308896903
R10CHINA+,2048,GRO,5.743899219659272
R10CHINA+,2048,OSD,2.333529916266927
R10CHINA+,2048,C_B,85.99270569837194
R10CHINA+,2048,OTH_A,7.631100148555847
R10CHINA+,2048,CEREAL,5.897704503692271
R10CHINA+,2049,CROP_FLW,7.16287408588851
R10CHINA+,2049,PDR,7.001131106216584
R10CHINA+,2049,WHT,4.9924626252552775
R10CHINA+,2049,GRO,5.75383802562968
R10CHINA+,2049,OSD,2.3303016590773655
R10CHINA+,2049,C_B,86.00775555948849
R10CHINA+,2049,OTH_A,7.632890928563696
R10CHINA+,2049,CEREAL,5.907031320919849
R10CHINA+,2050,CROP_FLW,7.170629570268467
R10CHINA+,2050,PDR,7.013159704551727
R10CHINA+,2050,WHT,4.996142652224508
R10CHINA+,2050,GRO,5.763794028953366
R10CHINA+,2050,OSD,2.3270778679306052
R10CHINA+,2050,C_B,86.02280805452986
R10CHINA+,2050,OTH_A,7.63468212881148
R10CHINA+,2050,CEREAL,5.916372887872428
R10CHINA+,2051,CROP_FLW,7.175946049426643
R10CHINA+,2051,PDR,7.004527219487027
R10CHINA+,2051,WHT,5.003342022927798
R10CHINA+,2051,GRO,5.771727857017744
R10CHINA+,2051,OSD,2.3167657760363514
R10CHINA+,2051,C_B,86.02431562733416
R10CHINA+,2051,OTH_A,7.63502970512071
R10CHINA+,2051,CEREAL,5.922044105317337
R10CHINA+,2052,CROP_FLW,7.181266470351766
R10CHINA+,2052,PDR,6.9959053601319265
R10CHINA+,2052,WHT,5.010551767822165
R10CHINA+,2052,GRO,5.779672605949079
R10CHINA+,2052,OSD,2.3064993806100587
R10CHINA+,2052,C_B,86.02582322655908
R10CHINA+,2052,OTH_A,7.635377297253687
R10CHINA+,2052,CEREAL,5.9277207589827
R10CHINA+,2053,CROP_FLW,7.186590835966361
R10CHINA+,2053,PDR,6.987294113407258
R10CHINA+,2053,WHT,5.017771901856672
R10CHINA+,2053,GRO,5.78762829077988
R10CHINA+,2053,OSD,2.2962784791547746
R10CHINA+,2053,C_B,86.0273308522051
R10CHINA+,2053,OTH_A,7.635724905211134
R10CHINA+,2053,CEREAL,5.9334028540794765
R10CHINA+,2054,CROP_FLW,7.191919149195114
R10CHINA+,2054,PDR,6.978693466249957
R10CHINA+,2054,WHT,5.025002440001922
R10CHINA+,2054,GRO,5.795594926563345
R10CHINA+,2054,OSD,2.286102870070881
R10CHINA+,2054,C_B,86.02883850427263
R10CHINA+,2054,OTH_A,7.63607252899377
R10CHINA+,2054,CEREAL,5.939090395823626
R10CHINA+,2055,CROP_FLW,7.197251412964883
R10CHINA+,2055,PDR,6.970103405613035
R10CHINA+,2055,WHT,5.032243397250091
R10CHINA+,2055,GRO,5.8035725283733965
R10CHINA+,2055,OSD,2.275972352652118
R10CHINA+,2055,C_B,86.0303461827622
R10CHINA+,2055,OTH_A,7.636420168602316
R10CHINA+,2055,CEREAL,5.944783389436101
R10CHINA+,2056,CROP_FLW,7.202587630204697
R10CHINA+,2056,PDR,6.961523918465562
R10CHINA+,2056,WHT,5.039494788614958
R10CHINA+,2056,GRO,5.8115611113047025
R10CHINA+,2056,OSD,2.2658867270816248
R10CHINA+,2056,C_B,86.0318538876742
R10CHINA+,2056,OTH_A,7.636767824037493
R10CHINA+,2056,CEREAL,5.9504818401428645
R10CHINA+,2057,CROP_FLW,7.20792780384575
R10CHINA+,2057,PDR,6.9529549917926525
R10CHINA+,2057,WHT,5.046756629131939
R10CHINA+,2057,GRO,5.819560690472714
R10CHINA+,2057,OSD,2.255845794427998
R10CHINA+,2057,C_B,86.03336161900917
R10CHINA+,2057,OTH_A,7.637115495300021
R10CHINA+,2057,CEREAL,5.956185753174886
R10CHINA+,2058,CROP_FLW,7.213271936821419
R10CHINA+,2058,PDR,6.944396612595438
R10CHINA+,2058,WHT,5.054028933858112
R10CHINA+,2058,GRO,5.827571281013682
R10CHINA+,2058,OSD,2.2458493566413695
R10CHINA+,2058,C_B,86.03486937676753
R10CHINA+,2058,OTH_A,7.637463182390619
R10CHINA+,2058,CEREAL,5.961895133768147
R10CHINA+,2059,CROP_FLW,7.21862003206725
R10CHINA+,2059,PDR,6.935848767891049
R10CHINA+,2059,WHT,5.061311717872255
R10CHINA+,2059,GRO,5.835592898084698
R10CHINA+,2059,OSD,2.235897216549499
R10CHINA+,2059,C_B,86.03637716094973
R10CHINA+,2059,OTH_A,7.637810885310011
R10CHINA+,2059,CEREAL,5.967609987163653
R10CHINA+,2060,CROP_FLW,7.223972092520965
R10CHINA+,2060,PDR,6.927311444712597
R10CHINA+,2060,WHT,5.068604996274871
R10CHINA+,2060,GRO,5.843625556863718
R10CHINA+,2060,OSD,2.225989177853884
R10CHINA+,2060,C_B,86.03788497155635
R10CHINA+,2060,OTH_A,7.638158604058909
R10CHINA+,2060,CEREAL,5.97333031860743
R10CHINA+,2061,CROP_FLW,7.229527836471541
R10CHINA+,2061,PDR,6.949251427628051
R10CHINA+,2061,WHT,5.079955386263705
R10CHINA+,2061,GRO,5.860742021598459
R10CHINA+,2061,OSD,2.2294103642186607
R10CHINA+,2061,C_B,86.3812738760041
R10CHINA+,2061,OTH_A,7.647050374688667
R10CHINA+,2061,CEREAL,5.99417306373021
R10CHINA+,2062,CROP_FLW,7.235087853180988
R10CHINA+,2062,PDR,6.971260898230635
R10CHINA+,2062,WHT,5.091331193769388
R10CHINA+,2062,GRO,5.877908621880416
R10CHINA+,2062,OSD,2.2328368087025066
R10CHINA+,2062,C_B,86.72603329228787
R10CHINA+,2062,OTH_A,7.65595249645003
R10CHINA+,2062,CEREAL,6.015088535456256
R10CHINA+,2063,CROP_FLW,7.24065214593536
R10CHINA+,2063,PDR,6.993340076599768
R10CHINA+,2063,WHT,5.1027324757106856
R10CHINA+,2063,GRO,5.89512550456077
R10CHINA+,2063,OSD,2.2362685193867735
R10CHINA+,2063,C_B,87.07216869030681
R10CHINA+,2063,OTH_A,7.664864981393006
R10CHINA+,2063,CEREAL,6.036076987550548
R10CHINA+,2064,CROP_FLW,7.246220718023234
R10CHINA+,2064,PDR,7.015489183511898
R10CHINA+,2064,WHT,5.11415928913382
R10CHINA+,2064,GRO,5.912392816920846
R10CHINA+,2064,OSD,2.239705504365237
R10CHINA+,2064,C_B,87.41968556179127
R10CHINA+,2064,OTH_A,7.673787841581638
R10CHINA+,2064,CEREAL,6.057138674663529
R10CHINA+,2065,CROP_FLW,7.251793572735724
R10CHINA+,2065,PDR,7.037708440442706
R10CHINA+,2065,WHT,5.125611691212764
R10CHINA+,2065,GRO,5.929710706673363
R10CHINA+,2065,OSD,2.2431477717441095
R10CHINA+,2065,C_B,87.76858942038977
R10CHINA+,2065,OTH_A,7.682721089094003
R10CHINA+,2065,CEREAL,6.078273852334196
R10CHINA+,2066,CROP_FLW,7.257370713366466
R10CHINA+,2066,PDR,7.059998069569329
R10CHINA+,2066,WHT,5.137089739249521
R10CHINA+,2066,GRO,5.947079321963709
R10CHINA+,2066,OSD,2.2465953296420635
R10CHINA+,2066,C_B,88.1188858017566
R10CHINA+,2066,OTH_A,7.691664736022245
R10CHINA+,2066,CEREAL,6.099482776993195
R10CHINA+,2067,CROP_FLW,7.262952143211637
R10CHINA+,2067,PDR,7.082358293772575
R10CHINA+,2067,WHT,5.148593490674414
R10CHINA+,2067,GRO,5.964498811371194
R10CHINA+,2067,OSD,2.250048186190249
R10CHINA+,2067,C_B,88.4705802636396
R10CHINA+,2067,OTH_A,7.700618794472585
R10CHINA+,2067,CEREAL,6.1207657059659395
R10CHINA+,2068,CROP_FLW,7.268537865569942
R10CHINA+,2068,PDR,7.104789336639153
R10CHINA+,2068,WHT,5.1601230030463725
R10CHINA+,2068,GRO,5.981969323910336
R10CHINA+,2068,OSD,2.253506349532313
R10CHINA+,2068,C_B,88.8236783859683
R10CHINA+,2068,OTH_A,7.709583276565333
R10CHINA+,2068,CEREAL,6.142122897475723
R10CHINA+,2069,CROP_FLW,7.274127883742628
R10CHINA+,2069,PDR,7.127291422463912
R10CHINA+,2069,WHT,5.171678334053222
R10CHINA+,2069,GRO,5.999491009032127
R10CHINA+,2069,OSD,2.2569698278244186
R10CHINA+,2069,C_B,89.17818577094249
R10CHINA+,2069,OTH_A,7.71855819443491
R10CHINA+,2069,CEREAL,6.163554610646865
R10CHINA+,2070,CROP_FLW,7.279722201033485
R10CHINA+,2070,PDR,7.14986477625208
R10CHINA+,2070,WHT,5.1832595415119735
R10CHINA+,2070,GRO,6.017064016625308
R10CHINA+,2070,OSD,2.2604386292352645
R10CHINA+,2070,C_B,89.5341080431212
R10CHINA+,2070,OTH_A,7.727543560229856
R10CHINA+,2070,CEREAL,6.1850611055078435
R10CHINA+,2071,CROP_FLW,7.275684335501018
R10CHINA+,2071,PDR,7.16520188637694
R10CHINA+,2071,WHT,5.195698102672198
R10CHINA+,2071,GRO,6.034235569211238
R10CHINA+,2071,OSD,2.2630708608091297
R10CHINA+,2071,C_B,89.84846184397429
R10CHINA+,2071,OTH_A,7.734390935145354
R10CHINA+,2071,CEREAL,6.204282964649845
R10CHINA+,2072,CROP_FLW,7.27164870966364
R10CHINA+,2072,PDR,7.180571895997714
R10CHINA+,2072,WHT,5.2081665133513395
R10CHINA+,2072,GRO,6.051456126131741
R10CHINA+,2072,OSD,2.2657061575593582
R10CHINA+,2072,C_B,90.1639193394335
R10CHINA+,2072,OTH_A,7.7412443775184965
R10CHINA+,2072,CEREAL,6.2235645612564525
R10CHINA+,2073,CROP_FLW,7.26761532227905
R10CHINA+,2073,PDR,7.195974875686808
R10CHINA+,2073,WHT,5.220664845180977
R10CHINA+,2073,GRO,6.068725827235836
R10CHINA+,2073,OSD,2.2683445230552826
R10CHINA+,2073,C_B,90.48048440456502
R10CHINA+,2073,OTH_A,7.748103892725651
R10CHINA+,2073,CEREAL,6.242906080979046
R10CHINA+,2074,CROP_FLW,7.263584172105642
R10CHINA+,2074,PDR,7.211410896168023
R10CHINA+,2074,WHT,5.233193169964589
R10CHINA+,2074,GRO,6.086044812771646
R10CHINA+,2074,OSD,2.2709859608703886
R10CHINA+,2074,C_B,90.79816092804036
R10CHINA+,2074,OTH_A,7.754969486147962
R10CHINA+,2074,CEREAL,6.262307710045971
R10CHINA+,2075,CROP_FLW,7.259555257902493
R10CHINA+,2075,PDR,7.226880028316857
R10CHINA+,2075,WHT,5.245751559677964
R10CHINA+,2075,GRO,6.103413223387534
R10CHINA+,2075,OSD,2.273630474582327
R10CHINA+,2075,C_B,91.11695281218415
R10CHINA+,2075,OTH_A,7.761841163171329
R10CHINA+,2075,CEREAL,6.281769635264331
R10CHINA+,2076,CROP_FLW,7.255528578429372
R10CHINA+,2076,PDR,7.242382343160853
R10CHINA+,2076,WHT,5.258340086469612
R10CHINA+,2076,GRO,6.12083120013325
R10CHINA+,2076,OSD,2.2762780677729118
R10CHINA+,2076,C_B,91.43686397302207
R10CHINA+,2076,OTH_A,7.768718929186433
R10CHINA+,2076,CEREAL,6.301292044021784
R10CHINA+,2077,CROP_FLW,7.251504132446734
R10CHINA+,2077,PDR,7.257917911879906
R10CHINA+,2077,WHT,5.27095882266119
R10CHINA+,2077,GRO,6.1382988844610695
R10CHINA+,2077,OSD,2.2789287440281285
R10CHINA+,2077,C_B,91.75789834032892
R10CHINA+,2077,OTH_A,7.775602789588728
R10CHINA+,2077,CEREAL,6.320875124288355
R10CHINA+,2078,CROP_FLW,7.247481918715722
R10CHINA+,2078,PDR,7.273486805806603
R10CHINA+,2078,WHT,5.283607840747899
R10CHINA+,2078,GRO,6.155816418226947
R10CHINA+,2078,OSD,2.2815825069381384
R10CHINA+,2078,C_B,92.08005985767696
R10CHINA+,2078,OTH_A,7.782492749778447
R10CHINA+,2078,CEREAL,6.340519064618235
R10CHINA+,2079,CROP_FLW,7.243461935998166
R10CHINA+,2079,PDR,7.289089096426545
R10CHINA+,2079,WHT,5.296287213398919
R10CHINA+,2079,GRO,6.173383943691667
R10CHINA+,2079,OSD,2.2842393600972852
R10CHINA+,2079,C_B,92.40335248248425
R10CHINA+,2079,OTH_A,7.789388815160614
R10CHINA+,2079,CEREAL,6.360224054151601
R10CHINA+,2080,CROP_FLW,7.239444183056585
R10CHINA+,2080,PDR,7.304724855378673
R10CHINA+,2080,WHT,5.3089970134578115
R10CHINA+,2080,GRO,6.191001603521994
R10CHINA+,2080,OSD,2.286899307104097
R10CHINA+,2080,C_B,92.7277801860635
R10CHINA+,2080,OTH_A,7.796290991145037
R10CHINA+,2080,CEREAL,6.3799902826164505
R10CHINA+,2081,CROP_FLW,7.238026386101919
R10CHINA+,2081,PDR,7.3078484315311405
R10CHINA+,2081,WHT,5.320498854736471
R10CHINA+,2081,GRO,6.201709261872331
R10CHINA+,2081,OSD,2.2887903032502557
R10CHINA+,2081,C_B,92.98456712171144
R10CHINA+,2081,OTH_A,7.798981728880065
R10CHINA+,2081,CEREAL,6.390487375746994
R10CHINA+,2082,CROP_FLW,7.236608866813349
R10CHINA+,2082,PDR,7.310973343357185
R10CHINA+,2082,WHT,5.3320256145359854
R10CHINA+,2082,GRO,6.212435439673104
R10CHINA+,2082,OSD,2.2906828630273157
R10CHINA+,2082,C_B,93.24206516604963
R10CHINA+,2082,OTH_A,7.801673395270728
R10CHINA+,2082,CEREAL,6.401001739901366
R10CHINA+,2083,CROP_FLW,7.235191625136496
R10CHINA+,2083,PDR,7.314099591427956
R10CHINA+,2083,WHT,5.343577346841857
R10CHINA+,2083,GRO,6.223180168954665
R10CHINA+,2083,OSD,2.2925769877282156
R10CHINA+,2083,C_B,93.50027628831991
R10CHINA+,2083,OTH_A,7.804365990637534
R10CHINA+,2083,CEREAL,6.411533403495837
R10CHINA+,2084,CROP_FLW,7.233774661016992
R10CHINA+,2084,PDR,7.317227176314843
R10CHINA+,2084,WHT,5.355154105756547
R10CHINA+,2084,GRO,6.233943481802759
R10CHINA+,2084,OSD,2.294472678646963
R10CHINA+,2084,C_B,93.7592024632174
R10CHINA+,2084,OTH_A,7.807059515301099
R10CHINA+,2084,CEREAL,6.422082394993436
R10CHINA+,2085,CROP_FLW,7.232357974400478
R10CHINA+,2085,PDR,7.3203560985894836
R10CHINA+,2085,WHT,5.3667559454997305
R10CHINA+,2085,GRO,6.24472541035863
R10CHINA+,2085,OSD,2.296369937078635
R10CHINA+,2085,C_B,94.01884567090569
R10CHINA+,2085,OTH_A,7.809753969582152
R10CHINA+,2085,CEREAL,6.4326487429040204
R10CHINA+,2086,CROP_FLW,7.230941565232609
R10CHINA+,2086,PDR,7.323486358823761
R10CHINA+,2086,WHT,5.3783829204085425
R10CHINA+,2086,GRO,6.2555259868191095
R10CHINA+,2086,OSD,2.29826876431938
R10CHINA+,2086,C_B,94.27920789703195
R10CHINA+,2086,OTH_A,7.812449353801534
R10CHINA+,2086,CEREAL,6.443232475784353
R10CHINA+,2087,CROP_FLW,7.229525433459047
R10CHINA+,2087,PDR,7.326617957589797
R10CHINA+,2087,WHT,5.390035084937846
R10CHINA+,2087,GRO,6.266345243436715
R10CHINA+,2087,OSD,2.300169161666419
R10CHINA+,2087,C_B,94.54029113274207
R10CHINA+,2087,OTH_A,7.815145668280195
R10CHINA+,2087,CEREAL,6.4538336222381885
R10CHINA+,2088,CROP_FLW,7.228109579025467
R10CHINA+,2088,PDR,7.329750895459964
R10CHINA+,2088,WHT,5.401712493660474
R10CHINA+,2088,GRO,6.277183212519748
R10CHINA+,2088,OSD,2.3020711304180437
R10CHINA+,2088,C_B,94.80209737469596
R10CHINA+,2088,OTH_A,7.8178429133391925
R10CHINA+,2088,CEREAL,6.464452210916332
R10CHINA+,2089,CROP_FLW,7.2266940018775525
R10CHINA+,2089,PDR,7.332885173006876
R10CHINA+,2089,WHT,5.413415201267493
R10CHINA+,2089,GRO,6.288039926432388
R10CHINA+,2089,OSD,2.303974671873621
R10CHINA+,2089,C_B,95.06462862508283
R10CHINA+,2089,OTH_A,7.820541089299703
R10CHINA+,2089,CEREAL,6.475088270516742
R10CHINA+,2090,CROP_FLW,7.2252787019610025
R10CHINA+,2090,PDR,7.3360207908033965
R10CHINA+,2090,WHT,5.425143262568458
R10CHINA+,2090,GRO,6.298915417594795
R10CHINA+,2090,OSD,2.305879787333593
R10CHINA+,2090,C_B,95.32788689163648
R10CHINA+,2090,OTH_A,7.823240196483015
R10CHINA+,2090,CEREAL,6.485741829784586
R10CHINA+,2091,CROP_FLW,7.224694168725012
R10CHINA+,2091,PDR,7.365910648655961
R10CHINA+,2091,WHT,5.434636487607372
R10CHINA+,2091,GRO,6.304757467649531
R10CHINA+,2091,OSD,2.301766333117573
R10CHINA+,2091,C_B,95.55375634184846
R10CHINA+,2091,OTH_A,7.821791056903049
R10CHINA+,2091,CEREAL,6.500214262753801
R10CHINA+,2092,CROP_FLW,7.2241096827784235
R10CHINA+,2092,PDR,7.395922289642452
R10CHINA+,2092,WHT,5.444146324432791
R10CHINA+,2092,GRO,6.310604936025768
R10CHINA+,2092,OSD,2.2976602168840787
R10CHINA+,2092,C_B,95.78016096608143
R10CHINA+,2092,OTH_A,7.820342185754765
R10CHINA+,2092,CEREAL,6.514718989841644
R10CHINA+,2093,CROP_FLW,7.223525244117409
R10CHINA+,2093,PDR,7.42605620995565
R10CHINA+,2093,WHT,5.453672802112966
R10CHINA+,2093,GRO,6.316457827748832
R10CHINA+,2093,OSD,2.293561425542899
R10CHINA+,2093,C_B,96.00710203237419
R10CHINA+,2093,OTH_A,7.818893582988439
R10CHINA+,2093,CEREAL,6.529256083109954
R10CHINA+,2094,CROP_FLW,7.222940852738146
R10CHINA+,2094,PDR,7.456312907810022
R10CHINA+,2094,WHT,5.463215949767015
R10CHINA+,2094,GRO,6.322316147848712
R10CHINA+,2094,OSD,2.2894699460271735
R10CHINA+,2094,C_B,96.23458081177004
R10CHINA+,2094,OTH_A,7.817445248554358
R10CHINA+,2094,CEREAL,6.5438256147813645
R10CHINA+,2095,CROP_FLW,7.222356508636808
R10CHINA+,2095,PDR,7.48669288344996
R10CHINA+,2095,WHT,5.47277579656501
R10CHINA+,2095,GRO,6.328179901360058
R10CHINA+,2095,OSD,2.2853857652933516
R10CHINA+,2095,C_B,96.46259857832396
R10CHINA+,2095,OTH_A,7.815997182402818
R10CHINA+,2095,CEREAL,6.558427657239675
R10CHINA+,2096,CROP_FLW,7.22177221180957
R10CHINA+,2096,PDR,7.517196639158049
R10CHINA+,2096,WHT,5.482352371728061
R10CHINA+,2096,GRO,6.334049093322193
R10CHINA+,2096,OSD,2.2813088703211513
R10CHINA+,2096,C_B,96.69115660910956
R10CHINA+,2096,OTH_A,7.814549384484122
R10CHINA+,2096,CEREAL,6.573062283030199
R10CHINA+,2097,CROP_FLW,7.221187962252607
R10CHINA+,2097,PDR,7.547824679263372
R10CHINA+,2097,WHT,5.491945704528419
R10CHINA+,2097,GRO,6.339923728779113
R10CHINA+,2097,OSD,2.277239248113517
R10CHINA+,2097,C_B,96.9202561842264
R10CHINA+,2097,OTH_A,7.813101854748585
R10CHINA+,2097,CEREAL,6.58772956486013
R10CHINA+,2098,CROP_FLW,7.220603759962096
R10CHINA+,2098,PDR,7.57857751014985
R10CHINA+,2098,WHT,5.501555824289552
R10CHINA+,2098,GRO,6.345803812779491
R10CHINA+,2098,OSD,2.27317688569658
R10CHINA+,2098,C_B,97.1498985868071
R10CHINA+,2098,OTH_A,7.811654593146531
R10CHINA+,2098,CEREAL,6.602429575598905
R10CHINA+,2099,CROP_FLW,7.220019604934212
R10CHINA+,2099,PDR,7.609455640264612
R10CHINA+,2099,WHT,5.51118276038624
R10CHINA+,2099,GRO,6.3516893503766845
R10CHINA+,2099,OSD,2.269121770119613
R10CHINA+,2099,C_B,97.3800851030245
R10CHINA+,2099,OTH_A,7.810207599628289
R10CHINA+,2099,CEREAL,6.617162388278559
R10CHINA+,2100,CROP_FLW,7.219435497165132
R10CHINA+,2100,PDR,7.640459580126403
R10CHINA+,2100,WHT,5.520826542244667
R10CHINA+,2100,GRO,6.357580346628734
R10CHINA+,2100,OSD,2.2650738884549946
R10CHINA+,2100,C_B,97.6108170220989
R10CHINA+,2100,OTH_A,7.8087608741442045
R10CHINA+,2100,CEREAL,6.631928076094095
R10AFRICA,2005,CROP_FLW,5.202697367445274
R10AFRICA,2005,PDR,2.1108565214251307
R10AFRICA,2005,WHT,1.9906322928696425
R10AFRICA,2005,GRO,1.0855556623525462
R10AFRICA,2005,OSD,0.8283360624555074
R10AFRICA,2005,C_B,58.69152150751484
R10AFRICA,2005,OTH_A,1.253169442676153
R10AFRICA,2005,CEREAL,1.247449426316605
R10AFRICA,2006,CROP_FLW,5.204184471902438
R10AFRICA,2006,PDR,2.196062129644356
R10AFRICA,2006,WHT,2.0111540389928964
R10AFRICA,2006,GRO,1.0871519256782602
R10AFRICA,2006,OSD,0.8300864216761775
R10AFRICA,2006,C_B,60.53537846521262
R10AFRICA,2006,OTH_A,1.2429809408846533
R10AFRICA,2006,CEREAL,1.258319717479186
R10AFRICA,2007,CROP_FLW,5.205672001423662
R10AFRICA,2007,PDR,2.284707097951925
R10AFRICA,2007,WHT,2.031887347073351
R10AFRICA,2007,GRO,1.0887505362411483
R10AFRICA,2007,OSD,0.8318404795857498
R10AFRICA,2007,C_B,62.437162162465356
R10AFRICA,2007,OTH_A,1.2328752735169914
R10AFRICA,2007,CEREAL,1.2692847325058905
R10AFRICA,2008,CROP_FLW,5.207159956130443
R10AFRICA,2008,PDR,2.3769302575593554
R10AFRICA,2008,WHT,2.0528343981370014
R10AFRICA,2008,GRO,1.0903514974927226
R10AFRICA,2008,OSD,0.8335982439999339
R10AFRICA,2008,C_B,64.39869242978727
R10AFRICA,2008,OTH_A,1.2228517671138197
R10AFRICA,2008,CEREAL,1.2803452968217508
R10AFRICA,2009,CROP_FLW,5.208648336144315
R10AFRICA,2009,PDR,2.4728760436582093
R10AFRICA,2009,WHT,2.0739973956943856
R10AFRICA,2009,GRO,1.0919548128895702
R10AFRICA,2009,OSD,0.8353597227509547
R10AFRICA,2009,C_B,66.42184626961571
R10AFRICA,2009,OTH_A,1.2129097536911404
R10AFRICA,2009,CEREAL,1.2915022430445642
R10AFRICA,2010,CROP_FLW,5.210137141586844
R10AFRICA,2010,PDR,2.5726947216270917
R10AFRICA,2010,WHT,2.095378565972384
R10AFRICA,2010,GRO,1.0935604858933614
R10AFRICA,2010,OSD,0.8371249236875885
R10AFRICA,2010,C_B,68.50855965242829
R10AFRICA,2010,OTH_A,1.203048570695791
R10AFRICA,2010,CEREAL,1.30275641104757
R10AFRICA,2011,CROP_FLW,5.2219307031713305
R10AFRICA,2011,PDR,2.6262490896183444
R10AFRICA,2011,WHT,2.1097729939488854
R10AFRICA,2011,GRO,1.1163990316201768
R10AFRICA,2011,OSD,0.8409291168195155
R10AFRICA,2011,C_B,69.77808089341615
R10AFRICA,2011,OTH_A,1.2132463864545036
R10AFRICA,2011,CEREAL,1.3281080943876318
R10AFRICA,2012,CROP_FLW,5.233750960424486
R10AFRICA,2012,PDR,2.6809182693697458
R10AFRICA,2012,WHT,2.124266305993467
R10AFRICA,2012,GRO,1.1397145506627295
R10AFRICA,2012,OSD,0.844750597556883
R10AFRICA,2012,C_B,71.07112743094355
R10AFRICA,2012,OTH_A,1.2235306454780863
R10AFRICA,2012,CEREAL,1.3539531223335803
R10AFRICA,2013,CROP_FLW,5.245597973774087
R10AFRICA,2013,PDR,2.7367254673032404
R10AFRICA,2013,WHT,2.138859181400848
R10AFRICA,2013,GRO,1.1635170044058925
R10AFRICA,2013,OSD,0.8485894444607132
R10AFRICA,2013,C_B,72.38813520854525
R10AFRICA,2013,OTH_A,1.2339020805154164
R10AFRICA,2013,CEREAL,1.38030109538795
R10AFRICA,2014,CROP_FLW,5.2574718037846955
R10AFRICA,2014,PDR,2.7936943729160673
R10AFRICA,2014,WHT,2.153552304132237
R10AFRICA,2014,GRO,1.1878165622738264
R10AFRICA,2014,OSD,0.8524457364490379
R10AFRICA,2014,C_B,73.72954824815646
R10AFRICA,2014,OTH_A,1.2443614305266222
R10AFRICA,2014,CEREAL,1.4071618008793758
R10AFRICA,2015,CROP_FLW,5.269372511157967
R10AFRICA,2015,PDR,2.8518491688366714
R10AFRICA,2015,WHT,2.1683463628473865
R10AFRICA,2015,GRO,1.2126236060747897
R10AFRICA,2015,OSD,0.8563195527985199
R10AFRICA,2015,C_B,75.09581879981235
R10AFRICA,2015,OTH_A,1.2549094407357355
R10AFRICA,2015,CEREAL,1.434545216598235
R10AFRICA,2016,CROP_FLW,5.281300156732958
R10AFRICA,2016,PDR,2.911214541089946
R10AFRICA,2016,WHT,2.183242050936871
R10AFRICA,2016,GRO,1.237948734436693
R10AFRICA,2016,OSD,0.8602109731460841
R10AFRICA,2016,C_B,76.4874074941217
R10AFRICA,2016,OTH_A,1.2655468626837876
R10AFRICA,2016,CEREAL,1.4624615145030406
R10AFRICA,2017,CROP_FLW,5.293254801486439
R10AFRICA,2017,PDR,2.971815689576158
R10AFRICA,2017,WHT,2.198240066554587
R10AFRICA,2017,GRO,1.2638027673352838
R10AFRICA,2017,OSD,0.8641200774905534
R10AFRICA,2017,C_B,77.90478349756597
R10AFRICA,2017,OTH_A,1.2762744542823559
R10AFRICA,2017,CEREAL,1.4909210644989561
R10AFRICA,2018,CROP_FLW,5.305236506533208
R10AFRICA,2018,PDR,3.033678338768007
R10AFRICA,2018,WHT,2.2133411126504727
R10AFRICA,2018,GRO,1.290196750716901
R10AFRICA,2018,OSD,0.8680469461942938
R10AFRICA,2018,C_B,79.34842467067615
R10AFRICA,2018,OTH_A,1.2870929798675659
R10AFRICA,2018,CEREAL,1.5199344382898492
R10AFRICA,2019,CROP_FLW,5.317245333126401
R10AFRICA,2019,PDR,3.0968287486303647
R10AFRICA,2019,WHT,2.2285458970034577
R10AFRICA,2019,GRO,1.3171419612177768
R10AFRICA,2019,OSD,0.8719916599848665
R10AFRICA,2019,C_B,80.8188177291409
R10AFRICA,2019,OTH_A,1.2980032102545491
R10AFRICA,2019,CEREAL,1.5495124133052964
R10AFRICA,2020,CROP_FLW,5.329281342657799
R10AFRICA,2020,PDR,3.161293725767316
R10AFRICA,2020,WHT,2.243855132254635
R10AFRICA,2020,GRO,1.3446499109818963
R10AFRICA,2020,OSD,0.8759542999566883
R10AFRICA,2020,C_B,82.31645840789993
R10AFRICA,2020,OTH_A,1.3090059227923618
R10AFRICA,2020,CEREAL,1.5796659767040153
R10AFRICA,2021,CROP_FLW,5.323993024231856
R10AFRICA,2021,PDR,3.191337298943869
R10AFRICA,2021,WHT,2.24576337546846
R10AFRICA,2021,GRO,1.3478456374107897
R10AFRICA,2021,OSD,0.8758814998915926
R10AFRICA,2021,C_B,82.2876423257859
R10AFRICA,2021,OTH_A,1.3106498169350376
R10AFRICA,2021,CEREAL,1.5877409707925763
R10AFRICA,2022,CROP_FLW,5.31870995347628
R10AFRICA,2022,PDR,3.2216663932922947
R10AFRICA,2022,WHT,2.2476732415108316
R10AFRICA,2022,GRO,1.3510489588778598
R10AFRICA,2022,OSD,0.875808705876869
R10AFRICA,2022,C_B,82.25883633116354
R10AFRICA,2022,OTH_A,1.3122957755358686
R10AFRICA,2022,CEREAL,1.5958572429300995
R10AFRICA,2023,CROP_FLW,5.313432125183734
R10AFRICA,2023,PDR,3.2522837222827623
R10AFRICA,2023,WHT,2.2495847317618525
R10AFRICA,2023,GRO,1.354259893433652
R10AFRICA,2023,OSD,0.8757359179120147
R10AFRICA,2023,C_B,82.23004042050158
R10AFRICA,2023,OTH_A,1.3139438011874711
R10AFRICA,2023,CEREAL,1.6040150041232195
R10AFRICA,2024,CROP_FLW,5.308159534152053
R10AFRICA,2024,PDR,3.283192025173092
R10AFRICA,2024,WHT,2.2514978476028005
R10AFRICA,2024,GRO,1.3574784591716114
R10AFRICA,2024,OSD,0.8756631359965269
R10AFRICA,2024,C_B,82.20125459026997
R10AFRICA,2024,OTH_A,1.3155938964857183
R10AFRICA,2024,CEREAL,1.6122144664572016
R10AFRICA,2025,CROP_FLW,5.302892175184231
R10AFRICA,2025,PDR,3.3143940672538292
R10AFRICA,2025,WHT,2.253412590416126
R10AFRICA,2025,GRO,1.3607046742281832
R10AFRICA,2025,OSD,0.8755903601299028
R10AFRICA,2025,C_B,82.17247883693992
R10AFRICA,2025,OTH_A,1.3172460640297425
R10AFRICA,2025,CEREAL,1.6204558431014577
R10AFRICA,2026,CROP_FLW,5.297630043088418
R10AFRICA,2026,PDR,3.345892640095651
R10AFRICA,2026,WHT,2.255328961585458
R10AFRICA,2026,GRO,1.3639385567829179
R10AFRICA,2026,OSD,0.8755175903116397
R10AFRICA,2026,C_B,82.14371315698385
R10AFRICA,2026,OTH_A,1.3189003064219404
R10AFRICA,2026,CEREAL,1.6287393483150858
R10AFRICA,2027,CROP_FLW,5.29237313267792
R10AFRICA,2027,PDR,3.377690561799115
R10AFRICA,2027,WHT,2.2572469624955986
R10AFRICA,2027,GRO,1.3671801250585705
R10AFRICA,2027,OSD,0.8754448265412349
R10AFRICA,2027,C_B,82.11495754687543
R10AFRICA,2027,OTH_A,1.320556626267977
R10AFRICA,2027,CEREAL,1.6370651974524413
R10AFRICA,2028,CROP_FLW,5.287121438771186
R10AFRICA,2028,PDR,3.4097906772467974
R10AFRICA,2028,WHT,2.25916659453253
R10AFRICA,2028,GRO,1.370429397321205
R10AFRICA,2028,OSD,0.8753720688181859
R10AFRICA,2028,C_B,82.08621200308957
R10AFRICA,2028,OTH_A,1.3222150261767893
R10AFRICA,2028,CEREAL,1.6454336069687363
R10AFRICA,2029,CROP_FLW,5.2818749561918095
R10AFRICA,2029,PDR,3.4421958583578083
R10AFRICA,2029,WHT,2.2610878590834123
R10AFRICA,2029,GRO,1.3736863918802968
R10AFRICA,2029,OSD,0.8752993171419898
R10AFRICA,2029,C_B,82.05747652210242
R10AFRICA,2029,OTH_A,1.323875508760591
R10AFRICA,2029,CEREAL,1.6538447944256665
R10AFRICA,2030,CROP_FLW,5.276633679768519
R10AFRICA,2030,PDR,3.4749090043447395
R10AFRICA,2030,WHT,2.2630107575365837
R10AFRICA,2030,GRO,1.3769511270888355
R10AFRICA,2030,OSD,0.8752265715121447
R10AFRICA,2030,C_B,82.02875110039129
R10AFRICA,2030,OTH_A,1.3255380766348765
R10AFRICA,2030,CEREAL,1.6622989784970656
R10AFRICA,2031,CROP_FLW,5.2816073874698946
R10AFRICA,2031,PDR,3.4889012505500188
R10AFRICA,2031,WHT,2.2661079775223185
R10AFRICA,2031,GRO,1.3811745473509858
R10AFRICA,2031,OSD,0.8771383436466522
R10AFRICA,2031,C_B,81.8949661133348
R10AFRICA,2031,OTH_A,1.3254101268867555
R10AFRICA,2031,CEREAL,1.6708000206563678
R10AFRICA,2032,CROP_FLW,5.286585783343655
R10AFRICA,2032,PDR,3.5029498386490348
R10AFRICA,2032,WHT,2.2692094364501827
R10AFRICA,2032,GRO,1.3854109217974637
R10AFRICA,2032,OSD,0.8790542916972178
R10AFRICA,2032,C_B,81.76139932322171
R10AFRICA,2032,OTH_A,1.3252821894891946
R10AFRICA,2032,CEREAL,1.6793445373763412
R10AFRICA,2033,CROP_FLW,5.2915688718088285
R10AFRICA,2033,PDR,3.517054995510937
R10AFRICA,2033,WHT,2.2723151401217114
R10AFRICA,2033,GRO,1.3896602901616804
R10AFRICA,2033,OSD,0.8809744247853649
R10AFRICA,2033,C_B,81.62805037418322
R10AFRICA,2033,OTH_A,1.3251542644410024
R10AFRICA,2033,CEREAL,1.6879327509870703
R10AFRICA,2034,CROP_FLW,5.296556657288609
R10AFRICA,2034,PDR,3.5312169489183978
R10AFRICA,2034,WHT,2.275425094346381
R10AFRICA,2034,GRO,1.3939226922989174
R10AFRICA,2034,OSD,0.8828987520525418
R10AFRICA,2034,C_B,81.49491891093088
R10AFRICA,2034,OTH_A,1.325026351740986
R10AFRICA,2034,CEREAL,1.696564884955643
R10AFRICA,2035,CROP_FLW,5.301549144210363
R10AFRICA,2035,PDR,3.5454359275712903
R10AFRICA,2035,WHT,2.2785393049416163
R10AFRICA,2035,GRO,1.398198168186702
R10AFRICA,2035,OSD,0.8848272826601642
R10AFRICA,2035,C_B,81.36200457875574
R10AFRICA,2035,OTH_A,1.3248984513879538
R10AFRICA,2035,CEREAL,1.7052411638919625
R10AFRICA,2036,CROP_FLW,5.306546337005627
R10AFRICA,2036,PDR,3.559712161090382
R10AFRICA,2036,WHT,2.2816577777328058
R10AFRICA,2036,GRO,1.4024867579251816
R10AFRICA,2036,OSD,0.8867600257896594
R10AFRICA,2036,C_B,81.22930702352737
R10AFRICA,2036,OTH_A,1.3247705633807143
R10AFRICA,2036,CEREAL,1.7139618135545938
R10AFRICA,2037,CROP_FLW,5.311548240110114
R10AFRICA,2037,PDR,3.5740458800210435
R10AFRICA,2037,WHT,2.28478051855331
R10AFRICA,2037,GRO,1.4067885017374997
R10AFRICA,2037,OSD,0.8886969906425098
R10AFRICA,2037,C_B,81.09682589169286
R10AFRICA,2037,OTH_A,1.3246426877180753
R10AFRICA,2037,CEREAL,1.7227270608566376
R10AFRICA,2038,CROP_FLW,5.316554857963719
R10AFRICA,2038,PDR,3.588437315836971
R10AFRICA,2038,WHT,2.287907533244475
R10AFRICA,2038,GRO,1.4111034399701727
R10AFRICA,2038,OSD,0.8906381864402971
R10AFRICA,2038,C_B,80.96456083027599
R10AFRICA,2038,OTH_A,1.3245148243988456
R10AFRICA,2038,CEREAL,1.7315371338716337
R10AFRICA,2039,CROP_FLW,5.321566195010524
R10AFRICA,2039,PDR,3.602886700943926
R10AFRICA,2039,WHT,2.291038827655639
R10AFRICA,2039,GRO,1.4154316130934703
R10AFRICA,2039,OSD,0.8925836224247453
R10AFRICA,2039,C_B,80.83251148687619
R10AFRICA,2039,OTH_A,1.3243869734218334
R10AFRICA,2039,CEREAL,1.7403922618394971
R10AFRICA,2040,CROP_FLW,5.326582255698797
R10AFRICA,2040,PDR,3.6173942686834866
R10AFRICA,2040,WHT,2.2941744076441446
R10AFRICA,2040,GRO,1.4197730617017914
R10AFRICA,2040,OSD,0.8945333078577663
R10AFRICA,2040,C_B,80.70067750966767
R10AFRICA,2040,OTH_A,1.324259134785848
R10AFRICA,2040,CEREAL,1.7492926751724798
R10AFRICA,2041,CROP_FLW,5.324088761642863
R10AFRICA,2041,PDR,3.631423563185348
R10AFRICA,2041,WHT,2.297223451301782
R10AFRICA,2041,GRO,1.4233889303210125
R10AFRICA,2041,OSD,0.8942606214986282
R10AFRICA,2041,C_B,81.20021586304024
R10AFRICA,2041,OTH_A,1.3242232922089092
R10AFRICA,2041,CEREAL,1.7577269560859738
R10AFRICA,2042,CROP_FLW,5.321596434848094
R10AFRICA,2042,PDR,3.6455072673228752
R10AFRICA,2042,WHT,2.3002765472525644
R10AFRICA,2042,GRO,1.4270140078104567
R10AFRICA,2042,OSD,0.8939880182642321
R10AFRICA,2042,C_B,81.70284636599804
R10AFRICA,2042,OTH_A,1.3241874506020905
R10AFRICA,2042,CEREAL,1.7662019032044645
R10AFRICA,2043,CROP_FLW,5.319105274768067
R10AFRICA,2043,PDR,3.6596455921122724
R10AFRICA,2043,WHT,2.3033337008821415
R10AFRICA,2043,GRO,1.4306483176232139
R10AFRICA,2043,OSD,0.8937154981292387
R10AFRICA,2043,C_B,82.20858815899146
R10AFRICA,2043,OTH_A,1.3241516099653659
R10AFRICA,2043,CEREAL,1.7747177126016003
R10AFRICA,2044,CROP_FLW,5.316615280856619
R10AFRICA,2044,PDR,3.6738387493881217
R10AFRICA,2044,WHT,2.3063949175833196
R10AFRICA,2044,GRO,1.4342918832721032
R10AFRICA,2044,OSD,0.8934430610683162
R10AFRICA,2044,C_B,82.71746050095051
R10AFRICA,2044,OTH_A,1.3241157702987085
R10AFRICA,2044,CEREAL,1.7832745812964055
R10AFRICA,2045,CROP_FLW,5.314126452567837
R10AFRICA,2045,PDR,3.6880869518065644
R10AFRICA,2045,WHT,2.309460202756074
R10AFRICA,2045,GRO,1.4379447283298272
R10AFRICA,2045,OSD,0.8931707070561404
R10AFRICA,2045,C_B,83.22948277001825
R10AFRICA,2045,OTH_A,1.3240799316020924
R10AFRICA,2045,CEREAL,1.7918727072578398
R10AFRICA,2046,CROP_FLW,5.31163878935607
R10AFRICA,2046,PDR,3.702390412848481
R10AFRICA,2046,WHT,2.312529561807555
R10AFRICA,2046,GRO,1.441606876429123
R10AFRICA,2046,OSD,0.8928984360673953
R10AFRICA,2046,C_B,83.74467446428878
R10AFRICA,2046,OTH_A,1.3240440938754914
R10AFRICA,2046,CEREAL,1.8005122894093772
R10AFRICA,2047,CROP_FLW,5.3091522906759145
R10AFRICA,2047,PDR,3.716749346822693
R10AFRICA,2047,WHT,2.3156030001521004
R10AFRICA,2047,GRO,1.4452783512629144
R10AFRICA,2047,OSD,0.892626248076772
R10AFRICA,2047,C_B,84.26305520254964
R10AFRICA,2047,OTH_A,1.3240082571188792
R10AFRICA,2047,CEREAL,1.80919352763361
R10AFRICA,2048,CROP_FLW,5.306666955982231
R10AFRICA,2048,PDR,3.731163968869174
R10AFRICA,2048,WHT,2.318680523211243
R10AFRICA,2048,GRO,1.4489591765844678
R10AFRICA,2048,OSD,0.8923541430589701
R10AFRICA,2048,C_B,84.78464472502894
R10AFRICA,2048,OTH_A,1.3239724213322295
R10AFRICA,2048,CEREAL,1.8179166227768697
R10AFRICA,2049,CROP_FLW,5.30418278473013
R10AFRICA,2049,PDR,3.7456344949622697
R10AFRICA,2049,WHT,2.3217621364137213
R10AFRICA,2049,GRO,1.4526493762075432
R10AFRICA,2049,OSD,0.892082120988696
R10AFRICA,2049,C_B,85.30946289414709
R10AFRICA,2049,OTH_A,1.3239365865155157
R10AFRICA,2049,CEREAL,1.8266817766538779
R10AFRICA,2050,CROP_FLW,5.301699776374978
R10AFRICA,2050,PDR,3.7601611419139407
R10AFRICA,2050,WHT,2.324847845195486
R10AFRICA,2050,GRO,1.4563489740065476
R10AFRICA,2050,OSD,0.8918101818406645
R10AFRICA,2050,C_B,85.83752969527312
R10AFRICA,2050,OTH_A,1.3239007526687119
R10AFRICA,2050,CEREAL,1.8354891920524132
R10AFRICA,2051,CROP_FLW,5.298895737728968
R10AFRICA,2051,PDR,3.770230397241519
R10AFRICA,2051,WHT,2.3322667831650032
R10AFRICA,2051,GRO,1.4597623383662304
R10AFRICA,2051,OSD,0.8924409187613241
R10AFRICA,2051,C_B,86.86423998324874
R10AFRICA,2051,OTH_A,1.3244371030383328
R10AFRICA,2051,CEREAL,1.8425543655582086
R10AFRICA,2052,CROP_FLW,5.296093182122937
R10AFRICA,2052,PDR,3.7803266168131886
R10AFRICA,2052,WHT,2.339709396077682
R10AFRICA,2052,GRO,1.463183702907504
R10AFRICA,2052,OSD,0.8930721017736198
R10AFRICA,2052,C_B,87.90323084382678
R10AFRICA,2052,OTH_A,1.3249736706989543
R10AFRICA,2052,CEREAL,1.8496467343626106
R10AFRICA,2053,CROP_FLW,5.293292108772516
R10AFRICA,2053,PDR,3.7904498728359237
R10AFRICA,2053,WHT,2.347175759483816
R10AFRICA,2053,GRO,1.4666130863810496
R10AFRICA,2053,OSD,0.8937037311930519
R10AFRICA,2053,C_B,88.95464916602279
R10AFRICA,2053,OTH_A,1.325510455738607
R10AFRICA,2053,CEREAL,1.8567664031458884
R10AFRICA,2054,CROP_FLW,5.290492516893745
R10AFRICA,2054,PDR,3.800600237710059
R10AFRICA,2054,WHT,2.3546659491747888
R10AFRICA,2054,GRO,1.4700505075814954
R10AFRICA,2054,OSD,0.894335807335344
R10AFRICA,2054,C_B,90.01864359580479
R10AFRICA,2054,OTH_A,1.3260474582453574
R10AFRICA,2054,CEREAL,1.8639134769912478
R10AFRICA,2055,CROP_FLW,5.2876944057030855
R10AFRICA,2055,PDR,3.81077778402981
R10AFRICA,2055,WHT,2.3621800411838474
R10AFRICA,2055,GRO,1.4734959853475198
R10AFRICA,2055,OSD,0.8949683305164431
R10AFRICA,2055,C_B,91.09536455710843
R10AFRICA,2055,OTH_A,1.3265846783073079
R10AFRICA,2055,CEREAL,1.87108806138638
R10AFRICA,2056,CROP_FLW,5.2848977744174075
R10AFRICA,2056,PDR,3.8209825845837906
R10AFRICA,2056,WHT,2.369718111786873
R10AFRICA,2056,GRO,1.4769495385619558
R10AFRICA,2056,OSD,0.8956013010525191
R10AFRICA,2056,C_B,92.18496427310333
R10AFRICA,2056,OTH_A,1.3271221160125963
R10AFRICA,2056,CEREAL,1.8782902622250215
R10AFRICA,2057,CROP_FLW,5.282102622253999
R10AFRICA,2057,PDR,3.831214712355534
R10AFRICA,2057,WHT,2.377280237503151
R10AFRICA,2057,GRO,1.4804111861518927
R10AFRICA,2057,OSD,0.8962347192599663
R10AFRICA,2057,C_B,93.28759678771392
R10AFRICA,2057,OTH_A,1.3276597714493958
R10AFRICA,2057,CEREAL,1.8855201858085142
R10AFRICA,2058,CROP_FLW,5.27930894843056
R10AFRICA,2058,PDR,3.8414742405240117
R10AFRICA,2058,WHT,2.384866495096156
R10AFRICA,2058,GRO,1.4838809470887822
R10AFRICA,2058,OSD,0.896868585455402
R10AFRICA,2058,C_B,94.40341798739765
R10AFRICA,2058,OTH_A,1.3281976447059165
R10AFRICA,2058,CEREAL,1.892777938847376
R10AFRICA,2059,CROP_FLW,5.276516752165206
R10AFRICA,2059,PDR,3.851761242464163
R10AFRICA,2059,WHT,2.392476961574322
R10AFRICA,2059,GRO,1.4873588403885387
R10AFRICA,2059,OSD,0.8975028999556682
R10AFRICA,2059,C_B,95.53258562318368
R10AFRICA,2059,OTH_A,1.3287357358704028
R10AFRICA,2059,CEREAL,1.900063628462876
R10AFRICA,2060,CROP_FLW,5.273726032676465
R10AFRICA,2060,PDR,3.8620757917474204
R10AFRICA,2060,WHT,2.4001117141918327
R10AFRICA,2060,GRO,1.4908448851116478
R10AFRICA,2060,OSD,0.8981376630778298
R10AFRICA,2060,C_B,96.67525933297513
R10AFRICA,2060,OTH_A,1.3292740450311353
R10AFRICA,2060,CEREAL,1.9073773621886159
R10AFRICA,2061,CROP_FLW,5.256525112505214
R10AFRICA,2061,PDR,3.8714836521912854
R10AFRICA,2061,WHT,2.414170335698864
R10AFRICA,2061,GRO,1.495261223105497
R10AFRICA,2061,OSD,0.9004317245477209
R10AFRICA,2061,C_B,97.87398790495922
R10AFRICA,2061,OTH_A,1.3314794088276682
R10AFRICA,2061,CEREAL,1.9158326608119
R10AFRICA,2062,CROP_FLW,5.239380295296632
R10AFRICA,2062,PDR,3.8809144298027323
R10AFRICA,2062,WHT,2.4283113053889025
R10AFRICA,2062,GRO,1.4996906436416488
R10AFRICA,2062,OSD,0.9027316456071203
R10AFRICA,2062,C_B,99.08758015767411
R10AFRICA,2062,OTH_A,1.3336884314855875
R10AFRICA,2062,CEREAL,1.9243254413075324
R10AFRICA,2063,CROP_FLW,5.222291398063856
R10AFRICA,2063,PDR,3.8903681804070533
R10AFRICA,2063,WHT,2.442535105615303
R10AFRICA,2063,GRO,1.5041331854745896
R10AFRICA,2063,OSD,0.9050374412228411
R10AFRICA,2063,C_B,100.31622039389693
R10AFRICA,2063,OTH_A,1.335901119075214
R10AFRICA,2063,CEREAL,1.9328558698305847
R10AFRICA,2064,CROP_FLW,5.2052582384168575
R10AFRICA,2064,PDR,3.8998449599655305
R10AFRICA,2064,WHT,2.456842221556798
R10AFRICA,2064,GRO,1.5085888874736095
R10AFRICA,2064,OSD,0.9073491263999256
R10AFRICA,2064,C_B,101.56009520167414
R10AFRICA,2064,OTH_A,1.3381174776769402
R10AFRICA,2064,CEREAL,1.9414241132726864
R10AFRICA,2065,CROP_FLW,5.188280634560497
R10AFRICA,2065,PDR,3.909344824575766
R10AFRICA,2065,WHT,2.4712331412340482
R10AFRICA,2065,GRO,1.5130577886231413
R10AFRICA,2065,OSD,0.9096667161817416
R10AFRICA,2065,C_B,102.81939348265786
R10AFRICA,2065,OTH_A,1.3403375133812465
R10AFRICA,2065,CEREAL,1.9500303392652867
R10AFRICA,2066,CROP_FLW,5.171358405292582
R10AFRICA,2066,PDR,3.918867830472011
R10AFRICA,2066,WHT,2.485708355526288
R10AFRICA,2066,GRO,1.5175399280231
R10AFRICA,2066,OSD,0.9119902256500825
R10AFRICA,2066,C_B,104.09430648079343
R10AFRICA,2066,OTH_A,1.3425612322887173
R10AFRICA,2066,CEREAL,1.958674716182937
R10AFRICA,2067,CROP_FLW,5.154491370001934
R10AFRICA,2067,PDR,3.928414034025503
R10AFRICA,2067,WHT,2.5002683581880714
R10AFRICA,2067,GRO,1.5220353448892279
R10AFRICA,2067,OSD,0.9143196699252634
R10AFRICA,2067,C_B,105.38502781136279
R10AFRICA,2067,OTH_A,1.3447886405100586
R10AFRICA,2067,CEREAL,1.9673574131465839
R10AFRICA,2068,CROP_FLW,5.137679348666459
R10AFRICA,2068,PDR,3.9379834917447956
R10AFRICA,2068,WHT,2.514913645866111
R10AFRICA,2068,GRO,1.526544078553436
R10AFRICA,2068,OSD,0.916655064166221
R10AFRICA,2068,C_B,106.69175349038801
R10AFRICA,2068,OTH_A,1.347019744166115
R10AFRICA,2068,CEREAL,1.976078600026876
R10AFRICA,2069,CROP_FLW,5.1209221618512295
R10AFRICA,2069,PDR,3.9475762602760986
R10AFRICA,2069,WHT,2.529644718116223
R10AFRICA,2069,GRO,1.5310661684641487
R10AFRICA,2069,OSD,0.9189964235706112
R10AFRICA,2069,C_B,108.01468196439923
R10AFRICA,2069,OTH_A,1.349254549387885
R10AFRICA,2069,CEREAL,1.9848384474474918
R10AFRICA,2070,CROP_FLW,5.1042196307065675
R10AFRICA,2070,PDR,3.957192396403608
R10AFRICA,2070,WHT,2.5444620774203655
R10AFRICA,2070,GRO,1.5356016541866495
R10AFRICA,2070,OSD,0.9213437633749083
R10AFRICA,2070,C_B,109.3540141405719
R10AFRICA,2070,OTH_A,1.3514930623165389
R10AFRICA,2070,CEREAL,1.9936371267884752
R10AFRICA,2071,CROP_FLW,5.078868778452951
R10AFRICA,2071,PDR,3.9608362308499943
R10AFRICA,2071,WHT,2.5605578127352957
R10AFRICA,2071,GRO,1.54236327143868
R10AFRICA,2071,OSD,0.9206956131734854
R10AFRICA,2071,C_B,109.9396449498237
R10AFRICA,2071,OTH_A,1.3521410276326618
R10AFRICA,2071,CEREAL,2.0038517893077046
R10AFRICA,2072,CROP_FLW,5.053643834909477
R10AFRICA,2072,PDR,3.9644834205867334
R10AFRICA,2072,WHT,2.5767553663078564
R10AFRICA,2072,GRO,1.5491546616905882
R10AFRICA,2072,OSD,0.9200479189350812
R10AFRICA,2072,C_B,110.52841202661389
R10AFRICA,2072,OTH_A,1.352789303611904
R10AFRICA,2072,CEREAL,2.0141187879963303
R10AFRICA,2073,CROP_FLW,5.028544174732147
R10AFRICA,2073,PDR,3.9681339687034205
R10AFRICA,2073,WHT,2.5930553822190645
R10AFRICA,2073,GRO,1.5559759560399344
R10AFRICA,2073,OSD,0.9194006803389332
R10AFRICA,2073,C_B,111.12033216680423
R10AFRICA,2073,OTH_A,1.353437890403212
R10AFRICA,2073,CEREAL,2.024438391005612
R10AFRICA,2074,CROP_FLW,5.003569175682827
R10AFRICA,2074,PDR,3.971787878292496
R10AFRICA,2074,WHT,2.6094585086242597
R10AFRICA,2074,GRO,1.562827286161532
R10AFRICA,2074,OSD,0.9187538970645045
R10AFRICA,2074,C_B,111.71542225620433
R10AFRICA,2074,OTH_A,1.3540867881556018
R10AFRICA,2074,CEREAL,2.034810867860718
R10AFRICA,2075,CROP_FLW,4.9787182186138175
R10AFRICA,2075,PDR,3.9754451524492485
R10AFRICA,2075,WHT,2.6259653977788786
R10AFRICA,2075,GRO,1.5697087843099897
R10AFRICA,2075,OSD,0.9181075687914838
R10AFRICA,2075,C_B,112.3136992710536
R10AFRICA,2075,OTH_A,1.3547359970181623
R10AFRICA,2075,CEREAL,2.045236489467766
R10AFRICA,2076,CROP_FLW,4.9539906874525075
R10AFRICA,2076,PDR,3.9791057942718138
R10AFRICA,2076,WHT,2.642576706064387
R10AFRICA,2076,GRO,1.576620583322264
R10AFRICA,2076,OSD,0.917461695199785
R10AFRICA,2076,C_B,112.91518027850539
R10AFRICA,2076,OTH_A,1.3553855171400533
R10AFRICA,2076,CEREAL,2.0557155281208934
R10AFRICA,2077,CROP_FLW,4.9293859691861
R10AFRICA,2077,PDR,3.982769806861183
R10AFRICA,2077,WHT,2.6592930940143837
R10AFRICA,2077,GRO,1.5835628166202242
R10AFRICA,2077,OSD,0.9168162759695475
R10AFRICA,2077,C_B,113.51988243711394
R10AFRICA,2077,OTH_A,1.3560353486705066
R10AFRICA,2077,CEREAL,2.0662482575093755
R10AFRICA,2078,CROP_FLW,4.904903453846417
R10AFRICA,2078,PDR,3.986437193321204
R10AFRICA,2078,WHT,2.6761152263408645
R10AFRICA,2078,GRO,1.590535618213229
R10AFRICA,2078,OSD,0.9161713107811353
R10AFRICA,2078,C_B,114.1278229973238
R10AFRICA,2078,OTH_A,1.3566854917588245
R10AFRICA,2078,CEREAL,2.0768349527247705
R10AFRICA,2079,CROP_FLW,4.880542534494774
R10AFRICA,2079,PDR,3.9901079567585795
R10AFRICA,2079,WHT,2.6930437719606544
R10AFRICA,2079,GRO,1.5975391227007099
R10AFRICA,2079,OSD,0.9155267993151376
R10AFRICA,2079,C_B,114.73901930196196
R10AFRICA,2079,OTH_A,1.3573359465543822
R10AFRICA,2079,CEREAL,2.0874758902681023
R10AFRICA,2080,CROP_FLW,4.8563026072069375
R10AFRICA,2080,PDR,3.9937821002828726
R10AFRICA,2080,WHT,2.71007940402201
R10AFRICA,2080,GRO,1.604573465274772
R10AFRICA,2080,OSD,0.9148827412523683
R10AFRICA,2080,C_B,115.35348878673278
R10AFRICA,2080,OTH_A,1.3579867132066246
R10AFRICA,2080,CEREAL,2.0981713480570856
R10AFRICA,2081,CROP_FLW,4.850741953665945
R10AFRICA,2081,PDR,3.99855288449466
R10AFRICA,2081,WHT,2.6943062082423257
R10AFRICA,2081,GRO,1.6120457392464893
R10AFRICA,2081,OSD,0.9152197976862662
R10AFRICA,2081,C_B,115.0596529089722
R10AFRICA,2081,OTH_A,1.3611927350752617
R10AFRICA,2081,CEREAL,2.105905788058281
R10AFRICA,2082,CROP_FLW,4.845187667287442
R10AFRICA,2082,PDR,4.003329367660827
R10AFRICA,2082,WHT,2.6786248155680177
R10AFRICA,2082,GRO,1.619552810551901
R10AFRICA,2082,OSD,0.9155569782967764
R10AFRICA,2082,C_B,114.76656550899038
R10AFRICA,2082,OTH_A,1.3644063259253347
R10AFRICA,2082,CEREAL,2.113668739344882
R10AFRICA,2083,CROP_FLW,4.839639740780784
R10AFRICA,2083,PDR,4.008111556589078
R10AFRICA,2083,WHT,2.6630346916869345
R10AFRICA,2083,GRO,1.627094841237318
R10AFRICA,2083,OSD,0.9158942831296477
R10AFRICA,2083,C_B,114.47422468021624
R10AFRICA,2083,OTH_A,1.3676275036261785
R10AFRICA,2083,CEREAL,2.1214603070173714
R10AFRICA,2084,CROP_FLW,4.834098166863672
R10AFRICA,2084,PDR,4.012899458095248
R10AFRICA,2084,WHT,2.6475353053967288
R10AFRICA,2084,GRO,1.6346719941036785
R10AFRICA,2084,OSD,0.9162317122306454
R10AFRICA,2084,C_B,114.18262852093524
R10AFRICA,2084,OTH_A,1.370856286089316
R10AFRICA,2084,CEREAL,2.129280596563665
R10AFRICA,2085,CROP_FLW,4.828562938262146
R10AFRICA,2085,PDR,4.017693079003313
R10AFRICA,2085,WHT,2.6321261285867528
R10AFRICA,2085,GRO,1.642284432710062
R10AFRICA,2085,OSD,0.9165692656455517
R10AFRICA,2085,C_B,113.89177513427705
R10AFRICA,2085,OTH_A,1.374092691268556
R10AFRICA,2085,CEREAL,2.137129713860535
R10AFRICA,2086,CROP_FLW,4.823034047710576
R10AFRICA,2086,PDR,4.0224924261454005
R10AFRICA,2086,WHT,2.61680663622007
R10AFRICA,2086,GRO,1.6499323213772188
R10AFRICA,2086,OSD,0.9169069434201657
R10AFRICA,2086,C_B,113.6016626282031
R10AFRICA,2086,OTH_A,1.3773367371600946
R10AFRICA,2086,CEREAL,2.1450077651750443
R10AFRICA,2087,CROP_FLW,4.817511487951649
R10AFRICA,2087,PDR,4.027297506361802
R10AFRICA,2087,WHT,2.6015763063155584
R10AFRICA,2087,GRO,1.6576158251911193
R10AFRICA,2087,OSD,0.9172447456003033
R10AFRICA,2087,C_B,113.31228911549441
R10AFRICA,2087,OTH_A,1.3805884418026133
R10AFRICA,2087,CEREAL,2.1529148571659857
R10AFRICA,2088,CROP_FLW,4.8119952517363656
R10AFRICA,2088,PDR,4.032108326500977
R10AFRICA,2088,WHT,2.5864346199301327
R10AFRICA,2088,GRO,1.6653351100065148
R10AFRICA,2088,OSD,0.9175826722317975
R10AFRICA,2088,C_B,113.0236527137392
R10AFRICA,2088,OTH_A,1.3838478232773814
R10AFRICA,2088,CEREAL,2.160851096885326
R10AFRICA,2089,CROP_FLW,4.806485331824023
R10AFRICA,2089,PDR,4.03692489341957
R10AFRICA,2089,WHT,2.5713810611410564
R10AFRICA,2089,GRO,1.6730903424505197
R10AFRICA,2089,OSD,0.9179207233604978
R10AFRICA,2089,C_B,112.73575154532071
R10AFRICA,2089,OTH_A,1.3871148997083556
R10AFRICA,2089,CEREAL,2.168816591779656
R10AFRICA,2090,CROP_FLW,4.800981720982212
R10AFRICA,2090,PDR,4.041747213982407
R10AFRICA,2090,WHT,2.556415117028365
R10AFRICA,2090,GRO,1.6808816899262062
R10AFRICA,2090,OSD,0.9182588990322711
R10AFRICA,2090,C_B,112.44858373740495
R10AFRICA,2090,OTH_A,1.3903896892622787
R10AFRICA,2090,CEREAL,2.1768114496916406
R10AFRICA,2091,CROP_FLW,4.796819516738784
R10AFRICA,2091,PDR,4.049506285411583
R10AFRICA,2091,WHT,2.5491699326517714
R10AFRICA,2091,GRO,1.6877164656688826
R10AFRICA,2091,OSD,0.918432870922712
R10AFRICA,2091,C_B,112.06917707996419
R10AFRICA,2091,OTH_A,1.3924212719665774
R10AFRICA,2091,CEREAL,2.1853056955458765
R10AFRICA,2092,CROP_FLW,4.792660920912379
R10AFRICA,2092,PDR,4.0572802521784075
R10AFRICA,2092,WHT,2.5419452819890886
R10AFRICA,2092,GRO,1.6945790328734642
R10AFRICA,2092,OSD,0.9186068757735943
R10AFRICA,2092,C_B,111.69105055791445
R10AFRICA,2092,OTH_A,1.394455823139584
R10AFRICA,2092,CEREAL,2.193833087225692
R10AFRICA,2093,CROP_FLW,4.788505930374683
R10AFRICA,2093,PDR,4.065069142877937
R10AFRICA,2093,WHT,2.5347411068453303
R10AFRICA,2093,GRO,1.7014695045451733
R10AFRICA,2093,OSD,0.9187809135911628
R10AFRICA,2093,C_B,111.31419985202042
R10AFRICA,2093,OTH_A,1.3964933471187082
R10AFRICA,2093,CEREAL,2.202393754071087
R10AFRICA,2094,CROP_FLW,4.784354542000097
R10AFRICA,2094,PDR,4.072872986160124
R10AFRICA,2094,WHT,2.5275573491904417
R10AFRICA,2094,GRO,1.7083879941487337
R10AFRICA,2094,OSD,0.918954984381663
R10AFRICA,2094,C_B,110.93862065762013
R10AFRICA,2094,OTH_A,1.3985338482476972
R10AFRICA,2094,CEREAL,2.2109878259267655
R10AFRICA,2095,CROP_FLW,4.780206752665731
R10AFRICA,2095,PDR,4.080691810729917
R10AFRICA,2095,WHT,2.520393951158831
R10AFRICA,2095,GRO,1.7153346156102356
R10AFRICA,2095,OSD,0.9191290881513422
R10AFRICA,2095,C_B,110.56430868457575
R10AFRICA,2095,OTH_A,1.4005773308766454
R10AFRICA,2095,CEREAL,2.2196154331441034
R10AFRICA,2096,CROP_FLW,4.776062559251402
R10AFRICA,2096,PDR,4.088525645347374
R10AFRICA,2096,WHT,2.513250855048907
R10AFRICA,2096,GRO,1.7223094833190156
R10AFRICA,2096,OSD,0.9193032249064484
R10AFRICA,2096,C_B,110.1912596572245
R10AFRICA,2096,OTH_A,1.4026237993620034
R10AFRICA,2096,CEREAL,2.2282767065831295
R10AFRICA,2097,CROP_FLW,4.771921958639633
R10AFRICA,2097,PDR,4.096374518827766
R10AFRICA,2097,WHT,2.506128003322608
R10AFRICA,2097,GRO,1.7293127121295377
R10AFRICA,2097,OSD,0.9194773946532311
R10AFRICA,2097,C_B,109.81946931433
R10AFRICA,2097,OTH_A,1.4046732580665866
R10AFRICA,2097,CEREAL,2.2369717776145066
R10AFRICA,2098,CROP_FLW,4.767784947715649
R10AFRICA,2098,PDR,4.1042384600416755
R10AFRICA,2098,WHT,2.4990253386049455
R10AFRICA,2098,GRO,1.7363444173632856
R10AFRICA,2098,OSD,0.9196515973979408
R10AFRICA,2098,C_B,109.44893340903333
R10AFRICA,2098,OTH_A,1.4067257113595861
R10AFRICA,2098,CEREAL,2.245700778121526
R10AFRICA,2099,CROP_FLW,4.763651523367373
R10AFRICA,2099,PDR,4.112117497915114
R10AFRICA,2099,WHT,2.491942803683536
R10AFRICA,2099,GRO,1.7434047148106608
R10AFRICA,2099,OSD,0.9198258331468291
R10AFRICA,2099,C_B,109.07964770880477
R10AFRICA,2099,OTH_A,1.4087811636165766
R10AFRICA,2099,CEREAL,2.254463840502108
R10AFRICA,2100,CROP_FLW,4.75952168248543
R10AFRICA,2100,PDR,4.120011661429623
R10AFRICA,2100,WHT,2.4848803415081435
R10AFRICA,2100,GRO,1.7504937207328912
R10AFRICA,2100,OSD,0.9200001019061491
R10AFRICA,2100,C_B,108.71160799539533
R10AFRICA,2100,OTH_A,1.4108396192195263
R10AFRICA,2100,CEREAL,2.2632610976708083
World,2005,CROP_FLW,5.882478989415269
World,2005,PDR,3.9362100081722295
World,2005,WHT,2.78898121778448
World,2005,GRO,3.3831920856087607
World,2005,OSD,2.7900574267915816
World,2005,C_B,63.97400242501765
World,2005,OTH_A,4.374576880730178
World,2005,CEREAL,3.2608345064890467
World,2006,CROP_FLW,5.865079474276039
World,2006,PDR,3.973448718127734
World,2006,WHT,2.800360784894381
World,2006,GRO,3.4014796133658822
World,2006,OSD,2.810585280373547
World,2006,C_B,66.17621666784544
World,2006,OTH_A,4.36782985012283
World,2006,CEREAL,3.2804997886196423
World,2007,CROP_FLW,5.8477314243656044
World,2007,PDR,4.011039726745219
World,2007,WHT,2.8117867827750533
World,2007,GRO,3.4198659926404473
World,2007,OSD,2.8312641676828605
World,2007,C_B,68.45423901064318
World,2007,OTH_A,4.361093225646924
World,2007,CEREAL,3.3002836671771667
World,2008,CROP_FLW,5.830434687457324
World,2008,PDR,4.048986366963643
World,2008,WHT,2.823259400872761
World,2008,GRO,3.4383517577650706
World,2008,OSD,2.8520951999504986
World,2008,C_B,70.81067903966697
World,2008,OTH_A,4.354366991252793
World,2008,CEREAL,3.320186857387183
World,2009,CROP_FLW,5.813189111774819
World,2009,PDR,4.087292003253401
World,2009,WHT,2.834778829406744
World,2009,GRO,3.45693744596065
World,2009,OSD,2.8730794965833235
World,2009,C_B,73.24823617247627
World,2009,OTH_A,4.347651130915531
World,2009,CEREAL,3.3402100787886013
World,2010,CROP_FLW,5.7959945459906415
World,2010,PDR,4.125960031914625
World,2010,WHT,2.8463452593723746
World,2010,GRO,3.475623597351981
World,2010,OSD,2.894218185224234
World,2010,C_B,75.76970275024908
World,2010,OTH_A,4.340945628634939
World,2010,CEREAL,3.3603540552596916
World,2011,CROP_FLW,5.796730625608199
World,2011,PDR,4.138224291710743
World,2011,WHT,2.85271984063851
World,2011,GRO,3.4823561053812226
World,2011,OSD,2.9011952317490493
World,2011,C_B,76.31059167436437
World,2011,OTH_A,4.372488858627436
World,2011,CEREAL,3.368676060390296
World,2012,CROP_FLW,5.797466798706384
World,2012,PDR,4.150525006554215
World,2012,WHT,2.8591086982072778
World,2012,GRO,3.489101654714591
World,2012,OSD,2.9081890977308285
World,2012,C_B,76.85534178332813
World,2012,OTH_A,4.40426129567376
World,2012,CEREAL,3.3770186751853157
World,2013,CROP_FLW,5.798203065297066
World,2013,PDR,4.162862284806288
World,2013,WHT,2.8655118640514154
World,2013,GRO,3.495860270613938
World,2013,OSD,2.915199823715972
World,2013,C_B,77.40398064056005
World,2013,OTH_A,4.436264605293692
World,2013,CEREAL,3.3853819506851255
World,2014,CROP_FLW,5.798939425392122
World,2014,PDR,4.175236235150309
World,2014,WHT,2.8719293702152666
World,2014,GRO,3.502631978390047
World,2014,OSD,2.9222274503486285
World,2014,C_B,77.9565360062438
World,2014,OTH_A,4.468500465109415
World,2014,CEREAL,3.3937659380565033
World,2015,CROP_FLW,5.799675879003424
World,2015,PDR,4.18764696659268
World,2015,WHT,2.87836124881494
World,2015,GRO,3.509416803402731
World,2015,OSD,2.929272018370923
World,2015,C_B,78.51303583873172
World,2015,OTH_A,4.50097056493346
World,2015,CEREAL,3.4021706885929457
World,2016,CROP_FLW,5.8004124261428505
World,2016,PDR,4.200094588463822
World,2016,WHT,2.8848075320384696
World,2016,GRO,3.516214771060928
World,2016,OSD,2.9363335686231995
World,2016,C_B,79.07350829595934
World,2016,OTH_A,4.533676606857279
World,2016,CEREAL,3.410596253714974
World,2017,CROP_FLW,5.801149066822277
World,2017,PDR,4.212579210419135
World,2017,WHT,2.8912682521459785
World,2017,GRO,3.5230259068227934
World,2017,OSD,2.9434121420442545
World,2017,C_B,79.63798173687016
World,2017,OTH_A,4.566620305340477
World,2017,CEREAL,3.419042684970457
World,2018,CROP_FLW,5.801885801053585
World,2018,PDR,4.225100942439968
World,2018,WHT,2.8977434414698364
World,2018,GRO,3.529850236195796
World,2018,OSD,2.9505077796715735
World,2018,C_B,80.20648472285063
World,2018,OTH_A,4.5998033873006765
World,2018,CEREAL,3.427510034034924
World,2019,CROP_FLW,5.8026226288486535
World,2019,PDR,4.237659894834585
World,2019,WHT,2.9042331324148254
World,2019,GRO,3.5366877847368166
World,2019,OSD,2.9576205226415726
World,2019,C_B,80.77904601917524
World,2019,OTH_A,4.633227592204049
World,2019,CEREAL,3.435998352711878
World,2020,CROP_FLW,5.803359550219369
World,2020,PDR,4.250256178239137
World,2020,WHT,2.9107373574582995
World,2020,GRO,3.543538578052236
World,2020,OSD,2.964750412189833
World,2020,C_B,81.35569459646193
World,2020,OTH_A,4.666894672156498
World,2020,CEREAL,3.444507692933115
World,2021,CROP_FLW,5.805460777751568
World,2021,PDR,4.26097993595156
World,2021,WHT,2.912190784437708
World,2021,GRO,3.5472144698561454
World,2021,OSD,2.967812551951399
World,2021,C_B,81.67439332056708
World,2021,OTH_A,4.6615199771000455
World,2021,CEREAL,3.4488927230178867
World,2022,CROP_FLW,5.80756276607708
World,2022,PDR,4.271730750616469
World,2022,WHT,2.913644937161052
World,2022,GRO,3.550894174848554
World,2022,OSD,2.9708778544412278
World,2022,C_B,81.9943404990951
World,2022,OTH_A,4.656151471886942
World,2022,CEREAL,3.4532833354646555
World,2023,CROP_FLW,5.809665515471368
World,2023,PDR,4.28250869050086
World,2023,WHT,2.9150998159907187
World,2023,GRO,3.5545776969850755
World,2023,OSD,2.97394632292594
World,2023,C_B,82.31554102267887
World,2023,OTH_A,4.650789149388568
World,2023,CEREAL,3.457679537380047
World,2024,CROP_FLW,5.811769026209991
World,2024,PDR,4.293313824043963
World,2024,WHT,2.9165554212892775
World,2024,GRO,3.558265040225427
World,2024,OSD,2.97701796067553
World,2024,C_B,82.63799980110954
World,2024,OTH_A,4.645433002484514
World,2024,CEREAL,3.4620813358797333
World,2025,CROP_FLW,5.813873298568609
World,2025,PDR,4.304146219857695
World,2025,WHT,2.9180117534194783
World,2025,GRO,3.5619562085334326
World,2025,OSD,2.9800927709633704
World,2025,C_B,82.96172176341162
World,2025,OTH_A,4.640083024062567
World,2025,CEREAL,3.466488738088445
World,2026,CROP_FLW,5.815978332822985
World,2026,PDR,4.315005946727081
World,2026,WHT,2.919468812744251
World,2026,GRO,3.565651205877028
World,2026,OSD,2.983170757066215
World,2026,C_B,83.28671185791835
World,2026,OTH_A,4.634739207018709
World,2026,CEREAL,3.4709017511399844
World,2027,CROP_FLW,5.8180841292489776
World,2027,PDR,4.325893073610697
World,2027,WHT,2.9209265996267098
World,2027,GRO,3.5693500362282653
World,2027,OSD,2.9862519222642017
World,2027,C_B,83.61297505234735
World,2027,OTH_A,4.629401544257102
World,2027,CEREAL,3.4753203821772325
World,2028,CROP_FLW,5.820190688122547
World,2028,PDR,4.336807669641111
World,2028,WHT,2.9223851144301465
World,2028,GRO,3.5730527035633184
World,2028,OSD,2.9893362698408543
World,2028,C_B,83.94051633387647
World,2028,OTH_A,4.62407002869008
World,2028,CEREAL,3.479744638352167
World,2029,CROP_FLW,5.822298009719753
World,2029,PDR,4.347749804125314
World,2029,WHT,2.923844357518037
World,2029,GRO,3.5767592118624845
World,2029,OSD,2.9924238030830916
World,2029,C_B,84.26934070922017
World,2029,OTH_A,4.61874465323814
World,2029,CEREAL,3.4841745268258673
World,2030,CROP_FLW,5.824406094316754
World,2030,PDR,4.358719546545168
World,2030,WHT,2.925304329254038
World,2030,GRO,3.5804695651101914
World,2030,OSD,2.995514525281222
World,2030,C_B,84.59945320470582
World,2030,OTH_A,4.613425410829935
World,2030,CEREAL,3.488610054768531
World,2031,CROP_FLW,5.824328345514636
World,2031,PDR,4.368774071769817
World,2031,WHT,2.9267230954810275
World,2031,GRO,3.5878241135580704
World,2031,OSD,2.9977697019489167
World,2031,C_B,84.96132354355787
World,2031,OTH_A,4.608537321965505
World,2031,CEREAL,3.4949560564707687
World,2032,CROP_FLW,5.824250597750372
World,2032,PDR,4.3788517903833535
World,2032,WHT,2.9281425498065463
World,2032,GRO,3.5951937687906566
World,2032,OSD,3.000026576429044
World,2032,C_B,85.32474176643494
World,2032,OTH_A,4.603654412205671
World,2032,CEREAL,3.5013136019503195
World,2033,CROP_FLW,5.824172851023945
World,2033,PDR,4.388952755887387
World,2033,WHT,2.9295626925643203
World,2033,GRO,3.6025785618384005
World,2033,OSD,3.0022851499998042
World,2033,C_B,85.68971449434102
World,2033,OTH_A,4.598776676062986
World,2033,CEREAL,3.5076827122060417
World,2034,CROP_FLW,5.824095105335345
World,2034,PDR,4.399077021906943
World,2034,WHT,2.930983524088239
World,2034,GRO,3.609978523795489
World,2034,OSD,3.004545423940358
World,2034,C_B,86.0562483766011
World,2034,OTH_A,4.593904108055819
World,2034,CEREAL,3.514063408274994
World,2035,CROP_FLW,5.824017360684555
World,2035,PDR,4.409224642190749
World,2035,WHT,2.9324050447123504
World,2035,GRO,3.617393685819981
World,2035,OSD,3.0068073995308335
World,2035,C_B,86.42435009098246
World,2035,OTH_A,4.589036702708345
World,2035,CEREAL,3.5204557112325006
World,2036,CROP_FLW,5.823939617071563
World,2036,PDR,4.419395670611512
World,2036,WHT,2.9338272547708684
World,2036,GRO,3.624824079133936
World,2036,OSD,3.0090710780523184
World,2036,C_B,86.79402634381611
World,2036,OTH_A,4.584174454550542
World,2036,CEREAL,3.526859642192224
World,2037,CROP_FLW,5.823861874496354
World,2037,PDR,4.429590161166219
World,2037,WHT,2.935250154598167
World,2037,GRO,3.632269735023545
World,2037,OSD,3.011336460786866
World,2037,C_B,87.16528387011917
World,2037,OTH_A,4.579317358118184
World,2037,CEREAL,3.5332752223062327
World,2038,CROP_FLW,5.823784132958915
World,2038,PDR,4.439808167976408
World,2038,WHT,2.9366737445287816
World,2038,GRO,3.6397306848392637
World,2038,OSD,3.0136035490174953
World,2038,C_B,87.53812943371744
World,2038,OTH_A,4.574465407952834
World,2038,CEREAL,3.539702472765074
World,2039,CROP_FLW,5.823706392459232
World,2039,PDR,4.450049745288466
World,2039,WHT,2.9380980248974113
World,2039,GRO,3.6472069599959434
World,2039,OSD,3.0158723440281916
World,2039,C_B,87.91256982736874
World,2039,OTH_A,4.569618598601838
World,2039,CEREAL,3.5461414147978405
World,2040,CROP_FLW,5.823628652997294
World,2040,PDR,4.4603149474739086
World,2040,WHT,2.939522996038918
World,2040,GRO,3.654698591972967
World,2040,OSD,3.018142847103908
World,2040,C_B,88.28861187288643
World,2040,OTH_A,4.564776924618321
World,2040,CEREAL,3.5525920696722397
World,2041,CROP_FLW,5.827328074557944
World,2041,PDR,4.466033460716087
World,2041,WHT,2.9436169920415165
World,2041,GRO,3.664010494177293
World,2041,OSD,3.0177536729779773
World,2041,C_B,88.72471496099057
World,2041,OTH_A,4.566793249755093
World,2041,CEREAL,3.559668123789694
World,2042,CROP_FLW,5.831029846151658
World,2042,PDR,4.471759305591589
World,2042,WHT,2.947716689922716
World,2042,GRO,3.673346122420985
World,2042,OSD,3.0173645490340655
World,2042,C_B,89.16297218765708
World,2042,OTH_A,4.5688104655305795
World,2042,CEREAL,3.5667582719941957
World,2043,CROP_FLW,5.834733969271278
World,2043,PDR,4.477492491500208
World,2043,WHT,2.951822097623761
World,2043,GRO,3.682705537156239
World,2043,OSD,3.016975475265701
World,2043,C_B,89.60339419328972
World,2043,OTH_A,4.570828572338191
World,2043,CEREAL,3.573862542358351
World,2044,CROP_FLW,5.838440445410597
World,2044,PDR,4.48323302785379
World,2044,WHT,2.9559332230969546
World,2044,GRO,3.6920887989892806
World,2044,OSD,3.016586451666415
World,2044,C_B,90.04599167085077
World,2044,OTH_A,4.572847570571505
World,2044,CEREAL,3.5809809630106844
World,2045,CROP_FLW,5.842149276064353
World,2045,PDR,4.488980924076247
World,2045,WHT,2.9600500743056757
World,2045,GRO,3.701495968680753
World,2045,OSD,3.0161974782297376
World,2045,C_B,90.4907753661205
World,2045,OTH_A,4.5748674606242785
World,2045,CEREAL,3.5881135621357436
World,2046,CROP_FLW,5.845860462728235
World,2046,PDR,4.494736189603574
World,2046,WHT,2.9641726592243955
World,2046,GRO,3.710927107146116
World,2046,OSD,3.0158085549492006
World,2046,C_B,90.93775607795817
World,2046,OTH_A,4.576888242890441
World,2046,CEREAL,3.5952603679742166
World,2047,CROP_FLW,5.8495740068988855
World,2047,PDR,4.500498833883864
World,2047,WHT,2.968300985838689
World,2047,GRO,3.7203822754560347
World,2047,OSD,3.0154196818183374
World,2047,C_B,91.38694465856419
World,2047,OTH_A,4.578909917764094
World,2047,CEREAL,3.602421408823038
World,2048,CROP_FLW,5.853289910073895
World,2048,PDR,4.50626886637732
World,2048,WHT,2.972435062145256
World,2048,GRO,3.72986153483678
World,2048,OSD,3.0150308588306807
World,2048,C_B,91.83835201374359
World,2048,OTH_A,4.580932485639518
World,2048,CEREAL,3.609596713035508
World,2049,CROP_FLW,5.857008173751803
World,2049,PDR,4.512046296556278
World,2049,WHT,2.9765748961519307
World,2049,GRO,3.7393649466706207
World,2049,OSD,3.014642085979765
World,2049,C_B,92.29198910317083
World,2049,OTH_A,4.582955946911159
World,2049,CEREAL,3.6167863090214
World,2050,CROP_FLW,5.860728799432105
World,2050,PDR,4.517831133905217
World,2050,WHT,2.980720495877702
World,2050,GRO,3.748892572496227
World,2050,OSD,3.014253363259127
World,2050,C_B,92.74786694065584
World,2050,OTH_A,4.5849803019736495
World,2050,CEREAL,3.623990225247074
World,2051,CROP_FLW,5.8676595368711615
World,2051,PDR,4.520682395311832
World,2051,WHT,2.984977340022592
World,2051,GRO,3.758684970582914
World,2051,OSD,3.012540680827882
World,2051,C_B,93.20379341363524
World,2051,OTH_A,4.5910053754808615
World,2051,CEREAL,3.630453340076796
World,2052,CROP_FLW,5.874598470410581
World,2052,PDR,4.523535456186237
World,2052,WHT,2.9892402634768636
World,2052,GRO,3.768502947172702
World,2052,OSD,3.0108289715335164
World,2052,C_B,93.66196111280797
World,2052,OTH_A,4.5970383664726375
World,2052,CEREAL,3.6369279813871946
World,2053,CROP_FLW,5.881545609742851
World,2053,PDR,4.526390317664101
World,2053,WHT,2.9935092749225354
World,2053,GRO,3.7783465690786233
World,2053,OSD,3.0091182348230983
World,2053,C_B,94.12238105550938
World,2053,OTH_A,4.60307928535326
World,2053,CEREAL,3.643414169734883
World,2054,CROP_FLW,5.8885009645719135
World,2054,PDR,4.5292469808818066
World,2054,WHT,2.9977843830540265
World,2054,GRO,3.7882159032882323
World,2054,OSD,3.007408470144011
World,2054,C_B,94.58506431323346
World,2054,OTH_A,4.609128142540682
World,2054,CEREAL,3.649911925713137
World,2055,CROP_FLW,5.895464544613193
World,2055,PDR,4.5321054469764555
World,2055,WHT,3.002065596578171
World,2055,GRO,3.7981110169640604
World,2055,OSD,3.0056996769439523
World,2055,C_B,95.05002201189896
World,2055,OTH_A,4.6151849484665455
World,2055,CEREAL,3.656421269951958
World,2056,CROP_FLW,5.902436359593598
World,2056,PDR,4.534965717085867
World,2056,WHT,3.006352924214238
World,2056,GRO,3.8080319774440725
World,2056,OSD,3.003991854670932
World,2056,C_B,95.51726533211706
World,2056,OTH_A,4.621249713576206
World,2056,CEREAL,3.66294222311814
World,2057,CROP_FLW,5.909416419251545
World,2057,PDR,4.537827792348575
World,2057,WHT,3.0106463746939514
World,2057,GRO,3.8179788522421245
World,2057,OSD,3.002285002773275
World,2057,C_B,95.98680550946015
World,2057,OTH_A,4.62732244832874
World,2057,CEREAL,3.669474805915335
World,2058,CROP_FLW,5.916404733336962
World,2058,PDR,4.54069167390384
World,2058,WHT,3.0149459567614993
World,2058,GRO,3.827951709048425
World,2058,OSD,3.0005791206996197
World,2058,C_B,96.45865383473203
World,2058,OTH_A,4.63340316319697
World,2058,CEREAL,3.6760190390841165
World,2059,CROP_FLW,5.923401311611309
World,2059,PDR,4.543557362891633
World,2059,WHT,3.0192516791735637
World,2059,GRO,3.8379506157299943
World,2059,OSD,2.998874207898917
World,2059,C_B,96.9328216542394
World,2059,OTH_A,4.639491868667481
World,2059,CEREAL,3.6825749434020505
World,2060,CROP_FLW,5.930406163847595
World,2060,PDR,4.546424860452653
World,2060,WHT,3.0235635506993317
World,2060,GRO,3.8479756403311267
World,2060,OSD,2.997170263820431
World,2060,C_B,97.40932037006468
World,2060,OTH_A,4.645588575240642
World,2060,CEREAL,3.689142539683755
World,2061,CROP_FLW,5.935140410001229
World,2061,PDR,4.554427780757656
World,2061,WHT,3.0301422963277234
World,2061,GRO,3.8622835409721112
World,2061,OSD,2.9963494318920874
World,2061,C_B,97.89541600766034
World,2061,OTH_A,4.656336609306497
World,2061,CEREAL,3.6989686815398866
World,2062,CROP_FLW,5.939878435505895
World,2062,PDR,4.562444788336808
World,2062,WHT,3.0367353561563353
World,2062,GRO,3.8766446425789765
World,2062,OSD,2.9955288247641367
World,2062,C_B,98.38393737790658
World,2062,OTH_A,4.6671095100247495
World,2062,CEREAL,3.7088209956197096
World,2063,CROP_FLW,5.944620243378646
World,2063,PDR,4.57047590798747
World,2063,WHT,3.0433427613303645
World,2063,GRO,3.8910591429684986
World,2063,OSD,2.994708442375014
World,2063,C_B,98.87489658578524
World,2063,OTH_A,4.677907334926889
World,2063,CEREAL,3.7186995516337262
World,2064,CROP_FLW,5.949365836638953
World,2064,PDR,4.57852116455065
World,2064,WHT,3.0499645430627735
World,2064,GRO,3.905527240692994
World,2064,OSD,2.99388828466317
World,2064,C_B,99.36830579668496
World,2064,OTH_A,4.688730141677507
World,2064,CEREAL,3.7286044194781174
World,2065,CROP_FLW,5.95411521830869
World,2065,PDR,4.586580582911085
World,2065,WHT,3.0566007326344407
World,2065,GRO,3.9200491350430537
World,2065,OSD,2.9930683515670724
World,2065,C_B,99.86417723670259
World,2065,OTH_A,4.699577988074612
World,2065,CEREAL,3.738535669235231
World,2066,CROP_FLW,5.958868391412147
World,2066,PDR,4.594654187997314
World,2066,WHT,3.0632513613943053
World,2066,GRO,3.9346250260502917
World,2066,OSD,2.992248643025206
World,2066,C_B,100.36252319294603
World,2066,OTH_A,4.7104509320499295
World,2066,CEREAL,3.748493371174084
World,2067,CROP_FLW,5.963625358976027
World,2067,PDR,4.60274200478176
World,2067,WHT,3.0699164607595146
World,2067,GRO,3.9492551144900965
World,2067,OSD,2.9914291589760724
World,2067,C_B,100.86335601383878
World,2067,OTH_A,4.721349031669221
World,2067,CEREAL,3.7584775957508563
World,2068,CROP_FLW,5.9683861240294505
World,2068,PDR,4.610844058280801
World,2068,WHT,3.076596062215578
World,2068,GRO,3.9639396018843986
World,2068,OSD,2.9906098993581898
World,2068,C_B,101.36668810942594
World,2068,OTH_A,4.732272345132586
World,2068,CEREAL,3.76848841360939
World,2069,CROP_FLW,5.973150689603955
World,2069,PDR,4.618960373554853
World,2069,WHT,3.0832901973165074
World,2069,GRO,3.978678690504447
World,2069,OSD,2.989790864110094
World,2069,C_B,101.87253195168168
World,2069,OTH_A,4.743220930774773
World,2069,CEREAL,3.778525895581688
World,2070,CROP_FLW,5.977919058733494
World,2070,PDR,4.627090975708444
World,2070,WHT,3.0899988976849775
World,2070,GRO,3.9934725833735962
World,2070,OSD,2.988972053170336
World,2070,C_B,102.38090007481834
World,2070,OTH_A,4.7541948470654996
World,2070,CEREAL,3.7885901126884214
World,2071,CROP_FLW,5.978194342233833
World,2071,PDR,4.6335225778453735
World,2071,WHT,3.095605734669396
World,2071,GRO,4.005821110133188
World,2071,OSD,2.9872007100474027
World,2071,C_B,102.83154838764769
World,2071,OTH_A,4.762728414572873
World,2071,CEREAL,3.7970451071676825
World,2072,CROP_FLW,5.978469638410992
World,2072,PDR,4.639963119833769
World,2072,WHT,3.1012227453211882
World,2072,GRO,4.018207820731518
World,2072,OSD,2.9854304166687973
World,2072,C_B,103.28418031169463
World,2072,OTH_A,4.771277299452954
World,2072,CEREAL,3.805518970653492
World,2073,CROP_FLW,5.9787449472655565
World,2073,PDR,4.646412614099923
World,2073,WHT,3.106849948100585
World,2073,GRO,4.0306328332398005
World,2073,OSD,2.983661172412414
World,2073,C_B,103.73880457818782
World,2073,OTH_A,4.7798415291997465
World,2073,CEREAL,3.8140117452558013
World,2074,CROP_FLW,5.9790202687981076
World,2074,PDR,4.6528710730873915
World,2074,WHT,3.112487361501315
World,2074,GRO,4.043096266094348
World,2074,OSD,2.9818929766565145
World,2074,C_B,104.195429956788
World,2074,OTH_A,4.788421131356597
World,2074,CEREAL,3.822523473178538
World,2075,CROP_FLW,5.9792956030092315
World,2075,PDR,4.659338509257034
World,2075,WHT,3.1181350040506617
World,2075,GRO,4.055598238097694
World,2075,OSD,2.9801258287797316
World,2075,C_B,104.65406525575726
World,2075,OTH_A,4.797016133516298
World,2075,CEREAL,3.831054196719818
World,2076,CROP_FLW,5.97957094989951
World,2076,PDR,4.665814935087029
World,2076,WHT,3.1237928943095286
World,2076,GRO,4.068138868419737
World,2076,OSD,2.978359728161063
World,2076,C_B,105.11471932212875
World,2076,OTH_A,4.805626563321165
World,2076,CEREAL,3.8396039582721517
World,2077,CROP_FLW,5.9798463094695276
World,2077,PDR,4.6723003630729
World,2077,WHT,3.1294610508724974
World,2077,GRO,4.080718276598865
World,2077,OSD,2.976594674179878
World,2077,C_B,105.57740104187755
World,2077,OTH_A,4.814252448463135
World,2077,CEREAL,3.8481728003226596
World,2078,CROP_FLW,5.980121681719869
World,2078,PDR,4.6787948057275335
World,2078,WHT,3.1351394923678892
World,2078,GRO,4.093336582543103
World,2078,OSD,2.9748306662159107
World,2078,C_B,106.04211934009196
World,2078,OTH_A,4.822893816683845
World,2078,CEREAL,3.856760765453277
World,2079,CROP_FLW,5.980397066651117
World,2079,PDR,4.685298275581218
World,2079,WHT,3.140828237457827
World,2079,GRO,4.105993906531252
World,2079,OSD,2.9730677036492636
World,2079,C_B,106.50888318114568
World,2079,OTH_A,4.831550695774733
World,2079,CEREAL,3.865367896340972
World,2080,CROP_FLW,5.980672464263863
World,2080,PDR,4.6918107851816515
World,2080,WHT,3.146527304838297
World,2080,GRO,4.118690369214037
World,2080,OSD,2.9713057858604066
World,2080,C_B,106.9777015688708
World,2080,OTH_A,4.840223113577113
World,2080,CEREAL,3.8739942357579564
World,2081,CROP_FLW,5.984131837427102
World,2081,PDR,4.694580136185877
World,2081,WHT,3.147399702301468
World,2081,GRO,4.126285541604451
World,2081,OSD,2.9698709680584496
World,2081,C_B,107.34287810663301
World,2081,OTH_A,4.846281061830068
World,2081,CEREAL,3.8779608392234537
World,2082,CROP_FLW,5.987593211579821
World,2082,PDR,4.6973511218052515
World,2082,WHT,3.1482723416431484
World,2082,GRO,4.133894720059529
World,2082,OSD,2.9684368431175687
World,2082,C_B,107.7093012023393
World,2082,OTH_A,4.852346592117192
World,2082,CEREAL,3.8819315041155034
World,2083,CROP_FLW,5.991056587879442
World,2083,PDR,4.700123743004609
World,2083,WHT,3.1491452229304002
World,2083,GRO,4.141517930407499
World,2083,OSD,2.967003410703188
World,2083,C_B,108.07697511121026
World,2083,OTH_A,4.8584197139280425
World,2083,CEREAL,3.8859062345926216
World,2084,CROP_FLW,5.99452196748406
World,2084,PDR,4.702898000749355
World,2084,WHT,3.150018346230305
World,2084,GRO,4.149155198524218
World,2084,OSD,2.9655706704808913
World,2084,C_B,108.44590410299193
World,2084,OTH_A,4.864500436764053
World,2084,CEREAL,3.889885034817584
World,2085,CROP_FLW,5.997989351552436
World,2085,PDR,4.705673896005463
World,2085,WHT,3.150891711609963
World,2085,GRO,4.156806550333262
World,2085,OSD,2.964138622116426
World,2085,C_B,108.81609246200549
World,2085,OTH_A,4.870588770138548
World,2085,CEREAL,3.8938679089574246
World,2086,CROP_FLW,6.001458741244003
World,2086,PDR,4.708451429739479
World,2086,WHT,3.151765319136491
World,2086,GRO,4.164472011806009
World,2086,OSD,2.9627072652756996
World,2086,C_B,109.18754448719699
World,2086,OTH_A,4.876684723576759
World,2086,CEREAL,3.8978548611834487
World,2087,CROP_FLW,6.004930137718864
World,2087,PDR,4.7112306029185165
World,2087,WHT,3.1526391688770286
World,2087,GRO,4.172151608961732
World,2087,OSD,2.9612765996247816
World,2087,C_B,109.5602644921872
World,2087,OTH_A,4.882788306615843
World,2087,CEREAL,3.90184589567123
World,2088,CROP_FLW,6.008403542137794
World,2088,PDR,4.714011416510261
World,2088,WHT,3.1535132608987286
World,2088,GRO,4.179845367867687
World,2088,OSD,2.959846624829902
World,2088,C_B,109.93425680532182
World,2088,OTH_A,4.8888995288048855
World,2088,CEREAL,3.9058410166006183
World,2089,CROP_FLW,6.01187895566224
World,2089,PDR,4.716793871482971
World,2089,WHT,3.154387595268767
World,2089,GRO,4.187553314639196
World,2089,OSD,2.9584173405574523
World,2089,C_B,110.3095257697217
World,2089,OTH_A,4.895018399704932
World,2089,CEREAL,3.909840228155743
World,2090,CROP_FLW,6.015356379454317
World,2090,PDR,4.719577968805472
World,2090,WHT,3.155262172054337
World,2090,GRO,4.195275475439744
World,2090,OSD,2.9569887464739844
World,2090,C_B,110.68607574333312
World,2090,OTH_A,4.901144928888993
World,2090,CEREAL,3.913843534525014
World,2091,CROP_FLW,6.018594958837594
World,2091,PDR,4.72344591890057
World,2091,WHT,3.155051898248553
World,2091,GRO,4.199386780799179
World,2091,OSD,2.9560074609653793
World,2091,C_B,110.97830904074985
World,2091,OTH_A,4.905662551093504
World,2091,CEREAL,3.9160014410809625
World,2092,CROP_FLW,6.0218352818243694
World,2092,PDR,4.727317038990535
World,2092,WHT,3.154841638455891
World,2092,GRO,4.203502115174553
World,2092,OSD,2.955026501099288
World,2092,C_B,111.27131389230783
World,2092,OTH_A,4.910184337408783
World,2092,CEREAL,3.9181605374036104
World,2093,CROP_FLW,6.025077349353373
World,2093,PDR,4.731191331673349
World,2093,WHT,3.154631392675417
World,2093,GRO,4.207621482514239
World,2093,OSD,2.9540458667676455
World,2093,C_B,111.56509233506375
World,2093,OTH_A,4.914710291673097
World,2093,CEREAL,3.920320824148938
World,2094,CROP_FLW,6.02832116236384
World,2094,PDR,4.735068799549127
World,2094,WHT,3.1544211609061974
World,2094,GRO,4.2117448867704805
World,2094,OSD,2.9530655578624225
World,2094,C_B,111.85964641145254
World,2094,OTH_A,4.919240417728241
World,2094,CEREAL,3.9224823019732877
World,2095,CROP_FLW,6.031566721795513
World,2095,PDR,4.7389494452201095
World,2095,WHT,3.154210943147298
World,2095,GRO,4.215872331899394
World,2095,OSD,2.9520855742756242
World,2095,C_B,112.15497816930156
World,2095,OTH_A,4.9237747194195585
World,2095,CEREAL,3.9246449715333642
World,2096,CROP_FLW,6.034814028588638
World,2096,PDR,4.742833271290673
World,2096,WHT,3.154000739397785
World,2096,GRO,4.2200038218609714
World,2096,OSD,2.9511059158992934
World,2096,C_B,112.45108966184483
World,2096,OTH_A,4.928313200595936
World,2096,CEREAL,3.926808833486233
World,2097,CROP_FLW,6.038063083683969
World,2097,PDR,4.746720280367326
World,2097,WHT,3.1537905496567262
World,2097,GRO,4.224139360619087
World,2097,OSD,2.9501265826255083
World,2097,C_B,112.74798294773734
World,2097,OTH_A,4.932855865109805
World,2097,CEREAL,3.928973888489324
World,2098,CROP_FLW,6.041313888022768
World,2098,PDR,4.750610475058716
World,2098,WHT,3.153580373923186
World,2098,GRO,4.228278952141499
World,2098,OSD,2.949147574346382
World,2098,C_B,113.04566009106932
World,2098,OTH_A,4.937402716817151
World,2098,CEREAL,3.9311401372004258
World,2099,CROP_FLW,6.0445664425468
World,2099,PDR,4.754503857975625
World,2099,WHT,3.153370212196233
World,2099,GRO,4.232422600399855
World,2099,OSD,2.948168890954064
World,2099,C_B,113.34412316138061
World,2099,OTH_A,4.941953759577512
World,2099,CEREAL,3.9333075802776936
World,2100,CROP_FLW,6.04782074819834
World,2100,PDR,4.758400431730981
World,2100,WHT,3.153160064474932
World,2100,GRO,4.23657030936969
World,2100,OSD,2.947190532340741
World,2100,C_B,113.64337423367508
World,2100,OTH_A,4.946508997253985
World,2100,CEREAL,3.9354762183796446
