region,year,type,value
AFG_AMDA,2005,FRS,686.8538191254806
AFG_AMDA,2005,GL,4424.723658691386
AFG_AMDA,2005,CL,1390.6089125099954
AFG_AMDA,2050,FRS,466.1853906810031
AFG_AMDA,2050,GL,4194.913265261424
AFG_AMDA,2050,CL,1602.3474005645835
AFG_AMDA,2100,FRS,1350.0875690804612
AFG_AMDA,2100,GL,5804.519997345538
AFG_AMDA,2100,CL,2981.685086388288
AFG_CSEC,2005,FRS,41.42449949249448
AFG_CSEC,2005,GL,3018.934001019249
AFG_CSEC,2005,CL,535.2621409331961
AFG_CSEC,2050,FRS,46.00005227564254
AFG_CSEC,2050,GL,2975.8843970240778
AFG_CSEC,2050,CL,792.4942145753876
AFG_CSEC,2100,FRS,100.4227017909453
AFG_CSEC,2100,GL,5145.846032663011
AFG_CSEC,2100,CL,1268.357230171237
AFG_FARA,2005,FRS,2.123793599928018
AFG_FARA,2005,GL,1536.9822849991642
AFG_FARA,2005,CL,89.88869812754642
AFG_FARA,2050,FRS,1.318359706609493
AFG_FARA,2050,GL,1377.636625830537
AFG_FARA,2050,CL,131.10905305657312
AFG_FARA,2100,FRS,1.4155755698182262
AFG_FARA,2100,GL,1319.5478142694544
AFG_FARA,2100,CL,95.13127873242532
AFG_HELM,2005,FRS,0.2246435478231412
AFG_HELM,2005,GL,11400.175281726844
AFG_HELM,2005,CL,771.0211084381274
AFG_HELM,2050,GL,10536.943180573358
AFG_HELM,2050,CL,1487.876121305048
AFG_HELM,2100,FRS,0.0037021573015666
AFG_HELM,2100,GL,15175.825418057597
AFG_HELM,2100,CL,2253.172601073476
AFG_INDU,2005,FRS,587.2325974371196
AFG_INDU,2005,GL,1099.0334368856968
AFG_INDU,2005,CL,238.5126898479004
AFG_INDU,2050,FRS,493.1768853490649
AFG_INDU,2050,GL,1020.5016338947494
AFG_INDU,2050,CL,268.54582715650133
AFG_INDU,2100,FRS,1639.399516194048
AFG_INDU,2100,GL,1905.124588406139
AFG_INDU,2100,CL,785.4099194478902
AGO_ANGC,2005,FRS,3618.598435149792
AGO_ANGC,2005,GL,19571.608002818783
AGO_ANGC,2005,CL,1728.9359380069195
AGO_ANGC,2050,FRS,1354.172304435665
AGO_ANGC,2050,GL,7840.542193288143
AGO_ANGC,2050,CL,1754.6920966355417
AGO_ANGC,2100,FRS,920.342392009261
AGO_ANGC,2100,GL,7621.39421991077
AGO_ANGC,2100,CL,708.7183994250197
AGO_ASII,2005,FRS,914.0585501522906
AGO_ASII,2005,GL,6871.21345974833
AGO_ASII,2005,CL,619.7522971631223
AGO_ASII,2050,FRS,580.3538176896067
AGO_ASII,2050,GL,2199.078774342958
AGO_ASII,2050,CL,537.6534549545114
AGO_ASII,2100,FRS,405.8110441478856
AGO_ASII,2100,GL,2253.2276211089275
AGO_ASII,2100,CL,240.7740221503502
AGO_CONG,2005,FRS,8765.620298577993
AGO_CONG,2005,GL,8360.786483942618
AGO_CONG,2005,CL,339.31851434645887
AGO_CONG,2050,FRS,5092.631183066093
AGO_CONG,2050,GL,2637.2336051121265
AGO_CONG,2050,CL,411.64573833034166
AGO_CONG,2100,FRS,3774.533235773944
AGO_CONG,2100,GL,1823.232417766855
AGO_CONG,2100,CL,174.95673173444186
AGO_ZAMB,2005,FRS,2197.34979363466
AGO_ZAMB,2005,GL,12108.898962538366
AGO_ZAMB,2005,CL,493.387740381651
AGO_ZAMB,2050,FRS,1676.7521734873926
AGO_ZAMB,2050,GL,4895.740506569646
AGO_ZAMB,2050,CL,497.1197403195849
AGO_ZAMB,2100,FRS,1348.7198319061656
AGO_ZAMB,2100,GL,3591.3947070971644
AGO_ZAMB,2100,CL,184.9577947182416
ALB_AGBS,2005,FRS,1341.7283718575718
ALB_AGBS,2005,GL,191.2474936420358
ALB_AGBS,2005,CL,414.73845888149737
ALB_AGBS,2050,FRS,1238.597708329953
ALB_AGBS,2050,GL,208.19217188301235
ALB_AGBS,2050,CL,554.4031071327918
ALB_AGBS,2100,FRS,1104.2892547233205
ALB_AGBS,2100,GL,215.7650169633286
ALB_AGBS,2100,CL,729.4551558927726
ARE_ARPA,2005,GL,5865.309521943781
ARE_ARPA,2005,CL,187.27053960671927
ARE_ARPA,2050,GL,5689.565724301498
ARE_ARPA,2050,CL,28.03853640871064
ARE_ARPA,2100,GL,5041.982377391357
ARE_ARPA,2100,CL,18.40835955794985
ARG_LAPL,2005,FRS,6394.789793036791
ARG_LAPL,2005,GL,46358.74644033904
ARG_LAPL,2005,CL,14692.811974028156
ARG_LAPL,2050,FRS,4430.608259925677
ARG_LAPL,2050,GL,32935.27947700436
ARG_LAPL,2050,CL,20889.274829320995
ARG_LAPL,2100,FRS,3829.134458773464
ARG_LAPL,2100,GL,29087.768094159
ARG_LAPL,2100,CL,21127.01439916352
ARG_NASA,2005,FRS,115.28441594090204
ARG_NASA,2005,GL,5056.070470115485
ARG_NASA,2005,CL,7955.638508170056
ARG_NASA,2050,FRS,79.60167457211186
ARG_NASA,2050,GL,2785.627990740073
ARG_NASA,2050,CL,8185.6528486011985
ARG_NASA,2100,FRS,65.1181552253426
ARG_NASA,2100,GL,2746.502803468628
ARG_NASA,2100,CL,6544.596660907996
ARG_NEGR,2005,FRS,1105.9742464574492
ARG_NEGR,2005,GL,8662.782964295697
ARG_NEGR,2005,CL,125.71786682264478
ARG_NEGR,2050,FRS,813.6574902525849
ARG_NEGR,2050,GL,4854.040710357404
ARG_NEGR,2050,CL,132.77599619080596
ARG_NEGR,2100,FRS,788.5884737791188
ARG_NEGR,2100,GL,5378.954319210512
ARG_NEGR,2100,CL,72.17490148708946
ARG_PAMP,2005,FRS,0.77450142043314
ARG_PAMP,2005,GL,3059.6535347462404
ARG_PAMP,2005,CL,5934.260502409687
ARG_PAMP,2050,GL,1947.2356722996683
ARG_PAMP,2050,CL,5976.618881252008
ARG_PAMP,2100,FRS,0.0041170241912478
ARG_PAMP,2100,GL,1801.3359834186588
ARG_PAMP,2100,CL,4407.508292977764
ARG_SACC,2005,FRS,120.89851840447658
ARG_SACC,2005,GL,9851.157776967984
ARG_SACC,2005,CL,395.9146767451623
ARG_SACC,2050,FRS,120.59598706056718
ARG_SACC,2050,GL,8346.51893861435
ARG_SACC,2050,CL,562.1521509880941
ARG_SACC,2100,FRS,121.955960869193
ARG_SACC,2100,GL,8300.596705931814
ARG_SACC,2100,CL,434.8348378313413
ARG_SASS,2005,FRS,1780.062286823799
ARG_SASS,2005,GL,26515.362340182703
ARG_SASS,2005,CL,29.68569590360204
ARG_SASS,2050,FRS,1472.3517928469582
ARG_SASS,2050,GL,18913.43248699251
ARG_SASS,2050,CL,31.38964018337089
ARG_SASS,2100,FRS,1264.6394633078355
ARG_SASS,2100,GL,15815.718404445455
ARG_SASS,2100,CL,18.80637294007934
ARG_SGRN,2005,FRS,5.967127049825593
ARG_SGRN,2005,GL,10806.55397307484
ARG_SGRN,2005,CL,3197.6402807805184
ARG_SGRN,2050,GL,5516.34564922687
ARG_SGRN,2050,CL,3860.78135905106
ARG_SGRN,2100,FRS,0.2398403531958769
ARG_SGRN,2100,GL,4853.694157312259
ARG_SGRN,2100,CL,3531.0908374972305
ARM_CSSW,2005,FRS,245.73313272340096
ARM_CSSW,2005,GL,609.8447898756312
ARM_CSSW,2005,CL,270.1771006461795
ARM_CSSW,2050,FRS,17.558297199028416
ARM_CSSW,2050,GL,641.860130905745
ARM_CSSW,2050,CL,435.374173257848
ARM_CSSW,2100,FRS,22.038180908934983
ARM_CSSW,2100,GL,706.6039308538531
ARM_CSSW,2100,CL,263.3637983680002
ATG_CARI,2005,GL,43.18298163269683
ATG_CARI,2050,GL,43.24805905718421
ATG_CARI,2100,GL,43.4044675035312
AUS_AEAC,2005,FRS,10309.234640888626
AUS_AEAC,2005,GL,24724.340234653533
AUS_AEAC,2005,CL,7296.922082987549
AUS_AEAC,2050,FRS,6904.125760417738
AUS_AEAC,2050,GL,13523.022437369247
AUS_AEAC,2050,CL,8724.300066550331
AUS_AEAC,2100,FRS,4372.912510105114
AUS_AEAC,2100,GL,11075.86208493171
AUS_AEAC,2100,CL,4299.788534628236
AUS_AINT,2005,FRS,238.43057234823863
AUS_AINT,2005,GL,199854.11261239572
AUS_AINT,2005,CL,685.1730568662955
AUS_AINT,2050,FRS,223.16260110643267
AUS_AINT,2050,GL,180289.7695779169
AUS_AINT,2050,CL,468.61840227883687
AUS_AINT,2100,FRS,223.20261243426427
AUS_AINT,2100,GL,180430.13136885857
AUS_AINT,2100,CL,131.80348627761947
AUS_ASCO,2005,FRS,22.111002579149662
AUS_ASCO,2005,GL,30709.89980106041
AUS_ASCO,2005,CL,3631.3519711711874
AUS_ASCO,2050,FRS,12.488480923744593
AUS_ASCO,2050,GL,28444.33610652043
AUS_ASCO,2050,CL,2647.8299913509977
AUS_ASCO,2100,FRS,10.29506493151125
AUS_ASCO,2100,GL,29891.87681657565
AUS_ASCO,2100,CL,1044.4575039942904
AUS_AUNC,2005,FRS,3339.7576636975323
AUS_AUNC,2005,GL,67777.13185788915
AUS_AUNC,2005,CL,649.1369796372894
AUS_AUNC,2050,FRS,2021.8986327875264
AUS_AUNC,2050,GL,54579.41830883298
AUS_AUNC,2050,CL,713.8145477565523
AUS_AUNC,2100,FRS,2081.6487045157382
AUS_AUNC,2100,GL,54838.38577358781
AUS_AUNC,2100,CL,269.8192201535089
AUS_AWEC,2005,FRS,1375.0179393982244
AUS_AWEC,2005,GL,14879.338840637609
AUS_AWEC,2005,CL,7355.36537724588
AUS_AWEC,2050,FRS,1263.6130542189094
AUS_AWEC,2050,GL,12291.70634620651
AUS_AWEC,2050,CL,4666.566317471862
AUS_AWEC,2100,FRS,1167.302615121409
AUS_AWEC,2100,GL,14257.909377293812
AUS_AWEC,2100,CL,1787.7174593817413
AUS_MRDA,2005,FRS,1068.9171226992062
AUS_MRDA,2005,GL,23661.555464693774
AUS_MRDA,2005,CL,12541.59920034014
AUS_MRDA,2050,FRS,881.0058717499428
AUS_MRDA,2050,GL,10808.88993727684
AUS_MRDA,2050,CL,11657.099711838173
AUS_MRDA,2100,FRS,768.1786971684677
AUS_MRDA,2100,GL,10462.584516200492
AUS_MRDA,2100,CL,5515.475465693855
AUT_DANU,2005,FRS,3270.959054633483
AUT_DANU,2005,GL,1012.6597028901311
AUT_DANU,2005,CL,1124.2709028487732
AUT_DANU,2050,FRS,3125.225687478541
AUT_DANU,2050,GL,1019.5660506540272
AUT_DANU,2050,CL,1332.2721290619102
AUT_DANU,2100,FRS,2517.029533654835
AUT_DANU,2100,GL,994.032490683655
AUT_DANU,2100,CL,2716.437518600368
AZE_CSSW,2005,FRS,465.5406209111831
AZE_CSSW,2005,GL,2728.0471395869763
AZE_CSSW,2005,CL,1667.7373142916583
AZE_CSSW,2050,FRS,348.52269766722446
AZE_CSSW,2050,GL,2726.8900492903667
AZE_CSSW,2050,CL,1806.9962386451489
AZE_CSSW,2100,FRS,361.4467558654678
AZE_CSSW,2100,GL,2934.595823783729
AZE_CSSW,2100,CL,1772.7667688046276
BDI_CONG,2005,FRS,123.38034311611094
BDI_CONG,2005,GL,37.33551301600322
BDI_CONG,2005,CL,291.3058285169348
BDI_CONG,2050,FRS,15.115191105122992
BDI_CONG,2050,GL,33.93942654682884
BDI_CONG,2050,CL,293.1166288809412
BDI_CONG,2100,FRS,16.602951481332056
BDI_CONG,2100,GL,33.48048222017452
BDI_CONG,2100,CL,316.4255487501707
BDI_NILE,2005,FRS,127.56683576231885
BDI_NILE,2005,GL,58.53762864381921
BDI_NILE,2005,CL,556.8755957759097
BDI_NILE,2050,FRS,86.2120725126123
BDI_NILE,2050,GL,18.303319272077804
BDI_NILE,2050,CL,566.0212733962526
BDI_NILE,2100,FRS,91.49695979967314
BDI_NILE,2100,GL,24.51964577933875
BDI_NILE,2100,CL,541.1556836032674
BEL_MAAS,2005,FRS,284.0526679252812
BEL_MAAS,2005,GL,237.5035126571611
BEL_MAAS,2005,CL,162.8790076127018
BEL_MAAS,2050,FRS,309.0447015128057
BEL_MAAS,2050,GL,281.3392059730645
BEL_MAAS,2050,CL,93.94265867988526
BEL_MAAS,2100,FRS,343.73119041153933
BEL_MAAS,2100,GL,340.9764606667776
BEL_MAAS,2100,CL,36.56747547488347
BEL_SCHE,2005,FRS,84.2963024365359
BEL_SCHE,2005,GL,340.1698801080416
BEL_SCHE,2005,CL,367.04831791383504
BEL_SCHE,2050,FRS,53.77556916693312
BEL_SCHE,2050,GL,415.4657340491357
BEL_SCHE,2050,CL,248.88881154747432
BEL_SCHE,2100,FRS,81.80469235362553
BEL_SCHE,2100,GL,449.34566581837447
BEL_SCHE,2100,CL,110.643454732856
BEN_AFWC,2005,FRS,1443.2819470756922
BEN_AFWC,2005,GL,1611.080179077293
BEN_AFWC,2005,CL,1011.2057748897752
BEN_AFWC,2050,FRS,782.1354709974556
BEN_AFWC,2050,GL,1409.891154351491
BEN_AFWC,2050,CL,1223.9411826291985
BEN_AFWC,2100,GL,103.54216344642676
BEN_AFWC,2100,CL,891.1020178445033
BEN_NIGE,2005,FRS,1450.6738666871445
BEN_NIGE,2005,GL,1168.8244032305977
BEN_NIGE,2005,CL,814.6494383415361
BEN_NIGE,2050,FRS,1350.2515088161829
BEN_NIGE,2050,GL,997.1760743401557
BEN_NIGE,2050,CL,997.4471388168568
BEN_NIGE,2100,FRS,220.76809217295963
BEN_NIGE,2100,GL,391.6941722579972
BEN_NIGE,2100,CL,1109.056128386704
BEN_VOLT,2005,FRS,373.2652925009671
BEN_VOLT,2005,GL,388.1533764199441
BEN_VOLT,2005,CL,197.4709410975661
BEN_VOLT,2050,FRS,329.4883276404035
BEN_VOLT,2050,GL,333.13435019623574
BEN_VOLT,2050,CL,282.4040906565481
BEN_VOLT,2100,FRS,0.33859336929259
BEN_VOLT,2100,GL,202.07573276780744
BEN_VOLT,2100,CL,315.257607138621
BFA_AFWC,2005,FRS,313.0204023986906
BFA_AFWC,2005,GL,479.2428729577024
BFA_AFWC,2005,CL,188.01414732066905
BFA_AFWC,2050,FRS,60.57736790384607
BFA_AFWC,2050,GL,191.5102661416395
BFA_AFWC,2050,CL,355.89975899029514
BFA_AFWC,2100,CL,252.20958767398352
BFA_NIGE,2005,FRS,1651.958373607057
BFA_NIGE,2005,GL,2363.212756739245
BFA_NIGE,2005,CL,743.0620962782061
BFA_NIGE,2050,FRS,566.3401986603471
BFA_NIGE,2050,GL,722.8303923733552
BFA_NIGE,2050,CL,1029.5463256968949
BFA_NIGE,2100,FRS,141.58744000261316
BFA_NIGE,2100,GL,188.9666216308451
BFA_NIGE,2100,CL,1002.3301401318454
BFA_VOLT,2005,FRS,3888.6108853568144
BFA_VOLT,2005,GL,5345.633410645128
BFA_VOLT,2005,CL,2749.5953655418284
BFA_VOLT,2050,FRS,1972.359691597698
BFA_VOLT,2050,GL,1410.6801564154978
BFA_VOLT,2050,CL,4428.213614228011
BFA_VOLT,2100,FRS,892.2158251536266
BFA_VOLT,2100,GL,585.5797537650012
BFA_VOLT,2100,CL,4554.53396510233
BGD_BBCN,2005,FRS,898.532617668418
BGD_BBCN,2005,GL,108.2499624358253
BGD_BBCN,2005,CL,239.67055364770744
BGD_BBCN,2050,FRS,748.845437362399
BGD_BBCN,2050,GL,112.267902557751
BGD_BBCN,2050,CL,253.15178025511432
BGD_BBCN,2100,FRS,807.2179082332962
BGD_BBCN,2100,GL,125.1051315061026
BGD_BBCN,2100,CL,220.176022418554
BGD_GABR,2005,FRS,2391.652895486492
BGD_GABR,2005,GL,618.0001189181269
BGD_GABR,2005,CL,6619.9480643105
BGD_GABR,2050,FRS,1827.6112759778755
BGD_GABR,2050,GL,707.3697923734024
BGD_GABR,2050,CL,7447.968319311874
BGD_GABR,2100,FRS,2007.194059309612
BGD_GABR,2100,GL,727.7310955261916
BGD_GABR,2100,CL,7075.9524621116425
BGR_AGBS,2005,FRS,1842.6828615743436
BGR_AGBS,2005,GL,1233.8498517243822
BGR_AGBS,2005,CL,1262.933374212167
BGR_AGBS,2050,FRS,1804.642492803115
BGR_AGBS,2050,GL,1211.1630010643737
BGR_AGBS,2050,CL,1630.0775337469072
BGR_AGBS,2100,FRS,1730.495598272346
BGR_AGBS,2100,GL,1142.2182143921736
BGR_AGBS,2100,CL,1874.3533409647896
BGR_DANU,2005,FRS,898.1014283046978
BGR_DANU,2005,GL,622.3718527715358
BGR_DANU,2005,CL,1230.7402416698935
BGR_DANU,2050,FRS,578.9118941471335
BGR_DANU,2050,GL,771.0745282163795
BGR_DANU,2050,CL,1742.885746109687
BGR_DANU,2100,FRS,486.1232133583112
BGR_DANU,2100,GL,790.4937616010774
BGR_DANU,2100,CL,1942.5715923297896
BHR_ARPA,2005,GL,42.82420899420655
BHR_ARPA,2050,GL,42.76995614313458
BHR_ARPA,2100,GL,42.32756294565584
BHS_CARI,2005,FRS,369.6275697572832
BHS_CARI,2005,GL,634.7424296122166
BHS_CARI,2050,FRS,368.8025196820468
BHS_CARI,2050,GL,634.7223577079242
BHS_CARI,2100,FRS,368.1240769081636
BHS_CARI,2100,GL,634.6602508898623
BIH_AGBS,2005,FRS,412.0423844612984
BIH_AGBS,2005,CL,65.00004862162588
BIH_AGBS,2050,FRS,606.6191333412156
BIH_AGBS,2050,CL,71.88295944443453
BIH_AGBS,2100,FRS,538.7500500049268
BIH_AGBS,2100,CL,60.163169493847015
BIH_DANU,2005,FRS,1207.5575959495684
BIH_DANU,2005,GL,733.734482021807
BIH_DANU,2005,CL,395.3483722788241
BIH_DANU,2050,FRS,1208.769444306389
BIH_DANU,2050,GL,719.0995849138077
BIH_DANU,2050,CL,347.06938294728127
BIH_DANU,2100,FRS,1127.8695935518967
BIH_DANU,2100,GL,635.4792810383286
BIH_DANU,2100,CL,244.12238320314523
BLR_DAUG,2005,FRS,1009.0556488432388
BLR_DAUG,2005,GL,590.58088418139
BLR_DAUG,2005,CL,613.4666982990436
BLR_DAUG,2050,FRS,1167.232628101345
BLR_DAUG,2050,GL,640.5336966802076
BLR_DAUG,2050,CL,529.8744909130035
BLR_DAUG,2100,FRS,1099.1109226944582
BLR_DAUG,2100,GL,601.9857293552357
BLR_DAUG,2100,CL,723.4201541906709
BLR_DNIP,2005,FRS,669.8403750716959
BLR_DNIP,2005,GL,5269.106875330172
BLR_DNIP,2005,CL,2740.160901517929
BLR_DNIP,2050,FRS,615.760677552516
BLR_DNIP,2050,GL,5096.684711728937
BLR_DNIP,2050,CL,3584.5728932622205
BLR_DNIP,2100,FRS,254.49617901472712
BLR_DNIP,2100,GL,2262.7417854898754
BLR_DNIP,2100,CL,7495.625156139692
BLR_NEMA,2005,FRS,16.865181080405183
BLR_NEMA,2005,GL,2337.729706184174
BLR_NEMA,2005,CL,1370.2563201411435
BLR_NEMA,2050,GL,2105.2288751603514
BLR_NEMA,2050,CL,1844.5679359479052
BLR_NEMA,2100,GL,892.748621285898
BLR_NEMA,2100,CL,3206.111493624228
BLZ_YUPA,2005,FRS,1029.7201796446682
BLZ_YUPA,2005,GL,633.7711928433425
BLZ_YUPA,2005,CL,68.21676954141549
BLZ_YUPA,2050,FRS,1003.2837294785322
BLZ_YUPA,2050,GL,632.3618371209669
BLZ_YUPA,2050,CL,86.54571047452696
BLZ_YUPA,2100,FRS,1006.605129858988
BLZ_YUPA,2100,GL,644.1844119654444
BLZ_YUPA,2100,CL,87.5619415427321
BOL_AMAZ,2005,FRS,32882.46315152573
BOL_AMAZ,2005,GL,19948.922598933976
BOL_AMAZ,2005,CL,1707.4046182356717
BOL_AMAZ,2050,FRS,28290.00202240721
BOL_AMAZ,2050,GL,16639.64373888536
BOL_AMAZ,2050,CL,3185.465198672617
BOL_AMAZ,2100,FRS,35425.058918473376
BOL_AMAZ,2100,GL,21805.38077508724
BOL_AMAZ,2100,CL,3936.6188510955735
BOL_LAPL,2005,FRS,69.23138295440108
BOL_LAPL,2005,GL,12073.286871170843
BOL_LAPL,2005,CL,315.143133587575
BOL_LAPL,2050,FRS,66.53732294306815
BOL_LAPL,2050,GL,9747.113338874771
BOL_LAPL,2050,CL,523.2971631655007
BOL_LAPL,2100,FRS,71.10578087972785
BOL_LAPL,2100,GL,14301.320656285889
BOL_LAPL,2100,CL,867.5095095540013
BOL_LPUN,2005,FRS,12.592540585682451
BOL_LPUN,2005,GL,1996.940407172736
BOL_LPUN,2005,CL,91.82130261027548
BOL_LPUN,2050,FRS,12.139985526268273
BOL_LPUN,2050,GL,1456.7869920147984
BOL_LPUN,2050,CL,107.77132787723
BOL_LPUN,2100,FRS,13.911821072218858
BOL_LPUN,2100,GL,5912.63929044675
BOL_LPUN,2100,CL,409.9220204965538
BRA_AMAZ,2005,FRS,342963.1099890888
BRA_AMAZ,2005,GL,1603.5619111346366
BRA_AMAZ,2005,CL,8402.23892324641
BRA_AMAZ,2050,FRS,324122.07804819406
BRA_AMAZ,2050,GL,1599.086800901216
BRA_AMAZ,2050,CL,10453.157040691918
BRA_AMAZ,2100,FRS,352368.5586825157
BRA_AMAZ,2100,GL,1616.4043762919353
BRA_AMAZ,2100,CL,5680.776152962015
BRA_LAPL,2005,FRS,21861.786773101245
BRA_LAPL,2005,GL,5436.1669464944725
BRA_LAPL,2005,CL,30169.368249120467
BRA_LAPL,2050,FRS,12336.751334830598
BRA_LAPL,2050,GL,2018.929240658912
BRA_LAPL,2050,CL,30623.560358386327
BRA_LAPL,2100,FRS,65328.16364336778
BRA_LAPL,2100,GL,18536.500228720743
BRA_LAPL,2100,CL,26533.265924752388
BRA_SAOF,2005,FRS,6319.42452249996
BRA_SAOF,2005,GL,70607.84734889136
BRA_SAOF,2005,CL,8320.788303664007
BRA_SAOF,2050,FRS,2846.145659977185
BRA_SAOF,2050,GL,50227.09801641022
BRA_SAOF,2050,CL,11830.247992220273
BRA_SAOF,2100,FRS,8462.03321229928
BRA_SAOF,2100,GL,83690.50358689125
BRA_SAOF,2100,CL,8484.369479950248
BRA_TOCA,2005,FRS,57003.582066351046
BRA_TOCA,2005,GL,3096.174161356387
BRA_TOCA,2005,CL,10963.19077056796
BRA_TOCA,2050,FRS,39258.99307698884
BRA_TOCA,2050,GL,2291.2124631812844
BRA_TOCA,2050,CL,12631.041562719249
BRA_TOCA,2100,FRS,89351.49349414403
BRA_TOCA,2100,GL,4312.490883549343
BRA_TOCA,2100,CL,5463.613674849191
BRA_UBSA,2005,FRS,14395.933014974318
BRA_UBSA,2005,GL,21763.95573305636
BRA_UBSA,2005,CL,9241.178930493465
BRA_UBSA,2050,FRS,9556.511383551206
BRA_UBSA,2050,GL,15059.890536326984
BRA_UBSA,2050,CL,10883.707628295086
BRA_UBSA,2100,FRS,20977.810106177752
BRA_UBSA,2100,GL,35829.133485081475
BRA_UBSA,2100,CL,8177.76172672439
BRB_CARC,2005,GL,43.16158199865876
BRB_CARC,2050,GL,43.5930078985722
BRB_CARC,2100,GL,43.6835521744901
BTN_GABR,2005,FRS,2697.26621194304
BTN_GABR,2050,FRS,2697.0323150470954
BTN_GABR,2100,FRS,2696.7888940793146
BWA_ASII,2005,FRS,9417.174776376194
BWA_ASII,2005,GL,8225.187660334916
BWA_ASII,2005,CL,62.39680011834479
BWA_ASII,2050,FRS,1746.6681734389576
BWA_ASII,2050,GL,3270.940317957587
BWA_ASII,2050,CL,46.57465903061865
BWA_ASII,2100,FRS,1573.6688978796344
BWA_ASII,2100,GL,3263.545631998285
BWA_ASII,2100,CL,68.53316535274519
BWA_LIMP,2005,FRS,2082.8593435904804
BWA_LIMP,2005,GL,1778.5986318201408
BWA_LIMP,2005,CL,99.5656915943712
BWA_LIMP,2050,FRS,614.5186374574201
BWA_LIMP,2050,GL,565.0091979730532
BWA_LIMP,2050,CL,64.61205399827847
BWA_LIMP,2100,CL,28.624895441355854
BWA_ORAN,2005,FRS,3869.267671798373
BWA_ORAN,2005,GL,3790.6592303829393
BWA_ORAN,2005,CL,15.395949371929492
BWA_ORAN,2050,FRS,3063.506216425405
BWA_ORAN,2050,GL,3456.9460012021527
BWA_ORAN,2050,CL,4.517608907330184
BWA_ORAN,2100,FRS,3057.277363208853
BWA_ORAN,2100,GL,3454.7947451386003
BWA_ORAN,2100,CL,0.3981088146777314
CAF_CONG,2005,FRS,20972.53184841574
CAF_CONG,2005,GL,13062.474260063018
CAF_CONG,2005,CL,704.6069833924959
CAF_CONG,2050,FRS,20106.857468067752
CAF_CONG,2050,GL,12098.217465420888
CAF_CONG,2050,CL,855.1261909384723
CAF_CONG,2100,FRS,21638.72516149667
CAF_CONG,2100,GL,13361.177304979949
CAF_CONG,2100,CL,653.272457035031
CAF_LCHA,2005,FRS,580.2111273892989
CAF_LCHA,2005,GL,16971.3352043075
CAF_LCHA,2005,CL,491.9505078416262
CAF_LCHA,2050,FRS,535.6145099839982
CAF_LCHA,2050,GL,15794.627104046069
CAF_LCHA,2050,CL,615.8345793567139
CAF_LCHA,2100,FRS,385.829433609495
CAF_LCHA,2100,GL,12066.507446153177
CAF_LCHA,2100,CL,386.8090359993872
CAN_AOSB,2005,FRS,46017.87391340025
CAN_AOSB,2005,GL,4539.771759531405
CAN_AOSB,2005,CL,413.38714246755575
CAN_AOSB,2050,FRS,45210.34028706036
CAN_AOSB,2050,GL,4553.740983608059
CAN_AOSB,2050,CL,408.6801436780936
CAN_AOSB,2100,FRS,45112.15157909136
CAN_AOSB,2100,GL,4584.86308831593
CAN_AOSB,2100,CL,315.68266680104523
CAN_HBCO,2005,FRS,153648.59807850816
CAN_HBCO,2005,GL,3334.255877672464
CAN_HBCO,2005,CL,340.1852084964036
CAN_HBCO,2050,FRS,153478.81025561204
CAN_HBCO,2050,GL,3334.8617700364302
CAN_HBCO,2050,CL,199.40690171684236
CAN_HBCO,2100,FRS,152003.87104258075
CAN_HBCO,2100,GL,3333.8188128133925
CAN_HBCO,2100,CL,123.07398069613286
CAN_MACK,2005,FRS,147632.8395583163
CAN_MACK,2005,GL,26636.86735864492
CAN_MACK,2005,CL,3262.8321246452115
CAN_MACK,2050,FRS,147851.5317655762
CAN_MACK,2050,GL,26658.08039484141
CAN_MACK,2050,CL,3524.364149092201
CAN_MACK,2100,FRS,148718.96710367405
CAN_MACK,2100,GL,26714.84930756082
CAN_MACK,2100,CL,3540.359583397204
CAN_NWTT,2005,FRS,42635.31729739361
CAN_NWTT,2005,GL,204316.8915607117
CAN_NWTT,2005,CL,680.3386040784981
CAN_NWTT,2050,FRS,42420.48346709642
CAN_NWTT,2050,GL,204379.53828716223
CAN_NWTT,2050,CL,810.7384623855318
CAN_NWTT,2100,FRS,42594.55576891287
CAN_NWTT,2100,GL,204334.6275001624
CAN_NWTT,2100,CL,831.5298385974013
CAN_PACA,2005,FRS,44940.88086794908
CAN_PACA,2005,GL,15078.197929262062
CAN_PACA,2050,FRS,44927.87562591391
CAN_PACA,2050,GL,15072.817884886575
CAN_PACA,2100,FRS,44905.60049423897
CAN_PACA,2100,GL,15064.254298395974
CAN_SNEL,2005,FRS,43144.26952262262
CAN_SNEL,2005,GL,7085.180537536719
CAN_SNEL,2005,CL,35004.34366186046
CAN_SNEL,2050,FRS,39672.02298613428
CAN_SNEL,2050,GL,15947.896574068993
CAN_SNEL,2050,CL,35791.61695421796
CAN_SNEL,2100,FRS,37367.9041693348
CAN_SNEL,2100,GL,18262.260284221447
CAN_SNEL,2100,CL,41085.182403603074
CAN_STLA,2005,FRS,56723.87458070641
CAN_STLA,2005,GL,3172.8123076454376
CAN_STLA,2005,CL,4390.601965662386
CAN_STLA,2050,FRS,55683.01873782707
CAN_STLA,2050,GL,3350.27823371358
CAN_STLA,2050,CL,5459.503248795488
CAN_STLA,2100,FRS,56048.54043955492
CAN_STLA,2100,GL,3446.0039574222387
CAN_STLA,2100,CL,5215.892624652747
CHE_POOO,2005,FRS,195.6769433850457
CHE_POOO,2005,CL,0.3173391319554839
CHE_POOO,2050,FRS,194.2477334716994
CHE_POOO,2050,CL,0.2920216621795923
CHE_POOO,2100,FRS,168.35508751717902
CHE_POOO,2100,CL,0.2806895243659473
CHE_RHIN,2005,FRS,1137.702798385622
CHE_RHIN,2005,CL,265.39117569838265
CHE_RHIN,2050,FRS,1161.7747915514797
CHE_RHIN,2050,CL,266.9703479576835
CHE_RHIN,2100,FRS,1263.0581672488995
CHE_RHIN,2100,CL,211.32912469300976
CHE_RHON,2005,FRS,232.4907490483029
CHE_RHON,2005,CL,29.434211769020656
CHE_RHON,2050,FRS,223.79278471936297
CHE_RHON,2050,CL,31.56720250664124
CHE_RHON,2100,FRS,183.7099532215101
CHE_RHON,2100,CL,39.65092125207009
CHL_LPUN,2005,FRS,73.38324558064801
CHL_LPUN,2005,GL,3638.342301055789
CHL_LPUN,2050,FRS,73.38000956542588
CHL_LPUN,2050,GL,3636.7295253041952
CHL_LPUN,2100,FRS,73.37596441056117
CHL_LPUN,2100,GL,3633.934058954491
CHL_NCHI,2005,FRS,89.80081926521547
CHL_NCHI,2005,GL,18962.45361591489
CHL_NCHI,2005,CL,244.26507059463023
CHL_NCHI,2050,FRS,64.42725328575142
CHL_NCHI,2050,GL,17664.2337987448
CHL_NCHI,2050,CL,234.07286393839627
CHL_NCHI,2100,FRS,153.84162058736771
CHL_NCHI,2100,GL,23293.67472354466
CHL_NCHI,2100,CL,215.34865276982703
CHL_SCPA,2005,FRS,15400.180204556822
CHL_SCPA,2005,GL,14255.647007080566
CHL_SCPA,2005,CL,1039.309825201867
CHL_SCPA,2050,FRS,14437.436151938924
CHL_SCPA,2050,GL,13450.243492852467
CHL_SCPA,2050,CL,1050.2945946136538
CHL_SCPA,2100,FRS,15549.446973969896
CHL_SCPA,2100,GL,14499.37826788794
CHL_SCPA,2100,CL,693.0582503771609
CHN_AMUR,2005,FRS,48326.13071074903
CHN_AMUR,2005,GL,14997.84418456004
CHN_AMUR,2005,CL,18394.37364279374
CHN_AMUR,2050,FRS,50588.40932793634
CHN_AMUR,2050,GL,22142.21427818293
CHN_AMUR,2050,CL,18308.015163415912
CHN_AMUR,2100,FRS,47482.28327259446
CHN_AMUR,2100,GL,23728.315730244387
CHN_AMUR,2100,CL,22008.362157815645
CHN_CHIN,2005,FRS,23060.346172637364
CHN_CHIN,2005,GL,4219.293388534541
CHN_CHIN,2005,CL,21780.265997551334
CHN_CHIN,2050,FRS,21799.68926642063
CHN_CHIN,2050,GL,5435.7492860291695
CHN_CHIN,2050,CL,22407.526258462247
CHN_CHIN,2100,FRS,19368.70949421
CHN_CHIN,2100,GL,5417.001685133754
CHN_CHIN,2100,CL,21217.6341164404
CHN_GOBI,2005,FRS,839.858439619577
CHN_GOBI,2005,GL,58161.476601688286
CHN_GOBI,2005,CL,2677.792214142332
CHN_GOBI,2050,FRS,2435.262883187979
CHN_GOBI,2050,GL,83380.47855885439
CHN_GOBI,2050,CL,3308.5649069620026
CHN_GOBI,2100,FRS,3311.6776268192207
CHN_GOBI,2100,GL,96706.77255730168
CHN_GOBI,2100,CL,4097.40380540075
CHN_HHEE,2005,FRS,920.9696201246286
CHN_HHEE,2005,GL,31123.748268951036
CHN_HHEE,2005,CL,19366.94702349587
CHN_HHEE,2050,FRS,1087.4814049118688
CHN_HHEE,2050,GL,37601.41551060609
CHN_HHEE,2050,CL,26400.60647309724
CHN_HHEE,2100,FRS,1246.2423927207435
CHN_HHEE,2100,GL,38403.24163170519
CHN_HHEE,2100,CL,37669.190549758896
CHN_TARI,2005,FRS,7210.208016494845
CHN_TARI,2005,GL,58518.51385935301
CHN_TARI,2005,CL,3647.113197449217
CHN_TARI,2050,FRS,28720.631532523414
CHN_TARI,2050,GL,91883.90811314314
CHN_TARI,2050,CL,5191.405449330741
CHN_TARI,2100,FRS,47948.63611087306
CHN_TARI,2100,GL,121203.39791033285
CHN_TARI,2100,CL,9227.821530034344
CHN_YANG,2005,FRS,116370.64962691354
CHN_YANG,2005,GL,30596.668672208536
CHN_YANG,2005,CL,38104.756233040775
CHN_YANG,2050,FRS,119805.3033986015
CHN_YANG,2050,GL,32437.598393630014
CHN_YANG,2050,CL,42108.79574389248
CHN_YANG,2100,FRS,86643.90953993247
CHN_YANG,2100,GL,29107.13557420551
CHN_YANG,2100,CL,27886.99504003825
CIV_AFWC,2005,FRS,2378.811330548612
CIV_AFWC,2005,GL,9867.334817705503
CIV_AFWC,2005,CL,4113.062911284896
CIV_AFWC,2050,FRS,4833.552191224509
CIV_AFWC,2050,GL,10496.247233688877
CIV_AFWC,2050,CL,11189.652268438627
CIV_AFWC,2100,FRS,4879.603167484456
CIV_AFWC,2100,GL,8784.70008345936
CIV_AFWC,2100,CL,13174.10291075206
CIV_NIGE,2005,FRS,30.20663799133245
CIV_NIGE,2005,GL,626.6768126136893
CIV_NIGE,2005,CL,160.00692811377257
CIV_NIGE,2050,FRS,26.43280362269356
CIV_NIGE,2050,GL,776.6585600998717
CIV_NIGE,2050,CL,349.80696251219047
CIV_NIGE,2100,FRS,30.53079899100802
CIV_NIGE,2100,GL,269.0228679492323
CIV_NIGE,2100,CL,210.1919940614699
CMR_CONG,2005,FRS,7407.001792939607
CMR_CONG,2005,CL,470.9799745469683
CMR_CONG,2050,FRS,6882.198445128514
CMR_CONG,2050,CL,824.9506258628196
CMR_CONG,2100,FRS,6230.797950675905
CMR_CONG,2100,CL,1171.9658121960715
CMR_GFGU,2005,FRS,16961.837166778056
CMR_GFGU,2005,GL,167.95347163168873
CMR_GFGU,2005,CL,2616.315877740778
CMR_GFGU,2050,FRS,14416.498781425717
CMR_GFGU,2050,GL,170.26726437684124
CMR_GFGU,2050,CL,3706.253839413486
CMR_GFGU,2100,FRS,13166.929573312967
CMR_GFGU,2100,GL,170.686717914521
CMR_GFGU,2100,CL,4707.053007185222
CMR_LCHA,2005,FRS,326.2818042283672
CMR_LCHA,2005,GL,1610.4312239810258
CMR_LCHA,2005,CL,867.6396954292162
CMR_LCHA,2050,FRS,226.2708315263512
CMR_LCHA,2050,GL,1012.5964846922744
CMR_LCHA,2050,CL,1305.6062962869592
CMR_LCHA,2100,FRS,130.7540317457994
CMR_LCHA,2100,GL,546.394255229649
CMR_LCHA,2100,CL,1800.0333100010555
CMR_NIGE,2005,FRS,1081.6468598052595
CMR_NIGE,2005,GL,3915.473634278975
CMR_NIGE,2005,CL,1280.5949653648004
CMR_NIGE,2050,FRS,666.626695351495
CMR_NIGE,2050,GL,3102.3331209616185
CMR_NIGE,2050,CL,1963.2854803732912
CMR_NIGE,2100,FRS,566.3805646959004
CMR_NIGE,2100,GL,2118.9063432417483
CMR_NIGE,2100,CL,3214.208152386103
COD_CONG,2005,FRS,153186.70589896076
COD_CONG,2005,GL,47724.76646470316
COD_CONG,2005,CL,3559.9369926216154
COD_CONG,2050,FRS,108181.98084855208
COD_CONG,2050,GL,29984.8381980529
COD_CONG,2050,CL,8497.740996584644
COD_CONG,2100,FRS,99067.22990628023
COD_CONG,2100,GL,26921.73661257299
COD_CONG,2100,CL,8763.539223933836
COG_CONG,2005,FRS,16686.32491405691
COG_CONG,2005,CL,245.0954760890737
COG_CONG,2050,FRS,9939.72447623395
COG_CONG,2050,CL,332.9374936341513
COG_CONG,2100,FRS,2377.145567567053
COG_CONG,2100,CL,110.39552650512626
COG_GFGU,2005,FRS,3803.5136498385455
COG_GFGU,2005,GL,712.179391873954
COG_GFGU,2005,CL,167.6380078970371
COG_GFGU,2050,FRS,1846.1675929007
COG_GFGU,2050,GL,42.495420829664695
COG_GFGU,2050,CL,147.33878986480858
COG_GFGU,2100,FRS,272.24872520885754
COG_GFGU,2100,GL,42.5798156201578
COG_GFGU,2100,CL,25.342454195185997
COL_AMAZ,2005,FRS,28616.52089473457
COL_AMAZ,2005,CL,219.2612640777044
COL_AMAZ,2050,FRS,28628.885735417065
COL_AMAZ,2050,CL,255.9308220717718
COL_AMAZ,2100,FRS,28653.213276791008
COL_AMAZ,2100,CL,293.09790261306813
COL_CARC,2005,FRS,4355.0220819249735
COL_CARC,2005,GL,746.1278994069289
COL_CARC,2005,CL,557.0033852676135
COL_CARC,2050,FRS,4193.713619652285
COL_CARC,2050,GL,732.1432509953102
COL_CARC,2050,CL,695.8745354840539
COL_CARC,2100,FRS,4092.75750484461
COL_CARC,2100,GL,773.5969733492675
COL_CARC,2100,CL,1096.6367906324206
COL_CEPC,2005,FRS,5251.8138657944
COL_CEPC,2005,GL,324.3855539833383
COL_CEPC,2005,CL,239.3530277172468
COL_CEPC,2050,FRS,5306.579993486873
COL_CEPC,2050,GL,325.0654043498135
COL_CEPC,2050,CL,312.5845250994892
COL_CEPC,2100,FRS,5297.022232871823
COL_CEPC,2100,GL,324.8596959277351
COL_CEPC,2100,CL,396.5920500036992
COL_MAGD,2005,FRS,8487.844316118015
COL_MAGD,2005,GL,649.3739568049122
COL_MAGD,2005,CL,1491.3056878172513
COL_MAGD,2050,FRS,9161.309236743806
COL_MAGD,2050,GL,831.813546908304
COL_MAGD,2050,CL,2205.223346028843
COL_MAGD,2100,FRS,10152.738294785377
COL_MAGD,2100,GL,1094.2393295678426
COL_MAGD,2100,CL,4438.317598055012
COL_ORIN,2005,FRS,14783.120290078152
COL_ORIN,2005,GL,383.23836285273353
COL_ORIN,2005,CL,390.5499136243464
COL_ORIN,2050,FRS,16615.23429458454
COL_ORIN,2050,GL,1085.8463772742984
COL_ORIN,2050,CL,562.4446595254861
COL_ORIN,2100,FRS,21487.654350335102
COL_ORIN,2100,GL,2635.9405358236763
COL_ORIN,2100,CL,1003.2958392054478
COM_MADA,2005,GL,154.86288499442674
COM_MADA,2050,GL,153.65295267946243
COM_MADA,2100,GL,151.7973964673876
CRI_SCAM,2005,FRS,2518.5057601168232
CRI_SCAM,2005,GL,600.074990920641
CRI_SCAM,2005,CL,484.6694728935378
CRI_SCAM,2050,FRS,2192.892608824563
CRI_SCAM,2050,GL,607.0524172766043
CRI_SCAM,2050,CL,639.7914926127085
CRI_SCAM,2100,FRS,1931.1704997607903
CRI_SCAM,2100,GL,608.5791041167284
CRI_SCAM,2100,CL,710.1903147709723
CYP_MSEC,2005,GL,391.48827126108745
CYP_MSEC,2005,CL,77.62267260012551
CYP_MSEC,2050,GL,422.1900778954298
CYP_MSEC,2050,CL,45.70122990528708
CYP_MSEC,2100,GL,414.3074503394041
CYP_MSEC,2100,CL,43.39785768607144
CZE_DANU,2005,FRS,414.841667249211
CZE_DANU,2005,GL,175.9984258549236
CZE_DANU,2005,CL,768.9258768614134
CZE_DANU,2050,FRS,454.3553082335319
CZE_DANU,2050,GL,126.67214560818998
CZE_DANU,2050,CL,812.9679080125142
CZE_DANU,2100,FRS,426.77847559045176
CZE_DANU,2100,GL,86.91679981555288
CZE_DANU,2100,CL,855.7642286019609
CZE_ELBE,2005,FRS,290.8524502681106
CZE_ELBE,2005,GL,1242.8703627598782
CZE_ELBE,2005,CL,1912.9697492725045
CZE_ELBE,2050,FRS,287.3341498595346
CZE_ELBE,2050,GL,1251.073684866318
CZE_ELBE,2050,CL,2020.606939131116
CZE_ELBE,2100,FRS,218.9887761370921
CZE_ELBE,2100,GL,1111.2733822677176
CZE_ELBE,2100,CL,2196.437827037161
CZE_ODER,2005,FRS,34.11922498148152
CZE_ODER,2005,GL,139.41369391131025
CZE_ODER,2005,CL,122.23035502725992
CZE_ODER,2050,FRS,42.86555038978552
CZE_ODER,2050,GL,127.1196336875424
CZE_ODER,2050,CL,122.11387018279288
CZE_ODER,2100,FRS,43.42065429974831
CZE_ODER,2100,GL,88.63119913805558
CZE_ODER,2100,CL,134.0641079649173
DEU_DANU,2005,FRS,912.611024935279
DEU_DANU,2005,GL,1335.946045579851
DEU_DANU,2005,CL,1284.2633130168344
DEU_DANU,2050,FRS,937.0972590479216
DEU_DANU,2050,GL,1365.9332647942138
DEU_DANU,2050,CL,1271.592662336469
DEU_DANU,2100,FRS,943.913467741628
DEU_DANU,2100,GL,1454.0629892254765
DEU_DANU,2100,CL,1175.6081500740756
DEU_DGCO,2005,FRS,132.81161347108184
DEU_DGCO,2005,GL,807.636613188374
DEU_DGCO,2005,CL,949.0901920412084
DEU_DGCO,2050,FRS,132.74663710299168
DEU_DGCO,2050,GL,1002.6335723609336
DEU_DGCO,2050,CL,1019.3290098843722
DEU_DGCO,2100,FRS,119.97598934768016
DEU_DGCO,2100,GL,1179.3508576803886
DEU_DGCO,2100,CL,1016.9920166707732
DEU_ELBE,2005,FRS,27.53535506855329
DEU_ELBE,2005,GL,3758.52160673314
DEU_ELBE,2005,CL,2795.380100742937
DEU_ELBE,2050,FRS,6.179148970314106
DEU_ELBE,2050,GL,3912.580019154808
DEU_ELBE,2050,CL,2902.8014160261564
DEU_ELBE,2100,FRS,9.463322820252523
DEU_ELBE,2100,GL,3917.919642251185
DEU_ELBE,2100,CL,2905.784919819454
DEU_EWES,2005,FRS,420.380921154646
DEU_EWES,2005,GL,1795.3713904037645
DEU_EWES,2005,CL,1934.5890339677064
DEU_EWES,2050,FRS,470.1912803902008
DEU_EWES,2050,GL,1907.9447715413216
DEU_EWES,2050,CL,2078.572346975306
DEU_EWES,2100,FRS,501.2077824376319
DEU_EWES,2100,GL,1870.783155034652
DEU_EWES,2100,CL,2285.4412199002927
DEU_RHIN,2005,FRS,1209.3339208106304
DEU_RHIN,2005,GL,3526.869865211313
DEU_RHIN,2005,CL,2579.254521997993
DEU_RHIN,2050,FRS,1206.4731790805254
DEU_RHIN,2050,GL,3016.525964708279
DEU_RHIN,2050,CL,2676.3006693867637
DEU_RHIN,2100,FRS,1057.270357755627
DEU_RHIN,2100,GL,2264.798818372368
DEU_RHIN,2100,CL,2484.213624386456
DJI_ARGA,2005,FRS,63.213566452533904
DJI_ARGA,2005,GL,397.0031126856615
DJI_ARGA,2005,CL,1.015022641384299
DJI_ARGA,2050,FRS,48.15218565959735
DJI_ARGA,2050,GL,314.44425598590715
DJI_ARGA,2050,CL,0.643518956353934
DJI_ARGA,2100,FRS,134.99143802108182
DJI_ARGA,2100,GL,842.5991198655654
DJI_ARGA,2100,CL,0.3307046541131754
DJI_RIFT,2005,FRS,0.024623140738555
DJI_RIFT,2005,GL,17.245551909273424
DJI_RIFT,2005,CL,0.0059209973309328
DJI_RIFT,2050,FRS,0.0246596242548282
DJI_RIFT,2050,GL,17.45816154954036
DJI_RIFT,2050,CL,0.000663799933174
DJI_RIFT,2100,FRS,0.028181532066324
DJI_RIFT,2100,GL,30.313582028093155
DJI_RIFT,2100,CL,0.0006911259290402
DNK_DGCO,2005,FRS,470.4661540523136
DNK_DGCO,2005,GL,1335.338800860117
DNK_DGCO,2005,CL,1959.5459936466557
DNK_DGCO,2050,FRS,356.84186717986285
DNK_DGCO,2050,GL,1263.513539456162
DNK_DGCO,2050,CL,2121.16724386191
DNK_DGCO,2100,FRS,281.357979617992
DNK_DGCO,2100,GL,797.2675538944638
DNK_DGCO,2100,CL,2543.4405611318725
DOM_CARI,2005,FRS,1367.2736797732186
DOM_CARI,2005,GL,1110.9406941604766
DOM_CARI,2005,CL,909.2280373065354
DOM_CARI,2050,FRS,1184.056311082595
DOM_CARI,2050,GL,995.9879216857912
DOM_CARI,2050,CL,1196.8400567517003
DOM_CARI,2100,FRS,1182.4963729788808
DOM_CARI,2100,GL,1013.2658098752112
DOM_CARI,2100,CL,1352.1316413749014
DZA_ANIN,2005,FRS,1323.0649411981572
DZA_ANIN,2005,GL,155005.1238502922
DZA_ANIN,2005,CL,501.0547494025052
DZA_ANIN,2050,FRS,4.573485446091712
DZA_ANIN,2050,GL,140480.41130770574
DZA_ANIN,2050,CL,419.4302331661448
DZA_ANIN,2100,FRS,57.48787176700975
DZA_ANIN,2100,GL,139983.0216748348
DZA_ANIN,2100,CL,202.92561853954655
DZA_MSCC,2005,FRS,69.65641493557244
DZA_MSCC,2005,GL,3120.348549501428
DZA_MSCC,2005,CL,3599.0428718165786
DZA_MSCC,2050,FRS,59.85899096509631
DZA_MSCC,2050,GL,2294.195304116237
DZA_MSCC,2050,CL,3052.9631462739653
DZA_MSCC,2100,FRS,17.4318303871566
DZA_MSCC,2100,GL,1646.6996146283625
DZA_MSCC,2100,CL,1304.7364540070628
DZA_NIGE,2005,FRS,210.7919134655317
DZA_NIGE,2005,GL,22793.215128133103
DZA_NIGE,2050,FRS,210.76245522129588
DZA_NIGE,2050,GL,22779.98679531008
DZA_NIGE,2100,FRS,210.6803686112443
DZA_NIGE,2100,GL,22750.480161476124
ECU_AMAZ,2005,FRS,9896.99838409804
ECU_AMAZ,2005,GL,372.2160724246273
ECU_AMAZ,2005,CL,284.07883163789984
ECU_AMAZ,2050,FRS,9903.3855473635
ECU_AMAZ,2050,GL,480.7112905892108
ECU_AMAZ,2050,CL,451.2747380805175
ECU_AMAZ,2100,FRS,10293.333736483532
ECU_AMAZ,2100,GL,660.2242208117165
ECU_AMAZ,2100,CL,231.16842746504727
ECU_CEPC,2005,FRS,3643.5183886719833
ECU_CEPC,2005,GL,2470.026256486812
ECU_CEPC,2005,CL,1782.7008293534318
ECU_CEPC,2050,FRS,4136.932827536552
ECU_CEPC,2050,GL,2989.2114449138057
ECU_CEPC,2050,CL,1934.081003329906
ECU_CEPC,2100,FRS,4863.828137064086
ECU_CEPC,2100,GL,3753.939812679812
ECU_CEPC,2100,CL,1994.026826386865
EGY_ANIN,2005,FRS,178.54890610556058
EGY_ANIN,2005,GL,59971.96592808043
EGY_ANIN,2005,CL,83.40361127031072
EGY_ANIN,2050,FRS,174.62508435041926
EGY_ANIN,2050,GL,59125.35932813078
EGY_ANIN,2050,CL,81.51173958255323
EGY_ANIN,2100,FRS,178.3877402156904
EGY_ANIN,2100,GL,58710.57863808382
EGY_ANIN,2100,CL,30.84803986942793
EGY_ARGA,2005,FRS,35.298882508848514
EGY_ARGA,2005,GL,11363.937248725362
EGY_ARGA,2005,CL,85.37193463672907
EGY_ARGA,2050,FRS,0.0863619035034223
EGY_ARGA,2050,GL,11333.861319066533
EGY_ARGA,2050,CL,114.013810780061
EGY_ARGA,2100,GL,9464.723014413872
EGY_ARGA,2100,CL,119.81989842460122
EGY_NILE,2005,FRS,52.2007551707195
EGY_NILE,2005,GL,20023.280614919822
EGY_NILE,2005,CL,2690.193517471589
EGY_NILE,2050,GL,18274.15490109559
EGY_NILE,2050,CL,3659.296815523224
EGY_NILE,2100,GL,17780.648994931333
EGY_NILE,2100,CL,2783.1689605634165
ESP_DOUR,2005,FRS,682.8827576830208
ESP_DOUR,2005,GL,1790.8445472678493
ESP_DOUR,2005,CL,2081.886726060748
ESP_DOUR,2050,FRS,843.8927264642266
ESP_DOUR,2050,GL,2623.052993716386
ESP_DOUR,2050,CL,1818.6346690765351
ESP_DOUR,2100,FRS,793.9413332236985
ESP_DOUR,2100,GL,1641.5338519218824
ESP_DOUR,2100,CL,3558.551936704335
ESP_EBRO,2005,FRS,1375.3900122118907
ESP_EBRO,2005,GL,2346.79217814018
ESP_EBRO,2005,CL,2087.985678313197
ESP_EBRO,2050,FRS,1589.3431011095722
ESP_EBRO,2050,GL,3444.322838361903
ESP_EBRO,2050,CL,1466.1269583446178
ESP_EBRO,2100,FRS,1685.1105684851066
ESP_EBRO,2100,GL,4066.467519117397
ESP_EBRO,2100,CL,1357.051556016858
ESP_GUAD,2005,FRS,0.5220664466904539
ESP_GUAD,2005,GL,1150.1635006803306
ESP_GUAD,2005,CL,1549.1835499836675
ESP_GUAD,2050,FRS,0.0544760736107344
ESP_GUAD,2050,GL,1986.3738611056824
ESP_GUAD,2050,CL,1282.313920137114
ESP_GUAD,2100,FRS,0.306364536064224
ESP_GUAD,2100,GL,2570.85258419536
ESP_GUAD,2100,CL,1277.97187982512
ESP_GUDA,2005,FRS,6.55031930108896
ESP_GUDA,2005,GL,1548.8341460496858
ESP_GUDA,2005,CL,1608.5927307743686
ESP_GUDA,2050,FRS,10.465884893800746
ESP_GUDA,2050,GL,2129.413544971845
ESP_GUDA,2050,CL,1490.8188748306477
ESP_GUDA,2100,FRS,11.84405404333397
ESP_GUDA,2100,GL,2317.347684719996
ESP_GUDA,2100,CL,1692.7273220406416
ESP_SPAC,2005,FRS,2732.609329919703
ESP_SPAC,2005,GL,828.7283245611239
ESP_SPAC,2005,CL,417.8000229229983
ESP_SPAC,2050,FRS,2916.706200029172
ESP_SPAC,2050,GL,895.3143932451582
ESP_SPAC,2050,CL,179.79020127615752
ESP_SPAC,2100,FRS,2621.0727117046663
ESP_SPAC,2100,GL,831.9823207049973
ESP_SPAC,2100,CL,187.84661802858008
ESP_SSEC,2005,FRS,325.1232000013295
ESP_SSEC,2005,GL,5537.094777958976
ESP_SSEC,2005,CL,2080.664353860572
ESP_SSEC,2050,FRS,349.38346896927965
ESP_SSEC,2050,GL,6426.894654533082
ESP_SSEC,2050,CL,1833.985618899596
ESP_SSEC,2100,FRS,293.9177992401537
ESP_SSEC,2100,GL,7029.569724762714
ESP_SSEC,2100,CL,1827.1254170648351
ESP_TAGU,2005,FRS,0.0981214241943472
ESP_TAGU,2005,GL,2074.120001755386
ESP_TAGU,2005,CL,987.5772151319052
ESP_TAGU,2050,FRS,0.03872759650695
ESP_TAGU,2050,GL,2803.1842047729447
ESP_TAGU,2050,CL,740.6067812538796
ESP_TAGU,2100,FRS,0.0576699268999981
ESP_TAGU,2100,GL,3337.773908342167
ESP_TAGU,2100,CL,660.6339092514462
EST_BSCC,2005,FRS,384.3580025178072
EST_BSCC,2005,GL,1600.51092197954
EST_BSCC,2005,CL,259.93853841213934
EST_BSCC,2050,FRS,371.9923460977087
EST_BSCC,2050,GL,1648.939206117015
EST_BSCC,2050,CL,272.9486898323785
EST_BSCC,2100,FRS,375.5070137418981
EST_BSCC,2100,GL,1650.9504613818474
EST_BSCC,2100,CL,278.5325248984026
EST_NARV,2005,FRS,336.62319672775345
EST_NARV,2005,GL,532.1983464737377
EST_NARV,2005,CL,176.92691727758867
EST_NARV,2050,FRS,336.53205464652626
EST_NARV,2050,GL,535.5211069984836
EST_NARV,2050,CL,193.01348585626124
EST_NARV,2100,FRS,328.32536322558434
EST_NARV,2100,GL,521.0977243424736
EST_NARV,2100,CL,218.4348625302185
ETH_ARGA,2005,FRS,22.75293966782459
ETH_ARGA,2005,GL,7194.903978363931
ETH_ARGA,2005,CL,0.2430217341495937
ETH_ARGA,2050,FRS,19.772965453330556
ETH_ARGA,2050,GL,6870.369376363514
ETH_ARGA,2050,CL,0.3681990991497549
ETH_ARGA,2100,FRS,19.70991856718084
ETH_ARGA,2100,GL,6866.1093934319415
ETH_ARGA,2100,CL,0.3641379195247151
ETH_NILE,2005,FRS,7814.487096874422
ETH_NILE,2005,GL,12004.880689344756
ETH_NILE,2005,CL,6711.01961331556
ETH_NILE,2050,FRS,3503.40784235904
ETH_NILE,2050,GL,5796.439278170577
ETH_NILE,2050,CL,9864.69758140236
ETH_NILE,2100,FRS,3828.4879170311033
ETH_NILE,2100,GL,6649.0073701338215
ETH_NILE,2100,CL,10078.90855628758
ETH_RIFT,2005,FRS,2695.9838281220464
ETH_RIFT,2005,GL,14809.32948152734
ETH_RIFT,2005,CL,3672.306561177046
ETH_RIFT,2050,FRS,824.1291343075292
ETH_RIFT,2050,GL,7493.423313202452
ETH_RIFT,2050,CL,6228.995392472607
ETH_RIFT,2100,FRS,853.0818930884976
ETH_RIFT,2100,GL,7850.365795823869
ETH_RIFT,2100,CL,7368.921930347496
ETH_SHJU,2005,FRS,1221.223824237178
ETH_SHJU,2005,GL,24195.992679301275
ETH_SHJU,2005,CL,1490.882003047731
ETH_SHJU,2050,FRS,659.3704186621675
ETH_SHJU,2050,GL,11172.057495099963
ETH_SHJU,2050,CL,2660.2898179034382
ETH_SHJU,2100,FRS,540.0851658559945
ETH_SHJU,2100,GL,11826.37833260901
ETH_SHJU,2100,CL,3948.876606614576
FIN_FINL,2005,FRS,10565.524318715848
FIN_FINL,2005,GL,11421.375780965713
FIN_FINL,2005,CL,1897.992485685489
FIN_FINL,2050,FRS,10628.240049650763
FIN_FINL,2050,GL,11382.175122513088
FIN_FINL,2050,CL,1802.6057265240177
FIN_FINL,2100,FRS,10479.790449466587
FIN_FINL,2100,GL,11235.624481191224
FIN_FINL,2100,CL,2031.676638450288
FIN_SNCC,2005,FRS,2115.461910957852
FIN_SNCC,2050,FRS,2115.0681016277017
FIN_SNCC,2100,FRS,2114.16929218012
FIN_SWED,2005,FRS,1290.0451318378684
FIN_SWED,2005,GL,449.81573589012567
FIN_SWED,2050,FRS,1289.7232987849634
FIN_SWED,2050,GL,449.72724465394026
FIN_SWED,2100,FRS,1289.150989347062
FIN_SWED,2100,GL,449.5049700083879
FJI_SPII,2005,FRS,812.8182458001177
FJI_SPII,2005,GL,809.689861277592
FJI_SPII,2050,FRS,816.975761884214
FJI_SPII,2050,GL,817.9340385595929
FJI_SPII,2100,FRS,814.81972387097
FJI_SPII,2100,GL,817.5076610016035
FRA_FWCX,2005,FRS,777.5845684544817
FRA_FWCX,2005,GL,2982.1232252857003
FRA_FWCX,2005,CL,3826.468931937808
FRA_FWCX,2050,FRS,758.9562834450077
FRA_FWCX,2050,GL,3034.0944948529927
FRA_FWCX,2050,CL,4055.634843912625
FRA_FWCX,2100,FRS,1060.7311663469147
FRA_FWCX,2100,GL,3109.985042861777
FRA_FWCX,2100,CL,4717.518578517314
FRA_GIRD,2005,FRS,1409.903324661908
FRA_GIRD,2005,GL,1435.697972493
FRA_GIRD,2005,CL,2576.0979178116963
FRA_GIRD,2050,FRS,1546.251085333385
FRA_GIRD,2050,GL,1596.0730952182596
FRA_GIRD,2050,CL,2359.035351609062
FRA_GIRD,2100,FRS,2122.395589646534
FRA_GIRD,2100,GL,2173.2275564667384
FRA_GIRD,2100,CL,1770.418226138704
FRA_LOIR,2005,FRS,778.2640996154408
FRA_LOIR,2005,GL,3375.258228619812
FRA_LOIR,2005,CL,3403.980013544203
FRA_LOIR,2050,FRS,862.3246803434159
FRA_LOIR,2050,GL,3411.4688626377256
FRA_LOIR,2050,CL,3441.102898421492
FRA_LOIR,2100,FRS,1229.6653457856
FRA_LOIR,2100,GL,4144.6914321351305
FRA_LOIR,2100,CL,3487.514167537944
FRA_NESO,2005,FRS,7069.890759227605
FRA_NESO,2005,GL,276.8440592014709
FRA_NESO,2005,CL,2.136860356034081
FRA_NESO,2050,FRS,7073.734053898416
FRA_NESO,2050,GL,277.2985338644888
FRA_NESO,2050,CL,1.253114058034872
FRA_NESO,2100,FRS,7072.251575992608
FRA_NESO,2100,GL,277.2985338644888
FRA_NESO,2100,CL,2.6040443701051808
FRA_RHON,2005,FRS,5770.885550279698
FRA_RHON,2005,GL,2651.433457733247
FRA_RHON,2005,CL,3007.31345805793
FRA_RHON,2050,FRS,5793.916445427947
FRA_RHON,2050,GL,2797.011066127109
FRA_RHON,2050,CL,2751.726992161457
FRA_RHON,2100,FRS,6508.438148563253
FRA_RHON,2100,GL,3166.5587368925526
FRA_RHON,2100,CL,2005.30835880255
FRA_SEIN,2005,FRS,689.8341141071111
FRA_SEIN,2005,GL,1748.6832829401872
FRA_SEIN,2005,CL,3030.2828361665997
FRA_SEIN,2050,FRS,697.9754470659548
FRA_SEIN,2050,GL,1347.64943562322
FRA_SEIN,2050,CL,3518.058195812884
FRA_SEIN,2100,FRS,484.1697112137402
FRA_SEIN,2100,GL,960.3844113097828
FRA_SEIN,2100,CL,4594.921690444153
GAB_GFGU,2005,FRS,19464.37553325128
GAB_GFGU,2005,GL,609.4032172590677
GAB_GFGU,2005,CL,389.4353880928691
GAB_GFGU,2050,FRS,14606.781081537283
GAB_GFGU,2050,GL,256.2766396626999
GAB_GFGU,2050,CL,363.2824252264405
GAB_GFGU,2100,FRS,4678.831384983772
GAB_GFGU,2100,GL,259.8428648763778
GAB_GFGU,2100,CL,80.94278248423987
GBR_EAWC,2005,FRS,1467.4294627229365
GBR_EAWC,2005,GL,1944.9288452150176
GBR_EAWC,2005,CL,4883.932572013468
GBR_EAWC,2050,FRS,2192.743002009437
GBR_EAWC,2050,GL,3388.1341372482425
GBR_EAWC,2050,CL,3172.5711814114543
GBR_EAWC,2100,FRS,2904.491160608248
GBR_EAWC,2100,GL,4446.746968040389
GBR_EAWC,2100,CL,2842.63527782821
GBR_IREL,2005,FRS,197.50423945982504
GBR_IREL,2005,GL,48.34027617657331
GBR_IREL,2005,CL,46.479136499230165
GBR_IREL,2050,FRS,178.6752758337561
GBR_IREL,2050,GL,58.02045438517709
GBR_IREL,2050,CL,22.92377829152341
GBR_IREL,2100,FRS,93.4958567453574
GBR_IREL,2100,GL,58.0169052482722
GBR_IREL,2100,CL,10.30774228726662
GBR_SCTD,2005,FRS,2164.1722896276187
GBR_SCTD,2005,GL,1421.170318946729
GBR_SCTD,2005,CL,558.702266109428
GBR_SCTD,2050,FRS,2545.912776506409
GBR_SCTD,2050,GL,1819.3023913216584
GBR_SCTD,2050,CL,282.33683063072027
GBR_SCTD,2100,FRS,3631.906399779245
GBR_SCTD,2100,GL,2428.0653851230027
GBR_SCTD,2100,CL,177.66753113495412
GEO_BSSC,2005,FRS,1913.966142570073
GEO_BSSC,2005,GL,144.9093543125561
GEO_BSSC,2005,CL,158.9579751100362
GEO_BSSC,2050,FRS,2205.77367502623
GEO_BSSC,2050,GL,166.9669934731155
GEO_BSSC,2050,CL,107.97298050028373
GEO_BSSC,2100,FRS,2222.6509762920373
GEO_BSSC,2100,GL,166.06673773346768
GEO_BSSC,2100,CL,66.07346703622693
GEO_CSSW,2005,FRS,1387.8984371271224
GEO_CSSW,2005,GL,171.3399634568431
GEO_CSSW,2005,CL,259.366629106898
GEO_CSSW,2050,FRS,1797.1264650613552
GEO_CSSW,2050,GL,263.870079256942
GEO_CSSW,2050,CL,260.43786979964005
GEO_CSSW,2100,FRS,1732.1553703468053
GEO_CSSW,2100,GL,289.00261851063715
GEO_CSSW,2100,CL,188.7798078704423
GHA_AFWC,2005,FRS,150.18420718536686
GHA_AFWC,2005,GL,2051.22189947395
GHA_AFWC,2005,CL,2038.7520032946409
GHA_AFWC,2050,FRS,12.1557359363686
GHA_AFWC,2050,GL,645.0193258173997
GHA_AFWC,2050,CL,2128.507402474311
GHA_AFWC,2100,FRS,15.680699234581768
GHA_AFWC,2100,GL,145.81521657663433
GHA_AFWC,2100,CL,474.898172346808
GHA_VOLT,2005,FRS,21.36988743549742
GHA_VOLT,2005,GL,5492.007472310725
GHA_VOLT,2005,CL,3194.381001177014
GHA_VOLT,2050,FRS,4.204255837980901
GHA_VOLT,2050,GL,2034.1169612248875
GHA_VOLT,2050,CL,3719.4106973650073
GHA_VOLT,2100,GL,1609.5769522804949
GHA_VOLT,2100,CL,4643.1832158320885
GIN_AFWC,2005,FRS,3655.17607394376
GIN_AFWC,2005,GL,1798.74799374183
GIN_AFWC,2005,CL,845.6497491274071
GIN_AFWC,2050,FRS,2106.8154438641
GIN_AFWC,2050,GL,863.0122805280389
GIN_AFWC,2050,CL,561.9519859433908
GIN_AFWC,2100,FRS,1805.8499246914548
GIN_AFWC,2100,GL,943.1459575567736
GIN_AFWC,2100,CL,96.83091399740876
GIN_NIGE,2005,FRS,3154.837498206565
GIN_NIGE,2005,GL,413.7286703590342
GIN_NIGE,2005,CL,536.2699859291582
GIN_NIGE,2050,FRS,3.677335261381697e-15
GIN_NIGE,2050,CL,378.8755062441408
GIN_NIGE,2100,CL,74.74638237295802
GIN_SENE,2005,FRS,322.2652980496971
GIN_SENE,2005,GL,233.94649582278467
GIN_SENE,2005,CL,137.93366418885967
GIN_SENE,2050,FRS,245.7727026097009
GIN_SENE,2050,GL,144.70518036852022
GIN_SENE,2050,CL,88.83252719128107
GIN_SENE,2100,FRS,251.78936526586224
GIN_SENE,2100,GL,148.3781238693417
GIN_SENE,2100,CL,20.301434708120624
GMB_AFWC,2005,FRS,147.15405765718424
GMB_AFWC,2005,GL,66.67900954880118
GMB_AFWC,2005,CL,78.60953584467498
GMB_AFWC,2050,FRS,65.20156337362283
GMB_AFWC,2050,GL,14.2761444377106
GMB_AFWC,2050,CL,120.19087587495098
GMB_AFWC,2100,FRS,113.79569485759431
GMB_AFWC,2100,GL,39.24225013476033
GMB_AFWC,2100,CL,112.048392239337
GNB_AFWC,2005,FRS,590.7141280872319
GNB_AFWC,2005,GL,943.8983397690348
GNB_AFWC,2005,CL,407.5379503598779
GNB_AFWC,2050,FRS,332.7709628602966
GNB_AFWC,2050,GL,610.4044310701781
GNB_AFWC,2050,CL,220.88294425579937
GNB_AFWC,2100,FRS,445.3898843297154
GNB_AFWC,2100,GL,750.068018855032
GNB_AFWC,2100,CL,206.38297042286857
GRC_AGBS,2005,FRS,591.8902509439549
GRC_AGBS,2005,GL,4795.467644104057
GRC_AGBS,2005,CL,2965.700774516725
GRC_AGBS,2050,FRS,762.4510685710077
GRC_AGBS,2050,GL,6444.328382919908
GRC_AGBS,2050,CL,2742.324465138631
GRC_AGBS,2100,FRS,897.4994219908309
GRC_AGBS,2100,GL,6563.042460696669
GRC_AGBS,2100,CL,3541.6416092977765
GRD_CARC,2005,GL,31.586389211553545
GRD_CARC,2050,GL,31.586381722733005
GRD_CARC,2100,GL,31.7231885964341
GTM_GRIJ,2005,FRS,2305.7260804379275
GTM_GRIJ,2005,GL,77.8668423680501
GTM_GRIJ,2005,CL,475.5538862345731
GTM_GRIJ,2050,FRS,1776.104986450384
GTM_GRIJ,2050,GL,55.03675465942935
GTM_GRIJ,2050,CL,635.291705960353
GTM_GRIJ,2100,FRS,1765.831102780196
GTM_GRIJ,2100,GL,55.11035705737278
GTM_GRIJ,2100,CL,665.851696029194
GTM_SCAM,2005,FRS,931.9948789976332
GTM_SCAM,2005,GL,237.9516355852436
GTM_SCAM,2005,CL,353.0340782512715
GTM_SCAM,2050,FRS,725.3035063574542
GTM_SCAM,2050,GL,188.3513751928274
GTM_SCAM,2050,CL,471.10528588404105
GTM_SCAM,2100,FRS,558.2069419027417
GTM_SCAM,2100,GL,119.88108841557512
GTM_SCAM,2100,CL,394.7734067049898
GTM_YUPA,2005,FRS,1256.5360973837446
GTM_YUPA,2005,GL,260.64018161217604
GTM_YUPA,2005,CL,388.8070470055801
GTM_YUPA,2050,FRS,956.5362081083892
GTM_YUPA,2050,GL,194.0104814432277
GTM_YUPA,2050,CL,614.8042069171865
GTM_YUPA,2100,FRS,945.574308767206
GTM_YUPA,2100,GL,175.87750741347514
GTM_YUPA,2100,CL,770.8957416244104
GUY_AMAZ,2005,FRS,328.8231111133202
GUY_AMAZ,2005,GL,0.0306346356559898
GUY_AMAZ,2005,CL,7.15851644628807
GUY_AMAZ,2050,FRS,543.9947224913916
GUY_AMAZ,2050,GL,0.030169700254761
GUY_AMAZ,2050,CL,11.012271906757594
GUY_AMAZ,2100,FRS,554.0895800891806
GUY_AMAZ,2100,GL,0.030166611312378
GUY_AMAZ,2100,CL,6.859723089989903
GUY_NESO,2005,FRS,16765.145417348744
GUY_NESO,2005,GL,269.0635622641493
GUY_NESO,2005,CL,306.3133942892292
GUY_NESO,2050,FRS,16968.5650787367
GUY_NESO,2050,GL,310.2986786547159
GUY_NESO,2050,CL,277.51837423876395
GUY_NESO,2100,FRS,17054.982055857443
GUY_NESO,2100,GL,317.3602625965635
GUY_NESO,2100,CL,236.05530736799116
HKG_CHIN,2005,FRS,0.3985938897038268
HKG_CHIN,2005,GL,62.22801669829791
HKG_CHIN,2005,CL,0.0277042307272872
HKG_CHIN,2050,FRS,0.4060426345764132
HKG_CHIN,2050,GL,50.80243944715983
HKG_CHIN,2050,CL,0.1110310927280955
HKG_CHIN,2100,FRS,0.0514036941578066
HKG_CHIN,2100,GL,45.417684536708826
HKG_CHIN,2100,CL,0.07122038349678
HND_SCAM,2005,FRS,6834.902212886998
HND_SCAM,2005,GL,395.6197772971904
HND_SCAM,2005,CL,1084.6184954884775
HND_SCAM,2050,FRS,6253.998454585135
HND_SCAM,2050,GL,392.5928092392944
HND_SCAM,2050,CL,1395.0914168407942
HND_SCAM,2100,FRS,7534.095328000474
HND_SCAM,2100,GL,532.3763668129815
HND_SCAM,2100,CL,1445.315807660169
HRV_AGBS,2005,FRS,1192.8106215914445
HRV_AGBS,2005,GL,505.6338278302203
HRV_AGBS,2005,CL,170.11303245200276
HRV_AGBS,2050,FRS,1333.5514552962952
HRV_AGBS,2050,GL,536.4110027420076
HRV_AGBS,2050,CL,69.2552089610993
HRV_AGBS,2100,FRS,1360.4283517435665
HRV_AGBS,2100,GL,538.2406075890351
HRV_AGBS,2100,CL,53.114540211812105
HRV_DANU,2005,FRS,766.3024198793223
HRV_DANU,2005,GL,786.6265844358344
HRV_DANU,2005,CL,614.0475111983833
HRV_DANU,2050,FRS,690.4744384794681
HRV_DANU,2050,GL,1080.094976501201
HRV_DANU,2050,CL,383.43626143402514
HRV_DANU,2100,FRS,653.6299415377698
HRV_DANU,2100,GL,1074.4288740024238
HRV_DANU,2100,CL,314.2980964458751
HTI_CARI,2005,FRS,461.6269390561765
HTI_CARI,2005,GL,842.8102087166199
HTI_CARI,2005,CL,775.5053898537892
HTI_CARI,2050,FRS,349.1686555004357
HTI_CARI,2050,GL,607.4060497183466
HTI_CARI,2050,CL,749.659632793795
HTI_CARI,2100,FRS,428.5255583748927
HTI_CARI,2100,GL,523.5939626424799
HTI_CARI,2100,CL,610.2589932084245
HUN_DANU,2005,FRS,329.01921141966386
HUN_DANU,2005,GL,2631.40042461935
HUN_DANU,2005,CL,3979.287937028093
HUN_DANU,2050,FRS,356.0722654226188
HUN_DANU,2050,GL,2663.3147247152324
HUN_DANU,2050,CL,4175.371731427438
HUN_DANU,2100,FRS,303.9414514617362
HUN_DANU,2100,GL,2516.0192031425618
HUN_DANU,2100,CL,4143.580886627093
IDN_IRJA,2005,FRS,33567.65456879879
IDN_IRJA,2005,GL,3794.236214681464
IDN_IRJA,2005,CL,3813.379710341342
IDN_IRJA,2050,FRS,31208.651751674475
IDN_IRJA,2050,GL,3618.291870035699
IDN_IRJA,2050,CL,6281.267982677514
IDN_IRJA,2100,FRS,31849.79283290405
IDN_IRJA,2100,GL,3921.183539624603
IDN_IRJA,2100,CL,5339.388288146514
IDN_JATI,2005,FRS,6083.626456543881
IDN_JATI,2005,GL,5037.148846325671
IDN_JATI,2005,CL,3681.753784621472
IDN_JATI,2050,FRS,5125.011473782379
IDN_JATI,2050,GL,4707.75363974173
IDN_JATI,2050,CL,4256.434250468604
IDN_JATI,2100,FRS,4022.151524039828
IDN_JATI,2100,GL,4738.932796277483
IDN_JATI,2100,CL,4070.168547921197
IDN_KALI,2005,FRS,38876.7620403612
IDN_KALI,2005,GL,2354.001780703285
IDN_KALI,2005,CL,6359.376827477431
IDN_KALI,2050,FRS,36005.000815215935
IDN_KALI,2050,GL,2363.8160447895643
IDN_KALI,2050,CL,9014.625489710805
IDN_KALI,2100,FRS,37710.04687136936
IDN_KALI,2100,GL,2500.718154548791
IDN_KALI,2100,CL,8693.534258568128
IDN_SULA,2005,FRS,14205.60201736798
IDN_SULA,2005,GL,7796.934126227306
IDN_SULA,2005,CL,3628.113331014832
IDN_SULA,2050,FRS,13374.07774791756
IDN_SULA,2050,GL,7688.298426269074
IDN_SULA,2050,CL,4494.06745896107
IDN_SULA,2100,FRS,13261.338567985253
IDN_SULA,2100,GL,7770.093940909303
IDN_SULA,2100,CL,4629.235238275486
IDN_SUMA,2005,FRS,25354.71063736546
IDN_SUMA,2005,GL,5768.396285950887
IDN_SUMA,2005,CL,8777.380355560586
IDN_SUMA,2050,FRS,21936.974358188127
IDN_SUMA,2050,GL,5465.724703807236
IDN_SUMA,2050,CL,12342.193416214508
IDN_SUMA,2100,FRS,19033.975487907705
IDN_SUMA,2100,GL,5717.055837808846
IDN_SUMA,2100,CL,11904.279982825728
IND_GABR,2005,FRS,18695.31126368357
IND_GABR,2005,GL,28679.87658158153
IND_GABR,2005,CL,58305.3929180797
IND_GABR,2050,FRS,13591.797591925631
IND_GABR,2050,GL,22390.280156742927
IND_GABR,2050,CL,70611.1586965529
IND_GABR,2100,FRS,12236.039686390406
IND_GABR,2100,GL,20821.66052317363
IND_GABR,2100,CL,68531.17666311354
IND_GODA,2005,FRS,227.1321548927881
IND_GODA,2005,GL,21336.16062110981
IND_GODA,2005,CL,21565.73810457761
IND_GODA,2050,FRS,163.5425579048515
IND_GODA,2050,GL,16639.343809809518
IND_GODA,2050,CL,23436.780959749965
IND_GODA,2100,FRS,158.54147818617898
IND_GODA,2100,GL,15603.550593480306
IND_GODA,2100,CL,24127.99379798917
IND_INDU,2005,FRS,1830.7687153223003
IND_INDU,2005,GL,10670.560921758764
IND_INDU,2005,CL,1502.856879381415
IND_INDU,2050,FRS,1627.1754982439995
IND_INDU,2050,GL,9733.768683550385
IND_INDU,2050,CL,2216.7959199834527
IND_INDU,2100,FRS,1532.832849040668
IND_INDU,2100,GL,8768.46974303878
IND_INDU,2100,CL,2400.234463750864
IND_KRIS,2005,FRS,5573.187974457223
IND_KRIS,2005,GL,14492.51006262926
IND_KRIS,2005,CL,35066.95987210476
IND_KRIS,2050,FRS,3888.7421393239993
IND_KRIS,2050,GL,11835.115680044137
IND_KRIS,2050,CL,37891.72159705063
IND_KRIS,2100,FRS,3542.817995108635
IND_KRIS,2100,GL,12224.697220047366
IND_KRIS,2100,CL,34524.565660646454
IND_SABA,2005,FRS,44.4531666988071
IND_SABA,2005,GL,17812.56561340574
IND_SABA,2005,CL,19501.432758935756
IND_SABA,2050,FRS,18.180993535109536
IND_SABA,2050,GL,16032.005487975994
IND_SABA,2050,CL,21716.725732691
IND_SABA,2100,FRS,20.4333611072538
IND_SABA,2100,GL,16310.177264030552
IND_SABA,2100,CL,20572.751699626693
IRL_IREL,2005,FRS,2080.373192285648
IRL_IREL,2005,GL,345.29811588972524
IRL_IREL,2005,CL,1159.7090447374926
IRL_IREL,2050,FRS,4983.620466885517
IRL_IREL,2050,GL,478.6840752434941
IRL_IREL,2050,CL,1165.4864293049843
IRL_IREL,2100,FRS,5230.842870661475
IRL_IREL,2100,GL,503.9876235590588
IRL_IREL,2100,CL,833.9954255848837
IRN_CIRA,2005,FRS,5705.510214158846
IRN_CIRA,2005,GL,60088.44667256622
IRN_CIRA,2005,CL,5452.566442178201
IRN_CIRA,2050,FRS,5563.3968942455695
IRN_CIRA,2050,GL,60554.35396547267
IRN_CIRA,2050,CL,4634.003674404215
IRN_CIRA,2100,FRS,5520.581993219899
IRN_CIRA,2100,GL,62066.66104200373
IRN_CIRA,2100,CL,3708.792558355548
IRN_CSEC,2005,FRS,707.080369348881
IRN_CSEC,2005,GL,6882.254865709301
IRN_CSEC,2005,CL,1964.0898091842
IRN_CSEC,2050,FRS,620.2093834770241
IRN_CSEC,2050,GL,6833.872233750506
IRN_CSEC,2050,CL,1717.158539714812
IRN_CSEC,2100,FRS,70.20591402086889
IRN_CSEC,2100,GL,5333.703852651985
IRN_CSEC,2100,CL,1295.7351209765336
IRN_CSSW,2005,FRS,334.2300644327339
IRN_CSSW,2005,GL,3972.115636167761
IRN_CSSW,2005,CL,2721.3499519246616
IRN_CSSW,2050,FRS,165.63827897669597
IRN_CSSW,2050,GL,3180.765999481717
IRN_CSSW,2050,CL,2070.6705374605194
IRN_CSSW,2100,FRS,3.186638955715412
IRN_CSSW,2100,GL,2921.280431168316
IRN_CSSW,2100,CL,1227.3210424376998
IRN_PGCO,2005,FRS,1977.091734764667
IRN_PGCO,2005,GL,19481.992680293177
IRN_PGCO,2005,CL,2218.113433805847
IRN_PGCO,2050,FRS,1944.971558678468
IRN_PGCO,2050,GL,19017.77692360787
IRN_PGCO,2050,CL,1973.809605116408
IRN_PGCO,2100,FRS,1782.7205358658207
IRN_PGCO,2100,GL,17510.200262526592
IRN_PGCO,2100,CL,1697.266972692962
IRN_TIEU,2005,FRS,377.6228739439691
IRN_TIEU,2005,GL,3710.153169976504
IRN_TIEU,2005,CL,2517.414466311652
IRN_TIEU,2050,FRS,104.207796040734
IRN_TIEU,2050,GL,3671.858452700437
IRN_TIEU,2050,CL,1566.7847321337722
IRN_TIEU,2100,FRS,3.652966773934003
IRN_TIEU,2100,GL,3672.362979709902
IRN_TIEU,2100,CL,718.2098159920815
IRQ_TIEU,2005,FRS,880.8670088605405
IRQ_TIEU,2005,GL,33885.39410212313
IRQ_TIEU,2005,CL,1447.1338326378386
IRQ_TIEU,2050,GL,25743.815753926174
IRQ_TIEU,2050,CL,752.8834623880687
IRQ_TIEU,2100,FRS,0.4894353786100652
IRQ_TIEU,2100,GL,24270.4908846709
IRQ_TIEU,2100,CL,406.68874469631135
ISL_ICEL,2005,FRS,6191.156893605266
ISL_ICEL,2005,GL,1423.7925207329597
ISL_ICEL,2050,FRS,5913.3054090812975
ISL_ICEL,2050,GL,1448.8652612780215
ISL_ICEL,2100,FRS,6665.779339686011
ISL_ICEL,2100,GL,1532.987580344773
ISR_DEAS,2005,FRS,88.16775225613965
ISR_DEAS,2005,GL,283.7680927801027
ISR_DEAS,2005,CL,11.16972776538956
ISR_DEAS,2050,FRS,79.07933657747438
ISR_DEAS,2050,GL,276.25303362472283
ISR_DEAS,2050,CL,10.356609243896134
ISR_DEAS,2100,FRS,27.529265515613197
ISR_DEAS,2100,GL,246.47519723234197
ISR_DEAS,2100,CL,9.550908766920388
ISR_MSEC,2005,FRS,79.36835195970983
ISR_MSEC,2005,GL,476.7627946919848
ISR_MSEC,2005,CL,143.9093694830868
ISR_MSEC,2050,FRS,71.9445093109833
ISR_MSEC,2050,GL,469.80328829632896
ISR_MSEC,2050,CL,131.96596367818464
ISR_MSEC,2100,FRS,60.55539365630194
ISR_MSEC,2100,GL,377.5036271846246
ISR_MSEC,2100,CL,128.63572764682542
ITA_IECO,2005,FRS,1806.2129944510348
ITA_IECO,2005,GL,1365.156912955408
ITA_IECO,2005,CL,2989.651504965316
ITA_IECO,2050,FRS,2644.2601552594188
ITA_IECO,2050,GL,1964.8091391894843
ITA_IECO,2050,CL,2136.9925206790867
ITA_IECO,2100,FRS,2589.87994361966
ITA_IECO,2100,GL,1995.3058607328592
ITA_IECO,2100,CL,2123.6611937768785
ITA_IWCO,2005,FRS,703.1662602389439
ITA_IWCO,2005,GL,3094.407968166351
ITA_IWCO,2005,CL,1372.2795098301497
ITA_IWCO,2050,FRS,796.878737946173
ITA_IWCO,2050,GL,3804.165062334638
ITA_IWCO,2050,CL,894.9352882815072
ITA_IWCO,2100,FRS,755.9029503820107
ITA_IWCO,2100,GL,3825.717546929721
ITA_IWCO,2100,CL,743.7797560290766
ITA_MSII,2005,FRS,148.8665761749833
ITA_MSII,2005,GL,2246.821435751516
ITA_MSII,2005,CL,1273.421824695288
ITA_MSII,2050,FRS,174.66258400685254
ITA_MSII,2050,GL,3443.020785244387
ITA_MSII,2050,CL,800.5986274340376
ITA_MSII,2100,FRS,188.84706217202037
ITA_MSII,2100,GL,3799.792727069032
ITA_MSII,2100,CL,594.3091049607608
ITA_POOO,2005,FRS,2079.9730289986637
ITA_POOO,2005,GL,2.8307307951240297
ITA_POOO,2005,CL,2500.680836441448
ITA_POOO,2050,FRS,2863.572469135482
ITA_POOO,2050,GL,4.6879517245510005
ITA_POOO,2050,CL,1923.4866032267732
ITA_POOO,2100,FRS,2745.12204316194
ITA_POOO,2100,GL,3.872356791495541
ITA_POOO,2100,CL,1814.1595734464129
ITA_TIBE,2005,FRS,223.00266532231296
ITA_TIBE,2005,GL,491.0227252547889
ITA_TIBE,2005,CL,299.4302386518845
ITA_TIBE,2050,FRS,259.46673924287273
ITA_TIBE,2050,GL,673.0814920585108
ITA_TIBE,2050,CL,160.51460450976234
ITA_TIBE,2100,FRS,274.7207884357315
ITA_TIBE,2100,GL,704.9336155453163
ITA_TIBE,2100,CL,113.41425684586936
JAM_CARI,2005,FRS,533.459696392864
JAM_CARI,2005,GL,144.8628373591365
JAM_CARI,2005,CL,197.53308651970912
JAM_CARI,2050,FRS,508.09853584645583
JAM_CARI,2050,GL,182.4609180147877
JAM_CARI,2050,CL,169.17581873762393
JAM_CARI,2100,FRS,560.1461316403077
JAM_CARI,2100,GL,229.0562223316508
JAM_CARI,2100,CL,128.2477454588547
JOR_DEAS,2005,FRS,38.71166114106246
JOR_DEAS,2005,GL,809.0352051374406
JOR_DEAS,2005,CL,165.1531824090608
JOR_DEAS,2050,FRS,1.021938534308706
JOR_DEAS,2050,GL,473.17998835533416
JOR_DEAS,2050,CL,52.20823690617356
JOR_DEAS,2100,GL,371.2264691943811
JOR_DEAS,2100,CL,45.44741708806542
JOR_EJSS,2005,FRS,50.71283779400977
JOR_EJSS,2005,GL,4405.453346552056
JOR_EJSS,2005,CL,15.252899780063114
JOR_EJSS,2050,FRS,20.84679242822
JOR_EJSS,2050,GL,4231.390468546551
JOR_EJSS,2050,CL,12.048148688006451
JOR_EJSS,2100,FRS,10.186567779030096
JOR_EJSS,2100,GL,4199.523179005097
JOR_EJSS,2100,CL,22.91240013806564
JOR_SIPE,2005,FRS,53.76904453576561
JOR_SIPE,2005,GL,535.6036488253479
JOR_SIPE,2005,CL,5.228288025153375
JOR_SIPE,2050,FRS,43.097274712673936
JOR_SIPE,2050,GL,522.3002414000475
JOR_SIPE,2050,CL,4.206025431132269
JOR_SIPE,2100,FRS,39.44863841886727
JOR_SIPE,2100,GL,509.2855311580362
JOR_SIPE,2100,CL,6.724323821865083
JPN_JAPN,2005,FRS,26951.51680568617
JPN_JAPN,2005,GL,7235.86315045729
JPN_JAPN,2005,CL,3985.140896103734
JPN_JAPN,2050,FRS,26501.38635766102
JPN_JAPN,2050,GL,7260.961041733377
JPN_JAPN,2050,CL,2928.10754582973
JPN_JAPN,2100,FRS,24464.74048129666
JPN_JAPN,2100,GL,7113.278786165226
JPN_JAPN,2100,CL,1926.7277604058531
KAZ_CSEC,2005,FRS,13.589984003452368
KAZ_CSEC,2005,GL,5494.988891168286
KAZ_CSEC,2050,FRS,13.584943591373
KAZ_CSEC,2050,GL,5494.042078515728
KAZ_CSEC,2100,FRS,13.578745373697002
KAZ_CSEC,2100,GL,5492.423095698458
KAZ_CSPC,2005,FRS,83.59579875357728
KAZ_CSPC,2005,GL,7210.065371929942
KAZ_CSPC,2005,CL,896.6581937199495
KAZ_CSPC,2050,FRS,92.32194818477647
KAZ_CSPC,2050,GL,9769.33957256536
KAZ_CSPC,2050,CL,1278.079134893086
KAZ_CSPC,2100,FRS,117.9342648415953
KAZ_CSPC,2100,GL,23685.99997771481
KAZ_CSPC,2100,CL,2807.708799026914
KAZ_LKBH,2005,FRS,83.31962581605208
KAZ_LKBH,2005,GL,5583.605619436742
KAZ_LKBH,2005,CL,1415.0130307507202
KAZ_LKBH,2050,FRS,85.9736774753325
KAZ_LKBH,2050,GL,6828.287104851903
KAZ_LKBH,2050,CL,2240.01595896067
KAZ_LKBH,2100,FRS,141.0975330790432
KAZ_LKBH,2100,GL,15353.06195189664
KAZ_LKBH,2100,CL,3769.243803502404
KAZ_OBBB,2005,FRS,1663.2900367241114
KAZ_OBBB,2005,GL,9202.85953998814
KAZ_OBBB,2005,CL,11628.615977151268
KAZ_OBBB,2050,FRS,1245.467591339714
KAZ_OBBB,2050,GL,5638.423295638863
KAZ_OBBB,2050,CL,10137.395589217118
KAZ_OBBB,2100,FRS,73.49760347312203
KAZ_OBBB,2100,GL,5853.561629449047
KAZ_OBBB,2100,CL,4817.048270868321
KAZ_SYRD,2005,FRS,66.44239993859779
KAZ_SYRD,2005,GL,17584.309184593832
KAZ_SYRD,2005,CL,2808.368444416821
KAZ_SYRD,2050,FRS,61.60640661230286
KAZ_SYRD,2050,GL,18875.148555633517
KAZ_SYRD,2050,CL,4427.827033593834
KAZ_SYRD,2100,FRS,64.67302629260273
KAZ_SYRD,2100,GL,31700.6015036458
KAZ_SYRD,2100,CL,6292.893910413883
KEN_AECC,2005,FRS,357.75496283833235
KEN_AECC,2005,GL,10159.467655030763
KEN_AECC,2005,CL,1685.3258915503316
KEN_AECC,2050,FRS,199.022657527413
KEN_AECC,2050,GL,3752.916956219806
KEN_AECC,2050,CL,1968.440821434731
KEN_AECC,2100,FRS,190.1581032979666
KEN_AECC,2100,GL,3326.6024018399685
KEN_AECC,2100,CL,1541.4620066663772
KEN_NILE,2005,FRS,596.6634201010492
KEN_NILE,2005,GL,624.5502925674731
KEN_NILE,2005,CL,1266.2860474177928
KEN_NILE,2050,FRS,161.94807335007468
KEN_NILE,2050,GL,186.880919201274
KEN_NILE,2050,CL,1180.078691213552
KEN_NILE,2100,FRS,252.53491852775923
KEN_NILE,2100,GL,344.4363608863221
KEN_NILE,2100,CL,1101.199577684791
KEN_RIFT,2005,FRS,151.43511134158442
KEN_RIFT,2005,GL,4587.510730714187
KEN_RIFT,2005,CL,598.3056745011064
KEN_RIFT,2050,FRS,63.08161765280098
KEN_RIFT,2050,GL,2012.55236986668
KEN_RIFT,2050,CL,556.7296709318503
KEN_RIFT,2100,FRS,63.50133481064413
KEN_RIFT,2100,GL,2142.552175594591
KEN_RIFT,2100,CL,471.4022909439988
KEN_SHJU,2005,FRS,218.1556434976908
KEN_SHJU,2005,GL,11358.396568957012
KEN_SHJU,2005,CL,401.9595030234721
KEN_SHJU,2050,FRS,124.4601007504128
KEN_SHJU,2050,GL,3781.44263781209
KEN_SHJU,2050,CL,409.94084698245575
KEN_SHJU,2100,FRS,142.8985311909552
KEN_SHJU,2100,GL,5993.867927005355
KEN_SHJU,2100,CL,399.1963607484942
KGZ_LKBH,2005,FRS,7.331524035789527
KGZ_LKBH,2005,GL,564.4368806986611
KGZ_LKBH,2005,CL,131.00968791843087
KGZ_LKBH,2050,GL,359.4155512224961
KGZ_LKBH,2050,CL,165.8837312022899
KGZ_LKBH,2100,GL,223.76893016399333
KGZ_LKBH,2100,CL,184.37197677441736
KGZ_SYRD,2005,FRS,1122.189794352961
KGZ_SYRD,2005,GL,4032.056803295947
KGZ_SYRD,2005,CL,1020.5858173269864
KGZ_SYRD,2050,FRS,996.9502805687878
KGZ_SYRD,2050,GL,3488.443169522921
KGZ_SYRD,2050,CL,970.6159437124196
KGZ_SYRD,2100,FRS,1011.4801695526356
KGZ_SYRD,2100,GL,3350.3976325851017
KGZ_SYRD,2100,CL,1063.333877474773
KGZ_TARI,2005,FRS,230.7620570315453
KGZ_TARI,2005,GL,649.095971924451
KGZ_TARI,2050,FRS,230.67325520748648
KGZ_TARI,2050,GL,648.95745882742
KGZ_TARI,2100,FRS,230.38156914531825
KGZ_TARI,2100,GL,648.2422846668704
KHM_GTCC,2005,FRS,1131.687886699791
KHM_GTCC,2005,GL,309.31605676727514
KHM_GTCC,2005,CL,56.15421947081556
KHM_GTCC,2050,FRS,997.1804173869212
KHM_GTCC,2050,GL,306.0879725799268
KHM_GTCC,2050,CL,57.16172304481298
KHM_GTCC,2100,FRS,990.612015580734
KHM_GTCC,2100,GL,305.78632919421267
KHM_GTCC,2100,CL,60.19547042541014
KHM_MEKO,2005,FRS,8021.696920298599
KHM_MEKO,2005,GL,1731.8049967147788
KHM_MEKO,2005,CL,3428.833357530852
KHM_MEKO,2050,FRS,5237.375525829984
KHM_MEKO,2050,GL,871.680681047284
KHM_MEKO,2050,CL,3675.6339783110047
KHM_MEKO,2100,FRS,5309.6047831115575
KHM_MEKO,2100,GL,882.3842476911113
KHM_MEKO,2100,CL,4922.784505681248
KOR_NSKU,2005,FRS,7163.583053284193
KOR_NSKU,2005,GL,1146.2777471576887
KOR_NSKU,2005,CL,1564.702645202248
KOR_NSKU,2050,FRS,7083.940197747318
KOR_NSKU,2050,GL,1167.7419028878714
KOR_NSKU,2050,CL,1455.1353188201424
KOR_NSKU,2100,FRS,7398.582527397491
KOR_NSKU,2100,GL,1162.919596279364
KOR_NSKU,2100,CL,890.0453207273933
KWT_ARPA,2005,FRS,11.005432870744071
KWT_ARPA,2005,GL,1051.5111107509088
KWT_ARPA,2005,CL,6.0463263565173175
KWT_ARPA,2050,FRS,9.908651040738452
KWT_ARPA,2050,GL,989.0234573006412
KWT_ARPA,2050,CL,5.373359633364456
KWT_ARPA,2100,FRS,9.725531641889702
KWT_ARPA,2100,GL,968.901407188916
KWT_ARPA,2100,CL,3.8371420385321056
KWT_TIEU,2005,FRS,50.82230378802157
KWT_TIEU,2005,GL,21.424133738282546
KWT_TIEU,2005,CL,0.7681648493597837
KWT_TIEU,2050,FRS,45.87036301504703
KWT_TIEU,2050,GL,20.49086876802364
KWT_TIEU,2050,CL,0.605465798584526
KWT_TIEU,2100,FRS,42.94115023117693
KWT_TIEU,2100,GL,19.78767548330019
KWT_TIEU,2100,CL,0.3515779953131039
LAO_MEKO,2005,FRS,15936.449134558035
LAO_MEKO,2005,GL,229.36646061986735
LAO_MEKO,2005,CL,833.1105979214063
LAO_MEKO,2050,FRS,15163.1001606704
LAO_MEKO,2050,GL,198.1209364314499
LAO_MEKO,2050,CL,1423.960189559964
LAO_MEKO,2100,FRS,13536.89124297855
LAO_MEKO,2100,GL,187.4659664798041
LAO_MEKO,2100,CL,3151.028341075486
LAO_VNCO,2005,FRS,1404.3096328885383
LAO_VNCO,2005,GL,0.0224136758528857
LAO_VNCO,2005,CL,29.190651798005664
LAO_VNCO,2050,FRS,1378.608729266165
LAO_VNCO,2050,CL,49.75769862180349
LAO_VNCO,2100,FRS,1338.2997536334103
LAO_VNCO,2100,CL,91.2146290807879
LBN_DEAS,2005,FRS,0.6084586952859938
LBN_DEAS,2005,GL,2.364084142981091
LBN_DEAS,2005,CL,1.955354663308866
LBN_DEAS,2050,FRS,0.2490496955511467
LBN_DEAS,2050,GL,2.3885684906809592
LBN_DEAS,2050,CL,1.1520570136789534
LBN_DEAS,2100,FRS,0.0087145619845432
LBN_DEAS,2100,GL,1.7468675953737702
LBN_DEAS,2100,CL,0.9577086016545424
LBN_MSEC,2005,FRS,126.01883989254075
LBN_MSEC,2005,GL,114.54228930520154
LBN_MSEC,2005,CL,201.15438514953505
LBN_MSEC,2050,FRS,93.60102439518296
LBN_MSEC,2050,GL,98.35489189744332
LBN_MSEC,2050,CL,148.6765859733288
LBN_MSEC,2100,GL,23.9977699225988
LBN_MSEC,2100,CL,76.27704397775442
LBR_AFWC,2005,FRS,6117.638059453979
LBR_AFWC,2005,GL,269.8958403802689
LBR_AFWC,2005,CL,626.3206079179108
LBR_AFWC,2050,FRS,2711.575235610591
LBR_AFWC,2050,GL,129.3318123157321
LBR_AFWC,2050,CL,637.9495181594799
LBR_AFWC,2100,FRS,1942.718648106324
LBR_AFWC,2100,GL,157.39132994518818
LBR_AFWC,2100,CL,460.0001143845739
LBY_ANIN,2005,FRS,189.9351335008095
LBY_ANIN,2005,GL,128194.44832866456
LBY_ANIN,2005,CL,190.8241208625306
LBY_ANIN,2050,FRS,3.736693977170056
LBY_ANIN,2050,GL,124643.74739819729
LBY_ANIN,2050,CL,177.41050323829592
LBY_ANIN,2100,FRS,508.0963308892543
LBY_ANIN,2100,GL,130888.81403531382
LBY_ANIN,2100,CL,101.8784367594009
LBY_MSCC,2005,FRS,25.64592260652888
LBY_MSCC,2005,GL,13288.505108916326
LBY_MSCC,2005,CL,1341.3245633523995
LBY_MSCC,2050,FRS,51.96374347645824
LBY_MSCC,2050,GL,11324.395431371096
LBY_MSCC,2050,CL,951.0447626560964
LBY_MSCC,2100,FRS,269.11416715011705
LBY_MSCC,2100,GL,13395.277555149503
LBY_MSCC,2100,CL,538.1504415489478
LCA_CARC,2005,GL,67.35073071711506
LCA_CARC,2050,GL,67.350984442682
LCA_CARC,2100,GL,67.36986002463821
LKA_SRIL,2005,FRS,2282.0796513740047
LKA_SRIL,2005,GL,1944.5992834977624
LKA_SRIL,2005,CL,1859.614861399648
LKA_SRIL,2050,FRS,986.0709249024952
LKA_SRIL,2050,GL,1106.312254346658
LKA_SRIL,2050,CL,3717.2134745329977
LKA_SRIL,2100,FRS,733.2440506329638
LKA_SRIL,2100,GL,1063.9475488382789
LKA_SRIL,2100,CL,3469.443650980414
LSO_ORAN,2005,FRS,196.84806470773412
LSO_ORAN,2005,GL,353.6781342885221
LSO_ORAN,2005,CL,215.7569542107181
LSO_ORAN,2050,FRS,118.7100000627856
LSO_ORAN,2050,GL,271.98963944046073
LSO_ORAN,2050,CL,86.51873597272281
LSO_ORAN,2100,FRS,124.11457306357433
LSO_ORAN,2100,GL,287.9859977533013
LSO_ORAN,2100,CL,27.22986476310599
LTU_BSCC,2005,FRS,332.27594144017945
LTU_BSCC,2005,GL,306.65290968376786
LTU_BSCC,2005,CL,442.4962266766305
LTU_BSCC,2050,FRS,412.3481021650079
LTU_BSCC,2050,GL,289.2674411384424
LTU_BSCC,2050,CL,484.0921454314254
LTU_BSCC,2100,FRS,453.5946069088776
LTU_BSCC,2100,GL,326.50023031941447
LTU_BSCC,2100,CL,411.0838609420322
LTU_NEMA,2005,FRS,580.146243443037
LTU_NEMA,2005,GL,1570.8922053852357
LTU_NEMA,2005,CL,1131.7487595498244
LTU_NEMA,2050,FRS,614.2029437717601
LTU_NEMA,2050,GL,1635.3825627936362
LTU_NEMA,2050,CL,1313.270545570323
LTU_NEMA,2100,FRS,731.7658689076842
LTU_NEMA,2100,GL,1761.4012767411236
LTU_NEMA,2100,CL,1096.09762405521
LUX_RHIN,2005,FRS,63.05123094691379
LUX_RHIN,2005,GL,0.0263062054606401
LUX_RHIN,2005,CL,35.232923363144465
LUX_RHIN,2050,FRS,65.37283951655077
LUX_RHIN,2050,GL,0.04710348297975
LUX_RHIN,2050,CL,27.632947160455533
LUX_RHIN,2100,FRS,70.33237296688432
LUX_RHIN,2100,GL,0.04312137268416
LUX_RHIN,2100,CL,7.390346793290722
LVA_BSCC,2005,FRS,349.239842712839
LVA_BSCC,2005,GL,1926.1615206164872
LVA_BSCC,2005,CL,410.144562738136
LVA_BSCC,2050,FRS,372.1401278629552
LVA_BSCC,2050,GL,1928.31851805125
LVA_BSCC,2050,CL,306.86099039861136
LVA_BSCC,2100,FRS,406.1382847789966
LVA_BSCC,2100,GL,2061.027904737008
LVA_BSCC,2100,CL,300.19223790475934
LVA_DAUG,2005,FRS,560.7875775522539
LVA_DAUG,2005,GL,939.7286251282062
LVA_DAUG,2005,CL,298.5251079877673
LVA_DAUG,2050,FRS,600.5209255092141
LVA_DAUG,2050,GL,969.5807097759448
LVA_DAUG,2050,CL,172.8274496537121
LVA_DAUG,2100,FRS,643.2383631388768
LVA_DAUG,2100,GL,1028.5381295791162
LVA_DAUG,2100,CL,157.82998253674418
MAC_XJIA,2005,GL,0.3030275839825632
MAC_XJIA,2050,GL,0.3030085683225264
MAC_XJIA,2100,GL,0.3030085683225264
MAR_ANIN,2005,FRS,1444.4580913154427
MAR_ANIN,2005,GL,931.7398531228972
MAR_ANIN,2005,CL,27.427652838313072
MAR_ANIN,2050,FRS,1114.3702765491116
MAR_ANIN,2050,GL,860.8771290019365
MAR_ANIN,2050,CL,26.393904471646994
MAR_ANIN,2100,FRS,1265.840367771474
MAR_ANIN,2100,GL,889.7345925396269
MAR_ANIN,2100,CL,22.530032746719677
MAR_ANWC,2005,FRS,3369.139493847121
MAR_ANWC,2005,GL,3295.3088174506397
MAR_ANWC,2005,CL,6351.554124203548
MAR_ANWC,2050,FRS,2062.1997025405026
MAR_ANWC,2050,GL,3212.9543423399205
MAR_ANWC,2050,CL,6995.512845994
MAR_ANWC,2100,FRS,2131.2962816070594
MAR_ANWC,2100,GL,3434.2305491717702
MAR_ANWC,2100,CL,8312.269478502561
MAR_MSCC,2005,FRS,463.3369608540828
MAR_MSCC,2005,GL,283.17783438848755
MAR_MSCC,2005,CL,707.8960212266303
MAR_MSCC,2050,FRS,257.78730802165865
MAR_MSCC,2050,GL,292.0048530770998
MAR_MSCC,2050,CL,818.2932039348985
MAR_MSCC,2100,FRS,290.6304985754961
MAR_MSCC,2100,GL,378.3280445275016
MAR_MSCC,2100,CL,1181.7859649951663
MDA_BSNC,2005,FRS,9.177522057304266
MDA_BSNC,2005,GL,0.4810139660636873
MDA_BSNC,2005,CL,38.68109629600641
MDA_BSNC,2050,FRS,9.043918058424604
MDA_BSNC,2050,GL,1.2399952499744038
MDA_BSNC,2050,CL,42.55869827689718
MDA_BSNC,2100,FRS,5.642391367717666
MDA_BSNC,2100,GL,0.943168631562948
MDA_BSNC,2100,CL,44.70428083960585
MDA_DANU,2005,FRS,71.7050665839978
MDA_DANU,2005,GL,20.41730379376595
MDA_DANU,2005,CL,464.9503159956036
MDA_DANU,2050,FRS,94.48259639027228
MDA_DANU,2050,GL,51.27363159204055
MDA_DANU,2050,CL,467.48143619131935
MDA_DANU,2100,FRS,70.81639007789457
MDA_DANU,2100,GL,45.44532196315373
MDA_DANU,2100,CL,463.4961028242256
MDA_DNIE,2005,FRS,171.09061190587371
MDA_DNIE,2005,GL,91.39657888809904
MDA_DNIE,2005,CL,904.681024821202
MDA_DNIE,2050,FRS,149.46483536509274
MDA_DNIE,2050,GL,168.1700020317876
MDA_DNIE,2050,CL,939.510768892078
MDA_DNIE,2100,FRS,117.25836333924887
MDA_DNIE,2100,GL,160.0286358696588
MDA_DNIE,2100,CL,916.1348217001316
MDG_MADA,2005,FRS,11740.203895433202
MDG_MADA,2005,GL,6844.330900694241
MDG_MADA,2005,CL,3785.190063556528
MDG_MADA,2050,FRS,7201.927851892805
MDG_MADA,2050,GL,3950.026154982431
MDG_MADA,2050,CL,5289.69912275404
MDG_MADA,2100,FRS,11774.729826080318
MDG_MADA,2100,GL,10379.414138696802
MDG_MADA,2100,CL,10957.097719352463
MEX_BJCA,2005,FRS,4.3525484193223125
MEX_BJCA,2005,GL,6189.172180680073
MEX_BJCA,2005,CL,118.49975654005432
MEX_BJCA,2050,FRS,3.781022657021892
MEX_BJCA,2050,GL,4366.439677799567
MEX_BJCA,2050,CL,97.47795163491222
MEX_BJCA,2100,FRS,3.7621997283549056
MEX_BJCA,2100,GL,3994.0844785304166
MEX_BJCA,2100,CL,88.28671956584688
MEX_MCIN,2005,FRS,0.444893113350763
MEX_MCIN,2005,GL,4762.952863920139
MEX_MCIN,2005,CL,382.38945406469577
MEX_MCIN,2050,GL,4578.6136882705605
MEX_MCIN,2050,CL,348.8147328022963
MEX_MCIN,2100,GL,10682.801035931814
MEX_MCIN,2100,CL,431.5255562847835
MEX_MNCW,2005,FRS,275.88002405160466
MEX_MNCW,2005,GL,21238.597401322186
MEX_MNCW,2005,CL,2445.7135319209383
MEX_MNCW,2050,FRS,266.6863724547552
MEX_MNCW,2050,GL,16014.042484539495
MEX_MNCW,2050,CL,2558.9566910748445
MEX_MNCW,2100,FRS,267.5066601402405
MEX_MNCW,2100,GL,15027.132908717796
MEX_MNCW,2100,CL,1268.0446993262965
MEX_RGBV,2005,FRS,4.399817268199962
MEX_RGBV,2005,GL,5966.840346808658
MEX_RGBV,2005,CL,783.5876748458818
MEX_RGBV,2050,FRS,3.3405468341989124
MEX_RGBV,2050,GL,4989.6281059331295
MEX_RGBV,2050,CL,691.2082382261857
MEX_RGBV,2100,FRS,2.987346688065856
MEX_RGBV,2100,GL,4907.575081023892
MEX_RGBV,2100,CL,415.82479875126376
MEX_RIBA,2005,FRS,4995.4766910234775
MEX_RIBA,2005,GL,14323.77179870504
MEX_RIBA,2005,CL,5033.122034866876
MEX_RIBA,2050,FRS,4392.876906993093
MEX_RIBA,2050,GL,12318.067409782258
MEX_RIBA,2050,CL,5826.528351656715
MEX_RIBA,2100,FRS,5049.090702662292
MEX_RIBA,2100,GL,14300.37586989528
MEX_RIBA,2100,CL,9230.372046718036
MEX_RIVE,2005,FRS,1311.618415268404
MEX_RIVE,2005,GL,3764.70076723147
MEX_RIVE,2005,CL,3502.7682139074213
MEX_RIVE,2050,FRS,1169.2963864664878
MEX_RIVE,2050,GL,2988.4734499621577
MEX_RIVE,2050,CL,4020.9669427768727
MEX_RIVE,2100,FRS,576.7391807678423
MEX_RIVE,2100,GL,4640.823728525862
MEX_RIVE,2100,CL,7434.180975601546
MEX_RLER,2005,FRS,13.085078153302792
MEX_RLER,2005,GL,5526.91316990842
MEX_RLER,2005,CL,1375.153918469003
MEX_RLER,2050,FRS,10.394536839421828
MEX_RLER,2050,GL,5685.767343102554
MEX_RLER,2050,CL,1538.4798542511598
MEX_RLER,2100,FRS,6.428602581656185
MEX_RLER,2100,GL,6366.162799781359
MEX_RLER,2100,CL,1855.581632821832
MEX_YUPA,2005,FRS,4083.0008935423366
MEX_YUPA,2005,GL,11416.170044083314
MEX_YUPA,2005,CL,1909.9892741783208
MEX_YUPA,2050,FRS,3668.5647049848535
MEX_YUPA,2050,GL,10594.7138142831
MEX_YUPA,2050,CL,2313.154239720686
MEX_YUPA,2100,FRS,3378.1557966551977
MEX_YUPA,2100,GL,11269.52553336751
MEX_YUPA,2100,CL,3797.016293789584
MKD_AGBS,2005,FRS,281.3546136367013
MKD_AGBS,2005,GL,769.7318622692923
MKD_AGBS,2005,CL,274.24835865092024
MKD_AGBS,2050,FRS,274.8973525891355
MKD_AGBS,2050,GL,753.1998172163404
MKD_AGBS,2050,CL,297.6985174506476
MKD_AGBS,2100,FRS,232.67067744134533
MKD_AGBS,2100,GL,664.1606702641918
MKD_AGBS,2100,CL,519.0811528530411
MLI_ANIN,2005,FRS,7419.255895188119
MLI_ANIN,2005,GL,39676.78595911508
MLI_ANIN,2050,FRS,7418.711299768204
MLI_ANIN,2050,GL,39673.10880740025
MLI_ANIN,2100,FRS,7418.306917036558
MLI_ANIN,2100,GL,39670.924492618375
MLI_NIGE,2005,FRS,4474.780086765689
MLI_NIGE,2005,GL,24714.837475968525
MLI_NIGE,2005,CL,3348.48469412042
MLI_NIGE,2050,FRS,3106.9198053710097
MLI_NIGE,2050,GL,21445.108273991915
MLI_NIGE,2050,CL,2058.848705541112
MLI_NIGE,2100,FRS,3003.5931862790567
MLI_NIGE,2100,GL,21288.63036086235
MLI_NIGE,2100,CL,312.65693690974035
MLI_SENE,2005,FRS,354.42226919115427
MLI_SENE,2005,GL,2031.089736543744
MLI_SENE,2005,CL,1350.60813214827
MLI_SENE,2050,FRS,254.35152644967624
MLI_SENE,2050,GL,1462.241631394892
MLI_SENE,2050,CL,610.7884749226079
MLI_SENE,2100,FRS,283.25186646595193
MLI_SENE,2100,GL,1423.837763326152
MLI_SENE,2100,CL,83.70890679985763
MLT_MSII,2005,GL,26.760395147661757
MLT_MSII,2050,GL,26.809826824763206
MLT_MSII,2100,GL,26.87177630018481
MMR_BBCN,2005,FRS,3765.045864283493
MMR_BBCN,2005,GL,485.0043425029812
MMR_BBCN,2005,CL,252.98060482401505
MMR_BBCN,2050,FRS,3711.816145142207
MMR_BBCN,2050,GL,487.0908675203101
MMR_BBCN,2050,CL,291.75176197218275
MMR_BBCN,2100,FRS,3714.11421670611
MMR_BBCN,2100,GL,489.7863150573941
MMR_BBCN,2100,CL,262.0686828871278
MMR_IRRA,2005,FRS,25010.517224078536
MMR_IRRA,2005,GL,1390.056164277065
MMR_IRRA,2005,CL,6539.008109646466
MMR_IRRA,2050,FRS,22282.08012419288
MMR_IRRA,2050,GL,1284.2774418737908
MMR_IRRA,2050,CL,9264.647652684069
MMR_IRRA,2100,FRS,21673.11417576934
MMR_IRRA,2100,GL,1258.3939246116158
MMR_IRRA,2100,CL,9605.911117655916
MMR_PMAL,2005,FRS,3484.7678829905435
MMR_PMAL,2005,GL,1030.615731732843
MMR_PMAL,2005,CL,307.6639101169795
MMR_PMAL,2050,FRS,3369.7155831617365
MMR_PMAL,2050,GL,1023.775485821664
MMR_PMAL,2050,CL,414.3067469130249
MMR_PMAL,2100,FRS,3345.7874176304053
MMR_PMAL,2100,GL,1025.8870127467314
MMR_PMAL,2100,CL,418.01213732868274
MMR_SALW,2005,FRS,8176.03456492216
MMR_SALW,2005,GL,1349.1803685311838
MMR_SALW,2005,CL,915.3433942045416
MMR_SALW,2050,FRS,7960.818362462243
MMR_SALW,2050,GL,1302.7707975769783
MMR_SALW,2050,CL,1142.5259188072737
MMR_SALW,2100,FRS,7909.373728224429
MMR_SALW,2100,GL,1297.6694135215605
MMR_SALW,2100,CL,1102.633648584247
MMR_SITT,2005,FRS,3495.5653078540804
MMR_SITT,2005,GL,153.07618952133765
MMR_SITT,2005,CL,1271.5119324138082
MMR_SITT,2050,FRS,2995.9368734936893
MMR_SITT,2050,GL,175.46331542970552
MMR_SITT,2050,CL,1692.1412169101127
MMR_SITT,2100,FRS,2882.983903256833
MMR_SITT,2100,GL,175.14063553869872
MMR_SITT,2100,CL,1730.9330588836835
MNE_AGBS,2005,GL,7.042758680292674
MNE_AGBS,2005,CL,317.30653876973827
MNE_AGBS,2050,GL,361.1972195267297
MNE_AGBS,2050,CL,75.01165004149023
MNE_AGBS,2100,GL,438.0837872160598
MNE_AGBS,2100,CL,73.77484222651503
MNE_DANU,2005,CL,215.5075198935417
MNE_DANU,2050,GL,262.7320123886126
MNE_DANU,2050,CL,60.38391181751291
MNE_DANU,2100,GL,234.24314921583797
MNE_DANU,2100,CL,37.52426479974392
MNG_AMUR,2005,FRS,1999.721831484189
MNG_AMUR,2005,GL,137.09222595183445
MNG_AMUR,2005,CL,97.49449080997016
MNG_AMUR,2050,FRS,4024.962448362548
MNG_AMUR,2050,GL,725.3895075152503
MNG_AMUR,2050,CL,25.489318045948355
MNG_AMUR,2100,FRS,4057.410070353279
MNG_AMUR,2100,GL,726.5524904053946
MNG_AMUR,2100,CL,1.427495184720463
MNG_GOBI,2005,FRS,3812.948981137071
MNG_GOBI,2005,GL,9489.6312170579
MNG_GOBI,2005,CL,25.14475260218665
MNG_GOBI,2050,FRS,3029.336688373304
MNG_GOBI,2050,GL,15853.314719250136
MNG_GOBI,2050,CL,12.89348297649965
MNG_GOBI,2100,FRS,3028.42453940648
MNG_GOBI,2100,GL,15837.485079081034
MNG_GOBI,2100,CL,4.157836220304685
MNG_YENS,2005,FRS,3607.511525444036
MNG_YENS,2005,GL,53.30977042042626
MNG_YENS,2005,CL,85.41220383115515
MNG_YENS,2050,FRS,10375.618359135306
MNG_YENS,2050,GL,72.20187720624018
MNG_YENS,2050,CL,45.90586572190925
MNG_YENS,2100,FRS,10311.745316556917
MNG_YENS,2100,GL,72.2355806382418
MNG_YENS,2100,CL,9.286677111939264
MOZ_AECC,2005,FRS,1426.903021995338
MOZ_AECC,2005,GL,12022.318883741113
MOZ_AECC,2005,CL,2975.711656199111
MOZ_AECC,2050,FRS,483.07483367764735
MOZ_AECC,2050,GL,3807.8942307253615
MOZ_AECC,2050,CL,4778.963802497708
MOZ_AECC,2100,FRS,278.2417711472688
MOZ_AECC,2100,GL,1406.9377504319514
MOZ_AECC,2100,CL,2580.792401268726
MOZ_AIOC,2005,FRS,127.45076796126054
MOZ_AIOC,2005,GL,5811.385033900717
MOZ_AIOC,2005,CL,1041.430179911926
MOZ_AIOC,2050,FRS,21.8500916302876
MOZ_AIOC,2050,GL,2200.819567571106
MOZ_AIOC,2050,CL,1455.5317597165067
MOZ_AIOC,2100,FRS,0.3634561086012
MOZ_AIOC,2100,GL,913.9661883564224
MOZ_AIOC,2100,CL,1306.259721082694
MOZ_LIMP,2005,FRS,67.88331319125076
MOZ_LIMP,2005,GL,4403.028613382823
MOZ_LIMP,2005,CL,475.6299600650645
MOZ_LIMP,2050,GL,1776.8845229564747
MOZ_LIMP,2050,CL,868.1623108481384
MOZ_LIMP,2100,GL,426.8485577305368
MOZ_LIMP,2100,CL,1106.256953043471
MOZ_ZAMB,2005,FRS,194.83574386432855
MOZ_ZAMB,2005,GL,2923.634472634547
MOZ_ZAMB,2005,CL,487.2538962731476
MOZ_ZAMB,2050,FRS,77.49924084317047
MOZ_ZAMB,2050,GL,800.8370083048557
MOZ_ZAMB,2050,CL,749.1558640520417
MOZ_ZAMB,2100,FRS,7.426123879473716
MOZ_ZAMB,2100,GL,467.2424335057252
MOZ_ZAMB,2100,CL,343.4256756931125
MRT_ANIN,2005,FRS,228.08048618699365
MRT_ANIN,2005,GL,45054.92096395636
MRT_ANIN,2005,CL,15.355434663311652
MRT_ANIN,2050,FRS,130.3073914266405
MRT_ANIN,2050,GL,41098.75880060099
MRT_ANIN,2050,CL,4.381272436731811
MRT_ANIN,2100,FRS,132.03456747417974
MRT_ANIN,2100,GL,41089.5455618292
MRT_ANIN,2100,CL,0.6396966998905338
MRT_ANWC,2005,FRS,126.0485084182275
MRT_ANWC,2005,GL,24712.725432107385
MRT_ANWC,2005,CL,8.945035059201825
MRT_ANWC,2050,FRS,102.53846932560003
MRT_ANWC,2050,GL,22041.946777845704
MRT_ANWC,2050,CL,10.366748283495587
MRT_ANWC,2100,FRS,102.66514149526108
MRT_ANWC,2100,GL,22029.99680743602
MRT_ANWC,2100,CL,7.857280663127385
MRT_SENE,2005,FRS,7.348025051145988
MRT_SENE,2005,GL,4120.069762084868
MRT_SENE,2005,CL,255.99640953607252
MRT_SENE,2050,FRS,7.039453315250369
MRT_SENE,2050,GL,3605.459674318808
MRT_SENE,2050,CL,191.17774916871383
MRT_SENE,2100,FRS,5.944813651596601
MRT_SENE,2100,GL,3732.7602210492137
MRT_SENE,2100,CL,112.46456541937982
MWI_AECC,2005,FRS,25.408294382337388
MWI_AECC,2005,GL,56.32849983195963
MWI_AECC,2005,CL,138.4191170508819
MWI_AECC,2050,GL,1.36616718071856
MWI_AECC,2050,CL,147.8061546554166
MWI_AECC,2100,GL,2.2999010067260928
MWI_AECC,2100,CL,108.58070035334428
MWI_ZAMB,2005,FRS,121.20381184828244
MWI_ZAMB,2005,GL,3297.114812657168
MWI_ZAMB,2005,CL,2195.3836264846423
MWI_ZAMB,2050,FRS,114.50018637397274
MWI_ZAMB,2050,GL,833.1103067244101
MWI_ZAMB,2050,CL,3173.8181561825854
MWI_ZAMB,2100,FRS,106.7476600401645
MWI_ZAMB,2100,GL,771.0183780567464
MWI_ZAMB,2100,CL,3376.681430729843
MYS_NBCO,2005,FRS,14120.786768524817
MYS_NBCO,2005,GL,1490.4782647037043
MYS_NBCO,2005,CL,2558.8674243732603
MYS_NBCO,2050,FRS,14109.792894974602
MYS_NBCO,2050,GL,1462.2535670932014
MYS_NBCO,2050,CL,2639.430707041645
MYS_NBCO,2100,FRS,14828.978533465424
MYS_NBCO,2100,GL,1530.8527933777116
MYS_NBCO,2100,CL,1824.0967547858183
MYS_PMAL,2005,FRS,7945.095168848877
MYS_PMAL,2005,GL,1617.2171092840856
MYS_PMAL,2005,CL,2827.2997679195696
MYS_PMAL,2050,FRS,7631.55567648483
MYS_PMAL,2050,GL,1665.8606577587043
MYS_PMAL,2050,CL,2957.4327441813984
MYS_PMAL,2100,FRS,7842.193362477778
MYS_PMAL,2100,GL,1860.8857633221464
MYS_PMAL,2100,CL,2207.8565429870823
NAM_ASII,2005,FRS,1669.5567256914728
NAM_ASII,2005,GL,7927.682866586008
NAM_ASII,2005,CL,695.3322320129512
NAM_ASII,2050,FRS,1313.623521109527
NAM_ASII,2050,GL,5549.257012180857
NAM_ASII,2050,CL,190.25926178433133
NAM_ASII,2100,FRS,1304.2593331281282
NAM_ASII,2100,GL,5496.113527130335
NAM_ASII,2100,CL,9.350537450040155
NAM_NAMC,2005,FRS,3350.761605647579
NAM_NAMC,2005,GL,16251.9197286487
NAM_NAMC,2005,CL,46.35235595460119
NAM_NAMC,2050,FRS,2397.9390357977736
NAM_NAMC,2050,GL,14549.485836750602
NAM_NAMC,2050,CL,16.17121902490472
NAM_NAMC,2100,FRS,2391.154672546518
NAM_NAMC,2100,GL,14519.083813281271
NAM_NAMC,2100,CL,0.6383111675639684
NAM_ORAN,2005,FRS,1825.723773521005
NAM_ORAN,2005,GL,9808.567406904052
NAM_ORAN,2005,CL,8.775067646532827
NAM_ORAN,2050,FRS,1458.8715671601578
NAM_ORAN,2050,GL,8766.10675300628
NAM_ORAN,2050,CL,3.865058126456935
NAM_ORAN,2100,FRS,1453.270112123221
NAM_ORAN,2100,GL,8737.5053073697
NAM_ORAN,2100,CL,2.5470034451176344
NER_LCHA,2005,FRS,851.8288942044481
NER_LCHA,2005,GL,52961.731341848266
NER_LCHA,2005,CL,1806.005353595698
NER_LCHA,2050,FRS,256.57425276588435
NER_LCHA,2050,GL,48606.14142747867
NER_LCHA,2050,CL,3297.2621428968614
NER_LCHA,2100,FRS,490.7518521015879
NER_LCHA,2100,GL,48624.57795334318
NER_LCHA,2100,CL,2077.293332829955
NER_NIGE,2005,FRS,325.0558775659539
NER_NIGE,2005,GL,19908.305957542183
NER_NIGE,2005,CL,8711.276901413425
NER_NIGE,2050,FRS,233.8305663580352
NER_NIGE,2050,GL,18205.24718358631
NER_NIGE,2050,CL,11089.31900072061
NER_NIGE,2100,FRS,435.255936738961
NER_NIGE,2100,GL,18362.650257170662
NER_NIGE,2100,CL,8738.568014009965
NGA_AFWC,2005,FRS,1191.2316912467786
NGA_AFWC,2005,GL,1617.7905481777436
NGA_AFWC,2005,CL,2735.654023161231
NGA_AFWC,2050,FRS,111.04999240656758
NGA_AFWC,2050,GL,435.9380762784687
NGA_AFWC,2050,CL,1591.431257748874
NGA_AFWC,2100,FRS,113.18700228049116
NGA_AFWC,2100,GL,293.44864167509587
NGA_AFWC,2100,CL,146.53668697911067
NGA_GFGU,2005,FRS,1936.31067041254
NGA_GFGU,2005,GL,57.69195610856245
NGA_GFGU,2005,CL,1613.135117600604
NGA_GFGU,2050,FRS,309.7769749775281
NGA_GFGU,2050,GL,47.33844301198324
NGA_GFGU,2050,CL,1053.4757190206692
NGA_GFGU,2100,FRS,308.2995776377401
NGA_GFGU,2100,GL,47.40747725260404
NGA_GFGU,2100,CL,214.98010554865527
NGA_LCHA,2005,FRS,1.177827576965813
NGA_LCHA,2005,GL,897.5325339333014
NGA_LCHA,2005,CL,8494.941791867257
NGA_LCHA,2050,GL,1518.975076835213
NGA_LCHA,2050,CL,4867.842011382321
NGA_LCHA,2100,GL,1645.6426384114252
NGA_LCHA,2100,CL,3404.3306441549225
NGA_NIGE,2005,FRS,2361.8173564061376
NGA_NIGE,2005,GL,5497.105737166942
NGA_NIGE,2005,CL,22833.217992892434
NGA_NIGE,2050,FRS,458.3312622656175
NGA_NIGE,2050,GL,637.0780401880604
NGA_NIGE,2050,CL,12074.249819679178
NGA_NIGE,2100,FRS,427.4239051351745
NGA_NIGE,2100,GL,772.5309161762198
NGA_NIGE,2100,CL,2479.6995186644976
NIC_SCAM,2005,FRS,5679.8873265492
NIC_SCAM,2005,GL,829.2105044798767
NIC_SCAM,2005,CL,814.0019254566567
NIC_SCAM,2050,FRS,4781.112011127748
NIC_SCAM,2050,GL,774.477323894758
NIC_SCAM,2050,CL,995.40102931892
NIC_SCAM,2100,FRS,7045.164119906455
NIC_SCAM,2100,GL,1197.0873764894811
NIC_SCAM,2100,CL,1343.345995919674
NLD_MAAS,2005,FRS,2.965895255241499
NLD_MAAS,2005,GL,98.7092555445934
NLD_MAAS,2005,CL,112.69837870113992
NLD_MAAS,2050,GL,40.34591206083203
NLD_MAAS,2050,CL,162.16191075655382
NLD_MAAS,2100,GL,0.055522814570492
NLD_MAAS,2100,CL,163.17378507218373
NLD_RHIN,2005,FRS,166.66321106493396
NLD_RHIN,2005,GL,817.7494115319595
NLD_RHIN,2005,CL,420.91732802857246
NLD_RHIN,2050,FRS,94.54853820054632
NLD_RHIN,2050,GL,651.2336704307169
NLD_RHIN,2050,CL,728.0705113113659
NLD_RHIN,2100,FRS,47.1959848029345
NLD_RHIN,2100,GL,385.4841581275263
NLD_RHIN,2100,CL,925.0763950316928
NLD_SCHE,2005,FRS,10.426008502762558
NLD_SCHE,2005,GL,54.0437581266111
NLD_SCHE,2005,CL,43.88698029036506
NLD_SCHE,2050,GL,45.86667040278181
NLD_SCHE,2050,CL,60.33371912336064
NLD_SCHE,2100,GL,50.91551876850121
NLD_SCHE,2100,CL,45.520646520131855
NOR_SNCC,2005,FRS,24684.785697511878
NOR_SNCC,2005,GL,3916.615743549733
NOR_SNCC,2005,CL,720.3417919527737
NOR_SNCC,2050,FRS,24623.041836560136
NOR_SNCC,2050,GL,3934.510535284664
NOR_SNCC,2050,CL,644.5242043982523
NOR_SNCC,2100,FRS,24144.807485920333
NOR_SNCC,2100,GL,3848.985106718583
NOR_SNCC,2100,CL,1068.7433948785826
NOR_SWED,2005,FRS,803.2513493431934
NOR_SWED,2005,GL,0.033197255713651
NOR_SWED,2005,CL,9.272756715585016
NOR_SWED,2050,FRS,804.5958919648582
NOR_SWED,2050,GL,0.0416091450546666
NOR_SWED,2050,CL,7.910641165563849
NOR_SWED,2100,FRS,801.1291352573136
NOR_SWED,2100,GL,0.0417671544662666
NOR_SWED,2100,CL,10.745253844290378
NPL_GABR,2005,FRS,8936.932655815273
NPL_GABR,2005,GL,67.31624987869358
NPL_GABR,2005,CL,1928.3860140813956
NPL_GABR,2050,FRS,9235.115918495812
NPL_GABR,2050,GL,83.43013913431548
NPL_GABR,2050,CL,2069.8027839950446
NPL_GABR,2100,FRS,9558.015186473714
NPL_GABR,2100,GL,90.39687097753698
NPL_GABR,2100,CL,1850.387357823705
NZL_NZLZ,2005,FRS,12632.922462297818
NZL_NZLZ,2005,GL,3470.143116604858
NZL_NZLZ,2005,CL,504.6425542627071
NZL_NZLZ,2050,FRS,10862.049751308734
NZL_NZLZ,2050,GL,3604.508590307457
NZL_NZLZ,2050,CL,465.69606142322
NZL_NZLZ,2100,FRS,5752.0414458993455
NZL_NZLZ,2100,GL,3170.5727731106176
NZL_NZLZ,2100,CL,237.4088817827423
OMN_ARPA,2005,FRS,271.5339235121607
OMN_ARPA,2005,GL,28432.378195870064
OMN_ARPA,2005,CL,44.670268322300565
OMN_ARPA,2050,FRS,242.5784943261384
OMN_ARPA,2050,GL,27136.663636774967
OMN_ARPA,2050,CL,38.53666847357947
OMN_ARPA,2100,FRS,269.0449781014834
OMN_ARPA,2100,GL,28412.58545698798
OMN_ARPA,2100,CL,21.212494551608152
PAK_ASAC,2005,FRS,5.38421534893613
PAK_ASAC,2005,GL,9612.801580545309
PAK_ASAC,2005,CL,265.906303796211
PAK_ASAC,2050,GL,9168.487456852095
PAK_ASAC,2050,CL,526.3792574624608
PAK_ASAC,2100,FRS,0.6213735377833963
PAK_ASAC,2100,GL,8686.355096707703
PAK_ASAC,2100,CL,1169.20348129245
PAK_HAMU,2005,FRS,3.2776533972221404
PAK_HAMU,2005,GL,9450.863730365856
PAK_HAMU,2005,CL,115.20213462485718
PAK_HAMU,2050,FRS,1.1645839422776
PAK_HAMU,2050,GL,9455.515010158388
PAK_HAMU,2050,CL,135.07002560293665
PAK_HAMU,2100,FRS,1.5118890377827177
PAK_HAMU,2100,GL,9574.377857463938
PAK_HAMU,2100,CL,144.27380361732847
PAK_INDU,2005,FRS,1479.036400587342
PAK_INDU,2005,GL,24672.82568699253
PAK_INDU,2005,CL,8363.611212926173
PAK_INDU,2050,FRS,1320.7008970307445
PAK_INDU,2050,GL,21103.719104611817
PAK_INDU,2050,CL,11938.097822541778
PAK_INDU,2100,FRS,1335.0395728800995
PAK_INDU,2100,GL,20093.607944661664
PAK_INDU,2100,CL,14641.82185431894
PAK_SABA,2005,FRS,0.1613823601649053
PAK_SABA,2005,GL,5616.924744523386
PAK_SABA,2005,CL,2014.7158618860144
PAK_SABA,2050,GL,4577.950549115624
PAK_SABA,2050,CL,3116.845211216494
PAK_SABA,2100,FRS,0.0011580726729479
PAK_SABA,2100,GL,4461.454576515571
PAK_SABA,2100,CL,3608.046327026641
PAN_CEPC,2005,FRS,1679.7714974822268
PAN_CEPC,2005,GL,150.50515234866998
PAN_CEPC,2005,CL,112.31121792289596
PAN_CEPC,2050,FRS,1635.424910044194
PAN_CEPC,2050,GL,140.4996585260297
PAN_CEPC,2050,CL,122.25710665667548
PAN_CEPC,2100,FRS,1652.6979762882056
PAN_CEPC,2100,GL,138.93099902502914
PAN_CEPC,2100,CL,94.50948573674314
PAN_SCAM,2005,FRS,2341.918662621127
PAN_SCAM,2005,GL,662.9488931142415
PAN_SCAM,2005,CL,283.954019582807
PAN_SCAM,2050,FRS,2233.3003525004483
PAN_SCAM,2050,GL,690.5321997879593
PAN_SCAM,2050,CL,348.0508635159615
PAN_SCAM,2100,FRS,2508.006733848096
PAN_SCAM,2100,GL,779.833694747838
PAN_SCAM,2100,CL,374.7361656294901
PER_AMAZ,2005,FRS,70105.68846137021
PER_AMAZ,2005,GL,10311.822156907334
PER_AMAZ,2005,CL,1112.501861537778
PER_AMAZ,2050,FRS,69894.47793935222
PER_AMAZ,2050,GL,11179.570868882573
PER_AMAZ,2050,CL,1827.8516429676256
PER_AMAZ,2100,FRS,70372.86326551985
PER_AMAZ,2100,GL,12500.60435688548
PER_AMAZ,2100,CL,1589.773465221926
PER_PERU,2005,FRS,1766.6101217318924
PER_PERU,2005,GL,17343.726855479043
PER_PERU,2005,CL,1040.3057589339817
PER_PERU,2050,FRS,1924.0767517618488
PER_PERU,2050,GL,19039.793152709928
PER_PERU,2050,CL,1901.861641581488
PER_PERU,2100,FRS,2124.651922602975
PER_PERU,2100,GL,21401.65249619163
PER_PERU,2100,CL,1883.3654688949653
PHL_PHIL,2005,FRS,13102.623892976031
PHL_PHIL,2005,GL,7187.467284110165
PHL_PHIL,2005,CL,8246.263470007865
PHL_PHIL,2050,FRS,11183.28065363625
PHL_PHIL,2050,GL,6944.924761051086
PHL_PHIL,2050,CL,10862.439109975996
PHL_PHIL,2100,FRS,10434.172071098048
PHL_PHIL,2100,GL,6991.815262108018
PHL_PHIL,2100,CL,9140.143326886042
PNG_FLYY,2005,FRS,5059.139921194286
PNG_FLYY,2005,CL,42.05352084297651
PNG_FLYY,2050,FRS,5057.931354116345
PNG_FLYY,2050,CL,45.36439565189061
PNG_FLYY,2100,FRS,5063.515742282867
PNG_FLYY,2100,CL,39.2072341143021
PNG_IRJA,2005,FRS,2336.3293450148108
PNG_IRJA,2005,GL,762.7123064776393
PNG_IRJA,2005,CL,46.79496633305739
PNG_IRJA,2050,FRS,2332.415265535945
PNG_IRJA,2050,GL,763.9487584870952
PNG_IRJA,2050,CL,62.28514810932771
PNG_IRJA,2100,FRS,2332.818690331777
PNG_IRJA,2100,GL,764.1763664312482
PNG_IRJA,2100,CL,61.04661378538859
PNG_PNGC,2005,FRS,21946.72541581205
PNG_PNGC,2005,GL,5941.043872821861
PNG_PNGC,2005,CL,422.56569967158254
PNG_PNGC,2050,FRS,21530.85916294733
PNG_PNGC,2050,GL,5933.945281173124
PNG_PNGC,2050,CL,651.6761878383106
PNG_PNGC,2100,FRS,20977.083182132406
PNG_PNGC,2100,GL,5948.66596755864
PNG_PNGC,2100,CL,633.768848895139
PNG_SEPI,2005,FRS,6457.002190302225
PNG_SEPI,2005,GL,47.23439054405711
PNG_SEPI,2005,CL,157.97168873164077
PNG_SEPI,2050,FRS,6412.213962682265
PNG_SEPI,2050,GL,47.23711441238672
PNG_SEPI,2050,CL,211.03797469286664
PNG_SEPI,2100,FRS,6420.202314693221
PNG_SEPI,2100,GL,47.23711441238672
PNG_SEPI,2100,CL,202.79129044615829
POL_ODER,2005,FRS,10.002195080204894
POL_ODER,2005,GL,5006.012896981857
POL_ODER,2005,CL,3265.1452718482924
POL_ODER,2050,FRS,10.552352021524946
POL_ODER,2050,GL,4860.847028129707
POL_ODER,2050,CL,3681.05360117988
POL_ODER,2100,FRS,10.519355016325283
POL_ODER,2100,GL,4802.540194761446
POL_ODER,2100,CL,3951.685026647398
POL_PLCO,2005,FRS,315.81485325769097
POL_PLCO,2005,GL,982.6078996799924
POL_PLCO,2005,CL,761.4652714802878
POL_PLCO,2050,FRS,303.3962610214262
POL_PLCO,2050,GL,1013.0359909003572
POL_PLCO,2050,CL,874.821544366998
POL_PLCO,2100,FRS,301.62200850118984
POL_PLCO,2100,GL,1073.218863237298
POL_PLCO,2100,CL,903.5426575751588
POL_WISL,2005,FRS,352.9947766072649
POL_WISL,2005,GL,7278.132823054055
POL_WISL,2005,CL,5210.44443810637
POL_WISL,2050,FRS,169.60129722428542
POL_WISL,2050,GL,7425.523920288594
POL_WISL,2050,CL,5728.037438181827
POL_WISL,2100,FRS,174.68652026769254
POL_WISL,2100,GL,7376.681443971757
POL_WISL,2100,CL,6206.677972238812
PRK_AMUR,2005,FRS,0.2817784533821896
PRK_AMUR,2050,FRS,0.281204383992294
PRK_AMUR,2100,FRS,0.2801900041934919
PRK_BHKN,2005,FRS,2337.6776943557425
PRK_BHKN,2005,GL,3.510242039301173
PRK_BHKN,2050,FRS,2323.426929058949
PRK_BHKN,2050,GL,3.5102601230420585
PRK_BHKN,2100,FRS,2286.017098307545
PRK_BHKN,2100,GL,3.5102601230420585
PRK_NSKU,2005,FRS,4974.494473410593
PRK_NSKU,2005,GL,766.3004539492358
PRK_NSKU,2050,FRS,4929.696684863852
PRK_NSKU,2050,GL,763.515710620684
PRK_NSKU,2100,FRS,4792.893869283607
PRK_NSKU,2100,GL,763.0315438314461
PRK_RSEC,2005,FRS,485.4063915834268
PRK_RSEC,2005,GL,7.144122365943005
PRK_RSEC,2050,FRS,483.8442588709813
PRK_RSEC,2050,GL,7.144150715267671
PRK_RSEC,2100,FRS,482.8085919894057
PRK_RSEC,2100,GL,7.144150715267671
PRT_DOUR,2005,FRS,550.2857501602841
PRT_DOUR,2005,GL,310.7422214236786
PRT_DOUR,2005,CL,187.1808591170773
PRT_DOUR,2050,FRS,651.8868045407997
PRT_DOUR,2050,GL,358.7849624260504
PRT_DOUR,2050,CL,134.02335016031586
PRT_DOUR,2100,FRS,713.6566590735623
PRT_DOUR,2100,GL,382.3042773475792
PRT_DOUR,2100,CL,72.37946634248661
PRT_GUAD,2005,FRS,3.162418354405671
PRT_GUAD,2005,GL,512.5031262993482
PRT_GUAD,2005,CL,195.49731529387884
PRT_GUAD,2050,FRS,4.464106594172181
PRT_GUAD,2050,GL,739.4888365109571
PRT_GUAD,2050,CL,151.86454529116347
PRT_GUAD,2100,FRS,5.798380329134749
PRT_GUAD,2100,GL,848.4639515166422
PRT_GUAD,2100,CL,96.72828659411718
PRT_SPAC,2005,FRS,760.8267959459486
PRT_SPAC,2005,GL,941.8742763123818
PRT_SPAC,2005,CL,528.9252206854148
PRT_SPAC,2050,FRS,958.3361689286172
PRT_SPAC,2050,GL,1161.9326930015184
PRT_SPAC,2050,CL,406.52055340165975
PRT_SPAC,2100,FRS,1007.5654254021946
PRT_SPAC,2100,GL,1207.220834730991
PRT_SPAC,2100,CL,266.4220371554419
PRT_TAGU,2005,FRS,177.49324267650965
PRT_TAGU,2005,GL,584.0851999770815
PRT_TAGU,2005,CL,176.29404129701018
PRT_TAGU,2050,FRS,195.35001745277563
PRT_TAGU,2050,GL,710.6848607859858
PRT_TAGU,2050,CL,148.2433306369577
PRT_TAGU,2100,FRS,184.9624498313011
PRT_TAGU,2100,GL,762.3015554501154
PRT_TAGU,2100,CL,85.80650083019988
PRY_LAPL,2005,FRS,3707.72831119969
PRY_LAPL,2005,GL,13866.07729253142
PRY_LAPL,2005,CL,3353.750573397167
PRY_LAPL,2050,FRS,1070.2865877706724
PRY_LAPL,2050,GL,8509.142958218255
PRY_LAPL,2050,CL,3997.214145485265
PRY_LAPL,2100,FRS,1687.8146949748764
PRY_LAPL,2100,GL,9459.75210954018
PRY_LAPL,2100,CL,3924.470764935123
QAT_ARPA,2005,GL,880.1762664963429
QAT_ARPA,2050,GL,876.4844989926265
QAT_ARPA,2100,GL,868.1549080780198
ROU_DANU,2005,FRS,3610.259579661557
ROU_DANU,2005,GL,4922.2831076777575
ROU_DANU,2005,CL,8157.556321756026
ROU_DANU,2050,FRS,3689.1143132659
ROU_DANU,2050,GL,5554.99729992328
ROU_DANU,2050,CL,8116.21100553636
ROU_DANU,2100,FRS,3836.49361884436
ROU_DANU,2100,GL,6335.023964699177
ROU_DANU,2100,CL,6970.70675433861
RUS_AMUR,2005,FRS,83834.54147872182
RUS_AMUR,2005,GL,3070.1041932586427
RUS_AMUR,2005,CL,3877.016091417987
RUS_AMUR,2050,FRS,87881.57276862396
RUS_AMUR,2050,GL,3662.5809826399886
RUS_AMUR,2050,CL,3538.112584769113
RUS_AMUR,2100,FRS,94862.50664610905
RUS_AMUR,2100,GL,4567.829550275052
RUS_AMUR,2100,CL,3254.203276840792
RUS_LENA,2005,FRS,114625.0049038209
RUS_LENA,2005,GL,115337.16096594578
RUS_LENA,2005,CL,0.3377581573004624
RUS_LENA,2050,FRS,114629.56671271044
RUS_LENA,2050,GL,115331.62346192282
RUS_LENA,2050,CL,6.4437933946635
RUS_LENA,2100,FRS,114617.69229803848
RUS_LENA,2100,GL,115322.3741770339
RUS_LENA,2100,CL,6.1243389717109
RUS_OBBB,2005,FRS,147250.0233184386
RUS_OBBB,2005,GL,12321.154086143992
RUS_OBBB,2005,CL,26831.927292366763
RUS_OBBB,2050,FRS,147582.29120168745
RUS_OBBB,2050,GL,15103.646884450864
RUS_OBBB,2050,CL,28972.08033231188
RUS_OBBB,2100,FRS,147041.6404789356
RUS_OBBB,2100,GL,16156.095439639936
RUS_OBBB,2100,CL,31701.63915214563
RUS_SNCO,2005,FRS,138239.29252849525
RUS_SNCO,2005,GL,108295.64313034526
RUS_SNCO,2050,FRS,138199.5097346348
RUS_SNCO,2050,GL,108284.1246174896
RUS_SNCO,2100,FRS,138118.4132500732
RUS_SNCO,2100,GL,108261.7130351316
RUS_SWCO,2005,FRS,76974.60235666511
RUS_SWCO,2005,GL,211154.55004747587
RUS_SWCO,2050,FRS,76969.55937366492
RUS_SWCO,2050,GL,211150.7093307569
RUS_SWCO,2100,FRS,76959.45445241928
RUS_SWCO,2100,GL,211139.7550937149
RUS_VOLG,2005,FRS,118652.4016185448
RUS_VOLG,2005,GL,38146.793256089884
RUS_VOLG,2005,CL,71846.29031496067
RUS_VOLG,2050,FRS,112656.0779189596
RUS_VOLG,2050,GL,49696.17310921556
RUS_VOLG,2050,CL,76922.3468853065
RUS_VOLG,2100,FRS,110458.60008958842
RUS_VOLG,2100,GL,54693.27731989991
RUS_VOLG,2100,CL,75401.60029461507
RUS_YENS,2005,FRS,167520.13640816254
RUS_YENS,2005,GL,32706.22018885114
RUS_YENS,2005,CL,3450.11827324925
RUS_YENS,2050,FRS,169250.95500269413
RUS_YENS,2050,GL,33689.19631657644
RUS_YENS,2050,CL,3116.419300098055
RUS_YENS,2100,FRS,171616.2870286748
RUS_YENS,2100,GL,34946.51011268365
RUS_YENS,2100,CL,2686.3974716757198
RWA_CONG,2005,FRS,35.126077971089565
RWA_CONG,2005,GL,15.835322728950686
RWA_CONG,2005,CL,90.73203449146295
RWA_CONG,2050,FRS,4.248276458080528
RWA_CONG,2050,GL,9.977874209137244
RWA_CONG,2050,CL,75.68429474297278
RWA_CONG,2100,FRS,4.045358511142975
RWA_CONG,2100,GL,37.341116838593045
RWA_CONG,2100,CL,18.53691400366169
RWA_NILE,2005,FRS,119.03160944207306
RWA_NILE,2005,GL,235.74874526358883
RWA_NILE,2005,CL,608.6845971899704
RWA_NILE,2050,FRS,11.149414223719578
RWA_NILE,2050,GL,25.52424578079634
RWA_NILE,2050,CL,299.5708830993527
RWA_NILE,2100,FRS,7.31632708645051
RWA_NILE,2100,GL,55.39078752504776
RWA_NILE,2100,CL,55.9072722226383
SAU_ARPA,2005,FRS,1476.993456215618
SAU_ARPA,2005,GL,48200.47252030667
SAU_ARPA,2005,CL,917.201527404
SAU_ARPA,2050,FRS,1295.2967891617616
SAU_ARPA,2050,GL,43429.0027114464
SAU_ARPA,2050,CL,195.0521518843704
SAU_ARPA,2100,FRS,1292.0140464696092
SAU_ARPA,2100,GL,43284.98650359069
SAU_ARPA,2100,CL,121.34175764288145
SAU_RSEE,2005,FRS,569.5360017600382
SAU_RSEE,2005,GL,6361.647810361782
SAU_RSEE,2005,CL,407.5812918251153
SAU_RSEE,2050,FRS,319.4956450966262
SAU_RSEE,2050,GL,5265.868821193858
SAU_RSEE,2050,CL,180.5315827625648
SAU_RSEE,2100,FRS,338.7363818062562
SAU_RSEE,2100,GL,5158.060023681698
SAU_RSEE,2100,CL,105.23936408062106
SDN_ANIN,2005,FRS,7434.8319494760035
SDN_ANIN,2005,GL,17730.35004637285
SDN_ANIN,2005,CL,3.87761234937072
SDN_ANIN,2050,FRS,5136.987200862222
SDN_ANIN,2050,GL,17028.783183697535
SDN_ANIN,2050,CL,4.1647310548182
SDN_ANIN,2100,FRS,5132.586787831521
SDN_ANIN,2100,GL,17005.063580266597
SDN_ANIN,2100,CL,1.041958799462949
SDN_ARGA,2005,FRS,1168.582260011247
SDN_ARGA,2005,GL,4028.902761532253
SDN_ARGA,2005,CL,11.6455273499601
SDN_ARGA,2050,FRS,767.1847760339972
SDN_ARGA,2050,GL,3585.2222415598385
SDN_ARGA,2050,CL,2.292079197337528
SDN_ARGA,2100,FRS,766.7305184170851
SDN_ARGA,2100,GL,3584.134314493548
SDN_ARGA,2100,CL,1.004043680717677
SDN_LCHA,2005,FRS,170.31877980324893
SDN_LCHA,2005,GL,1236.707429139096
SDN_LCHA,2005,CL,825.6780977054972
SDN_LCHA,2050,FRS,111.08832852374216
SDN_LCHA,2050,GL,895.2140586067075
SDN_LCHA,2050,CL,234.85701987847904
SDN_LCHA,2100,FRS,102.95192350781032
SDN_LCHA,2100,GL,928.8952528737556
SDN_LCHA,2100,CL,37.67043650579801
SDN_NILE,2005,FRS,11404.511225494218
SDN_NILE,2005,GL,37972.167257842906
SDN_NILE,2005,CL,21169.2652797847
SDN_NILE,2050,FRS,11518.316237394763
SDN_NILE,2050,GL,31298.04845498754
SDN_NILE,2050,CL,3204.8658693239167
SDN_NILE,2100,FRS,12424.973153058818
SDN_NILE,2100,GL,30790.073455944806
SDN_NILE,2100,CL,815.4874641821024
SEN_AFWC,2005,FRS,4296.119364402293
SEN_AFWC,2005,GL,1642.108076548214
SEN_AFWC,2005,CL,1303.481041827006
SEN_AFWC,2050,FRS,1059.1265050061136
SEN_AFWC,2050,GL,884.4513313976914
SEN_AFWC,2050,CL,1491.4072326659352
SEN_AFWC,2100,FRS,843.0082757025747
SEN_AFWC,2100,GL,725.4155039348132
SEN_AFWC,2100,CL,1257.1325275949432
SEN_SENE,2005,FRS,3084.638478083532
SEN_SENE,2005,GL,673.956072500597
SEN_SENE,2005,CL,320.6390184117173
SEN_SENE,2050,FRS,658.6260138469419
SEN_SENE,2050,GL,8.27534881079321
SEN_SENE,2050,CL,412.1650119647104
SEN_SENE,2100,FRS,730.7657612589626
SEN_SENE,2100,GL,135.64620266671534
SEN_SENE,2100,CL,314.1027162154231
SLB_SOLI,2005,FRS,318.0561948905884
SLB_SOLI,2005,GL,2017.015554847414
SLB_SOLI,2005,CL,37.88298347833322
SLB_SOLI,2050,FRS,317.4486989960922
SLB_SOLI,2050,GL,1997.917739791014
SLB_SOLI,2050,CL,55.357146383774726
SLB_SOLI,2100,FRS,316.8538647362808
SLB_SOLI,2100,GL,2001.9503392931888
SLB_SOLI,2100,CL,48.51858034813744
SLB_SPII,2005,FRS,75.0041844322586
SLB_SPII,2005,GL,401.0207641914795
SLB_SPII,2050,FRS,74.89189124984003
SLB_SPII,2050,GL,400.42282499923925
SLB_SPII,2100,FRS,74.7618086249157
SLB_SPII,2100,GL,399.3490213676061
SLE_AFWC,2005,FRS,2214.6028419562003
SLE_AFWC,2005,GL,237.88980185934136
SLE_AFWC,2005,CL,1840.713108898322
SLE_AFWC,2050,FRS,1052.8972762721696
SLE_AFWC,2050,GL,266.8113497171273
SLE_AFWC,2050,CL,1378.3454612808032
SLE_AFWC,2100,FRS,981.4048069429284
SLE_AFWC,2100,GL,271.53477940060867
SLE_AFWC,2100,CL,833.1557543809527
SLV_SCAM,2005,FRS,443.8411627317457
SLV_SCAM,2005,GL,121.56294908911636
SLV_SCAM,2005,CL,687.7582298758032
SLV_SCAM,2050,FRS,348.245473041893
SLV_SCAM,2050,GL,163.53609521695012
SLV_SCAM,2050,CL,765.2191619939308
SLV_SCAM,2100,FRS,426.12229720468986
SLV_SCAM,2100,GL,290.9724172418105
SLV_SCAM,2100,CL,758.9720765008454
SOM_AECC,2005,GL,319.50116618931963
SOM_AECC,2050,GL,306.64611927651407
SOM_AECC,2100,GL,292.6738335253168
SOM_ARGA,2005,GL,15293.343780727197
SOM_ARGA,2050,GL,15227.939217755524
SOM_ARGA,2100,GL,15096.496632852892
SOM_RIFT,2005,GL,0.957414399172034
SOM_RIFT,2050,GL,0.9533200730028462
SOM_RIFT,2100,GL,0.9497488286416496
SOM_SHJU,2005,GL,2975.8555794879403
SOM_SHJU,2050,GL,2968.049912275492
SOM_SHJU,2100,GL,2961.183844704945
SRB_DANU,2005,FRS,415.0427564097423
SRB_DANU,2005,GL,2164.910565366176
SRB_DANU,2005,CL,3045.363554515832
SRB_DANU,2050,FRS,375.3181274853396
SRB_DANU,2050,GL,2009.6846934175408
SRB_DANU,2050,CL,3476.31963587079
SRB_DANU,2100,FRS,390.6655137212121
SRB_DANU,2100,GL,1715.0760759012144
SRB_DANU,2100,CL,3813.761526908397
SSD_NILE,2005,FRS,1312.7707842448722
SSD_NILE,2005,GL,20510.717994973867
SSD_NILE,2050,FRS,1312.349622400034
SSD_NILE,2050,GL,20506.573202407584
SSD_NILE,2100,FRS,1311.6699286922346
SSD_NILE,2100,GL,20500.7361819096
STP_GFGU,2005,GL,106.42300264563752
STP_GFGU,2050,GL,106.20676347141472
STP_GFGU,2100,GL,105.33466550262912
SUR_NESO,2005,FRS,13176.71034716614
SUR_NESO,2005,GL,3.1943903690589384
SUR_NESO,2005,CL,41.94660139310684
SUR_NESO,2050,FRS,13112.782473376694
SUR_NESO,2050,GL,2.663077388015607
SUR_NESO,2050,CL,90.26588320055156
SUR_NESO,2100,FRS,13121.028214106058
SUR_NESO,2100,GL,1.3239203486156308
SUR_NESO,2100,CL,56.69114106381363
SVK_DANU,2005,FRS,1985.658066312447
SVK_DANU,2005,GL,267.6802835521038
SVK_DANU,2005,CL,1146.3007053274982
SVK_DANU,2050,FRS,1946.434644743576
SVK_DANU,2050,GL,284.5469992755572
SVK_DANU,2050,CL,1183.5909537289954
SVK_DANU,2100,FRS,1582.0418642685052
SVK_DANU,2100,GL,287.3260200596543
SVK_DANU,2100,CL,1473.9486162408068
SVN_AGBS,2005,FRS,222.05182781678064
SVN_AGBS,2005,CL,11.402750030090443
SVN_AGBS,2050,FRS,228.7185981386532
SVN_AGBS,2050,CL,16.455006704663596
SVN_AGBS,2100,FRS,222.49383867310016
SVN_AGBS,2100,CL,12.331086933161682
SVN_DANU,2005,FRS,843.8995855096927
SVN_DANU,2005,CL,84.28090100865533
SVN_DANU,2050,FRS,894.877471957233
SVN_DANU,2050,CL,116.36121134596914
SVN_DANU,2100,FRS,890.8819267782097
SVN_DANU,2100,CL,81.20772318357083
SWE_SWED,2005,FRS,30589.931536051357
SWE_SWED,2005,GL,6941.02290652594
SWE_SWED,2005,CL,2165.2283944439755
SWE_SWED,2050,FRS,30723.503183245542
SWE_SWED,2050,GL,7171.346454076224
SWE_SWED,2050,CL,2129.5748888120647
SWE_SWED,2100,FRS,30368.05984178096
SWE_SWED,2100,GL,7118.61267061582
SWE_SWED,2100,CL,2478.5126240116697
SWZ_SASC,2005,FRS,55.30160188538937
SWZ_SASC,2005,GL,310.3841055825208
SWZ_SASC,2005,CL,140.5441002929603
SWZ_SASC,2050,FRS,18.94978614339149
SWZ_SASC,2050,GL,104.65778657181843
SWZ_SASC,2050,CL,132.56194314877382
SWZ_SASC,2100,FRS,29.002903130647127
SWZ_SASC,2100,GL,118.79762273468415
SWZ_SASC,2100,CL,107.14527111762136
TCD_ANIN,2005,FRS,951.7078201347192
TCD_ANIN,2005,GL,7485.821125420581
TCD_ANIN,2050,FRS,951.656885386573
TCD_ANIN,2050,GL,7485.128313799732
TCD_ANIN,2100,FRS,951.572154098324
TCD_ANIN,2100,GL,7484.04000702087
TCD_LCHA,2005,FRS,4597.805564498283
TCD_LCHA,2005,GL,59125.9201418509
TCD_LCHA,2005,CL,3469.004131096789
TCD_LCHA,2050,FRS,2063.88020707745
TCD_LCHA,2050,GL,53371.11792733657
TCD_LCHA,2050,CL,2802.860674892221
TCD_LCHA,2100,FRS,2077.036404391746
TCD_LCHA,2100,GL,53326.60352011923
TCD_LCHA,2100,CL,492.7364305285458
TGO_AFWC,2005,FRS,470.6420671175428
TGO_AFWC,2005,GL,218.43155456677135
TGO_AFWC,2005,CL,887.916187457603
TGO_AFWC,2050,FRS,117.80659969118904
TGO_AFWC,2050,GL,87.67247097131226
TGO_AFWC,2050,CL,979.609007368451
TGO_AFWC,2100,FRS,112.55318480031956
TGO_AFWC,2100,GL,74.09669627268151
TGO_AFWC,2100,CL,904.7515562483565
TGO_VOLT,2005,FRS,511.7329988313952
TGO_VOLT,2005,GL,77.49829978703859
TGO_VOLT,2005,CL,807.322887214476
TGO_VOLT,2050,FRS,111.22093686356108
TGO_VOLT,2050,GL,4.4861190391271775
TGO_VOLT,2050,CL,878.3036031139743
TGO_VOLT,2100,FRS,159.97586423891593
TGO_VOLT,2100,GL,24.448820100212785
TGO_VOLT,2100,CL,937.4890123198104
THA_CHAO,2005,FRS,516.3696426785948
THA_CHAO,2005,GL,8645.005336628512
THA_CHAO,2005,CL,6205.2258385597925
THA_CHAO,2050,FRS,408.77464931574696
THA_CHAO,2050,GL,8283.986621419357
THA_CHAO,2050,CL,6479.395168552243
THA_CHAO,2100,FRS,393.3654383818112
THA_CHAO,2100,GL,7562.281266097961
THA_CHAO,2100,CL,6845.020605214711
THA_GTCC,2005,FRS,991.084804778838
THA_GTCC,2005,GL,423.5603922157608
THA_GTCC,2005,CL,1469.5278916455684
THA_GTCC,2050,FRS,835.8127055432522
THA_GTCC,2050,GL,404.95461717062096
THA_GTCC,2050,CL,1523.806844889622
THA_GTCC,2100,FRS,555.9201250313738
THA_GTCC,2100,GL,279.5296133976366
THA_GTCC,2100,CL,1579.0606392705392
THA_MEKO,2005,FRS,3081.104041000877
THA_MEKO,2005,GL,4365.009924371522
THA_MEKO,2005,CL,8345.898776570102
THA_MEKO,2050,FRS,2778.6395007615897
THA_MEKO,2050,GL,4880.445977573652
THA_MEKO,2050,CL,8029.495886792992
THA_MEKO,2100,FRS,2908.351133139229
THA_MEKO,2100,GL,5374.638265098148
THA_MEKO,2100,CL,7311.227349015138
THA_PMAL,2005,FRS,5256.442635006226
THA_PMAL,2005,GL,1096.476922271822
THA_PMAL,2005,CL,3560.743243257397
THA_PMAL,2050,FRS,4973.992998607589
THA_PMAL,2050,GL,1132.9288240186438
THA_PMAL,2050,CL,3719.6223618433446
THA_PMAL,2100,FRS,4501.093259363961
THA_PMAL,2100,GL,1112.2175002185988
THA_PMAL,2100,CL,4035.49924902036
TJK_AMDA,2005,FRS,3870.0630659979015
TJK_AMDA,2005,GL,2739.609663923912
TJK_AMDA,2005,CL,603.7956250133357
TJK_AMDA,2050,FRS,3604.497372818188
TJK_AMDA,2050,GL,2575.2847388233663
TJK_AMDA,2050,CL,940.7377758260832
TJK_AMDA,2100,FRS,4202.842645365625
TJK_AMDA,2100,GL,2691.2446756829054
TJK_AMDA,2100,CL,1551.0457665451288
TJK_SYRD,2005,FRS,94.8777662807796
TJK_SYRD,2005,GL,320.93401124950793
TJK_SYRD,2005,CL,125.13369487310509
TJK_SYRD,2050,FRS,6.4101312364799
TJK_SYRD,2050,GL,206.82859021831376
TJK_SYRD,2050,CL,126.86314245129624
TJK_SYRD,2100,FRS,6.53260304996093
TJK_SYRD,2100,GL,255.2142852552476
TJK_SYRD,2100,CL,10.858190064959464
TKM_AMDA,2005,FRS,265.66378168228573
TKM_AMDA,2005,GL,334.7932600053039
TKM_AMDA,2005,CL,364.4099676435818
TKM_AMDA,2050,FRS,238.40053231888783
TKM_AMDA,2050,GL,309.4000507177649
TKM_AMDA,2050,CL,137.53481583681264
TKM_AMDA,2100,FRS,261.95876205799254
TKM_AMDA,2100,GL,302.4184415509791
TKM_AMDA,2100,CL,63.98690856359932
TKM_CSEC,2005,FRS,3416.332952917256
TKM_CSEC,2005,GL,8785.89674175862
TKM_CSEC,2005,CL,1451.1630709116032
TKM_CSEC,2050,FRS,3054.1886392664114
TKM_CSEC,2050,GL,7994.027612185181
TKM_CSEC,2050,CL,632.638304652303
TKM_CSEC,2100,FRS,3090.404241722304
TKM_CSEC,2100,GL,7995.438253809263
TKM_CSEC,2100,CL,622.3732285897565
TLS_JATI,2005,FRS,621.6207079367747
TLS_JATI,2005,GL,470.1316279113976
TLS_JATI,2005,CL,189.2269635647584
TLS_JATI,2050,FRS,596.5996872161558
TLS_JATI,2050,GL,445.082586912386
TLS_JATI,2050,CL,179.51607314612554
TLS_JATI,2100,FRS,585.420983894506
TLS_JATI,2100,GL,450.6692831550805
TLS_JATI,2100,CL,238.52877449885983
TTO_CARC,2005,FRS,371.78457287465454
TTO_CARC,2005,GL,97.80873268349345
TTO_CARC,2005,CL,18.83011394055709
TTO_CARC,2050,FRS,326.5113110735766
TTO_CARC,2050,GL,96.4926176187466
TTO_CARC,2050,CL,23.81229404134412
TTO_CARC,2100,FRS,241.94053736960623
TTO_CARC,2100,GL,92.78418112765377
TTO_CARC,2100,CL,28.34109449602203
TUN_ANIN,2005,FRS,473.8778263683299
TUN_ANIN,2005,GL,3079.3617248343694
TUN_ANIN,2005,CL,150.20236313611116
TUN_ANIN,2050,FRS,351.0485744467614
TUN_ANIN,2050,GL,3044.3426386595656
TUN_ANIN,2050,CL,137.13014381594272
TUN_ANIN,2100,FRS,907.7485835382898
TUN_ANIN,2100,GL,3293.5258999560297
TUN_ANIN,2100,CL,145.01915202153748
TUN_MSCC,2005,FRS,186.8614821824816
TUN_MSCC,2005,GL,827.9592191143339
TUN_MSCC,2005,CL,3782.423643601616
TUN_MSCC,2050,FRS,301.57480453069974
TUN_MSCC,2050,GL,686.0815393441706
TUN_MSCC,2050,CL,3201.9701875627065
TUN_MSCC,2100,FRS,409.4133429911756
TUN_MSCC,2100,GL,800.9823736043624
TUN_MSCC,2100,CL,2781.420796935818
TUR_BSSC,2005,FRS,1385.0285913342343
TUR_BSSC,2005,GL,13348.372915013431
TUR_BSSC,2005,CL,7700.282000971116
TUR_BSSC,2050,FRS,1194.9566617206744
TUR_BSSC,2050,GL,13901.912143779236
TUR_BSSC,2050,CL,7547.981834521468
TUR_BSSC,2100,FRS,1232.001366569816
TUR_BSSC,2100,GL,15533.18994301644
TUR_BSSC,2100,CL,5927.192952206323
TUR_CSSW,2005,FRS,342.89181826374926
TUR_CSSW,2005,GL,1198.9282931033858
TUR_CSSW,2005,CL,678.8520643413258
TUR_CSSW,2050,FRS,389.5981461727804
TUR_CSSW,2050,GL,1371.141079469729
TUR_CSSW,2050,CL,577.1920578566662
TUR_CSSW,2100,FRS,414.3312620809734
TUR_CSSW,2100,GL,1478.421036020584
TUR_CSSW,2100,CL,464.0301830309802
TUR_MSEC,2005,FRS,126.61760516249451
TUR_MSEC,2005,GL,11714.347824745297
TUR_MSEC,2005,CL,6547.187652063786
TUR_MSEC,2050,FRS,136.49551326650175
TUR_MSEC,2050,GL,12024.414858994724
TUR_MSEC,2050,CL,6262.796234387988
TUR_MSEC,2100,FRS,141.98150972854583
TUR_MSEC,2100,GL,13147.0836624593
TUR_MSEC,2100,CL,5282.907599516159
TUR_TIEU,2005,FRS,319.5681788147863
TUR_TIEU,2005,GL,5951.231046946502
TUR_TIEU,2005,CL,3816.985298414698
TUR_TIEU,2050,FRS,463.3074057289365
TUR_TIEU,2050,GL,6827.10697521861
TUR_TIEU,2050,CL,3638.0771202360656
TUR_TIEU,2100,FRS,601.4509734392707
TUR_TIEU,2100,GL,7840.653036900691
TUR_TIEU,2100,CL,3382.2804627480305
TZA_AECC,2005,FRS,6596.589897727871
TZA_AECC,2005,GL,18396.80799132477
TZA_AECC,2005,CL,6610.627872275659
TZA_AECC,2050,FRS,2162.54815311422
TZA_AECC,2050,GL,7847.696298328376
TZA_AECC,2050,CL,12938.909104667804
TZA_AECC,2100,FRS,1075.2059147383034
TZA_AECC,2100,GL,5785.054334232851
TZA_AECC,2100,CL,14652.876767320657
TZA_CONG,2005,FRS,236.31000557805504
TZA_CONG,2005,GL,8975.814878104838
TZA_CONG,2005,CL,1832.0607026862615
TZA_CONG,2050,FRS,210.59879537369036
TZA_CONG,2050,GL,4223.1293661593045
TZA_CONG,2050,CL,4175.668939972097
TZA_CONG,2100,FRS,193.96966954648124
TZA_CONG,2100,GL,2867.9612645058373
TZA_CONG,2100,CL,4722.685781286367
TZA_NILE,2005,FRS,603.0696442567455
TZA_NILE,2005,GL,1531.692678935133
TZA_NILE,2005,CL,2256.87126717986
TZA_NILE,2050,FRS,165.99238134548028
TZA_NILE,2050,GL,732.304530997707
TZA_NILE,2050,CL,3006.049516306239
TZA_NILE,2100,FRS,167.39133271153045
TZA_NILE,2100,GL,714.5822983764806
TZA_NILE,2100,CL,3274.4636906382875
TZA_RIFT,2005,FRS,46.0409787446931
TZA_RIFT,2005,GL,7986.08622094677
TZA_RIFT,2005,CL,2238.332802991596
TZA_RIFT,2050,GL,3200.3440916748523
TZA_RIFT,2050,CL,4414.55476129188
TZA_RIFT,2100,FRS,0.6659940845791801
TZA_RIFT,2100,GL,2219.23492617644
TZA_RIFT,2100,CL,4792.87267665875
UGA_NILE,2005,FRS,484.3297071789638
UGA_NILE,2005,GL,5817.972889170431
UGA_NILE,2005,CL,7096.460951925489
UGA_NILE,2050,FRS,90.02670515045372
UGA_NILE,2050,GL,1096.9218999244706
UGA_NILE,2050,CL,7557.392975732748
UGA_NILE,2100,FRS,76.35281194087986
UGA_NILE,2100,GL,915.9673216978592
UGA_NILE,2100,CL,7164.983813600437
UKR_BSNC,2005,FRS,135.87339207447468
UKR_BSNC,2005,GL,2905.768964891631
UKR_BSNC,2005,CL,7167.466200003673
UKR_BSNC,2050,FRS,55.90892473659928
UKR_BSNC,2050,GL,2520.826571253076
UKR_BSNC,2050,CL,8662.040778197847
UKR_BSNC,2100,FRS,32.95061199746841
UKR_BSNC,2100,GL,1713.4755985930306
UKR_BSNC,2100,CL,8929.529489698674
UKR_DANU,2005,FRS,876.6179452225456
UKR_DANU,2005,GL,405.26879182478825
UKR_DANU,2005,CL,611.3814639514533
UKR_DANU,2050,FRS,680.726188873566
UKR_DANU,2050,GL,442.12787942642126
UKR_DANU,2050,CL,867.6888417203792
UKR_DANU,2100,FRS,605.7857501228375
UKR_DANU,2100,GL,387.0450659990182
UKR_DANU,2100,CL,954.6782513180524
UKR_DNIE,2005,FRS,214.28833939825665
UKR_DNIE,2005,GL,1414.1236555252617
UKR_DNIE,2005,CL,2738.9120009671565
UKR_DNIE,2050,FRS,195.0537400700409
UKR_DNIE,2050,GL,1332.7528241199182
UKR_DNIE,2050,CL,3175.411247610894
UKR_DNIE,2100,FRS,185.67277250665632
UKR_DNIE,2100,GL,1047.2677120722733
UKR_DNIE,2100,CL,3362.820560083376
UKR_DNIP,2005,FRS,0.0558321567080779
UKR_DNIP,2005,GL,7452.557601343451
UKR_DNIP,2005,CL,13464.10867355018
UKR_DNIP,2050,GL,6582.404495584985
UKR_DNIP,2050,CL,16104.603266409673
UKR_DNIP,2100,GL,4671.069277338951
UKR_DNIP,2100,CL,16796.350724465297
UKR_DONN,2005,FRS,12.89866883889451
UKR_DONN,2005,GL,997.4305209393236
UKR_DONN,2005,CL,2363.693709635879
UKR_DONN,2050,FRS,2.4109952155614307
UKR_DONN,2050,GL,659.2876581930283
UKR_DONN,2050,CL,3069.1382167973816
UKR_DONN,2100,GL,277.21370192727665
UKR_DONN,2100,CL,3354.173708818361
URY_LAPL,2005,FRS,1479.984654504119
URY_LAPL,2005,GL,639.6414099570966
URY_LAPL,2005,CL,578.5144572827759
URY_LAPL,2050,FRS,692.8306647988634
URY_LAPL,2050,GL,309.7122017577665
URY_LAPL,2050,CL,1034.6699341070323
URY_LAPL,2100,FRS,656.7939324820305
URY_LAPL,2100,GL,333.1162359221632
URY_LAPL,2100,CL,791.0977892603688
URY_UBSA,2005,FRS,595.2653599120823
URY_UBSA,2005,GL,96.18717647732404
URY_UBSA,2005,CL,173.23824962566454
URY_UBSA,2050,FRS,255.27388526589036
URY_UBSA,2050,GL,29.42684322669544
URY_UBSA,2050,CL,237.6138115725373
URY_UBSA,2100,FRS,129.95801941835876
URY_UBSA,2100,GL,21.797547355940573
URY_UBSA,2100,CL,139.8045617897462
USA_COLU,2005,FRS,22853.582692542244
USA_COLU,2005,GL,41753.049813641024
USA_COLU,2005,CL,9854.64108259455
USA_COLU,2050,FRS,23739.421836877194
USA_COLU,2050,GL,47796.95335652784
USA_COLU,2050,CL,7658.634208468313
USA_COLU,2100,FRS,25014.926975298928
USA_COLU,2100,GL,57131.25666539615
USA_COLU,2100,CL,6646.735484590502
USA_GFCO,2005,FRS,4047.8457127153497
USA_GFCO,2005,GL,18117.869487706503
USA_GFCO,2005,CL,12513.256787176815
USA_GFCO,2050,FRS,3722.696769073252
USA_GFCO,2050,GL,17391.92168044066
USA_GFCO,2050,CL,9065.233240996564
USA_GFCO,2100,FRS,2842.4072760945555
USA_GFCO,2100,GL,35692.515121782104
USA_GFCO,2100,CL,14541.38556389648
USA_GMAN,2005,FRS,67770.02612029931
USA_GMAN,2005,GL,2015.945535541399
USA_GMAN,2005,CL,19453.24511344985
USA_GMAN,2050,FRS,69525.66595023424
USA_GMAN,2050,GL,2069.468052688481
USA_GMAN,2050,CL,18440.46269126888
USA_GMAN,2100,FRS,69608.04863499882
USA_GMAN,2100,GL,2113.9852578597306
USA_GMAN,2100,CL,20488.018028634386
USA_MSMM,2005,FRS,74695.29874350151
USA_MSMM,2005,GL,38839.17594706362
USA_MSMM,2005,CL,108140.53178212552
USA_MSMM,2050,FRS,76422.31134896599
USA_MSMM,2050,GL,63324.53539718529
USA_MSMM,2050,CL,112948.40138744652
USA_MSMM,2100,FRS,66812.60860542543
USA_MSMM,2100,GL,95803.72337553267
USA_MSMM,2100,CL,164615.67006773426
USA_NACC,2005,FRS,2989.7805521928303
USA_NACC,2005,GL,56357.56169922186
USA_NACC,2005,CL,1771.3253652963774
USA_NACC,2050,FRS,3016.8487766308485
USA_NACC,2050,GL,59260.07265477354
USA_NACC,2050,CL,1288.3747748261917
USA_NACC,2100,FRS,3162.19791704952
USA_NACC,2100,GL,81893.88175820377
USA_NACC,2100,CL,1704.1279232053744
USA_PACA,2005,FRS,100089.0577289489
USA_PACA,2005,GL,40835.35994268078
USA_PACA,2050,FRS,100008.55336996322
USA_PACA,2050,GL,40819.46404531464
USA_PACA,2100,FRS,99866.77871572756
USA_PACA,2100,GL,40797.01469268168
UZB_AMDA,2005,FRS,37.74794989173537
UZB_AMDA,2005,GL,7650.596133723657
UZB_AMDA,2005,CL,2005.9615575640385
UZB_AMDA,2050,FRS,11.489288252123565
UZB_AMDA,2050,GL,7182.527455509662
UZB_AMDA,2050,CL,2942.995222427945
UZB_AMDA,2100,GL,4445.880918254785
UZB_AMDA,2100,CL,3541.3453514368707
UZB_CSEC,2005,FRS,0.3518121031330156
UZB_CSEC,2005,GL,4503.9147071310845
UZB_CSEC,2005,CL,104.18754261506162
UZB_CSEC,2050,GL,4095.097534189858
UZB_CSEC,2050,CL,95.34944068044967
UZB_CSEC,2100,FRS,0.052134123276742
UZB_CSEC,2100,GL,4069.63835490513
UZB_CSEC,2100,CL,92.04669196054373
UZB_SYRD,2005,FRS,134.70558290217687
UZB_SYRD,2005,GL,914.4649499938192
UZB_SYRD,2005,CL,1440.1849810168503
UZB_SYRD,2050,FRS,34.96334583344237
UZB_SYRD,2050,GL,794.2241043668928
UZB_SYRD,2050,CL,849.6714426309344
UZB_SYRD,2100,FRS,33.365518437360855
UZB_SYRD,2100,GL,971.865993510112
UZB_SYRD,2100,CL,408.0375108595355
VCT_CARC,2005,GL,33.21372283522708
VCT_CARC,2050,GL,32.0944864800947
VCT_CARC,2100,GL,29.95063252884393
VEN_AMAZ,2005,FRS,4277.016401233023
VEN_AMAZ,2050,FRS,4275.20337199139
VEN_AMAZ,2100,FRS,4270.405126094426
VEN_CARC,2005,FRS,1726.7048942933336
VEN_CARC,2005,GL,8136.074817498708
VEN_CARC,2050,FRS,1721.883592785165
VEN_CARC,2050,GL,8122.149704929251
VEN_CARC,2100,FRS,1715.672362579984
VEN_CARC,2100,GL,8103.608130032347
VEN_MAGD,2005,FRS,0.6043287826679722
VEN_MAGD,2050,FRS,0.603728808261326
VEN_MAGD,2100,FRS,0.6028889927286317
VEN_NESO,2005,FRS,3317.9791997050343
VEN_NESO,2005,GL,76.90000750804643
VEN_NESO,2050,FRS,3314.768340185692
VEN_NESO,2050,GL,76.88966826932972
VEN_NESO,2100,FRS,3308.3219310040445
VEN_NESO,2100,GL,76.86395507122258
VEN_ORIN,2005,FRS,38268.52873175494
VEN_ORIN,2005,GL,5751.406662781551
VEN_ORIN,2050,FRS,38236.1676195508
VEN_ORIN,2050,GL,5745.147118373321
VEN_ORIN,2100,FRS,38168.78182648242
VEN_ORIN,2100,GL,5732.970522279875
VNM_HRIV,2005,FRS,6238.888019893536
VNM_HRIV,2005,GL,460.8999700270445
VNM_HRIV,2005,CL,2119.235734658961
VNM_HRIV,2050,FRS,5620.098459378324
VNM_HRIV,2050,GL,387.0506029338869
VNM_HRIV,2050,CL,2761.263736837948
VNM_HRIV,2100,FRS,5442.234140552974
VNM_HRIV,2100,GL,377.418052172833
VNM_HRIV,2100,CL,2690.955737706521
VNM_MEKO,2005,FRS,2768.5301323699773
VNM_MEKO,2005,GL,648.2567226073572
VNM_MEKO,2005,CL,1959.1612642776445
VNM_MEKO,2050,FRS,2148.343367602948
VNM_MEKO,2050,GL,578.9674057267516
VNM_MEKO,2050,CL,2726.039644517284
VNM_MEKO,2100,FRS,1382.1017399843404
VNM_MEKO,2100,GL,632.1756648674886
VNM_MEKO,2100,CL,2400.84644361795
VNM_VNCO,2005,FRS,7945.300077103012
VNM_VNCO,2005,GL,1347.2896383026218
VNM_VNCO,2005,CL,3133.741342624552
VNM_VNCO,2050,FRS,6600.109289064416
VNM_VNCO,2050,GL,1331.5658793418995
VNM_VNCO,2050,CL,4477.40663248539
VNM_VNCO,2100,FRS,5225.151123504097
VNM_VNCO,2100,GL,1392.1809757062465
VNM_VNCO,2100,CL,4077.835320854938
VUT_SPII,2005,FRS,191.15497280870588
VUT_SPII,2005,GL,1042.2557113461123
VUT_SPII,2050,FRS,191.0320359937952
VUT_SPII,2050,GL,1042.372170389303
VUT_SPII,2100,FRS,190.9223144668576
VUT_SPII,2100,GL,1042.2207801020352
YEM_ARGA,2005,GL,44.51839803591896
YEM_ARGA,2050,GL,44.5182764104401
YEM_ARGA,2100,GL,44.5182764104401
YEM_ARPA,2005,GL,11494.142472658552
YEM_ARPA,2050,GL,11476.72845658608
YEM_ARPA,2100,GL,11473.82015611268
YEM_RSEE,2005,GL,5350.941050641714
YEM_RSEE,2050,GL,5329.8950348620665
YEM_RSEE,2100,GL,5297.9582244688
ZAF_LIMP,2005,FRS,3.460183941632494
ZAF_LIMP,2005,GL,5868.044728341203
ZAF_LIMP,2005,CL,1423.5363632887486
ZAF_LIMP,2050,GL,1791.128384249162
ZAF_LIMP,2050,CL,948.7102098996548
ZAF_LIMP,2100,FRS,0.035646089020542
ZAF_LIMP,2100,GL,8573.21899350623
ZAF_LIMP,2100,CL,1168.6625888088051
ZAF_ORAN,2005,FRS,49.23659044880971
ZAF_ORAN,2005,GL,8634.27748063449
ZAF_ORAN,2005,CL,3726.1532969525647
ZAF_ORAN,2050,FRS,39.73592081504401
ZAF_ORAN,2050,GL,7885.89939085986
ZAF_ORAN,2050,CL,1780.3246943420747
ZAF_ORAN,2100,FRS,67.94695466689734
ZAF_ORAN,2100,GL,17175.00779839995
ZAF_ORAN,2100,CL,1857.2129828396037
ZAF_SASC,2005,FRS,194.03439738061743
ZAF_SASC,2005,GL,8734.99821516581
ZAF_SASC,2005,CL,3180.31189412909
ZAF_SASC,2050,FRS,164.99202796955703
ZAF_SASC,2050,GL,6632.01395991015
ZAF_SASC,2050,CL,2263.648364083958
ZAF_SASC,2100,FRS,347.7129992562001
ZAF_SASC,2100,GL,17708.11761551825
ZAF_SASC,2100,CL,4120.214969043522
ZAF_SAWC,2005,FRS,55.72437100205148
ZAF_SAWC,2005,GL,1588.6383029134938
ZAF_SAWC,2005,CL,977.9597265618374
ZAF_SAWC,2050,FRS,59.21296449054002
ZAF_SAWC,2050,GL,1268.8460570571951
ZAF_SAWC,2050,CL,528.8749343078664
ZAF_SAWC,2100,FRS,0.358710720486
ZAF_SAWC,2100,GL,3170.94977580217
ZAF_SAWC,2100,CL,970.6853572137336
ZMB_CONG,2005,FRS,1298.2393484867905
ZMB_CONG,2005,GL,8555.857071291575
ZMB_CONG,2005,CL,505.6797447309921
ZMB_CONG,2050,FRS,665.2284852357809
ZMB_CONG,2050,GL,5451.929722476125
ZMB_CONG,2050,CL,690.483673028421
ZMB_CONG,2100,FRS,234.1952953421502
ZMB_CONG,2100,GL,2807.792136770455
ZMB_CONG,2100,CL,554.5505968007703
ZMB_ZAMB,2005,FRS,4740.04693123921
ZMB_ZAMB,2005,GL,33576.68349206537
ZMB_ZAMB,2005,CL,1962.7366075780944
ZMB_ZAMB,2050,FRS,3701.438219871648
ZMB_ZAMB,2050,GL,21878.259174056115
ZMB_ZAMB,2050,CL,3347.491665574153
ZMB_ZAMB,2100,FRS,764.696839551988
ZMB_ZAMB,2100,GL,10244.579685976569
ZMB_ZAMB,2100,CL,3467.103884908161
ZWE_AIOC,2005,FRS,158.94220583286733
ZWE_AIOC,2005,GL,3500.1148003746707
ZWE_AIOC,2005,CL,1089.5035918769988
ZWE_AIOC,2050,FRS,102.27677511615686
ZWE_AIOC,2050,GL,1145.1308884195253
ZWE_AIOC,2050,CL,1076.800714662883
ZWE_AIOC,2100,FRS,56.71439061451864
ZWE_AIOC,2100,GL,1064.8217812961009
ZWE_AIOC,2100,CL,1057.9067148820386
ZWE_ASII,2005,FRS,8.432443958997128
ZWE_ASII,2005,GL,1490.9990937269836
ZWE_ASII,2005,CL,62.80563740147996
ZWE_ASII,2050,FRS,0.0598517275672258
ZWE_ASII,2050,GL,902.1817678906044
ZWE_ASII,2050,CL,81.71311608702652
ZWE_ASII,2100,FRS,0.0224672528561708
ZWE_ASII,2100,GL,882.5759054808674
ZWE_ASII,2100,CL,32.30385740589624
ZWE_LIMP,2005,FRS,0.0548792179804669
ZWE_LIMP,2005,GL,3539.418829587421
ZWE_LIMP,2005,CL,302.3072020860387
ZWE_LIMP,2050,GL,1712.585205380786
ZWE_LIMP,2050,CL,384.931642525149
ZWE_LIMP,2100,FRS,0.070161647754556
ZWE_LIMP,2100,GL,1053.80129942892
ZWE_LIMP,2100,CL,155.12962390878312
ZWE_ZAMB,2005,FRS,123.70647111939913
ZWE_ZAMB,2005,GL,10641.852213569187
ZWE_ZAMB,2005,CL,1556.841836260114
ZWE_ZAMB,2050,GL,4447.1846150861375
ZWE_ZAMB,2050,CL,1902.9846671416617
ZWE_ZAMB,2100,FRS,5.433509664457918
ZWE_ZAMB,2100,GL,2511.3741708565967
ZWE_ZAMB,2100,CL,2038.9756772705464
