country,I,J
GRL,13,285
GRL,13,287
GRL,13,288
GRL,13,289
GRL,13,290
GRL,13,291
GRL,13,292
GRL,13,293
GRL,13,294
GRL,13,295
GRL,13,296
GRL,13,297
GRL,13,298
GRL,13,299
GRL,13,300
GRL,13,301
GRL,13,302
GRL,13,303
CAN,14,206
CAN,14,207
CAN,14,208
CAN,14,209
CAN,14,210
CAN,14,211
CAN,14,212
CAN,14,214
CAN,14,215
CAN,14,216
CAN,14,217
CAN,14,218
CAN,14,219
CAN,14,220
CAN,14,221
CAN,14,222
CAN,14,223
CAN,14,224
GRL,14,267
GRL,14,268
GRL,14,269
GRL,14,270
GRL,14,271
GRL,14,272
GRL,14,273
GRL,14,274
GRL,14,275
GRL,14,276
GRL,14,277
GRL,14,278
GRL,14,279
GRL,14,280
GRL,14,281
GRL,14,282
GRL,14,283
GRL,14,284
GRL,14,285
GRL,14,286
GRL,14,287
GRL,14,288
GRL,14,289
GRL,14,290
GRL,14,291
GRL,14,292
GRL,14,293
GRL,14,294
GRL,14,295
GRL,14,296
GRL,14,297
GRL,14,298
GRL,14,299
GRL,14,300
GRL,14,301
GRL,14,302
GRL,14,303
GRL,14,304
GRL,14,305
GRL,14,306
GRL,14,307
GRL,14,308
GRL,14,309
GRL,14,310
GRL,14,311
CAN,15,196
CAN,15,197
CAN,15,198
CAN,15,199
CAN,15,200
CAN,15,201
CAN,15,202
CAN,15,203
CAN,15,204
CAN,15,205
CAN,15,206
CAN,15,207
CAN,15,208
CAN,15,209
CAN,15,210
CAN,15,211
CAN,15,212
CAN,15,213
CAN,15,214
CAN,15,215
CAN,15,216
CAN,15,217
CAN,15,218
CAN,15,219
CAN,15,220
CAN,15,221
CAN,15,222
CAN,15,223
CAN,15,224
CAN,15,225
CAN,15,226
CAN,15,227
CAN,15,228
CAN,15,229
CAN,15,230
CAN,15,231
CAN,15,232
CAN,15,233
CAN,15,234
CAN,15,235
CAN,15,236
GRL,15,258
GRL,15,259
GRL,15,264
GRL,15,265
GRL,15,266
GRL,15,267
GRL,15,268
GRL,15,269
GRL,15,270
GRL,15,271
GRL,15,272
GRL,15,273
GRL,15,274
GRL,15,275
GRL,15,276
GRL,15,277
GRL,15,278
GRL,15,279
GRL,15,280
GRL,15,281
GRL,15,282
GRL,15,283
GRL,15,284
GRL,15,285
GRL,15,286
GRL,15,287
GRL,15,288
GRL,15,289
GRL,15,290
GRL,15,291
GRL,15,292
GRL,15,293
GRL,15,294
GRL,15,295
GRL,15,296
GRL,15,297
GRL,15,298
GRL,15,299
GRL,15,300
GRL,15,301
GRL,15,302
GRL,15,303
GRL,15,304
GRL,15,305
GRL,15,306
GRL,15,307
GRL,15,308
GRL,15,309
GRL,15,310
GRL,15,311
GRL,15,312
GRL,15,313
GRL,15,314
GRL,15,315
GRL,15,316
GRL,15,317
GRL,15,318
CAN,16,183
CAN,16,184
CAN,16,185
CAN,16,186
CAN,16,187
CAN,16,188
CAN,16,189
CAN,16,190
CAN,16,191
CAN,16,192
CAN,16,193
CAN,16,194
CAN,16,195
CAN,16,196
CAN,16,197
CAN,16,198
CAN,16,199
CAN,16,200
CAN,16,201
CAN,16,202
CAN,16,203
CAN,16,204
CAN,16,205
CAN,16,206
CAN,16,207
CAN,16,208
CAN,16,209
CAN,16,210
CAN,16,211
CAN,16,212
CAN,16,213
CAN,16,214
CAN,16,215
CAN,16,216
CAN,16,217
CAN,16,218
CAN,16,219
CAN,16,220
CAN,16,221
CAN,16,222
CAN,16,223
CAN,16,224
CAN,16,225
CAN,16,226
CAN,16,227
CAN,16,228
CAN,16,229
CAN,16,230
CAN,16,231
CAN,16,232
CAN,16,233
CAN,16,234
CAN,16,235
CAN,16,236
CAN,16,237
CAN,16,238
GRL,16,242
GRL,16,243
GRL,16,244
GRL,16,245
GRL,16,246
GRL,16,247
GRL,16,248
GRL,16,249
GRL,16,250
GRL,16,251
GRL,16,252
GRL,16,253
GRL,16,254
GRL,16,255
GRL,16,256
GRL,16,257
GRL,16,258
GRL,16,259
GRL,16,260
GRL,16,261
GRL,16,262
GRL,16,263
GRL,16,264
GRL,16,265
GRL,16,266
GRL,16,267
GRL,16,268
GRL,16,269
GRL,16,270
GRL,16,271
GRL,16,272
GRL,16,273
GRL,16,274
GRL,16,275
GRL,16,276
GRL,16,277
GRL,16,278
GRL,16,279
GRL,16,280
GRL,16,281
GRL,16,282
GRL,16,283
GRL,16,284
GRL,16,285
GRL,16,286
GRL,16,287
GRL,16,288
GRL,16,289
GRL,16,290
GRL,16,291
GRL,16,292
GRL,16,293
GRL,16,294
GRL,16,295
GRL,16,296
GRL,16,297
GRL,16,298
GRL,16,299
GRL,16,300
GRL,16,301
GRL,16,302
GRL,16,303
GRL,16,304
GRL,16,305
GRL,16,306
GRL,16,307
GRL,16,308
GRL,16,309
GRL,16,310
GRL,16,311
GRL,16,312
GRL,16,313
GRL,16,314
GRL,16,315
GRL,16,316
GRL,16,317
GRL,16,318
GRL,16,321
GRL,16,322
CAN,17,177
CAN,17,178
CAN,17,179
CAN,17,180
CAN,17,181
CAN,17,182
CAN,17,183
CAN,17,184
CAN,17,185
CAN,17,186
CAN,17,187
CAN,17,188
CAN,17,189
CAN,17,190
CAN,17,191
CAN,17,192
CAN,17,193
CAN,17,194
CAN,17,195
CAN,17,196
CAN,17,197
CAN,17,198
CAN,17,199
CAN,17,200
CAN,17,201
CAN,17,202
CAN,17,203
CAN,17,204
CAN,17,205
CAN,17,206
CAN,17,207
CAN,17,208
CAN,17,209
CAN,17,210
CAN,17,211
CAN,17,212
CAN,17,213
CAN,17,214
CAN,17,215
CAN,17,216
CAN,17,217
CAN,17,218
CAN,17,219
CAN,17,220
CAN,17,221
CAN,17,222
CAN,17,223
CAN,17,224
CAN,17,225
CAN,17,226
CAN,17,227
CAN,17,228
CAN,17,229
CAN,17,230
CAN,17,231
CAN,17,232
CAN,17,233
CAN,17,234
CAN,17,235
GRL,17,238
GRL,17,239
GRL,17,240
GRL,17,241
GRL,17,242
GRL,17,243
GRL,17,244
GRL,17,245
GRL,17,246
GRL,17,247
GRL,17,248
GRL,17,249
GRL,17,250
GRL,17,251
GRL,17,252
GRL,17,253
GRL,17,254
GRL,17,255
GRL,17,256
GRL,17,257
GRL,17,258
GRL,17,259
GRL,17,260
GRL,17,261
GRL,17,262
GRL,17,263
GRL,17,264
GRL,17,265
GRL,17,266
GRL,17,267
GRL,17,268
GRL,17,269
GRL,17,270
GRL,17,271
GRL,17,272
GRL,17,273
GRL,17,274
GRL,17,275
GRL,17,276
GRL,17,277
GRL,17,278
GRL,17,279
GRL,17,280
GRL,17,281
GRL,17,282
GRL,17,283
GRL,17,284
GRL,17,285
GRL,17,286
GRL,17,287
GRL,17,288
GRL,17,289
GRL,17,290
GRL,17,291
GRL,17,292
GRL,17,293
GRL,17,294
GRL,17,295
GRL,17,296
GRL,17,297
GRL,17,298
GRL,17,299
GRL,17,300
GRL,17,301
GRL,17,302
GRL,17,303
GRL,17,304
GRL,17,305
GRL,17,306
GRL,17,307
GRL,17,308
GRL,17,309
GRL,17,310
GRL,17,311
GRL,17,312
GRL,17,313
GRL,17,314
GRL,17,315
GRL,17,316
GRL,17,317
GRL,17,318
GRL,17,321
GRL,17,322
GRL,17,323
GRL,17,324
GRL,17,325
GRL,17,326
GRL,17,327
GRL,17,328
GRL,17,329
GRL,17,330
GRL,17,331
GRL,17,332
GRL,17,333
GRL,17,334
GRL,17,335
GRL,17,336
GRL,17,337
RUS,17,475
RUS,17,476
RUS,17,477
RUS,17,478
RUS,17,479
RUS,17,484
RUS,17,485
RUS,17,486
RUS,17,487
RUS,17,488
CAN,18,170
CAN,18,171
CAN,18,172
CAN,18,173
CAN,18,174
CAN,18,175
CAN,18,176
CAN,18,177
CAN,18,179
CAN,18,180
CAN,18,181
CAN,18,182
CAN,18,183
CAN,18,184
CAN,18,185
CAN,18,186
CAN,18,187
CAN,18,188
CAN,18,189
CAN,18,190
CAN,18,191
CAN,18,192
CAN,18,193
CAN,18,194
CAN,18,195
CAN,18,196
CAN,18,197
CAN,18,198
CAN,18,199
CAN,18,200
CAN,18,201
CAN,18,202
CAN,18,203
CAN,18,204
CAN,18,205
CAN,18,206
CAN,18,207
CAN,18,208
CAN,18,209
CAN,18,210
CAN,18,211
CAN,18,212
CAN,18,213
CAN,18,214
CAN,18,215
CAN,18,216
CAN,18,217
CAN,18,218
CAN,18,219
CAN,18,220
CAN,18,221
CAN,18,222
CAN,18,223
CAN,18,224
CAN,18,225
CAN,18,226
CAN,18,227
CAN,18,228
CAN,18,229
CAN,18,230
CAN,18,231
GRL,18,232
GRL,18,233
GRL,18,234
GRL,18,235
GRL,18,236
GRL,18,237
GRL,18,238
GRL,18,239
GRL,18,240
GRL,18,241
GRL,18,242
GRL,18,243
GRL,18,244
GRL,18,245
GRL,18,246
GRL,18,247
GRL,18,248
GRL,18,249
GRL,18,250
GRL,18,251
GRL,18,252
GRL,18,253
GRL,18,254
GRL,18,255
GRL,18,256
GRL,18,257
GRL,18,258
GRL,18,259
GRL,18,260
GRL,18,261
GRL,18,262
GRL,18,263
GRL,18,264
GRL,18,265
GRL,18,266
GRL,18,267
GRL,18,268
GRL,18,269
GRL,18,270
GRL,18,271
GRL,18,272
GRL,18,273
GRL,18,274
GRL,18,275
GRL,18,276
GRL,18,277
GRL,18,278
GRL,18,279
GRL,18,280
GRL,18,281
GRL,18,282
GRL,18,283
GRL,18,284
GRL,18,285
GRL,18,286
GRL,18,287
GRL,18,288
GRL,18,289
GRL,18,290
GRL,18,291
GRL,18,292
GRL,18,293
GRL,18,294
GRL,18,295
GRL,18,296
GRL,18,297
GRL,18,298
GRL,18,299
GRL,18,300
GRL,18,301
GRL,18,302
GRL,18,303
GRL,18,304
GRL,18,305
GRL,18,306
GRL,18,307
GRL,18,308
GRL,18,309
GRL,18,310
GRL,18,311
GRL,18,312
GRL,18,313
GRL,18,314
GRL,18,315
GRL,18,316
GRL,18,317
GRL,18,318
GRL,18,319
GRL,18,320
GRL,18,321
GRL,18,322
GRL,18,323
GRL,18,324
GRL,18,325
GRL,18,326
GRL,18,327
GRL,18,328
GRL,18,329
GRL,18,330
GRL,18,331
GRL,18,332
GRL,18,333
GRL,18,334
GRL,18,335
GRL,18,336
GRL,18,337
GRL,18,338
RUS,18,461
RUS,18,462
RUS,18,469
RUS,18,470
RUS,18,471
RUS,18,472
RUS,18,473
RUS,18,474
RUS,18,475
RUS,18,476
RUS,18,477
RUS,18,478
RUS,18,479
RUS,18,480
RUS,18,481
RUS,18,482
RUS,18,483
RUS,18,484
RUS,18,489
RUS,18,490
RUS,18,491
RUS,18,540
RUS,18,541
RUS,18,542
RUS,18,543
RUS,18,544
RUS,18,547
RUS,18,548
RUS,18,549
RUS,18,550
RUS,18,551
RUS,18,552
RUS,18,553
RUS,18,554
,19,168
CAN,19,169
CAN,19,170
CAN,19,171
CAN,19,172
CAN,19,173
CAN,19,174
CAN,19,175
CAN,19,176
CAN,19,177
CAN,19,178
CAN,19,179
CAN,19,180
CAN,19,181
CAN,19,182
CAN,19,183
CAN,19,184
CAN,19,185
CAN,19,186
CAN,19,187
CAN,19,188
CAN,19,189
CAN,19,190
CAN,19,191
CAN,19,192
CAN,19,193
CAN,19,194
CAN,19,195
CAN,19,196
CAN,19,197
CAN,19,198
CAN,19,199
CAN,19,200
CAN,19,201
CAN,19,202
CAN,19,203
CAN,19,204
CAN,19,205
CAN,19,206
CAN,19,207
CAN,19,208
CAN,19,209
CAN,19,210
CAN,19,211
CAN,19,212
CAN,19,213
CAN,19,214
CAN,19,215
CAN,19,216
CAN,19,217
CAN,19,218
CAN,19,219
CAN,19,220
CAN,19,221
CAN,19,222
CAN,19,223
CAN,19,224
CAN,19,225
CAN,19,226
GRL,19,227
GRL,19,228
GRL,19,229
GRL,19,230
GRL,19,231
GRL,19,232
GRL,19,233
GRL,19,234
GRL,19,235
GRL,19,236
GRL,19,237
GRL,19,238
GRL,19,239
GRL,19,240
GRL,19,241
GRL,19,242
GRL,19,243
GRL,19,244
GRL,19,245
GRL,19,246
GRL,19,247
GRL,19,248
GRL,19,249
GRL,19,250
GRL,19,251
GRL,19,252
GRL,19,253
GRL,19,254
GRL,19,255
GRL,19,256
GRL,19,257
GRL,19,258
GRL,19,259
GRL,19,260
GRL,19,261
GRL,19,262
GRL,19,263
GRL,19,264
GRL,19,265
GRL,19,266
GRL,19,267
GRL,19,268
GRL,19,269
GRL,19,270
GRL,19,271
GRL,19,272
GRL,19,273
GRL,19,274
GRL,19,275
GRL,19,276
GRL,19,277
GRL,19,278
GRL,19,279
GRL,19,280
GRL,19,281
GRL,19,282
GRL,19,283
GRL,19,284
GRL,19,285
GRL,19,286
GRL,19,287
GRL,19,288
GRL,19,289
GRL,19,290
GRL,19,291
GRL,19,292
GRL,19,293
GRL,19,294
GRL,19,295
GRL,19,296
GRL,19,297
GRL,19,298
GRL,19,299
GRL,19,300
GRL,19,301
GRL,19,302
GRL,19,303
GRL,19,304
GRL,19,305
GRL,19,306
GRL,19,307
GRL,19,308
GRL,19,309
GRL,19,310
GRL,19,311
GRL,19,312
GRL,19,313
GRL,19,314
GRL,19,315
GRL,19,316
GRL,19,317
GRL,19,318
GRL,19,319
GRL,19,320
GRL,19,321
GRL,19,322
GRL,19,323
GRL,19,324
GRL,19,325
GRL,19,326
GRL,19,327
GRL,19,328
GRL,19,329
GRL,19,330
GRL,19,331
GRL,19,332
NOR,19,400
NOR,19,401
NOR,19,402
NOR,19,403
NOR,19,406
NOR,19,409
RUS,19,451
RUS,19,452
RUS,19,453
RUS,19,454
RUS,19,455
RUS,19,456
RUS,19,457
RUS,19,458
RUS,19,459
RUS,19,460
RUS,19,461
RUS,19,462
RUS,19,463
RUS,19,464
RUS,19,468
RUS,19,469
RUS,19,470
RUS,19,471
RUS,19,472
RUS,19,473
RUS,19,474
RUS,19,475
RUS,19,476
RUS,19,477
RUS,19,478
RUS,19,479
RUS,19,480
RUS,19,481
RUS,19,482
RUS,19,483
RUS,19,484
RUS,19,485
RUS,19,486
RUS,19,487
RUS,19,488
RUS,19,489
RUS,19,490
RUS,19,491
RUS,19,519
RUS,19,520
RUS,19,521
RUS,19,545
RUS,19,546
RUS,19,547
RUS,19,548
RUS,19,549
RUS,19,550
RUS,19,551
RUS,19,552
RUS,19,553
RUS,19,554
RUS,19,555
RUS,19,556
CAN,20,160
CAN,20,161
CAN,20,162
CAN,20,163
CAN,20,167
CAN,20,168
CAN,20,169
CAN,20,170
CAN,20,171
CAN,20,172
CAN,20,173
CAN,20,174
CAN,20,175
CAN,20,176
CAN,20,177
CAN,20,178
CAN,20,179
CAN,20,180
CAN,20,181
CAN,20,182
CAN,20,183
CAN,20,184
CAN,20,185
CAN,20,186
CAN,20,187
CAN,20,188
CAN,20,189
CAN,20,190
CAN,20,191
CAN,20,192
CAN,20,193
CAN,20,194
CAN,20,195
CAN,20,196
CAN,20,197
CAN,20,198
CAN,20,199
CAN,20,200
CAN,20,201
CAN,20,202
CAN,20,203
CAN,20,204
CAN,20,205
CAN,20,206
CAN,20,207
CAN,20,208
CAN,20,209
CAN,20,210
CAN,20,211
CAN,20,212
CAN,20,213
CAN,20,214
CAN,20,215
CAN,20,216
CAN,20,217
CAN,20,218
CAN,20,219
CAN,20,220
CAN,20,221
CAN,20,222
GRL,20,226
GRL,20,227
GRL,20,228
GRL,20,229
GRL,20,230
GRL,20,231
GRL,20,232
GRL,20,233
GRL,20,234
GRL,20,235
GRL,20,236
GRL,20,237
GRL,20,238
GRL,20,239
GRL,20,240
GRL,20,241
GRL,20,242
GRL,20,243
GRL,20,244
GRL,20,245
GRL,20,246
GRL,20,247
GRL,20,248
GRL,20,249
GRL,20,250
GRL,20,251
GRL,20,252
GRL,20,253
GRL,20,254
GRL,20,255
GRL,20,256
GRL,20,257
GRL,20,258
GRL,20,259
GRL,20,260
GRL,20,261
GRL,20,262
GRL,20,263
GRL,20,264
GRL,20,265
GRL,20,266
GRL,20,267
GRL,20,268
GRL,20,269
GRL,20,270
GRL,20,271
GRL,20,272
GRL,20,273
GRL,20,274
GRL,20,275
GRL,20,276
GRL,20,277
GRL,20,278
GRL,20,279
GRL,20,280
GRL,20,281
GRL,20,282
GRL,20,283
GRL,20,284
GRL,20,285
GRL,20,286
GRL,20,287
GRL,20,288
GRL,20,289
GRL,20,290
GRL,20,291
GRL,20,292
GRL,20,293
GRL,20,294
GRL,20,295
GRL,20,296
GRL,20,297
GRL,20,298
GRL,20,299
GRL,20,300
GRL,20,301
GRL,20,302
GRL,20,303
GRL,20,304
GRL,20,305
GRL,20,306
GRL,20,307
GRL,20,308
GRL,20,309
GRL,20,310
GRL,20,311
GRL,20,312
GRL,20,313
GRL,20,314
GRL,20,315
GRL,20,316
GRL,20,317
GRL,20,318
GRL,20,319
GRL,20,320
GRL,20,321
GRL,20,322
GRL,20,323
GRL,20,324
GRL,20,325
GRL,20,326
GRL,20,327
GRL,20,328
GRL,20,329
NOR,20,393
NOR,20,394
NOR,20,396
NOR,20,397
NOR,20,398
NOR,20,399
NOR,20,400
NOR,20,401
NOR,20,402
NOR,20,403
NOR,20,404
NOR,20,405
NOR,20,406
NOR,20,407
NOR,20,408
NOR,20,409
NOR,20,410
NOR,20,411
NOR,20,412
NOR,20,413
NOR,20,414
NOR,20,415
NOR,20,424
NOR,20,425
NOR,20,426
NOR,20,427
NOR,20,428
RUS,20,434
RUS,20,453
RUS,20,454
RUS,20,455
RUS,20,456
RUS,20,457
RUS,20,458
RUS,20,459
RUS,20,460
RUS,20,461
RUS,20,462
RUS,20,463
RUS,20,465
RUS,20,466
RUS,20,467
RUS,20,468
RUS,20,469
RUS,20,470
RUS,20,471
RUS,20,472
RUS,20,473
RUS,20,474
RUS,20,475
RUS,20,476
RUS,20,477
RUS,20,478
RUS,20,479
RUS,20,480
RUS,20,481
RUS,20,482
RUS,20,483
RUS,20,543
RUS,20,544
RUS,20,545
RUS,20,546
RUS,20,547
RUS,20,548
RUS,20,549
RUS,20,550
RUS,20,551
RUS,20,552
RUS,20,553
RUS,20,554
RUS,20,555
RUS,20,556
RUS,20,557
RUS,20,558
RUS,20,559
CAN,21,160
CAN,21,161
CAN,21,162
CAN,21,163
CAN,21,167
CAN,21,168
CAN,21,169
CAN,21,170
CAN,21,171
CAN,21,172
CAN,21,173
CAN,21,174
CAN,21,175
CAN,21,176
CAN,21,177
CAN,21,178
CAN,21,179
CAN,21,180
CAN,21,181
CAN,21,182
CAN,21,183
CAN,21,184
CAN,21,185
CAN,21,186
CAN,21,187
CAN,21,188
CAN,21,189
CAN,21,190
CAN,21,191
CAN,21,192
CAN,21,193
CAN,21,194
CAN,21,195
CAN,21,196
CAN,21,197
CAN,21,198
CAN,21,199
CAN,21,200
CAN,21,201
CAN,21,202
CAN,21,203
CAN,21,204
CAN,21,205
CAN,21,206
CAN,21,207
CAN,21,208
CAN,21,209
CAN,21,210
CAN,21,211
CAN,21,212
CAN,21,213
CAN,21,214
CAN,21,215
CAN,21,216
CAN,21,217
CAN,21,218
CAN,21,219
GRL,21,230
GRL,21,231
GRL,21,232
GRL,21,233
GRL,21,234
GRL,21,235
GRL,21,236
GRL,21,237
GRL,21,238
GRL,21,239
GRL,21,240
GRL,21,241
GRL,21,242
GRL,21,243
GRL,21,244
GRL,21,245
GRL,21,246
GRL,21,247
GRL,21,248
GRL,21,249
GRL,21,250
GRL,21,251
GRL,21,252
GRL,21,253
GRL,21,254
GRL,21,255
GRL,21,256
GRL,21,257
GRL,21,258
GRL,21,259
GRL,21,260
GRL,21,261
GRL,21,262
GRL,21,263
GRL,21,264
GRL,21,265
GRL,21,266
GRL,21,267
GRL,21,268
GRL,21,269
GRL,21,270
GRL,21,271
GRL,21,272
GRL,21,273
GRL,21,274
GRL,21,275
GRL,21,276
GRL,21,277
GRL,21,278
GRL,21,279
GRL,21,280
GRL,21,281
GRL,21,282
GRL,21,283
GRL,21,284
GRL,21,285
GRL,21,286
GRL,21,287
GRL,21,288
GRL,21,289
GRL,21,290
GRL,21,291
GRL,21,292
GRL,21,293
GRL,21,294
GRL,21,295
GRL,21,296
GRL,21,297
GRL,21,298
GRL,21,299
GRL,21,300
GRL,21,301
GRL,21,302
GRL,21,303
GRL,21,304
GRL,21,305
GRL,21,306
GRL,21,307
GRL,21,308
GRL,21,309
GRL,21,310
GRL,21,311
GRL,21,312
GRL,21,313
GRL,21,314
GRL,21,315
GRL,21,316
GRL,21,317
GRL,21,318
GRL,21,319
GRL,21,320
GRL,21,321
GRL,21,322
GRL,21,323
GRL,21,324
GRL,21,325
GRL,21,326
NOR,21,382
NOR,21,383
NOR,21,384
NOR,21,385
NOR,21,386
NOR,21,387
NOR,21,388
NOR,21,389
NOR,21,390
NOR,21,391
NOR,21,392
NOR,21,393
NOR,21,394
NOR,21,395
NOR,21,396
NOR,21,397
NOR,21,398
NOR,21,399
NOR,21,400
NOR,21,401
NOR,21,402
NOR,21,403
NOR,21,404
NOR,21,405
NOR,21,406
NOR,21,407
NOR,21,408
NOR,21,409
NOR,21,410
NOR,21,411
NOR,21,412
NOR,21,413
NOR,21,414
NOR,21,415
RUS,21,462
RUS,21,463
RUS,21,477
RUS,21,478
RUS,21,479
RUS,21,480
RUS,21,513
RUS,21,514
RUS,21,515
RUS,21,516
RUS,21,542
RUS,21,543
RUS,21,544
RUS,21,545
RUS,21,546
RUS,21,547
RUS,21,548
RUS,21,549
RUS,21,550
RUS,21,551
RUS,21,552
RUS,21,553
RUS,21,554
RUS,21,555
RUS,21,556
RUS,21,557
RUS,21,558
RUS,21,559
RUS,21,560
RUS,21,561
CAN,22,149
CAN,22,150
CAN,22,151
CAN,22,152
CAN,22,153
CAN,22,154
CAN,22,155
CAN,22,156
CAN,22,157
CAN,22,158
CAN,22,169
CAN,22,170
CAN,22,171
CAN,22,172
CAN,22,173
CAN,22,174
CAN,22,175
CAN,22,176
CAN,22,177
CAN,22,178
CAN,22,179
CAN,22,180
CAN,22,181
CAN,22,182
CAN,22,183
CAN,22,184
CAN,22,185
CAN,22,186
CAN,22,187
CAN,22,188
CAN,22,189
CAN,22,190
CAN,22,191
CAN,22,192
CAN,22,193
CAN,22,194
CAN,22,195
CAN,22,196
CAN,22,197
CAN,22,198
CAN,22,199
CAN,22,200
CAN,22,201
CAN,22,202
CAN,22,203
CAN,22,204
CAN,22,205
CAN,22,206
CAN,22,207
CAN,22,208
CAN,22,209
CAN,22,210
CAN,22,211
CAN,22,212
GRL,22,223
GRL,22,224
GRL,22,225
GRL,22,226
GRL,22,227
GRL,22,228
GRL,22,229
GRL,22,230
GRL,22,231
GRL,22,232
GRL,22,233
GRL,22,234
GRL,22,235
GRL,22,236
GRL,22,237
GRL,22,238
GRL,22,239
GRL,22,240
GRL,22,241
GRL,22,242
GRL,22,243
GRL,22,244
GRL,22,245
GRL,22,246
GRL,22,247
GRL,22,248
GRL,22,249
GRL,22,250
GRL,22,251
GRL,22,252
GRL,22,253
GRL,22,254
GRL,22,255
GRL,22,256
GRL,22,257
GRL,22,258
GRL,22,259
GRL,22,260
GRL,22,261
GRL,22,262
GRL,22,263
GRL,22,264
GRL,22,265
GRL,22,266
GRL,22,267
GRL,22,268
GRL,22,269
GRL,22,270
GRL,22,271
GRL,22,272
GRL,22,273
GRL,22,274
GRL,22,275
GRL,22,276
GRL,22,277
GRL,22,278
GRL,22,279
GRL,22,280
GRL,22,281
GRL,22,282
GRL,22,283
GRL,22,284
GRL,22,285
GRL,22,286
GRL,22,287
GRL,22,288
GRL,22,289
GRL,22,290
GRL,22,291
GRL,22,292
GRL,22,293
GRL,22,294
GRL,22,295
GRL,22,296
GRL,22,297
GRL,22,298
GRL,22,299
GRL,22,300
GRL,22,301
GRL,22,302
GRL,22,303
GRL,22,304
GRL,22,305
GRL,22,306
GRL,22,307
GRL,22,308
GRL,22,309
GRL,22,310
GRL,22,311
GRL,22,312
GRL,22,313
GRL,22,314
GRL,22,315
GRL,22,316
GRL,22,317
GRL,22,318
GRL,22,319
GRL,22,320
GRL,22,321
GRL,22,322
GRL,22,323
GRL,22,325
GRL,22,326
NOR,22,382
NOR,22,383
NOR,22,384
NOR,22,385
NOR,22,386
NOR,22,387
NOR,22,388
NOR,22,389
NOR,22,390
NOR,22,391
NOR,22,392
NOR,22,393
NOR,22,394
NOR,22,395
NOR,22,396
NOR,22,397
NOR,22,398
NOR,22,399
NOR,22,400
NOR,22,401
NOR,22,402
NOR,22,403
NOR,22,404
NOR,22,405
NOR,22,406
NOR,22,407
NOR,22,408
NOR,22,409
NOR,22,410
NOR,22,411
NOR,22,412
NOR,22,421
RUS,22,545
RUS,22,546
RUS,22,547
RUS,22,548
RUS,22,549
RUS,22,550
RUS,22,551
RUS,22,552
RUS,22,553
RUS,22,554
RUS,22,555
RUS,22,556
RUS,22,557
RUS,22,558
RUS,22,559
RUS,22,560
RUS,22,563
RUS,22,564
RUS,22,565
RUS,22,566
RUS,22,567
RUS,22,568
RUS,22,569
CAN,23,135
CAN,23,136
CAN,23,137
CAN,23,138
CAN,23,139
CAN,23,140
CAN,23,141
CAN,23,142
CAN,23,151
CAN,23,152
CAN,23,153
CAN,23,154
CAN,23,155
CAN,23,156
CAN,23,157
CAN,23,158
CAN,23,159
CAN,23,160
CAN,23,161
CAN,23,164
CAN,23,165
CAN,23,166
CAN,23,167
CAN,23,168
CAN,23,169
CAN,23,170
CAN,23,172
CAN,23,173
CAN,23,174
CAN,23,175
CAN,23,176
CAN,23,177
CAN,23,178
CAN,23,179
CAN,23,180
CAN,23,181
CAN,23,182
CAN,23,183
CAN,23,184
CAN,23,185
CAN,23,186
CAN,23,187
CAN,23,188
CAN,23,189
CAN,23,190
CAN,23,191
CAN,23,192
CAN,23,193
CAN,23,194
CAN,23,195
CAN,23,196
CAN,23,197
CAN,23,198
CAN,23,199
CAN,23,200
CAN,23,201
CAN,23,202
CAN,23,203
CAN,23,204
CAN,23,205
CAN,23,206
CAN,23,207
CAN,23,208
CAN,23,209
CAN,23,210
CAN,23,211
CAN,23,212
GRL,23,215
GRL,23,216
GRL,23,217
GRL,23,218
GRL,23,219
GRL,23,220
GRL,23,221
GRL,23,222
GRL,23,223
GRL,23,224
GRL,23,225
GRL,23,226
GRL,23,227
GRL,23,228
GRL,23,229
GRL,23,230
GRL,23,231
GRL,23,232
GRL,23,233
GRL,23,234
GRL,23,235
GRL,23,236
GRL,23,237
GRL,23,238
GRL,23,239
GRL,23,240
GRL,23,241
GRL,23,242
GRL,23,243
GRL,23,244
GRL,23,245
GRL,23,246
GRL,23,247
GRL,23,248
GRL,23,249
GRL,23,250
GRL,23,251
GRL,23,252
GRL,23,253
GRL,23,254
GRL,23,255
GRL,23,256
GRL,23,257
GRL,23,258
GRL,23,259
GRL,23,260
GRL,23,261
GRL,23,262
GRL,23,263
GRL,23,264
GRL,23,265
GRL,23,266
GRL,23,267
GRL,23,268
GRL,23,269
GRL,23,270
GRL,23,271
GRL,23,272
GRL,23,273
GRL,23,274
GRL,23,275
GRL,23,276
GRL,23,277
GRL,23,278
GRL,23,279
GRL,23,280
GRL,23,281
GRL,23,282
GRL,23,283
GRL,23,284
GRL,23,285
GRL,23,286
GRL,23,287
GRL,23,288
GRL,23,289
GRL,23,290
GRL,23,291
GRL,23,292
GRL,23,293
GRL,23,294
GRL,23,295
GRL,23,296
GRL,23,297
GRL,23,298
GRL,23,299
GRL,23,300
GRL,23,301
GRL,23,302
GRL,23,303
GRL,23,304
GRL,23,305
GRL,23,306
GRL,23,307
GRL,23,308
GRL,23,309
GRL,23,310
GRL,23,311
GRL,23,312
GRL,23,313
GRL,23,314
GRL,23,315
GRL,23,316
GRL,23,317
GRL,23,318
GRL,23,319
GRL,23,320
GRL,23,321
GRL,23,322
GRL,23,323
GRL,23,324
GRL,23,325
NOR,23,382
NOR,23,383
NOR,23,384
NOR,23,385
NOR,23,386
NOR,23,387
NOR,23,388
NOR,23,389
NOR,23,390
NOR,23,391
NOR,23,392
NOR,23,393
NOR,23,394
NOR,23,395
NOR,23,396
NOR,23,397
NOR,23,398
NOR,23,399
NOR,23,400
NOR,23,401
NOR,23,402
NOR,23,403
NOR,23,404
NOR,23,405
NOR,23,413
NOR,23,414
NOR,23,415
NOR,23,416
NOR,23,417
NOR,23,418
NOR,23,419
NOR,23,420
RUS,23,554
RUS,23,555
RUS,23,556
RUS,23,557
RUS,23,558
RUS,23,559
RUS,23,560
RUS,23,561
RUS,23,562
RUS,23,563
RUS,23,564
RUS,23,565
RUS,23,566
RUS,23,567
RUS,23,568
RUS,23,569
RUS,23,570
RUS,23,571
CAN,24,131
CAN,24,132
CAN,24,134
CAN,24,135
CAN,24,136
CAN,24,137
CAN,24,138
CAN,24,139
CAN,24,140
CAN,24,141
CAN,24,142
CAN,24,151
CAN,24,152
CAN,24,153
CAN,24,154
CAN,24,155
CAN,24,156
CAN,24,157
CAN,24,158
CAN,24,159
CAN,24,160
CAN,24,161
CAN,24,162
CAN,24,163
CAN,24,164
CAN,24,165
CAN,24,166
CAN,24,167
CAN,24,168
CAN,24,169
CAN,24,170
CAN,24,171
CAN,24,175
CAN,24,176
CAN,24,177
CAN,24,178
CAN,24,179
CAN,24,180
CAN,24,181
CAN,24,182
CAN,24,183
CAN,24,184
CAN,24,186
CAN,24,187
CAN,24,188
CAN,24,189
CAN,24,190
CAN,24,191
CAN,24,192
CAN,24,193
CAN,24,194
CAN,24,195
CAN,24,196
CAN,24,197
CAN,24,198
CAN,24,199
CAN,24,200
CAN,24,201
CAN,24,202
CAN,24,203
CAN,24,204
CAN,24,205
CAN,24,206
CAN,24,207
CAN,24,208
CAN,24,209
CAN,24,210
GRL,24,215
GRL,24,216
GRL,24,217
GRL,24,218
GRL,24,219
GRL,24,220
GRL,24,221
GRL,24,222
GRL,24,223
GRL,24,224
GRL,24,225
GRL,24,226
GRL,24,227
GRL,24,228
GRL,24,229
GRL,24,230
GRL,24,231
GRL,24,232
GRL,24,233
GRL,24,234
GRL,24,235
GRL,24,236
GRL,24,237
GRL,24,238
GRL,24,239
GRL,24,240
GRL,24,241
GRL,24,242
GRL,24,243
GRL,24,244
GRL,24,245
GRL,24,246
GRL,24,247
GRL,24,248
GRL,24,249
GRL,24,250
GRL,24,251
GRL,24,252
GRL,24,253
GRL,24,254
GRL,24,255
GRL,24,256
GRL,24,257
GRL,24,258
GRL,24,259
GRL,24,260
GRL,24,261
GRL,24,262
GRL,24,263
GRL,24,264
GRL,24,265
GRL,24,266
GRL,24,267
GRL,24,268
GRL,24,269
GRL,24,270
GRL,24,271
GRL,24,272
GRL,24,273
GRL,24,274
GRL,24,275
GRL,24,276
GRL,24,277
GRL,24,278
GRL,24,279
GRL,24,280
GRL,24,281
GRL,24,282
GRL,24,283
GRL,24,284
GRL,24,285
GRL,24,286
GRL,24,287
GRL,24,288
GRL,24,289
GRL,24,290
GRL,24,291
GRL,24,292
GRL,24,293
GRL,24,294
GRL,24,295
GRL,24,296
GRL,24,297
GRL,24,298
GRL,24,299
GRL,24,300
GRL,24,301
GRL,24,302
GRL,24,303
GRL,24,304
GRL,24,305
GRL,24,306
GRL,24,307
GRL,24,308
GRL,24,309
GRL,24,310
GRL,24,311
GRL,24,312
GRL,24,313
GRL,24,314
GRL,24,315
GRL,24,316
GRL,24,317
GRL,24,318
GRL,24,319
GRL,24,320
GRL,24,321
GRL,24,322
GRL,24,323
NOR,24,383
NOR,24,384
NOR,24,385
NOR,24,386
NOR,24,387
NOR,24,388
NOR,24,389
NOR,24,390
NOR,24,391
NOR,24,392
NOR,24,393
NOR,24,394
NOR,24,395
NOR,24,396
NOR,24,397
NOR,24,398
NOR,24,399
NOR,24,401
NOR,24,402
NOR,24,403
NOR,24,404
NOR,24,405
NOR,24,406
NOR,24,407
RUS,24,548
RUS,24,559
RUS,24,560
RUS,24,561
RUS,24,562
RUS,24,563
RUS,24,564
RUS,24,565
RUS,24,566
RUS,24,567
RUS,24,568
RUS,24,569
RUS,24,570
RUS,24,571
RUS,24,573
RUS,24,574
RUS,24,575
RUS,24,576
CAN,25,127
CAN,25,128
CAN,25,130
CAN,25,131
CAN,25,132
CAN,25,133
CAN,25,134
CAN,25,135
CAN,25,136
CAN,25,137
CAN,25,138
CAN,25,139
CAN,25,140
CAN,25,141
,25,148
CAN,25,149
CAN,25,150
CAN,25,151
CAN,25,156
CAN,25,157
CAN,25,158
CAN,25,159
CAN,25,160
CAN,25,161
CAN,25,162
CAN,25,166
CAN,25,167
CAN,25,168
CAN,25,169
CAN,25,170
CAN,25,171
CAN,25,172
CAN,25,173
CAN,25,174
CAN,25,178
CAN,25,179
CAN,25,180
CAN,25,181
CAN,25,184
CAN,25,185
CAN,25,186
CAN,25,187
CAN,25,188
CAN,25,189
CAN,25,190
CAN,25,191
CAN,25,192
CAN,25,193
CAN,25,194
CAN,25,195
CAN,25,196
CAN,25,197
CAN,25,198
CAN,25,199
CAN,25,200
CAN,25,201
CAN,25,202
CAN,25,203
CAN,25,204
CAN,25,205
CAN,25,206
CAN,25,207
GRL,25,216
GRL,25,217
GRL,25,218
GRL,25,219
GRL,25,220
GRL,25,221
GRL,25,222
GRL,25,223
GRL,25,224
GRL,25,225
GRL,25,226
GRL,25,227
GRL,25,228
GRL,25,229
GRL,25,230
GRL,25,231
GRL,25,232
GRL,25,233
GRL,25,234
GRL,25,235
GRL,25,236
GRL,25,237
GRL,25,238
GRL,25,239
GRL,25,240
GRL,25,241
GRL,25,242
GRL,25,243
GRL,25,244
GRL,25,245
GRL,25,246
GRL,25,247
GRL,25,248
GRL,25,249
GRL,25,250
GRL,25,251
GRL,25,252
GRL,25,253
GRL,25,254
GRL,25,255
GRL,25,256
GRL,25,257
GRL,25,258
GRL,25,259
GRL,25,260
GRL,25,261
GRL,25,262
GRL,25,263
GRL,25,264
GRL,25,265
GRL,25,266
GRL,25,267
GRL,25,268
GRL,25,269
GRL,25,270
GRL,25,271
GRL,25,272
GRL,25,273
GRL,25,274
GRL,25,275
GRL,25,276
GRL,25,277
GRL,25,278
GRL,25,279
GRL,25,280
GRL,25,281
GRL,25,282
GRL,25,283
GRL,25,284
GRL,25,285
GRL,25,286
GRL,25,287
GRL,25,288
GRL,25,289
GRL,25,290
GRL,25,291
GRL,25,292
GRL,25,293
GRL,25,294
GRL,25,295
GRL,25,296
GRL,25,297
GRL,25,298
GRL,25,299
GRL,25,300
GRL,25,301
GRL,25,302
GRL,25,303
GRL,25,304
GRL,25,305
GRL,25,306
GRL,25,307
GRL,25,308
GRL,25,309
GRL,25,310
GRL,25,311
GRL,25,312
GRL,25,313
GRL,25,314
GRL,25,315
GRL,25,316
GRL,25,317
GRL,25,318
GRL,25,319
GRL,25,320
GRL,25,321
GRL,25,322
GRL,25,323
GRL,25,324
GRL,25,325
NOR,25,388
NOR,25,389
NOR,25,390
NOR,25,391
NOR,25,392
NOR,25,393
NOR,25,394
NOR,25,395
NOR,25,396
NOR,25,397
NOR,25,402
NOR,25,403
NOR,25,404
NOR,25,405
NOR,25,406
NOR,25,407
NOR,25,408
NOR,25,409
RUS,25,544
RUS,25,545
RUS,25,560
RUS,25,566
RUS,25,567
RUS,25,568
RUS,25,569
RUS,25,570
RUS,25,571
RUS,25,572
CAN,26,120
CAN,26,121
CAN,26,122
CAN,26,123
CAN,26,124
CAN,26,125
CAN,26,126
CAN,26,127
CAN,26,128
CAN,26,129
CAN,26,130
,26,135
CAN,26,136
CAN,26,137
CAN,26,138
CAN,26,139
CAN,26,149
CAN,26,150
CAN,26,151
CAN,26,152
CAN,26,168
CAN,26,169
CAN,26,170
CAN,26,173
CAN,26,178
CAN,26,179
CAN,26,180
CAN,26,181
CAN,26,183
CAN,26,184
CAN,26,185
CAN,26,186
CAN,26,187
CAN,26,188
CAN,26,189
CAN,26,190
CAN,26,191
CAN,26,192
CAN,26,193
CAN,26,194
CAN,26,195
CAN,26,196
CAN,26,197
CAN,26,198
CAN,26,199
CAN,26,200
CAN,26,201
CAN,26,202
CAN,26,203
CAN,26,204
GRL,26,215
GRL,26,216
GRL,26,217
GRL,26,218
GRL,26,219
GRL,26,220
GRL,26,221
GRL,26,222
GRL,26,223
GRL,26,224
GRL,26,225
GRL,26,226
GRL,26,227
GRL,26,228
GRL,26,229
GRL,26,230
GRL,26,231
GRL,26,232
GRL,26,233
GRL,26,234
GRL,26,235
GRL,26,236
GRL,26,237
GRL,26,238
GRL,26,239
GRL,26,240
GRL,26,241
GRL,26,242
GRL,26,243
GRL,26,244
GRL,26,245
GRL,26,246
GRL,26,247
GRL,26,248
GRL,26,249
GRL,26,250
GRL,26,251
GRL,26,252
GRL,26,253
GRL,26,254
GRL,26,255
GRL,26,256
GRL,26,257
GRL,26,258
GRL,26,259
GRL,26,260
GRL,26,261
GRL,26,262
GRL,26,263
GRL,26,264
GRL,26,265
GRL,26,266
GRL,26,267
GRL,26,268
GRL,26,269
GRL,26,270
GRL,26,271
GRL,26,272
GRL,26,273
GRL,26,274
GRL,26,275
GRL,26,276
GRL,26,277
GRL,26,278
GRL,26,279
GRL,26,280
GRL,26,281
GRL,26,282
GRL,26,283
GRL,26,284
GRL,26,285
GRL,26,286
GRL,26,287
GRL,26,288
GRL,26,289
GRL,26,290
GRL,26,291
GRL,26,292
GRL,26,293
GRL,26,294
GRL,26,295
GRL,26,296
GRL,26,297
GRL,26,298
GRL,26,299
GRL,26,300
GRL,26,301
GRL,26,302
GRL,26,303
GRL,26,304
GRL,26,305
GRL,26,306
GRL,26,307
GRL,26,308
GRL,26,309
GRL,26,310
GRL,26,311
GRL,26,312
GRL,26,313
GRL,26,314
GRL,26,315
GRL,26,316
GRL,26,317
GRL,26,318
GRL,26,319
GRL,26,320
GRL,26,321
GRL,26,322
GRL,26,323
GRL,26,324
NOR,26,389
NOR,26,390
NOR,26,391
NOR,26,392
NOR,26,393
NOR,26,394
NOR,26,395
NOR,26,396
NOR,26,402
NOR,26,403
NOR,26,405
NOR,26,406
NOR,26,407
NOR,26,408
RUS,26,496
RUS,26,538
RUS,26,539
RUS,26,540
RUS,26,551
RUS,26,552
RUS,26,553
RUS,26,554
RUS,26,563
RUS,26,564
RUS,26,565
RUS,26,566
RUS,26,567
RUS,26,568
RUS,26,569
RUS,26,570
RUS,26,571
RUS,26,572
RUS,26,573
RUS,26,574
RUS,26,575
RUS,26,576
RUS,26,674
CAN,27,118
CAN,27,119
CAN,27,120
CAN,27,121
CAN,27,122
CAN,27,123
CAN,27,124
CAN,27,125
CAN,27,126
CAN,27,127
CAN,27,128
CAN,27,129
CAN,27,131
CAN,27,132
CAN,27,133
CAN,27,134
CAN,27,141
CAN,27,142
CAN,27,143
CAN,27,144
CAN,27,151
CAN,27,152
CAN,27,153
CAN,27,154
,27,157
CAN,27,158
CAN,27,159
CAN,27,160
CAN,27,161
CAN,27,162
CAN,27,163
CAN,27,164
CAN,27,165
CAN,27,167
CAN,27,168
CAN,27,169
CAN,27,170
CAN,27,171
CAN,27,172
CAN,27,173
CAN,27,174
CAN,27,175
CAN,27,176
CAN,27,177
CAN,27,178
CAN,27,179
CAN,27,180
CAN,27,181
CAN,27,182
CAN,27,183
CAN,27,184
CAN,27,185
CAN,27,186
CAN,27,187
CAN,27,188
CAN,27,189
CAN,27,190
CAN,27,191
CAN,27,192
CAN,27,193
CAN,27,194
CAN,27,195
CAN,27,196
CAN,27,197
CAN,27,198
CAN,27,199
CAN,27,200
CAN,27,201
CAN,27,202
CAN,27,203
CAN,27,204
CAN,27,205
GRL,27,218
GRL,27,219
GRL,27,220
GRL,27,221
GRL,27,222
GRL,27,223
GRL,27,224
GRL,27,225
GRL,27,226
GRL,27,227
GRL,27,228
GRL,27,229
GRL,27,230
GRL,27,231
GRL,27,232
GRL,27,233
GRL,27,234
GRL,27,235
GRL,27,236
GRL,27,237
GRL,27,238
GRL,27,239
GRL,27,240
GRL,27,241
GRL,27,242
GRL,27,243
GRL,27,244
GRL,27,245
GRL,27,246
GRL,27,247
GRL,27,248
GRL,27,249
GRL,27,250
GRL,27,251
GRL,27,252
GRL,27,253
GRL,27,254
GRL,27,255
GRL,27,256
GRL,27,257
GRL,27,258
GRL,27,259
GRL,27,260
GRL,27,261
GRL,27,262
GRL,27,263
GRL,27,264
GRL,27,265
GRL,27,266
GRL,27,267
GRL,27,268
GRL,27,269
GRL,27,270
GRL,27,271
GRL,27,272
GRL,27,273
GRL,27,274
GRL,27,275
GRL,27,276
GRL,27,277
GRL,27,278
GRL,27,279
GRL,27,280
GRL,27,281
GRL,27,282
GRL,27,283
GRL,27,284
GRL,27,285
GRL,27,286
GRL,27,287
GRL,27,288
GRL,27,289
GRL,27,290
GRL,27,291
GRL,27,292
GRL,27,293
GRL,27,294
GRL,27,295
GRL,27,296
GRL,27,297
GRL,27,298
GRL,27,299
GRL,27,300
GRL,27,301
GRL,27,302
GRL,27,303
GRL,27,304
GRL,27,305
GRL,27,306
GRL,27,307
GRL,27,308
GRL,27,309
GRL,27,310
GRL,27,311
GRL,27,312
GRL,27,313
GRL,27,314
GRL,27,315
GRL,27,316
GRL,27,317
GRL,27,318
GRL,27,319
GRL,27,320
GRL,27,321
GRL,27,322
GRL,27,323
GRL,27,324
NOR,27,392
NOR,27,393
NOR,27,394
NOR,27,395
NOR,27,411
NOR,27,412
RUS,27,491
RUS,27,492
RUS,27,493
RUS,27,494
RUS,27,495
RUS,27,496
RUS,27,497
RUS,27,498
RUS,27,548
RUS,27,549
RUS,27,550
RUS,27,551
RUS,27,552
RUS,27,553
RUS,27,555
RUS,27,556
RUS,27,558
RUS,27,559
RUS,27,562
RUS,27,563
RUS,27,564
RUS,27,565
RUS,27,566
RUS,27,567
RUS,27,568
RUS,27,569
RUS,27,570
RUS,27,571
RUS,27,572
RUS,27,573
RUS,27,574
RUS,27,575
RUS,27,576
RUS,27,577
RUS,27,578
RUS,27,579
RUS,27,580
RUS,27,581
RUS,27,582
RUS,27,583
RUS,27,584
RUS,27,585
RUS,27,586
RUS,27,658
RUS,27,659
CAN,28,115
CAN,28,116
CAN,28,117
CAN,28,118
CAN,28,119
CAN,28,120
CAN,28,121
CAN,28,122
CAN,28,123
CAN,28,124
CAN,28,125
CAN,28,126
CAN,28,127
CAN,28,128
CAN,28,129
CAN,28,130
CAN,28,131
CAN,28,132
CAN,28,133
CAN,28,134
CAN,28,135
CAN,28,136
CAN,28,140
CAN,28,141
CAN,28,142
CAN,28,143
CAN,28,144
CAN,28,145
CAN,28,147
CAN,28,148
CAN,28,149
CAN,28,152
CAN,28,153
CAN,28,154
CAN,28,155
CAN,28,156
CAN,28,157
CAN,28,158
CAN,28,159
CAN,28,160
CAN,28,161
CAN,28,162
CAN,28,163
CAN,28,164
CAN,28,165
CAN,28,169
CAN,28,170
CAN,28,171
CAN,28,172
CAN,28,173
CAN,28,174
CAN,28,175
CAN,28,176
CAN,28,177
CAN,28,178
CAN,28,179
CAN,28,180
CAN,28,181
CAN,28,182
CAN,28,183
CAN,28,184
CAN,28,185
CAN,28,186
CAN,28,187
CAN,28,188
CAN,28,189
CAN,28,190
CAN,28,191
CAN,28,192
CAN,28,193
CAN,28,194
CAN,28,195
CAN,28,196
,28,198
CAN,28,199
CAN,28,200
CAN,28,201
CAN,28,202
CAN,28,203
GRL,28,221
GRL,28,222
GRL,28,223
GRL,28,224
GRL,28,225
GRL,28,226
GRL,28,227
GRL,28,228
GRL,28,229
GRL,28,230
GRL,28,231
GRL,28,232
GRL,28,233
GRL,28,234
GRL,28,235
GRL,28,236
GRL,28,237
GRL,28,238
GRL,28,239
GRL,28,240
GRL,28,241
GRL,28,242
GRL,28,243
GRL,28,244
GRL,28,245
GRL,28,246
GRL,28,247
GRL,28,248
GRL,28,249
GRL,28,250
GRL,28,251
GRL,28,252
GRL,28,253
GRL,28,254
GRL,28,255
GRL,28,256
GRL,28,257
GRL,28,258
GRL,28,259
GRL,28,260
GRL,28,261
GRL,28,262
GRL,28,263
GRL,28,264
GRL,28,265
GRL,28,266
GRL,28,267
GRL,28,268
GRL,28,269
GRL,28,270
GRL,28,271
GRL,28,272
GRL,28,273
GRL,28,274
GRL,28,275
GRL,28,276
GRL,28,277
GRL,28,278
GRL,28,279
GRL,28,280
GRL,28,281
GRL,28,282
GRL,28,283
GRL,28,284
GRL,28,285
GRL,28,286
GRL,28,287
GRL,28,288
GRL,28,289
GRL,28,290
GRL,28,291
GRL,28,292
GRL,28,293
GRL,28,294
GRL,28,295
GRL,28,296
GRL,28,297
GRL,28,298
GRL,28,299
GRL,28,300
GRL,28,301
GRL,28,302
GRL,28,303
GRL,28,304
GRL,28,305
GRL,28,306
GRL,28,307
GRL,28,308
GRL,28,309
GRL,28,310
GRL,28,311
GRL,28,312
GRL,28,313
GRL,28,314
GRL,28,315
GRL,28,316
GRL,28,317
GRL,28,318
GRL,28,319
GRL,28,320
GRL,28,321
GRL,28,322
GRL,28,323
NOR,28,410
NOR,28,411
RUS,28,481
RUS,28,482
RUS,28,483
RUS,28,484
RUS,28,485
RUS,28,486
RUS,28,487
RUS,28,488
RUS,28,489
RUS,28,490
RUS,28,491
RUS,28,492
RUS,28,493
RUS,28,494
RUS,28,495
RUS,28,496
RUS,28,497
RUS,28,498
RUS,28,546
RUS,28,547
RUS,28,548
RUS,28,549
RUS,28,550
RUS,28,551
RUS,28,552
RUS,28,553
RUS,28,554
RUS,28,555
RUS,28,556
RUS,28,557
RUS,28,558
RUS,28,559
RUS,28,560
RUS,28,561
RUS,28,562
RUS,28,563
RUS,28,564
RUS,28,565
RUS,28,566
RUS,28,567
RUS,28,568
RUS,28,569
RUS,28,570
RUS,28,571
RUS,28,572
RUS,28,573
RUS,28,574
RUS,28,575
RUS,28,576
RUS,28,577
RUS,28,578
RUS,28,579
RUS,28,580
RUS,28,581
RUS,28,582
RUS,28,583
RUS,28,584
RUS,28,585
RUS,28,586
RUS,28,587
RUS,28,588
RUS,28,636
RUS,28,637
RUS,28,638
RUS,28,639
RUS,28,640
RUS,28,642
RUS,28,643
RUS,28,644
RUS,28,645
RUS,28,666
CAN,29,115
CAN,29,116
CAN,29,118
CAN,29,119
CAN,29,120
CAN,29,121
CAN,29,122
CAN,29,123
CAN,29,124
CAN,29,125
CAN,29,126
CAN,29,127
CAN,29,128
CAN,29,129
CAN,29,130
CAN,29,131
CAN,29,132
CAN,29,133
CAN,29,134
CAN,29,135
CAN,29,136
CAN,29,137
CAN,29,138
CAN,29,139
CAN,29,140
CAN,29,141
CAN,29,142
CAN,29,143
CAN,29,144
CAN,29,145
CAN,29,146
CAN,29,147
CAN,29,148
CAN,29,149
CAN,29,150
CAN,29,153
CAN,29,154
CAN,29,155
CAN,29,156
CAN,29,157
CAN,29,158
CAN,29,159
CAN,29,160
CAN,29,161
CAN,29,162
CAN,29,163
CAN,29,164
CAN,29,165
CAN,29,166
CAN,29,167
CAN,29,168
CAN,29,169
CAN,29,170
CAN,29,171
CAN,29,172
CAN,29,176
CAN,29,177
CAN,29,178
CAN,29,179
CAN,29,180
CAN,29,181
CAN,29,182
CAN,29,183
CAN,29,184
CAN,29,185
CAN,29,186
CAN,29,187
CAN,29,188
CAN,29,189
CAN,29,190
CAN,29,191
CAN,29,192
CAN,29,193
CAN,29,194
CAN,29,195
CAN,29,196
CAN,29,197
CAN,29,198
CAN,29,199
CAN,29,200
CAN,29,201
CAN,29,202
,29,203
GRL,29,227
GRL,29,228
GRL,29,241
GRL,29,242
GRL,29,243
GRL,29,244
GRL,29,245
GRL,29,246
GRL,29,247
GRL,29,248
GRL,29,249
GRL,29,250
GRL,29,251
GRL,29,252
GRL,29,253
GRL,29,254
GRL,29,255
GRL,29,256
GRL,29,257
GRL,29,258
GRL,29,259
GRL,29,260
GRL,29,261
GRL,29,262
GRL,29,263
GRL,29,264
GRL,29,265
GRL,29,266
GRL,29,267
GRL,29,268
GRL,29,269
GRL,29,270
GRL,29,271
GRL,29,272
GRL,29,273
GRL,29,274
GRL,29,275
GRL,29,276
GRL,29,277
GRL,29,278
GRL,29,279
GRL,29,280
GRL,29,281
GRL,29,282
GRL,29,283
GRL,29,284
GRL,29,285
GRL,29,286
GRL,29,287
GRL,29,288
GRL,29,289
GRL,29,290
GRL,29,291
GRL,29,292
GRL,29,293
GRL,29,294
GRL,29,295
GRL,29,296
GRL,29,297
GRL,29,298
GRL,29,299
GRL,29,300
GRL,29,301
GRL,29,302
GRL,29,303
GRL,29,304
GRL,29,305
GRL,29,306
GRL,29,307
GRL,29,308
GRL,29,309
GRL,29,310
GRL,29,311
GRL,29,312
GRL,29,313
GRL,29,314
GRL,29,315
GRL,29,316
GRL,29,317
GRL,29,318
GRL,29,319
GRL,29,320
GRL,29,321
GRL,29,322
GRL,29,323
RUS,29,476
RUS,29,477
RUS,29,478
RUS,29,479
RUS,29,480
RUS,29,481
RUS,29,482
RUS,29,483
RUS,29,484
RUS,29,485
RUS,29,486
RUS,29,487
RUS,29,488
RUS,29,489
RUS,29,490
RUS,29,491
RUS,29,492
RUS,29,493
RUS,29,524
RUS,29,525
RUS,29,526
RUS,29,527
RUS,29,539
RUS,29,540
RUS,29,541
RUS,29,542
RUS,29,543
RUS,29,544
RUS,29,545
RUS,29,546
RUS,29,547
RUS,29,548
RUS,29,549
RUS,29,550
RUS,29,551
RUS,29,552
RUS,29,553
RUS,29,554
RUS,29,555
RUS,29,556
RUS,29,557
RUS,29,558
RUS,29,559
RUS,29,560
RUS,29,561
RUS,29,562
RUS,29,563
RUS,29,564
RUS,29,565
RUS,29,566
RUS,29,567
RUS,29,568
RUS,29,569
RUS,29,570
RUS,29,571
RUS,29,572
RUS,29,573
RUS,29,574
RUS,29,575
RUS,29,576
RUS,29,577
RUS,29,578
RUS,29,579
RUS,29,580
RUS,29,581
RUS,29,582
RUS,29,583
RUS,29,584
RUS,29,585
RUS,29,586
RUS,29,587
RUS,29,588
RUS,29,632
RUS,29,633
RUS,29,635
RUS,29,636
RUS,29,637
RUS,29,638
RUS,29,639
RUS,29,640
RUS,29,641
RUS,29,642
RUS,29,643
RUS,29,644
RUS,29,645
RUS,29,646
RUS,29,647
RUS,29,648
RUS,29,649
RUS,29,650
RUS,29,651
RUS,29,653
RUS,29,654
CAN,30,125
CAN,30,126
CAN,30,127
CAN,30,128
CAN,30,129
CAN,30,130
CAN,30,131
CAN,30,132
CAN,30,133
CAN,30,134
CAN,30,135
CAN,30,136
CAN,30,137
CAN,30,138
CAN,30,139
CAN,30,140
CAN,30,141
CAN,30,142
CAN,30,143
CAN,30,144
CAN,30,145
CAN,30,146
CAN,30,147
CAN,30,148
CAN,30,149
CAN,30,151
CAN,30,152
CAN,30,153
CAN,30,159
CAN,30,160
CAN,30,161
CAN,30,162
CAN,30,163
CAN,30,164
CAN,30,165
CAN,30,166
CAN,30,167
CAN,30,168
CAN,30,169
CAN,30,170
CAN,30,171
CAN,30,172
CAN,30,173
CAN,30,174
CAN,30,176
CAN,30,177
CAN,30,178
CAN,30,179
CAN,30,180
CAN,30,181
CAN,30,182
CAN,30,183
CAN,30,184
CAN,30,185
CAN,30,186
CAN,30,187
CAN,30,188
CAN,30,189
CAN,30,190
CAN,30,191
CAN,30,192
CAN,30,193
CAN,30,194
CAN,30,195
CAN,30,196
CAN,30,197
CAN,30,198
CAN,30,199
CAN,30,200
CAN,30,201
GRL,30,243
GRL,30,244
GRL,30,245
GRL,30,246
GRL,30,247
GRL,30,248
GRL,30,249
GRL,30,250
GRL,30,251
GRL,30,252
GRL,30,253
GRL,30,254
GRL,30,255
GRL,30,256
GRL,30,257
GRL,30,258
GRL,30,259
GRL,30,260
GRL,30,261
GRL,30,262
GRL,30,263
GRL,30,264
GRL,30,265
GRL,30,266
GRL,30,267
GRL,30,268
GRL,30,269
GRL,30,270
GRL,30,271
GRL,30,272
GRL,30,273
GRL,30,274
GRL,30,275
GRL,30,276
GRL,30,277
GRL,30,278
GRL,30,279
GRL,30,280
GRL,30,281
GRL,30,282
GRL,30,283
GRL,30,284
GRL,30,285
GRL,30,286
GRL,30,287
GRL,30,288
GRL,30,289
GRL,30,290
GRL,30,291
GRL,30,292
GRL,30,293
GRL,30,294
GRL,30,295
GRL,30,296
GRL,30,297
GRL,30,298
GRL,30,299
GRL,30,300
GRL,30,301
GRL,30,302
GRL,30,303
GRL,30,304
GRL,30,305
GRL,30,306
GRL,30,307
GRL,30,308
GRL,30,309
GRL,30,310
GRL,30,311
GRL,30,312
GRL,30,313
GRL,30,314
GRL,30,315
GRL,30,316
GRL,30,317
GRL,30,318
GRL,30,319
GRL,30,320
GRL,30,321
GRL,30,322
GRL,30,323
GRL,30,324
GRL,30,325
GRL,30,326
RUS,30,472
RUS,30,473
RUS,30,474
RUS,30,475
RUS,30,476
RUS,30,477
RUS,30,478
RUS,30,479
RUS,30,480
RUS,30,481
RUS,30,482
RUS,30,483
RUS,30,484
RUS,30,485
RUS,30,524
RUS,30,525
RUS,30,534
RUS,30,535
RUS,30,536
RUS,30,537
RUS,30,538
RUS,30,539
RUS,30,540
RUS,30,541
RUS,30,542
RUS,30,543
RUS,30,544
RUS,30,545
RUS,30,546
RUS,30,547
RUS,30,548
RUS,30,549
RUS,30,550
RUS,30,551
RUS,30,552
RUS,30,553
RUS,30,554
RUS,30,555
RUS,30,556
RUS,30,557
RUS,30,558
RUS,30,559
RUS,30,560
RUS,30,561
RUS,30,562
RUS,30,563
RUS,30,564
RUS,30,565
RUS,30,566
RUS,30,567
RUS,30,568
RUS,30,569
RUS,30,570
RUS,30,571
RUS,30,572
RUS,30,573
RUS,30,574
RUS,30,575
RUS,30,576
RUS,30,577
RUS,30,578
RUS,30,579
RUS,30,580
RUS,30,581
RUS,30,582
RUS,30,583
RUS,30,584
RUS,30,585
RUS,30,586
RUS,30,587
RUS,30,588
RUS,30,632
RUS,30,633
RUS,30,634
RUS,30,635
RUS,30,636
RUS,30,637
RUS,30,638
RUS,30,639
RUS,30,640
RUS,30,641
RUS,30,642
RUS,30,643
RUS,30,644
RUS,30,645
RUS,30,646
RUS,30,647
RUS,30,648
RUS,30,649
RUS,30,650
RUS,30,653
RUS,30,654
RUS,30,655
RUS,30,656
RUS,30,657
RUS,30,658
RUS,30,659
RUS,30,660
RUS,30,661
RUS,30,662
CAN,31,116
CAN,31,117
CAN,31,118
CAN,31,132
CAN,31,133
CAN,31,134
CAN,31,135
CAN,31,136
CAN,31,137
CAN,31,138
CAN,31,139
CAN,31,140
CAN,31,141
CAN,31,142
,31,143
CAN,31,144
CAN,31,146
CAN,31,147
CAN,31,165
CAN,31,166
CAN,31,168
CAN,31,169
CAN,31,170
CAN,31,171
CAN,31,172
CAN,31,173
CAN,31,174
,31,176
CAN,31,177
CAN,31,178
CAN,31,179
CAN,31,180
CAN,31,181
CAN,31,182
CAN,31,183
CAN,31,184
CAN,31,185
CAN,31,186
CAN,31,187
CAN,31,188
CAN,31,189
CAN,31,190
CAN,31,191
CAN,31,192
CAN,31,193
CAN,31,194
CAN,31,195
CAN,31,196
CAN,31,197
CAN,31,198
CAN,31,199
CAN,31,200
CAN,31,201
CAN,31,202
GRL,31,246
GRL,31,247
GRL,31,248
GRL,31,249
GRL,31,250
GRL,31,251
GRL,31,252
GRL,31,253
GRL,31,254
GRL,31,255
GRL,31,256
GRL,31,257
GRL,31,258
GRL,31,259
GRL,31,260
GRL,31,261
GRL,31,262
GRL,31,263
GRL,31,264
GRL,31,265
GRL,31,266
GRL,31,267
GRL,31,268
GRL,31,269
GRL,31,270
GRL,31,271
GRL,31,272
GRL,31,273
GRL,31,274
GRL,31,275
GRL,31,276
GRL,31,277
GRL,31,278
GRL,31,279
GRL,31,280
GRL,31,281
GRL,31,282
GRL,31,283
GRL,31,284
GRL,31,285
GRL,31,286
GRL,31,287
GRL,31,288
GRL,31,289
GRL,31,290
GRL,31,291
GRL,31,292
GRL,31,293
GRL,31,294
GRL,31,295
GRL,31,296
GRL,31,297
GRL,31,298
GRL,31,299
GRL,31,300
GRL,31,301
GRL,31,302
GRL,31,303
GRL,31,304
GRL,31,305
GRL,31,306
GRL,31,307
GRL,31,308
GRL,31,309
GRL,31,310
GRL,31,311
GRL,31,312
GRL,31,313
GRL,31,314
GRL,31,315
GRL,31,316
GRL,31,317
GRL,31,318
GRL,31,319
GRL,31,320
GRL,31,321
GRL,31,322
GRL,31,323
GRL,31,324
GRL,31,325
NOR,31,398
NOR,31,399
RUS,31,472
RUS,31,473
RUS,31,474
RUS,31,475
RUS,31,476
RUS,31,477
RUS,31,478
RUS,31,479
RUS,31,480
RUS,31,481
RUS,31,482
RUS,31,519
RUS,31,520
RUS,31,530
RUS,31,531
RUS,31,532
RUS,31,533
RUS,31,534
RUS,31,535
RUS,31,536
RUS,31,537
RUS,31,538
RUS,31,539
RUS,31,540
RUS,31,541
RUS,31,542
RUS,31,543
RUS,31,544
RUS,31,545
RUS,31,546
RUS,31,547
RUS,31,548
RUS,31,549
RUS,31,550
RUS,31,551
RUS,31,552
RUS,31,553
RUS,31,554
RUS,31,555
RUS,31,556
RUS,31,557
RUS,31,558
RUS,31,559
RUS,31,560
RUS,31,561
RUS,31,562
RUS,31,563
RUS,31,564
RUS,31,565
RUS,31,566
RUS,31,567
RUS,31,568
RUS,31,569
RUS,31,570
RUS,31,571
RUS,31,572
RUS,31,573
RUS,31,574
RUS,31,575
RUS,31,576
RUS,31,577
RUS,31,578
RUS,31,579
RUS,31,580
RUS,31,581
RUS,31,582
RUS,31,583
RUS,31,584
RUS,31,585
RUS,31,586
RUS,31,636
RUS,31,637
RUS,31,638
RUS,31,639
RUS,31,640
RUS,31,641
RUS,31,642
RUS,31,643
RUS,31,644
RUS,31,645
RUS,31,646
RUS,31,647
RUS,31,648
RUS,31,656
RUS,31,657
RUS,31,658
RUS,31,659
RUS,31,660
RUS,31,661
RUS,31,662
CAN,32,111
CAN,32,112
CAN,32,113
CAN,32,114
CAN,32,115
CAN,32,116
CAN,32,117
CAN,32,118
CAN,32,119
CAN,32,120
CAN,32,121
CAN,32,122
CAN,32,123
CAN,32,124
CAN,32,125
CAN,32,126
CAN,32,127
CAN,32,133
CAN,32,134
CAN,32,135
CAN,32,136
CAN,32,163
CAN,32,164
CAN,32,165
CAN,32,170
CAN,32,171
CAN,32,172
CAN,32,173
CAN,32,174
CAN,32,175
CAN,32,176
CAN,32,177
CAN,32,178
CAN,32,179
GRL,32,246
GRL,32,247
GRL,32,248
GRL,32,249
GRL,32,250
GRL,32,251
GRL,32,252
GRL,32,253
GRL,32,254
GRL,32,255
GRL,32,256
GRL,32,257
GRL,32,258
GRL,32,259
GRL,32,260
GRL,32,261
GRL,32,262
GRL,32,263
GRL,32,264
GRL,32,265
GRL,32,266
GRL,32,267
GRL,32,268
GRL,32,269
GRL,32,270
GRL,32,271
GRL,32,272
GRL,32,273
GRL,32,274
GRL,32,275
GRL,32,276
GRL,32,277
GRL,32,278
GRL,32,279
GRL,32,280
GRL,32,281
GRL,32,282
GRL,32,283
GRL,32,284
GRL,32,285
GRL,32,286
GRL,32,287
GRL,32,288
GRL,32,289
GRL,32,290
GRL,32,291
GRL,32,292
GRL,32,293
GRL,32,294
GRL,32,295
GRL,32,296
GRL,32,297
GRL,32,298
GRL,32,299
GRL,32,300
GRL,32,301
GRL,32,302
GRL,32,303
GRL,32,304
GRL,32,305
GRL,32,306
GRL,32,307
GRL,32,308
GRL,32,309
GRL,32,310
GRL,32,311
GRL,32,312
GRL,32,313
GRL,32,314
GRL,32,315
GRL,32,316
GRL,32,317
GRL,32,318
GRL,32,319
GRL,32,320
GRL,32,321
GRL,32,322
NOR,32,398
NOR,32,399
RUS,32,470
RUS,32,471
RUS,32,472
RUS,32,473
RUS,32,474
RUS,32,475
RUS,32,476
RUS,32,477
RUS,32,478
RUS,32,479
RUS,32,525
RUS,32,526
RUS,32,527
RUS,32,528
RUS,32,529
RUS,32,530
RUS,32,532
RUS,32,533
RUS,32,534
RUS,32,535
RUS,32,536
RUS,32,537
RUS,32,538
RUS,32,539
RUS,32,540
RUS,32,541
RUS,32,542
RUS,32,543
RUS,32,544
RUS,32,545
RUS,32,546
RUS,32,547
RUS,32,548
RUS,32,549
RUS,32,550
RUS,32,551
RUS,32,552
RUS,32,553
RUS,32,554
RUS,32,555
RUS,32,556
RUS,32,557
RUS,32,558
RUS,32,559
RUS,32,560
RUS,32,561
RUS,32,562
RUS,32,563
RUS,32,564
RUS,32,565
RUS,32,566
RUS,32,567
RUS,32,568
RUS,32,569
RUS,32,570
RUS,32,571
RUS,32,572
RUS,32,573
RUS,32,574
RUS,32,575
RUS,32,576
RUS,32,577
RUS,32,578
RUS,32,579
RUS,32,580
RUS,32,581
RUS,32,583
RUS,32,584
RUS,32,585
RUS,32,586
RUS,32,587
RUS,32,592
RUS,32,593
RUS,32,631
RUS,32,632
RUS,32,633
RUS,32,641
RUS,32,642
RUS,32,643
CAN,33,112
CAN,33,113
CAN,33,114
CAN,33,115
CAN,33,116
CAN,33,117
CAN,33,118
CAN,33,119
CAN,33,120
CAN,33,121
CAN,33,122
CAN,33,123
CAN,33,124
CAN,33,125
CAN,33,126
CAN,33,127
CAN,33,128
CAN,33,129
CAN,33,130
,33,144
CAN,33,145
CAN,33,147
CAN,33,148
CAN,33,149
CAN,33,150
CAN,33,151
CAN,33,152
CAN,33,158
CAN,33,159
CAN,33,160
CAN,33,161
CAN,33,162
CAN,33,163
CAN,33,164
CAN,33,165
CAN,33,166
CAN,33,167
CAN,33,169
CAN,33,170
CAN,33,171
CAN,33,172
CAN,33,173
CAN,33,174
CAN,33,175
CAN,33,176
CAN,33,177
CAN,33,178
CAN,33,179
CAN,33,180
CAN,33,184
CAN,33,185
CAN,33,186
CAN,33,187
CAN,33,188
CAN,33,189
CAN,33,190
CAN,33,191
CAN,33,193
CAN,33,194
CAN,33,195
CAN,33,196
CAN,33,197
CAN,33,198
CAN,33,199
CAN,33,200
CAN,33,201
CAN,33,202
CAN,33,203
CAN,33,204
CAN,33,205
CAN,33,206
GRL,33,247
GRL,33,248
GRL,33,249
GRL,33,250
GRL,33,251
GRL,33,252
GRL,33,253
GRL,33,254
GRL,33,255
GRL,33,256
GRL,33,257
GRL,33,258
GRL,33,259
GRL,33,260
GRL,33,261
GRL,33,262
GRL,33,263
GRL,33,264
GRL,33,265
GRL,33,266
GRL,33,267
GRL,33,268
GRL,33,269
GRL,33,270
GRL,33,271
GRL,33,272
GRL,33,273
GRL,33,274
GRL,33,275
GRL,33,276
GRL,33,277
GRL,33,278
GRL,33,279
GRL,33,280
GRL,33,281
GRL,33,282
GRL,33,283
GRL,33,284
GRL,33,285
GRL,33,286
GRL,33,287
GRL,33,288
GRL,33,289
GRL,33,290
GRL,33,291
GRL,33,292
GRL,33,293
GRL,33,294
GRL,33,295
GRL,33,296
GRL,33,297
GRL,33,298
GRL,33,299
GRL,33,300
GRL,33,301
GRL,33,302
GRL,33,303
GRL,33,304
GRL,33,305
GRL,33,306
GRL,33,307
GRL,33,308
GRL,33,309
GRL,33,310
GRL,33,311
GRL,33,312
GRL,33,313
GRL,33,314
GRL,33,315
GRL,33,316
GRL,33,317
GRL,33,318
GRL,33,319
GRL,33,320
RUS,33,468
RUS,33,469
RUS,33,470
RUS,33,471
RUS,33,472
RUS,33,473
RUS,33,474
RUS,33,475
RUS,33,476
RUS,33,502
RUS,33,503
RUS,33,511
RUS,33,512
RUS,33,513
RUS,33,514
RUS,33,522
RUS,33,523
RUS,33,524
RUS,33,525
RUS,33,526
RUS,33,527
RUS,33,528
RUS,33,529
RUS,33,530
RUS,33,531
RUS,33,532
RUS,33,533
RUS,33,534
RUS,33,535
RUS,33,536
RUS,33,537
RUS,33,538
RUS,33,539
RUS,33,540
RUS,33,541
RUS,33,542
RUS,33,543
RUS,33,544
RUS,33,545
RUS,33,546
RUS,33,547
RUS,33,548
RUS,33,549
RUS,33,550
RUS,33,551
RUS,33,552
RUS,33,553
RUS,33,554
RUS,33,555
RUS,33,556
RUS,33,557
RUS,33,558
RUS,33,559
RUS,33,560
RUS,33,561
RUS,33,562
RUS,33,563
RUS,33,564
RUS,33,565
RUS,33,566
RUS,33,567
RUS,33,568
RUS,33,569
RUS,33,570
RUS,33,571
RUS,33,572
RUS,33,573
RUS,33,574
RUS,33,575
RUS,33,576
RUS,33,577
RUS,33,578
RUS,33,579
RUS,33,580
RUS,33,581
RUS,33,582
RUS,33,583
RUS,33,584
RUS,33,585
RUS,33,586
RUS,33,587
RUS,33,588
RUS,33,589
RUS,33,590
RUS,33,591
RUS,33,592
RUS,33,593
RUS,33,594
RUS,33,595
RUS,33,596
RUS,33,597
RUS,33,598
RUS,33,607
RUS,33,608
RUS,33,609
RUS,33,610
RUS,33,611
RUS,33,612
RUS,33,613
RUS,33,614
RUS,33,615
RUS,33,616
RUS,33,633
RUS,33,641
RUS,33,642
RUS,33,643
RUS,33,644
RUS,33,645
RUS,33,646
RUS,33,647
CAN,34,111
CAN,34,112
CAN,34,113
CAN,34,114
CAN,34,115
CAN,34,116
CAN,34,117
CAN,34,118
CAN,34,119
CAN,34,120
CAN,34,121
CAN,34,122
CAN,34,123
CAN,34,124
CAN,34,125
CAN,34,126
CAN,34,127
CAN,34,128
CAN,34,129
CAN,34,130
CAN,34,131
CAN,34,132
CAN,34,133
CAN,34,134
CAN,34,135
CAN,34,139
CAN,34,140
CAN,34,144
CAN,34,145
CAN,34,146
CAN,34,147
CAN,34,148
CAN,34,149
CAN,34,150
CAN,34,151
,34,155
CAN,34,156
CAN,34,157
CAN,34,158
CAN,34,159
CAN,34,160
CAN,34,161
CAN,34,162
CAN,34,163
CAN,34,164
CAN,34,165
CAN,34,166
CAN,34,167
CAN,34,169
CAN,34,170
CAN,34,171
CAN,34,172
CAN,34,173
CAN,34,174
CAN,34,175
CAN,34,176
CAN,34,177
CAN,34,178
CAN,34,182
CAN,34,183
CAN,34,184
CAN,34,185
CAN,34,186
CAN,34,187
CAN,34,188
CAN,34,189
CAN,34,190
CAN,34,191
CAN,34,192
CAN,34,193
CAN,34,194
CAN,34,195
CAN,34,196
CAN,34,197
CAN,34,198
CAN,34,199
CAN,34,200
CAN,34,201
CAN,34,202
CAN,34,203
CAN,34,204
CAN,34,205
CAN,34,206
CAN,34,207
CAN,34,208
GRL,34,249
GRL,34,250
GRL,34,251
GRL,34,252
GRL,34,253
GRL,34,254
GRL,34,255
GRL,34,256
GRL,34,257
GRL,34,258
GRL,34,259
GRL,34,260
GRL,34,261
GRL,34,262
GRL,34,263
GRL,34,264
GRL,34,265
GRL,34,266
GRL,34,267
GRL,34,268
GRL,34,269
GRL,34,270
GRL,34,271
GRL,34,272
GRL,34,273
GRL,34,274
GRL,34,275
GRL,34,276
GRL,34,277
GRL,34,278
GRL,34,279
GRL,34,280
GRL,34,281
GRL,34,282
GRL,34,283
GRL,34,284
GRL,34,285
GRL,34,286
GRL,34,287
GRL,34,288
GRL,34,289
GRL,34,290
GRL,34,291
GRL,34,292
GRL,34,293
GRL,34,294
GRL,34,295
GRL,34,296
GRL,34,297
GRL,34,298
GRL,34,299
GRL,34,300
GRL,34,301
GRL,34,302
GRL,34,303
GRL,34,304
GRL,34,305
GRL,34,306
GRL,34,307
GRL,34,308
GRL,34,309
GRL,34,310
GRL,34,311
GRL,34,312
GRL,34,313
GRL,34,314
GRL,34,315
GRL,34,316
GRL,34,317
GRL,34,319
RUS,34,467
RUS,34,468
RUS,34,469
RUS,34,470
RUS,34,471
RUS,34,472
RUS,34,473
RUS,34,474
RUS,34,475
RUS,34,500
RUS,34,501
RUS,34,502
RUS,34,503
RUS,34,504
RUS,34,509
RUS,34,510
RUS,34,511
RUS,34,512
RUS,34,513
RUS,34,514
RUS,34,518
RUS,34,519
RUS,34,521
RUS,34,522
RUS,34,523
RUS,34,524
RUS,34,525
RUS,34,526
RUS,34,527
RUS,34,528
RUS,34,529
RUS,34,530
RUS,34,531
RUS,34,532
RUS,34,533
RUS,34,534
RUS,34,535
RUS,34,536
RUS,34,537
RUS,34,538
RUS,34,539
RUS,34,540
RUS,34,541
RUS,34,542
RUS,34,543
RUS,34,544
RUS,34,545
RUS,34,546
RUS,34,547
RUS,34,548
RUS,34,549
RUS,34,550
RUS,34,551
RUS,34,552
RUS,34,553
RUS,34,554
RUS,34,555
RUS,34,556
RUS,34,557
RUS,34,558
RUS,34,559
RUS,34,560
RUS,34,561
RUS,34,562
RUS,34,563
RUS,34,564
RUS,34,565
RUS,34,566
RUS,34,567
RUS,34,568
RUS,34,569
RUS,34,570
RUS,34,571
RUS,34,572
RUS,34,573
RUS,34,574
RUS,34,575
RUS,34,576
RUS,34,577
RUS,34,578
RUS,34,579
RUS,34,580
RUS,34,581
RUS,34,582
RUS,34,583
RUS,34,584
RUS,34,585
RUS,34,586
RUS,34,587
RUS,34,588
RUS,34,589
RUS,34,590
RUS,34,591
RUS,34,592
RUS,34,593
RUS,34,594
RUS,34,595
RUS,34,596
RUS,34,597
RUS,34,598
RUS,34,599
RUS,34,600
RUS,34,601
RUS,34,606
RUS,34,607
RUS,34,608
RUS,34,609
RUS,34,610
RUS,34,611
RUS,34,612
RUS,34,613
RUS,34,614
RUS,34,615
RUS,34,616
RUS,34,617
RUS,34,618
RUS,34,619
RUS,34,640
RUS,34,641
RUS,34,642
RUS,34,643
RUS,34,644
RUS,34,645
RUS,34,646
RUS,34,647
RUS,34,648
CAN,35,110
CAN,35,111
CAN,35,112
CAN,35,113
CAN,35,114
CAN,35,115
CAN,35,116
CAN,35,117
CAN,35,118
CAN,35,119
CAN,35,120
CAN,35,121
CAN,35,122
CAN,35,123
CAN,35,124
CAN,35,125
CAN,35,126
CAN,35,127
CAN,35,128
CAN,35,129
CAN,35,130
CAN,35,131
CAN,35,132
CAN,35,133
CAN,35,134
CAN,35,135
CAN,35,136
CAN,35,137
CAN,35,138
CAN,35,139
CAN,35,140
CAN,35,141
CAN,35,142
CAN,35,143
CAN,35,144
CAN,35,145
CAN,35,146
CAN,35,147
CAN,35,148
CAN,35,149
CAN,35,150
CAN,35,155
CAN,35,156
CAN,35,157
CAN,35,158
CAN,35,159
CAN,35,160
CAN,35,161
CAN,35,162
CAN,35,163
CAN,35,164
CAN,35,165
CAN,35,166
CAN,35,167
CAN,35,168
CAN,35,169
CAN,35,170
CAN,35,171
CAN,35,172
CAN,35,173
CAN,35,174
CAN,35,175
CAN,35,176
CAN,35,177
CAN,35,181
CAN,35,182
CAN,35,183
CAN,35,184
CAN,35,185
CAN,35,186
CAN,35,187
CAN,35,188
CAN,35,189
CAN,35,190
CAN,35,191
CAN,35,192
CAN,35,193
CAN,35,194
CAN,35,195
CAN,35,196
CAN,35,197
CAN,35,198
CAN,35,199
CAN,35,200
CAN,35,201
CAN,35,202
CAN,35,203
CAN,35,204
CAN,35,205
CAN,35,206
CAN,35,207
CAN,35,208
CAN,35,209
CAN,35,210
GRL,35,248
GRL,35,249
GRL,35,250
GRL,35,251
GRL,35,252
GRL,35,253
GRL,35,254
GRL,35,255
GRL,35,256
GRL,35,257
GRL,35,258
GRL,35,259
GRL,35,260
GRL,35,261
GRL,35,262
GRL,35,263
GRL,35,264
GRL,35,265
GRL,35,266
GRL,35,267
GRL,35,268
GRL,35,269
GRL,35,270
GRL,35,271
GRL,35,272
GRL,35,273
GRL,35,274
GRL,35,275
GRL,35,276
GRL,35,277
GRL,35,278
GRL,35,279
GRL,35,280
GRL,35,281
GRL,35,282
GRL,35,283
GRL,35,284
GRL,35,285
GRL,35,286
GRL,35,287
GRL,35,288
GRL,35,289
GRL,35,290
GRL,35,291
GRL,35,292
GRL,35,293
GRL,35,294
GRL,35,295
GRL,35,296
GRL,35,297
GRL,35,298
GRL,35,299
GRL,35,300
GRL,35,301
GRL,35,302
GRL,35,303
GRL,35,304
GRL,35,305
GRL,35,306
GRL,35,307
GRL,35,308
GRL,35,309
GRL,35,310
GRL,35,311
GRL,35,312
GRL,35,313
GRL,35,314
GRL,35,315
GRL,35,316
GRL,35,317
RUS,35,465
RUS,35,466
RUS,35,467
RUS,35,468
RUS,35,469
RUS,35,470
RUS,35,471
RUS,35,472
RUS,35,473
RUS,35,498
RUS,35,499
RUS,35,500
RUS,35,501
RUS,35,502
RUS,35,503
RUS,35,504
RUS,35,505
RUS,35,506
RUS,35,509
RUS,35,510
RUS,35,511
RUS,35,512
RUS,35,515
RUS,35,516
RUS,35,517
RUS,35,518
RUS,35,519
RUS,35,520
RUS,35,522
RUS,35,523
RUS,35,524
RUS,35,525
RUS,35,526
RUS,35,527
RUS,35,528
RUS,35,529
RUS,35,530
RUS,35,531
RUS,35,532
RUS,35,533
RUS,35,534
RUS,35,535
RUS,35,536
RUS,35,537
RUS,35,538
RUS,35,539
RUS,35,540
RUS,35,541
RUS,35,542
RUS,35,543
RUS,35,544
RUS,35,545
RUS,35,546
RUS,35,547
RUS,35,548
RUS,35,549
RUS,35,550
RUS,35,551
RUS,35,552
RUS,35,553
RUS,35,554
RUS,35,555
RUS,35,556
RUS,35,557
RUS,35,558
RUS,35,559
RUS,35,560
RUS,35,561
RUS,35,562
RUS,35,563
RUS,35,564
RUS,35,565
RUS,35,566
RUS,35,567
RUS,35,568
RUS,35,569
RUS,35,570
RUS,35,571
RUS,35,572
RUS,35,573
RUS,35,574
RUS,35,575
RUS,35,576
RUS,35,577
RUS,35,578
RUS,35,579
RUS,35,580
RUS,35,581
RUS,35,582
RUS,35,583
RUS,35,584
RUS,35,585
RUS,35,586
RUS,35,587
RUS,35,588
RUS,35,589
RUS,35,590
RUS,35,591
RUS,35,592
RUS,35,593
RUS,35,594
RUS,35,595
RUS,35,596
RUS,35,597
RUS,35,598
RUS,35,599
RUS,35,600
RUS,35,601
RUS,35,602
RUS,35,603
RUS,35,604
RUS,35,605
RUS,35,606
RUS,35,607
RUS,35,608
RUS,35,609
RUS,35,610
RUS,35,611
RUS,35,612
RUS,35,613
RUS,35,614
RUS,35,615
RUS,35,616
RUS,35,617
RUS,35,618
RUS,35,619
RUS,35,640
RUS,35,642
RUS,35,643
RUS,35,644
RUS,35,645
RUS,35,646
RUS,35,647
RUS,35,648
RUS,35,649
RUS,35,650
RUS,35,651
RUS,35,652
CAN,36,109
CAN,36,110
CAN,36,111
CAN,36,112
CAN,36,113
CAN,36,114
CAN,36,115
CAN,36,116
CAN,36,117
CAN,36,118
CAN,36,119
CAN,36,120
CAN,36,121
CAN,36,122
CAN,36,123
CAN,36,124
CAN,36,125
CAN,36,126
CAN,36,127
CAN,36,128
CAN,36,129
CAN,36,130
CAN,36,131
CAN,36,132
CAN,36,133
CAN,36,134
CAN,36,135
CAN,36,136
CAN,36,137
CAN,36,138
CAN,36,139
CAN,36,140
CAN,36,141
CAN,36,142
CAN,36,143
CAN,36,144
CAN,36,145
CAN,36,146
CAN,36,147
CAN,36,148
CAN,36,149
CAN,36,150
CAN,36,151
CAN,36,157
CAN,36,158
CAN,36,159
CAN,36,160
CAN,36,161
CAN,36,162
CAN,36,163
CAN,36,164
CAN,36,165
CAN,36,166
CAN,36,167
CAN,36,168
CAN,36,170
CAN,36,171
CAN,36,172
CAN,36,173
CAN,36,174
CAN,36,181
CAN,36,182
CAN,36,183
CAN,36,184
CAN,36,185
CAN,36,186
CAN,36,187
CAN,36,188
CAN,36,189
CAN,36,190
CAN,36,191
CAN,36,192
CAN,36,193
CAN,36,194
CAN,36,195
CAN,36,196
CAN,36,197
CAN,36,198
CAN,36,199
CAN,36,200
CAN,36,201
CAN,36,202
CAN,36,203
CAN,36,204
CAN,36,205
CAN,36,206
CAN,36,207
CAN,36,208
CAN,36,209
CAN,36,210
CAN,36,211
CAN,36,212
GRL,36,249
GRL,36,250
GRL,36,251
GRL,36,252
GRL,36,253
GRL,36,254
GRL,36,255
GRL,36,256
GRL,36,257
GRL,36,258
GRL,36,259
GRL,36,260
GRL,36,261
GRL,36,262
GRL,36,263
GRL,36,264
GRL,36,265
GRL,36,266
GRL,36,267
GRL,36,268
GRL,36,269
GRL,36,270
GRL,36,271
GRL,36,272
GRL,36,273
GRL,36,274
GRL,36,275
GRL,36,276
GRL,36,277
GRL,36,278
GRL,36,279
GRL,36,280
GRL,36,281
GRL,36,282
GRL,36,283
GRL,36,284
GRL,36,285
GRL,36,286
GRL,36,287
GRL,36,288
GRL,36,289
GRL,36,290
GRL,36,291
GRL,36,292
GRL,36,293
GRL,36,294
GRL,36,295
GRL,36,296
GRL,36,297
GRL,36,298
GRL,36,299
GRL,36,300
GRL,36,301
GRL,36,302
GRL,36,303
GRL,36,304
GRL,36,305
GRL,36,306
GRL,36,307
GRL,36,308
GRL,36,309
GRL,36,310
GRL,36,311
GRL,36,312
GRL,36,313
GRL,36,314
GRL,36,315
GRL,36,316
GRL,36,317
RUS,36,464
RUS,36,465
RUS,36,466
RUS,36,467
RUS,36,468
RUS,36,469
RUS,36,470
RUS,36,471
RUS,36,472
RUS,36,498
RUS,36,499
RUS,36,500
RUS,36,501
RUS,36,502
RUS,36,503
RUS,36,504
RUS,36,505
RUS,36,506
RUS,36,510
RUS,36,511
RUS,36,512
RUS,36,513
RUS,36,514
RUS,36,515
RUS,36,516
RUS,36,517
RUS,36,518
RUS,36,519
RUS,36,520
RUS,36,521
RUS,36,522
RUS,36,523
RUS,36,524
RUS,36,525
RUS,36,526
RUS,36,527
RUS,36,528
RUS,36,529
RUS,36,530
RUS,36,531
RUS,36,532
RUS,36,533
RUS,36,534
RUS,36,535
RUS,36,536
RUS,36,537
RUS,36,538
RUS,36,539
RUS,36,540
RUS,36,541
RUS,36,542
RUS,36,543
RUS,36,544
RUS,36,545
RUS,36,546
RUS,36,547
RUS,36,548
RUS,36,549
RUS,36,550
RUS,36,551
RUS,36,552
RUS,36,553
RUS,36,554
RUS,36,555
RUS,36,556
RUS,36,557
RUS,36,558
RUS,36,559
RUS,36,560
RUS,36,561
RUS,36,562
RUS,36,563
RUS,36,564
RUS,36,565
RUS,36,566
RUS,36,567
RUS,36,568
RUS,36,569
RUS,36,570
RUS,36,571
RUS,36,572
RUS,36,573
RUS,36,574
RUS,36,575
RUS,36,576
RUS,36,577
RUS,36,578
RUS,36,579
RUS,36,580
RUS,36,581
RUS,36,582
RUS,36,583
RUS,36,584
RUS,36,585
RUS,36,586
RUS,36,587
RUS,36,588
RUS,36,589
RUS,36,590
RUS,36,591
RUS,36,592
RUS,36,593
RUS,36,594
RUS,36,595
RUS,36,596
RUS,36,597
RUS,36,598
RUS,36,599
RUS,36,600
RUS,36,601
RUS,36,602
RUS,36,603
RUS,36,604
RUS,36,605
RUS,36,606
RUS,36,607
RUS,36,608
RUS,36,609
RUS,36,610
RUS,36,611
RUS,36,612
RUS,36,613
RUS,36,614
RUS,36,615
RUS,36,616
RUS,36,617
RUS,36,618
RUS,36,619
RUS,36,620
RUS,36,639
RUS,36,640
RUS,36,641
RUS,36,642
RUS,36,643
RUS,36,644
RUS,36,645
RUS,36,646
RUS,36,647
RUS,36,648
RUS,36,649
RUS,36,650
RUS,36,651
RUS,36,652
RUS,36,653
RUS,36,654
RUS,36,655
RUS,36,656
RUS,36,657
RUS,36,658
RUS,36,659
RUS,36,660
RUS,37,1
RUS,37,2
RUS,37,3
RUS,37,4
CAN,37,110
CAN,37,111
CAN,37,112
CAN,37,113
CAN,37,114
CAN,37,115
CAN,37,116
CAN,37,117
CAN,37,118
CAN,37,119
CAN,37,120
CAN,37,122
CAN,37,123
CAN,37,124
CAN,37,125
CAN,37,126
CAN,37,127
CAN,37,128
CAN,37,129
CAN,37,130
CAN,37,131
CAN,37,132
CAN,37,133
CAN,37,134
CAN,37,135
CAN,37,136
CAN,37,137
CAN,37,138
CAN,37,139
CAN,37,140
CAN,37,141
CAN,37,142
CAN,37,143
CAN,37,144
CAN,37,145
CAN,37,146
CAN,37,147
CAN,37,148
CAN,37,149
CAN,37,150
CAN,37,151
CAN,37,152
CAN,37,160
CAN,37,161
CAN,37,162
CAN,37,163
CAN,37,164
CAN,37,165
CAN,37,166
CAN,37,167
CAN,37,169
CAN,37,170
CAN,37,171
CAN,37,172
CAN,37,173
CAN,37,174
CAN,37,180
CAN,37,181
CAN,37,182
CAN,37,183
CAN,37,184
CAN,37,185
CAN,37,186
CAN,37,187
CAN,37,188
CAN,37,189
CAN,37,190
CAN,37,191
CAN,37,192
CAN,37,193
CAN,37,194
CAN,37,195
CAN,37,196
CAN,37,197
CAN,37,198
CAN,37,199
CAN,37,200
CAN,37,201
CAN,37,202
CAN,37,203
CAN,37,204
CAN,37,205
CAN,37,206
CAN,37,207
CAN,37,208
CAN,37,209
CAN,37,210
CAN,37,211
CAN,37,212
CAN,37,213
CAN,37,214
CAN,37,215
CAN,37,216
CAN,37,217
GRL,37,249
GRL,37,250
GRL,37,251
GRL,37,252
GRL,37,253
GRL,37,254
GRL,37,255
GRL,37,256
GRL,37,257
GRL,37,258
GRL,37,259
GRL,37,260
GRL,37,261
GRL,37,262
GRL,37,263
GRL,37,264
GRL,37,265
GRL,37,266
GRL,37,267
GRL,37,268
GRL,37,269
GRL,37,270
GRL,37,271
GRL,37,272
GRL,37,273
GRL,37,274
GRL,37,275
GRL,37,276
GRL,37,277
GRL,37,278
GRL,37,279
GRL,37,280
GRL,37,281
GRL,37,282
GRL,37,283
GRL,37,284
GRL,37,285
GRL,37,286
GRL,37,287
GRL,37,288
GRL,37,289
GRL,37,290
GRL,37,291
GRL,37,292
GRL,37,293
GRL,37,294
GRL,37,295
GRL,37,296
GRL,37,297
GRL,37,298
GRL,37,299
GRL,37,300
GRL,37,301
GRL,37,302
GRL,37,303
GRL,37,304
GRL,37,305
GRL,37,306
GRL,37,307
GRL,37,308
GRL,37,309
GRL,37,310
GRL,37,311
GRL,37,312
GRL,37,313
GRL,37,314
GRL,37,315
GRL,37,316
GRL,37,317
RUS,37,463
RUS,37,464
RUS,37,465
RUS,37,466
RUS,37,467
RUS,37,468
RUS,37,469
RUS,37,470
RUS,37,471
RUS,37,472
RUS,37,496
RUS,37,497
RUS,37,498
RUS,37,499
RUS,37,500
RUS,37,501
RUS,37,502
RUS,37,503
RUS,37,504
RUS,37,505
RUS,37,506
RUS,37,507
RUS,37,508
RUS,37,509
RUS,37,510
RUS,37,511
RUS,37,512
RUS,37,513
RUS,37,514
RUS,37,515
RUS,37,516
RUS,37,517
RUS,37,518
RUS,37,519
RUS,37,520
RUS,37,521
RUS,37,522
RUS,37,523
RUS,37,524
RUS,37,525
RUS,37,526
RUS,37,527
RUS,37,528
RUS,37,529
RUS,37,530
RUS,37,531
RUS,37,532
RUS,37,533
RUS,37,534
RUS,37,535
RUS,37,536
RUS,37,537
RUS,37,538
RUS,37,539
RUS,37,540
RUS,37,541
RUS,37,542
RUS,37,543
RUS,37,544
RUS,37,545
RUS,37,546
RUS,37,547
RUS,37,548
RUS,37,549
RUS,37,550
RUS,37,551
RUS,37,552
RUS,37,553
RUS,37,554
RUS,37,555
RUS,37,556
RUS,37,557
RUS,37,558
RUS,37,559
RUS,37,560
RUS,37,561
RUS,37,562
RUS,37,563
RUS,37,564
RUS,37,565
RUS,37,566
RUS,37,567
RUS,37,568
RUS,37,569
RUS,37,570
RUS,37,571
RUS,37,572
RUS,37,573
RUS,37,574
RUS,37,575
RUS,37,576
RUS,37,577
RUS,37,578
RUS,37,579
RUS,37,580
RUS,37,581
RUS,37,582
RUS,37,583
RUS,37,584
RUS,37,585
RUS,37,586
RUS,37,587
RUS,37,588
RUS,37,589
RUS,37,590
RUS,37,591
RUS,37,592
RUS,37,593
RUS,37,594
RUS,37,595
RUS,37,596
RUS,37,597
RUS,37,598
RUS,37,599
RUS,37,600
RUS,37,601
RUS,37,602
RUS,37,603
RUS,37,604
RUS,37,605
RUS,37,606
RUS,37,607
RUS,37,608
RUS,37,609
RUS,37,610
RUS,37,611
RUS,37,612
RUS,37,613
RUS,37,614
RUS,37,615
RUS,37,616
RUS,37,617
RUS,37,618
RUS,37,619
RUS,37,625
RUS,37,626
RUS,37,627
RUS,37,630
RUS,37,631
RUS,37,632
RUS,37,633
RUS,37,634
RUS,37,635
RUS,37,636
RUS,37,637
RUS,37,638
RUS,37,639
RUS,37,640
RUS,37,641
RUS,37,642
RUS,37,643
RUS,37,644
RUS,37,645
RUS,37,646
RUS,37,647
RUS,37,648
RUS,37,649
RUS,37,650
RUS,37,651
RUS,37,652
RUS,37,653
RUS,37,654
RUS,37,655
RUS,37,656
RUS,37,657
RUS,37,658
RUS,37,659
RUS,37,660
RUS,37,661
RUS,37,662
RUS,37,720
RUS,38,1
RUS,38,2
RUS,38,3
RUS,38,4
RUS,38,5
RUS,38,6
RUS,38,9
USA,38,46
USA,38,47
USA,38,48
USA,38,49
USA,38,50
USA,38,51
CAN,38,113
CAN,38,114
CAN,38,115
CAN,38,116
CAN,38,117
CAN,38,118
CAN,38,119
CAN,38,124
CAN,38,125
CAN,38,126
CAN,38,127
CAN,38,128
CAN,38,129
CAN,38,130
CAN,38,131
CAN,38,132
CAN,38,133
CAN,38,134
CAN,38,135
CAN,38,136
CAN,38,137
CAN,38,138
CAN,38,139
CAN,38,140
CAN,38,141
CAN,38,142
CAN,38,143
CAN,38,144
CAN,38,145
CAN,38,146
CAN,38,147
CAN,38,148
CAN,38,149
CAN,38,150
CAN,38,151
CAN,38,152
CAN,38,162
CAN,38,163
CAN,38,164
CAN,38,168
CAN,38,169
CAN,38,170
CAN,38,171
CAN,38,172
CAN,38,173
CAN,38,174
CAN,38,175
CAN,38,181
CAN,38,182
CAN,38,183
CAN,38,184
CAN,38,185
CAN,38,186
CAN,38,187
CAN,38,188
CAN,38,189
CAN,38,190
CAN,38,191
CAN,38,192
CAN,38,193
CAN,38,194
CAN,38,195
CAN,38,196
CAN,38,197
CAN,38,198
CAN,38,199
CAN,38,200
CAN,38,201
CAN,38,202
CAN,38,203
CAN,38,204
CAN,38,205
CAN,38,206
CAN,38,207
CAN,38,208
CAN,38,209
CAN,38,210
CAN,38,211
CAN,38,212
CAN,38,213
CAN,38,214
CAN,38,215
CAN,38,216
CAN,38,217
CAN,38,218
CAN,38,219
GRL,38,250
GRL,38,251
GRL,38,252
GRL,38,253
GRL,38,254
GRL,38,255
GRL,38,256
GRL,38,257
GRL,38,258
GRL,38,259
GRL,38,260
GRL,38,261
GRL,38,262
GRL,38,263
GRL,38,264
GRL,38,265
GRL,38,266
GRL,38,267
GRL,38,268
GRL,38,269
GRL,38,270
GRL,38,271
GRL,38,272
GRL,38,273
GRL,38,274
GRL,38,275
GRL,38,276
GRL,38,277
GRL,38,278
GRL,38,279
GRL,38,280
GRL,38,281
GRL,38,282
GRL,38,283
GRL,38,284
GRL,38,285
GRL,38,286
GRL,38,287
GRL,38,288
GRL,38,289
GRL,38,290
GRL,38,291
GRL,38,292
GRL,38,293
GRL,38,294
GRL,38,295
GRL,38,296
GRL,38,297
GRL,38,298
GRL,38,299
GRL,38,300
GRL,38,301
GRL,38,302
GRL,38,303
GRL,38,304
GRL,38,305
GRL,38,306
GRL,38,307
GRL,38,308
GRL,38,309
GRL,38,310
GRL,38,311
GRL,38,312
GRL,38,313
GRL,38,314
GRL,38,315
GRL,38,316
GRL,38,317
NOR,38,343
NOR,38,344
NOR,38,345
NOR,38,408
NOR,38,409
NOR,38,410
NOR,38,411
NOR,38,412
NOR,38,413
NOR,38,415
NOR,38,416
NOR,38,417
RUS,38,465
RUS,38,466
RUS,38,467
RUS,38,468
RUS,38,469
RUS,38,470
RUS,38,471
RUS,38,472
RUS,38,473
RUS,38,474
RUS,38,494
RUS,38,495
RUS,38,496
RUS,38,497
RUS,38,498
RUS,38,499
RUS,38,500
RUS,38,501
RUS,38,502
RUS,38,503
RUS,38,504
RUS,38,505
RUS,38,506
RUS,38,507
RUS,38,508
RUS,38,509
RUS,38,510
RUS,38,511
RUS,38,512
RUS,38,513
RUS,38,514
RUS,38,515
RUS,38,516
RUS,38,517
RUS,38,518
RUS,38,519
RUS,38,520
RUS,38,521
RUS,38,522
RUS,38,523
RUS,38,524
RUS,38,525
RUS,38,526
RUS,38,527
RUS,38,528
RUS,38,529
RUS,38,530
RUS,38,531
RUS,38,532
RUS,38,533
RUS,38,534
RUS,38,535
RUS,38,536
RUS,38,537
RUS,38,538
RUS,38,539
RUS,38,540
RUS,38,541
RUS,38,542
RUS,38,543
RUS,38,544
RUS,38,545
RUS,38,546
RUS,38,547
RUS,38,548
RUS,38,549
RUS,38,550
RUS,38,551
RUS,38,552
RUS,38,553
RUS,38,554
RUS,38,555
RUS,38,556
RUS,38,557
RUS,38,558
RUS,38,559
RUS,38,560
RUS,38,561
RUS,38,562
RUS,38,563
RUS,38,564
RUS,38,565
RUS,38,566
RUS,38,567
RUS,38,568
RUS,38,569
RUS,38,570
RUS,38,571
RUS,38,572
RUS,38,573
RUS,38,574
RUS,38,575
RUS,38,576
RUS,38,577
RUS,38,578
RUS,38,579
RUS,38,580
RUS,38,581
RUS,38,582
RUS,38,583
RUS,38,584
RUS,38,585
RUS,38,586
RUS,38,587
RUS,38,588
RUS,38,589
RUS,38,590
RUS,38,591
RUS,38,592
RUS,38,593
RUS,38,594
RUS,38,595
RUS,38,596
RUS,38,597
RUS,38,598
RUS,38,599
RUS,38,600
RUS,38,601
RUS,38,602
RUS,38,603
RUS,38,604
RUS,38,605
RUS,38,606
RUS,38,607
RUS,38,608
RUS,38,609
RUS,38,610
RUS,38,611
RUS,38,612
RUS,38,613
RUS,38,614
RUS,38,615
RUS,38,616
RUS,38,617
RUS,38,618
RUS,38,619
RUS,38,620
RUS,38,621
RUS,38,624
RUS,38,625
RUS,38,626
RUS,38,627
RUS,38,628
RUS,38,629
RUS,38,630
RUS,38,631
RUS,38,632
RUS,38,633
RUS,38,634
RUS,38,635
RUS,38,636
RUS,38,637
RUS,38,638
RUS,38,639
RUS,38,640
RUS,38,641
RUS,38,642
RUS,38,643
RUS,38,644
RUS,38,645
RUS,38,646
RUS,38,647
RUS,38,648
RUS,38,649
RUS,38,650
RUS,38,651
RUS,38,652
RUS,38,653
RUS,38,654
RUS,38,655
RUS,38,656
RUS,38,657
RUS,38,658
RUS,38,659
RUS,38,660
RUS,38,661
RUS,38,662
RUS,38,663
RUS,38,664
RUS,38,665
RUS,38,670
RUS,38,671
RUS,38,672
RUS,38,673
RUS,38,674
RUS,38,675
RUS,38,676
RUS,38,677
RUS,38,718
RUS,38,719
RUS,38,720
RUS,39,1
RUS,39,2
RUS,39,3
USA,39,40
USA,39,41
USA,39,42
USA,39,43
USA,39,44
USA,39,45
USA,39,46
USA,39,47
USA,39,48
USA,39,49
USA,39,50
USA,39,51
USA,39,52
USA,39,53
USA,39,54
USA,39,55
USA,39,56
USA,39,57
USA,39,59
USA,39,61
,39,62
CAN,39,104
CAN,39,105
CAN,39,124
CAN,39,125
CAN,39,126
CAN,39,127
CAN,39,128
CAN,39,129
CAN,39,130
CAN,39,131
CAN,39,132
CAN,39,133
CAN,39,134
CAN,39,135
CAN,39,136
CAN,39,137
CAN,39,138
CAN,39,139
CAN,39,140
CAN,39,141
CAN,39,142
CAN,39,143
CAN,39,144
CAN,39,145
CAN,39,146
CAN,39,147
CAN,39,148
CAN,39,149
CAN,39,150
CAN,39,151
CAN,39,152
CAN,39,153
CAN,39,154
CAN,39,155
CAN,39,159
CAN,39,160
CAN,39,167
CAN,39,168
CAN,39,169
CAN,39,170
CAN,39,171
CAN,39,172
CAN,39,173
CAN,39,174
CAN,39,175
CAN,39,176
CAN,39,182
CAN,39,183
CAN,39,184
CAN,39,185
CAN,39,186
CAN,39,187
CAN,39,188
CAN,39,189
CAN,39,190
CAN,39,191
CAN,39,192
CAN,39,193
CAN,39,194
CAN,39,195
CAN,39,196
CAN,39,197
CAN,39,198
CAN,39,199
CAN,39,200
CAN,39,201
CAN,39,202
CAN,39,203
CAN,39,204
CAN,39,205
CAN,39,206
CAN,39,207
CAN,39,208
CAN,39,209
CAN,39,210
CAN,39,211
CAN,39,212
CAN,39,213
CAN,39,214
CAN,39,215
CAN,39,216
CAN,39,217
CAN,39,218
CAN,39,219
CAN,39,220
CAN,39,221
CAN,39,222
CAN,39,223
CAN,39,224
GRL,39,251
GRL,39,252
GRL,39,253
GRL,39,254
GRL,39,255
GRL,39,256
GRL,39,257
GRL,39,258
GRL,39,259
GRL,39,260
GRL,39,261
GRL,39,262
GRL,39,263
GRL,39,264
GRL,39,265
GRL,39,266
GRL,39,267
GRL,39,268
GRL,39,269
GRL,39,270
GRL,39,271
GRL,39,272
GRL,39,273
GRL,39,274
GRL,39,275
GRL,39,276
GRL,39,277
GRL,39,278
GRL,39,279
GRL,39,280
GRL,39,281
GRL,39,282
GRL,39,283
GRL,39,284
GRL,39,285
GRL,39,286
GRL,39,287
GRL,39,288
GRL,39,289
GRL,39,290
GRL,39,291
GRL,39,292
GRL,39,293
GRL,39,294
GRL,39,295
GRL,39,296
GRL,39,297
GRL,39,298
GRL,39,299
GRL,39,300
GRL,39,301
GRL,39,302
GRL,39,303
GRL,39,304
GRL,39,305
GRL,39,306
GRL,39,307
GRL,39,308
GRL,39,309
GRL,39,310
GRL,39,312
GRL,39,313
GRL,39,314
GRL,39,315
GRL,39,316
GRL,39,317
GRL,39,318
NOR,39,342
NOR,39,343
NOR,39,405
NOR,39,406
NOR,39,407
NOR,39,408
NOR,39,409
NOR,39,410
NOR,39,411
NOR,39,412
NOR,39,413
NOR,39,414
NOR,39,415
NOR,39,416
NOR,39,417
NOR,39,418
NOR,39,419
NOR,39,420
NOR,39,421
NOR,39,422
RUS,39,467
RUS,39,468
RUS,39,469
RUS,39,470
RUS,39,471
RUS,39,472
RUS,39,473
RUS,39,474
RUS,39,475
RUS,39,476
RUS,39,493
RUS,39,494
RUS,39,495
RUS,39,496
RUS,39,497
RUS,39,498
RUS,39,499
RUS,39,500
RUS,39,501
RUS,39,502
RUS,39,503
RUS,39,504
RUS,39,505
RUS,39,506
RUS,39,508
RUS,39,509
RUS,39,510
RUS,39,511
RUS,39,512
RUS,39,513
RUS,39,514
RUS,39,515
RUS,39,516
RUS,39,517
RUS,39,518
RUS,39,519
RUS,39,520
RUS,39,521
RUS,39,522
RUS,39,523
RUS,39,524
RUS,39,525
RUS,39,526
RUS,39,527
RUS,39,528
RUS,39,529
RUS,39,530
RUS,39,531
RUS,39,532
RUS,39,533
RUS,39,534
RUS,39,535
RUS,39,536
RUS,39,537
RUS,39,538
RUS,39,539
RUS,39,540
RUS,39,541
RUS,39,542
RUS,39,543
RUS,39,544
RUS,39,545
RUS,39,546
RUS,39,547
RUS,39,548
RUS,39,549
RUS,39,550
RUS,39,551
RUS,39,552
RUS,39,553
RUS,39,554
RUS,39,555
RUS,39,556
RUS,39,557
RUS,39,558
RUS,39,559
RUS,39,560
RUS,39,561
RUS,39,562
RUS,39,563
RUS,39,564
RUS,39,565
RUS,39,566
RUS,39,567
RUS,39,568
RUS,39,569
RUS,39,570
RUS,39,571
RUS,39,572
RUS,39,573
RUS,39,574
RUS,39,575
RUS,39,576
RUS,39,577
RUS,39,578
RUS,39,579
RUS,39,580
RUS,39,581
RUS,39,582
RUS,39,583
RUS,39,584
RUS,39,585
RUS,39,586
RUS,39,587
RUS,39,588
RUS,39,589
RUS,39,590
RUS,39,591
RUS,39,592
RUS,39,593
RUS,39,594
RUS,39,595
RUS,39,596
RUS,39,597
RUS,39,598
RUS,39,599
RUS,39,600
RUS,39,601
RUS,39,602
RUS,39,603
RUS,39,604
RUS,39,605
RUS,39,606
RUS,39,607
RUS,39,608
RUS,39,609
RUS,39,610
RUS,39,611
RUS,39,612
RUS,39,613
RUS,39,614
RUS,39,615
RUS,39,616
RUS,39,617
RUS,39,618
RUS,39,619
RUS,39,620
RUS,39,621
RUS,39,622
RUS,39,623
RUS,39,624
RUS,39,625
RUS,39,626
RUS,39,627
RUS,39,628
RUS,39,629
RUS,39,630
RUS,39,631
RUS,39,632
RUS,39,633
RUS,39,634
RUS,39,635
RUS,39,636
RUS,39,637
RUS,39,638
RUS,39,639
RUS,39,640
RUS,39,641
RUS,39,642
RUS,39,643
RUS,39,644
RUS,39,645
RUS,39,646
RUS,39,647
RUS,39,648
RUS,39,649
RUS,39,650
RUS,39,651
RUS,39,652
RUS,39,653
RUS,39,654
RUS,39,655
RUS,39,656
RUS,39,657
RUS,39,658
RUS,39,659
RUS,39,660
RUS,39,661
RUS,39,662
RUS,39,663
RUS,39,664
RUS,39,665
RUS,39,666
RUS,39,667
RUS,39,668
RUS,39,669
RUS,39,670
RUS,39,671
RUS,39,672
RUS,39,673
RUS,39,674
RUS,39,675
RUS,39,676
RUS,39,677
RUS,39,678
RUS,39,679
RUS,39,680
RUS,39,681
RUS,39,682
RUS,39,684
RUS,39,685
RUS,39,718
RUS,39,719
RUS,39,720
,40,35
USA,40,36
USA,40,37
USA,40,38
USA,40,39
USA,40,40
USA,40,41
USA,40,42
USA,40,43
USA,40,44
USA,40,45
USA,40,46
USA,40,47
USA,40,48
USA,40,49
USA,40,50
USA,40,51
USA,40,52
USA,40,53
USA,40,54
USA,40,55
USA,40,56
USA,40,57
USA,40,58
USA,40,59
USA,40,60
USA,40,61
USA,40,62
USA,40,63
USA,40,64
USA,40,65
USA,40,66
USA,40,67
USA,40,68
USA,40,69
USA,40,70
USA,40,72
USA,40,73
USA,40,74
USA,40,75
CAN,40,99
CAN,40,100
CAN,40,101
CAN,40,102
CAN,40,104
CAN,40,105
CAN,40,106
CAN,40,107
CAN,40,110
CAN,40,111
CAN,40,112
CAN,40,126
CAN,40,127
CAN,40,128
CAN,40,129
CAN,40,130
CAN,40,131
CAN,40,132
CAN,40,133
CAN,40,134
CAN,40,135
CAN,40,136
CAN,40,137
CAN,40,138
CAN,40,139
CAN,40,140
CAN,40,141
CAN,40,142
CAN,40,143
CAN,40,144
CAN,40,145
CAN,40,146
CAN,40,147
CAN,40,148
CAN,40,149
CAN,40,150
CAN,40,151
CAN,40,152
CAN,40,153
CAN,40,154
CAN,40,155
CAN,40,156
CAN,40,157
CAN,40,158
CAN,40,159
,40,167
CAN,40,168
CAN,40,169
CAN,40,170
CAN,40,171
CAN,40,172
CAN,40,173
CAN,40,174
CAN,40,175
CAN,40,176
CAN,40,177
CAN,40,184
CAN,40,185
CAN,40,186
CAN,40,187
CAN,40,188
CAN,40,189
CAN,40,190
CAN,40,191
CAN,40,192
CAN,40,193
CAN,40,194
CAN,40,195
CAN,40,196
CAN,40,197
CAN,40,198
CAN,40,199
CAN,40,200
CAN,40,201
CAN,40,202
CAN,40,203
CAN,40,204
CAN,40,205
CAN,40,206
CAN,40,207
CAN,40,208
CAN,40,209
CAN,40,210
CAN,40,211
CAN,40,212
CAN,40,213
CAN,40,214
CAN,40,215
CAN,40,216
CAN,40,217
CAN,40,218
CAN,40,219
CAN,40,220
CAN,40,221
CAN,40,222
CAN,40,223
CAN,40,224
CAN,40,225
CAN,40,226
GRL,40,251
GRL,40,252
GRL,40,253
GRL,40,254
GRL,40,255
GRL,40,256
GRL,40,257
GRL,40,258
GRL,40,259
GRL,40,260
GRL,40,261
GRL,40,262
GRL,40,263
GRL,40,264
GRL,40,265
GRL,40,266
GRL,40,267
GRL,40,268
GRL,40,269
GRL,40,270
GRL,40,271
GRL,40,272
GRL,40,273
GRL,40,274
GRL,40,275
GRL,40,276
GRL,40,277
GRL,40,278
GRL,40,279
GRL,40,280
GRL,40,281
GRL,40,282
GRL,40,283
GRL,40,284
GRL,40,285
GRL,40,286
GRL,40,287
GRL,40,288
GRL,40,289
GRL,40,290
GRL,40,291
GRL,40,292
GRL,40,293
GRL,40,294
GRL,40,295
GRL,40,296
GRL,40,297
GRL,40,298
GRL,40,299
GRL,40,300
GRL,40,301
GRL,40,302
GRL,40,303
GRL,40,304
GRL,40,305
GRL,40,306
GRL,40,307
GRL,40,308
GRL,40,309
GRL,40,310
GRL,40,311
GRL,40,312
GRL,40,313
GRL,40,314
GRL,40,315
GRL,40,316
GRL,40,317
NOR,40,398
NOR,40,399
NOR,40,400
NOR,40,401
NOR,40,402
NOR,40,403
NOR,40,404
NOR,40,405
NOR,40,406
NOR,40,407
NOR,40,408
NOR,40,409
NOR,40,410
NOR,40,411
NOR,40,412
NOR,40,413
NOR,40,414
NOR,40,415
NOR,40,416
NOR,40,417
NOR,40,418
NOR,40,419
NOR,40,420
NOR,40,421
NOR,40,422
NOR,40,423
RUS,40,477
RUS,40,478
RUS,40,479
RUS,40,480
RUS,40,481
RUS,40,494
RUS,40,495
RUS,40,496
RUS,40,497
RUS,40,498
RUS,40,499
RUS,40,500
RUS,40,501
RUS,40,502
RUS,40,503
RUS,40,504
RUS,40,505
RUS,40,506
RUS,40,508
RUS,40,509
RUS,40,510
RUS,40,511
RUS,40,512
RUS,40,513
RUS,40,514
RUS,40,515
RUS,40,516
RUS,40,517
RUS,40,518
RUS,40,519
RUS,40,520
RUS,40,521
RUS,40,522
RUS,40,523
RUS,40,524
RUS,40,525
RUS,40,526
RUS,40,527
RUS,40,528
RUS,40,529
RUS,40,530
RUS,40,531
RUS,40,532
RUS,40,533
RUS,40,534
RUS,40,535
RUS,40,536
RUS,40,537
RUS,40,538
RUS,40,539
RUS,40,540
RUS,40,541
RUS,40,542
RUS,40,543
RUS,40,544
RUS,40,545
RUS,40,546
RUS,40,547
RUS,40,548
RUS,40,549
RUS,40,550
RUS,40,551
RUS,40,552
RUS,40,553
RUS,40,554
RUS,40,555
RUS,40,556
RUS,40,557
RUS,40,558
RUS,40,559
RUS,40,560
RUS,40,561
RUS,40,562
RUS,40,563
RUS,40,564
RUS,40,565
RUS,40,566
RUS,40,567
RUS,40,568
RUS,40,569
RUS,40,570
RUS,40,571
RUS,40,572
RUS,40,573
RUS,40,574
RUS,40,575
RUS,40,576
RUS,40,577
RUS,40,578
RUS,40,579
RUS,40,580
RUS,40,581
RUS,40,582
RUS,40,583
RUS,40,584
RUS,40,585
RUS,40,586
RUS,40,587
RUS,40,588
RUS,40,589
RUS,40,590
RUS,40,591
RUS,40,592
RUS,40,593
RUS,40,594
RUS,40,595
RUS,40,596
RUS,40,597
RUS,40,598
RUS,40,599
RUS,40,600
RUS,40,601
RUS,40,602
RUS,40,603
RUS,40,604
RUS,40,605
RUS,40,606
RUS,40,607
RUS,40,608
RUS,40,609
RUS,40,610
RUS,40,611
RUS,40,612
RUS,40,613
RUS,40,614
RUS,40,615
RUS,40,616
RUS,40,617
RUS,40,618
RUS,40,619
RUS,40,620
RUS,40,621
RUS,40,622
RUS,40,623
RUS,40,624
RUS,40,625
RUS,40,626
RUS,40,627
RUS,40,628
RUS,40,629
RUS,40,630
RUS,40,631
RUS,40,632
RUS,40,633
RUS,40,634
RUS,40,635
RUS,40,636
RUS,40,637
RUS,40,638
RUS,40,639
RUS,40,640
RUS,40,641
RUS,40,642
RUS,40,643
RUS,40,644
RUS,40,645
RUS,40,646
RUS,40,647
RUS,40,648
RUS,40,649
RUS,40,650
RUS,40,651
RUS,40,652
RUS,40,653
RUS,40,654
RUS,40,655
RUS,40,656
RUS,40,657
RUS,40,658
RUS,40,659
RUS,40,660
RUS,40,661
RUS,40,662
RUS,40,663
RUS,40,664
RUS,40,665
RUS,40,666
RUS,40,667
RUS,40,668
RUS,40,669
RUS,40,670
RUS,40,671
RUS,40,672
RUS,40,673
RUS,40,674
RUS,40,675
RUS,40,676
RUS,40,677
RUS,40,678
RUS,40,679
RUS,40,680
RUS,40,681
RUS,40,697
RUS,40,698
RUS,40,702
RUS,40,703
RUS,40,704
,41,34
USA,41,35
USA,41,36
USA,41,37
USA,41,38
USA,41,39
USA,41,40
USA,41,41
USA,41,42
USA,41,43
USA,41,44
USA,41,45
USA,41,46
USA,41,47
USA,41,48
USA,41,49
USA,41,50
USA,41,51
USA,41,52
USA,41,53
USA,41,54
USA,41,55
USA,41,56
USA,41,57
USA,41,58
USA,41,59
USA,41,60
USA,41,61
USA,41,62
USA,41,63
USA,41,64
USA,41,65
USA,41,66
USA,41,67
USA,41,68
USA,41,69
USA,41,70
USA,41,71
USA,41,72
USA,41,73
USA,41,74
USA,41,75
USA,41,76
USA,41,77
USA,41,78
CAN,41,79
CAN,41,80
CAN,41,81
CAN,41,82
CAN,41,83
CAN,41,89
CAN,41,90
,41,91
CAN,41,92
CAN,41,93
CAN,41,95
CAN,41,96
CAN,41,97
CAN,41,98
CAN,41,99
CAN,41,100
CAN,41,101
CAN,41,102
CAN,41,103
CAN,41,104
CAN,41,105
CAN,41,106
CAN,41,107
CAN,41,108
CAN,41,110
CAN,41,111
CAN,41,112
CAN,41,114
CAN,41,115
CAN,41,116
CAN,41,117
CAN,41,118
CAN,41,119
CAN,41,126
CAN,41,127
CAN,41,128
CAN,41,129
CAN,41,130
CAN,41,131
CAN,41,132
CAN,41,133
CAN,41,134
CAN,41,135
CAN,41,136
CAN,41,137
CAN,41,138
CAN,41,139
CAN,41,140
CAN,41,141
CAN,41,142
CAN,41,143
CAN,41,144
CAN,41,145
CAN,41,146
CAN,41,147
CAN,41,148
CAN,41,149
CAN,41,150
CAN,41,151
CAN,41,152
CAN,41,153
CAN,41,154
CAN,41,155
CAN,41,156
CAN,41,157
CAN,41,158
CAN,41,159
CAN,41,163
CAN,41,164
CAN,41,165
CAN,41,166
CAN,41,167
CAN,41,168
CAN,41,169
CAN,41,170
CAN,41,171
CAN,41,172
CAN,41,173
CAN,41,174
CAN,41,175
CAN,41,176
CAN,41,177
CAN,41,178
CAN,41,179
CAN,41,180
CAN,41,189
CAN,41,190
CAN,41,191
CAN,41,192
CAN,41,193
CAN,41,194
CAN,41,195
CAN,41,196
CAN,41,197
CAN,41,198
CAN,41,199
CAN,41,200
CAN,41,201
CAN,41,202
CAN,41,203
CAN,41,204
CAN,41,205
CAN,41,206
CAN,41,207
CAN,41,208
CAN,41,209
CAN,41,210
CAN,41,211
CAN,41,212
CAN,41,213
CAN,41,214
CAN,41,215
CAN,41,216
CAN,41,217
CAN,41,218
CAN,41,219
CAN,41,220
CAN,41,221
CAN,41,222
CAN,41,223
CAN,41,224
CAN,41,225
CAN,41,226
GRL,41,251
GRL,41,252
GRL,41,253
GRL,41,254
GRL,41,255
GRL,41,256
GRL,41,257
GRL,41,258
GRL,41,259
GRL,41,260
GRL,41,261
GRL,41,262
GRL,41,263
GRL,41,264
GRL,41,265
GRL,41,266
GRL,41,267
GRL,41,268
GRL,41,269
GRL,41,270
GRL,41,271
GRL,41,272
GRL,41,273
GRL,41,274
GRL,41,275
GRL,41,276
GRL,41,277
GRL,41,278
GRL,41,279
GRL,41,280
GRL,41,281
GRL,41,282
GRL,41,283
GRL,41,284
GRL,41,285
GRL,41,286
GRL,41,287
GRL,41,288
GRL,41,289
GRL,41,290
GRL,41,291
GRL,41,292
GRL,41,293
GRL,41,294
GRL,41,295
GRL,41,296
GRL,41,297
GRL,41,298
GRL,41,299
GRL,41,300
GRL,41,301
GRL,41,302
GRL,41,303
GRL,41,304
GRL,41,305
GRL,41,306
GRL,41,307
GRL,41,308
GRL,41,309
GRL,41,310
GRL,41,311
GRL,41,312
GRL,41,313
GRL,41,314
GRL,41,315
NOR,41,395
NOR,41,396
NOR,41,397
NOR,41,398
NOR,41,399
NOR,41,400
NOR,41,401
NOR,41,402
NOR,41,403
NOR,41,404
NOR,41,405
NOR,41,406
NOR,41,407
NOR,41,408
NOR,41,409
NOR,41,410
NOR,41,411
NOR,41,412
FIN,41,413
FIN,41,414
FIN,41,415
FIN,41,416
FIN,41,417
FIN,41,418
NOR,41,419
NOR,41,420
NOR,41,421
NOR,41,422
RUS,41,423
RUS,41,424
RUS,41,425
RUS,41,426
RUS,41,427
RUS,41,458
RUS,41,459
RUS,41,478
RUS,41,479
RUS,41,480
RUS,41,481
RUS,41,482
RUS,41,483
RUS,41,484
RUS,41,485
RUS,41,486
RUS,41,487
RUS,41,488
RUS,41,489
RUS,41,494
RUS,41,495
RUS,41,496
RUS,41,497
RUS,41,498
RUS,41,499
RUS,41,500
RUS,41,501
RUS,41,502
RUS,41,503
RUS,41,504
RUS,41,505
RUS,41,506
RUS,41,508
RUS,41,509
RUS,41,510
RUS,41,511
RUS,41,512
RUS,41,513
RUS,41,514
RUS,41,515
RUS,41,516
RUS,41,517
RUS,41,518
RUS,41,519
RUS,41,520
RUS,41,521
RUS,41,522
RUS,41,523
RUS,41,524
RUS,41,525
RUS,41,526
RUS,41,527
RUS,41,528
RUS,41,529
RUS,41,530
RUS,41,531
RUS,41,532
RUS,41,533
RUS,41,534
RUS,41,535
RUS,41,536
RUS,41,537
RUS,41,538
RUS,41,539
RUS,41,540
RUS,41,541
RUS,41,542
RUS,41,543
RUS,41,544
RUS,41,545
RUS,41,546
RUS,41,547
RUS,41,548
RUS,41,549
RUS,41,550
RUS,41,551
RUS,41,552
RUS,41,553
RUS,41,554
RUS,41,555
RUS,41,556
RUS,41,557
RUS,41,558
RUS,41,559
RUS,41,560
RUS,41,561
RUS,41,562
RUS,41,563
RUS,41,564
RUS,41,565
RUS,41,566
RUS,41,567
RUS,41,568
RUS,41,569
RUS,41,570
RUS,41,571
RUS,41,572
RUS,41,573
RUS,41,574
RUS,41,575
RUS,41,576
RUS,41,577
RUS,41,578
RUS,41,579
RUS,41,580
RUS,41,581
RUS,41,582
RUS,41,583
RUS,41,584
RUS,41,585
RUS,41,586
RUS,41,587
RUS,41,588
RUS,41,589
RUS,41,590
RUS,41,591
RUS,41,592
RUS,41,593
RUS,41,594
RUS,41,595
RUS,41,596
RUS,41,597
RUS,41,598
RUS,41,599
RUS,41,600
RUS,41,601
RUS,41,602
RUS,41,603
RUS,41,604
RUS,41,605
RUS,41,606
RUS,41,607
RUS,41,608
RUS,41,609
RUS,41,610
RUS,41,611
RUS,41,612
RUS,41,613
RUS,41,614
RUS,41,615
RUS,41,616
RUS,41,617
RUS,41,618
RUS,41,619
RUS,41,620
RUS,41,621
RUS,41,622
RUS,41,623
RUS,41,624
RUS,41,625
RUS,41,626
RUS,41,627
RUS,41,628
RUS,41,629
RUS,41,630
RUS,41,631
RUS,41,632
RUS,41,633
RUS,41,634
RUS,41,635
RUS,41,636
RUS,41,637
RUS,41,638
RUS,41,639
RUS,41,640
RUS,41,641
RUS,41,642
RUS,41,643
RUS,41,644
RUS,41,645
RUS,41,646
RUS,41,647
RUS,41,648
RUS,41,649
RUS,41,650
RUS,41,651
RUS,41,652
RUS,41,653
RUS,41,654
RUS,41,655
RUS,41,656
RUS,41,657
RUS,41,658
RUS,41,659
RUS,41,660
RUS,41,661
RUS,41,662
RUS,41,663
RUS,41,664
RUS,41,665
RUS,41,666
RUS,41,667
RUS,41,668
RUS,41,669
RUS,41,670
RUS,41,671
RUS,41,672
RUS,41,673
RUS,41,674
RUS,41,675
RUS,41,676
RUS,41,677
RUS,41,678
RUS,41,679
RUS,41,680
RUS,41,681
RUS,41,682
RUS,41,683
RUS,41,684
RUS,41,685
RUS,41,686
RUS,41,687
RUS,41,688
RUS,41,689
RUS,41,690
RUS,41,691
RUS,41,692
RUS,41,693
RUS,41,694
RUS,41,695
RUS,41,696
RUS,41,697
RUS,41,698
RUS,41,699
RUS,41,701
RUS,41,702
RUS,41,703
RUS,41,704
RUS,41,705
RUS,41,706
RUS,41,707
RUS,41,708
RUS,41,709
RUS,41,710
RUS,41,711
RUS,41,712
RUS,41,713
RUS,41,714
RUS,41,715
RUS,41,716
USA,42,33
USA,42,34
USA,42,35
USA,42,36
USA,42,37
USA,42,38
USA,42,39
USA,42,40
USA,42,41
USA,42,42
USA,42,43
USA,42,44
USA,42,45
USA,42,46
USA,42,47
USA,42,48
USA,42,49
USA,42,50
USA,42,51
USA,42,52
USA,42,53
USA,42,54
USA,42,55
USA,42,56
USA,42,57
USA,42,58
USA,42,59
USA,42,60
USA,42,61
USA,42,62
USA,42,63
USA,42,64
USA,42,65
USA,42,66
USA,42,67
USA,42,68
USA,42,69
USA,42,70
USA,42,71
USA,42,72
USA,42,73
USA,42,74
USA,42,75
USA,42,76
USA,42,77
USA,42,78
CAN,42,79
CAN,42,80
CAN,42,81
CAN,42,82
CAN,42,83
CAN,42,84
CAN,42,85
CAN,42,86
CAN,42,88
CAN,42,89
CAN,42,90
CAN,42,91
CAN,42,92
CAN,42,93
CAN,42,94
CAN,42,95
CAN,42,96
CAN,42,97
CAN,42,98
CAN,42,99
CAN,42,100
CAN,42,101
CAN,42,102
CAN,42,103
CAN,42,104
CAN,42,105
CAN,42,106
CAN,42,107
CAN,42,108
CAN,42,109
CAN,42,110
CAN,42,111
CAN,42,112
CAN,42,113
CAN,42,114
CAN,42,115
CAN,42,116
CAN,42,117
CAN,42,118
CAN,42,119
CAN,42,120
CAN,42,121
CAN,42,122
CAN,42,123
CAN,42,124
CAN,42,125
CAN,42,127
CAN,42,128
CAN,42,129
CAN,42,130
CAN,42,131
CAN,42,132
CAN,42,133
CAN,42,134
CAN,42,135
CAN,42,136
CAN,42,137
CAN,42,138
CAN,42,139
CAN,42,140
CAN,42,141
CAN,42,142
CAN,42,143
CAN,42,144
CAN,42,145
CAN,42,146
CAN,42,147
CAN,42,148
CAN,42,149
CAN,42,150
CAN,42,151
CAN,42,152
CAN,42,153
CAN,42,154
CAN,42,155
CAN,42,156
CAN,42,157
CAN,42,158
CAN,42,159
CAN,42,160
CAN,42,161
CAN,42,162
CAN,42,163
CAN,42,164
CAN,42,165
CAN,42,166
CAN,42,167
CAN,42,168
CAN,42,169
CAN,42,170
CAN,42,172
CAN,42,173
CAN,42,174
CAN,42,175
CAN,42,176
CAN,42,177
CAN,42,178
CAN,42,179
CAN,42,180
CAN,42,181
CAN,42,182
CAN,42,183
CAN,42,184
CAN,42,190
CAN,42,191
CAN,42,192
CAN,42,193
CAN,42,194
CAN,42,195
CAN,42,196
CAN,42,197
CAN,42,198
,42,200
CAN,42,202
CAN,42,203
CAN,42,204
CAN,42,206
CAN,42,207
CAN,42,208
CAN,42,209
CAN,42,210
CAN,42,211
CAN,42,212
CAN,42,213
CAN,42,214
CAN,42,215
CAN,42,216
CAN,42,217
CAN,42,218
CAN,42,219
CAN,42,220
CAN,42,221
CAN,42,222
CAN,42,223
CAN,42,224
CAN,42,225
CAN,42,226
CAN,42,227
GRL,42,252
GRL,42,253
GRL,42,254
GRL,42,255
GRL,42,256
GRL,42,258
GRL,42,259
GRL,42,260
GRL,42,261
GRL,42,262
GRL,42,263
GRL,42,264
GRL,42,265
GRL,42,266
GRL,42,267
GRL,42,268
GRL,42,269
GRL,42,270
GRL,42,271
GRL,42,272
GRL,42,273
GRL,42,274
GRL,42,275
GRL,42,276
GRL,42,277
GRL,42,278
GRL,42,279
GRL,42,280
GRL,42,281
GRL,42,282
GRL,42,283
GRL,42,284
GRL,42,285
GRL,42,286
GRL,42,287
GRL,42,288
GRL,42,289
GRL,42,290
GRL,42,291
GRL,42,292
GRL,42,293
GRL,42,294
GRL,42,295
GRL,42,296
GRL,42,297
GRL,42,298
GRL,42,299
GRL,42,300
GRL,42,301
GRL,42,302
GRL,42,303
GRL,42,304
GRL,42,305
GRL,42,306
GRL,42,307
GRL,42,308
GRL,42,309
GRL,42,310
GRL,42,311
GRL,42,312
NOR,42,391
NOR,42,392
NOR,42,393
NOR,42,394
NOR,42,395
NOR,42,396
NOR,42,397
NOR,42,398
NOR,42,399
NOR,42,400
NOR,42,401
NOR,42,402
NOR,42,403
NOR,42,404
NOR,42,405
NOR,42,406
NOR,42,407
NOR,42,408
NOR,42,409
NOR,42,410
NOR,42,411
NOR,42,412
FIN,42,413
FIN,42,414
FIN,42,415
FIN,42,416
FIN,42,417
FIN,42,418
NOR,42,419
RUS,42,420
RUS,42,421
RUS,42,422
RUS,42,423
RUS,42,424
RUS,42,425
RUS,42,426
RUS,42,427
RUS,42,428
RUS,42,429
RUS,42,430
RUS,42,431
RUS,42,432
RUS,42,433
RUS,42,434
RUS,42,457
RUS,42,458
RUS,42,459
RUS,42,460
RUS,42,461
RUS,42,469
RUS,42,470
RUS,42,478
RUS,42,479
RUS,42,481
RUS,42,482
RUS,42,483
RUS,42,484
RUS,42,485
RUS,42,486
RUS,42,487
RUS,42,488
RUS,42,489
RUS,42,490
RUS,42,491
RUS,42,492
RUS,42,493
RUS,42,494
RUS,42,495
RUS,42,497
RUS,42,498
RUS,42,499
RUS,42,500
RUS,42,501
RUS,42,502
RUS,42,503
RUS,42,504
RUS,42,505
RUS,42,506
RUS,42,508
RUS,42,509
RUS,42,510
RUS,42,511
RUS,42,512
RUS,42,513
RUS,42,514
RUS,42,515
RUS,42,516
RUS,42,517
RUS,42,518
RUS,42,519
RUS,42,520
RUS,42,521
RUS,42,522
RUS,42,523
RUS,42,524
RUS,42,525
RUS,42,526
RUS,42,527
RUS,42,528
RUS,42,529
RUS,42,530
RUS,42,531
RUS,42,532
RUS,42,533
RUS,42,534
RUS,42,535
RUS,42,536
RUS,42,537
RUS,42,538
RUS,42,539
RUS,42,540
RUS,42,541
RUS,42,542
RUS,42,543
RUS,42,544
RUS,42,545
RUS,42,546
RUS,42,547
RUS,42,548
RUS,42,549
RUS,42,550
RUS,42,551
RUS,42,552
RUS,42,553
RUS,42,554
RUS,42,555
RUS,42,556
RUS,42,557
RUS,42,558
RUS,42,559
RUS,42,560
RUS,42,561
RUS,42,562
RUS,42,563
RUS,42,564
RUS,42,565
RUS,42,566
RUS,42,567
RUS,42,568
RUS,42,569
RUS,42,570
RUS,42,571
RUS,42,572
RUS,42,573
RUS,42,574
RUS,42,575
RUS,42,576
RUS,42,577
RUS,42,578
RUS,42,579
RUS,42,580
RUS,42,581
RUS,42,582
RUS,42,583
RUS,42,584
RUS,42,585
RUS,42,586
RUS,42,587
RUS,42,588
RUS,42,589
RUS,42,590
RUS,42,591
RUS,42,592
RUS,42,593
RUS,42,594
RUS,42,595
RUS,42,596
RUS,42,597
RUS,42,598
RUS,42,599
RUS,42,600
RUS,42,601
RUS,42,602
RUS,42,603
RUS,42,604
RUS,42,605
RUS,42,606
RUS,42,607
RUS,42,608
RUS,42,609
RUS,42,610
RUS,42,611
RUS,42,612
RUS,42,613
RUS,42,614
RUS,42,615
RUS,42,616
RUS,42,617
RUS,42,618
RUS,42,619
RUS,42,620
RUS,42,621
RUS,42,622
RUS,42,623
RUS,42,624
RUS,42,625
RUS,42,626
RUS,42,627
RUS,42,628
RUS,42,629
RUS,42,630
RUS,42,631
RUS,42,632
RUS,42,633
RUS,42,634
RUS,42,635
RUS,42,636
RUS,42,637
RUS,42,638
RUS,42,639
RUS,42,640
RUS,42,641
RUS,42,642
RUS,42,643
RUS,42,644
RUS,42,645
RUS,42,646
RUS,42,647
RUS,42,648
RUS,42,649
RUS,42,650
RUS,42,651
RUS,42,652
RUS,42,653
RUS,42,654
RUS,42,655
RUS,42,656
RUS,42,657
RUS,42,658
RUS,42,659
RUS,42,660
RUS,42,661
RUS,42,662
RUS,42,663
RUS,42,664
RUS,42,665
RUS,42,666
RUS,42,667
RUS,42,668
RUS,42,669
RUS,42,670
RUS,42,671
RUS,42,672
RUS,42,673
RUS,42,674
RUS,42,675
RUS,42,676
RUS,42,677
RUS,42,678
RUS,42,679
RUS,42,680
RUS,42,681
RUS,42,682
RUS,42,683
RUS,42,684
RUS,42,685
RUS,42,686
RUS,42,687
RUS,42,688
RUS,42,689
RUS,42,690
RUS,42,691
RUS,42,692
RUS,42,693
RUS,42,694
RUS,42,695
RUS,42,696
RUS,42,697
RUS,42,698
RUS,42,699
RUS,42,702
RUS,42,703
RUS,42,704
RUS,42,705
RUS,42,706
RUS,42,707
RUS,42,708
RUS,42,709
RUS,42,710
RUS,42,711
RUS,42,712
RUS,42,713
RUS,42,714
RUS,42,715
RUS,42,716
RUS,42,717
RUS,42,718
RUS,42,719
RUS,42,720
RUS,43,1
RUS,43,2
RUS,43,3
RUS,43,4
USA,43,28
USA,43,29
USA,43,30
USA,43,31
USA,43,32
USA,43,33
USA,43,34
USA,43,35
USA,43,36
USA,43,37
USA,43,38
USA,43,39
USA,43,40
USA,43,41
USA,43,42
USA,43,43
USA,43,44
USA,43,45
USA,43,46
USA,43,47
USA,43,48
USA,43,49
USA,43,50
USA,43,51
USA,43,52
USA,43,53
USA,43,54
USA,43,55
USA,43,56
USA,43,57
USA,43,58
USA,43,59
USA,43,60
USA,43,61
USA,43,62
USA,43,63
USA,43,64
USA,43,65
USA,43,66
USA,43,67
USA,43,68
USA,43,69
USA,43,70
USA,43,71
USA,43,72
USA,43,73
USA,43,74
USA,43,75
USA,43,76
USA,43,77
USA,43,78
CAN,43,79
CAN,43,80
CAN,43,81
CAN,43,82
CAN,43,83
CAN,43,84
CAN,43,85
CAN,43,86
CAN,43,87
CAN,43,88
CAN,43,89
CAN,43,90
CAN,43,91
CAN,43,92
CAN,43,93
CAN,43,94
CAN,43,95
CAN,43,96
CAN,43,97
CAN,43,98
CAN,43,99
CAN,43,100
CAN,43,101
CAN,43,102
CAN,43,103
CAN,43,104
CAN,43,105
CAN,43,106
CAN,43,107
CAN,43,108
CAN,43,109
CAN,43,110
CAN,43,111
CAN,43,112
CAN,43,113
CAN,43,114
CAN,43,115
CAN,43,116
CAN,43,117
CAN,43,118
CAN,43,119
CAN,43,120
CAN,43,121
CAN,43,122
CAN,43,123
CAN,43,124
CAN,43,125
CAN,43,126
CAN,43,127
CAN,43,128
CAN,43,129
CAN,43,130
CAN,43,131
CAN,43,132
CAN,43,133
CAN,43,134
CAN,43,135
CAN,43,136
CAN,43,137
CAN,43,138
CAN,43,139
CAN,43,140
CAN,43,141
CAN,43,142
CAN,43,143
CAN,43,144
CAN,43,145
CAN,43,146
CAN,43,147
CAN,43,148
CAN,43,149
CAN,43,150
CAN,43,151
CAN,43,152
CAN,43,153
CAN,43,154
CAN,43,155
CAN,43,156
CAN,43,157
CAN,43,159
CAN,43,160
CAN,43,162
CAN,43,163
CAN,43,164
CAN,43,165
CAN,43,166
CAN,43,167
CAN,43,168
CAN,43,169
CAN,43,170
CAN,43,171
CAN,43,172
CAN,43,173
CAN,43,174
CAN,43,175
CAN,43,176
CAN,43,177
CAN,43,178
CAN,43,179
CAN,43,180
CAN,43,181
CAN,43,182
CAN,43,183
CAN,43,184
CAN,43,185
CAN,43,189
CAN,43,190
CAN,43,191
CAN,43,192
CAN,43,193
CAN,43,194
CAN,43,195
CAN,43,196
CAN,43,197
CAN,43,198
CAN,43,202
CAN,43,203
CAN,43,204
CAN,43,207
CAN,43,208
CAN,43,209
CAN,43,210
CAN,43,211
CAN,43,212
CAN,43,213
CAN,43,214
CAN,43,215
CAN,43,216
CAN,43,217
CAN,43,218
CAN,43,219
CAN,43,220
CAN,43,221
CAN,43,222
CAN,43,223
CAN,43,224
CAN,43,225
,43,226
GRL,43,254
GRL,43,255
GRL,43,256
GRL,43,257
GRL,43,258
GRL,43,259
GRL,43,260
GRL,43,261
GRL,43,262
GRL,43,263
GRL,43,264
GRL,43,265
GRL,43,266
GRL,43,267
GRL,43,268
GRL,43,269
GRL,43,270
GRL,43,271
GRL,43,272
GRL,43,273
GRL,43,274
GRL,43,275
GRL,43,276
GRL,43,277
GRL,43,278
GRL,43,279
GRL,43,280
GRL,43,281
GRL,43,282
GRL,43,283
GRL,43,284
GRL,43,285
GRL,43,286
GRL,43,287
GRL,43,288
GRL,43,289
GRL,43,290
GRL,43,291
GRL,43,292
GRL,43,293
GRL,43,294
GRL,43,295
GRL,43,296
GRL,43,297
GRL,43,298
GRL,43,299
GRL,43,300
GRL,43,301
GRL,43,302
GRL,43,303
GRL,43,304
GRL,43,305
GRL,43,306
GRL,43,307
GRL,43,308
GRL,43,309
NOR,43,389
NOR,43,390
NOR,43,391
NOR,43,392
NOR,43,393
NOR,43,394
NOR,43,395
NOR,43,396
NOR,43,397
NOR,43,398
NOR,43,399
NOR,43,400
NOR,43,401
SWE,43,402
SWE,43,403
FIN,43,404
FIN,43,405
NOR,43,406
NOR,43,407
FIN,43,408
FIN,43,409
NOR,43,410
FIN,43,411
FIN,43,412
FIN,43,413
FIN,43,414
FIN,43,415
FIN,43,416
FIN,43,417
RUS,43,418
RUS,43,419
RUS,43,420
RUS,43,421
RUS,43,422
RUS,43,423
RUS,43,424
RUS,43,425
RUS,43,426
RUS,43,427
RUS,43,428
RUS,43,429
RUS,43,430
RUS,43,431
RUS,43,432
RUS,43,433
RUS,43,434
RUS,43,435
RUS,43,436
RUS,43,437
RUS,43,447
RUS,43,448
RUS,43,449
RUS,43,450
RUS,43,451
RUS,43,452
RUS,43,457
RUS,43,458
RUS,43,459
RUS,43,460
RUS,43,463
RUS,43,464
RUS,43,465
RUS,43,466
RUS,43,467
RUS,43,468
RUS,43,469
RUS,43,471
RUS,43,472
RUS,43,473
RUS,43,474
RUS,43,475
RUS,43,476
RUS,43,477
RUS,43,478
RUS,43,479
RUS,43,480
RUS,43,481
RUS,43,482
RUS,43,483
RUS,43,484
RUS,43,485
RUS,43,486
RUS,43,487
RUS,43,488
RUS,43,489
RUS,43,490
RUS,43,491
RUS,43,492
RUS,43,493
RUS,43,494
RUS,43,495
RUS,43,496
RUS,43,498
RUS,43,499
RUS,43,500
RUS,43,501
RUS,43,502
RUS,43,503
RUS,43,504
RUS,43,505
RUS,43,506
RUS,43,507
RUS,43,508
RUS,43,509
RUS,43,510
RUS,43,511
RUS,43,512
RUS,43,513
RUS,43,514
RUS,43,515
RUS,43,516
RUS,43,517
RUS,43,518
RUS,43,519
RUS,43,520
RUS,43,521
RUS,43,522
RUS,43,523
RUS,43,524
RUS,43,525
RUS,43,526
RUS,43,527
RUS,43,528
RUS,43,529
RUS,43,530
RUS,43,531
RUS,43,532
RUS,43,533
RUS,43,534
RUS,43,535
RUS,43,536
RUS,43,537
RUS,43,538
RUS,43,539
RUS,43,540
RUS,43,541
RUS,43,542
RUS,43,543
RUS,43,544
RUS,43,545
RUS,43,546
RUS,43,547
RUS,43,548
RUS,43,549
RUS,43,550
RUS,43,551
RUS,43,552
RUS,43,553
RUS,43,554
RUS,43,555
RUS,43,556
RUS,43,557
RUS,43,558
RUS,43,559
RUS,43,560
RUS,43,561
RUS,43,562
RUS,43,563
RUS,43,564
RUS,43,565
RUS,43,566
RUS,43,567
RUS,43,568
RUS,43,569
RUS,43,570
RUS,43,571
RUS,43,572
RUS,43,573
RUS,43,574
RUS,43,575
RUS,43,576
RUS,43,577
RUS,43,578
RUS,43,579
RUS,43,580
RUS,43,581
RUS,43,582
RUS,43,583
RUS,43,584
RUS,43,585
RUS,43,586
RUS,43,587
RUS,43,588
RUS,43,589
RUS,43,590
RUS,43,591
RUS,43,592
RUS,43,593
RUS,43,594
RUS,43,595
RUS,43,596
RUS,43,597
RUS,43,598
RUS,43,599
RUS,43,600
RUS,43,601
RUS,43,602
RUS,43,603
RUS,43,604
RUS,43,605
RUS,43,606
RUS,43,607
RUS,43,608
RUS,43,609
RUS,43,610
RUS,43,611
RUS,43,612
RUS,43,613
RUS,43,614
RUS,43,615
RUS,43,616
RUS,43,617
RUS,43,618
RUS,43,619
RUS,43,620
RUS,43,621
RUS,43,622
RUS,43,623
RUS,43,624
RUS,43,625
RUS,43,626
RUS,43,627
RUS,43,628
RUS,43,629
RUS,43,630
RUS,43,631
RUS,43,632
RUS,43,633
RUS,43,634
RUS,43,635
RUS,43,636
RUS,43,637
RUS,43,638
RUS,43,639
RUS,43,640
RUS,43,641
RUS,43,642
RUS,43,643
RUS,43,644
RUS,43,645
RUS,43,646
RUS,43,647
RUS,43,648
RUS,43,649
RUS,43,650
RUS,43,651
RUS,43,652
RUS,43,653
RUS,43,654
RUS,43,655
RUS,43,656
RUS,43,657
RUS,43,658
RUS,43,659
RUS,43,660
RUS,43,661
RUS,43,662
RUS,43,663
RUS,43,664
RUS,43,665
RUS,43,666
RUS,43,667
RUS,43,668
RUS,43,669
RUS,43,670
RUS,43,671
RUS,43,672
RUS,43,673
RUS,43,674
RUS,43,675
RUS,43,676
RUS,43,677
RUS,43,678
RUS,43,679
RUS,43,680
RUS,43,681
RUS,43,682
RUS,43,683
RUS,43,684
RUS,43,685
RUS,43,686
RUS,43,687
RUS,43,688
RUS,43,689
RUS,43,690
RUS,43,691
RUS,43,692
RUS,43,693
RUS,43,694
RUS,43,695
RUS,43,696
RUS,43,697
RUS,43,698
RUS,43,699
RUS,43,700
RUS,43,701
RUS,43,702
RUS,43,703
RUS,43,704
RUS,43,705
RUS,43,706
RUS,43,707
RUS,43,708
RUS,43,709
RUS,43,710
RUS,43,711
RUS,43,712
RUS,43,713
RUS,43,714
RUS,43,715
RUS,43,716
RUS,43,717
RUS,43,718
RUS,43,719
RUS,43,720
RUS,44,1
RUS,44,2
RUS,44,3
RUS,44,4
RUS,44,5
RUS,44,6
RUS,44,7
,44,27
USA,44,28
USA,44,29
USA,44,30
USA,44,31
USA,44,32
USA,44,33
USA,44,34
USA,44,35
USA,44,36
USA,44,37
USA,44,38
USA,44,39
USA,44,40
USA,44,41
USA,44,42
USA,44,43
USA,44,44
USA,44,45
USA,44,46
USA,44,47
USA,44,48
USA,44,49
USA,44,50
USA,44,51
USA,44,52
USA,44,53
USA,44,54
USA,44,55
USA,44,56
USA,44,57
USA,44,58
USA,44,59
USA,44,60
USA,44,61
USA,44,62
USA,44,63
USA,44,64
USA,44,65
USA,44,66
USA,44,67
USA,44,68
USA,44,69
USA,44,70
USA,44,71
USA,44,72
USA,44,73
USA,44,74
USA,44,75
USA,44,76
USA,44,77
USA,44,78
CAN,44,79
CAN,44,80
CAN,44,81
CAN,44,82
CAN,44,83
CAN,44,84
CAN,44,85
CAN,44,86
CAN,44,87
CAN,44,88
CAN,44,89
CAN,44,90
CAN,44,91
CAN,44,92
CAN,44,93
CAN,44,94
CAN,44,95
CAN,44,96
CAN,44,97
CAN,44,98
CAN,44,99
CAN,44,100
CAN,44,101
CAN,44,102
CAN,44,103
CAN,44,104
CAN,44,105
CAN,44,106
CAN,44,107
CAN,44,108
CAN,44,109
CAN,44,110
CAN,44,111
CAN,44,112
CAN,44,113
CAN,44,114
CAN,44,115
CAN,44,116
CAN,44,117
CAN,44,118
CAN,44,119
CAN,44,120
CAN,44,121
CAN,44,122
CAN,44,123
CAN,44,124
CAN,44,125
CAN,44,126
CAN,44,127
CAN,44,128
CAN,44,129
CAN,44,130
CAN,44,131
CAN,44,132
CAN,44,133
CAN,44,135
CAN,44,137
CAN,44,140
CAN,44,141
CAN,44,142
CAN,44,143
CAN,44,144
CAN,44,145
CAN,44,146
CAN,44,147
CAN,44,148
CAN,44,149
CAN,44,150
CAN,44,151
CAN,44,152
CAN,44,153
CAN,44,154
CAN,44,160
,44,162
CAN,44,163
CAN,44,164
CAN,44,165
CAN,44,166
CAN,44,167
CAN,44,168
CAN,44,169
CAN,44,170
CAN,44,171
CAN,44,172
CAN,44,173
CAN,44,174
CAN,44,175
CAN,44,176
CAN,44,177
CAN,44,178
CAN,44,179
CAN,44,180
CAN,44,181
CAN,44,182
CAN,44,183
CAN,44,184
CAN,44,185
CAN,44,187
CAN,44,188
CAN,44,189
CAN,44,190
CAN,44,191
CAN,44,192
CAN,44,193
CAN,44,194
CAN,44,195
CAN,44,196
CAN,44,197
CAN,44,202
CAN,44,203
,44,206
CAN,44,207
CAN,44,208
CAN,44,209
CAN,44,210
CAN,44,211
CAN,44,212
CAN,44,213
CAN,44,214
CAN,44,215
CAN,44,216
CAN,44,217
CAN,44,218
CAN,44,219
CAN,44,220
CAN,44,221
CAN,44,222
CAN,44,223
CAN,44,224
CAN,44,225
CAN,44,226
CAN,44,227
CAN,44,228
CAN,44,229
CAN,44,230
CAN,44,231
GRL,44,254
GRL,44,255
GRL,44,256
GRL,44,257
GRL,44,258
GRL,44,259
GRL,44,260
GRL,44,261
GRL,44,262
GRL,44,263
GRL,44,264
GRL,44,265
GRL,44,266
GRL,44,267
GRL,44,268
GRL,44,269
GRL,44,270
GRL,44,271
GRL,44,272
GRL,44,273
GRL,44,274
GRL,44,275
GRL,44,276
GRL,44,277
GRL,44,278
GRL,44,279
GRL,44,280
GRL,44,281
GRL,44,282
GRL,44,283
GRL,44,284
GRL,44,285
GRL,44,286
GRL,44,287
GRL,44,288
GRL,44,289
GRL,44,290
GRL,44,291
GRL,44,292
GRL,44,293
GRL,44,294
GRL,44,295
GRL,44,296
GRL,44,297
GRL,44,298
GRL,44,299
GRL,44,300
GRL,44,301
GRL,44,302
GRL,44,303
GRL,44,304
NOR,44,386
NOR,44,387
NOR,44,388
NOR,44,389
NOR,44,390
NOR,44,391
NOR,44,392
NOR,44,393
NOR,44,394
NOR,44,395
NOR,44,396
SWE,44,397
SWE,44,398
SWE,44,399
SWE,44,400
SWE,44,401
SWE,44,402
SWE,44,403
SWE,44,404
SWE,44,405
SWE,44,406
FIN,44,407
FIN,44,408
FIN,44,409
FIN,44,410
FIN,44,411
FIN,44,412
FIN,44,413
FIN,44,414
FIN,44,415
FIN,44,416
FIN,44,417
FIN,44,418
RUS,44,419
RUS,44,420
RUS,44,421
RUS,44,422
RUS,44,423
RUS,44,424
RUS,44,425
RUS,44,426
RUS,44,427
RUS,44,428
RUS,44,429
RUS,44,430
RUS,44,431
RUS,44,432
RUS,44,433
RUS,44,434
RUS,44,435
RUS,44,436
RUS,44,437
RUS,44,438
RUS,44,439
RUS,44,440
RUS,44,441
RUS,44,448
RUS,44,449
RUS,44,450
RUS,44,451
RUS,44,452
RUS,44,453
RUS,44,454
RUS,44,460
RUS,44,461
RUS,44,462
RUS,44,463
RUS,44,464
RUS,44,465
RUS,44,466
RUS,44,467
RUS,44,468
RUS,44,469
RUS,44,470
RUS,44,471
RUS,44,472
RUS,44,473
RUS,44,474
RUS,44,475
RUS,44,476
RUS,44,477
RUS,44,478
RUS,44,479
RUS,44,480
RUS,44,481
RUS,44,482
RUS,44,483
RUS,44,484
RUS,44,485
RUS,44,486
RUS,44,487
RUS,44,488
RUS,44,489
RUS,44,490
RUS,44,491
RUS,44,492
RUS,44,493
RUS,44,494
RUS,44,495
RUS,44,496
RUS,44,497
RUS,44,498
RUS,44,499
RUS,44,500
RUS,44,501
RUS,44,502
RUS,44,503
RUS,44,504
RUS,44,505
RUS,44,506
RUS,44,507
RUS,44,508
RUS,44,509
RUS,44,510
RUS,44,511
RUS,44,512
RUS,44,513
RUS,44,514
RUS,44,515
RUS,44,516
RUS,44,517
RUS,44,518
RUS,44,519
RUS,44,520
RUS,44,521
RUS,44,522
RUS,44,523
RUS,44,524
RUS,44,525
RUS,44,526
RUS,44,527
RUS,44,528
RUS,44,529
RUS,44,530
RUS,44,531
RUS,44,532
RUS,44,533
RUS,44,534
RUS,44,535
RUS,44,536
RUS,44,537
RUS,44,538
RUS,44,539
RUS,44,540
RUS,44,541
RUS,44,542
RUS,44,543
RUS,44,544
RUS,44,545
RUS,44,546
RUS,44,547
RUS,44,548
RUS,44,549
RUS,44,550
RUS,44,551
RUS,44,552
RUS,44,553
RUS,44,554
RUS,44,555
RUS,44,556
RUS,44,557
RUS,44,558
RUS,44,559
RUS,44,560
RUS,44,561
RUS,44,562
RUS,44,563
RUS,44,564
RUS,44,565
RUS,44,566
RUS,44,567
RUS,44,568
RUS,44,569
RUS,44,570
RUS,44,571
RUS,44,572
RUS,44,573
RUS,44,574
RUS,44,575
RUS,44,576
RUS,44,577
RUS,44,578
RUS,44,579
RUS,44,580
RUS,44,581
RUS,44,582
RUS,44,583
RUS,44,584
RUS,44,585
RUS,44,586
RUS,44,587
RUS,44,588
RUS,44,589
RUS,44,590
RUS,44,591
RUS,44,592
RUS,44,593
RUS,44,594
RUS,44,595
RUS,44,596
RUS,44,597
RUS,44,598
RUS,44,599
RUS,44,600
RUS,44,601
RUS,44,602
RUS,44,603
RUS,44,604
RUS,44,605
RUS,44,606
RUS,44,607
RUS,44,608
RUS,44,609
RUS,44,610
RUS,44,611
RUS,44,612
RUS,44,613
RUS,44,614
RUS,44,615
RUS,44,616
RUS,44,617
RUS,44,618
RUS,44,619
RUS,44,620
RUS,44,621
RUS,44,622
RUS,44,623
RUS,44,624
RUS,44,625
RUS,44,626
RUS,44,627
RUS,44,628
RUS,44,629
RUS,44,630
RUS,44,631
RUS,44,632
RUS,44,633
RUS,44,634
RUS,44,635
RUS,44,636
RUS,44,637
RUS,44,638
RUS,44,639
RUS,44,640
RUS,44,641
RUS,44,642
RUS,44,643
RUS,44,644
RUS,44,645
RUS,44,646
RUS,44,647
RUS,44,648
RUS,44,649
RUS,44,650
RUS,44,651
RUS,44,652
RUS,44,653
RUS,44,654
RUS,44,655
RUS,44,656
RUS,44,657
RUS,44,658
RUS,44,659
RUS,44,660
RUS,44,661
RUS,44,662
RUS,44,663
RUS,44,664
RUS,44,665
RUS,44,666
RUS,44,667
RUS,44,668
RUS,44,669
RUS,44,670
RUS,44,671
RUS,44,672
RUS,44,673
RUS,44,674
RUS,44,675
RUS,44,676
RUS,44,677
RUS,44,678
RUS,44,679
RUS,44,680
RUS,44,681
RUS,44,682
RUS,44,683
RUS,44,684
RUS,44,685
RUS,44,686
RUS,44,687
RUS,44,688
RUS,44,689
RUS,44,690
RUS,44,691
RUS,44,692
RUS,44,693
RUS,44,694
RUS,44,695
RUS,44,696
RUS,44,697
RUS,44,698
RUS,44,699
RUS,44,700
RUS,44,701
RUS,44,702
RUS,44,703
RUS,44,704
RUS,44,705
RUS,44,706
RUS,44,707
RUS,44,708
RUS,44,709
RUS,44,710
RUS,44,711
RUS,44,712
RUS,44,713
RUS,44,714
RUS,44,715
RUS,44,716
RUS,44,717
RUS,44,718
RUS,44,719
RUS,44,720
RUS,45,1
RUS,45,2
RUS,45,3
RUS,45,4
RUS,45,5
RUS,45,6
RUS,45,7
RUS,45,8
RUS,45,9
RUS,45,10
USA,45,30
USA,45,31
USA,45,32
USA,45,33
USA,45,34
USA,45,35
USA,45,36
USA,45,37
USA,45,38
USA,45,39
USA,45,40
USA,45,41
USA,45,42
USA,45,43
USA,45,44
USA,45,45
USA,45,46
USA,45,47
USA,45,48
USA,45,49
USA,45,50
USA,45,51
USA,45,52
USA,45,53
USA,45,54
USA,45,55
USA,45,56
USA,45,57
USA,45,58
USA,45,59
USA,45,60
USA,45,61
USA,45,62
USA,45,63
USA,45,64
USA,45,65
USA,45,66
USA,45,67
USA,45,68
USA,45,69
USA,45,70
USA,45,71
USA,45,72
USA,45,73
USA,45,74
USA,45,75
USA,45,76
USA,45,77
USA,45,78
CAN,45,79
CAN,45,80
CAN,45,81
CAN,45,82
CAN,45,83
CAN,45,84
CAN,45,85
CAN,45,86
CAN,45,87
CAN,45,88
CAN,45,89
CAN,45,90
CAN,45,91
CAN,45,92
CAN,45,93
CAN,45,94
CAN,45,95
CAN,45,96
CAN,45,97
CAN,45,98
CAN,45,99
CAN,45,100
CAN,45,101
CAN,45,102
CAN,45,103
CAN,45,104
CAN,45,105
CAN,45,106
CAN,45,107
CAN,45,108
CAN,45,109
CAN,45,110
CAN,45,111
CAN,45,112
CAN,45,113
CAN,45,114
CAN,45,115
CAN,45,116
CAN,45,117
CAN,45,118
CAN,45,119
CAN,45,120
CAN,45,121
CAN,45,122
CAN,45,123
CAN,45,124
CAN,45,125
CAN,45,126
CAN,45,127
CAN,45,128
CAN,45,129
CAN,45,130
CAN,45,131
CAN,45,132
CAN,45,133
CAN,45,134
CAN,45,135
CAN,45,136
CAN,45,137
CAN,45,138
CAN,45,139
CAN,45,140
CAN,45,141
CAN,45,142
CAN,45,143
CAN,45,144
CAN,45,145
CAN,45,146
CAN,45,147
CAN,45,148
CAN,45,149
CAN,45,150
CAN,45,151
CAN,45,152
CAN,45,153
CAN,45,154
CAN,45,155
CAN,45,156
CAN,45,157
CAN,45,158
CAN,45,159
CAN,45,160
CAN,45,161
CAN,45,162
CAN,45,163
CAN,45,164
CAN,45,165
CAN,45,166
CAN,45,167
CAN,45,168
CAN,45,169
CAN,45,170
CAN,45,171
CAN,45,172
CAN,45,173
CAN,45,174
CAN,45,175
CAN,45,176
CAN,45,177
CAN,45,178
CAN,45,179
CAN,45,180
CAN,45,181
CAN,45,182
CAN,45,183
CAN,45,184
CAN,45,185
CAN,45,187
CAN,45,188
CAN,45,189
CAN,45,190
CAN,45,191
CAN,45,192
CAN,45,193
CAN,45,194
CAN,45,195
CAN,45,196
CAN,45,197
CAN,45,198
CAN,45,206
CAN,45,207
CAN,45,208
CAN,45,209
CAN,45,210
CAN,45,211
CAN,45,212
CAN,45,213
CAN,45,214
CAN,45,215
CAN,45,216
CAN,45,217
CAN,45,218
CAN,45,219
CAN,45,220
CAN,45,221
CAN,45,222
CAN,45,223
CAN,45,224
CAN,45,225
CAN,45,226
CAN,45,227
CAN,45,228
CAN,45,229
CAN,45,230
CAN,45,231
CAN,45,232
CAN,45,233
GRL,45,253
GRL,45,254
GRL,45,255
GRL,45,256
GRL,45,257
GRL,45,258
GRL,45,259
GRL,45,260
GRL,45,261
GRL,45,262
GRL,45,263
GRL,45,264
GRL,45,265
GRL,45,266
GRL,45,267
GRL,45,268
GRL,45,269
GRL,45,270
GRL,45,271
GRL,45,272
GRL,45,273
GRL,45,274
GRL,45,275
GRL,45,276
GRL,45,277
GRL,45,278
GRL,45,279
GRL,45,280
GRL,45,281
GRL,45,282
GRL,45,283
GRL,45,284
GRL,45,285
GRL,45,286
GRL,45,287
GRL,45,288
GRL,45,289
GRL,45,290
GRL,45,291
GRL,45,292
GRL,45,293
GRL,45,294
GRL,45,295
GRL,45,296
NOR,45,386
NOR,45,387
NOR,45,390
NOR,45,391
NOR,45,392
NOR,45,393
SWE,45,394
SWE,45,395
SWE,45,396
SWE,45,397
SWE,45,398
SWE,45,399
SWE,45,400
SWE,45,401
SWE,45,402
SWE,45,403
SWE,45,404
SWE,45,405
SWE,45,406
SWE,45,407
FIN,45,408
FIN,45,409
FIN,45,410
FIN,45,411
FIN,45,412
FIN,45,413
FIN,45,414
FIN,45,415
FIN,45,416
FIN,45,417
FIN,45,418
FIN,45,419
FIN,45,420
RUS,45,421
RUS,45,422
RUS,45,423
RUS,45,424
RUS,45,425
RUS,45,426
RUS,45,427
RUS,45,428
RUS,45,429
RUS,45,430
RUS,45,431
RUS,45,432
RUS,45,433
RUS,45,434
RUS,45,435
RUS,45,436
RUS,45,437
RUS,45,438
RUS,45,439
RUS,45,440
RUS,45,441
RUS,45,442
RUS,45,443
RUS,45,448
RUS,45,449
RUS,45,450
RUS,45,451
RUS,45,452
RUS,45,453
RUS,45,454
RUS,45,456
RUS,45,457
RUS,45,458
RUS,45,459
RUS,45,460
RUS,45,461
RUS,45,462
RUS,45,463
RUS,45,464
RUS,45,465
RUS,45,466
RUS,45,467
RUS,45,468
RUS,45,469
RUS,45,470
RUS,45,471
RUS,45,472
RUS,45,473
RUS,45,474
RUS,45,475
RUS,45,476
RUS,45,477
RUS,45,478
RUS,45,479
RUS,45,480
RUS,45,481
RUS,45,482
RUS,45,483
RUS,45,484
RUS,45,485
RUS,45,486
RUS,45,487
RUS,45,488
RUS,45,489
RUS,45,490
RUS,45,491
RUS,45,492
RUS,45,493
RUS,45,494
RUS,45,495
RUS,45,496
RUS,45,497
RUS,45,498
RUS,45,499
RUS,45,500
RUS,45,501
RUS,45,502
RUS,45,503
RUS,45,504
RUS,45,505
RUS,45,506
RUS,45,507
RUS,45,509
RUS,45,510
RUS,45,511
RUS,45,512
RUS,45,513
RUS,45,514
RUS,45,515
RUS,45,516
RUS,45,517
RUS,45,518
RUS,45,519
RUS,45,520
RUS,45,521
RUS,45,522
RUS,45,523
RUS,45,524
RUS,45,525
RUS,45,526
RUS,45,527
RUS,45,528
RUS,45,529
RUS,45,530
RUS,45,531
RUS,45,532
RUS,45,533
RUS,45,534
RUS,45,535
RUS,45,536
RUS,45,537
RUS,45,538
RUS,45,539
RUS,45,540
RUS,45,541
RUS,45,542
RUS,45,543
RUS,45,544
RUS,45,545
RUS,45,546
RUS,45,547
RUS,45,548
RUS,45,549
RUS,45,550
RUS,45,551
RUS,45,552
RUS,45,553
RUS,45,554
RUS,45,555
RUS,45,556
RUS,45,557
RUS,45,558
RUS,45,559
RUS,45,560
RUS,45,561
RUS,45,562
RUS,45,563
RUS,45,564
RUS,45,565
RUS,45,566
RUS,45,567
RUS,45,568
RUS,45,569
RUS,45,570
RUS,45,571
RUS,45,572
RUS,45,573
RUS,45,574
RUS,45,575
RUS,45,576
RUS,45,577
RUS,45,578
RUS,45,579
RUS,45,580
RUS,45,581
RUS,45,582
RUS,45,583
RUS,45,584
RUS,45,585
RUS,45,586
RUS,45,587
RUS,45,588
RUS,45,589
RUS,45,590
RUS,45,591
RUS,45,592
RUS,45,593
RUS,45,594
RUS,45,595
RUS,45,596
RUS,45,597
RUS,45,598
RUS,45,599
RUS,45,600
RUS,45,601
RUS,45,602
RUS,45,603
RUS,45,604
RUS,45,605
RUS,45,606
RUS,45,607
RUS,45,608
RUS,45,609
RUS,45,610
RUS,45,611
RUS,45,612
RUS,45,613
RUS,45,614
RUS,45,615
RUS,45,616
RUS,45,617
RUS,45,618
RUS,45,619
RUS,45,620
RUS,45,621
RUS,45,622
RUS,45,623
RUS,45,624
RUS,45,625
RUS,45,626
RUS,45,627
RUS,45,628
RUS,45,629
RUS,45,630
RUS,45,631
RUS,45,632
RUS,45,633
RUS,45,634
RUS,45,635
RUS,45,636
RUS,45,637
RUS,45,638
RUS,45,639
RUS,45,640
RUS,45,641
RUS,45,642
RUS,45,643
RUS,45,644
RUS,45,645
RUS,45,646
RUS,45,647
RUS,45,648
RUS,45,649
RUS,45,650
RUS,45,651
RUS,45,652
RUS,45,653
RUS,45,654
RUS,45,655
RUS,45,656
RUS,45,657
RUS,45,658
RUS,45,659
RUS,45,660
RUS,45,661
RUS,45,662
RUS,45,663
RUS,45,664
RUS,45,665
RUS,45,666
RUS,45,667
RUS,45,668
RUS,45,669
RUS,45,670
RUS,45,671
RUS,45,672
RUS,45,673
RUS,45,674
RUS,45,675
RUS,45,676
RUS,45,677
RUS,45,678
RUS,45,679
RUS,45,680
RUS,45,681
RUS,45,682
RUS,45,683
RUS,45,684
RUS,45,685
RUS,45,686
RUS,45,687
RUS,45,688
RUS,45,689
RUS,45,690
RUS,45,691
RUS,45,692
RUS,45,693
RUS,45,694
RUS,45,695
RUS,45,696
RUS,45,697
RUS,45,698
RUS,45,699
RUS,45,700
RUS,45,701
RUS,45,702
RUS,45,703
RUS,45,704
RUS,45,705
RUS,45,706
RUS,45,707
RUS,45,708
RUS,45,709
RUS,45,710
RUS,45,711
RUS,45,712
RUS,45,713
RUS,45,714
RUS,45,715
RUS,45,716
RUS,45,717
RUS,45,718
RUS,45,719
RUS,45,720
RUS,46,1
RUS,46,2
RUS,46,3
RUS,46,4
RUS,46,5
RUS,46,6
RUS,46,7
RUS,46,8
RUS,46,9
RUS,46,10
RUS,46,11
RUS,46,12
RUS,46,13
RUS,46,14
RUS,46,15
USA,46,33
USA,46,34
USA,46,35
USA,46,36
USA,46,37
USA,46,38
USA,46,39
USA,46,40
USA,46,41
USA,46,42
USA,46,43
USA,46,44
USA,46,45
USA,46,46
USA,46,47
USA,46,48
USA,46,49
USA,46,50
USA,46,51
USA,46,52
USA,46,53
USA,46,54
USA,46,55
USA,46,56
USA,46,57
USA,46,58
USA,46,59
USA,46,60
USA,46,61
USA,46,62
USA,46,63
USA,46,64
USA,46,65
USA,46,66
USA,46,67
USA,46,68
USA,46,69
USA,46,70
USA,46,71
USA,46,72
USA,46,73
USA,46,74
USA,46,75
USA,46,76
USA,46,77
USA,46,78
CAN,46,79
CAN,46,80
CAN,46,81
CAN,46,82
CAN,46,83
CAN,46,84
CAN,46,85
CAN,46,86
CAN,46,87
CAN,46,88
CAN,46,89
CAN,46,90
CAN,46,91
CAN,46,92
CAN,46,93
CAN,46,94
CAN,46,95
CAN,46,96
CAN,46,97
CAN,46,98
CAN,46,99
CAN,46,100
CAN,46,101
CAN,46,102
CAN,46,103
CAN,46,104
CAN,46,105
CAN,46,106
CAN,46,107
CAN,46,108
CAN,46,109
CAN,46,110
CAN,46,111
CAN,46,112
CAN,46,113
CAN,46,114
CAN,46,115
CAN,46,116
CAN,46,117
CAN,46,118
CAN,46,119
CAN,46,120
CAN,46,121
CAN,46,122
CAN,46,123
CAN,46,124
CAN,46,125
CAN,46,126
CAN,46,127
CAN,46,128
CAN,46,129
CAN,46,130
CAN,46,131
CAN,46,132
CAN,46,133
CAN,46,134
CAN,46,135
CAN,46,136
CAN,46,137
CAN,46,138
CAN,46,139
CAN,46,140
CAN,46,141
CAN,46,142
CAN,46,143
CAN,46,144
CAN,46,145
CAN,46,146
CAN,46,147
CAN,46,148
CAN,46,149
CAN,46,150
CAN,46,151
CAN,46,152
CAN,46,153
CAN,46,154
CAN,46,155
CAN,46,156
CAN,46,157
CAN,46,158
CAN,46,159
CAN,46,160
CAN,46,161
CAN,46,162
CAN,46,163
CAN,46,164
CAN,46,165
CAN,46,166
CAN,46,167
CAN,46,168
CAN,46,169
CAN,46,170
CAN,46,171
CAN,46,172
CAN,46,173
CAN,46,174
CAN,46,175
CAN,46,176
CAN,46,177
CAN,46,178
CAN,46,179
CAN,46,180
CAN,46,181
CAN,46,182
CAN,46,183
CAN,46,184
CAN,46,185
CAN,46,186
CAN,46,187
CAN,46,188
CAN,46,189
CAN,46,190
CAN,46,191
CAN,46,192
CAN,46,193
CAN,46,194
CAN,46,195
CAN,46,196
CAN,46,197
CAN,46,198
CAN,46,206
CAN,46,207
CAN,46,208
CAN,46,209
CAN,46,210
CAN,46,215
CAN,46,216
CAN,46,217
CAN,46,218
CAN,46,219
CAN,46,220
CAN,46,221
CAN,46,222
CAN,46,223
CAN,46,224
CAN,46,225
CAN,46,226
CAN,46,227
CAN,46,228
CAN,46,229
CAN,46,230
CAN,46,231
CAN,46,232
CAN,46,233
CAN,46,234
CAN,46,235
CAN,46,236
GRL,46,253
GRL,46,254
GRL,46,255
GRL,46,256
GRL,46,257
GRL,46,258
GRL,46,259
GRL,46,260
GRL,46,261
GRL,46,262
GRL,46,263
GRL,46,264
GRL,46,265
GRL,46,266
GRL,46,267
GRL,46,268
GRL,46,269
GRL,46,270
GRL,46,271
GRL,46,272
GRL,46,273
GRL,46,274
GRL,46,275
GRL,46,276
GRL,46,277
GRL,46,278
GRL,46,279
GRL,46,280
GRL,46,281
GRL,46,282
GRL,46,283
GRL,46,284
GRL,46,285
GRL,46,286
GRL,46,287
GRL,46,288
GRL,46,289
GRL,46,290
GRL,46,291
GRL,46,292
GRL,46,293
GRL,46,294
NOR,46,389
NOR,46,390
NOR,46,391
NOR,46,392
NOR,46,393
SWE,46,394
SWE,46,395
SWE,46,396
SWE,46,397
SWE,46,398
SWE,46,399
SWE,46,400
SWE,46,401
SWE,46,402
SWE,46,403
SWE,46,404
SWE,46,405
SWE,46,406
SWE,46,407
FIN,46,408
FIN,46,409
FIN,46,410
FIN,46,411
FIN,46,412
FIN,46,413
FIN,46,414
FIN,46,415
FIN,46,416
FIN,46,417
FIN,46,418
FIN,46,419
RUS,46,420
RUS,46,421
RUS,46,422
RUS,46,423
RUS,46,424
RUS,46,425
RUS,46,426
RUS,46,427
RUS,46,428
RUS,46,429
RUS,46,430
RUS,46,431
RUS,46,432
RUS,46,433
RUS,46,434
RUS,46,435
RUS,46,436
RUS,46,437
RUS,46,438
RUS,46,439
RUS,46,440
RUS,46,441
RUS,46,442
RUS,46,443
RUS,46,448
RUS,46,449
RUS,46,450
RUS,46,451
RUS,46,452
RUS,46,456
RUS,46,457
RUS,46,458
RUS,46,459
RUS,46,460
RUS,46,461
RUS,46,462
RUS,46,463
RUS,46,464
RUS,46,465
RUS,46,466
RUS,46,467
RUS,46,468
RUS,46,469
RUS,46,470
RUS,46,471
RUS,46,472
RUS,46,473
RUS,46,474
RUS,46,475
RUS,46,476
RUS,46,477
RUS,46,478
RUS,46,479
RUS,46,480
RUS,46,481
RUS,46,482
RUS,46,483
RUS,46,484
RUS,46,485
RUS,46,486
RUS,46,487
RUS,46,488
RUS,46,489
RUS,46,490
RUS,46,491
RUS,46,492
RUS,46,493
RUS,46,494
RUS,46,495
RUS,46,496
RUS,46,497
RUS,46,498
RUS,46,499
RUS,46,500
RUS,46,501
RUS,46,502
RUS,46,503
RUS,46,504
RUS,46,505
RUS,46,508
RUS,46,509
RUS,46,510
RUS,46,511
RUS,46,512
RUS,46,513
RUS,46,514
RUS,46,515
RUS,46,516
RUS,46,517
RUS,46,518
RUS,46,519
RUS,46,520
RUS,46,521
RUS,46,522
RUS,46,523
RUS,46,524
RUS,46,525
RUS,46,526
RUS,46,527
RUS,46,528
RUS,46,529
RUS,46,530
RUS,46,531
RUS,46,532
RUS,46,533
RUS,46,534
RUS,46,535
RUS,46,536
RUS,46,537
RUS,46,538
RUS,46,539
RUS,46,540
RUS,46,541
RUS,46,542
RUS,46,543
RUS,46,544
RUS,46,545
RUS,46,546
RUS,46,547
RUS,46,548
RUS,46,549
RUS,46,550
RUS,46,551
RUS,46,552
RUS,46,553
RUS,46,554
RUS,46,555
RUS,46,556
RUS,46,557
RUS,46,558
RUS,46,559
RUS,46,560
RUS,46,561
RUS,46,562
RUS,46,563
RUS,46,564
RUS,46,565
RUS,46,566
RUS,46,567
RUS,46,568
RUS,46,569
RUS,46,570
RUS,46,571
RUS,46,572
RUS,46,573
RUS,46,574
RUS,46,575
RUS,46,576
RUS,46,577
RUS,46,578
RUS,46,579
RUS,46,580
RUS,46,581
RUS,46,582
RUS,46,583
RUS,46,584
RUS,46,585
RUS,46,586
RUS,46,587
RUS,46,588
RUS,46,589
RUS,46,590
RUS,46,591
RUS,46,592
RUS,46,593
RUS,46,594
RUS,46,595
RUS,46,596
RUS,46,597
RUS,46,598
RUS,46,599
RUS,46,600
RUS,46,601
RUS,46,602
RUS,46,603
RUS,46,604
RUS,46,605
RUS,46,606
RUS,46,607
RUS,46,608
RUS,46,609
RUS,46,610
RUS,46,611
RUS,46,612
RUS,46,613
RUS,46,614
RUS,46,615
RUS,46,616
RUS,46,617
RUS,46,618
RUS,46,619
RUS,46,620
RUS,46,621
RUS,46,622
RUS,46,623
RUS,46,624
RUS,46,625
RUS,46,626
RUS,46,627
RUS,46,628
RUS,46,629
RUS,46,630
RUS,46,631
RUS,46,632
RUS,46,633
RUS,46,634
RUS,46,635
RUS,46,636
RUS,46,637
RUS,46,638
RUS,46,639
RUS,46,640
RUS,46,641
RUS,46,642
RUS,46,643
RUS,46,644
RUS,46,645
RUS,46,646
RUS,46,647
RUS,46,648
RUS,46,649
RUS,46,650
RUS,46,651
RUS,46,652
RUS,46,653
RUS,46,654
RUS,46,655
RUS,46,656
RUS,46,657
RUS,46,658
RUS,46,659
RUS,46,660
RUS,46,661
RUS,46,662
RUS,46,663
RUS,46,664
RUS,46,665
RUS,46,666
RUS,46,667
RUS,46,668
RUS,46,669
RUS,46,670
RUS,46,671
RUS,46,672
RUS,46,673
RUS,46,674
RUS,46,675
RUS,46,676
RUS,46,677
RUS,46,678
RUS,46,679
RUS,46,680
RUS,46,681
RUS,46,682
RUS,46,683
RUS,46,684
RUS,46,685
RUS,46,686
RUS,46,687
RUS,46,688
RUS,46,689
RUS,46,690
RUS,46,691
RUS,46,692
RUS,46,693
RUS,46,694
RUS,46,695
RUS,46,696
RUS,46,697
RUS,46,698
RUS,46,699
RUS,46,700
RUS,46,701
RUS,46,702
RUS,46,703
RUS,46,704
RUS,46,705
RUS,46,706
RUS,46,707
RUS,46,708
RUS,46,709
RUS,46,710
RUS,46,711
RUS,46,712
RUS,46,713
RUS,46,714
RUS,46,715
RUS,46,716
RUS,46,717
RUS,46,718
RUS,46,719
RUS,46,720
RUS,47,1
RUS,47,2
RUS,47,3
RUS,47,4
RUS,47,5
RUS,47,6
RUS,47,7
RUS,47,8
RUS,47,9
RUS,47,10
RUS,47,11
RUS,47,12
RUS,47,13
RUS,47,14
RUS,47,15
RUS,47,16
RUS,47,17
RUS,47,18
RUS,47,19
USA,47,31
USA,47,32
USA,47,33
USA,47,35
USA,47,36
USA,47,37
USA,47,38
USA,47,39
USA,47,40
USA,47,41
USA,47,42
USA,47,43
USA,47,44
USA,47,45
USA,47,46
USA,47,47
USA,47,48
USA,47,49
USA,47,50
USA,47,51
USA,47,52
USA,47,53
USA,47,54
USA,47,55
USA,47,56
USA,47,57
USA,47,58
USA,47,59
USA,47,60
USA,47,61
USA,47,62
USA,47,63
USA,47,64
USA,47,65
USA,47,66
USA,47,67
USA,47,68
USA,47,69
USA,47,70
USA,47,71
USA,47,72
USA,47,73
USA,47,74
USA,47,75
USA,47,76
USA,47,77
USA,47,78
CAN,47,79
CAN,47,80
CAN,47,81
CAN,47,82
CAN,47,83
CAN,47,84
CAN,47,85
CAN,47,86
CAN,47,87
CAN,47,88
CAN,47,89
CAN,47,90
CAN,47,91
CAN,47,92
CAN,47,93
CAN,47,94
CAN,47,95
CAN,47,96
CAN,47,97
CAN,47,98
CAN,47,99
CAN,47,100
CAN,47,101
CAN,47,102
CAN,47,103
CAN,47,104
CAN,47,105
CAN,47,106
CAN,47,107
CAN,47,108
CAN,47,109
CAN,47,110
CAN,47,111
CAN,47,112
CAN,47,113
CAN,47,114
CAN,47,115
CAN,47,116
CAN,47,117
CAN,47,118
CAN,47,119
CAN,47,120
CAN,47,121
CAN,47,122
CAN,47,123
CAN,47,124
CAN,47,125
CAN,47,126
CAN,47,127
CAN,47,128
CAN,47,129
CAN,47,130
CAN,47,131
CAN,47,132
CAN,47,133
CAN,47,134
CAN,47,135
CAN,47,136
CAN,47,137
CAN,47,138
CAN,47,139
CAN,47,140
CAN,47,141
CAN,47,142
CAN,47,143
CAN,47,144
CAN,47,145
CAN,47,146
CAN,47,147
CAN,47,148
CAN,47,149
CAN,47,150
CAN,47,151
CAN,47,152
CAN,47,153
CAN,47,154
CAN,47,155
CAN,47,156
CAN,47,157
CAN,47,158
CAN,47,159
CAN,47,160
CAN,47,161
CAN,47,162
CAN,47,163
CAN,47,164
CAN,47,165
CAN,47,166
CAN,47,167
CAN,47,168
CAN,47,169
CAN,47,170
CAN,47,171
CAN,47,172
CAN,47,173
CAN,47,174
CAN,47,175
CAN,47,176
CAN,47,177
CAN,47,178
CAN,47,179
CAN,47,180
CAN,47,181
CAN,47,182
CAN,47,183
CAN,47,184
CAN,47,185
CAN,47,186
CAN,47,187
CAN,47,188
CAN,47,189
CAN,47,190
CAN,47,191
CAN,47,192
CAN,47,193
CAN,47,194
CAN,47,195
CAN,47,196
CAN,47,197
,47,213
CAN,47,214
CAN,47,215
CAN,47,216
CAN,47,217
CAN,47,218
CAN,47,219
CAN,47,220
CAN,47,221
CAN,47,222
CAN,47,223
CAN,47,224
CAN,47,225
CAN,47,226
CAN,47,227
CAN,47,228
CAN,47,229
CAN,47,230
CAN,47,231
CAN,47,232
CAN,47,233
CAN,47,234
CAN,47,235
CAN,47,236
CAN,47,237
CAN,47,238
GRL,47,253
GRL,47,254
GRL,47,255
GRL,47,256
GRL,47,257
GRL,47,258
GRL,47,259
GRL,47,260
GRL,47,261
GRL,47,262
GRL,47,263
GRL,47,264
GRL,47,265
GRL,47,266
GRL,47,267
GRL,47,268
GRL,47,269
GRL,47,270
GRL,47,271
GRL,47,272
GRL,47,273
GRL,47,274
GRL,47,275
GRL,47,276
GRL,47,277
GRL,47,278
GRL,47,279
GRL,47,280
GRL,47,281
GRL,47,282
GRL,47,283
GRL,47,284
GRL,47,285
GRL,47,286
GRL,47,287
GRL,47,288
GRL,47,289
GRL,47,290
GRL,47,291
GRL,47,292
GRL,47,293
ISL,47,325
ISL,47,327
ISL,47,328
ISL,47,329
NOR,47,387
NOR,47,388
NOR,47,389
NOR,47,390
NOR,47,391
NOR,47,392
SWE,47,393
SWE,47,394
SWE,47,395
SWE,47,396
SWE,47,397
SWE,47,398
SWE,47,399
SWE,47,400
SWE,47,401
SWE,47,402
SWE,47,403
SWE,47,404
SWE,47,405
SWE,47,406
SWE,47,407
SWE,47,408
FIN,47,409
FIN,47,410
FIN,47,411
FIN,47,412
FIN,47,413
FIN,47,414
FIN,47,415
FIN,47,416
FIN,47,417
FIN,47,418
FIN,47,419
RUS,47,420
RUS,47,421
RUS,47,422
RUS,47,423
RUS,47,424
RUS,47,425
RUS,47,426
RUS,47,427
RUS,47,428
RUS,47,429
RUS,47,430
RUS,47,431
RUS,47,432
RUS,47,433
RUS,47,434
RUS,47,435
RUS,47,436
RUS,47,437
RUS,47,438
RUS,47,439
RUS,47,440
RUS,47,441
RUS,47,442
RUS,47,443
RUS,47,445
RUS,47,446
RUS,47,449
RUS,47,450
RUS,47,451
RUS,47,452
RUS,47,453
RUS,47,454
RUS,47,455
RUS,47,456
RUS,47,457
RUS,47,458
RUS,47,459
RUS,47,460
RUS,47,461
RUS,47,462
RUS,47,463
RUS,47,464
RUS,47,465
RUS,47,466
RUS,47,467
RUS,47,468
RUS,47,469
RUS,47,470
RUS,47,471
RUS,47,472
RUS,47,473
RUS,47,474
RUS,47,475
RUS,47,476
RUS,47,477
RUS,47,478
RUS,47,479
RUS,47,480
RUS,47,481
RUS,47,482
RUS,47,483
RUS,47,484
RUS,47,485
RUS,47,486
RUS,47,487
RUS,47,488
RUS,47,489
RUS,47,490
RUS,47,491
RUS,47,492
RUS,47,493
RUS,47,494
RUS,47,495
RUS,47,496
RUS,47,497
RUS,47,498
RUS,47,499
RUS,47,500
RUS,47,501
RUS,47,502
RUS,47,503
RUS,47,504
RUS,47,505
RUS,47,506
RUS,47,507
RUS,47,508
RUS,47,509
RUS,47,510
RUS,47,511
RUS,47,512
RUS,47,513
RUS,47,514
RUS,47,515
RUS,47,516
RUS,47,517
RUS,47,518
RUS,47,519
RUS,47,520
RUS,47,521
RUS,47,522
RUS,47,523
RUS,47,524
RUS,47,525
RUS,47,526
RUS,47,527
RUS,47,528
RUS,47,529
RUS,47,530
RUS,47,531
RUS,47,532
RUS,47,533
RUS,47,534
RUS,47,535
RUS,47,536
RUS,47,537
RUS,47,538
RUS,47,539
RUS,47,540
RUS,47,541
RUS,47,542
RUS,47,543
RUS,47,544
RUS,47,545
RUS,47,546
RUS,47,547
RUS,47,548
RUS,47,549
RUS,47,550
RUS,47,551
RUS,47,552
RUS,47,553
RUS,47,554
RUS,47,555
RUS,47,556
RUS,47,557
RUS,47,558
RUS,47,559
RUS,47,560
RUS,47,561
RUS,47,562
RUS,47,563
RUS,47,564
RUS,47,565
RUS,47,566
RUS,47,567
RUS,47,568
RUS,47,569
RUS,47,570
RUS,47,571
RUS,47,572
RUS,47,573
RUS,47,574
RUS,47,575
RUS,47,576
RUS,47,577
RUS,47,578
RUS,47,579
RUS,47,580
RUS,47,581
RUS,47,582
RUS,47,583
RUS,47,584
RUS,47,585
RUS,47,586
RUS,47,587
RUS,47,588
RUS,47,589
RUS,47,590
RUS,47,591
RUS,47,592
RUS,47,593
RUS,47,594
RUS,47,595
RUS,47,596
RUS,47,597
RUS,47,598
RUS,47,599
RUS,47,600
RUS,47,601
RUS,47,602
RUS,47,603
RUS,47,604
RUS,47,605
RUS,47,606
RUS,47,607
RUS,47,608
RUS,47,609
RUS,47,610
RUS,47,611
RUS,47,612
RUS,47,613
RUS,47,614
RUS,47,615
RUS,47,616
RUS,47,617
RUS,47,618
RUS,47,619
RUS,47,620
RUS,47,621
RUS,47,622
RUS,47,623
RUS,47,624
RUS,47,625
RUS,47,626
RUS,47,627
RUS,47,628
RUS,47,629
RUS,47,630
RUS,47,631
RUS,47,632
RUS,47,633
RUS,47,634
RUS,47,635
RUS,47,636
RUS,47,637
RUS,47,638
RUS,47,639
RUS,47,640
RUS,47,641
RUS,47,642
RUS,47,643
RUS,47,644
RUS,47,645
RUS,47,646
RUS,47,647
RUS,47,648
RUS,47,649
RUS,47,650
RUS,47,651
RUS,47,652
RUS,47,653
RUS,47,654
RUS,47,655
RUS,47,656
RUS,47,657
RUS,47,658
RUS,47,659
RUS,47,660
RUS,47,661
RUS,47,662
RUS,47,663
RUS,47,664
RUS,47,665
RUS,47,666
RUS,47,667
RUS,47,668
RUS,47,669
RUS,47,670
RUS,47,671
RUS,47,672
RUS,47,673
RUS,47,674
RUS,47,675
RUS,47,676
RUS,47,677
RUS,47,678
RUS,47,679
RUS,47,680
RUS,47,681
RUS,47,682
RUS,47,683
RUS,47,684
RUS,47,685
RUS,47,686
RUS,47,687
RUS,47,688
RUS,47,689
RUS,47,690
RUS,47,691
RUS,47,692
RUS,47,693
RUS,47,694
RUS,47,695
RUS,47,696
RUS,47,697
RUS,47,698
RUS,47,699
RUS,47,700
RUS,47,701
RUS,47,702
RUS,47,703
RUS,47,704
RUS,47,705
RUS,47,706
RUS,47,707
RUS,47,708
RUS,47,709
RUS,47,710
RUS,47,711
RUS,47,712
RUS,47,713
RUS,47,714
RUS,47,715
RUS,47,716
RUS,47,717
RUS,47,718
RUS,47,719
RUS,47,720
RUS,48,1
RUS,48,2
RUS,48,3
RUS,48,4
RUS,48,5
RUS,48,6
RUS,48,7
RUS,48,8
RUS,48,9
RUS,48,10
RUS,48,11
RUS,48,12
RUS,48,13
RUS,48,14
RUS,48,15
RUS,48,16
RUS,48,17
RUS,48,18
RUS,48,19
RUS,48,20
RUS,48,21
USA,48,27
USA,48,28
USA,48,29
USA,48,30
USA,48,31
USA,48,32
USA,48,33
USA,48,34
USA,48,35
USA,48,36
USA,48,37
USA,48,38
USA,48,39
USA,48,40
USA,48,41
USA,48,42
USA,48,43
USA,48,44
USA,48,45
USA,48,46
USA,48,47
USA,48,48
USA,48,49
USA,48,50
USA,48,51
USA,48,52
USA,48,53
USA,48,54
USA,48,55
USA,48,56
USA,48,57
USA,48,58
USA,48,59
USA,48,60
USA,48,61
USA,48,62
USA,48,63
USA,48,64
USA,48,65
USA,48,66
USA,48,67
USA,48,68
USA,48,69
USA,48,70
USA,48,71
USA,48,72
USA,48,73
USA,48,74
USA,48,75
USA,48,76
USA,48,77
USA,48,78
CAN,48,79
CAN,48,80
CAN,48,81
CAN,48,82
CAN,48,83
CAN,48,84
CAN,48,85
CAN,48,86
CAN,48,87
CAN,48,88
CAN,48,89
CAN,48,90
CAN,48,91
CAN,48,92
CAN,48,93
CAN,48,94
CAN,48,95
CAN,48,96
CAN,48,97
CAN,48,98
CAN,48,99
CAN,48,100
CAN,48,101
CAN,48,102
CAN,48,103
CAN,48,104
CAN,48,105
CAN,48,106
CAN,48,107
CAN,48,108
CAN,48,109
CAN,48,110
CAN,48,111
CAN,48,112
CAN,48,113
CAN,48,114
CAN,48,115
CAN,48,116
CAN,48,117
CAN,48,118
CAN,48,119
CAN,48,120
CAN,48,121
CAN,48,122
CAN,48,123
CAN,48,124
CAN,48,125
CAN,48,126
CAN,48,127
CAN,48,128
CAN,48,129
CAN,48,130
CAN,48,131
CAN,48,132
CAN,48,133
CAN,48,134
CAN,48,135
CAN,48,136
CAN,48,137
CAN,48,138
CAN,48,139
CAN,48,140
CAN,48,141
CAN,48,142
CAN,48,143
CAN,48,144
CAN,48,145
CAN,48,146
CAN,48,147
CAN,48,148
CAN,48,149
CAN,48,150
CAN,48,151
CAN,48,152
CAN,48,153
CAN,48,154
CAN,48,155
CAN,48,156
CAN,48,157
CAN,48,158
CAN,48,159
CAN,48,160
CAN,48,161
CAN,48,162
CAN,48,163
CAN,48,164
CAN,48,165
CAN,48,166
CAN,48,167
CAN,48,168
CAN,48,169
CAN,48,170
CAN,48,171
CAN,48,172
CAN,48,173
CAN,48,174
CAN,48,175
CAN,48,176
CAN,48,177
CAN,48,178
CAN,48,179
CAN,48,180
CAN,48,181
CAN,48,182
CAN,48,183
CAN,48,184
CAN,48,185
CAN,48,186
CAN,48,187
CAN,48,188
CAN,48,189
CAN,48,190
CAN,48,191
CAN,48,192
CAN,48,193
CAN,48,194
CAN,48,195
CAN,48,212
CAN,48,213
CAN,48,214
CAN,48,215
CAN,48,216
CAN,48,217
CAN,48,218
CAN,48,219
CAN,48,220
CAN,48,221
CAN,48,222
CAN,48,223
CAN,48,224
CAN,48,225
CAN,48,226
CAN,48,227
CAN,48,228
CAN,48,229
CAN,48,230
CAN,48,231
CAN,48,232
CAN,48,233
CAN,48,234
CAN,48,235
CAN,48,236
CAN,48,237
GRL,48,253
GRL,48,254
GRL,48,255
GRL,48,256
GRL,48,257
GRL,48,258
GRL,48,259
GRL,48,260
GRL,48,261
GRL,48,262
GRL,48,263
GRL,48,264
GRL,48,265
GRL,48,266
GRL,48,267
GRL,48,268
GRL,48,269
GRL,48,270
GRL,48,271
GRL,48,272
GRL,48,273
GRL,48,274
GRL,48,275
GRL,48,276
GRL,48,277
GRL,48,278
GRL,48,279
GRL,48,280
GRL,48,281
GRL,48,282
GRL,48,283
GRL,48,284
GRL,48,285
GRL,48,286
GRL,48,287
GRL,48,288
GRL,48,289
GRL,48,290
GRL,48,291
ISL,48,313
ISL,48,314
ISL,48,315
ISL,48,316
ISL,48,317
ISL,48,318
ISL,48,320
ISL,48,321
ISL,48,322
ISL,48,323
ISL,48,324
ISL,48,325
ISL,48,326
ISL,48,327
ISL,48,328
ISL,48,329
ISL,48,330
ISL,48,331
NOR,48,385
NOR,48,386
NOR,48,387
NOR,48,388
NOR,48,389
NOR,48,390
NOR,48,391
SWE,48,392
SWE,48,393
SWE,48,394
SWE,48,395
SWE,48,396
SWE,48,397
SWE,48,398
SWE,48,399
SWE,48,400
SWE,48,401
SWE,48,402
SWE,48,403
SWE,48,404
SWE,48,405
SWE,48,406
SWE,48,407
SWE,48,408
FIN,48,409
FIN,48,410
FIN,48,411
FIN,48,412
FIN,48,413
FIN,48,414
FIN,48,415
FIN,48,416
FIN,48,417
FIN,48,418
FIN,48,419
FIN,48,420
RUS,48,421
RUS,48,422
RUS,48,423
RUS,48,424
RUS,48,425
RUS,48,426
RUS,48,427
RUS,48,428
RUS,48,429
RUS,48,430
RUS,48,431
RUS,48,432
RUS,48,433
RUS,48,434
RUS,48,435
RUS,48,436
RUS,48,437
RUS,48,438
RUS,48,439
RUS,48,440
RUS,48,441
RUS,48,442
RUS,48,443
RUS,48,444
RUS,48,445
RUS,48,446
RUS,48,447
RUS,48,448
RUS,48,449
RUS,48,450
RUS,48,451
RUS,48,452
RUS,48,453
RUS,48,454
RUS,48,455
RUS,48,456
RUS,48,457
RUS,48,458
RUS,48,459
RUS,48,460
RUS,48,461
RUS,48,462
RUS,48,463
RUS,48,464
RUS,48,465
RUS,48,466
RUS,48,467
RUS,48,468
RUS,48,469
RUS,48,470
RUS,48,471
RUS,48,472
RUS,48,473
RUS,48,474
RUS,48,475
RUS,48,476
RUS,48,477
RUS,48,478
RUS,48,479
RUS,48,480
RUS,48,481
RUS,48,482
RUS,48,483
RUS,48,484
RUS,48,485
RUS,48,486
RUS,48,487
RUS,48,488
RUS,48,489
RUS,48,490
RUS,48,491
RUS,48,492
RUS,48,493
RUS,48,494
RUS,48,495
RUS,48,496
RUS,48,497
RUS,48,498
RUS,48,499
RUS,48,500
RUS,48,501
RUS,48,502
RUS,48,503
RUS,48,504
RUS,48,505
RUS,48,506
RUS,48,507
RUS,48,508
RUS,48,509
RUS,48,510
RUS,48,511
RUS,48,512
RUS,48,513
RUS,48,514
RUS,48,515
RUS,48,516
RUS,48,517
RUS,48,518
RUS,48,519
RUS,48,520
RUS,48,521
RUS,48,522
RUS,48,523
RUS,48,524
RUS,48,525
RUS,48,526
RUS,48,527
RUS,48,528
RUS,48,529
RUS,48,530
RUS,48,531
RUS,48,532
RUS,48,533
RUS,48,534
RUS,48,535
RUS,48,536
RUS,48,537
RUS,48,538
RUS,48,539
RUS,48,540
RUS,48,541
RUS,48,542
RUS,48,543
RUS,48,544
RUS,48,545
RUS,48,546
RUS,48,547
RUS,48,548
RUS,48,549
RUS,48,550
RUS,48,551
RUS,48,552
RUS,48,553
RUS,48,554
RUS,48,555
RUS,48,556
RUS,48,557
RUS,48,558
RUS,48,559
RUS,48,560
RUS,48,561
RUS,48,562
RUS,48,563
RUS,48,564
RUS,48,565
RUS,48,566
RUS,48,567
RUS,48,568
RUS,48,569
RUS,48,570
RUS,48,571
RUS,48,572
RUS,48,573
RUS,48,574
RUS,48,575
RUS,48,576
RUS,48,577
RUS,48,578
RUS,48,579
RUS,48,580
RUS,48,581
RUS,48,582
RUS,48,583
RUS,48,584
RUS,48,585
RUS,48,586
RUS,48,587
RUS,48,588
RUS,48,589
RUS,48,590
RUS,48,591
RUS,48,592
RUS,48,593
RUS,48,594
RUS,48,595
RUS,48,596
RUS,48,597
RUS,48,598
RUS,48,599
RUS,48,600
RUS,48,601
RUS,48,602
RUS,48,603
RUS,48,604
RUS,48,605
RUS,48,606
RUS,48,607
RUS,48,608
RUS,48,609
RUS,48,610
RUS,48,611
RUS,48,612
RUS,48,613
RUS,48,614
RUS,48,615
RUS,48,616
RUS,48,617
RUS,48,618
RUS,48,619
RUS,48,620
RUS,48,621
RUS,48,622
RUS,48,623
RUS,48,624
RUS,48,625
RUS,48,626
RUS,48,627
RUS,48,628
RUS,48,629
RUS,48,630
RUS,48,631
RUS,48,632
RUS,48,633
RUS,48,634
RUS,48,635
RUS,48,636
RUS,48,637
RUS,48,638
RUS,48,639
RUS,48,640
RUS,48,641
RUS,48,642
RUS,48,643
RUS,48,644
RUS,48,645
RUS,48,646
RUS,48,647
RUS,48,648
RUS,48,649
RUS,48,650
RUS,48,651
RUS,48,652
RUS,48,653
RUS,48,654
RUS,48,655
RUS,48,656
RUS,48,657
RUS,48,658
RUS,48,659
RUS,48,660
RUS,48,661
RUS,48,662
RUS,48,663
RUS,48,664
RUS,48,665
RUS,48,666
RUS,48,667
RUS,48,668
RUS,48,669
RUS,48,670
RUS,48,671
RUS,48,672
RUS,48,673
RUS,48,674
RUS,48,675
RUS,48,676
RUS,48,677
RUS,48,678
RUS,48,679
RUS,48,680
RUS,48,681
RUS,48,682
RUS,48,683
RUS,48,684
RUS,48,685
RUS,48,686
RUS,48,687
RUS,48,688
RUS,48,689
RUS,48,690
RUS,48,691
RUS,48,692
RUS,48,693
RUS,48,694
RUS,48,695
RUS,48,696
RUS,48,697
RUS,48,698
RUS,48,699
RUS,48,700
RUS,48,701
RUS,48,702
RUS,48,703
RUS,48,704
RUS,48,705
RUS,48,706
RUS,48,707
RUS,48,708
RUS,48,709
RUS,48,710
RUS,48,711
RUS,48,712
RUS,48,713
RUS,48,714
RUS,48,715
RUS,48,716
RUS,48,717
RUS,48,718
RUS,48,719
RUS,48,720
RUS,49,1
RUS,49,2
RUS,49,3
RUS,49,4
RUS,49,5
RUS,49,6
RUS,49,7
RUS,49,8
RUS,49,9
RUS,49,10
RUS,49,11
RUS,49,12
RUS,49,13
RUS,49,14
RUS,49,15
RUS,49,16
RUS,49,17
RUS,49,18
RUS,49,19
RUS,49,20
RUS,49,22
USA,49,24
USA,49,25
USA,49,26
USA,49,27
USA,49,28
USA,49,29
USA,49,30
USA,49,31
USA,49,32
USA,49,33
USA,49,34
USA,49,35
USA,49,36
USA,49,37
USA,49,38
USA,49,39
USA,49,40
USA,49,41
USA,49,42
USA,49,43
USA,49,44
USA,49,45
USA,49,46
USA,49,47
USA,49,48
USA,49,49
USA,49,50
USA,49,51
USA,49,52
USA,49,53
USA,49,54
USA,49,55
USA,49,56
USA,49,57
USA,49,58
USA,49,59
USA,49,60
USA,49,61
USA,49,62
USA,49,63
USA,49,64
USA,49,65
USA,49,66
USA,49,67
USA,49,68
USA,49,69
USA,49,70
USA,49,71
USA,49,72
USA,49,73
USA,49,74
USA,49,75
USA,49,76
USA,49,77
USA,49,78
CAN,49,79
CAN,49,80
CAN,49,81
CAN,49,82
CAN,49,83
CAN,49,84
CAN,49,85
CAN,49,86
CAN,49,87
CAN,49,88
CAN,49,89
CAN,49,90
CAN,49,91
CAN,49,92
CAN,49,93
CAN,49,94
CAN,49,95
CAN,49,96
CAN,49,97
CAN,49,98
CAN,49,99
CAN,49,100
CAN,49,101
CAN,49,102
CAN,49,103
CAN,49,104
CAN,49,105
CAN,49,106
CAN,49,107
CAN,49,108
CAN,49,109
CAN,49,110
CAN,49,111
CAN,49,112
CAN,49,113
CAN,49,114
CAN,49,115
CAN,49,116
CAN,49,117
CAN,49,118
CAN,49,119
CAN,49,120
CAN,49,121
CAN,49,122
CAN,49,123
CAN,49,124
CAN,49,125
CAN,49,126
CAN,49,127
CAN,49,128
CAN,49,129
CAN,49,130
CAN,49,131
CAN,49,132
CAN,49,133
CAN,49,134
CAN,49,135
CAN,49,136
CAN,49,137
CAN,49,138
CAN,49,139
CAN,49,140
CAN,49,141
CAN,49,142
CAN,49,143
CAN,49,144
CAN,49,145
CAN,49,146
CAN,49,147
CAN,49,148
CAN,49,149
CAN,49,150
CAN,49,151
CAN,49,152
CAN,49,153
CAN,49,154
CAN,49,155
CAN,49,156
CAN,49,157
CAN,49,158
CAN,49,159
CAN,49,160
CAN,49,161
CAN,49,162
CAN,49,163
CAN,49,164
CAN,49,165
CAN,49,166
CAN,49,167
CAN,49,168
CAN,49,169
CAN,49,170
CAN,49,171
CAN,49,172
CAN,49,173
CAN,49,174
CAN,49,175
CAN,49,176
CAN,49,177
CAN,49,178
CAN,49,179
CAN,49,180
CAN,49,181
CAN,49,182
CAN,49,183
CAN,49,184
CAN,49,185
CAN,49,186
CAN,49,187
CAN,49,188
CAN,49,189
CAN,49,190
CAN,49,191
CAN,49,192
CAN,49,193
CAN,49,194
CAN,49,212
CAN,49,213
CAN,49,214
CAN,49,215
CAN,49,216
CAN,49,217
CAN,49,218
CAN,49,219
CAN,49,220
CAN,49,221
CAN,49,222
CAN,49,223
CAN,49,224
CAN,49,225
CAN,49,226
CAN,49,229
CAN,49,230
CAN,49,231
CAN,49,232
CAN,49,233
CAN,49,234
CAN,49,235
CAN,49,236
GRL,49,254
GRL,49,255
GRL,49,256
GRL,49,257
GRL,49,258
GRL,49,259
GRL,49,260
GRL,49,261
GRL,49,262
GRL,49,263
GRL,49,264
GRL,49,265
GRL,49,266
GRL,49,267
GRL,49,268
GRL,49,269
GRL,49,270
GRL,49,271
GRL,49,272
GRL,49,273
GRL,49,274
GRL,49,275
GRL,49,276
GRL,49,277
GRL,49,278
GRL,49,279
GRL,49,280
GRL,49,281
GRL,49,282
GRL,49,283
GRL,49,284
GRL,49,285
GRL,49,286
GRL,49,287
GRL,49,288
ISL,49,312
ISL,49,313
ISL,49,314
ISL,49,315
ISL,49,316
ISL,49,317
ISL,49,318
ISL,49,319
ISL,49,320
ISL,49,321
ISL,49,322
ISL,49,323
ISL,49,324
ISL,49,325
ISL,49,326
ISL,49,327
ISL,49,328
ISL,49,329
ISL,49,330
ISL,49,331
ISL,49,332
ISL,49,333
NOR,49,384
NOR,49,385
NOR,49,386
NOR,49,387
NOR,49,388
NOR,49,389
SWE,49,390
SWE,49,391
SWE,49,392
SWE,49,393
SWE,49,394
SWE,49,395
SWE,49,396
SWE,49,397
SWE,49,398
SWE,49,399
SWE,49,400
SWE,49,401
SWE,49,402
SWE,49,403
SWE,49,404
SWE,49,405
SWE,49,406
SWE,49,407
SWE,49,408
FIN,49,409
FIN,49,410
FIN,49,411
FIN,49,412
FIN,49,413
FIN,49,414
FIN,49,415
FIN,49,416
FIN,49,417
FIN,49,418
FIN,49,419
FIN,49,420
RUS,49,421
RUS,49,422
RUS,49,423
RUS,49,424
RUS,49,425
RUS,49,426
RUS,49,427
RUS,49,428
RUS,49,429
RUS,49,430
RUS,49,440
RUS,49,441
RUS,49,442
RUS,49,443
RUS,49,444
RUS,49,445
RUS,49,446
RUS,49,447
RUS,49,448
RUS,49,449
RUS,49,450
RUS,49,451
RUS,49,452
RUS,49,453
RUS,49,454
RUS,49,455
RUS,49,456
RUS,49,457
RUS,49,458
RUS,49,459
RUS,49,460
RUS,49,461
RUS,49,462
RUS,49,463
RUS,49,464
RUS,49,465
RUS,49,466
RUS,49,467
RUS,49,468
RUS,49,469
RUS,49,470
RUS,49,471
RUS,49,472
RUS,49,473
RUS,49,474
RUS,49,475
RUS,49,476
RUS,49,477
RUS,49,478
RUS,49,479
RUS,49,480
RUS,49,481
RUS,49,482
RUS,49,483
RUS,49,484
RUS,49,485
RUS,49,486
RUS,49,487
RUS,49,488
RUS,49,489
RUS,49,490
RUS,49,491
RUS,49,492
RUS,49,493
RUS,49,494
RUS,49,495
RUS,49,496
RUS,49,497
RUS,49,498
RUS,49,499
RUS,49,500
RUS,49,501
RUS,49,502
RUS,49,503
RUS,49,504
RUS,49,505
RUS,49,506
RUS,49,507
RUS,49,508
RUS,49,509
RUS,49,510
RUS,49,511
RUS,49,512
RUS,49,513
RUS,49,514
RUS,49,515
RUS,49,516
RUS,49,517
RUS,49,518
RUS,49,519
RUS,49,520
RUS,49,521
RUS,49,522
RUS,49,523
RUS,49,524
RUS,49,525
RUS,49,526
RUS,49,527
RUS,49,528
RUS,49,529
RUS,49,530
RUS,49,531
RUS,49,532
RUS,49,533
RUS,49,534
RUS,49,535
RUS,49,536
RUS,49,537
RUS,49,538
RUS,49,539
RUS,49,540
RUS,49,541
RUS,49,542
RUS,49,543
RUS,49,544
RUS,49,545
RUS,49,546
RUS,49,547
RUS,49,548
RUS,49,549
RUS,49,550
RUS,49,551
RUS,49,552
RUS,49,553
RUS,49,554
RUS,49,555
RUS,49,556
RUS,49,557
RUS,49,558
RUS,49,559
RUS,49,560
RUS,49,561
RUS,49,562
RUS,49,563
RUS,49,564
RUS,49,565
RUS,49,566
RUS,49,567
RUS,49,568
RUS,49,569
RUS,49,570
RUS,49,571
RUS,49,572
RUS,49,573
RUS,49,574
RUS,49,575
RUS,49,576
RUS,49,577
RUS,49,578
RUS,49,579
RUS,49,580
RUS,49,581
RUS,49,582
RUS,49,583
RUS,49,584
RUS,49,585
RUS,49,586
RUS,49,587
RUS,49,588
RUS,49,589
RUS,49,590
RUS,49,591
RUS,49,592
RUS,49,593
RUS,49,594
RUS,49,595
RUS,49,596
RUS,49,597
RUS,49,598
RUS,49,599
RUS,49,600
RUS,49,601
RUS,49,602
RUS,49,603
RUS,49,604
RUS,49,605
RUS,49,606
RUS,49,607
RUS,49,608
RUS,49,609
RUS,49,610
RUS,49,611
RUS,49,612
RUS,49,613
RUS,49,614
RUS,49,615
RUS,49,616
RUS,49,617
RUS,49,618
RUS,49,619
RUS,49,620
RUS,49,621
RUS,49,622
RUS,49,623
RUS,49,624
RUS,49,625
RUS,49,626
RUS,49,627
RUS,49,628
RUS,49,629
RUS,49,630
RUS,49,631
RUS,49,632
RUS,49,633
RUS,49,634
RUS,49,635
RUS,49,636
RUS,49,637
RUS,49,638
RUS,49,639
RUS,49,640
RUS,49,641
RUS,49,642
RUS,49,643
RUS,49,644
RUS,49,645
RUS,49,646
RUS,49,647
RUS,49,648
RUS,49,649
RUS,49,650
RUS,49,651
RUS,49,652
RUS,49,653
RUS,49,654
RUS,49,655
RUS,49,656
RUS,49,657
RUS,49,658
RUS,49,659
RUS,49,660
RUS,49,661
RUS,49,662
RUS,49,663
RUS,49,664
RUS,49,665
RUS,49,666
RUS,49,667
RUS,49,668
RUS,49,669
RUS,49,670
RUS,49,671
RUS,49,672
RUS,49,673
RUS,49,674
RUS,49,675
RUS,49,676
RUS,49,677
RUS,49,678
RUS,49,679
RUS,49,680
RUS,49,681
RUS,49,682
RUS,49,683
RUS,49,684
RUS,49,685
RUS,49,686
RUS,49,687
RUS,49,688
RUS,49,689
RUS,49,690
RUS,49,691
RUS,49,692
RUS,49,693
RUS,49,694
RUS,49,695
RUS,49,696
RUS,49,697
RUS,49,698
RUS,49,699
RUS,49,700
RUS,49,701
RUS,49,702
RUS,49,703
RUS,49,704
RUS,49,705
RUS,49,706
RUS,49,707
RUS,49,708
RUS,49,709
RUS,49,710
RUS,49,711
RUS,49,712
RUS,49,713
RUS,49,714
RUS,49,715
RUS,49,716
RUS,49,717
RUS,49,718
RUS,49,719
RUS,49,720
RUS,50,1
RUS,50,2
RUS,50,4
RUS,50,5
RUS,50,6
RUS,50,9
RUS,50,10
RUS,50,11
RUS,50,12
RUS,50,13
RUS,50,14
RUS,50,15
RUS,50,16
USA,50,25
USA,50,26
USA,50,27
USA,50,28
USA,50,29
USA,50,30
USA,50,31
USA,50,32
USA,50,33
USA,50,34
USA,50,35
USA,50,36
USA,50,37
USA,50,38
USA,50,39
USA,50,40
USA,50,41
USA,50,42
USA,50,43
USA,50,44
USA,50,45
USA,50,46
USA,50,47
USA,50,48
USA,50,49
USA,50,50
USA,50,51
USA,50,52
USA,50,53
USA,50,54
USA,50,55
USA,50,56
USA,50,57
USA,50,58
USA,50,59
USA,50,60
USA,50,61
USA,50,62
USA,50,63
USA,50,64
USA,50,65
USA,50,66
USA,50,67
USA,50,68
USA,50,69
USA,50,70
USA,50,71
USA,50,72
USA,50,73
USA,50,74
USA,50,75
USA,50,76
USA,50,77
USA,50,78
CAN,50,79
CAN,50,80
CAN,50,81
CAN,50,82
CAN,50,83
CAN,50,84
CAN,50,85
CAN,50,86
CAN,50,87
CAN,50,88
CAN,50,89
CAN,50,90
CAN,50,91
CAN,50,92
CAN,50,93
CAN,50,94
CAN,50,95
CAN,50,96
CAN,50,97
CAN,50,98
CAN,50,99
CAN,50,100
CAN,50,101
CAN,50,102
CAN,50,103
CAN,50,104
CAN,50,105
CAN,50,106
CAN,50,107
CAN,50,108
CAN,50,109
CAN,50,110
CAN,50,111
CAN,50,112
CAN,50,113
CAN,50,114
CAN,50,115
CAN,50,116
CAN,50,117
CAN,50,118
CAN,50,119
CAN,50,120
CAN,50,121
CAN,50,122
CAN,50,123
CAN,50,124
CAN,50,125
CAN,50,126
CAN,50,127
CAN,50,128
CAN,50,129
CAN,50,130
CAN,50,131
CAN,50,132
CAN,50,133
CAN,50,134
CAN,50,135
CAN,50,136
CAN,50,137
CAN,50,138
CAN,50,139
CAN,50,140
CAN,50,141
CAN,50,142
CAN,50,143
CAN,50,144
CAN,50,145
CAN,50,146
CAN,50,147
CAN,50,148
CAN,50,149
CAN,50,150
CAN,50,151
CAN,50,152
CAN,50,153
CAN,50,154
CAN,50,155
CAN,50,156
CAN,50,157
CAN,50,158
CAN,50,159
CAN,50,160
CAN,50,161
CAN,50,162
CAN,50,163
CAN,50,164
CAN,50,165
CAN,50,166
CAN,50,167
CAN,50,168
CAN,50,169
CAN,50,170
CAN,50,171
CAN,50,172
CAN,50,173
CAN,50,174
CAN,50,175
CAN,50,176
CAN,50,177
CAN,50,178
CAN,50,179
CAN,50,180
CAN,50,181
CAN,50,182
CAN,50,183
CAN,50,184
CAN,50,185
CAN,50,186
CAN,50,187
CAN,50,188
CAN,50,189
CAN,50,190
CAN,50,191
CAN,50,192
CAN,50,193
CAN,50,194
,50,204
CAN,50,205
CAN,50,206
CAN,50,207
CAN,50,208
CAN,50,209
CAN,50,210
CAN,50,211
CAN,50,212
CAN,50,213
CAN,50,214
CAN,50,215
CAN,50,216
CAN,50,217
CAN,50,218
CAN,50,219
CAN,50,220
CAN,50,221
CAN,50,222
CAN,50,223
CAN,50,224
CAN,50,225
CAN,50,226
CAN,50,227
CAN,50,230
CAN,50,231
CAN,50,232
CAN,50,233
CAN,50,234
GRL,50,256
GRL,50,257
GRL,50,258
GRL,50,259
GRL,50,260
GRL,50,261
GRL,50,262
GRL,50,263
GRL,50,264
GRL,50,265
GRL,50,266
GRL,50,267
GRL,50,268
GRL,50,269
GRL,50,270
GRL,50,271
GRL,50,272
GRL,50,273
GRL,50,274
GRL,50,275
GRL,50,276
GRL,50,277
GRL,50,278
GRL,50,279
GRL,50,280
GRL,50,281
ISL,50,313
ISL,50,314
ISL,50,315
ISL,50,316
ISL,50,317
ISL,50,318
ISL,50,319
ISL,50,320
ISL,50,321
ISL,50,322
ISL,50,323
ISL,50,324
ISL,50,325
ISL,50,326
ISL,50,327
ISL,50,328
ISL,50,329
ISL,50,330
ISL,50,331
ISL,50,332
ISL,50,333
NOR,50,384
NOR,50,385
NOR,50,386
NOR,50,387
NOR,50,388
NOR,50,389
SWE,50,390
SWE,50,391
SWE,50,392
SWE,50,393
SWE,50,394
SWE,50,395
SWE,50,396
SWE,50,397
SWE,50,398
SWE,50,399
SWE,50,400
SWE,50,401
SWE,50,402
SWE,50,403
SWE,50,404
SWE,50,405
FIN,50,410
FIN,50,411
FIN,50,412
FIN,50,413
FIN,50,414
FIN,50,415
FIN,50,416
FIN,50,417
FIN,50,418
FIN,50,419
RUS,50,420
RUS,50,421
RUS,50,422
RUS,50,423
RUS,50,424
RUS,50,425
RUS,50,426
RUS,50,427
RUS,50,428
RUS,50,429
RUS,50,430
RUS,50,432
RUS,50,433
RUS,50,434
RUS,50,435
RUS,50,436
RUS,50,440
RUS,50,441
RUS,50,442
RUS,50,443
RUS,50,444
RUS,50,445
RUS,50,446
RUS,50,447
RUS,50,448
RUS,50,449
RUS,50,450
RUS,50,451
RUS,50,452
RUS,50,453
RUS,50,454
RUS,50,455
RUS,50,456
RUS,50,457
RUS,50,458
RUS,50,459
RUS,50,460
RUS,50,461
RUS,50,462
RUS,50,463
RUS,50,464
RUS,50,465
RUS,50,466
RUS,50,467
RUS,50,468
RUS,50,469
RUS,50,470
RUS,50,471
RUS,50,472
RUS,50,473
RUS,50,474
RUS,50,475
RUS,50,476
RUS,50,477
RUS,50,478
RUS,50,479
RUS,50,480
RUS,50,481
RUS,50,482
RUS,50,483
RUS,50,484
RUS,50,485
RUS,50,486
RUS,50,487
RUS,50,488
RUS,50,489
RUS,50,490
RUS,50,491
RUS,50,492
RUS,50,493
RUS,50,494
RUS,50,495
RUS,50,496
RUS,50,497
RUS,50,498
RUS,50,499
RUS,50,500
RUS,50,501
RUS,50,502
RUS,50,503
RUS,50,504
RUS,50,505
RUS,50,506
RUS,50,507
RUS,50,508
RUS,50,509
RUS,50,510
RUS,50,511
RUS,50,512
RUS,50,513
RUS,50,514
RUS,50,515
RUS,50,516
RUS,50,517
RUS,50,518
RUS,50,519
RUS,50,520
RUS,50,521
RUS,50,522
RUS,50,523
RUS,50,524
RUS,50,525
RUS,50,526
RUS,50,527
RUS,50,528
RUS,50,529
RUS,50,530
RUS,50,531
RUS,50,532
RUS,50,533
RUS,50,534
RUS,50,535
RUS,50,536
RUS,50,537
RUS,50,538
RUS,50,539
RUS,50,540
RUS,50,541
RUS,50,542
RUS,50,543
RUS,50,544
RUS,50,545
RUS,50,546
RUS,50,547
RUS,50,548
RUS,50,549
RUS,50,550
RUS,50,551
RUS,50,552
RUS,50,553
RUS,50,554
RUS,50,555
RUS,50,556
RUS,50,557
RUS,50,558
RUS,50,559
RUS,50,560
RUS,50,561
RUS,50,562
RUS,50,563
RUS,50,564
RUS,50,565
RUS,50,566
RUS,50,567
RUS,50,568
RUS,50,569
RUS,50,570
RUS,50,571
RUS,50,572
RUS,50,573
RUS,50,574
RUS,50,575
RUS,50,576
RUS,50,577
RUS,50,578
RUS,50,579
RUS,50,580
RUS,50,581
RUS,50,582
RUS,50,583
RUS,50,584
RUS,50,585
RUS,50,586
RUS,50,587
RUS,50,588
RUS,50,589
RUS,50,590
RUS,50,591
RUS,50,592
RUS,50,593
RUS,50,594
RUS,50,595
RUS,50,596
RUS,50,597
RUS,50,598
RUS,50,599
RUS,50,600
RUS,50,601
RUS,50,602
RUS,50,603
RUS,50,604
RUS,50,605
RUS,50,606
RUS,50,607
RUS,50,608
RUS,50,609
RUS,50,610
RUS,50,611
RUS,50,612
RUS,50,613
RUS,50,614
RUS,50,615
RUS,50,616
RUS,50,617
RUS,50,618
RUS,50,619
RUS,50,620
RUS,50,621
RUS,50,622
RUS,50,623
RUS,50,624
RUS,50,625
RUS,50,626
RUS,50,627
RUS,50,628
RUS,50,629
RUS,50,630
RUS,50,631
RUS,50,632
RUS,50,633
RUS,50,634
RUS,50,635
RUS,50,636
RUS,50,637
RUS,50,638
RUS,50,639
RUS,50,640
RUS,50,641
RUS,50,642
RUS,50,643
RUS,50,644
RUS,50,645
RUS,50,646
RUS,50,647
RUS,50,648
RUS,50,649
RUS,50,650
RUS,50,651
RUS,50,652
RUS,50,653
RUS,50,654
RUS,50,655
RUS,50,656
RUS,50,657
RUS,50,658
RUS,50,659
RUS,50,660
RUS,50,661
RUS,50,662
RUS,50,663
RUS,50,664
RUS,50,665
RUS,50,666
RUS,50,667
RUS,50,668
RUS,50,669
RUS,50,670
RUS,50,671
RUS,50,672
RUS,50,673
RUS,50,674
RUS,50,675
RUS,50,676
RUS,50,677
RUS,50,678
RUS,50,679
RUS,50,680
RUS,50,681
RUS,50,682
RUS,50,683
RUS,50,684
RUS,50,685
RUS,50,686
RUS,50,687
RUS,50,688
RUS,50,689
RUS,50,690
RUS,50,691
RUS,50,692
RUS,50,693
RUS,50,694
RUS,50,695
RUS,50,696
RUS,50,697
RUS,50,698
RUS,50,699
RUS,50,700
RUS,50,701
RUS,50,702
RUS,50,703
RUS,50,704
RUS,50,705
RUS,50,706
RUS,50,707
RUS,50,708
RUS,50,709
RUS,50,710
RUS,50,711
RUS,50,712
RUS,50,713
RUS,50,714
RUS,50,715
RUS,50,716
RUS,50,717
RUS,50,718
RUS,50,719
RUS,50,720
RUS,51,9
RUS,51,10
RUS,51,11
RUS,51,12
RUS,51,13
RUS,51,14
RUS,51,15
RUS,51,16
USA,51,27
USA,51,28
USA,51,29
USA,51,30
USA,51,31
USA,51,32
USA,51,33
USA,51,34
USA,51,35
USA,51,36
USA,51,37
USA,51,38
USA,51,39
USA,51,40
USA,51,41
USA,51,42
USA,51,43
USA,51,44
USA,51,45
USA,51,46
USA,51,47
USA,51,48
USA,51,49
USA,51,50
USA,51,51
USA,51,52
USA,51,53
USA,51,54
USA,51,55
USA,51,56
USA,51,57
USA,51,58
USA,51,59
USA,51,60
USA,51,61
USA,51,62
USA,51,63
USA,51,64
USA,51,65
USA,51,66
USA,51,67
USA,51,68
USA,51,69
USA,51,70
USA,51,71
USA,51,72
USA,51,73
USA,51,74
USA,51,75
USA,51,76
USA,51,77
USA,51,78
CAN,51,79
CAN,51,80
CAN,51,81
CAN,51,82
CAN,51,83
CAN,51,84
CAN,51,85
CAN,51,86
CAN,51,87
CAN,51,88
CAN,51,89
CAN,51,90
CAN,51,91
CAN,51,92
CAN,51,93
CAN,51,94
CAN,51,95
CAN,51,96
CAN,51,97
CAN,51,98
CAN,51,99
CAN,51,100
CAN,51,101
CAN,51,102
CAN,51,103
CAN,51,104
CAN,51,105
CAN,51,106
CAN,51,107
CAN,51,108
CAN,51,109
CAN,51,110
CAN,51,111
CAN,51,112
CAN,51,113
CAN,51,114
CAN,51,115
CAN,51,116
CAN,51,117
CAN,51,118
CAN,51,119
CAN,51,120
CAN,51,121
CAN,51,122
CAN,51,123
CAN,51,124
CAN,51,125
CAN,51,126
CAN,51,127
CAN,51,128
CAN,51,129
CAN,51,130
CAN,51,131
CAN,51,132
CAN,51,133
CAN,51,134
CAN,51,135
CAN,51,136
CAN,51,137
CAN,51,138
CAN,51,139
CAN,51,140
CAN,51,141
CAN,51,142
CAN,51,143
CAN,51,144
CAN,51,145
CAN,51,146
CAN,51,147
CAN,51,148
CAN,51,149
CAN,51,150
CAN,51,151
CAN,51,152
CAN,51,153
CAN,51,154
CAN,51,155
CAN,51,156
CAN,51,157
CAN,51,158
CAN,51,159
CAN,51,160
CAN,51,161
CAN,51,162
CAN,51,163
CAN,51,164
CAN,51,165
CAN,51,166
CAN,51,167
CAN,51,168
CAN,51,169
CAN,51,170
CAN,51,171
CAN,51,172
CAN,51,173
CAN,51,174
CAN,51,175
CAN,51,176
CAN,51,177
CAN,51,178
CAN,51,179
CAN,51,180
CAN,51,181
CAN,51,182
CAN,51,183
CAN,51,184
CAN,51,185
CAN,51,186
CAN,51,188
CAN,51,189
CAN,51,190
CAN,51,191
CAN,51,192
CAN,51,193
CAN,51,194
CAN,51,195
CAN,51,196
CAN,51,197
CAN,51,204
CAN,51,205
CAN,51,206
CAN,51,207
CAN,51,208
CAN,51,209
CAN,51,210
CAN,51,211
CAN,51,212
CAN,51,213
CAN,51,214
CAN,51,215
CAN,51,216
CAN,51,217
CAN,51,218
CAN,51,219
CAN,51,220
CAN,51,221
CAN,51,222
CAN,51,223
CAN,51,224
CAN,51,225
CAN,51,226
CAN,51,227
CAN,51,228
CAN,51,229
CAN,51,230
CAN,51,233
GRL,51,256
GRL,51,257
GRL,51,258
GRL,51,259
GRL,51,260
GRL,51,261
GRL,51,262
GRL,51,263
GRL,51,264
GRL,51,265
GRL,51,266
GRL,51,267
GRL,51,268
GRL,51,269
GRL,51,270
GRL,51,271
GRL,51,272
GRL,51,273
GRL,51,274
GRL,51,275
GRL,51,276
GRL,51,277
GRL,51,278
GRL,51,279
GRL,51,280
ISL,51,313
ISL,51,314
ISL,51,315
ISL,51,316
ISL,51,317
ISL,51,318
ISL,51,319
ISL,51,320
ISL,51,321
ISL,51,322
ISL,51,323
ISL,51,324
ISL,51,325
ISL,51,326
ISL,51,327
ISL,51,328
ISL,51,329
ISL,51,330
ISL,51,331
ISL,51,332
ISL,51,333
NOR,51,382
NOR,51,383
NOR,51,384
NOR,51,385
NOR,51,386
NOR,51,387
NOR,51,388
SWE,51,389
SWE,51,390
SWE,51,391
SWE,51,392
SWE,51,393
SWE,51,394
SWE,51,395
SWE,51,396
SWE,51,397
SWE,51,398
SWE,51,399
SWE,51,400
SWE,51,401
SWE,51,402
SWE,51,403
FIN,51,409
FIN,51,410
FIN,51,411
FIN,51,412
FIN,51,413
FIN,51,414
FIN,51,415
FIN,51,416
FIN,51,417
FIN,51,418
FIN,51,419
FIN,51,420
RUS,51,421
RUS,51,422
RUS,51,423
RUS,51,424
RUS,51,425
RUS,51,426
RUS,51,427
RUS,51,428
RUS,51,429
RUS,51,430
RUS,51,431
RUS,51,434
RUS,51,435
RUS,51,436
RUS,51,437
RUS,51,438
RUS,51,439
RUS,51,440
RUS,51,441
RUS,51,442
RUS,51,443
RUS,51,444
RUS,51,445
RUS,51,446
RUS,51,447
RUS,51,448
RUS,51,449
RUS,51,450
RUS,51,451
RUS,51,452
RUS,51,453
RUS,51,454
RUS,51,455
RUS,51,456
RUS,51,457
RUS,51,458
RUS,51,459
RUS,51,460
RUS,51,461
RUS,51,462
RUS,51,463
RUS,51,464
RUS,51,465
RUS,51,466
RUS,51,467
RUS,51,468
RUS,51,469
RUS,51,470
RUS,51,471
RUS,51,472
RUS,51,473
RUS,51,474
RUS,51,475
RUS,51,476
RUS,51,477
RUS,51,478
RUS,51,479
RUS,51,480
RUS,51,481
RUS,51,482
RUS,51,483
RUS,51,484
RUS,51,485
RUS,51,486
RUS,51,487
RUS,51,488
RUS,51,489
RUS,51,490
RUS,51,491
RUS,51,492
RUS,51,493
RUS,51,494
RUS,51,495
RUS,51,496
RUS,51,497
RUS,51,498
RUS,51,499
RUS,51,500
RUS,51,501
RUS,51,502
RUS,51,503
RUS,51,504
RUS,51,505
RUS,51,506
RUS,51,507
RUS,51,508
RUS,51,509
RUS,51,510
RUS,51,511
RUS,51,512
RUS,51,513
RUS,51,514
RUS,51,515
RUS,51,516
RUS,51,517
RUS,51,518
RUS,51,519
RUS,51,520
RUS,51,521
RUS,51,522
RUS,51,523
RUS,51,524
RUS,51,525
RUS,51,526
RUS,51,527
RUS,51,528
RUS,51,529
RUS,51,530
RUS,51,531
RUS,51,532
RUS,51,533
RUS,51,534
RUS,51,535
RUS,51,536
RUS,51,537
RUS,51,538
RUS,51,539
RUS,51,540
RUS,51,541
RUS,51,542
RUS,51,543
RUS,51,544
RUS,51,545
RUS,51,546
RUS,51,547
RUS,51,548
RUS,51,549
RUS,51,550
RUS,51,551
RUS,51,552
RUS,51,553
RUS,51,554
RUS,51,555
RUS,51,556
RUS,51,557
RUS,51,558
RUS,51,559
RUS,51,560
RUS,51,561
RUS,51,562
RUS,51,563
RUS,51,564
RUS,51,565
RUS,51,566
RUS,51,567
RUS,51,568
RUS,51,569
RUS,51,570
RUS,51,571
RUS,51,572
RUS,51,573
RUS,51,574
RUS,51,575
RUS,51,576
RUS,51,577
RUS,51,578
RUS,51,579
RUS,51,580
RUS,51,581
RUS,51,582
RUS,51,583
RUS,51,584
RUS,51,585
RUS,51,586
RUS,51,587
RUS,51,588
RUS,51,589
RUS,51,590
RUS,51,591
RUS,51,592
RUS,51,593
RUS,51,594
RUS,51,595
RUS,51,596
RUS,51,597
RUS,51,598
RUS,51,599
RUS,51,600
RUS,51,601
RUS,51,602
RUS,51,603
RUS,51,604
RUS,51,605
RUS,51,606
RUS,51,607
RUS,51,608
RUS,51,609
RUS,51,610
RUS,51,611
RUS,51,612
RUS,51,613
RUS,51,614
RUS,51,615
RUS,51,616
RUS,51,617
RUS,51,618
RUS,51,619
RUS,51,620
RUS,51,621
RUS,51,622
RUS,51,623
RUS,51,624
RUS,51,625
RUS,51,626
RUS,51,627
RUS,51,628
RUS,51,629
RUS,51,630
RUS,51,631
RUS,51,632
RUS,51,633
RUS,51,634
RUS,51,635
RUS,51,636
RUS,51,637
RUS,51,638
RUS,51,639
RUS,51,640
RUS,51,641
RUS,51,642
RUS,51,643
RUS,51,644
RUS,51,645
RUS,51,646
RUS,51,647
RUS,51,648
RUS,51,649
RUS,51,650
RUS,51,651
RUS,51,652
RUS,51,653
RUS,51,654
RUS,51,655
RUS,51,656
RUS,51,657
RUS,51,658
RUS,51,659
RUS,51,660
RUS,51,661
RUS,51,662
RUS,51,663
RUS,51,664
RUS,51,665
RUS,51,666
RUS,51,667
RUS,51,668
RUS,51,669
RUS,51,670
RUS,51,671
RUS,51,672
RUS,51,673
RUS,51,674
RUS,51,675
RUS,51,676
RUS,51,677
RUS,51,678
RUS,51,679
RUS,51,680
RUS,51,681
RUS,51,682
RUS,51,683
RUS,51,684
RUS,51,685
RUS,51,686
RUS,51,687
RUS,51,688
RUS,51,689
RUS,51,690
RUS,51,691
RUS,51,692
RUS,51,693
RUS,51,694
RUS,51,695
RUS,51,696
RUS,51,697
RUS,51,698
RUS,51,699
RUS,51,700
RUS,51,701
RUS,51,702
RUS,51,703
RUS,51,704
RUS,51,705
RUS,51,706
RUS,51,707
RUS,51,708
RUS,51,709
RUS,51,710
RUS,51,711
RUS,51,712
RUS,51,713
RUS,51,714
RUS,51,715
RUS,51,716
RUS,51,717
RUS,51,718
RUS,51,719
RUS,51,720
RUS,52,13
RUS,52,14
RUS,52,15
RUS,52,16
,52,31
USA,52,34
USA,52,35
USA,52,38
USA,52,39
USA,52,40
USA,52,41
USA,52,42
USA,52,43
USA,52,44
USA,52,45
USA,52,46
USA,52,47
USA,52,48
USA,52,49
USA,52,50
USA,52,51
USA,52,52
USA,52,53
USA,52,54
USA,52,55
USA,52,56
USA,52,57
USA,52,58
USA,52,59
USA,52,60
USA,52,61
USA,52,62
USA,52,63
USA,52,64
USA,52,65
USA,52,66
USA,52,67
USA,52,68
USA,52,69
USA,52,70
USA,52,71
USA,52,72
USA,52,73
USA,52,74
USA,52,75
USA,52,76
USA,52,77
USA,52,78
CAN,52,79
CAN,52,80
CAN,52,81
CAN,52,82
CAN,52,83
CAN,52,84
CAN,52,85
CAN,52,86
CAN,52,87
CAN,52,88
CAN,52,89
CAN,52,90
CAN,52,91
CAN,52,92
CAN,52,93
CAN,52,94
CAN,52,95
CAN,52,96
CAN,52,97
CAN,52,98
CAN,52,99
CAN,52,100
CAN,52,101
CAN,52,102
CAN,52,103
CAN,52,104
CAN,52,105
CAN,52,106
CAN,52,107
CAN,52,108
CAN,52,109
CAN,52,110
CAN,52,111
CAN,52,112
CAN,52,113
CAN,52,114
CAN,52,115
CAN,52,116
CAN,52,117
CAN,52,118
CAN,52,119
CAN,52,120
CAN,52,121
CAN,52,122
CAN,52,123
CAN,52,124
CAN,52,125
CAN,52,126
CAN,52,127
CAN,52,128
CAN,52,129
CAN,52,130
CAN,52,131
CAN,52,132
CAN,52,133
CAN,52,134
CAN,52,135
CAN,52,136
CAN,52,137
CAN,52,138
CAN,52,139
CAN,52,140
CAN,52,141
CAN,52,142
CAN,52,143
CAN,52,144
CAN,52,145
CAN,52,146
CAN,52,147
CAN,52,148
CAN,52,149
CAN,52,150
CAN,52,151
CAN,52,152
CAN,52,153
CAN,52,154
CAN,52,155
CAN,52,156
CAN,52,157
CAN,52,158
CAN,52,159
CAN,52,160
CAN,52,161
CAN,52,162
CAN,52,163
CAN,52,164
CAN,52,165
CAN,52,166
CAN,52,167
CAN,52,168
CAN,52,169
CAN,52,170
CAN,52,171
CAN,52,172
CAN,52,173
CAN,52,174
CAN,52,175
CAN,52,176
CAN,52,177
CAN,52,178
CAN,52,179
CAN,52,180
CAN,52,181
CAN,52,182
CAN,52,183
CAN,52,184
CAN,52,185
,52,187
CAN,52,188
CAN,52,189
CAN,52,190
CAN,52,191
CAN,52,192
CAN,52,193
CAN,52,194
CAN,52,195
CAN,52,196
CAN,52,197
CAN,52,198
CAN,52,199
CAN,52,205
CAN,52,206
CAN,52,207
CAN,52,208
CAN,52,209
,52,210
CAN,52,211
CAN,52,212
CAN,52,213
CAN,52,214
CAN,52,215
CAN,52,216
CAN,52,217
CAN,52,218
CAN,52,219
CAN,52,220
CAN,52,221
CAN,52,222
CAN,52,223
CAN,52,224
CAN,52,225
CAN,52,226
CAN,52,227
CAN,52,228
CAN,52,229
CAN,52,230
CAN,52,231
GRL,52,256
GRL,52,257
GRL,52,258
GRL,52,259
GRL,52,260
GRL,52,261
GRL,52,262
GRL,52,263
GRL,52,264
GRL,52,265
GRL,52,266
GRL,52,267
GRL,52,268
GRL,52,269
GRL,52,270
GRL,52,271
GRL,52,272
GRL,52,273
GRL,52,274
GRL,52,275
GRL,52,276
GRL,52,277
GRL,52,278
GRL,52,279
GRL,52,280
ISL,52,315
ISL,52,316
ISL,52,317
ISL,52,318
ISL,52,319
ISL,52,320
ISL,52,321
ISL,52,322
ISL,52,323
ISL,52,324
ISL,52,325
ISL,52,326
ISL,52,327
ISL,52,328
ISL,52,329
ISL,52,330
ISL,52,331
NOR,52,380
NOR,52,381
NOR,52,382
NOR,52,383
NOR,52,384
NOR,52,385
NOR,52,386
NOR,52,387
NOR,52,388
SWE,52,389
SWE,52,390
SWE,52,391
SWE,52,392
SWE,52,393
SWE,52,394
SWE,52,395
SWE,52,396
SWE,52,397
SWE,52,398
SWE,52,399
SWE,52,400
SWE,52,401
SWE,52,402
SWE,52,403
SWE,52,404
FIN,52,407
FIN,52,408
FIN,52,409
FIN,52,410
FIN,52,411
FIN,52,412
FIN,52,413
FIN,52,414
FIN,52,415
FIN,52,416
FIN,52,417
FIN,52,418
FIN,52,419
FIN,52,420
FIN,52,421
RUS,52,422
RUS,52,423
RUS,52,424
RUS,52,425
RUS,52,426
RUS,52,427
RUS,52,428
RUS,52,429
RUS,52,430
RUS,52,431
RUS,52,432
RUS,52,433
RUS,52,435
RUS,52,436
RUS,52,437
RUS,52,438
RUS,52,439
RUS,52,440
RUS,52,441
RUS,52,442
RUS,52,443
RUS,52,444
RUS,52,445
RUS,52,446
RUS,52,447
RUS,52,448
RUS,52,449
RUS,52,450
RUS,52,451
RUS,52,452
RUS,52,453
RUS,52,454
RUS,52,455
RUS,52,456
RUS,52,457
RUS,52,458
RUS,52,459
RUS,52,460
RUS,52,461
RUS,52,462
RUS,52,463
RUS,52,464
RUS,52,465
RUS,52,466
RUS,52,467
RUS,52,468
RUS,52,469
RUS,52,470
RUS,52,471
RUS,52,472
RUS,52,473
RUS,52,474
RUS,52,475
RUS,52,476
RUS,52,477
RUS,52,478
RUS,52,479
RUS,52,480
RUS,52,481
RUS,52,482
RUS,52,483
RUS,52,484
RUS,52,485
RUS,52,486
RUS,52,487
RUS,52,488
RUS,52,489
RUS,52,490
RUS,52,491
RUS,52,492
RUS,52,493
RUS,52,494
RUS,52,495
RUS,52,496
RUS,52,497
RUS,52,498
RUS,52,499
RUS,52,500
RUS,52,501
RUS,52,502
RUS,52,503
RUS,52,504
RUS,52,505
RUS,52,506
RUS,52,507
RUS,52,508
RUS,52,509
RUS,52,510
RUS,52,511
RUS,52,512
RUS,52,513
RUS,52,514
RUS,52,515
RUS,52,516
RUS,52,517
RUS,52,518
RUS,52,519
RUS,52,520
RUS,52,521
RUS,52,522
RUS,52,523
RUS,52,524
RUS,52,525
RUS,52,526
RUS,52,527
RUS,52,528
RUS,52,529
RUS,52,530
RUS,52,531
RUS,52,532
RUS,52,533
RUS,52,534
RUS,52,535
RUS,52,536
RUS,52,537
RUS,52,538
RUS,52,539
RUS,52,540
RUS,52,541
RUS,52,542
RUS,52,543
RUS,52,544
RUS,52,545
RUS,52,546
RUS,52,547
RUS,52,548
RUS,52,549
RUS,52,550
RUS,52,551
RUS,52,552
RUS,52,553
RUS,52,554
RUS,52,555
RUS,52,556
RUS,52,557
RUS,52,558
RUS,52,559
RUS,52,560
RUS,52,561
RUS,52,562
RUS,52,563
RUS,52,564
RUS,52,565
RUS,52,566
RUS,52,567
RUS,52,568
RUS,52,569
RUS,52,570
RUS,52,571
RUS,52,572
RUS,52,573
RUS,52,574
RUS,52,575
RUS,52,576
RUS,52,577
RUS,52,578
RUS,52,579
RUS,52,580
RUS,52,581
RUS,52,582
RUS,52,583
RUS,52,584
RUS,52,585
RUS,52,586
RUS,52,587
RUS,52,588
RUS,52,589
RUS,52,590
RUS,52,591
RUS,52,592
RUS,52,593
RUS,52,594
RUS,52,595
RUS,52,596
RUS,52,597
RUS,52,598
RUS,52,599
RUS,52,600
RUS,52,601
RUS,52,602
RUS,52,603
RUS,52,604
RUS,52,605
RUS,52,606
RUS,52,607
RUS,52,608
RUS,52,609
RUS,52,610
RUS,52,611
RUS,52,612
RUS,52,613
RUS,52,614
RUS,52,615
RUS,52,616
RUS,52,617
RUS,52,618
RUS,52,619
RUS,52,620
RUS,52,621
RUS,52,622
RUS,52,623
RUS,52,624
RUS,52,625
RUS,52,626
RUS,52,627
RUS,52,628
RUS,52,629
RUS,52,630
RUS,52,631
RUS,52,632
RUS,52,633
RUS,52,634
RUS,52,635
RUS,52,636
RUS,52,637
RUS,52,638
RUS,52,639
RUS,52,640
RUS,52,641
RUS,52,642
RUS,52,643
RUS,52,644
RUS,52,645
RUS,52,646
RUS,52,647
RUS,52,648
RUS,52,649
RUS,52,650
RUS,52,651
RUS,52,652
RUS,52,653
RUS,52,654
RUS,52,655
RUS,52,656
RUS,52,657
RUS,52,658
RUS,52,659
RUS,52,660
RUS,52,661
RUS,52,662
RUS,52,663
RUS,52,664
RUS,52,665
RUS,52,666
RUS,52,667
RUS,52,668
RUS,52,669
RUS,52,670
RUS,52,671
RUS,52,672
RUS,52,673
RUS,52,674
RUS,52,675
RUS,52,676
RUS,52,677
RUS,52,678
RUS,52,679
RUS,52,680
RUS,52,681
RUS,52,682
RUS,52,683
RUS,52,684
RUS,52,685
RUS,52,686
RUS,52,687
RUS,52,688
RUS,52,689
RUS,52,690
RUS,52,691
RUS,52,692
RUS,52,693
RUS,52,694
RUS,52,695
RUS,52,696
RUS,52,697
RUS,52,698
RUS,52,699
RUS,52,700
RUS,52,701
RUS,52,702
RUS,52,703
RUS,52,704
RUS,52,705
RUS,52,706
RUS,52,707
RUS,52,708
RUS,52,709
RUS,52,710
RUS,52,711
RUS,52,712
RUS,52,713
RUS,52,714
RUS,52,715
RUS,52,716
RUS,52,717
RUS,52,718
USA,53,17
USA,53,18
USA,53,19
USA,53,20
USA,53,35
USA,53,36
USA,53,38
USA,53,39
USA,53,40
USA,53,41
USA,53,42
USA,53,43
USA,53,44
USA,53,45
USA,53,46
USA,53,47
USA,53,48
USA,53,49
USA,53,50
USA,53,51
USA,53,52
USA,53,53
USA,53,54
USA,53,55
USA,53,56
USA,53,57
USA,53,58
USA,53,59
USA,53,60
USA,53,61
USA,53,62
USA,53,63
USA,53,64
USA,53,65
USA,53,66
USA,53,67
USA,53,68
USA,53,69
USA,53,70
USA,53,71
USA,53,72
USA,53,73
USA,53,74
USA,53,75
USA,53,76
USA,53,77
USA,53,78
CAN,53,79
CAN,53,80
CAN,53,81
CAN,53,82
CAN,53,83
CAN,53,84
CAN,53,85
CAN,53,86
CAN,53,87
CAN,53,88
CAN,53,89
CAN,53,90
CAN,53,91
CAN,53,92
CAN,53,93
CAN,53,94
CAN,53,95
CAN,53,96
CAN,53,97
CAN,53,98
CAN,53,99
CAN,53,100
CAN,53,101
CAN,53,102
CAN,53,103
CAN,53,104
CAN,53,105
CAN,53,106
CAN,53,107
CAN,53,108
CAN,53,109
CAN,53,110
CAN,53,111
CAN,53,112
CAN,53,113
CAN,53,114
CAN,53,115
CAN,53,116
CAN,53,117
CAN,53,118
CAN,53,119
CAN,53,120
CAN,53,121
CAN,53,122
CAN,53,123
CAN,53,124
CAN,53,125
CAN,53,126
CAN,53,127
CAN,53,128
CAN,53,129
CAN,53,130
CAN,53,131
CAN,53,132
CAN,53,133
CAN,53,134
CAN,53,135
CAN,53,136
CAN,53,137
CAN,53,138
CAN,53,139
CAN,53,140
CAN,53,141
CAN,53,142
CAN,53,143
CAN,53,144
CAN,53,145
CAN,53,146
CAN,53,147
CAN,53,148
CAN,53,149
CAN,53,150
CAN,53,151
CAN,53,152
CAN,53,153
CAN,53,154
CAN,53,155
CAN,53,156
CAN,53,157
CAN,53,158
CAN,53,159
CAN,53,160
CAN,53,161
CAN,53,162
CAN,53,163
CAN,53,164
CAN,53,165
CAN,53,166
CAN,53,167
CAN,53,168
CAN,53,169
CAN,53,170
CAN,53,171
CAN,53,172
CAN,53,173
CAN,53,174
CAN,53,175
CAN,53,176
CAN,53,177
CAN,53,178
CAN,53,179
CAN,53,180
CAN,53,181
,53,182
CAN,53,186
CAN,53,187
CAN,53,188
CAN,53,189
CAN,53,190
CAN,53,191
CAN,53,192
CAN,53,193
,53,195
CAN,53,196
CAN,53,197
CAN,53,198
CAN,53,199
CAN,53,200
CAN,53,204
CAN,53,205
CAN,53,206
CAN,53,207
CAN,53,215
CAN,53,216
CAN,53,217
CAN,53,218
CAN,53,219
CAN,53,220
CAN,53,221
CAN,53,222
CAN,53,223
CAN,53,224
CAN,53,225
CAN,53,226
CAN,53,227
CAN,53,228
CAN,53,229
CAN,53,230
CAN,53,231
CAN,53,232
GRL,53,258
GRL,53,259
GRL,53,260
GRL,53,261
GRL,53,262
GRL,53,263
GRL,53,264
GRL,53,265
GRL,53,266
GRL,53,267
GRL,53,268
GRL,53,269
GRL,53,270
GRL,53,271
GRL,53,272
GRL,53,273
GRL,53,274
GRL,53,275
GRL,53,276
GRL,53,277
GRL,53,278
GRL,53,279
ISL,53,315
ISL,53,316
ISL,53,317
ISL,53,318
ISL,53,319
ISL,53,320
ISL,53,321
ISL,53,322
ISL,53,323
ISL,53,324
ISL,53,325
ISL,53,326
ISL,53,327
ISL,53,328
NOR,53,377
NOR,53,378
NOR,53,379
NOR,53,380
NOR,53,381
NOR,53,382
NOR,53,383
NOR,53,384
NOR,53,385
SWE,53,386
SWE,53,387
SWE,53,388
SWE,53,389
SWE,53,390
SWE,53,391
SWE,53,392
SWE,53,393
SWE,53,394
SWE,53,395
SWE,53,396
SWE,53,397
SWE,53,398
SWE,53,399
SWE,53,400
SWE,53,401
SWE,53,402
FIN,53,405
FIN,53,406
FIN,53,407
FIN,53,408
FIN,53,409
FIN,53,410
FIN,53,411
FIN,53,412
FIN,53,413
FIN,53,414
FIN,53,415
FIN,53,416
FIN,53,417
FIN,53,418
FIN,53,419
FIN,53,420
FIN,53,421
RUS,53,422
RUS,53,423
RUS,53,424
RUS,53,425
RUS,53,426
RUS,53,427
RUS,53,428
RUS,53,429
RUS,53,430
RUS,53,431
RUS,53,432
RUS,53,433
RUS,53,434
RUS,53,435
RUS,53,436
RUS,53,437
RUS,53,438
RUS,53,439
RUS,53,440
RUS,53,441
RUS,53,442
RUS,53,443
RUS,53,444
RUS,53,445
RUS,53,446
RUS,53,447
RUS,53,448
RUS,53,449
RUS,53,450
RUS,53,451
RUS,53,452
RUS,53,453
RUS,53,454
RUS,53,455
RUS,53,456
RUS,53,457
RUS,53,458
RUS,53,459
RUS,53,460
RUS,53,461
RUS,53,462
RUS,53,463
RUS,53,464
RUS,53,465
RUS,53,466
RUS,53,467
RUS,53,468
RUS,53,469
RUS,53,470
RUS,53,471
RUS,53,472
RUS,53,473
RUS,53,474
RUS,53,475
RUS,53,476
RUS,53,477
RUS,53,478
RUS,53,479
RUS,53,480
RUS,53,481
RUS,53,482
RUS,53,483
RUS,53,484
RUS,53,485
RUS,53,486
RUS,53,487
RUS,53,488
RUS,53,489
RUS,53,490
RUS,53,491
RUS,53,492
RUS,53,493
RUS,53,494
RUS,53,495
RUS,53,496
RUS,53,497
RUS,53,498
RUS,53,499
RUS,53,500
RUS,53,501
RUS,53,502
RUS,53,503
RUS,53,504
RUS,53,505
RUS,53,506
RUS,53,507
RUS,53,508
RUS,53,509
RUS,53,510
RUS,53,511
RUS,53,512
RUS,53,513
RUS,53,514
RUS,53,515
RUS,53,516
RUS,53,517
RUS,53,518
RUS,53,519
RUS,53,520
RUS,53,521
RUS,53,522
RUS,53,523
RUS,53,524
RUS,53,525
RUS,53,526
RUS,53,527
RUS,53,528
RUS,53,529
RUS,53,530
RUS,53,531
RUS,53,532
RUS,53,533
RUS,53,534
RUS,53,535
RUS,53,536
RUS,53,537
RUS,53,538
RUS,53,539
RUS,53,540
RUS,53,541
RUS,53,542
RUS,53,543
RUS,53,544
RUS,53,545
RUS,53,546
RUS,53,547
RUS,53,548
RUS,53,549
RUS,53,550
RUS,53,551
RUS,53,552
RUS,53,553
RUS,53,554
RUS,53,555
RUS,53,556
RUS,53,557
RUS,53,558
RUS,53,559
RUS,53,560
RUS,53,561
RUS,53,562
RUS,53,563
RUS,53,564
RUS,53,565
RUS,53,566
RUS,53,567
RUS,53,568
RUS,53,569
RUS,53,570
RUS,53,571
RUS,53,572
RUS,53,573
RUS,53,574
RUS,53,575
RUS,53,576
RUS,53,577
RUS,53,578
RUS,53,579
RUS,53,580
RUS,53,581
RUS,53,582
RUS,53,583
RUS,53,584
RUS,53,585
RUS,53,586
RUS,53,587
RUS,53,588
RUS,53,589
RUS,53,590
RUS,53,591
RUS,53,592
RUS,53,593
RUS,53,594
RUS,53,595
RUS,53,596
RUS,53,597
RUS,53,598
RUS,53,599
RUS,53,600
RUS,53,601
RUS,53,602
RUS,53,603
RUS,53,604
RUS,53,605
RUS,53,606
RUS,53,607
RUS,53,608
RUS,53,609
RUS,53,610
RUS,53,611
RUS,53,612
RUS,53,613
RUS,53,614
RUS,53,615
RUS,53,616
RUS,53,617
RUS,53,618
RUS,53,619
RUS,53,620
RUS,53,621
RUS,53,622
RUS,53,623
RUS,53,624
RUS,53,625
RUS,53,626
RUS,53,627
RUS,53,628
RUS,53,629
RUS,53,630
RUS,53,631
RUS,53,632
RUS,53,633
RUS,53,634
RUS,53,635
RUS,53,636
RUS,53,637
RUS,53,638
RUS,53,639
RUS,53,640
RUS,53,641
RUS,53,642
RUS,53,643
RUS,53,644
RUS,53,645
RUS,53,646
RUS,53,647
RUS,53,648
RUS,53,649
RUS,53,650
RUS,53,651
RUS,53,652
RUS,53,653
RUS,53,654
RUS,53,655
RUS,53,656
RUS,53,657
RUS,53,658
RUS,53,659
RUS,53,660
RUS,53,661
RUS,53,662
RUS,53,663
RUS,53,664
RUS,53,665
RUS,53,666
RUS,53,667
RUS,53,668
RUS,53,669
RUS,53,670
RUS,53,671
RUS,53,672
RUS,53,673
RUS,53,674
RUS,53,675
RUS,53,676
RUS,53,677
RUS,53,678
RUS,53,679
RUS,53,680
RUS,53,681
RUS,53,682
RUS,53,683
RUS,53,684
RUS,53,685
RUS,53,686
RUS,53,687
RUS,53,688
RUS,53,689
RUS,53,690
RUS,53,691
RUS,53,692
RUS,53,693
RUS,53,694
RUS,53,695
RUS,53,696
RUS,53,697
RUS,53,698
RUS,53,699
RUS,53,700
RUS,53,701
RUS,53,702
RUS,53,703
RUS,53,704
RUS,53,705
RUS,53,706
RUS,53,707
RUS,53,708
RUS,53,709
RUS,53,710
RUS,53,711
RUS,53,712
RUS,53,713
RUS,53,714
RUS,53,715
RUS,53,716
RUS,53,717
RUS,53,718
USA,54,17
USA,54,18
USA,54,19
USA,54,20
USA,54,21
USA,54,22
USA,54,23
USA,54,31
USA,54,32
USA,54,33
USA,54,34
USA,54,35
USA,54,36
USA,54,37
USA,54,38
USA,54,39
USA,54,40
USA,54,41
USA,54,42
USA,54,43
USA,54,44
USA,54,45
USA,54,46
USA,54,47
USA,54,48
USA,54,49
USA,54,50
USA,54,51
USA,54,52
USA,54,53
USA,54,54
USA,54,55
USA,54,56
USA,54,57
USA,54,58
USA,54,59
USA,54,60
USA,54,61
USA,54,62
USA,54,63
USA,54,64
USA,54,65
USA,54,66
USA,54,67
USA,54,68
USA,54,69
USA,54,70
USA,54,71
USA,54,72
USA,54,73
USA,54,74
USA,54,75
USA,54,76
USA,54,77
USA,54,78
CAN,54,79
CAN,54,80
CAN,54,81
CAN,54,82
CAN,54,83
CAN,54,84
CAN,54,85
CAN,54,86
CAN,54,87
CAN,54,88
CAN,54,89
CAN,54,90
CAN,54,91
CAN,54,92
CAN,54,93
CAN,54,94
CAN,54,95
CAN,54,96
CAN,54,97
CAN,54,98
CAN,54,99
CAN,54,100
CAN,54,101
CAN,54,102
CAN,54,103
CAN,54,104
CAN,54,105
CAN,54,106
CAN,54,107
CAN,54,108
CAN,54,109
CAN,54,110
CAN,54,111
CAN,54,112
CAN,54,113
CAN,54,114
CAN,54,115
CAN,54,116
CAN,54,117
CAN,54,118
CAN,54,119
CAN,54,120
CAN,54,121
CAN,54,122
CAN,54,123
CAN,54,124
CAN,54,125
CAN,54,126
CAN,54,127
CAN,54,128
CAN,54,129
CAN,54,130
CAN,54,131
CAN,54,132
CAN,54,133
CAN,54,134
CAN,54,135
CAN,54,136
CAN,54,137
CAN,54,138
CAN,54,139
CAN,54,140
CAN,54,141
CAN,54,142
CAN,54,143
CAN,54,144
CAN,54,145
CAN,54,146
CAN,54,147
CAN,54,148
CAN,54,149
CAN,54,150
CAN,54,151
CAN,54,152
CAN,54,153
CAN,54,154
CAN,54,155
CAN,54,156
CAN,54,157
CAN,54,158
CAN,54,159
CAN,54,160
CAN,54,161
CAN,54,162
CAN,54,163
CAN,54,164
CAN,54,165
CAN,54,166
CAN,54,167
CAN,54,168
CAN,54,169
CAN,54,170
CAN,54,171
CAN,54,172
CAN,54,173
CAN,54,174
CAN,54,175
CAN,54,176
CAN,54,177
CAN,54,178
CAN,54,179
CAN,54,189
CAN,54,190
CAN,54,191
CAN,54,192
CAN,54,204
CAN,54,205
CAN,54,206
CAN,54,207
,54,216
CAN,54,217
CAN,54,218
CAN,54,219
CAN,54,220
CAN,54,221
CAN,54,222
CAN,54,223
CAN,54,224
CAN,54,225
CAN,54,226
CAN,54,227
CAN,54,228
CAN,54,229
CAN,54,230
CAN,54,231
CAN,54,232
GRL,54,258
GRL,54,259
GRL,54,260
GRL,54,261
GRL,54,262
GRL,54,263
GRL,54,264
GRL,54,265
GRL,54,266
GRL,54,267
GRL,54,268
GRL,54,269
GRL,54,270
GRL,54,271
GRL,54,272
GRL,54,273
GRL,54,274
GRL,54,275
GRL,54,276
GRL,54,277
GRL,54,278
ISL,54,322
ISL,54,323
ISL,54,324
NOR,54,375
NOR,54,376
NOR,54,377
NOR,54,378
NOR,54,379
NOR,54,380
NOR,54,381
NOR,54,382
NOR,54,383
NOR,54,384
SWE,54,385
SWE,54,386
SWE,54,387
SWE,54,388
SWE,54,389
SWE,54,390
SWE,54,391
SWE,54,392
SWE,54,393
SWE,54,394
SWE,54,395
SWE,54,396
SWE,54,397
SWE,54,398
SWE,54,399
SWE,54,400
FIN,54,403
FIN,54,404
FIN,54,405
FIN,54,406
FIN,54,407
FIN,54,408
FIN,54,409
FIN,54,410
FIN,54,411
FIN,54,412
FIN,54,413
FIN,54,414
FIN,54,415
FIN,54,416
FIN,54,417
FIN,54,418
FIN,54,419
FIN,54,420
FIN,54,421
FIN,54,422
RUS,54,423
RUS,54,424
RUS,54,425
RUS,54,426
RUS,54,427
RUS,54,428
RUS,54,429
RUS,54,430
RUS,54,431
RUS,54,432
RUS,54,433
RUS,54,434
RUS,54,435
RUS,54,436
RUS,54,437
RUS,54,438
RUS,54,439
RUS,54,440
RUS,54,441
RUS,54,442
RUS,54,443
RUS,54,444
RUS,54,445
RUS,54,446
RUS,54,447
RUS,54,448
RUS,54,449
RUS,54,450
RUS,54,451
RUS,54,452
RUS,54,453
RUS,54,454
RUS,54,455
RUS,54,456
RUS,54,457
RUS,54,458
RUS,54,459
RUS,54,460
RUS,54,461
RUS,54,462
RUS,54,463
RUS,54,464
RUS,54,465
RUS,54,466
RUS,54,467
RUS,54,468
RUS,54,469
RUS,54,470
RUS,54,471
RUS,54,472
RUS,54,473
RUS,54,474
RUS,54,475
RUS,54,476
RUS,54,477
RUS,54,478
RUS,54,479
RUS,54,480
RUS,54,481
RUS,54,482
RUS,54,483
RUS,54,484
RUS,54,485
RUS,54,486
RUS,54,487
RUS,54,488
RUS,54,489
RUS,54,490
RUS,54,491
RUS,54,492
RUS,54,493
RUS,54,494
RUS,54,495
RUS,54,496
RUS,54,497
RUS,54,498
RUS,54,499
RUS,54,500
RUS,54,501
RUS,54,502
RUS,54,503
RUS,54,504
RUS,54,505
RUS,54,506
RUS,54,507
RUS,54,508
RUS,54,509
RUS,54,510
RUS,54,511
RUS,54,512
RUS,54,513
RUS,54,514
RUS,54,515
RUS,54,516
RUS,54,517
RUS,54,518
RUS,54,519
RUS,54,520
RUS,54,521
RUS,54,522
RUS,54,523
RUS,54,524
RUS,54,525
RUS,54,526
RUS,54,527
RUS,54,528
RUS,54,529
RUS,54,530
RUS,54,531
RUS,54,532
RUS,54,533
RUS,54,534
RUS,54,535
RUS,54,536
RUS,54,537
RUS,54,538
RUS,54,539
RUS,54,540
RUS,54,541
RUS,54,542
RUS,54,543
RUS,54,544
RUS,54,545
RUS,54,546
RUS,54,547
RUS,54,548
RUS,54,549
RUS,54,550
RUS,54,551
RUS,54,552
RUS,54,553
RUS,54,554
RUS,54,555
RUS,54,556
RUS,54,557
RUS,54,558
RUS,54,559
RUS,54,560
RUS,54,561
RUS,54,562
RUS,54,563
RUS,54,564
RUS,54,565
RUS,54,566
RUS,54,567
RUS,54,568
RUS,54,569
RUS,54,570
RUS,54,571
RUS,54,572
RUS,54,573
RUS,54,574
RUS,54,575
RUS,54,576
RUS,54,577
RUS,54,578
RUS,54,579
RUS,54,580
RUS,54,581
RUS,54,582
RUS,54,583
RUS,54,584
RUS,54,585
RUS,54,586
RUS,54,587
RUS,54,588
RUS,54,589
RUS,54,590
RUS,54,591
RUS,54,592
RUS,54,593
RUS,54,594
RUS,54,595
RUS,54,596
RUS,54,597
RUS,54,598
RUS,54,599
RUS,54,600
RUS,54,601
RUS,54,602
RUS,54,603
RUS,54,604
RUS,54,605
RUS,54,606
RUS,54,607
RUS,54,608
RUS,54,609
RUS,54,610
RUS,54,611
RUS,54,612
RUS,54,613
RUS,54,614
RUS,54,615
RUS,54,616
RUS,54,617
RUS,54,618
RUS,54,619
RUS,54,620
RUS,54,621
RUS,54,622
RUS,54,623
RUS,54,624
RUS,54,625
RUS,54,626
RUS,54,627
RUS,54,628
RUS,54,629
RUS,54,630
RUS,54,631
RUS,54,632
RUS,54,633
RUS,54,634
RUS,54,635
RUS,54,636
RUS,54,637
RUS,54,638
RUS,54,639
RUS,54,640
RUS,54,641
RUS,54,642
RUS,54,643
RUS,54,644
RUS,54,645
RUS,54,646
RUS,54,647
RUS,54,648
RUS,54,649
RUS,54,650
RUS,54,651
RUS,54,652
RUS,54,653
RUS,54,654
RUS,54,655
RUS,54,656
RUS,54,657
RUS,54,658
RUS,54,659
RUS,54,660
RUS,54,661
RUS,54,662
RUS,54,663
RUS,54,664
RUS,54,665
RUS,54,666
RUS,54,667
RUS,54,668
RUS,54,669
RUS,54,670
RUS,54,671
RUS,54,672
RUS,54,673
RUS,54,674
RUS,54,675
RUS,54,676
RUS,54,677
RUS,54,678
RUS,54,679
RUS,54,680
RUS,54,681
RUS,54,682
RUS,54,683
RUS,54,684
RUS,54,685
RUS,54,686
RUS,54,687
RUS,54,688
RUS,54,689
RUS,54,690
RUS,54,691
RUS,54,692
RUS,54,693
RUS,54,694
RUS,54,695
RUS,54,696
RUS,54,697
RUS,54,698
RUS,54,699
RUS,54,700
RUS,54,701
RUS,54,702
RUS,54,703
RUS,54,704
RUS,54,705
RUS,54,706
RUS,54,707
RUS,54,708
RUS,54,709
RUS,54,710
RUS,54,711
RUS,54,712
RUS,54,713
RUS,54,714
RUS,54,715
RUS,54,716
RUS,54,717
RUS,54,718
RUS,54,719
,55,21
USA,55,30
USA,55,31
USA,55,32
USA,55,33
USA,55,34
USA,55,35
USA,55,36
USA,55,37
USA,55,38
USA,55,39
USA,55,40
USA,55,41
USA,55,42
USA,55,43
USA,55,44
USA,55,45
USA,55,46
USA,55,47
USA,55,48
USA,55,49
USA,55,50
USA,55,51
USA,55,52
USA,55,53
USA,55,54
USA,55,55
USA,55,56
USA,55,57
USA,55,58
USA,55,59
USA,55,60
USA,55,61
USA,55,62
USA,55,63
USA,55,64
USA,55,65
USA,55,66
USA,55,67
USA,55,68
USA,55,69
USA,55,70
USA,55,71
USA,55,72
USA,55,73
USA,55,74
USA,55,75
USA,55,76
USA,55,77
USA,55,78
CAN,55,79
CAN,55,80
CAN,55,81
CAN,55,82
CAN,55,83
CAN,55,84
CAN,55,85
CAN,55,86
CAN,55,87
CAN,55,88
CAN,55,89
CAN,55,90
CAN,55,91
CAN,55,92
CAN,55,93
CAN,55,94
CAN,55,95
CAN,55,96
CAN,55,97
CAN,55,98
CAN,55,99
CAN,55,100
CAN,55,101
CAN,55,102
CAN,55,103
CAN,55,104
CAN,55,105
CAN,55,106
CAN,55,107
CAN,55,108
CAN,55,109
CAN,55,110
CAN,55,111
CAN,55,112
CAN,55,113
CAN,55,114
CAN,55,115
CAN,55,116
CAN,55,117
CAN,55,118
CAN,55,119
CAN,55,120
CAN,55,121
CAN,55,122
CAN,55,123
CAN,55,124
CAN,55,125
CAN,55,126
CAN,55,127
CAN,55,128
CAN,55,129
CAN,55,130
CAN,55,131
CAN,55,132
CAN,55,133
CAN,55,134
CAN,55,135
CAN,55,136
CAN,55,137
CAN,55,138
CAN,55,139
CAN,55,140
CAN,55,141
CAN,55,142
CAN,55,143
CAN,55,144
CAN,55,145
CAN,55,146
CAN,55,147
CAN,55,148
CAN,55,149
CAN,55,150
CAN,55,151
CAN,55,152
CAN,55,153
CAN,55,154
CAN,55,155
CAN,55,156
CAN,55,157
CAN,55,158
CAN,55,159
CAN,55,160
CAN,55,161
CAN,55,162
CAN,55,163
CAN,55,164
CAN,55,165
CAN,55,166
CAN,55,167
CAN,55,168
CAN,55,169
CAN,55,170
CAN,55,171
CAN,55,172
CAN,55,173
CAN,55,174
CAN,55,175
CAN,55,176
CAN,55,177
CAN,55,178
CAN,55,179
CAN,55,193
CAN,55,194
CAN,55,195
CAN,55,196
CAN,55,197
CAN,55,205
CAN,55,206
CAN,55,207
CAN,55,211
CAN,55,212
CAN,55,213
CAN,55,218
CAN,55,219
CAN,55,220
CAN,55,221
CAN,55,222
CAN,55,223
CAN,55,224
CAN,55,225
CAN,55,226
CAN,55,227
CAN,55,228
CAN,55,229
CAN,55,230
CAN,55,231
CAN,55,232
GRL,55,260
GRL,55,261
GRL,55,262
GRL,55,263
GRL,55,264
GRL,55,265
GRL,55,266
GRL,55,267
GRL,55,268
GRL,55,269
GRL,55,270
GRL,55,271
GRL,55,272
GRL,55,273
GRL,55,274
GRL,55,275
GRL,55,276
GRL,55,277
GRL,55,278
NOR,55,373
NOR,55,374
NOR,55,375
NOR,55,376
NOR,55,377
NOR,55,378
NOR,55,379
NOR,55,380
NOR,55,381
NOR,55,382
NOR,55,383
NOR,55,384
SWE,55,385
SWE,55,386
SWE,55,387
SWE,55,388
SWE,55,389
SWE,55,390
SWE,55,391
SWE,55,392
SWE,55,393
SWE,55,394
SWE,55,395
SWE,55,396
SWE,55,397
SWE,55,398
FIN,55,403
FIN,55,404
FIN,55,405
FIN,55,406
FIN,55,407
FIN,55,408
FIN,55,409
FIN,55,410
FIN,55,411
FIN,55,412
FIN,55,413
FIN,55,414
FIN,55,415
FIN,55,416
FIN,55,417
FIN,55,418
FIN,55,419
FIN,55,420
FIN,55,421
FIN,55,422
FIN,55,423
RUS,55,424
RUS,55,425
RUS,55,426
RUS,55,427
RUS,55,428
RUS,55,429
RUS,55,430
RUS,55,431
RUS,55,432
RUS,55,433
RUS,55,434
RUS,55,435
RUS,55,436
RUS,55,437
RUS,55,438
RUS,55,439
RUS,55,440
RUS,55,441
RUS,55,442
RUS,55,443
RUS,55,444
RUS,55,445
RUS,55,446
RUS,55,447
RUS,55,448
RUS,55,449
RUS,55,450
RUS,55,451
RUS,55,452
RUS,55,453
RUS,55,454
RUS,55,455
RUS,55,456
RUS,55,457
RUS,55,458
RUS,55,459
RUS,55,460
RUS,55,461
RUS,55,462
RUS,55,463
RUS,55,464
RUS,55,465
RUS,55,466
RUS,55,467
RUS,55,468
RUS,55,469
RUS,55,470
RUS,55,471
RUS,55,472
RUS,55,473
RUS,55,474
RUS,55,475
RUS,55,476
RUS,55,477
RUS,55,478
RUS,55,479
RUS,55,480
RUS,55,481
RUS,55,482
RUS,55,483
RUS,55,484
RUS,55,485
RUS,55,486
RUS,55,487
RUS,55,488
RUS,55,489
RUS,55,490
RUS,55,491
RUS,55,492
RUS,55,493
RUS,55,494
RUS,55,495
RUS,55,496
RUS,55,497
RUS,55,498
RUS,55,499
RUS,55,500
RUS,55,501
RUS,55,502
RUS,55,503
RUS,55,504
RUS,55,505
RUS,55,506
RUS,55,507
RUS,55,508
RUS,55,509
RUS,55,510
RUS,55,511
RUS,55,512
RUS,55,513
RUS,55,514
RUS,55,515
RUS,55,516
RUS,55,517
RUS,55,518
RUS,55,519
RUS,55,520
RUS,55,521
RUS,55,522
RUS,55,523
RUS,55,524
RUS,55,525
RUS,55,526
RUS,55,527
RUS,55,528
RUS,55,529
RUS,55,530
RUS,55,531
RUS,55,532
RUS,55,533
RUS,55,534
RUS,55,535
RUS,55,536
RUS,55,537
RUS,55,538
RUS,55,539
RUS,55,540
RUS,55,541
RUS,55,542
RUS,55,543
RUS,55,544
RUS,55,545
RUS,55,546
RUS,55,547
RUS,55,548
RUS,55,549
RUS,55,550
RUS,55,551
RUS,55,552
RUS,55,553
RUS,55,554
RUS,55,555
RUS,55,556
RUS,55,557
RUS,55,558
RUS,55,559
RUS,55,560
RUS,55,561
RUS,55,562
RUS,55,563
RUS,55,564
RUS,55,565
RUS,55,566
RUS,55,567
RUS,55,568
RUS,55,569
RUS,55,570
RUS,55,571
RUS,55,572
RUS,55,573
RUS,55,574
RUS,55,575
RUS,55,576
RUS,55,577
RUS,55,578
RUS,55,579
RUS,55,580
RUS,55,581
RUS,55,582
RUS,55,583
RUS,55,584
RUS,55,585
RUS,55,586
RUS,55,587
RUS,55,588
RUS,55,589
RUS,55,590
RUS,55,591
RUS,55,592
RUS,55,593
RUS,55,594
RUS,55,595
RUS,55,596
RUS,55,597
RUS,55,598
RUS,55,599
RUS,55,600
RUS,55,601
RUS,55,602
RUS,55,603
RUS,55,604
RUS,55,605
RUS,55,606
RUS,55,607
RUS,55,608
RUS,55,609
RUS,55,610
RUS,55,611
RUS,55,612
RUS,55,613
RUS,55,614
RUS,55,615
RUS,55,616
RUS,55,617
RUS,55,618
RUS,55,619
RUS,55,620
RUS,55,621
RUS,55,622
RUS,55,623
RUS,55,624
RUS,55,625
RUS,55,626
RUS,55,627
RUS,55,628
RUS,55,629
RUS,55,630
RUS,55,631
RUS,55,632
RUS,55,633
RUS,55,634
RUS,55,635
RUS,55,636
RUS,55,637
RUS,55,638
RUS,55,639
RUS,55,640
RUS,55,641
RUS,55,642
RUS,55,643
RUS,55,644
RUS,55,645
RUS,55,646
RUS,55,647
RUS,55,648
RUS,55,649
RUS,55,650
RUS,55,651
RUS,55,652
RUS,55,653
RUS,55,654
RUS,55,655
RUS,55,656
RUS,55,657
RUS,55,658
RUS,55,659
RUS,55,660
RUS,55,661
RUS,55,662
RUS,55,663
RUS,55,664
RUS,55,665
RUS,55,666
RUS,55,667
RUS,55,668
RUS,55,669
RUS,55,670
RUS,55,671
RUS,55,672
RUS,55,673
RUS,55,674
RUS,55,675
RUS,55,676
RUS,55,677
RUS,55,678
RUS,55,679
RUS,55,680
RUS,55,681
RUS,55,682
RUS,55,683
RUS,55,684
RUS,55,685
RUS,55,686
RUS,55,687
RUS,55,688
RUS,55,689
RUS,55,690
RUS,55,691
RUS,55,692
RUS,55,693
RUS,55,694
RUS,55,695
RUS,55,696
RUS,55,697
RUS,55,698
RUS,55,699
RUS,55,700
RUS,55,701
RUS,55,702
RUS,55,703
RUS,55,704
RUS,55,705
RUS,55,706
RUS,55,707
RUS,55,708
RUS,55,709
RUS,55,710
RUS,55,711
RUS,55,712
RUS,55,713
RUS,55,714
RUS,55,715
RUS,55,716
RUS,55,717
RUS,55,718
RUS,55,719
RUS,55,720
USA,56,29
USA,56,30
USA,56,31
USA,56,32
USA,56,33
USA,56,34
USA,56,35
USA,56,36
USA,56,37
USA,56,38
USA,56,39
USA,56,40
USA,56,41
USA,56,42
USA,56,43
USA,56,44
USA,56,45
USA,56,46
USA,56,47
USA,56,48
USA,56,49
USA,56,50
USA,56,51
USA,56,52
USA,56,53
USA,56,54
USA,56,55
USA,56,56
USA,56,57
USA,56,58
USA,56,59
USA,56,60
USA,56,61
USA,56,62
USA,56,63
USA,56,64
USA,56,65
USA,56,66
USA,56,67
USA,56,68
USA,56,69
USA,56,70
USA,56,71
USA,56,72
USA,56,73
USA,56,74
USA,56,75
USA,56,76
USA,56,77
USA,56,78
CAN,56,79
CAN,56,80
CAN,56,81
CAN,56,82
CAN,56,83
CAN,56,84
CAN,56,85
CAN,56,86
CAN,56,87
CAN,56,88
CAN,56,89
CAN,56,90
CAN,56,91
CAN,56,92
CAN,56,93
CAN,56,94
CAN,56,95
CAN,56,96
CAN,56,97
CAN,56,98
CAN,56,99
CAN,56,100
CAN,56,101
CAN,56,102
CAN,56,103
CAN,56,104
CAN,56,105
CAN,56,106
CAN,56,107
CAN,56,108
CAN,56,109
CAN,56,110
CAN,56,111
CAN,56,112
CAN,56,113
CAN,56,114
CAN,56,115
CAN,56,116
CAN,56,117
CAN,56,118
CAN,56,119
CAN,56,120
CAN,56,121
CAN,56,122
CAN,56,123
CAN,56,124
CAN,56,125
CAN,56,126
CAN,56,127
CAN,56,128
CAN,56,129
CAN,56,130
CAN,56,131
CAN,56,132
CAN,56,133
CAN,56,134
CAN,56,135
CAN,56,136
CAN,56,137
CAN,56,138
CAN,56,139
CAN,56,140
CAN,56,141
CAN,56,142
CAN,56,143
CAN,56,144
CAN,56,145
CAN,56,146
CAN,56,147
CAN,56,148
CAN,56,149
CAN,56,150
CAN,56,151
CAN,56,152
CAN,56,153
CAN,56,154
CAN,56,155
CAN,56,156
CAN,56,157
CAN,56,158
CAN,56,159
CAN,56,160
CAN,56,161
CAN,56,162
CAN,56,163
CAN,56,164
CAN,56,165
CAN,56,166
CAN,56,167
CAN,56,168
CAN,56,169
CAN,56,170
CAN,56,171
CAN,56,172
CAN,56,173
CAN,56,174
CAN,56,175
CAN,56,176
CAN,56,193
CAN,56,194
CAN,56,195
CAN,56,196
CAN,56,200
CAN,56,201
CAN,56,202
CAN,56,204
CAN,56,205
CAN,56,206
CAN,56,207
CAN,56,208
CAN,56,209
CAN,56,210
CAN,56,211
CAN,56,212
CAN,56,213
CAN,56,214
CAN,56,215
CAN,56,222
CAN,56,223
CAN,56,224
CAN,56,225
CAN,56,226
CAN,56,227
CAN,56,228
CAN,56,229
CAN,56,231
CAN,56,232
GRL,56,260
GRL,56,261
GRL,56,262
GRL,56,263
GRL,56,264
GRL,56,265
GRL,56,266
GRL,56,267
GRL,56,268
GRL,56,269
GRL,56,270
GRL,56,271
GRL,56,272
GRL,56,273
GRL,56,274
GRL,56,275
GRL,56,276
FRO,56,345
FRO,56,346
FRO,56,347
FRO,56,348
NOR,56,371
NOR,56,372
NOR,56,373
NOR,56,374
NOR,56,375
NOR,56,376
NOR,56,377
NOR,56,378
NOR,56,379
NOR,56,380
NOR,56,381
NOR,56,382
NOR,56,383
NOR,56,384
NOR,56,385
SWE,56,386
SWE,56,387
SWE,56,388
SWE,56,389
SWE,56,390
SWE,56,391
SWE,56,392
SWE,56,393
SWE,56,394
SWE,56,395
SWE,56,396
FIN,56,403
FIN,56,404
FIN,56,405
FIN,56,406
FIN,56,407
FIN,56,408
FIN,56,409
FIN,56,410
FIN,56,411
FIN,56,412
FIN,56,413
FIN,56,414
FIN,56,415
FIN,56,416
FIN,56,417
FIN,56,418
FIN,56,419
FIN,56,420
FIN,56,421
FIN,56,422
RUS,56,423
RUS,56,424
RUS,56,425
RUS,56,426
RUS,56,427
RUS,56,428
RUS,56,429
RUS,56,430
RUS,56,431
RUS,56,432
RUS,56,433
RUS,56,434
RUS,56,435
RUS,56,436
RUS,56,437
RUS,56,438
RUS,56,439
RUS,56,440
RUS,56,441
RUS,56,442
RUS,56,443
RUS,56,444
RUS,56,445
RUS,56,446
RUS,56,447
RUS,56,448
RUS,56,449
RUS,56,450
RUS,56,451
RUS,56,452
RUS,56,453
RUS,56,454
RUS,56,455
RUS,56,456
RUS,56,457
RUS,56,458
RUS,56,459
RUS,56,460
RUS,56,461
RUS,56,462
RUS,56,463
RUS,56,464
RUS,56,465
RUS,56,466
RUS,56,467
RUS,56,468
RUS,56,469
RUS,56,470
RUS,56,471
RUS,56,472
RUS,56,473
RUS,56,474
RUS,56,475
RUS,56,476
RUS,56,477
RUS,56,478
RUS,56,479
RUS,56,480
RUS,56,481
RUS,56,482
RUS,56,483
RUS,56,484
RUS,56,485
RUS,56,486
RUS,56,487
RUS,56,488
RUS,56,489
RUS,56,490
RUS,56,491
RUS,56,492
RUS,56,493
RUS,56,494
RUS,56,495
RUS,56,496
RUS,56,497
RUS,56,498
RUS,56,499
RUS,56,500
RUS,56,501
RUS,56,502
RUS,56,503
RUS,56,504
RUS,56,505
RUS,56,506
RUS,56,507
RUS,56,508
RUS,56,509
RUS,56,510
RUS,56,511
RUS,56,512
RUS,56,513
RUS,56,514
RUS,56,515
RUS,56,516
RUS,56,517
RUS,56,518
RUS,56,519
RUS,56,520
RUS,56,521
RUS,56,522
RUS,56,523
RUS,56,524
RUS,56,525
RUS,56,526
RUS,56,527
RUS,56,528
RUS,56,529
RUS,56,530
RUS,56,531
RUS,56,532
RUS,56,533
RUS,56,534
RUS,56,535
RUS,56,536
RUS,56,537
RUS,56,538
RUS,56,539
RUS,56,540
RUS,56,541
RUS,56,542
RUS,56,543
RUS,56,544
RUS,56,545
RUS,56,546
RUS,56,547
RUS,56,548
RUS,56,549
RUS,56,550
RUS,56,551
RUS,56,552
RUS,56,553
RUS,56,554
RUS,56,555
RUS,56,556
RUS,56,557
RUS,56,558
RUS,56,559
RUS,56,560
RUS,56,561
RUS,56,562
RUS,56,563
RUS,56,564
RUS,56,565
RUS,56,566
RUS,56,567
RUS,56,568
RUS,56,569
RUS,56,570
RUS,56,571
RUS,56,572
RUS,56,573
RUS,56,574
RUS,56,575
RUS,56,576
RUS,56,577
RUS,56,578
RUS,56,579
RUS,56,580
RUS,56,581
RUS,56,582
RUS,56,583
RUS,56,584
RUS,56,585
RUS,56,586
RUS,56,587
RUS,56,588
RUS,56,589
RUS,56,590
RUS,56,591
RUS,56,592
RUS,56,593
RUS,56,594
RUS,56,595
RUS,56,596
RUS,56,597
RUS,56,598
RUS,56,599
RUS,56,600
RUS,56,601
RUS,56,602
RUS,56,603
RUS,56,604
RUS,56,605
RUS,56,606
RUS,56,607
RUS,56,608
RUS,56,609
RUS,56,610
RUS,56,611
RUS,56,612
RUS,56,613
RUS,56,614
RUS,56,615
RUS,56,616
RUS,56,617
RUS,56,618
RUS,56,619
RUS,56,620
RUS,56,621
RUS,56,622
RUS,56,623
RUS,56,624
RUS,56,625
RUS,56,626
RUS,56,627
RUS,56,628
RUS,56,629
RUS,56,630
RUS,56,631
RUS,56,632
RUS,56,633
RUS,56,634
RUS,56,635
RUS,56,636
RUS,56,637
RUS,56,638
RUS,56,639
RUS,56,640
RUS,56,641
RUS,56,642
RUS,56,643
RUS,56,644
RUS,56,645
RUS,56,646
RUS,56,647
RUS,56,648
RUS,56,649
RUS,56,650
RUS,56,651
RUS,56,652
RUS,56,653
RUS,56,654
RUS,56,655
RUS,56,656
RUS,56,657
RUS,56,658
RUS,56,659
RUS,56,660
RUS,56,661
RUS,56,662
RUS,56,663
RUS,56,664
RUS,56,665
RUS,56,666
RUS,56,667
RUS,56,668
RUS,56,669
RUS,56,670
RUS,56,671
RUS,56,672
RUS,56,673
RUS,56,674
RUS,56,675
RUS,56,676
RUS,56,677
RUS,56,678
RUS,56,679
RUS,56,680
RUS,56,681
RUS,56,682
RUS,56,683
RUS,56,684
RUS,56,685
RUS,56,686
RUS,56,687
RUS,56,689
RUS,56,690
RUS,56,691
RUS,56,692
RUS,56,693
RUS,56,694
RUS,56,695
RUS,56,696
RUS,56,697
RUS,56,698
RUS,56,699
RUS,56,700
RUS,56,701
RUS,56,702
RUS,56,703
RUS,56,704
RUS,56,705
RUS,56,706
RUS,56,707
RUS,56,708
RUS,56,709
RUS,56,710
RUS,56,711
RUS,56,712
RUS,56,713
RUS,56,714
RUS,56,717
RUS,56,718
RUS,56,719
USA,57,28
USA,57,29
USA,57,30
USA,57,31
USA,57,32
USA,57,33
USA,57,34
USA,57,35
USA,57,36
USA,57,37
USA,57,38
USA,57,39
USA,57,40
USA,57,41
USA,57,42
USA,57,43
USA,57,44
USA,57,45
USA,57,46
USA,57,47
USA,57,48
USA,57,49
USA,57,50
USA,57,51
USA,57,52
USA,57,53
USA,57,54
USA,57,55
USA,57,56
USA,57,57
USA,57,58
USA,57,59
USA,57,60
USA,57,61
USA,57,62
USA,57,63
USA,57,64
USA,57,65
USA,57,66
USA,57,67
USA,57,68
USA,57,69
USA,57,70
USA,57,71
USA,57,72
USA,57,73
USA,57,74
USA,57,75
USA,57,76
USA,57,77
USA,57,78
CAN,57,79
CAN,57,80
CAN,57,81
CAN,57,82
CAN,57,83
CAN,57,84
CAN,57,85
CAN,57,86
CAN,57,87
CAN,57,88
CAN,57,89
CAN,57,90
CAN,57,91
CAN,57,92
CAN,57,93
CAN,57,94
CAN,57,95
CAN,57,96
CAN,57,97
CAN,57,98
CAN,57,99
CAN,57,100
CAN,57,101
CAN,57,102
CAN,57,103
CAN,57,104
CAN,57,105
CAN,57,106
CAN,57,107
CAN,57,108
CAN,57,109
CAN,57,110
CAN,57,111
CAN,57,112
CAN,57,113
CAN,57,114
CAN,57,115
CAN,57,116
CAN,57,117
CAN,57,118
CAN,57,119
CAN,57,120
CAN,57,121
CAN,57,122
CAN,57,123
CAN,57,124
CAN,57,125
CAN,57,126
CAN,57,127
CAN,57,128
CAN,57,129
CAN,57,130
CAN,57,131
CAN,57,132
CAN,57,133
CAN,57,134
CAN,57,135
CAN,57,136
CAN,57,137
CAN,57,138
CAN,57,139
CAN,57,140
CAN,57,141
CAN,57,142
CAN,57,143
CAN,57,144
CAN,57,145
CAN,57,146
CAN,57,147
CAN,57,148
CAN,57,149
CAN,57,150
CAN,57,151
CAN,57,152
CAN,57,153
CAN,57,154
CAN,57,155
CAN,57,156
CAN,57,157
CAN,57,158
CAN,57,159
CAN,57,160
CAN,57,161
CAN,57,162
CAN,57,163
CAN,57,164
CAN,57,165
CAN,57,166
CAN,57,167
CAN,57,168
CAN,57,169
CAN,57,170
CAN,57,171
CAN,57,172
CAN,57,173
CAN,57,174
CAN,57,200
CAN,57,201
CAN,57,202
CAN,57,204
CAN,57,205
CAN,57,206
CAN,57,207
CAN,57,208
CAN,57,209
CAN,57,210
CAN,57,211
CAN,57,212
CAN,57,213
CAN,57,214
CAN,57,215
CAN,57,216
CAN,57,217
CAN,57,227
CAN,57,228
CAN,57,229
CAN,57,230
CAN,57,231
GRL,57,262
GRL,57,263
GRL,57,264
GRL,57,265
GRL,57,266
GRL,57,267
GRL,57,268
GRL,57,269
GRL,57,270
GRL,57,271
GRL,57,272
GRL,57,273
GRL,57,274
GRL,57,275
GRL,57,276
FRO,57,347
NOR,57,370
NOR,57,371
NOR,57,372
NOR,57,373
NOR,57,374
NOR,57,375
NOR,57,376
NOR,57,377
NOR,57,378
NOR,57,379
NOR,57,380
NOR,57,381
NOR,57,382
NOR,57,383
NOR,57,384
NOR,57,385
SWE,57,386
SWE,57,387
SWE,57,388
SWE,57,389
SWE,57,390
SWE,57,391
SWE,57,392
SWE,57,393
SWE,57,394
SWE,57,395
SWE,57,396
FIN,57,403
FIN,57,404
FIN,57,405
FIN,57,406
FIN,57,407
FIN,57,408
FIN,57,409
FIN,57,410
FIN,57,411
FIN,57,412
FIN,57,413
FIN,57,414
FIN,57,415
FIN,57,416
FIN,57,417
FIN,57,418
FIN,57,419
FIN,57,420
RUS,57,421
RUS,57,422
RUS,57,423
RUS,57,424
RUS,57,425
RUS,57,426
RUS,57,427
RUS,57,428
RUS,57,429
RUS,57,430
RUS,57,431
RUS,57,432
RUS,57,433
RUS,57,434
RUS,57,435
RUS,57,436
RUS,57,437
RUS,57,438
RUS,57,439
RUS,57,440
RUS,57,441
RUS,57,442
RUS,57,443
RUS,57,444
RUS,57,445
RUS,57,446
RUS,57,447
RUS,57,448
RUS,57,449
RUS,57,450
RUS,57,451
RUS,57,452
RUS,57,453
RUS,57,454
RUS,57,455
RUS,57,456
RUS,57,457
RUS,57,458
RUS,57,459
RUS,57,460
RUS,57,461
RUS,57,462
RUS,57,463
RUS,57,464
RUS,57,465
RUS,57,466
RUS,57,467
RUS,57,468
RUS,57,469
RUS,57,470
RUS,57,471
RUS,57,472
RUS,57,473
RUS,57,474
RUS,57,475
RUS,57,476
RUS,57,477
RUS,57,478
RUS,57,479
RUS,57,480
RUS,57,481
RUS,57,482
RUS,57,483
RUS,57,484
RUS,57,485
RUS,57,486
RUS,57,487
RUS,57,488
RUS,57,489
RUS,57,490
RUS,57,491
RUS,57,492
RUS,57,493
RUS,57,494
RUS,57,495
RUS,57,496
RUS,57,497
RUS,57,498
RUS,57,499
RUS,57,500
RUS,57,501
RUS,57,502
RUS,57,503
RUS,57,504
RUS,57,505
RUS,57,506
RUS,57,507
RUS,57,508
RUS,57,509
RUS,57,510
RUS,57,511
RUS,57,512
RUS,57,513
RUS,57,514
RUS,57,515
RUS,57,516
RUS,57,517
RUS,57,518
RUS,57,519
RUS,57,520
RUS,57,521
RUS,57,522
RUS,57,523
RUS,57,524
RUS,57,525
RUS,57,526
RUS,57,527
RUS,57,528
RUS,57,529
RUS,57,530
RUS,57,531
RUS,57,532
RUS,57,533
RUS,57,534
RUS,57,535
RUS,57,536
RUS,57,537
RUS,57,538
RUS,57,539
RUS,57,540
RUS,57,541
RUS,57,542
RUS,57,543
RUS,57,544
RUS,57,545
RUS,57,546
RUS,57,547
RUS,57,548
RUS,57,549
RUS,57,550
RUS,57,551
RUS,57,552
RUS,57,553
RUS,57,554
RUS,57,555
RUS,57,556
RUS,57,557
RUS,57,558
RUS,57,559
RUS,57,560
RUS,57,561
RUS,57,562
RUS,57,563
RUS,57,564
RUS,57,565
RUS,57,566
RUS,57,567
RUS,57,568
RUS,57,569
RUS,57,570
RUS,57,571
RUS,57,572
RUS,57,573
RUS,57,574
RUS,57,575
RUS,57,576
RUS,57,577
RUS,57,578
RUS,57,579
RUS,57,580
RUS,57,581
RUS,57,582
RUS,57,583
RUS,57,584
RUS,57,585
RUS,57,586
RUS,57,587
RUS,57,588
RUS,57,589
RUS,57,590
RUS,57,591
RUS,57,592
RUS,57,593
RUS,57,594
RUS,57,595
RUS,57,596
RUS,57,597
RUS,57,598
RUS,57,599
RUS,57,600
RUS,57,601
RUS,57,602
RUS,57,603
RUS,57,604
RUS,57,605
RUS,57,606
RUS,57,607
RUS,57,608
RUS,57,609
RUS,57,610
RUS,57,611
RUS,57,612
RUS,57,613
RUS,57,614
RUS,57,615
RUS,57,616
RUS,57,617
RUS,57,618
RUS,57,619
RUS,57,620
RUS,57,621
RUS,57,622
RUS,57,623
RUS,57,624
RUS,57,625
RUS,57,626
RUS,57,627
RUS,57,628
RUS,57,629
RUS,57,630
RUS,57,631
RUS,57,632
RUS,57,633
RUS,57,634
RUS,57,635
RUS,57,636
RUS,57,637
RUS,57,638
RUS,57,639
RUS,57,640
RUS,57,641
RUS,57,642
RUS,57,643
RUS,57,644
RUS,57,645
RUS,57,646
RUS,57,647
RUS,57,648
RUS,57,649
RUS,57,650
RUS,57,651
RUS,57,652
RUS,57,653
RUS,57,654
RUS,57,655
RUS,57,656
RUS,57,657
RUS,57,658
RUS,57,659
RUS,57,660
RUS,57,661
RUS,57,662
RUS,57,663
RUS,57,664
RUS,57,665
RUS,57,666
RUS,57,667
RUS,57,668
RUS,57,669
RUS,57,670
RUS,57,671
RUS,57,672
RUS,57,673
RUS,57,674
RUS,57,675
RUS,57,676
RUS,57,677
RUS,57,678
RUS,57,679
RUS,57,680
RUS,57,681
RUS,57,682
RUS,57,683
RUS,57,684
RUS,57,685
RUS,57,686
RUS,57,687
RUS,57,688
RUS,57,689
RUS,57,690
RUS,57,691
RUS,57,692
RUS,57,693
RUS,57,694
RUS,57,695
RUS,57,696
RUS,57,697
RUS,57,698
RUS,57,699
RUS,57,700
RUS,57,701
RUS,57,702
RUS,57,703
RUS,57,704
RUS,57,705
RUS,57,706
RUS,57,707
RUS,57,708
RUS,57,709
RUS,57,710
USA,58,29
USA,58,30
USA,58,31
USA,58,32
USA,58,33
USA,58,34
USA,58,35
USA,58,36
USA,58,37
USA,58,38
USA,58,39
USA,58,40
USA,58,41
USA,58,42
USA,58,43
USA,58,44
USA,58,45
USA,58,46
USA,58,47
USA,58,48
USA,58,49
USA,58,50
USA,58,51
USA,58,52
USA,58,53
USA,58,54
USA,58,55
USA,58,56
USA,58,57
USA,58,58
USA,58,59
USA,58,60
USA,58,61
USA,58,62
USA,58,63
USA,58,64
USA,58,65
USA,58,66
USA,58,67
USA,58,68
USA,58,69
USA,58,70
USA,58,71
USA,58,72
USA,58,73
USA,58,74
USA,58,75
USA,58,76
USA,58,77
USA,58,78
CAN,58,79
CAN,58,80
CAN,58,81
CAN,58,82
CAN,58,83
CAN,58,84
CAN,58,85
CAN,58,86
CAN,58,87
CAN,58,88
CAN,58,89
CAN,58,90
CAN,58,91
CAN,58,92
CAN,58,93
CAN,58,94
CAN,58,95
CAN,58,96
CAN,58,97
CAN,58,98
CAN,58,99
CAN,58,100
CAN,58,101
CAN,58,102
CAN,58,103
CAN,58,104
CAN,58,105
CAN,58,106
CAN,58,107
CAN,58,108
CAN,58,109
CAN,58,110
CAN,58,111
CAN,58,112
CAN,58,113
CAN,58,114
CAN,58,115
CAN,58,116
CAN,58,117
CAN,58,118
CAN,58,119
CAN,58,120
CAN,58,121
CAN,58,122
CAN,58,123
CAN,58,124
CAN,58,125
CAN,58,126
CAN,58,127
CAN,58,128
CAN,58,129
CAN,58,130
CAN,58,131
CAN,58,132
CAN,58,133
CAN,58,134
CAN,58,135
CAN,58,136
CAN,58,137
CAN,58,138
CAN,58,139
CAN,58,140
CAN,58,141
CAN,58,142
CAN,58,143
CAN,58,144
CAN,58,145
CAN,58,146
CAN,58,147
CAN,58,148
CAN,58,149
CAN,58,150
CAN,58,151
CAN,58,152
CAN,58,153
CAN,58,154
CAN,58,155
CAN,58,156
CAN,58,157
CAN,58,158
CAN,58,159
CAN,58,160
CAN,58,161
CAN,58,162
CAN,58,163
CAN,58,164
CAN,58,165
CAN,58,166
CAN,58,167
CAN,58,168
CAN,58,169
CAN,58,170
CAN,58,171
CAN,58,172
CAN,58,173
CAN,58,205
CAN,58,206
CAN,58,207
CAN,58,208
CAN,58,209
CAN,58,210
CAN,58,211
CAN,58,212
CAN,58,213
CAN,58,214
CAN,58,215
CAN,58,216
CAN,58,217
CAN,58,218
CAN,58,219
CAN,58,220
CAN,58,221
CAN,58,222
CAN,58,230
CAN,58,231
GRL,58,262
GRL,58,263
GRL,58,264
GRL,58,265
GRL,58,266
GRL,58,267
GRL,58,268
GRL,58,269
GRL,58,270
GRL,58,271
GRL,58,272
GRL,58,273
GRL,58,274
GRL,58,275
GRL,58,276
FRO,58,347
NOR,58,370
NOR,58,371
NOR,58,372
NOR,58,373
NOR,58,374
NOR,58,375
NOR,58,376
NOR,58,377
NOR,58,378
NOR,58,379
NOR,58,380
NOR,58,381
NOR,58,382
NOR,58,383
NOR,58,384
NOR,58,385
NOR,58,386
SWE,58,387
SWE,58,388
SWE,58,389
SWE,58,390
SWE,58,391
SWE,58,392
SWE,58,393
SWE,58,394
SWE,58,395
FIN,58,403
FIN,58,404
FIN,58,405
FIN,58,406
FIN,58,407
FIN,58,408
FIN,58,409
FIN,58,410
FIN,58,411
FIN,58,412
FIN,58,413
FIN,58,414
FIN,58,415
FIN,58,416
FIN,58,417
FIN,58,418
RUS,58,419
RUS,58,420
RUS,58,421
RUS,58,422
RUS,58,423
RUS,58,424
RUS,58,425
RUS,58,426
RUS,58,427
RUS,58,428
RUS,58,429
RUS,58,430
RUS,58,431
RUS,58,432
RUS,58,433
RUS,58,434
RUS,58,435
RUS,58,436
RUS,58,437
RUS,58,438
RUS,58,439
RUS,58,440
RUS,58,441
RUS,58,442
RUS,58,443
RUS,58,444
RUS,58,445
RUS,58,446
RUS,58,447
RUS,58,448
RUS,58,449
RUS,58,450
RUS,58,451
RUS,58,452
RUS,58,453
RUS,58,454
RUS,58,455
RUS,58,456
RUS,58,457
RUS,58,458
RUS,58,459
RUS,58,460
RUS,58,461
RUS,58,462
RUS,58,463
RUS,58,464
RUS,58,465
RUS,58,466
RUS,58,467
RUS,58,468
RUS,58,469
RUS,58,470
RUS,58,471
RUS,58,472
RUS,58,473
RUS,58,474
RUS,58,475
RUS,58,476
RUS,58,477
RUS,58,478
RUS,58,479
RUS,58,480
RUS,58,481
RUS,58,482
RUS,58,483
RUS,58,484
RUS,58,485
RUS,58,486
RUS,58,487
RUS,58,488
RUS,58,489
RUS,58,490
RUS,58,491
RUS,58,492
RUS,58,493
RUS,58,494
RUS,58,495
RUS,58,496
RUS,58,497
RUS,58,498
RUS,58,499
RUS,58,500
RUS,58,501
RUS,58,502
RUS,58,503
RUS,58,504
RUS,58,505
RUS,58,506
RUS,58,507
RUS,58,508
RUS,58,509
RUS,58,510
RUS,58,511
RUS,58,512
RUS,58,513
RUS,58,514
RUS,58,515
RUS,58,516
RUS,58,517
RUS,58,518
RUS,58,519
RUS,58,520
RUS,58,521
RUS,58,522
RUS,58,523
RUS,58,524
RUS,58,525
RUS,58,526
RUS,58,527
RUS,58,528
RUS,58,529
RUS,58,530
RUS,58,531
RUS,58,532
RUS,58,533
RUS,58,534
RUS,58,535
RUS,58,536
RUS,58,537
RUS,58,538
RUS,58,539
RUS,58,540
RUS,58,541
RUS,58,542
RUS,58,543
RUS,58,544
RUS,58,545
RUS,58,546
RUS,58,547
RUS,58,548
RUS,58,549
RUS,58,550
RUS,58,551
RUS,58,552
RUS,58,553
RUS,58,554
RUS,58,555
RUS,58,556
RUS,58,557
RUS,58,558
RUS,58,559
RUS,58,560
RUS,58,561
RUS,58,562
RUS,58,563
RUS,58,564
RUS,58,565
RUS,58,566
RUS,58,567
RUS,58,568
RUS,58,569
RUS,58,570
RUS,58,571
RUS,58,572
RUS,58,573
RUS,58,574
RUS,58,575
RUS,58,576
RUS,58,577
RUS,58,578
RUS,58,579
RUS,58,580
RUS,58,581
RUS,58,582
RUS,58,583
RUS,58,584
RUS,58,585
RUS,58,586
RUS,58,587
RUS,58,588
RUS,58,589
RUS,58,590
RUS,58,591
RUS,58,592
RUS,58,593
RUS,58,594
RUS,58,595
RUS,58,596
RUS,58,597
RUS,58,598
RUS,58,599
RUS,58,600
RUS,58,601
RUS,58,602
RUS,58,603
RUS,58,604
RUS,58,605
RUS,58,606
RUS,58,607
RUS,58,608
RUS,58,609
RUS,58,610
RUS,58,611
RUS,58,612
RUS,58,613
RUS,58,614
RUS,58,615
RUS,58,616
RUS,58,617
RUS,58,618
RUS,58,619
RUS,58,620
RUS,58,621
RUS,58,622
RUS,58,623
RUS,58,624
RUS,58,625
RUS,58,626
RUS,58,627
RUS,58,628
RUS,58,629
RUS,58,630
RUS,58,631
RUS,58,632
RUS,58,633
RUS,58,634
RUS,58,635
RUS,58,636
RUS,58,637
RUS,58,638
RUS,58,639
RUS,58,640
RUS,58,641
RUS,58,642
RUS,58,643
RUS,58,644
RUS,58,645
RUS,58,646
RUS,58,647
RUS,58,648
RUS,58,649
RUS,58,650
RUS,58,651
RUS,58,652
RUS,58,653
RUS,58,654
RUS,58,655
RUS,58,656
RUS,58,657
RUS,58,658
RUS,58,659
RUS,58,660
RUS,58,661
RUS,58,662
RUS,58,663
RUS,58,664
RUS,58,665
RUS,58,666
RUS,58,667
RUS,58,668
RUS,58,669
RUS,58,670
RUS,58,671
RUS,58,672
RUS,58,673
RUS,58,674
RUS,58,680
RUS,58,681
RUS,58,682
RUS,58,683
RUS,58,684
RUS,58,685
RUS,58,688
RUS,58,689
RUS,58,690
RUS,58,691
RUS,58,692
RUS,58,693
RUS,58,694
RUS,58,695
RUS,58,696
RUS,58,697
RUS,58,698
RUS,58,699
RUS,58,700
RUS,58,701
RUS,58,702
RUS,58,703
RUS,58,704
RUS,58,705
RUS,58,706
RUS,58,707
USA,59,14
USA,59,15
USA,59,30
USA,59,31
USA,59,32
USA,59,33
USA,59,34
USA,59,35
USA,59,36
USA,59,37
USA,59,38
USA,59,39
USA,59,40
USA,59,41
USA,59,42
USA,59,43
USA,59,44
USA,59,45
USA,59,46
USA,59,47
USA,59,48
USA,59,49
USA,59,50
USA,59,51
USA,59,52
USA,59,53
USA,59,54
USA,59,55
USA,59,56
USA,59,57
USA,59,58
USA,59,59
USA,59,60
USA,59,61
USA,59,62
USA,59,63
USA,59,64
USA,59,65
USA,59,66
USA,59,67
USA,59,68
USA,59,69
USA,59,70
USA,59,71
USA,59,72
USA,59,73
USA,59,74
USA,59,75
USA,59,76
USA,59,77
USA,59,78
CAN,59,79
CAN,59,80
CAN,59,81
CAN,59,82
CAN,59,83
CAN,59,84
CAN,59,85
CAN,59,86
CAN,59,87
CAN,59,88
CAN,59,89
CAN,59,90
CAN,59,91
CAN,59,92
CAN,59,93
CAN,59,94
CAN,59,95
CAN,59,96
CAN,59,97
CAN,59,98
CAN,59,99
CAN,59,100
CAN,59,101
CAN,59,102
CAN,59,103
CAN,59,104
CAN,59,105
CAN,59,106
CAN,59,107
CAN,59,108
CAN,59,109
CAN,59,110
CAN,59,111
CAN,59,112
CAN,59,113
CAN,59,114
CAN,59,115
CAN,59,116
CAN,59,117
CAN,59,118
CAN,59,119
CAN,59,120
CAN,59,121
CAN,59,122
CAN,59,123
CAN,59,124
CAN,59,125
CAN,59,126
CAN,59,127
CAN,59,128
CAN,59,129
CAN,59,130
CAN,59,131
CAN,59,132
CAN,59,133
CAN,59,134
CAN,59,135
CAN,59,136
CAN,59,137
CAN,59,138
CAN,59,139
CAN,59,140
CAN,59,141
CAN,59,142
CAN,59,143
CAN,59,144
CAN,59,145
CAN,59,146
CAN,59,147
CAN,59,148
CAN,59,149
CAN,59,150
CAN,59,151
CAN,59,152
CAN,59,153
CAN,59,154
CAN,59,155
CAN,59,156
CAN,59,157
CAN,59,158
CAN,59,159
CAN,59,160
CAN,59,161
CAN,59,162
CAN,59,163
CAN,59,164
CAN,59,165
CAN,59,166
CAN,59,167
CAN,59,168
CAN,59,169
CAN,59,170
CAN,59,171
CAN,59,172
CAN,59,203
CAN,59,204
CAN,59,205
CAN,59,206
CAN,59,207
CAN,59,208
CAN,59,209
CAN,59,210
CAN,59,211
CAN,59,212
CAN,59,213
CAN,59,214
CAN,59,215
CAN,59,216
CAN,59,217
CAN,59,218
CAN,59,219
CAN,59,220
CAN,59,221
CAN,59,222
CAN,59,224
CAN,59,225
CAN,59,231
GRL,59,264
GRL,59,265
GRL,59,266
GRL,59,267
GRL,59,268
GRL,59,269
GRL,59,270
GRL,59,271
GRL,59,272
GRL,59,273
GRL,59,274
GRL,59,275
GBR,59,357
GBR,59,358
GBR,59,359
NOR,59,370
NOR,59,371
NOR,59,372
NOR,59,373
NOR,59,374
NOR,59,375
NOR,59,376
NOR,59,377
NOR,59,378
NOR,59,379
NOR,59,380
NOR,59,381
NOR,59,382
NOR,59,383
NOR,59,384
NOR,59,385
SWE,59,386
SWE,59,387
SWE,59,388
SWE,59,389
SWE,59,390
SWE,59,391
SWE,59,392
SWE,59,393
SWE,59,394
SWE,59,395
SWE,59,396
SWE,59,397
FIN,59,403
FIN,59,404
FIN,59,405
FIN,59,406
FIN,59,407
FIN,59,408
FIN,59,409
FIN,59,410
FIN,59,411
FIN,59,412
FIN,59,413
FIN,59,414
FIN,59,415
FIN,59,416
RUS,59,417
RUS,59,418
RUS,59,419
RUS,59,420
RUS,59,421
RUS,59,422
RUS,59,423
RUS,59,424
RUS,59,425
RUS,59,426
RUS,59,427
RUS,59,428
RUS,59,429
RUS,59,430
RUS,59,431
RUS,59,432
RUS,59,433
RUS,59,434
RUS,59,435
RUS,59,436
RUS,59,437
RUS,59,438
RUS,59,439
RUS,59,440
RUS,59,441
RUS,59,442
RUS,59,443
RUS,59,444
RUS,59,445
RUS,59,446
RUS,59,447
RUS,59,448
RUS,59,449
RUS,59,450
RUS,59,451
RUS,59,452
RUS,59,453
RUS,59,454
RUS,59,455
RUS,59,456
RUS,59,457
RUS,59,458
RUS,59,459
RUS,59,460
RUS,59,461
RUS,59,462
RUS,59,463
RUS,59,464
RUS,59,465
RUS,59,466
RUS,59,467
RUS,59,468
RUS,59,469
RUS,59,470
RUS,59,471
RUS,59,472
RUS,59,473
RUS,59,474
RUS,59,475
RUS,59,476
RUS,59,477
RUS,59,478
RUS,59,479
RUS,59,480
RUS,59,481
RUS,59,482
RUS,59,483
RUS,59,484
RUS,59,485
RUS,59,486
RUS,59,487
RUS,59,488
RUS,59,489
RUS,59,490
RUS,59,491
RUS,59,492
RUS,59,493
RUS,59,494
RUS,59,495
RUS,59,496
RUS,59,497
RUS,59,498
RUS,59,499
RUS,59,500
RUS,59,501
RUS,59,502
RUS,59,503
RUS,59,504
RUS,59,505
RUS,59,506
RUS,59,507
RUS,59,508
RUS,59,509
RUS,59,510
RUS,59,511
RUS,59,512
RUS,59,513
RUS,59,514
RUS,59,515
RUS,59,516
RUS,59,517
RUS,59,518
RUS,59,519
RUS,59,520
RUS,59,521
RUS,59,522
RUS,59,523
RUS,59,524
RUS,59,525
RUS,59,526
RUS,59,527
RUS,59,528
RUS,59,529
RUS,59,530
RUS,59,531
RUS,59,532
RUS,59,533
RUS,59,534
RUS,59,535
RUS,59,536
RUS,59,537
RUS,59,538
RUS,59,539
RUS,59,540
RUS,59,541
RUS,59,542
RUS,59,543
RUS,59,544
RUS,59,545
RUS,59,546
RUS,59,547
RUS,59,548
RUS,59,549
RUS,59,550
RUS,59,551
RUS,59,552
RUS,59,553
RUS,59,554
RUS,59,555
RUS,59,556
RUS,59,557
RUS,59,558
RUS,59,559
RUS,59,560
RUS,59,561
RUS,59,562
RUS,59,563
RUS,59,564
RUS,59,565
RUS,59,566
RUS,59,567
RUS,59,568
RUS,59,569
RUS,59,570
RUS,59,571
RUS,59,572
RUS,59,573
RUS,59,574
RUS,59,575
RUS,59,576
RUS,59,577
RUS,59,578
RUS,59,579
RUS,59,580
RUS,59,581
RUS,59,582
RUS,59,583
RUS,59,584
RUS,59,585
RUS,59,586
RUS,59,587
RUS,59,588
RUS,59,589
RUS,59,590
RUS,59,591
RUS,59,592
RUS,59,593
RUS,59,594
RUS,59,595
RUS,59,596
RUS,59,597
RUS,59,598
RUS,59,599
RUS,59,600
RUS,59,601
RUS,59,602
RUS,59,603
RUS,59,604
RUS,59,605
RUS,59,606
RUS,59,607
RUS,59,608
RUS,59,609
RUS,59,610
RUS,59,611
RUS,59,612
RUS,59,613
RUS,59,614
RUS,59,615
RUS,59,616
RUS,59,617
RUS,59,618
RUS,59,619
RUS,59,620
RUS,59,621
RUS,59,622
RUS,59,623
RUS,59,624
RUS,59,625
RUS,59,626
RUS,59,627
RUS,59,628
RUS,59,629
RUS,59,630
RUS,59,631
RUS,59,632
RUS,59,633
RUS,59,634
RUS,59,635
RUS,59,636
RUS,59,637
RUS,59,638
RUS,59,639
RUS,59,640
RUS,59,641
RUS,59,642
RUS,59,643
RUS,59,644
RUS,59,645
RUS,59,646
RUS,59,647
RUS,59,648
RUS,59,649
RUS,59,650
RUS,59,651
RUS,59,652
RUS,59,653
RUS,59,654
RUS,59,655
RUS,59,656
RUS,59,657
RUS,59,658
RUS,59,659
RUS,59,660
RUS,59,661
RUS,59,662
RUS,59,663
RUS,59,664
RUS,59,665
RUS,59,666
RUS,59,667
RUS,59,668
RUS,59,669
RUS,59,670
RUS,59,671
RUS,59,672
RUS,59,673
RUS,59,680
RUS,59,681
RUS,59,682
RUS,59,683
RUS,59,685
RUS,59,686
RUS,59,687
RUS,59,688
RUS,59,689
RUS,59,690
RUS,59,691
RUS,59,692
RUS,59,693
RUS,59,694
RUS,59,695
RUS,59,696
RUS,59,697
RUS,59,698
RUS,59,699
RUS,59,700
RUS,59,701
RUS,59,702
RUS,59,703
RUS,59,704
RUS,59,705
USA,60,15
USA,60,16
USA,60,26
USA,60,27
USA,60,28
USA,60,29
USA,60,30
USA,60,31
USA,60,32
USA,60,33
USA,60,34
USA,60,35
USA,60,36
USA,60,37
USA,60,38
USA,60,39
USA,60,40
USA,60,41
USA,60,42
USA,60,43
USA,60,44
USA,60,45
USA,60,46
USA,60,47
USA,60,48
USA,60,49
USA,60,50
USA,60,51
USA,60,52
USA,60,53
USA,60,54
USA,60,55
USA,60,56
USA,60,57
USA,60,58
USA,60,59
USA,60,60
USA,60,61
USA,60,62
USA,60,63
USA,60,64
USA,60,65
USA,60,66
USA,60,67
USA,60,68
USA,60,69
USA,60,70
USA,60,71
USA,60,72
USA,60,73
USA,60,74
USA,60,75
USA,60,76
USA,60,77
USA,60,78
USA,60,79
USA,60,80
USA,60,81
USA,60,82
CAN,60,83
CAN,60,84
CAN,60,85
CAN,60,86
CAN,60,87
CAN,60,88
CAN,60,89
CAN,60,90
CAN,60,91
CAN,60,92
CAN,60,93
CAN,60,94
CAN,60,95
CAN,60,96
CAN,60,97
CAN,60,98
CAN,60,99
CAN,60,100
CAN,60,101
CAN,60,102
CAN,60,103
CAN,60,104
CAN,60,105
CAN,60,106
CAN,60,107
CAN,60,108
CAN,60,109
CAN,60,110
CAN,60,111
CAN,60,112
CAN,60,113
CAN,60,114
CAN,60,115
CAN,60,116
CAN,60,117
CAN,60,118
CAN,60,119
CAN,60,120
CAN,60,121
CAN,60,122
CAN,60,123
CAN,60,124
CAN,60,125
CAN,60,126
CAN,60,127
CAN,60,128
CAN,60,129
CAN,60,130
CAN,60,131
CAN,60,132
CAN,60,133
CAN,60,134
CAN,60,135
CAN,60,136
CAN,60,137
CAN,60,138
CAN,60,139
CAN,60,140
CAN,60,141
CAN,60,142
CAN,60,143
CAN,60,144
CAN,60,145
CAN,60,146
CAN,60,147
CAN,60,148
CAN,60,149
CAN,60,150
CAN,60,151
CAN,60,152
CAN,60,153
CAN,60,154
CAN,60,155
CAN,60,156
CAN,60,157
CAN,60,158
CAN,60,159
CAN,60,160
CAN,60,161
CAN,60,162
CAN,60,163
CAN,60,164
CAN,60,165
CAN,60,166
CAN,60,167
CAN,60,168
CAN,60,169
CAN,60,170
CAN,60,171
CAN,60,205
CAN,60,206
CAN,60,207
CAN,60,208
CAN,60,209
CAN,60,210
CAN,60,211
CAN,60,212
CAN,60,213
CAN,60,214
CAN,60,215
CAN,60,216
CAN,60,217
CAN,60,218
CAN,60,219
CAN,60,220
CAN,60,221
CAN,60,224
CAN,60,225
CAN,60,230
CAN,60,231
CAN,60,232
GRL,60,270
GRL,60,271
GRL,60,272
GRL,60,273
GRL,60,274
GBR,60,356
GBR,60,357
GBR,60,358
GBR,60,359
NOR,60,371
NOR,60,372
NOR,60,373
NOR,60,374
NOR,60,375
NOR,60,376
NOR,60,377
NOR,60,378
NOR,60,379
NOR,60,380
NOR,60,381
NOR,60,382
NOR,60,383
NOR,60,384
NOR,60,385
SWE,60,386
SWE,60,387
SWE,60,388
SWE,60,389
SWE,60,390
SWE,60,391
SWE,60,392
SWE,60,393
SWE,60,394
SWE,60,395
SWE,60,396
SWE,60,397
SWE,60,398
FIN,60,403
FIN,60,404
FIN,60,405
FIN,60,406
FIN,60,407
FIN,60,408
FIN,60,409
FIN,60,410
FIN,60,411
FIN,60,412
FIN,60,413
FIN,60,414
RUS,60,415
RUS,60,416
RUS,60,417
RUS,60,418
RUS,60,419
RUS,60,420
RUS,60,421
RUS,60,422
RUS,60,423
RUS,60,424
RUS,60,425
RUS,60,426
RUS,60,427
RUS,60,428
RUS,60,429
RUS,60,430
RUS,60,431
RUS,60,432
RUS,60,433
RUS,60,434
RUS,60,435
RUS,60,436
RUS,60,437
RUS,60,438
RUS,60,439
RUS,60,440
RUS,60,441
RUS,60,442
RUS,60,443
RUS,60,444
RUS,60,445
RUS,60,446
RUS,60,447
RUS,60,448
RUS,60,449
RUS,60,450
RUS,60,451
RUS,60,452
RUS,60,453
RUS,60,454
RUS,60,455
RUS,60,456
RUS,60,457
RUS,60,458
RUS,60,459
RUS,60,460
RUS,60,461
RUS,60,462
RUS,60,463
RUS,60,464
RUS,60,465
RUS,60,466
RUS,60,467
RUS,60,468
RUS,60,469
RUS,60,470
RUS,60,471
RUS,60,472
RUS,60,473
RUS,60,474
RUS,60,475
RUS,60,476
RUS,60,477
RUS,60,478
RUS,60,479
RUS,60,480
RUS,60,481
RUS,60,482
RUS,60,483
RUS,60,484
RUS,60,485
RUS,60,486
RUS,60,487
RUS,60,488
RUS,60,489
RUS,60,490
RUS,60,491
RUS,60,492
RUS,60,493
RUS,60,494
RUS,60,495
RUS,60,496
RUS,60,497
RUS,60,498
RUS,60,499
RUS,60,500
RUS,60,501
RUS,60,502
RUS,60,503
RUS,60,504
RUS,60,505
RUS,60,506
RUS,60,507
RUS,60,508
RUS,60,509
RUS,60,510
RUS,60,511
RUS,60,512
RUS,60,513
RUS,60,514
RUS,60,515
RUS,60,516
RUS,60,517
RUS,60,518
RUS,60,519
RUS,60,520
RUS,60,521
RUS,60,522
RUS,60,523
RUS,60,524
RUS,60,525
RUS,60,526
RUS,60,527
RUS,60,528
RUS,60,529
RUS,60,530
RUS,60,531
RUS,60,532
RUS,60,533
RUS,60,534
RUS,60,535
RUS,60,536
RUS,60,537
RUS,60,538
RUS,60,539
RUS,60,540
RUS,60,541
RUS,60,542
RUS,60,543
RUS,60,544
RUS,60,545
RUS,60,546
RUS,60,547
RUS,60,548
RUS,60,549
RUS,60,550
RUS,60,551
RUS,60,552
RUS,60,553
RUS,60,554
RUS,60,555
RUS,60,556
RUS,60,557
RUS,60,558
RUS,60,559
RUS,60,560
RUS,60,561
RUS,60,562
RUS,60,563
RUS,60,564
RUS,60,565
RUS,60,566
RUS,60,567
RUS,60,568
RUS,60,569
RUS,60,570
RUS,60,571
RUS,60,572
RUS,60,573
RUS,60,574
RUS,60,575
RUS,60,576
RUS,60,577
RUS,60,578
RUS,60,579
RUS,60,580
RUS,60,581
RUS,60,582
RUS,60,583
RUS,60,584
RUS,60,585
RUS,60,586
RUS,60,587
RUS,60,588
RUS,60,589
RUS,60,590
RUS,60,591
RUS,60,592
RUS,60,593
RUS,60,594
RUS,60,595
RUS,60,596
RUS,60,597
RUS,60,598
RUS,60,599
RUS,60,600
RUS,60,601
RUS,60,602
RUS,60,603
RUS,60,604
RUS,60,605
RUS,60,606
RUS,60,607
RUS,60,608
RUS,60,609
RUS,60,610
RUS,60,611
RUS,60,612
RUS,60,613
RUS,60,614
RUS,60,615
RUS,60,616
RUS,60,617
RUS,60,618
RUS,60,619
RUS,60,620
RUS,60,621
RUS,60,622
RUS,60,623
RUS,60,624
RUS,60,625
RUS,60,626
RUS,60,627
RUS,60,628
RUS,60,629
RUS,60,630
RUS,60,631
RUS,60,632
RUS,60,633
RUS,60,634
RUS,60,635
RUS,60,636
RUS,60,637
RUS,60,638
RUS,60,639
RUS,60,640
RUS,60,641
RUS,60,642
RUS,60,643
RUS,60,644
RUS,60,645
RUS,60,646
RUS,60,647
RUS,60,648
RUS,60,649
RUS,60,650
RUS,60,651
RUS,60,652
RUS,60,653
RUS,60,654
RUS,60,655
RUS,60,656
RUS,60,657
RUS,60,658
RUS,60,659
RUS,60,660
RUS,60,661
RUS,60,662
RUS,60,663
RUS,60,664
RUS,60,665
RUS,60,666
RUS,60,667
RUS,60,668
RUS,60,669
RUS,60,670
RUS,60,671
RUS,60,683
RUS,60,684
RUS,60,685
RUS,60,686
RUS,60,687
RUS,60,688
RUS,60,689
RUS,60,690
RUS,60,691
RUS,60,692
RUS,60,693
RUS,60,694
RUS,60,695
RUS,60,696
RUS,60,700
RUS,60,701
RUS,60,702
USA,61,27
USA,61,28
USA,61,29
USA,61,32
USA,61,33
USA,61,34
USA,61,35
USA,61,36
USA,61,37
USA,61,38
USA,61,39
USA,61,40
USA,61,41
USA,61,42
USA,61,43
USA,61,44
USA,61,45
USA,61,46
USA,61,47
USA,61,48
USA,61,49
USA,61,50
USA,61,51
USA,61,52
USA,61,53
USA,61,54
USA,61,55
USA,61,57
USA,61,58
USA,61,59
USA,61,60
USA,61,61
USA,61,62
USA,61,63
USA,61,64
USA,61,65
USA,61,66
USA,61,71
USA,61,72
USA,61,78
USA,61,79
USA,61,80
USA,61,81
USA,61,82
USA,61,83
CAN,61,84
CAN,61,85
CAN,61,86
CAN,61,87
CAN,61,88
CAN,61,89
CAN,61,90
CAN,61,91
CAN,61,92
CAN,61,93
CAN,61,94
CAN,61,95
CAN,61,96
CAN,61,97
CAN,61,98
CAN,61,99
CAN,61,100
CAN,61,101
CAN,61,102
CAN,61,103
CAN,61,104
CAN,61,105
CAN,61,106
CAN,61,107
CAN,61,108
CAN,61,109
CAN,61,110
CAN,61,111
CAN,61,112
CAN,61,113
CAN,61,114
CAN,61,115
CAN,61,116
CAN,61,117
CAN,61,118
CAN,61,119
CAN,61,120
CAN,61,121
CAN,61,122
CAN,61,123
CAN,61,124
CAN,61,125
CAN,61,126
CAN,61,127
CAN,61,128
CAN,61,129
CAN,61,130
CAN,61,131
CAN,61,132
CAN,61,133
CAN,61,134
CAN,61,135
CAN,61,136
CAN,61,137
CAN,61,138
CAN,61,139
CAN,61,140
CAN,61,141
CAN,61,142
CAN,61,143
CAN,61,144
CAN,61,145
CAN,61,146
CAN,61,147
CAN,61,148
CAN,61,149
CAN,61,150
CAN,61,151
CAN,61,152
CAN,61,153
CAN,61,154
CAN,61,155
CAN,61,156
CAN,61,157
CAN,61,158
CAN,61,159
CAN,61,160
CAN,61,161
CAN,61,162
CAN,61,163
CAN,61,164
CAN,61,165
CAN,61,166
CAN,61,167
CAN,61,168
CAN,61,169
CAN,61,170
CAN,61,171
CAN,61,200
CAN,61,201
CAN,61,205
CAN,61,206
CAN,61,207
CAN,61,208
CAN,61,209
CAN,61,210
CAN,61,211
CAN,61,212
CAN,61,213
CAN,61,214
CAN,61,215
CAN,61,216
CAN,61,217
CAN,61,218
CAN,61,219
CAN,61,220
CAN,61,221
CAN,61,230
CAN,61,231
CAN,61,232
CAN,61,233
GRL,61,271
GRL,61,272
GRL,61,273
GRL,61,274
GBR,61,358
NOR,61,371
NOR,61,372
NOR,61,373
NOR,61,374
NOR,61,375
NOR,61,376
NOR,61,377
NOR,61,378
NOR,61,379
NOR,61,380
NOR,61,381
NOR,61,382
NOR,61,383
NOR,61,384
SWE,61,385
SWE,61,386
SWE,61,387
SWE,61,388
SWE,61,389
SWE,61,390
SWE,61,391
SWE,61,392
SWE,61,393
SWE,61,394
SWE,61,395
SWE,61,396
SWE,61,397
SWE,61,398
SWE,61,399
FIN,61,407
EST,61,410
EST,61,411
EST,61,412
EST,61,413
EST,61,414
RUS,61,417
RUS,61,418
RUS,61,419
RUS,61,420
RUS,61,421
RUS,61,422
RUS,61,423
RUS,61,424
RUS,61,425
RUS,61,426
RUS,61,427
RUS,61,428
RUS,61,429
RUS,61,430
RUS,61,431
RUS,61,432
RUS,61,433
RUS,61,434
RUS,61,435
RUS,61,436
RUS,61,437
RUS,61,438
RUS,61,439
RUS,61,440
RUS,61,441
RUS,61,442
RUS,61,443
RUS,61,444
RUS,61,445
RUS,61,446
RUS,61,447
RUS,61,448
RUS,61,449
RUS,61,450
RUS,61,451
RUS,61,452
RUS,61,453
RUS,61,454
RUS,61,455
RUS,61,456
RUS,61,457
RUS,61,458
RUS,61,459
RUS,61,460
RUS,61,461
RUS,61,462
RUS,61,463
RUS,61,464
RUS,61,465
RUS,61,466
RUS,61,467
RUS,61,468
RUS,61,469
RUS,61,470
RUS,61,471
RUS,61,472
RUS,61,473
RUS,61,474
RUS,61,475
RUS,61,476
RUS,61,477
RUS,61,478
RUS,61,479
RUS,61,480
RUS,61,481
RUS,61,482
RUS,61,483
RUS,61,484
RUS,61,485
RUS,61,486
RUS,61,487
RUS,61,488
RUS,61,489
RUS,61,490
RUS,61,491
RUS,61,492
RUS,61,493
RUS,61,494
RUS,61,495
RUS,61,496
RUS,61,497
RUS,61,498
RUS,61,499
RUS,61,500
RUS,61,501
RUS,61,502
RUS,61,503
RUS,61,504
RUS,61,505
RUS,61,506
RUS,61,507
RUS,61,508
RUS,61,509
RUS,61,510
RUS,61,511
RUS,61,512
RUS,61,513
RUS,61,514
RUS,61,515
RUS,61,516
RUS,61,517
RUS,61,518
RUS,61,519
RUS,61,520
RUS,61,521
RUS,61,522
RUS,61,523
RUS,61,524
RUS,61,525
RUS,61,526
RUS,61,527
RUS,61,528
RUS,61,529
RUS,61,530
RUS,61,531
RUS,61,532
RUS,61,533
RUS,61,534
RUS,61,535
RUS,61,536
RUS,61,537
RUS,61,538
RUS,61,539
RUS,61,540
RUS,61,541
RUS,61,542
RUS,61,543
RUS,61,544
RUS,61,545
RUS,61,546
RUS,61,547
RUS,61,548
RUS,61,549
RUS,61,550
RUS,61,551
RUS,61,552
RUS,61,553
RUS,61,554
RUS,61,555
RUS,61,556
RUS,61,557
RUS,61,558
RUS,61,559
RUS,61,560
RUS,61,561
RUS,61,562
RUS,61,563
RUS,61,564
RUS,61,565
RUS,61,566
RUS,61,567
RUS,61,568
RUS,61,569
RUS,61,570
RUS,61,571
RUS,61,572
RUS,61,573
RUS,61,574
RUS,61,575
RUS,61,576
RUS,61,577
RUS,61,578
RUS,61,579
RUS,61,580
RUS,61,581
RUS,61,582
RUS,61,583
RUS,61,584
RUS,61,585
RUS,61,586
RUS,61,587
RUS,61,588
RUS,61,589
RUS,61,590
RUS,61,591
RUS,61,592
RUS,61,593
RUS,61,594
RUS,61,595
RUS,61,596
RUS,61,597
RUS,61,598
RUS,61,599
RUS,61,600
RUS,61,601
RUS,61,602
RUS,61,603
RUS,61,604
RUS,61,605
RUS,61,606
RUS,61,607
RUS,61,608
RUS,61,609
RUS,61,610
RUS,61,611
RUS,61,612
RUS,61,613
RUS,61,614
RUS,61,615
RUS,61,616
RUS,61,617
RUS,61,618
RUS,61,619
RUS,61,620
RUS,61,621
RUS,61,622
RUS,61,623
RUS,61,624
RUS,61,625
RUS,61,626
RUS,61,627
RUS,61,628
RUS,61,629
RUS,61,630
RUS,61,631
RUS,61,632
RUS,61,633
RUS,61,634
RUS,61,635
RUS,61,636
RUS,61,637
RUS,61,638
RUS,61,639
RUS,61,640
RUS,61,641
RUS,61,642
RUS,61,643
RUS,61,644
RUS,61,645
RUS,61,646
RUS,61,647
RUS,61,648
RUS,61,649
RUS,61,650
RUS,61,651
RUS,61,652
RUS,61,653
RUS,61,654
RUS,61,655
RUS,61,656
RUS,61,657
RUS,61,658
RUS,61,659
RUS,61,660
RUS,61,661
RUS,61,662
RUS,61,663
RUS,61,664
RUS,61,665
RUS,61,666
RUS,61,667
RUS,61,668
RUS,61,669
RUS,61,670
RUS,61,682
RUS,61,683
RUS,61,684
RUS,61,685
RUS,61,686
RUS,61,687
RUS,61,688
RUS,61,689
RUS,61,690
RUS,61,691
RUS,61,693
RUS,61,701
USA,62,37
USA,62,38
USA,62,39
USA,62,40
USA,62,41
USA,62,42
USA,62,43
USA,62,44
USA,62,45
USA,62,46
USA,62,47
USA,62,48
USA,62,49
USA,62,50
USA,62,51
USA,62,52
USA,62,53
USA,62,54
USA,62,57
USA,62,58
USA,62,59
USA,62,60
USA,62,81
USA,62,82
USA,62,83
USA,62,84
USA,62,85
CAN,62,86
CAN,62,87
USA,62,88
USA,62,89
USA,62,90
USA,62,91
CAN,62,92
CAN,62,93
CAN,62,94
CAN,62,95
CAN,62,96
CAN,62,97
CAN,62,98
CAN,62,99
CAN,62,100
CAN,62,101
CAN,62,102
CAN,62,103
CAN,62,104
CAN,62,105
CAN,62,106
CAN,62,107
CAN,62,108
CAN,62,109
CAN,62,110
CAN,62,111
CAN,62,112
CAN,62,113
CAN,62,114
CAN,62,115
CAN,62,116
CAN,62,117
CAN,62,118
CAN,62,119
CAN,62,120
CAN,62,121
CAN,62,122
CAN,62,123
CAN,62,124
CAN,62,125
CAN,62,126
CAN,62,127
CAN,62,128
CAN,62,129
CAN,62,130
CAN,62,131
CAN,62,132
CAN,62,133
CAN,62,134
CAN,62,135
CAN,62,136
CAN,62,137
CAN,62,138
CAN,62,139
CAN,62,140
CAN,62,141
CAN,62,142
CAN,62,143
CAN,62,144
CAN,62,145
CAN,62,146
CAN,62,147
CAN,62,148
CAN,62,149
CAN,62,150
CAN,62,151
CAN,62,152
CAN,62,153
CAN,62,154
CAN,62,155
CAN,62,156
CAN,62,157
CAN,62,158
CAN,62,159
CAN,62,160
CAN,62,161
CAN,62,162
CAN,62,163
CAN,62,164
CAN,62,165
CAN,62,166
CAN,62,167
CAN,62,168
CAN,62,169
CAN,62,170
CAN,62,171
,62,199
,62,200
CAN,62,204
CAN,62,205
CAN,62,206
CAN,62,207
CAN,62,208
CAN,62,209
CAN,62,210
CAN,62,211
CAN,62,212
CAN,62,213
CAN,62,214
CAN,62,215
CAN,62,216
CAN,62,217
CAN,62,218
CAN,62,219
CAN,62,220
CAN,62,221
CAN,62,222
CAN,62,223
CAN,62,229
CAN,62,230
CAN,62,231
CAN,62,232
CAN,62,233
CAN,62,234
GBR,62,354
GBR,62,355
GBR,62,356
NOR,62,371
NOR,62,372
NOR,62,373
NOR,62,374
NOR,62,375
NOR,62,376
NOR,62,377
NOR,62,378
NOR,62,379
NOR,62,380
NOR,62,381
NOR,62,382
NOR,62,383
NOR,62,384
SWE,62,385
SWE,62,386
SWE,62,387
SWE,62,388
SWE,62,389
SWE,62,390
SWE,62,391
SWE,62,392
SWE,62,393
SWE,62,394
SWE,62,395
SWE,62,396
SWE,62,397
SWE,62,398
EST,62,406
EST,62,407
EST,62,408
EST,62,409
EST,62,410
EST,62,411
EST,62,412
EST,62,413
EST,62,414
EST,62,415
EST,62,416
RUS,62,417
RUS,62,418
RUS,62,419
RUS,62,420
RUS,62,421
RUS,62,422
RUS,62,423
RUS,62,424
RUS,62,425
RUS,62,426
RUS,62,427
RUS,62,428
RUS,62,429
RUS,62,430
RUS,62,431
RUS,62,432
RUS,62,433
RUS,62,434
RUS,62,435
RUS,62,436
RUS,62,437
RUS,62,438
RUS,62,439
RUS,62,440
RUS,62,441
RUS,62,442
RUS,62,443
RUS,62,444
RUS,62,445
RUS,62,446
RUS,62,447
RUS,62,448
RUS,62,449
RUS,62,450
RUS,62,451
RUS,62,452
RUS,62,453
RUS,62,454
RUS,62,455
RUS,62,456
RUS,62,457
RUS,62,458
RUS,62,459
RUS,62,460
RUS,62,461
RUS,62,462
RUS,62,463
RUS,62,464
RUS,62,465
RUS,62,466
RUS,62,467
RUS,62,468
RUS,62,469
RUS,62,470
RUS,62,471
RUS,62,472
RUS,62,473
RUS,62,474
RUS,62,475
RUS,62,476
RUS,62,477
RUS,62,478
RUS,62,479
RUS,62,480
RUS,62,481
RUS,62,482
RUS,62,483
RUS,62,484
RUS,62,485
RUS,62,486
RUS,62,487
RUS,62,488
RUS,62,489
RUS,62,490
RUS,62,491
RUS,62,492
RUS,62,493
RUS,62,494
RUS,62,495
RUS,62,496
RUS,62,497
RUS,62,498
RUS,62,499
RUS,62,500
RUS,62,501
RUS,62,502
RUS,62,503
RUS,62,504
RUS,62,505
RUS,62,506
RUS,62,507
RUS,62,508
RUS,62,509
RUS,62,510
RUS,62,511
RUS,62,512
RUS,62,513
RUS,62,514
RUS,62,515
RUS,62,516
RUS,62,517
RUS,62,518
RUS,62,519
RUS,62,520
RUS,62,521
RUS,62,522
RUS,62,523
RUS,62,524
RUS,62,525
RUS,62,526
RUS,62,527
RUS,62,528
RUS,62,529
RUS,62,530
RUS,62,531
RUS,62,532
RUS,62,533
RUS,62,534
RUS,62,535
RUS,62,536
RUS,62,537
RUS,62,538
RUS,62,539
RUS,62,540
RUS,62,541
RUS,62,542
RUS,62,543
RUS,62,544
RUS,62,545
RUS,62,546
RUS,62,547
RUS,62,548
RUS,62,549
RUS,62,550
RUS,62,551
RUS,62,552
RUS,62,553
RUS,62,554
RUS,62,555
RUS,62,556
RUS,62,557
RUS,62,558
RUS,62,559
RUS,62,560
RUS,62,561
RUS,62,562
RUS,62,563
RUS,62,564
RUS,62,565
RUS,62,566
RUS,62,567
RUS,62,568
RUS,62,569
RUS,62,570
RUS,62,571
RUS,62,572
RUS,62,573
RUS,62,574
RUS,62,575
RUS,62,576
RUS,62,577
RUS,62,578
RUS,62,579
RUS,62,580
RUS,62,581
RUS,62,582
RUS,62,583
RUS,62,584
RUS,62,585
RUS,62,586
RUS,62,587
RUS,62,588
RUS,62,589
RUS,62,590
RUS,62,591
RUS,62,592
RUS,62,593
RUS,62,594
RUS,62,595
RUS,62,596
RUS,62,597
RUS,62,598
RUS,62,599
RUS,62,600
RUS,62,601
RUS,62,602
RUS,62,603
RUS,62,604
RUS,62,605
RUS,62,606
RUS,62,607
RUS,62,608
RUS,62,609
RUS,62,610
RUS,62,611
RUS,62,612
RUS,62,613
RUS,62,614
RUS,62,615
RUS,62,616
RUS,62,617
RUS,62,618
RUS,62,619
RUS,62,620
RUS,62,621
RUS,62,622
RUS,62,623
RUS,62,624
RUS,62,625
RUS,62,626
RUS,62,627
RUS,62,628
RUS,62,629
RUS,62,630
RUS,62,631
RUS,62,632
RUS,62,633
RUS,62,634
RUS,62,635
RUS,62,636
RUS,62,637
RUS,62,638
RUS,62,639
RUS,62,640
RUS,62,641
RUS,62,642
RUS,62,643
RUS,62,644
RUS,62,645
RUS,62,646
RUS,62,647
RUS,62,648
RUS,62,649
RUS,62,650
RUS,62,651
RUS,62,652
RUS,62,653
RUS,62,654
RUS,62,655
RUS,62,656
RUS,62,657
RUS,62,658
RUS,62,659
RUS,62,662
RUS,62,663
RUS,62,664
RUS,62,665
RUS,62,666
RUS,62,667
RUS,62,668
RUS,62,669
RUS,62,670
RUS,62,671
RUS,62,680
RUS,62,681
RUS,62,682
RUS,62,683
RUS,62,684
RUS,62,685
RUS,62,686
RUS,62,687
RUS,62,688
RUS,62,689
RUS,62,690
USA,63,36
USA,63,37
USA,63,38
USA,63,39
USA,63,40
USA,63,41
USA,63,42
USA,63,43
USA,63,44
USA,63,45
USA,63,46
USA,63,47
USA,63,48
USA,63,49
USA,63,50
USA,63,51
USA,63,52
USA,63,53
USA,63,54
USA,63,55
USA,63,56
USA,63,85
USA,63,86
USA,63,87
USA,63,88
USA,63,89
USA,63,90
USA,63,91
USA,63,92
CAN,63,93
CAN,63,94
CAN,63,95
CAN,63,96
CAN,63,97
CAN,63,98
CAN,63,99
CAN,63,100
CAN,63,101
CAN,63,102
CAN,63,103
CAN,63,104
CAN,63,105
CAN,63,106
CAN,63,107
CAN,63,108
CAN,63,109
CAN,63,110
CAN,63,111
CAN,63,112
CAN,63,113
CAN,63,114
CAN,63,115
CAN,63,116
CAN,63,117
CAN,63,118
CAN,63,119
CAN,63,120
CAN,63,121
CAN,63,122
CAN,63,123
CAN,63,124
CAN,63,125
CAN,63,126
CAN,63,127
CAN,63,128
CAN,63,129
CAN,63,130
CAN,63,131
CAN,63,132
CAN,63,133
CAN,63,134
CAN,63,135
CAN,63,136
CAN,63,137
CAN,63,138
CAN,63,139
CAN,63,140
CAN,63,141
CAN,63,142
CAN,63,143
CAN,63,144
CAN,63,145
CAN,63,146
CAN,63,147
CAN,63,148
CAN,63,149
CAN,63,150
CAN,63,151
CAN,63,152
CAN,63,153
CAN,63,154
CAN,63,155
CAN,63,156
CAN,63,157
CAN,63,158
CAN,63,159
CAN,63,160
CAN,63,161
CAN,63,162
CAN,63,163
CAN,63,164
CAN,63,165
CAN,63,166
CAN,63,167
CAN,63,168
CAN,63,169
CAN,63,170
CAN,63,171
CAN,63,172
CAN,63,173
CAN,63,174
CAN,63,203
CAN,63,204
CAN,63,205
CAN,63,206
CAN,63,207
CAN,63,208
CAN,63,209
CAN,63,210
CAN,63,211
CAN,63,212
CAN,63,213
CAN,63,214
CAN,63,215
CAN,63,216
CAN,63,217
CAN,63,218
CAN,63,219
CAN,63,220
CAN,63,221
CAN,63,222
CAN,63,223
CAN,63,224
CAN,63,225
CAN,63,227
CAN,63,228
CAN,63,229
CAN,63,230
CAN,63,231
CAN,63,232
CAN,63,233
CAN,63,234
CAN,63,235
GBR,63,348
GBR,63,350
GBR,63,351
GBR,63,352
GBR,63,353
GBR,63,354
GBR,63,355
NOR,63,372
NOR,63,373
NOR,63,374
NOR,63,375
NOR,63,376
NOR,63,377
NOR,63,378
NOR,63,379
NOR,63,380
SWE,63,383
SWE,63,384
SWE,63,385
SWE,63,386
SWE,63,387
SWE,63,388
SWE,63,389
SWE,63,390
SWE,63,391
SWE,63,392
SWE,63,393
SWE,63,394
SWE,63,395
SWE,63,396
SWE,63,397
EST,63,404
EST,63,405
EST,63,406
EST,63,407
EST,63,408
EST,63,409
EST,63,410
EST,63,411
EST,63,412
EST,63,413
EST,63,414
EST,63,415
RUS,63,416
RUS,63,417
RUS,63,418
RUS,63,419
RUS,63,420
RUS,63,421
RUS,63,422
RUS,63,423
RUS,63,424
RUS,63,425
RUS,63,426
RUS,63,427
RUS,63,428
RUS,63,429
RUS,63,430
RUS,63,431
RUS,63,432
RUS,63,433
RUS,63,434
RUS,63,435
RUS,63,436
RUS,63,437
RUS,63,438
RUS,63,439
RUS,63,440
RUS,63,441
RUS,63,442
RUS,63,443
RUS,63,444
RUS,63,445
RUS,63,446
RUS,63,447
RUS,63,448
RUS,63,449
RUS,63,450
RUS,63,451
RUS,63,452
RUS,63,453
RUS,63,454
RUS,63,455
RUS,63,456
RUS,63,457
RUS,63,458
RUS,63,459
RUS,63,460
RUS,63,461
RUS,63,462
RUS,63,463
RUS,63,464
RUS,63,465
RUS,63,466
RUS,63,467
RUS,63,468
RUS,63,469
RUS,63,470
RUS,63,471
RUS,63,472
RUS,63,473
RUS,63,474
RUS,63,475
RUS,63,476
RUS,63,477
RUS,63,478
RUS,63,479
RUS,63,480
RUS,63,481
RUS,63,482
RUS,63,483
RUS,63,484
RUS,63,485
RUS,63,486
RUS,63,487
RUS,63,488
RUS,63,489
RUS,63,490
RUS,63,491
RUS,63,492
RUS,63,493
RUS,63,494
RUS,63,495
RUS,63,496
RUS,63,497
RUS,63,498
RUS,63,499
RUS,63,500
RUS,63,501
RUS,63,502
RUS,63,503
RUS,63,504
RUS,63,505
RUS,63,506
RUS,63,507
RUS,63,508
RUS,63,509
RUS,63,510
RUS,63,511
RUS,63,512
RUS,63,513
RUS,63,514
RUS,63,515
RUS,63,516
RUS,63,517
RUS,63,518
RUS,63,519
RUS,63,520
RUS,63,521
RUS,63,522
RUS,63,523
RUS,63,524
RUS,63,525
RUS,63,526
RUS,63,527
RUS,63,528
RUS,63,529
RUS,63,530
RUS,63,531
RUS,63,532
RUS,63,533
RUS,63,534
RUS,63,535
RUS,63,536
RUS,63,537
RUS,63,538
RUS,63,539
RUS,63,540
RUS,63,541
RUS,63,542
RUS,63,543
RUS,63,544
RUS,63,545
RUS,63,546
RUS,63,547
RUS,63,548
RUS,63,549
RUS,63,550
RUS,63,551
RUS,63,552
RUS,63,553
RUS,63,554
RUS,63,555
RUS,63,556
RUS,63,557
RUS,63,558
RUS,63,559
RUS,63,560
RUS,63,561
RUS,63,562
RUS,63,563
RUS,63,564
RUS,63,565
RUS,63,566
RUS,63,567
RUS,63,568
RUS,63,569
RUS,63,570
RUS,63,571
RUS,63,572
RUS,63,573
RUS,63,574
RUS,63,575
RUS,63,576
RUS,63,577
RUS,63,578
RUS,63,579
RUS,63,580
RUS,63,581
RUS,63,582
RUS,63,583
RUS,63,584
RUS,63,585
RUS,63,586
RUS,63,587
RUS,63,588
RUS,63,589
RUS,63,590
RUS,63,591
RUS,63,592
RUS,63,593
RUS,63,594
RUS,63,595
RUS,63,596
RUS,63,597
RUS,63,598
RUS,63,599
RUS,63,600
RUS,63,601
RUS,63,602
RUS,63,603
RUS,63,604
RUS,63,605
RUS,63,606
RUS,63,607
RUS,63,608
RUS,63,609
RUS,63,610
RUS,63,611
RUS,63,612
RUS,63,613
RUS,63,614
RUS,63,615
RUS,63,616
RUS,63,617
RUS,63,618
RUS,63,619
RUS,63,620
RUS,63,621
RUS,63,622
RUS,63,623
RUS,63,624
RUS,63,625
RUS,63,626
RUS,63,627
RUS,63,628
RUS,63,629
RUS,63,630
RUS,63,631
RUS,63,632
RUS,63,633
RUS,63,634
RUS,63,635
RUS,63,636
RUS,63,637
RUS,63,638
RUS,63,639
RUS,63,640
RUS,63,641
RUS,63,642
RUS,63,643
RUS,63,644
RUS,63,663
RUS,63,664
RUS,63,665
RUS,63,666
RUS,63,679
RUS,63,680
RUS,63,681
RUS,63,682
RUS,63,683
RUS,63,684
RUS,63,685
RUS,63,686
RUS,63,687
RUS,63,688
RUS,63,689
RUS,63,690
USA,64,43
USA,64,45
USA,64,46
USA,64,47
USA,64,48
USA,64,49
USA,64,50
USA,64,51
USA,64,52
USA,64,54
USA,64,55
USA,64,56
USA,64,57
USA,64,86
USA,64,87
USA,64,88
USA,64,89
USA,64,90
USA,64,91
USA,64,92
USA,64,93
USA,64,94
CAN,64,95
CAN,64,96
CAN,64,97
CAN,64,98
CAN,64,99
CAN,64,100
CAN,64,101
CAN,64,102
CAN,64,103
CAN,64,104
CAN,64,105
CAN,64,106
CAN,64,107
CAN,64,108
CAN,64,109
CAN,64,110
CAN,64,111
CAN,64,112
CAN,64,113
CAN,64,114
CAN,64,115
CAN,64,116
CAN,64,117
CAN,64,118
CAN,64,119
CAN,64,120
CAN,64,121
CAN,64,122
CAN,64,123
CAN,64,124
CAN,64,125
CAN,64,126
CAN,64,127
CAN,64,128
CAN,64,129
CAN,64,130
CAN,64,131
CAN,64,132
CAN,64,133
CAN,64,134
CAN,64,135
CAN,64,136
CAN,64,137
CAN,64,138
CAN,64,139
CAN,64,140
CAN,64,141
CAN,64,142
CAN,64,143
CAN,64,144
CAN,64,145
CAN,64,146
CAN,64,147
CAN,64,148
CAN,64,149
CAN,64,150
CAN,64,151
CAN,64,152
CAN,64,153
CAN,64,154
CAN,64,155
CAN,64,156
CAN,64,157
CAN,64,158
CAN,64,159
CAN,64,160
CAN,64,161
CAN,64,162
CAN,64,163
CAN,64,164
CAN,64,165
CAN,64,166
CAN,64,167
CAN,64,168
CAN,64,169
CAN,64,170
CAN,64,171
CAN,64,172
CAN,64,173
CAN,64,174
CAN,64,175
CAN,64,204
CAN,64,205
CAN,64,206
CAN,64,207
CAN,64,208
CAN,64,209
CAN,64,210
CAN,64,211
CAN,64,212
CAN,64,213
CAN,64,214
CAN,64,215
CAN,64,216
CAN,64,217
CAN,64,218
CAN,64,219
CAN,64,220
CAN,64,221
CAN,64,222
CAN,64,223
CAN,64,224
CAN,64,225
CAN,64,226
CAN,64,227
CAN,64,228
CAN,64,229
CAN,64,230
CAN,64,231
CAN,64,232
CAN,64,233
CAN,64,234
CAN,64,235
CAN,64,236
GBR,64,346
GBR,64,347
GBR,64,348
GBR,64,350
GBR,64,351
GBR,64,352
GBR,64,353
GBR,64,354
NOR,64,373
NOR,64,374
NOR,64,375
NOR,64,376
NOR,64,377
NOR,64,378
SWE,64,383
SWE,64,384
SWE,64,385
SWE,64,386
SWE,64,387
SWE,64,388
SWE,64,389
SWE,64,390
SWE,64,391
SWE,64,392
SWE,64,393
SWE,64,394
SWE,64,399
EST,64,404
EST,64,405
EST,64,406
EST,64,407
EST,64,408
EST,64,409
EST,64,410
EST,64,411
EST,64,412
EST,64,413
EST,64,414
EST,64,415
RUS,64,416
RUS,64,417
RUS,64,418
RUS,64,419
RUS,64,420
RUS,64,421
RUS,64,422
RUS,64,423
RUS,64,424
RUS,64,425
RUS,64,426
RUS,64,427
RUS,64,428
RUS,64,429
RUS,64,430
RUS,64,431
RUS,64,432
RUS,64,433
RUS,64,434
RUS,64,435
RUS,64,436
RUS,64,437
RUS,64,438
RUS,64,439
RUS,64,440
RUS,64,441
RUS,64,442
RUS,64,443
RUS,64,444
RUS,64,445
RUS,64,446
RUS,64,447
RUS,64,448
RUS,64,449
RUS,64,450
RUS,64,451
RUS,64,452
RUS,64,453
RUS,64,454
RUS,64,455
RUS,64,456
RUS,64,457
RUS,64,458
RUS,64,459
RUS,64,460
RUS,64,461
RUS,64,462
RUS,64,463
RUS,64,464
RUS,64,465
RUS,64,466
RUS,64,467
RUS,64,468
RUS,64,469
RUS,64,470
RUS,64,471
RUS,64,472
RUS,64,473
RUS,64,474
RUS,64,475
RUS,64,476
RUS,64,477
RUS,64,478
RUS,64,479
RUS,64,480
RUS,64,481
RUS,64,482
RUS,64,483
RUS,64,484
RUS,64,485
RUS,64,486
RUS,64,487
RUS,64,488
RUS,64,489
RUS,64,490
RUS,64,491
RUS,64,492
RUS,64,493
RUS,64,494
RUS,64,495
RUS,64,496
RUS,64,497
RUS,64,498
RUS,64,499
RUS,64,500
RUS,64,501
RUS,64,502
RUS,64,503
RUS,64,504
RUS,64,505
RUS,64,506
RUS,64,507
RUS,64,508
RUS,64,509
RUS,64,510
RUS,64,511
RUS,64,512
RUS,64,513
RUS,64,514
RUS,64,515
RUS,64,516
RUS,64,517
RUS,64,518
RUS,64,519
RUS,64,520
RUS,64,521
RUS,64,522
RUS,64,523
RUS,64,524
RUS,64,525
RUS,64,526
RUS,64,527
RUS,64,528
RUS,64,529
RUS,64,530
RUS,64,531
RUS,64,532
RUS,64,533
RUS,64,534
RUS,64,535
RUS,64,536
RUS,64,537
RUS,64,538
RUS,64,539
RUS,64,540
RUS,64,541
RUS,64,542
RUS,64,543
RUS,64,544
RUS,64,545
RUS,64,546
RUS,64,547
RUS,64,548
RUS,64,549
RUS,64,550
RUS,64,551
RUS,64,552
RUS,64,553
RUS,64,554
RUS,64,555
RUS,64,556
RUS,64,557
RUS,64,558
RUS,64,559
RUS,64,560
RUS,64,561
RUS,64,562
RUS,64,563
RUS,64,564
RUS,64,565
RUS,64,566
RUS,64,567
RUS,64,568
RUS,64,569
RUS,64,570
RUS,64,571
RUS,64,572
RUS,64,573
RUS,64,574
RUS,64,575
RUS,64,576
RUS,64,577
RUS,64,578
RUS,64,579
RUS,64,580
RUS,64,581
RUS,64,582
RUS,64,583
RUS,64,584
RUS,64,585
RUS,64,586
RUS,64,587
RUS,64,588
RUS,64,589
RUS,64,590
RUS,64,591
RUS,64,592
RUS,64,593
RUS,64,594
RUS,64,595
RUS,64,596
RUS,64,597
RUS,64,598
RUS,64,599
RUS,64,600
RUS,64,601
RUS,64,602
RUS,64,603
RUS,64,604
RUS,64,605
RUS,64,606
RUS,64,607
RUS,64,608
RUS,64,609
RUS,64,610
RUS,64,611
RUS,64,612
RUS,64,613
RUS,64,614
RUS,64,615
RUS,64,616
RUS,64,617
RUS,64,618
RUS,64,619
RUS,64,620
RUS,64,621
RUS,64,622
RUS,64,623
RUS,64,624
RUS,64,625
RUS,64,626
RUS,64,627
RUS,64,628
RUS,64,629
RUS,64,630
RUS,64,631
RUS,64,632
RUS,64,633
RUS,64,634
RUS,64,635
RUS,64,636
RUS,64,637
RUS,64,638
RUS,64,639
RUS,64,640
RUS,64,641
RUS,64,642
RUS,64,643
RUS,64,676
RUS,64,677
RUS,64,678
RUS,64,679
RUS,64,680
RUS,64,681
RUS,64,682
RUS,64,683
RUS,64,684
RUS,64,685
USA,65,45
USA,65,46
USA,65,47
USA,65,48
USA,65,49
USA,65,50
USA,65,51
USA,65,52
USA,65,53
USA,65,54
USA,65,55
USA,65,56
USA,65,88
USA,65,89
USA,65,90
USA,65,91
USA,65,92
USA,65,93
USA,65,94
USA,65,95
CAN,65,96
CAN,65,97
CAN,65,98
CAN,65,99
CAN,65,100
CAN,65,101
CAN,65,102
CAN,65,103
CAN,65,104
CAN,65,105
CAN,65,106
CAN,65,107
CAN,65,108
CAN,65,109
CAN,65,110
CAN,65,111
CAN,65,112
CAN,65,113
CAN,65,114
CAN,65,115
CAN,65,116
CAN,65,117
CAN,65,118
CAN,65,119
CAN,65,120
CAN,65,121
CAN,65,122
CAN,65,123
CAN,65,124
CAN,65,125
CAN,65,126
CAN,65,127
CAN,65,128
CAN,65,129
CAN,65,130
CAN,65,131
CAN,65,132
CAN,65,133
CAN,65,134
CAN,65,135
CAN,65,136
CAN,65,137
CAN,65,138
CAN,65,139
CAN,65,140
CAN,65,141
CAN,65,142
CAN,65,143
CAN,65,144
CAN,65,145
CAN,65,146
CAN,65,147
CAN,65,148
CAN,65,149
CAN,65,150
CAN,65,151
CAN,65,152
CAN,65,153
CAN,65,154
CAN,65,155
CAN,65,156
CAN,65,157
CAN,65,158
CAN,65,159
CAN,65,160
CAN,65,161
CAN,65,162
CAN,65,163
CAN,65,164
CAN,65,165
CAN,65,166
CAN,65,167
CAN,65,168
CAN,65,169
CAN,65,170
CAN,65,171
CAN,65,172
CAN,65,173
CAN,65,174
CAN,65,175
CAN,65,176
CAN,65,201
CAN,65,206
CAN,65,207
CAN,65,208
CAN,65,209
CAN,65,210
CAN,65,211
CAN,65,212
CAN,65,213
CAN,65,214
CAN,65,215
CAN,65,216
CAN,65,217
CAN,65,218
CAN,65,219
CAN,65,220
CAN,65,221
CAN,65,222
CAN,65,223
CAN,65,224
CAN,65,225
CAN,65,226
CAN,65,227
CAN,65,228
CAN,65,229
CAN,65,230
CAN,65,231
CAN,65,232
CAN,65,233
CAN,65,234
CAN,65,235
CAN,65,236
CAN,65,237
GBR,65,346
GBR,65,347
GBR,65,348
GBR,65,349
GBR,65,350
GBR,65,351
GBR,65,352
GBR,65,353
GBR,65,354
GBR,65,355
GBR,65,356
GBR,65,357
DNK,65,380
DNK,65,381
DNK,65,382
SWE,65,384
SWE,65,385
SWE,65,386
SWE,65,387
SWE,65,388
SWE,65,389
SWE,65,390
SWE,65,391
SWE,65,392
SWE,65,393
SWE,65,394
SWE,65,397
SWE,65,398
SWE,65,399
LVA,65,404
LVA,65,405
LVA,65,406
EST,65,407
LVA,65,409
LVA,65,410
LVA,65,411
LVA,65,412
EST,65,413
EST,65,414
EST,65,415
RUS,65,416
RUS,65,417
RUS,65,418
RUS,65,419
RUS,65,420
RUS,65,421
RUS,65,422
RUS,65,423
RUS,65,424
RUS,65,425
RUS,65,426
RUS,65,427
RUS,65,428
RUS,65,429
RUS,65,430
RUS,65,431
RUS,65,432
RUS,65,433
RUS,65,434
RUS,65,435
RUS,65,436
RUS,65,437
RUS,65,438
RUS,65,439
RUS,65,440
RUS,65,441
RUS,65,442
RUS,65,443
RUS,65,444
RUS,65,445
RUS,65,446
RUS,65,447
RUS,65,448
RUS,65,449
RUS,65,450
RUS,65,451
RUS,65,452
RUS,65,453
RUS,65,454
RUS,65,455
RUS,65,456
RUS,65,457
RUS,65,458
RUS,65,459
RUS,65,460
RUS,65,461
RUS,65,462
RUS,65,463
RUS,65,464
RUS,65,465
RUS,65,466
RUS,65,467
RUS,65,468
RUS,65,469
RUS,65,470
RUS,65,471
RUS,65,472
RUS,65,473
RUS,65,474
RUS,65,475
RUS,65,476
RUS,65,477
RUS,65,478
RUS,65,479
RUS,65,480
RUS,65,481
RUS,65,482
RUS,65,483
RUS,65,484
RUS,65,485
RUS,65,486
RUS,65,487
RUS,65,488
RUS,65,489
RUS,65,490
RUS,65,491
RUS,65,492
RUS,65,493
RUS,65,494
RUS,65,495
RUS,65,496
RUS,65,497
RUS,65,498
RUS,65,499
RUS,65,500
RUS,65,501
RUS,65,502
RUS,65,503
RUS,65,504
RUS,65,505
RUS,65,506
RUS,65,507
RUS,65,508
RUS,65,509
RUS,65,510
RUS,65,511
RUS,65,512
RUS,65,513
RUS,65,514
RUS,65,515
RUS,65,516
RUS,65,517
RUS,65,518
RUS,65,519
RUS,65,520
RUS,65,521
RUS,65,522
RUS,65,523
RUS,65,524
RUS,65,525
RUS,65,526
RUS,65,527
RUS,65,528
RUS,65,529
RUS,65,530
RUS,65,531
RUS,65,532
RUS,65,533
RUS,65,534
RUS,65,535
RUS,65,536
RUS,65,537
RUS,65,538
RUS,65,539
RUS,65,540
RUS,65,541
RUS,65,542
RUS,65,543
RUS,65,544
RUS,65,545
RUS,65,546
RUS,65,547
RUS,65,548
RUS,65,549
RUS,65,550
RUS,65,551
RUS,65,552
RUS,65,553
RUS,65,554
RUS,65,555
RUS,65,556
RUS,65,557
RUS,65,558
RUS,65,559
RUS,65,560
RUS,65,561
RUS,65,562
RUS,65,563
RUS,65,564
RUS,65,565
RUS,65,566
RUS,65,567
RUS,65,568
RUS,65,569
RUS,65,570
RUS,65,571
RUS,65,572
RUS,65,573
RUS,65,574
RUS,65,575
RUS,65,576
RUS,65,577
RUS,65,578
RUS,65,579
RUS,65,580
RUS,65,581
RUS,65,582
RUS,65,583
RUS,65,584
RUS,65,585
RUS,65,586
RUS,65,587
RUS,65,588
RUS,65,589
RUS,65,590
RUS,65,591
RUS,65,592
RUS,65,593
RUS,65,594
RUS,65,595
RUS,65,596
RUS,65,597
RUS,65,598
RUS,65,599
RUS,65,600
RUS,65,601
RUS,65,602
RUS,65,603
RUS,65,604
RUS,65,605
RUS,65,606
RUS,65,607
RUS,65,608
RUS,65,609
RUS,65,610
RUS,65,611
RUS,65,612
RUS,65,613
RUS,65,614
RUS,65,615
RUS,65,616
RUS,65,617
RUS,65,618
RUS,65,619
RUS,65,620
RUS,65,621
RUS,65,622
RUS,65,623
RUS,65,624
RUS,65,625
RUS,65,626
RUS,65,627
RUS,65,628
RUS,65,629
RUS,65,630
RUS,65,631
RUS,65,632
RUS,65,633
RUS,65,634
RUS,65,635
RUS,65,636
RUS,65,637
RUS,65,638
RUS,65,639
RUS,65,640
RUS,65,641
RUS,65,642
RUS,65,674
RUS,65,675
RUS,65,676
RUS,65,677
RUS,65,678
RUS,65,679
RUS,65,680
RUS,65,681
RUS,65,682
RUS,65,683
RUS,65,684
RUS,65,685
RUS,65,686
RUS,65,687
USA,66,20
USA,66,43
USA,66,44
USA,66,45
USA,66,46
USA,66,47
USA,66,48
USA,66,51
USA,66,52
USA,66,53
USA,66,54
USA,66,55
USA,66,56
USA,66,89
USA,66,90
USA,66,91
USA,66,92
USA,66,93
USA,66,94
USA,66,95
CAN,66,96
CAN,66,97
CAN,66,98
CAN,66,99
CAN,66,100
CAN,66,101
CAN,66,102
CAN,66,103
CAN,66,104
CAN,66,105
CAN,66,106
CAN,66,107
CAN,66,108
CAN,66,109
CAN,66,110
CAN,66,111
CAN,66,112
CAN,66,113
CAN,66,114
CAN,66,115
CAN,66,116
CAN,66,117
CAN,66,118
CAN,66,119
CAN,66,120
CAN,66,121
CAN,66,122
CAN,66,123
CAN,66,124
CAN,66,125
CAN,66,126
CAN,66,127
CAN,66,128
CAN,66,129
CAN,66,130
CAN,66,131
CAN,66,132
CAN,66,133
CAN,66,134
CAN,66,135
CAN,66,136
CAN,66,137
CAN,66,138
CAN,66,139
CAN,66,140
CAN,66,141
CAN,66,142
CAN,66,143
CAN,66,144
CAN,66,145
CAN,66,146
CAN,66,147
CAN,66,148
CAN,66,149
CAN,66,150
CAN,66,151
CAN,66,152
CAN,66,153
CAN,66,154
CAN,66,155
CAN,66,156
CAN,66,157
CAN,66,158
CAN,66,159
CAN,66,160
CAN,66,161
CAN,66,162
CAN,66,163
CAN,66,164
CAN,66,165
CAN,66,166
CAN,66,167
CAN,66,168
CAN,66,169
CAN,66,170
CAN,66,171
CAN,66,172
CAN,66,173
CAN,66,174
CAN,66,175
CAN,66,176
CAN,66,177
CAN,66,178
CAN,66,179
CAN,66,180
CAN,66,181
,66,201
CAN,66,204
CAN,66,207
CAN,66,208
CAN,66,209
CAN,66,210
CAN,66,211
CAN,66,212
CAN,66,213
CAN,66,214
CAN,66,215
CAN,66,216
CAN,66,217
CAN,66,218
CAN,66,219
CAN,66,220
CAN,66,221
CAN,66,222
CAN,66,223
CAN,66,224
CAN,66,225
CAN,66,226
CAN,66,227
CAN,66,228
CAN,66,229
CAN,66,230
CAN,66,231
CAN,66,232
CAN,66,233
CAN,66,234
CAN,66,235
CAN,66,236
CAN,66,237
CAN,66,238
GBR,66,346
GBR,66,347
GBR,66,348
GBR,66,349
GBR,66,350
GBR,66,351
GBR,66,352
GBR,66,353
GBR,66,354
GBR,66,355
GBR,66,356
GBR,66,357
DNK,66,377
DNK,66,378
DNK,66,379
DNK,66,380
DNK,66,381
DNK,66,382
DNK,66,383
SWE,66,384
SWE,66,385
SWE,66,386
SWE,66,387
SWE,66,388
SWE,66,389
SWE,66,390
SWE,66,391
SWE,66,392
SWE,66,393
SWE,66,394
SWE,66,395
SWE,66,397
SWE,66,398
LVA,66,403
LVA,66,404
LVA,66,405
LVA,66,406
LVA,66,407
LVA,66,408
LVA,66,409
LVA,66,410
LVA,66,411
LVA,66,412
LVA,66,413
LVA,66,414
LVA,66,415
LVA,66,416
RUS,66,417
RUS,66,418
RUS,66,419
RUS,66,420
RUS,66,421
RUS,66,422
RUS,66,423
RUS,66,424
RUS,66,425
RUS,66,426
RUS,66,427
RUS,66,428
RUS,66,429
RUS,66,430
RUS,66,431
RUS,66,432
RUS,66,433
RUS,66,434
RUS,66,435
RUS,66,436
RUS,66,437
RUS,66,438
RUS,66,439
RUS,66,440
RUS,66,441
RUS,66,442
RUS,66,443
RUS,66,444
RUS,66,445
RUS,66,446
RUS,66,447
RUS,66,448
RUS,66,449
RUS,66,450
RUS,66,451
RUS,66,452
RUS,66,453
RUS,66,454
RUS,66,455
RUS,66,456
RUS,66,457
RUS,66,458
RUS,66,459
RUS,66,460
RUS,66,461
RUS,66,462
RUS,66,463
RUS,66,464
RUS,66,465
RUS,66,466
RUS,66,467
RUS,66,468
RUS,66,469
RUS,66,470
RUS,66,471
RUS,66,472
RUS,66,473
RUS,66,474
RUS,66,475
RUS,66,476
RUS,66,477
RUS,66,478
RUS,66,479
RUS,66,480
RUS,66,481
RUS,66,482
RUS,66,483
RUS,66,484
RUS,66,485
RUS,66,486
RUS,66,487
RUS,66,488
RUS,66,489
RUS,66,490
RUS,66,491
RUS,66,492
RUS,66,493
RUS,66,494
RUS,66,495
RUS,66,496
RUS,66,497
RUS,66,498
RUS,66,499
RUS,66,500
RUS,66,501
RUS,66,502
RUS,66,503
RUS,66,504
RUS,66,505
RUS,66,506
RUS,66,507
RUS,66,508
RUS,66,509
RUS,66,510
RUS,66,511
RUS,66,512
RUS,66,513
RUS,66,514
RUS,66,515
RUS,66,516
RUS,66,517
RUS,66,518
RUS,66,519
RUS,66,520
RUS,66,521
RUS,66,522
RUS,66,523
RUS,66,524
RUS,66,525
RUS,66,526
RUS,66,527
RUS,66,528
RUS,66,529
RUS,66,530
RUS,66,531
RUS,66,532
RUS,66,533
RUS,66,534
RUS,66,535
RUS,66,536
RUS,66,537
RUS,66,538
RUS,66,539
RUS,66,540
RUS,66,541
RUS,66,542
RUS,66,543
RUS,66,544
RUS,66,545
RUS,66,546
RUS,66,547
RUS,66,548
RUS,66,549
RUS,66,550
RUS,66,551
RUS,66,552
RUS,66,553
RUS,66,554
RUS,66,555
RUS,66,556
RUS,66,557
RUS,66,558
RUS,66,559
RUS,66,560
RUS,66,561
RUS,66,562
RUS,66,563
RUS,66,564
RUS,66,565
RUS,66,566
RUS,66,567
RUS,66,568
RUS,66,569
RUS,66,570
RUS,66,571
RUS,66,572
RUS,66,573
RUS,66,574
RUS,66,575
RUS,66,576
RUS,66,577
RUS,66,578
RUS,66,579
RUS,66,580
RUS,66,581
RUS,66,582
RUS,66,583
RUS,66,584
RUS,66,585
RUS,66,586
RUS,66,587
RUS,66,588
RUS,66,589
RUS,66,590
RUS,66,591
RUS,66,592
RUS,66,593
RUS,66,594
RUS,66,595
RUS,66,596
RUS,66,597
RUS,66,598
RUS,66,599
RUS,66,600
RUS,66,601
RUS,66,602
RUS,66,603
RUS,66,604
RUS,66,605
RUS,66,606
RUS,66,607
RUS,66,608
RUS,66,609
RUS,66,610
RUS,66,611
RUS,66,612
RUS,66,613
RUS,66,614
RUS,66,615
RUS,66,616
RUS,66,617
RUS,66,618
RUS,66,619
RUS,66,620
RUS,66,621
RUS,66,622
RUS,66,623
RUS,66,624
RUS,66,625
RUS,66,626
RUS,66,627
RUS,66,628
RUS,66,629
RUS,66,630
RUS,66,631
RUS,66,632
RUS,66,633
RUS,66,634
RUS,66,635
RUS,66,636
RUS,66,637
RUS,66,638
RUS,66,639
RUS,66,640
RUS,66,674
RUS,66,675
RUS,66,676
RUS,66,677
RUS,66,678
RUS,66,679
RUS,66,680
RUS,66,681
RUS,66,682
RUS,66,683
RUS,66,684
RUS,66,685
RUS,66,686
RUS,66,687
USA,67,21
USA,67,22
USA,67,41
USA,67,42
USA,67,43
USA,67,44
USA,67,45
USA,67,46
USA,67,47
USA,67,51
USA,67,52
USA,67,53
USA,67,90
USA,67,91
USA,67,92
USA,67,93
USA,67,94
USA,67,95
USA,67,96
CAN,67,97
CAN,67,98
CAN,67,99
CAN,67,100
CAN,67,101
CAN,67,102
CAN,67,103
CAN,67,104
CAN,67,105
CAN,67,106
CAN,67,107
CAN,67,108
CAN,67,109
CAN,67,110
CAN,67,111
CAN,67,112
CAN,67,113
CAN,67,114
CAN,67,115
CAN,67,116
CAN,67,117
CAN,67,118
CAN,67,119
CAN,67,120
CAN,67,121
CAN,67,122
CAN,67,123
CAN,67,124
CAN,67,125
CAN,67,126
CAN,67,127
CAN,67,128
CAN,67,129
CAN,67,130
CAN,67,131
CAN,67,132
CAN,67,133
CAN,67,134
CAN,67,135
CAN,67,136
CAN,67,137
CAN,67,138
CAN,67,139
CAN,67,140
CAN,67,141
CAN,67,142
CAN,67,143
CAN,67,144
CAN,67,145
CAN,67,146
CAN,67,147
CAN,67,148
CAN,67,149
CAN,67,150
CAN,67,151
CAN,67,152
CAN,67,153
CAN,67,154
CAN,67,155
CAN,67,156
CAN,67,157
CAN,67,158
CAN,67,159
CAN,67,160
CAN,67,161
CAN,67,162
CAN,67,163
CAN,67,164
CAN,67,165
CAN,67,166
CAN,67,167
CAN,67,168
CAN,67,169
CAN,67,170
CAN,67,171
CAN,67,172
CAN,67,173
CAN,67,174
CAN,67,175
CAN,67,176
CAN,67,177
CAN,67,178
CAN,67,179
CAN,67,180
CAN,67,181
CAN,67,182
CAN,67,183
CAN,67,184
CAN,67,201
CAN,67,202
CAN,67,207
CAN,67,208
CAN,67,209
CAN,67,210
CAN,67,211
CAN,67,212
CAN,67,213
CAN,67,214
CAN,67,215
CAN,67,216
CAN,67,217
CAN,67,218
CAN,67,219
CAN,67,220
CAN,67,221
CAN,67,222
CAN,67,223
CAN,67,224
CAN,67,225
CAN,67,226
CAN,67,227
CAN,67,228
CAN,67,229
CAN,67,230
CAN,67,231
CAN,67,232
CAN,67,233
CAN,67,234
CAN,67,235
CAN,67,236
CAN,67,237
CAN,67,238
GBR,67,346
GBR,67,347
GBR,67,348
GBR,67,349
GBR,67,350
GBR,67,351
GBR,67,352
GBR,67,353
GBR,67,354
GBR,67,355
GBR,67,356
DNK,67,377
DNK,67,378
DNK,67,379
DNK,67,380
DNK,67,381
DNK,67,382
DNK,67,384
SWE,67,385
SWE,67,386
SWE,67,387
SWE,67,388
SWE,67,389
SWE,67,390
SWE,67,391
SWE,67,392
SWE,67,393
SWE,67,394
SWE,67,397
LVA,67,403
LVA,67,404
LVA,67,405
LVA,67,406
LVA,67,407
LVA,67,408
LVA,67,409
LVA,67,410
LVA,67,411
LVA,67,412
LVA,67,413
LVA,67,414
LVA,67,415
LVA,67,416
RUS,67,417
RUS,67,418
RUS,67,419
RUS,67,420
RUS,67,421
RUS,67,422
RUS,67,423
RUS,67,424
RUS,67,425
RUS,67,426
RUS,67,427
RUS,67,428
RUS,67,429
RUS,67,430
RUS,67,431
RUS,67,432
RUS,67,433
RUS,67,434
RUS,67,435
RUS,67,436
RUS,67,437
RUS,67,438
RUS,67,439
RUS,67,440
RUS,67,441
RUS,67,442
RUS,67,443
RUS,67,444
RUS,67,445
RUS,67,446
RUS,67,447
RUS,67,448
RUS,67,449
RUS,67,450
RUS,67,451
RUS,67,452
RUS,67,453
RUS,67,454
RUS,67,455
RUS,67,456
RUS,67,457
RUS,67,458
RUS,67,459
RUS,67,460
RUS,67,461
RUS,67,462
RUS,67,463
RUS,67,464
RUS,67,465
RUS,67,466
RUS,67,467
RUS,67,468
RUS,67,469
RUS,67,470
RUS,67,471
RUS,67,472
RUS,67,473
RUS,67,474
RUS,67,475
RUS,67,476
RUS,67,477
RUS,67,478
RUS,67,479
RUS,67,480
RUS,67,481
RUS,67,482
RUS,67,483
RUS,67,484
RUS,67,485
RUS,67,486
RUS,67,487
RUS,67,488
RUS,67,489
RUS,67,490
RUS,67,491
RUS,67,492
RUS,67,493
RUS,67,494
RUS,67,495
RUS,67,496
RUS,67,497
RUS,67,498
RUS,67,499
RUS,67,500
RUS,67,501
RUS,67,502
RUS,67,503
RUS,67,504
RUS,67,505
RUS,67,506
RUS,67,507
RUS,67,508
RUS,67,509
RUS,67,510
RUS,67,511
RUS,67,512
RUS,67,513
RUS,67,514
RUS,67,515
RUS,67,516
RUS,67,517
RUS,67,518
RUS,67,519
RUS,67,520
RUS,67,521
RUS,67,522
RUS,67,523
RUS,67,524
RUS,67,525
RUS,67,526
RUS,67,527
RUS,67,528
RUS,67,529
RUS,67,530
RUS,67,531
RUS,67,532
RUS,67,533
RUS,67,534
RUS,67,535
RUS,67,536
RUS,67,537
RUS,67,538
RUS,67,539
RUS,67,540
RUS,67,541
RUS,67,542
RUS,67,543
RUS,67,544
RUS,67,545
RUS,67,546
RUS,67,547
RUS,67,548
RUS,67,549
RUS,67,550
RUS,67,551
RUS,67,552
RUS,67,553
RUS,67,554
RUS,67,555
RUS,67,556
RUS,67,557
RUS,67,558
RUS,67,559
RUS,67,560
RUS,67,561
RUS,67,562
RUS,67,563
RUS,67,564
RUS,67,565
RUS,67,566
RUS,67,567
RUS,67,568
RUS,67,569
RUS,67,570
RUS,67,571
RUS,67,572
RUS,67,573
RUS,67,574
RUS,67,575
RUS,67,576
RUS,67,577
RUS,67,578
RUS,67,579
RUS,67,580
RUS,67,581
RUS,67,582
RUS,67,583
RUS,67,584
RUS,67,585
RUS,67,586
RUS,67,587
RUS,67,588
RUS,67,589
RUS,67,590
RUS,67,591
RUS,67,592
RUS,67,593
RUS,67,594
RUS,67,595
RUS,67,596
RUS,67,597
RUS,67,598
RUS,67,599
RUS,67,600
RUS,67,601
RUS,67,602
RUS,67,603
RUS,67,604
RUS,67,605
RUS,67,606
RUS,67,607
RUS,67,608
RUS,67,609
RUS,67,610
RUS,67,611
RUS,67,612
RUS,67,613
RUS,67,614
RUS,67,615
RUS,67,616
RUS,67,617
RUS,67,618
RUS,67,619
RUS,67,620
RUS,67,621
RUS,67,622
RUS,67,623
RUS,67,624
RUS,67,625
RUS,67,626
RUS,67,627
RUS,67,628
RUS,67,629
RUS,67,630
RUS,67,631
RUS,67,632
RUS,67,633
RUS,67,634
RUS,67,635
RUS,67,636
RUS,67,637
RUS,67,638
RUS,67,672
RUS,67,673
RUS,67,674
RUS,67,675
RUS,67,676
RUS,67,677
RUS,67,678
RUS,67,679
RUS,67,680
RUS,67,681
RUS,67,682
RUS,67,683
RUS,67,684
RUS,67,685
RUS,67,686
RUS,67,687
,68,39
USA,68,40
USA,68,41
USA,68,42
USA,68,43
USA,68,44
USA,68,45
USA,68,47
USA,68,51
USA,68,91
USA,68,92
USA,68,93
USA,68,94
USA,68,95
USA,68,96
USA,68,97
USA,68,98
USA,68,99
CAN,68,100
CAN,68,101
CAN,68,102
CAN,68,103
CAN,68,104
CAN,68,105
CAN,68,106
CAN,68,107
CAN,68,108
CAN,68,109
CAN,68,110
CAN,68,111
CAN,68,112
CAN,68,113
CAN,68,114
CAN,68,115
CAN,68,116
CAN,68,117
CAN,68,118
CAN,68,119
CAN,68,120
CAN,68,121
CAN,68,122
CAN,68,123
CAN,68,124
CAN,68,125
CAN,68,126
CAN,68,127
CAN,68,128
CAN,68,129
CAN,68,130
CAN,68,131
CAN,68,132
CAN,68,133
CAN,68,134
CAN,68,135
CAN,68,136
CAN,68,137
CAN,68,138
CAN,68,139
CAN,68,140
CAN,68,141
CAN,68,142
CAN,68,143
CAN,68,144
CAN,68,145
CAN,68,146
CAN,68,147
CAN,68,148
CAN,68,149
CAN,68,150
CAN,68,151
CAN,68,152
CAN,68,153
CAN,68,154
CAN,68,155
CAN,68,156
CAN,68,157
CAN,68,158
CAN,68,159
CAN,68,160
CAN,68,161
CAN,68,162
CAN,68,163
CAN,68,164
CAN,68,165
CAN,68,166
CAN,68,167
CAN,68,168
CAN,68,169
CAN,68,170
CAN,68,171
CAN,68,172
CAN,68,173
CAN,68,174
CAN,68,175
CAN,68,176
CAN,68,177
CAN,68,178
CAN,68,179
CAN,68,180
CAN,68,181
CAN,68,182
CAN,68,183
CAN,68,184
CAN,68,185
CAN,68,186
CAN,68,200
CAN,68,201
CAN,68,202
CAN,68,203
CAN,68,205
,68,206
CAN,68,207
CAN,68,208
CAN,68,209
CAN,68,210
CAN,68,211
CAN,68,212
CAN,68,213
CAN,68,214
CAN,68,215
CAN,68,216
CAN,68,217
CAN,68,218
CAN,68,219
CAN,68,220
CAN,68,221
CAN,68,222
CAN,68,223
CAN,68,224
CAN,68,225
CAN,68,226
CAN,68,227
CAN,68,228
CAN,68,229
CAN,68,230
CAN,68,231
CAN,68,232
CAN,68,233
CAN,68,234
CAN,68,235
CAN,68,236
CAN,68,237
CAN,68,238
CAN,68,239
GBR,68,347
GBR,68,348
GBR,68,349
GBR,68,350
GBR,68,351
GBR,68,352
GBR,68,353
GBR,68,354
GBR,68,355
GBR,68,356
DNK,68,377
DNK,68,378
DNK,68,379
DNK,68,380
DNK,68,381
DNK,68,382
DNK,68,384
DNK,68,385
SWE,68,386
SWE,68,387
SWE,68,388
SWE,68,389
SWE,68,390
SWE,68,391
SWE,68,392
SWE,68,393
SWE,68,394
LVA,68,403
LTU,68,404
LTU,68,405
LTU,68,406
LTU,68,407
LTU,68,408
LTU,68,409
LTU,68,410
LVA,68,411
LVA,68,412
LVA,68,413
LVA,68,414
LVA,68,415
LVA,68,416
RUS,68,417
RUS,68,418
RUS,68,419
RUS,68,420
RUS,68,421
RUS,68,422
RUS,68,423
RUS,68,424
RUS,68,425
RUS,68,426
RUS,68,427
RUS,68,428
RUS,68,429
RUS,68,430
RUS,68,431
RUS,68,432
RUS,68,433
RUS,68,434
RUS,68,435
RUS,68,436
RUS,68,437
RUS,68,438
RUS,68,439
RUS,68,440
RUS,68,441
RUS,68,442
RUS,68,443
RUS,68,444
RUS,68,445
RUS,68,446
RUS,68,447
RUS,68,448
RUS,68,449
RUS,68,450
RUS,68,451
RUS,68,452
RUS,68,453
RUS,68,454
RUS,68,455
RUS,68,456
RUS,68,457
RUS,68,458
RUS,68,459
RUS,68,460
RUS,68,461
RUS,68,462
RUS,68,463
RUS,68,464
RUS,68,465
RUS,68,466
RUS,68,467
RUS,68,468
RUS,68,469
RUS,68,470
RUS,68,471
RUS,68,472
RUS,68,473
RUS,68,474
RUS,68,475
RUS,68,476
RUS,68,477
RUS,68,478
RUS,68,479
RUS,68,480
RUS,68,481
RUS,68,482
RUS,68,483
RUS,68,484
RUS,68,485
RUS,68,486
RUS,68,487
RUS,68,488
RUS,68,489
RUS,68,490
RUS,68,491
RUS,68,492
RUS,68,493
RUS,68,494
RUS,68,495
RUS,68,496
RUS,68,497
RUS,68,498
RUS,68,499
RUS,68,500
RUS,68,501
RUS,68,502
RUS,68,503
RUS,68,504
RUS,68,505
RUS,68,506
RUS,68,507
RUS,68,508
RUS,68,509
RUS,68,510
RUS,68,511
RUS,68,512
RUS,68,513
RUS,68,514
RUS,68,515
RUS,68,516
RUS,68,517
RUS,68,518
RUS,68,519
RUS,68,520
RUS,68,521
RUS,68,522
RUS,68,523
RUS,68,524
RUS,68,525
RUS,68,526
RUS,68,527
RUS,68,528
RUS,68,529
RUS,68,530
RUS,68,531
RUS,68,532
RUS,68,533
RUS,68,534
RUS,68,535
RUS,68,536
RUS,68,537
RUS,68,538
RUS,68,539
RUS,68,540
RUS,68,541
RUS,68,542
RUS,68,543
RUS,68,544
RUS,68,545
RUS,68,546
RUS,68,547
RUS,68,548
RUS,68,549
RUS,68,550
RUS,68,551
RUS,68,552
RUS,68,553
RUS,68,554
RUS,68,555
RUS,68,556
RUS,68,557
RUS,68,558
RUS,68,559
RUS,68,560
RUS,68,561
RUS,68,562
RUS,68,563
RUS,68,564
RUS,68,565
RUS,68,566
RUS,68,567
RUS,68,568
RUS,68,569
RUS,68,570
RUS,68,571
RUS,68,572
RUS,68,573
RUS,68,574
RUS,68,575
RUS,68,576
RUS,68,577
RUS,68,578
RUS,68,579
RUS,68,580
RUS,68,581
RUS,68,582
RUS,68,583
RUS,68,584
RUS,68,585
RUS,68,586
RUS,68,587
RUS,68,588
RUS,68,589
RUS,68,590
RUS,68,591
RUS,68,592
RUS,68,593
RUS,68,594
RUS,68,595
RUS,68,596
RUS,68,597
RUS,68,598
RUS,68,599
RUS,68,600
RUS,68,601
RUS,68,602
RUS,68,603
RUS,68,604
RUS,68,605
RUS,68,606
RUS,68,607
RUS,68,608
RUS,68,609
RUS,68,610
RUS,68,611
RUS,68,612
RUS,68,613
RUS,68,614
RUS,68,615
RUS,68,616
RUS,68,617
RUS,68,618
RUS,68,619
RUS,68,620
RUS,68,621
RUS,68,622
RUS,68,623
RUS,68,624
RUS,68,625
RUS,68,626
RUS,68,627
RUS,68,628
RUS,68,629
RUS,68,630
RUS,68,631
RUS,68,632
RUS,68,633
RUS,68,634
RUS,68,635
RUS,68,636
RUS,68,637
RUS,68,672
RUS,68,673
RUS,68,674
RUS,68,675
RUS,68,676
RUS,68,677
RUS,68,678
RUS,68,679
RUS,68,680
RUS,68,681
RUS,68,682
RUS,68,683
RUS,68,684
RUS,68,685
RUS,68,686
RUS,68,687
USA,69,36
USA,69,37
USA,69,38
USA,69,39
USA,69,40
USA,69,41
USA,69,42
USA,69,43
USA,69,49
USA,69,92
USA,69,93
USA,69,94
USA,69,95
USA,69,96
USA,69,97
USA,69,98
USA,69,99
USA,69,100
CAN,69,101
CAN,69,102
CAN,69,103
CAN,69,104
CAN,69,105
CAN,69,106
CAN,69,107
CAN,69,108
CAN,69,109
CAN,69,110
CAN,69,111
CAN,69,112
CAN,69,113
CAN,69,114
CAN,69,115
CAN,69,116
CAN,69,117
CAN,69,118
CAN,69,119
CAN,69,120
CAN,69,121
CAN,69,122
CAN,69,123
CAN,69,124
CAN,69,125
CAN,69,126
CAN,69,127
CAN,69,128
CAN,69,129
CAN,69,130
CAN,69,131
CAN,69,132
CAN,69,133
CAN,69,134
CAN,69,135
CAN,69,136
CAN,69,137
CAN,69,138
CAN,69,139
CAN,69,140
CAN,69,141
CAN,69,142
CAN,69,143
CAN,69,144
CAN,69,145
CAN,69,146
CAN,69,147
CAN,69,148
CAN,69,149
CAN,69,150
CAN,69,151
CAN,69,152
CAN,69,153
CAN,69,154
CAN,69,155
CAN,69,156
CAN,69,157
CAN,69,158
CAN,69,159
CAN,69,160
CAN,69,161
CAN,69,162
CAN,69,163
CAN,69,164
CAN,69,165
CAN,69,166
CAN,69,167
CAN,69,168
CAN,69,169
CAN,69,170
CAN,69,171
CAN,69,172
CAN,69,173
CAN,69,174
CAN,69,175
CAN,69,176
CAN,69,177
CAN,69,178
CAN,69,179
CAN,69,180
CAN,69,181
CAN,69,182
CAN,69,183
CAN,69,184
CAN,69,185
CAN,69,186
CAN,69,187
CAN,69,188
CAN,69,189
CAN,69,201
CAN,69,202
CAN,69,206
CAN,69,207
CAN,69,208
CAN,69,209
CAN,69,210
CAN,69,211
CAN,69,212
CAN,69,213
CAN,69,214
CAN,69,215
CAN,69,216
CAN,69,217
CAN,69,218
CAN,69,219
CAN,69,220
CAN,69,221
CAN,69,222
CAN,69,223
CAN,69,224
CAN,69,225
CAN,69,226
CAN,69,227
CAN,69,228
CAN,69,229
CAN,69,230
CAN,69,231
CAN,69,232
CAN,69,233
CAN,69,234
CAN,69,235
CAN,69,236
CAN,69,237
CAN,69,238
CAN,69,239
CAN,69,240
GBR,69,348
GBR,69,349
GBR,69,350
GBR,69,351
GBR,69,352
GBR,69,353
GBR,69,354
GBR,69,355
GBR,69,356
GBR,69,357
DNK,69,377
DNK,69,378
DNK,69,379
DNK,69,380
DNK,69,381
DNK,69,382
DNK,69,383
DNK,69,384
DNK,69,385
DNK,69,386
SWE,69,387
SWE,69,388
SWE,69,389
LTU,69,403
LTU,69,404
LTU,69,405
LTU,69,406
LTU,69,407
LTU,69,408
LTU,69,409
LTU,69,410
LTU,69,411
LTU,69,412
LTU,69,413
LVA,69,414
BLR,69,415
BLR,69,416
BLR,69,417
BLR,69,418
BLR,69,419
BLR,69,420
BLR,69,421
RUS,69,422
RUS,69,423
RUS,69,424
RUS,69,425
RUS,69,426
RUS,69,427
RUS,69,428
RUS,69,429
RUS,69,430
RUS,69,431
RUS,69,432
RUS,69,433
RUS,69,434
RUS,69,435
RUS,69,436
RUS,69,437
RUS,69,438
RUS,69,439
RUS,69,440
RUS,69,441
RUS,69,442
RUS,69,443
RUS,69,444
RUS,69,445
RUS,69,446
RUS,69,447
RUS,69,448
RUS,69,449
RUS,69,450
RUS,69,451
RUS,69,452
RUS,69,453
RUS,69,454
RUS,69,455
RUS,69,456
RUS,69,457
RUS,69,458
RUS,69,459
RUS,69,460
RUS,69,461
RUS,69,462
RUS,69,463
RUS,69,464
RUS,69,465
RUS,69,466
RUS,69,467
RUS,69,468
RUS,69,469
RUS,69,470
RUS,69,471
RUS,69,472
RUS,69,473
RUS,69,474
RUS,69,475
RUS,69,476
RUS,69,477
RUS,69,478
RUS,69,479
RUS,69,480
RUS,69,481
RUS,69,482
RUS,69,483
RUS,69,484
RUS,69,485
RUS,69,486
RUS,69,487
RUS,69,488
RUS,69,489
RUS,69,490
RUS,69,491
RUS,69,492
RUS,69,493
RUS,69,494
RUS,69,495
RUS,69,496
RUS,69,497
RUS,69,498
RUS,69,499
RUS,69,500
RUS,69,501
RUS,69,502
RUS,69,503
RUS,69,504
RUS,69,505
RUS,69,506
RUS,69,507
RUS,69,508
RUS,69,509
RUS,69,510
RUS,69,511
RUS,69,512
RUS,69,513
RUS,69,514
RUS,69,515
RUS,69,516
RUS,69,517
RUS,69,518
RUS,69,519
RUS,69,520
RUS,69,521
RUS,69,522
RUS,69,523
RUS,69,524
RUS,69,525
RUS,69,526
RUS,69,527
RUS,69,528
RUS,69,529
RUS,69,530
RUS,69,531
RUS,69,532
RUS,69,533
RUS,69,534
RUS,69,535
RUS,69,536
RUS,69,537
RUS,69,538
RUS,69,539
RUS,69,540
RUS,69,541
RUS,69,542
RUS,69,543
RUS,69,544
RUS,69,545
RUS,69,546
RUS,69,547
RUS,69,548
RUS,69,549
RUS,69,550
RUS,69,551
RUS,69,552
RUS,69,553
RUS,69,554
RUS,69,555
RUS,69,556
RUS,69,557
RUS,69,558
RUS,69,559
RUS,69,560
RUS,69,561
RUS,69,562
RUS,69,563
RUS,69,564
RUS,69,565
RUS,69,566
RUS,69,567
RUS,69,568
RUS,69,569
RUS,69,570
RUS,69,571
RUS,69,572
RUS,69,573
RUS,69,574
RUS,69,575
RUS,69,576
RUS,69,577
RUS,69,578
RUS,69,579
RUS,69,580
RUS,69,581
RUS,69,582
RUS,69,583
RUS,69,584
RUS,69,585
RUS,69,586
RUS,69,587
RUS,69,588
RUS,69,589
RUS,69,590
RUS,69,591
RUS,69,592
RUS,69,593
RUS,69,594
RUS,69,595
RUS,69,596
RUS,69,597
RUS,69,598
RUS,69,599
RUS,69,600
RUS,69,601
RUS,69,602
RUS,69,603
RUS,69,604
RUS,69,605
RUS,69,606
RUS,69,607
RUS,69,608
RUS,69,609
RUS,69,610
RUS,69,611
RUS,69,612
RUS,69,613
RUS,69,614
RUS,69,615
RUS,69,616
RUS,69,617
RUS,69,618
RUS,69,619
RUS,69,620
RUS,69,621
RUS,69,622
RUS,69,623
RUS,69,624
RUS,69,625
RUS,69,626
RUS,69,627
RUS,69,628
RUS,69,629
RUS,69,630
RUS,69,631
RUS,69,632
RUS,69,633
RUS,69,634
RUS,69,635
RUS,69,672
RUS,69,673
RUS,69,674
RUS,69,675
RUS,69,676
RUS,69,677
RUS,69,678
RUS,69,679
RUS,69,680
RUS,69,681
RUS,69,682
RUS,69,683
RUS,69,684
RUS,69,685
USA,70,33
USA,70,34
USA,70,35
USA,70,36
USA,70,37
USA,70,38
USA,70,39
USA,70,40
USA,70,41
USA,70,42
USA,70,93
USA,70,94
USA,70,95
USA,70,96
USA,70,97
USA,70,98
USA,70,99
USA,70,100
CAN,70,101
CAN,70,102
CAN,70,103
CAN,70,104
CAN,70,105
CAN,70,106
CAN,70,107
CAN,70,108
CAN,70,109
CAN,70,110
CAN,70,111
CAN,70,112
CAN,70,113
CAN,70,114
CAN,70,115
CAN,70,116
CAN,70,117
CAN,70,118
CAN,70,119
CAN,70,120
CAN,70,121
CAN,70,122
CAN,70,123
CAN,70,124
CAN,70,125
CAN,70,126
CAN,70,127
CAN,70,128
CAN,70,129
CAN,70,130
CAN,70,131
CAN,70,132
CAN,70,133
CAN,70,134
CAN,70,135
CAN,70,136
CAN,70,137
CAN,70,138
CAN,70,139
CAN,70,140
CAN,70,141
CAN,70,142
CAN,70,143
CAN,70,144
CAN,70,145
CAN,70,146
CAN,70,147
CAN,70,148
CAN,70,149
CAN,70,150
CAN,70,151
CAN,70,152
CAN,70,153
CAN,70,154
CAN,70,155
CAN,70,156
CAN,70,157
CAN,70,158
CAN,70,159
CAN,70,160
CAN,70,161
CAN,70,162
CAN,70,163
CAN,70,164
CAN,70,165
CAN,70,166
CAN,70,167
CAN,70,168
CAN,70,169
CAN,70,170
CAN,70,171
CAN,70,172
CAN,70,173
CAN,70,174
CAN,70,175
CAN,70,176
CAN,70,177
CAN,70,178
CAN,70,179
CAN,70,180
CAN,70,181
CAN,70,182
CAN,70,183
CAN,70,184
CAN,70,185
CAN,70,186
CAN,70,187
CAN,70,188
CAN,70,189
CAN,70,190
CAN,70,191
CAN,70,192
CAN,70,193
CAN,70,194
CAN,70,195
CAN,70,196
CAN,70,204
CAN,70,205
CAN,70,206
CAN,70,207
CAN,70,208
CAN,70,209
CAN,70,210
CAN,70,211
CAN,70,212
CAN,70,213
CAN,70,214
CAN,70,215
CAN,70,216
CAN,70,217
CAN,70,218
CAN,70,219
CAN,70,220
CAN,70,221
CAN,70,222
CAN,70,223
CAN,70,224
CAN,70,225
CAN,70,226
CAN,70,227
CAN,70,228
CAN,70,229
CAN,70,230
CAN,70,231
CAN,70,232
CAN,70,233
CAN,70,234
CAN,70,235
CAN,70,236
CAN,70,237
CAN,70,238
CAN,70,239
CAN,70,240
CAN,70,241
CAN,70,242
CAN,70,243
IRL,70,343
IRL,70,344
IRL,70,345
IRL,70,346
GBR,70,347
GBR,70,348
GBR,70,349
GBR,70,350
GBR,70,351
GBR,70,352
GBR,70,353
GBR,70,354
GBR,70,355
GBR,70,356
GBR,70,357
GBR,70,358
DNK,70,377
DNK,70,378
DNK,70,379
DNK,70,380
DNK,70,381
DNK,70,382
DNK,70,383
DNK,70,384
DNK,70,385
SWE,70,386
SWE,70,387
SWE,70,388
SWE,70,389
DNK,70,390
DNK,70,391
RUS,70,402
RUS,70,403
LTU,70,404
LTU,70,405
LTU,70,406
LTU,70,407
LTU,70,408
LTU,70,409
LTU,70,410
LTU,70,411
LTU,70,412
LTU,70,413
BLR,70,414
BLR,70,415
BLR,70,416
BLR,70,417
BLR,70,418
BLR,70,419
BLR,70,420
BLR,70,421
BLR,70,422
RUS,70,423
RUS,70,424
RUS,70,425
RUS,70,426
RUS,70,427
RUS,70,428
RUS,70,429
RUS,70,430
RUS,70,431
RUS,70,432
RUS,70,433
RUS,70,434
RUS,70,435
RUS,70,436
RUS,70,437
RUS,70,438
RUS,70,439
RUS,70,440
RUS,70,441
RUS,70,442
RUS,70,443
RUS,70,444
RUS,70,445
RUS,70,446
RUS,70,447
RUS,70,448
RUS,70,449
RUS,70,450
RUS,70,451
RUS,70,452
RUS,70,453
RUS,70,454
RUS,70,455
RUS,70,456
RUS,70,457
RUS,70,458
RUS,70,459
RUS,70,460
RUS,70,461
RUS,70,462
RUS,70,463
RUS,70,464
RUS,70,465
RUS,70,466
RUS,70,467
RUS,70,468
RUS,70,469
RUS,70,470
RUS,70,471
RUS,70,472
RUS,70,473
RUS,70,474
RUS,70,475
RUS,70,476
RUS,70,477
RUS,70,478
RUS,70,479
RUS,70,480
RUS,70,481
RUS,70,482
RUS,70,483
RUS,70,484
RUS,70,485
RUS,70,486
RUS,70,487
RUS,70,488
RUS,70,489
RUS,70,490
RUS,70,491
RUS,70,492
RUS,70,493
RUS,70,494
RUS,70,495
RUS,70,496
RUS,70,497
KAZ,70,498
KAZ,70,499
KAZ,70,500
RUS,70,501
KAZ,70,502
RUS,70,503
RUS,70,504
RUS,70,505
RUS,70,506
RUS,70,507
RUS,70,508
RUS,70,509
RUS,70,510
RUS,70,511
RUS,70,512
RUS,70,513
RUS,70,514
RUS,70,515
RUS,70,516
RUS,70,517
RUS,70,518
RUS,70,519
RUS,70,520
RUS,70,521
RUS,70,522
RUS,70,523
RUS,70,524
RUS,70,525
RUS,70,526
RUS,70,527
RUS,70,528
RUS,70,529
RUS,70,530
RUS,70,531
RUS,70,532
RUS,70,533
RUS,70,534
RUS,70,535
RUS,70,536
RUS,70,537
RUS,70,538
RUS,70,539
RUS,70,540
RUS,70,541
RUS,70,542
RUS,70,543
RUS,70,544
RUS,70,545
RUS,70,546
RUS,70,547
RUS,70,548
RUS,70,549
RUS,70,550
RUS,70,551
RUS,70,552
RUS,70,553
RUS,70,554
RUS,70,555
RUS,70,556
RUS,70,557
RUS,70,558
RUS,70,559
RUS,70,560
RUS,70,561
RUS,70,562
RUS,70,563
RUS,70,564
RUS,70,565
RUS,70,566
RUS,70,567
RUS,70,568
RUS,70,569
RUS,70,570
RUS,70,571
RUS,70,572
RUS,70,573
RUS,70,574
RUS,70,575
RUS,70,576
RUS,70,577
RUS,70,578
RUS,70,579
RUS,70,580
RUS,70,581
RUS,70,582
RUS,70,583
RUS,70,584
RUS,70,585
RUS,70,586
RUS,70,587
RUS,70,588
RUS,70,589
RUS,70,590
RUS,70,591
RUS,70,592
RUS,70,593
RUS,70,594
RUS,70,595
RUS,70,596
RUS,70,597
RUS,70,598
RUS,70,599
RUS,70,600
RUS,70,601
RUS,70,602
RUS,70,603
RUS,70,604
RUS,70,605
RUS,70,606
RUS,70,607
RUS,70,608
RUS,70,609
RUS,70,610
RUS,70,611
RUS,70,612
RUS,70,613
RUS,70,614
RUS,70,615
RUS,70,616
RUS,70,617
RUS,70,618
RUS,70,619
RUS,70,620
RUS,70,621
RUS,70,622
RUS,70,623
RUS,70,624
RUS,70,625
RUS,70,626
RUS,70,627
RUS,70,628
RUS,70,629
RUS,70,630
RUS,70,631
RUS,70,632
RUS,70,633
RUS,70,634
RUS,70,635
RUS,70,636
RUS,70,637
RUS,70,672
RUS,70,673
RUS,70,674
RUS,70,675
RUS,70,676
RUS,70,677
RUS,70,678
RUS,70,679
RUS,70,680
RUS,70,681
RUS,70,682
RUS,70,683
RUS,70,684
RUS,70,685
RUS,70,692
RUS,70,693
USA,71,31
USA,71,32
USA,71,33
USA,71,34
USA,71,35
USA,71,36
USA,71,40
USA,71,41
USA,71,42
USA,71,94
USA,71,95
USA,71,96
USA,71,97
USA,71,98
USA,71,99
CAN,71,100
CAN,71,101
CAN,71,102
CAN,71,103
CAN,71,104
CAN,71,105
CAN,71,106
CAN,71,107
CAN,71,108
CAN,71,109
CAN,71,110
CAN,71,111
CAN,71,112
CAN,71,113
CAN,71,114
CAN,71,115
CAN,71,116
CAN,71,117
CAN,71,118
CAN,71,119
CAN,71,120
CAN,71,121
CAN,71,122
CAN,71,123
CAN,71,124
CAN,71,125
CAN,71,126
CAN,71,127
CAN,71,128
CAN,71,129
CAN,71,130
CAN,71,131
CAN,71,132
CAN,71,133
CAN,71,134
CAN,71,135
CAN,71,136
CAN,71,137
CAN,71,138
CAN,71,139
CAN,71,140
CAN,71,141
CAN,71,142
CAN,71,143
CAN,71,144
CAN,71,145
CAN,71,146
CAN,71,147
CAN,71,148
CAN,71,149
CAN,71,150
CAN,71,151
CAN,71,152
CAN,71,153
CAN,71,154
CAN,71,155
CAN,71,156
CAN,71,157
CAN,71,158
CAN,71,159
CAN,71,160
CAN,71,161
CAN,71,162
CAN,71,163
CAN,71,164
CAN,71,165
CAN,71,166
CAN,71,167
CAN,71,168
CAN,71,169
CAN,71,170
CAN,71,171
CAN,71,172
CAN,71,173
CAN,71,174
CAN,71,175
CAN,71,176
CAN,71,177
CAN,71,178
CAN,71,179
CAN,71,180
CAN,71,181
CAN,71,182
CAN,71,183
CAN,71,184
CAN,71,185
CAN,71,186
CAN,71,187
CAN,71,188
CAN,71,189
CAN,71,190
CAN,71,191
CAN,71,192
CAN,71,193
CAN,71,194
CAN,71,195
CAN,71,196
CAN,71,201
CAN,71,202
CAN,71,203
CAN,71,204
CAN,71,205
CAN,71,206
CAN,71,207
CAN,71,208
CAN,71,209
CAN,71,210
CAN,71,211
CAN,71,212
CAN,71,213
CAN,71,214
CAN,71,215
CAN,71,216
CAN,71,217
CAN,71,218
CAN,71,219
CAN,71,220
CAN,71,221
CAN,71,222
CAN,71,223
CAN,71,224
CAN,71,225
CAN,71,226
CAN,71,227
CAN,71,228
CAN,71,229
CAN,71,230
CAN,71,231
CAN,71,232
CAN,71,233
CAN,71,234
CAN,71,235
CAN,71,236
CAN,71,237
CAN,71,238
CAN,71,239
CAN,71,240
CAN,71,241
CAN,71,242
CAN,71,243
CAN,71,244
CAN,71,245
CAN,71,246
IRL,71,343
IRL,71,344
IRL,71,345
GBR,71,346
GBR,71,347
GBR,71,348
GBR,71,349
GBR,71,350
GBR,71,351
GBR,71,352
GBR,71,353
GBR,71,354
GBR,71,355
GBR,71,356
GBR,71,357
GBR,71,358
GBR,71,359
DEU,71,377
DEU,71,378
DEU,71,379
DEU,71,380
DNK,71,381
DNK,71,382
DNK,71,383
DNK,71,384
DNK,71,385
DNK,71,386
DEU,71,387
DEU,71,388
POL,71,394
POL,71,395
POL,71,396
POL,71,397
POL,71,398
RUS,71,400
RUS,71,401
RUS,71,402
RUS,71,403
RUS,71,404
RUS,71,405
RUS,71,406
LTU,71,407
LTU,71,408
LTU,71,409
LTU,71,410
LTU,71,411
LTU,71,412
BLR,71,413
BLR,71,414
BLR,71,415
BLR,71,416
BLR,71,417
BLR,71,418
BLR,71,419
BLR,71,420
BLR,71,421
BLR,71,422
RUS,71,423
RUS,71,424
RUS,71,425
RUS,71,426
RUS,71,427
RUS,71,428
RUS,71,429
RUS,71,430
RUS,71,431
RUS,71,432
RUS,71,433
RUS,71,434
RUS,71,435
RUS,71,436
RUS,71,437
RUS,71,438
RUS,71,439
RUS,71,440
RUS,71,441
RUS,71,442
RUS,71,443
RUS,71,444
RUS,71,445
RUS,71,446
RUS,71,447
RUS,71,448
RUS,71,449
RUS,71,450
RUS,71,451
RUS,71,452
RUS,71,453
RUS,71,454
RUS,71,455
RUS,71,456
RUS,71,457
RUS,71,458
RUS,71,459
RUS,71,460
RUS,71,461
RUS,71,462
RUS,71,463
RUS,71,464
RUS,71,465
RUS,71,466
RUS,71,467
RUS,71,468
RUS,71,469
RUS,71,470
RUS,71,471
RUS,71,472
RUS,71,473
RUS,71,474
RUS,71,475
RUS,71,476
RUS,71,477
RUS,71,478
RUS,71,479
RUS,71,480
RUS,71,481
RUS,71,482
RUS,71,483
RUS,71,484
RUS,71,485
RUS,71,486
RUS,71,487
RUS,71,488
RUS,71,489
RUS,71,490
RUS,71,491
RUS,71,492
RUS,71,493
KAZ,71,494
KAZ,71,495
KAZ,71,496
KAZ,71,497
KAZ,71,498
KAZ,71,499
KAZ,71,500
KAZ,71,501
KAZ,71,502
RUS,71,503
RUS,71,504
RUS,71,505
RUS,71,506
RUS,71,507
RUS,71,508
RUS,71,509
RUS,71,510
RUS,71,511
RUS,71,512
RUS,71,513
RUS,71,514
RUS,71,515
RUS,71,516
RUS,71,517
RUS,71,518
RUS,71,519
RUS,71,520
RUS,71,521
RUS,71,522
RUS,71,523
RUS,71,524
RUS,71,525
RUS,71,526
RUS,71,527
RUS,71,528
RUS,71,529
RUS,71,530
RUS,71,531
RUS,71,532
RUS,71,533
RUS,71,534
RUS,71,535
RUS,71,536
RUS,71,537
RUS,71,538
RUS,71,539
RUS,71,540
RUS,71,541
RUS,71,542
RUS,71,543
RUS,71,544
RUS,71,545
RUS,71,546
RUS,71,547
RUS,71,548
RUS,71,549
RUS,71,550
RUS,71,551
RUS,71,552
RUS,71,553
RUS,71,554
RUS,71,555
RUS,71,556
RUS,71,557
RUS,71,558
RUS,71,559
RUS,71,560
RUS,71,561
RUS,71,562
RUS,71,563
RUS,71,564
RUS,71,565
RUS,71,566
RUS,71,567
RUS,71,568
RUS,71,569
RUS,71,570
RUS,71,571
RUS,71,572
RUS,71,573
RUS,71,574
RUS,71,575
RUS,71,576
RUS,71,577
RUS,71,578
RUS,71,579
RUS,71,580
RUS,71,581
RUS,71,582
RUS,71,583
RUS,71,584
RUS,71,585
RUS,71,586
RUS,71,587
RUS,71,588
RUS,71,589
RUS,71,590
RUS,71,591
RUS,71,592
RUS,71,593
RUS,71,594
RUS,71,595
RUS,71,596
RUS,71,597
RUS,71,598
RUS,71,599
RUS,71,600
RUS,71,601
RUS,71,602
RUS,71,603
RUS,71,604
RUS,71,605
RUS,71,606
RUS,71,607
RUS,71,608
RUS,71,609
RUS,71,610
RUS,71,611
RUS,71,612
RUS,71,613
RUS,71,614
RUS,71,615
RUS,71,616
RUS,71,617
RUS,71,618
RUS,71,619
RUS,71,620
RUS,71,621
RUS,71,622
RUS,71,623
RUS,71,624
RUS,71,625
RUS,71,626
RUS,71,627
RUS,71,628
RUS,71,629
RUS,71,630
RUS,71,631
RUS,71,632
RUS,71,633
RUS,71,634
RUS,71,635
RUS,71,636
RUS,71,637
RUS,71,672
RUS,71,673
RUS,71,674
RUS,71,675
RUS,71,676
RUS,71,677
RUS,71,678
RUS,71,679
RUS,71,680
RUS,71,681
RUS,71,682
RUS,71,683
RUS,71,684
RUS,71,685
RUS,71,693
RUS,71,694
RUS,71,695
RUS,71,696
RUS,71,697
USA,72,27
USA,72,28
USA,72,29
USA,72,30
USA,72,31
USA,72,32
USA,72,35
,72,36
CAN,72,94
CAN,72,95
CAN,72,96
CAN,72,97
CAN,72,99
CAN,72,100
CAN,72,101
CAN,72,102
CAN,72,103
CAN,72,104
CAN,72,105
CAN,72,106
CAN,72,107
CAN,72,108
CAN,72,109
CAN,72,110
CAN,72,111
CAN,72,112
CAN,72,113
CAN,72,114
CAN,72,115
CAN,72,116
CAN,72,117
CAN,72,118
CAN,72,119
CAN,72,120
CAN,72,121
CAN,72,122
CAN,72,123
CAN,72,124
CAN,72,125
CAN,72,126
CAN,72,127
CAN,72,128
CAN,72,129
CAN,72,130
CAN,72,131
CAN,72,132
CAN,72,133
CAN,72,134
CAN,72,135
CAN,72,136
CAN,72,137
CAN,72,138
CAN,72,139
CAN,72,140
CAN,72,141
CAN,72,142
CAN,72,143
CAN,72,144
CAN,72,145
CAN,72,146
CAN,72,147
CAN,72,148
CAN,72,149
CAN,72,150
CAN,72,151
CAN,72,152
CAN,72,153
CAN,72,154
CAN,72,155
CAN,72,156
CAN,72,157
CAN,72,158
CAN,72,159
CAN,72,160
CAN,72,161
CAN,72,162
CAN,72,163
CAN,72,164
CAN,72,165
CAN,72,166
CAN,72,167
CAN,72,168
CAN,72,169
CAN,72,170
CAN,72,171
CAN,72,172
CAN,72,173
CAN,72,174
CAN,72,175
CAN,72,176
CAN,72,177
CAN,72,178
CAN,72,179
CAN,72,180
CAN,72,181
CAN,72,182
CAN,72,183
CAN,72,184
CAN,72,185
CAN,72,186
CAN,72,187
CAN,72,188
CAN,72,189
CAN,72,190
CAN,72,191
CAN,72,192
CAN,72,193
CAN,72,194
CAN,72,195
CAN,72,196
CAN,72,198
CAN,72,202
CAN,72,203
CAN,72,204
CAN,72,205
CAN,72,206
CAN,72,207
CAN,72,208
CAN,72,209
CAN,72,210
CAN,72,211
CAN,72,212
CAN,72,213
CAN,72,214
CAN,72,215
CAN,72,216
CAN,72,217
CAN,72,218
CAN,72,219
CAN,72,220
CAN,72,221
CAN,72,222
CAN,72,223
CAN,72,224
CAN,72,225
CAN,72,226
CAN,72,227
CAN,72,228
CAN,72,229
CAN,72,230
CAN,72,231
CAN,72,232
CAN,72,233
CAN,72,234
CAN,72,235
CAN,72,236
CAN,72,237
CAN,72,238
CAN,72,239
CAN,72,240
CAN,72,241
CAN,72,242
CAN,72,243
CAN,72,244
CAN,72,245
CAN,72,246
IRL,72,340
IRL,72,341
IRL,72,342
IRL,72,343
IRL,72,344
IRL,72,345
GBR,72,346
GBR,72,347
GBR,72,348
GBR,72,349
GBR,72,350
GBR,72,353
GBR,72,354
GBR,72,355
GBR,72,356
GBR,72,357
GBR,72,358
GBR,72,359
GBR,72,360
DEU,72,378
DEU,72,379
DEU,72,380
DEU,72,381
DEU,72,382
DEU,72,383
DEU,72,384
DEU,72,385
DEU,72,386
DEU,72,387
DEU,72,388
DEU,72,389
POL,72,390
POL,72,391
POL,72,392
POL,72,393
POL,72,394
POL,72,395
POL,72,396
POL,72,397
POL,72,398
POL,72,399
POL,72,400
POL,72,401
POL,72,402
POL,72,403
POL,72,404
POL,72,405
POL,72,406
POL,72,407
LTU,72,408
LTU,72,409
LTU,72,410
LTU,72,411
BLR,72,412
BLR,72,413
BLR,72,414
BLR,72,415
BLR,72,416
BLR,72,417
BLR,72,418
BLR,72,419
BLR,72,420
BLR,72,421
BLR,72,422
BLR,72,423
RUS,72,424
RUS,72,425
RUS,72,426
RUS,72,427
RUS,72,428
RUS,72,429
RUS,72,430
RUS,72,431
RUS,72,432
RUS,72,433
RUS,72,434
RUS,72,435
RUS,72,436
RUS,72,437
RUS,72,438
RUS,72,439
RUS,72,440
RUS,72,441
RUS,72,442
RUS,72,443
RUS,72,444
RUS,72,445
RUS,72,446
RUS,72,447
RUS,72,448
RUS,72,449
RUS,72,450
RUS,72,451
RUS,72,452
RUS,72,453
RUS,72,454
RUS,72,455
RUS,72,456
RUS,72,457
RUS,72,458
RUS,72,459
RUS,72,460
RUS,72,461
RUS,72,462
RUS,72,463
RUS,72,464
RUS,72,465
RUS,72,466
RUS,72,467
RUS,72,468
RUS,72,469
RUS,72,470
RUS,72,471
RUS,72,472
RUS,72,473
RUS,72,474
RUS,72,475
RUS,72,476
RUS,72,477
RUS,72,478
RUS,72,479
RUS,72,480
RUS,72,481
RUS,72,482
RUS,72,483
RUS,72,484
RUS,72,485
RUS,72,486
RUS,72,487
RUS,72,488
KAZ,72,489
KAZ,72,490
KAZ,72,491
KAZ,72,492
KAZ,72,493
KAZ,72,494
KAZ,72,495
KAZ,72,496
KAZ,72,497
KAZ,72,498
KAZ,72,499
KAZ,72,500
KAZ,72,501
KAZ,72,502
KAZ,72,503
RUS,72,504
RUS,72,505
RUS,72,506
RUS,72,507
RUS,72,508
RUS,72,509
RUS,72,510
RUS,72,511
RUS,72,512
KAZ,72,513
RUS,72,514
RUS,72,515
RUS,72,516
RUS,72,517
RUS,72,518
RUS,72,519
RUS,72,520
RUS,72,521
RUS,72,522
RUS,72,523
RUS,72,524
RUS,72,525
RUS,72,526
RUS,72,527
RUS,72,528
RUS,72,529
RUS,72,530
RUS,72,531
RUS,72,532
RUS,72,533
RUS,72,534
RUS,72,535
RUS,72,536
RUS,72,537
RUS,72,538
RUS,72,539
RUS,72,540
RUS,72,541
RUS,72,542
RUS,72,543
RUS,72,544
RUS,72,545
RUS,72,546
RUS,72,547
RUS,72,548
RUS,72,549
RUS,72,550
RUS,72,551
RUS,72,552
RUS,72,553
RUS,72,554
RUS,72,555
RUS,72,556
RUS,72,557
RUS,72,558
RUS,72,559
RUS,72,560
RUS,72,561
RUS,72,562
RUS,72,563
RUS,72,564
RUS,72,565
RUS,72,566
RUS,72,567
RUS,72,568
RUS,72,569
RUS,72,570
RUS,72,571
RUS,72,572
RUS,72,573
RUS,72,574
RUS,72,575
RUS,72,576
RUS,72,577
RUS,72,578
RUS,72,579
RUS,72,580
RUS,72,581
RUS,72,582
RUS,72,583
RUS,72,584
RUS,72,585
RUS,72,586
RUS,72,587
RUS,72,588
RUS,72,589
RUS,72,590
RUS,72,591
RUS,72,592
RUS,72,593
RUS,72,594
RUS,72,595
RUS,72,596
RUS,72,597
RUS,72,598
RUS,72,599
RUS,72,600
RUS,72,601
RUS,72,602
RUS,72,603
RUS,72,604
RUS,72,605
RUS,72,606
RUS,72,607
RUS,72,608
RUS,72,609
RUS,72,610
RUS,72,611
RUS,72,612
RUS,72,613
RUS,72,614
RUS,72,615
RUS,72,616
RUS,72,617
RUS,72,618
RUS,72,619
RUS,72,620
RUS,72,621
RUS,72,622
RUS,72,623
RUS,72,624
RUS,72,625
RUS,72,626
RUS,72,627
RUS,72,628
RUS,72,629
RUS,72,630
RUS,72,631
RUS,72,632
RUS,72,633
RUS,72,634
RUS,72,635
RUS,72,636
RUS,72,638
RUS,72,639
RUS,72,640
RUS,72,641
RUS,72,645
RUS,72,646
RUS,72,647
RUS,72,672
RUS,72,673
RUS,72,674
RUS,72,675
RUS,72,676
RUS,72,677
RUS,72,678
RUS,72,679
RUS,72,680
RUS,72,681
RUS,72,682
USA,73,24
USA,73,25
USA,73,26
USA,73,27
USA,73,28
CAN,73,94
CAN,73,95
CAN,73,96
CAN,73,97
CAN,73,99
CAN,73,100
CAN,73,101
CAN,73,102
CAN,73,103
CAN,73,104
CAN,73,105
CAN,73,106
CAN,73,107
CAN,73,108
CAN,73,109
CAN,73,110
CAN,73,111
CAN,73,112
CAN,73,113
CAN,73,114
CAN,73,115
CAN,73,116
CAN,73,117
CAN,73,118
CAN,73,119
CAN,73,120
CAN,73,121
CAN,73,122
CAN,73,123
CAN,73,124
CAN,73,125
CAN,73,126
CAN,73,127
CAN,73,128
CAN,73,129
CAN,73,130
CAN,73,131
CAN,73,132
CAN,73,133
CAN,73,134
CAN,73,135
CAN,73,136
CAN,73,137
CAN,73,138
CAN,73,139
CAN,73,140
CAN,73,141
CAN,73,142
CAN,73,143
CAN,73,144
CAN,73,145
CAN,73,146
CAN,73,147
CAN,73,148
CAN,73,149
CAN,73,150
CAN,73,151
CAN,73,152
CAN,73,153
CAN,73,154
CAN,73,155
CAN,73,156
CAN,73,157
CAN,73,158
CAN,73,159
CAN,73,160
CAN,73,161
CAN,73,162
CAN,73,163
CAN,73,164
CAN,73,165
CAN,73,166
CAN,73,167
CAN,73,168
CAN,73,169
CAN,73,170
CAN,73,171
CAN,73,172
CAN,73,173
CAN,73,174
CAN,73,175
CAN,73,176
CAN,73,177
CAN,73,178
CAN,73,179
CAN,73,180
CAN,73,181
CAN,73,182
CAN,73,183
CAN,73,184
CAN,73,185
CAN,73,186
CAN,73,187
CAN,73,188
CAN,73,189
CAN,73,190
CAN,73,191
CAN,73,192
CAN,73,193
CAN,73,194
CAN,73,195
CAN,73,196
CAN,73,202
CAN,73,203
CAN,73,204
CAN,73,205
CAN,73,206
CAN,73,207
CAN,73,208
CAN,73,209
CAN,73,210
CAN,73,211
CAN,73,212
CAN,73,213
CAN,73,214
CAN,73,215
CAN,73,216
CAN,73,217
CAN,73,218
CAN,73,219
CAN,73,220
CAN,73,221
CAN,73,222
CAN,73,223
CAN,73,224
CAN,73,225
CAN,73,226
CAN,73,227
CAN,73,228
CAN,73,229
CAN,73,230
CAN,73,231
CAN,73,232
CAN,73,233
CAN,73,234
CAN,73,235
CAN,73,236
CAN,73,237
CAN,73,238
CAN,73,239
CAN,73,240
CAN,73,241
CAN,73,242
CAN,73,243
CAN,73,244
CAN,73,245
CAN,73,246
CAN,73,247
CAN,73,248
CAN,73,249
IRL,73,340
IRL,73,341
IRL,73,342
IRL,73,343
IRL,73,344
IRL,73,345
IRL,73,346
IRL,73,347
IRL,73,348
GBR,73,354
GBR,73,355
GBR,73,356
GBR,73,357
GBR,73,358
GBR,73,359
GBR,73,360
GBR,73,361
NLD,73,373
DEU,73,374
DEU,73,375
DEU,73,376
DEU,73,377
DEU,73,378
DEU,73,379
DEU,73,380
DEU,73,381
DEU,73,382
DEU,73,383
DEU,73,384
DEU,73,385
DEU,73,386
DEU,73,387
DEU,73,388
DEU,73,389
POL,73,390
POL,73,391
POL,73,392
POL,73,393
POL,73,394
POL,73,395
POL,73,396
POL,73,397
POL,73,398
POL,73,399
POL,73,400
POL,73,401
POL,73,402
POL,73,403
POL,73,404
POL,73,405
POL,73,406
POL,73,407
BLR,73,408
BLR,73,409
BLR,73,410
BLR,73,411
BLR,73,412
BLR,73,413
BLR,73,414
BLR,73,415
BLR,73,416
BLR,73,417
BLR,73,418
BLR,73,419
BLR,73,420
BLR,73,421
BLR,73,422
BLR,73,423
BLR,73,424
BLR,73,425
RUS,73,426
RUS,73,427
RUS,73,428
RUS,73,429
RUS,73,430
RUS,73,431
RUS,73,432
RUS,73,433
RUS,73,434
RUS,73,435
RUS,73,436
RUS,73,437
RUS,73,438
RUS,73,439
RUS,73,440
RUS,73,441
RUS,73,442
RUS,73,443
RUS,73,444
RUS,73,445
RUS,73,446
RUS,73,447
RUS,73,448
RUS,73,449
RUS,73,450
RUS,73,451
RUS,73,452
RUS,73,453
RUS,73,454
RUS,73,455
RUS,73,456
RUS,73,457
RUS,73,458
RUS,73,459
RUS,73,460
RUS,73,461
RUS,73,462
RUS,73,463
RUS,73,464
RUS,73,465
RUS,73,466
RUS,73,467
RUS,73,468
RUS,73,469
RUS,73,470
RUS,73,471
RUS,73,472
RUS,73,473
RUS,73,474
RUS,73,475
RUS,73,476
RUS,73,477
RUS,73,478
RUS,73,479
RUS,73,480
RUS,73,481
RUS,73,482
KAZ,73,483
KAZ,73,484
KAZ,73,485
KAZ,73,486
KAZ,73,487
KAZ,73,488
KAZ,73,489
KAZ,73,490
KAZ,73,491
KAZ,73,492
KAZ,73,493
KAZ,73,494
KAZ,73,495
KAZ,73,496
KAZ,73,497
KAZ,73,498
KAZ,73,499
KAZ,73,500
KAZ,73,501
KAZ,73,502
KAZ,73,503
KAZ,73,504
KAZ,73,505
KAZ,73,506
KAZ,73,507
RUS,73,508
RUS,73,509
KAZ,73,510
KAZ,73,511
KAZ,73,512
KAZ,73,513
KAZ,73,514
RUS,73,515
RUS,73,516
RUS,73,517
RUS,73,518
RUS,73,519
RUS,73,520
RUS,73,521
RUS,73,522
RUS,73,523
RUS,73,524
RUS,73,525
RUS,73,526
RUS,73,527
RUS,73,528
RUS,73,529
RUS,73,530
RUS,73,531
RUS,73,532
RUS,73,533
RUS,73,534
RUS,73,535
RUS,73,536
RUS,73,537
RUS,73,538
RUS,73,539
RUS,73,540
RUS,73,541
RUS,73,542
RUS,73,543
RUS,73,544
RUS,73,545
RUS,73,546
RUS,73,547
RUS,73,548
RUS,73,549
RUS,73,550
RUS,73,551
RUS,73,552
RUS,73,553
RUS,73,554
RUS,73,555
RUS,73,556
RUS,73,557
RUS,73,558
RUS,73,559
RUS,73,560
RUS,73,561
RUS,73,562
RUS,73,563
RUS,73,564
RUS,73,565
RUS,73,566
RUS,73,567
RUS,73,568
RUS,73,569
RUS,73,570
RUS,73,571
RUS,73,572
RUS,73,573
RUS,73,574
RUS,73,575
RUS,73,576
RUS,73,577
RUS,73,578
RUS,73,579
RUS,73,580
RUS,73,581
RUS,73,582
RUS,73,583
RUS,73,584
RUS,73,585
RUS,73,586
RUS,73,587
RUS,73,588
RUS,73,589
RUS,73,590
RUS,73,591
RUS,73,592
RUS,73,593
RUS,73,594
RUS,73,595
RUS,73,596
RUS,73,597
RUS,73,598
RUS,73,599
RUS,73,600
RUS,73,601
RUS,73,602
RUS,73,603
RUS,73,604
RUS,73,605
RUS,73,606
RUS,73,607
RUS,73,608
RUS,73,609
RUS,73,610
RUS,73,611
RUS,73,612
RUS,73,613
RUS,73,614
RUS,73,615
RUS,73,616
RUS,73,617
RUS,73,618
RUS,73,619
RUS,73,620
RUS,73,621
RUS,73,622
RUS,73,623
RUS,73,624
RUS,73,625
RUS,73,626
RUS,73,627
RUS,73,628
RUS,73,629
RUS,73,630
RUS,73,631
RUS,73,632
RUS,73,633
RUS,73,634
RUS,73,635
RUS,73,636
RUS,73,637
RUS,73,638
RUS,73,639
RUS,73,640
RUS,73,641
RUS,73,642
RUS,73,645
RUS,73,646
RUS,73,647
RUS,73,672
RUS,73,673
RUS,73,674
RUS,73,675
RUS,73,676
RUS,73,677
RUS,73,678
RUS,73,679
RUS,73,680
USA,74,21
USA,74,23
USA,74,24
USA,74,25
USA,74,26
CAN,74,95
CAN,74,96
CAN,74,97
CAN,74,100
CAN,74,101
CAN,74,102
CAN,74,103
CAN,74,104
CAN,74,105
CAN,74,106
CAN,74,107
CAN,74,108
CAN,74,109
CAN,74,110
CAN,74,111
CAN,74,112
CAN,74,113
CAN,74,114
CAN,74,115
CAN,74,116
CAN,74,117
CAN,74,118
CAN,74,119
CAN,74,120
CAN,74,121
CAN,74,122
CAN,74,123
CAN,74,124
CAN,74,125
CAN,74,126
CAN,74,127
CAN,74,128
CAN,74,129
CAN,74,130
CAN,74,131
CAN,74,132
CAN,74,133
CAN,74,134
CAN,74,135
CAN,74,136
CAN,74,137
CAN,74,138
CAN,74,139
CAN,74,140
CAN,74,141
CAN,74,142
CAN,74,143
CAN,74,144
CAN,74,145
CAN,74,146
CAN,74,147
CAN,74,148
CAN,74,149
CAN,74,150
CAN,74,151
CAN,74,152
CAN,74,153
CAN,74,154
CAN,74,155
CAN,74,156
CAN,74,157
CAN,74,158
CAN,74,159
CAN,74,160
CAN,74,161
CAN,74,162
CAN,74,163
CAN,74,164
CAN,74,165
CAN,74,166
CAN,74,167
CAN,74,168
CAN,74,169
CAN,74,170
CAN,74,171
CAN,74,172
CAN,74,173
CAN,74,174
CAN,74,175
CAN,74,176
CAN,74,177
CAN,74,178
CAN,74,179
CAN,74,180
CAN,74,181
CAN,74,182
CAN,74,183
CAN,74,184
CAN,74,185
CAN,74,186
CAN,74,187
CAN,74,188
CAN,74,189
CAN,74,190
CAN,74,191
CAN,74,192
CAN,74,193
CAN,74,194
CAN,74,195
CAN,74,196
CAN,74,197
CAN,74,198
CAN,74,199
CAN,74,200
CAN,74,201
CAN,74,202
CAN,74,203
CAN,74,204
CAN,74,205
CAN,74,206
CAN,74,207
CAN,74,208
CAN,74,209
CAN,74,210
CAN,74,211
CAN,74,212
CAN,74,213
CAN,74,214
CAN,74,215
CAN,74,216
CAN,74,217
CAN,74,218
CAN,74,219
CAN,74,220
CAN,74,221
CAN,74,222
CAN,74,223
CAN,74,224
CAN,74,225
CAN,74,226
CAN,74,227
CAN,74,228
CAN,74,229
CAN,74,230
CAN,74,231
CAN,74,232
CAN,74,233
CAN,74,234
CAN,74,235
CAN,74,236
CAN,74,237
CAN,74,238
CAN,74,239
CAN,74,240
CAN,74,241
CAN,74,242
CAN,74,243
CAN,74,244
CAN,74,245
CAN,74,246
CAN,74,247
CAN,74,248
CAN,74,249
IRL,74,340
IRL,74,341
IRL,74,342
IRL,74,343
IRL,74,344
IRL,74,345
IRL,74,346
IRL,74,347
IRL,74,348
GBR,74,351
GBR,74,352
GBR,74,353
GBR,74,354
GBR,74,355
GBR,74,356
GBR,74,357
GBR,74,358
GBR,74,359
GBR,74,360
GBR,74,361
NLD,74,370
NLD,74,371
NLD,74,372
NLD,74,373
NLD,74,374
DEU,74,375
DEU,74,376
DEU,74,377
DEU,74,378
DEU,74,379
DEU,74,380
DEU,74,381
DEU,74,382
DEU,74,383
DEU,74,384
DEU,74,385
DEU,74,386
DEU,74,387
DEU,74,388
DEU,74,389
POL,74,390
POL,74,391
POL,74,392
POL,74,393
POL,74,394
POL,74,395
POL,74,396
POL,74,397
POL,74,398
POL,74,399
POL,74,400
POL,74,401
POL,74,402
POL,74,403
POL,74,404
POL,74,405
POL,74,406
POL,74,407
POL,74,408
BLR,74,409
BLR,74,410
BLR,74,411
BLR,74,412
BLR,74,413
BLR,74,414
BLR,74,415
BLR,74,416
BLR,74,417
BLR,74,418
BLR,74,419
BLR,74,420
BLR,74,421
BLR,74,422
BLR,74,423
BLR,74,424
BLR,74,425
RUS,74,426
RUS,74,427
RUS,74,428
RUS,74,429
RUS,74,430
RUS,74,431
RUS,74,432
RUS,74,433
RUS,74,434
RUS,74,435
RUS,74,436
RUS,74,437
RUS,74,438
RUS,74,439
RUS,74,440
RUS,74,441
RUS,74,442
RUS,74,443
RUS,74,444
RUS,74,445
RUS,74,446
RUS,74,447
RUS,74,448
RUS,74,449
RUS,74,450
RUS,74,451
RUS,74,452
RUS,74,453
RUS,74,454
RUS,74,455
RUS,74,456
RUS,74,457
RUS,74,458
RUS,74,459
RUS,74,460
RUS,74,461
RUS,74,462
RUS,74,463
RUS,74,464
RUS,74,465
RUS,74,466
RUS,74,467
RUS,74,468
RUS,74,469
RUS,74,470
RUS,74,471
RUS,74,472
RUS,74,473
RUS,74,474
RUS,74,475
RUS,74,476
RUS,74,477
RUS,74,478
RUS,74,479
RUS,74,480
RUS,74,481
RUS,74,482
RUS,74,483
KAZ,74,484
KAZ,74,485
KAZ,74,486
KAZ,74,487
KAZ,74,488
KAZ,74,489
KAZ,74,490
KAZ,74,491
KAZ,74,492
KAZ,74,493
KAZ,74,494
KAZ,74,495
KAZ,74,496
KAZ,74,497
KAZ,74,498
KAZ,74,499
KAZ,74,500
KAZ,74,501
KAZ,74,502
KAZ,74,503
KAZ,74,504
KAZ,74,505
KAZ,74,506
KAZ,74,507
KAZ,74,508
KAZ,74,509
KAZ,74,510
KAZ,74,511
KAZ,74,512
KAZ,74,513
KAZ,74,514
KAZ,74,515
KAZ,74,516
RUS,74,517
RUS,74,518
RUS,74,519
RUS,74,520
RUS,74,521
RUS,74,522
RUS,74,523
RUS,74,524
RUS,74,525
RUS,74,526
RUS,74,527
RUS,74,528
RUS,74,529
RUS,74,530
RUS,74,531
RUS,74,532
RUS,74,533
RUS,74,534
RUS,74,535
RUS,74,536
RUS,74,537
RUS,74,538
RUS,74,539
RUS,74,540
RUS,74,541
RUS,74,542
RUS,74,543
RUS,74,544
RUS,74,545
RUS,74,546
RUS,74,547
RUS,74,548
RUS,74,549
RUS,74,550
RUS,74,551
RUS,74,552
RUS,74,553
RUS,74,554
RUS,74,555
RUS,74,556
RUS,74,557
RUS,74,558
RUS,74,559
RUS,74,560
RUS,74,561
RUS,74,562
RUS,74,563
RUS,74,564
RUS,74,565
RUS,74,566
RUS,74,567
RUS,74,568
RUS,74,569
RUS,74,570
RUS,74,571
RUS,74,572
RUS,74,573
RUS,74,574
RUS,74,575
RUS,74,576
RUS,74,577
RUS,74,578
RUS,74,579
RUS,74,580
RUS,74,581
RUS,74,582
RUS,74,583
RUS,74,584
RUS,74,585
RUS,74,586
RUS,74,587
RUS,74,588
RUS,74,589
RUS,74,590
RUS,74,591
RUS,74,592
RUS,74,593
RUS,74,594
RUS,74,595
RUS,74,596
RUS,74,597
RUS,74,598
RUS,74,599
RUS,74,600
RUS,74,601
RUS,74,602
CHN,74,603
CHN,74,604
CHN,74,605
CHN,74,606
CHN,74,607
CHN,74,608
CHN,74,609
RUS,74,610
RUS,74,611
RUS,74,612
RUS,74,613
RUS,74,614
RUS,74,615
RUS,74,616
RUS,74,617
RUS,74,618
RUS,74,619
RUS,74,620
RUS,74,621
RUS,74,622
RUS,74,623
RUS,74,624
RUS,74,625
RUS,74,626
RUS,74,627
RUS,74,628
RUS,74,629
RUS,74,630
RUS,74,631
RUS,74,632
RUS,74,633
RUS,74,634
RUS,74,635
RUS,74,636
RUS,74,637
RUS,74,638
RUS,74,639
RUS,74,640
RUS,74,641
RUS,74,642
RUS,74,643
RUS,74,644
RUS,74,645
RUS,74,646
RUS,74,647
RUS,74,673
RUS,74,674
RUS,74,675
RUS,74,676
RUS,74,677
RUS,74,678
RUS,74,679
RUS,74,680
RUS,74,681
,74,706
USA,75,18
USA,75,19
USA,75,20
USA,75,21
USA,75,22
USA,75,23
CAN,75,96
CAN,75,97
CAN,75,98
CAN,75,102
CAN,75,103
CAN,75,104
CAN,75,105
CAN,75,106
CAN,75,107
CAN,75,108
CAN,75,109
CAN,75,110
CAN,75,111
CAN,75,112
CAN,75,113
CAN,75,114
CAN,75,115
CAN,75,116
CAN,75,117
CAN,75,118
CAN,75,119
CAN,75,120
CAN,75,121
CAN,75,122
CAN,75,123
CAN,75,124
CAN,75,125
CAN,75,126
CAN,75,127
CAN,75,128
CAN,75,129
CAN,75,130
CAN,75,131
CAN,75,132
CAN,75,133
CAN,75,134
CAN,75,135
CAN,75,136
CAN,75,137
CAN,75,138
CAN,75,139
CAN,75,140
CAN,75,141
CAN,75,142
CAN,75,143
CAN,75,144
CAN,75,145
CAN,75,146
CAN,75,147
CAN,75,148
CAN,75,149
CAN,75,150
CAN,75,151
CAN,75,152
CAN,75,153
CAN,75,154
CAN,75,155
CAN,75,156
CAN,75,157
CAN,75,158
CAN,75,159
CAN,75,160
CAN,75,161
CAN,75,162
CAN,75,163
CAN,75,164
CAN,75,165
CAN,75,166
CAN,75,167
CAN,75,168
CAN,75,169
CAN,75,170
CAN,75,171
CAN,75,172
CAN,75,173
CAN,75,174
CAN,75,175
CAN,75,176
CAN,75,177
CAN,75,178
CAN,75,179
CAN,75,180
CAN,75,181
CAN,75,182
CAN,75,183
CAN,75,184
CAN,75,185
CAN,75,186
CAN,75,187
CAN,75,188
CAN,75,189
CAN,75,190
CAN,75,191
CAN,75,192
CAN,75,193
CAN,75,194
CAN,75,195
CAN,75,196
CAN,75,197
CAN,75,198
CAN,75,199
CAN,75,201
CAN,75,203
CAN,75,204
CAN,75,205
CAN,75,206
CAN,75,207
CAN,75,208
CAN,75,209
CAN,75,210
CAN,75,211
CAN,75,212
CAN,75,213
CAN,75,214
CAN,75,215
CAN,75,216
CAN,75,217
CAN,75,218
CAN,75,219
CAN,75,220
CAN,75,221
CAN,75,222
CAN,75,223
CAN,75,224
CAN,75,225
CAN,75,226
CAN,75,227
CAN,75,228
CAN,75,229
CAN,75,230
CAN,75,231
CAN,75,232
CAN,75,233
CAN,75,234
CAN,75,235
CAN,75,236
CAN,75,237
CAN,75,238
CAN,75,239
CAN,75,240
CAN,75,241
CAN,75,242
CAN,75,243
CAN,75,244
CAN,75,245
CAN,75,246
CAN,75,247
CAN,75,248
CAN,75,249
IRL,75,341
IRL,75,342
IRL,75,343
IRL,75,344
IRL,75,345
IRL,75,346
IRL,75,347
IRL,75,348
GBR,75,351
GBR,75,352
GBR,75,353
GBR,75,354
GBR,75,355
GBR,75,356
GBR,75,357
GBR,75,358
GBR,75,359
GBR,75,360
GBR,75,361
GBR,75,362
GBR,75,363
GBR,75,364
NLD,75,370
NLD,75,371
NLD,75,372
NLD,75,373
NLD,75,374
DEU,75,375
DEU,75,376
DEU,75,377
DEU,75,378
DEU,75,379
DEU,75,380
DEU,75,381
DEU,75,382
DEU,75,383
DEU,75,384
DEU,75,385
DEU,75,386
DEU,75,387
DEU,75,388
DEU,75,389
POL,75,390
POL,75,391
POL,75,392
POL,75,393
POL,75,394
POL,75,395
POL,75,396
POL,75,397
POL,75,398
POL,75,399
POL,75,400
POL,75,401
POL,75,402
POL,75,403
POL,75,404
POL,75,405
POL,75,406
POL,75,407
POL,75,408
BLR,75,409
BLR,75,410
BLR,75,411
BLR,75,412
BLR,75,413
BLR,75,414
BLR,75,415
BLR,75,416
BLR,75,417
BLR,75,418
BLR,75,419
BLR,75,420
BLR,75,421
BLR,75,422
BLR,75,423
RUS,75,424
RUS,75,425
RUS,75,426
RUS,75,427
RUS,75,428
RUS,75,429
RUS,75,430
RUS,75,431
RUS,75,432
RUS,75,433
RUS,75,434
RUS,75,435
RUS,75,436
RUS,75,437
RUS,75,438
RUS,75,439
RUS,75,440
RUS,75,441
RUS,75,442
RUS,75,443
RUS,75,444
RUS,75,445
RUS,75,446
RUS,75,447
RUS,75,448
RUS,75,449
RUS,75,450
RUS,75,451
RUS,75,452
RUS,75,453
RUS,75,454
RUS,75,455
RUS,75,456
RUS,75,457
RUS,75,458
RUS,75,459
RUS,75,460
RUS,75,461
RUS,75,462
RUS,75,463
RUS,75,464
RUS,75,465
RUS,75,466
RUS,75,467
RUS,75,468
RUS,75,469
RUS,75,470
RUS,75,471
RUS,75,472
RUS,75,473
RUS,75,474
RUS,75,475
RUS,75,476
RUS,75,477
RUS,75,478
RUS,75,479
RUS,75,480
RUS,75,481
RUS,75,482
KAZ,75,483
KAZ,75,484
KAZ,75,485
KAZ,75,486
KAZ,75,487
KAZ,75,488
KAZ,75,489
KAZ,75,490
KAZ,75,491
KAZ,75,492
KAZ,75,493
KAZ,75,494
KAZ,75,495
KAZ,75,496
KAZ,75,497
KAZ,75,498
KAZ,75,499
KAZ,75,500
KAZ,75,501
KAZ,75,502
KAZ,75,503
KAZ,75,504
KAZ,75,505
KAZ,75,506
KAZ,75,507
KAZ,75,508
KAZ,75,509
KAZ,75,510
KAZ,75,511
KAZ,75,512
KAZ,75,513
KAZ,75,514
KAZ,75,515
KAZ,75,516
KAZ,75,517
RUS,75,518
RUS,75,519
RUS,75,520
RUS,75,521
RUS,75,522
RUS,75,523
RUS,75,524
RUS,75,525
RUS,75,526
RUS,75,527
RUS,75,528
RUS,75,529
RUS,75,530
RUS,75,531
RUS,75,532
RUS,75,533
RUS,75,534
RUS,75,535
RUS,75,536
RUS,75,537
RUS,75,538
RUS,75,539
RUS,75,540
RUS,75,541
RUS,75,542
RUS,75,543
RUS,75,544
RUS,75,545
RUS,75,546
RUS,75,547
RUS,75,548
RUS,75,549
RUS,75,550
RUS,75,551
RUS,75,552
RUS,75,553
RUS,75,554
RUS,75,555
RUS,75,556
RUS,75,557
RUS,75,558
RUS,75,559
RUS,75,560
RUS,75,561
RUS,75,562
RUS,75,563
RUS,75,564
RUS,75,565
RUS,75,566
RUS,75,567
RUS,75,568
RUS,75,569
RUS,75,570
RUS,75,571
RUS,75,572
RUS,75,573
RUS,75,574
RUS,75,575
RUS,75,576
RUS,75,577
RUS,75,578
RUS,75,579
RUS,75,580
RUS,75,581
RUS,75,582
RUS,75,583
RUS,75,584
RUS,75,585
RUS,75,586
RUS,75,587
RUS,75,588
RUS,75,589
RUS,75,590
RUS,75,591
RUS,75,592
RUS,75,593
RUS,75,594
RUS,75,595
RUS,75,596
RUS,75,597
RUS,75,598
RUS,75,599
RUS,75,600
RUS,75,601
CHN,75,602
CHN,75,603
CHN,75,604
CHN,75,605
CHN,75,606
CHN,75,607
CHN,75,608
CHN,75,609
CHN,75,610
CHN,75,611
CHN,75,612
RUS,75,613
RUS,75,614
RUS,75,615
RUS,75,616
RUS,75,617
RUS,75,618
RUS,75,619
RUS,75,620
RUS,75,621
RUS,75,622
RUS,75,623
RUS,75,624
RUS,75,625
RUS,75,626
RUS,75,627
RUS,75,628
RUS,75,629
RUS,75,630
RUS,75,631
RUS,75,632
RUS,75,633
RUS,75,634
RUS,75,635
RUS,75,636
RUS,75,637
RUS,75,638
RUS,75,639
RUS,75,640
RUS,75,641
RUS,75,642
RUS,75,643
RUS,75,644
RUS,75,645
RUS,75,646
RUS,75,647
RUS,75,673
RUS,75,674
RUS,75,675
RUS,75,676
RUS,75,677
RUS,75,678
,75,706
,75,707
,75,708
USA,76,8
,76,9
USA,76,11
USA,76,12
USA,76,13
USA,76,14
USA,76,15
USA,76,16
CAN,76,97
CAN,76,98
CAN,76,99
CAN,76,103
CAN,76,104
CAN,76,105
CAN,76,106
CAN,76,107
CAN,76,108
CAN,76,109
CAN,76,110
CAN,76,111
CAN,76,112
CAN,76,113
CAN,76,114
CAN,76,115
CAN,76,116
CAN,76,117
CAN,76,118
CAN,76,119
CAN,76,120
CAN,76,121
CAN,76,122
CAN,76,123
CAN,76,124
CAN,76,125
CAN,76,126
CAN,76,127
CAN,76,128
CAN,76,129
CAN,76,130
CAN,76,131
CAN,76,132
CAN,76,133
CAN,76,134
CAN,76,135
CAN,76,136
CAN,76,137
CAN,76,138
CAN,76,139
CAN,76,140
CAN,76,141
CAN,76,142
CAN,76,143
CAN,76,144
CAN,76,145
CAN,76,146
CAN,76,147
CAN,76,148
CAN,76,149
CAN,76,150
CAN,76,151
CAN,76,152
CAN,76,153
CAN,76,154
CAN,76,155
CAN,76,156
CAN,76,157
CAN,76,158
CAN,76,159
CAN,76,160
CAN,76,161
CAN,76,162
CAN,76,163
CAN,76,164
CAN,76,165
CAN,76,166
CAN,76,167
CAN,76,168
CAN,76,169
CAN,76,170
CAN,76,171
CAN,76,172
CAN,76,173
CAN,76,174
CAN,76,175
CAN,76,176
CAN,76,177
CAN,76,178
CAN,76,179
CAN,76,180
CAN,76,181
CAN,76,182
CAN,76,183
CAN,76,184
CAN,76,185
CAN,76,186
CAN,76,187
CAN,76,188
CAN,76,189
CAN,76,190
CAN,76,191
CAN,76,192
CAN,76,193
CAN,76,194
CAN,76,195
CAN,76,196
CAN,76,197
CAN,76,198
CAN,76,199
CAN,76,201
CAN,76,202
CAN,76,203
CAN,76,204
CAN,76,205
CAN,76,206
CAN,76,207
CAN,76,208
CAN,76,209
CAN,76,210
CAN,76,211
CAN,76,212
CAN,76,213
CAN,76,214
CAN,76,215
CAN,76,216
CAN,76,217
CAN,76,218
CAN,76,219
CAN,76,220
CAN,76,221
CAN,76,222
CAN,76,223
CAN,76,224
CAN,76,225
CAN,76,226
CAN,76,227
CAN,76,228
CAN,76,229
CAN,76,230
CAN,76,231
CAN,76,232
CAN,76,233
CAN,76,234
CAN,76,235
CAN,76,236
CAN,76,237
CAN,76,238
CAN,76,239
CAN,76,240
CAN,76,241
CAN,76,242
CAN,76,243
CAN,76,244
CAN,76,245
CAN,76,246
CAN,76,247
CAN,76,248
CAN,76,249
IRL,76,340
IRL,76,341
IRL,76,342
IRL,76,343
IRL,76,344
IRL,76,345
IRL,76,346
IRL,76,347
IRL,76,348
GBR,76,350
GBR,76,351
GBR,76,352
GBR,76,353
GBR,76,354
GBR,76,355
GBR,76,356
GBR,76,357
GBR,76,358
GBR,76,359
GBR,76,360
GBR,76,361
GBR,76,362
GBR,76,363
GBR,76,364
NLD,76,369
NLD,76,370
NLD,76,371
NLD,76,372
NLD,76,373
NLD,76,374
DEU,76,375
DEU,76,376
DEU,76,377
DEU,76,378
DEU,76,379
DEU,76,380
DEU,76,381
DEU,76,382
DEU,76,383
DEU,76,384
DEU,76,385
DEU,76,386
DEU,76,387
DEU,76,388
DEU,76,389
POL,76,390
POL,76,391
POL,76,392
POL,76,393
POL,76,394
POL,76,395
POL,76,396
POL,76,397
POL,76,398
POL,76,399
POL,76,400
POL,76,401
POL,76,402
POL,76,403
POL,76,404
POL,76,405
POL,76,406
POL,76,407
BLR,76,408
BLR,76,409
BLR,76,410
BLR,76,411
BLR,76,412
BLR,76,413
BLR,76,414
BLR,76,415
BLR,76,416
BLR,76,417
BLR,76,418
BLR,76,419
BLR,76,420
BLR,76,421
BLR,76,422
BLR,76,423
RUS,76,424
RUS,76,425
UKR,76,426
UKR,76,427
UKR,76,428
RUS,76,429
RUS,76,430
RUS,76,431
RUS,76,432
RUS,76,433
RUS,76,434
RUS,76,435
RUS,76,436
RUS,76,437
RUS,76,438
RUS,76,439
RUS,76,440
RUS,76,441
RUS,76,442
RUS,76,443
RUS,76,444
RUS,76,445
RUS,76,446
RUS,76,447
RUS,76,448
RUS,76,449
RUS,76,450
RUS,76,451
RUS,76,452
RUS,76,453
RUS,76,454
RUS,76,455
RUS,76,456
RUS,76,457
RUS,76,458
RUS,76,459
RUS,76,460
RUS,76,461
RUS,76,462
RUS,76,463
RUS,76,464
RUS,76,465
RUS,76,466
RUS,76,467
RUS,76,468
RUS,76,469
RUS,76,470
RUS,76,471
RUS,76,472
RUS,76,473
RUS,76,474
RUS,76,475
RUS,76,476
RUS,76,477
RUS,76,478
RUS,76,479
RUS,76,480
RUS,76,481
RUS,76,482
KAZ,76,483
KAZ,76,484
KAZ,76,485
KAZ,76,486
KAZ,76,487
KAZ,76,488
KAZ,76,489
KAZ,76,490
KAZ,76,491
KAZ,76,492
KAZ,76,493
KAZ,76,494
KAZ,76,495
KAZ,76,496
KAZ,76,497
KAZ,76,498
KAZ,76,499
KAZ,76,500
KAZ,76,501
KAZ,76,502
KAZ,76,503
KAZ,76,504
KAZ,76,505
KAZ,76,506
KAZ,76,507
KAZ,76,508
KAZ,76,509
KAZ,76,510
KAZ,76,511
KAZ,76,512
KAZ,76,513
KAZ,76,514
KAZ,76,515
KAZ,76,516
KAZ,76,517
KAZ,76,518
RUS,76,519
RUS,76,520
RUS,76,521
RUS,76,522
RUS,76,523
RUS,76,524
RUS,76,525
RUS,76,526
RUS,76,527
RUS,76,528
RUS,76,529
RUS,76,530
RUS,76,531
RUS,76,532
RUS,76,533
RUS,76,534
RUS,76,535
RUS,76,536
RUS,76,537
RUS,76,538
RUS,76,539
RUS,76,540
RUS,76,541
RUS,76,542
RUS,76,543
RUS,76,544
RUS,76,545
RUS,76,546
RUS,76,547
RUS,76,548
RUS,76,549
RUS,76,550
RUS,76,551
RUS,76,552
RUS,76,553
RUS,76,554
RUS,76,555
RUS,76,556
RUS,76,557
RUS,76,558
RUS,76,559
RUS,76,560
RUS,76,561
RUS,76,562
RUS,76,563
RUS,76,564
RUS,76,565
RUS,76,566
RUS,76,567
RUS,76,568
RUS,76,569
RUS,76,570
RUS,76,571
RUS,76,572
RUS,76,573
RUS,76,574
RUS,76,575
RUS,76,576
RUS,76,577
RUS,76,578
RUS,76,579
RUS,76,580
RUS,76,581
RUS,76,582
RUS,76,583
RUS,76,584
RUS,76,585
RUS,76,586
RUS,76,587
RUS,76,588
RUS,76,589
RUS,76,590
RUS,76,591
RUS,76,592
RUS,76,593
RUS,76,594
RUS,76,595
RUS,76,596
RUS,76,597
RUS,76,598
RUS,76,599
RUS,76,600
RUS,76,601
CHN,76,602
CHN,76,603
CHN,76,604
CHN,76,605
CHN,76,606
CHN,76,607
CHN,76,608
CHN,76,609
CHN,76,610
CHN,76,611
CHN,76,612
CHN,76,613
RUS,76,614
RUS,76,615
RUS,76,616
RUS,76,617
RUS,76,618
RUS,76,619
RUS,76,620
RUS,76,621
RUS,76,622
RUS,76,623
RUS,76,624
RUS,76,625
RUS,76,626
RUS,76,627
RUS,76,628
RUS,76,629
RUS,76,630
RUS,76,631
RUS,76,632
RUS,76,633
RUS,76,634
RUS,76,635
RUS,76,636
RUS,76,637
RUS,76,638
RUS,76,639
RUS,76,640
RUS,76,641
RUS,76,642
RUS,76,643
RUS,76,644
RUS,76,645
RUS,76,646
RUS,76,647
RUS,76,673
RUS,76,674
RUS,76,675
RUS,76,676
RUS,76,677
RUS,76,678
,76,707
,76,708
,76,712
,76,716
,76,720
USA,77,3
USA,77,4
USA,77,5
USA,77,6
USA,77,7
USA,77,8
CAN,77,104
CAN,77,105
CAN,77,106
CAN,77,107
CAN,77,108
CAN,77,109
CAN,77,110
CAN,77,111
CAN,77,112
CAN,77,113
CAN,77,114
CAN,77,115
CAN,77,116
CAN,77,117
CAN,77,118
CAN,77,119
CAN,77,120
CAN,77,121
CAN,77,122
CAN,77,123
CAN,77,124
CAN,77,125
CAN,77,126
CAN,77,127
CAN,77,128
CAN,77,129
CAN,77,130
CAN,77,131
CAN,77,132
CAN,77,133
CAN,77,134
CAN,77,135
CAN,77,136
CAN,77,137
CAN,77,138
CAN,77,139
CAN,77,140
CAN,77,141
CAN,77,142
CAN,77,143
CAN,77,144
CAN,77,145
CAN,77,146
CAN,77,147
CAN,77,148
CAN,77,149
CAN,77,150
CAN,77,151
CAN,77,152
CAN,77,153
CAN,77,154
CAN,77,155
CAN,77,156
CAN,77,157
CAN,77,158
CAN,77,159
CAN,77,160
CAN,77,161
CAN,77,162
CAN,77,163
CAN,77,164
CAN,77,165
CAN,77,166
CAN,77,167
CAN,77,168
CAN,77,169
CAN,77,170
CAN,77,171
CAN,77,172
CAN,77,173
CAN,77,174
CAN,77,175
CAN,77,176
CAN,77,177
CAN,77,178
CAN,77,179
CAN,77,180
CAN,77,181
CAN,77,182
CAN,77,183
CAN,77,184
CAN,77,185
CAN,77,186
CAN,77,187
CAN,77,188
CAN,77,189
CAN,77,190
CAN,77,191
CAN,77,192
CAN,77,193
CAN,77,194
CAN,77,195
CAN,77,196
CAN,77,197
CAN,77,198
CAN,77,199
CAN,77,200
CAN,77,201
CAN,77,202
CAN,77,203
CAN,77,204
CAN,77,205
CAN,77,206
CAN,77,207
CAN,77,208
CAN,77,209
CAN,77,210
CAN,77,211
CAN,77,212
CAN,77,213
CAN,77,214
CAN,77,215
CAN,77,216
CAN,77,217
CAN,77,218
CAN,77,219
CAN,77,220
CAN,77,221
CAN,77,222
CAN,77,223
CAN,77,224
CAN,77,225
CAN,77,226
CAN,77,227
CAN,77,228
CAN,77,229
CAN,77,230
CAN,77,231
CAN,77,232
CAN,77,233
CAN,77,234
CAN,77,235
CAN,77,236
CAN,77,237
CAN,77,238
CAN,77,239
CAN,77,240
CAN,77,241
CAN,77,242
CAN,77,243
CAN,77,244
CAN,77,245
CAN,77,246
CAN,77,247
CAN,77,248
CAN,77,249
CAN,77,250
IRL,77,340
IRL,77,341
IRL,77,342
IRL,77,343
IRL,77,344
IRL,77,345
GBR,77,350
GBR,77,351
GBR,77,352
GBR,77,353
GBR,77,354
GBR,77,355
GBR,77,356
GBR,77,357
GBR,77,358
GBR,77,359
GBR,77,360
GBR,77,361
GBR,77,362
GBR,77,363
NLD,77,368
NLD,77,369
NLD,77,370
NLD,77,371
NLD,77,372
DEU,77,373
DEU,77,374
DEU,77,375
DEU,77,376
DEU,77,377
DEU,77,378
DEU,77,379
DEU,77,380
DEU,77,381
DEU,77,382
DEU,77,383
DEU,77,384
DEU,77,385
DEU,77,386
DEU,77,387
DEU,77,388
DEU,77,389
POL,77,390
POL,77,391
POL,77,392
POL,77,393
POL,77,394
POL,77,395
POL,77,396
POL,77,397
POL,77,398
POL,77,399
POL,77,400
POL,77,401
POL,77,402
POL,77,403
POL,77,404
POL,77,405
POL,77,406
POL,77,407
BLR,77,408
UKR,77,409
UKR,77,410
UKR,77,411
UKR,77,412
UKR,77,413
UKR,77,414
BLR,77,415
BLR,77,416
BLR,77,417
BLR,77,418
BLR,77,419
BLR,77,420
BLR,77,421
UKR,77,422
UKR,77,423
UKR,77,424
UKR,77,425
UKR,77,426
UKR,77,427
UKR,77,428
UKR,77,429
RUS,77,430
RUS,77,431
RUS,77,432
RUS,77,433
RUS,77,434
RUS,77,435
RUS,77,436
RUS,77,437
RUS,77,438
RUS,77,439
RUS,77,440
RUS,77,441
RUS,77,442
RUS,77,443
RUS,77,444
RUS,77,445
RUS,77,446
RUS,77,447
RUS,77,448
RUS,77,449
RUS,77,450
RUS,77,451
RUS,77,452
RUS,77,453
RUS,77,454
RUS,77,455
RUS,77,456
RUS,77,457
RUS,77,458
RUS,77,459
RUS,77,460
RUS,77,461
RUS,77,462
RUS,77,463
RUS,77,464
RUS,77,465
RUS,77,466
RUS,77,467
RUS,77,468
RUS,77,469
RUS,77,470
RUS,77,471
RUS,77,472
RUS,77,473
RUS,77,474
RUS,77,475
RUS,77,476
RUS,77,477
RUS,77,478
RUS,77,479
RUS,77,480
RUS,77,481
KAZ,77,482
KAZ,77,483
KAZ,77,484
KAZ,77,485
KAZ,77,486
KAZ,77,487
KAZ,77,488
KAZ,77,489
KAZ,77,490
KAZ,77,491
KAZ,77,492
KAZ,77,493
KAZ,77,494
KAZ,77,495
KAZ,77,496
KAZ,77,497
KAZ,77,498
KAZ,77,499
KAZ,77,500
KAZ,77,501
KAZ,77,502
KAZ,77,503
KAZ,77,504
KAZ,77,505
KAZ,77,506
KAZ,77,507
KAZ,77,508
KAZ,77,509
KAZ,77,510
KAZ,77,511
KAZ,77,512
KAZ,77,513
KAZ,77,514
KAZ,77,515
KAZ,77,516
KAZ,77,517
KAZ,77,518
KAZ,77,519
RUS,77,520
RUS,77,521
RUS,77,522
RUS,77,523
RUS,77,524
RUS,77,525
RUS,77,526
RUS,77,527
RUS,77,528
RUS,77,529
RUS,77,530
RUS,77,531
RUS,77,532
RUS,77,533
RUS,77,534
RUS,77,535
RUS,77,536
RUS,77,537
RUS,77,538
RUS,77,539
RUS,77,540
RUS,77,541
RUS,77,542
RUS,77,543
RUS,77,544
RUS,77,545
RUS,77,546
RUS,77,547
RUS,77,548
RUS,77,549
RUS,77,550
RUS,77,551
RUS,77,552
RUS,77,553
RUS,77,554
RUS,77,555
RUS,77,556
RUS,77,557
MNG,77,558
MNG,77,559
MNG,77,560
MNG,77,561
RUS,77,562
RUS,77,563
RUS,77,564
RUS,77,565
RUS,77,566
RUS,77,567
RUS,77,568
RUS,77,569
RUS,77,570
RUS,77,571
RUS,77,572
RUS,77,573
RUS,77,574
RUS,77,575
RUS,77,576
RUS,77,577
RUS,77,578
RUS,77,579
RUS,77,580
RUS,77,581
RUS,77,582
RUS,77,583
RUS,77,584
RUS,77,585
RUS,77,586
RUS,77,587
RUS,77,588
RUS,77,589
RUS,77,590
RUS,77,591
RUS,77,592
RUS,77,593
RUS,77,594
RUS,77,595
RUS,77,596
RUS,77,597
RUS,77,598
RUS,77,599
RUS,77,600
RUS,77,601
CHN,77,602
CHN,77,603
CHN,77,604
CHN,77,605
CHN,77,606
CHN,77,607
CHN,77,608
CHN,77,609
CHN,77,610
CHN,77,611
CHN,77,612
CHN,77,613
RUS,77,614
RUS,77,615
RUS,77,616
RUS,77,617
RUS,77,618
RUS,77,619
RUS,77,620
RUS,77,621
RUS,77,622
RUS,77,623
RUS,77,624
RUS,77,625
RUS,77,626
RUS,77,627
RUS,77,628
RUS,77,629
RUS,77,630
RUS,77,631
RUS,77,632
RUS,77,633
RUS,77,634
RUS,77,635
RUS,77,636
RUS,77,637
RUS,77,638
RUS,77,639
RUS,77,640
RUS,77,641
RUS,77,642
RUS,77,643
RUS,77,644
RUS,77,645
RUS,77,646
RUS,77,647
RUS,77,674
RUS,77,675
RUS,77,676
RUS,77,677
,77,715
,77,716
,77,717
,77,718
,77,719
,77,720
USA,78,2
USA,78,3
CAN,78,105
CAN,78,106
CAN,78,107
CAN,78,108
CAN,78,109
CAN,78,110
CAN,78,111
CAN,78,112
CAN,78,113
CAN,78,114
CAN,78,115
CAN,78,116
CAN,78,117
CAN,78,118
CAN,78,119
CAN,78,120
CAN,78,121
CAN,78,122
CAN,78,123
CAN,78,124
CAN,78,125
CAN,78,126
CAN,78,127
CAN,78,128
CAN,78,129
CAN,78,130
CAN,78,131
CAN,78,132
CAN,78,133
CAN,78,134
CAN,78,135
CAN,78,136
CAN,78,137
CAN,78,138
CAN,78,139
CAN,78,140
CAN,78,141
CAN,78,142
CAN,78,143
CAN,78,144
CAN,78,145
CAN,78,146
CAN,78,147
CAN,78,148
CAN,78,149
CAN,78,150
CAN,78,151
CAN,78,152
CAN,78,153
CAN,78,154
CAN,78,155
CAN,78,156
CAN,78,157
CAN,78,158
CAN,78,159
CAN,78,160
CAN,78,161
CAN,78,162
CAN,78,163
CAN,78,164
CAN,78,165
CAN,78,166
CAN,78,167
CAN,78,168
CAN,78,169
CAN,78,170
CAN,78,171
CAN,78,172
CAN,78,173
CAN,78,174
CAN,78,175
CAN,78,176
CAN,78,177
CAN,78,178
CAN,78,179
CAN,78,180
CAN,78,181
CAN,78,182
CAN,78,183
CAN,78,184
CAN,78,185
CAN,78,186
CAN,78,187
CAN,78,188
CAN,78,189
CAN,78,190
CAN,78,191
CAN,78,192
CAN,78,193
CAN,78,194
CAN,78,195
CAN,78,196
CAN,78,197
CAN,78,198
CAN,78,199
CAN,78,200
CAN,78,201
CAN,78,202
CAN,78,203
CAN,78,204
CAN,78,205
CAN,78,206
CAN,78,207
CAN,78,208
CAN,78,209
CAN,78,210
CAN,78,211
CAN,78,212
CAN,78,213
CAN,78,214
CAN,78,215
CAN,78,216
CAN,78,217
CAN,78,218
CAN,78,219
CAN,78,220
CAN,78,221
CAN,78,222
CAN,78,223
CAN,78,224
CAN,78,225
CAN,78,226
CAN,78,227
CAN,78,228
CAN,78,229
CAN,78,230
CAN,78,231
CAN,78,232
CAN,78,233
CAN,78,234
CAN,78,235
CAN,78,236
CAN,78,237
CAN,78,238
CAN,78,239
CAN,78,240
CAN,78,241
CAN,78,242
CAN,78,243
CAN,78,244
CAN,78,245
CAN,78,246
CAN,78,247
CAN,78,248
CAN,78,249
CAN,78,250
IRL,78,341
GBR,78,352
GBR,78,353
GBR,78,354
GBR,78,355
GBR,78,356
GBR,78,357
GBR,78,358
GBR,78,359
GBR,78,360
GBR,78,361
GBR,78,362
GBR,78,363
FRA,78,365
BEL,78,366
BEL,78,367
BEL,78,368
BEL,78,369
BEL,78,370
BEL,78,371
NLD,78,372
DEU,78,373
DEU,78,374
DEU,78,375
DEU,78,376
DEU,78,377
DEU,78,378
DEU,78,379
DEU,78,380
DEU,78,381
DEU,78,382
DEU,78,383
DEU,78,384
DEU,78,385
DEU,78,386
DEU,78,387
DEU,78,388
DEU,78,389
DEU,78,390
POL,78,391
POL,78,392
POL,78,393
POL,78,394
POL,78,395
POL,78,396
POL,78,397
POL,78,398
POL,78,399
POL,78,400
POL,78,401
POL,78,402
POL,78,403
POL,78,404
POL,78,405
POL,78,406
POL,78,407
POL,78,408
UKR,78,409
UKR,78,410
UKR,78,411
UKR,78,412
UKR,78,413
UKR,78,414
UKR,78,415
UKR,78,416
UKR,78,417
UKR,78,418
UKR,78,419
UKR,78,420
UKR,78,421
UKR,78,422
UKR,78,423
UKR,78,424
UKR,78,425
UKR,78,426
UKR,78,427
UKR,78,428
UKR,78,429
RUS,78,430
RUS,78,431
RUS,78,432
RUS,78,433
RUS,78,434
RUS,78,435
RUS,78,436
RUS,78,437
RUS,78,438
RUS,78,439
RUS,78,440
RUS,78,441
RUS,78,442
RUS,78,443
RUS,78,444
RUS,78,445
RUS,78,446
RUS,78,447
RUS,78,448
RUS,78,449
RUS,78,450
RUS,78,451
RUS,78,452
RUS,78,453
RUS,78,454
RUS,78,455
RUS,78,456
RUS,78,457
RUS,78,458
RUS,78,459
RUS,78,460
KAZ,78,461
KAZ,78,462
KAZ,78,463
KAZ,78,464
KAZ,78,465
KAZ,78,466
KAZ,78,467
KAZ,78,468
RUS,78,469
RUS,78,470
RUS,78,471
RUS,78,472
RUS,78,473
RUS,78,474
RUS,78,475
RUS,78,476
RUS,78,477
RUS,78,478
RUS,78,479
RUS,78,480
RUS,78,481
RUS,78,482
RUS,78,483
KAZ,78,484
KAZ,78,485
KAZ,78,486
KAZ,78,487
KAZ,78,488
KAZ,78,489
KAZ,78,490
KAZ,78,491
KAZ,78,492
KAZ,78,493
KAZ,78,494
KAZ,78,495
KAZ,78,496
KAZ,78,497
KAZ,78,498
KAZ,78,499
KAZ,78,500
KAZ,78,501
KAZ,78,502
KAZ,78,503
KAZ,78,504
KAZ,78,505
KAZ,78,506
KAZ,78,507
KAZ,78,508
KAZ,78,509
KAZ,78,510
KAZ,78,511
KAZ,78,512
KAZ,78,513
KAZ,78,514
KAZ,78,515
KAZ,78,516
KAZ,78,517
KAZ,78,518
KAZ,78,519
RUS,78,520
RUS,78,521
KAZ,78,522
RUS,78,523
RUS,78,524
RUS,78,525
RUS,78,526
RUS,78,527
RUS,78,528
RUS,78,529
RUS,78,530
RUS,78,531
RUS,78,532
RUS,78,533
RUS,78,534
RUS,78,535
RUS,78,536
RUS,78,537
RUS,78,538
RUS,78,539
RUS,78,540
RUS,78,541
RUS,78,542
RUS,78,543
RUS,78,544
RUS,78,545
RUS,78,546
RUS,78,547
RUS,78,548
RUS,78,549
RUS,78,550
RUS,78,551
RUS,78,552
RUS,78,553
RUS,78,554
RUS,78,555
RUS,78,556
MNG,78,557
MNG,78,558
MNG,78,559
MNG,78,560
MNG,78,561
MNG,78,562
MNG,78,563
MNG,78,564
RUS,78,565
RUS,78,566
RUS,78,567
RUS,78,568
RUS,78,569
RUS,78,570
RUS,78,571
RUS,78,572
RUS,78,573
RUS,78,574
RUS,78,575
RUS,78,576
RUS,78,577
RUS,78,578
RUS,78,579
RUS,78,580
RUS,78,581
RUS,78,582
RUS,78,583
RUS,78,584
RUS,78,585
RUS,78,586
RUS,78,587
RUS,78,588
RUS,78,589
RUS,78,590
RUS,78,591
RUS,78,592
RUS,78,593
RUS,78,594
RUS,78,595
RUS,78,596
RUS,78,597
RUS,78,598
RUS,78,599
RUS,78,600
CHN,78,601
CHN,78,602
CHN,78,603
CHN,78,604
CHN,78,605
CHN,78,606
CHN,78,607
CHN,78,608
CHN,78,609
CHN,78,610
CHN,78,611
CHN,78,612
CHN,78,613
CHN,78,614
RUS,78,615
RUS,78,616
RUS,78,617
RUS,78,618
RUS,78,619
RUS,78,620
RUS,78,621
RUS,78,622
RUS,78,623
RUS,78,624
RUS,78,625
RUS,78,626
RUS,78,627
RUS,78,628
RUS,78,629
RUS,78,630
RUS,78,631
RUS,78,632
RUS,78,633
RUS,78,634
RUS,78,635
RUS,78,636
RUS,78,637
RUS,78,638
RUS,78,639
RUS,78,640
RUS,78,641
RUS,78,642
RUS,78,645
RUS,78,646
RUS,78,647
RUS,78,648
RUS,78,674
RUS,78,675
RUS,78,676
,78,719
CAN,79,103
CAN,79,104
CAN,79,105
CAN,79,106
CAN,79,107
CAN,79,108
CAN,79,109
CAN,79,110
CAN,79,111
CAN,79,112
CAN,79,113
CAN,79,114
CAN,79,115
CAN,79,116
CAN,79,117
CAN,79,118
CAN,79,119
CAN,79,120
CAN,79,121
CAN,79,122
CAN,79,123
CAN,79,124
CAN,79,125
CAN,79,126
CAN,79,127
CAN,79,128
CAN,79,129
CAN,79,130
CAN,79,131
CAN,79,132
CAN,79,133
CAN,79,134
CAN,79,135
CAN,79,136
CAN,79,137
CAN,79,138
CAN,79,139
CAN,79,140
CAN,79,141
CAN,79,142
CAN,79,143
CAN,79,144
CAN,79,145
CAN,79,146
CAN,79,147
CAN,79,148
CAN,79,149
CAN,79,150
CAN,79,151
CAN,79,152
CAN,79,153
CAN,79,154
CAN,79,155
CAN,79,156
CAN,79,157
CAN,79,158
CAN,79,159
CAN,79,160
CAN,79,161
CAN,79,162
CAN,79,163
CAN,79,164
CAN,79,165
CAN,79,166
CAN,79,167
CAN,79,168
CAN,79,169
CAN,79,170
CAN,79,171
CAN,79,172
CAN,79,173
CAN,79,174
CAN,79,175
CAN,79,176
CAN,79,177
CAN,79,178
CAN,79,179
CAN,79,180
CAN,79,181
CAN,79,182
CAN,79,183
CAN,79,184
CAN,79,185
CAN,79,186
CAN,79,187
CAN,79,188
CAN,79,189
CAN,79,190
CAN,79,191
CAN,79,192
CAN,79,193
CAN,79,194
CAN,79,195
CAN,79,196
CAN,79,197
CAN,79,198
CAN,79,199
CAN,79,200
CAN,79,201
CAN,79,202
CAN,79,203
CAN,79,204
CAN,79,205
CAN,79,206
CAN,79,207
CAN,79,208
CAN,79,209
CAN,79,210
CAN,79,211
CAN,79,212
CAN,79,213
CAN,79,214
CAN,79,215
CAN,79,216
CAN,79,217
CAN,79,218
CAN,79,219
CAN,79,220
CAN,79,221
CAN,79,222
CAN,79,223
CAN,79,224
CAN,79,225
CAN,79,226
CAN,79,227
CAN,79,228
CAN,79,229
CAN,79,230
CAN,79,231
CAN,79,232
CAN,79,233
CAN,79,234
CAN,79,235
CAN,79,236
CAN,79,237
CAN,79,238
CAN,79,239
CAN,79,240
CAN,79,241
CAN,79,242
CAN,79,243
CAN,79,246
CAN,79,247
CAN,79,248
CAN,79,249
CAN,79,250
GBR,79,351
GBR,79,352
GBR,79,353
GBR,79,354
GBR,79,355
GBR,79,356
GBR,79,357
GBR,79,358
GBR,79,359
GBR,79,360
GBR,79,361
GBR,79,362
FRA,79,364
FRA,79,365
FRA,79,366
BEL,79,367
BEL,79,368
BEL,79,369
BEL,79,370
BEL,79,371
BEL,79,372
DEU,79,373
DEU,79,374
DEU,79,375
DEU,79,376
DEU,79,377
DEU,79,378
DEU,79,379
DEU,79,380
DEU,79,381
DEU,79,382
DEU,79,383
DEU,79,384
DEU,79,385
DEU,79,386
DEU,79,387
CZE,79,388
CZE,79,389
CZE,79,390
CZE,79,391
CZE,79,392
POL,79,393
POL,79,394
POL,79,395
POL,79,396
POL,79,397
POL,79,398
POL,79,399
POL,79,400
POL,79,401
POL,79,402
POL,79,403
POL,79,404
POL,79,405
POL,79,406
POL,79,407
POL,79,408
UKR,79,409
UKR,79,410
UKR,79,411
UKR,79,412
UKR,79,413
UKR,79,414
UKR,79,415
UKR,79,416
UKR,79,417
UKR,79,418
UKR,79,419
UKR,79,420
UKR,79,421
UKR,79,422
UKR,79,423
UKR,79,424
UKR,79,425
UKR,79,426
UKR,79,427
UKR,79,428
UKR,79,429
UKR,79,430
UKR,79,431
RUS,79,432
RUS,79,433
RUS,79,434
RUS,79,435
RUS,79,436
RUS,79,437
RUS,79,438
RUS,79,439
RUS,79,440
RUS,79,441
RUS,79,442
RUS,79,443
RUS,79,444
RUS,79,445
RUS,79,446
RUS,79,447
RUS,79,448
RUS,79,449
RUS,79,450
RUS,79,451
RUS,79,452
RUS,79,453
RUS,79,454
RUS,79,455
RUS,79,456
RUS,79,457
RUS,79,458
KAZ,79,459
KAZ,79,460
KAZ,79,461
KAZ,79,462
KAZ,79,463
KAZ,79,464
KAZ,79,465
KAZ,79,466
KAZ,79,467
KAZ,79,468
KAZ,79,469
KAZ,79,470
KAZ,79,471
RUS,79,472
KAZ,79,473
KAZ,79,474
KAZ,79,475
KAZ,79,476
KAZ,79,477
KAZ,79,478
RUS,79,479
RUS,79,480
KAZ,79,481
RUS,79,482
KAZ,79,483
KAZ,79,484
KAZ,79,485
KAZ,79,486
KAZ,79,487
KAZ,79,488
KAZ,79,489
KAZ,79,490
KAZ,79,491
KAZ,79,492
KAZ,79,493
KAZ,79,494
KAZ,79,495
KAZ,79,496
KAZ,79,497
KAZ,79,498
KAZ,79,499
KAZ,79,500
KAZ,79,501
KAZ,79,502
KAZ,79,503
KAZ,79,504
KAZ,79,505
KAZ,79,506
KAZ,79,507
KAZ,79,508
KAZ,79,509
KAZ,79,510
KAZ,79,511
KAZ,79,512
KAZ,79,513
KAZ,79,514
KAZ,79,515
KAZ,79,516
KAZ,79,517
KAZ,79,518
KAZ,79,519
KAZ,79,520
KAZ,79,521
KAZ,79,522
KAZ,79,523
KAZ,79,524
KAZ,79,525
KAZ,79,526
KAZ,79,527
KAZ,79,528
RUS,79,529
RUS,79,530
RUS,79,531
RUS,79,532
RUS,79,533
RUS,79,534
RUS,79,535
RUS,79,536
RUS,79,537
RUS,79,538
RUS,79,539
RUS,79,540
RUS,79,541
RUS,79,542
RUS,79,543
RUS,79,544
MNG,79,545
MNG,79,546
RUS,79,547
RUS,79,548
RUS,79,549
RUS,79,550
RUS,79,551
RUS,79,552
RUS,79,553
RUS,79,554
RUS,79,555
RUS,79,556
MNG,79,557
MNG,79,558
MNG,79,559
MNG,79,560
MNG,79,561
MNG,79,562
MNG,79,563
MNG,79,564
MNG,79,565
RUS,79,566
RUS,79,567
RUS,79,568
RUS,79,569
RUS,79,570
RUS,79,571
RUS,79,572
RUS,79,573
RUS,79,574
RUS,79,575
RUS,79,576
RUS,79,577
RUS,79,578
RUS,79,579
RUS,79,580
RUS,79,581
RUS,79,582
RUS,79,583
RUS,79,584
RUS,79,585
RUS,79,586
RUS,79,587
RUS,79,588
RUS,79,589
RUS,79,590
RUS,79,591
RUS,79,592
RUS,79,593
RUS,79,594
RUS,79,595
RUS,79,596
RUS,79,597
RUS,79,598
RUS,79,599
CHN,79,600
CHN,79,601
CHN,79,602
CHN,79,603
CHN,79,604
CHN,79,605
CHN,79,606
CHN,79,607
CHN,79,608
CHN,79,609
CHN,79,610
CHN,79,611
CHN,79,612
CHN,79,613
CHN,79,614
CHN,79,615
RUS,79,616
RUS,79,617
RUS,79,618
RUS,79,619
RUS,79,620
RUS,79,621
RUS,79,622
RUS,79,623
RUS,79,624
RUS,79,625
RUS,79,626
RUS,79,627
RUS,79,628
RUS,79,629
RUS,79,630
RUS,79,631
RUS,79,632
RUS,79,633
RUS,79,634
RUS,79,635
RUS,79,636
RUS,79,637
RUS,79,638
RUS,79,639
RUS,79,640
RUS,79,641
RUS,79,642
RUS,79,645
RUS,79,646
RUS,79,647
RUS,79,648
RUS,79,672
RUS,79,673
RUS,79,674
CAN,80,105
CAN,80,106
CAN,80,107
CAN,80,108
CAN,80,109
CAN,80,110
CAN,80,111
CAN,80,112
CAN,80,113
CAN,80,114
CAN,80,115
CAN,80,116
CAN,80,117
CAN,80,118
CAN,80,119
CAN,80,120
CAN,80,121
CAN,80,122
CAN,80,123
CAN,80,124
CAN,80,125
CAN,80,126
CAN,80,127
CAN,80,128
CAN,80,129
CAN,80,130
CAN,80,131
CAN,80,132
CAN,80,133
CAN,80,134
CAN,80,135
CAN,80,136
CAN,80,137
CAN,80,138
CAN,80,139
CAN,80,140
CAN,80,141
CAN,80,142
CAN,80,143
CAN,80,144
CAN,80,145
CAN,80,146
CAN,80,147
CAN,80,148
CAN,80,149
CAN,80,150
CAN,80,151
CAN,80,152
CAN,80,153
CAN,80,154
CAN,80,155
CAN,80,156
CAN,80,157
CAN,80,158
CAN,80,159
CAN,80,160
CAN,80,161
CAN,80,162
CAN,80,163
CAN,80,164
CAN,80,165
CAN,80,166
CAN,80,167
CAN,80,168
CAN,80,169
CAN,80,170
CAN,80,171
CAN,80,172
CAN,80,173
CAN,80,174
CAN,80,175
CAN,80,176
CAN,80,177
CAN,80,178
CAN,80,179
CAN,80,180
CAN,80,181
CAN,80,182
CAN,80,183
CAN,80,184
CAN,80,185
CAN,80,186
CAN,80,187
CAN,80,188
CAN,80,189
CAN,80,190
CAN,80,191
CAN,80,192
CAN,80,193
CAN,80,194
CAN,80,195
CAN,80,196
CAN,80,197
CAN,80,198
CAN,80,199
CAN,80,200
CAN,80,201
CAN,80,202
CAN,80,203
CAN,80,204
CAN,80,205
CAN,80,206
CAN,80,207
CAN,80,208
CAN,80,209
CAN,80,210
CAN,80,211
CAN,80,212
CAN,80,213
CAN,80,214
CAN,80,215
CAN,80,216
CAN,80,217
CAN,80,218
CAN,80,219
CAN,80,220
CAN,80,221
CAN,80,222
CAN,80,223
CAN,80,224
CAN,80,225
CAN,80,226
CAN,80,227
CAN,80,228
CAN,80,229
CAN,80,230
CAN,80,231
CAN,80,232
CAN,80,233
CAN,80,234
CAN,80,235
CAN,80,236
CAN,80,237
CAN,80,238
CAN,80,239
CAN,80,240
CAN,80,241
CAN,80,245
CAN,80,246
CAN,80,247
CAN,80,248
CAN,80,249
,80,250
GBR,80,349
GBR,80,350
GBR,80,351
GBR,80,352
GBR,80,353
GBR,80,354
FRA,80,363
FRA,80,364
FRA,80,365
FRA,80,366
FRA,80,367
FRA,80,368
BEL,80,369
BEL,80,370
BEL,80,371
BEL,80,372
DEU,80,373
DEU,80,374
DEU,80,375
DEU,80,376
DEU,80,377
DEU,80,378
DEU,80,379
DEU,80,380
DEU,80,381
DEU,80,382
DEU,80,383
DEU,80,384
DEU,80,385
CZE,80,386
CZE,80,387
CZE,80,388
CZE,80,389
CZE,80,390
CZE,80,391
CZE,80,392
CZE,80,393
POL,80,394
CZE,80,395
POL,80,396
POL,80,397
POL,80,398
POL,80,399
POL,80,400
POL,80,401
POL,80,402
POL,80,403
POL,80,404
POL,80,405
POL,80,406
POL,80,407
UKR,80,408
UKR,80,409
UKR,80,410
UKR,80,411
UKR,80,412
UKR,80,413
UKR,80,414
UKR,80,415
UKR,80,416
UKR,80,417
UKR,80,418
UKR,80,419
UKR,80,420
UKR,80,421
UKR,80,422
UKR,80,423
UKR,80,424
UKR,80,425
UKR,80,426
UKR,80,427
UKR,80,428
UKR,80,429
UKR,80,430
UKR,80,431
UKR,80,432
UKR,80,433
UKR,80,434
UKR,80,435
RUS,80,436
RUS,80,437
RUS,80,438
RUS,80,439
RUS,80,440
RUS,80,441
RUS,80,442
RUS,80,443
RUS,80,444
RUS,80,445
RUS,80,446
RUS,80,447
RUS,80,448
RUS,80,449
RUS,80,450
RUS,80,451
RUS,80,452
RUS,80,453
RUS,80,454
RUS,80,455
KAZ,80,456
RUS,80,457
RUS,80,458
KAZ,80,459
KAZ,80,460
KAZ,80,461
KAZ,80,462
KAZ,80,463
KAZ,80,464
KAZ,80,465
KAZ,80,466
KAZ,80,467
KAZ,80,468
KAZ,80,469
KAZ,80,470
KAZ,80,471
KAZ,80,472
KAZ,80,473
KAZ,80,474
KAZ,80,475
KAZ,80,476
KAZ,80,477
KAZ,80,478
KAZ,80,479
KAZ,80,480
KAZ,80,481
KAZ,80,482
KAZ,80,483
KAZ,80,484
KAZ,80,485
KAZ,80,486
KAZ,80,487
KAZ,80,488
KAZ,80,489
KAZ,80,490
KAZ,80,491
KAZ,80,492
KAZ,80,493
KAZ,80,494
KAZ,80,495
KAZ,80,496
KAZ,80,497
KAZ,80,498
KAZ,80,499
KAZ,80,500
KAZ,80,501
KAZ,80,502
KAZ,80,503
KAZ,80,504
KAZ,80,505
KAZ,80,506
KAZ,80,507
KAZ,80,508
KAZ,80,509
KAZ,80,510
KAZ,80,511
KAZ,80,512
KAZ,80,513
KAZ,80,514
KAZ,80,515
KAZ,80,516
KAZ,80,517
KAZ,80,518
KAZ,80,519
KAZ,80,520
KAZ,80,521
KAZ,80,522
KAZ,80,523
KAZ,80,524
KAZ,80,525
KAZ,80,526
KAZ,80,527
KAZ,80,528
KAZ,80,529
RUS,80,530
RUS,80,531
RUS,80,532
RUS,80,533
RUS,80,534
RUS,80,535
RUS,80,536
RUS,80,537
RUS,80,538
RUS,80,539
RUS,80,540
RUS,80,541
MNG,80,542
MNG,80,543
MNG,80,544
MNG,80,545
MNG,80,546
MNG,80,547
MNG,80,548
MNG,80,549
RUS,80,550
RUS,80,551
RUS,80,552
RUS,80,553
RUS,80,554
RUS,80,555
RUS,80,556
MNG,80,557
MNG,80,558
MNG,80,559
MNG,80,560
MNG,80,561
MNG,80,562
MNG,80,563
MNG,80,564
MNG,80,565
MNG,80,566
MNG,80,567
RUS,80,568
RUS,80,569
MNG,80,570
MNG,80,571
MNG,80,572
MNG,80,573
MNG,80,574
RUS,80,575
RUS,80,576
RUS,80,577
RUS,80,578
RUS,80,579
RUS,80,580
RUS,80,581
RUS,80,582
RUS,80,583
RUS,80,584
RUS,80,585
RUS,80,586
RUS,80,587
RUS,80,588
MNG,80,589
RUS,80,590
RUS,80,591
RUS,80,592
RUS,80,593
RUS,80,594
RUS,80,595
RUS,80,596
RUS,80,597
RUS,80,598
RUS,80,599
CHN,80,600
CHN,80,601
CHN,80,602
CHN,80,603
CHN,80,604
CHN,80,605
CHN,80,606
CHN,80,607
CHN,80,608
CHN,80,609
CHN,80,610
CHN,80,611
CHN,80,612
CHN,80,613
CHN,80,614
CHN,80,615
RUS,80,616
RUS,80,617
RUS,80,618
RUS,80,619
RUS,80,620
RUS,80,621
RUS,80,622
RUS,80,623
RUS,80,624
RUS,80,625
RUS,80,626
RUS,80,627
RUS,80,628
RUS,80,629
RUS,80,630
RUS,80,631
RUS,80,632
RUS,80,633
RUS,80,634
RUS,80,635
RUS,80,636
RUS,80,637
RUS,80,638
RUS,80,639
RUS,80,640
RUS,80,641
RUS,80,642
RUS,80,645
RUS,80,646
RUS,80,647
RUS,80,648
RUS,80,649
RUS,80,671
RUS,80,672
RUS,80,673
CAN,81,106
CAN,81,107
CAN,81,108
CAN,81,109
CAN,81,110
CAN,81,111
CAN,81,112
CAN,81,113
CAN,81,114
CAN,81,115
CAN,81,116
CAN,81,117
CAN,81,118
CAN,81,119
CAN,81,120
CAN,81,121
CAN,81,122
CAN,81,123
CAN,81,124
CAN,81,125
CAN,81,126
CAN,81,127
CAN,81,128
CAN,81,129
CAN,81,130
CAN,81,131
CAN,81,132
CAN,81,133
CAN,81,134
CAN,81,135
CAN,81,136
CAN,81,137
CAN,81,138
CAN,81,139
CAN,81,140
CAN,81,141
CAN,81,142
CAN,81,143
CAN,81,144
CAN,81,145
CAN,81,146
CAN,81,147
CAN,81,148
CAN,81,149
CAN,81,150
CAN,81,151
CAN,81,152
CAN,81,153
CAN,81,154
CAN,81,155
CAN,81,156
CAN,81,157
CAN,81,158
CAN,81,159
CAN,81,160
CAN,81,161
CAN,81,162
CAN,81,163
CAN,81,164
CAN,81,165
CAN,81,166
CAN,81,167
CAN,81,168
CAN,81,169
CAN,81,170
CAN,81,171
CAN,81,172
CAN,81,173
CAN,81,174
CAN,81,175
CAN,81,176
CAN,81,177
CAN,81,178
CAN,81,179
CAN,81,180
CAN,81,181
CAN,81,182
CAN,81,183
CAN,81,184
CAN,81,185
CAN,81,186
CAN,81,187
CAN,81,188
CAN,81,189
CAN,81,190
CAN,81,191
CAN,81,192
CAN,81,193
CAN,81,194
CAN,81,195
CAN,81,196
CAN,81,197
CAN,81,198
CAN,81,199
CAN,81,200
CAN,81,201
CAN,81,202
CAN,81,203
CAN,81,204
CAN,81,205
CAN,81,206
CAN,81,207
CAN,81,208
CAN,81,209
CAN,81,210
CAN,81,211
CAN,81,212
CAN,81,213
CAN,81,214
CAN,81,215
CAN,81,216
CAN,81,217
CAN,81,218
CAN,81,219
CAN,81,220
CAN,81,221
CAN,81,222
CAN,81,223
CAN,81,224
CAN,81,225
CAN,81,226
CAN,81,227
CAN,81,232
CAN,81,233
CAN,81,234
CAN,81,235
CAN,81,236
CAN,81,244
CAN,81,245
CAN,81,246
CAN,81,247
CAN,81,248
CAN,81,249
CAN,81,250
CAN,81,251
CAN,81,252
FRA,81,357
FRA,81,358
FRA,81,361
FRA,81,362
FRA,81,363
FRA,81,364
FRA,81,365
FRA,81,366
FRA,81,367
FRA,81,368
FRA,81,369
FRA,81,370
BEL,81,371
BEL,81,372
LUX,81,373
DEU,81,374
DEU,81,375
DEU,81,376
DEU,81,377
DEU,81,378
DEU,81,379
DEU,81,380
DEU,81,381
DEU,81,382
DEU,81,383
DEU,81,384
DEU,81,385
CZE,81,386
CZE,81,387
CZE,81,388
CZE,81,389
CZE,81,390
CZE,81,391
CZE,81,392
CZE,81,393
CZE,81,394
CZE,81,395
CZE,81,396
CZE,81,397
POL,81,398
POL,81,399
POL,81,400
POL,81,401
POL,81,402
POL,81,403
POL,81,404
POL,81,405
POL,81,406
UKR,81,407
UKR,81,408
UKR,81,409
UKR,81,410
UKR,81,411
UKR,81,412
UKR,81,413
UKR,81,414
UKR,81,415
UKR,81,416
UKR,81,417
UKR,81,418
UKR,81,419
UKR,81,420
UKR,81,421
UKR,81,422
UKR,81,423
UKR,81,424
UKR,81,425
UKR,81,426
UKR,81,427
UKR,81,428
UKR,81,429
UKR,81,430
UKR,81,431
UKR,81,432
UKR,81,433
UKR,81,434
UKR,81,435
UKR,81,436
UKR,81,437
UKR,81,438
UKR,81,439
RUS,81,440
RUS,81,441
RUS,81,442
RUS,81,443
RUS,81,444
RUS,81,445
RUS,81,446
RUS,81,447
RUS,81,448
RUS,81,449
RUS,81,450
RUS,81,451
RUS,81,452
RUS,81,453
RUS,81,454
KAZ,81,455
KAZ,81,456
KAZ,81,457
KAZ,81,458
KAZ,81,459
KAZ,81,460
KAZ,81,461
KAZ,81,462
KAZ,81,463
KAZ,81,464
KAZ,81,465
KAZ,81,466
KAZ,81,467
KAZ,81,468
KAZ,81,469
KAZ,81,470
KAZ,81,471
KAZ,81,472
KAZ,81,473
KAZ,81,474
KAZ,81,475
KAZ,81,476
KAZ,81,477
KAZ,81,478
KAZ,81,479
KAZ,81,480
KAZ,81,481
KAZ,81,482
KAZ,81,483
KAZ,81,484
KAZ,81,485
KAZ,81,486
KAZ,81,487
KAZ,81,488
KAZ,81,489
KAZ,81,490
KAZ,81,491
KAZ,81,492
KAZ,81,493
KAZ,81,494
KAZ,81,495
KAZ,81,496
KAZ,81,497
KAZ,81,498
KAZ,81,499
KAZ,81,500
KAZ,81,501
KAZ,81,502
KAZ,81,503
KAZ,81,504
KAZ,81,505
KAZ,81,506
KAZ,81,507
KAZ,81,508
KAZ,81,509
KAZ,81,510
KAZ,81,511
KAZ,81,512
KAZ,81,513
KAZ,81,514
KAZ,81,515
KAZ,81,516
KAZ,81,517
KAZ,81,518
KAZ,81,519
KAZ,81,520
KAZ,81,521
KAZ,81,522
KAZ,81,523
KAZ,81,524
KAZ,81,525
KAZ,81,526
KAZ,81,527
KAZ,81,528
KAZ,81,529
KAZ,81,530
RUS,81,531
RUS,81,532
RUS,81,533
RUS,81,534
RUS,81,535
RUS,81,536
RUS,81,537
RUS,81,538
RUS,81,539
MNG,81,540
MNG,81,541
MNG,81,542
MNG,81,543
MNG,81,544
MNG,81,545
MNG,81,546
MNG,81,547
MNG,81,548
MNG,81,549
MNG,81,550
MNG,81,551
MNG,81,552
MNG,81,553
MNG,81,554
MNG,81,555
MNG,81,556
MNG,81,557
MNG,81,558
MNG,81,559
MNG,81,560
MNG,81,561
MNG,81,562
MNG,81,563
MNG,81,564
MNG,81,565
MNG,81,566
MNG,81,567
MNG,81,568
MNG,81,569
MNG,81,570
MNG,81,571
MNG,81,572
MNG,81,573
MNG,81,574
MNG,81,575
MNG,81,576
RUS,81,577
RUS,81,578
RUS,81,579
RUS,81,580
RUS,81,581
RUS,81,582
RUS,81,583
RUS,81,584
RUS,81,585
RUS,81,586
MNG,81,587
MNG,81,588
MNG,81,589
MNG,81,590
MNG,81,591
MNG,81,592
MNG,81,593
CHN,81,594
RUS,81,595
RUS,81,596
RUS,81,597
CHN,81,598
CHN,81,599
CHN,81,600
CHN,81,601
CHN,81,602
CHN,81,603
CHN,81,604
CHN,81,605
CHN,81,606
CHN,81,607
CHN,81,608
CHN,81,609
CHN,81,610
CHN,81,611
CHN,81,612
CHN,81,613
CHN,81,614
CHN,81,615
RUS,81,616
RUS,81,617
RUS,81,618
RUS,81,619
RUS,81,620
RUS,81,621
RUS,81,622
RUS,81,623
RUS,81,624
RUS,81,625
RUS,81,626
RUS,81,627
RUS,81,628
RUS,81,629
RUS,81,630
RUS,81,631
RUS,81,632
RUS,81,633
RUS,81,634
RUS,81,635
RUS,81,636
RUS,81,637
RUS,81,638
RUS,81,639
RUS,81,640
RUS,81,641
RUS,81,642
RUS,81,645
RUS,81,646
RUS,81,647
RUS,81,648
RUS,81,649
RUS,81,669
RUS,81,670
CAN,82,107
CAN,82,108
CAN,82,109
CAN,82,110
CAN,82,111
CAN,82,112
CAN,82,113
CAN,82,114
CAN,82,115
CAN,82,116
CAN,82,117
CAN,82,118
CAN,82,119
CAN,82,120
CAN,82,121
CAN,82,122
CAN,82,123
CAN,82,124
CAN,82,125
CAN,82,126
CAN,82,127
CAN,82,128
CAN,82,129
CAN,82,130
CAN,82,131
CAN,82,132
CAN,82,133
CAN,82,134
CAN,82,135
CAN,82,136
CAN,82,137
CAN,82,138
CAN,82,139
CAN,82,140
CAN,82,141
CAN,82,142
CAN,82,143
CAN,82,144
CAN,82,145
CAN,82,146
CAN,82,147
CAN,82,148
CAN,82,149
CAN,82,150
CAN,82,151
CAN,82,152
CAN,82,153
CAN,82,154
CAN,82,155
CAN,82,156
CAN,82,157
CAN,82,158
CAN,82,159
CAN,82,160
CAN,82,161
CAN,82,162
CAN,82,163
CAN,82,164
CAN,82,165
CAN,82,166
CAN,82,167
CAN,82,168
CAN,82,169
CAN,82,170
CAN,82,171
CAN,82,172
CAN,82,173
CAN,82,174
CAN,82,175
CAN,82,176
CAN,82,177
CAN,82,178
CAN,82,179
CAN,82,180
CAN,82,181
CAN,82,182
CAN,82,183
CAN,82,184
CAN,82,185
CAN,82,186
CAN,82,187
CAN,82,188
CAN,82,189
CAN,82,190
CAN,82,191
CAN,82,192
CAN,82,193
CAN,82,194
CAN,82,195
CAN,82,196
CAN,82,197
CAN,82,198
CAN,82,199
CAN,82,200
CAN,82,201
CAN,82,202
CAN,82,203
CAN,82,204
CAN,82,205
CAN,82,206
CAN,82,207
CAN,82,208
CAN,82,209
CAN,82,210
CAN,82,211
CAN,82,212
CAN,82,213
CAN,82,214
CAN,82,215
CAN,82,216
CAN,82,217
CAN,82,218
CAN,82,219
CAN,82,220
CAN,82,221
CAN,82,222
CAN,82,223
CAN,82,224
CAN,82,225
CAN,82,226
CAN,82,227
CAN,82,228
CAN,82,229
CAN,82,230
CAN,82,231
CAN,82,232
CAN,82,233
CAN,82,234
CAN,82,235
CAN,82,236
CAN,82,237
CAN,82,244
CAN,82,245
CAN,82,246
CAN,82,247
CAN,82,248
CAN,82,249
CAN,82,250
CAN,82,251
CAN,82,252
CAN,82,253
CAN,82,254
FRA,82,357
FRA,82,358
FRA,82,359
FRA,82,360
FRA,82,361
FRA,82,362
FRA,82,363
FRA,82,364
FRA,82,365
FRA,82,366
FRA,82,367
FRA,82,368
FRA,82,369
FRA,82,370
FRA,82,371
FRA,82,372
FRA,82,373
FRA,82,374
DEU,82,375
DEU,82,376
DEU,82,377
DEU,82,378
DEU,82,379
DEU,82,380
DEU,82,381
DEU,82,382
DEU,82,383
DEU,82,384
DEU,82,385
DEU,82,386
CZE,82,387
CZE,82,388
CZE,82,389
CZE,82,390
CZE,82,391
CZE,82,392
CZE,82,393
CZE,82,394
CZE,82,395
CZE,82,396
SVK,82,397
SVK,82,398
SVK,82,399
SVK,82,400
SVK,82,401
SVK,82,402
SVK,82,403
SVK,82,404
POL,82,405
UKR,82,406
UKR,82,407
UKR,82,408
UKR,82,409
UKR,82,410
UKR,82,411
UKR,82,412
UKR,82,413
UKR,82,414
UKR,82,415
UKR,82,416
UKR,82,417
UKR,82,418
UKR,82,419
UKR,82,420
UKR,82,421
UKR,82,422
UKR,82,423
UKR,82,424
UKR,82,425
UKR,82,426
UKR,82,427
UKR,82,428
UKR,82,429
UKR,82,430
UKR,82,431
UKR,82,432
UKR,82,433
UKR,82,434
UKR,82,435
UKR,82,436
UKR,82,437
UKR,82,438
UKR,82,439
UKR,82,440
RUS,82,441
RUS,82,442
RUS,82,443
RUS,82,444
RUS,82,445
RUS,82,446
RUS,82,447
RUS,82,448
RUS,82,449
RUS,82,450
RUS,82,451
RUS,82,452
RUS,82,453
RUS,82,454
KAZ,82,455
KAZ,82,456
KAZ,82,457
KAZ,82,458
KAZ,82,459
KAZ,82,460
KAZ,82,461
KAZ,82,462
KAZ,82,463
KAZ,82,464
KAZ,82,465
KAZ,82,466
KAZ,82,467
KAZ,82,468
KAZ,82,469
KAZ,82,470
KAZ,82,471
KAZ,82,472
KAZ,82,473
KAZ,82,474
KAZ,82,475
KAZ,82,476
KAZ,82,477
KAZ,82,478
KAZ,82,479
KAZ,82,480
KAZ,82,481
KAZ,82,482
KAZ,82,483
KAZ,82,484
KAZ,82,485
KAZ,82,486
KAZ,82,487
KAZ,82,488
KAZ,82,489
KAZ,82,490
KAZ,82,491
KAZ,82,492
KAZ,82,493
KAZ,82,494
KAZ,82,495
KAZ,82,496
KAZ,82,497
KAZ,82,498
KAZ,82,499
KAZ,82,500
KAZ,82,501
KAZ,82,502
KAZ,82,503
KAZ,82,504
KAZ,82,505
KAZ,82,506
KAZ,82,507
KAZ,82,508
KAZ,82,509
KAZ,82,510
KAZ,82,511
KAZ,82,512
KAZ,82,513
KAZ,82,514
KAZ,82,515
KAZ,82,516
KAZ,82,517
KAZ,82,518
KAZ,82,519
KAZ,82,520
KAZ,82,521
KAZ,82,522
KAZ,82,523
KAZ,82,524
KAZ,82,525
KAZ,82,526
KAZ,82,527
KAZ,82,528
KAZ,82,529
KAZ,82,530
KAZ,82,531
KAZ,82,532
KAZ,82,533
KAZ,82,534
RUS,82,535
RUS,82,536
MNG,82,537
MNG,82,538
MNG,82,539
MNG,82,540
MNG,82,541
MNG,82,542
MNG,82,543
MNG,82,544
MNG,82,545
MNG,82,546
MNG,82,547
MNG,82,548
MNG,82,549
MNG,82,550
MNG,82,551
MNG,82,552
MNG,82,553
MNG,82,554
MNG,82,555
MNG,82,556
MNG,82,557
MNG,82,558
MNG,82,559
MNG,82,560
MNG,82,561
MNG,82,562
MNG,82,563
MNG,82,564
MNG,82,565
MNG,82,566
MNG,82,567
MNG,82,568
MNG,82,569
MNG,82,570
MNG,82,571
MNG,82,572
MNG,82,573
MNG,82,574
MNG,82,575
MNG,82,576
MNG,82,577
MNG,82,578
MNG,82,579
MNG,82,580
RUS,82,581
RUS,82,582
MNG,82,583
MNG,82,584
MNG,82,585
MNG,82,586
MNG,82,587
MNG,82,588
MNG,82,589
MNG,82,590
MNG,82,591
MNG,82,592
MNG,82,593
CHN,82,594
CHN,82,595
CHN,82,596
CHN,82,597
CHN,82,598
CHN,82,599
CHN,82,600
CHN,82,601
CHN,82,602
CHN,82,603
CHN,82,604
CHN,82,605
CHN,82,606
CHN,82,607
CHN,82,608
CHN,82,609
CHN,82,610
CHN,82,611
CHN,82,612
CHN,82,613
CHN,82,614
CHN,82,615
CHN,82,616
CHN,82,617
CHN,82,618
CHN,82,619
RUS,82,620
RUS,82,621
RUS,82,622
RUS,82,623
RUS,82,624
RUS,82,625
RUS,82,626
RUS,82,627
RUS,82,628
RUS,82,629
RUS,82,630
RUS,82,631
RUS,82,632
RUS,82,633
RUS,82,634
RUS,82,635
RUS,82,636
RUS,82,637
RUS,82,638
RUS,82,639
RUS,82,640
RUS,82,641
RUS,82,645
RUS,82,646
RUS,82,647
RUS,82,648
RUS,82,649
RUS,82,669
RUS,82,670
CAN,83,109
CAN,83,110
CAN,83,111
CAN,83,112
CAN,83,113
CAN,83,114
USA,83,115
USA,83,116
USA,83,117
USA,83,118
USA,83,119
USA,83,120
USA,83,121
USA,83,122
USA,83,123
USA,83,124
USA,83,125
USA,83,126
USA,83,127
USA,83,128
USA,83,129
USA,83,130
USA,83,131
USA,83,132
USA,83,133
USA,83,134
USA,83,135
USA,83,136
USA,83,137
USA,83,138
USA,83,139
USA,83,140
USA,83,141
USA,83,142
USA,83,143
USA,83,144
USA,83,145
USA,83,146
USA,83,147
USA,83,148
USA,83,149
USA,83,150
USA,83,151
USA,83,152
USA,83,153
USA,83,154
USA,83,155
USA,83,156
USA,83,157
USA,83,158
USA,83,159
USA,83,160
USA,83,161
USA,83,162
USA,83,163
USA,83,164
USA,83,165
USA,83,166
USA,83,167
USA,83,168
USA,83,169
USA,83,170
USA,83,171
CAN,83,172
CAN,83,173
CAN,83,174
CAN,83,175
CAN,83,176
CAN,83,177
CAN,83,178
CAN,83,179
CAN,83,180
CAN,83,181
CAN,83,182
CAN,83,183
CAN,83,184
CAN,83,185
CAN,83,186
CAN,83,187
CAN,83,188
CAN,83,189
CAN,83,190
CAN,83,191
CAN,83,192
CAN,83,193
CAN,83,194
CAN,83,195
CAN,83,196
CAN,83,197
CAN,83,198
CAN,83,199
CAN,83,200
CAN,83,201
CAN,83,202
CAN,83,203
CAN,83,204
CAN,83,205
CAN,83,206
CAN,83,207
CAN,83,208
CAN,83,209
CAN,83,210
CAN,83,211
CAN,83,212
CAN,83,213
CAN,83,214
CAN,83,215
CAN,83,216
CAN,83,217
CAN,83,218
CAN,83,219
CAN,83,220
CAN,83,221
CAN,83,222
CAN,83,223
CAN,83,224
CAN,83,225
CAN,83,226
CAN,83,227
CAN,83,228
CAN,83,229
CAN,83,230
CAN,83,231
CAN,83,232
CAN,83,242
CAN,83,243
CAN,83,244
CAN,83,245
CAN,83,246
CAN,83,247
CAN,83,248
CAN,83,249
CAN,83,250
CAN,83,251
CAN,83,252
CAN,83,253
CAN,83,254
CAN,83,255
FRA,83,351
FRA,83,352
FRA,83,353
FRA,83,354
FRA,83,355
FRA,83,356
FRA,83,357
FRA,83,358
FRA,83,359
FRA,83,360
FRA,83,361
FRA,83,362
FRA,83,363
FRA,83,364
FRA,83,365
FRA,83,366
FRA,83,367
FRA,83,368
FRA,83,369
FRA,83,370
FRA,83,371
FRA,83,372
FRA,83,373
FRA,83,374
FRA,83,375
FRA,83,376
DEU,83,377
DEU,83,378
DEU,83,379
DEU,83,380
DEU,83,381
DEU,83,382
DEU,83,383
DEU,83,384
DEU,83,385
DEU,83,386
DEU,83,387
DEU,83,388
CZE,83,389
CZE,83,390
AUT,83,391
AUT,83,392
AUT,83,393
AUT,83,394
SVK,83,395
SVK,83,396
SVK,83,397
SVK,83,398
SVK,83,399
SVK,83,400
SVK,83,401
SVK,83,402
SVK,83,403
SVK,83,404
SVK,83,405
UKR,83,406
UKR,83,407
UKR,83,408
UKR,83,409
UKR,83,410
UKR,83,411
UKR,83,412
UKR,83,413
UKR,83,414
UKR,83,415
UKR,83,416
UKR,83,417
UKR,83,418
UKR,83,419
UKR,83,420
UKR,83,421
UKR,83,422
UKR,83,423
UKR,83,424
UKR,83,425
UKR,83,426
UKR,83,427
UKR,83,428
UKR,83,429
UKR,83,430
UKR,83,431
UKR,83,432
UKR,83,433
UKR,83,434
UKR,83,435
UKR,83,436
UKR,83,437
UKR,83,438
UKR,83,439
UKR,83,440
RUS,83,441
RUS,83,442
RUS,83,443
RUS,83,444
RUS,83,445
RUS,83,446
RUS,83,447
RUS,83,448
RUS,83,449
RUS,83,450
RUS,83,451
RUS,83,452
RUS,83,453
KAZ,83,454
KAZ,83,455
KAZ,83,456
KAZ,83,457
KAZ,83,458
KAZ,83,459
KAZ,83,460
KAZ,83,461
KAZ,83,462
KAZ,83,463
KAZ,83,464
KAZ,83,465
KAZ,83,466
KAZ,83,467
KAZ,83,468
KAZ,83,469
KAZ,83,470
KAZ,83,471
KAZ,83,472
KAZ,83,473
KAZ,83,474
KAZ,83,475
KAZ,83,476
KAZ,83,477
KAZ,83,478
KAZ,83,479
KAZ,83,480
KAZ,83,481
KAZ,83,482
KAZ,83,483
KAZ,83,484
KAZ,83,485
KAZ,83,486
KAZ,83,487
KAZ,83,488
KAZ,83,489
KAZ,83,490
KAZ,83,491
KAZ,83,492
KAZ,83,493
KAZ,83,494
KAZ,83,495
KAZ,83,496
KAZ,83,497
KAZ,83,498
KAZ,83,499
KAZ,83,500
KAZ,83,501
KAZ,83,502
KAZ,83,503
KAZ,83,504
KAZ,83,505
KAZ,83,506
KAZ,83,507
KAZ,83,508
KAZ,83,509
KAZ,83,510
KAZ,83,511
KAZ,83,512
KAZ,83,513
KAZ,83,514
KAZ,83,515
KAZ,83,516
KAZ,83,517
KAZ,83,518
KAZ,83,519
KAZ,83,520
KAZ,83,521
KAZ,83,522
KAZ,83,523
KAZ,83,524
KAZ,83,525
KAZ,83,526
KAZ,83,527
KAZ,83,528
KAZ,83,529
KAZ,83,530
KAZ,83,531
KAZ,83,532
KAZ,83,533
CHN,83,534
CHN,83,535
CHN,83,536
MNG,83,537
MNG,83,538
MNG,83,539
MNG,83,540
MNG,83,541
MNG,83,542
MNG,83,543
MNG,83,544
MNG,83,545
MNG,83,546
MNG,83,547
MNG,83,548
MNG,83,549
MNG,83,550
MNG,83,551
MNG,83,552
MNG,83,553
MNG,83,554
MNG,83,555
MNG,83,556
MNG,83,557
MNG,83,558
MNG,83,559
MNG,83,560
MNG,83,561
MNG,83,562
MNG,83,563
MNG,83,564
MNG,83,565
MNG,83,566
MNG,83,567
MNG,83,568
MNG,83,569
MNG,83,570
MNG,83,571
MNG,83,572
MNG,83,573
MNG,83,574
MNG,83,575
MNG,83,576
MNG,83,577
MNG,83,578
MNG,83,579
MNG,83,580
MNG,83,581
MNG,83,582
MNG,83,583
MNG,83,584
MNG,83,585
MNG,83,586
MNG,83,587
MNG,83,588
MNG,83,589
MNG,83,590
MNG,83,591
MNG,83,592
CHN,83,593
CHN,83,594
CHN,83,595
CHN,83,596
CHN,83,597
CHN,83,598
CHN,83,599
CHN,83,600
CHN,83,601
CHN,83,602
CHN,83,603
CHN,83,604
CHN,83,605
CHN,83,606
CHN,83,607
CHN,83,608
CHN,83,609
CHN,83,610
CHN,83,611
CHN,83,612
CHN,83,613
CHN,83,614
CHN,83,615
CHN,83,616
CHN,83,617
CHN,83,618
CHN,83,619
CHN,83,620
CHN,83,621
RUS,83,622
RUS,83,623
RUS,83,624
RUS,83,625
RUS,83,626
RUS,83,627
RUS,83,628
RUS,83,629
RUS,83,630
RUS,83,631
RUS,83,632
RUS,83,633
RUS,83,634
RUS,83,635
RUS,83,636
RUS,83,637
RUS,83,638
RUS,83,639
RUS,83,640
RUS,83,641
RUS,83,644
RUS,83,645
RUS,83,646
RUS,83,650
RUS,83,668
RUS,83,669
USA,84,111
USA,84,112
USA,84,113
USA,84,114
USA,84,115
USA,84,116
USA,84,117
USA,84,118
USA,84,119
USA,84,120
USA,84,121
USA,84,122
USA,84,123
USA,84,124
USA,84,125
USA,84,126
USA,84,127
USA,84,128
USA,84,129
USA,84,130
USA,84,131
USA,84,132
USA,84,133
USA,84,134
USA,84,135
USA,84,136
USA,84,137
USA,84,138
USA,84,139
USA,84,140
USA,84,141
USA,84,142
USA,84,143
USA,84,144
USA,84,145
USA,84,146
USA,84,147
USA,84,148
USA,84,149
USA,84,150
USA,84,151
USA,84,152
USA,84,153
USA,84,154
USA,84,155
USA,84,156
USA,84,157
USA,84,158
USA,84,159
USA,84,160
USA,84,161
USA,84,162
USA,84,163
USA,84,164
USA,84,165
USA,84,166
USA,84,167
USA,84,168
USA,84,169
USA,84,170
USA,84,171
USA,84,172
USA,84,173
USA,84,174
USA,84,175
USA,84,176
CAN,84,177
CAN,84,178
CAN,84,179
CAN,84,180
CAN,84,181
CAN,84,182
CAN,84,183
USA,84,184
CAN,84,185
CAN,84,186
CAN,84,187
CAN,84,188
CAN,84,189
CAN,84,190
CAN,84,191
CAN,84,192
CAN,84,193
CAN,84,194
CAN,84,195
CAN,84,196
CAN,84,197
CAN,84,198
CAN,84,199
CAN,84,200
CAN,84,201
CAN,84,202
CAN,84,203
CAN,84,204
CAN,84,205
CAN,84,206
CAN,84,207
CAN,84,208
CAN,84,209
CAN,84,210
CAN,84,211
CAN,84,212
CAN,84,213
CAN,84,214
CAN,84,215
CAN,84,216
CAN,84,217
CAN,84,218
CAN,84,219
CAN,84,220
CAN,84,221
CAN,84,222
CAN,84,223
CAN,84,224
CAN,84,225
CAN,84,226
CAN,84,227
CAN,84,228
CAN,84,229
CAN,84,230
CAN,84,231
CAN,84,232
CAN,84,242
CAN,84,243
CAN,84,244
CAN,84,245
CAN,84,246
CAN,84,247
CAN,84,248
CAN,84,249
CAN,84,250
CAN,84,251
CAN,84,252
CAN,84,253
CAN,84,254
CAN,84,255
FRA,84,350
FRA,84,351
FRA,84,352
FRA,84,353
FRA,84,354
FRA,84,355
FRA,84,356
FRA,84,357
FRA,84,358
FRA,84,359
FRA,84,360
FRA,84,361
FRA,84,362
FRA,84,363
FRA,84,364
FRA,84,365
FRA,84,366
FRA,84,367
FRA,84,368
FRA,84,369
FRA,84,370
FRA,84,371
FRA,84,372
FRA,84,373
FRA,84,374
FRA,84,375
DEU,84,376
DEU,84,377
DEU,84,378
DEU,84,379
DEU,84,380
DEU,84,381
DEU,84,382
DEU,84,383
DEU,84,384
DEU,84,385
DEU,84,386
AUT,84,387
AUT,84,388
AUT,84,389
AUT,84,390
AUT,84,391
AUT,84,392
AUT,84,393
AUT,84,394
SVK,84,395
SVK,84,396
SVK,84,397
SVK,84,398
SVK,84,399
SVK,84,400
HUN,84,401
HUN,84,402
HUN,84,403
HUN,84,404
HUN,84,405
UKR,84,406
UKR,84,407
UKR,84,408
UKR,84,409
UKR,84,410
UKR,84,411
UKR,84,412
UKR,84,413
ROU,84,414
MDA,84,415
MDA,84,416
MDA,84,417
UKR,84,418
UKR,84,419
UKR,84,420
UKR,84,421
UKR,84,422
UKR,84,423
UKR,84,424
UKR,84,425
UKR,84,426
UKR,84,427
UKR,84,428
UKR,84,429
UKR,84,430
UKR,84,431
UKR,84,432
UKR,84,433
UKR,84,434
UKR,84,435
UKR,84,436
UKR,84,437
UKR,84,438
UKR,84,439
UKR,84,440
RUS,84,441
RUS,84,442
RUS,84,443
RUS,84,444
RUS,84,445
RUS,84,446
RUS,84,447
RUS,84,448
RUS,84,449
RUS,84,450
RUS,84,451
RUS,84,452
RUS,84,453
RUS,84,454
KAZ,84,455
KAZ,84,456
KAZ,84,457
KAZ,84,458
KAZ,84,459
KAZ,84,460
KAZ,84,461
KAZ,84,462
KAZ,84,463
KAZ,84,464
KAZ,84,465
KAZ,84,466
KAZ,84,467
KAZ,84,468
KAZ,84,469
KAZ,84,470
KAZ,84,471
KAZ,84,472
KAZ,84,473
KAZ,84,474
KAZ,84,475
KAZ,84,476
KAZ,84,477
KAZ,84,478
KAZ,84,479
KAZ,84,480
KAZ,84,481
KAZ,84,482
KAZ,84,483
KAZ,84,484
KAZ,84,485
KAZ,84,486
KAZ,84,487
KAZ,84,488
KAZ,84,489
KAZ,84,490
KAZ,84,491
KAZ,84,492
KAZ,84,493
KAZ,84,494
KAZ,84,495
KAZ,84,496
KAZ,84,497
KAZ,84,498
KAZ,84,499
KAZ,84,500
KAZ,84,501
KAZ,84,502
KAZ,84,503
KAZ,84,504
KAZ,84,505
KAZ,84,506
KAZ,84,507
KAZ,84,508
KAZ,84,509
KAZ,84,510
KAZ,84,511
KAZ,84,512
KAZ,84,513
KAZ,84,514
KAZ,84,515
KAZ,84,516
KAZ,84,517
KAZ,84,518
KAZ,84,519
KAZ,84,520
KAZ,84,521
KAZ,84,522
KAZ,84,523
KAZ,84,524
KAZ,84,525
KAZ,84,526
KAZ,84,527
KAZ,84,528
KAZ,84,529
KAZ,84,530
KAZ,84,531
CHN,84,532
CHN,84,533
CHN,84,534
CHN,84,535
CHN,84,536
CHN,84,537
MNG,84,538
MNG,84,539
MNG,84,540
MNG,84,541
MNG,84,542
MNG,84,543
MNG,84,544
MNG,84,545
MNG,84,546
MNG,84,547
MNG,84,548
MNG,84,549
MNG,84,550
MNG,84,551
MNG,84,552
MNG,84,553
MNG,84,554
MNG,84,555
MNG,84,556
MNG,84,557
MNG,84,558
MNG,84,559
MNG,84,560
MNG,84,561
MNG,84,562
MNG,84,563
MNG,84,564
MNG,84,565
MNG,84,566
MNG,84,567
MNG,84,568
MNG,84,569
MNG,84,570
MNG,84,571
MNG,84,572
MNG,84,573
MNG,84,574
MNG,84,575
MNG,84,576
MNG,84,577
MNG,84,578
MNG,84,579
MNG,84,580
MNG,84,581
MNG,84,582
MNG,84,583
MNG,84,584
MNG,84,585
MNG,84,586
MNG,84,587
MNG,84,588
MNG,84,589
MNG,84,590
MNG,84,591
CHN,84,592
CHN,84,593
CHN,84,594
CHN,84,595
CHN,84,596
CHN,84,597
CHN,84,598
CHN,84,599
CHN,84,600
CHN,84,601
CHN,84,602
CHN,84,603
CHN,84,604
CHN,84,605
CHN,84,606
CHN,84,607
CHN,84,608
CHN,84,609
CHN,84,610
CHN,84,611
CHN,84,612
CHN,84,613
CHN,84,614
CHN,84,615
CHN,84,616
CHN,84,617
CHN,84,618
CHN,84,619
CHN,84,620
CHN,84,621
CHN,84,622
RUS,84,623
RUS,84,624
RUS,84,625
RUS,84,626
RUS,84,627
RUS,84,628
CHN,84,629
RUS,84,630
RUS,84,631
RUS,84,632
RUS,84,633
RUS,84,634
RUS,84,635
RUS,84,636
RUS,84,637
RUS,84,638
RUS,84,639
RUS,84,640
RUS,84,641
RUS,84,645
RUS,84,646
RUS,84,667
USA,85,111
USA,85,112
USA,85,113
USA,85,114
USA,85,115
USA,85,116
USA,85,117
USA,85,118
USA,85,119
USA,85,120
USA,85,121
USA,85,122
USA,85,123
USA,85,124
USA,85,125
USA,85,126
USA,85,127
USA,85,128
USA,85,129
USA,85,130
USA,85,131
USA,85,132
USA,85,133
USA,85,134
USA,85,135
USA,85,136
USA,85,137
USA,85,138
USA,85,139
USA,85,140
USA,85,141
USA,85,142
USA,85,143
USA,85,144
USA,85,145
USA,85,146
USA,85,147
USA,85,148
USA,85,149
USA,85,150
USA,85,151
USA,85,152
USA,85,153
USA,85,154
USA,85,155
USA,85,156
USA,85,157
USA,85,158
USA,85,159
USA,85,160
USA,85,161
USA,85,162
USA,85,163
USA,85,164
USA,85,165
USA,85,166
USA,85,167
USA,85,168
USA,85,169
USA,85,170
USA,85,171
USA,85,172
USA,85,173
USA,85,174
USA,85,175
USA,85,176
USA,85,177
USA,85,178
USA,85,179
USA,85,180
USA,85,181
USA,85,182
USA,85,183
USA,85,184
USA,85,185
USA,85,186
CAN,85,187
CAN,85,188
CAN,85,189
CAN,85,190
CAN,85,191
CAN,85,192
CAN,85,193
CAN,85,194
CAN,85,195
CAN,85,196
CAN,85,197
CAN,85,198
CAN,85,199
CAN,85,200
CAN,85,201
CAN,85,202
CAN,85,203
CAN,85,204
CAN,85,205
CAN,85,206
CAN,85,207
CAN,85,208
CAN,85,209
CAN,85,210
CAN,85,211
CAN,85,212
CAN,85,213
CAN,85,214
CAN,85,215
CAN,85,216
CAN,85,217
CAN,85,218
CAN,85,219
CAN,85,220
CAN,85,221
CAN,85,222
CAN,85,223
CAN,85,224
CAN,85,225
CAN,85,226
CAN,85,227
CAN,85,228
CAN,85,229
CAN,85,230
CAN,85,231
CAN,85,232
CAN,85,237
CAN,85,238
CAN,85,242
CAN,85,243
CAN,85,244
CAN,85,245
CAN,85,246
CAN,85,247
CAN,85,248
CAN,85,249
CAN,85,250
CAN,85,251
CAN,85,252
CAN,85,253
CAN,85,254
CAN,85,255
FRA,85,352
FRA,85,353
FRA,85,354
FRA,85,355
FRA,85,356
FRA,85,357
FRA,85,358
FRA,85,359
FRA,85,360
FRA,85,361
FRA,85,362
FRA,85,363
FRA,85,364
FRA,85,365
FRA,85,366
FRA,85,367
FRA,85,368
FRA,85,369
FRA,85,370
FRA,85,371
FRA,85,372
FRA,85,373
FRA,85,374
FRA,85,375
DEU,85,376
DEU,85,377
DEU,85,378
DEU,85,379
DEU,85,380
DEU,85,381
DEU,85,382
DEU,85,383
DEU,85,384
DEU,85,385
DEU,85,386
AUT,85,387
AUT,85,388
AUT,85,389
AUT,85,390
AUT,85,391
AUT,85,392
AUT,85,393
AUT,85,394
HUN,85,395
HUN,85,396
HUN,85,397
HUN,85,398
HUN,85,399
HUN,85,400
HUN,85,401
HUN,85,402
HUN,85,403
HUN,85,404
HUN,85,405
ROU,85,406
ROU,85,407
ROU,85,408
ROU,85,409
ROU,85,410
ROU,85,411
ROU,85,412
ROU,85,413
ROU,85,414
ROU,85,415
MDA,85,416
MDA,85,417
MDA,85,418
UKR,85,419
UKR,85,420
UKR,85,421
UKR,85,422
UKR,85,423
UKR,85,424
UKR,85,425
UKR,85,426
UKR,85,427
UKR,85,428
UKR,85,429
UKR,85,430
UKR,85,431
UKR,85,432
UKR,85,433
UKR,85,434
UKR,85,435
UKR,85,436
UKR,85,437
RUS,85,438
RUS,85,439
RUS,85,440
RUS,85,441
RUS,85,442
RUS,85,443
RUS,85,444
RUS,85,445
RUS,85,446
RUS,85,447
RUS,85,448
RUS,85,449
RUS,85,450
RUS,85,451
RUS,85,452
RUS,85,453
RUS,85,454
RUS,85,455
RUS,85,456
KAZ,85,457
KAZ,85,458
KAZ,85,459
KAZ,85,460
KAZ,85,461
KAZ,85,462
KAZ,85,463
KAZ,85,464
KAZ,85,465
KAZ,85,466
KAZ,85,467
KAZ,85,468
KAZ,85,469
KAZ,85,470
KAZ,85,471
KAZ,85,472
KAZ,85,473
KAZ,85,474
KAZ,85,475
KAZ,85,476
KAZ,85,477
KAZ,85,478
KAZ,85,479
KAZ,85,480
KAZ,85,481
KAZ,85,482
KAZ,85,483
KAZ,85,484
KAZ,85,485
KAZ,85,486
KAZ,85,487
KAZ,85,488
KAZ,85,489
KAZ,85,490
KAZ,85,491
KAZ,85,492
KAZ,85,493
KAZ,85,494
KAZ,85,495
KAZ,85,496
KAZ,85,497
KAZ,85,498
KAZ,85,499
KAZ,85,500
KAZ,85,501
KAZ,85,502
KAZ,85,503
KAZ,85,504
KAZ,85,505
KAZ,85,506
KAZ,85,507
KAZ,85,508
KAZ,85,509
KAZ,85,510
KAZ,85,511
KAZ,85,512
KAZ,85,513
KAZ,85,514
KAZ,85,515
KAZ,85,516
KAZ,85,517
KAZ,85,518
KAZ,85,519
KAZ,85,520
KAZ,85,521
KAZ,85,522
KAZ,85,523
KAZ,85,524
KAZ,85,525
KAZ,85,526
KAZ,85,527
KAZ,85,528
KAZ,85,529
KAZ,85,530
KAZ,85,531
CHN,85,532
CHN,85,533
CHN,85,534
CHN,85,535
CHN,85,536
CHN,85,537
CHN,85,538
CHN,85,539
CHN,85,540
MNG,85,541
MNG,85,542
MNG,85,543
MNG,85,544
MNG,85,545
MNG,85,546
MNG,85,547
MNG,85,548
MNG,85,549
MNG,85,550
MNG,85,551
MNG,85,552
MNG,85,553
MNG,85,554
MNG,85,555
MNG,85,556
MNG,85,557
MNG,85,558
MNG,85,559
MNG,85,560
MNG,85,561
MNG,85,562
MNG,85,563
MNG,85,564
MNG,85,565
MNG,85,566
MNG,85,567
MNG,85,568
MNG,85,569
MNG,85,570
MNG,85,571
MNG,85,572
MNG,85,573
MNG,85,574
MNG,85,575
MNG,85,576
MNG,85,577
MNG,85,578
MNG,85,579
MNG,85,580
MNG,85,581
MNG,85,582
MNG,85,583
MNG,85,584
MNG,85,585
MNG,85,586
MNG,85,587
MNG,85,588
MNG,85,589
MNG,85,590
MNG,85,591
MNG,85,592
MNG,85,593
MNG,85,594
MNG,85,595
MNG,85,596
MNG,85,597
MNG,85,598
CHN,85,599
CHN,85,600
CHN,85,601
CHN,85,602
CHN,85,603
CHN,85,604
CHN,85,605
CHN,85,606
CHN,85,607
CHN,85,608
CHN,85,609
CHN,85,610
CHN,85,611
CHN,85,612
CHN,85,613
CHN,85,614
CHN,85,615
CHN,85,616
CHN,85,617
CHN,85,618
CHN,85,619
CHN,85,620
CHN,85,621
CHN,85,622
RUS,85,623
RUS,85,624
RUS,85,625
CHN,85,626
CHN,85,627
CHN,85,628
CHN,85,629
RUS,85,630
RUS,85,631
RUS,85,632
RUS,85,633
RUS,85,634
RUS,85,635
RUS,85,636
RUS,85,637
RUS,85,638
RUS,85,639
RUS,85,645
RUS,85,646
RUS,85,667
USA,86,112
USA,86,113
USA,86,114
USA,86,115
USA,86,116
USA,86,117
USA,86,118
USA,86,119
USA,86,120
USA,86,121
USA,86,122
USA,86,123
USA,86,124
USA,86,125
USA,86,126
USA,86,127
USA,86,128
USA,86,129
USA,86,130
USA,86,131
USA,86,132
USA,86,133
USA,86,134
USA,86,135
USA,86,136
USA,86,137
USA,86,138
USA,86,139
USA,86,140
USA,86,141
USA,86,142
USA,86,143
USA,86,144
USA,86,145
USA,86,146
USA,86,147
USA,86,148
USA,86,149
USA,86,150
USA,86,151
USA,86,152
USA,86,153
USA,86,154
USA,86,155
USA,86,156
USA,86,157
USA,86,158
USA,86,159
USA,86,160
USA,86,161
USA,86,162
USA,86,163
USA,86,164
USA,86,165
USA,86,166
USA,86,167
USA,86,168
USA,86,169
USA,86,170
USA,86,171
USA,86,172
USA,86,173
USA,86,174
USA,86,175
USA,86,176
USA,86,177
USA,86,178
USA,86,179
USA,86,180
USA,86,181
USA,86,182
USA,86,183
USA,86,184
USA,86,185
USA,86,186
USA,86,187
USA,86,188
USA,86,189
CAN,86,190
CAN,86,191
CAN,86,192
CAN,86,193
CAN,86,194
CAN,86,195
CAN,86,196
CAN,86,197
CAN,86,198
CAN,86,199
CAN,86,200
CAN,86,201
CAN,86,202
CAN,86,203
CAN,86,204
CAN,86,205
CAN,86,206
CAN,86,207
CAN,86,208
CAN,86,209
CAN,86,210
CAN,86,211
CAN,86,212
CAN,86,213
CAN,86,214
CAN,86,215
CAN,86,216
CAN,86,217
CAN,86,218
CAN,86,219
CAN,86,220
CAN,86,221
USA,86,222
USA,86,223
USA,86,224
CAN,86,225
CAN,86,226
CAN,86,227
CAN,86,228
CAN,86,229
CAN,86,230
CAN,86,231
CAN,86,232
CAN,86,233
CAN,86,237
CAN,86,239
CAN,86,240
CAN,86,249
CAN,86,250
CAN,86,251
CAN,86,252
CAN,86,253
CAN,86,254
CAN,86,255
FRA,86,354
FRA,86,356
FRA,86,357
FRA,86,358
FRA,86,359
FRA,86,360
FRA,86,361
FRA,86,362
FRA,86,363
FRA,86,364
FRA,86,365
FRA,86,366
FRA,86,367
FRA,86,368
FRA,86,369
FRA,86,370
FRA,86,371
FRA,86,372
FRA,86,373
FRA,86,374
CHE,86,375
CHE,86,376
CHE,86,377
CHE,86,378
CHE,86,379
AUT,86,380
AUT,86,381
AUT,86,382
AUT,86,383
AUT,86,384
AUT,86,385
AUT,86,386
AUT,86,387
AUT,86,388
AUT,86,389
AUT,86,390
AUT,86,391
AUT,86,392
AUT,86,393
HUN,86,394
HUN,86,395
HUN,86,396
HUN,86,397
HUN,86,398
HUN,86,399
HUN,86,400
HUN,86,401
HUN,86,402
HUN,86,403
HUN,86,404
ROU,86,405
ROU,86,406
ROU,86,407
ROU,86,408
ROU,86,409
ROU,86,410
ROU,86,411
ROU,86,412
ROU,86,413
ROU,86,414
ROU,86,415
ROU,86,416
MDA,86,417
MDA,86,418
MDA,86,419
UKR,86,420
UKR,86,421
UKR,86,422
UKR,86,423
UKR,86,424
UKR,86,425
UKR,86,426
UKR,86,427
UKR,86,428
UKR,86,429
UKR,86,430
UKR,86,431
UKR,86,432
UKR,86,433
UKR,86,434
UKR,86,435
UKR,86,436
UKR,86,437
RUS,86,438
RUS,86,439
RUS,86,440
RUS,86,441
RUS,86,442
RUS,86,443
RUS,86,444
RUS,86,445
RUS,86,446
RUS,86,447
RUS,86,448
RUS,86,449
RUS,86,450
RUS,86,451
RUS,86,452
RUS,86,453
RUS,86,454
RUS,86,455
RUS,86,456
RUS,86,457
KAZ,86,458
KAZ,86,459
KAZ,86,460
KAZ,86,461
KAZ,86,462
KAZ,86,463
KAZ,86,464
KAZ,86,465
KAZ,86,466
KAZ,86,467
KAZ,86,468
KAZ,86,469
KAZ,86,470
KAZ,86,471
KAZ,86,472
KAZ,86,473
KAZ,86,474
KAZ,86,475
KAZ,86,476
KAZ,86,477
KAZ,86,478
KAZ,86,479
KAZ,86,480
KAZ,86,481
KAZ,86,482
KAZ,86,483
KAZ,86,484
KAZ,86,485
KAZ,86,486
KAZ,86,487
KAZ,86,488
KAZ,86,489
KAZ,86,490
KAZ,86,491
KAZ,86,492
KAZ,86,493
KAZ,86,494
KAZ,86,495
KAZ,86,496
KAZ,86,497
KAZ,86,498
KAZ,86,499
KAZ,86,500
KAZ,86,501
KAZ,86,502
KAZ,86,503
KAZ,86,504
KAZ,86,505
KAZ,86,506
KAZ,86,507
KAZ,86,508
KAZ,86,509
KAZ,86,510
KAZ,86,511
KAZ,86,512
KAZ,86,513
KAZ,86,514
KAZ,86,515
KAZ,86,516
KAZ,86,517
KAZ,86,518
KAZ,86,519
KAZ,86,520
KAZ,86,521
KAZ,86,522
KAZ,86,523
KAZ,86,524
KAZ,86,525
KAZ,86,526
KAZ,86,527
KAZ,86,528
KAZ,86,529
KAZ,86,530
KAZ,86,531
CHN,86,532
CHN,86,533
CHN,86,534
CHN,86,535
CHN,86,536
CHN,86,537
CHN,86,538
CHN,86,539
CHN,86,540
CHN,86,541
MNG,86,542
MNG,86,543
MNG,86,544
MNG,86,545
MNG,86,546
MNG,86,547
MNG,86,548
MNG,86,549
MNG,86,550
MNG,86,551
MNG,86,552
MNG,86,553
MNG,86,554
MNG,86,555
MNG,86,556
MNG,86,557
MNG,86,558
MNG,86,559
MNG,86,560
MNG,86,561
MNG,86,562
MNG,86,563
MNG,86,564
MNG,86,565
MNG,86,566
MNG,86,567
MNG,86,568
MNG,86,569
MNG,86,570
MNG,86,571
MNG,86,572
MNG,86,573
MNG,86,574
MNG,86,575
MNG,86,576
MNG,86,577
MNG,86,578
MNG,86,579
MNG,86,580
MNG,86,581
MNG,86,582
MNG,86,583
MNG,86,584
MNG,86,585
MNG,86,586
MNG,86,587
MNG,86,588
MNG,86,589
MNG,86,590
MNG,86,591
MNG,86,592
MNG,86,593
MNG,86,594
MNG,86,595
MNG,86,596
MNG,86,597
MNG,86,598
MNG,86,599
CHN,86,600
CHN,86,601
CHN,86,602
CHN,86,603
CHN,86,604
CHN,86,605
CHN,86,606
CHN,86,607
CHN,86,608
CHN,86,609
CHN,86,610
CHN,86,611
CHN,86,612
CHN,86,613
CHN,86,614
CHN,86,615
CHN,86,616
CHN,86,617
CHN,86,618
CHN,86,619
CHN,86,620
CHN,86,621
CHN,86,622
CHN,86,623
CHN,86,624
CHN,86,625
CHN,86,626
CHN,86,627
CHN,86,628
RUS,86,629
RUS,86,630
RUS,86,631
RUS,86,632
RUS,86,633
RUS,86,634
RUS,86,635
RUS,86,636
RUS,86,637
RUS,86,638
RUS,86,639
RUS,86,645
RUS,86,646
RUS,86,647
RUS,86,665
RUS,86,666
USA,87,112
USA,87,113
USA,87,114
USA,87,115
USA,87,116
USA,87,117
USA,87,118
USA,87,119
USA,87,120
USA,87,121
USA,87,122
USA,87,123
USA,87,124
USA,87,125
USA,87,126
USA,87,127
USA,87,128
USA,87,129
USA,87,130
USA,87,131
USA,87,132
USA,87,133
USA,87,134
USA,87,135
USA,87,136
USA,87,137
USA,87,138
USA,87,139
USA,87,140
USA,87,141
USA,87,142
USA,87,143
USA,87,144
USA,87,145
USA,87,146
USA,87,147
USA,87,148
USA,87,149
USA,87,150
USA,87,151
USA,87,152
USA,87,153
USA,87,154
USA,87,155
USA,87,156
USA,87,157
USA,87,158
USA,87,159
USA,87,160
USA,87,161
USA,87,162
USA,87,163
USA,87,164
USA,87,165
USA,87,166
USA,87,167
USA,87,168
USA,87,169
USA,87,170
USA,87,171
USA,87,172
USA,87,173
USA,87,174
USA,87,175
USA,87,176
USA,87,177
USA,87,178
USA,87,179
USA,87,180
USA,87,181
USA,87,182
USA,87,183
USA,87,184
USA,87,185
USA,87,186
USA,87,187
USA,87,188
USA,87,189
USA,87,190
CAN,87,191
CAN,87,192
CAN,87,193
CAN,87,194
CAN,87,195
CAN,87,196
CAN,87,197
CAN,87,198
CAN,87,199
CAN,87,200
CAN,87,201
CAN,87,202
CAN,87,203
CAN,87,204
CAN,87,205
CAN,87,206
CAN,87,207
CAN,87,208
CAN,87,209
CAN,87,210
CAN,87,211
CAN,87,212
CAN,87,213
CAN,87,214
CAN,87,215
CAN,87,216
CAN,87,217
CAN,87,218
CAN,87,219
CAN,87,220
USA,87,221
USA,87,222
USA,87,223
USA,87,224
CAN,87,225
CAN,87,226
CAN,87,227
CAN,87,228
CAN,87,229
CAN,87,230
CAN,87,231
CAN,87,232
CAN,87,233
CAN,87,234
CAN,87,238
CAN,87,239
CAN,87,240
CAN,87,249
CAN,87,250
CAN,87,252
CAN,87,253
CAN,87,254
CAN,87,255
FRA,87,356
FRA,87,357
FRA,87,358
FRA,87,359
FRA,87,360
FRA,87,361
FRA,87,362
FRA,87,363
FRA,87,364
FRA,87,365
FRA,87,366
FRA,87,367
FRA,87,368
FRA,87,369
FRA,87,370
FRA,87,371
FRA,87,372
FRA,87,373
CHE,87,374
CHE,87,375
CHE,87,376
CHE,87,377
CHE,87,378
CHE,87,379
CHE,87,380
CHE,87,381
ITA,87,382
ITA,87,383
ITA,87,384
ITA,87,385
AUT,87,386
AUT,87,387
AUT,87,388
AUT,87,389
AUT,87,390
AUT,87,391
AUT,87,392
SVN,87,393
HUN,87,394
HUN,87,395
HUN,87,396
HUN,87,397
HUN,87,398
HUN,87,399
HUN,87,400
HUN,87,401
HUN,87,402
HUN,87,403
ROU,87,404
ROU,87,405
ROU,87,406
ROU,87,407
ROU,87,408
ROU,87,409
ROU,87,410
ROU,87,411
ROU,87,412
ROU,87,413
ROU,87,414
ROU,87,415
ROU,87,416
MDA,87,417
MDA,87,418
MDA,87,419
MDA,87,420
UKR,87,421
UKR,87,422
UKR,87,423
UKR,87,424
UKR,87,425
UKR,87,426
UKR,87,427
UKR,87,428
UKR,87,429
UKR,87,430
UKR,87,431
UKR,87,432
UKR,87,433
UKR,87,434
UKR,87,435
RUS,87,436
RUS,87,437
RUS,87,438
RUS,87,439
RUS,87,440
RUS,87,441
RUS,87,442
RUS,87,443
RUS,87,444
RUS,87,445
RUS,87,446
RUS,87,447
RUS,87,448
RUS,87,449
RUS,87,450
RUS,87,451
RUS,87,452
RUS,87,453
RUS,87,454
RUS,87,455
RUS,87,456
RUS,87,457
RUS,87,458
KAZ,87,459
KAZ,87,460
KAZ,87,461
KAZ,87,462
KAZ,87,464
KAZ,87,465
KAZ,87,466
KAZ,87,467
KAZ,87,468
KAZ,87,469
KAZ,87,470
KAZ,87,471
KAZ,87,472
KAZ,87,473
KAZ,87,474
KAZ,87,475
KAZ,87,476
KAZ,87,477
KAZ,87,478
KAZ,87,479
KAZ,87,480
KAZ,87,481
KAZ,87,482
KAZ,87,483
KAZ,87,484
KAZ,87,485
KAZ,87,486
KAZ,87,487
KAZ,87,488
KAZ,87,489
KAZ,87,490
KAZ,87,491
KAZ,87,492
KAZ,87,493
KAZ,87,494
KAZ,87,495
KAZ,87,496
KAZ,87,497
KAZ,87,498
KAZ,87,499
KAZ,87,500
KAZ,87,501
KAZ,87,502
KAZ,87,503
KAZ,87,504
KAZ,87,505
KAZ,87,506
KAZ,87,507
KAZ,87,508
KAZ,87,509
KAZ,87,510
KAZ,87,511
KAZ,87,512
KAZ,87,513
KAZ,87,514
KAZ,87,515
KAZ,87,516
KAZ,87,517
KAZ,87,518
KAZ,87,519
KAZ,87,520
KAZ,87,521
KAZ,87,522
KAZ,87,523
KAZ,87,524
KAZ,87,525
KAZ,87,526
CHN,87,527
CHN,87,528
CHN,87,529
CHN,87,530
CHN,87,531
CHN,87,532
CHN,87,533
CHN,87,534
CHN,87,535
CHN,87,536
CHN,87,537
CHN,87,538
CHN,87,539
CHN,87,540
CHN,87,541
CHN,87,542
MNG,87,543
MNG,87,544
MNG,87,545
MNG,87,546
MNG,87,547
MNG,87,548
MNG,87,549
MNG,87,550
MNG,87,551
MNG,87,552
MNG,87,553
MNG,87,554
MNG,87,555
MNG,87,556
MNG,87,557
MNG,87,558
MNG,87,559
MNG,87,560
MNG,87,561
MNG,87,562
MNG,87,563
MNG,87,564
MNG,87,565
MNG,87,566
MNG,87,567
MNG,87,568
MNG,87,569
MNG,87,570
MNG,87,571
MNG,87,572
MNG,87,573
MNG,87,574
MNG,87,575
MNG,87,576
MNG,87,577
MNG,87,578
MNG,87,579
MNG,87,580
MNG,87,581
MNG,87,582
MNG,87,583
MNG,87,584
MNG,87,585
MNG,87,586
MNG,87,587
MNG,87,588
MNG,87,589
MNG,87,590
MNG,87,591
MNG,87,592
MNG,87,593
MNG,87,594
MNG,87,595
MNG,87,596
MNG,87,597
MNG,87,598
MNG,87,599
MNG,87,600
CHN,87,601
CHN,87,602
CHN,87,603
CHN,87,604
CHN,87,605
CHN,87,606
CHN,87,607
CHN,87,608
CHN,87,609
CHN,87,610
CHN,87,611
CHN,87,612
CHN,87,613
CHN,87,614
CHN,87,615
CHN,87,616
CHN,87,617
CHN,87,618
CHN,87,619
CHN,87,620
CHN,87,621
CHN,87,622
CHN,87,623
CHN,87,624
CHN,87,625
CHN,87,626
CHN,87,627
CHN,87,628
RUS,87,629
RUS,87,630
RUS,87,631
RUS,87,632
RUS,87,633
RUS,87,634
RUS,87,635
RUS,87,636
RUS,87,637
RUS,87,638
RUS,87,644
RUS,87,645
RUS,87,646
RUS,87,647
RUS,87,648
RUS,87,664
RUS,87,665
USA,88,112
USA,88,113
USA,88,114
USA,88,115
USA,88,116
USA,88,117
USA,88,118
USA,88,119
USA,88,120
USA,88,121
USA,88,122
USA,88,123
USA,88,124
USA,88,125
USA,88,126
USA,88,127
USA,88,128
USA,88,129
USA,88,130
USA,88,131
USA,88,132
USA,88,133
USA,88,134
USA,88,135
USA,88,136
USA,88,137
USA,88,138
USA,88,139
USA,88,140
USA,88,141
USA,88,142
USA,88,143
USA,88,144
USA,88,145
USA,88,146
USA,88,147
USA,88,148
USA,88,149
USA,88,150
USA,88,151
USA,88,152
USA,88,153
USA,88,154
USA,88,155
USA,88,156
USA,88,157
USA,88,158
USA,88,159
USA,88,160
USA,88,161
USA,88,162
USA,88,163
USA,88,164
USA,88,165
USA,88,166
USA,88,167
USA,88,168
USA,88,169
USA,88,170
USA,88,171
USA,88,172
USA,88,173
USA,88,174
USA,88,175
USA,88,176
USA,88,177
USA,88,178
USA,88,179
USA,88,180
USA,88,181
USA,88,182
USA,88,183
USA,88,184
USA,88,185
USA,88,186
USA,88,187
USA,88,188
USA,88,189
USA,88,190
USA,88,191
USA,88,192
CAN,88,193
CAN,88,194
CAN,88,195
CAN,88,196
CAN,88,197
CAN,88,198
CAN,88,199
CAN,88,200
CAN,88,201
CAN,88,202
CAN,88,203
CAN,88,204
CAN,88,205
CAN,88,206
CAN,88,207
CAN,88,208
CAN,88,209
CAN,88,210
CAN,88,211
CAN,88,212
CAN,88,213
CAN,88,214
CAN,88,215
CAN,88,216
CAN,88,217
CAN,88,218
CAN,88,219
CAN,88,220
USA,88,221
USA,88,222
USA,88,223
USA,88,224
CAN,88,225
CAN,88,226
CAN,88,227
CAN,88,228
CAN,88,229
CAN,88,230
CAN,88,231
CAN,88,232
CAN,88,233
CAN,88,234
CAN,88,235
CAN,88,236
CAN,88,237
CAN,88,238
CAN,88,239
CAN,88,240
CAN,88,241
FRA,88,357
FRA,88,358
FRA,88,359
FRA,88,360
FRA,88,361
FRA,88,362
FRA,88,363
FRA,88,364
FRA,88,365
FRA,88,366
FRA,88,367
FRA,88,368
FRA,88,369
FRA,88,370
FRA,88,371
FRA,88,372
FRA,88,373
FRA,88,374
CHE,88,375
CHE,88,376
ITA,88,377
CHE,88,378
ITA,88,379
ITA,88,380
ITA,88,381
ITA,88,382
ITA,88,383
ITA,88,384
ITA,88,385
ITA,88,386
ITA,88,387
SVN,88,388
SVN,88,389
SVN,88,390
SVN,88,391
SVN,88,392
HRV,88,393
HRV,88,394
HUN,88,395
HUN,88,396
HUN,88,397
HUN,88,398
HUN,88,399
HUN,88,400
HUN,88,401
HUN,88,402
ROU,88,403
ROU,88,404
ROU,88,405
ROU,88,406
ROU,88,407
ROU,88,408
ROU,88,409
ROU,88,410
ROU,88,411
ROU,88,412
ROU,88,413
ROU,88,414
ROU,88,415
ROU,88,416
MDA,88,417
MDA,88,418
UKR,88,419
UKR,88,420
UKR,88,421
UKR,88,422
UKR,88,424
UKR,88,425
UKR,88,426
UKR,88,427
UKR,88,428
UKR,88,429
UKR,88,430
UKR,88,431
RUS,88,436
RUS,88,437
RUS,88,438
RUS,88,439
RUS,88,440
RUS,88,441
RUS,88,442
RUS,88,443
RUS,88,444
RUS,88,445
RUS,88,446
RUS,88,447
RUS,88,448
RUS,88,449
RUS,88,450
RUS,88,451
RUS,88,452
RUS,88,453
RUS,88,454
RUS,88,455
RUS,88,456
RUS,88,457
RUS,88,458
RUS,88,459
KAZ,88,460
KAZ,88,467
KAZ,88,468
KAZ,88,469
KAZ,88,470
KAZ,88,471
KAZ,88,472
KAZ,88,473
KAZ,88,474
KAZ,88,475
KAZ,88,476
KAZ,88,477
KAZ,88,478
KAZ,88,479
KAZ,88,480
KAZ,88,481
KAZ,88,482
KAZ,88,483
KAZ,88,484
KAZ,88,485
,88,486
,88,487
,88,488
KAZ,88,489
KAZ,88,490
KAZ,88,491
KAZ,88,492
KAZ,88,493
KAZ,88,494
KAZ,88,495
KAZ,88,496
KAZ,88,497
KAZ,88,498
KAZ,88,499
KAZ,88,500
KAZ,88,501
KAZ,88,502
KAZ,88,503
KAZ,88,504
KAZ,88,505
KAZ,88,506
KAZ,88,507
KAZ,88,508
KAZ,88,509
KAZ,88,510
KAZ,88,511
KAZ,88,512
KAZ,88,513
KAZ,88,514
KAZ,88,515
KAZ,88,516
KAZ,88,517
KAZ,88,518
KAZ,88,519
KAZ,88,520
KAZ,88,521
KAZ,88,522
KAZ,88,523
KAZ,88,524
KAZ,88,525
CHN,88,526
CHN,88,527
CHN,88,528
CHN,88,529
CHN,88,530
CHN,88,531
CHN,88,532
CHN,88,533
CHN,88,534
CHN,88,535
CHN,88,536
CHN,88,537
CHN,88,538
CHN,88,539
CHN,88,540
CHN,88,541
CHN,88,542
MNG,88,543
MNG,88,544
MNG,88,545
MNG,88,546
MNG,88,547
MNG,88,548
MNG,88,549
MNG,88,550
MNG,88,551
MNG,88,552
MNG,88,553
MNG,88,554
MNG,88,555
MNG,88,556
MNG,88,557
MNG,88,558
MNG,88,559
MNG,88,560
MNG,88,561
MNG,88,562
MNG,88,563
MNG,88,564
MNG,88,565
MNG,88,566
MNG,88,567
MNG,88,568
MNG,88,569
MNG,88,570
MNG,88,571
MNG,88,572
MNG,88,573
MNG,88,574
MNG,88,575
MNG,88,576
MNG,88,577
MNG,88,578
MNG,88,579
MNG,88,580
MNG,88,581
MNG,88,582
MNG,88,583
MNG,88,584
MNG,88,585
MNG,88,586
MNG,88,587
MNG,88,588
MNG,88,589
MNG,88,590
MNG,88,591
MNG,88,592
MNG,88,593
CHN,88,594
CHN,88,595
CHN,88,596
CHN,88,597
CHN,88,598
CHN,88,599
CHN,88,600
CHN,88,601
CHN,88,602
CHN,88,603
CHN,88,604
CHN,88,605
CHN,88,606
CHN,88,607
CHN,88,608
CHN,88,609
CHN,88,610
CHN,88,611
CHN,88,612
CHN,88,613
CHN,88,614
CHN,88,615
CHN,88,616
CHN,88,617
CHN,88,618
CHN,88,619
CHN,88,620
CHN,88,621
CHN,88,622
CHN,88,623
CHN,88,624
CHN,88,625
CHN,88,626
CHN,88,627
CHN,88,628
RUS,88,629
RUS,88,630
RUS,88,631
RUS,88,632
RUS,88,633
RUS,88,634
RUS,88,635
RUS,88,636
RUS,88,637
RUS,88,644
RUS,88,645
RUS,88,647
RUS,88,648
RUS,88,660
RUS,88,661
RUS,88,662
USA,89,113
USA,89,114
USA,89,115
USA,89,116
USA,89,117
USA,89,118
USA,89,119
USA,89,120
USA,89,121
USA,89,122
USA,89,123
USA,89,124
USA,89,125
USA,89,126
USA,89,127
USA,89,128
USA,89,129
USA,89,130
USA,89,131
USA,89,132
USA,89,133
USA,89,134
USA,89,135
USA,89,136
USA,89,137
USA,89,138
USA,89,139
USA,89,140
USA,89,141
USA,89,142
USA,89,143
USA,89,144
USA,89,145
USA,89,146
USA,89,147
USA,89,148
USA,89,149
USA,89,150
USA,89,151
USA,89,152
USA,89,153
USA,89,154
USA,89,155
USA,89,156
USA,89,157
USA,89,158
USA,89,159
USA,89,160
USA,89,161
USA,89,162
USA,89,163
USA,89,164
USA,89,165
USA,89,166
USA,89,167
USA,89,168
USA,89,169
USA,89,170
USA,89,171
USA,89,172
USA,89,173
USA,89,174
USA,89,175
USA,89,176
USA,89,177
USA,89,178
USA,89,179
USA,89,180
USA,89,181
USA,89,182
USA,89,183
USA,89,184
USA,89,185
USA,89,186
USA,89,187
USA,89,188
USA,89,189
USA,89,190
USA,89,191
USA,89,192
USA,89,193
CAN,89,194
CAN,89,195
CAN,89,196
CAN,89,197
CAN,89,198
CAN,89,199
CAN,89,200
CAN,89,201
CAN,89,202
CAN,89,203
CAN,89,204
CAN,89,205
CAN,89,206
CAN,89,207
CAN,89,208
CAN,89,209
CAN,89,210
CAN,89,211
CAN,89,212
CAN,89,213
CAN,89,214
CAN,89,215
CAN,89,216
CAN,89,217
CAN,89,218
CAN,89,219
USA,89,220
USA,89,221
USA,89,222
USA,89,223
USA,89,224
USA,89,225
CAN,89,226
CAN,89,227
CAN,89,228
CAN,89,229
CAN,89,230
CAN,89,231
CAN,89,232
CAN,89,233
CAN,89,234
CAN,89,235
CAN,89,236
CAN,89,237
CAN,89,238
CAN,89,239
CAN,89,240
CAN,89,241
FRA,89,358
FRA,89,359
FRA,89,360
FRA,89,361
FRA,89,362
FRA,89,363
FRA,89,364
FRA,89,365
FRA,89,366
FRA,89,367
FRA,89,368
FRA,89,369
FRA,89,370
FRA,89,371
FRA,89,372
FRA,89,373
FRA,89,374
ITA,89,375
ITA,89,376
ITA,89,377
ITA,89,378
ITA,89,379
ITA,89,380
ITA,89,381
ITA,89,382
ITA,89,383
ITA,89,384
ITA,89,385
ITA,89,386
ITA,89,387
SVN,89,388
SVN,89,389
SVN,89,390
SVN,89,391
HRV,89,392
HRV,89,393
HRV,89,394
HRV,89,395
HRV,89,396
HRV,89,397
HRV,89,398
SRB,89,399
SRB,89,400
SRB,89,401
ROU,89,402
ROU,89,403
ROU,89,404
ROU,89,405
ROU,89,406
ROU,89,407
ROU,89,408
ROU,89,409
ROU,89,410
ROU,89,411
ROU,89,412
ROU,89,413
ROU,89,414
ROU,89,415
ROU,89,416
MDA,89,417
UKR,89,418
UKR,89,419
UKR,89,420
UKR,89,421
RUS,89,426
RUS,89,427
RUS,89,428
RUS,89,429
RUS,89,430
RUS,89,431
RUS,89,436
RUS,89,437
RUS,89,438
RUS,89,439
RUS,89,440
RUS,89,441
RUS,89,442
RUS,89,443
RUS,89,444
RUS,89,445
RUS,89,446
RUS,89,447
RUS,89,448
RUS,89,449
RUS,89,450
RUS,89,451
RUS,89,452
RUS,89,453
RUS,89,454
RUS,89,455
RUS,89,456
RUS,89,457
RUS,89,458
KAZ,89,466
KAZ,89,467
KAZ,89,468
KAZ,89,469
KAZ,89,470
KAZ,89,471
KAZ,89,472
KAZ,89,473
KAZ,89,474
KAZ,89,475
KAZ,89,476
KAZ,89,477
KAZ,89,478
KAZ,89,479
KAZ,89,480
KAZ,89,481
KAZ,89,482
KAZ,89,483
KAZ,89,484
KAZ,89,485
,89,486
,89,487
,89,488
KAZ,89,489
KAZ,89,490
KAZ,89,491
KAZ,89,492
KAZ,89,493
KAZ,89,494
KAZ,89,495
KAZ,89,496
KAZ,89,497
KAZ,89,498
KAZ,89,499
KAZ,89,500
KAZ,89,501
KAZ,89,502
KAZ,89,503
KAZ,89,504
KAZ,89,505
KAZ,89,506
KAZ,89,507
KAZ,89,508
KAZ,89,509
KAZ,89,510
KAZ,89,511
KAZ,89,512
KAZ,89,513
KAZ,89,514
KAZ,89,515
KAZ,89,516
KAZ,89,517
KAZ,89,518
KAZ,89,519
KAZ,89,520
KAZ,89,521
KAZ,89,522
KAZ,89,523
KAZ,89,524
KAZ,89,525
CHN,89,526
CHN,89,527
CHN,89,528
CHN,89,529
CHN,89,530
CHN,89,531
CHN,89,532
CHN,89,533
CHN,89,534
CHN,89,535
CHN,89,536
CHN,89,537
CHN,89,538
CHN,89,539
CHN,89,540
CHN,89,541
CHN,89,542
MNG,89,543
MNG,89,544
MNG,89,545
MNG,89,546
MNG,89,547
MNG,89,548
MNG,89,549
MNG,89,550
MNG,89,551
MNG,89,552
MNG,89,553
MNG,89,554
MNG,89,555
MNG,89,556
MNG,89,557
MNG,89,558
MNG,89,559
MNG,89,560
MNG,89,561
MNG,89,562
MNG,89,563
MNG,89,564
MNG,89,565
MNG,89,566
MNG,89,567
MNG,89,568
MNG,89,569
MNG,89,570
MNG,89,571
MNG,89,572
MNG,89,573
MNG,89,574
MNG,89,575
MNG,89,576
MNG,89,577
MNG,89,578
MNG,89,579
MNG,89,580
MNG,89,581
MNG,89,582
MNG,89,583
MNG,89,584
MNG,89,585
MNG,89,586
MNG,89,587
MNG,89,588
MNG,89,589
MNG,89,590
MNG,89,591
MNG,89,592
CHN,89,593
CHN,89,594
CHN,89,595
CHN,89,596
CHN,89,597
CHN,89,598
CHN,89,599
CHN,89,600
CHN,89,601
CHN,89,602
CHN,89,603
CHN,89,604
CHN,89,605
CHN,89,606
CHN,89,607
CHN,89,608
CHN,89,609
CHN,89,610
CHN,89,611
CHN,89,612
CHN,89,613
CHN,89,614
CHN,89,615
CHN,89,616
CHN,89,617
CHN,89,618
CHN,89,619
CHN,89,620
CHN,89,621
CHN,89,622
CHN,89,623
CHN,89,624
CHN,89,625
CHN,89,626
CHN,89,627
RUS,89,628
RUS,89,629
RUS,89,630
RUS,89,631
RUS,89,632
RUS,89,633
RUS,89,634
RUS,89,635
RUS,89,636
JPN,89,644
RUS,89,645
RUS,89,658
RUS,89,660
RUS,89,661
USA,90,113
USA,90,114
USA,90,115
USA,90,116
USA,90,117
USA,90,118
USA,90,119
USA,90,120
USA,90,121
USA,90,122
USA,90,123
USA,90,124
USA,90,125
USA,90,126
USA,90,127
USA,90,128
USA,90,129
USA,90,130
USA,90,131
USA,90,132
USA,90,133
USA,90,134
USA,90,135
USA,90,136
USA,90,137
USA,90,138
USA,90,139
USA,90,140
USA,90,141
USA,90,142
USA,90,143
USA,90,144
USA,90,145
USA,90,146
USA,90,147
USA,90,148
USA,90,149
USA,90,150
USA,90,151
USA,90,152
USA,90,153
USA,90,154
USA,90,155
USA,90,156
USA,90,157
USA,90,158
USA,90,159
USA,90,160
USA,90,161
USA,90,162
USA,90,163
USA,90,164
USA,90,165
USA,90,166
USA,90,167
USA,90,168
USA,90,169
USA,90,170
USA,90,171
USA,90,172
USA,90,173
USA,90,174
USA,90,175
USA,90,176
USA,90,177
USA,90,178
USA,90,179
USA,90,180
USA,90,181
USA,90,182
USA,90,183
USA,90,184
USA,90,185
USA,90,186
USA,90,187
USA,90,188
USA,90,189
USA,90,190
USA,90,191
USA,90,192
USA,90,193
USA,90,194
USA,90,195
CAN,90,196
CAN,90,197
CAN,90,198
CAN,90,199
CAN,90,200
CAN,90,201
CAN,90,202
CAN,90,203
CAN,90,204
CAN,90,205
CAN,90,206
CAN,90,207
CAN,90,208
CAN,90,209
CAN,90,210
CAN,90,211
CAN,90,212
CAN,90,213
CAN,90,214
CAN,90,215
CAN,90,216
CAN,90,217
USA,90,218
USA,90,219
USA,90,220
USA,90,221
USA,90,222
USA,90,223
USA,90,224
USA,90,225
CAN,90,226
CAN,90,227
CAN,90,228
CAN,90,229
CAN,90,230
CAN,90,231
CAN,90,232
CAN,90,233
CAN,90,234
CAN,90,235
CAN,90,236
CAN,90,237
CAN,90,238
CAN,90,239
FRA,90,358
FRA,90,359
FRA,90,360
FRA,90,361
FRA,90,362
FRA,90,363
FRA,90,364
FRA,90,365
FRA,90,366
FRA,90,367
FRA,90,368
FRA,90,369
FRA,90,370
FRA,90,371
FRA,90,372
FRA,90,373
FRA,90,374
ITA,90,375
ITA,90,376
ITA,90,377
ITA,90,378
ITA,90,379
ITA,90,380
ITA,90,381
ITA,90,382
ITA,90,383
ITA,90,384
ITA,90,385
HRV,90,388
HRV,90,389
HRV,90,390
HRV,90,391
HRV,90,392
HRV,90,393
HRV,90,394
HRV,90,395
HRV,90,396
HRV,90,397
HRV,90,398
SRB,90,399
SRB,90,400
SRB,90,401
SRB,90,402
SRB,90,403
ROU,90,404
ROU,90,405
ROU,90,406
ROU,90,407
ROU,90,408
ROU,90,409
ROU,90,410
ROU,90,411
ROU,90,412
ROU,90,413
ROU,90,414
ROU,90,415
ROU,90,416
ROU,90,417
ROU,90,418
ROU,90,419
ROU,90,420
RUS,90,426
RUS,90,427
RUS,90,428
RUS,90,429
RUS,90,430
RUS,90,431
RUS,90,432
RUS,90,433
RUS,90,434
RUS,90,435
RUS,90,436
RUS,90,437
RUS,90,438
RUS,90,439
RUS,90,440
RUS,90,441
RUS,90,442
RUS,90,443
RUS,90,444
RUS,90,445
RUS,90,446
RUS,90,447
RUS,90,448
RUS,90,449
RUS,90,450
RUS,90,451
RUS,90,452
RUS,90,453
RUS,90,454
RUS,90,455
KAZ,90,461
KAZ,90,463
KAZ,90,464
KAZ,90,465
KAZ,90,466
KAZ,90,467
KAZ,90,468
KAZ,90,469
KAZ,90,470
KAZ,90,471
KAZ,90,472
KAZ,90,473
KAZ,90,474
UZB,90,475
UZB,90,476
UZB,90,477
UZB,90,478
UZB,90,479
KAZ,90,480
KAZ,90,481
KAZ,90,482
KAZ,90,483
KAZ,90,484
KAZ,90,485
KAZ,90,486
KAZ,90,487
KAZ,90,488
KAZ,90,489
KAZ,90,490
KAZ,90,491
KAZ,90,492
KAZ,90,493
KAZ,90,494
KAZ,90,495
KAZ,90,496
KAZ,90,497
KAZ,90,498
KAZ,90,499
KAZ,90,500
KAZ,90,501
KAZ,90,502
KAZ,90,503
KAZ,90,504
KAZ,90,505
KAZ,90,506
KAZ,90,507
KAZ,90,508
KAZ,90,509
KAZ,90,510
KAZ,90,511
KAZ,90,512
KAZ,90,513
KAZ,90,514
KAZ,90,515
KAZ,90,516
KAZ,90,517
KAZ,90,518
KAZ,90,519
KAZ,90,520
KAZ,90,521
KAZ,90,522
KAZ,90,523
CHN,90,524
KAZ,90,525
CHN,90,526
CHN,90,527
CHN,90,528
CHN,90,529
CHN,90,530
CHN,90,531
CHN,90,532
CHN,90,533
CHN,90,534
CHN,90,535
CHN,90,536
CHN,90,537
CHN,90,538
CHN,90,539
CHN,90,540
CHN,90,541
CHN,90,542
MNG,90,543
MNG,90,544
MNG,90,545
MNG,90,546
MNG,90,547
MNG,90,548
MNG,90,549
MNG,90,550
MNG,90,551
MNG,90,552
MNG,90,553
MNG,90,554
MNG,90,555
MNG,90,556
MNG,90,557
MNG,90,558
MNG,90,559
MNG,90,560
MNG,90,561
MNG,90,562
MNG,90,563
MNG,90,564
MNG,90,565
MNG,90,566
MNG,90,567
MNG,90,568
MNG,90,569
MNG,90,570
MNG,90,571
MNG,90,572
MNG,90,573
MNG,90,574
MNG,90,575
MNG,90,576
MNG,90,577
MNG,90,578
MNG,90,579
MNG,90,580
MNG,90,581
MNG,90,582
MNG,90,583
MNG,90,584
MNG,90,585
MNG,90,586
MNG,90,587
MNG,90,588
MNG,90,589
CHN,90,590
CHN,90,591
CHN,90,592
CHN,90,593
CHN,90,594
CHN,90,595
CHN,90,596
CHN,90,597
CHN,90,598
CHN,90,599
CHN,90,600
CHN,90,601
CHN,90,602
CHN,90,603
CHN,90,604
CHN,90,605
CHN,90,606
CHN,90,607
CHN,90,608
CHN,90,609
CHN,90,610
CHN,90,611
CHN,90,612
CHN,90,613
CHN,90,614
CHN,90,615
CHN,90,616
CHN,90,617
CHN,90,618
CHN,90,619
CHN,90,620
CHN,90,621
CHN,90,622
CHN,90,623
CHN,90,624
CHN,90,625
CHN,90,626
RUS,90,627
RUS,90,628
RUS,90,629
RUS,90,630
RUS,90,631
RUS,90,632
RUS,90,633
RUS,90,634
RUS,90,635
JPN,90,643
JPN,90,644
JPN,90,645
JPN,90,646
RUS,90,656
RUS,90,657
RUS,90,658
USA,91,112
USA,91,113
USA,91,114
USA,91,115
USA,91,116
USA,91,117
USA,91,118
USA,91,119
USA,91,120
USA,91,121
USA,91,122
USA,91,123
USA,91,124
USA,91,125
USA,91,126
USA,91,127
USA,91,128
USA,91,129
USA,91,130
USA,91,131
USA,91,132
USA,91,133
USA,91,134
USA,91,135
USA,91,136
USA,91,137
USA,91,138
USA,91,139
USA,91,140
USA,91,141
USA,91,142
USA,91,143
USA,91,144
USA,91,145
USA,91,146
USA,91,147
USA,91,148
USA,91,149
USA,91,150
USA,91,151
USA,91,152
USA,91,153
USA,91,154
USA,91,155
USA,91,156
USA,91,157
USA,91,158
USA,91,159
USA,91,160
USA,91,161
USA,91,162
USA,91,163
USA,91,164
USA,91,165
USA,91,166
USA,91,167
USA,91,168
USA,91,169
USA,91,170
USA,91,171
USA,91,172
USA,91,173
USA,91,174
USA,91,175
USA,91,176
USA,91,177
USA,91,178
USA,91,179
USA,91,180
USA,91,181
USA,91,182
USA,91,183
USA,91,184
USA,91,185
USA,91,186
USA,91,187
USA,91,188
USA,91,189
USA,91,190
USA,91,191
USA,91,192
USA,91,193
USA,91,194
USA,91,195
CAN,91,196
CAN,91,197
CAN,91,198
CAN,91,199
CAN,91,200
CAN,91,201
CAN,91,202
CAN,91,203
CAN,91,204
CAN,91,205
CAN,91,206
CAN,91,207
CAN,91,208
CAN,91,209
USA,91,210
USA,91,211
USA,91,212
USA,91,213
USA,91,214
USA,91,215
USA,91,216
USA,91,217
USA,91,218
USA,91,219
USA,91,220
USA,91,221
USA,91,222
USA,91,223
USA,91,224
USA,91,225
USA,91,226
CAN,91,227
CAN,91,229
CAN,91,230
CAN,91,231
CAN,91,232
CAN,91,233
CAN,91,234
CAN,91,235
CAN,91,236
FRA,91,358
FRA,91,359
FRA,91,360
FRA,91,361
FRA,91,362
FRA,91,363
FRA,91,364
FRA,91,365
FRA,91,366
FRA,91,367
FRA,91,368
FRA,91,369
FRA,91,370
FRA,91,371
FRA,91,372
FRA,91,373
FRA,91,374
ITA,91,375
ITA,91,376
ITA,91,377
ITA,91,378
ITA,91,379
ITA,91,380
ITA,91,381
ITA,91,382
ITA,91,383
ITA,91,384
ITA,91,385
ITA,91,386
HRV,91,388
HRV,91,389
HRV,91,390
HRV,91,391
HRV,91,392
,91,393
BIH,91,394
BIH,91,395
BIH,91,396
BIH,91,397
BIH,91,398
BIH,91,399
SRB,91,400
SRB,91,401
SRB,91,402
SRB,91,403
ROU,91,404
ROU,91,405
ROU,91,406
ROU,91,407
ROU,91,408
ROU,91,409
ROU,91,410
ROU,91,411
ROU,91,412
ROU,91,413
ROU,91,414
ROU,91,415
ROU,91,416
ROU,91,417
ROU,91,418
ROU,91,419
ROU,91,420
RUS,91,427
RUS,91,428
RUS,91,429
RUS,91,430
RUS,91,431
RUS,91,435
RUS,91,436
RUS,91,437
RUS,91,438
RUS,91,439
RUS,91,440
RUS,91,441
RUS,91,442
RUS,91,443
RUS,91,444
RUS,91,445
RUS,91,446
RUS,91,447
RUS,91,448
RUS,91,449
RUS,91,450
RUS,91,451
RUS,91,452
RUS,91,453
RUS,91,454
RUS,91,455
KAZ,91,461
KAZ,91,462
KAZ,91,463
KAZ,91,464
KAZ,91,465
KAZ,91,466
KAZ,91,467
KAZ,91,468
KAZ,91,469
KAZ,91,470
KAZ,91,471
KAZ,91,472
UZB,91,473
UZB,91,474
UZB,91,475
UZB,91,476
UZB,91,477
UZB,91,478
UZB,91,479
UZB,91,480
UZB,91,481
KAZ,91,482
KAZ,91,483
KAZ,91,484
KAZ,91,485
KAZ,91,486
KAZ,91,487
KAZ,91,488
KAZ,91,489
KAZ,91,490
KAZ,91,491
KAZ,91,492
KAZ,91,493
KAZ,91,494
KAZ,91,495
KAZ,91,496
KAZ,91,497
KAZ,91,498
KAZ,91,499
KAZ,91,500
KAZ,91,501
KAZ,91,502
KAZ,91,503
KAZ,91,504
KAZ,91,505
KAZ,91,506
KAZ,91,507
KAZ,91,508
KAZ,91,509
KAZ,91,510
KAZ,91,511
KAZ,91,512
KAZ,91,513
KAZ,91,514
KAZ,91,515
KAZ,91,516
KAZ,91,517
KAZ,91,518
KAZ,91,519
KAZ,91,520
KAZ,91,521
CHN,91,522
CHN,91,523
CHN,91,524
CHN,91,525
CHN,91,526
CHN,91,527
CHN,91,528
CHN,91,529
CHN,91,530
CHN,91,531
CHN,91,532
CHN,91,533
CHN,91,534
CHN,91,535
CHN,91,536
CHN,91,537
CHN,91,538
CHN,91,539
CHN,91,540
CHN,91,541
CHN,91,542
CHN,91,543
CHN,91,544
CHN,91,545
CHN,91,546
CHN,91,547
CHN,91,548
MNG,91,549
MNG,91,550
MNG,91,551
MNG,91,552
MNG,91,553
MNG,91,554
MNG,91,555
MNG,91,556
MNG,91,557
MNG,91,558
MNG,91,559
MNG,91,560
MNG,91,561
MNG,91,562
MNG,91,563
MNG,91,564
MNG,91,565
MNG,91,566
MNG,91,567
MNG,91,568
MNG,91,569
MNG,91,570
MNG,91,571
MNG,91,572
MNG,91,573
MNG,91,574
MNG,91,575
MNG,91,576
MNG,91,577
MNG,91,578
MNG,91,579
MNG,91,580
MNG,91,581
MNG,91,582
MNG,91,583
CHN,91,584
CHN,91,585
CHN,91,586
CHN,91,587
CHN,91,588
CHN,91,589
CHN,91,590
CHN,91,591
CHN,91,592
CHN,91,593
CHN,91,594
CHN,91,595
CHN,91,596
CHN,91,597
CHN,91,598
CHN,91,599
CHN,91,600
CHN,91,601
CHN,91,602
CHN,91,603
CHN,91,604
CHN,91,605
CHN,91,606
CHN,91,607
CHN,91,608
CHN,91,609
CHN,91,610
CHN,91,611
CHN,91,612
CHN,91,613
CHN,91,614
CHN,91,615
CHN,91,616
CHN,91,617
CHN,91,618
CHN,91,619
CHN,91,620
CHN,91,621
CHN,91,622
RUS,91,623
RUS,91,624
RUS,91,625
RUS,91,626
RUS,91,627
RUS,91,628
RUS,91,629
RUS,91,630
RUS,91,631
RUS,91,632
RUS,91,633
RUS,91,634
JPN,91,644
JPN,91,645
JPN,91,646
JPN,91,647
RUS,91,653
RUS,91,654
RUS,91,655
RUS,91,656
USA,92,112
USA,92,113
USA,92,114
USA,92,115
USA,92,116
USA,92,117
USA,92,118
USA,92,119
USA,92,120
USA,92,121
USA,92,122
USA,92,123
USA,92,124
USA,92,125
USA,92,126
USA,92,127
USA,92,128
USA,92,129
USA,92,130
USA,92,131
USA,92,132
USA,92,133
USA,92,134
USA,92,135
USA,92,136
USA,92,137
USA,92,138
USA,92,139
USA,92,140
USA,92,141
USA,92,142
USA,92,143
USA,92,144
USA,92,145
USA,92,146
USA,92,147
USA,92,148
USA,92,149
USA,92,150
USA,92,151
USA,92,152
USA,92,153
USA,92,154
USA,92,155
USA,92,156
USA,92,157
USA,92,158
USA,92,159
USA,92,160
USA,92,161
USA,92,162
USA,92,163
USA,92,164
USA,92,165
USA,92,166
USA,92,167
USA,92,168
USA,92,169
USA,92,170
USA,92,171
USA,92,172
USA,92,173
USA,92,174
USA,92,175
USA,92,176
USA,92,177
USA,92,178
USA,92,179
USA,92,180
USA,92,181
USA,92,182
USA,92,183
USA,92,184
USA,92,185
USA,92,186
USA,92,187
USA,92,188
USA,92,189
USA,92,190
USA,92,191
USA,92,192
USA,92,193
USA,92,194
USA,92,195
CAN,92,196
CAN,92,197
CAN,92,198
CAN,92,199
CAN,92,200
CAN,92,201
CAN,92,202
CAN,92,203
CAN,92,204
CAN,92,205
CAN,92,206
CAN,92,207
CAN,92,208
USA,92,209
USA,92,210
USA,92,211
USA,92,212
USA,92,213
USA,92,214
USA,92,215
USA,92,216
USA,92,217
USA,92,218
USA,92,219
USA,92,220
USA,92,221
USA,92,222
USA,92,223
USA,92,224
USA,92,225
CAN,92,228
CAN,92,229
CAN,92,230
CAN,92,231
CAN,92,232
FRA,92,358
FRA,92,359
FRA,92,360
FRA,92,361
FRA,92,362
FRA,92,363
FRA,92,364
FRA,92,365
FRA,92,366
FRA,92,367
FRA,92,368
FRA,92,369
FRA,92,370
FRA,92,371
FRA,92,372
FRA,92,373
FRA,92,374
ITA,92,375
ITA,92,376
ITA,92,377
ITA,92,378
ITA,92,379
ITA,92,380
ITA,92,381
ITA,92,382
ITA,92,383
ITA,92,384
ITA,92,385
ITA,92,386
HRV,92,390
HRV,92,391
HRV,92,392
HRV,92,393
BIH,92,394
BIH,92,395
BIH,92,396
BIH,92,397
BIH,92,398
BIH,92,399
SRB,92,400
SRB,92,401
SRB,92,402
SRB,92,403
SRB,92,404
SRB,92,405
ROU,92,406
ROU,92,407
ROU,92,408
ROU,92,409
ROU,92,410
ROU,92,411
ROU,92,412
ROU,92,413
ROU,92,414
ROU,92,415
ROU,92,416
ROU,92,417
ROU,92,418
RUS,92,428
RUS,92,429
RUS,92,437
RUS,92,438
RUS,92,439
RUS,92,440
RUS,92,441
RUS,92,442
RUS,92,443
RUS,92,444
RUS,92,445
RUS,92,446
RUS,92,447
RUS,92,448
RUS,92,449
RUS,92,450
RUS,92,451
RUS,92,452
RUS,92,453
RUS,92,454
RUS,92,455
KAZ,92,461
KAZ,92,462
KAZ,92,463
KAZ,92,464
KAZ,92,465
KAZ,92,466
KAZ,92,467
KAZ,92,468
KAZ,92,469
KAZ,92,470
KAZ,92,471
KAZ,92,472
UZB,92,473
UZB,92,474
UZB,92,475
UZB,92,476
UZB,92,477
UZB,92,478
UZB,92,479
UZB,92,480
UZB,92,481
UZB,92,482
KAZ,92,483
KAZ,92,484
KAZ,92,485
KAZ,92,486
KAZ,92,487
KAZ,92,488
KAZ,92,489
KAZ,92,490
KAZ,92,491
KAZ,92,492
KAZ,92,493
KAZ,92,494
KAZ,92,495
KAZ,92,496
KAZ,92,497
KAZ,92,498
KAZ,92,499
KAZ,92,500
KAZ,92,501
KAZ,92,502
KAZ,92,503
KAZ,92,504
KAZ,92,505
KAZ,92,506
KAZ,92,507
KAZ,92,508
KAZ,92,509
KAZ,92,510
KAZ,92,511
KAZ,92,512
KAZ,92,513
KAZ,92,514
KAZ,92,515
KAZ,92,516
KAZ,92,517
KAZ,92,518
KAZ,92,519
KAZ,92,520
KAZ,92,521
CHN,92,522
CHN,92,523
CHN,92,524
CHN,92,525
CHN,92,526
CHN,92,527
CHN,92,528
CHN,92,529
CHN,92,530
CHN,92,531
CHN,92,532
CHN,92,533
CHN,92,534
CHN,92,535
CHN,92,536
CHN,92,537
CHN,92,538
CHN,92,539
CHN,92,540
CHN,92,541
CHN,92,542
CHN,92,543
CHN,92,544
CHN,92,545
CHN,92,546
CHN,92,547
CHN,92,548
CHN,92,549
CHN,92,550
MNG,92,551
MNG,92,552
MNG,92,553
MNG,92,554
MNG,92,555
MNG,92,556
MNG,92,557
MNG,92,558
MNG,92,559
MNG,92,560
MNG,92,561
MNG,92,562
MNG,92,563
MNG,92,564
MNG,92,565
MNG,92,566
MNG,92,567
MNG,92,568
MNG,92,569
MNG,92,570
MNG,92,571
MNG,92,572
MNG,92,573
MNG,92,574
MNG,92,575
MNG,92,576
MNG,92,577
MNG,92,578
MNG,92,579
MNG,92,580
MNG,92,581
MNG,92,582
MNG,92,583
CHN,92,584
CHN,92,585
CHN,92,586
CHN,92,587
CHN,92,588
CHN,92,589
CHN,92,590
CHN,92,591
CHN,92,592
CHN,92,593
CHN,92,594
CHN,92,595
CHN,92,596
CHN,92,597
CHN,92,598
CHN,92,599
CHN,92,600
CHN,92,601
CHN,92,602
CHN,92,603
CHN,92,604
CHN,92,605
CHN,92,606
CHN,92,607
CHN,92,608
CHN,92,609
CHN,92,610
CHN,92,611
CHN,92,612
CHN,92,613
CHN,92,614
CHN,92,615
CHN,92,616
CHN,92,617
CHN,92,618
CHN,92,619
CHN,92,620
CHN,92,621
CHN,92,622
RUS,92,623
RUS,92,624
RUS,92,625
RUS,92,626
RUS,92,627
RUS,92,628
RUS,92,629
RUS,92,630
RUS,92,631
RUS,92,632
JPN,92,644
JPN,92,645
JPN,92,646
JPN,92,647
JPN,92,648
JPN,92,649
JPN,92,650
JPN,92,651
RUS,92,652
RUS,92,653
RUS,92,654
USA,93,112
USA,93,113
USA,93,114
USA,93,115
USA,93,116
USA,93,117
USA,93,118
USA,93,119
USA,93,120
USA,93,121
USA,93,122
USA,93,123
USA,93,124
USA,93,125
USA,93,126
USA,93,127
USA,93,128
USA,93,129
USA,93,130
USA,93,131
USA,93,132
USA,93,133
USA,93,134
USA,93,135
USA,93,136
USA,93,137
USA,93,138
USA,93,139
USA,93,140
USA,93,141
USA,93,142
USA,93,143
USA,93,144
USA,93,145
USA,93,146
USA,93,147
USA,93,148
USA,93,149
USA,93,150
USA,93,151
USA,93,152
USA,93,153
USA,93,154
USA,93,155
USA,93,156
USA,93,157
USA,93,158
USA,93,159
USA,93,160
USA,93,161
USA,93,162
USA,93,163
USA,93,164
USA,93,165
USA,93,166
USA,93,167
USA,93,168
USA,93,169
USA,93,170
USA,93,171
USA,93,172
USA,93,173
USA,93,174
USA,93,175
USA,93,176
USA,93,177
USA,93,178
USA,93,179
USA,93,180
USA,93,181
USA,93,182
USA,93,183
USA,93,184
USA,93,185
USA,93,186
USA,93,187
USA,93,188
USA,93,189
USA,93,190
USA,93,191
USA,93,192
USA,93,193
USA,93,194
USA,93,195
USA,93,196
CAN,93,197
CAN,93,198
CAN,93,199
CAN,93,200
CAN,93,201
CAN,93,202
CAN,93,203
CAN,93,204
CAN,93,205
CAN,93,206
USA,93,207
USA,93,208
USA,93,209
USA,93,210
USA,93,211
USA,93,212
USA,93,213
USA,93,214
USA,93,215
USA,93,216
USA,93,217
USA,93,218
USA,93,219
USA,93,220
USA,93,221
USA,93,222
CAN,93,228
CAN,93,229
CAN,93,230
CAN,93,231
,93,240
,93,241
ESP,93,344
ESP,93,345
ESP,93,346
ESP,93,347
ESP,93,348
ESP,93,349
ESP,93,350
ESP,93,353
FRA,93,357
FRA,93,358
FRA,93,359
FRA,93,360
FRA,93,361
FRA,93,362
FRA,93,363
FRA,93,364
FRA,93,365
FRA,93,366
FRA,93,367
FRA,93,368
FRA,93,369
FRA,93,370
FRA,93,371
FRA,93,372
FRA,93,373
FRA,93,374
FRA,93,375
ITA,93,376
ITA,93,377
ITA,93,381
ITA,93,382
ITA,93,383
ITA,93,384
ITA,93,385
ITA,93,386
ITA,93,387
ITA,93,388
HRV,93,391
HRV,93,392
HRV,93,393
HRV,93,394
BIH,93,395
BIH,93,396
BIH,93,397
BIH,93,398
BIH,93,399
SRB,93,400
SRB,93,401
SRB,93,402
SRB,93,403
SRB,93,404
SRB,93,405
BGR,93,406
BGR,93,407
BGR,93,408
BGR,93,409
BGR,93,410
ROU,93,411
BGR,93,412
BGR,93,413
BGR,93,414
BGR,93,415
BGR,93,416
BGR,93,417
ROU,93,418
RUS,93,439
RUS,93,440
RUS,93,441
RUS,93,442
RUS,93,443
RUS,93,444
RUS,93,445
RUS,93,446
RUS,93,447
RUS,93,448
RUS,93,449
RUS,93,450
RUS,93,451
RUS,93,452
RUS,93,453
RUS,93,454
RUS,93,455
RUS,93,456
KAZ,93,462
KAZ,93,463
KAZ,93,464
KAZ,93,465
KAZ,93,466
KAZ,93,467
KAZ,93,468
KAZ,93,469
KAZ,93,470
KAZ,93,471
KAZ,93,472
UZB,93,473
UZB,93,474
UZB,93,475
UZB,93,476
UZB,93,477
UZB,93,478
UZB,93,479
UZB,93,480
UZB,93,481
UZB,93,482
UZB,93,483
KAZ,93,484
KAZ,93,485
KAZ,93,486
KAZ,93,487
KAZ,93,488
KAZ,93,489
KAZ,93,490
KAZ,93,491
KAZ,93,492
KAZ,93,493
KAZ,93,494
KAZ,93,495
KAZ,93,496
KAZ,93,497
KAZ,93,498
KAZ,93,499
KAZ,93,500
KAZ,93,501
KAZ,93,502
KAZ,93,503
KAZ,93,504
KAZ,93,505
KAZ,93,506
KAZ,93,507
KAZ,93,508
KAZ,93,509
KAZ,93,510
KAZ,93,511
KAZ,93,512
KAZ,93,513
KAZ,93,514
KAZ,93,515
KAZ,93,516
KAZ,93,517
KAZ,93,518
KAZ,93,519
KAZ,93,520
KAZ,93,521
CHN,93,522
CHN,93,523
CHN,93,524
CHN,93,525
CHN,93,526
CHN,93,527
CHN,93,528
CHN,93,529
CHN,93,530
CHN,93,531
CHN,93,532
CHN,93,533
CHN,93,534
CHN,93,535
CHN,93,536
CHN,93,537
CHN,93,538
CHN,93,539
CHN,93,540
CHN,93,541
CHN,93,542
CHN,93,543
CHN,93,544
CHN,93,545
CHN,93,546
CHN,93,547
CHN,93,548
CHN,93,549
CHN,93,550
CHN,93,551
MNG,93,552
MNG,93,553
MNG,93,554
MNG,93,555
MNG,93,556
MNG,93,557
MNG,93,558
MNG,93,559
MNG,93,560
MNG,93,561
MNG,93,562
MNG,93,563
MNG,93,564
MNG,93,565
MNG,93,566
MNG,93,567
MNG,93,568
MNG,93,569
MNG,93,570
MNG,93,571
MNG,93,572
MNG,93,573
MNG,93,574
MNG,93,575
MNG,93,576
MNG,93,577
MNG,93,578
MNG,93,579
MNG,93,580
MNG,93,581
MNG,93,582
MNG,93,583
MNG,93,584
CHN,93,585
CHN,93,586
CHN,93,587
CHN,93,588
CHN,93,589
CHN,93,590
CHN,93,591
CHN,93,592
CHN,93,593
CHN,93,594
CHN,93,595
CHN,93,596
CHN,93,597
CHN,93,598
CHN,93,599
CHN,93,600
CHN,93,601
CHN,93,602
CHN,93,603
CHN,93,604
CHN,93,605
CHN,93,606
CHN,93,607
CHN,93,608
CHN,93,609
CHN,93,610
CHN,93,611
CHN,93,612
CHN,93,613
CHN,93,614
CHN,93,615
CHN,93,616
CHN,93,617
CHN,93,618
CHN,93,619
CHN,93,620
CHN,93,621
CHN,93,622
RUS,93,623
RUS,93,624
RUS,93,625
RUS,93,626
RUS,93,627
RUS,93,628
RUS,93,629
RUS,93,630
RUS,93,631
RUS,93,632
JPN,93,643
JPN,93,644
JPN,93,645
JPN,93,646
JPN,93,647
JPN,93,648
JPN,93,649
JPN,93,650
JPN,93,651
RUS,93,652
RUS,93,653
RUS,93,654
USA,94,112
USA,94,113
USA,94,114
USA,94,115
USA,94,116
USA,94,117
USA,94,118
USA,94,119
USA,94,120
USA,94,121
USA,94,122
USA,94,123
USA,94,124
USA,94,125
USA,94,126
USA,94,127
USA,94,128
USA,94,129
USA,94,130
USA,94,131
USA,94,132
USA,94,133
USA,94,134
USA,94,135
USA,94,136
USA,94,137
USA,94,138
USA,94,139
USA,94,140
USA,94,141
USA,94,142
USA,94,143
USA,94,144
USA,94,145
USA,94,146
USA,94,147
USA,94,148
USA,94,149
USA,94,150
USA,94,151
USA,94,152
USA,94,153
USA,94,154
USA,94,155
USA,94,156
USA,94,157
USA,94,158
USA,94,159
USA,94,160
USA,94,161
USA,94,162
USA,94,163
USA,94,164
USA,94,165
USA,94,166
USA,94,167
USA,94,168
USA,94,169
USA,94,170
USA,94,171
USA,94,172
USA,94,173
USA,94,174
USA,94,175
USA,94,176
USA,94,177
USA,94,178
USA,94,179
USA,94,180
USA,94,181
USA,94,182
USA,94,183
USA,94,184
USA,94,185
USA,94,186
USA,94,187
USA,94,188
USA,94,189
USA,94,190
USA,94,191
USA,94,192
USA,94,193
USA,94,194
USA,94,195
CAN,94,196
CAN,94,197
CAN,94,198
CAN,94,199
CAN,94,200
CAN,94,201
CAN,94,202
USA,94,203
USA,94,204
USA,94,205
USA,94,206
USA,94,207
USA,94,208
USA,94,209
USA,94,210
USA,94,211
USA,94,212
USA,94,213
USA,94,214
USA,94,215
USA,94,216
USA,94,217
USA,94,218
USA,94,219
USA,94,220
CAN,94,229
ESP,94,342
ESP,94,343
ESP,94,344
ESP,94,345
ESP,94,346
ESP,94,347
ESP,94,348
ESP,94,349
ESP,94,350
ESP,94,351
ESP,94,352
ESP,94,353
ESP,94,354
ESP,94,355
ESP,94,356
ESP,94,357
FRA,94,358
FRA,94,359
FRA,94,360
FRA,94,361
FRA,94,362
FRA,94,363
FRA,94,364
FRA,94,365
FRA,94,366
FRA,94,367
FRA,94,368
FRA,94,369
FRA,94,370
FRA,94,371
FRA,94,372
FRA,94,373
FRA,94,374
FRA,94,379
ITA,94,380
ITA,94,381
ITA,94,382
ITA,94,383
ITA,94,384
ITA,94,385
ITA,94,386
ITA,94,387
ITA,94,388
HRV,94,393
HRV,94,394
HRV,94,395
BIH,94,396
BIH,94,397
BIH,94,398
MNE,94,399
SRB,94,400
SRB,94,401
SRB,94,402
SRB,94,403
SRB,94,404
SRB,94,405
SRB,94,406
BGR,94,407
BGR,94,408
BGR,94,409
BGR,94,410
BGR,94,411
BGR,94,412
BGR,94,413
BGR,94,414
BGR,94,415
BGR,94,416
BGR,94,417
BGR,94,418
RUS,94,440
GEO,94,441
GEO,94,442
GEO,94,443
GEO,94,444
RUS,94,445
RUS,94,446
RUS,94,447
RUS,94,448
RUS,94,449
RUS,94,450
RUS,94,451
RUS,94,452
RUS,94,453
RUS,94,454
RUS,94,455
RUS,94,456
KAZ,94,463
KAZ,94,464
KAZ,94,465
KAZ,94,466
KAZ,94,467
KAZ,94,468
KAZ,94,469
KAZ,94,470
KAZ,94,471
KAZ,94,472
UZB,94,473
UZB,94,474
UZB,94,475
UZB,94,476
UZB,94,477
UZB,94,478
UZB,94,479
UZB,94,480
UZB,94,481
UZB,94,482
UZB,94,483
UZB,94,484
UZB,94,485
UZB,94,486
UZB,94,487
UZB,94,488
UZB,94,489
UZB,94,490
UZB,94,491
KAZ,94,492
KAZ,94,493
KAZ,94,494
KAZ,94,495
KAZ,94,496
KAZ,94,497
KAZ,94,498
KAZ,94,499
KAZ,94,500
KAZ,94,501
KAZ,94,502
KAZ,94,503
KAZ,94,504
KAZ,94,505
KAZ,94,506
KAZ,94,507
KAZ,94,508
KAZ,94,509
KAZ,94,510
KAZ,94,511
KAZ,94,512
KAZ,94,513
KAZ,94,514
KAZ,94,515
KAZ,94,516
KAZ,94,517
KAZ,94,518
KAZ,94,519
KAZ,94,520
KAZ,94,521
CHN,94,522
CHN,94,523
CHN,94,524
CHN,94,525
CHN,94,526
CHN,94,527
CHN,94,528
CHN,94,529
CHN,94,530
CHN,94,531
CHN,94,532
CHN,94,533
CHN,94,534
CHN,94,535
CHN,94,536
CHN,94,537
CHN,94,538
CHN,94,539
CHN,94,540
CHN,94,541
CHN,94,542
CHN,94,543
CHN,94,544
CHN,94,545
CHN,94,546
CHN,94,547
CHN,94,548
CHN,94,549
CHN,94,550
CHN,94,551
CHN,94,552
MNG,94,553
MNG,94,554
MNG,94,555
MNG,94,556
MNG,94,557
MNG,94,558
MNG,94,559
MNG,94,560
MNG,94,561
MNG,94,562
MNG,94,563
MNG,94,564
MNG,94,565
MNG,94,566
MNG,94,567
MNG,94,568
MNG,94,569
MNG,94,570
MNG,94,571
MNG,94,572
MNG,94,573
MNG,94,574
MNG,94,575
MNG,94,576
MNG,94,577
MNG,94,578
MNG,94,579
MNG,94,580
MNG,94,581
MNG,94,582
CHN,94,583
CHN,94,584
CHN,94,585
CHN,94,586
CHN,94,587
CHN,94,588
CHN,94,589
CHN,94,590
CHN,94,591
CHN,94,592
CHN,94,593
CHN,94,594
CHN,94,595
CHN,94,596
CHN,94,597
CHN,94,598
CHN,94,599
CHN,94,600
CHN,94,601
CHN,94,602
CHN,94,603
CHN,94,604
CHN,94,605
CHN,94,606
CHN,94,607
CHN,94,608
CHN,94,609
CHN,94,610
CHN,94,611
CHN,94,612
CHN,94,613
CHN,94,614
CHN,94,615
CHN,94,616
CHN,94,617
CHN,94,618
CHN,94,619
CHN,94,620
CHN,94,621
CHN,94,622
RUS,94,623
RUS,94,624
RUS,94,625
RUS,94,626
RUS,94,627
RUS,94,628
RUS,94,629
RUS,94,630
JPN,94,641
JPN,94,642
JPN,94,643
JPN,94,644
JPN,94,645
JPN,94,646
JPN,94,647
JPN,94,648
JPN,94,649
JPN,94,650
JPN,94,651
JPN,94,652
USA,95,112
USA,95,113
USA,95,114
USA,95,115
USA,95,116
USA,95,117
USA,95,118
USA,95,119
USA,95,120
USA,95,121
USA,95,122
USA,95,123
USA,95,124
USA,95,125
USA,95,126
USA,95,127
USA,95,128
USA,95,129
USA,95,130
USA,95,131
USA,95,132
USA,95,133
USA,95,134
USA,95,135
USA,95,136
USA,95,137
USA,95,138
USA,95,139
USA,95,140
USA,95,141
USA,95,142
USA,95,143
USA,95,144
USA,95,145
USA,95,146
USA,95,147
USA,95,148
USA,95,149
USA,95,150
USA,95,151
USA,95,152
USA,95,153
USA,95,154
USA,95,155
USA,95,156
USA,95,157
USA,95,158
USA,95,159
USA,95,160
USA,95,161
USA,95,162
USA,95,163
USA,95,164
USA,95,165
USA,95,166
USA,95,167
USA,95,168
USA,95,169
USA,95,170
USA,95,171
USA,95,172
USA,95,173
USA,95,174
USA,95,175
USA,95,176
USA,95,177
USA,95,178
USA,95,179
USA,95,180
USA,95,181
USA,95,182
USA,95,183
USA,95,184
USA,95,185
USA,95,186
USA,95,187
USA,95,188
USA,95,189
USA,95,190
USA,95,191
USA,95,192
USA,95,193
USA,95,194
USA,95,195
CAN,95,196
CAN,95,197
CAN,95,198
CAN,95,199
CAN,95,200
CAN,95,201
CAN,95,202
USA,95,203
USA,95,204
USA,95,205
USA,95,206
USA,95,207
USA,95,208
USA,95,209
USA,95,210
USA,95,211
USA,95,212
USA,95,213
USA,95,214
USA,95,215
USA,95,216
USA,95,217
USA,95,218
USA,95,219
ESP,95,342
ESP,95,343
ESP,95,344
ESP,95,345
ESP,95,346
ESP,95,347
ESP,95,348
ESP,95,349
ESP,95,350
ESP,95,351
ESP,95,352
ESP,95,353
ESP,95,354
ESP,95,355
ESP,95,356
ESP,95,357
ESP,95,358
ESP,95,359
ESP,95,360
FRA,95,361
ESP,95,362
FRA,95,363
FRA,95,364
FRA,95,365
FRA,95,366
FRA,95,367
FRA,95,378
FRA,95,379
FRA,95,380
ITA,95,381
ITA,95,382
ITA,95,383
ITA,95,384
ITA,95,385
ITA,95,386
ITA,95,387
ITA,95,388
ITA,95,389
HRV,95,394
HRV,95,395
HRV,95,396
BIH,95,397
MNE,95,398
MNE,95,399
MNE,95,400
XKX,95,401
XKX,95,402
XKX,95,403
SRB,95,404
SRB,95,405
BGR,95,406
BGR,95,407
BGR,95,408
BGR,95,409
BGR,95,410
BGR,95,411
BGR,95,412
BGR,95,413
BGR,95,414
BGR,95,415
BGR,95,416
GEO,95,443
GEO,95,444
GEO,95,445
GEO,95,446
GEO,95,447
RUS,95,448
RUS,95,449
GEO,95,450
RUS,95,451
RUS,95,452
RUS,95,453
RUS,95,454
RUS,95,455
RUS,95,456
KAZ,95,464
KAZ,95,465
KAZ,95,466
KAZ,95,467
KAZ,95,468
KAZ,95,469
KAZ,95,470
KAZ,95,471
KAZ,95,472
UZB,95,473
UZB,95,474
UZB,95,475
UZB,95,476
UZB,95,477
UZB,95,478
UZB,95,479
UZB,95,480
UZB,95,481
UZB,95,482
UZB,95,483
UZB,95,484
UZB,95,485
UZB,95,486
UZB,95,487
UZB,95,488
UZB,95,489
UZB,95,490
UZB,95,491
UZB,95,492
KAZ,95,493
KAZ,95,494
KAZ,95,495
KAZ,95,496
KAZ,95,497
KAZ,95,498
KAZ,95,499
KAZ,95,500
KAZ,95,501
KAZ,95,502
KAZ,95,503
KGZ,95,504
KGZ,95,505
KAZ,95,506
KAZ,95,507
KGZ,95,508
KGZ,95,509
KGZ,95,510
KGZ,95,511
KGZ,95,512
KGZ,95,513
KGZ,95,514
KGZ,95,515
KGZ,95,516
KGZ,95,517
KGZ,95,518
KAZ,95,519
KAZ,95,520
KAZ,95,521
CHN,95,522
CHN,95,523
CHN,95,524
CHN,95,525
CHN,95,526
CHN,95,527
CHN,95,528
CHN,95,529
CHN,95,530
CHN,95,531
CHN,95,532
CHN,95,533
CHN,95,534
CHN,95,535
CHN,95,536
CHN,95,537
CHN,95,538
CHN,95,539
CHN,95,540
CHN,95,541
CHN,95,542
CHN,95,543
CHN,95,544
CHN,95,545
CHN,95,546
CHN,95,547
CHN,95,548
CHN,95,549
CHN,95,550
CHN,95,551
CHN,95,552
CHN,95,553
CHN,95,554
CHN,95,555
CHN,95,556
MNG,95,557
MNG,95,558
MNG,95,559
MNG,95,560
MNG,95,561
MNG,95,562
MNG,95,563
MNG,95,564
MNG,95,565
MNG,95,566
MNG,95,567
MNG,95,568
MNG,95,569
MNG,95,570
MNG,95,571
MNG,95,572
MNG,95,573
MNG,95,574
MNG,95,575
MNG,95,576
MNG,95,577
MNG,95,578
MNG,95,579
MNG,95,580
MNG,95,581
CHN,95,582
CHN,95,583
CHN,95,584
CHN,95,585
CHN,95,586
CHN,95,587
CHN,95,588
CHN,95,589
CHN,95,590
CHN,95,591
CHN,95,592
CHN,95,593
CHN,95,594
CHN,95,595
CHN,95,596
CHN,95,597
CHN,95,598
CHN,95,599
CHN,95,600
CHN,95,601
CHN,95,602
CHN,95,603
CHN,95,604
CHN,95,605
CHN,95,606
CHN,95,607
CHN,95,608
CHN,95,609
CHN,95,610
CHN,95,611
CHN,95,612
CHN,95,613
CHN,95,614
CHN,95,615
CHN,95,616
CHN,95,617
CHN,95,618
CHN,95,619
CHN,95,620
PRK,95,621
RUS,95,622
RUS,95,623
RUS,95,625
RUS,95,626
RUS,95,627
RUS,95,628
RUS,95,629
JPN,95,640
JPN,95,641
JPN,95,642
JPN,95,643
JPN,95,644
JPN,95,645
JPN,95,646
JPN,95,647
JPN,95,648
JPN,95,649
JPN,95,650
USA,96,112
USA,96,113
USA,96,114
USA,96,115
USA,96,116
USA,96,117
USA,96,118
USA,96,119
USA,96,120
USA,96,121
USA,96,122
USA,96,123
USA,96,124
USA,96,125
USA,96,126
USA,96,127
USA,96,128
USA,96,129
USA,96,130
USA,96,131
USA,96,132
USA,96,133
USA,96,134
USA,96,135
USA,96,136
USA,96,137
USA,96,138
USA,96,139
USA,96,140
USA,96,141
USA,96,142
USA,96,143
USA,96,144
USA,96,145
USA,96,146
USA,96,147
USA,96,148
USA,96,149
USA,96,150
USA,96,151
USA,96,152
USA,96,153
USA,96,154
USA,96,155
USA,96,156
USA,96,157
USA,96,158
USA,96,159
USA,96,160
USA,96,161
USA,96,162
USA,96,163
USA,96,164
USA,96,165
USA,96,166
USA,96,167
USA,96,168
USA,96,169
USA,96,170
USA,96,171
USA,96,172
USA,96,173
USA,96,174
USA,96,175
USA,96,176
USA,96,177
USA,96,178
USA,96,179
USA,96,180
USA,96,181
USA,96,182
USA,96,183
USA,96,184
USA,96,185
USA,96,186
USA,96,187
USA,96,188
USA,96,189
USA,96,190
USA,96,191
USA,96,192
USA,96,193
USA,96,194
CAN,96,195
CAN,96,196
CAN,96,197
CAN,96,198
USA,96,199
USA,96,200
USA,96,201
USA,96,202
USA,96,203
USA,96,204
USA,96,205
USA,96,206
USA,96,207
USA,96,208
USA,96,209
USA,96,210
USA,96,211
USA,96,212
USA,96,213
USA,96,214
USA,96,215
USA,96,216
USA,96,217
USA,96,218
USA,96,219
USA,96,220
ESP,96,343
ESP,96,344
ESP,96,345
ESP,96,346
ESP,96,347
ESP,96,348
ESP,96,349
ESP,96,350
ESP,96,351
ESP,96,352
ESP,96,353
ESP,96,354
ESP,96,355
ESP,96,356
ESP,96,357
ESP,96,358
ESP,96,359
ESP,96,360
ESP,96,361
ESP,96,362
ESP,96,363
ESP,96,364
ESP,96,365
ESP,96,366
ESP,96,367
FRA,96,378
FRA,96,379
FRA,96,380
ITA,96,382
ITA,96,383
ITA,96,384
ITA,96,385
ITA,96,386
ITA,96,387
ITA,96,388
ITA,96,389
ITA,96,390
ITA,96,391
MNE,96,398
MNE,96,399
ALB,96,400
ALB,96,401
XKX,96,402
XKX,96,403
MKD,96,404
MKD,96,405
BGR,96,406
BGR,96,407
BGR,96,408
BGR,96,409
BGR,96,410
BGR,96,411
BGR,96,412
BGR,96,413
,96,414
,96,415
BGR,96,416
BGR,96,417
TUR,96,427
TUR,96,428
TUR,96,430
TUR,96,431
GEO,96,444
GEO,96,445
GEO,96,446
GEO,96,447
GEO,96,448
GEO,96,449
GEO,96,450
GEO,96,451
GEO,96,452
RUS,96,453
RUS,96,454
RUS,96,455
RUS,96,456
RUS,96,457
KAZ,96,465
KAZ,96,466
KAZ,96,467
TKM,96,468
TKM,96,469
KAZ,96,470
KAZ,96,471
KAZ,96,472
UZB,96,473
UZB,96,474
UZB,96,475
UZB,96,476
TKM,96,477
TKM,96,478
TKM,96,479
TKM,96,480
UZB,96,481
UZB,96,482
UZB,96,483
UZB,96,484
UZB,96,485
UZB,96,486
UZB,96,487
UZB,96,488
UZB,96,489
UZB,96,490
UZB,96,491
UZB,96,492
KAZ,96,493
KAZ,96,494
KAZ,96,495
KAZ,96,496
KAZ,96,497
KAZ,96,498
KAZ,96,499
KAZ,96,500
KAZ,96,501
KAZ,96,502
KGZ,96,503
KGZ,96,504
KGZ,96,505
KGZ,96,506
KGZ,96,507
KGZ,96,508
KGZ,96,509
KGZ,96,510
KGZ,96,511
KGZ,96,512
KGZ,96,513
KGZ,96,514
KGZ,96,515
KGZ,96,516
KGZ,96,517
KGZ,96,518
KGZ,96,519
KGZ,96,520
CHN,96,521
CHN,96,522
CHN,96,523
CHN,96,524
CHN,96,525
CHN,96,526
CHN,96,527
CHN,96,528
CHN,96,529
CHN,96,530
CHN,96,531
CHN,96,532
CHN,96,533
CHN,96,534
CHN,96,535
CHN,96,536
CHN,96,537
CHN,96,538
CHN,96,539
CHN,96,540
CHN,96,541
CHN,96,542
CHN,96,543
CHN,96,544
CHN,96,545
CHN,96,546
CHN,96,547
CHN,96,548
CHN,96,549
CHN,96,550
CHN,96,551
CHN,96,552
CHN,96,553
CHN,96,554
CHN,96,555
CHN,96,556
CHN,96,557
CHN,96,558
CHN,96,559
CHN,96,560
CHN,96,561
CHN,96,562
CHN,96,563
CHN,96,564
MNG,96,565
MNG,96,566
MNG,96,567
MNG,96,568
MNG,96,569
MNG,96,570
MNG,96,571
MNG,96,572
MNG,96,573
CHN,96,574
CHN,96,575
CHN,96,576
CHN,96,577
CHN,96,578
CHN,96,579
CHN,96,580
CHN,96,581
CHN,96,582
CHN,96,583
CHN,96,584
CHN,96,585
CHN,96,586
CHN,96,587
CHN,96,588
CHN,96,589
CHN,96,590
CHN,96,591
CHN,96,592
CHN,96,593
CHN,96,594
CHN,96,595
CHN,96,596
CHN,96,597
CHN,96,598
CHN,96,599
CHN,96,600
CHN,96,601
CHN,96,602
CHN,96,603
CHN,96,604
CHN,96,605
CHN,96,606
CHN,96,607
CHN,96,608
CHN,96,609
CHN,96,610
CHN,96,611
CHN,96,612
CHN,96,613
CHN,96,614
CHN,96,615
CHN,96,616
CHN,96,617
CHN,96,618
PRK,96,619
PRK,96,620
PRK,96,621
PRK,96,622
JPN,96,639
JPN,96,640
JPN,96,641
JPN,96,642
JPN,96,643
JPN,96,645
JPN,96,646
JPN,96,647
USA,97,112
USA,97,113
USA,97,114
USA,97,115
USA,97,116
USA,97,117
USA,97,118
USA,97,119
USA,97,120
USA,97,121
USA,97,122
USA,97,123
USA,97,124
USA,97,125
USA,97,126
USA,97,127
USA,97,128
USA,97,129
USA,97,130
USA,97,131
USA,97,132
USA,97,133
USA,97,134
USA,97,135
USA,97,136
USA,97,137
USA,97,138
USA,97,139
USA,97,140
USA,97,141
USA,97,142
USA,97,143
USA,97,144
USA,97,145
USA,97,146
USA,97,147
USA,97,148
USA,97,149
USA,97,150
USA,97,151
USA,97,152
USA,97,153
USA,97,154
USA,97,155
USA,97,156
USA,97,157
USA,97,158
USA,97,159
USA,97,160
USA,97,161
USA,97,162
USA,97,163
USA,97,164
USA,97,165
USA,97,166
USA,97,167
USA,97,168
USA,97,169
USA,97,170
USA,97,171
USA,97,172
USA,97,173
USA,97,174
USA,97,175
USA,97,176
USA,97,177
USA,97,178
USA,97,179
USA,97,180
USA,97,181
USA,97,182
USA,97,183
USA,97,184
USA,97,185
USA,97,186
USA,97,187
USA,97,188
USA,97,189
USA,97,190
USA,97,191
USA,97,192
USA,97,193
USA,97,194
CAN,97,195
USA,97,196
USA,97,197
USA,97,198
USA,97,199
USA,97,200
USA,97,201
USA,97,202
USA,97,203
USA,97,204
USA,97,205
USA,97,206
USA,97,207
USA,97,208
USA,97,209
USA,97,210
USA,97,211
USA,97,212
USA,97,213
USA,97,214
USA,97,215
USA,97,216
USA,97,217
USA,97,218
USA,97,219
USA,97,220
USA,97,221
PRT,97,343
PRT,97,344
PRT,97,345
PRT,97,346
PRT,97,347
ESP,97,348
ESP,97,349
ESP,97,350
ESP,97,351
ESP,97,352
ESP,97,353
ESP,97,354
ESP,97,355
ESP,97,356
ESP,97,357
ESP,97,358
ESP,97,359
ESP,97,360
ESP,97,361
ESP,97,362
ESP,97,363
ESP,97,364
ESP,97,365
ESP,97,366
ESP,97,367
FRA,97,378
FRA,97,379
ITA,97,385
ITA,97,386
ITA,97,387
ITA,97,388
ITA,97,389
ITA,97,390
ITA,97,391
ITA,97,392
ITA,97,393
ALB,97,399
ALB,97,400
ALB,97,401
MKD,97,402
MKD,97,403
MKD,97,404
MKD,97,405
MKD,97,406
BGR,97,407
BGR,97,408
BGR,97,409
BGR,97,410
BGR,97,411
BGR,97,412
,97,413
,97,414
TUR,97,415
,97,416
TUR,97,417
TUR,97,424
TUR,97,425
TUR,97,426
TUR,97,427
TUR,97,428
TUR,97,429
TUR,97,430
TUR,97,431
TUR,97,432
TUR,97,433
,97,444
,97,445
,97,446
GEO,97,447
GEO,97,448
GEO,97,449
GEO,97,450
GEO,97,451
GEO,97,452
GEO,97,453
AZE,97,454
RUS,97,455
RUS,97,456
RUS,97,457
AZE,97,458
KAZ,97,465
TKM,97,466
TKM,97,468
TKM,97,469
TKM,97,470
KAZ,97,471
KAZ,97,472
UZB,97,473
UZB,97,474
TKM,97,475
TKM,97,476
TKM,97,477
TKM,97,478
TKM,97,479
TKM,97,480
UZB,97,481
UZB,97,482
UZB,97,483
UZB,97,484
UZB,97,485
UZB,97,486
UZB,97,487
UZB,97,488
UZB,97,489
UZB,97,490
UZB,97,491
UZB,97,492
UZB,97,493
KAZ,97,494
KAZ,97,495
KAZ,97,496
KAZ,97,497
KAZ,97,498
KAZ,97,499
KAZ,97,500
UZB,97,501
KGZ,97,502
KGZ,97,503
KGZ,97,504
KGZ,97,505
KGZ,97,506
KGZ,97,507
KGZ,97,508
KGZ,97,509
KGZ,97,510
KGZ,97,511
KGZ,97,512
KGZ,97,513
KGZ,97,514
KGZ,97,515
KGZ,97,516
KGZ,97,517
KGZ,97,518
CHN,97,519
CHN,97,520
CHN,97,521
CHN,97,522
CHN,97,523
CHN,97,524
CHN,97,525
CHN,97,526
CHN,97,527
CHN,97,528
CHN,97,529
CHN,97,530
CHN,97,531
CHN,97,532
CHN,97,533
CHN,97,534
CHN,97,535
CHN,97,536
CHN,97,537
CHN,97,538
CHN,97,539
CHN,97,540
CHN,97,541
CHN,97,542
CHN,97,543
CHN,97,544
CHN,97,545
CHN,97,546
CHN,97,547
CHN,97,548
CHN,97,549
CHN,97,550
CHN,97,551
CHN,97,552
CHN,97,553
CHN,97,554
CHN,97,555
CHN,97,556
CHN,97,557
CHN,97,558
CHN,97,559
CHN,97,560
CHN,97,561
CHN,97,562
CHN,97,563
CHN,97,564
CHN,97,565
CHN,97,566
CHN,97,567
CHN,97,568
CHN,97,569
MNG,97,570
CHN,97,571
CHN,97,572
CHN,97,573
CHN,97,574
CHN,97,575
CHN,97,576
CHN,97,577
CHN,97,578
CHN,97,579
CHN,97,580
CHN,97,581
CHN,97,582
CHN,97,583
CHN,97,584
CHN,97,585
CHN,97,586
CHN,97,587
CHN,97,588
CHN,97,589
CHN,97,590
CHN,97,591
CHN,97,592
CHN,97,593
CHN,97,594
CHN,97,595
CHN,97,596
CHN,97,597
CHN,97,598
CHN,97,599
CHN,97,600
CHN,97,601
CHN,97,602
CHN,97,603
CHN,97,604
CHN,97,605
CHN,97,606
CHN,97,607
CHN,97,608
CHN,97,609
CHN,97,610
CHN,97,611
CHN,97,612
CHN,97,613
CHN,97,614
CHN,97,615
CHN,97,616
PRK,97,617
PRK,97,618
PRK,97,619
PRK,97,620
,97,639
JPN,97,641
JPN,97,642
JPN,97,643
,97,647
USA,98,112
USA,98,113
USA,98,114
USA,98,115
USA,98,116
USA,98,117
USA,98,118
USA,98,119
USA,98,120
USA,98,121
USA,98,122
USA,98,123
USA,98,124
USA,98,125
USA,98,126
USA,98,127
USA,98,128
USA,98,129
USA,98,130
USA,98,131
USA,98,132
USA,98,133
USA,98,134
USA,98,135
USA,98,136
USA,98,137
USA,98,138
USA,98,139
USA,98,140
USA,98,141
USA,98,142
USA,98,143
USA,98,144
USA,98,145
USA,98,146
USA,98,147
USA,98,148
USA,98,149
USA,98,150
USA,98,151
USA,98,152
USA,98,153
USA,98,154
USA,98,155
USA,98,156
USA,98,157
USA,98,158
USA,98,159
USA,98,160
USA,98,161
USA,98,162
USA,98,163
USA,98,164
USA,98,165
USA,98,166
USA,98,167
USA,98,168
USA,98,169
USA,98,170
USA,98,171
USA,98,172
USA,98,173
USA,98,174
USA,98,175
USA,98,176
USA,98,177
USA,98,178
USA,98,179
USA,98,180
USA,98,181
USA,98,182
USA,98,183
USA,98,184
USA,98,185
USA,98,186
USA,98,187
USA,98,188
USA,98,189
USA,98,190
USA,98,191
USA,98,192
USA,98,193
USA,98,194
USA,98,195
USA,98,196
USA,98,197
USA,98,198
USA,98,199
USA,98,200
USA,98,201
USA,98,202
USA,98,203
USA,98,204
USA,98,205
USA,98,206
USA,98,207
USA,98,208
USA,98,209
USA,98,210
USA,98,211
USA,98,212
USA,98,213
USA,98,214
USA,98,215
USA,98,216
USA,98,217
USA,98,218
USA,98,219
USA,98,220
USA,98,221
PRT,98,343
PRT,98,344
PRT,98,345
PRT,98,346
PRT,98,347
ESP,98,348
ESP,98,349
ESP,98,350
ESP,98,351
ESP,98,352
ESP,98,353
ESP,98,354
ESP,98,355
ESP,98,356
ESP,98,357
ESP,98,358
ESP,98,359
ESP,98,360
ESP,98,361
ESP,98,362
ESP,98,363
ESP,98,364
ESP,98,365
ITA,98,377
ITA,98,378
ITA,98,379
ITA,98,380
ITA,98,386
ITA,98,387
ITA,98,388
ITA,98,389
ITA,98,390
ITA,98,391
ITA,98,392
ITA,98,393
ITA,98,394
ITA,98,395
ALB,98,399
ALB,98,400
ALB,98,401
MKD,98,402
MKD,98,403
MKD,98,404
MKD,98,405
GRC,98,406
GRC,98,407
GRC,98,408
GRC,98,409
GRC,98,410
GRC,98,411
GRC,98,412
,98,413
,98,414
TUR,98,415
TUR,98,416
TUR,98,417
TUR,98,418
TUR,98,419
TUR,98,420
TUR,98,421
TUR,98,422
TUR,98,423
TUR,98,424
TUR,98,425
TUR,98,426
TUR,98,427
TUR,98,428
TUR,98,429
TUR,98,430
TUR,98,431
TUR,98,432
TUR,98,433
TUR,98,434
TUR,98,435
TUR,98,436
TUR,98,438
TUR,98,439
TUR,98,440
TUR,98,441
TUR,98,442
TUR,98,443
,98,444
,98,445
,98,446
,98,447
,98,448
GEO,98,449
ARM,98,450
AZE,98,451
AZE,98,452
GEO,98,453
AZE,98,454
AZE,98,455
AZE,98,456
AZE,98,457
AZE,98,458
AZE,98,459
TKM,98,466
TKM,98,469
TKM,98,470
TKM,98,471
TKM,98,472
TKM,98,473
TKM,98,474
TKM,98,475
TKM,98,476
TKM,98,477
TKM,98,478
TKM,98,479
TKM,98,480
TKM,98,481
TKM,98,482
UZB,98,483
UZB,98,484
UZB,98,485
UZB,98,486
UZB,98,487
UZB,98,488
UZB,98,489
UZB,98,490
UZB,98,491
UZB,98,492
UZB,98,493
UZB,98,494
KAZ,98,495
KAZ,98,496
KAZ,98,497
KAZ,98,498
UZB,98,499
UZB,98,500
UZB,98,501
UZB,98,502
KGZ,98,503
UZB,98,504
KGZ,98,505
KGZ,98,506
KGZ,98,507
KGZ,98,508
KGZ,98,509
KGZ,98,510
KGZ,98,511
KGZ,98,512
KGZ,98,513
KGZ,98,514
KGZ,98,515
KGZ,98,516
KGZ,98,517
CHN,98,518
CHN,98,519
CHN,98,520
CHN,98,521
CHN,98,522
CHN,98,523
CHN,98,524
CHN,98,525
CHN,98,526
CHN,98,527
CHN,98,528
CHN,98,529
CHN,98,530
CHN,98,531
CHN,98,532
CHN,98,533
CHN,98,534
CHN,98,535
CHN,98,536
CHN,98,537
CHN,98,538
CHN,98,539
CHN,98,540
CHN,98,541
CHN,98,542
CHN,98,543
CHN,98,544
CHN,98,545
CHN,98,546
CHN,98,547
CHN,98,548
CHN,98,549
CHN,98,550
CHN,98,551
CHN,98,552
CHN,98,553
CHN,98,554
CHN,98,555
CHN,98,556
CHN,98,557
CHN,98,558
CHN,98,559
CHN,98,560
CHN,98,561
CHN,98,562
CHN,98,563
CHN,98,564
CHN,98,565
CHN,98,566
CHN,98,567
CHN,98,568
CHN,98,569
CHN,98,570
CHN,98,571
CHN,98,572
CHN,98,573
CHN,98,574
CHN,98,575
CHN,98,576
CHN,98,577
CHN,98,578
CHN,98,579
CHN,98,580
CHN,98,581
CHN,98,582
CHN,98,583
CHN,98,584
CHN,98,585
CHN,98,586
CHN,98,587
CHN,98,588
CHN,98,589
CHN,98,590
CHN,98,591
CHN,98,592
CHN,98,593
CHN,98,594
CHN,98,595
CHN,98,596
CHN,98,597
CHN,98,598
CHN,98,599
CHN,98,600
CHN,98,601
CHN,98,602
CHN,98,603
CHN,98,604
CHN,98,605
CHN,98,606
CHN,98,607
CHN,98,608
CHN,98,609
CHN,98,610
CHN,98,611
CHN,98,612
CHN,98,613
PRK,98,614
PRK,98,615
PRK,98,616
PRK,98,617
PRK,98,618
PRK,98,619
PRK,98,620
JPN,98,641
JPN,98,642
JPN,98,643
USA,99,112
USA,99,113
USA,99,114
USA,99,115
USA,99,116
USA,99,117
USA,99,118
USA,99,119
USA,99,120
USA,99,121
USA,99,122
USA,99,123
USA,99,124
USA,99,125
USA,99,126
USA,99,127
USA,99,128
USA,99,129
USA,99,130
USA,99,131
USA,99,132
USA,99,133
USA,99,134
USA,99,135
USA,99,136
USA,99,137
USA,99,138
USA,99,139
USA,99,140
USA,99,141
USA,99,142
USA,99,143
USA,99,144
USA,99,145
USA,99,146
USA,99,147
USA,99,148
USA,99,149
USA,99,150
USA,99,151
USA,99,152
USA,99,153
USA,99,154
USA,99,155
USA,99,156
USA,99,157
USA,99,158
USA,99,159
USA,99,160
USA,99,161
USA,99,162
USA,99,163
USA,99,164
USA,99,165
USA,99,166
USA,99,167
USA,99,168
USA,99,169
USA,99,170
USA,99,171
USA,99,172
USA,99,173
USA,99,174
USA,99,175
USA,99,176
USA,99,177
USA,99,178
USA,99,179
USA,99,180
USA,99,181
USA,99,182
USA,99,183
USA,99,184
USA,99,185
USA,99,186
USA,99,187
USA,99,188
USA,99,189
USA,99,190
USA,99,191
USA,99,192
USA,99,193
USA,99,194
USA,99,195
USA,99,196
USA,99,197
USA,99,198
USA,99,199
USA,99,200
USA,99,201
USA,99,202
USA,99,203
USA,99,204
USA,99,205
USA,99,206
USA,99,207
USA,99,208
USA,99,209
USA,99,210
USA,99,211
USA,99,212
USA,99,213
USA,99,214
USA,99,215
USA,99,216
PRT,99,343
PRT,99,344
PRT,99,345
PRT,99,346
ESP,99,347
ESP,99,348
ESP,99,349
ESP,99,350
ESP,99,351
ESP,99,352
ESP,99,353
ESP,99,354
ESP,99,355
ESP,99,356
ESP,99,357
ESP,99,358
ESP,99,359
ESP,99,360
ESP,99,361
ESP,99,362
ITA,99,377
ITA,99,378
ITA,99,379
ITA,99,380
ITA,99,388
ITA,99,389
ITA,99,390
ITA,99,391
ITA,99,392
ITA,99,393
ITA,99,394
ITA,99,395
ITA,99,396
ITA,99,397
ALB,99,399
ALB,99,400
ALB,99,401
ALB,99,402
GRC,99,403
GRC,99,404
GRC,99,405
GRC,99,406
GRC,99,407
GRC,99,408
GRC,99,409
GRC,99,410
GRC,99,411
GRC,99,412
,99,413
TUR,99,414
TUR,99,415
TUR,99,416
TUR,99,418
TUR,99,419
TUR,99,420
TUR,99,421
TUR,99,422
TUR,99,423
TUR,99,424
TUR,99,425
TUR,99,426
TUR,99,427
TUR,99,428
TUR,99,429
TUR,99,430
TUR,99,431
TUR,99,432
TUR,99,433
TUR,99,434
TUR,99,435
TUR,99,436
TUR,99,437
TUR,99,438
TUR,99,439
TUR,99,440
TUR,99,441
TUR,99,442
TUR,99,443
TUR,99,444
TUR,99,445
TUR,99,446
TUR,99,447
,99,448
ARM,99,449
ARM,99,450
ARM,99,451
AZE,99,452
AZE,99,453
AZE,99,454
AZE,99,455
AZE,99,456
AZE,99,457
AZE,99,458
AZE,99,459
AZE,99,460
AZE,99,461
TKM,99,466
TKM,99,467
TKM,99,468
TKM,99,469
TKM,99,470
TKM,99,471
TKM,99,472
TKM,99,473
TKM,99,474
TKM,99,475
TKM,99,476
TKM,99,477
TKM,99,478
TKM,99,479
TKM,99,480
TKM,99,481
TKM,99,482
TKM,99,483
TKM,99,484
UZB,99,485
UZB,99,486
UZB,99,487
UZB,99,488
UZB,99,489
UZB,99,490
UZB,99,491
UZB,99,492
UZB,99,493
UZB,99,494
UZB,99,495
UZB,99,496
KAZ,99,497
UZB,99,498
UZB,99,499
UZB,99,500
TJK,99,501
UZB,99,502
UZB,99,503
UZB,99,504
UZB,99,505
UZB,99,506
KGZ,99,507
KGZ,99,508
KGZ,99,509
KGZ,99,510
KGZ,99,511
KGZ,99,512
KGZ,99,513
CHN,99,514
CHN,99,515
CHN,99,516
CHN,99,517
CHN,99,518
CHN,99,519
CHN,99,520
CHN,99,521
CHN,99,522
CHN,99,523
CHN,99,524
CHN,99,525
CHN,99,526
CHN,99,527
CHN,99,528
CHN,99,529
CHN,99,530
CHN,99,531
CHN,99,532
CHN,99,533
CHN,99,534
CHN,99,535
CHN,99,536
CHN,99,537
CHN,99,538
CHN,99,539
CHN,99,540
CHN,99,541
CHN,99,542
CHN,99,543
CHN,99,544
CHN,99,545
CHN,99,546
CHN,99,547
CHN,99,548
CHN,99,549
CHN,99,550
CHN,99,551
CHN,99,552
CHN,99,553
CHN,99,554
CHN,99,555
CHN,99,556
CHN,99,557
CHN,99,558
CHN,99,559
CHN,99,560
CHN,99,561
CHN,99,562
CHN,99,563
CHN,99,564
CHN,99,565
CHN,99,566
CHN,99,567
CHN,99,568
CHN,99,569
CHN,99,570
CHN,99,571
CHN,99,572
CHN,99,573
CHN,99,574
CHN,99,575
CHN,99,576
CHN,99,577
CHN,99,578
CHN,99,579
CHN,99,580
CHN,99,581
CHN,99,582
CHN,99,583
CHN,99,584
CHN,99,585
CHN,99,586
CHN,99,587
CHN,99,588
CHN,99,589
CHN,99,590
CHN,99,591
CHN,99,592
CHN,99,593
CHN,99,594
CHN,99,595
CHN,99,596
CHN,99,597
CHN,99,598
CHN,99,599
CHN,99,600
CHN,99,601
CHN,99,602
CHN,99,603
CHN,99,604
CHN,99,605
CHN,99,606
CHN,99,607
CHN,99,608
CHN,99,609
CHN,99,610
CHN,99,611
PRK,99,612
PRK,99,613
PRK,99,614
PRK,99,615
PRK,99,616
PRK,99,617
PRK,99,618
PRK,99,619
PRK,99,620
JPN,99,640
JPN,99,641
JPN,99,642
JPN,99,643
JPN,99,644
USA,100,112
USA,100,113
USA,100,114
USA,100,115
USA,100,116
USA,100,117
USA,100,118
USA,100,119
USA,100,120
USA,100,121
USA,100,122
USA,100,123
USA,100,124
USA,100,125
USA,100,126
USA,100,127
USA,100,128
USA,100,129
USA,100,130
USA,100,131
USA,100,132
USA,100,133
USA,100,134
USA,100,135
USA,100,136
USA,100,137
USA,100,138
USA,100,139
USA,100,140
USA,100,141
USA,100,142
USA,100,143
USA,100,144
USA,100,145
USA,100,146
USA,100,147
USA,100,148
USA,100,149
USA,100,150
USA,100,151
USA,100,152
USA,100,153
USA,100,154
USA,100,155
USA,100,156
USA,100,157
USA,100,158
USA,100,159
USA,100,160
USA,100,161
USA,100,162
USA,100,163
USA,100,164
USA,100,165
USA,100,166
USA,100,167
USA,100,168
USA,100,169
USA,100,170
USA,100,171
USA,100,172
USA,100,173
USA,100,174
USA,100,175
USA,100,176
USA,100,177
USA,100,178
USA,100,179
USA,100,180
USA,100,181
USA,100,182
USA,100,183
USA,100,184
USA,100,185
USA,100,186
USA,100,187
USA,100,188
USA,100,189
USA,100,190
USA,100,191
USA,100,192
USA,100,193
USA,100,194
USA,100,195
USA,100,196
USA,100,197
USA,100,198
USA,100,199
USA,100,200
USA,100,201
USA,100,202
USA,100,203
USA,100,204
USA,100,205
USA,100,206
USA,100,207
USA,100,208
USA,100,209
USA,100,210
USA,100,211
USA,100,212
USA,100,213
PRT,100,343
PRT,100,344
PRT,100,345
PRT,100,346
ESP,100,347
ESP,100,348
ESP,100,349
ESP,100,350
ESP,100,351
ESP,100,352
ESP,100,353
ESP,100,354
ESP,100,355
ESP,100,356
ESP,100,357
ESP,100,358
ESP,100,359
ESP,100,360
ESP,100,361
ESP,100,368
ESP,100,369
ITA,100,377
ITA,100,378
ITA,100,379
ITA,100,380
ITA,100,390
ITA,100,391
ITA,100,392
ITA,100,393
ITA,100,394
ITA,100,395
ITA,100,396
ITA,100,397
ITA,100,398
ALB,100,399
ALB,100,400
ALB,100,401
GRC,100,402
GRC,100,403
GRC,100,404
GRC,100,405
GRC,100,406
GRC,100,407
GRC,100,408
GRC,100,409
GRC,100,411
,100,412
TUR,100,413
TUR,100,414
TUR,100,415
TUR,100,416
TUR,100,417
TUR,100,418
TUR,100,419
TUR,100,420
TUR,100,421
TUR,100,422
TUR,100,423
TUR,100,424
TUR,100,425
TUR,100,426
TUR,100,427
TUR,100,428
TUR,100,429
TUR,100,430
TUR,100,431
TUR,100,432
TUR,100,433
TUR,100,434
TUR,100,435
TUR,100,436
TUR,100,437
TUR,100,438
TUR,100,439
TUR,100,440
TUR,100,441
TUR,100,442
TUR,100,443
TUR,100,444
TUR,100,445
TUR,100,446
TUR,100,447
,100,448
,100,449
ARM,100,450
ARM,100,451
ARM,100,452
AZE,100,453
AZE,100,454
AZE,100,455
AZE,100,456
AZE,100,457
AZE,100,458
AZE,100,459
AZE,100,460
AZE,100,461
TKM,100,466
TKM,100,467
TKM,100,468
TKM,100,469
TKM,100,470
TKM,100,471
TKM,100,472
TKM,100,473
TKM,100,474
TKM,100,475
TKM,100,476
TKM,100,477
TKM,100,478
TKM,100,479
TKM,100,480
TKM,100,481
TKM,100,482
TKM,100,483
TKM,100,484
TKM,100,485
UZB,100,486
UZB,100,487
UZB,100,488
UZB,100,489
UZB,100,490
UZB,100,491
UZB,100,492
UZB,100,493
UZB,100,494
UZB,100,495
UZB,100,496
UZB,100,497
UZB,100,498
TJK,100,499
TJK,100,500
TJK,100,501
UZB,100,502
KGZ,100,503
UZB,100,504
KGZ,100,505
KGZ,100,506
KGZ,100,507
KGZ,100,508
KGZ,100,509
CHN,100,510
CHN,100,511
CHN,100,512
CHN,100,513
CHN,100,514
CHN,100,515
CHN,100,516
CHN,100,517
CHN,100,518
CHN,100,519
CHN,100,520
CHN,100,521
CHN,100,522
CHN,100,523
CHN,100,524
CHN,100,525
CHN,100,526
CHN,100,527
CHN,100,528
CHN,100,529
CHN,100,530
CHN,100,531
CHN,100,532
CHN,100,533
CHN,100,534
CHN,100,535
CHN,100,536
CHN,100,537
CHN,100,538
CHN,100,539
CHN,100,540
CHN,100,541
CHN,100,542
CHN,100,543
CHN,100,544
CHN,100,545
CHN,100,546
CHN,100,547
CHN,100,548
CHN,100,549
CHN,100,550
CHN,100,551
CHN,100,552
CHN,100,553
CHN,100,554
CHN,100,555
CHN,100,556
CHN,100,557
CHN,100,558
CHN,100,559
CHN,100,560
CHN,100,561
CHN,100,562
CHN,100,563
CHN,100,564
CHN,100,565
CHN,100,566
CHN,100,567
CHN,100,568
CHN,100,569
CHN,100,570
CHN,100,571
CHN,100,572
CHN,100,573
CHN,100,574
CHN,100,575
CHN,100,576
CHN,100,577
CHN,100,578
CHN,100,579
CHN,100,580
CHN,100,581
CHN,100,582
CHN,100,583
CHN,100,584
CHN,100,585
CHN,100,586
CHN,100,587
CHN,100,588
CHN,100,589
CHN,100,590
CHN,100,591
CHN,100,592
CHN,100,593
CHN,100,594
CHN,100,595
CHN,100,596
CHN,100,597
CHN,100,598
CHN,100,599
CHN,100,600
CHN,100,601
CHN,100,602
CHN,100,604
CHN,100,605
CHN,100,606
CHN,100,607
CHN,100,608
CHN,100,609
PRK,100,610
PRK,100,611
PRK,100,612
PRK,100,613
PRK,100,614
PRK,100,615
PRK,100,616
PRK,100,617
PRK,100,618
JPN,100,640
JPN,100,641
JPN,100,642
JPN,100,643
JPN,100,644
USA,101,113
USA,101,114
USA,101,115
USA,101,116
USA,101,117
USA,101,118
USA,101,119
USA,101,120
USA,101,121
USA,101,122
USA,101,123
USA,101,124
USA,101,125
USA,101,126
USA,101,127
USA,101,128
USA,101,129
USA,101,130
USA,101,131
USA,101,132
USA,101,133
USA,101,134
USA,101,135
USA,101,136
USA,101,137
USA,101,138
USA,101,139
USA,101,140
USA,101,141
USA,101,142
USA,101,143
USA,101,144
USA,101,145
USA,101,146
USA,101,147
USA,101,148
USA,101,149
USA,101,150
USA,101,151
USA,101,152
USA,101,153
USA,101,154
USA,101,155
USA,101,156
USA,101,157
USA,101,158
USA,101,159
USA,101,160
USA,101,161
USA,101,162
USA,101,163
USA,101,164
USA,101,165
USA,101,166
USA,101,167
USA,101,168
USA,101,169
USA,101,170
USA,101,171
USA,101,172
USA,101,173
USA,101,174
USA,101,175
USA,101,176
USA,101,177
USA,101,178
USA,101,179
USA,101,180
USA,101,181
USA,101,182
USA,101,183
USA,101,184
USA,101,185
USA,101,186
USA,101,187
USA,101,188
USA,101,189
USA,101,190
USA,101,191
USA,101,192
USA,101,193
USA,101,194
USA,101,195
USA,101,196
USA,101,197
USA,101,198
USA,101,199
USA,101,200
USA,101,201
USA,101,202
USA,101,203
USA,101,204
USA,101,205
USA,101,206
USA,101,207
USA,101,208
USA,101,209
USA,101,210
USA,101,211
USA,101,212
PRT,101,298
PRT,101,342
PRT,101,343
PRT,101,344
PRT,101,345
PRT,101,346
ESP,101,347
ESP,101,348
ESP,101,349
ESP,101,350
ESP,101,351
ESP,101,352
ESP,101,353
ESP,101,354
ESP,101,355
ESP,101,356
ESP,101,357
ESP,101,358
ESP,101,359
ESP,101,360
ESP,101,361
ESP,101,365
ESP,101,366
ESP,101,367
ESP,101,368
ESP,101,369
ITA,101,377
ITA,101,378
ITA,101,379
ITA,101,380
ITA,101,392
ITA,101,393
ITA,101,394
ITA,101,397
GRC,101,400
GRC,101,401
GRC,101,402
GRC,101,403
GRC,101,404
GRC,101,405
GRC,101,406
GRC,101,407
GRC,101,408
GRC,101,411
TUR,101,413
TUR,101,414
TUR,101,415
TUR,101,416
TUR,101,417
TUR,101,418
TUR,101,419
TUR,101,420
TUR,101,421
TUR,101,422
TUR,101,423
TUR,101,424
TUR,101,425
TUR,101,426
TUR,101,427
TUR,101,428
TUR,101,429
TUR,101,430
TUR,101,431
TUR,101,432
TUR,101,433
TUR,101,434
TUR,101,435
TUR,101,436
TUR,101,437
TUR,101,438
TUR,101,439
TUR,101,440
TUR,101,441
TUR,101,442
TUR,101,443
TUR,101,444
TUR,101,445
TUR,101,446
TUR,101,447
TUR,101,448
,101,449
,101,450
ARM,101,451
ARM,101,452
AZE,101,453
AZE,101,454
AZE,101,455
AZE,101,456
AZE,101,457
AZE,101,458
AZE,101,459
TKM,101,466
TKM,101,467
TKM,101,468
TKM,101,469
TKM,101,470
TKM,101,471
TKM,101,472
TKM,101,473
TKM,101,474
TKM,101,475
TKM,101,476
TKM,101,477
TKM,101,478
TKM,101,479
TKM,101,480
TKM,101,481
TKM,101,482
TKM,101,483
TKM,101,484
TKM,101,485
TKM,101,486
UZB,101,487
UZB,101,488
UZB,101,489
UZB,101,490
UZB,101,491
UZB,101,492
UZB,101,493
UZB,101,494
UZB,101,495
UZB,101,496
UZB,101,497
TJK,101,498
TJK,101,499
KGZ,101,500
KGZ,101,501
KGZ,101,502
KGZ,101,503
KGZ,101,504
KGZ,101,505
KGZ,101,506
KGZ,101,507
KGZ,101,508
CHN,101,509
CHN,101,510
CHN,101,511
CHN,101,512
CHN,101,513
CHN,101,514
CHN,101,515
CHN,101,516
CHN,101,517
CHN,101,518
CHN,101,519
CHN,101,520
CHN,101,521
CHN,101,522
CHN,101,523
CHN,101,524
CHN,101,525
CHN,101,526
CHN,101,527
CHN,101,528
CHN,101,529
CHN,101,530
CHN,101,531
CHN,101,532
CHN,101,533
CHN,101,534
CHN,101,535
CHN,101,536
CHN,101,537
CHN,101,538
CHN,101,539
CHN,101,540
CHN,101,541
CHN,101,542
CHN,101,543
CHN,101,544
CHN,101,545
CHN,101,546
CHN,101,547
CHN,101,548
CHN,101,549
CHN,101,550
CHN,101,551
CHN,101,552
CHN,101,553
CHN,101,554
CHN,101,555
CHN,101,556
CHN,101,557
CHN,101,558
CHN,101,559
CHN,101,560
CHN,101,561
CHN,101,562
CHN,101,563
CHN,101,564
CHN,101,565
CHN,101,566
CHN,101,567
CHN,101,568
CHN,101,569
CHN,101,570
CHN,101,571
CHN,101,572
CHN,101,573
CHN,101,574
CHN,101,575
CHN,101,576
CHN,101,577
CHN,101,578
CHN,101,579
CHN,101,580
CHN,101,581
CHN,101,582
CHN,101,583
CHN,101,584
CHN,101,585
CHN,101,586
CHN,101,587
CHN,101,588
CHN,101,589
CHN,101,590
CHN,101,591
CHN,101,592
CHN,101,593
CHN,101,594
CHN,101,595
CHN,101,596
CHN,101,597
CHN,101,598
CHN,101,599
CHN,101,600
CHN,101,603
CHN,101,604
CHN,101,605
CHN,101,606
CHN,101,607
CHN,101,608
CHN,101,609
PRK,101,610
PRK,101,611
PRK,101,612
PRK,101,613
PRK,101,614
PRK,101,615
PRK,101,616
JPN,101,640
JPN,101,641
JPN,101,642
JPN,101,643
JPN,101,644
JPN,101,645
USA,102,113
USA,102,114
USA,102,115
USA,102,116
USA,102,117
USA,102,118
USA,102,119
USA,102,120
USA,102,121
USA,102,122
USA,102,123
USA,102,124
USA,102,125
USA,102,126
USA,102,127
USA,102,128
USA,102,129
USA,102,130
USA,102,131
USA,102,132
USA,102,133
USA,102,134
USA,102,135
USA,102,136
USA,102,137
USA,102,138
USA,102,139
USA,102,140
USA,102,141
USA,102,142
USA,102,143
USA,102,144
USA,102,145
USA,102,146
USA,102,147
USA,102,148
USA,102,149
USA,102,150
USA,102,151
USA,102,152
USA,102,153
USA,102,154
USA,102,155
USA,102,156
USA,102,157
USA,102,158
USA,102,159
USA,102,160
USA,102,161
USA,102,162
USA,102,163
USA,102,164
USA,102,165
USA,102,166
USA,102,167
USA,102,168
USA,102,169
USA,102,170
USA,102,171
USA,102,172
USA,102,173
USA,102,174
USA,102,175
USA,102,176
USA,102,177
USA,102,178
USA,102,179
USA,102,180
USA,102,181
USA,102,182
USA,102,183
USA,102,184
USA,102,185
USA,102,186
USA,102,187
USA,102,188
USA,102,189
USA,102,190
USA,102,191
USA,102,192
USA,102,193
USA,102,194
USA,102,195
USA,102,196
USA,102,197
USA,102,198
USA,102,199
USA,102,200
USA,102,201
USA,102,202
USA,102,203
USA,102,204
USA,102,205
USA,102,206
USA,102,207
USA,102,208
USA,102,209
USA,102,210
USA,102,211
USA,102,212
PRT,102,298
PRT,102,304
PRT,102,305
PRT,102,342
PRT,102,343
PRT,102,344
PRT,102,345
PRT,102,346
ESP,102,347
ESP,102,348
ESP,102,349
ESP,102,350
ESP,102,351
ESP,102,352
ESP,102,353
ESP,102,354
ESP,102,355
ESP,102,356
ESP,102,357
ESP,102,358
ESP,102,359
ESP,102,360
ESP,102,363
ESP,102,364
ESP,102,366
ESP,102,367
ITA,102,377
ITA,102,378
ITA,102,379
ITA,102,380
ITA,102,393
ITA,102,394
ITA,102,395
GRC,102,400
GRC,102,401
GRC,102,402
GRC,102,403
GRC,102,404
GRC,102,405
GRC,102,406
GRC,102,407
GRC,102,408
GRC,102,409
GRC,102,412
GRC,102,413
,102,414
TUR,102,415
TUR,102,416
TUR,102,417
TUR,102,418
TUR,102,419
TUR,102,420
TUR,102,421
TUR,102,422
TUR,102,423
TUR,102,424
TUR,102,425
TUR,102,426
TUR,102,427
TUR,102,428
TUR,102,429
TUR,102,430
TUR,102,431
TUR,102,432
TUR,102,433
TUR,102,434
TUR,102,435
TUR,102,436
TUR,102,437
TUR,102,438
TUR,102,439
TUR,102,440
TUR,102,441
TUR,102,442
TUR,102,443
TUR,102,444
TUR,102,445
TUR,102,446
TUR,102,447
TUR,102,448
,102,449
IRN,102,450
AZE,102,451
AZE,102,452
ARM,102,453
AZE,102,454
IRN,102,455
IRN,102,456
IRN,102,457
AZE,102,458
AZE,102,459
TKM,102,467
TKM,102,468
TKM,102,469
TKM,102,470
TKM,102,471
TKM,102,472
TKM,102,473
TKM,102,474
TKM,102,475
TKM,102,476
TKM,102,477
TKM,102,478
TKM,102,479
TKM,102,480
TKM,102,481
TKM,102,482
TKM,102,483
TKM,102,484
TKM,102,485
TKM,102,486
TKM,102,487
UZB,102,488
UZB,102,489
UZB,102,490
UZB,102,491
UZB,102,492
UZB,102,493
UZB,102,494
UZB,102,495
TJK,102,496
TJK,102,497
TJK,102,498
TJK,102,499
TJK,102,500
TJK,102,501
TJK,102,502
TJK,102,503
TJK,102,504
TJK,102,505
TJK,102,506
TJK,102,507
CHN,102,508
CHN,102,509
CHN,102,510
CHN,102,511
CHN,102,512
CHN,102,513
CHN,102,514
CHN,102,515
CHN,102,516
CHN,102,517
CHN,102,518
CHN,102,519
CHN,102,520
CHN,102,521
CHN,102,522
CHN,102,523
CHN,102,524
CHN,102,525
CHN,102,526
CHN,102,527
CHN,102,528
CHN,102,529
CHN,102,530
CHN,102,531
CHN,102,532
CHN,102,533
CHN,102,534
CHN,102,535
CHN,102,536
CHN,102,537
CHN,102,538
CHN,102,539
CHN,102,540
CHN,102,541
CHN,102,542
CHN,102,543
CHN,102,544
CHN,102,545
CHN,102,546
CHN,102,547
CHN,102,548
CHN,102,549
CHN,102,550
CHN,102,551
CHN,102,552
CHN,102,553
CHN,102,554
CHN,102,555
CHN,102,556
CHN,102,557
CHN,102,558
CHN,102,559
CHN,102,560
CHN,102,561
CHN,102,562
CHN,102,563
CHN,102,564
CHN,102,565
CHN,102,566
CHN,102,567
CHN,102,568
CHN,102,569
CHN,102,570
CHN,102,571
CHN,102,572
CHN,102,573
CHN,102,574
CHN,102,575
CHN,102,576
CHN,102,577
CHN,102,578
CHN,102,579
CHN,102,580
CHN,102,581
CHN,102,582
CHN,102,583
CHN,102,584
CHN,102,585
CHN,102,586
CHN,102,587
CHN,102,588
CHN,102,589
CHN,102,590
CHN,102,591
CHN,102,592
CHN,102,593
CHN,102,594
CHN,102,595
CHN,102,596
CHN,102,597
CHN,102,598
CHN,102,599
CHN,102,603
CHN,102,604
CHN,102,605
,102,606
CHN,102,607
PRK,102,611
PRK,102,612
PRK,102,613
PRK,102,614
PRK,102,615
PRK,102,616
JPN,102,640
JPN,102,641
JPN,102,642
JPN,102,643
JPN,102,644
USA,103,113
USA,103,114
USA,103,115
USA,103,116
USA,103,117
USA,103,118
USA,103,119
USA,103,120
USA,103,121
USA,103,122
USA,103,123
USA,103,124
USA,103,125
USA,103,126
USA,103,127
USA,103,128
USA,103,129
USA,103,130
USA,103,131
USA,103,132
USA,103,133
USA,103,134
USA,103,135
USA,103,136
USA,103,137
USA,103,138
USA,103,139
USA,103,140
USA,103,141
USA,103,142
USA,103,143
USA,103,144
USA,103,145
USA,103,146
USA,103,147
USA,103,148
USA,103,149
USA,103,150
USA,103,151
USA,103,152
USA,103,153
USA,103,154
USA,103,155
USA,103,156
USA,103,157
USA,103,158
USA,103,159
USA,103,160
USA,103,161
USA,103,162
USA,103,163
USA,103,164
USA,103,165
USA,103,166
USA,103,167
USA,103,168
USA,103,169
USA,103,170
USA,103,171
USA,103,172
USA,103,173
USA,103,174
USA,103,175
USA,103,176
USA,103,177
USA,103,178
USA,103,179
USA,103,180
USA,103,181
USA,103,182
USA,103,183
USA,103,184
USA,103,185
USA,103,186
USA,103,187
USA,103,188
USA,103,189
USA,103,190
USA,103,191
USA,103,192
USA,103,193
USA,103,194
USA,103,195
USA,103,196
USA,103,197
USA,103,198
USA,103,199
USA,103,200
USA,103,201
USA,103,202
USA,103,203
USA,103,204
USA,103,205
USA,103,206
USA,103,207
USA,103,208
USA,103,209
USA,103,210
USA,103,211
PRT,103,303
PRT,103,304
PRT,103,305
PRT,103,306
PRT,103,342
PRT,103,343
PRT,103,344
PRT,103,345
PRT,103,346
ESP,103,347
ESP,103,348
ESP,103,349
ESP,103,350
ESP,103,351
ESP,103,352
ESP,103,353
ESP,103,354
ESP,103,355
ESP,103,356
ESP,103,357
ESP,103,358
ESP,103,359
ESP,103,360
ESP,103,361
ESP,103,363
ESP,103,364
ITA,103,378
ITA,103,390
ITA,103,391
ITA,103,392
ITA,103,393
ITA,103,394
ITA,103,395
GRC,103,402
GRC,103,403
GRC,103,404
GRC,103,405
GRC,103,406
GRC,103,407
GRC,103,408
GRC,103,409
GRC,103,410
GRC,103,412
TUR,103,413
TUR,103,414
TUR,103,415
TUR,103,416
TUR,103,417
TUR,103,418
TUR,103,419
TUR,103,420
TUR,103,421
TUR,103,422
TUR,103,423
TUR,103,424
TUR,103,425
TUR,103,426
TUR,103,427
TUR,103,428
TUR,103,429
TUR,103,430
TUR,103,431
TUR,103,432
TUR,103,433
TUR,103,434
TUR,103,435
TUR,103,436
TUR,103,437
TUR,103,438
TUR,103,439
TUR,103,440
TUR,103,441
TUR,103,442
TUR,103,443
TUR,103,444
TUR,103,445
TUR,103,446
TUR,103,447
TUR,103,448
,103,449
IRN,103,450
IRN,103,451
IRN,103,452
IRN,103,453
IRN,103,454
IRN,103,455
IRN,103,456
AZE,103,457
AZE,103,458
TKM,103,467
TKM,103,468
TKM,103,469
TKM,103,470
TKM,103,471
TKM,103,472
TKM,103,473
TKM,103,474
TKM,103,475
TKM,103,476
TKM,103,477
TKM,103,478
TKM,103,479
TKM,103,480
TKM,103,481
TKM,103,482
TKM,103,483
TKM,103,484
TKM,103,485
TKM,103,486
TKM,103,487
TKM,103,488
TKM,103,489
UZB,103,490
UZB,103,491
UZB,103,492
UZB,103,493
UZB,103,494
UZB,103,495
UZB,103,496
TJK,103,497
TJK,103,498
TJK,103,499
TJK,103,500
TJK,103,501
TJK,103,502
TJK,103,503
TJK,103,504
TJK,103,505
TJK,103,506
TJK,103,507
TJK,103,508
CHN,103,509
CHN,103,510
CHN,103,511
CHN,103,512
CHN,103,513
CHN,103,514
CHN,103,515
CHN,103,516
CHN,103,517
CHN,103,518
CHN,103,519
CHN,103,520
CHN,103,521
CHN,103,522
CHN,103,523
CHN,103,524
CHN,103,525
CHN,103,526
CHN,103,527
CHN,103,528
CHN,103,529
CHN,103,530
CHN,103,531
CHN,103,532
CHN,103,533
CHN,103,534
CHN,103,535
CHN,103,536
CHN,103,537
CHN,103,538
CHN,103,539
CHN,103,540
CHN,103,541
CHN,103,542
CHN,103,543
CHN,103,544
CHN,103,545
CHN,103,546
CHN,103,547
CHN,103,548
CHN,103,549
CHN,103,550
CHN,103,551
CHN,103,552
CHN,103,553
CHN,103,554
CHN,103,555
CHN,103,556
CHN,103,557
CHN,103,558
CHN,103,559
CHN,103,560
CHN,103,561
CHN,103,562
CHN,103,563
CHN,103,564
CHN,103,565
CHN,103,566
CHN,103,567
CHN,103,568
CHN,103,569
CHN,103,570
CHN,103,571
CHN,103,572
CHN,103,573
CHN,103,574
CHN,103,575
CHN,103,576
CHN,103,577
CHN,103,578
CHN,103,579
CHN,103,580
CHN,103,581
CHN,103,582
CHN,103,583
CHN,103,584
CHN,103,585
CHN,103,586
CHN,103,587
CHN,103,588
CHN,103,589
CHN,103,590
CHN,103,591
CHN,103,592
CHN,103,593
CHN,103,594
CHN,103,595
CHN,103,596
,103,598
CHN,103,603
CHN,103,604
PRK,103,610
PRK,103,611
PRK,103,612
PRK,103,613
PRK,103,614
PRK,103,615
PRK,103,616
PRK,103,617
JPN,103,640
JPN,103,641
JPN,103,642
JPN,103,643
JPN,103,644
USA,104,114
USA,104,115
USA,104,116
USA,104,117
USA,104,118
USA,104,119
USA,104,120
USA,104,121
USA,104,122
USA,104,123
USA,104,124
USA,104,125
USA,104,126
USA,104,127
USA,104,128
USA,104,129
USA,104,130
USA,104,131
USA,104,132
USA,104,133
USA,104,134
USA,104,135
USA,104,136
USA,104,137
USA,104,138
USA,104,139
USA,104,140
USA,104,141
USA,104,142
USA,104,143
USA,104,144
USA,104,145
USA,104,146
USA,104,147
USA,104,148
USA,104,149
USA,104,150
USA,104,151
USA,104,152
USA,104,153
USA,104,154
USA,104,155
USA,104,156
USA,104,157
USA,104,158
USA,104,159
USA,104,160
USA,104,161
USA,104,162
USA,104,163
USA,104,164
USA,104,165
USA,104,166
USA,104,167
USA,104,168
USA,104,169
USA,104,170
USA,104,171
USA,104,172
USA,104,173
USA,104,174
USA,104,175
USA,104,176
USA,104,177
USA,104,178
USA,104,179
USA,104,180
USA,104,181
USA,104,182
USA,104,183
USA,104,184
USA,104,185
USA,104,186
USA,104,187
USA,104,188
USA,104,189
USA,104,190
USA,104,191
USA,104,192
USA,104,193
USA,104,194
USA,104,195
USA,104,196
USA,104,197
USA,104,198
USA,104,199
USA,104,200
USA,104,201
USA,104,202
USA,104,203
USA,104,204
USA,104,205
USA,104,206
USA,104,207
USA,104,208
USA,104,209
USA,104,210
PRT,104,304
PRT,104,342
PRT,104,343
PRT,104,344
PRT,104,345
PRT,104,346
ESP,104,347
ESP,104,348
ESP,104,349
ESP,104,350
ESP,104,351
ESP,104,352
ESP,104,353
ESP,104,354
ESP,104,355
ESP,104,356
ESP,104,357
ESP,104,358
ESP,104,359
ESP,104,360
ITA,104,386
ITA,104,387
ITA,104,388
ITA,104,389
ITA,104,390
ITA,104,391
ITA,104,392
ITA,104,393
ITA,104,394
GRC,104,401
GRC,104,402
GRC,104,403
GRC,104,404
GRC,104,405
GRC,104,406
GRC,104,407
GRC,104,408
GRC,104,409
GRC,104,410
GRC,104,412
,104,413
TUR,104,414
TUR,104,415
TUR,104,416
TUR,104,417
TUR,104,418
TUR,104,419
TUR,104,420
TUR,104,421
TUR,104,422
TUR,104,423
TUR,104,424
TUR,104,425
TUR,104,426
TUR,104,427
TUR,104,428
TUR,104,429
TUR,104,430
TUR,104,431
TUR,104,432
TUR,104,433
TUR,104,434
TUR,104,435
TUR,104,436
TUR,104,437
TUR,104,438
TUR,104,439
TUR,104,440
TUR,104,441
TUR,104,442
TUR,104,443
TUR,104,444
TUR,104,445
TUR,104,446
TUR,104,447
TUR,104,448
,104,449
IRN,104,450
IRN,104,451
IRN,104,452
IRN,104,453
IRN,104,454
IRN,104,455
IRN,104,456
IRN,104,457
IRN,104,458
TKM,104,468
TKM,104,469
TKM,104,470
TKM,104,471
TKM,104,472
TKM,104,473
IRN,104,474
TKM,104,475
TKM,104,476
TKM,104,477
TKM,104,478
TKM,104,479
TKM,104,480
TKM,104,481
TKM,104,482
TKM,104,483
TKM,104,484
TKM,104,485
TKM,104,486
TKM,104,487
TKM,104,488
TKM,104,489
TKM,104,490
TKM,104,491
TKM,104,492
UZB,104,493
UZB,104,494
UZB,104,495
UZB,104,496
UZB,104,497
TJK,104,498
TJK,104,499
TJK,104,500
TJK,104,501
AFG,104,502
AFG,104,503
TJK,104,504
TJK,104,505
TJK,104,506
TJK,104,507
TJK,104,508
TJK,104,509
TJK,104,510
CHN,104,511
CHN,104,512
CHN,104,513
CHN,104,514
CHN,104,515
CHN,104,516
CHN,104,517
CHN,104,518
CHN,104,519
CHN,104,520
CHN,104,521
CHN,104,522
CHN,104,523
CHN,104,524
CHN,104,525
CHN,104,526
CHN,104,527
CHN,104,528
CHN,104,529
CHN,104,530
CHN,104,531
CHN,104,532
CHN,104,533
CHN,104,534
CHN,104,535
CHN,104,536
CHN,104,537
CHN,104,538
CHN,104,539
CHN,104,540
CHN,104,541
CHN,104,542
CHN,104,543
CHN,104,544
CHN,104,545
CHN,104,546
CHN,104,547
CHN,104,548
CHN,104,549
CHN,104,550
CHN,104,551
CHN,104,552
CHN,104,553
CHN,104,554
CHN,104,555
CHN,104,556
CHN,104,557
CHN,104,558
CHN,104,559
CHN,104,560
CHN,104,561
CHN,104,562
CHN,104,563
CHN,104,564
CHN,104,565
CHN,104,566
CHN,104,567
CHN,104,568
CHN,104,569
CHN,104,570
CHN,104,571
CHN,104,572
CHN,104,573
CHN,104,574
CHN,104,575
CHN,104,576
CHN,104,577
CHN,104,578
CHN,104,579
CHN,104,580
CHN,104,581
CHN,104,582
CHN,104,583
CHN,104,584
CHN,104,585
CHN,104,586
CHN,104,587
CHN,104,588
CHN,104,589
CHN,104,590
CHN,104,591
CHN,104,592
CHN,104,593
CHN,104,594
CHN,104,595
CHN,104,596
CHN,104,597
CHN,104,598
PRK,104,610
PRK,104,611
PRK,104,612
PRK,104,613
PRK,104,614
KOR,104,615
KOR,104,616
KOR,104,617
KOR,104,618
JPN,104,637
JPN,104,638
JPN,104,639
JPN,104,640
JPN,104,641
JPN,104,642
JPN,104,643
JPN,104,644
USA,105,115
USA,105,116
USA,105,117
USA,105,118
USA,105,119
USA,105,120
USA,105,121
USA,105,122
USA,105,123
USA,105,124
USA,105,125
USA,105,126
USA,105,127
USA,105,128
USA,105,129
USA,105,130
USA,105,131
USA,105,132
USA,105,133
USA,105,134
USA,105,135
USA,105,136
USA,105,137
USA,105,138
USA,105,139
USA,105,140
USA,105,141
USA,105,142
USA,105,143
USA,105,144
USA,105,145
USA,105,146
USA,105,147
USA,105,148
USA,105,149
USA,105,150
USA,105,151
USA,105,152
USA,105,153
USA,105,154
USA,105,155
USA,105,156
USA,105,157
USA,105,158
USA,105,159
USA,105,160
USA,105,161
USA,105,162
USA,105,163
USA,105,164
USA,105,165
USA,105,166
USA,105,167
USA,105,168
USA,105,169
USA,105,170
USA,105,171
USA,105,172
USA,105,173
USA,105,174
USA,105,175
USA,105,176
USA,105,177
USA,105,178
USA,105,179
USA,105,180
USA,105,181
USA,105,182
USA,105,183
USA,105,184
USA,105,185
USA,105,186
USA,105,187
USA,105,188
USA,105,189
USA,105,190
USA,105,191
USA,105,192
USA,105,193
USA,105,194
USA,105,195
USA,105,196
USA,105,197
USA,105,198
USA,105,199
USA,105,200
USA,105,201
USA,105,202
USA,105,203
USA,105,204
USA,105,205
USA,105,206
USA,105,207
USA,105,208
USA,105,209
USA,105,210
PRT,105,309
PRT,105,310
PRT,105,343
PRT,105,344
PRT,105,345
ESP,105,346
ESP,105,347
ESP,105,348
ESP,105,349
ESP,105,350
ESP,105,351
ESP,105,352
ESP,105,353
ESP,105,354
ESP,105,355
ESP,105,356
ESP,105,357
ESP,105,358
ESP,105,359
ITA,105,385
ITA,105,386
ITA,105,387
ITA,105,388
ITA,105,389
ITA,105,390
ITA,105,391
ITA,105,392
ITA,105,393
GRC,105,402
GRC,105,403
GRC,105,404
GRC,105,405
GRC,105,406
GRC,105,407
GRC,105,408
GRC,105,409
GRC,105,410
GRC,105,411
GRC,105,413
GRC,105,414
,105,415
TUR,105,416
TUR,105,417
TUR,105,418
TUR,105,419
TUR,105,420
TUR,105,421
TUR,105,422
TUR,105,423
TUR,105,424
TUR,105,425
TUR,105,426
TUR,105,427
TUR,105,428
TUR,105,429
TUR,105,430
TUR,105,431
TUR,105,432
TUR,105,433
TUR,105,434
TUR,105,435
TUR,105,436
TUR,105,437
TUR,105,438
TUR,105,439
TUR,105,440
TUR,105,441
TUR,105,442
TUR,105,443
TUR,105,444
TUR,105,445
TUR,105,446
TUR,105,447
TUR,105,448
,105,449
,105,450
IRN,105,451
IRN,105,452
IRN,105,453
IRN,105,454
IRN,105,455
IRN,105,456
IRN,105,457
IRN,105,458
IRN,105,459
TKM,105,468
TKM,105,469
TKM,105,470
IRN,105,471
IRN,105,472
IRN,105,473
IRN,105,474
IRN,105,475
IRN,105,476
TKM,105,477
TKM,105,478
TKM,105,479
TKM,105,480
TKM,105,481
TKM,105,482
TKM,105,483
TKM,105,484
TKM,105,485
TKM,105,486
TKM,105,487
TKM,105,488
TKM,105,489
TKM,105,490
TKM,105,491
TKM,105,492
TKM,105,493
UZB,105,494
UZB,105,495
UZB,105,496
TJK,105,497
TJK,105,498
TJK,105,499
TJK,105,500
AFG,105,501
AFG,105,502
AFG,105,503
TJK,105,504
TJK,105,505
TJK,105,506
TJK,105,507
TJK,105,508
TJK,105,509
TJK,105,510
CHN,105,511
CHN,105,512
CHN,105,513
CHN,105,514
CHN,105,515
CHN,105,516
CHN,105,517
CHN,105,518
CHN,105,519
CHN,105,520
CHN,105,521
CHN,105,522
CHN,105,523
CHN,105,524
CHN,105,525
CHN,105,526
CHN,105,527
CHN,105,528
CHN,105,529
CHN,105,530
CHN,105,531
CHN,105,532
CHN,105,533
CHN,105,534
CHN,105,535
CHN,105,536
CHN,105,537
CHN,105,538
CHN,105,539
CHN,105,540
CHN,105,541
CHN,105,542
CHN,105,543
CHN,105,544
CHN,105,545
CHN,105,546
CHN,105,547
CHN,105,548
CHN,105,549
CHN,105,550
CHN,105,551
CHN,105,552
CHN,105,553
CHN,105,554
CHN,105,555
CHN,105,556
CHN,105,557
CHN,105,558
CHN,105,559
CHN,105,560
CHN,105,561
CHN,105,562
CHN,105,563
CHN,105,564
CHN,105,565
CHN,105,566
CHN,105,567
CHN,105,568
CHN,105,569
CHN,105,570
CHN,105,571
CHN,105,572
CHN,105,573
CHN,105,574
CHN,105,575
CHN,105,576
CHN,105,577
CHN,105,578
CHN,105,579
CHN,105,580
CHN,105,581
CHN,105,582
CHN,105,583
CHN,105,584
CHN,105,585
CHN,105,586
CHN,105,587
CHN,105,588
CHN,105,589
CHN,105,590
CHN,105,591
CHN,105,592
CHN,105,593
CHN,105,594
CHN,105,595
CHN,105,596
CHN,105,597
CHN,105,598
CHN,105,599
CHN,105,601
CHN,105,602
CHN,105,603
CHN,105,605
KOR,105,610
PRK,105,611
PRK,105,612
PRK,105,613
KOR,105,614
KOR,105,615
KOR,105,616
KOR,105,617
KOR,105,618
KOR,105,619
KOR,105,622
JPN,105,635
JPN,105,637
JPN,105,638
JPN,105,639
JPN,105,640
JPN,105,641
JPN,105,642
JPN,105,643
USA,106,116
USA,106,117
USA,106,118
USA,106,119
USA,106,120
USA,106,121
USA,106,122
USA,106,123
USA,106,124
USA,106,125
USA,106,126
USA,106,127
USA,106,128
USA,106,129
USA,106,130
USA,106,131
USA,106,132
USA,106,133
USA,106,134
USA,106,135
USA,106,136
USA,106,137
USA,106,138
USA,106,139
USA,106,140
USA,106,141
USA,106,142
USA,106,143
USA,106,144
USA,106,145
USA,106,146
USA,106,147
USA,106,148
USA,106,149
USA,106,150
USA,106,151
USA,106,152
USA,106,153
USA,106,154
USA,106,155
USA,106,156
USA,106,157
USA,106,158
USA,106,159
USA,106,160
USA,106,161
USA,106,162
USA,106,163
USA,106,164
USA,106,165
USA,106,166
USA,106,167
USA,106,168
USA,106,169
USA,106,170
USA,106,171
USA,106,172
USA,106,173
USA,106,174
USA,106,175
USA,106,176
USA,106,177
USA,106,178
USA,106,179
USA,106,180
USA,106,181
USA,106,182
USA,106,183
USA,106,184
USA,106,185
USA,106,186
USA,106,187
USA,106,188
USA,106,189
USA,106,190
USA,106,191
USA,106,192
USA,106,193
USA,106,194
USA,106,195
USA,106,196
USA,106,197
USA,106,198
USA,106,199
USA,106,200
USA,106,201
USA,106,202
USA,106,203
USA,106,204
USA,106,205
USA,106,206
USA,106,207
USA,106,208
USA,106,209
PRT,106,310
PRT,106,343
PRT,106,344
PRT,106,345
ESP,106,346
ESP,106,347
ESP,106,348
ESP,106,349
ESP,106,350
ESP,106,351
ESP,106,352
ESP,106,353
ESP,106,354
ESP,106,355
ESP,106,356
ESP,106,357
ESP,106,358
DZA,106,373
DZA,106,374
DZA,106,375
DZA,106,376
TUN,106,378
TUN,106,379
TUN,106,380
TUN,106,381
TUN,106,382
TUN,106,383
ITA,106,387
ITA,106,388
ITA,106,389
ITA,106,390
ITA,106,391
GRC,106,404
GRC,106,405
GRC,106,406
GRC,106,407
GRC,106,408
GRC,106,409
GRC,106,410
GRC,106,411
GRC,106,412
GRC,106,414
,106,415
TUR,106,416
TUR,106,417
TUR,106,418
TUR,106,419
TUR,106,420
TUR,106,421
TUR,106,422
TUR,106,423
TUR,106,424
TUR,106,425
TUR,106,426
TUR,106,427
TUR,106,428
TUR,106,429
TUR,106,430
TUR,106,431
TUR,106,432
TUR,106,433
TUR,106,434
TUR,106,435
TUR,106,436
TUR,106,437
TUR,106,438
TUR,106,439
TUR,106,440
,106,441
,106,442
,106,443
,106,444
,106,445
,106,446
,106,447
,106,448
,106,449
,106,450
IRN,106,451
IRN,106,452
IRN,106,453
IRN,106,454
IRN,106,455
IRN,106,456
IRN,106,457
IRN,106,458
IRN,106,459
IRN,106,460
IRN,106,461
IRN,106,462
IRN,106,468
IRN,106,469
IRN,106,470
IRN,106,471
IRN,106,472
IRN,106,473
IRN,106,474
IRN,106,475
IRN,106,476
IRN,106,477
IRN,106,478
IRN,106,479
TKM,106,480
TKM,106,481
TKM,106,482
TKM,106,483
TKM,106,484
TKM,106,485
TKM,106,486
TKM,106,487
TKM,106,488
TKM,106,489
TKM,106,490
AFG,106,491
AFG,106,492
AFG,106,493
AFG,106,494
AFG,106,495
AFG,106,496
TJK,106,497
AFG,106,498
AFG,106,499
AFG,106,500
AFG,106,501
AFG,106,502
AFG,106,503
TJK,106,504
TJK,106,505
TJK,106,506
AFG,106,507
AFG,106,508
,106,509
,106,510
CHN,106,511
CHN,106,512
CHN,106,513
CHN,106,514
CHN,106,515
CHN,106,516
CHN,106,517
CHN,106,518
CHN,106,519
CHN,106,520
CHN,106,521
CHN,106,522
CHN,106,523
CHN,106,524
CHN,106,525
CHN,106,526
CHN,106,527
CHN,106,528
CHN,106,529
CHN,106,530
CHN,106,531
CHN,106,532
CHN,106,533
CHN,106,534
CHN,106,535
CHN,106,536
CHN,106,537
CHN,106,538
CHN,106,539
CHN,106,540
CHN,106,541
CHN,106,542
CHN,106,543
CHN,106,544
CHN,106,545
CHN,106,546
CHN,106,547
CHN,106,548
CHN,106,549
CHN,106,550
CHN,106,551
CHN,106,552
CHN,106,553
CHN,106,554
CHN,106,555
CHN,106,556
CHN,106,557
CHN,106,558
CHN,106,559
CHN,106,560
CHN,106,561
CHN,106,562
CHN,106,563
CHN,106,564
CHN,106,565
CHN,106,566
CHN,106,567
CHN,106,568
CHN,106,569
CHN,106,570
CHN,106,571
CHN,106,572
CHN,106,573
CHN,106,574
CHN,106,575
CHN,106,576
CHN,106,577
CHN,106,578
CHN,106,579
CHN,106,580
CHN,106,581
CHN,106,582
CHN,106,583
CHN,106,584
CHN,106,585
CHN,106,586
CHN,106,587
CHN,106,588
CHN,106,589
CHN,106,590
CHN,106,591
CHN,106,592
CHN,106,593
CHN,106,594
CHN,106,595
CHN,106,596
CHN,106,597
CHN,106,598
CHN,106,599
CHN,106,600
CHN,106,601
CHN,106,602
CHN,106,603
CHN,106,604
CHN,106,605
CHN,106,606
KOR,106,613
KOR,106,614
KOR,106,615
KOR,106,616
KOR,106,617
KOR,106,618
KOR,106,619
JPN,106,634
JPN,106,635
JPN,106,636
JPN,106,637
JPN,106,638
JPN,106,639
JPN,106,640
JPN,106,641
JPN,106,642
JPN,106,643
,107,116
USA,107,117
USA,107,118
USA,107,119
USA,107,120
USA,107,121
USA,107,122
USA,107,123
USA,107,124
USA,107,125
USA,107,126
USA,107,127
USA,107,128
USA,107,129
USA,107,130
USA,107,131
USA,107,132
USA,107,133
USA,107,134
USA,107,135
USA,107,136
USA,107,137
USA,107,138
USA,107,139
USA,107,140
USA,107,141
USA,107,142
USA,107,143
USA,107,144
USA,107,145
USA,107,146
USA,107,147
USA,107,148
USA,107,149
USA,107,150
USA,107,151
USA,107,152
USA,107,153
USA,107,154
USA,107,155
USA,107,156
USA,107,157
USA,107,158
USA,107,159
USA,107,160
USA,107,161
USA,107,162
USA,107,163
USA,107,164
USA,107,165
USA,107,166
USA,107,167
USA,107,168
USA,107,169
USA,107,170
USA,107,171
USA,107,172
USA,107,173
USA,107,174
USA,107,175
USA,107,176
USA,107,177
USA,107,178
USA,107,179
USA,107,180
USA,107,181
USA,107,182
USA,107,183
USA,107,184
USA,107,185
USA,107,186
USA,107,187
USA,107,188
USA,107,189
USA,107,190
USA,107,191
USA,107,192
USA,107,193
USA,107,194
USA,107,195
USA,107,196
USA,107,197
USA,107,198
USA,107,199
USA,107,200
USA,107,201
USA,107,202
USA,107,203
USA,107,204
USA,107,205
USA,107,206
USA,107,207
USA,107,208
USA,107,209
PRT,107,310
ESP,107,348
ESP,107,349
ESP,107,350
ESP,107,351
ESP,107,352
ESP,107,353
ESP,107,354
ESP,107,355
ESP,107,356
ESP,107,357
DZA,107,363
DZA,107,364
DZA,107,365
DZA,107,366
DZA,107,367
DZA,107,368
DZA,107,369
DZA,107,370
DZA,107,371
DZA,107,372
DZA,107,373
DZA,107,374
DZA,107,375
DZA,107,376
DZA,107,377
TUN,107,378
TUN,107,379
TUN,107,380
TUN,107,381
TUN,107,382
TUN,107,383
ITA,107,384
ITA,107,385
ITA,107,389
ITA,107,390
ITA,107,391
GRC,107,404
GRC,107,405
GRC,107,406
GRC,107,407
GRC,107,409
GRC,107,410
GRC,107,411
GRC,107,412
GRC,107,413
GRC,107,414
,107,415
,107,416
TUR,107,417
TUR,107,418
TUR,107,419
TUR,107,420
TUR,107,421
TUR,107,422
TUR,107,423
TUR,107,424
TUR,107,425
TUR,107,426
TUR,107,427
TUR,107,428
TUR,107,429
TUR,107,430
TUR,107,431
TUR,107,432
TUR,107,433
,107,434
,107,435
,107,436
,107,437
TUR,107,438
,107,439
,107,440
,107,441
SYR,107,442
SYR,107,443
SYR,107,444
IRQ,107,445
IRQ,107,446
IRQ,107,447
IRQ,107,448
IRQ,107,449
IRQ,107,450
IRN,107,451
IRN,107,452
IRN,107,453
IRN,107,454
IRN,107,455
IRN,107,456
IRN,107,457
IRN,107,458
IRN,107,459
IRN,107,460
IRN,107,461
IRN,107,462
IRN,107,463
IRN,107,464
IRN,107,465
IRN,107,466
IRN,107,467
IRN,107,468
IRN,107,469
IRN,107,470
IRN,107,471
IRN,107,472
IRN,107,473
IRN,107,474
IRN,107,475
IRN,107,476
IRN,107,477
IRN,107,478
IRN,107,479
IRN,107,480
IRN,107,481
TKM,107,482
TKM,107,483
TKM,107,484
TKM,107,485
TKM,107,486
TKM,107,487
TKM,107,488
TKM,107,489
AFG,107,490
AFG,107,491
AFG,107,492
AFG,107,493
AFG,107,494
AFG,107,495
AFG,107,496
AFG,107,497
AFG,107,498
AFG,107,499
AFG,107,500
AFG,107,501
AFG,107,502
AFG,107,503
AFG,107,504
AFG,107,505
PAK,107,506
PAK,107,507
PAK,107,508
PAK,107,509
PAK,107,510
PAK,107,511
CHN,107,512
CHN,107,513
CHN,107,514
CHN,107,515
CHN,107,516
CHN,107,517
CHN,107,518
CHN,107,519
CHN,107,520
CHN,107,521
CHN,107,522
CHN,107,523
CHN,107,524
CHN,107,525
CHN,107,526
CHN,107,527
CHN,107,528
CHN,107,529
CHN,107,530
CHN,107,531
CHN,107,532
CHN,107,533
CHN,107,534
CHN,107,535
CHN,107,536
CHN,107,537
CHN,107,538
CHN,107,539
CHN,107,540
CHN,107,541
CHN,107,542
CHN,107,543
CHN,107,544
CHN,107,545
CHN,107,546
CHN,107,547
CHN,107,548
CHN,107,549
CHN,107,550
CHN,107,551
CHN,107,552
CHN,107,553
CHN,107,554
CHN,107,555
CHN,107,556
CHN,107,557
CHN,107,558
CHN,107,559
CHN,107,560
CHN,107,561
CHN,107,562
CHN,107,563
CHN,107,564
CHN,107,565
CHN,107,566
CHN,107,567
CHN,107,568
CHN,107,569
CHN,107,570
CHN,107,571
CHN,107,572
CHN,107,573
CHN,107,574
CHN,107,575
CHN,107,576
CHN,107,577
CHN,107,578
CHN,107,579
CHN,107,580
CHN,107,581
CHN,107,582
CHN,107,583
CHN,107,584
CHN,107,585
CHN,107,586
CHN,107,587
CHN,107,588
CHN,107,589
CHN,107,590
CHN,107,591
CHN,107,592
CHN,107,593
CHN,107,594
CHN,107,595
CHN,107,596
CHN,107,597
CHN,107,598
CHN,107,599
CHN,107,600
CHN,107,601
CHN,107,602
CHN,107,603
CHN,107,604
CHN,107,605
CHN,107,606
KOR,107,613
KOR,107,614
KOR,107,615
KOR,107,616
KOR,107,617
KOR,107,618
KOR,107,619
JPN,107,634
JPN,107,635
JPN,107,636
JPN,107,637
JPN,107,638
JPN,107,639
JPN,107,640
JPN,107,641
JPN,107,642
USA,108,117
USA,108,118
USA,108,119
USA,108,120
USA,108,121
USA,108,122
USA,108,123
USA,108,124
USA,108,125
USA,108,126
USA,108,127
USA,108,128
USA,108,129
USA,108,130
USA,108,131
USA,108,132
USA,108,133
USA,108,134
USA,108,135
USA,108,136
USA,108,137
USA,108,138
USA,108,139
USA,108,140
USA,108,141
USA,108,142
USA,108,143
USA,108,144
USA,108,145
USA,108,146
USA,108,147
USA,108,148
USA,108,149
USA,108,150
USA,108,151
USA,108,152
USA,108,153
USA,108,154
USA,108,155
USA,108,156
USA,108,157
USA,108,158
USA,108,159
USA,108,160
USA,108,161
USA,108,162
USA,108,163
USA,108,164
USA,108,165
USA,108,166
USA,108,167
USA,108,168
USA,108,169
USA,108,170
USA,108,171
USA,108,172
USA,108,173
USA,108,174
USA,108,175
USA,108,176
USA,108,177
USA,108,178
USA,108,179
USA,108,180
USA,108,181
USA,108,182
USA,108,183
USA,108,184
USA,108,185
USA,108,186
USA,108,187
USA,108,188
USA,108,189
USA,108,190
USA,108,191
USA,108,192
USA,108,193
USA,108,194
USA,108,195
USA,108,196
USA,108,197
USA,108,198
USA,108,199
USA,108,200
USA,108,201
USA,108,202
USA,108,203
USA,108,204
USA,108,205
USA,108,206
USA,108,207
USA,108,208
USA,108,209
ESP,108,348
ESP,108,349
ESP,108,350
DZA,108,361
DZA,108,362
DZA,108,363
DZA,108,364
DZA,108,365
DZA,108,366
DZA,108,367
DZA,108,368
DZA,108,369
DZA,108,370
DZA,108,371
DZA,108,372
DZA,108,373
DZA,108,374
DZA,108,375
DZA,108,376
DZA,108,377
TUN,108,378
TUN,108,379
TUN,108,380
TUN,108,381
TUN,108,382
MLT,108,389
GRC,108,406
GRC,108,407
GRC,108,411
GRC,108,415
GRC,108,416
GRC,108,417
TUR,108,419
TUR,108,420
TUR,108,421
TUR,108,422
TUR,108,425
TUR,108,426
TUR,108,427
TUR,108,428
TUR,108,429
TUR,108,432
,108,433
,108,434
SYR,108,435
SYR,108,436
SYR,108,437
SYR,108,438
SYR,108,439
SYR,108,440
SYR,108,441
SYR,108,442
SYR,108,443
IRQ,108,444
IRQ,108,445
IRQ,108,446
IRQ,108,447
IRQ,108,448
IRQ,108,449
IRQ,108,450
IRQ,108,451
IRN,108,452
IRN,108,453
IRN,108,454
IRN,108,455
IRN,108,456
IRN,108,457
IRN,108,458
IRN,108,459
IRN,108,460
IRN,108,461
IRN,108,462
IRN,108,463
IRN,108,464
IRN,108,465
IRN,108,466
IRN,108,467
IRN,108,468
IRN,108,469
IRN,108,470
IRN,108,471
IRN,108,472
IRN,108,473
IRN,108,474
IRN,108,475
IRN,108,476
IRN,108,477
IRN,108,478
IRN,108,479
IRN,108,480
IRN,108,481
IRN,108,482
TKM,108,483
TKM,108,484
TKM,108,485
TKM,108,486
TKM,108,487
TKM,108,488
TKM,108,489
AFG,108,490
AFG,108,491
AFG,108,492
AFG,108,493
AFG,108,494
AFG,108,495
AFG,108,496
AFG,108,497
AFG,108,498
AFG,108,499
AFG,108,500
AFG,108,501
AFG,108,502
AFG,108,503
PAK,108,504
PAK,108,505
PAK,108,506
PAK,108,507
PAK,108,508
PAK,108,509
PAK,108,510
PAK,108,511
PAK,108,512
CHN,108,513
CHN,108,514
CHN,108,515
CHN,108,516
CHN,108,517
CHN,108,518
CHN,108,519
CHN,108,520
CHN,108,521
CHN,108,522
CHN,108,523
CHN,108,524
CHN,108,525
CHN,108,526
CHN,108,527
CHN,108,528
CHN,108,529
CHN,108,530
CHN,108,531
CHN,108,532
CHN,108,533
CHN,108,534
CHN,108,535
CHN,108,536
CHN,108,537
CHN,108,538
CHN,108,539
CHN,108,540
CHN,108,541
CHN,108,542
CHN,108,543
CHN,108,544
CHN,108,545
CHN,108,546
CHN,108,547
CHN,108,548
CHN,108,549
CHN,108,550
CHN,108,551
CHN,108,552
CHN,108,553
CHN,108,554
CHN,108,555
CHN,108,556
CHN,108,557
CHN,108,558
CHN,108,559
CHN,108,560
CHN,108,561
CHN,108,562
CHN,108,563
CHN,108,564
CHN,108,565
CHN,108,566
CHN,108,567
CHN,108,568
CHN,108,569
CHN,108,570
CHN,108,571
CHN,108,572
CHN,108,573
CHN,108,574
CHN,108,575
CHN,108,576
CHN,108,577
CHN,108,578
CHN,108,579
CHN,108,580
CHN,108,581
CHN,108,582
CHN,108,583
CHN,108,584
CHN,108,585
CHN,108,586
CHN,108,587
CHN,108,588
CHN,108,589
CHN,108,590
CHN,108,591
CHN,108,592
CHN,108,593
CHN,108,594
CHN,108,595
CHN,108,596
CHN,108,597
CHN,108,598
CHN,108,599
CHN,108,600
CHN,108,601
CHN,108,602
KOR,108,613
KOR,108,614
KOR,108,615
KOR,108,616
KOR,108,617
KOR,108,618
KOR,108,619
KOR,108,620
JPN,108,627
JPN,108,633
JPN,108,634
JPN,108,635
JPN,108,636
JPN,108,637
JPN,108,638
JPN,108,639
JPN,108,640
JPN,108,641
JPN,108,642
USA,109,118
USA,109,119
USA,109,120
USA,109,121
USA,109,122
USA,109,123
USA,109,124
USA,109,125
USA,109,126
USA,109,127
USA,109,128
USA,109,129
USA,109,130
USA,109,131
USA,109,132
USA,109,133
USA,109,134
USA,109,135
USA,109,136
USA,109,137
USA,109,138
USA,109,139
USA,109,140
USA,109,141
USA,109,142
USA,109,143
USA,109,144
USA,109,145
USA,109,146
USA,109,147
USA,109,148
USA,109,149
USA,109,150
USA,109,151
USA,109,152
USA,109,153
USA,109,154
USA,109,155
USA,109,156
USA,109,157
USA,109,158
USA,109,159
USA,109,160
USA,109,161
USA,109,162
USA,109,163
USA,109,164
USA,109,165
USA,109,166
USA,109,167
USA,109,168
USA,109,169
USA,109,170
USA,109,171
USA,109,172
USA,109,173
USA,109,174
USA,109,175
USA,109,176
USA,109,177
USA,109,178
USA,109,179
USA,109,180
USA,109,181
USA,109,182
USA,109,183
USA,109,184
USA,109,185
USA,109,186
USA,109,187
USA,109,188
USA,109,189
USA,109,190
USA,109,191
USA,109,192
USA,109,193
USA,109,194
USA,109,195
USA,109,196
USA,109,197
USA,109,198
USA,109,199
USA,109,200
USA,109,201
USA,109,202
USA,109,203
USA,109,204
USA,109,205
USA,109,206
USA,109,207
USA,109,208
USA,109,209
,109,210
MAR,109,349
MAR,109,350
DZA,109,358
DZA,109,359
DZA,109,360
DZA,109,361
DZA,109,362
DZA,109,363
DZA,109,364
DZA,109,365
DZA,109,366
DZA,109,367
DZA,109,368
DZA,109,369
DZA,109,370
DZA,109,371
DZA,109,372
DZA,109,373
DZA,109,374
DZA,109,375
DZA,109,376
DZA,109,377
TUN,109,378
TUN,109,379
TUN,109,380
TUN,109,381
TUN,109,382
TUN,109,383
ITA,109,386
MLT,109,389
MLT,109,390
GRC,109,408
GRC,109,409
GRC,109,415
GRC,109,416
,109,432
,109,433
SYR,109,434
SYR,109,435
SYR,109,436
SYR,109,437
SYR,109,438
SYR,109,439
SYR,109,440
SYR,109,441
SYR,109,442
SYR,109,443
IRQ,109,444
IRQ,109,445
IRQ,109,446
IRQ,109,447
IRQ,109,448
IRQ,109,449
IRQ,109,450
IRQ,109,451
IRQ,109,452
IRN,109,453
IRN,109,454
IRN,109,455
IRN,109,456
IRN,109,457
IRN,109,458
IRN,109,459
IRN,109,460
IRN,109,461
IRN,109,462
IRN,109,463
IRN,109,464
IRN,109,465
IRN,109,466
IRN,109,467
IRN,109,468
IRN,109,469
IRN,109,470
IRN,109,471
IRN,109,472
IRN,109,473
IRN,109,474
IRN,109,475
IRN,109,476
IRN,109,477
IRN,109,478
IRN,109,479
IRN,109,480
IRN,109,481
IRN,109,482
IRN,109,483
TKM,109,484
TKM,109,485
TKM,109,486
AFG,109,487
AFG,109,488
AFG,109,489
AFG,109,490
AFG,109,491
AFG,109,492
AFG,109,493
AFG,109,494
AFG,109,495
AFG,109,496
AFG,109,497
AFG,109,498
AFG,109,499
AFG,109,500
AFG,109,501
AFG,109,502
AFG,109,503
PAK,109,504
PAK,109,505
PAK,109,506
PAK,109,507
PAK,109,508
PAK,109,509
PAK,109,510
PAK,109,511
PAK,109,512
PAK,109,513
,109,514
,109,515
CHN,109,516
CHN,109,517
CHN,109,518
CHN,109,519
CHN,109,520
CHN,109,521
CHN,109,522
CHN,109,523
CHN,109,524
CHN,109,525
CHN,109,526
CHN,109,527
CHN,109,528
CHN,109,529
CHN,109,530
CHN,109,531
CHN,109,532
CHN,109,533
CHN,109,534
CHN,109,535
CHN,109,536
CHN,109,537
CHN,109,538
CHN,109,539
CHN,109,540
CHN,109,541
CHN,109,542
CHN,109,543
CHN,109,544
CHN,109,545
CHN,109,546
CHN,109,547
CHN,109,548
CHN,109,549
CHN,109,550
CHN,109,551
CHN,109,552
CHN,109,553
CHN,109,554
CHN,109,555
CHN,109,556
CHN,109,557
CHN,109,558
CHN,109,559
CHN,109,560
CHN,109,561
CHN,109,562
CHN,109,563
CHN,109,564
CHN,109,565
CHN,109,566
CHN,109,567
CHN,109,568
CHN,109,569
CHN,109,570
CHN,109,571
CHN,109,572
CHN,109,573
CHN,109,574
CHN,109,575
CHN,109,576
CHN,109,577
CHN,109,578
CHN,109,579
CHN,109,580
CHN,109,581
CHN,109,582
CHN,109,583
CHN,109,584
CHN,109,585
CHN,109,586
CHN,109,587
CHN,109,588
CHN,109,589
CHN,109,590
CHN,109,591
CHN,109,592
CHN,109,593
CHN,109,594
CHN,109,595
CHN,109,596
CHN,109,597
CHN,109,598
CHN,109,599
CHN,109,600
CHN,109,601
KOR,109,613
KOR,109,614
KOR,109,615
KOR,109,616
KOR,109,617
KOR,109,618
KOR,109,619
KOR,109,620
JPN,109,626
JPN,109,627
JPN,109,628
JPN,109,629
JPN,109,630
JPN,109,631
JPN,109,632
JPN,109,633
JPN,109,634
JPN,109,635
JPN,109,636
JPN,109,637
JPN,109,638
JPN,109,639
JPN,109,640
JPN,109,641
JPN,109,642
USA,110,119
USA,110,120
USA,110,121
USA,110,122
USA,110,123
USA,110,124
USA,110,125
USA,110,126
USA,110,127
USA,110,128
USA,110,129
USA,110,130
USA,110,131
USA,110,132
USA,110,133
USA,110,134
USA,110,135
USA,110,136
USA,110,137
USA,110,138
USA,110,139
USA,110,140
USA,110,141
USA,110,142
USA,110,143
USA,110,144
USA,110,145
USA,110,146
USA,110,147
USA,110,148
USA,110,149
USA,110,150
USA,110,151
USA,110,152
USA,110,153
USA,110,154
USA,110,155
USA,110,156
USA,110,157
USA,110,158
USA,110,159
USA,110,160
USA,110,161
USA,110,162
USA,110,163
USA,110,164
USA,110,165
USA,110,166
USA,110,167
USA,110,168
USA,110,169
USA,110,170
USA,110,171
USA,110,172
USA,110,173
USA,110,174
USA,110,175
USA,110,176
USA,110,177
USA,110,178
USA,110,179
USA,110,180
USA,110,181
USA,110,182
USA,110,183
USA,110,184
USA,110,185
USA,110,186
USA,110,187
USA,110,188
USA,110,189
USA,110,190
USA,110,191
USA,110,192
USA,110,193
USA,110,194
USA,110,195
USA,110,196
USA,110,197
USA,110,198
USA,110,199
USA,110,200
USA,110,201
USA,110,202
USA,110,203
USA,110,204
USA,110,205
USA,110,206
USA,110,207
USA,110,208
USA,110,209
USA,110,210
MAR,110,348
MAR,110,349
MAR,110,350
MAR,110,351
MAR,110,352
MAR,110,353
MAR,110,354
MAR,110,355
MAR,110,356
DZA,110,357
DZA,110,358
DZA,110,359
DZA,110,360
DZA,110,361
DZA,110,362
DZA,110,363
DZA,110,364
DZA,110,365
DZA,110,366
DZA,110,367
DZA,110,368
DZA,110,369
DZA,110,370
DZA,110,371
DZA,110,372
DZA,110,373
DZA,110,374
DZA,110,375
DZA,110,376
DZA,110,377
TUN,110,378
TUN,110,379
TUN,110,380
TUN,110,381
TUN,110,382
TUN,110,383
GRC,110,408
GRC,110,409
GRC,110,410
GRC,110,411
GRC,110,412
GRC,110,413
GRC,110,414
GRC,110,415
CYP,110,425
,110,426
,110,427
,110,428
,110,429
SYR,110,432
SYR,110,433
SYR,110,434
SYR,110,435
SYR,110,436
SYR,110,437
SYR,110,438
SYR,110,439
SYR,110,440
SYR,110,441
SYR,110,442
IRQ,110,443
IRQ,110,444
IRQ,110,445
IRQ,110,446
IRQ,110,447
IRQ,110,448
IRQ,110,449
IRQ,110,450
IRQ,110,451
IRQ,110,452
IRN,110,453
IRN,110,454
IRN,110,455
IRN,110,456
IRN,110,457
IRN,110,458
IRN,110,459
IRN,110,460
IRN,110,461
IRN,110,462
IRN,110,463
IRN,110,464
IRN,110,465
IRN,110,466
IRN,110,467
IRN,110,468
IRN,110,469
IRN,110,470
IRN,110,471
IRN,110,472
IRN,110,473
IRN,110,474
IRN,110,475
IRN,110,476
IRN,110,477
IRN,110,478
IRN,110,479
IRN,110,480
IRN,110,481
IRN,110,482
AFG,110,483
AFG,110,484
AFG,110,485
AFG,110,486
AFG,110,487
AFG,110,488
AFG,110,489
AFG,110,490
AFG,110,491
AFG,110,492
AFG,110,493
AFG,110,494
AFG,110,495
AFG,110,496
AFG,110,497
AFG,110,498
AFG,110,499
AFG,110,500
AFG,110,501
AFG,110,502
AFG,110,503
PAK,110,504
PAK,110,505
PAK,110,506
PAK,110,507
PAK,110,508
PAK,110,509
PAK,110,510
PAK,110,511
PAK,110,512
PAK,110,513
,110,514
,110,515
,110,516
IND,110,517
,110,518
,110,519
,110,520
CHN,110,521
CHN,110,522
CHN,110,523
CHN,110,524
CHN,110,525
CHN,110,526
CHN,110,527
CHN,110,528
CHN,110,529
CHN,110,530
CHN,110,531
CHN,110,532
CHN,110,533
CHN,110,534
CHN,110,535
CHN,110,536
CHN,110,537
CHN,110,538
CHN,110,539
CHN,110,540
CHN,110,541
CHN,110,542
CHN,110,543
CHN,110,544
CHN,110,545
CHN,110,546
CHN,110,547
CHN,110,548
CHN,110,549
CHN,110,550
CHN,110,551
CHN,110,552
CHN,110,553
CHN,110,554
CHN,110,555
CHN,110,556
CHN,110,557
CHN,110,558
CHN,110,559
CHN,110,560
CHN,110,561
CHN,110,562
CHN,110,563
CHN,110,564
CHN,110,565
CHN,110,566
CHN,110,567
CHN,110,568
CHN,110,569
CHN,110,570
CHN,110,571
CHN,110,572
CHN,110,573
CHN,110,574
CHN,110,575
CHN,110,576
CHN,110,577
CHN,110,578
CHN,110,579
CHN,110,580
CHN,110,581
CHN,110,582
CHN,110,583
CHN,110,584
CHN,110,585
CHN,110,586
CHN,110,587
CHN,110,588
CHN,110,589
CHN,110,590
CHN,110,591
CHN,110,592
CHN,110,593
CHN,110,594
CHN,110,595
CHN,110,596
CHN,110,597
CHN,110,598
CHN,110,599
CHN,110,600
KOR,110,613
KOR,110,614
KOR,110,615
KOR,110,616
KOR,110,617
KOR,110,618
KOR,110,619
JPN,110,625
JPN,110,626
JPN,110,627
JPN,110,628
JPN,110,629
JPN,110,630
JPN,110,631
JPN,110,632
JPN,110,633
JPN,110,634
JPN,110,635
JPN,110,636
JPN,110,637
JPN,110,638
JPN,110,639
JPN,110,640
JPN,110,641
USA,111,119
USA,111,120
USA,111,121
USA,111,122
USA,111,123
USA,111,124
USA,111,125
USA,111,126
USA,111,127
USA,111,128
USA,111,129
USA,111,130
USA,111,131
USA,111,132
USA,111,133
USA,111,134
USA,111,135
USA,111,136
USA,111,137
USA,111,138
USA,111,139
USA,111,140
USA,111,141
USA,111,142
USA,111,143
USA,111,144
USA,111,145
USA,111,146
USA,111,147
USA,111,148
USA,111,149
USA,111,150
USA,111,151
USA,111,152
USA,111,153
USA,111,154
USA,111,155
USA,111,156
USA,111,157
USA,111,158
USA,111,159
USA,111,160
USA,111,161
USA,111,162
USA,111,163
USA,111,164
USA,111,165
USA,111,166
USA,111,167
USA,111,168
USA,111,169
USA,111,170
USA,111,171
USA,111,172
USA,111,173
USA,111,174
USA,111,175
USA,111,176
USA,111,177
USA,111,178
USA,111,179
USA,111,180
USA,111,181
USA,111,182
USA,111,183
USA,111,184
USA,111,185
USA,111,186
USA,111,187
USA,111,188
USA,111,189
USA,111,190
USA,111,191
USA,111,192
USA,111,193
USA,111,194
USA,111,195
USA,111,196
USA,111,197
USA,111,198
USA,111,199
USA,111,200
USA,111,201
USA,111,202
USA,111,203
USA,111,204
USA,111,205
USA,111,206
USA,111,207
USA,111,208
MAR,111,348
MAR,111,349
MAR,111,350
MAR,111,351
MAR,111,352
MAR,111,353
MAR,111,354
MAR,111,355
MAR,111,356
DZA,111,357
DZA,111,358
DZA,111,359
DZA,111,360
DZA,111,361
DZA,111,362
DZA,111,363
DZA,111,364
DZA,111,365
DZA,111,366
DZA,111,367
DZA,111,368
DZA,111,369
DZA,111,370
DZA,111,371
DZA,111,372
DZA,111,373
DZA,111,374
DZA,111,375
DZA,111,376
TUN,111,377
TUN,111,378
TUN,111,379
TUN,111,380
TUN,111,381
TUN,111,382
TUN,111,383
GRC,111,409
GRC,111,410
GRC,111,411
CYP,111,425
,111,426
,111,427
,111,428
SYR,111,432
SYR,111,433
SYR,111,434
SYR,111,435
SYR,111,436
SYR,111,437
SYR,111,438
SYR,111,439
SYR,111,440
SYR,111,441
SYR,111,442
IRQ,111,443
IRQ,111,444
IRQ,111,445
IRQ,111,446
IRQ,111,447
IRQ,111,448
IRQ,111,449
IRQ,111,450
IRQ,111,451
IRN,111,452
IRN,111,453
IRN,111,454
IRN,111,455
IRN,111,456
IRN,111,457
IRN,111,458
IRN,111,459
IRN,111,460
IRN,111,461
IRN,111,462
IRN,111,463
IRN,111,464
IRN,111,465
IRN,111,466
IRN,111,467
IRN,111,468
IRN,111,469
IRN,111,470
IRN,111,471
IRN,111,472
IRN,111,473
IRN,111,474
IRN,111,475
IRN,111,476
IRN,111,477
IRN,111,478
IRN,111,479
IRN,111,480
IRN,111,481
IRN,111,482
AFG,111,483
AFG,111,484
AFG,111,485
AFG,111,486
AFG,111,487
AFG,111,488
AFG,111,489
AFG,111,490
AFG,111,491
AFG,111,492
AFG,111,493
AFG,111,494
AFG,111,495
AFG,111,496
AFG,111,497
AFG,111,498
AFG,111,499
AFG,111,500
AFG,111,501
AFG,111,502
PAK,111,503
PAK,111,504
PAK,111,505
PAK,111,506
PAK,111,507
PAK,111,508
IND,111,509
PAK,111,510
PAK,111,511
PAK,111,512
PAK,111,513
IND,111,514
IND,111,515
IND,111,516
IND,111,517
IND,111,518
,111,519
CHN,111,520
CHN,111,521
CHN,111,522
CHN,111,523
CHN,111,524
CHN,111,525
CHN,111,526
CHN,111,527
CHN,111,528
CHN,111,529
CHN,111,530
CHN,111,531
CHN,111,532
CHN,111,533
CHN,111,534
CHN,111,535
CHN,111,536
CHN,111,537
CHN,111,538
CHN,111,539
CHN,111,540
CHN,111,541
CHN,111,542
CHN,111,543
CHN,111,544
CHN,111,545
CHN,111,546
CHN,111,547
CHN,111,548
CHN,111,549
CHN,111,550
CHN,111,551
CHN,111,552
CHN,111,553
CHN,111,554
CHN,111,555
CHN,111,556
CHN,111,557
CHN,111,558
CHN,111,559
CHN,111,560
CHN,111,561
CHN,111,562
CHN,111,563
CHN,111,564
CHN,111,565
CHN,111,566
CHN,111,567
CHN,111,568
CHN,111,569
CHN,111,570
CHN,111,571
CHN,111,572
CHN,111,573
CHN,111,574
CHN,111,575
CHN,111,576
CHN,111,577
CHN,111,578
CHN,111,579
CHN,111,580
CHN,111,581
CHN,111,582
CHN,111,583
CHN,111,584
CHN,111,585
CHN,111,586
CHN,111,587
CHN,111,588
CHN,111,589
CHN,111,590
CHN,111,591
CHN,111,592
CHN,111,593
CHN,111,594
CHN,111,595
CHN,111,596
CHN,111,597
CHN,111,598
CHN,111,599
CHN,111,600
KOR,111,611
KOR,111,612
KOR,111,613
KOR,111,614
KOR,111,615
KOR,111,616
KOR,111,617
KOR,111,618
JPN,111,619
JPN,111,624
JPN,111,625
JPN,111,626
JPN,111,627
JPN,111,628
JPN,111,629
JPN,111,630
JPN,111,631
JPN,111,632
JPN,111,633
JPN,111,634
JPN,111,635
JPN,111,636
JPN,111,637
JPN,111,638
JPN,111,639
JPN,111,640
USA,112,120
USA,112,121
USA,112,122
USA,112,123
USA,112,124
USA,112,125
USA,112,126
USA,112,127
USA,112,128
USA,112,129
USA,112,130
USA,112,131
USA,112,132
USA,112,133
USA,112,134
USA,112,135
USA,112,136
USA,112,137
USA,112,138
USA,112,139
USA,112,140
USA,112,141
USA,112,142
USA,112,143
USA,112,144
USA,112,145
USA,112,146
USA,112,147
USA,112,148
USA,112,149
USA,112,150
USA,112,151
USA,112,152
USA,112,153
USA,112,154
USA,112,155
USA,112,156
USA,112,157
USA,112,158
USA,112,159
USA,112,160
USA,112,161
USA,112,162
USA,112,163
USA,112,164
USA,112,165
USA,112,166
USA,112,167
USA,112,168
USA,112,169
USA,112,170
USA,112,171
USA,112,172
USA,112,173
USA,112,174
USA,112,175
USA,112,176
USA,112,177
USA,112,178
USA,112,179
USA,112,180
USA,112,181
USA,112,182
USA,112,183
USA,112,184
USA,112,185
USA,112,186
USA,112,187
USA,112,188
USA,112,189
USA,112,190
USA,112,191
USA,112,192
USA,112,193
USA,112,194
USA,112,195
USA,112,196
USA,112,197
USA,112,198
USA,112,199
USA,112,200
USA,112,201
USA,112,202
USA,112,203
USA,112,204
USA,112,205
MAR,112,347
MAR,112,348
MAR,112,349
MAR,112,350
MAR,112,351
MAR,112,352
MAR,112,353
MAR,112,354
MAR,112,355
MAR,112,356
MAR,112,357
DZA,112,358
DZA,112,359
DZA,112,360
DZA,112,361
DZA,112,362
DZA,112,363
DZA,112,364
DZA,112,365
DZA,112,366
DZA,112,367
DZA,112,368
DZA,112,369
DZA,112,370
DZA,112,371
DZA,112,372
DZA,112,373
DZA,112,374
DZA,112,375
TUN,112,376
TUN,112,377
TUN,112,378
TUN,112,379
TUN,112,380
TUN,112,381
LBN,112,432
LBN,112,433
SYR,112,434
SYR,112,435
SYR,112,436
SYR,112,437
SYR,112,438
SYR,112,439
SYR,112,440
SYR,112,441
IRQ,112,442
IRQ,112,443
IRQ,112,444
IRQ,112,445
IRQ,112,446
IRQ,112,447
IRQ,112,448
IRQ,112,449
IRQ,112,450
IRQ,112,451
IRN,112,452
IRN,112,453
IRN,112,454
IRN,112,455
IRN,112,456
IRN,112,457
IRN,112,458
IRN,112,459
IRN,112,460
IRN,112,461
IRN,112,462
IRN,112,463
IRN,112,464
IRN,112,465
IRN,112,466
IRN,112,467
IRN,112,468
IRN,112,469
IRN,112,470
IRN,112,471
IRN,112,472
IRN,112,473
IRN,112,474
IRN,112,475
IRN,112,476
IRN,112,477
IRN,112,478
IRN,112,479
IRN,112,480
IRN,112,481
AFG,112,482
AFG,112,483
AFG,112,484
AFG,112,485
AFG,112,486
AFG,112,487
AFG,112,488
AFG,112,489
AFG,112,490
AFG,112,491
AFG,112,492
AFG,112,493
AFG,112,494
AFG,112,495
AFG,112,496
AFG,112,497
AFG,112,498
AFG,112,499
AFG,112,500
AFG,112,501
AFG,112,502
PAK,112,503
PAK,112,504
PAK,112,505
PAK,112,506
PAK,112,507
PAK,112,508
IND,112,509
IND,112,510
IND,112,511
IND,112,512
IND,112,513
IND,112,514
IND,112,515
IND,112,516
IND,112,517
IND,112,518
CHN,112,519
CHN,112,520
CHN,112,521
CHN,112,522
CHN,112,523
CHN,112,524
CHN,112,525
CHN,112,526
CHN,112,527
CHN,112,528
CHN,112,529
CHN,112,530
CHN,112,531
CHN,112,532
CHN,112,533
CHN,112,534
CHN,112,535
CHN,112,536
CHN,112,537
CHN,112,538
CHN,112,539
CHN,112,540
CHN,112,541
CHN,112,542
CHN,112,543
CHN,112,544
CHN,112,545
CHN,112,546
CHN,112,547
CHN,112,548
CHN,112,549
CHN,112,550
CHN,112,551
CHN,112,552
CHN,112,553
CHN,112,554
CHN,112,555
CHN,112,556
CHN,112,557
CHN,112,558
CHN,112,559
CHN,112,560
CHN,112,561
CHN,112,562
CHN,112,563
CHN,112,564
CHN,112,565
CHN,112,566
CHN,112,567
CHN,112,568
CHN,112,569
CHN,112,570
CHN,112,571
CHN,112,572
CHN,112,573
CHN,112,574
CHN,112,575
CHN,112,576
CHN,112,577
CHN,112,578
CHN,112,579
CHN,112,580
CHN,112,581
CHN,112,582
CHN,112,583
CHN,112,584
CHN,112,585
CHN,112,586
CHN,112,587
CHN,112,588
CHN,112,589
CHN,112,590
CHN,112,591
CHN,112,592
CHN,112,593
CHN,112,594
CHN,112,595
CHN,112,596
CHN,112,597
CHN,112,598
CHN,112,599
CHN,112,600
CHN,112,601
KOR,112,613
KOR,112,614
KOR,112,615
KOR,112,616
JPN,112,619
JPN,112,622
JPN,112,623
JPN,112,624
JPN,112,625
JPN,112,626
JPN,112,627
JPN,112,628
JPN,112,629
JPN,112,630
JPN,112,631
JPN,112,632
JPN,112,633
JPN,112,634
,112,639
JPN,112,640
USA,113,120
USA,113,121
USA,113,124
USA,113,125
USA,113,126
USA,113,127
USA,113,128
USA,113,129
USA,113,130
USA,113,131
USA,113,132
USA,113,133
USA,113,134
USA,113,135
USA,113,136
USA,113,137
USA,113,138
USA,113,139
USA,113,140
USA,113,141
USA,113,142
USA,113,143
USA,113,144
USA,113,145
USA,113,146
USA,113,147
USA,113,148
USA,113,149
USA,113,150
USA,113,151
USA,113,152
USA,113,153
USA,113,154
USA,113,155
USA,113,156
USA,113,157
USA,113,158
USA,113,159
USA,113,160
USA,113,161
USA,113,162
USA,113,163
USA,113,164
USA,113,165
USA,113,166
USA,113,167
USA,113,168
USA,113,169
USA,113,170
USA,113,171
USA,113,172
USA,113,173
USA,113,174
USA,113,175
USA,113,176
USA,113,177
USA,113,178
USA,113,179
USA,113,180
USA,113,181
USA,113,182
USA,113,183
USA,113,184
USA,113,185
USA,113,186
USA,113,187
USA,113,188
USA,113,189
USA,113,190
USA,113,191
USA,113,192
USA,113,193
USA,113,194
USA,113,195
USA,113,196
USA,113,197
USA,113,198
USA,113,199
USA,113,200
USA,113,201
USA,113,202
USA,113,203
USA,113,204
USA,113,205
MAR,113,345
MAR,113,346
MAR,113,347
MAR,113,348
MAR,113,349
MAR,113,350
MAR,113,351
MAR,113,352
MAR,113,353
MAR,113,354
MAR,113,355
MAR,113,356
MAR,113,357
DZA,113,358
DZA,113,359
DZA,113,360
DZA,113,361
DZA,113,362
DZA,113,363
DZA,113,364
DZA,113,365
DZA,113,366
DZA,113,367
DZA,113,368
DZA,113,369
DZA,113,370
DZA,113,371
DZA,113,372
DZA,113,373
DZA,113,374
DZA,113,375
TUN,113,376
TUN,113,377
TUN,113,378
TUN,113,379
TUN,113,380
TUN,113,381
TUN,113,382
TUN,113,383
LBN,113,431
LBN,113,432
SYR,113,433
SYR,113,434
SYR,113,435
SYR,113,436
SYR,113,437
SYR,113,438
SYR,113,439
IRQ,113,440
IRQ,113,441
IRQ,113,442
IRQ,113,443
IRQ,113,444
IRQ,113,445
IRQ,113,446
IRQ,113,447
IRQ,113,448
IRQ,113,449
IRQ,113,450
IRQ,113,451
IRN,113,452
IRN,113,453
IRN,113,454
IRN,113,455
IRN,113,456
IRN,113,457
IRN,113,458
IRN,113,459
IRN,113,460
IRN,113,461
IRN,113,462
IRN,113,463
IRN,113,464
IRN,113,465
IRN,113,466
IRN,113,467
IRN,113,468
IRN,113,469
IRN,113,470
IRN,113,471
IRN,113,472
IRN,113,473
IRN,113,474
IRN,113,475
IRN,113,476
IRN,113,477
IRN,113,478
IRN,113,479
IRN,113,480
IRN,113,481
AFG,113,482
AFG,113,483
AFG,113,484
AFG,113,485
AFG,113,486
AFG,113,487
AFG,113,488
AFG,113,489
AFG,113,490
AFG,113,491
AFG,113,492
AFG,113,493
AFG,113,494
AFG,113,495
AFG,113,496
AFG,113,497
AFG,113,498
AFG,113,499
AFG,113,500
PAK,113,501
PAK,113,502
PAK,113,503
PAK,113,504
PAK,113,505
PAK,113,506
PAK,113,507
PAK,113,508
IND,113,509
IND,113,510
IND,113,511
IND,113,512
IND,113,513
IND,113,514
IND,113,515
IND,113,516
IND,113,517
IND,113,518
CHN,113,519
CHN,113,520
CHN,113,521
CHN,113,522
CHN,113,523
CHN,113,524
CHN,113,525
CHN,113,526
CHN,113,527
CHN,113,528
CHN,113,529
CHN,113,530
CHN,113,531
CHN,113,532
CHN,113,533
CHN,113,534
CHN,113,535
CHN,113,536
CHN,113,537
CHN,113,538
CHN,113,539
CHN,113,540
CHN,113,541
CHN,113,542
CHN,113,543
CHN,113,544
CHN,113,545
CHN,113,546
CHN,113,547
CHN,113,548
CHN,113,549
CHN,113,550
CHN,113,551
CHN,113,552
CHN,113,553
CHN,113,554
CHN,113,555
CHN,113,556
CHN,113,557
CHN,113,558
CHN,113,559
CHN,113,560
CHN,113,561
CHN,113,562
CHN,113,563
CHN,113,564
CHN,113,565
CHN,113,566
CHN,113,567
CHN,113,568
CHN,113,569
CHN,113,570
CHN,113,571
CHN,113,572
CHN,113,573
CHN,113,574
CHN,113,575
CHN,113,576
CHN,113,577
CHN,113,578
CHN,113,579
CHN,113,580
CHN,113,581
CHN,113,582
CHN,113,583
CHN,113,584
CHN,113,585
CHN,113,586
CHN,113,587
CHN,113,588
CHN,113,589
CHN,113,590
CHN,113,591
CHN,113,592
CHN,113,593
CHN,113,594
CHN,113,595
CHN,113,596
CHN,113,597
CHN,113,598
CHN,113,599
CHN,113,600
CHN,113,601
CHN,113,602
KOR,113,613
KOR,113,614
JPN,113,620
JPN,113,621
JPN,113,622
JPN,113,623
JPN,113,624
JPN,113,625
JPN,113,626
JPN,113,627
JPN,113,628
JPN,113,629
JPN,113,630
JPN,113,631
JPN,113,632
JPN,113,633
USA,114,121
USA,114,122
USA,114,123
USA,114,124
USA,114,125
USA,114,126
USA,114,127
USA,114,128
USA,114,129
USA,114,130
USA,114,131
USA,114,132
USA,114,133
USA,114,134
USA,114,135
USA,114,136
USA,114,137
USA,114,138
USA,114,139
USA,114,140
USA,114,141
USA,114,142
USA,114,143
USA,114,144
USA,114,145
USA,114,146
USA,114,147
USA,114,148
USA,114,149
USA,114,150
USA,114,151
USA,114,152
USA,114,153
USA,114,154
USA,114,155
USA,114,156
USA,114,157
USA,114,158
USA,114,159
USA,114,160
USA,114,161
USA,114,162
USA,114,163
USA,114,164
USA,114,165
USA,114,166
USA,114,167
USA,114,168
USA,114,169
USA,114,170
USA,114,171
USA,114,172
USA,114,173
USA,114,174
USA,114,175
USA,114,176
USA,114,177
USA,114,178
USA,114,179
USA,114,180
USA,114,181
USA,114,182
USA,114,183
USA,114,184
USA,114,185
USA,114,186
USA,114,187
USA,114,188
USA,114,189
USA,114,190
USA,114,191
USA,114,192
USA,114,193
USA,114,194
USA,114,195
USA,114,196
USA,114,197
USA,114,198
USA,114,199
USA,114,200
USA,114,201
USA,114,202
PRT,114,328
MAR,114,343
MAR,114,344
MAR,114,345
MAR,114,346
MAR,114,347
MAR,114,348
MAR,114,349
MAR,114,350
MAR,114,351
MAR,114,352
MAR,114,353
MAR,114,354
MAR,114,355
MAR,114,356
MAR,114,357
DZA,114,358
DZA,114,359
DZA,114,360
DZA,114,361
DZA,114,362
DZA,114,363
DZA,114,364
DZA,114,365
DZA,114,366
DZA,114,367
DZA,114,368
DZA,114,369
DZA,114,370
DZA,114,371
DZA,114,372
DZA,114,373
DZA,114,374
DZA,114,375
DZA,114,376
TUN,114,377
TUN,114,378
TUN,114,379
TUN,114,380
TUN,114,381
TUN,114,382
TUN,114,383
LBY,114,384
LBY,114,385
LBN,114,431
ISR,114,432
SYR,114,433
SYR,114,434
SYR,114,435
SYR,114,436
SYR,114,437
JOR,114,438
IRQ,114,439
IRQ,114,440
IRQ,114,441
IRQ,114,442
IRQ,114,443
IRQ,114,444
IRQ,114,445
IRQ,114,446
IRQ,114,447
IRQ,114,448
IRQ,114,449
IRQ,114,450
IRQ,114,451
IRQ,114,452
IRN,114,453
IRN,114,454
IRN,114,455
IRN,114,456
IRN,114,457
IRN,114,458
IRN,114,459
IRN,114,460
IRN,114,461
IRN,114,462
IRN,114,463
IRN,114,464
IRN,114,465
IRN,114,466
IRN,114,467
IRN,114,468
IRN,114,469
IRN,114,470
IRN,114,471
IRN,114,472
IRN,114,473
IRN,114,474
IRN,114,475
IRN,114,476
IRN,114,477
IRN,114,478
IRN,114,479
IRN,114,480
IRN,114,481
AFG,114,482
AFG,114,483
AFG,114,484
AFG,114,485
AFG,114,486
AFG,114,487
AFG,114,488
AFG,114,489
AFG,114,490
AFG,114,491
AFG,114,492
AFG,114,493
AFG,114,494
AFG,114,495
AFG,114,496
AFG,114,497
AFG,114,498
AFG,114,499
AFG,114,500
PAK,114,501
PAK,114,502
PAK,114,503
PAK,114,504
PAK,114,505
PAK,114,506
PAK,114,507
PAK,114,508
IND,114,509
IND,114,510
IND,114,511
IND,114,512
IND,114,513
IND,114,514
IND,114,515
IND,114,516
IND,114,517
IND,114,518
IND,114,519
CHN,114,520
CHN,114,521
CHN,114,522
CHN,114,523
CHN,114,524
CHN,114,525
CHN,114,526
CHN,114,527
CHN,114,528
CHN,114,529
CHN,114,530
CHN,114,531
CHN,114,532
CHN,114,533
CHN,114,534
CHN,114,535
CHN,114,536
CHN,114,537
CHN,114,538
CHN,114,539
CHN,114,540
CHN,114,541
CHN,114,542
CHN,114,543
CHN,114,544
CHN,114,545
CHN,114,546
CHN,114,547
CHN,114,548
CHN,114,549
CHN,114,550
CHN,114,551
CHN,114,552
CHN,114,553
CHN,114,554
CHN,114,555
CHN,114,556
CHN,114,557
CHN,114,558
CHN,114,559
CHN,114,560
CHN,114,561
CHN,114,562
CHN,114,563
CHN,114,564
CHN,114,565
CHN,114,566
CHN,114,567
CHN,114,568
CHN,114,569
CHN,114,570
CHN,114,571
CHN,114,572
CHN,114,573
CHN,114,574
CHN,114,575
CHN,114,576
CHN,114,577
CHN,114,578
CHN,114,579
CHN,114,580
CHN,114,581
CHN,114,582
CHN,114,583
CHN,114,584
CHN,114,585
CHN,114,586
CHN,114,587
CHN,114,588
CHN,114,589
CHN,114,590
CHN,114,591
CHN,114,592
CHN,114,593
CHN,114,594
CHN,114,595
CHN,114,596
CHN,114,597
CHN,114,598
CHN,114,599
CHN,114,600
CHN,114,601
CHN,114,602
KOR,114,613
KOR,114,614
JPN,114,619
JPN,114,620
JPN,114,621
JPN,114,622
JPN,114,623
JPN,114,624
JPN,114,625
JPN,114,626
JPN,114,627
JPN,114,629
JPN,114,640
USA,115,123
USA,115,124
,115,126
,115,127
,115,128
,115,129
,115,130
,115,131
USA,115,132
USA,115,133
USA,115,134
USA,115,135
USA,115,136
USA,115,137
USA,115,138
USA,115,139
USA,115,140
USA,115,141
USA,115,142
USA,115,143
USA,115,144
USA,115,145
USA,115,146
USA,115,147
USA,115,148
USA,115,149
USA,115,150
USA,115,151
USA,115,152
USA,115,153
USA,115,154
USA,115,155
USA,115,156
USA,115,157
USA,115,158
USA,115,159
USA,115,160
USA,115,161
USA,115,162
USA,115,163
USA,115,164
USA,115,165
USA,115,166
USA,115,167
USA,115,168
USA,115,169
USA,115,170
USA,115,171
USA,115,172
USA,115,173
USA,115,174
USA,115,175
USA,115,176
USA,115,177
USA,115,178
USA,115,179
USA,115,180
USA,115,181
USA,115,182
USA,115,183
USA,115,184
USA,115,185
USA,115,186
USA,115,187
USA,115,188
USA,115,189
USA,115,190
USA,115,191
USA,115,192
USA,115,193
USA,115,194
USA,115,195
USA,115,196
USA,115,197
USA,115,198
USA,115,199
USA,115,200
USA,115,201
PRT,115,326
PRT,115,327
MAR,115,342
MAR,115,343
MAR,115,344
MAR,115,345
MAR,115,346
MAR,115,347
MAR,115,348
MAR,115,349
MAR,115,350
MAR,115,351
MAR,115,352
MAR,115,353
MAR,115,354
MAR,115,355
MAR,115,356
MAR,115,357
DZA,115,358
DZA,115,359
DZA,115,360
DZA,115,361
DZA,115,362
DZA,115,363
DZA,115,364
DZA,115,365
DZA,115,366
DZA,115,367
DZA,115,368
DZA,115,369
DZA,115,370
DZA,115,371
DZA,115,372
DZA,115,373
DZA,115,374
DZA,115,375
DZA,115,376
DZA,115,377
TUN,115,378
TUN,115,379
TUN,115,380
TUN,115,381
TUN,115,382
TUN,115,383
LBY,115,384
LBY,115,385
LBY,115,386
LBY,115,387
LBY,115,388
LBY,115,389
LBY,115,390
LBY,115,402
LBY,115,403
LBY,115,404
LBY,115,405
LBY,115,406
LBY,115,407
ISR,115,430
ISR,115,431
ISR,115,432
SYR,115,433
SYR,115,434
SYR,115,435
JOR,115,436
JOR,115,437
JOR,115,438
IRQ,115,439
IRQ,115,440
IRQ,115,441
IRQ,115,442
IRQ,115,443
IRQ,115,444
IRQ,115,445
IRQ,115,446
IRQ,115,447
IRQ,115,448
IRQ,115,449
IRQ,115,450
IRQ,115,451
IRQ,115,452
IRQ,115,453
IRQ,115,454
IRN,115,455
IRN,115,456
IRN,115,457
IRN,115,458
IRN,115,459
IRN,115,460
IRN,115,461
IRN,115,462
IRN,115,463
IRN,115,464
IRN,115,465
IRN,115,466
IRN,115,467
IRN,115,468
IRN,115,469
IRN,115,470
IRN,115,471
IRN,115,472
IRN,115,473
IRN,115,474
IRN,115,475
IRN,115,476
IRN,115,477
IRN,115,478
IRN,115,479
IRN,115,480
IRN,115,481
AFG,115,482
AFG,115,483
AFG,115,484
AFG,115,485
AFG,115,486
AFG,115,487
AFG,115,488
AFG,115,489
AFG,115,490
AFG,115,491
AFG,115,492
AFG,115,493
AFG,115,494
AFG,115,495
AFG,115,496
AFG,115,497
AFG,115,498
AFG,115,499
PAK,115,500
PAK,115,501
PAK,115,502
PAK,115,503
PAK,115,504
PAK,115,505
PAK,115,506
PAK,115,507
PAK,115,508
PAK,115,509
IND,115,510
IND,115,511
IND,115,512
IND,115,513
IND,115,514
IND,115,515
IND,115,516
IND,115,517
IND,115,518
IND,115,519
CHN,115,520
CHN,115,521
CHN,115,522
CHN,115,523
CHN,115,524
CHN,115,525
CHN,115,526
CHN,115,527
CHN,115,528
CHN,115,529
CHN,115,530
CHN,115,531
CHN,115,532
CHN,115,533
CHN,115,534
CHN,115,535
CHN,115,536
CHN,115,537
CHN,115,538
CHN,115,539
CHN,115,540
CHN,115,541
CHN,115,542
CHN,115,543
CHN,115,544
CHN,115,545
CHN,115,546
CHN,115,547
CHN,115,548
CHN,115,549
CHN,115,550
CHN,115,551
CHN,115,552
CHN,115,553
CHN,115,554
CHN,115,555
CHN,115,556
CHN,115,557
CHN,115,558
CHN,115,559
CHN,115,560
CHN,115,561
CHN,115,562
CHN,115,563
CHN,115,564
CHN,115,565
CHN,115,566
CHN,115,567
CHN,115,568
CHN,115,569
CHN,115,570
CHN,115,571
CHN,115,572
CHN,115,573
CHN,115,574
CHN,115,575
CHN,115,576
CHN,115,577
CHN,115,578
CHN,115,579
CHN,115,580
CHN,115,581
CHN,115,582
CHN,115,583
CHN,115,584
CHN,115,585
CHN,115,586
CHN,115,587
CHN,115,588
CHN,115,589
CHN,115,590
CHN,115,591
CHN,115,592
CHN,115,593
CHN,115,594
CHN,115,595
CHN,115,596
CHN,115,597
CHN,115,598
CHN,115,599
CHN,115,600
CHN,115,601
CHN,115,602
CHN,115,603
JPN,115,618
JPN,115,619
JPN,115,620
JPN,115,621
JPN,115,622
JPN,115,623
JPN,115,624
JPN,115,626
JPN,115,627
MEX,116,126
MEX,116,127
MEX,116,128
MEX,116,129
MEX,116,130
,116,131
,116,132
,116,133
,116,134
USA,116,135
USA,116,136
USA,116,137
USA,116,138
USA,116,139
USA,116,140
USA,116,141
USA,116,142
USA,116,143
USA,116,144
USA,116,145
USA,116,146
USA,116,147
USA,116,148
USA,116,149
USA,116,150
USA,116,151
USA,116,152
USA,116,153
USA,116,154
USA,116,155
USA,116,156
USA,116,157
USA,116,158
USA,116,159
USA,116,160
USA,116,161
USA,116,162
USA,116,163
USA,116,164
USA,116,165
USA,116,166
USA,116,167
USA,116,168
USA,116,169
USA,116,170
USA,116,171
USA,116,172
USA,116,173
USA,116,174
USA,116,175
USA,116,176
USA,116,177
USA,116,178
USA,116,179
USA,116,180
USA,116,181
USA,116,182
USA,116,183
USA,116,184
USA,116,185
USA,116,186
USA,116,187
USA,116,188
USA,116,189
USA,116,190
USA,116,191
USA,116,192
USA,116,193
USA,116,194
USA,116,195
USA,116,196
USA,116,197
USA,116,198
USA,116,199
USA,116,200
BMU,116,231
MAR,116,342
MAR,116,343
MAR,116,344
MAR,116,345
MAR,116,346
MAR,116,347
MAR,116,348
MAR,116,349
MAR,116,350
MAR,116,351
MAR,116,352
MAR,116,353
MAR,116,354
MAR,116,355
MAR,116,356
MAR,116,357
DZA,116,358
DZA,116,359
DZA,116,360
DZA,116,361
DZA,116,362
DZA,116,363
DZA,116,364
DZA,116,365
DZA,116,366
DZA,116,367
DZA,116,368
DZA,116,369
DZA,116,370
DZA,116,371
DZA,116,372
DZA,116,373
DZA,116,374
DZA,116,375
DZA,116,376
DZA,116,377
DZA,116,378
TUN,116,379
TUN,116,380
TUN,116,381
TUN,116,382
LBY,116,383
LBY,116,384
LBY,116,385
LBY,116,386
LBY,116,387
LBY,116,388
LBY,116,389
LBY,116,390
LBY,116,391
LBY,116,401
LBY,116,402
LBY,116,403
LBY,116,404
LBY,116,405
LBY,116,406
LBY,116,407
LBY,116,408
LBY,116,409
LBY,116,410
ISR,116,430
PSE,116,431
JOR,116,432
JOR,116,433
JOR,116,434
JOR,116,435
JOR,116,436
JOR,116,437
JOR,116,438
IRQ,116,439
IRQ,116,440
IRQ,116,441
IRQ,116,442
IRQ,116,443
IRQ,116,444
IRQ,116,445
IRQ,116,446
IRQ,116,447
IRQ,116,448
IRQ,116,449
IRQ,116,450
IRQ,116,451
IRQ,116,452
IRQ,116,453
IRQ,116,454
IRQ,116,455
IRN,116,456
IRN,116,457
IRN,116,458
IRN,116,459
IRN,116,460
IRN,116,461
IRN,116,462
IRN,116,463
IRN,116,464
IRN,116,465
IRN,116,466
IRN,116,467
IRN,116,468
IRN,116,469
IRN,116,470
IRN,116,471
IRN,116,472
IRN,116,473
IRN,116,474
IRN,116,475
IRN,116,476
IRN,116,477
IRN,116,478
IRN,116,479
IRN,116,480
IRN,116,481
IRN,116,482
AFG,116,483
AFG,116,484
AFG,116,485
AFG,116,486
AFG,116,487
AFG,116,488
AFG,116,489
AFG,116,490
AFG,116,491
AFG,116,492
AFG,116,493
AFG,116,494
AFG,116,495
AFG,116,496
AFG,116,497
AFG,116,498
AFG,116,499
PAK,116,500
PAK,116,501
PAK,116,502
PAK,116,503
PAK,116,504
PAK,116,505
PAK,116,506
PAK,116,507
PAK,116,508
PAK,116,509
PAK,116,510
IND,116,511
IND,116,512
IND,116,513
IND,116,514
IND,116,515
IND,116,516
IND,116,517
CHN,116,518
CHN,116,519
CHN,116,520
CHN,116,521
CHN,116,522
CHN,116,523
CHN,116,524
CHN,116,525
CHN,116,526
CHN,116,527
CHN,116,528
CHN,116,529
CHN,116,530
CHN,116,531
CHN,116,532
CHN,116,533
CHN,116,534
CHN,116,535
CHN,116,536
CHN,116,537
CHN,116,538
CHN,116,539
CHN,116,540
CHN,116,541
CHN,116,542
CHN,116,543
CHN,116,544
CHN,116,545
CHN,116,546
CHN,116,547
CHN,116,548
CHN,116,549
CHN,116,550
CHN,116,551
CHN,116,552
CHN,116,553
CHN,116,554
CHN,116,555
CHN,116,556
CHN,116,557
CHN,116,558
CHN,116,559
CHN,116,560
CHN,116,561
CHN,116,562
CHN,116,563
CHN,116,564
CHN,116,565
CHN,116,566
CHN,116,567
CHN,116,568
CHN,116,569
CHN,116,570
CHN,116,571
CHN,116,572
CHN,116,573
CHN,116,574
CHN,116,575
CHN,116,576
CHN,116,577
CHN,116,578
CHN,116,579
CHN,116,580
CHN,116,581
CHN,116,582
CHN,116,583
CHN,116,584
CHN,116,585
CHN,116,586
CHN,116,587
CHN,116,588
CHN,116,589
CHN,116,590
CHN,116,591
CHN,116,592
CHN,116,593
CHN,116,594
CHN,116,595
CHN,116,596
CHN,116,597
CHN,116,598
CHN,116,599
CHN,116,600
CHN,116,601
CHN,116,602
CHN,116,603
CHN,116,604
JPN,116,621
JPN,116,622
JPN,116,623
JPN,116,624
MEX,117,127
MEX,117,128
MEX,117,129
MEX,117,130
MEX,117,131
MEX,117,132
MEX,117,133
MEX,117,134
,117,135
,117,136
,117,137
USA,117,138
USA,117,139
USA,117,140
USA,117,141
USA,117,142
USA,117,143
,117,144
,117,145
,117,146
,117,147
,117,148
USA,117,149
USA,117,150
USA,117,151
USA,117,152
USA,117,153
USA,117,154
USA,117,155
USA,117,156
USA,117,157
USA,117,158
USA,117,159
USA,117,160
USA,117,161
USA,117,162
USA,117,163
USA,117,164
USA,117,165
USA,117,166
USA,117,167
USA,117,168
USA,117,169
USA,117,170
USA,117,171
USA,117,172
USA,117,173
USA,117,174
USA,117,175
USA,117,176
USA,117,177
USA,117,178
USA,117,179
USA,117,180
USA,117,181
USA,117,182
USA,117,183
USA,117,184
USA,117,185
USA,117,186
USA,117,187
USA,117,188
USA,117,189
USA,117,190
USA,117,191
USA,117,192
USA,117,193
USA,117,194
USA,117,195
USA,117,196
USA,117,197
USA,117,198
USA,117,199
MAR,117,341
MAR,117,342
MAR,117,343
MAR,117,344
MAR,117,345
MAR,117,346
MAR,117,347
MAR,117,348
MAR,117,349
MAR,117,350
MAR,117,351
MAR,117,352
MAR,117,353
MAR,117,354
DZA,117,355
DZA,117,356
DZA,117,357
DZA,117,358
DZA,117,359
DZA,117,360
DZA,117,361
DZA,117,362
DZA,117,363
DZA,117,364
DZA,117,365
DZA,117,366
DZA,117,367
DZA,117,368
DZA,117,369
DZA,117,370
DZA,117,371
DZA,117,372
DZA,117,373
DZA,117,374
DZA,117,375
DZA,117,376
DZA,117,377
DZA,117,378
TUN,117,379
TUN,117,380
TUN,117,381
LBY,117,382
LBY,117,383
LBY,117,384
LBY,117,385
LBY,117,386
LBY,117,387
LBY,117,388
LBY,117,389
LBY,117,390
LBY,117,391
LBY,117,392
LBY,117,400
LBY,117,401
LBY,117,402
LBY,117,403
LBY,117,404
LBY,117,405
LBY,117,406
LBY,117,407
LBY,117,408
LBY,117,409
LBY,117,410
LBY,117,411
EGY,117,412
EGY,117,413
EGY,117,414
EGY,117,422
EGY,117,423
EGY,117,424
PSE,117,429
ISR,117,430
PSE,117,431
JOR,117,432
JOR,117,433
JOR,117,434
JOR,117,435
JOR,117,436
SAU,117,437
SAU,117,438
SAU,117,439
SAU,117,440
SAU,117,441
SAU,117,442
IRQ,117,443
IRQ,117,444
IRQ,117,445
IRQ,117,446
IRQ,117,447
IRQ,117,448
IRQ,117,449
IRQ,117,450
IRQ,117,451
IRQ,117,452
IRQ,117,453
IRQ,117,454
IRQ,117,455
IRQ,117,456
IRN,117,457
IRN,117,458
IRN,117,459
IRN,117,460
IRN,117,461
IRN,117,462
IRN,117,463
IRN,117,464
IRN,117,465
IRN,117,466
IRN,117,467
IRN,117,468
IRN,117,469
IRN,117,470
IRN,117,471
IRN,117,472
IRN,117,473
IRN,117,474
IRN,117,475
IRN,117,476
IRN,117,477
IRN,117,478
IRN,117,479
IRN,117,480
IRN,117,481
IRN,117,482
AFG,117,483
AFG,117,484
AFG,117,485
AFG,117,486
AFG,117,487
AFG,117,488
AFG,117,489
AFG,117,490
AFG,117,491
AFG,117,492
AFG,117,493
AFG,117,494
AFG,117,495
AFG,117,496
PAK,117,497
AFG,117,498
PAK,117,499
PAK,117,500
PAK,117,501
PAK,117,502
PAK,117,503
PAK,117,504
PAK,117,505
PAK,117,506
PAK,117,507
PAK,117,508
PAK,117,509
IND,117,510
IND,117,511
IND,117,512
IND,117,513
IND,117,514
IND,117,515
IND,117,516
IND,117,517
IND,117,518
CHN,117,519
CHN,117,520
CHN,117,521
CHN,117,522
CHN,117,523
CHN,117,524
CHN,117,525
CHN,117,526
CHN,117,527
CHN,117,528
CHN,117,529
CHN,117,530
CHN,117,531
CHN,117,532
CHN,117,533
CHN,117,534
CHN,117,535
CHN,117,536
CHN,117,537
CHN,117,538
CHN,117,539
CHN,117,540
CHN,117,541
CHN,117,542
CHN,117,543
CHN,117,544
CHN,117,545
CHN,117,546
CHN,117,547
CHN,117,548
CHN,117,549
CHN,117,550
CHN,117,551
CHN,117,552
CHN,117,553
CHN,117,554
CHN,117,555
CHN,117,556
CHN,117,557
CHN,117,558
CHN,117,559
CHN,117,560
CHN,117,561
CHN,117,562
CHN,117,563
CHN,117,564
CHN,117,565
CHN,117,566
CHN,117,567
CHN,117,568
CHN,117,569
CHN,117,570
CHN,117,571
CHN,117,572
CHN,117,573
CHN,117,574
CHN,117,575
CHN,117,576
CHN,117,577
CHN,117,578
CHN,117,579
CHN,117,580
CHN,117,581
CHN,117,582
CHN,117,583
CHN,117,584
CHN,117,585
CHN,117,586
CHN,117,587
CHN,117,588
CHN,117,589
CHN,117,590
CHN,117,591
CHN,117,592
CHN,117,593
CHN,117,594
CHN,117,595
CHN,117,596
CHN,117,597
CHN,117,598
CHN,117,599
CHN,117,600
CHN,117,601
CHN,117,602
CHN,117,603
CHN,117,604
JPN,117,620
JPN,117,621
JPN,117,622
JPN,117,623
MEX,118,128
MEX,118,129
MEX,118,130
MEX,118,131
MEX,118,133
MEX,118,134
MEX,118,135
MEX,118,136
MEX,118,137
,118,138
,118,139
,118,140
,118,141
,118,142
,118,143
,118,144
MEX,118,145
MEX,118,146
MEX,118,147
,118,148
,118,149
USA,118,150
USA,118,151
USA,118,152
USA,118,153
USA,118,154
USA,118,155
USA,118,156
USA,118,157
USA,118,158
USA,118,159
USA,118,160
USA,118,161
USA,118,162
USA,118,163
USA,118,164
USA,118,165
USA,118,166
USA,118,167
USA,118,168
USA,118,169
USA,118,170
USA,118,171
USA,118,172
USA,118,173
USA,118,174
USA,118,175
USA,118,176
USA,118,177
USA,118,178
USA,118,179
USA,118,180
USA,118,181
USA,118,182
USA,118,183
USA,118,184
USA,118,185
USA,118,186
USA,118,187
USA,118,188
USA,118,189
USA,118,190
USA,118,191
USA,118,192
USA,118,193
USA,118,194
USA,118,195
USA,118,196
USA,118,197
USA,118,198
MAR,118,341
MAR,118,342
MAR,118,343
MAR,118,344
MAR,118,345
MAR,118,346
MAR,118,347
MAR,118,348
MAR,118,349
MAR,118,350
MAR,118,351
MAR,118,352
MAR,118,353
DZA,118,354
DZA,118,355
DZA,118,356
DZA,118,357
DZA,118,358
DZA,118,359
DZA,118,360
DZA,118,361
DZA,118,362
DZA,118,363
DZA,118,364
DZA,118,365
DZA,118,366
DZA,118,367
DZA,118,368
DZA,118,369
DZA,118,370
DZA,118,371
DZA,118,372
DZA,118,373
DZA,118,374
DZA,118,375
DZA,118,376
DZA,118,377
DZA,118,378
DZA,118,379
TUN,118,380
LBY,118,381
LBY,118,382
LBY,118,383
LBY,118,384
LBY,118,385
LBY,118,386
LBY,118,387
LBY,118,388
LBY,118,389
LBY,118,390
LBY,118,391
LBY,118,392
LBY,118,393
LBY,118,394
LBY,118,395
LBY,118,396
LBY,118,401
LBY,118,402
LBY,118,403
LBY,118,404
LBY,118,405
LBY,118,406
LBY,118,407
LBY,118,408
LBY,118,409
LBY,118,410
EGY,118,411
EGY,118,412
EGY,118,413
EGY,118,414
EGY,118,415
EGY,118,416
EGY,118,417
EGY,118,418
EGY,118,420
EGY,118,421
EGY,118,422
EGY,118,423
EGY,118,424
EGY,118,425
EGY,118,426
EGY,118,427
EGY,118,428
EGY,118,429
ISR,118,430
ISR,118,431
JOR,118,432
JOR,118,433
JOR,118,434
JOR,118,435
SAU,118,436
SAU,118,437
SAU,118,438
SAU,118,439
SAU,118,440
SAU,118,441
SAU,118,442
SAU,118,443
SAU,118,444
IRQ,118,445
IRQ,118,446
IRQ,118,447
IRQ,118,448
IRQ,118,449
IRQ,118,450
IRQ,118,451
IRQ,118,452
IRQ,118,453
IRQ,118,454
IRQ,118,455
IRN,118,456
IRN,118,457
IRN,118,458
IRN,118,459
IRN,118,460
IRN,118,461
IRN,118,462
IRN,118,463
IRN,118,464
IRN,118,465
IRN,118,466
IRN,118,467
IRN,118,468
IRN,118,469
IRN,118,470
IRN,118,471
IRN,118,472
IRN,118,473
IRN,118,474
IRN,118,475
IRN,118,476
IRN,118,477
IRN,118,478
IRN,118,479
IRN,118,480
IRN,118,481
IRN,118,482
IRN,118,483
AFG,118,484
AFG,118,485
AFG,118,486
AFG,118,487
AFG,118,488
AFG,118,489
AFG,118,490
AFG,118,491
AFG,118,492
AFG,118,493
AFG,118,494
PAK,118,495
PAK,118,496
PAK,118,497
PAK,118,498
PAK,118,499
PAK,118,500
PAK,118,501
PAK,118,502
PAK,118,503
PAK,118,504
PAK,118,505
PAK,118,506
PAK,118,507
PAK,118,508
PAK,118,509
IND,118,510
IND,118,511
IND,118,512
IND,118,513
IND,118,514
IND,118,515
IND,118,516
IND,118,517
IND,118,518
IND,118,519
CHN,118,520
CHN,118,521
CHN,118,522
CHN,118,523
CHN,118,524
CHN,118,525
CHN,118,526
CHN,118,527
CHN,118,528
CHN,118,529
CHN,118,530
CHN,118,531
CHN,118,532
CHN,118,533
CHN,118,534
CHN,118,535
CHN,118,536
CHN,118,537
CHN,118,538
CHN,118,539
CHN,118,540
CHN,118,541
CHN,118,542
CHN,118,543
CHN,118,544
CHN,118,545
CHN,118,546
CHN,118,547
CHN,118,548
CHN,118,549
CHN,118,550
CHN,118,551
CHN,118,552
CHN,118,553
CHN,118,554
CHN,118,555
CHN,118,556
CHN,118,557
CHN,118,558
CHN,118,559
CHN,118,560
CHN,118,561
CHN,118,562
CHN,118,563
CHN,118,564
CHN,118,565
CHN,118,566
CHN,118,567
CHN,118,568
CHN,118,569
CHN,118,570
CHN,118,571
CHN,118,572
CHN,118,573
CHN,118,574
CHN,118,575
CHN,118,576
CHN,118,577
CHN,118,578
CHN,118,579
CHN,118,580
CHN,118,581
CHN,118,582
CHN,118,583
CHN,118,584
CHN,118,585
CHN,118,586
CHN,118,587
CHN,118,588
CHN,118,589
CHN,118,590
CHN,118,591
CHN,118,592
CHN,118,593
CHN,118,594
CHN,118,595
CHN,118,596
CHN,118,597
CHN,118,598
CHN,118,599
CHN,118,600
CHN,118,601
CHN,118,602
CHN,118,603
CHN,118,604
JPN,118,621
JPN,118,622
JPN,118,623
MEX,119,128
MEX,119,129
MEX,119,130
MEX,119,131
MEX,119,134
MEX,119,135
MEX,119,136
MEX,119,137
MEX,119,138
MEX,119,139
MEX,119,140
MEX,119,141
MEX,119,142
MEX,119,143
MEX,119,144
MEX,119,145
MEX,119,146
MEX,119,147
MEX,119,148
MEX,119,149
,119,150
,119,151
USA,119,152
USA,119,153
USA,119,154
USA,119,155
USA,119,156
USA,119,157
USA,119,158
USA,119,159
USA,119,160
USA,119,161
USA,119,162
USA,119,163
USA,119,164
USA,119,165
USA,119,166
USA,119,167
USA,119,168
USA,119,169
USA,119,170
USA,119,171
USA,119,172
USA,119,173
USA,119,174
USA,119,175
USA,119,176
USA,119,177
USA,119,178
USA,119,179
USA,119,180
USA,119,181
USA,119,182
USA,119,183
USA,119,184
USA,119,185
USA,119,186
USA,119,187
USA,119,188
USA,119,189
USA,119,190
USA,119,191
USA,119,192
USA,119,193
USA,119,194
USA,119,195
USA,119,196
USA,119,197
USA,119,198
MAR,119,341
MAR,119,342
MAR,119,343
MAR,119,344
MAR,119,345
MAR,119,346
MAR,119,347
MAR,119,348
MAR,119,349
MAR,119,350
MAR,119,351
MAR,119,352
MAR,119,353
DZA,119,354
DZA,119,355
DZA,119,356
DZA,119,357
DZA,119,358
DZA,119,359
DZA,119,360
DZA,119,361
DZA,119,362
DZA,119,363
DZA,119,364
DZA,119,365
DZA,119,366
DZA,119,367
DZA,119,368
DZA,119,369
DZA,119,370
DZA,119,371
DZA,119,372
DZA,119,373
DZA,119,374
DZA,119,375
DZA,119,376
DZA,119,377
DZA,119,378
DZA,119,379
TUN,119,380
LBY,119,381
LBY,119,382
LBY,119,383
LBY,119,384
LBY,119,385
LBY,119,386
LBY,119,387
LBY,119,388
LBY,119,389
LBY,119,390
LBY,119,391
LBY,119,392
LBY,119,393
LBY,119,394
LBY,119,395
LBY,119,396
LBY,119,397
LBY,119,398
LBY,119,400
LBY,119,401
LBY,119,402
LBY,119,403
LBY,119,404
LBY,119,405
LBY,119,406
LBY,119,407
LBY,119,408
LBY,119,409
LBY,119,410
EGY,119,411
EGY,119,412
EGY,119,413
EGY,119,414
EGY,119,415
EGY,119,416
EGY,119,417
EGY,119,418
EGY,119,419
EGY,119,420
EGY,119,421
EGY,119,422
EGY,119,423
EGY,119,424
EGY,119,425
EGY,119,426
EGY,119,427
EGY,119,428
EGY,119,429
ISR,119,430
ISR,119,431
JOR,119,432
JOR,119,433
JOR,119,434
JOR,119,435
JOR,119,436
SAU,119,437
SAU,119,438
SAU,119,439
SAU,119,440
SAU,119,441
SAU,119,442
SAU,119,443
SAU,119,444
SAU,119,445
IRQ,119,446
IRQ,119,447
IRQ,119,448
IRQ,119,449
IRQ,119,450
IRQ,119,451
IRQ,119,452
IRQ,119,453
IRQ,119,454
IRQ,119,455
IRQ,119,456
IRN,119,457
IRN,119,458
IRN,119,459
IRN,119,460
IRN,119,461
IRN,119,462
IRN,119,463
IRN,119,464
IRN,119,465
IRN,119,466
IRN,119,467
IRN,119,468
IRN,119,469
IRN,119,470
IRN,119,471
IRN,119,472
IRN,119,473
IRN,119,474
IRN,119,475
IRN,119,476
IRN,119,477
IRN,119,478
IRN,119,479
IRN,119,480
IRN,119,481
IRN,119,482
IRN,119,483
AFG,119,484
AFG,119,485
AFG,119,486
AFG,119,487
AFG,119,488
AFG,119,489
AFG,119,490
AFG,119,491
AFG,119,492
AFG,119,493
PAK,119,494
PAK,119,495
PAK,119,496
PAK,119,497
PAK,119,498
PAK,119,499
PAK,119,500
PAK,119,501
PAK,119,502
PAK,119,503
PAK,119,504
PAK,119,505
PAK,119,506
PAK,119,507
PAK,119,508
IND,119,509
IND,119,510
IND,119,511
IND,119,512
IND,119,513
IND,119,514
IND,119,515
IND,119,516
IND,119,517
IND,119,518
IND,119,519
IND,119,520
CHN,119,521
CHN,119,522
CHN,119,523
CHN,119,524
CHN,119,525
CHN,119,526
CHN,119,527
CHN,119,528
CHN,119,529
CHN,119,530
CHN,119,531
CHN,119,532
CHN,119,533
CHN,119,534
CHN,119,535
CHN,119,536
CHN,119,537
CHN,119,538
CHN,119,539
CHN,119,540
CHN,119,541
CHN,119,542
CHN,119,543
CHN,119,544
CHN,119,545
CHN,119,546
CHN,119,547
CHN,119,548
CHN,119,549
CHN,119,550
CHN,119,551
CHN,119,552
CHN,119,553
CHN,119,554
CHN,119,555
CHN,119,556
CHN,119,557
CHN,119,558
CHN,119,559
CHN,119,560
CHN,119,561
CHN,119,562
CHN,119,563
CHN,119,564
CHN,119,565
CHN,119,566
CHN,119,567
CHN,119,568
CHN,119,569
CHN,119,570
CHN,119,571
CHN,119,572
CHN,119,573
CHN,119,574
CHN,119,575
CHN,119,576
CHN,119,577
CHN,119,578
CHN,119,579
CHN,119,580
CHN,119,581
CHN,119,582
CHN,119,583
CHN,119,584
CHN,119,585
CHN,119,586
CHN,119,587
CHN,119,588
CHN,119,589
CHN,119,590
CHN,119,591
CHN,119,592
CHN,119,593
CHN,119,594
CHN,119,595
CHN,119,596
CHN,119,597
CHN,119,598
CHN,119,599
CHN,119,600
CHN,119,601
CHN,119,602
CHN,119,603
CHN,119,604
,119,605
JPN,119,622
JPN,119,623
MEX,120,129
MEX,120,130
MEX,120,131
MEX,120,135
MEX,120,136
MEX,120,137
MEX,120,138
MEX,120,139
MEX,120,140
MEX,120,141
MEX,120,142
MEX,120,143
MEX,120,144
MEX,120,145
MEX,120,146
MEX,120,147
MEX,120,148
MEX,120,149
MEX,120,150
,120,151
USA,120,152
USA,120,153
USA,120,154
USA,120,155
USA,120,156
USA,120,157
USA,120,158
USA,120,159
USA,120,160
USA,120,161
USA,120,162
USA,120,163
USA,120,164
USA,120,165
USA,120,166
USA,120,167
USA,120,168
USA,120,169
USA,120,170
USA,120,171
USA,120,172
USA,120,173
USA,120,174
USA,120,175
USA,120,176
USA,120,177
USA,120,178
USA,120,179
USA,120,180
USA,120,181
USA,120,182
USA,120,183
USA,120,184
USA,120,185
USA,120,186
USA,120,187
USA,120,188
USA,120,189
USA,120,190
USA,120,191
USA,120,192
USA,120,193
USA,120,194
USA,120,195
USA,120,196
USA,120,197
USA,120,198
MAR,120,341
MAR,120,342
MAR,120,343
MAR,120,344
MAR,120,345
MAR,120,346
MAR,120,347
MAR,120,348
MAR,120,349
MAR,120,350
MAR,120,351
DZA,120,352
DZA,120,353
DZA,120,354
DZA,120,355
DZA,120,356
DZA,120,357
DZA,120,358
DZA,120,359
DZA,120,360
DZA,120,361
DZA,120,362
DZA,120,363
DZA,120,364
DZA,120,365
DZA,120,366
DZA,120,367
DZA,120,368
DZA,120,369
DZA,120,370
DZA,120,371
DZA,120,372
DZA,120,373
DZA,120,374
DZA,120,375
DZA,120,376
DZA,120,377
DZA,120,378
DZA,120,379
LBY,120,380
LBY,120,381
LBY,120,382
LBY,120,383
LBY,120,384
LBY,120,385
LBY,120,386
LBY,120,387
LBY,120,388
LBY,120,389
LBY,120,390
LBY,120,391
LBY,120,392
LBY,120,393
LBY,120,394
LBY,120,395
LBY,120,396
LBY,120,397
LBY,120,398
LBY,120,399
LBY,120,400
LBY,120,401
LBY,120,402
LBY,120,403
LBY,120,404
LBY,120,405
LBY,120,406
LBY,120,407
LBY,120,408
LBY,120,409
LBY,120,410
EGY,120,411
EGY,120,412
EGY,120,413
EGY,120,414
EGY,120,415
EGY,120,416
EGY,120,417
EGY,120,418
EGY,120,419
EGY,120,420
EGY,120,421
EGY,120,422
EGY,120,423
EGY,120,424
EGY,120,425
EGY,120,426
EGY,120,427
EGY,120,428
EGY,120,429
ISR,120,430
JOR,120,431
JOR,120,432
JOR,120,433
JOR,120,434
JOR,120,435
SAU,120,436
SAU,120,437
SAU,120,438
SAU,120,439
SAU,120,440
SAU,120,441
SAU,120,442
SAU,120,443
SAU,120,444
SAU,120,445
SAU,120,446
SAU,120,447
IRQ,120,448
IRQ,120,449
IRQ,120,450
IRQ,120,451
IRQ,120,452
IRQ,120,453
IRQ,120,454
IRQ,120,455
IRQ,120,456
IRQ,120,457
IRN,120,458
IRN,120,459
IRN,120,460
IRN,120,461
IRN,120,462
IRN,120,463
IRN,120,464
IRN,120,465
IRN,120,466
IRN,120,467
IRN,120,468
IRN,120,469
IRN,120,470
IRN,120,471
IRN,120,472
IRN,120,473
IRN,120,474
IRN,120,475
IRN,120,476
IRN,120,477
IRN,120,478
IRN,120,479
IRN,120,480
IRN,120,481
IRN,120,482
AFG,120,483
AFG,120,484
AFG,120,485
AFG,120,486
AFG,120,487
AFG,120,488
AFG,120,489
AFG,120,490
AFG,120,491
AFG,120,492
AFG,120,493
PAK,120,494
PAK,120,495
PAK,120,496
PAK,120,497
PAK,120,498
PAK,120,499
PAK,120,500
PAK,120,501
PAK,120,502
PAK,120,503
PAK,120,504
PAK,120,505
PAK,120,506
PAK,120,507
PAK,120,508
IND,120,509
IND,120,510
IND,120,511
IND,120,512
IND,120,513
IND,120,514
IND,120,515
IND,120,516
IND,120,517
IND,120,518
IND,120,519
IND,120,520
IND,120,521
IND,120,522
CHN,120,523
NPL,120,524
CHN,120,525
CHN,120,526
CHN,120,527
CHN,120,528
CHN,120,529
CHN,120,530
CHN,120,531
CHN,120,532
CHN,120,533
CHN,120,534
CHN,120,535
CHN,120,536
CHN,120,537
CHN,120,538
CHN,120,539
CHN,120,540
CHN,120,541
CHN,120,542
CHN,120,543
CHN,120,544
CHN,120,545
CHN,120,546
CHN,120,547
CHN,120,548
CHN,120,549
CHN,120,550
CHN,120,551
CHN,120,552
CHN,120,553
CHN,120,554
CHN,120,555
CHN,120,556
CHN,120,557
CHN,120,558
CHN,120,559
CHN,120,560
CHN,120,561
CHN,120,562
CHN,120,563
CHN,120,564
CHN,120,565
CHN,120,566
CHN,120,567
CHN,120,568
CHN,120,569
CHN,120,570
CHN,120,571
CHN,120,572
CHN,120,573
CHN,120,574
CHN,120,575
CHN,120,576
CHN,120,577
CHN,120,578
CHN,120,579
CHN,120,580
CHN,120,581
CHN,120,582
CHN,120,583
CHN,120,584
CHN,120,585
CHN,120,586
CHN,120,587
CHN,120,588
CHN,120,589
CHN,120,590
CHN,120,591
CHN,120,592
CHN,120,593
CHN,120,594
CHN,120,595
CHN,120,596
CHN,120,597
CHN,120,598
CHN,120,599
CHN,120,600
CHN,120,601
CHN,120,602
CHN,120,603
CHN,120,604
CHN,120,605
JPN,120,621
JPN,120,622
MEX,121,129
MEX,121,130
MEX,121,131
MEX,121,132
MEX,121,133
MEX,121,134
MEX,121,135
MEX,121,136
MEX,121,137
MEX,121,138
MEX,121,139
MEX,121,140
MEX,121,141
MEX,121,142
MEX,121,143
MEX,121,144
MEX,121,145
MEX,121,146
MEX,121,147
MEX,121,148
MEX,121,149
MEX,121,150
,121,151
,121,152
USA,121,153
USA,121,154
,121,155
,121,156
,121,157
,121,158
USA,121,159
USA,121,160
USA,121,161
USA,121,162
USA,121,163
USA,121,164
USA,121,165
USA,121,166
USA,121,167
USA,121,168
USA,121,169
USA,121,170
USA,121,171
USA,121,172
USA,121,173
USA,121,174
USA,121,175
USA,121,176
USA,121,177
USA,121,178
USA,121,179
USA,121,180
USA,121,181
USA,121,182
USA,121,183
USA,121,190
USA,121,191
USA,121,192
USA,121,193
USA,121,194
USA,121,195
USA,121,196
USA,121,197
USA,121,198
MAR,121,340
MAR,121,341
MAR,121,342
MAR,121,343
MAR,121,344
MAR,121,345
MAR,121,346
MAR,121,347
MAR,121,348
MAR,121,349
DZA,121,350
DZA,121,351
DZA,121,352
DZA,121,353
DZA,121,354
DZA,121,355
DZA,121,356
DZA,121,357
DZA,121,358
DZA,121,359
DZA,121,360
DZA,121,361
DZA,121,362
DZA,121,363
DZA,121,364
DZA,121,365
DZA,121,366
DZA,121,367
DZA,121,368
DZA,121,369
DZA,121,370
DZA,121,371
DZA,121,372
DZA,121,373
DZA,121,374
DZA,121,375
DZA,121,376
DZA,121,377
DZA,121,378
DZA,121,379
LBY,121,380
LBY,121,381
LBY,121,382
LBY,121,383
LBY,121,384
LBY,121,385
LBY,121,386
LBY,121,387
LBY,121,388
LBY,121,389
LBY,121,390
LBY,121,391
LBY,121,392
LBY,121,393
LBY,121,394
LBY,121,395
LBY,121,396
LBY,121,397
LBY,121,398
LBY,121,399
LBY,121,400
LBY,121,401
LBY,121,402
LBY,121,403
LBY,121,404
LBY,121,405
LBY,121,406
LBY,121,407
LBY,121,408
LBY,121,409
LBY,121,410
EGY,121,411
EGY,121,412
EGY,121,413
EGY,121,414
EGY,121,415
EGY,121,416
EGY,121,417
EGY,121,418
EGY,121,419
EGY,121,420
EGY,121,421
EGY,121,422
EGY,121,423
EGY,121,424
EGY,121,425
EGY,121,426
EGY,121,427
EGY,121,428
EGY,121,429
EGY,121,430
JOR,121,431
JOR,121,432
JOR,121,433
SAU,121,434
SAU,121,435
SAU,121,436
SAU,121,437
SAU,121,438
SAU,121,439
SAU,121,440
SAU,121,441
SAU,121,442
SAU,121,443
SAU,121,444
SAU,121,445
SAU,121,446
SAU,121,447
SAU,121,448
IRQ,121,449
IRQ,121,450
IRQ,121,451
IRQ,121,452
IRQ,121,453
IRQ,121,454
KWT,121,455
KWT,121,456
KWT,121,457
IRQ,121,458
IRN,121,461
IRN,121,462
IRN,121,463
IRN,121,464
IRN,121,465
IRN,121,466
IRN,121,467
IRN,121,468
IRN,121,469
IRN,121,470
IRN,121,471
IRN,121,472
IRN,121,473
IRN,121,474
IRN,121,475
IRN,121,476
IRN,121,477
IRN,121,478
IRN,121,479
IRN,121,480
IRN,121,481
IRN,121,482
AFG,121,483
AFG,121,484
AFG,121,485
AFG,121,486
AFG,121,487
AFG,121,488
AFG,121,489
AFG,121,490
AFG,121,491
AFG,121,492
PAK,121,493
PAK,121,494
PAK,121,495
PAK,121,496
PAK,121,497
PAK,121,498
PAK,121,499
PAK,121,500
PAK,121,501
PAK,121,502
PAK,121,503
PAK,121,504
PAK,121,505
PAK,121,506
PAK,121,507
IND,121,508
IND,121,509
IND,121,510
IND,121,511
IND,121,512
IND,121,513
IND,121,514
IND,121,515
IND,121,516
IND,121,517
IND,121,518
IND,121,519
IND,121,520
IND,121,521
NPL,121,522
NPL,121,523
NPL,121,524
NPL,121,525
NPL,121,526
CHN,121,527
CHN,121,528
CHN,121,529
CHN,121,530
CHN,121,531
CHN,121,532
CHN,121,533
CHN,121,534
CHN,121,535
CHN,121,536
CHN,121,537
CHN,121,538
CHN,121,539
CHN,121,540
CHN,121,541
CHN,121,542
CHN,121,543
CHN,121,544
CHN,121,545
CHN,121,546
CHN,121,547
CHN,121,548
CHN,121,549
CHN,121,550
CHN,121,551
CHN,121,552
CHN,121,553
CHN,121,554
CHN,121,555
CHN,121,556
CHN,121,557
CHN,121,558
CHN,121,559
CHN,121,560
CHN,121,561
CHN,121,562
CHN,121,563
CHN,121,564
CHN,121,565
CHN,121,566
CHN,121,567
CHN,121,568
CHN,121,569
CHN,121,570
CHN,121,571
CHN,121,572
CHN,121,573
CHN,121,574
CHN,121,575
CHN,121,576
CHN,121,577
CHN,121,578
CHN,121,579
CHN,121,580
CHN,121,581
CHN,121,582
CHN,121,583
CHN,121,584
CHN,121,585
CHN,121,586
CHN,121,587
CHN,121,588
CHN,121,589
CHN,121,590
CHN,121,591
CHN,121,592
CHN,121,593
CHN,121,594
CHN,121,595
CHN,121,596
CHN,121,597
CHN,121,598
CHN,121,599
CHN,121,600
CHN,121,601
CHN,121,602
CHN,121,603
CHN,121,604
CHN,121,605
JPN,121,620
MEX,122,124
MEX,122,130
MEX,122,131
MEX,122,132
MEX,122,133
MEX,122,134
MEX,122,136
MEX,122,137
MEX,122,138
MEX,122,139
MEX,122,140
MEX,122,141
MEX,122,142
MEX,122,143
MEX,122,144
MEX,122,145
MEX,122,146
MEX,122,147
MEX,122,148
MEX,122,149
MEX,122,150
MEX,122,151
,122,152
,122,153
,122,154
,122,155
MEX,122,156
MEX,122,157
MEX,122,158
,122,159
USA,122,160
USA,122,161
USA,122,162
USA,122,163
USA,122,164
USA,122,165
USA,122,166
USA,122,167
USA,122,168
USA,122,169
USA,122,170
USA,122,171
USA,122,178
USA,122,179
USA,122,180
USA,122,181
USA,122,182
USA,122,194
USA,122,195
USA,122,196
USA,122,197
USA,122,198
USA,122,199
ESP,122,333
ESP,122,334
MAR,122,339
MAR,122,340
MAR,122,341
MAR,122,342
MAR,122,343
MAR,122,344
DZA,122,345
DZA,122,346
DZA,122,347
DZA,122,348
DZA,122,349
DZA,122,350
DZA,122,351
DZA,122,352
DZA,122,353
DZA,122,354
DZA,122,355
DZA,122,356
DZA,122,357
DZA,122,358
DZA,122,359
DZA,122,360
DZA,122,361
DZA,122,362
DZA,122,363
DZA,122,364
DZA,122,365
DZA,122,366
DZA,122,367
DZA,122,368
DZA,122,369
DZA,122,370
DZA,122,371
DZA,122,372
DZA,122,373
DZA,122,374
DZA,122,375
DZA,122,376
DZA,122,377
DZA,122,378
DZA,122,379
DZA,122,380
LBY,122,381
LBY,122,382
LBY,122,383
LBY,122,384
LBY,122,385
LBY,122,386
LBY,122,387
LBY,122,388
LBY,122,389
LBY,122,390
LBY,122,391
LBY,122,392
LBY,122,393
LBY,122,394
LBY,122,395
LBY,122,396
LBY,122,397
LBY,122,398
LBY,122,399
LBY,122,400
LBY,122,401
LBY,122,402
LBY,122,403
LBY,122,404
LBY,122,405
LBY,122,406
LBY,122,407
LBY,122,408
LBY,122,409
LBY,122,410
EGY,122,411
EGY,122,412
EGY,122,413
EGY,122,414
EGY,122,415
EGY,122,416
EGY,122,417
EGY,122,418
EGY,122,419
EGY,122,420
EGY,122,421
EGY,122,422
EGY,122,423
EGY,122,424
EGY,122,425
EGY,122,426
EGY,122,427
EGY,122,428
EGY,122,429
EGY,122,430
SAU,122,431
SAU,122,432
SAU,122,433
SAU,122,434
SAU,122,435
SAU,122,436
SAU,122,437
SAU,122,438
SAU,122,439
SAU,122,440
SAU,122,441
SAU,122,442
SAU,122,443
SAU,122,444
SAU,122,445
SAU,122,446
SAU,122,447
SAU,122,448
SAU,122,449
IRQ,122,450
IRQ,122,451
IRQ,122,452
IRQ,122,453
KWT,122,454
KWT,122,455
KWT,122,456
KWT,122,457
IRN,122,461
IRN,122,462
IRN,122,463
IRN,122,464
IRN,122,465
IRN,122,466
IRN,122,467
IRN,122,468
IRN,122,469
IRN,122,470
IRN,122,471
IRN,122,472
IRN,122,473
IRN,122,474
IRN,122,475
IRN,122,476
IRN,122,477
IRN,122,478
IRN,122,479
IRN,122,480
IRN,122,481
IRN,122,482
IRN,122,483
PAK,122,484
PAK,122,485
PAK,122,486
PAK,122,487
PAK,122,488
PAK,122,489
PAK,122,490
PAK,122,491
PAK,122,492
PAK,122,493
PAK,122,494
PAK,122,495
PAK,122,496
PAK,122,497
PAK,122,498
PAK,122,499
PAK,122,500
PAK,122,501
PAK,122,502
PAK,122,503
PAK,122,504
PAK,122,505
PAK,122,506
IND,122,507
IND,122,508
IND,122,509
IND,122,510
IND,122,511
IND,122,512
IND,122,513
IND,122,514
IND,122,515
IND,122,516
IND,122,517
IND,122,518
IND,122,519
IND,122,520
NPL,122,521
NPL,122,522
NPL,122,523
NPL,122,524
NPL,122,525
NPL,122,526
NPL,122,527
NPL,122,528
CHN,122,529
CHN,122,530
CHN,122,531
CHN,122,532
CHN,122,533
CHN,122,534
CHN,122,535
CHN,122,536
CHN,122,537
CHN,122,538
CHN,122,539
CHN,122,540
CHN,122,541
CHN,122,542
CHN,122,543
CHN,122,544
CHN,122,545
CHN,122,546
CHN,122,547
CHN,122,548
CHN,122,549
CHN,122,550
CHN,122,551
CHN,122,552
CHN,122,553
CHN,122,554
CHN,122,555
CHN,122,556
CHN,122,557
CHN,122,558
CHN,122,559
CHN,122,560
CHN,122,561
CHN,122,562
CHN,122,563
CHN,122,564
CHN,122,565
CHN,122,566
CHN,122,567
CHN,122,568
CHN,122,569
CHN,122,570
CHN,122,571
CHN,122,572
CHN,122,573
CHN,122,574
CHN,122,575
CHN,122,576
CHN,122,577
CHN,122,578
CHN,122,579
CHN,122,580
CHN,122,581
CHN,122,582
CHN,122,583
CHN,122,584
CHN,122,585
CHN,122,586
CHN,122,587
CHN,122,588
CHN,122,589
CHN,122,590
CHN,122,591
CHN,122,592
CHN,122,593
CHN,122,594
CHN,122,595
CHN,122,596
CHN,122,597
CHN,122,598
CHN,122,599
CHN,122,600
CHN,122,601
CHN,122,602
CHN,122,603
CHN,122,604
,122,620
MEX,123,124
MEX,123,132
MEX,123,133
MEX,123,134
MEX,123,135
MEX,123,136
MEX,123,137
MEX,123,138
MEX,123,139
MEX,123,140
MEX,123,141
MEX,123,142
MEX,123,143
MEX,123,144
MEX,123,145
MEX,123,146
MEX,123,147
MEX,123,148
MEX,123,149
MEX,123,150
MEX,123,151
MEX,123,152
MEX,123,153
MEX,123,154
MEX,123,155
MEX,123,156
MEX,123,157
MEX,123,158
,123,159
,123,160
USA,123,161
USA,123,162
USA,123,163
USA,123,164
USA,123,165
USA,123,166
USA,123,167
USA,123,168
USA,123,169
USA,123,170
,123,182
USA,123,195
USA,123,196
USA,123,197
USA,123,198
USA,123,199
ESP,123,325
ESP,123,328
ESP,123,332
ESP,123,333
MAR,123,338
MAR,123,339
MAR,123,340
MAR,123,341
MAR,123,342
MAR,123,343
DZA,123,344
DZA,123,345
DZA,123,346
DZA,123,347
DZA,123,348
DZA,123,349
DZA,123,350
DZA,123,351
DZA,123,352
DZA,123,353
DZA,123,354
DZA,123,355
DZA,123,356
DZA,123,357
DZA,123,358
DZA,123,359
DZA,123,360
DZA,123,361
DZA,123,362
DZA,123,363
DZA,123,364
DZA,123,365
DZA,123,366
DZA,123,367
DZA,123,368
DZA,123,369
DZA,123,370
DZA,123,371
DZA,123,372
DZA,123,373
DZA,123,374
DZA,123,375
DZA,123,376
DZA,123,377
DZA,123,378
DZA,123,379
DZA,123,380
LBY,123,381
LBY,123,382
LBY,123,383
LBY,123,384
LBY,123,385
LBY,123,386
LBY,123,387
LBY,123,388
LBY,123,389
LBY,123,390
LBY,123,391
LBY,123,392
LBY,123,393
LBY,123,394
LBY,123,395
LBY,123,396
LBY,123,397
LBY,123,398
LBY,123,399
LBY,123,400
LBY,123,401
LBY,123,402
LBY,123,403
LBY,123,404
LBY,123,405
LBY,123,406
LBY,123,407
LBY,123,408
LBY,123,409
LBY,123,410
EGY,123,411
EGY,123,412
EGY,123,413
EGY,123,414
EGY,123,415
EGY,123,416
EGY,123,417
EGY,123,418
EGY,123,419
EGY,123,420
EGY,123,421
EGY,123,422
EGY,123,423
EGY,123,424
EGY,123,425
EGY,123,426
EGY,123,427
EGY,123,428
EGY,123,429
SAU,123,430
SAU,123,431
SAU,123,432
SAU,123,433
SAU,123,434
SAU,123,435
SAU,123,436
SAU,123,437
SAU,123,438
SAU,123,439
SAU,123,440
SAU,123,441
SAU,123,442
SAU,123,443
SAU,123,444
SAU,123,445
SAU,123,446
SAU,123,447
SAU,123,448
SAU,123,449
SAU,123,450
SAU,123,451
SAU,123,452
SAU,123,453
SAU,123,454
SAU,123,455
KWT,123,456
KWT,123,457
IRN,123,462
IRN,123,463
IRN,123,464
IRN,123,465
IRN,123,466
IRN,123,467
IRN,123,468
IRN,123,469
IRN,123,470
IRN,123,471
IRN,123,472
IRN,123,473
IRN,123,474
IRN,123,475
IRN,123,476
IRN,123,477
IRN,123,478
IRN,123,479
IRN,123,480
IRN,123,481
IRN,123,482
IRN,123,483
PAK,123,484
PAK,123,485
PAK,123,486
PAK,123,487
PAK,123,488
PAK,123,489
PAK,123,490
PAK,123,491
PAK,123,492
PAK,123,493
PAK,123,494
PAK,123,495
PAK,123,496
PAK,123,497
PAK,123,498
PAK,123,499
PAK,123,500
PAK,123,501
PAK,123,502
PAK,123,503
PAK,123,504
PAK,123,505
IND,123,506
IND,123,507
IND,123,508
IND,123,509
IND,123,510
IND,123,511
IND,123,512
IND,123,513
IND,123,514
IND,123,515
IND,123,516
IND,123,517
IND,123,518
IND,123,519
IND,123,520
IND,123,521
NPL,123,522
NPL,123,523
NPL,123,524
NPL,123,525
NPL,123,526
NPL,123,527
NPL,123,528
NPL,123,529
CHN,123,530
CHN,123,531
CHN,123,532
CHN,123,533
CHN,123,534
CHN,123,535
CHN,123,536
CHN,123,537
CHN,123,538
CHN,123,539
CHN,123,540
CHN,123,541
CHN,123,542
CHN,123,543
CHN,123,544
CHN,123,545
CHN,123,546
CHN,123,547
CHN,123,548
CHN,123,549
,123,550
,123,551
,123,552
CHN,123,553
CHN,123,554
CHN,123,555
CHN,123,556
CHN,123,557
CHN,123,558
CHN,123,559
CHN,123,560
CHN,123,561
CHN,123,562
CHN,123,563
CHN,123,564
CHN,123,565
CHN,123,566
CHN,123,567
CHN,123,568
CHN,123,569
CHN,123,570
CHN,123,571
CHN,123,572
CHN,123,573
CHN,123,574
CHN,123,575
CHN,123,576
CHN,123,577
CHN,123,578
CHN,123,579
CHN,123,580
CHN,123,581
CHN,123,582
CHN,123,583
CHN,123,584
CHN,123,585
CHN,123,586
CHN,123,587
CHN,123,588
CHN,123,589
CHN,123,590
CHN,123,591
CHN,123,592
CHN,123,593
CHN,123,594
CHN,123,595
CHN,123,596
CHN,123,597
CHN,123,598
CHN,123,599
CHN,123,600
CHN,123,601
CHN,123,602
CHN,123,603
CHN,123,604
MEX,124,130
MEX,124,132
MEX,124,133
MEX,124,134
MEX,124,135
MEX,124,137
MEX,124,138
MEX,124,139
MEX,124,140
MEX,124,141
MEX,124,142
MEX,124,143
MEX,124,144
MEX,124,145
MEX,124,146
MEX,124,147
MEX,124,148
MEX,124,149
MEX,124,150
MEX,124,151
MEX,124,152
MEX,124,153
MEX,124,154
MEX,124,155
MEX,124,156
MEX,124,157
MEX,124,158
MEX,124,159
,124,160
,124,161
USA,124,162
USA,124,163
USA,124,164
USA,124,165
USA,124,166
USA,124,167
USA,124,168
USA,124,195
USA,124,196
USA,124,197
USA,124,198
USA,124,199
ESP,124,326
ESP,124,327
ESP,124,328
ESP,124,329
ESP,124,330
ESP,124,332
ESP,124,333
MAR,124,336
MAR,124,337
MAR,124,338
MAR,124,339
MAR,124,340
MAR,124,341
MAR,124,342
MAR,124,343
DZA,124,344
DZA,124,345
DZA,124,346
DZA,124,347
DZA,124,348
DZA,124,349
DZA,124,350
DZA,124,351
DZA,124,352
DZA,124,353
DZA,124,354
DZA,124,355
DZA,124,356
DZA,124,357
DZA,124,358
DZA,124,359
DZA,124,360
DZA,124,361
DZA,124,362
DZA,124,363
DZA,124,364
DZA,124,365
DZA,124,366
DZA,124,367
DZA,124,368
DZA,124,369
DZA,124,370
DZA,124,371
DZA,124,372
DZA,124,373
DZA,124,374
DZA,124,375
DZA,124,376
DZA,124,377
DZA,124,378
DZA,124,379
DZA,124,380
LBY,124,381
LBY,124,382
LBY,124,383
LBY,124,384
LBY,124,385
LBY,124,386
LBY,124,387
LBY,124,388
LBY,124,389
LBY,124,390
LBY,124,391
LBY,124,392
LBY,124,393
LBY,124,394
LBY,124,395
LBY,124,396
LBY,124,397
LBY,124,398
LBY,124,399
LBY,124,400
LBY,124,401
LBY,124,402
LBY,124,403
LBY,124,404
LBY,124,405
LBY,124,406
LBY,124,407
LBY,124,408
LBY,124,409
LBY,124,410
EGY,124,411
EGY,124,412
EGY,124,413
EGY,124,414
EGY,124,415
EGY,124,416
EGY,124,417
EGY,124,418
EGY,124,419
EGY,124,420
EGY,124,421
EGY,124,422
EGY,124,423
EGY,124,424
EGY,124,425
EGY,124,426
EGY,124,427
EGY,124,428
EGY,124,429
SAU,124,430
SAU,124,431
SAU,124,432
SAU,124,433
SAU,124,434
SAU,124,435
SAU,124,436
SAU,124,437
SAU,124,438
SAU,124,439
SAU,124,440
SAU,124,441
SAU,124,442
SAU,124,443
SAU,124,444
SAU,124,445
SAU,124,446
SAU,124,447
SAU,124,448
SAU,124,449
SAU,124,450
SAU,124,451
SAU,124,452
SAU,124,453
SAU,124,454
SAU,124,455
SAU,124,456
SAU,124,457
SAU,124,458
IRN,124,463
IRN,124,464
IRN,124,465
IRN,124,466
IRN,124,467
IRN,124,468
IRN,124,469
IRN,124,470
IRN,124,471
IRN,124,472
IRN,124,473
IRN,124,474
IRN,124,475
IRN,124,476
IRN,124,477
IRN,124,478
IRN,124,479
IRN,124,480
IRN,124,481
IRN,124,482
IRN,124,483
IRN,124,484
IRN,124,485
PAK,124,486
PAK,124,487
PAK,124,488
PAK,124,489
PAK,124,490
PAK,124,491
PAK,124,492
PAK,124,493
PAK,124,494
PAK,124,495
PAK,124,496
PAK,124,497
PAK,124,498
PAK,124,499
PAK,124,500
PAK,124,501
PAK,124,502
PAK,124,503
PAK,124,504
IND,124,505
IND,124,506
IND,124,507
IND,124,508
IND,124,509
IND,124,510
IND,124,511
IND,124,512
IND,124,513
IND,124,514
IND,124,515
IND,124,516
IND,124,517
IND,124,518
IND,124,519
IND,124,520
IND,124,521
IND,124,522
IND,124,523
NPL,124,524
NPL,124,525
NPL,124,526
NPL,124,527
NPL,124,528
NPL,124,529
NPL,124,530
NPL,124,531
CHN,124,532
CHN,124,533
CHN,124,534
CHN,124,535
CHN,124,536
CHN,124,537
CHN,124,538
,124,539
,124,540
,124,541
,124,542
,124,543
CHN,124,544
CHN,124,545
CHN,124,546
CHN,124,547
,124,548
,124,549
,124,550
IND,124,551
IND,124,552
IND,124,553
IND,124,554
CHN,124,555
MMR,124,556
CHN,124,557
CHN,124,558
CHN,124,559
CHN,124,560
CHN,124,561
CHN,124,562
CHN,124,563
CHN,124,564
CHN,124,565
CHN,124,566
CHN,124,567
CHN,124,568
CHN,124,569
CHN,124,570
CHN,124,571
CHN,124,572
CHN,124,573
CHN,124,574
CHN,124,575
CHN,124,576
CHN,124,577
CHN,124,578
CHN,124,579
CHN,124,580
CHN,124,581
CHN,124,582
CHN,124,583
CHN,124,584
CHN,124,585
CHN,124,586
CHN,124,587
CHN,124,588
CHN,124,589
CHN,124,590
CHN,124,591
CHN,124,592
CHN,124,593
CHN,124,594
CHN,124,595
CHN,124,596
CHN,124,597
CHN,124,598
CHN,124,599
CHN,124,600
CHN,124,601
CHN,124,602
CHN,124,603
CHN,124,604
JPN,124,619
JPN,124,620
JPN,124,621
MEX,125,130
MEX,125,131
MEX,125,132
MEX,125,133
MEX,125,134
MEX,125,135
MEX,125,136
MEX,125,138
MEX,125,139
MEX,125,140
MEX,125,141
MEX,125,142
MEX,125,143
MEX,125,144
MEX,125,145
MEX,125,146
MEX,125,147
MEX,125,148
MEX,125,149
MEX,125,150
MEX,125,151
MEX,125,152
MEX,125,153
MEX,125,154
MEX,125,155
MEX,125,156
MEX,125,157
MEX,125,158
MEX,125,159
MEX,125,160
,125,161
USA,125,162
USA,125,163
USA,125,164
USA,125,165
USA,125,166
USA,125,195
USA,125,196
USA,125,197
USA,125,198
USA,125,199
USA,125,200
ESP,125,324
ESP,125,325
ESP,125,329
ESP,125,330
MAR,125,334
MAR,125,335
MAR,125,336
MAR,125,337
MAR,125,338
MAR,125,339
MAR,125,340
MAR,125,341
MAR,125,342
MAR,125,343
DZA,125,344
DZA,125,345
DZA,125,346
DZA,125,347
DZA,125,348
DZA,125,349
DZA,125,350
DZA,125,351
DZA,125,352
DZA,125,353
DZA,125,354
DZA,125,355
DZA,125,356
DZA,125,357
DZA,125,358
DZA,125,359
DZA,125,360
DZA,125,361
DZA,125,362
DZA,125,363
DZA,125,364
DZA,125,365
DZA,125,366
DZA,125,367
DZA,125,368
DZA,125,369
DZA,125,370
DZA,125,371
DZA,125,372
DZA,125,373
DZA,125,374
DZA,125,375
DZA,125,376
DZA,125,377
DZA,125,378
DZA,125,379
DZA,125,380
LBY,125,381
LBY,125,382
LBY,125,383
LBY,125,384
LBY,125,385
LBY,125,386
LBY,125,387
LBY,125,388
LBY,125,389
LBY,125,390
LBY,125,391
LBY,125,392
LBY,125,393
LBY,125,394
LBY,125,395
LBY,125,396
LBY,125,397
LBY,125,398
LBY,125,399
LBY,125,400
LBY,125,401
LBY,125,402
LBY,125,403
LBY,125,404
LBY,125,405
LBY,125,406
LBY,125,407
LBY,125,408
LBY,125,409
LBY,125,410
EGY,125,411
EGY,125,412
EGY,125,413
EGY,125,414
EGY,125,415
EGY,125,416
EGY,125,417
EGY,125,418
EGY,125,419
EGY,125,420
EGY,125,421
EGY,125,422
EGY,125,423
EGY,125,424
EGY,125,425
EGY,125,426
EGY,125,427
EGY,125,428
EGY,125,429
EGY,125,430
SAU,125,431
SAU,125,432
SAU,125,433
SAU,125,434
SAU,125,435
SAU,125,436
SAU,125,437
SAU,125,438
SAU,125,439
SAU,125,440
SAU,125,441
SAU,125,442
SAU,125,443
SAU,125,444
SAU,125,445
SAU,125,446
SAU,125,447
SAU,125,448
SAU,125,449
SAU,125,450
SAU,125,451
SAU,125,452
SAU,125,453
SAU,125,454
SAU,125,455
SAU,125,456
SAU,125,457
SAU,125,458
SAU,125,459
IRN,125,463
IRN,125,464
IRN,125,465
IRN,125,466
IRN,125,467
IRN,125,468
IRN,125,469
IRN,125,470
IRN,125,471
IRN,125,472
IRN,125,473
IRN,125,474
IRN,125,475
IRN,125,476
IRN,125,477
IRN,125,478
IRN,125,479
IRN,125,480
IRN,125,481
IRN,125,482
IRN,125,483
IRN,125,484
IRN,125,485
IRN,125,486
PAK,125,487
PAK,125,488
PAK,125,489
PAK,125,490
PAK,125,491
PAK,125,492
PAK,125,493
PAK,125,494
PAK,125,495
PAK,125,496
PAK,125,497
PAK,125,498
PAK,125,499
PAK,125,500
IND,125,501
IND,125,502
IND,125,503
IND,125,504
IND,125,505
IND,125,506
IND,125,507
IND,125,508
IND,125,509
IND,125,510
IND,125,511
IND,125,512
IND,125,513
IND,125,514
IND,125,515
IND,125,516
IND,125,517
IND,125,518
IND,125,519
IND,125,520
IND,125,521
IND,125,522
IND,125,523
IND,125,524
IND,125,525
NPL,125,526
NPL,125,527
NPL,125,528
NPL,125,529
NPL,125,530
NPL,125,531
NPL,125,532
NPL,125,533
NPL,125,534
NPL,125,535
NPL,125,536
IND,125,537
IND,125,538
,125,539
BTN,125,540
BTN,125,541
BTN,125,542
BTN,125,543
,125,544
CHN,125,545
CHN,125,546
,125,547
,125,548
IND,125,549
IND,125,550
IND,125,551
IND,125,552
IND,125,553
IND,125,554
MMR,125,555
MMR,125,556
MMR,125,557
CHN,125,558
CHN,125,559
CHN,125,560
CHN,125,561
CHN,125,562
CHN,125,563
CHN,125,564
CHN,125,565
CHN,125,566
CHN,125,567
CHN,125,568
CHN,125,569
CHN,125,570
CHN,125,571
CHN,125,572
CHN,125,573
CHN,125,574
CHN,125,575
CHN,125,576
CHN,125,577
CHN,125,578
CHN,125,579
CHN,125,580
CHN,125,581
CHN,125,582
CHN,125,583
CHN,125,584
CHN,125,585
CHN,125,586
CHN,125,587
CHN,125,588
CHN,125,589
CHN,125,590
CHN,125,591
CHN,125,592
CHN,125,593
CHN,125,594
CHN,125,595
CHN,125,596
CHN,125,597
CHN,125,598
CHN,125,599
CHN,125,600
CHN,125,601
CHN,125,602
CHN,125,603
JPN,125,618
JPN,125,619
MEX,126,131
MEX,126,132
MEX,126,133
MEX,126,134
MEX,126,135
MEX,126,136
MEX,126,137
MEX,126,139
MEX,126,140
MEX,126,141
MEX,126,142
MEX,126,143
MEX,126,144
MEX,126,145
MEX,126,146
MEX,126,147
MEX,126,148
MEX,126,149
MEX,126,150
MEX,126,151
MEX,126,152
MEX,126,153
MEX,126,154
MEX,126,155
MEX,126,156
MEX,126,157
MEX,126,158
MEX,126,159
MEX,126,160
MEX,126,161
,126,162
USA,126,163
USA,126,164
USA,126,165
USA,126,166
USA,126,195
USA,126,196
USA,126,197
USA,126,198
USA,126,199
USA,126,200
MAR,126,334
MAR,126,335
MAR,126,336
MAR,126,337
MAR,126,338
MAR,126,339
MAR,126,340
MAR,126,341
MAR,126,342
MAR,126,343
DZA,126,344
DZA,126,345
DZA,126,346
DZA,126,347
DZA,126,348
DZA,126,349
DZA,126,350
DZA,126,351
DZA,126,352
DZA,126,353
DZA,126,354
DZA,126,355
DZA,126,356
DZA,126,357
DZA,126,358
DZA,126,359
DZA,126,360
DZA,126,361
DZA,126,362
DZA,126,363
DZA,126,364
DZA,126,365
DZA,126,366
DZA,126,367
DZA,126,368
DZA,126,369
DZA,126,370
DZA,126,371
DZA,126,372
DZA,126,373
DZA,126,374
DZA,126,375
DZA,126,376
DZA,126,377
DZA,126,378
DZA,126,379
DZA,126,380
LBY,126,381
LBY,126,382
LBY,126,383
LBY,126,384
LBY,126,385
LBY,126,386
LBY,126,387
LBY,126,388
LBY,126,389
LBY,126,390
LBY,126,391
LBY,126,392
LBY,126,393
LBY,126,394
LBY,126,395
LBY,126,396
LBY,126,397
LBY,126,398
LBY,126,399
LBY,126,400
LBY,126,401
LBY,126,402
LBY,126,403
LBY,126,404
LBY,126,405
LBY,126,406
LBY,126,407
LBY,126,408
LBY,126,409
LBY,126,410
EGY,126,411
EGY,126,412
EGY,126,413
EGY,126,414
EGY,126,415
EGY,126,416
EGY,126,417
EGY,126,418
EGY,126,419
EGY,126,420
EGY,126,421
EGY,126,422
EGY,126,423
EGY,126,424
EGY,126,425
EGY,126,426
EGY,126,427
EGY,126,428
EGY,126,429
SAU,126,432
SAU,126,433
SAU,126,434
SAU,126,435
SAU,126,436
SAU,126,437
SAU,126,438
SAU,126,439
SAU,126,440
SAU,126,441
SAU,126,442
SAU,126,443
SAU,126,444
SAU,126,445
SAU,126,446
SAU,126,447
SAU,126,448
SAU,126,449
SAU,126,450
SAU,126,451
SAU,126,452
SAU,126,453
SAU,126,454
SAU,126,455
SAU,126,456
SAU,126,457
SAU,126,458
SAU,126,459
SAU,126,460
IRN,126,466
IRN,126,467
IRN,126,468
IRN,126,469
IRN,126,470
IRN,126,471
IRN,126,472
IRN,126,473
IRN,126,474
IRN,126,475
IRN,126,476
IRN,126,477
IRN,126,478
IRN,126,479
IRN,126,480
IRN,126,481
IRN,126,482
IRN,126,483
IRN,126,484
IRN,126,485
IRN,126,486
PAK,126,487
PAK,126,488
PAK,126,489
PAK,126,490
PAK,126,491
PAK,126,492
PAK,126,493
PAK,126,494
PAK,126,495
PAK,126,496
PAK,126,497
PAK,126,498
PAK,126,499
IND,126,500
IND,126,501
IND,126,502
IND,126,503
IND,126,504
IND,126,505
IND,126,506
IND,126,507
IND,126,508
IND,126,509
IND,126,510
IND,126,511
IND,126,512
IND,126,513
IND,126,514
IND,126,515
IND,126,516
IND,126,517
IND,126,518
IND,126,519
IND,126,520
IND,126,521
IND,126,522
IND,126,523
IND,126,524
IND,126,525
IND,126,526
IND,126,527
IND,126,528
IND,126,529
NPL,126,530
NPL,126,531
NPL,126,532
NPL,126,533
NPL,126,534
NPL,126,535
NPL,126,536
IND,126,537
,126,538
BTN,126,539
BTN,126,540
BTN,126,541
BTN,126,542
BTN,126,543
BTN,126,544
,126,545
,126,546
,126,547
IND,126,548
IND,126,549
IND,126,550
IND,126,551
IND,126,552
MMR,126,553
MMR,126,554
MMR,126,555
MMR,126,556
MMR,126,557
CHN,126,558
CHN,126,559
CHN,126,560
CHN,126,561
CHN,126,562
CHN,126,563
CHN,126,564
CHN,126,565
CHN,126,566
CHN,126,567
CHN,126,568
CHN,126,569
CHN,126,570
CHN,126,571
CHN,126,572
CHN,126,573
CHN,126,574
CHN,126,575
CHN,126,576
CHN,126,577
CHN,126,578
CHN,126,579
CHN,126,580
CHN,126,581
CHN,126,582
CHN,126,583
CHN,126,584
CHN,126,585
CHN,126,586
CHN,126,587
CHN,126,588
CHN,126,589
CHN,126,590
CHN,126,591
CHN,126,592
CHN,126,593
CHN,126,594
CHN,126,595
CHN,126,596
CHN,126,597
CHN,126,598
CHN,126,599
CHN,126,600
CHN,126,601
CHN,126,602
JPN,126,617
JPN,126,618
MEX,127,133
MEX,127,134
MEX,127,135
MEX,127,136
MEX,127,137
MEX,127,138
MEX,127,141
MEX,127,142
MEX,127,143
MEX,127,144
MEX,127,145
MEX,127,146
MEX,127,147
MEX,127,148
MEX,127,149
MEX,127,150
MEX,127,151
MEX,127,152
MEX,127,153
MEX,127,154
MEX,127,155
MEX,127,156
MEX,127,157
MEX,127,158
MEX,127,159
MEX,127,160
MEX,127,161
,127,162
USA,127,163
USA,127,164
USA,127,165
USA,127,166
USA,127,196
USA,127,197
USA,127,198
USA,127,199
USA,127,200
BHS,127,203
BHS,127,204
BHS,127,205
BHS,127,206
MAR,127,333
MAR,127,334
MAR,127,335
MAR,127,336
MAR,127,337
ESH,127,338
ESH,127,339
ESH,127,340
ESH,127,341
ESH,127,342
ESH,127,343
MRT,127,344
MRT,127,345
DZA,127,346
DZA,127,347
DZA,127,348
DZA,127,349
DZA,127,350
DZA,127,351
DZA,127,352
DZA,127,353
DZA,127,354
DZA,127,355
DZA,127,356
DZA,127,357
DZA,127,358
DZA,127,359
DZA,127,360
DZA,127,361
DZA,127,362
DZA,127,363
DZA,127,364
DZA,127,365
DZA,127,366
DZA,127,367
DZA,127,368
DZA,127,369
DZA,127,370
DZA,127,371
DZA,127,372
DZA,127,373
DZA,127,374
DZA,127,375
DZA,127,376
DZA,127,377
DZA,127,378
DZA,127,379
DZA,127,380
LBY,127,381
LBY,127,382
LBY,127,383
LBY,127,384
LBY,127,385
LBY,127,386
LBY,127,387
LBY,127,388
LBY,127,389
LBY,127,390
LBY,127,391
LBY,127,392
LBY,127,393
LBY,127,394
LBY,127,395
LBY,127,396
LBY,127,397
LBY,127,398
LBY,127,399
LBY,127,400
LBY,127,401
LBY,127,402
LBY,127,403
LBY,127,404
LBY,127,405
LBY,127,406
LBY,127,407
LBY,127,408
LBY,127,409
LBY,127,410
EGY,127,411
EGY,127,412
EGY,127,413
EGY,127,414
EGY,127,415
EGY,127,416
EGY,127,417
EGY,127,418
EGY,127,419
EGY,127,420
EGY,127,421
EGY,127,422
EGY,127,423
EGY,127,424
EGY,127,425
EGY,127,426
EGY,127,427
EGY,127,428
EGY,127,429
SAU,127,433
SAU,127,434
SAU,127,435
SAU,127,436
SAU,127,437
SAU,127,438
SAU,127,439
SAU,127,440
SAU,127,441
SAU,127,442
SAU,127,443
SAU,127,444
SAU,127,445
SAU,127,446
SAU,127,447
SAU,127,448
SAU,127,449
SAU,127,450
SAU,127,451
SAU,127,452
SAU,127,453
SAU,127,454
SAU,127,455
SAU,127,456
SAU,127,457
SAU,127,458
SAU,127,459
SAU,127,460
SAU,127,461
IRN,127,467
IRN,127,468
IRN,127,469
IRN,127,470
IRN,127,471
IRN,127,472
IRN,127,473
IRN,127,474
IRN,127,475
IRN,127,476
IRN,127,477
IRN,127,478
IRN,127,479
IRN,127,480
IRN,127,481
IRN,127,482
IRN,127,483
IRN,127,484
IRN,127,485
IRN,127,486
PAK,127,487
PAK,127,488
PAK,127,489
PAK,127,490
PAK,127,491
PAK,127,492
PAK,127,493
PAK,127,494
PAK,127,495
PAK,127,496
PAK,127,497
PAK,127,498
PAK,127,499
IND,127,500
IND,127,501
IND,127,502
IND,127,503
IND,127,504
IND,127,505
IND,127,506
IND,127,507
IND,127,508
IND,127,509
IND,127,510
IND,127,511
IND,127,512
IND,127,513
IND,127,514
IND,127,515
IND,127,516
IND,127,517
IND,127,518
IND,127,519
IND,127,520
IND,127,521
IND,127,522
IND,127,523
IND,127,524
IND,127,525
IND,127,526
IND,127,527
IND,127,528
IND,127,529
IND,127,530
IND,127,531
NPL,127,532
NPL,127,533
NPL,127,534
NPL,127,535
NPL,127,536
,127,537
,127,538
,127,539
,127,540
,127,541
,127,542
,127,543
,127,544
,127,545
IND,127,546
IND,127,547
IND,127,548
IND,127,549
IND,127,550
IND,127,551
MMR,127,552
MMR,127,553
MMR,127,554
MMR,127,555
MMR,127,556
MMR,127,557
MMR,127,558
CHN,127,559
CHN,127,560
CHN,127,561
CHN,127,562
CHN,127,563
CHN,127,564
CHN,127,565
CHN,127,566
CHN,127,567
CHN,127,568
CHN,127,569
CHN,127,570
CHN,127,571
CHN,127,572
CHN,127,573
CHN,127,574
CHN,127,575
CHN,127,576
CHN,127,577
CHN,127,578
CHN,127,579
CHN,127,580
CHN,127,581
CHN,127,582
CHN,127,583
CHN,127,584
CHN,127,585
CHN,127,586
CHN,127,587
CHN,127,588
CHN,127,589
CHN,127,590
CHN,127,591
CHN,127,592
CHN,127,593
CHN,127,594
CHN,127,595
CHN,127,596
CHN,127,597
CHN,127,598
CHN,127,599
CHN,127,600
CHN,127,601
JPN,127,616
JPN,127,617
JPN,127,645
MEX,128,135
MEX,128,136
MEX,128,137
MEX,128,138
MEX,128,142
MEX,128,143
MEX,128,144
MEX,128,145
MEX,128,146
MEX,128,147
MEX,128,148
MEX,128,149
MEX,128,150
MEX,128,151
MEX,128,152
MEX,128,153
MEX,128,154
MEX,128,155
MEX,128,156
MEX,128,157
MEX,128,158
MEX,128,159
MEX,128,160
MEX,128,161
,128,162
,128,163
,128,164
,128,165
USA,128,166
USA,128,196
USA,128,197
USA,128,198
USA,128,199
USA,128,200
BHS,128,205
BHS,128,206
MAR,128,332
MAR,128,333
MAR,128,334
MAR,128,335
MAR,128,336
MAR,128,337
ESH,128,338
ESH,128,339
ESH,128,340
ESH,128,341
ESH,128,342
ESH,128,343
MRT,128,344
MRT,128,345
MRT,128,346
DZA,128,347
DZA,128,348
DZA,128,349
DZA,128,350
DZA,128,351
DZA,128,352
DZA,128,353
DZA,128,354
DZA,128,355
DZA,128,356
DZA,128,357
DZA,128,358
DZA,128,359
DZA,128,360
DZA,128,361
DZA,128,362
DZA,128,363
DZA,128,364
DZA,128,365
DZA,128,366
DZA,128,367
DZA,128,368
DZA,128,369
DZA,128,370
DZA,128,371
DZA,128,372
DZA,128,373
DZA,128,374
DZA,128,375
DZA,128,376
DZA,128,377
DZA,128,378
DZA,128,379
LBY,128,380
LBY,128,381
LBY,128,382
LBY,128,383
LBY,128,384
LBY,128,385
LBY,128,386
LBY,128,387
LBY,128,388
LBY,128,389
LBY,128,390
LBY,128,391
LBY,128,392
LBY,128,393
LBY,128,394
LBY,128,395
LBY,128,396
LBY,128,397
LBY,128,398
LBY,128,399
LBY,128,400
LBY,128,401
LBY,128,402
LBY,128,403
LBY,128,404
LBY,128,405
LBY,128,406
LBY,128,407
LBY,128,408
LBY,128,409
LBY,128,410
EGY,128,411
EGY,128,412
EGY,128,413
EGY,128,414
EGY,128,415
EGY,128,416
EGY,128,417
EGY,128,418
EGY,128,419
EGY,128,420
EGY,128,421
EGY,128,422
EGY,128,423
EGY,128,424
EGY,128,425
EGY,128,426
EGY,128,427
EGY,128,428
EGY,128,429
SAU,128,433
SAU,128,434
SAU,128,435
SAU,128,436
SAU,128,437
SAU,128,438
SAU,128,439
SAU,128,440
SAU,128,441
SAU,128,442
SAU,128,443
SAU,128,444
SAU,128,445
SAU,128,446
SAU,128,447
SAU,128,448
SAU,128,449
SAU,128,450
SAU,128,451
SAU,128,452
SAU,128,453
SAU,128,454
SAU,128,455
SAU,128,456
SAU,128,457
SAU,128,458
SAU,128,459
SAU,128,460
SAU,128,461
BHR,128,462
QAT,128,463
IRN,128,470
OMN,128,473
OMN,128,474
IRN,128,475
IRN,128,476
IRN,128,477
IRN,128,478
IRN,128,479
IRN,128,480
IRN,128,481
IRN,128,482
IRN,128,483
IRN,128,484
PAK,128,485
PAK,128,486
PAK,128,487
PAK,128,488
PAK,128,489
PAK,128,490
PAK,128,491
PAK,128,492
PAK,128,493
PAK,128,494
PAK,128,495
PAK,128,496
PAK,128,497
PAK,128,498
PAK,128,499
PAK,128,500
IND,128,501
IND,128,502
IND,128,503
IND,128,504
IND,128,505
IND,128,506
IND,128,507
IND,128,508
IND,128,509
IND,128,510
IND,128,511
IND,128,512
IND,128,513
IND,128,514
IND,128,515
IND,128,516
IND,128,517
IND,128,518
IND,128,519
IND,128,520
IND,128,521
IND,128,522
IND,128,523
IND,128,524
IND,128,525
IND,128,526
IND,128,527
IND,128,528
IND,128,529
IND,128,530
IND,128,531
IND,128,532
IND,128,533
IND,128,534
IND,128,535
IND,128,536
,128,537
,128,538
,128,539
,128,540
IND,128,541
IND,128,542
IND,128,543
IND,128,544
IND,128,545
IND,128,546
IND,128,547
IND,128,548
IND,128,549
IND,128,550
MMR,128,551
MMR,128,552
MMR,128,553
MMR,128,554
MMR,128,555
MMR,128,556
MMR,128,557
CHN,128,558
CHN,128,559
CHN,128,560
CHN,128,561
CHN,128,562
CHN,128,563
CHN,128,564
CHN,128,565
CHN,128,566
CHN,128,567
CHN,128,568
CHN,128,569
CHN,128,570
CHN,128,571
CHN,128,572
CHN,128,573
CHN,128,574
CHN,128,575
CHN,128,576
CHN,128,577
CHN,128,578
CHN,128,579
CHN,128,580
CHN,128,581
CHN,128,582
CHN,128,583
CHN,128,584
CHN,128,585
CHN,128,586
CHN,128,587
CHN,128,588
CHN,128,589
CHN,128,590
CHN,128,591
CHN,128,592
CHN,128,593
CHN,128,594
CHN,128,595
CHN,128,596
CHN,128,597
CHN,128,598
CHN,128,599
CHN,128,600
JPN,128,614
JPN,128,615
JPN,128,616
MEX,129,136
MEX,129,137
MEX,129,138
MEX,129,139
MEX,129,142
MEX,129,143
MEX,129,144
MEX,129,145
MEX,129,146
MEX,129,147
MEX,129,148
MEX,129,149
MEX,129,150
MEX,129,151
MEX,129,152
MEX,129,153
MEX,129,154
MEX,129,155
MEX,129,156
MEX,129,157
MEX,129,158
MEX,129,159
MEX,129,160
MEX,129,161
MEX,129,162
MEX,129,163
MEX,129,164
,129,165
,129,166
USA,129,197
USA,129,198
USA,129,199
USA,129,200
BHS,129,202
BHS,129,205
BHS,129,206
BHS,129,207
MAR,129,331
MAR,129,332
MAR,129,333
MAR,129,334
MAR,129,335
MAR,129,336
MRT,129,337
MRT,129,338
MRT,129,339
MRT,129,340
MRT,129,341
MRT,129,342
MRT,129,343
MRT,129,344
MRT,129,345
MRT,129,346
MRT,129,347
MRT,129,348
DZA,129,349
DZA,129,350
DZA,129,351
DZA,129,352
DZA,129,353
DZA,129,354
DZA,129,355
DZA,129,356
DZA,129,357
DZA,129,358
DZA,129,359
DZA,129,360
DZA,129,361
DZA,129,362
DZA,129,363
DZA,129,364
DZA,129,365
DZA,129,366
DZA,129,367
DZA,129,368
DZA,129,369
DZA,129,370
DZA,129,371
DZA,129,372
DZA,129,373
DZA,129,374
DZA,129,375
DZA,129,376
DZA,129,377
DZA,129,378
DZA,129,379
LBY,129,380
LBY,129,381
LBY,129,382
LBY,129,383
LBY,129,384
LBY,129,385
LBY,129,386
LBY,129,387
LBY,129,388
LBY,129,389
LBY,129,390
LBY,129,391
LBY,129,392
LBY,129,393
LBY,129,394
LBY,129,395
LBY,129,396
LBY,129,397
LBY,129,398
LBY,129,399
LBY,129,400
LBY,129,401
LBY,129,402
LBY,129,403
LBY,129,404
LBY,129,405
LBY,129,406
LBY,129,407
LBY,129,408
LBY,129,409
LBY,129,410
EGY,129,411
EGY,129,412
EGY,129,413
EGY,129,414
EGY,129,415
EGY,129,416
EGY,129,417
EGY,129,418
EGY,129,419
EGY,129,420
EGY,129,421
EGY,129,422
EGY,129,423
EGY,129,424
EGY,129,425
EGY,129,426
EGY,129,427
EGY,129,428
EGY,129,429
EGY,129,430
SAU,129,434
SAU,129,435
SAU,129,436
SAU,129,437
SAU,129,438
SAU,129,439
SAU,129,440
SAU,129,441
SAU,129,442
SAU,129,443
SAU,129,444
SAU,129,445
SAU,129,446
SAU,129,447
SAU,129,448
SAU,129,449
SAU,129,450
SAU,129,451
SAU,129,452
SAU,129,453
SAU,129,454
SAU,129,455
SAU,129,456
SAU,129,457
SAU,129,458
SAU,129,459
SAU,129,460
SAU,129,461
QAT,129,462
QAT,129,463
QAT,129,464
IRN,129,470
ARE,129,472
ARE,129,473
IRN,129,475
IRN,129,476
IRN,129,477
IRN,129,478
IRN,129,479
IRN,129,480
IRN,129,481
IRN,129,482
IRN,129,483
PAK,129,484
PAK,129,485
PAK,129,486
PAK,129,487
PAK,129,488
PAK,129,489
PAK,129,490
PAK,129,491
PAK,129,492
PAK,129,493
PAK,129,494
PAK,129,495
PAK,129,496
PAK,129,497
PAK,129,498
PAK,129,499
PAK,129,500
PAK,129,501
IND,129,502
IND,129,503
IND,129,504
IND,129,505
IND,129,506
IND,129,507
IND,129,508
IND,129,509
IND,129,510
IND,129,511
IND,129,512
IND,129,513
IND,129,514
IND,129,515
IND,129,516
IND,129,517
IND,129,518
IND,129,519
IND,129,520
IND,129,521
IND,129,522
IND,129,523
IND,129,524
IND,129,525
IND,129,526
IND,129,527
IND,129,528
IND,129,529
IND,129,530
IND,129,531
IND,129,532
IND,129,533
IND,129,534
IND,129,535
IND,129,536
,129,537
,129,538
BGD,129,539
,129,540
IND,129,541
IND,129,542
IND,129,543
IND,129,544
IND,129,545
IND,129,546
IND,129,547
IND,129,548
IND,129,549
IND,129,550
MMR,129,551
MMR,129,552
MMR,129,553
MMR,129,554
MMR,129,555
MMR,129,556
MMR,129,557
CHN,129,558
CHN,129,559
CHN,129,560
CHN,129,561
CHN,129,562
CHN,129,563
CHN,129,564
CHN,129,565
CHN,129,566
CHN,129,567
CHN,129,568
CHN,129,569
CHN,129,570
CHN,129,571
CHN,129,572
CHN,129,573
CHN,129,574
CHN,129,575
CHN,129,576
CHN,129,577
CHN,129,578
CHN,129,579
CHN,129,580
CHN,129,581
CHN,129,582
CHN,129,583
CHN,129,584
CHN,129,585
CHN,129,586
CHN,129,587
CHN,129,588
CHN,129,589
CHN,129,590
CHN,129,591
CHN,129,592
CHN,129,593
CHN,129,594
CHN,129,595
CHN,129,596
CHN,129,597
CHN,129,598
CHN,129,599
CHN,129,600
JPN,129,623
MEX,130,136
MEX,130,137
MEX,130,138
MEX,130,139
MEX,130,143
MEX,130,144
MEX,130,145
MEX,130,146
MEX,130,147
MEX,130,148
MEX,130,149
MEX,130,150
MEX,130,151
MEX,130,152
MEX,130,153
MEX,130,154
MEX,130,155
MEX,130,156
MEX,130,157
MEX,130,158
MEX,130,159
MEX,130,160
MEX,130,161
MEX,130,162
MEX,130,163
MEX,130,164
MEX,130,165
MEX,130,166
USA,130,198
USA,130,199
USA,130,200
BHS,130,204
BHS,130,205
BHS,130,206
BHS,130,207
BHS,130,208
MAR,130,331
MAR,130,332
MAR,130,333
MAR,130,334
MAR,130,335
MAR,130,336
MRT,130,337
MRT,130,338
MRT,130,339
MRT,130,340
MRT,130,341
MRT,130,342
MRT,130,343
MRT,130,344
MRT,130,345
MRT,130,346
MRT,130,347
MRT,130,348
MRT,130,349
MRT,130,350
DZA,130,351
DZA,130,352
DZA,130,353
DZA,130,354
DZA,130,355
DZA,130,356
DZA,130,357
DZA,130,358
DZA,130,359
DZA,130,360
DZA,130,361
DZA,130,362
DZA,130,363
DZA,130,364
DZA,130,365
DZA,130,366
DZA,130,367
DZA,130,368
DZA,130,369
DZA,130,370
DZA,130,371
DZA,130,372
DZA,130,373
DZA,130,374
DZA,130,375
DZA,130,376
DZA,130,377
DZA,130,378
DZA,130,379
DZA,130,380
LBY,130,381
LBY,130,382
LBY,130,383
LBY,130,384
LBY,130,385
LBY,130,386
LBY,130,387
LBY,130,388
LBY,130,389
LBY,130,390
LBY,130,391
LBY,130,392
LBY,130,393
LBY,130,394
LBY,130,395
LBY,130,396
LBY,130,397
LBY,130,398
LBY,130,399
LBY,130,400
LBY,130,401
LBY,130,402
LBY,130,403
LBY,130,404
LBY,130,405
LBY,130,406
LBY,130,407
LBY,130,408
LBY,130,409
LBY,130,410
EGY,130,411
EGY,130,412
EGY,130,413
EGY,130,414
EGY,130,415
EGY,130,416
EGY,130,417
EGY,130,418
EGY,130,419
EGY,130,420
EGY,130,421
EGY,130,422
EGY,130,423
EGY,130,424
EGY,130,425
EGY,130,426
EGY,130,427
EGY,130,428
EGY,130,429
EGY,130,430
SAU,130,434
SAU,130,435
SAU,130,436
SAU,130,437
SAU,130,438
SAU,130,439
SAU,130,440
SAU,130,441
SAU,130,442
SAU,130,443
SAU,130,444
SAU,130,445
SAU,130,446
SAU,130,447
SAU,130,448
SAU,130,449
SAU,130,450
SAU,130,451
SAU,130,452
SAU,130,453
SAU,130,454
SAU,130,455
SAU,130,456
SAU,130,457
SAU,130,458
SAU,130,459
SAU,130,460
SAU,130,461
QAT,130,462
QAT,130,463
QAT,130,464
ARE,130,471
ARE,130,472
ARE,130,473
IRN,130,479
IRN,130,480
IRN,130,481
IRN,130,482
IRN,130,483
PAK,130,484
PAK,130,485
PAK,130,486
PAK,130,487
PAK,130,488
PAK,130,489
PAK,130,490
PAK,130,491
PAK,130,492
PAK,130,493
PAK,130,494
PAK,130,495
PAK,130,496
PAK,130,497
PAK,130,498
PAK,130,499
PAK,130,500
PAK,130,501
PAK,130,502
IND,130,503
IND,130,504
IND,130,505
IND,130,506
IND,130,507
IND,130,508
IND,130,509
IND,130,510
IND,130,511
IND,130,512
IND,130,513
IND,130,514
IND,130,515
IND,130,516
IND,130,517
IND,130,518
IND,130,519
IND,130,520
IND,130,521
IND,130,522
IND,130,523
IND,130,524
IND,130,525
IND,130,526
IND,130,527
IND,130,528
IND,130,529
IND,130,530
IND,130,531
IND,130,532
IND,130,533
IND,130,534
IND,130,535
IND,130,536
,130,537
,130,538
BGD,130,539
,130,540
,130,541
,130,542
,130,543
,130,544
,130,545
IND,130,546
IND,130,547
IND,130,548
IND,130,549
MMR,130,550
MMR,130,551
MMR,130,552
MMR,130,553
MMR,130,554
MMR,130,555
MMR,130,556
CHN,130,557
CHN,130,558
CHN,130,559
CHN,130,560
CHN,130,561
CHN,130,562
CHN,130,563
CHN,130,564
CHN,130,565
CHN,130,566
CHN,130,567
CHN,130,568
CHN,130,569
CHN,130,570
CHN,130,571
CHN,130,572
CHN,130,573
CHN,130,574
CHN,130,575
CHN,130,576
CHN,130,577
CHN,130,578
CHN,130,579
CHN,130,580
CHN,130,581
CHN,130,582
CHN,130,583
CHN,130,584
CHN,130,585
CHN,130,586
CHN,130,587
CHN,130,588
CHN,130,589
CHN,130,590
CHN,130,591
CHN,130,592
CHN,130,593
CHN,130,594
CHN,130,595
CHN,130,596
CHN,130,597
CHN,130,598
CHN,130,599
CHN,130,600
TWN,130,603
TWN,130,604
TWN,130,605
MEX,131,136
MEX,131,137
MEX,131,138
MEX,131,139
MEX,131,140
MEX,131,144
MEX,131,145
MEX,131,146
MEX,131,147
MEX,131,148
MEX,131,149
MEX,131,150
MEX,131,151
MEX,131,152
MEX,131,153
MEX,131,154
MEX,131,155
MEX,131,156
MEX,131,157
MEX,131,158
MEX,131,159
MEX,131,160
MEX,131,161
MEX,131,162
MEX,131,163
MEX,131,164
MEX,131,165
USA,131,197
USA,131,198
BHS,131,204
BHS,131,205
BHS,131,208
BHS,131,209
MAR,131,330
MAR,131,331
MAR,131,332
MAR,131,333
MAR,131,334
MAR,131,335
ESH,131,336
MRT,131,337
MRT,131,338
MRT,131,339
MRT,131,340
MRT,131,341
MRT,131,342
MRT,131,343
MRT,131,344
MRT,131,345
MRT,131,346
MRT,131,347
MLI,131,348
MLI,131,349
MLI,131,350
MLI,131,351
DZA,131,352
DZA,131,353
DZA,131,354
DZA,131,355
DZA,131,356
DZA,131,357
DZA,131,358
DZA,131,359
DZA,131,360
DZA,131,361
DZA,131,362
DZA,131,363
DZA,131,364
DZA,131,365
DZA,131,366
DZA,131,367
DZA,131,368
DZA,131,369
DZA,131,370
DZA,131,371
DZA,131,372
DZA,131,373
DZA,131,374
DZA,131,375
DZA,131,376
DZA,131,377
DZA,131,378
DZA,131,379
DZA,131,380
LBY,131,381
LBY,131,382
LBY,131,383
LBY,131,384
LBY,131,385
LBY,131,386
LBY,131,387
LBY,131,388
LBY,131,389
LBY,131,390
LBY,131,391
LBY,131,392
LBY,131,393
LBY,131,394
LBY,131,395
LBY,131,396
LBY,131,397
LBY,131,398
LBY,131,399
LBY,131,400
LBY,131,401
LBY,131,402
LBY,131,403
LBY,131,404
LBY,131,405
LBY,131,406
LBY,131,407
LBY,131,408
LBY,131,409
LBY,131,410
EGY,131,411
EGY,131,412
EGY,131,413
EGY,131,414
EGY,131,415
EGY,131,416
EGY,131,417
EGY,131,418
EGY,131,419
EGY,131,420
EGY,131,421
EGY,131,422
EGY,131,423
EGY,131,424
EGY,131,425
EGY,131,426
EGY,131,427
EGY,131,428
EGY,131,429
EGY,131,430
EGY,131,431
SAU,131,435
SAU,131,436
SAU,131,437
SAU,131,438
SAU,131,439
SAU,131,440
SAU,131,441
SAU,131,442
SAU,131,443
SAU,131,444
SAU,131,445
SAU,131,446
SAU,131,447
SAU,131,448
SAU,131,449
SAU,131,450
SAU,131,451
SAU,131,452
SAU,131,453
SAU,131,454
SAU,131,455
SAU,131,456
SAU,131,457
SAU,131,458
SAU,131,459
SAU,131,460
SAU,131,461
SAU,131,462
QAT,131,463
QAT,131,464
ARE,131,465
ARE,131,469
ARE,131,470
ARE,131,471
ARE,131,472
OMN,131,473
OMN,131,474
PAK,131,494
PAK,131,495
PAK,131,496
PAK,131,497
PAK,131,498
PAK,131,499
PAK,131,500
PAK,131,501
PAK,131,502
IND,131,503
IND,131,504
IND,131,505
IND,131,506
IND,131,507
IND,131,508
IND,131,509
IND,131,510
IND,131,511
IND,131,512
IND,131,513
IND,131,514
IND,131,515
IND,131,516
IND,131,517
IND,131,518
IND,131,519
IND,131,520
IND,131,521
IND,131,522
IND,131,523
IND,131,524
IND,131,525
IND,131,526
IND,131,527
IND,131,528
IND,131,529
IND,131,530
IND,131,531
IND,131,532
IND,131,533
IND,131,534
IND,131,535
IND,131,536
,131,537
BGD,131,538
BGD,131,539
BGD,131,540
BGD,131,541
BGD,131,542
BGD,131,543
BGD,131,544
,131,545
IND,131,546
IND,131,547
IND,131,548
IND,131,549
MMR,131,550
MMR,131,551
MMR,131,552
MMR,131,553
MMR,131,554
MMR,131,555
CHN,131,556
CHN,131,557
CHN,131,558
CHN,131,559
CHN,131,560
CHN,131,561
CHN,131,562
CHN,131,563
CHN,131,564
CHN,131,565
CHN,131,566
CHN,131,567
CHN,131,568
CHN,131,569
CHN,131,570
CHN,131,571
CHN,131,572
CHN,131,573
CHN,131,574
CHN,131,575
CHN,131,576
CHN,131,577
CHN,131,578
CHN,131,579
CHN,131,580
CHN,131,581
CHN,131,582
CHN,131,583
CHN,131,584
CHN,131,585
CHN,131,586
CHN,131,587
CHN,131,588
CHN,131,589
CHN,131,590
CHN,131,591
CHN,131,592
CHN,131,593
CHN,131,594
CHN,131,595
CHN,131,596
CHN,131,597
CHN,131,598
,131,599
TWN,131,602
TWN,131,603
TWN,131,604
JPN,131,609
JPN,131,611
,131,643
MEX,132,137
MEX,132,138
MEX,132,139
MEX,132,140
MEX,132,141
MEX,132,145
MEX,132,146
MEX,132,147
MEX,132,148
MEX,132,149
MEX,132,150
MEX,132,151
MEX,132,152
MEX,132,153
MEX,132,154
MEX,132,155
MEX,132,156
MEX,132,157
MEX,132,158
MEX,132,159
MEX,132,160
MEX,132,161
MEX,132,162
MEX,132,163
MEX,132,164
MEX,132,165
BHS,132,204
BHS,132,205
BHS,132,208
BHS,132,209
BHS,132,210
BHS,132,212
MAR,132,329
MAR,132,330
MAR,132,331
MAR,132,332
MAR,132,333
MAR,132,334
ESH,132,335
ESH,132,336
MRT,132,337
MRT,132,338
MRT,132,339
MRT,132,340
MRT,132,341
MRT,132,342
MRT,132,343
MRT,132,344
MRT,132,345
MRT,132,346
MRT,132,347
MLI,132,348
MLI,132,349
MLI,132,350
MLI,132,351
MLI,132,352
MLI,132,353
DZA,132,354
DZA,132,355
DZA,132,356
DZA,132,357
DZA,132,358
DZA,132,359
DZA,132,360
DZA,132,361
DZA,132,362
DZA,132,363
DZA,132,364
DZA,132,365
DZA,132,366
DZA,132,367
DZA,132,368
DZA,132,369
DZA,132,370
DZA,132,371
DZA,132,372
DZA,132,373
DZA,132,374
DZA,132,375
DZA,132,376
DZA,132,377
DZA,132,378
DZA,132,379
DZA,132,380
DZA,132,381
DZA,132,382
DZA,132,383
LBY,132,384
LBY,132,385
LBY,132,386
LBY,132,387
LBY,132,388
LBY,132,389
LBY,132,390
LBY,132,391
LBY,132,392
LBY,132,393
LBY,132,394
LBY,132,395
LBY,132,396
LBY,132,397
LBY,132,398
LBY,132,399
LBY,132,400
LBY,132,401
LBY,132,402
LBY,132,403
LBY,132,404
LBY,132,405
LBY,132,406
LBY,132,407
LBY,132,408
LBY,132,409
LBY,132,410
EGY,132,411
EGY,132,412
EGY,132,413
EGY,132,414
EGY,132,415
EGY,132,416
EGY,132,417
EGY,132,418
EGY,132,419
EGY,132,420
EGY,132,421
EGY,132,422
EGY,132,423
EGY,132,424
EGY,132,425
EGY,132,426
EGY,132,427
EGY,132,428
EGY,132,429
EGY,132,430
EGY,132,431
EGY,132,432
SAU,132,435
SAU,132,436
SAU,132,437
SAU,132,438
SAU,132,439
SAU,132,440
SAU,132,441
SAU,132,442
SAU,132,443
SAU,132,444
SAU,132,445
SAU,132,446
SAU,132,447
SAU,132,448
SAU,132,449
SAU,132,450
SAU,132,451
SAU,132,452
SAU,132,453
SAU,132,454
SAU,132,455
SAU,132,456
SAU,132,457
SAU,132,458
SAU,132,459
SAU,132,460
SAU,132,461
SAU,132,462
SAU,132,463
ARE,132,464
ARE,132,465
ARE,132,466
ARE,132,467
ARE,132,468
ARE,132,469
ARE,132,470
ARE,132,471
ARE,132,472
OMN,132,473
OMN,132,474
OMN,132,475
PAK,132,495
PAK,132,496
PAK,132,497
PAK,132,498
IND,132,499
PAK,132,500
IND,132,501
IND,132,502
IND,132,503
IND,132,504
IND,132,505
IND,132,506
IND,132,507
IND,132,508
IND,132,509
IND,132,510
IND,132,511
IND,132,512
IND,132,513
IND,132,514
IND,132,515
IND,132,516
IND,132,517
IND,132,518
IND,132,519
IND,132,520
IND,132,521
IND,132,522
IND,132,523
IND,132,524
IND,132,525
IND,132,526
IND,132,527
IND,132,528
IND,132,529
IND,132,530
IND,132,531
IND,132,532
IND,132,533
IND,132,534
IND,132,535
IND,132,536
,132,537
,132,538
BGD,132,539
BGD,132,540
BGD,132,541
BGD,132,542
,132,543
,132,544
,132,545
IND,132,546
IND,132,547
IND,132,548
IND,132,549
MMR,132,550
MMR,132,551
MMR,132,552
MMR,132,553
MMR,132,554
MMR,132,555
CHN,132,556
CHN,132,557
CHN,132,558
CHN,132,559
CHN,132,560
CHN,132,561
CHN,132,562
CHN,132,563
CHN,132,564
CHN,132,565
CHN,132,566
CHN,132,567
CHN,132,568
CHN,132,569
CHN,132,570
CHN,132,571
CHN,132,572
CHN,132,573
CHN,132,574
CHN,132,575
CHN,132,576
CHN,132,577
CHN,132,578
CHN,132,579
CHN,132,580
CHN,132,581
CHN,132,582
CHN,132,583
CHN,132,584
CHN,132,585
CHN,132,586
CHN,132,587
CHN,132,588
CHN,132,589
CHN,132,590
CHN,132,591
CHN,132,592
CHN,132,593
CHN,132,594
CHN,132,595
CHN,132,596
CHN,132,597
TWN,132,601
TWN,132,602
TWN,132,603
TWN,132,604
,132,606
,132,607
JPN,132,608
JPN,132,609
,132,668
MEX,133,139
MEX,133,140
MEX,133,141
MEX,133,142
MEX,133,147
MEX,133,148
MEX,133,149
MEX,133,150
MEX,133,151
MEX,133,152
MEX,133,153
MEX,133,154
MEX,133,155
MEX,133,156
MEX,133,157
MEX,133,158
MEX,133,159
MEX,133,160
MEX,133,161
MEX,133,162
MEX,133,163
MEX,133,164
MEX,133,165
BHS,133,205
BHS,133,209
BHS,133,210
BHS,133,211
MAR,133,329
MAR,133,330
MAR,133,331
MAR,133,332
ESH,133,333
ESH,133,334
ESH,133,335
ESH,133,336
MRT,133,337
MRT,133,338
MRT,133,339
MRT,133,340
MRT,133,341
MRT,133,342
MRT,133,343
MRT,133,344
MRT,133,345
MRT,133,346
MRT,133,347
MLI,133,348
MLI,133,349
MLI,133,350
MLI,133,351
MLI,133,352
MLI,133,353
MLI,133,354
DZA,133,355
DZA,133,356
DZA,133,357
DZA,133,358
DZA,133,359
DZA,133,360
DZA,133,361
DZA,133,362
DZA,133,363
DZA,133,364
DZA,133,365
DZA,133,366
DZA,133,367
DZA,133,368
DZA,133,369
DZA,133,370
DZA,133,371
DZA,133,372
DZA,133,373
DZA,133,374
DZA,133,375
DZA,133,376
DZA,133,377
DZA,133,378
DZA,133,379
DZA,133,380
DZA,133,381
DZA,133,382
DZA,133,383
DZA,133,384
LBY,133,385
LBY,133,386
LBY,133,387
LBY,133,388
LBY,133,389
LBY,133,390
LBY,133,391
LBY,133,392
LBY,133,393
LBY,133,394
LBY,133,395
LBY,133,396
LBY,133,397
LBY,133,398
LBY,133,399
LBY,133,400
LBY,133,401
LBY,133,402
LBY,133,403
LBY,133,404
LBY,133,405
LBY,133,406
LBY,133,407
LBY,133,408
LBY,133,409
LBY,133,410
EGY,133,411
EGY,133,412
EGY,133,413
EGY,133,414
EGY,133,415
EGY,133,416
EGY,133,417
EGY,133,418
EGY,133,419
EGY,133,420
EGY,133,421
EGY,133,422
EGY,133,423
EGY,133,424
EGY,133,425
EGY,133,426
EGY,133,427
EGY,133,428
EGY,133,429
EGY,133,430
EGY,133,431
EGY,133,432
SAU,133,437
SAU,133,438
SAU,133,439
SAU,133,440
SAU,133,441
SAU,133,442
SAU,133,443
SAU,133,444
SAU,133,445
SAU,133,446
SAU,133,447
SAU,133,448
SAU,133,449
SAU,133,450
SAU,133,451
SAU,133,452
SAU,133,453
SAU,133,454
SAU,133,455
SAU,133,456
SAU,133,457
SAU,133,458
SAU,133,459
SAU,133,460
SAU,133,461
SAU,133,462
SAU,133,463
SAU,133,464
ARE,133,465
ARE,133,466
ARE,133,467
ARE,133,468
ARE,133,469
ARE,133,470
ARE,133,471
OMN,133,472
OMN,133,473
OMN,133,474
OMN,133,475
OMN,133,476
OMN,133,477
OMN,133,478
PAK,133,496
IND,133,497
IND,133,498
IND,133,499
IND,133,500
IND,133,501
IND,133,502
IND,133,503
IND,133,504
IND,133,505
IND,133,506
IND,133,507
IND,133,508
IND,133,509
IND,133,510
IND,133,511
IND,133,512
IND,133,513
IND,133,514
IND,133,515
IND,133,516
IND,133,517
IND,133,518
IND,133,519
IND,133,520
IND,133,521
IND,133,522
IND,133,523
IND,133,524
IND,133,525
IND,133,526
IND,133,527
IND,133,528
IND,133,529
IND,133,530
IND,133,531
IND,133,532
IND,133,533
IND,133,534
IND,133,535
IND,133,536
IND,133,537
,133,538
BGD,133,539
BGD,133,540
BGD,133,541
BGD,133,542
,133,543
,133,544
,133,545
IND,133,546
IND,133,547
MMR,133,548
MMR,133,549
MMR,133,550
MMR,133,551
MMR,133,552
MMR,133,553
MMR,133,554
MMR,133,555
MMR,133,556
MMR,133,557
MMR,133,558
CHN,133,559
CHN,133,560
CHN,133,561
CHN,133,562
CHN,133,563
CHN,133,564
CHN,133,565
CHN,133,566
CHN,133,567
CHN,133,568
CHN,133,569
CHN,133,570
CHN,133,571
CHN,133,572
CHN,133,573
CHN,133,574
CHN,133,575
CHN,133,576
CHN,133,577
CHN,133,578
CHN,133,579
CHN,133,580
CHN,133,581
CHN,133,582
CHN,133,583
CHN,133,584
CHN,133,585
CHN,133,586
CHN,133,587
CHN,133,588
CHN,133,589
CHN,133,590
CHN,133,591
CHN,133,592
CHN,133,593
CHN,133,594
CHN,133,595
CHN,133,596
TWN,133,600
TWN,133,601
TWN,133,602
TWN,133,603
TWN,133,604
MEX,134,140
MEX,134,141
MEX,134,142
MEX,134,147
MEX,134,148
MEX,134,149
MEX,134,150
MEX,134,151
MEX,134,152
MEX,134,153
MEX,134,154
MEX,134,155
MEX,134,156
MEX,134,157
MEX,134,158
MEX,134,159
MEX,134,160
MEX,134,161
MEX,134,162
MEX,134,163
MEX,134,164
MEX,134,165
CUB,134,194
CUB,134,195
CUB,134,196
CUB,134,197
CUB,134,198
CUB,134,199
CUB,134,200
BHS,134,209
BHS,134,210
BHS,134,211
BHS,134,213
MAR,134,328
MAR,134,329
MAR,134,330
MAR,134,331
MAR,134,332
ESH,134,333
ESH,134,334
ESH,134,335
MRT,134,336
MRT,134,337
MRT,134,338
MRT,134,339
MRT,134,340
MRT,134,341
MRT,134,342
MRT,134,343
MRT,134,344
MRT,134,345
MRT,134,346
MRT,134,347
MLI,134,348
MLI,134,349
MLI,134,350
MLI,134,351
MLI,134,352
MLI,134,353
MLI,134,354
MLI,134,355
MLI,134,356
DZA,134,357
DZA,134,358
DZA,134,359
DZA,134,360
DZA,134,361
DZA,134,362
DZA,134,363
DZA,134,364
DZA,134,365
DZA,134,366
DZA,134,367
DZA,134,368
DZA,134,369
DZA,134,370
DZA,134,371
DZA,134,372
DZA,134,373
DZA,134,374
DZA,134,375
DZA,134,376
DZA,134,377
DZA,134,378
DZA,134,379
DZA,134,380
DZA,134,381
DZA,134,382
DZA,134,383
NER,134,384
NER,134,385
NER,134,386
NER,134,387
LBY,134,388
LBY,134,389
LBY,134,390
LBY,134,391
TCD,134,392
TCD,134,393
LBY,134,394
LBY,134,395
LBY,134,396
LBY,134,397
LBY,134,398
LBY,134,399
LBY,134,400
LBY,134,401
LBY,134,402
LBY,134,403
LBY,134,404
LBY,134,405
LBY,134,406
LBY,134,407
LBY,134,408
LBY,134,409
LBY,134,410
EGY,134,411
EGY,134,412
EGY,134,413
EGY,134,414
EGY,134,415
EGY,134,416
EGY,134,417
EGY,134,418
EGY,134,419
EGY,134,420
EGY,134,421
EGY,134,422
EGY,134,423
EGY,134,424
EGY,134,425
EGY,134,426
EGY,134,427
EGY,134,428
EGY,134,429
EGY,134,430
EGY,134,431
EGY,134,432
SAU,134,438
SAU,134,439
SAU,134,440
SAU,134,441
SAU,134,442
SAU,134,443
SAU,134,444
SAU,134,445
SAU,134,446
SAU,134,447
SAU,134,448
SAU,134,449
SAU,134,450
SAU,134,451
SAU,134,452
SAU,134,453
SAU,134,454
SAU,134,455
SAU,134,456
SAU,134,457
SAU,134,458
SAU,134,459
SAU,134,460
SAU,134,461
SAU,134,462
SAU,134,463
SAU,134,464
SAU,134,465
ARE,134,466
ARE,134,467
ARE,134,468
ARE,134,469
ARE,134,470
ARE,134,471
OMN,134,472
OMN,134,473
OMN,134,474
OMN,134,475
OMN,134,476
OMN,134,477
OMN,134,478
OMN,134,479
,134,497
IND,134,498
IND,134,499
IND,134,500
IND,134,501
IND,134,502
IND,134,503
IND,134,504
IND,134,505
IND,134,506
IND,134,507
IND,134,508
IND,134,509
IND,134,510
IND,134,511
IND,134,512
IND,134,513
IND,134,514
IND,134,515
IND,134,516
IND,134,517
IND,134,518
IND,134,519
IND,134,520
IND,134,521
IND,134,522
IND,134,523
IND,134,524
IND,134,525
IND,134,526
IND,134,527
IND,134,528
IND,134,529
IND,134,530
IND,134,531
IND,134,532
IND,134,533
IND,134,534
IND,134,535
IND,134,536
IND,134,537
,134,538
BGD,134,539
BGD,134,540
BGD,134,541
BGD,134,542
,134,543
,134,544
,134,545
IND,134,546
IND,134,547
MMR,134,548
MMR,134,549
MMR,134,550
MMR,134,551
MMR,134,552
MMR,134,553
MMR,134,554
MMR,134,555
MMR,134,556
MMR,134,557
MMR,134,558
CHN,134,559
CHN,134,560
CHN,134,561
CHN,134,562
CHN,134,563
CHN,134,564
CHN,134,565
CHN,134,566
CHN,134,567
CHN,134,568
CHN,134,569
CHN,134,570
VNM,134,571
CHN,134,572
CHN,134,573
CHN,134,574
CHN,134,575
CHN,134,576
CHN,134,577
CHN,134,578
CHN,134,579
CHN,134,580
CHN,134,581
CHN,134,582
CHN,134,583
CHN,134,584
CHN,134,585
CHN,134,586
CHN,134,587
CHN,134,588
CHN,134,589
CHN,134,590
CHN,134,591
CHN,134,592
CHN,134,593
CHN,134,594
CHN,134,595
TWN,134,601
TWN,134,602
TWN,134,603
MEX,135,140
MEX,135,141
MEX,135,148
MEX,135,149
MEX,135,150
MEX,135,151
MEX,135,152
MEX,135,153
MEX,135,154
MEX,135,155
MEX,135,156
MEX,135,157
MEX,135,158
MEX,135,159
MEX,135,160
MEX,135,161
MEX,135,162
MEX,135,163
MEX,135,164
MEX,135,165
MEX,135,181
CUB,135,192
CUB,135,193
CUB,135,194
CUB,135,195
CUB,135,196
CUB,135,197
CUB,135,198
CUB,135,199
CUB,135,200
CUB,135,201
CUB,135,202
CUB,135,203
CUB,135,204
BHS,135,211
BHS,135,212
BHS,135,213
BHS,135,214
MAR,135,328
MAR,135,329
MAR,135,330
MAR,135,331
MAR,135,332
ESH,135,333
ESH,135,334
MRT,135,335
MRT,135,336
MRT,135,337
MRT,135,338
MRT,135,339
MRT,135,340
MRT,135,341
MRT,135,342
MRT,135,343
MRT,135,344
MRT,135,345
MRT,135,346
MRT,135,347
MLI,135,348
MLI,135,349
MLI,135,350
MLI,135,351
MLI,135,352
MLI,135,353
MLI,135,354
MLI,135,355
MLI,135,356
MLI,135,357
DZA,135,358
DZA,135,359
DZA,135,360
DZA,135,361
DZA,135,362
DZA,135,363
DZA,135,364
DZA,135,365
DZA,135,366
DZA,135,367
DZA,135,368
DZA,135,369
DZA,135,370
DZA,135,371
DZA,135,372
DZA,135,373
DZA,135,374
DZA,135,375
DZA,135,376
DZA,135,377
DZA,135,378
DZA,135,379
DZA,135,380
DZA,135,381
NER,135,382
NER,135,383
NER,135,384
NER,135,385
NER,135,386
NER,135,387
NER,135,388
LBY,135,389
NER,135,390
TCD,135,391
TCD,135,392
TCD,135,393
TCD,135,394
TCD,135,395
LBY,135,396
LBY,135,397
LBY,135,398
LBY,135,399
LBY,135,400
LBY,135,401
LBY,135,402
LBY,135,403
LBY,135,404
LBY,135,405
LBY,135,406
LBY,135,407
LBY,135,408
LBY,135,409
LBY,135,410
EGY,135,411
EGY,135,412
EGY,135,413
EGY,135,414
EGY,135,415
EGY,135,416
EGY,135,417
EGY,135,418
EGY,135,419
EGY,135,420
EGY,135,421
EGY,135,422
EGY,135,423
EGY,135,424
EGY,135,425
EGY,135,426
EGY,135,427
EGY,135,428
EGY,135,429
EGY,135,430
EGY,135,431
EGY,135,432
EGY,135,433
SAU,135,438
SAU,135,439
SAU,135,440
SAU,135,441
SAU,135,442
SAU,135,443
SAU,135,444
SAU,135,445
SAU,135,446
SAU,135,447
SAU,135,448
SAU,135,449
SAU,135,450
SAU,135,451
SAU,135,452
SAU,135,453
SAU,135,454
SAU,135,455
SAU,135,456
SAU,135,457
SAU,135,458
SAU,135,459
SAU,135,460
SAU,135,461
SAU,135,462
SAU,135,463
SAU,135,464
SAU,135,465
SAU,135,466
SAU,135,467
SAU,135,468
SAU,135,469
ARE,135,470
OMN,135,471
OMN,135,472
OMN,135,473
OMN,135,474
OMN,135,475
OMN,135,476
OMN,135,477
OMN,135,478
OMN,135,479
OMN,135,480
IND,135,499
IND,135,500
IND,135,501
IND,135,502
IND,135,503
IND,135,504
IND,135,505
IND,135,506
IND,135,507
IND,135,508
IND,135,509
IND,135,510
IND,135,511
IND,135,512
IND,135,513
IND,135,514
IND,135,515
IND,135,516
IND,135,517
IND,135,518
IND,135,519
IND,135,520
IND,135,521
IND,135,522
IND,135,523
IND,135,524
IND,135,525
IND,135,526
IND,135,527
IND,135,528
IND,135,529
IND,135,530
IND,135,531
IND,135,532
IND,135,533
IND,135,534
IND,135,535
IND,135,536
IND,135,537
,135,538
BGD,135,539
BGD,135,540
BGD,135,541
BGD,135,542
BGD,135,543
BGD,135,544
,135,545
,135,546
MMR,135,547
MMR,135,548
MMR,135,549
MMR,135,550
MMR,135,551
MMR,135,552
MMR,135,553
MMR,135,554
MMR,135,555
MMR,135,556
MMR,135,557
MMR,135,558
MMR,135,559
CHN,135,560
CHN,135,561
CHN,135,562
CHN,135,563
CHN,135,564
CHN,135,565
CHN,135,566
CHN,135,567
CHN,135,568
VNM,135,569
VNM,135,570
VNM,135,571
VNM,135,572
VNM,135,573
CHN,135,574
CHN,135,575
CHN,135,576
CHN,135,577
CHN,135,578
CHN,135,579
CHN,135,580
CHN,135,581
CHN,135,582
CHN,135,583
CHN,135,584
CHN,135,585
CHN,135,586
CHN,135,587
CHN,135,588
CHN,135,589
CHN,135,590
CHN,135,591
CHN,135,592
CHN,135,593
CHN,135,594
TWN,135,601
TWN,135,602
TWN,135,603
,136,40
,136,41
,136,42
MEX,136,149
MEX,136,150
MEX,136,151
MEX,136,152
MEX,136,153
MEX,136,154
MEX,136,155
MEX,136,156
MEX,136,157
MEX,136,158
MEX,136,159
MEX,136,160
MEX,136,161
MEX,136,162
MEX,136,163
MEX,136,164
MEX,136,165
MEX,136,181
CUB,136,191
CUB,136,192
CUB,136,193
CUB,136,194
CUB,136,196
CUB,136,197
CUB,136,198
CUB,136,199
CUB,136,200
CUB,136,201
CUB,136,202
CUB,136,203
CUB,136,204
CUB,136,205
BHS,136,209
BHS,136,212
BHS,136,213
BHS,136,214
BHS,136,215
MAR,136,327
MAR,136,328
MAR,136,329
MAR,136,330
MAR,136,331
ESH,136,332
ESH,136,333
ESH,136,334
MRT,136,335
MRT,136,336
MRT,136,337
MRT,136,338
MRT,136,339
MRT,136,340
MRT,136,341
MRT,136,342
MRT,136,343
MRT,136,344
MRT,136,345
MRT,136,346
MRT,136,347
MRT,136,348
MLI,136,349
MLI,136,350
MLI,136,351
MLI,136,352
MLI,136,353
MLI,136,354
MLI,136,355
MLI,136,356
MLI,136,357
MLI,136,358
MLI,136,359
DZA,136,360
DZA,136,361
DZA,136,362
DZA,136,363
DZA,136,364
DZA,136,365
DZA,136,366
DZA,136,367
DZA,136,368
DZA,136,369
DZA,136,370
DZA,136,371
DZA,136,372
DZA,136,373
DZA,136,374
DZA,136,375
DZA,136,376
DZA,136,377
DZA,136,378
DZA,136,379
DZA,136,380
NER,136,381
NER,136,382
NER,136,383
NER,136,384
NER,136,385
NER,136,386
NER,136,387
NER,136,388
NER,136,389
NER,136,390
TCD,136,391
TCD,136,392
TCD,136,393
TCD,136,394
TCD,136,395
TCD,136,396
TCD,136,397
LBY,136,398
LBY,136,399
LBY,136,400
LBY,136,401
LBY,136,402
LBY,136,403
LBY,136,404
LBY,136,405
LBY,136,406
LBY,136,407
LBY,136,408
LBY,136,409
LBY,136,410
EGY,136,411
EGY,136,412
EGY,136,413
EGY,136,414
EGY,136,415
EGY,136,416
EGY,136,417
EGY,136,418
EGY,136,419
EGY,136,420
EGY,136,421
EGY,136,422
EGY,136,423
EGY,136,424
EGY,136,425
EGY,136,426
EGY,136,427
EGY,136,428
EGY,136,429
EGY,136,430
EGY,136,431
EGY,136,432
EGY,136,433
EGY,136,434
SAU,136,438
SAU,136,439
SAU,136,440
SAU,136,441
SAU,136,442
SAU,136,443
SAU,136,444
SAU,136,445
SAU,136,446
SAU,136,447
SAU,136,448
SAU,136,449
SAU,136,450
SAU,136,451
SAU,136,452
SAU,136,453
SAU,136,454
SAU,136,455
SAU,136,456
SAU,136,457
SAU,136,458
SAU,136,459
SAU,136,460
SAU,136,461
SAU,136,462
SAU,136,463
SAU,136,464
SAU,136,465
SAU,136,466
SAU,136,467
SAU,136,468
SAU,136,469
SAU,136,470
SAU,136,471
OMN,136,472
OMN,136,473
OMN,136,474
OMN,136,475
OMN,136,476
OMN,136,477
OMN,136,478
OMN,136,479
OMN,136,480
IND,136,498
IND,136,499
IND,136,500
IND,136,501
IND,136,502
IND,136,503
IND,136,504
IND,136,505
IND,136,506
IND,136,507
IND,136,508
IND,136,509
IND,136,510
IND,136,511
IND,136,512
IND,136,513
IND,136,514
IND,136,515
IND,136,516
IND,136,517
IND,136,518
IND,136,519
IND,136,520
IND,136,521
IND,136,522
IND,136,523
IND,136,524
IND,136,525
IND,136,526
IND,136,527
IND,136,528
IND,136,529
IND,136,530
IND,136,531
IND,136,532
IND,136,533
IND,136,534
IND,136,535
IND,136,536
IND,136,537
IND,136,538
,136,539
BGD,136,540
BGD,136,541
BGD,136,542
BGD,136,543
BGD,136,544
BGD,136,545
,136,546
MMR,136,547
MMR,136,548
MMR,136,549
MMR,136,550
MMR,136,551
MMR,136,552
MMR,136,553
MMR,136,554
MMR,136,555
MMR,136,556
MMR,136,557
MMR,136,558
MMR,136,559
CHN,136,560
CHN,136,561
CHN,136,562
CHN,136,563
LAO,136,564
LAO,136,565
VNM,136,566
VNM,136,567
VNM,136,568
VNM,136,569
VNM,136,570
VNM,136,571
VNM,136,572
VNM,136,573
CHN,136,574
CHN,136,575
CHN,136,576
CHN,136,577
CHN,136,578
CHN,136,579
CHN,136,580
CHN,136,581
CHN,136,582
CHN,136,583
CHN,136,584
CHN,136,585
CHN,136,586
CHN,136,587
CHN,136,588
HKG,136,589
TWN,136,602
TWN,136,604
,137,40
,137,41
,137,42
,137,44
,137,45
MEX,137,147
MEX,137,149
MEX,137,150
MEX,137,151
MEX,137,152
MEX,137,153
MEX,137,154
MEX,137,155
MEX,137,156
MEX,137,157
MEX,137,158
MEX,137,159
MEX,137,160
MEX,137,161
MEX,137,162
MEX,137,163
MEX,137,164
MEX,137,165
MEX,137,166
MEX,137,183
MEX,137,184
MEX,137,185
MEX,137,186
MEX,137,187
CUB,137,191
CUB,137,192
CUB,137,193
CUB,137,194
CUB,137,195
CUB,137,196
CUB,137,198
CUB,137,200
CUB,137,201
CUB,137,202
CUB,137,203
CUB,137,204
CUB,137,205
CUB,137,206
CUB,137,207
BHS,137,214
BHS,137,215
TCA,137,216
TCA,137,217
TCA,137,218
MAR,137,327
MAR,137,328
MAR,137,329
MAR,137,330
MAR,137,331
ESH,137,332
ESH,137,333
ESH,137,334
MRT,137,335
MRT,137,336
MRT,137,337
MRT,137,338
MRT,137,339
MRT,137,340
MRT,137,341
MRT,137,342
MRT,137,343
MRT,137,344
MRT,137,345
MRT,137,346
MRT,137,347
MRT,137,348
MLI,137,349
MLI,137,350
MLI,137,351
MLI,137,352
MLI,137,353
MLI,137,354
MLI,137,355
MLI,137,356
MLI,137,357
MLI,137,358
MLI,137,359
MLI,137,360
DZA,137,361
DZA,137,362
DZA,137,363
DZA,137,364
DZA,137,365
DZA,137,366
DZA,137,367
DZA,137,368
DZA,137,369
DZA,137,370
DZA,137,371
DZA,137,372
DZA,137,373
DZA,137,374
DZA,137,375
DZA,137,376
DZA,137,377
DZA,137,378
NER,137,379
NER,137,380
NER,137,381
NER,137,382
NER,137,383
NER,137,384
NER,137,385
NER,137,386
NER,137,387
NER,137,388
NER,137,389
NER,137,390
TCD,137,391
TCD,137,392
TCD,137,393
TCD,137,394
TCD,137,395
TCD,137,396
TCD,137,397
TCD,137,398
TCD,137,399
LBY,137,400
LBY,137,401
LBY,137,402
LBY,137,403
LBY,137,404
LBY,137,405
LBY,137,406
LBY,137,407
LBY,137,408
LBY,137,409
LBY,137,410
SDN,137,411
SDN,137,412
SDN,137,413
SDN,137,414
SDN,137,415
SDN,137,416
SDN,137,417
SDN,137,418
SDN,137,419
SDN,137,420
SDN,137,421
SDN,137,422
SDN,137,423
SDN,137,424
SDN,137,425
SDN,137,426
,137,427
,137,428
,137,429
SDN,137,430
SDN,137,431
SDN,137,432
SDN,137,433
SDN,137,434
SAU,137,438
SAU,137,439
SAU,137,440
SAU,137,441
SAU,137,442
SAU,137,443
SAU,137,444
SAU,137,445
SAU,137,446
SAU,137,447
SAU,137,448
SAU,137,449
SAU,137,450
SAU,137,451
SAU,137,452
SAU,137,453
SAU,137,454
SAU,137,455
SAU,137,456
SAU,137,457
SAU,137,458
SAU,137,459
SAU,137,460
SAU,137,461
SAU,137,462
SAU,137,463
SAU,137,464
SAU,137,465
SAU,137,466
SAU,137,467
SAU,137,468
SAU,137,469
SAU,137,470
SAU,137,471
OMN,137,472
OMN,137,473
OMN,137,474
OMN,137,475
OMN,137,476
OMN,137,477
OMN,137,478
OMN,137,479
OMN,137,480
IND,137,499
IND,137,500
IND,137,501
IND,137,502
IND,137,503
IND,137,504
IND,137,505
IND,137,506
IND,137,507
IND,137,508
IND,137,509
IND,137,510
IND,137,511
IND,137,512
IND,137,513
IND,137,514
IND,137,515
IND,137,516
IND,137,517
IND,137,518
IND,137,519
IND,137,520
IND,137,521
IND,137,522
IND,137,523
IND,137,524
IND,137,525
IND,137,526
IND,137,527
IND,137,528
IND,137,529
IND,137,530
IND,137,531
IND,137,532
IND,137,533
IND,137,534
IND,137,535
IND,137,536
IND,137,537
IND,137,538
,137,539
BGD,137,540
BGD,137,541
BGD,137,542
BGD,137,544
BGD,137,545
MMR,137,546
MMR,137,547
MMR,137,548
MMR,137,549
MMR,137,550
MMR,137,551
MMR,137,552
MMR,137,553
MMR,137,554
MMR,137,555
MMR,137,556
MMR,137,557
MMR,137,558
MMR,137,559
MMR,137,560
CHN,137,561
CHN,137,562
CHN,137,563
LAO,137,564
LAO,137,565
LAO,137,566
VNM,137,567
VNM,137,568
VNM,137,569
VNM,137,570
VNM,137,571
VNM,137,572
VNM,137,573
VNM,137,574
CHN,137,575
CHN,137,576
CHN,137,577
CHN,137,578
CHN,137,579
CHN,137,580
CHN,137,581
CHN,137,582
CHN,137,583
CHN,137,584
CHN,137,585
CHN,137,586
CHN,137,587
TWN,137,602
,138,44
,138,45
,138,46
,138,47
MEX,138,148
MEX,138,150
MEX,138,151
MEX,138,152
MEX,138,153
MEX,138,154
MEX,138,155
MEX,138,156
MEX,138,157
MEX,138,158
MEX,138,159
MEX,138,160
MEX,138,161
MEX,138,162
MEX,138,163
MEX,138,164
MEX,138,165
MEX,138,166
MEX,138,180
MEX,138,181
MEX,138,182
MEX,138,183
MEX,138,184
MEX,138,185
MEX,138,186
MEX,138,187
CUB,138,195
CUB,138,202
CUB,138,203
CUB,138,204
CUB,138,205
CUB,138,206
CUB,138,207
CUB,138,208
CUB,138,209
BHS,138,213
BHS,138,214
TCA,138,218
ESH,138,326
MRT,138,327
MRT,138,328
MRT,138,329
MRT,138,330
MRT,138,331
MRT,138,332
MRT,138,333
MRT,138,334
MRT,138,335
MRT,138,336
MRT,138,337
MRT,138,338
MRT,138,339
MRT,138,340
MRT,138,341
MRT,138,342
MRT,138,343
MRT,138,344
MRT,138,345
MRT,138,346
MRT,138,347
MRT,138,348
MLI,138,349
MLI,138,350
MLI,138,351
MLI,138,352
MLI,138,353
MLI,138,354
MLI,138,355
MLI,138,356
MLI,138,357
MLI,138,358
MLI,138,359
MLI,138,360
MLI,138,361
MLI,138,362
DZA,138,363
DZA,138,364
DZA,138,365
DZA,138,366
DZA,138,367
DZA,138,368
DZA,138,369
DZA,138,370
DZA,138,371
DZA,138,372
DZA,138,373
DZA,138,374
DZA,138,375
DZA,138,376
NER,138,377
NER,138,378
NER,138,379
NER,138,380
NER,138,381
NER,138,382
NER,138,383
NER,138,384
NER,138,385
NER,138,386
NER,138,387
NER,138,388
NER,138,389
NER,138,390
NER,138,391
TCD,138,392
TCD,138,393
TCD,138,394
TCD,138,395
TCD,138,396
TCD,138,397
TCD,138,398
TCD,138,399
TCD,138,400
TCD,138,401
LBY,138,402
LBY,138,403
LBY,138,404
LBY,138,405
LBY,138,406
LBY,138,407
LBY,138,408
LBY,138,409
LBY,138,410
SDN,138,411
SDN,138,412
SDN,138,413
SDN,138,414
SDN,138,415
SDN,138,416
SDN,138,417
SDN,138,418
SDN,138,419
SDN,138,420
SDN,138,421
SDN,138,422
SDN,138,423
SDN,138,424
SDN,138,425
SDN,138,426
SDN,138,427
SDN,138,428
SDN,138,429
SDN,138,430
SDN,138,431
SDN,138,432
SDN,138,433
SDN,138,434
SDN,138,435
SAU,138,439
SAU,138,440
SAU,138,441
SAU,138,442
SAU,138,443
SAU,138,444
SAU,138,445
SAU,138,446
SAU,138,447
SAU,138,448
SAU,138,449
SAU,138,450
SAU,138,451
SAU,138,452
SAU,138,453
SAU,138,454
SAU,138,455
SAU,138,456
SAU,138,457
SAU,138,458
SAU,138,459
SAU,138,460
SAU,138,461
SAU,138,462
SAU,138,463
SAU,138,464
SAU,138,465
SAU,138,466
SAU,138,467
SAU,138,468
SAU,138,469
SAU,138,470
SAU,138,471
OMN,138,472
OMN,138,473
OMN,138,474
OMN,138,475
OMN,138,476
OMN,138,477
OMN,138,478
OMN,138,479
IND,138,500
IND,138,501
IND,138,502
IND,138,503
IND,138,504
IND,138,505
IND,138,506
IND,138,507
IND,138,508
IND,138,509
IND,138,510
IND,138,511
IND,138,512
IND,138,513
IND,138,514
IND,138,515
IND,138,516
IND,138,517
IND,138,518
IND,138,519
IND,138,520
IND,138,521
IND,138,522
IND,138,523
IND,138,524
IND,138,525
IND,138,526
IND,138,527
IND,138,528
IND,138,529
IND,138,530
IND,138,531
IND,138,532
IND,138,533
IND,138,534
IND,138,535
MMR,138,545
MMR,138,546
MMR,138,547
MMR,138,548
MMR,138,549
MMR,138,550
MMR,138,551
MMR,138,552
MMR,138,553
MMR,138,554
MMR,138,555
MMR,138,556
MMR,138,557
MMR,138,558
MMR,138,559
MMR,138,560
MMR,138,561
MMR,138,562
LAO,138,563
LAO,138,564
LAO,138,565
LAO,138,566
VNM,138,567
VNM,138,568
VNM,138,569
VNM,138,570
VNM,138,571
VNM,138,572
VNM,138,573
VNM,138,574
VNM,138,575
VNM,138,576
CHN,138,579
CHN,138,580
CHN,138,581
CHN,138,582
,139,46
,139,47
,139,48
,139,49
MEX,139,150
MEX,139,151
MEX,139,152
MEX,139,153
MEX,139,154
MEX,139,155
MEX,139,156
MEX,139,157
MEX,139,158
MEX,139,159
MEX,139,160
MEX,139,161
MEX,139,162
MEX,139,163
MEX,139,164
MEX,139,165
MEX,139,166
MEX,139,180
MEX,139,181
MEX,139,182
MEX,139,183
MEX,139,184
MEX,139,185
MEX,139,186
MEX,139,187
CUB,139,202
CUB,139,203
CUB,139,204
CUB,139,205
CUB,139,206
CUB,139,207
CUB,139,208
CUB,139,209
CUB,139,210
CUB,139,211
BHS,139,213
BHS,139,214
MRT,139,326
MRT,139,327
MRT,139,328
MRT,139,329
MRT,139,330
MRT,139,331
MRT,139,332
MRT,139,333
MRT,139,334
MRT,139,335
MRT,139,336
MRT,139,337
MRT,139,338
MRT,139,339
MRT,139,340
MRT,139,341
MRT,139,342
MRT,139,343
MRT,139,344
MRT,139,345
MRT,139,346
MRT,139,347
MRT,139,348
MLI,139,349
MLI,139,350
MLI,139,351
MLI,139,352
MLI,139,353
MLI,139,354
MLI,139,355
MLI,139,356
MLI,139,357
MLI,139,358
MLI,139,359
MLI,139,360
MLI,139,361
MLI,139,362
MLI,139,363
DZA,139,364
DZA,139,365
DZA,139,366
DZA,139,367
DZA,139,368
DZA,139,369
DZA,139,370
DZA,139,371
DZA,139,372
DZA,139,373
DZA,139,374
DZA,139,375
NER,139,376
NER,139,377
NER,139,378
NER,139,379
NER,139,380
NER,139,381
NER,139,382
NER,139,383
NER,139,384
NER,139,385
NER,139,386
NER,139,387
NER,139,388
NER,139,389
NER,139,390
NER,139,391
TCD,139,392
TCD,139,393
TCD,139,394
TCD,139,395
TCD,139,396
TCD,139,397
TCD,139,398
TCD,139,399
TCD,139,400
TCD,139,401
TCD,139,402
TCD,139,403
LBY,139,404
LBY,139,405
LBY,139,406
LBY,139,407
LBY,139,408
LBY,139,409
LBY,139,410
SDN,139,411
SDN,139,412
SDN,139,413
SDN,139,414
SDN,139,415
SDN,139,416
SDN,139,417
SDN,139,418
SDN,139,419
SDN,139,420
SDN,139,421
SDN,139,422
SDN,139,423
SDN,139,424
SDN,139,425
SDN,139,426
SDN,139,427
SDN,139,428
SDN,139,429
SDN,139,430
SDN,139,431
SDN,139,432
SDN,139,433
SDN,139,434
SDN,139,435
SAU,139,439
SAU,139,440
SAU,139,441
SAU,139,442
SAU,139,443
SAU,139,444
SAU,139,445
SAU,139,446
SAU,139,447
SAU,139,448
SAU,139,449
SAU,139,450
SAU,139,451
SAU,139,452
SAU,139,453
SAU,139,454
SAU,139,455
SAU,139,456
SAU,139,457
SAU,139,458
SAU,139,459
SAU,139,460
SAU,139,461
SAU,139,462
SAU,139,463
SAU,139,464
SAU,139,465
SAU,139,466
SAU,139,467
SAU,139,468
SAU,139,469
SAU,139,470
OMN,139,471
OMN,139,472
OMN,139,473
OMN,139,474
OMN,139,475
OMN,139,476
OMN,139,477
OMN,139,478
IND,139,501
IND,139,502
IND,139,503
IND,139,504
IND,139,506
IND,139,507
IND,139,508
IND,139,509
IND,139,510
IND,139,511
IND,139,512
IND,139,513
IND,139,514
IND,139,515
IND,139,516
IND,139,517
IND,139,518
IND,139,519
IND,139,520
IND,139,521
IND,139,522
IND,139,523
IND,139,524
IND,139,525
IND,139,526
IND,139,527
IND,139,528
IND,139,529
IND,139,530
IND,139,531
IND,139,532
IND,139,533
IND,139,534
MMR,139,545
MMR,139,546
MMR,139,547
MMR,139,548
MMR,139,549
MMR,139,550
MMR,139,551
MMR,139,552
MMR,139,553
MMR,139,554
MMR,139,555
MMR,139,556
MMR,139,557
MMR,139,558
MMR,139,559
MMR,139,560
MMR,139,561
LAO,139,562
LAO,139,563
LAO,139,564
LAO,139,565
LAO,139,566
LAO,139,567
LAO,139,568
LAO,139,569
VNM,139,570
VNM,139,571
VNM,139,572
VNM,139,573
VNM,139,574
VNM,139,575
VNM,139,576
CHN,139,580
CHN,139,581
CHN,139,582
PHL,139,604
,140,49
,140,50
MEX,140,149
MEX,140,150
MEX,140,151
MEX,140,152
MEX,140,153
MEX,140,154
MEX,140,155
MEX,140,156
MEX,140,157
MEX,140,158
MEX,140,159
MEX,140,160
MEX,140,161
MEX,140,162
MEX,140,163
MEX,140,164
MEX,140,165
MEX,140,166
MEX,140,167
MEX,140,180
MEX,140,181
MEX,140,182
MEX,140,183
MEX,140,184
MEX,140,185
MEX,140,186
MEX,140,187
CUB,140,205
CUB,140,206
CUB,140,207
CUB,140,208
CUB,140,209
CUB,140,210
CUB,140,211
CUB,140,212
HTI,140,215
MRT,140,328
MRT,140,329
MRT,140,330
MRT,140,331
MRT,140,332
MRT,140,333
MRT,140,334
MRT,140,335
MRT,140,336
MRT,140,337
MRT,140,338
MRT,140,339
MRT,140,340
MRT,140,341
MRT,140,342
MRT,140,343
MRT,140,344
MRT,140,345
MRT,140,346
MRT,140,347
MRT,140,348
MLI,140,349
MLI,140,350
MLI,140,351
MLI,140,352
MLI,140,353
MLI,140,354
MLI,140,355
MLI,140,356
MLI,140,357
MLI,140,358
MLI,140,359
MLI,140,360
MLI,140,361
MLI,140,362
MLI,140,363
MLI,140,364
DZA,140,365
DZA,140,366
DZA,140,367
DZA,140,368
DZA,140,369
DZA,140,370
DZA,140,371
DZA,140,372
DZA,140,373
NER,140,374
NER,140,375
NER,140,376
NER,140,377
NER,140,378
NER,140,379
NER,140,380
NER,140,381
NER,140,382
NER,140,383
NER,140,384
NER,140,385
NER,140,386
NER,140,387
NER,140,388
NER,140,389
NER,140,390
NER,140,391
NER,140,392
TCD,140,393
TCD,140,394
TCD,140,395
TCD,140,396
TCD,140,397
TCD,140,398
TCD,140,399
TCD,140,400
TCD,140,401
TCD,140,402
TCD,140,403
TCD,140,404
TCD,140,405
LBY,140,406
LBY,140,407
LBY,140,408
LBY,140,409
LBY,140,410
SDN,140,411
SDN,140,412
SDN,140,413
SDN,140,414
SDN,140,415
SDN,140,416
SDN,140,417
SDN,140,418
SDN,140,419
SDN,140,420
SDN,140,421
SDN,140,422
SDN,140,423
SDN,140,424
SDN,140,425
SDN,140,426
SDN,140,427
SDN,140,428
SDN,140,429
SDN,140,430
SDN,140,431
SDN,140,432
SDN,140,433
SDN,140,434
SDN,140,435
SAU,140,440
SAU,140,441
SAU,140,442
SAU,140,443
SAU,140,444
SAU,140,445
SAU,140,446
SAU,140,447
SAU,140,448
SAU,140,449
SAU,140,450
SAU,140,451
SAU,140,452
SAU,140,453
SAU,140,454
SAU,140,455
SAU,140,456
SAU,140,457
SAU,140,458
SAU,140,459
SAU,140,460
SAU,140,461
SAU,140,462
SAU,140,463
SAU,140,464
SAU,140,465
SAU,140,466
SAU,140,467
SAU,140,468
SAU,140,469
SAU,140,470
OMN,140,471
OMN,140,472
OMN,140,473
OMN,140,474
OMN,140,475
OMN,140,476
OMN,140,477
OMN,140,478
IND,140,506
IND,140,507
IND,140,508
IND,140,509
IND,140,510
IND,140,511
IND,140,512
IND,140,513
IND,140,514
IND,140,515
IND,140,516
IND,140,517
IND,140,518
IND,140,519
IND,140,520
IND,140,521
IND,140,522
IND,140,523
IND,140,524
IND,140,525
IND,140,526
IND,140,527
IND,140,528
IND,140,529
IND,140,530
IND,140,531
IND,140,532
IND,140,533
IND,140,534
MMR,140,546
MMR,140,547
MMR,140,548
MMR,140,549
MMR,140,550
MMR,140,551
MMR,140,552
MMR,140,553
MMR,140,554
MMR,140,555
MMR,140,556
MMR,140,557
MMR,140,558
MMR,140,559
THA,140,560
THA,140,561
LAO,140,562
LAO,140,563
LAO,140,564
LAO,140,565
LAO,140,566
LAO,140,567
LAO,140,568
LAO,140,569
LAO,140,570
VNM,140,571
VNM,140,572
VNM,140,573
VNM,140,574
CHN,140,580
CHN,140,581
CHN,140,582
PHL,140,604
PHL,140,605
,141,48
,141,49
,141,50
,141,51
MEX,141,150
MEX,141,151
MEX,141,152
MEX,141,153
MEX,141,154
MEX,141,155
MEX,141,156
MEX,141,157
MEX,141,158
MEX,141,159
MEX,141,160
MEX,141,161
MEX,141,162
MEX,141,163
MEX,141,164
MEX,141,165
MEX,141,166
MEX,141,167
MEX,141,168
MEX,141,179
MEX,141,180
MEX,141,181
MEX,141,182
MEX,141,183
MEX,141,184
MEX,141,185
MEX,141,186
CYM,141,200
CYM,141,201
CUB,141,205
CUB,141,206
CUB,141,207
CUB,141,208
CUB,141,209
,141,210
CUB,141,211
HTI,141,214
HTI,141,215
HTI,141,216
DOM,141,217
DOM,141,218
DOM,141,219
DOM,141,220
DOM,141,221
MRT,141,328
MRT,141,329
MRT,141,330
MRT,141,331
MRT,141,332
MRT,141,333
MRT,141,334
MRT,141,335
MRT,141,336
MRT,141,337
MRT,141,338
MRT,141,339
MRT,141,340
MRT,141,341
MRT,141,342
MRT,141,343
MRT,141,344
MRT,141,345
MRT,141,346
MRT,141,347
MRT,141,348
MLI,141,349
MLI,141,350
MLI,141,351
MLI,141,352
MLI,141,353
MLI,141,354
MLI,141,355
MLI,141,356
MLI,141,357
MLI,141,358
MLI,141,359
MLI,141,360
MLI,141,361
MLI,141,362
MLI,141,363
MLI,141,364
MLI,141,365
MLI,141,366
DZA,141,367
DZA,141,368
DZA,141,369
DZA,141,370
DZA,141,371
DZA,141,372
NER,141,373
NER,141,374
NER,141,375
NER,141,376
NER,141,377
NER,141,378
NER,141,379
NER,141,380
NER,141,381
NER,141,382
NER,141,383
NER,141,384
NER,141,385
NER,141,386
NER,141,387
NER,141,388
NER,141,389
NER,141,390
NER,141,391
NER,141,392
TCD,141,393
TCD,141,394
TCD,141,395
TCD,141,396
TCD,141,397
TCD,141,398
TCD,141,399
TCD,141,400
TCD,141,401
TCD,141,402
TCD,141,403
TCD,141,404
TCD,141,405
TCD,141,406
TCD,141,407
LBY,141,408
SDN,141,409
SDN,141,410
SDN,141,411
SDN,141,412
SDN,141,413
SDN,141,414
SDN,141,415
SDN,141,416
SDN,141,417
SDN,141,418
SDN,141,419
SDN,141,420
SDN,141,421
SDN,141,422
SDN,141,423
SDN,141,424
SDN,141,425
SDN,141,426
SDN,141,427
SDN,141,428
SDN,141,429
SDN,141,430
SDN,141,431
SDN,141,432
SDN,141,433
SDN,141,434
SDN,141,435
SAU,141,442
SAU,141,443
SAU,141,444
SAU,141,445
SAU,141,446
SAU,141,447
SAU,141,448
SAU,141,449
SAU,141,450
SAU,141,451
SAU,141,452
SAU,141,453
SAU,141,454
SAU,141,455
SAU,141,456
SAU,141,457
SAU,141,458
SAU,141,459
SAU,141,460
SAU,141,461
SAU,141,462
SAU,141,463
SAU,141,464
SAU,141,465
SAU,141,466
SAU,141,467
SAU,141,468
OMN,141,469
OMN,141,470
OMN,141,471
OMN,141,472
OMN,141,473
OMN,141,474
OMN,141,475
OMN,141,476
IND,141,506
IND,141,507
IND,141,508
IND,141,509
IND,141,510
IND,141,511
IND,141,512
IND,141,513
IND,141,514
IND,141,515
IND,141,516
IND,141,517
IND,141,518
IND,141,519
IND,141,520
IND,141,521
IND,141,522
IND,141,523
IND,141,524
IND,141,525
IND,141,526
IND,141,527
IND,141,528
IND,141,529
IND,141,530
IND,141,531
IND,141,532
IND,141,533
MMR,141,547
MMR,141,548
MMR,141,549
MMR,141,550
MMR,141,551
MMR,141,552
MMR,141,553
MMR,141,554
MMR,141,555
MMR,141,556
MMR,141,557
THA,141,558
THA,141,559
THA,141,560
THA,141,561
LAO,141,562
LAO,141,563
LAO,141,564
LAO,141,565
LAO,141,566
LAO,141,567
LAO,141,568
LAO,141,569
VNM,141,570
VNM,141,571
VNM,141,572
CHN,141,578
CHN,141,579
CHN,141,580
CHN,141,581
CHN,141,582
CHN,141,583
PHL,141,604
,142,49
,142,50
,142,51
MEX,142,150
MEX,142,151
MEX,142,152
MEX,142,153
MEX,142,154
MEX,142,155
MEX,142,156
MEX,142,157
MEX,142,158
MEX,142,159
MEX,142,160
MEX,142,161
MEX,142,162
MEX,142,163
MEX,142,164
MEX,142,165
MEX,142,166
MEX,142,167
MEX,142,168
MEX,142,169
MEX,142,178
MEX,142,179
MEX,142,180
MEX,142,181
MEX,142,182
MEX,142,183
MEX,142,184
MEX,142,185
MEX,142,186
CYM,142,198
HTI,142,215
HTI,142,216
HTI,142,217
DOM,142,218
DOM,142,219
DOM,142,220
DOM,142,221
DOM,142,222
DOM,142,223
MRT,142,328
MRT,142,329
MRT,142,330
MRT,142,331
MRT,142,332
MRT,142,333
MRT,142,334
MRT,142,335
MRT,142,336
MRT,142,337
MRT,142,338
MRT,142,339
MRT,142,340
MRT,142,341
MRT,142,342
MRT,142,343
MRT,142,344
MRT,142,345
MRT,142,346
MRT,142,347
MRT,142,348
MLI,142,349
MLI,142,350
MLI,142,351
MLI,142,352
MLI,142,353
MLI,142,354
MLI,142,355
MLI,142,356
MLI,142,357
MLI,142,358
MLI,142,359
MLI,142,360
MLI,142,361
MLI,142,362
MLI,142,363
MLI,142,364
MLI,142,365
MLI,142,366
DZA,142,367
DZA,142,368
DZA,142,369
NER,142,370
NER,142,371
NER,142,372
NER,142,373
NER,142,374
NER,142,375
NER,142,376
NER,142,377
NER,142,378
NER,142,379
NER,142,380
NER,142,381
NER,142,382
NER,142,383
NER,142,384
NER,142,385
NER,142,386
NER,142,387
NER,142,388
NER,142,389
NER,142,390
NER,142,391
TCD,142,392
TCD,142,393
TCD,142,394
TCD,142,395
TCD,142,396
TCD,142,397
TCD,142,398
TCD,142,399
TCD,142,400
TCD,142,401
TCD,142,402
TCD,142,403
TCD,142,404
TCD,142,405
TCD,142,406
TCD,142,407
TCD,142,408
SDN,142,409
SDN,142,410
SDN,142,411
SDN,142,412
SDN,142,413
SDN,142,414
SDN,142,415
SDN,142,416
SDN,142,417
SDN,142,418
SDN,142,419
SDN,142,420
SDN,142,421
SDN,142,422
SDN,142,423
SDN,142,424
SDN,142,425
SDN,142,426
SDN,142,427
SDN,142,428
SDN,142,429
SDN,142,430
SDN,142,431
SDN,142,432
SDN,142,433
SDN,142,434
SDN,142,435
SAU,142,442
SAU,142,443
SAU,142,444
SAU,142,445
SAU,142,446
SAU,142,447
SAU,142,448
SAU,142,449
SAU,142,450
SAU,142,451
SAU,142,452
SAU,142,453
SAU,142,454
SAU,142,455
SAU,142,456
SAU,142,457
SAU,142,458
SAU,142,459
SAU,142,460
SAU,142,461
SAU,142,462
SAU,142,463
SAU,142,464
SAU,142,465
OMN,142,466
OMN,142,467
OMN,142,468
OMN,142,469
OMN,142,470
OMN,142,471
OMN,142,472
OMN,142,473
OMN,142,474
OMN,142,475
OMN,142,476
IND,142,506
IND,142,507
IND,142,508
IND,142,509
IND,142,510
IND,142,511
IND,142,512
IND,142,513
IND,142,514
IND,142,515
IND,142,516
IND,142,517
IND,142,518
IND,142,519
IND,142,520
IND,142,521
IND,142,522
IND,142,523
IND,142,524
IND,142,525
IND,142,526
IND,142,527
IND,142,528
IND,142,529
IND,142,530
IND,142,531
MMR,142,548
MMR,142,549
MMR,142,550
MMR,142,551
MMR,142,552
MMR,142,553
MMR,142,554
MMR,142,555
MMR,142,556
THA,142,557
THA,142,558
THA,142,559
THA,142,560
THA,142,561
THA,142,562
THA,142,563
LAO,142,564
LAO,142,565
LAO,142,566
LAO,142,567
LAO,142,568
VNM,142,569
VNM,142,570
VNM,142,571
VNM,142,572
CHN,142,578
CHN,142,579
CHN,142,580
CHN,142,581
CHN,142,582
PHL,142,603
PHL,142,604
,143,49
MEX,143,138
MEX,143,139
MEX,143,152
MEX,143,153
MEX,143,154
MEX,143,155
MEX,143,156
MEX,143,157
MEX,143,158
MEX,143,159
MEX,143,160
MEX,143,161
MEX,143,162
MEX,143,163
MEX,143,164
MEX,143,165
MEX,143,166
MEX,143,167
MEX,143,168
MEX,143,169
MEX,143,170
MEX,143,171
MEX,143,175
MEX,143,176
MEX,143,177
MEX,143,178
MEX,143,179
MEX,143,180
MEX,143,181
MEX,143,182
MEX,143,183
MEX,143,184
MEX,143,185
JAM,143,205
HTI,143,212
HTI,143,213
HTI,143,214
HTI,143,215
HTI,143,216
DOM,143,217
DOM,143,218
DOM,143,219
DOM,143,220
DOM,143,221
DOM,143,222
DOM,143,223
DOM,143,224
PRI,143,226
PRI,143,227
VGB,143,232
MRT,143,328
MRT,143,329
MRT,143,330
MRT,143,331
MRT,143,332
MRT,143,333
MRT,143,334
MRT,143,335
MRT,143,336
MRT,143,337
MRT,143,338
MRT,143,339
MRT,143,340
MRT,143,341
MRT,143,342
MRT,143,343
MRT,143,344
MRT,143,345
MRT,143,346
MRT,143,347
MRT,143,348
MLI,143,349
MLI,143,350
MLI,143,351
MLI,143,352
MLI,143,353
MLI,143,354
MLI,143,355
MLI,143,356
MLI,143,357
MLI,143,358
MLI,143,359
MLI,143,360
MLI,143,361
MLI,143,362
MLI,143,363
MLI,143,364
MLI,143,365
MLI,143,366
MLI,143,367
MLI,143,368
MLI,143,369
NER,143,370
NER,143,371
NER,143,372
NER,143,373
NER,143,374
NER,143,375
NER,143,376
NER,143,377
NER,143,378
NER,143,379
NER,143,380
NER,143,381
NER,143,382
NER,143,383
NER,143,384
NER,143,385
NER,143,386
NER,143,387
NER,143,388
NER,143,389
NER,143,390
NER,143,391
TCD,143,392
TCD,143,393
TCD,143,394
TCD,143,395
TCD,143,396
TCD,143,397
TCD,143,398
TCD,143,399
TCD,143,400
TCD,143,401
TCD,143,402
TCD,143,403
TCD,143,404
TCD,143,405
TCD,143,406
TCD,143,407
TCD,143,408
SDN,143,409
SDN,143,410
SDN,143,411
SDN,143,412
SDN,143,413
SDN,143,414
SDN,143,415
SDN,143,416
SDN,143,417
SDN,143,418
SDN,143,419
SDN,143,420
SDN,143,421
SDN,143,422
SDN,143,423
SDN,143,424
SDN,143,425
SDN,143,426
SDN,143,427
SDN,143,428
SDN,143,429
SDN,143,430
SDN,143,431
SDN,143,432
SDN,143,433
SDN,143,434
SDN,143,435
SDN,143,436
SAU,143,443
SAU,143,444
SAU,143,445
SAU,143,446
SAU,143,447
SAU,143,448
SAU,143,449
SAU,143,450
SAU,143,451
SAU,143,452
SAU,143,453
SAU,143,454
SAU,143,455
SAU,143,456
SAU,143,457
SAU,143,458
SAU,143,459
SAU,143,460
YEM,143,461
YEM,143,462
YEM,143,463
YEM,143,464
OMN,143,465
OMN,143,466
OMN,143,467
OMN,143,468
OMN,143,469
OMN,143,470
OMN,143,471
OMN,143,472
OMN,143,473
OMN,143,474
OMN,143,475
OMN,143,476
IND,143,506
IND,143,507
IND,143,508
IND,143,509
IND,143,510
IND,143,511
IND,143,512
IND,143,513
IND,143,514
IND,143,515
IND,143,516
IND,143,517
IND,143,518
IND,143,519
IND,143,520
IND,143,521
IND,143,522
IND,143,523
IND,143,524
IND,143,525
IND,143,526
IND,143,527
IND,143,528
IND,143,529
IND,143,530
MMR,143,548
MMR,143,549
MMR,143,550
MMR,143,551
MMR,143,552
MMR,143,553
MMR,143,554
MMR,143,555
THA,143,556
THA,143,557
THA,143,558
THA,143,559
THA,143,560
THA,143,561
THA,143,562
LAO,143,563
LAO,143,564
LAO,143,565
LAO,143,566
LAO,143,567
LAO,143,568
LAO,143,569
LAO,143,570
VNM,143,571
VNM,143,572
CHN,143,578
CHN,143,579
CHN,143,580
CHN,143,581
CHN,143,582
PHL,143,602
PHL,143,603
PHL,143,604
PHL,143,605
MNP,143,652
MEX,144,131
MEX,144,153
MEX,144,154
MEX,144,155
MEX,144,156
MEX,144,157
MEX,144,158
MEX,144,159
MEX,144,160
MEX,144,161
MEX,144,162
MEX,144,163
MEX,144,164
MEX,144,165
MEX,144,166
MEX,144,167
MEX,144,168
MEX,144,169
MEX,144,170
MEX,144,171
MEX,144,172
MEX,144,173
MEX,144,174
MEX,144,175
MEX,144,176
MEX,144,177
MEX,144,178
MEX,144,179
MEX,144,180
MEX,144,181
MEX,144,182
MEX,144,183
BLZ,144,184
MEX,144,185
JAM,144,204
JAM,144,205
JAM,144,206
JAM,144,207
JAM,144,208
HTI,144,212
HTI,144,213
HTI,144,214
HTI,144,215
HTI,144,216
DOM,144,217
DOM,144,218
DOM,144,219
DOM,144,220
DOM,144,221
DOM,144,222
DOM,144,223
DOM,144,224
PRI,144,225
PRI,144,226
PRI,144,227
PRI,144,228
PRI,144,229
PRI,144,230
VIR,144,231
MRT,144,328
MRT,144,329
MRT,144,330
MRT,144,331
MRT,144,332
MRT,144,333
MRT,144,334
MRT,144,335
MRT,144,336
MRT,144,337
MRT,144,338
MRT,144,339
MRT,144,340
MRT,144,341
MRT,144,342
MRT,144,343
MRT,144,344
MRT,144,345
MRT,144,346
MRT,144,347
MRT,144,348
MLI,144,349
MLI,144,350
MLI,144,351
MLI,144,352
MLI,144,353
MLI,144,354
MLI,144,355
MLI,144,356
MLI,144,357
MLI,144,358
MLI,144,359
MLI,144,360
MLI,144,361
MLI,144,362
MLI,144,363
MLI,144,364
MLI,144,365
MLI,144,366
MLI,144,367
MLI,144,368
MLI,144,369
NER,144,370
NER,144,371
NER,144,372
NER,144,373
NER,144,374
NER,144,375
NER,144,376
NER,144,377
NER,144,378
NER,144,379
NER,144,380
NER,144,381
NER,144,382
NER,144,383
NER,144,384
NER,144,385
NER,144,386
NER,144,387
NER,144,388
NER,144,389
NER,144,390
NER,144,391
TCD,144,392
TCD,144,393
TCD,144,394
TCD,144,395
TCD,144,396
TCD,144,397
TCD,144,398
TCD,144,399
TCD,144,400
TCD,144,401
TCD,144,402
TCD,144,403
TCD,144,404
TCD,144,405
TCD,144,406
TCD,144,407
TCD,144,408
SDN,144,409
SDN,144,410
SDN,144,411
SDN,144,412
SDN,144,413
SDN,144,414
SDN,144,415
SDN,144,416
SDN,144,417
SDN,144,418
SDN,144,419
SDN,144,420
SDN,144,421
SDN,144,422
SDN,144,423
SDN,144,424
SDN,144,425
SDN,144,426
SDN,144,427
SDN,144,428
SDN,144,429
SDN,144,430
SDN,144,431
SDN,144,432
SDN,144,433
SDN,144,434
SDN,144,435
SDN,144,436
SDN,144,437
SDN,144,438
SAU,144,443
SAU,144,444
SAU,144,445
SAU,144,446
SAU,144,447
SAU,144,448
SAU,144,449
SAU,144,450
SAU,144,451
SAU,144,452
SAU,144,453
SAU,144,454
SAU,144,455
SAU,144,456
SAU,144,457
YEM,144,458
YEM,144,459
YEM,144,460
YEM,144,461
YEM,144,462
YEM,144,463
YEM,144,464
YEM,144,465
OMN,144,466
OMN,144,467
OMN,144,468
OMN,144,469
OMN,144,470
OMN,144,471
OMN,144,472
OMN,144,473
OMN,144,474
IND,144,506
IND,144,507
IND,144,508
IND,144,509
IND,144,510
IND,144,511
IND,144,512
IND,144,513
IND,144,514
IND,144,515
IND,144,516
IND,144,517
IND,144,518
IND,144,519
IND,144,520
IND,144,521
IND,144,522
IND,144,523
IND,144,524
IND,144,525
IND,144,526
IND,144,527
IND,144,528
IND,144,529
MMR,144,549
MMR,144,550
MMR,144,551
MMR,144,552
MMR,144,553
MMR,144,554
MMR,144,555
THA,144,556
THA,144,557
THA,144,558
THA,144,559
THA,144,560
THA,144,561
THA,144,562
LAO,144,563
LAO,144,564
LAO,144,565
LAO,144,566
THA,144,567
THA,144,568
LAO,144,569
LAO,144,570
LAO,144,571
VNM,144,572
VNM,144,573
CHN,144,578
CHN,144,579
CHN,144,580
CHN,144,581
PHL,144,602
PHL,144,603
PHL,144,604
PHL,144,605
MNP,144,652
MEX,145,156
MEX,145,157
MEX,145,158
MEX,145,159
MEX,145,160
MEX,145,161
MEX,145,162
MEX,145,163
MEX,145,164
MEX,145,165
MEX,145,166
MEX,145,167
MEX,145,168
MEX,145,169
MEX,145,170
MEX,145,171
MEX,145,172
MEX,145,173
MEX,145,174
MEX,145,175
MEX,145,176
MEX,145,177
MEX,145,178
GTM,145,179
GTM,145,180
GTM,145,181
GTM,145,182
BLZ,145,183
BLZ,145,184
BLZ,145,185
JAM,145,205
JAM,145,206
JAM,145,207
JAM,145,208
DOM,145,217
DOM,145,218
PRI,145,226
PRI,145,227
PRI,145,228
VIR,145,231
ATG,145,237
MRT,145,328
MRT,145,329
MRT,145,330
MRT,145,331
MRT,145,332
MRT,145,333
MRT,145,334
MRT,145,335
MRT,145,336
MRT,145,337
MRT,145,338
MRT,145,339
MRT,145,340
MRT,145,341
MRT,145,342
MRT,145,343
MRT,145,344
MRT,145,345
MRT,145,346
MRT,145,347
MRT,145,348
MRT,145,349
MLI,145,350
MLI,145,351
MLI,145,352
MLI,145,353
MLI,145,354
MLI,145,355
MLI,145,356
MLI,145,357
MLI,145,358
MLI,145,359
MLI,145,360
MLI,145,361
MLI,145,362
MLI,145,363
MLI,145,364
MLI,145,365
MLI,145,366
MLI,145,367
MLI,145,368
MLI,145,369
NER,145,370
NER,145,371
NER,145,372
NER,145,373
NER,145,374
NER,145,375
NER,145,376
NER,145,377
NER,145,378
NER,145,379
NER,145,380
NER,145,381
NER,145,382
NER,145,383
NER,145,384
NER,145,385
NER,145,386
NER,145,387
NER,145,388
NER,145,389
NER,145,390
NER,145,391
TCD,145,392
TCD,145,393
TCD,145,394
TCD,145,395
TCD,145,396
TCD,145,397
TCD,145,398
TCD,145,399
TCD,145,400
TCD,145,401
TCD,145,402
TCD,145,403
TCD,145,404
TCD,145,405
TCD,145,406
TCD,145,407
TCD,145,408
SDN,145,409
SDN,145,410
SDN,145,411
SDN,145,412
SDN,145,413
SDN,145,414
SDN,145,415
SDN,145,416
SDN,145,417
SDN,145,418
SDN,145,419
SDN,145,420
SDN,145,421
SDN,145,422
SDN,145,423
SDN,145,424
SDN,145,425
SDN,145,426
SDN,145,427
SDN,145,428
SDN,145,429
SDN,145,430
SDN,145,431
SDN,145,432
SDN,145,433
SDN,145,434
SDN,145,435
SDN,145,436
SDN,145,437
ERI,145,438
SAU,145,444
SAU,145,445
SAU,145,446
SAU,145,447
SAU,145,448
SAU,145,449
SAU,145,450
SAU,145,451
SAU,145,452
SAU,145,453
SAU,145,454
SAU,145,455
SAU,145,456
YEM,145,457
YEM,145,458
YEM,145,459
YEM,145,460
YEM,145,461
YEM,145,462
YEM,145,463
YEM,145,464
YEM,145,465
OMN,145,466
OMN,145,467
OMN,145,468
OMN,145,469
OMN,145,470
OMN,145,471
OMN,145,472
OMN,145,473
IND,145,507
IND,145,508
IND,145,509
IND,145,510
IND,145,511
IND,145,512
IND,145,513
IND,145,514
IND,145,515
IND,145,516
IND,145,517
IND,145,518
IND,145,519
IND,145,520
IND,145,521
IND,145,522
IND,145,523
IND,145,524
IND,145,525
IND,145,526
IND,145,527
IND,145,528
MMR,145,550
MMR,145,551
MMR,145,552
MMR,145,553
MMR,145,554
MMR,145,555
MMR,145,556
THA,145,557
THA,145,558
THA,145,559
THA,145,560
THA,145,561
THA,145,562
LAO,145,563
THA,145,564
THA,145,565
THA,145,566
THA,145,567
THA,145,568
THA,145,569
LAO,145,570
LAO,145,571
LAO,145,572
VNM,145,573
VNM,145,574
PHL,145,601
PHL,145,602
PHL,145,603
PHL,145,604
PHL,145,605
MNP,145,652
MEX,146,158
MEX,146,159
MEX,146,160
MEX,146,161
MEX,146,162
MEX,146,163
MEX,146,164
MEX,146,165
MEX,146,166
MEX,146,167
MEX,146,168
MEX,146,169
MEX,146,170
MEX,146,171
MEX,146,172
MEX,146,173
MEX,146,174
MEX,146,175
MEX,146,176
MEX,146,177
MEX,146,178
GTM,146,179
GTM,146,180
GTM,146,181
GTM,146,182
BLZ,146,183
BLZ,146,184
BLZ,146,185
KNA,146,235
ATG,146,237
CPV,146,310
CPV,146,311
MRT,146,328
MRT,146,329
MRT,146,330
MRT,146,331
MRT,146,332
MRT,146,333
MRT,146,334
MRT,146,335
MRT,146,336
MRT,146,337
MRT,146,338
MRT,146,339
MRT,146,340
MRT,146,341
MRT,146,342
MRT,146,343
MRT,146,344
MRT,146,345
MRT,146,346
MRT,146,347
MRT,146,348
MRT,146,349
MLI,146,350
MLI,146,351
MLI,146,352
MLI,146,353
MLI,146,354
MLI,146,355
MLI,146,356
MLI,146,357
MLI,146,358
MLI,146,359
MLI,146,360
MLI,146,361
MLI,146,362
MLI,146,363
MLI,146,364
MLI,146,365
MLI,146,366
MLI,146,367
MLI,146,368
MLI,146,369
NER,146,370
NER,146,371
NER,146,372
NER,146,373
NER,146,374
NER,146,375
NER,146,376
NER,146,377
NER,146,378
NER,146,379
NER,146,380
NER,146,381
NER,146,382
NER,146,383
NER,146,384
NER,146,385
NER,146,386
NER,146,387
NER,146,388
NER,146,389
NER,146,390
NER,146,391
TCD,146,392
TCD,146,393
TCD,146,394
TCD,146,395
TCD,146,396
TCD,146,397
TCD,146,398
TCD,146,399
TCD,146,400
TCD,146,401
TCD,146,402
TCD,146,403
TCD,146,404
TCD,146,405
TCD,146,406
TCD,146,407
TCD,146,408
SDN,146,409
SDN,146,410
SDN,146,411
SDN,146,412
SDN,146,413
SDN,146,414
SDN,146,415
SDN,146,416
SDN,146,417
SDN,146,418
SDN,146,419
SDN,146,420
SDN,146,421
SDN,146,422
SDN,146,423
SDN,146,424
SDN,146,425
SDN,146,426
SDN,146,427
SDN,146,428
SDN,146,429
SDN,146,430
SDN,146,431
SDN,146,432
SDN,146,433
SDN,146,434
SDN,146,435
ERI,146,436
ERI,146,437
ERI,146,438
ERI,146,439
SAU,146,444
SAU,146,445
SAU,146,446
YEM,146,447
YEM,146,448
YEM,146,449
YEM,146,450
YEM,146,451
YEM,146,452
YEM,146,453
SAU,146,454
SAU,146,455
YEM,146,456
YEM,146,457
YEM,146,458
YEM,146,459
YEM,146,460
YEM,146,461
YEM,146,462
YEM,146,463
YEM,146,464
YEM,146,465
YEM,146,466
OMN,146,467
OMN,146,468
OMN,146,469
OMN,146,470
OMN,146,471
IND,146,507
IND,146,508
IND,146,509
IND,146,510
IND,146,511
IND,146,512
IND,146,513
IND,146,514
IND,146,515
IND,146,516
IND,146,517
IND,146,518
IND,146,519
IND,146,520
IND,146,521
IND,146,522
IND,146,523
IND,146,524
IND,146,525
IND,146,526
MMR,146,550
MMR,146,551
MMR,146,552
MMR,146,553
MMR,146,554
MMR,146,555
MMR,146,556
THA,146,557
THA,146,558
THA,146,559
THA,146,560
THA,146,561
THA,146,562
THA,146,563
THA,146,564
THA,146,565
THA,146,566
THA,146,567
THA,146,568
THA,146,569
THA,146,570
LAO,146,571
LAO,146,572
LAO,146,573
VNM,146,574
VNM,146,575
PHL,146,601
PHL,146,602
PHL,146,603
PHL,146,604
PHL,146,605
PHL,146,606
MNP,146,652
MEX,147,160
MEX,147,161
MEX,147,162
MEX,147,163
MEX,147,164
MEX,147,165
MEX,147,166
MEX,147,167
MEX,147,168
MEX,147,169
MEX,147,170
MEX,147,171
MEX,147,172
MEX,147,173
MEX,147,174
MEX,147,175
MEX,147,176
MEX,147,177
MEX,147,178
GTM,147,179
GTM,147,180
GTM,147,181
GTM,147,182
BLZ,147,183
BLZ,147,184
HND,147,189
FRA,147,238
CPV,147,310
CPV,147,311
CPV,147,312
CPV,147,315
MRT,147,328
MRT,147,329
MRT,147,330
MRT,147,331
MRT,147,332
MRT,147,333
MRT,147,334
MRT,147,335
MRT,147,336
MRT,147,337
MRT,147,338
MRT,147,339
MRT,147,340
MRT,147,341
MRT,147,342
MRT,147,343
MRT,147,344
MRT,147,345
MRT,147,346
MRT,147,347
MRT,147,348
MRT,147,349
MLI,147,350
MLI,147,351
MLI,147,352
MLI,147,353
MLI,147,354
MLI,147,355
MLI,147,356
MLI,147,357
MLI,147,358
MLI,147,359
MLI,147,360
MLI,147,361
MLI,147,362
MLI,147,363
MLI,147,364
MLI,147,365
MLI,147,366
MLI,147,367
MLI,147,368
NER,147,369
NER,147,370
NER,147,371
NER,147,372
NER,147,373
NER,147,374
NER,147,375
NER,147,376
NER,147,377
NER,147,378
NER,147,379
NER,147,380
NER,147,381
NER,147,382
NER,147,383
NER,147,384
NER,147,385
NER,147,386
NER,147,387
NER,147,388
NER,147,389
NER,147,390
NER,147,391
TCD,147,392
TCD,147,393
TCD,147,394
TCD,147,395
TCD,147,396
TCD,147,397
TCD,147,398
TCD,147,399
TCD,147,400
TCD,147,401
TCD,147,402
TCD,147,403
TCD,147,404
TCD,147,405
TCD,147,406
TCD,147,407
TCD,147,408
SDN,147,409
SDN,147,410
SDN,147,411
SDN,147,412
SDN,147,413
SDN,147,414
SDN,147,415
SDN,147,416
SDN,147,417
SDN,147,418
SDN,147,419
SDN,147,420
SDN,147,421
SDN,147,422
SDN,147,423
SDN,147,424
SDN,147,425
SDN,147,426
SDN,147,427
SDN,147,428
SDN,147,429
SDN,147,430
SDN,147,431
SDN,147,432
SDN,147,433
SDN,147,434
ERI,147,435
ERI,147,436
ERI,147,437
ERI,147,438
ERI,147,439
SAU,147,444
SAU,147,445
SAU,147,446
YEM,147,447
YEM,147,448
YEM,147,449
YEM,147,450
YEM,147,451
YEM,147,452
YEM,147,453
YEM,147,454
YEM,147,455
YEM,147,456
YEM,147,457
YEM,147,458
YEM,147,459
YEM,147,460
YEM,147,461
YEM,147,462
YEM,147,463
YEM,147,464
YEM,147,465
YEM,147,466
OMN,147,467
OMN,147,468
OMN,147,469
IND,147,507
IND,147,508
IND,147,509
IND,147,510
IND,147,511
IND,147,512
IND,147,513
IND,147,514
IND,147,515
IND,147,516
IND,147,517
IND,147,518
IND,147,519
IND,147,520
IND,147,521
IND,147,522
IND,147,523
IND,147,524
IND,147,525
MMR,147,549
MMR,147,550
MMR,147,551
MMR,147,552
MMR,147,553
MMR,147,554
MMR,147,555
MMR,147,556
MMR,147,557
THA,147,558
THA,147,559
THA,147,560
THA,147,561
THA,147,562
THA,147,563
THA,147,564
THA,147,565
THA,147,566
THA,147,567
THA,147,568
THA,147,569
THA,147,570
LAO,147,571
LAO,147,572
LAO,147,573
VNM,147,574
VNM,147,575
VNM,147,576
PHL,147,601
PHL,147,602
PHL,147,603
PHL,147,604
PHL,147,605
MEX,148,163
MEX,148,164
MEX,148,165
MEX,148,166
MEX,148,167
MEX,148,168
MEX,148,169
MEX,148,170
MEX,148,171
MEX,148,172
MEX,148,173
MEX,148,174
MEX,148,175
MEX,148,176
MEX,148,177
MEX,148,178
MEX,148,179
GTM,148,180
GTM,148,181
GTM,148,182
BLZ,148,183
BLZ,148,184
HND,148,187
HND,148,188
HND,148,189
FRA,148,237
FRA,148,238
CPV,148,315
SEN,148,328
SEN,148,329
SEN,148,330
SEN,148,331
SEN,148,332
MRT,148,333
MRT,148,334
MRT,148,335
MRT,148,336
MRT,148,337
MRT,148,338
MRT,148,339
MRT,148,340
MRT,148,341
MRT,148,342
MRT,148,343
MRT,148,344
MRT,148,345
MRT,148,346
MRT,148,347
MRT,148,348
MRT,148,349
MLI,148,350
MLI,148,351
MLI,148,352
MLI,148,353
MLI,148,354
MLI,148,355
MLI,148,356
MLI,148,357
MLI,148,358
MLI,148,359
MLI,148,360
MLI,148,361
MLI,148,362
MLI,148,363
MLI,148,364
MLI,148,365
MLI,148,366
MLI,148,367
MLI,148,368
NER,148,369
NER,148,370
NER,148,371
NER,148,372
NER,148,373
NER,148,374
NER,148,375
NER,148,376
NER,148,377
NER,148,378
NER,148,379
NER,148,380
NER,148,381
NER,148,382
NER,148,383
NER,148,384
NER,148,385
NER,148,386
NER,148,387
NER,148,388
NER,148,389
NER,148,390
TCD,148,391
TCD,148,392
TCD,148,393
TCD,148,394
TCD,148,395
TCD,148,396
TCD,148,397
TCD,148,398
TCD,148,399
TCD,148,400
TCD,148,401
TCD,148,402
TCD,148,403
TCD,148,404
TCD,148,405
TCD,148,406
TCD,148,407
TCD,148,408
SDN,148,409
SDN,148,410
SDN,148,411
SDN,148,412
SDN,148,413
SDN,148,414
SDN,148,415
SDN,148,416
SDN,148,417
SDN,148,418
SDN,148,419
SDN,148,420
SDN,148,421
SDN,148,422
SDN,148,423
SDN,148,424
SDN,148,425
SDN,148,426
SDN,148,427
SDN,148,428
SDN,148,429
SDN,148,430
SDN,148,431
SDN,148,432
SDN,148,433
SDN,148,434
ERI,148,435
ERI,148,436
ERI,148,437
ERI,148,438
ERI,148,439
ERI,148,441
YEM,148,446
YEM,148,447
YEM,148,448
YEM,148,449
YEM,148,450
YEM,148,451
YEM,148,452
YEM,148,453
YEM,148,454
YEM,148,455
YEM,148,456
YEM,148,457
YEM,148,458
YEM,148,459
YEM,148,460
YEM,148,461
YEM,148,462
YEM,148,463
YEM,148,464
YEM,148,465
YEM,148,466
IND,148,507
IND,148,508
IND,148,509
IND,148,510
IND,148,511
IND,148,512
IND,148,513
IND,148,514
IND,148,515
IND,148,516
IND,148,517
IND,148,518
IND,148,519
IND,148,520
IND,148,521
IND,148,522
IND,148,523
IND,148,524
IND,148,525
MMR,148,549
MMR,148,550
MMR,148,551
MMR,148,552
MMR,148,553
MMR,148,556
MMR,148,557
MMR,148,558
THA,148,559
THA,148,560
THA,148,561
THA,148,562
THA,148,563
THA,148,564
THA,148,565
THA,148,566
THA,148,567
THA,148,568
THA,148,569
THA,148,570
LAO,148,571
LAO,148,572
LAO,148,573
LAO,148,574
VNM,148,575
VNM,148,576
VNM,148,577
PHL,148,600
PHL,148,601
PHL,148,602
PHL,148,603
PHL,148,604
PHL,148,605
MNP,148,652
MEX,149,166
MEX,149,167
MEX,149,168
MEX,149,169
MEX,149,173
MEX,149,174
MEX,149,175
MEX,149,176
GTM,149,177
GTM,149,178
GTM,149,179
GTM,149,180
GTM,149,181
GTM,149,182
GTM,149,183
HND,149,184
HND,149,185
HND,149,186
HND,149,187
HND,149,188
HND,149,189
HND,149,190
HND,149,191
HND,149,192
HND,149,193
DMA,149,238
SEN,149,327
SEN,149,328
SEN,149,329
SEN,149,330
SEN,149,331
SEN,149,332
SEN,149,333
SEN,149,334
MRT,149,335
MRT,149,336
MRT,149,337
MRT,149,338
MRT,149,339
MRT,149,340
MRT,149,341
MRT,149,342
MRT,149,343
MRT,149,344
MRT,149,345
MRT,149,346
MRT,149,347
MRT,149,348
MRT,149,349
MLI,149,350
MLI,149,351
MLI,149,352
MLI,149,353
MLI,149,354
MLI,149,355
MLI,149,356
MLI,149,357
MLI,149,358
MLI,149,359
MLI,149,360
MLI,149,361
MLI,149,362
MLI,149,363
MLI,149,364
MLI,149,365
MLI,149,366
MLI,149,367
MLI,149,368
NER,149,369
NER,149,370
NER,149,371
NER,149,372
NER,149,373
NER,149,374
NER,149,375
NER,149,376
NER,149,377
NER,149,378
NER,149,379
NER,149,380
NER,149,381
NER,149,382
NER,149,383
NER,149,384
NER,149,385
NER,149,386
NER,149,387
NER,149,388
NER,149,389
TCD,149,390
TCD,149,391
TCD,149,392
TCD,149,393
TCD,149,394
TCD,149,395
TCD,149,396
TCD,149,397
TCD,149,398
TCD,149,399
TCD,149,400
TCD,149,401
TCD,149,402
TCD,149,403
TCD,149,404
TCD,149,405
TCD,149,406
TCD,149,407
TCD,149,408
SDN,149,409
SDN,149,410
SDN,149,411
SDN,149,412
SDN,149,413
SDN,149,414
SDN,149,415
SDN,149,416
SDN,149,417
SDN,149,418
SDN,149,419
SDN,149,420
SDN,149,421
SDN,149,422
SDN,149,423
SDN,149,424
SDN,149,425
SDN,149,426
SDN,149,427
SDN,149,428
SDN,149,429
SDN,149,430
SDN,149,431
SDN,149,432
SDN,149,433
ERI,149,434
ERI,149,435
ERI,149,436
ERI,149,437
ERI,149,438
ERI,149,439
ERI,149,440
ERI,149,441
YEM,149,446
YEM,149,447
YEM,149,448
YEM,149,449
YEM,149,450
YEM,149,451
YEM,149,452
YEM,149,453
YEM,149,454
YEM,149,455
YEM,149,456
YEM,149,457
YEM,149,458
YEM,149,459
YEM,149,460
YEM,149,461
YEM,149,462
YEM,149,463
YEM,149,464
YEM,149,465
IND,149,508
IND,149,509
IND,149,510
IND,149,511
IND,149,512
IND,149,513
IND,149,514
IND,149,515
IND,149,516
IND,149,517
IND,149,518
IND,149,519
IND,149,520
IND,149,521
IND,149,522
IND,149,523
MMR,149,549
MMR,149,550
MMR,149,551
MMR,149,552
MMR,149,556
MMR,149,557
THA,149,558
THA,149,559
THA,149,560
THA,149,561
THA,149,562
THA,149,563
THA,149,564
THA,149,565
THA,149,566
THA,149,567
THA,149,568
THA,149,569
THA,149,570
THA,149,571
LAO,149,572
LAO,149,573
LAO,149,574
LAO,149,575
VNM,149,576
VNM,149,577
VNM,149,578
PHL,149,600
PHL,149,601
PHL,149,602
PHL,149,603
PHL,149,604
MEX,150,174
MEX,150,175
MEX,150,176
GTM,150,177
GTM,150,178
GTM,150,179
GTM,150,180
GTM,150,181
GTM,150,182
HND,150,183
HND,150,184
HND,150,185
HND,150,186
HND,150,187
HND,150,188
HND,150,189
HND,150,190
HND,150,191
HND,150,192
HND,150,193
HND,150,194
DMA,150,238
CPV,150,312
CPV,150,313
CPV,150,314
SEN,150,326
SEN,150,327
SEN,150,328
SEN,150,329
SEN,150,330
SEN,150,331
SEN,150,332
SEN,150,333
SEN,150,334
MRT,150,335
MRT,150,336
MLI,150,337
MLI,150,338
MLI,150,339
MLI,150,340
MLI,150,341
MLI,150,342
MLI,150,343
MLI,150,344
MLI,150,345
MLI,150,346
MLI,150,347
MLI,150,348
MLI,150,349
MLI,150,350
MLI,150,351
MLI,150,352
MLI,150,353
MLI,150,354
MLI,150,355
MLI,150,356
MLI,150,357
MLI,150,358
MLI,150,359
MLI,150,360
MLI,150,361
MLI,150,362
MLI,150,363
NER,150,364
NER,150,365
NER,150,366
NER,150,367
NER,150,368
NER,150,369
NER,150,370
NER,150,371
NER,150,372
NER,150,373
NER,150,374
NER,150,375
NER,150,376
NER,150,377
NER,150,378
NER,150,379
NER,150,380
NER,150,381
NER,150,382
NER,150,383
NER,150,384
NER,150,385
NER,150,386
NER,150,387
NER,150,388
TCD,150,389
TCD,150,390
TCD,150,391
TCD,150,392
TCD,150,393
TCD,150,394
TCD,150,395
TCD,150,396
TCD,150,397
TCD,150,398
TCD,150,399
TCD,150,400
TCD,150,401
TCD,150,402
TCD,150,403
TCD,150,404
TCD,150,405
TCD,150,406
SDN,150,407
SDN,150,408
SDN,150,409
SDN,150,410
SDN,150,411
SDN,150,412
SDN,150,413
SDN,150,414
SDN,150,415
SDN,150,416
SDN,150,417
SDN,150,418
SDN,150,419
SDN,150,420
SDN,150,421
SDN,150,422
SDN,150,423
SDN,150,424
SDN,150,425
SDN,150,426
SDN,150,427
SDN,150,428
SDN,150,429
SDN,150,430
SDN,150,431
SDN,150,432
SDN,150,433
ERI,150,434
ERI,150,435
ERI,150,436
ERI,150,437
ERI,150,438
ERI,150,439
ERI,150,440
ERI,150,441
YEM,150,446
YEM,150,447
YEM,150,448
YEM,150,449
YEM,150,450
YEM,150,451
YEM,150,452
YEM,150,453
YEM,150,454
YEM,150,455
YEM,150,456
YEM,150,457
YEM,150,458
YEM,150,459
YEM,150,460
YEM,150,461
YEM,150,462
YEM,150,463
YEM,150,464
IND,150,508
IND,150,509
IND,150,510
IND,150,511
IND,150,512
IND,150,513
IND,150,514
IND,150,515
IND,150,516
IND,150,517
IND,150,518
IND,150,519
IND,150,520
IND,150,521
MMR,150,556
MMR,150,557
THA,150,558
THA,150,559
THA,150,560
THA,150,561
THA,150,562
THA,150,563
THA,150,564
THA,150,565
THA,150,566
THA,150,567
THA,150,568
THA,150,569
THA,150,570
THA,150,571
LAO,150,572
LAO,150,573
LAO,150,574
LAO,150,575
VNM,150,576
VNM,150,577
VNM,150,578
PHL,150,600
PHL,150,601
PHL,150,602
PHL,150,603
PHL,150,604
PHL,150,605
MNP,150,652
MEX,151,175
MEX,151,176
GTM,151,177
GTM,151,178
GTM,151,179
GTM,151,180
GTM,151,181
GTM,151,182
HND,151,183
HND,151,184
HND,151,185
HND,151,186
HND,151,187
HND,151,188
HND,151,189
HND,151,190
NIC,151,191
HND,151,192
NIC,151,193
NIC,151,194
FRA,151,238
FRA,151,239
CPV,151,311
CPV,151,312
CPV,151,313
CPV,151,314
SEN,151,326
SEN,151,327
SEN,151,328
SEN,151,329
SEN,151,330
SEN,151,331
SEN,151,332
SEN,151,333
SEN,151,334
SEN,151,335
SEN,151,336
MLI,151,337
MLI,151,338
MLI,151,339
MLI,151,340
MLI,151,341
MLI,151,342
MLI,151,343
MLI,151,344
MLI,151,345
MLI,151,346
MLI,151,347
MLI,151,348
MLI,151,349
MLI,151,350
MLI,151,351
MLI,151,352
MLI,151,353
MLI,151,354
MLI,151,355
MLI,151,356
MLI,151,357
BFA,151,358
BFA,151,359
BFA,151,360
NER,151,361
NER,151,362
NER,151,363
NER,151,364
NER,151,365
NER,151,366
NER,151,367
NER,151,368
NER,151,369
NER,151,370
NER,151,371
NER,151,372
NER,151,373
NER,151,374
NER,151,375
NER,151,376
NER,151,377
NER,151,378
NER,151,379
NER,151,380
NER,151,381
NER,151,382
NER,151,383
NER,151,384
NER,151,385
NER,151,386
NER,151,387
TCD,151,388
TCD,151,389
TCD,151,390
TCD,151,391
TCD,151,392
TCD,151,393
TCD,151,394
TCD,151,395
TCD,151,396
TCD,151,397
TCD,151,398
TCD,151,399
TCD,151,400
TCD,151,401
TCD,151,402
TCD,151,403
TCD,151,404
TCD,151,405
SDN,151,406
SDN,151,407
SDN,151,408
SDN,151,409
SDN,151,410
SDN,151,411
SDN,151,412
SDN,151,413
SDN,151,414
SDN,151,415
SDN,151,416
SDN,151,417
SDN,151,418
SDN,151,419
SDN,151,420
SDN,151,421
SDN,151,422
SDN,151,423
SDN,151,424
SDN,151,425
SDN,151,426
SDN,151,427
SDN,151,428
SDN,151,429
SDN,151,430
SDN,151,431
SDN,151,432
SDN,151,433
ERI,151,434
ERI,151,435
ERI,151,436
ERI,151,437
ERI,151,438
ERI,151,439
ERI,151,440
ERI,151,441
ERI,151,442
ERI,151,443
YEM,151,446
YEM,151,447
YEM,151,448
YEM,151,449
YEM,151,450
YEM,151,451
YEM,151,452
YEM,151,453
YEM,151,454
YEM,151,455
YEM,151,456
YEM,151,457
YEM,151,458
YEM,151,459
YEM,151,460
YEM,151,461
IND,151,509
IND,151,510
IND,151,511
IND,151,512
IND,151,513
IND,151,514
IND,151,515
IND,151,516
IND,151,517
IND,151,518
IND,151,519
IND,151,520
IND,151,521
MMR,151,556
MMR,151,557
THA,151,558
THA,151,559
THA,151,560
THA,151,561
THA,151,562
THA,151,563
THA,151,564
THA,151,565
THA,151,566
THA,151,567
THA,151,568
THA,151,569
THA,151,570
THA,151,571
LAO,151,572
LAO,151,573
LAO,151,574
LAO,151,575
VNM,151,576
VNM,151,577
VNM,151,578
VNM,151,579
PHL,151,601
PHL,151,602
PHL,151,603
PHL,151,604
PHL,151,605
MNP,151,652
MHL,151,699
GTM,152,176
GTM,152,177
GTM,152,178
GTM,152,179
GTM,152,180
GTM,152,181
SLV,152,182
HND,152,183
HND,152,184
HND,152,185
HND,152,186
HND,152,187
HND,152,188
HND,152,189
NIC,152,190
NIC,152,191
NIC,152,192
NIC,152,193
NIC,152,194
NIC,152,195
LCA,152,239
SEN,152,326
SEN,152,327
SEN,152,328
SEN,152,329
SEN,152,330
SEN,152,331
SEN,152,332
SEN,152,333
SEN,152,334
SEN,152,335
SEN,152,336
MLI,152,337
MLI,152,338
MLI,152,339
MLI,152,340
MLI,152,341
MLI,152,342
MLI,152,343
MLI,152,344
MLI,152,345
MLI,152,346
MLI,152,347
MLI,152,348
MLI,152,349
MLI,152,350
MLI,152,351
MLI,152,352
MLI,152,353
MLI,152,354
MLI,152,355
MLI,152,356
BFA,152,357
BFA,152,358
BFA,152,359
BFA,152,360
BFA,152,361
NER,152,362
NER,152,363
NER,152,364
NER,152,365
NER,152,366
NER,152,367
NER,152,368
NER,152,369
NER,152,370
NER,152,371
NER,152,372
NER,152,373
NER,152,374
NER,152,375
NER,152,376
NER,152,377
NER,152,378
NER,152,379
NER,152,380
NER,152,381
NER,152,382
NER,152,383
NER,152,384
NER,152,385
NER,152,386
NER,152,387
TCD,152,388
TCD,152,389
TCD,152,390
TCD,152,391
TCD,152,392
TCD,152,393
TCD,152,394
TCD,152,395
TCD,152,396
TCD,152,397
TCD,152,398
TCD,152,399
TCD,152,400
TCD,152,401
TCD,152,402
TCD,152,403
TCD,152,404
TCD,152,405
SDN,152,406
SDN,152,407
SDN,152,408
SDN,152,409
SDN,152,410
SDN,152,411
SDN,152,412
SDN,152,413
SDN,152,414
SDN,152,415
SDN,152,416
SDN,152,417
SDN,152,418
SDN,152,419
SDN,152,420
SDN,152,421
SDN,152,422
SDN,152,423
SDN,152,424
SDN,152,425
SDN,152,426
SDN,152,427
SDN,152,428
SDN,152,429
SDN,152,430
SDN,152,431
SDN,152,432
SDN,152,433
ETH,152,434
ETH,152,435
ETH,152,436
ETH,152,437
ETH,152,438
ETH,152,439
ETH,152,440
ETH,152,441
ERI,152,442
ERI,152,443
ERI,152,444
YEM,152,446
YEM,152,447
YEM,152,448
YEM,152,449
YEM,152,450
YEM,152,451
YEM,152,452
YEM,152,453
YEM,152,454
YEM,152,455
YEM,152,456
YEM,152,457
YEM,152,458
YEM,152,459
IND,152,509
IND,152,510
IND,152,511
IND,152,512
IND,152,513
IND,152,514
IND,152,515
IND,152,516
IND,152,517
IND,152,518
IND,152,519
IND,152,520
IND,152,521
MMR,152,557
MMR,152,558
THA,152,559
THA,152,560
THA,152,561
THA,152,562
THA,152,563
THA,152,564
THA,152,565
THA,152,566
KHM,152,567
KHM,152,568
KHM,152,569
KHM,152,570
KHM,152,571
LAO,152,572
KHM,152,573
KHM,152,574
KHM,152,575
VNM,152,576
VNM,152,577
VNM,152,578
VNM,152,579
PHL,152,601
PHL,152,602
PHL,152,603
PHL,152,604
PHL,152,605
PHL,152,606
PHL,152,607
PHL,152,609
MNP,152,651
GTM,153,178
GTM,153,179
GTM,153,180
SLV,153,181
SLV,153,182
SLV,153,183
SLV,153,184
HND,153,185
HND,153,186
HND,153,187
NIC,153,188
NIC,153,189
NIC,153,190
NIC,153,191
NIC,153,192
NIC,153,193
NIC,153,194
LCA,153,238
LCA,153,239
SEN,153,327
SEN,153,328
SEN,153,329
GMB,153,330
SEN,153,331
SEN,153,332
SEN,153,333
SEN,153,334
SEN,153,335
SEN,153,336
MLI,153,337
MLI,153,338
MLI,153,339
MLI,153,340
MLI,153,341
MLI,153,342
MLI,153,343
MLI,153,344
MLI,153,345
MLI,153,346
MLI,153,347
MLI,153,348
MLI,153,349
MLI,153,350
MLI,153,351
MLI,153,352
MLI,153,353
MLI,153,354
BFA,153,355
BFA,153,356
BFA,153,357
BFA,153,358
BFA,153,359
BFA,153,360
BFA,153,361
NER,153,362
NER,153,363
NER,153,364
NER,153,365
NER,153,366
NER,153,367
NER,153,368
NER,153,369
NGA,153,370
NGA,153,371
NGA,153,372
NER,153,373
NER,153,374
NER,153,375
NER,153,376
NER,153,377
NER,153,378
NER,153,379
NER,153,380
NER,153,381
NER,153,382
NER,153,383
NER,153,384
NER,153,385
NER,153,386
NER,153,387
TCD,153,388
TCD,153,389
TCD,153,390
TCD,153,391
TCD,153,392
TCD,153,393
TCD,153,394
TCD,153,395
TCD,153,396
TCD,153,397
TCD,153,398
TCD,153,399
TCD,153,400
TCD,153,401
TCD,153,402
TCD,153,403
TCD,153,404
SDN,153,405
SDN,153,406
SDN,153,407
SDN,153,408
SDN,153,409
SDN,153,410
SDN,153,411
SDN,153,412
SDN,153,413
SDN,153,414
SDN,153,415
SDN,153,416
SDN,153,417
SDN,153,418
SDN,153,419
SDN,153,420
SDN,153,421
SDN,153,422
SDN,153,423
SDN,153,424
SDN,153,425
SDN,153,426
SDN,153,427
SDN,153,428
SDN,153,429
SDN,153,430
SDN,153,431
SDN,153,432
SDN,153,433
ETH,153,434
ETH,153,435
ETH,153,436
ETH,153,437
ETH,153,438
ETH,153,439
ETH,153,440
ETH,153,441
ETH,153,442
ERI,153,443
ERI,153,444
ERI,153,445
YEM,153,446
YEM,153,447
YEM,153,448
YEM,153,449
YEM,153,450
YEM,153,451
YEM,153,452
YEM,153,453
YEM,153,454
YEM,153,455
YEM,153,456
IND,153,510
IND,153,511
IND,153,512
IND,153,513
IND,153,514
IND,153,515
IND,153,516
IND,153,517
IND,153,518
IND,153,519
IND,153,520
IND,153,521
IND,153,546
IND,153,547
MMR,153,557
MMR,153,558
THA,153,559
THA,153,560
THA,153,561
THA,153,562
THA,153,563
THA,153,564
THA,153,565
KHM,153,566
KHM,153,567
KHM,153,568
KHM,153,569
KHM,153,570
KHM,153,571
KHM,153,572
KHM,153,573
KHM,153,574
KHM,153,575
VNM,153,576
VNM,153,577
VNM,153,578
VNM,153,579
PHL,153,601
PHL,153,602
PHL,153,603
PHL,153,604
PHL,153,605
PHL,153,606
PHL,153,607
PHL,153,608
PHL,153,609
GUM,153,650
SLV,154,182
SLV,154,183
SLV,154,184
SLV,154,185
HND,154,186
NIC,154,187
NIC,154,188
NIC,154,189
NIC,154,190
NIC,154,191
NIC,154,192
NIC,154,193
COL,154,198
VCT,154,238
BRB,154,241
BRB,154,242
GMB,154,327
GMB,154,328
SEN,154,329
SEN,154,330
SEN,154,331
SEN,154,332
SEN,154,333
SEN,154,334
SEN,154,335
SEN,154,336
SEN,154,337
MLI,154,338
MLI,154,339
MLI,154,340
MLI,154,341
MLI,154,342
MLI,154,343
MLI,154,344
MLI,154,345
MLI,154,346
MLI,154,347
MLI,154,348
MLI,154,349
MLI,154,350
MLI,154,351
MLI,154,352
BFA,154,353
BFA,154,354
BFA,154,355
BFA,154,356
BFA,154,357
BFA,154,358
BFA,154,359
BFA,154,360
BFA,154,361
BFA,154,362
NER,154,363
NER,154,364
NER,154,365
NER,154,366
NER,154,367
NER,154,368
NGA,154,369
NGA,154,370
NGA,154,371
NGA,154,372
NGA,154,373
NGA,154,374
NER,154,375
NGA,154,376
NER,154,377
NER,154,378
NER,154,379
NER,154,380
NGA,154,381
NGA,154,382
NGA,154,383
NGA,154,384
NER,154,385
NGA,154,386
NGA,154,387
NGA,154,388
TCD,154,389
TCD,154,390
TCD,154,391
TCD,154,392
TCD,154,393
TCD,154,394
TCD,154,395
TCD,154,396
TCD,154,397
TCD,154,398
TCD,154,399
TCD,154,400
TCD,154,401
TCD,154,402
TCD,154,403
TCD,154,404
SDN,154,405
SDN,154,406
SDN,154,407
SDN,154,408
SDN,154,409
SDN,154,410
SDN,154,411
SDN,154,412
SDN,154,413
SDN,154,414
SDN,154,415
SDN,154,416
SDN,154,417
SDN,154,418
SDN,154,419
SDN,154,420
SDN,154,421
SDN,154,422
SDN,154,423
SDN,154,424
SDN,154,425
SDN,154,426
SDN,154,427
SDN,154,428
SDN,154,429
SDN,154,430
SDN,154,431
SDN,154,432
ETH,154,433
ETH,154,434
ETH,154,435
ETH,154,436
ETH,154,437
ETH,154,438
ETH,154,439
ETH,154,440
ETH,154,441
ETH,154,442
ETH,154,443
ERI,154,444
ERI,154,445
ERI,154,446
YEM,154,447
YEM,154,448
YEM,154,449
YEM,154,450
YEM,154,451
YEM,154,452
YEM,154,453
YEM,154,454
IND,154,510
IND,154,511
IND,154,512
IND,154,513
IND,154,514
IND,154,515
IND,154,516
IND,154,517
IND,154,518
IND,154,519
IND,154,520
IND,154,521
IND,154,546
IND,154,547
MMR,154,557
MMR,154,558
THA,154,559
THA,154,560
THA,154,561
THA,154,562
THA,154,563
THA,154,564
THA,154,565
KHM,154,566
KHM,154,567
KHM,154,568
KHM,154,569
KHM,154,570
KHM,154,571
KHM,154,572
KHM,154,573
KHM,154,574
KHM,154,575
VNM,154,576
VNM,154,577
VNM,154,578
VNM,154,579
PHL,154,601
PHL,154,602
PHL,154,603
PHL,154,604
PHL,154,605
PHL,154,606
PHL,154,607
PHL,154,608
PHL,154,609
GUM,154,650
NIC,155,185
NIC,155,186
NIC,155,187
NIC,155,188
NIC,155,189
NIC,155,190
NIC,155,191
NIC,155,192
NIC,155,193
COL,155,197
ABW,155,220
ABW,155,221
GRD,155,238
SEN,155,327
SEN,155,328
SEN,155,329
SEN,155,330
SEN,155,331
SEN,155,332
SEN,155,333
SEN,155,334
SEN,155,335
SEN,155,336
SEN,155,337
MLI,155,338
MLI,155,339
MLI,155,340
MLI,155,341
MLI,155,342
MLI,155,343
MLI,155,344
MLI,155,345
MLI,155,346
MLI,155,347
MLI,155,348
MLI,155,349
MLI,155,350
MLI,155,351
BFA,155,352
BFA,155,353
BFA,155,354
BFA,155,355
BFA,155,356
BFA,155,357
BFA,155,358
BFA,155,359
BFA,155,360
BFA,155,361
BFA,155,362
BFA,155,363
NER,155,364
NER,155,365
NER,155,366
NER,155,367
NER,155,368
NGA,155,369
NGA,155,370
NGA,155,371
NGA,155,372
NGA,155,373
NGA,155,374
NGA,155,375
NGA,155,376
NGA,155,377
NGA,155,378
NGA,155,379
NGA,155,380
NGA,155,381
NGA,155,382
NGA,155,383
NGA,155,384
NGA,155,385
NGA,155,386
NGA,155,387
NGA,155,388
CMR,155,389
TCD,155,390
TCD,155,391
TCD,155,392
TCD,155,393
TCD,155,394
TCD,155,395
TCD,155,396
TCD,155,397
TCD,155,398
TCD,155,399
TCD,155,400
TCD,155,401
TCD,155,402
TCD,155,403
TCD,155,404
SDN,155,405
SDN,155,406
SDN,155,407
SDN,155,408
SDN,155,409
SDN,155,410
SDN,155,411
SDN,155,412
SDN,155,413
SDN,155,414
SDN,155,415
SDN,155,416
SDN,155,417
SDN,155,418
SDN,155,419
SDN,155,420
SDN,155,421
SDN,155,422
SDN,155,423
SDN,155,424
SDN,155,425
SDN,155,426
SDN,155,427
SDN,155,428
SDN,155,429
SDN,155,430
SDN,155,431
SDN,155,432
ETH,155,433
ETH,155,434
ETH,155,435
ETH,155,436
ETH,155,437
ETH,155,438
ETH,155,439
ETH,155,440
ETH,155,441
ETH,155,442
ETH,155,443
ETH,155,444
ERI,155,445
ERI,155,446
DJI,155,447
YEM,155,448
YEM,155,449
YEM,155,450
YEM,155,451
YEM,155,467
YEM,155,468
YEM,155,469
IND,155,510
IND,155,511
IND,155,512
IND,155,513
IND,155,514
IND,155,515
IND,155,516
IND,155,517
IND,155,518
IND,155,519
IND,155,520
IND,155,521
IND,155,546
MMR,155,556
MMR,155,557
MMR,155,558
MMR,155,559
THA,155,560
THA,155,561
THA,155,562
THA,155,563
THA,155,564
THA,155,565
KHM,155,566
KHM,155,567
KHM,155,568
KHM,155,569
KHM,155,570
KHM,155,571
KHM,155,572
KHM,155,573
KHM,155,574
KHM,155,575
VNM,155,576
VNM,155,577
VNM,155,578
VNM,155,579
PHL,155,602
PHL,155,603
PHL,155,604
PHL,155,605
PHL,155,607
PHL,155,608
PHL,155,609
PHL,155,610
PHL,155,611
NIC,156,186
NIC,156,187
NIC,156,188
NIC,156,189
NIC,156,190
NIC,156,191
NIC,156,192
NIC,156,193
NIC,156,194
COL,156,216
COL,156,217
COL,156,218
VEN,156,220
VEN,156,221
NLD,156,224
GRD,156,237
SEN,156,327
GNB,156,328
GNB,156,329
GNB,156,330
GNB,156,331
GNB,156,332
GIN,156,333
GIN,156,334
GIN,156,335
GIN,156,336
GIN,156,337
MLI,156,338
MLI,156,339
MLI,156,340
MLI,156,341
GIN,156,342
MLI,156,343
MLI,156,344
MLI,156,345
MLI,156,346
MLI,156,347
MLI,156,348
MLI,156,349
MLI,156,350
MLI,156,351
BFA,156,352
BFA,156,353
BFA,156,354
BFA,156,355
BFA,156,356
BFA,156,357
BFA,156,358
BFA,156,359
BFA,156,360
BFA,156,361
BFA,156,362
BFA,156,363
BFA,156,364
NER,156,365
BEN,156,366
NER,156,367
NGA,156,368
NGA,156,369
NGA,156,370
NGA,156,371
NGA,156,372
NGA,156,373
NGA,156,374
NGA,156,375
NGA,156,376
NGA,156,377
NGA,156,378
NGA,156,379
NGA,156,380
NGA,156,381
NGA,156,382
NGA,156,383
NGA,156,384
NGA,156,385
NGA,156,386
NGA,156,387
NGA,156,388
NGA,156,389
CMR,156,390
TCD,156,391
TCD,156,392
TCD,156,393
TCD,156,394
TCD,156,395
TCD,156,396
TCD,156,397
TCD,156,398
TCD,156,399
TCD,156,400
TCD,156,401
TCD,156,402
TCD,156,403
TCD,156,404
TCD,156,405
SDN,156,406
SDN,156,407
SDN,156,408
SDN,156,409
SDN,156,410
SDN,156,411
SDN,156,412
SDN,156,413
SDN,156,414
SDN,156,415
SDN,156,416
SDN,156,417
SDN,156,418
SDN,156,419
SDN,156,420
SDN,156,421
SDN,156,422
SDN,156,423
SDN,156,424
SDN,156,425
SDN,156,426
SDN,156,427
SDN,156,428
SDN,156,429
SDN,156,430
SDN,156,431
ETH,156,432
ETH,156,433
ETH,156,434
ETH,156,435
ETH,156,436
ETH,156,437
ETH,156,438
ETH,156,439
ETH,156,440
ETH,156,441
ETH,156,442
ETH,156,443
ETH,156,444
DJI,156,445
DJI,156,446
DJI,156,447
YEM,156,465
YEM,156,467
YEM,156,468
YEM,156,469
IND,156,511
IND,156,512
IND,156,513
IND,156,514
IND,156,515
IND,156,516
IND,156,517
IND,156,518
IND,156,519
IND,156,520
IND,156,521
IND,156,546
IND,156,547
MMR,156,556
MMR,156,557
MMR,156,558
MMR,156,559
THA,156,560
THA,156,561
THA,156,565
KHM,156,566
KHM,156,567
KHM,156,568
KHM,156,569
KHM,156,570
KHM,156,571
KHM,156,572
KHM,156,573
KHM,156,574
VNM,156,575
VNM,156,576
VNM,156,577
VNM,156,578
VNM,156,579
PHL,156,600
PHL,156,601
PHL,156,603
PHL,156,604
PHL,156,605
PHL,156,606
PHL,156,607
PHL,156,608
PHL,156,609
PHL,156,610
PHL,156,611
PHL,156,612
NIC,157,187
NIC,157,188
NIC,157,189
NIC,157,190
NIC,157,191
NIC,157,192
NIC,157,193
COL,157,215
COL,157,216
COL,157,217
COL,157,218
VEN,157,220
VEN,157,221
VEN,157,222
VEN,157,227
VEN,157,228
VEN,157,231
GNB,157,328
GNB,157,329
GNB,157,330
GNB,157,331
GNB,157,332
GIN,157,333
GIN,157,334
GIN,157,335
GIN,157,336
GIN,157,337
GIN,157,338
GIN,157,339
GIN,157,340
GIN,157,341
GIN,157,342
MLI,157,343
MLI,157,344
MLI,157,345
MLI,157,346
MLI,157,347
MLI,157,348
MLI,157,349
MLI,157,350
BFA,157,351
BFA,157,352
BFA,157,353
BFA,157,354
BFA,157,355
BFA,157,356
BFA,157,357
BFA,157,358
BFA,157,359
BFA,157,360
BFA,157,361
BFA,157,362
BFA,157,363
BFA,157,364
BFA,157,365
BEN,157,366
BEN,157,367
NGA,157,368
NGA,157,369
NGA,157,370
NGA,157,371
NGA,157,372
NGA,157,373
NGA,157,374
NGA,157,375
NGA,157,376
NGA,157,377
NGA,157,378
NGA,157,379
NGA,157,380
NGA,157,381
NGA,157,382
NGA,157,383
NGA,157,384
NGA,157,385
NGA,157,386
NGA,157,387
NGA,157,388
NGA,157,389
CMR,157,390
TCD,157,391
TCD,157,392
TCD,157,393
TCD,157,394
TCD,157,395
TCD,157,396
TCD,157,397
TCD,157,398
TCD,157,399
TCD,157,400
TCD,157,401
TCD,157,402
TCD,157,403
TCD,157,404
TCD,157,405
SDN,157,406
SDN,157,407
SDN,157,408
SDN,157,409
SDN,157,410
SDN,157,411
SDN,157,412
SDN,157,413
SDN,157,414
SDN,157,415
SDN,157,416
SDN,157,417
SDN,157,418
SDN,157,419
SDN,157,420
SDN,157,421
SDN,157,422
SDN,157,423
SDN,157,424
SDN,157,425
SSD,157,426
SDN,157,427
SDN,157,428
SDN,157,429
SDN,157,430
ETH,157,431
ETH,157,432
ETH,157,433
ETH,157,434
ETH,157,435
ETH,157,436
ETH,157,437
ETH,157,438
ETH,157,439
ETH,157,440
ETH,157,441
ETH,157,442
ETH,157,443
ETH,157,444
DJI,157,445
DJI,157,446
DJI,157,447
SOM,157,460
SOM,157,461
SOM,157,462
SOM,157,463
IND,157,511
IND,157,512
IND,157,513
IND,157,514
IND,157,515
IND,157,516
IND,157,517
IND,157,518
IND,157,519
IND,157,520
IND,157,545
IND,157,546
,157,547
MMR,157,555
MMR,157,556
MMR,157,557
MMR,157,558
MMR,157,559
THA,157,560
KHM,157,566
KHM,157,567
KHM,157,568
KHM,157,569
KHM,157,570
KHM,157,571
KHM,157,572
VNM,157,573
VNM,157,574
VNM,157,575
VNM,157,576
VNM,157,577
VNM,157,578
VNM,157,579
PHL,157,600
PHL,157,601
PHL,157,603
PHL,157,604
PHL,157,605
PHL,157,606
PHL,157,607
PHL,157,608
PHL,157,609
PHL,157,610
PHL,157,611
PHL,157,612
NIC,158,188
NIC,158,189
NIC,158,190
NIC,158,191
NIC,158,192
NIC,158,193
COL,158,211
COL,158,212
COL,158,213
COL,158,214
COL,158,215
VEN,158,216
VEN,158,217
VEN,158,218
VEN,158,219
VEN,158,220
VEN,158,221
VEN,158,222
VEN,158,223
VEN,158,224
VEN,158,232
VEN,158,233
TTO,158,239
GNB,158,328
GNB,158,329
GNB,158,330
GIN,158,331
GIN,158,332
GIN,158,333
GIN,158,334
GIN,158,335
GIN,158,336
GIN,158,337
GIN,158,338
GIN,158,339
GIN,158,340
GIN,158,341
GIN,158,342
GIN,158,343
MLI,158,344
MLI,158,345
MLI,158,346
MLI,158,347
MLI,158,348
MLI,158,349
BFA,158,350
BFA,158,351
BFA,158,352
BFA,158,353
BFA,158,354
BFA,158,355
BFA,158,356
BFA,158,357
BFA,158,358
BFA,158,359
BFA,158,360
BFA,158,361
BFA,158,362
BEN,158,363
BEN,158,364
BEN,158,365
BEN,158,366
BEN,158,367
NGA,158,368
NGA,158,369
NGA,158,370
NGA,158,371
NGA,158,372
NGA,158,373
NGA,158,374
NGA,158,375
NGA,158,376
NGA,158,377
NGA,158,378
NGA,158,379
NGA,158,380
NGA,158,381
NGA,158,382
NGA,158,383
NGA,158,384
NGA,158,385
NGA,158,386
NGA,158,387
NGA,158,388
CMR,158,389
CMR,158,390
TCD,158,391
TCD,158,392
TCD,158,393
TCD,158,394
TCD,158,395
TCD,158,396
TCD,158,397
TCD,158,398
TCD,158,399
TCD,158,400
TCD,158,401
TCD,158,402
TCD,158,403
TCD,158,404
TCD,158,405
TCD,158,406
SDN,158,407
SDN,158,408
SDN,158,409
SDN,158,410
SDN,158,411
SDN,158,412
SDN,158,413
SDN,158,414
SDN,158,415
SDN,158,416
SDN,158,417
SDN,158,418
SDN,158,419
SDN,158,420
SDN,158,421
SDN,158,422
SDN,158,423
SDN,158,424
SDN,158,425
SSD,158,426
SDN,158,427
SDN,158,428
SDN,158,429
SDN,158,430
ETH,158,431
ETH,158,432
ETH,158,433
ETH,158,434
ETH,158,435
ETH,158,436
ETH,158,437
ETH,158,438
ETH,158,439
ETH,158,440
ETH,158,441
ETH,158,442
ETH,158,443
ETH,158,444
DJI,158,445
DJI,158,446
SOM,158,447
SOM,158,448
SOM,158,455
SOM,158,456
SOM,158,457
SOM,158,458
SOM,158,459
SOM,158,460
SOM,158,461
SOM,158,462
SOM,158,463
IND,158,512
IND,158,513
IND,158,514
IND,158,515
IND,158,516
IND,158,517
IND,158,518
IND,158,519
IND,158,520
IND,158,546
MMR,158,557
MMR,158,558
MMR,158,559
THA,158,560
KHM,158,567
KHM,158,568
KHM,158,569
KHM,158,570
KHM,158,571
KHM,158,572
VNM,158,573
VNM,158,574
VNM,158,575
VNM,158,576
VNM,158,577
VNM,158,578
VNM,158,579
PHL,158,599
PHL,158,600
PHL,158,605
PHL,158,606
PHL,158,607
PHL,158,608
PHL,158,609
PHL,158,610
PHL,158,611
PHL,158,612
MHL,158,694
CRI,159,189
CRI,159,190
CRI,159,191
CRI,159,192
CRI,159,193
CRI,159,194
COL,159,210
COL,159,211
COL,159,212
COL,159,213
COL,159,214
COL,159,215
VEN,159,216
VEN,159,217
VEN,159,218
VEN,159,219
VEN,159,220
VEN,159,221
VEN,159,222
VEN,159,223
VEN,159,224
VEN,159,225
VEN,159,226
VEN,159,227
VEN,159,228
VEN,159,230
VEN,159,232
VEN,159,233
VEN,159,234
VEN,159,235
VEN,159,236
VEN,159,237
TTO,159,238
TTO,159,239
GIN,159,330
GIN,159,331
GIN,159,332
GIN,159,333
GIN,159,334
GIN,159,335
GIN,159,336
GIN,159,337
GIN,159,338
GIN,159,339
GIN,159,340
GIN,159,341
GIN,159,342
GIN,159,343
MLI,159,344
MLI,159,345
MLI,159,346
MLI,159,347
MLI,159,348
MLI,159,349
BFA,159,350
BFA,159,351
BFA,159,352
BFA,159,353
BFA,159,354
GHA,159,355
GHA,159,356
GHA,159,357
GHA,159,358
GHA,159,359
GHA,159,360
TGO,159,361
TGO,159,362
BEN,159,363
BEN,159,364
BEN,159,365
BEN,159,366
BEN,159,367
BEN,159,368
NGA,159,369
NGA,159,370
NGA,159,371
NGA,159,372
NGA,159,373
NGA,159,374
NGA,159,375
NGA,159,376
NGA,159,377
NGA,159,378
NGA,159,379
NGA,159,380
NGA,159,381
NGA,159,382
NGA,159,383
NGA,159,384
NGA,159,385
NGA,159,386
NGA,159,387
CMR,159,388
CMR,159,389
CMR,159,390
TCD,159,391
TCD,159,392
TCD,159,393
TCD,159,394
TCD,159,395
TCD,159,396
TCD,159,397
TCD,159,398
TCD,159,399
TCD,159,400
TCD,159,401
TCD,159,402
TCD,159,403
TCD,159,404
CAF,159,405
CAF,159,406
SDN,159,407
SDN,159,408
SDN,159,409
SDN,159,410
SDN,159,411
SDN,159,412
SDN,159,413
SDN,159,414
SDN,159,415
SDN,159,416
SDN,159,417
SDN,159,418
SDN,159,419
SDN,159,420
SDN,159,421
SDN,159,422
SDN,159,423
SDN,159,424
SSD,159,425
SSD,159,426
SSD,159,427
SDN,159,428
SDN,159,429
ETH,159,430
ETH,159,431
ETH,159,432
ETH,159,433
ETH,159,434
ETH,159,435
ETH,159,436
ETH,159,437
ETH,159,438
ETH,159,439
ETH,159,440
ETH,159,441
ETH,159,442
ETH,159,443
ETH,159,444
ETH,159,445
ETH,159,446
SOM,159,447
SOM,159,448
SOM,159,449
SOM,159,451
SOM,159,452
SOM,159,453
SOM,159,454
SOM,159,455
SOM,159,456
SOM,159,457
SOM,159,458
SOM,159,459
SOM,159,460
SOM,159,461
SOM,159,462
SOM,159,463
IND,159,512
IND,159,513
IND,159,514
IND,159,515
IND,159,516
IND,159,517
IND,159,518
IND,159,519
IND,159,520
IND,159,545
IND,159,546
MMR,159,556
MMR,159,557
MMR,159,558
THA,159,559
THA,159,560
KHM,159,567
KHM,159,568
KHM,159,569
KHM,159,570
VNM,159,571
VNM,159,572
VNM,159,573
VNM,159,574
VNM,159,575
VNM,159,576
VNM,159,577
PHL,159,599
PHL,159,600
PHL,159,603
PHL,159,604
PHL,159,605
PHL,159,606
PHL,159,607
PHL,159,608
PHL,159,609
PHL,159,610
PHL,159,611
PHL,159,612
CRI,160,189
CRI,160,190
CRI,160,191
CRI,160,192
CRI,160,193
CRI,160,194
COL,160,209
COL,160,210
COL,160,211
COL,160,212
COL,160,213
COL,160,214
VEN,160,215
VEN,160,216
VEN,160,217
VEN,160,218
VEN,160,219
VEN,160,220
VEN,160,221
VEN,160,222
VEN,160,223
VEN,160,224
VEN,160,225
VEN,160,226
VEN,160,227
VEN,160,228
VEN,160,229
VEN,160,230
VEN,160,231
VEN,160,232
VEN,160,233
VEN,160,234
VEN,160,235
VEN,160,236
TTO,160,237
TTO,160,238
TTO,160,239
GIN,160,331
GIN,160,332
GIN,160,333
GIN,160,334
GIN,160,335
GIN,160,336
GIN,160,337
GIN,160,338
GIN,160,339
GIN,160,340
GIN,160,341
GIN,160,342
GIN,160,343
GIN,160,344
CIV,160,345
CIV,160,346
CIV,160,347
CIV,160,348
CIV,160,349
CIV,160,350
BFA,160,351
BFA,160,352
BFA,160,353
BFA,160,354
GHA,160,355
GHA,160,356
GHA,160,357
GHA,160,358
GHA,160,359
GHA,160,360
GHA,160,361
TGO,160,362
BEN,160,363
BEN,160,364
BEN,160,365
BEN,160,366
BEN,160,367
NGA,160,368
NGA,160,369
NGA,160,370
NGA,160,371
NGA,160,372
NGA,160,373
NGA,160,374
NGA,160,375
NGA,160,376
NGA,160,377
NGA,160,378
NGA,160,379
NGA,160,380
NGA,160,381
NGA,160,382
NGA,160,383
NGA,160,384
NGA,160,385
NGA,160,386
NGA,160,387
CMR,160,388
CMR,160,389
CMR,160,390
CMR,160,391
TCD,160,392
TCD,160,393
TCD,160,394
TCD,160,395
TCD,160,396
TCD,160,397
TCD,160,398
TCD,160,399
TCD,160,400
TCD,160,401
TCD,160,402
TCD,160,403
CAF,160,404
CAF,160,405
CAF,160,406
CAF,160,407
SDN,160,408
SDN,160,409
SDN,160,410
SSD,160,411
SSD,160,412
SDN,160,413
SDN,160,414
SDN,160,415
SDN,160,416
SDN,160,417
SDN,160,418
SDN,160,419
SDN,160,420
SDN,160,421
SDN,160,422
SDN,160,423
SSD,160,424
SSD,160,425
SSD,160,426
SSD,160,427
SSD,160,428
SDN,160,429
ETH,160,430
ETH,160,431
ETH,160,432
ETH,160,433
ETH,160,434
ETH,160,435
ETH,160,436
ETH,160,437
ETH,160,438
ETH,160,439
ETH,160,440
ETH,160,441
ETH,160,442
ETH,160,443
ETH,160,444
ETH,160,445
ETH,160,446
SOM,160,447
SOM,160,448
SOM,160,449
SOM,160,450
SOM,160,451
SOM,160,452
SOM,160,453
SOM,160,454
SOM,160,455
SOM,160,456
SOM,160,457
SOM,160,458
SOM,160,459
SOM,160,460
SOM,160,461
SOM,160,462
SOM,160,463
IND,160,513
IND,160,514
IND,160,515
IND,160,516
IND,160,517
IND,160,518
IND,160,519
IND,160,520
MMR,160,556
MMR,160,557
THA,160,558
THA,160,559
VNM,160,568
VNM,160,569
VNM,160,570
VNM,160,571
VNM,160,572
VNM,160,573
VNM,160,574
VNM,160,575
PHL,160,598
PHL,160,599
PHL,160,600
PHL,160,604
PHL,160,605
PHL,160,606
PHL,160,607
PHL,160,608
PHL,160,609
PHL,160,610
PHL,160,611
PHL,160,612
PHL,160,613
CRI,161,189
CRI,161,190
CRI,161,191
CRI,161,192
CRI,161,193
CRI,161,194
CRI,161,195
PAN,161,196
PAN,161,201
PAN,161,202
PAN,161,203
COL,161,209
COL,161,210
COL,161,211
COL,161,212
COL,161,213
COL,161,214
VEN,161,215
VEN,161,216
VEN,161,217
VEN,161,218
VEN,161,219
VEN,161,220
VEN,161,221
VEN,161,222
VEN,161,223
VEN,161,224
VEN,161,225
VEN,161,226
VEN,161,227
VEN,161,228
VEN,161,229
VEN,161,230
VEN,161,231
VEN,161,232
VEN,161,233
VEN,161,234
VEN,161,235
VEN,161,236
VEN,161,237
VEN,161,238
VEN,161,239
GIN,161,333
GIN,161,334
GIN,161,335
SLE,161,336
SLE,161,337
SLE,161,338
GIN,161,339
GIN,161,340
GIN,161,341
GIN,161,342
GIN,161,343
GIN,161,344
CIV,161,345
CIV,161,346
CIV,161,347
CIV,161,348
CIV,161,349
CIV,161,350
CIV,161,351
CIV,161,352
CIV,161,353
CIV,161,354
BFA,161,355
GHA,161,356
GHA,161,357
GHA,161,358
GHA,161,359
GHA,161,360
GHA,161,361
TGO,161,362
TGO,161,363
BEN,161,364
BEN,161,365
BEN,161,366
BEN,161,367
NGA,161,368
NGA,161,369
NGA,161,370
NGA,161,371
NGA,161,372
NGA,161,373
NGA,161,374
NGA,161,375
NGA,161,376
NGA,161,377
NGA,161,378
NGA,161,379
NGA,161,380
NGA,161,381
NGA,161,382
NGA,161,383
NGA,161,384
NGA,161,385
NGA,161,386
CMR,161,387
CMR,161,388
TCD,161,389
TCD,161,390
TCD,161,391
TCD,161,392
TCD,161,393
TCD,161,394
TCD,161,395
TCD,161,396
TCD,161,397
TCD,161,398
TCD,161,399
TCD,161,400
TCD,161,401
TCD,161,402
CAF,161,403
CAF,161,404
CAF,161,405
CAF,161,406
CAF,161,407
SDN,161,408
SDN,161,409
SDN,161,410
SSD,161,411
SSD,161,412
SSD,161,413
SDN,161,414
SDN,161,415
SDN,161,416
SDN,161,417
SDN,161,418
SDN,161,419
SSD,161,420
SSD,161,421
SSD,161,422
SSD,161,423
SSD,161,424
SSD,161,425
SSD,161,426
SSD,161,427
SSD,161,428
ETH,161,429
ETH,161,430
ETH,161,431
ETH,161,432
ETH,161,433
ETH,161,434
ETH,161,435
ETH,161,436
ETH,161,437
ETH,161,438
ETH,161,439
ETH,161,440
ETH,161,441
ETH,161,442
ETH,161,443
ETH,161,444
ETH,161,445
ETH,161,446
ETH,161,447
SOM,161,448
SOM,161,449
SOM,161,450
SOM,161,451
SOM,161,452
SOM,161,453
SOM,161,454
SOM,161,455
SOM,161,456
SOM,161,457
SOM,161,458
SOM,161,459
SOM,161,460
SOM,161,461
SOM,161,462
IND,161,513
IND,161,514
IND,161,515
IND,161,516
IND,161,517
IND,161,518
IND,161,519
LKA,161,520
LKA,161,521
LKA,161,522
MMR,161,557
THA,161,558
THA,161,559
THA,161,560
THA,161,561
VNM,161,570
VNM,161,571
VNM,161,572
VNM,161,573
VNM,161,574
PHL,161,597
PHL,161,598
PHL,161,605
PHL,161,606
PHL,161,607
PHL,161,608
PHL,161,609
PHL,161,610
PHL,161,611
PHL,161,612
PHL,161,613
FSM,161,637
CRI,162,192
CRI,162,193
CRI,162,194
PAN,162,195
PAN,162,196
PAN,162,197
PAN,162,199
PAN,162,200
PAN,162,201
PAN,162,202
PAN,162,203
PAN,162,204
PAN,162,205
COL,162,208
COL,162,209
COL,162,210
COL,162,211
COL,162,212
COL,162,213
COL,162,214
VEN,162,215
VEN,162,216
VEN,162,217
VEN,162,218
VEN,162,219
VEN,162,220
VEN,162,221
VEN,162,222
VEN,162,223
VEN,162,224
VEN,162,225
VEN,162,226
VEN,162,227
VEN,162,228
VEN,162,229
VEN,162,230
VEN,162,231
VEN,162,232
VEN,162,233
VEN,162,234
VEN,162,235
VEN,162,236
VEN,162,237
VEN,162,238
VEN,162,239
GIN,162,334
SLE,162,335
SLE,162,336
SLE,162,337
SLE,162,338
SLE,162,339
GIN,162,340
GIN,162,341
GIN,162,342
GIN,162,343
GIN,162,344
CIV,162,345
CIV,162,346
CIV,162,347
CIV,162,348
CIV,162,349
CIV,162,350
CIV,162,351
CIV,162,352
CIV,162,353
CIV,162,354
CIV,162,355
GHA,162,356
GHA,162,357
GHA,162,358
GHA,162,359
GHA,162,360
GHA,162,361
TGO,162,362
TGO,162,363
BEN,162,364
BEN,162,365
BEN,162,366
NGA,162,367
NGA,162,368
NGA,162,369
NGA,162,370
NGA,162,371
NGA,162,372
NGA,162,373
NGA,162,374
NGA,162,375
NGA,162,376
NGA,162,377
NGA,162,378
NGA,162,379
NGA,162,380
NGA,162,381
NGA,162,382
NGA,162,383
NGA,162,384
NGA,162,385
NGA,162,386
CMR,162,387
CMR,162,388
CMR,162,389
TCD,162,390
TCD,162,391
TCD,162,392
TCD,162,393
TCD,162,394
TCD,162,395
TCD,162,396
TCD,162,397
TCD,162,398
TCD,162,399
TCD,162,400
TCD,162,401
CAF,162,402
CAF,162,403
CAF,162,404
CAF,162,405
CAF,162,406
CAF,162,407
SDN,162,408
SDN,162,409
SSD,162,410
SSD,162,411
SSD,162,412
SSD,162,413
SSD,162,414
SSD,162,415
SSD,162,416
SSD,162,417
SSD,162,418
SSD,162,419
SSD,162,420
SSD,162,421
SSD,162,422
SSD,162,423
SSD,162,424
SSD,162,425
SSD,162,426
SSD,162,427
SSD,162,428
ETH,162,429
ETH,162,430
ETH,162,431
ETH,162,432
ETH,162,433
ETH,162,434
ETH,162,435
ETH,162,436
ETH,162,437
ETH,162,438
ETH,162,439
ETH,162,440
ETH,162,441
ETH,162,442
ETH,162,443
ETH,162,444
ETH,162,445
ETH,162,446
ETH,162,447
ETH,162,448
SOM,162,449
SOM,162,450
SOM,162,451
SOM,162,452
SOM,162,453
SOM,162,454
SOM,162,455
SOM,162,456
SOM,162,457
SOM,162,458
SOM,162,459
SOM,162,460
SOM,162,461
SOM,162,462
IND,162,513
IND,162,514
IND,162,515
IND,162,516
IND,162,517
IND,162,518
IND,162,519
LKA,162,520
LKA,162,521
LKA,162,522
IND,162,546
THA,162,556
THA,162,557
THA,162,558
THA,162,559
THA,162,560
THA,162,561
VNM,162,570
VNM,162,571
VNM,162,572
VNM,162,573
PHL,162,596
PHL,162,597
PHL,162,598
PHL,162,606
PHL,162,607
PHL,162,608
PHL,162,610
PHL,162,611
PHL,162,612
PHL,162,613
CRI,163,193
CRI,163,194
PAN,163,195
PAN,163,196
PAN,163,197
PAN,163,198
PAN,163,199
PAN,163,200
PAN,163,201
PAN,163,203
PAN,163,204
PAN,163,205
COL,163,206
COL,163,207
COL,163,208
COL,163,209
COL,163,210
COL,163,211
COL,163,212
COL,163,213
COL,163,214
COL,163,215
VEN,163,216
VEN,163,217
VEN,163,218
VEN,163,219
VEN,163,220
VEN,163,221
VEN,163,222
VEN,163,223
VEN,163,224
VEN,163,225
VEN,163,226
VEN,163,227
VEN,163,228
VEN,163,229
VEN,163,230
VEN,163,231
VEN,163,232
VEN,163,233
VEN,163,234
VEN,163,235
VEN,163,236
VEN,163,237
VEN,163,238
VEN,163,239
VEN,163,240
GUY,163,241
SLE,163,334
SLE,163,335
SLE,163,336
SLE,163,337
SLE,163,338
SLE,163,339
GIN,163,340
GIN,163,341
GIN,163,342
GIN,163,343
GIN,163,344
CIV,163,345
CIV,163,346
CIV,163,347
CIV,163,348
CIV,163,349
CIV,163,350
CIV,163,351
CIV,163,352
CIV,163,353
CIV,163,354
CIV,163,355
GHA,163,356
GHA,163,357
GHA,163,358
GHA,163,359
GHA,163,360
GHA,163,361
TGO,163,362
TGO,163,363
BEN,163,364
BEN,163,365
BEN,163,366
NGA,163,367
NGA,163,368
NGA,163,369
NGA,163,370
NGA,163,371
NGA,163,372
NGA,163,373
NGA,163,374
NGA,163,375
NGA,163,376
NGA,163,377
NGA,163,378
NGA,163,379
NGA,163,380
NGA,163,381
NGA,163,382
NGA,163,383
NGA,163,384
NGA,163,385
CMR,163,386
CMR,163,387
CMR,163,388
CMR,163,389
CMR,163,390
TCD,163,391
TCD,163,392
TCD,163,393
TCD,163,394
TCD,163,395
TCD,163,396
TCD,163,397
TCD,163,398
CAF,163,399
CAF,163,400
CAF,163,401
CAF,163,402
CAF,163,403
CAF,163,404
CAF,163,405
CAF,163,406
CAF,163,407
CAF,163,408
SDN,163,409
SSD,163,410
SSD,163,411
SSD,163,412
SSD,163,413
SSD,163,414
SSD,163,415
SSD,163,416
SSD,163,417
SSD,163,418
SSD,163,419
SSD,163,420
SSD,163,421
SSD,163,422
SSD,163,423
SSD,163,424
SSD,163,425
SSD,163,426
SSD,163,427
SSD,163,428
ETH,163,429
ETH,163,430
ETH,163,431
ETH,163,432
ETH,163,433
ETH,163,434
ETH,163,435
ETH,163,436
ETH,163,437
ETH,163,438
ETH,163,439
ETH,163,440
ETH,163,441
ETH,163,442
ETH,163,443
ETH,163,444
ETH,163,445
ETH,163,446
ETH,163,447
ETH,163,448
ETH,163,449
ETH,163,450
SOM,163,451
SOM,163,452
SOM,163,453
SOM,163,454
SOM,163,455
SOM,163,456
SOM,163,457
SOM,163,458
SOM,163,459
SOM,163,460
SOM,163,461
IND,163,514
IND,163,515
IND,163,516
IND,163,517
LKA,163,520
LKA,163,521
LKA,163,522
LKA,163,523
,163,548
THA,163,557
THA,163,558
THA,163,559
THA,163,560
THA,163,561
VNM,163,570
VNM,163,571
VNM,163,574
PHL,163,595
PHL,163,596
PHL,163,597
PHL,163,607
PHL,163,608
PHL,163,609
PHL,163,610
PHL,163,611
PHL,163,612
PHL,163,613
MHL,163,702
CRI,164,193
CRI,164,194
PAN,164,195
PAN,164,196
PAN,164,197
PAN,164,198
PAN,164,199
PAN,164,200
PAN,164,201
PAN,164,202
PAN,164,203
PAN,164,204
PAN,164,205
COL,164,206
COL,164,207
COL,164,208
COL,164,209
COL,164,210
COL,164,211
COL,164,212
COL,164,213
COL,164,214
COL,164,215
VEN,164,216
VEN,164,217
VEN,164,218
VEN,164,219
VEN,164,220
VEN,164,221
VEN,164,222
VEN,164,223
VEN,164,224
VEN,164,225
VEN,164,226
VEN,164,227
VEN,164,228
VEN,164,229
VEN,164,230
VEN,164,231
VEN,164,232
VEN,164,233
VEN,164,234
VEN,164,235
VEN,164,236
VEN,164,237
VEN,164,238
VEN,164,239
VEN,164,240
GUY,164,241
GUY,164,242
SLE,164,334
SLE,164,335
SLE,164,336
SLE,164,337
SLE,164,338
SLE,164,339
LBR,164,340
LBR,164,341
GIN,164,342
GIN,164,343
GIN,164,344
CIV,164,345
CIV,164,346
CIV,164,347
CIV,164,348
CIV,164,349
CIV,164,350
CIV,164,351
CIV,164,352
CIV,164,353
CIV,164,354
CIV,164,355
GHA,164,356
GHA,164,357
GHA,164,358
GHA,164,359
GHA,164,360
GHA,164,361
TGO,164,362
TGO,164,363
BEN,164,364
BEN,164,365
NGA,164,366
NGA,164,367
NGA,164,368
NGA,164,369
NGA,164,370
NGA,164,371
NGA,164,372
NGA,164,373
NGA,164,374
NGA,164,375
NGA,164,376
NGA,164,377
NGA,164,378
NGA,164,379
NGA,164,380
NGA,164,381
NGA,164,382
NGA,164,383
NGA,164,384
CMR,164,385
CMR,164,386
CMR,164,387
CMR,164,388
CMR,164,389
CMR,164,390
CMR,164,391
TCD,164,392
TCD,164,393
TCD,164,394
TCD,164,395
TCD,164,396
TCD,164,397
TCD,164,398
CAF,164,399
CAF,164,400
CAF,164,401
CAF,164,402
CAF,164,403
CAF,164,404
CAF,164,405
CAF,164,406
CAF,164,407
CAF,164,408
CAF,164,409
SSD,164,410
SSD,164,411
SSD,164,412
SSD,164,413
SSD,164,414
SSD,164,415
SSD,164,416
SSD,164,417
SSD,164,418
SSD,164,419
SSD,164,420
SSD,164,421
SSD,164,422
SSD,164,423
SSD,164,424
SSD,164,425
SSD,164,426
ETH,164,427
ETH,164,428
ETH,164,429
ETH,164,430
ETH,164,431
ETH,164,432
ETH,164,433
ETH,164,434
ETH,164,435
ETH,164,436
ETH,164,437
ETH,164,438
ETH,164,439
ETH,164,440
ETH,164,441
ETH,164,442
ETH,164,443
ETH,164,444
ETH,164,445
ETH,164,446
ETH,164,447
ETH,164,448
ETH,164,449
ETH,164,450
ETH,164,451
ETH,164,452
ETH,164,453
SOM,164,454
SOM,164,455
SOM,164,456
SOM,164,457
SOM,164,458
SOM,164,459
SOM,164,460
SOM,164,461
IND,164,514
IND,164,515
IND,164,516
IND,164,517
LKA,164,520
LKA,164,521
LKA,164,522
LKA,164,523
LKA,164,524
IND,164,547
IND,164,548
THA,164,557
THA,164,558
THA,164,559
THA,164,560
THA,164,561
PHL,164,595
PHL,164,605
PHL,164,606
PHL,164,607
PHL,164,608
PHL,164,609
PHL,164,610
PHL,164,611
PHL,164,612
PHL,164,613
PAN,165,197
PAN,165,198
PAN,165,199
PAN,165,200
PAN,165,201
PAN,165,204
PAN,165,205
COL,165,206
COL,165,207
COL,165,208
COL,165,209
COL,165,210
COL,165,211
COL,165,212
COL,165,213
COL,165,214
COL,165,215
VEN,165,216
VEN,165,217
VEN,165,218
VEN,165,219
VEN,165,220
VEN,165,221
VEN,165,222
VEN,165,223
VEN,165,224
VEN,165,225
VEN,165,226
VEN,165,227
VEN,165,228
VEN,165,229
VEN,165,230
VEN,165,231
VEN,165,232
VEN,165,233
VEN,165,234
VEN,165,235
VEN,165,236
VEN,165,237
VEN,165,238
VEN,165,239
GUY,165,240
GUY,165,241
GUY,165,242
GUY,165,243
SLE,165,335
SLE,165,336
SLE,165,337
SLE,165,338
SLE,165,339
LBR,165,340
LBR,165,341
GIN,165,342
GIN,165,343
GIN,165,344
CIV,165,345
CIV,165,346
CIV,165,347
CIV,165,348
CIV,165,349
CIV,165,350
CIV,165,351
CIV,165,352
CIV,165,353
CIV,165,354
GHA,165,355
GHA,165,356
GHA,165,357
GHA,165,358
GHA,165,359
GHA,165,360
GHA,165,361
TGO,165,362
TGO,165,363
BEN,165,364
BEN,165,365
NGA,165,366
NGA,165,367
NGA,165,368
NGA,165,369
NGA,165,370
NGA,165,371
NGA,165,372
NGA,165,373
NGA,165,374
NGA,165,375
NGA,165,376
NGA,165,377
NGA,165,378
NGA,165,379
NGA,165,380
NGA,165,381
NGA,165,382
NGA,165,383
NGA,165,384
CMR,165,385
CMR,165,386
CMR,165,387
CMR,165,388
CMR,165,389
CMR,165,390
CMR,165,391
TCD,165,392
TCD,165,393
TCD,165,394
CAF,165,395
CAF,165,396
CAF,165,397
CAF,165,398
CAF,165,399
CAF,165,400
CAF,165,401
CAF,165,402
CAF,165,403
CAF,165,404
CAF,165,405
CAF,165,406
CAF,165,407
CAF,165,408
CAF,165,409
CAF,165,410
SSD,165,411
SSD,165,412
SSD,165,413
SSD,165,414
SSD,165,415
SSD,165,416
SSD,165,417
SSD,165,418
SSD,165,419
SSD,165,420
SSD,165,421
SSD,165,422
SSD,165,423
SSD,165,424
SSD,165,425
SSD,165,426
SSD,165,427
ETH,165,428
ETH,165,429
ETH,165,430
ETH,165,431
ETH,165,432
ETH,165,433
ETH,165,434
ETH,165,435
ETH,165,436
ETH,165,437
ETH,165,438
ETH,165,439
ETH,165,440
ETH,165,441
ETH,165,442
ETH,165,443
ETH,165,444
ETH,165,445
ETH,165,446
ETH,165,447
ETH,165,448
ETH,165,449
ETH,165,450
ETH,165,451
ETH,165,452
ETH,165,453
ETH,165,454
ETH,165,455
SOM,165,456
SOM,165,457
SOM,165,458
SOM,165,459
SOM,165,460
LKA,165,520
LKA,165,521
LKA,165,522
LKA,165,523
LKA,165,524
IND,165,547
IND,165,548
THA,165,557
THA,165,558
THA,165,559
THA,165,560
THA,165,561
PHL,165,595
PHL,165,605
PHL,165,606
PHL,165,607
PHL,165,608
PHL,165,609
PHL,165,610
PHL,165,611
PHL,165,612
PHL,165,613
PHL,165,614
PLW,165,630
PAN,166,197
PAN,166,199
PAN,166,200
PAN,166,204
COL,166,205
COL,166,206
COL,166,207
COL,166,208
COL,166,209
COL,166,210
COL,166,211
COL,166,212
COL,166,213
COL,166,214
COL,166,215
COL,166,216
VEN,166,217
VEN,166,218
VEN,166,219
VEN,166,220
VEN,166,221
VEN,166,222
VEN,166,223
VEN,166,224
VEN,166,225
VEN,166,226
VEN,166,227
VEN,166,228
VEN,166,229
VEN,166,230
VEN,166,231
VEN,166,232
VEN,166,233
VEN,166,234
VEN,166,235
VEN,166,236
VEN,166,237
VEN,166,238
VEN,166,239
GUY,166,240
GUY,166,241
GUY,166,242
GUY,166,243
GUY,166,244
SLE,166,335
SLE,166,336
SLE,166,337
SLE,166,338
LBR,166,339
LBR,166,340
LBR,166,341
LBR,166,342
LBR,166,343
CIV,166,344
CIV,166,345
CIV,166,346
CIV,166,347
CIV,166,348
CIV,166,349
CIV,166,350
CIV,166,351
CIV,166,352
CIV,166,353
CIV,166,354
GHA,166,355
GHA,166,356
GHA,166,357
GHA,166,358
GHA,166,359
GHA,166,360
GHA,166,361
TGO,166,362
TGO,166,363
BEN,166,364
BEN,166,365
BEN,166,366
NGA,166,367
NGA,166,368
NGA,166,369
NGA,166,370
NGA,166,371
NGA,166,372
NGA,166,373
NGA,166,374
NGA,166,375
NGA,166,376
NGA,166,377
NGA,166,378
NGA,166,379
NGA,166,380
NGA,166,381
NGA,166,382
NGA,166,383
NGA,166,384
CMR,166,385
CMR,166,386
CMR,166,387
CMR,166,388
CMR,166,389
CMR,166,390
CMR,166,391
CAF,166,392
CAF,166,393
CAF,166,394
CAF,166,395
CAF,166,396
CAF,166,397
CAF,166,398
CAF,166,399
CAF,166,400
CAF,166,401
CAF,166,402
CAF,166,403
CAF,166,404
CAF,166,405
CAF,166,406
CAF,166,407
CAF,166,408
CAF,166,409
CAF,166,410
CAF,166,411
SSD,166,412
SSD,166,413
SSD,166,414
SSD,166,415
SSD,166,416
SSD,166,417
SSD,166,418
SSD,166,419
SSD,166,420
SSD,166,421
SSD,166,422
SSD,166,423
SSD,166,424
SSD,166,425
SSD,166,426
SSD,166,427
SSD,166,428
ETH,166,429
ETH,166,430
ETH,166,431
ETH,166,432
ETH,166,433
ETH,166,434
ETH,166,435
ETH,166,436
ETH,166,437
ETH,166,438
ETH,166,439
ETH,166,440
ETH,166,441
ETH,166,442
ETH,166,443
ETH,166,444
ETH,166,445
ETH,166,446
ETH,166,447
ETH,166,448
ETH,166,449
ETH,166,450
ETH,166,451
ETH,166,452
ETH,166,453
ETH,166,454
SOM,166,455
SOM,166,456
SOM,166,457
SOM,166,458
SOM,166,459
SOM,166,460
LKA,166,520
LKA,166,521
LKA,166,522
LKA,166,523
LKA,166,524
IND,166,548
THA,166,559
THA,166,560
THA,166,561
THA,166,562
MYS,166,594
MYS,166,595
PHL,166,597
PHL,166,598
PHL,166,604
PHL,166,605
PHL,166,606
PHL,166,607
PHL,166,609
PHL,166,610
PHL,166,611
PHL,166,612
PHL,166,613
PHL,166,614
PLW,166,629
PLW,166,630
FSM,166,664
MHL,166,698
MHL,166,703
MHL,166,704
COL,167,205
COL,167,206
COL,167,207
COL,167,208
COL,167,209
COL,167,210
COL,167,211
COL,167,212
COL,167,213
COL,167,214
COL,167,215
COL,167,216
COL,167,217
COL,167,218
COL,167,219
COL,167,220
VEN,167,221
VEN,167,222
VEN,167,223
VEN,167,224
VEN,167,225
VEN,167,226
VEN,167,227
VEN,167,228
VEN,167,229
VEN,167,230
VEN,167,231
VEN,167,232
VEN,167,233
VEN,167,234
VEN,167,235
VEN,167,236
VEN,167,237
VEN,167,238
GUY,167,239
GUY,167,240
GUY,167,241
GUY,167,242
GUY,167,243
GUY,167,244
GUY,167,245
LBR,167,338
LBR,167,339
LBR,167,340
LBR,167,341
LBR,167,342
LBR,167,343
CIV,167,344
CIV,167,345
CIV,167,346
CIV,167,347
CIV,167,348
CIV,167,349
CIV,167,350
CIV,167,351
CIV,167,352
CIV,167,353
CIV,167,354
GHA,167,355
GHA,167,356
GHA,167,357
GHA,167,358
GHA,167,359
GHA,167,360
GHA,167,361
TGO,167,362
TGO,167,363
BEN,167,364
BEN,167,365
BEN,167,366
NGA,167,367
NGA,167,368
NGA,167,369
NGA,167,370
NGA,167,371
NGA,167,372
NGA,167,373
NGA,167,374
NGA,167,375
NGA,167,376
NGA,167,377
NGA,167,378
NGA,167,379
NGA,167,380
CMR,167,381
CMR,167,382
NGA,167,383
CMR,167,384
CMR,167,385
CMR,167,386
CMR,167,387
CMR,167,388
CMR,167,389
CMR,167,390
CAF,167,391
CAF,167,392
CAF,167,393
CAF,167,394
CAF,167,395
CAF,167,396
CAF,167,397
CAF,167,398
CAF,167,399
CAF,167,400
CAF,167,401
CAF,167,402
CAF,167,403
CAF,167,404
CAF,167,405
CAF,167,406
CAF,167,407
CAF,167,408
CAF,167,409
CAF,167,410
CAF,167,411
CAF,167,412
SSD,167,413
SSD,167,414
SSD,167,415
SSD,167,416
SSD,167,417
SSD,167,418
SSD,167,419
SSD,167,420
SSD,167,421
SSD,167,422
SSD,167,423
SSD,167,424
SSD,167,425
SSD,167,426
SSD,167,427
SSD,167,428
SSD,167,429
ETH,167,430
ETH,167,431
ETH,167,432
ETH,167,433
ETH,167,434
ETH,167,435
ETH,167,436
ETH,167,437
ETH,167,438
ETH,167,439
ETH,167,440
ETH,167,441
ETH,167,442
ETH,167,443
ETH,167,444
ETH,167,445
ETH,167,446
ETH,167,447
ETH,167,448
ETH,167,449
ETH,167,450
ETH,167,451
ETH,167,452
ETH,167,453
SOM,167,454
SOM,167,455
SOM,167,456
SOM,167,457
SOM,167,458
SOM,167,459
MDV,167,507
LKA,167,520
LKA,167,521
LKA,167,522
LKA,167,523
LKA,167,524
IND,167,548
THA,167,559
THA,167,560
THA,167,561
THA,167,562
THA,167,563
THA,167,564
MYS,167,594
MYS,167,595
MYS,167,596
PHL,167,604
PHL,167,605
PHL,167,609
PHL,167,610
PHL,167,611
PHL,167,612
PHL,167,613
PLW,167,629
FSM,167,677
COL,168,206
COL,168,207
COL,168,208
COL,168,209
COL,168,210
COL,168,211
COL,168,212
COL,168,213
COL,168,214
COL,168,215
COL,168,216
COL,168,217
COL,168,218
COL,168,219
COL,168,220
COL,168,221
VEN,168,222
VEN,168,223
VEN,168,224
COL,168,225
VEN,168,226
VEN,168,227
VEN,168,228
VEN,168,229
VEN,168,230
VEN,168,231
VEN,168,232
VEN,168,233
VEN,168,234
VEN,168,235
VEN,168,236
VEN,168,237
VEN,168,238
GUY,168,239
GUY,168,240
GUY,168,241
GUY,168,242
GUY,168,243
GUY,168,244
GUY,168,245
GUY,168,246
SUR,168,247
LBR,168,339
LBR,168,340
LBR,168,341
LBR,168,342
LBR,168,343
LBR,168,344
CIV,168,345
CIV,168,346
CIV,168,347
CIV,168,348
CIV,168,349
CIV,168,350
CIV,168,351
CIV,168,352
CIV,168,353
CIV,168,354
GHA,168,355
GHA,168,356
GHA,168,357
GHA,168,358
GHA,168,359
GHA,168,360
GHA,168,361
GHA,168,362
TGO,168,363
TGO,168,364
BEN,168,365
BEN,168,366
NGA,168,367
NGA,168,368
NGA,168,369
NGA,168,370
NGA,168,371
NGA,168,372
NGA,168,373
NGA,168,374
NGA,168,375
NGA,168,376
NGA,168,377
NGA,168,378
NGA,168,379
CMR,168,380
CMR,168,381
CMR,168,382
CMR,168,383
CMR,168,384
CMR,168,385
CMR,168,386
CMR,168,387
CMR,168,388
CMR,168,389
CAF,168,390
CAF,168,391
CAF,168,392
CAF,168,393
CAF,168,394
CAF,168,395
CAF,168,396
CAF,168,397
CAF,168,398
CAF,168,399
CAF,168,400
CAF,168,401
CAF,168,402
CAF,168,403
CAF,168,404
CAF,168,405
CAF,168,406
CAF,168,407
CAF,168,408
CAF,168,409
CAF,168,410
CAF,168,411
CAF,168,412
CAF,168,413
SSD,168,414
SSD,168,415
SSD,168,416
SSD,168,417
SSD,168,418
SSD,168,419
SSD,168,420
SSD,168,421
SSD,168,422
SSD,168,423
SSD,168,424
SSD,168,425
SSD,168,426
SSD,168,427
SSD,168,428
SSD,168,429
SSD,168,430
ETH,168,431
ETH,168,432
ETH,168,433
ETH,168,434
ETH,168,435
ETH,168,436
ETH,168,437
ETH,168,438
ETH,168,439
ETH,168,440
ETH,168,441
ETH,168,442
ETH,168,443
ETH,168,444
ETH,168,445
ETH,168,446
ETH,168,447
ETH,168,448
ETH,168,449
ETH,168,450
ETH,168,451
ETH,168,452
SOM,168,453
SOM,168,454
SOM,168,455
SOM,168,456
SOM,168,457
SOM,168,458
SOM,168,459
LKA,168,521
LKA,168,522
LKA,168,523
LKA,168,524
MYS,168,560
MYS,168,561
MYS,168,562
THA,168,563
THA,168,564
MYS,168,565
MYS,168,593
MYS,168,594
MYS,168,595
MYS,168,596
MYS,168,597
PHL,168,602
PHL,168,603
PHL,168,604
PHL,168,605
PHL,168,609
PHL,168,610
PHL,168,611
PHL,168,612
PHL,168,613
COL,169,205
COL,169,206
COL,169,207
COL,169,208
COL,169,209
COL,169,210
COL,169,211
COL,169,212
COL,169,213
COL,169,214
COL,169,215
COL,169,216
COL,169,217
COL,169,218
COL,169,219
COL,169,220
COL,169,221
COL,169,222
COL,169,223
COL,169,224
COL,169,225
VEN,169,226
VEN,169,227
VEN,169,228
VEN,169,229
VEN,169,230
VEN,169,231
VEN,169,232
VEN,169,233
VEN,169,234
VEN,169,235
VEN,169,236
VEN,169,237
VEN,169,238
GUY,169,239
GUY,169,240
GUY,169,241
GUY,169,242
GUY,169,243
GUY,169,244
GUY,169,245
GUY,169,246
SUR,169,247
SUR,169,248
SUR,169,249
SUR,169,250
SUR,169,251
SUR,169,252
FRA,169,253
FRA,169,254
LBR,169,340
LBR,169,341
LBR,169,342
LBR,169,343
LBR,169,344
LBR,169,345
CIV,169,346
CIV,169,347
CIV,169,348
CIV,169,349
CIV,169,350
CIV,169,351
CIV,169,352
CIV,169,353
CIV,169,354
GHA,169,355
GHA,169,356
GHA,169,357
GHA,169,358
GHA,169,359
GHA,169,360
GHA,169,361
GHA,169,362
GHA,169,363
NGA,169,370
NGA,169,371
NGA,169,372
NGA,169,373
NGA,169,374
NGA,169,375
NGA,169,376
NGA,169,377
NGA,169,378
CMR,169,379
CMR,169,380
CMR,169,381
CMR,169,382
CMR,169,383
CMR,169,384
CMR,169,385
CMR,169,386
CMR,169,387
CMR,169,388
CMR,169,389
CAF,169,390
CAF,169,391
CAF,169,392
CAF,169,393
CAF,169,394
CAF,169,395
CAF,169,396
CAF,169,397
CAF,169,398
CAF,169,399
CAF,169,400
CAF,169,401
CAF,169,402
CAF,169,403
CAF,169,404
CAF,169,405
CAF,169,406
CAF,169,407
CAF,169,408
CAF,169,409
CAF,169,410
CAF,169,411
CAF,169,412
CAF,169,413
CAF,169,414
SSD,169,415
SSD,169,416
SSD,169,417
SSD,169,418
SSD,169,419
SSD,169,420
SSD,169,421
SSD,169,422
SSD,169,423
SSD,169,424
SSD,169,425
SSD,169,426
SSD,169,427
SSD,169,428
SSD,169,429
SSD,169,430
ETH,169,431
ETH,169,432
ETH,169,433
ETH,169,434
ETH,169,435
ETH,169,436
ETH,169,437
ETH,169,438
ETH,169,439
ETH,169,440
ETH,169,441
ETH,169,442
ETH,169,443
ETH,169,444
ETH,169,445
ETH,169,446
ETH,169,447
ETH,169,448
ETH,169,449
ETH,169,450
ETH,169,451
SOM,169,452
SOM,169,453
SOM,169,454
SOM,169,455
SOM,169,456
SOM,169,457
SOM,169,458
LKA,169,522
IDN,169,551
IDN,169,552
MYS,169,561
MYS,169,562
MYS,169,563
MYS,169,564
MYS,169,565
MYS,169,566
MYS,169,567
MYS,169,592
MYS,169,593
MYS,169,594
MYS,169,595
MYS,169,596
MYS,169,597
MYS,169,598
PHL,169,602
PHL,169,603
PHL,169,610
PHL,169,611
PHL,169,612
MHL,169,700
COL,170,206
COL,170,207
COL,170,208
COL,170,209
COL,170,210
COL,170,211
COL,170,212
COL,170,213
COL,170,214
COL,170,215
COL,170,216
COL,170,217
COL,170,218
COL,170,219
COL,170,220
COL,170,221
COL,170,222
COL,170,223
COL,170,224
VEN,170,225
VEN,170,226
VEN,170,227
VEN,170,228
VEN,170,229
VEN,170,230
VEN,170,231
VEN,170,232
VEN,170,233
VEN,170,234
VEN,170,235
VEN,170,236
VEN,170,237
VEN,170,238
VEN,170,239
GUY,170,240
GUY,170,241
GUY,170,242
GUY,170,243
GUY,170,244
GUY,170,245
SUR,170,246
SUR,170,247
SUR,170,248
SUR,170,249
SUR,170,250
SUR,170,251
FRA,170,252
FRA,170,253
FRA,170,254
FRA,170,255
FRA,170,256
LBR,170,341
LBR,170,342
LBR,170,343
LBR,170,344
LBR,170,345
CIV,170,346
CIV,170,347
CIV,170,348
CIV,170,349
CIV,170,350
CIV,170,351
CIV,170,352
CIV,170,353
CIV,170,354
GHA,170,355
GHA,170,356
GHA,170,357
GHA,170,358
GHA,170,359
GHA,170,360
NGA,170,371
NGA,170,372
NGA,170,373
NGA,170,374
NGA,170,375
NGA,170,376
NGA,170,377
NGA,170,378
CMR,170,379
CMR,170,380
CMR,170,381
CMR,170,382
CMR,170,383
CMR,170,384
CMR,170,385
CMR,170,386
CMR,170,387
CMR,170,388
CMR,170,389
CAF,170,390
CAF,170,391
CAF,170,392
CAF,170,393
CAF,170,394
CAF,170,395
CAF,170,396
CAF,170,397
CAF,170,398
CAF,170,399
CAF,170,400
CAF,170,401
CAF,170,402
CAF,170,403
CAF,170,404
CAF,170,405
CAF,170,406
CAF,170,407
CAF,170,408
CAF,170,409
CAF,170,410
CAF,170,411
COD,170,412
CAF,170,413
CAF,170,414
CAF,170,415
SSD,170,416
SSD,170,417
SSD,170,418
SSD,170,419
SSD,170,420
SSD,170,421
SSD,170,422
SSD,170,423
SSD,170,424
SSD,170,425
SSD,170,426
SSD,170,427
SSD,170,428
SSD,170,429
SSD,170,430
SSD,170,431
ETH,170,432
ETH,170,433
ETH,170,434
ETH,170,435
ETH,170,436
ETH,170,437
ETH,170,438
ETH,170,439
ETH,170,440
ETH,170,441
ETH,170,442
ETH,170,443
ETH,170,444
ETH,170,445
ETH,170,446
ETH,170,447
ETH,170,448
ETH,170,449
ETH,170,450
ETH,170,451
SOM,170,452
SOM,170,453
SOM,170,454
SOM,170,455
SOM,170,456
SOM,170,457
SOM,170,458
IDN,170,551
IDN,170,552
IDN,170,553
IDN,170,554
IDN,170,555
IDN,170,556
MYS,170,561
MYS,170,562
MYS,170,563
MYS,170,564
MYS,170,565
MYS,170,566
MYS,170,567
BRN,170,590
MYS,170,591
MYS,170,592
MYS,170,593
MYS,170,594
MYS,170,595
MYS,170,596
MYS,170,597
MYS,170,598
MYS,170,599
PHL,170,600
PHL,170,601
PHL,170,611
FSM,170,686
FSM,170,687
COL,171,206
COL,171,207
COL,171,208
COL,171,209
COL,171,210
COL,171,211
COL,171,212
COL,171,213
COL,171,214
COL,171,215
COL,171,216
COL,171,217
COL,171,218
COL,171,219
COL,171,220
COL,171,221
COL,171,222
COL,171,223
COL,171,224
VEN,171,225
VEN,171,226
VEN,171,227
VEN,171,228
VEN,171,229
VEN,171,230
VEN,171,231
VEN,171,232
VEN,171,233
VEN,171,234
VEN,171,235
VEN,171,236
VEN,171,237
VEN,171,238
BRA,171,239
BRA,171,240
GUY,171,241
GUY,171,242
GUY,171,243
GUY,171,244
SUR,171,245
SUR,171,246
SUR,171,247
SUR,171,248
SUR,171,249
SUR,171,250
SUR,171,251
FRA,171,252
FRA,171,253
FRA,171,254
FRA,171,255
FRA,171,256
FRA,171,257
LBR,171,343
LBR,171,344
LBR,171,345
CIV,171,346
CIV,171,347
CIV,171,348
GHA,171,356
GHA,171,357
NGA,171,371
NGA,171,372
NGA,171,373
NGA,171,374
NGA,171,375
NGA,171,376
NGA,171,377
CMR,171,378
CMR,171,379
CMR,171,380
CMR,171,381
CMR,171,382
CMR,171,383
CMR,171,384
CMR,171,385
CMR,171,386
CMR,171,387
CMR,171,388
CMR,171,389
CAF,171,390
CAF,171,391
CAF,171,392
CAF,171,393
CAF,171,394
CAF,171,395
CAF,171,396
CAF,171,397
CAF,171,398
COD,171,399
COD,171,400
COD,171,401
CAF,171,402
CAF,171,403
CAF,171,404
CAF,171,405
CAF,171,406
CAF,171,407
COD,171,408
COD,171,409
COD,171,410
COD,171,411
COD,171,412
COD,171,413
COD,171,414
COD,171,415
COD,171,416
SSD,171,417
SSD,171,418
SSD,171,419
SSD,171,420
SSD,171,421
SSD,171,422
SSD,171,423
SSD,171,424
SSD,171,425
SSD,171,426
SSD,171,427
SSD,171,428
SSD,171,429
KEN,171,430
KEN,171,431
KEN,171,432
ETH,171,433
ETH,171,434
ETH,171,435
ETH,171,436
ETH,171,437
ETH,171,438
ETH,171,439
ETH,171,440
ETH,171,441
ETH,171,442
ETH,171,443
ETH,171,444
ETH,171,445
ETH,171,446
ETH,171,447
SOM,171,448
SOM,171,449
SOM,171,450
SOM,171,451
SOM,171,452
SOM,171,453
SOM,171,454
SOM,171,455
SOM,171,456
SOM,171,457
IDN,171,551
IDN,171,552
IDN,171,553
IDN,171,554
IDN,171,555
IDN,171,556
IDN,171,557
MYS,171,561
MYS,171,562
MYS,171,563
MYS,171,564
MYS,171,565
MYS,171,566
MYS,171,567
IDN,171,576
IDN,171,577
BRN,171,589
BRN,171,590
MYS,171,591
MYS,171,592
MYS,171,593
MYS,171,594
MYS,171,595
MYS,171,596
MYS,171,597
MYS,171,598
PHL,171,599
PHL,171,600
IDN,171,614
MHL,171,698
COL,172,206
COL,172,207
COL,172,208
COL,172,209
COL,172,210
COL,172,211
COL,172,212
COL,172,213
COL,172,214
COL,172,215
COL,172,216
COL,172,217
COL,172,218
COL,172,219
COL,172,220
COL,172,221
COL,172,222
COL,172,223
COL,172,224
COL,172,225
VEN,172,226
VEN,172,227
VEN,172,228
VEN,172,229
VEN,172,230
VEN,172,231
VEN,172,232
VEN,172,233
VEN,172,234
VEN,172,235
VEN,172,236
VEN,172,237
BRA,172,238
BRA,172,239
BRA,172,240
BRA,172,241
GUY,172,242
GUY,172,243
GUY,172,244
SUR,172,245
SUR,172,246
SUR,172,247
SUR,172,248
SUR,172,249
SUR,172,250
SUR,172,251
FRA,172,252
FRA,172,253
FRA,172,254
FRA,172,255
FRA,172,256
FRA,172,257
BRA,172,258
LBR,172,345
CIV,172,346
NGA,172,372
NGA,172,373
NGA,172,374
NGA,172,375
CMR,172,378
CMR,172,379
CMR,172,380
CMR,172,381
CMR,172,382
CMR,172,383
CMR,172,384
CMR,172,385
CMR,172,386
CMR,172,387
CMR,172,388
CMR,172,389
CMR,172,390
CAF,172,391
CAF,172,392
CAF,172,393
CAF,172,394
CAF,172,395
CAF,172,396
CAF,172,397
COD,172,398
COD,172,399
COD,172,400
COD,172,401
COD,172,402
COD,172,403
COD,172,404
CAF,172,405
COD,172,406
COD,172,407
COD,172,408
COD,172,409
COD,172,410
COD,172,411
COD,172,412
COD,172,413
COD,172,414
COD,172,415
COD,172,416
COD,172,417
COD,172,418
COD,172,419
COD,172,420
SSD,172,421
SSD,172,422
SSD,172,423
SSD,172,424
SSD,172,425
SSD,172,426
SSD,172,427
SSD,172,428
KEN,172,429
KEN,172,430
KEN,172,431
KEN,172,432
KEN,172,433
KEN,172,434
ETH,172,435
ETH,172,436
ETH,172,437
ETH,172,438
ETH,172,439
ETH,172,440
ETH,172,441
ETH,172,442
ETH,172,443
ETH,172,444
ETH,172,445
SOM,172,446
SOM,172,447
SOM,172,448
SOM,172,449
SOM,172,450
SOM,172,451
SOM,172,452
SOM,172,453
SOM,172,454
SOM,172,455
SOM,172,456
MDV,172,506
MDV,172,508
IDN,172,552
IDN,172,553
IDN,172,554
IDN,172,555
IDN,172,556
IDN,172,557
IDN,172,558
MYS,172,562
MYS,172,563
MYS,172,564
MYS,172,565
MYS,172,566
MYS,172,567
IDN,172,577
MYS,172,588
MYS,172,589
BRN,172,590
MYS,172,591
MYS,172,592
IDN,172,593
IDN,172,594
IDN,172,595
MYS,172,596
MYS,172,597
MYS,172,598
IDN,172,614
KIR,173,42
COL,173,206
COL,173,207
COL,173,208
COL,173,209
COL,173,210
COL,173,211
COL,173,212
COL,173,213
COL,173,214
COL,173,215
COL,173,216
COL,173,217
COL,173,218
COL,173,219
COL,173,220
COL,173,221
COL,173,222
COL,173,223
COL,173,224
COL,173,225
VEN,173,226
VEN,173,227
VEN,173,228
VEN,173,229
VEN,173,230
VEN,173,231
BRA,173,232
BRA,173,233
BRA,173,234
BRA,173,235
BRA,173,236
BRA,173,237
BRA,173,238
BRA,173,239
BRA,173,240
BRA,173,241
GUY,173,242
GUY,173,243
GUY,173,244
SUR,173,245
SUR,173,246
SUR,173,247
SUR,173,248
SUR,173,249
SUR,173,250
SUR,173,251
SUR,173,252
FRA,173,253
FRA,173,254
FRA,173,255
FRA,173,256
BRA,173,257
BRA,173,258
GNQ,173,378
CMR,173,379
CMR,173,380
CMR,173,381
CMR,173,382
CMR,173,383
CMR,173,384
CMR,173,385
CMR,173,386
CMR,173,387
CMR,173,388
CMR,173,389
CMR,173,390
CAF,173,391
CAF,173,392
CAF,173,393
CAF,173,394
CAF,173,395
CAF,173,396
CAF,173,397
COD,173,398
COD,173,399
COD,173,400
COD,173,401
COD,173,402
COD,173,403
COD,173,404
COD,173,405
COD,173,406
COD,173,407
COD,173,408
COD,173,409
COD,173,410
COD,173,411
COD,173,412
COD,173,413
COD,173,414
COD,173,415
COD,173,416
COD,173,417
COD,173,418
COD,173,419
COD,173,420
COD,173,421
SSD,173,422
UGA,173,423
SSD,173,424
SSD,173,425
UGA,173,426
UGA,173,427
UGA,173,428
UGA,173,429
KEN,173,430
KEN,173,431
KEN,173,432
KEN,173,433
KEN,173,434
KEN,173,435
KEN,173,436
ETH,173,437
ETH,173,438
ETH,173,439
ETH,173,440
KEN,173,441
KEN,173,442
KEN,173,443
SOM,173,444
SOM,173,445
SOM,173,446
SOM,173,447
SOM,173,448
SOM,173,449
SOM,173,450
SOM,173,451
SOM,173,452
SOM,173,453
SOM,173,454
SOM,173,455
IDN,173,553
IDN,173,554
IDN,173,555
IDN,173,556
IDN,173,557
IDN,173,558
IDN,173,559
MYS,173,562
MYS,173,563
MYS,173,564
MYS,173,565
MYS,173,566
MYS,173,567
IDN,173,577
MYS,173,587
MYS,173,588
MYS,173,589
MYS,173,590
MYS,173,591
IDN,173,592
IDN,173,593
IDN,173,594
IDN,173,595
IDN,173,596
IDN,173,611
IDN,173,612
IDN,173,614
COL,174,205
COL,174,206
COL,174,207
COL,174,208
COL,174,209
COL,174,210
COL,174,211
COL,174,212
COL,174,213
COL,174,214
COL,174,215
COL,174,216
COL,174,217
COL,174,218
COL,174,219
COL,174,220
COL,174,221
COL,174,222
COL,174,223
COL,174,224
COL,174,225
VEN,174,226
VEN,174,227
VEN,174,228
VEN,174,229
VEN,174,230
VEN,174,231
VEN,174,232
BRA,174,233
BRA,174,234
BRA,174,235
BRA,174,236
BRA,174,237
BRA,174,238
BRA,174,239
BRA,174,240
GUY,174,241
GUY,174,242
GUY,174,243
GUY,174,244
GUY,174,245
SUR,174,246
SUR,174,247
SUR,174,248
SUR,174,249
SUR,174,250
SUR,174,251
SUR,174,252
FRA,174,253
FRA,174,254
FRA,174,255
FRA,174,256
BRA,174,257
BRA,174,258
BRA,174,259
GNQ,174,377
GNQ,174,378
CMR,174,380
CMR,174,381
CMR,174,382
CMR,174,383
CMR,174,384
CMR,174,385
CMR,174,386
CMR,174,387
CMR,174,388
CMR,174,389
CMR,174,390
CMR,174,391
CAF,174,392
CAF,174,393
COG,174,394
COG,174,395
COG,174,396
COG,174,397
COD,174,398
COD,174,399
COD,174,400
COD,174,401
COD,174,402
COD,174,403
COD,174,404
COD,174,405
COD,174,406
COD,174,407
COD,174,408
COD,174,409
COD,174,410
COD,174,411
COD,174,412
COD,174,413
COD,174,414
COD,174,415
COD,174,416
COD,174,417
COD,174,418
COD,174,419
COD,174,420
COD,174,421
COD,174,422
UGA,174,423
UGA,174,424
UGA,174,425
UGA,174,426
UGA,174,427
UGA,174,428
UGA,174,429
KEN,174,430
KEN,174,431
KEN,174,432
KEN,174,433
KEN,174,434
KEN,174,435
KEN,174,436
KEN,174,437
KEN,174,438
KEN,174,439
KEN,174,440
KEN,174,441
KEN,174,442
KEN,174,443
SOM,174,444
SOM,174,445
SOM,174,446
SOM,174,447
SOM,174,448
SOM,174,449
SOM,174,450
SOM,174,451
SOM,174,452
SOM,174,453
SOM,174,454
SOM,174,455
IDN,174,555
IDN,174,556
IDN,174,557
IDN,174,558
IDN,174,559
IDN,174,560
MYS,174,563
MYS,174,564
MYS,174,565
MYS,174,566
MYS,174,567
IDN,174,572
IDN,174,573
IDN,174,576
MYS,174,585
MYS,174,586
MYS,174,587
MYS,174,588
MYS,174,589
MYS,174,590
MYS,174,591
IDN,174,592
IDN,174,593
IDN,174,594
IDN,174,595
IDN,174,596
IDN,174,612
PLW,174,623
COL,175,204
COL,175,205
COL,175,206
COL,175,207
COL,175,208
COL,175,209
COL,175,210
COL,175,211
COL,175,212
COL,175,213
COL,175,214
COL,175,215
COL,175,216
COL,175,217
COL,175,218
COL,175,219
COL,175,220
COL,175,221
COL,175,222
COL,175,223
COL,175,224
COL,175,225
VEN,175,226
VEN,175,227
VEN,175,228
VEN,175,229
VEN,175,230
VEN,175,231
VEN,175,232
BRA,175,233
BRA,175,234
BRA,175,235
BRA,175,236
BRA,175,237
BRA,175,238
BRA,175,239
BRA,175,240
GUY,175,241
GUY,175,242
GUY,175,243
GUY,175,244
GUY,175,245
GUY,175,246
SUR,175,247
SUR,175,248
SUR,175,249
SUR,175,250
SUR,175,251
SUR,175,252
FRA,175,253
FRA,175,254
FRA,175,255
BRA,175,256
BRA,175,257
BRA,175,258
BRA,175,259
CMR,175,380
CMR,175,381
CMR,175,382
CMR,175,383
CMR,175,384
CMR,175,385
CMR,175,386
CMR,175,387
CMR,175,388
CMR,175,389
CMR,175,390
CMR,175,391
CMR,175,392
CAF,175,393
COG,175,394
COG,175,395
COG,175,396
COG,175,397
COD,175,398
COD,175,399
COD,175,400
COD,175,401
COD,175,402
COD,175,403
COD,175,404
COD,175,405
COD,175,406
COD,175,407
COD,175,408
COD,175,409
COD,175,410
COD,175,411
COD,175,412
COD,175,413
COD,175,414
COD,175,415
COD,175,416
COD,175,417
COD,175,418
COD,175,419
COD,175,420
COD,175,421
COD,175,422
UGA,175,423
UGA,175,424
UGA,175,425
UGA,175,426
UGA,175,427
UGA,175,428
UGA,175,429
UGA,175,430
KEN,175,431
KEN,175,432
KEN,175,433
KEN,175,434
KEN,175,435
KEN,175,436
KEN,175,437
KEN,175,438
KEN,175,439
KEN,175,440
KEN,175,441
KEN,175,442
SOM,175,443
SOM,175,444
SOM,175,445
SOM,175,446
SOM,175,447
SOM,175,448
SOM,175,449
SOM,175,450
SOM,175,451
SOM,175,452
SOM,175,453
SOM,175,454
IDN,175,552
IDN,175,553
IDN,175,555
IDN,175,556
IDN,175,557
IDN,175,558
IDN,175,559
IDN,175,560
IDN,175,561
MYS,175,563
MYS,175,564
MYS,175,565
MYS,175,566
MYS,175,567
MYS,175,568
MYS,175,569
IDN,175,572
IDN,175,578
IDN,175,579
MYS,175,583
MYS,175,584
MYS,175,585
MYS,175,586
MYS,175,587
MYS,175,588
MYS,175,589
MYS,175,590
IDN,175,591
IDN,175,592
IDN,175,593
IDN,175,594
IDN,175,595
IDN,175,596
IDN,175,611
IDN,175,617
IDN,175,618
KIR,176,46
COL,176,203
COL,176,204
COL,176,205
COL,176,206
COL,176,207
COL,176,208
COL,176,209
COL,176,210
COL,176,211
COL,176,212
COL,176,213
COL,176,214
COL,176,215
COL,176,216
COL,176,217
COL,176,218
COL,176,219
COL,176,220
COL,176,221
COL,176,222
COL,176,223
COL,176,224
COL,176,225
COL,176,226
VEN,176,227
VEN,176,228
VEN,176,229
VEN,176,230
VEN,176,231
VEN,176,232
VEN,176,233
BRA,176,234
BRA,176,235
BRA,176,236
BRA,176,237
BRA,176,238
BRA,176,239
BRA,176,240
GUY,176,241
GUY,176,242
GUY,176,243
GUY,176,244
GUY,176,245
GUY,176,246
SUR,176,247
SUR,176,248
BRA,176,249
BRA,176,250
BRA,176,251
FRA,176,252
BRA,176,253
BRA,176,254
BRA,176,255
BRA,176,256
BRA,176,257
BRA,176,258
BRA,176,259
BRA,176,260
GNQ,176,380
CMR,176,381
CMR,176,382
CMR,176,383
GAB,176,384
GAB,176,385
GAB,176,386
CMR,176,387
CMR,176,388
CMR,176,389
CMR,176,390
CMR,176,391
CMR,176,392
COG,176,393
COG,176,394
COG,176,395
COG,176,396
COD,176,397
COD,176,398
COD,176,399
COD,176,400
COD,176,401
COD,176,402
COD,176,403
COD,176,404
COD,176,405
COD,176,406
COD,176,407
COD,176,408
COD,176,409
COD,176,410
COD,176,411
COD,176,412
COD,176,413
COD,176,414
COD,176,415
COD,176,416
COD,176,417
COD,176,418
COD,176,419
COD,176,420
COD,176,421
COD,176,422
UGA,176,423
UGA,176,424
UGA,176,425
UGA,176,426
UGA,176,427
UGA,176,428
UGA,176,429
UGA,176,430
KEN,176,431
KEN,176,432
KEN,176,433
KEN,176,434
KEN,176,435
KEN,176,436
KEN,176,437
KEN,176,438
KEN,176,439
KEN,176,440
KEN,176,441
KEN,176,442
SOM,176,443
SOM,176,444
SOM,176,445
SOM,176,446
SOM,176,447
SOM,176,448
SOM,176,449
SOM,176,450
SOM,176,451
SOM,176,452
SOM,176,453
IDN,176,553
IDN,176,554
IDN,176,555
IDN,176,556
IDN,176,557
IDN,176,558
IDN,176,559
IDN,176,560
IDN,176,561
IDN,176,562
IDN,176,563
IDN,176,564
MYS,176,565
MYS,176,566
MYS,176,567
MYS,176,568
MYS,176,569
MYS,176,580
MYS,176,583
MYS,176,584
MYS,176,585
MYS,176,586
MYS,176,587
MYS,176,588
MYS,176,589
MYS,176,590
IDN,176,591
IDN,176,592
IDN,176,593
IDN,176,594
IDN,176,595
IDN,176,596
IDN,176,597
IDN,176,611
IDN,176,616
IDN,176,617
IDN,176,618
KIR,176,707
KIR,177,45
KIR,177,46
COL,177,203
COL,177,204
COL,177,205
COL,177,206
COL,177,207
COL,177,208
COL,177,209
COL,177,210
COL,177,211
COL,177,212
COL,177,213
COL,177,214
COL,177,215
COL,177,216
COL,177,217
COL,177,218
COL,177,219
COL,177,220
COL,177,221
BRA,177,222
COL,177,223
BRA,177,224
BRA,177,225
BRA,177,226
VEN,177,227
VEN,177,228
VEN,177,229
VEN,177,230
VEN,177,231
VEN,177,232
BRA,177,233
BRA,177,234
BRA,177,235
BRA,177,236
BRA,177,237
BRA,177,238
BRA,177,239
BRA,177,240
BRA,177,241
GUY,177,242
GUY,177,243
GUY,177,244
GUY,177,245
BRA,177,246
BRA,177,247
BRA,177,248
BRA,177,249
BRA,177,250
BRA,177,251
BRA,177,252
BRA,177,253
BRA,177,254
BRA,177,255
BRA,177,256
BRA,177,257
BRA,177,258
BRA,177,259
BRA,177,260
BRA,177,261
STP,177,375
GNQ,177,380
GNQ,177,381
GNQ,177,382
GNQ,177,383
GAB,177,384
GAB,177,385
GAB,177,386
COG,177,387
COG,177,388
COG,177,389
COG,177,390
COG,177,391
COG,177,392
COG,177,393
COG,177,394
COG,177,395
COG,177,396
COD,177,397
COD,177,398
COD,177,399
COD,177,400
COD,177,401
COD,177,402
COD,177,403
COD,177,404
COD,177,405
COD,177,406
COD,177,407
COD,177,408
COD,177,409
COD,177,410
COD,177,411
COD,177,412
COD,177,413
COD,177,414
COD,177,415
COD,177,416
COD,177,417
COD,177,418
COD,177,419
COD,177,420
COD,177,421
COD,177,422
UGA,177,423
UGA,177,424
UGA,177,425
UGA,177,426
UGA,177,427
UGA,177,428
UGA,177,429
UGA,177,430
KEN,177,431
KEN,177,432
KEN,177,433
KEN,177,434
KEN,177,435
KEN,177,436
KEN,177,437
KEN,177,438
KEN,177,439
KEN,177,440
KEN,177,441
KEN,177,442
SOM,177,443
SOM,177,444
SOM,177,445
SOM,177,446
SOM,177,447
SOM,177,448
SOM,177,449
SOM,177,450
SOM,177,451
MDV,177,507
IDN,177,555
IDN,177,557
IDN,177,558
IDN,177,559
IDN,177,560
IDN,177,561
IDN,177,562
IDN,177,563
IDN,177,564
IDN,177,565
MYS,177,566
MYS,177,567
MYS,177,568
MYS,177,569
IDN,177,579
MYS,177,580
MYS,177,581
MYS,177,582
MYS,177,583
MYS,177,584
MYS,177,585
MYS,177,586
MYS,177,587
MYS,177,588
MYS,177,589
IDN,177,590
IDN,177,591
IDN,177,592
IDN,177,593
IDN,177,594
IDN,177,595
IDN,177,596
IDN,177,597
IDN,177,610
IDN,177,611
IDN,177,616
IDN,177,617
IDN,177,618
KIR,177,707
ECU,178,202
ECU,178,203
COL,178,204
COL,178,205
COL,178,206
COL,178,207
COL,178,208
COL,178,209
COL,178,210
COL,178,211
COL,178,212
COL,178,213
COL,178,214
COL,178,215
COL,178,216
COL,178,217
COL,178,218
COL,178,219
COL,178,220
BRA,178,221
BRA,178,222
BRA,178,223
BRA,178,224
BRA,178,225
BRA,178,226
VEN,178,227
VEN,178,228
VEN,178,229
VEN,178,230
BRA,178,231
BRA,178,232
BRA,178,233
BRA,178,234
BRA,178,235
BRA,178,236
BRA,178,237
BRA,178,238
BRA,178,239
BRA,178,240
BRA,178,241
BRA,178,242
BRA,178,243
BRA,178,244
BRA,178,245
BRA,178,246
BRA,178,247
BRA,178,248
BRA,178,249
BRA,178,250
BRA,178,251
BRA,178,252
BRA,178,253
BRA,178,254
BRA,178,255
BRA,178,256
BRA,178,257
BRA,178,258
BRA,178,259
BRA,178,260
BRA,178,261
GNQ,178,379
GNQ,178,380
GNQ,178,381
GNQ,178,382
GNQ,178,383
GAB,178,384
GAB,178,385
GAB,178,386
GAB,178,387
GAB,178,388
GAB,178,389
COG,178,390
COG,178,391
COG,178,392
COG,178,393
COG,178,394
COG,178,395
COG,178,396
COD,178,397
COD,178,398
COD,178,399
COD,178,400
COD,178,401
COD,178,402
COD,178,403
COD,178,404
COD,178,405
COD,178,406
COD,178,407
COD,178,408
COD,178,409
COD,178,410
COD,178,411
COD,178,412
COD,178,413
COD,178,414
COD,178,415
COD,178,416
COD,178,417
COD,178,418
COD,178,419
COD,178,420
COD,178,421
UGA,178,422
UGA,178,423
UGA,178,424
UGA,178,425
UGA,178,426
UGA,178,427
UGA,178,428
UGA,178,429
KEN,178,430
KEN,178,431
KEN,178,432
KEN,178,433
KEN,178,434
KEN,178,435
KEN,178,436
KEN,178,437
KEN,178,438
KEN,178,439
KEN,178,440
KEN,178,441
KEN,178,442
SOM,178,443
SOM,178,444
SOM,178,445
SOM,178,446
SOM,178,447
SOM,178,448
SOM,178,449
IDN,178,555
IDN,178,556
IDN,178,558
IDN,178,559
IDN,178,560
IDN,178,561
IDN,178,562
IDN,178,563
IDN,178,564
IDN,178,565
IDN,178,566
IDN,178,567
SGP,178,568
IDN,178,569
IDN,178,570
IDN,178,578
IDN,178,579
IDN,178,580
MYS,178,581
MYS,178,582
MYS,178,583
MYS,178,584
IDN,178,585
IDN,178,586
IDN,178,587
IDN,178,588
IDN,178,589
IDN,178,590
IDN,178,591
IDN,178,592
IDN,178,593
IDN,178,594
IDN,178,595
IDN,178,596
IDN,178,597
IDN,178,598
IDN,178,599
IDN,178,601
IDN,178,602
IDN,178,603
IDN,178,604
IDN,178,605
IDN,178,609
IDN,178,610
IDN,178,611
IDN,178,615
IDN,178,616
IDN,178,617
IDN,178,618
ECU,179,179
ECU,179,200
ECU,179,201
ECU,179,202
ECU,179,203
ECU,179,204
ECU,179,205
COL,179,206
COL,179,207
COL,179,208
COL,179,209
COL,179,210
COL,179,211
COL,179,212
COL,179,213
COL,179,214
COL,179,215
COL,179,216
COL,179,217
COL,179,218
COL,179,219
COL,179,220
COL,179,221
BRA,179,222
BRA,179,223
BRA,179,224
BRA,179,225
BRA,179,226
BRA,179,227
BRA,179,228
BRA,179,229
BRA,179,230
BRA,179,231
BRA,179,232
BRA,179,233
BRA,179,234
BRA,179,235
BRA,179,236
BRA,179,237
BRA,179,238
BRA,179,239
BRA,179,240
BRA,179,241
BRA,179,242
BRA,179,243
BRA,179,244
BRA,179,245
BRA,179,246
BRA,179,247
BRA,179,248
BRA,179,249
BRA,179,250
BRA,179,251
BRA,179,252
BRA,179,253
BRA,179,254
BRA,179,255
BRA,179,256
BRA,179,257
BRA,179,258
BRA,179,259
BRA,179,260
,179,261
,179,302
GAB,179,379
GAB,179,380
GAB,179,381
GAB,179,382
GAB,179,383
GAB,179,384
GAB,179,385
GAB,179,386
GAB,179,387
GAB,179,388
GAB,179,389
COG,179,390
COG,179,391
COG,179,392
COG,179,393
COG,179,394
COG,179,395
COG,179,396
COD,179,397
COD,179,398
COD,179,399
COD,179,400
COD,179,401
COD,179,402
COD,179,403
COD,179,404
COD,179,405
COD,179,406
COD,179,407
COD,179,408
COD,179,409
COD,179,410
COD,179,411
COD,179,412
COD,179,413
COD,179,414
COD,179,415
COD,179,416
COD,179,417
COD,179,418
COD,179,419
COD,179,420
UGA,179,421
UGA,179,422
UGA,179,423
UGA,179,424
UGA,179,425
UGA,179,426
UGA,179,427
UGA,179,428
UGA,179,429
KEN,179,430
KEN,179,431
KEN,179,432
KEN,179,433
KEN,179,434
KEN,179,435
KEN,179,436
KEN,179,437
KEN,179,438
KEN,179,439
KEN,179,440
KEN,179,441
KEN,179,442
SOM,179,443
SOM,179,444
SOM,179,445
SOM,179,446
SOM,179,447
SOM,179,448
IDN,179,555
IDN,179,556
IDN,179,559
IDN,179,560
IDN,179,561
IDN,179,562
IDN,179,563
IDN,179,564
IDN,179,565
IDN,179,566
IDN,179,567
IDN,179,568
IDN,179,569
IDN,179,570
IDN,179,578
IDN,179,579
IDN,179,580
IDN,179,581
IDN,179,582
IDN,179,583
IDN,179,584
IDN,179,585
IDN,179,586
IDN,179,587
IDN,179,588
IDN,179,589
IDN,179,590
IDN,179,591
IDN,179,592
IDN,179,593
IDN,179,594
IDN,179,595
IDN,179,596
IDN,179,597
IDN,179,598
IDN,179,601
IDN,179,602
IDN,179,603
IDN,179,604
IDN,179,605
IDN,179,606
IDN,179,607
IDN,179,608
IDN,179,609
IDN,179,610
IDN,179,615
IDN,179,616
IDN,179,617
IDN,179,618
ECU,180,177
ECU,180,178
ECU,180,180
ECU,180,200
ECU,180,201
ECU,180,202
ECU,180,203
ECU,180,204
ECU,180,205
ECU,180,206
ECU,180,207
ECU,180,208
COL,180,209
COL,180,210
COL,180,211
COL,180,212
COL,180,213
COL,180,214
COL,180,215
COL,180,216
COL,180,217
COL,180,218
COL,180,219
COL,180,220
BRA,180,221
BRA,180,222
BRA,180,223
BRA,180,224
BRA,180,225
BRA,180,226
BRA,180,227
BRA,180,228
BRA,180,229
BRA,180,230
BRA,180,231
BRA,180,232
BRA,180,233
BRA,180,234
BRA,180,235
BRA,180,236
BRA,180,237
BRA,180,238
BRA,180,239
BRA,180,240
BRA,180,241
BRA,180,242
BRA,180,243
BRA,180,244
BRA,180,245
BRA,180,246
BRA,180,247
BRA,180,248
BRA,180,249
BRA,180,250
BRA,180,251
BRA,180,252
BRA,180,253
BRA,180,254
BRA,180,255
BRA,180,256
BRA,180,257
BRA,180,258
BRA,180,259
BRA,180,260
BRA,180,261
BRA,180,262
STP,180,374
GAB,180,379
GAB,180,380
GAB,180,381
GAB,180,382
GAB,180,383
GAB,180,384
GAB,180,385
GAB,180,386
GAB,180,387
GAB,180,388
COG,180,389
COG,180,390
COG,180,391
COG,180,392
COG,180,393
COG,180,394
COG,180,395
COG,180,396
COD,180,397
COD,180,398
COD,180,399
COD,180,400
COD,180,401
COD,180,402
COD,180,403
COD,180,404
COD,180,405
COD,180,406
COD,180,407
COD,180,408
COD,180,409
COD,180,410
COD,180,411
COD,180,412
COD,180,413
COD,180,414
COD,180,415
COD,180,416
COD,180,417
COD,180,418
COD,180,419
COD,180,420
UGA,180,421
UGA,180,422
UGA,180,423
UGA,180,424
UGA,180,425
UGA,180,426
UGA,180,427
UGA,180,428
KEN,180,429
KEN,180,430
KEN,180,431
KEN,180,432
KEN,180,433
KEN,180,434
KEN,180,435
KEN,180,436
KEN,180,437
KEN,180,438
KEN,180,439
KEN,180,440
KEN,180,441
KEN,180,442
SOM,180,443
SOM,180,444
SOM,180,445
SOM,180,446
SOM,180,447
IDN,180,557
IDN,180,558
IDN,180,559
IDN,180,560
IDN,180,561
IDN,180,562
IDN,180,563
IDN,180,564
IDN,180,565
IDN,180,566
IDN,180,567
IDN,180,568
IDN,180,569
IDN,180,570
IDN,180,578
IDN,180,579
IDN,180,580
IDN,180,581
IDN,180,582
IDN,180,583
IDN,180,584
IDN,180,585
IDN,180,586
IDN,180,587
IDN,180,588
IDN,180,589
IDN,180,590
IDN,180,591
IDN,180,592
IDN,180,593
IDN,180,594
IDN,180,595
IDN,180,596
IDN,180,600
IDN,180,601
IDN,180,602
IDN,180,603
IDN,180,604
IDN,180,607
IDN,180,608
IDN,180,609
IDN,180,615
IDN,180,616
IDN,180,617
IDN,180,618
IDN,180,619
KIR,180,708
ECU,181,177
ECU,181,178
ECU,181,179
ECU,181,180
ECU,181,200
ECU,181,201
ECU,181,202
ECU,181,203
ECU,181,204
ECU,181,205
ECU,181,206
ECU,181,207
ECU,181,208
ECU,181,209
PER,181,210
COL,181,211
COL,181,212
COL,181,213
COL,181,214
COL,181,215
COL,181,216
COL,181,217
COL,181,218
COL,181,219
COL,181,220
BRA,181,221
BRA,181,222
BRA,181,223
BRA,181,224
BRA,181,225
BRA,181,226
BRA,181,227
BRA,181,228
BRA,181,229
BRA,181,230
BRA,181,231
BRA,181,232
BRA,181,233
BRA,181,234
BRA,181,235
BRA,181,236
BRA,181,237
BRA,181,238
BRA,181,239
BRA,181,240
BRA,181,241
BRA,181,242
BRA,181,243
BRA,181,244
BRA,181,245
BRA,181,246
BRA,181,247
BRA,181,248
BRA,181,249
BRA,181,250
BRA,181,251
BRA,181,252
BRA,181,253
BRA,181,254
BRA,181,255
BRA,181,256
BRA,181,257
BRA,181,258
BRA,181,259
BRA,181,260
BRA,181,261
BRA,181,262
BRA,181,263
BRA,181,264
GAB,181,379
GAB,181,380
GAB,181,381
GAB,181,382
GAB,181,383
GAB,181,384
GAB,181,385
GAB,181,386
GAB,181,387
GAB,181,388
COG,181,389
COG,181,390
COG,181,391
COG,181,392
COG,181,393
COG,181,394
COG,181,395
COD,181,396
COD,181,397
COD,181,398
COD,181,399
COD,181,400
COD,181,401
COD,181,402
COD,181,403
COD,181,404
COD,181,405
COD,181,406
COD,181,407
COD,181,408
COD,181,409
COD,181,410
COD,181,411
COD,181,412
COD,181,413
COD,181,414
COD,181,415
COD,181,416
COD,181,417
COD,181,418
COD,181,419
UGA,181,420
UGA,181,421
UGA,181,422
UGA,181,423
UGA,181,424
UGA,181,425
UGA,181,426
UGA,181,427
UGA,181,428
KEN,181,429
KEN,181,430
KEN,181,431
KEN,181,432
KEN,181,433
KEN,181,434
KEN,181,435
KEN,181,436
KEN,181,437
KEN,181,438
KEN,181,439
KEN,181,440
KEN,181,441
KEN,181,442
SOM,181,443
SOM,181,444
SOM,181,445
SOM,181,446
IDN,181,557
IDN,181,558
IDN,181,560
IDN,181,561
IDN,181,562
IDN,181,563
IDN,181,564
IDN,181,565
IDN,181,566
IDN,181,567
IDN,181,568
IDN,181,569
IDN,181,570
IDN,181,579
IDN,181,580
IDN,181,581
IDN,181,582
IDN,181,583
IDN,181,584
IDN,181,585
IDN,181,586
IDN,181,587
IDN,181,588
IDN,181,589
IDN,181,590
IDN,181,591
IDN,181,592
IDN,181,593
IDN,181,594
IDN,181,595
IDN,181,596
IDN,181,600
IDN,181,601
IDN,181,604
IDN,181,605
IDN,181,615
IDN,181,616
IDN,181,617
IDN,181,619
IDN,181,620
IDN,181,621
IDN,181,622
IDN,181,623
IDN,181,625
IDN,181,626
IDN,181,627
NRU,181,694
ECU,182,178
ECU,182,179
ECU,182,180
ECU,182,181
ECU,182,182
ECU,182,199
ECU,182,200
ECU,182,201
ECU,182,202
ECU,182,203
ECU,182,204
ECU,182,205
ECU,182,206
ECU,182,207
ECU,182,208
ECU,182,209
PER,182,210
PER,182,211
COL,182,212
COL,182,213
COL,182,214
COL,182,215
COL,182,216
COL,182,217
COL,182,218
COL,182,219
COL,182,220
COL,182,221
BRA,182,222
BRA,182,223
BRA,182,224
BRA,182,225
BRA,182,226
BRA,182,227
BRA,182,228
BRA,182,229
BRA,182,230
BRA,182,231
BRA,182,232
BRA,182,233
BRA,182,234
BRA,182,235
BRA,182,236
BRA,182,237
BRA,182,238
BRA,182,239
BRA,182,240
BRA,182,241
BRA,182,242
BRA,182,243
BRA,182,244
BRA,182,245
BRA,182,246
BRA,182,247
BRA,182,248
BRA,182,249
BRA,182,250
BRA,182,251
BRA,182,252
BRA,182,253
BRA,182,254
BRA,182,255
BRA,182,256
BRA,182,257
BRA,182,258
BRA,182,259
BRA,182,260
BRA,182,261
BRA,182,262
BRA,182,263
BRA,182,264
BRA,182,265
BRA,182,266
BRA,182,267
BRA,182,268
GAB,182,378
GAB,182,379
GAB,182,380
GAB,182,381
GAB,182,382
GAB,182,383
GAB,182,384
GAB,182,385
GAB,182,386
GAB,182,387
GAB,182,388
GAB,182,389
COG,182,390
COG,182,391
COG,182,392
COG,182,393
COG,182,394
COG,182,395
COD,182,396
COD,182,397
COD,182,398
COD,182,399
COD,182,400
COD,182,401
COD,182,402
COD,182,403
COD,182,404
COD,182,405
COD,182,406
COD,182,407
COD,182,408
COD,182,409
COD,182,410
COD,182,411
COD,182,412
COD,182,413
COD,182,414
COD,182,415
COD,182,416
COD,182,417
COD,182,418
COD,182,419
UGA,182,420
UGA,182,421
UGA,182,422
UGA,182,423
UGA,182,424
UGA,182,425
UGA,182,426
UGA,182,427
UGA,182,428
KEN,182,429
KEN,182,430
KEN,182,431
KEN,182,432
KEN,182,433
KEN,182,434
KEN,182,435
KEN,182,436
KEN,182,437
KEN,182,438
KEN,182,439
KEN,182,440
KEN,182,441
KEN,182,442
SOM,182,443
SOM,182,444
SOM,182,445
IDN,182,557
IDN,182,558
IDN,182,561
IDN,182,562
IDN,182,563
IDN,182,564
IDN,182,565
IDN,182,566
IDN,182,567
IDN,182,568
IDN,182,569
IDN,182,570
IDN,182,579
IDN,182,580
IDN,182,581
IDN,182,582
IDN,182,583
IDN,182,584
IDN,182,585
IDN,182,586
IDN,182,587
IDN,182,588
IDN,182,589
IDN,182,590
IDN,182,591
IDN,182,592
IDN,182,593
IDN,182,594
IDN,182,595
IDN,182,596
IDN,182,600
IDN,182,601
IDN,182,602
IDN,182,603
IDN,182,604
IDN,182,605
IDN,182,606
IDN,182,607
IDN,182,615
IDN,182,616
IDN,182,617
IDN,182,621
IDN,182,622
IDN,182,623
IDN,182,624
IDN,182,625
IDN,182,626
IDN,182,627
IDN,182,628
IDN,182,629
IDN,182,630
IDN,182,631
IDN,182,632
IDN,182,633
KIR,182,709
ECU,183,180
ECU,183,181
ECU,183,199
ECU,183,200
ECU,183,201
ECU,183,202
ECU,183,203
ECU,183,204
ECU,183,205
ECU,183,206
ECU,183,207
ECU,183,208
ECU,183,209
PER,183,210
PER,183,211
PER,183,212
PER,183,213
COL,183,214
COL,183,215
COL,183,216
COL,183,217
COL,183,218
COL,183,219
COL,183,220
COL,183,221
BRA,183,222
BRA,183,223
BRA,183,224
BRA,183,225
BRA,183,226
BRA,183,227
BRA,183,228
BRA,183,229
BRA,183,230
BRA,183,231
BRA,183,232
BRA,183,233
BRA,183,234
BRA,183,235
BRA,183,236
BRA,183,237
BRA,183,238
BRA,183,239
BRA,183,240
BRA,183,241
BRA,183,242
BRA,183,243
BRA,183,244
BRA,183,245
BRA,183,246
BRA,183,247
BRA,183,248
BRA,183,249
BRA,183,250
BRA,183,251
BRA,183,252
BRA,183,253
BRA,183,254
BRA,183,255
BRA,183,256
BRA,183,257
BRA,183,258
BRA,183,259
BRA,183,260
BRA,183,261
BRA,183,262
BRA,183,263
BRA,183,264
BRA,183,265
BRA,183,266
BRA,183,267
BRA,183,268
BRA,183,269
BRA,183,270
BRA,183,271
GAB,183,378
GAB,183,379
GAB,183,380
GAB,183,381
GAB,183,382
GAB,183,383
GAB,183,384
GAB,183,385
GAB,183,386
GAB,183,387
GAB,183,388
GAB,183,389
COG,183,390
COG,183,391
COG,183,392
COG,183,393
COG,183,394
COD,183,395
COD,183,396
COD,183,397
COD,183,398
COD,183,399
COD,183,400
COD,183,401
COD,183,402
COD,183,403
COD,183,404
COD,183,405
COD,183,406
COD,183,407
COD,183,408
COD,183,409
COD,183,410
COD,183,411
COD,183,412
COD,183,413
COD,183,414
COD,183,415
COD,183,416
COD,183,417
COD,183,418
COD,183,419
UGA,183,420
RWA,183,421
TZA,183,422
TZA,183,423
TZA,183,424
TZA,183,425
TZA,183,426
TZA,183,427
TZA,183,428
TZA,183,429
KEN,183,430
KEN,183,431
KEN,183,432
KEN,183,433
KEN,183,434
KEN,183,435
KEN,183,436
KEN,183,437
KEN,183,438
KEN,183,439
KEN,183,440
KEN,183,441
KEN,183,442
KEN,183,443
SOM,183,444
IDN,183,558
IDN,183,559
IDN,183,561
IDN,183,562
IDN,183,563
IDN,183,564
IDN,183,565
IDN,183,566
IDN,183,567
IDN,183,568
IDN,183,569
IDN,183,572
IDN,183,579
IDN,183,580
IDN,183,581
IDN,183,582
IDN,183,583
IDN,183,584
IDN,183,585
IDN,183,586
IDN,183,587
IDN,183,588
IDN,183,589
IDN,183,590
IDN,183,591
IDN,183,592
IDN,183,593
IDN,183,594
IDN,183,595
IDN,183,599
IDN,183,600
IDN,183,601
IDN,183,602
IDN,183,603
IDN,183,604
IDN,183,605
IDN,183,606
IDN,183,607
IDN,183,608
IDN,183,615
IDN,183,616
IDN,183,617
IDN,183,620
IDN,183,622
IDN,183,623
IDN,183,624
IDN,183,625
IDN,183,626
IDN,183,627
IDN,183,628
IDN,183,629
IDN,183,630
IDN,183,631
IDN,183,632
IDN,183,633
IDN,183,636
PNG,183,660
KIR,183,711
KIR,183,713
ECU,184,199
ECU,184,200
ECU,184,201
ECU,184,202
ECU,184,203
ECU,184,204
ECU,184,205
ECU,184,206
ECU,184,207
ECU,184,208
PER,184,209
PER,184,210
PER,184,211
PER,184,212
PER,184,213
COL,184,214
COL,184,215
COL,184,216
COL,184,217
COL,184,218
COL,184,219
COL,184,220
COL,184,221
BRA,184,222
BRA,184,223
BRA,184,224
BRA,184,225
BRA,184,226
BRA,184,227
BRA,184,228
BRA,184,229
BRA,184,230
BRA,184,231
BRA,184,232
BRA,184,233
BRA,184,234
BRA,184,235
BRA,184,236
BRA,184,237
BRA,184,238
BRA,184,239
BRA,184,240
BRA,184,241
BRA,184,242
BRA,184,243
BRA,184,244
BRA,184,245
BRA,184,246
BRA,184,247
BRA,184,248
BRA,184,249
BRA,184,250
BRA,184,251
BRA,184,252
BRA,184,253
BRA,184,254
BRA,184,255
BRA,184,256
BRA,184,257
BRA,184,258
BRA,184,259
BRA,184,260
BRA,184,261
BRA,184,262
BRA,184,263
BRA,184,264
BRA,184,265
BRA,184,266
BRA,184,267
BRA,184,268
BRA,184,269
BRA,184,270
BRA,184,271
BRA,184,272
GAB,184,379
GAB,184,380
GAB,184,381
GAB,184,382
GAB,184,383
GAB,184,384
GAB,184,385
GAB,184,386
GAB,184,387
GAB,184,388
GAB,184,389
COG,184,390
COG,184,391
COG,184,392
COG,184,393
COD,184,394
COD,184,395
COD,184,396
COD,184,397
COD,184,398
COD,184,399
COD,184,400
COD,184,401
COD,184,402
COD,184,403
COD,184,404
COD,184,405
COD,184,406
COD,184,407
COD,184,408
COD,184,409
COD,184,410
COD,184,411
COD,184,412
COD,184,413
COD,184,414
COD,184,415
COD,184,416
COD,184,417
COD,184,418
RWA,184,419
RWA,184,420
RWA,184,421
RWA,184,422
TZA,184,423
TZA,184,424
TZA,184,425
TZA,184,426
TZA,184,427
TZA,184,428
TZA,184,429
TZA,184,430
TZA,184,431
KEN,184,432
KEN,184,433
KEN,184,434
KEN,184,435
KEN,184,436
KEN,184,437
KEN,184,438
KEN,184,439
KEN,184,440
KEN,184,441
KEN,184,442
KEN,184,443
SOM,184,444
IDN,184,558
IDN,184,559
IDN,184,562
IDN,184,563
IDN,184,564
IDN,184,565
IDN,184,566
IDN,184,567
IDN,184,568
IDN,184,569
IDN,184,570
IDN,184,571
IDN,184,572
IDN,184,573
IDN,184,578
IDN,184,580
IDN,184,581
IDN,184,582
IDN,184,583
IDN,184,584
IDN,184,585
IDN,184,586
IDN,184,587
IDN,184,588
IDN,184,589
IDN,184,590
IDN,184,591
IDN,184,592
IDN,184,593
IDN,184,594
IDN,184,599
IDN,184,600
IDN,184,601
IDN,184,602
IDN,184,603
IDN,184,604
IDN,184,605
IDN,184,606
IDN,184,607
IDN,184,608
IDN,184,609
IDN,184,610
IDN,184,611
IDN,184,612
IDN,184,613
IDN,184,615
IDN,184,616
IDN,184,617
IDN,184,620
IDN,184,621
IDN,184,624
IDN,184,625
IDN,184,626
IDN,184,627
IDN,184,628
IDN,184,629
IDN,184,631
IDN,184,632
IDN,184,633
IDN,184,634
IDN,184,635
IDN,184,636
IDN,184,637
IDN,184,638
IDN,184,639
PNG,184,646
PNG,184,654
PNG,184,655
PNG,184,660
ECU,185,199
ECU,185,200
ECU,185,201
ECU,185,202
ECU,185,203
ECU,185,204
ECU,185,205
ECU,185,206
ECU,185,207
PER,185,208
PER,185,209
PER,185,210
PER,185,211
PER,185,212
PER,185,213
PER,185,214
COL,185,215
COL,185,216
PER,185,217
COL,185,218
COL,185,219
COL,185,220
COL,185,221
BRA,185,222
BRA,185,223
BRA,185,224
BRA,185,225
BRA,185,226
BRA,185,227
BRA,185,228
BRA,185,229
BRA,185,230
BRA,185,231
BRA,185,232
BRA,185,233
BRA,185,234
BRA,185,235
BRA,185,236
BRA,185,237
BRA,185,238
BRA,185,239
BRA,185,240
BRA,185,241
BRA,185,242
BRA,185,243
BRA,185,244
BRA,185,245
BRA,185,246
BRA,185,247
BRA,185,248
BRA,185,249
BRA,185,250
BRA,185,251
BRA,185,252
BRA,185,253
BRA,185,254
BRA,185,255
BRA,185,256
BRA,185,257
BRA,185,258
BRA,185,259
BRA,185,260
BRA,185,261
BRA,185,262
BRA,185,263
BRA,185,264
BRA,185,265
BRA,185,266
BRA,185,267
BRA,185,268
BRA,185,269
BRA,185,270
BRA,185,271
BRA,185,272
BRA,185,273
BRA,185,274
BRA,185,275
GAB,185,379
GAB,185,380
GAB,185,381
GAB,185,382
GAB,185,383
GAB,185,384
GAB,185,385
COG,185,386
GAB,185,387
GAB,185,388
COG,185,389
COG,185,390
COG,185,391
COG,185,392
COD,185,393
COD,185,394
COD,185,395
COD,185,396
COD,185,397
COD,185,398
COD,185,399
COD,185,400
COD,185,401
COD,185,402
COD,185,403
COD,185,404
COD,185,405
COD,185,406
COD,185,407
COD,185,408
COD,185,409
COD,185,410
COD,185,411
COD,185,412
COD,185,413
COD,185,414
COD,185,415
COD,185,416
COD,185,417
COD,185,418
RWA,185,419
RWA,185,420
RWA,185,421
RWA,185,422
TZA,185,423
TZA,185,424
TZA,185,425
TZA,185,426
TZA,185,427
TZA,185,428
TZA,185,429
TZA,185,430
TZA,185,431
TZA,185,432
TZA,185,433
KEN,185,434
KEN,185,435
KEN,185,436
KEN,185,437
KEN,185,438
KEN,185,439
KEN,185,440
KEN,185,441
KEN,185,442
KEN,185,443
IDN,185,560
IDN,185,561
IDN,185,562
IDN,185,563
IDN,185,564
IDN,185,565
IDN,185,566
IDN,185,567
IDN,185,568
IDN,185,569
IDN,185,570
IDN,185,571
IDN,185,572
IDN,185,573
IDN,185,574
IDN,185,581
IDN,185,582
IDN,185,583
IDN,185,584
IDN,185,585
IDN,185,586
IDN,185,587
IDN,185,588
IDN,185,589
IDN,185,590
IDN,185,591
IDN,185,592
IDN,185,593
IDN,185,594
IDN,185,599
IDN,185,600
IDN,185,601
IDN,185,602
IDN,185,603
IDN,185,604
IDN,185,608
IDN,185,612
IDN,185,613
IDN,185,621
IDN,185,625
IDN,185,626
IDN,185,627
IDN,185,628
IDN,185,629
IDN,185,630
IDN,185,633
IDN,185,634
IDN,185,635
IDN,185,636
IDN,185,637
IDN,185,638
IDN,185,639
IDN,185,640
IDN,185,641
IDN,185,642
PNG,185,654
PNG,185,655
PNG,185,656
PNG,185,661
KIR,186,17
ECU,186,200
ECU,186,201
ECU,186,202
ECU,186,203
ECU,186,204
ECU,186,205
ECU,186,206
PER,186,207
PER,186,208
PER,186,209
PER,186,210
PER,186,211
PER,186,212
PER,186,213
PER,186,214
PER,186,215
PER,186,216
PER,186,217
PER,186,218
PER,186,219
PER,186,220
COL,186,221
BRA,186,222
BRA,186,223
BRA,186,224
BRA,186,225
BRA,186,226
BRA,186,227
BRA,186,228
BRA,186,229
BRA,186,230
BRA,186,231
BRA,186,232
BRA,186,233
BRA,186,234
BRA,186,235
BRA,186,236
BRA,186,237
BRA,186,238
BRA,186,239
BRA,186,240
BRA,186,241
BRA,186,242
BRA,186,243
BRA,186,244
BRA,186,245
BRA,186,246
BRA,186,247
BRA,186,248
BRA,186,249
BRA,186,250
BRA,186,251
BRA,186,252
BRA,186,253
BRA,186,254
BRA,186,255
BRA,186,256
BRA,186,257
BRA,186,258
BRA,186,259
BRA,186,260
BRA,186,261
BRA,186,262
BRA,186,263
BRA,186,264
BRA,186,265
BRA,186,266
BRA,186,267
BRA,186,268
BRA,186,269
BRA,186,270
BRA,186,271
BRA,186,272
BRA,186,273
BRA,186,274
BRA,186,275
BRA,186,276
BRA,186,277
BRA,186,278
BRA,186,279
BRA,186,280
BRA,186,281
GAB,186,380
GAB,186,381
GAB,186,382
GAB,186,383
COG,186,384
COG,186,385
COG,186,386
COG,186,387
COG,186,388
COG,186,389
COG,186,390
COG,186,391
COG,186,392
COD,186,393
COD,186,394
COD,186,395
COD,186,396
COD,186,397
COD,186,398
COD,186,399
COD,186,400
COD,186,401
COD,186,402
COD,186,403
COD,186,404
COD,186,405
COD,186,406
COD,186,407
COD,186,408
COD,186,409
COD,186,410
COD,186,411
COD,186,412
COD,186,413
COD,186,414
COD,186,415
COD,186,416
COD,186,417
COD,186,418
BDI,186,419
BDI,186,420
BDI,186,421
TZA,186,422
TZA,186,423
TZA,186,424
TZA,186,425
TZA,186,426
TZA,186,427
TZA,186,428
TZA,186,429
TZA,186,430
TZA,186,431
TZA,186,432
TZA,186,433
TZA,186,434
KEN,186,435
KEN,186,436
KEN,186,437
KEN,186,438
KEN,186,439
KEN,186,440
KEN,186,441
IDN,186,561
IDN,186,563
IDN,186,564
IDN,186,565
IDN,186,566
IDN,186,567
IDN,186,568
IDN,186,569
IDN,186,570
IDN,186,571
IDN,186,572
IDN,186,573
IDN,186,574
IDN,186,575
IDN,186,576
IDN,186,577
IDN,186,581
IDN,186,582
IDN,186,583
IDN,186,584
IDN,186,585
IDN,186,586
IDN,186,587
IDN,186,588
IDN,186,589
IDN,186,590
IDN,186,591
IDN,186,592
IDN,186,593
IDN,186,594
IDN,186,598
IDN,186,599
IDN,186,600
IDN,186,601
IDN,186,602
IDN,186,603
IDN,186,604
IDN,186,605
IDN,186,616
IDN,186,617
IDN,186,618
IDN,186,619
IDN,186,620
IDN,186,621
IDN,186,624
IDN,186,625
IDN,186,626
IDN,186,627
IDN,186,628
IDN,186,629
IDN,186,630
IDN,186,632
IDN,186,633
IDN,186,634
IDN,186,635
IDN,186,636
IDN,186,637
IDN,186,638
IDN,186,639
IDN,186,640
IDN,186,641
IDN,186,642
PNG,186,643
PNG,186,644
PNG,186,645
PNG,186,661
PNG,186,662
PNG,186,663
PNG,186,664
PNG,186,665
ECU,187,200
ECU,187,201
ECU,187,202
ECU,187,203
ECU,187,204
PER,187,205
PER,187,206
PER,187,207
PER,187,208
PER,187,209
PER,187,210
PER,187,211
PER,187,212
PER,187,213
PER,187,214
PER,187,215
PER,187,216
PER,187,217
PER,187,218
PER,187,219
COL,187,220
BRA,187,221
BRA,187,222
BRA,187,223
BRA,187,224
BRA,187,225
BRA,187,226
BRA,187,227
BRA,187,228
BRA,187,229
BRA,187,230
BRA,187,231
BRA,187,232
BRA,187,233
BRA,187,234
BRA,187,235
BRA,187,236
BRA,187,237
BRA,187,238
BRA,187,239
BRA,187,240
BRA,187,241
BRA,187,242
BRA,187,243
BRA,187,244
BRA,187,245
BRA,187,246
BRA,187,247
BRA,187,248
BRA,187,249
BRA,187,250
BRA,187,251
BRA,187,252
BRA,187,253
BRA,187,254
BRA,187,255
BRA,187,256
BRA,187,257
BRA,187,258
BRA,187,259
BRA,187,260
BRA,187,261
BRA,187,262
BRA,187,263
BRA,187,264
BRA,187,265
BRA,187,266
BRA,187,267
BRA,187,268
BRA,187,269
BRA,187,270
BRA,187,271
BRA,187,272
BRA,187,273
BRA,187,274
BRA,187,275
BRA,187,276
BRA,187,277
BRA,187,278
BRA,187,279
BRA,187,280
BRA,187,281
BRA,187,282
BRA,187,283
GAB,187,381
GAB,187,382
GAB,187,383
GAB,187,384
COG,187,385
COG,187,386
COG,187,387
COG,187,388
COG,187,389
COG,187,390
COG,187,391
COG,187,392
COD,187,393
COD,187,394
COD,187,395
COD,187,396
COD,187,397
COD,187,398
COD,187,399
COD,187,400
COD,187,401
COD,187,402
COD,187,403
COD,187,404
COD,187,405
COD,187,406
COD,187,407
COD,187,408
COD,187,409
COD,187,410
COD,187,411
COD,187,412
COD,187,413
COD,187,414
COD,187,415
COD,187,416
COD,187,417
COD,187,418
BDI,187,419
BDI,187,420
BDI,187,421
TZA,187,422
TZA,187,423
TZA,187,424
TZA,187,425
TZA,187,426
TZA,187,427
TZA,187,428
TZA,187,429
TZA,187,430
TZA,187,431
TZA,187,432
TZA,187,433
TZA,187,434
TZA,187,435
KEN,187,436
KEN,187,437
KEN,187,438
KEN,187,439
KEN,187,440
KEN,187,441
IDN,187,561
IDN,187,562
IDN,187,564
IDN,187,565
IDN,187,566
IDN,187,567
IDN,187,568
IDN,187,569
IDN,187,570
IDN,187,571
IDN,187,572
IDN,187,573
IDN,187,574
IDN,187,576
IDN,187,577
IDN,187,582
IDN,187,583
IDN,187,584
IDN,187,585
IDN,187,586
IDN,187,587
IDN,187,588
IDN,187,589
IDN,187,590
IDN,187,591
IDN,187,592
IDN,187,593
IDN,187,598
IDN,187,599
IDN,187,600
IDN,187,601
IDN,187,602
IDN,187,603
IDN,187,604
IDN,187,605
IDN,187,613
IDN,187,614
IDN,187,615
IDN,187,616
IDN,187,617
IDN,187,618
IDN,187,619
IDN,187,620
IDN,187,621
IDN,187,622
IDN,187,626
IDN,187,627
IDN,187,628
IDN,187,629
IDN,187,630
IDN,187,631
IDN,187,632
IDN,187,633
IDN,187,634
IDN,187,635
IDN,187,636
IDN,187,637
IDN,187,638
IDN,187,639
IDN,187,640
IDN,187,641
IDN,187,642
PNG,187,643
PNG,187,644
PNG,187,645
PNG,187,646
PNG,187,647
PNG,187,648
PNG,187,649
PNG,187,650
PNG,187,663
PNG,187,664
PNG,187,665
PNG,187,666
PNG,187,670
PER,188,199
PER,188,200
ECU,188,201
ECU,188,202
ECU,188,203
PER,188,204
PER,188,205
PER,188,206
PER,188,207
PER,188,208
PER,188,209
PER,188,210
PER,188,211
PER,188,212
PER,188,213
PER,188,214
PER,188,215
PER,188,216
PER,188,217
PER,188,218
PER,188,219
COL,188,220
BRA,188,221
BRA,188,222
BRA,188,223
BRA,188,224
BRA,188,225
BRA,188,226
BRA,188,227
BRA,188,228
BRA,188,229
BRA,188,230
BRA,188,231
BRA,188,232
BRA,188,233
BRA,188,234
BRA,188,235
BRA,188,236
BRA,188,237
BRA,188,238
BRA,188,239
BRA,188,240
BRA,188,241
BRA,188,242
BRA,188,243
BRA,188,244
BRA,188,245
BRA,188,246
BRA,188,247
BRA,188,248
BRA,188,249
BRA,188,250
BRA,188,251
BRA,188,252
BRA,188,253
BRA,188,254
BRA,188,255
BRA,188,256
BRA,188,257
BRA,188,258
BRA,188,259
BRA,188,260
BRA,188,261
BRA,188,262
BRA,188,263
BRA,188,264
BRA,188,265
BRA,188,266
BRA,188,267
BRA,188,268
BRA,188,269
BRA,188,270
BRA,188,271
BRA,188,272
BRA,188,273
BRA,188,274
BRA,188,275
BRA,188,276
BRA,188,277
BRA,188,278
BRA,188,279
BRA,188,280
BRA,188,281
BRA,188,282
BRA,188,283
BRA,188,284
,188,296
GAB,188,382
COG,188,383
COG,188,384
COG,188,385
COG,188,386
COG,188,387
COG,188,388
COG,188,389
COG,188,390
COG,188,391
COG,188,392
COD,188,393
COD,188,394
COD,188,395
COD,188,396
COD,188,397
COD,188,398
COD,188,399
COD,188,400
COD,188,401
COD,188,402
COD,188,403
COD,188,404
COD,188,405
COD,188,406
COD,188,407
COD,188,408
COD,188,409
COD,188,410
COD,188,411
COD,188,412
COD,188,413
COD,188,414
COD,188,415
COD,188,416
COD,188,417
COD,188,418
COD,188,419
BDI,188,420
BDI,188,421
TZA,188,422
TZA,188,423
TZA,188,424
TZA,188,425
TZA,188,426
TZA,188,427
TZA,188,428
TZA,188,429
TZA,188,430
TZA,188,431
TZA,188,432
TZA,188,433
TZA,188,434
TZA,188,435
TZA,188,436
KEN,188,437
KEN,188,438
KEN,188,439
KEN,188,440
IDN,188,565
IDN,188,566
IDN,188,567
IDN,188,568
IDN,188,569
IDN,188,570
IDN,188,571
IDN,188,572
IDN,188,584
IDN,188,590
IDN,188,591
IDN,188,592
IDN,188,593
IDN,188,598
IDN,188,599
IDN,188,600
IDN,188,601
IDN,188,602
IDN,188,603
IDN,188,604
IDN,188,605
IDN,188,606
IDN,188,607
IDN,188,613
IDN,188,614
IDN,188,615
IDN,188,616
IDN,188,617
IDN,188,618
IDN,188,621
IDN,188,622
IDN,188,623
IDN,188,626
IDN,188,627
IDN,188,628
IDN,188,629
IDN,188,630
IDN,188,631
IDN,188,632
IDN,188,633
IDN,188,634
IDN,188,635
IDN,188,636
IDN,188,637
IDN,188,638
IDN,188,639
IDN,188,640
IDN,188,641
IDN,188,642
PNG,188,643
PNG,188,644
PNG,188,645
PNG,188,646
PNG,188,647
PNG,188,648
PNG,188,649
PNG,188,650
PNG,188,665
PNG,188,666
KIR,189,18
KIR,189,51
PER,189,198
PER,189,199
ECU,189,200
ECU,189,201
ECU,189,202
ECU,189,203
PER,189,204
PER,189,205
PER,189,206
PER,189,207
PER,189,208
PER,189,209
PER,189,210
PER,189,211
PER,189,212
PER,189,213
PER,189,214
PER,189,215
PER,189,216
PER,189,217
PER,189,218
BRA,189,219
BRA,189,220
BRA,189,221
BRA,189,222
BRA,189,223
BRA,189,224
BRA,189,225
BRA,189,226
BRA,189,227
BRA,189,228
BRA,189,229
BRA,189,230
BRA,189,231
BRA,189,232
BRA,189,233
BRA,189,234
BRA,189,235
BRA,189,236
BRA,189,237
BRA,189,238
BRA,189,239
BRA,189,240
BRA,189,241
BRA,189,242
BRA,189,243
BRA,189,244
BRA,189,245
BRA,189,246
BRA,189,247
BRA,189,248
BRA,189,249
BRA,189,250
BRA,189,251
BRA,189,252
BRA,189,253
BRA,189,254
BRA,189,255
BRA,189,256
BRA,189,257
BRA,189,258
BRA,189,259
BRA,189,260
BRA,189,261
BRA,189,262
BRA,189,263
BRA,189,264
BRA,189,265
BRA,189,266
BRA,189,267
BRA,189,268
BRA,189,269
BRA,189,270
BRA,189,271
BRA,189,272
BRA,189,273
BRA,189,274
BRA,189,275
BRA,189,276
BRA,189,277
BRA,189,278
BRA,189,279
BRA,189,280
BRA,189,281
BRA,189,282
BRA,189,283
BRA,189,284
BRA,189,285
COG,189,383
COG,189,384
COG,189,385
COG,189,386
COG,189,387
COG,189,388
COG,189,389
COG,189,390
COG,189,391
COD,189,392
COD,189,393
COD,189,394
COD,189,395
COD,189,396
COD,189,397
COD,189,398
COD,189,399
COD,189,400
COD,189,401
COD,189,402
COD,189,403
COD,189,404
COD,189,405
COD,189,406
COD,189,407
COD,189,408
COD,189,409
COD,189,410
COD,189,411
COD,189,412
COD,189,413
COD,189,414
COD,189,415
COD,189,416
COD,189,417
COD,189,418
COD,189,419
BDI,189,420
TZA,189,421
TZA,189,422
TZA,189,423
TZA,189,424
TZA,189,425
TZA,189,426
TZA,189,427
TZA,189,428
TZA,189,429
TZA,189,430
TZA,189,431
TZA,189,432
TZA,189,433
TZA,189,434
TZA,189,435
TZA,189,436
TZA,189,437
KEN,189,438
KEN,189,439
KEN,189,440
SYC,189,471
SYC,189,472
IDN,189,565
IDN,189,566
IDN,189,567
IDN,189,568
IDN,189,569
IDN,189,570
IDN,189,571
IDN,189,572
IDN,189,590
IDN,189,593
IDN,189,600
IDN,189,601
IDN,189,604
IDN,189,605
IDN,189,606
IDN,189,607
IDN,189,623
IDN,189,624
IDN,189,626
IDN,189,627
IDN,189,630
IDN,189,631
IDN,189,632
IDN,189,633
IDN,189,634
IDN,189,635
IDN,189,636
IDN,189,637
IDN,189,638
IDN,189,639
IDN,189,640
IDN,189,641
IDN,189,642
PNG,189,643
PNG,189,644
PNG,189,645
PNG,189,646
PNG,189,647
PNG,189,648
PNG,189,649
PNG,189,650
PNG,189,651
PNG,189,664
PNG,189,665
PNG,189,666
PNG,189,667
PNG,189,668
PNG,189,669
PER,190,198
PER,190,199
PER,190,200
PER,190,201
ECU,190,202
PER,190,203
PER,190,204
PER,190,205
PER,190,206
PER,190,207
PER,190,208
PER,190,209
PER,190,210
PER,190,211
PER,190,212
PER,190,213
PER,190,214
PER,190,215
BRA,190,216
BRA,190,217
BRA,190,218
BRA,190,219
BRA,190,220
BRA,190,221
BRA,190,222
BRA,190,223
BRA,190,224
BRA,190,225
BRA,190,226
BRA,190,227
BRA,190,228
BRA,190,229
BRA,190,230
BRA,190,231
BRA,190,232
BRA,190,233
BRA,190,234
BRA,190,235
BRA,190,236
BRA,190,237
BRA,190,238
BRA,190,239
BRA,190,240
BRA,190,241
BRA,190,242
BRA,190,243
BRA,190,244
BRA,190,245
BRA,190,246
BRA,190,247
BRA,190,248
BRA,190,249
BRA,190,250
BRA,190,251
BRA,190,252
BRA,190,253
BRA,190,254
BRA,190,255
BRA,190,256
BRA,190,257
BRA,190,258
BRA,190,259
BRA,190,260
BRA,190,261
BRA,190,262
BRA,190,263
BRA,190,264
BRA,190,265
BRA,190,266
BRA,190,267
BRA,190,268
BRA,190,269
BRA,190,270
BRA,190,271
BRA,190,272
BRA,190,273
BRA,190,274
BRA,190,275
BRA,190,276
BRA,190,277
BRA,190,278
BRA,190,279
BRA,190,280
BRA,190,281
BRA,190,282
BRA,190,283
BRA,190,284
BRA,190,285
BRA,190,286
BRA,190,287
COG,190,384
COG,190,385
AGO,190,386
COD,190,387
COD,190,388
COD,190,389
COG,190,390
COD,190,391
COD,190,392
COD,190,393
COD,190,394
COD,190,395
COD,190,396
COD,190,397
COD,190,398
COD,190,399
COD,190,400
COD,190,401
COD,190,402
COD,190,403
COD,190,404
COD,190,405
COD,190,406
COD,190,407
COD,190,408
COD,190,409
COD,190,410
COD,190,411
COD,190,412
COD,190,413
COD,190,414
COD,190,415
COD,190,416
COD,190,417
COD,190,418
COD,190,419
TZA,190,420
TZA,190,421
TZA,190,422
TZA,190,423
TZA,190,424
TZA,190,425
TZA,190,426
TZA,190,427
TZA,190,428
TZA,190,429
TZA,190,430
TZA,190,431
TZA,190,432
TZA,190,433
TZA,190,434
TZA,190,435
TZA,190,436
TZA,190,437
TZA,190,438
TZA,190,439
TZA,190,440
SYC,190,471
SYC,190,472
IDN,190,567
IDN,190,568
IDN,190,569
IDN,190,570
IDN,190,571
IDN,190,572
IDN,190,592
IDN,190,600
IDN,190,601
IDN,190,604
IDN,190,605
IDN,190,606
IDN,190,607
IDN,190,620
IDN,190,624
IDN,190,633
IDN,190,634
IDN,190,635
IDN,190,636
IDN,190,637
IDN,190,638
IDN,190,639
IDN,190,640
IDN,190,641
IDN,190,642
PNG,190,643
PNG,190,644
PNG,190,645
PNG,190,646
PNG,190,647
PNG,190,648
PNG,190,649
PNG,190,650
PNG,190,651
PNG,190,652
PNG,190,653
PNG,190,659
PNG,190,660
PNG,190,663
PNG,190,664
PNG,190,665
PNG,190,666
PNG,190,667
PNG,190,669
PER,191,198
PER,191,199
PER,191,200
PER,191,201
PER,191,202
PER,191,203
PER,191,204
PER,191,205
PER,191,206
PER,191,207
PER,191,208
PER,191,209
PER,191,210
PER,191,211
PER,191,212
PER,191,213
PER,191,214
BRA,191,215
BRA,191,216
BRA,191,217
BRA,191,218
BRA,191,219
BRA,191,220
BRA,191,221
BRA,191,222
BRA,191,223
BRA,191,224
BRA,191,225
BRA,191,226
BRA,191,227
BRA,191,228
BRA,191,229
BRA,191,230
BRA,191,231
BRA,191,232
BRA,191,233
BRA,191,234
BRA,191,235
BRA,191,236
BRA,191,237
BRA,191,238
BRA,191,239
BRA,191,240
BRA,191,241
BRA,191,242
BRA,191,243
BRA,191,244
BRA,191,245
BRA,191,246
BRA,191,247
BRA,191,248
BRA,191,249
BRA,191,250
BRA,191,251
BRA,191,252
BRA,191,253
BRA,191,254
BRA,191,255
BRA,191,256
BRA,191,257
BRA,191,258
BRA,191,259
BRA,191,260
BRA,191,261
BRA,191,262
BRA,191,263
BRA,191,264
BRA,191,265
BRA,191,266
BRA,191,267
BRA,191,268
BRA,191,269
BRA,191,270
BRA,191,271
BRA,191,272
BRA,191,273
BRA,191,274
BRA,191,275
BRA,191,276
BRA,191,277
BRA,191,278
BRA,191,279
BRA,191,280
BRA,191,281
BRA,191,282
BRA,191,283
BRA,191,284
BRA,191,285
BRA,191,286
BRA,191,287
BRA,191,288
BRA,191,289
BRA,191,290
AGO,191,385
COD,191,386
COD,191,387
COD,191,388
COD,191,389
COD,191,390
COD,191,391
COD,191,392
COD,191,393
COD,191,394
COD,191,395
COD,191,396
COD,191,397
COD,191,398
COD,191,399
COD,191,400
COD,191,401
COD,191,402
COD,191,403
COD,191,404
COD,191,405
COD,191,406
COD,191,407
COD,191,408
COD,191,409
COD,191,410
COD,191,411
COD,191,412
COD,191,413
COD,191,414
COD,191,415
COD,191,416
COD,191,417
COD,191,418
COD,191,419
TZA,191,420
TZA,191,421
TZA,191,422
TZA,191,423
TZA,191,424
TZA,191,425
TZA,191,426
TZA,191,427
TZA,191,428
TZA,191,429
TZA,191,430
TZA,191,431
TZA,191,432
TZA,191,433
TZA,191,434
TZA,191,435
TZA,191,436
TZA,191,437
TZA,191,438
TZA,191,439
TZA,191,440
IDN,191,565
IDN,191,568
IDN,191,569
IDN,191,570
IDN,191,571
IDN,191,572
IDN,191,599
IDN,191,600
IDN,191,601
IDN,191,604
IDN,191,605
IDN,191,606
IDN,191,607
IDN,191,608
IDN,191,625
IDN,191,627
IDN,191,630
IDN,191,635
IDN,191,636
IDN,191,637
IDN,191,638
IDN,191,639
IDN,191,640
IDN,191,641
IDN,191,642
PNG,191,643
PNG,191,644
PNG,191,645
PNG,191,646
PNG,191,647
PNG,191,648
PNG,191,649
PNG,191,650
PNG,191,651
PNG,191,652
PNG,191,653
PNG,191,655
PNG,191,656
PNG,191,657
PNG,191,658
PNG,191,659
PNG,191,660
PNG,191,661
PNG,191,662
PNG,191,663
PNG,191,664
PNG,191,665
PNG,191,670
PER,192,198
PER,192,199
PER,192,200
PER,192,201
PER,192,202
PER,192,203
PER,192,204
PER,192,205
PER,192,206
PER,192,207
PER,192,208
PER,192,209
PER,192,210
PER,192,211
PER,192,212
PER,192,213
PER,192,214
BRA,192,215
BRA,192,216
BRA,192,217
BRA,192,218
BRA,192,219
BRA,192,220
BRA,192,221
BRA,192,222
BRA,192,223
BRA,192,224
BRA,192,225
BRA,192,226
BRA,192,227
BRA,192,228
BRA,192,229
BRA,192,230
BRA,192,231
BRA,192,232
BRA,192,233
BRA,192,234
BRA,192,235
BRA,192,236
BRA,192,237
BRA,192,238
BRA,192,239
BRA,192,240
BRA,192,241
BRA,192,242
BRA,192,243
BRA,192,244
BRA,192,245
BRA,192,246
BRA,192,247
BRA,192,248
BRA,192,249
BRA,192,250
BRA,192,251
BRA,192,252
BRA,192,253
BRA,192,254
BRA,192,255
BRA,192,256
BRA,192,257
BRA,192,258
BRA,192,259
BRA,192,260
BRA,192,261
BRA,192,262
BRA,192,263
BRA,192,264
BRA,192,265
BRA,192,266
BRA,192,267
BRA,192,268
BRA,192,269
BRA,192,270
BRA,192,271
BRA,192,272
BRA,192,273
BRA,192,274
BRA,192,275
BRA,192,276
BRA,192,277
BRA,192,278
BRA,192,279
BRA,192,280
BRA,192,281
BRA,192,282
BRA,192,283
BRA,192,284
BRA,192,285
BRA,192,286
BRA,192,287
BRA,192,288
BRA,192,289
BRA,192,290
AGO,192,385
COD,192,386
COD,192,387
COD,192,388
COD,192,389
COD,192,390
COD,192,391
COD,192,392
COD,192,393
COD,192,394
COD,192,395
COD,192,396
COD,192,397
COD,192,398
COD,192,399
COD,192,400
COD,192,401
COD,192,402
COD,192,403
COD,192,404
COD,192,405
COD,192,406
COD,192,407
COD,192,408
COD,192,409
COD,192,410
COD,192,411
COD,192,412
COD,192,413
COD,192,414
COD,192,415
COD,192,416
COD,192,417
COD,192,418
COD,192,419
TZA,192,420
TZA,192,421
TZA,192,422
TZA,192,423
TZA,192,424
TZA,192,425
TZA,192,426
TZA,192,427
TZA,192,428
TZA,192,429
TZA,192,430
TZA,192,431
TZA,192,432
TZA,192,433
TZA,192,434
TZA,192,435
TZA,192,436
TZA,192,437
TZA,192,438
TZA,192,439
IDN,192,569
IDN,192,570
IDN,192,571
IDN,192,572
IDN,192,573
IDN,192,575
IDN,192,581
IDN,192,586
IDN,192,599
IDN,192,600
IDN,192,601
IDN,192,602
IDN,192,606
IDN,192,608
IDN,192,609
IDN,192,625
IDN,192,626
IDN,192,627
IDN,192,629
IDN,192,630
IDN,192,637
IDN,192,638
IDN,192,639
IDN,192,640
IDN,192,641
IDN,192,642
PNG,192,643
PNG,192,644
PNG,192,645
PNG,192,646
PNG,192,647
PNG,192,648
PNG,192,649
PNG,192,650
PNG,192,651
PNG,192,652
PNG,192,653
PNG,192,654
PNG,192,655
PNG,192,656
PNG,192,657
PNG,192,658
PNG,192,659
PNG,192,660
PNG,192,661
PNG,192,662
PNG,192,663
PNG,192,664
PNG,192,670
PNG,192,671
PER,193,198
PER,193,199
PER,193,200
PER,193,201
PER,193,202
PER,193,203
PER,193,204
PER,193,205
PER,193,206
PER,193,207
PER,193,208
PER,193,209
PER,193,210
PER,193,211
PER,193,212
PER,193,213
PER,193,214
BRA,193,215
BRA,193,216
BRA,193,217
BRA,193,218
BRA,193,219
BRA,193,220
BRA,193,221
BRA,193,222
BRA,193,223
BRA,193,224
BRA,193,225
BRA,193,226
BRA,193,227
BRA,193,228
BRA,193,229
BRA,193,230
BRA,193,231
BRA,193,232
BRA,193,233
BRA,193,234
BRA,193,235
BRA,193,236
BRA,193,237
BRA,193,238
BRA,193,239
BRA,193,240
BRA,193,241
BRA,193,242
BRA,193,243
BRA,193,244
BRA,193,245
BRA,193,246
BRA,193,247
BRA,193,248
BRA,193,249
BRA,193,250
BRA,193,251
BRA,193,252
BRA,193,253
BRA,193,254
BRA,193,255
BRA,193,256
BRA,193,257
BRA,193,258
BRA,193,259
BRA,193,260
BRA,193,261
BRA,193,262
BRA,193,263
BRA,193,264
BRA,193,265
BRA,193,266
BRA,193,267
BRA,193,268
BRA,193,269
BRA,193,270
BRA,193,271
BRA,193,272
BRA,193,273
BRA,193,274
BRA,193,275
BRA,193,276
BRA,193,277
BRA,193,278
BRA,193,279
BRA,193,280
BRA,193,281
BRA,193,282
BRA,193,283
BRA,193,284
BRA,193,285
BRA,193,286
BRA,193,287
BRA,193,288
BRA,193,289
BRA,193,290
BRA,193,291
AGO,193,385
AGO,193,386
AGO,193,387
AGO,193,388
AGO,193,389
AGO,193,390
AGO,193,391
AGO,193,392
AGO,193,393
COD,193,394
COD,193,395
COD,193,396
COD,193,397
COD,193,398
COD,193,399
COD,193,400
COD,193,401
COD,193,402
COD,193,403
COD,193,404
COD,193,405
COD,193,406
COD,193,407
COD,193,408
COD,193,409
COD,193,410
COD,193,411
COD,193,412
COD,193,413
COD,193,414
COD,193,415
COD,193,416
COD,193,417
COD,193,418
COD,193,419
TZA,193,420
TZA,193,421
TZA,193,422
TZA,193,423
TZA,193,424
TZA,193,425
TZA,193,426
TZA,193,427
TZA,193,428
TZA,193,429
TZA,193,430
TZA,193,431
TZA,193,432
TZA,193,433
TZA,193,434
TZA,193,435
TZA,193,436
TZA,193,437
TZA,193,438
TZA,193,439
TZA,193,440
IDN,193,572
IDN,193,573
IDN,193,574
IDN,193,575
IDN,193,576
IDN,193,577
IDN,193,578
IDN,193,582
IDN,193,583
IDN,193,601
IDN,193,602
IDN,193,629
IDN,193,630
IDN,193,637
IDN,193,638
IDN,193,639
IDN,193,640
IDN,193,641
IDN,193,642
PNG,193,643
PNG,193,644
PNG,193,645
PNG,193,646
PNG,193,647
PNG,193,648
PNG,193,649
PNG,193,650
PNG,193,651
PNG,193,652
PNG,193,653
PNG,193,654
PNG,193,655
PNG,193,656
PNG,193,659
PNG,193,660
PNG,193,661
PNG,193,662
PNG,193,670
PNG,193,671
PNG,193,672
PER,194,200
PER,194,201
PER,194,202
PER,194,203
PER,194,204
PER,194,205
PER,194,206
PER,194,207
PER,194,208
PER,194,209
PER,194,210
PER,194,211
PER,194,212
PER,194,213
BRA,194,214
BRA,194,215
BRA,194,216
BRA,194,217
BRA,194,218
BRA,194,219
BRA,194,220
BRA,194,221
BRA,194,222
BRA,194,223
BRA,194,224
BRA,194,225
BRA,194,226
BRA,194,227
BRA,194,228
BRA,194,229
BRA,194,230
BRA,194,231
BRA,194,232
BRA,194,233
BRA,194,234
BRA,194,235
BRA,194,236
BRA,194,237
BRA,194,238
BRA,194,239
BRA,194,240
BRA,194,241
BRA,194,242
BRA,194,243
BRA,194,244
BRA,194,245
BRA,194,246
BRA,194,247
BRA,194,248
BRA,194,249
BRA,194,250
BRA,194,251
BRA,194,252
BRA,194,253
BRA,194,254
BRA,194,255
BRA,194,256
BRA,194,257
BRA,194,258
BRA,194,259
BRA,194,260
BRA,194,261
BRA,194,262
BRA,194,263
BRA,194,264
BRA,194,265
BRA,194,266
BRA,194,267
BRA,194,268
BRA,194,269
BRA,194,270
BRA,194,271
BRA,194,272
BRA,194,273
BRA,194,274
BRA,194,275
BRA,194,276
BRA,194,277
BRA,194,278
BRA,194,279
BRA,194,280
BRA,194,281
BRA,194,282
BRA,194,283
BRA,194,284
BRA,194,285
BRA,194,286
BRA,194,287
BRA,194,288
BRA,194,289
BRA,194,290
BRA,194,291
AGO,194,386
AGO,194,387
AGO,194,388
AGO,194,389
AGO,194,390
AGO,194,391
AGO,194,392
AGO,194,393
AGO,194,394
COD,194,395
COD,194,396
COD,194,397
COD,194,398
COD,194,399
COD,194,400
COD,194,401
COD,194,402
COD,194,403
COD,194,404
COD,194,405
COD,194,406
COD,194,407
COD,194,408
COD,194,409
COD,194,410
COD,194,411
COD,194,412
COD,194,413
COD,194,414
COD,194,415
COD,194,416
COD,194,417
COD,194,418
COD,194,419
COD,194,420
TZA,194,421
TZA,194,422
TZA,194,423
TZA,194,424
TZA,194,425
TZA,194,426
TZA,194,427
TZA,194,428
TZA,194,429
TZA,194,430
TZA,194,431
TZA,194,432
TZA,194,433
TZA,194,434
TZA,194,435
TZA,194,436
TZA,194,437
TZA,194,438
TZA,194,439
TZA,194,440
IDN,194,571
IDN,194,572
IDN,194,573
IDN,194,574
IDN,194,575
IDN,194,576
IDN,194,577
IDN,194,578
IDN,194,579
IDN,194,580
IDN,194,581
IDN,194,582
IDN,194,583
IDN,194,584
IDN,194,585
IDN,194,586
IDN,194,587
IDN,194,588
IDN,194,589
IDN,194,591
IDN,194,592
IDN,194,620
IDN,194,624
IDN,194,629
IDN,194,630
IDN,194,638
IDN,194,639
IDN,194,640
IDN,194,641
IDN,194,642
PNG,194,643
PNG,194,644
PNG,194,645
PNG,194,646
PNG,194,647
PNG,194,648
PNG,194,649
PNG,194,650
PNG,194,651
PNG,194,652
PNG,194,653
PNG,194,654
PNG,194,655
PNG,194,656
PNG,194,671
PNG,194,672
SLB,194,673
SLB,194,674
SLB,194,675
PER,195,201
PER,195,202
PER,195,203
PER,195,204
PER,195,205
PER,195,206
PER,195,207
PER,195,208
PER,195,209
PER,195,210
PER,195,211
PER,195,212
BRA,195,213
BRA,195,214
BRA,195,215
BRA,195,216
BRA,195,217
BRA,195,218
BRA,195,219
BRA,195,220
BRA,195,221
BRA,195,222
BRA,195,223
BRA,195,224
BRA,195,225
BRA,195,226
BRA,195,227
BRA,195,228
BRA,195,229
BRA,195,230
BRA,195,231
BRA,195,232
BRA,195,233
BRA,195,234
BRA,195,235
BRA,195,236
BRA,195,237
BRA,195,238
BRA,195,239
BRA,195,240
BRA,195,241
BRA,195,242
BRA,195,243
BRA,195,244
BRA,195,245
BRA,195,246
BRA,195,247
BRA,195,248
BRA,195,249
BRA,195,250
BRA,195,251
BRA,195,252
BRA,195,253
BRA,195,254
BRA,195,255
BRA,195,256
BRA,195,257
BRA,195,258
BRA,195,259
BRA,195,260
BRA,195,261
BRA,195,262
BRA,195,263
BRA,195,264
BRA,195,265
BRA,195,266
BRA,195,267
BRA,195,268
BRA,195,269
BRA,195,270
BRA,195,271
BRA,195,272
BRA,195,273
BRA,195,274
BRA,195,275
BRA,195,276
BRA,195,277
BRA,195,278
BRA,195,279
BRA,195,280
BRA,195,281
BRA,195,282
BRA,195,283
BRA,195,284
BRA,195,285
BRA,195,286
BRA,195,287
BRA,195,288
BRA,195,289
BRA,195,290
BRA,195,291
AGO,195,386
AGO,195,387
AGO,195,388
AGO,195,389
AGO,195,390
AGO,195,391
AGO,195,392
AGO,195,393
AGO,195,394
COD,195,395
COD,195,396
COD,195,397
COD,195,398
COD,195,399
AGO,195,400
AGO,195,401
AGO,195,402
AGO,195,403
COD,195,404
COD,195,405
COD,195,406
COD,195,407
COD,195,408
COD,195,409
COD,195,410
COD,195,411
COD,195,412
COD,195,413
COD,195,414
COD,195,415
COD,195,416
COD,195,417
COD,195,418
COD,195,419
COD,195,420
COD,195,421
TZA,195,422
TZA,195,423
TZA,195,424
TZA,195,425
TZA,195,426
TZA,195,427
TZA,195,428
TZA,195,429
TZA,195,430
TZA,195,431
TZA,195,432
TZA,195,433
TZA,195,434
TZA,195,435
TZA,195,436
TZA,195,437
TZA,195,438
TZA,195,439
TZA,195,440
IDN,195,573
IDN,195,574
IDN,195,575
IDN,195,576
IDN,195,577
IDN,195,578
IDN,195,579
IDN,195,580
IDN,195,581
IDN,195,582
IDN,195,583
IDN,195,584
IDN,195,585
IDN,195,586
IDN,195,587
IDN,195,588
IDN,195,589
IDN,195,590
IDN,195,592
IDN,195,602
IDN,195,603
IDN,195,604
IDN,195,618
IDN,195,623
IDN,195,624
IDN,195,637
IDN,195,638
IDN,195,639
IDN,195,640
IDN,195,641
IDN,195,642
PNG,195,643
PNG,195,644
PNG,195,645
PNG,195,646
PNG,195,647
PNG,195,648
PNG,195,649
PNG,195,650
PNG,195,651
PNG,195,652
PNG,195,653
PNG,195,654
PNG,195,655
SLB,195,672
SLB,195,674
SLB,195,675
SLB,195,676
SLB,195,677
PYF,196,79
PER,196,202
PER,196,203
PER,196,204
PER,196,205
PER,196,206
PER,196,207
PER,196,208
PER,196,209
PER,196,210
PER,196,211
PER,196,212
BRA,196,213
BRA,196,214
BRA,196,215
BRA,196,216
BRA,196,217
BRA,196,218
BRA,196,219
BRA,196,220
BRA,196,221
BRA,196,222
BRA,196,223
BRA,196,224
BRA,196,225
BRA,196,226
BRA,196,227
BRA,196,228
BRA,196,229
BRA,196,230
BRA,196,231
BRA,196,232
BRA,196,233
BRA,196,234
BRA,196,235
BRA,196,236
BRA,196,237
BRA,196,238
BRA,196,239
BRA,196,240
BRA,196,241
BRA,196,242
BRA,196,243
BRA,196,244
BRA,196,245
BRA,196,246
BRA,196,247
BRA,196,248
BRA,196,249
BRA,196,250
BRA,196,251
BRA,196,252
BRA,196,253
BRA,196,254
BRA,196,255
BRA,196,256
BRA,196,257
BRA,196,258
BRA,196,259
BRA,196,260
BRA,196,261
BRA,196,262
BRA,196,263
BRA,196,264
BRA,196,265
BRA,196,266
BRA,196,267
BRA,196,268
BRA,196,269
BRA,196,270
BRA,196,271
BRA,196,272
BRA,196,273
BRA,196,274
BRA,196,275
BRA,196,276
BRA,196,277
BRA,196,278
BRA,196,279
BRA,196,280
BRA,196,281
BRA,196,282
BRA,196,283
BRA,196,284
BRA,196,285
BRA,196,286
BRA,196,287
BRA,196,288
BRA,196,289
BRA,196,290
BRA,196,291
AGO,196,387
AGO,196,388
AGO,196,389
AGO,196,390
AGO,196,391
AGO,196,392
AGO,196,393
AGO,196,394
AGO,196,395
COD,196,396
COD,196,397
COD,196,398
COD,196,399
AGO,196,400
AGO,196,401
AGO,196,402
AGO,196,403
AGO,196,404
COD,196,405
COD,196,406
COD,196,407
COD,196,408
COD,196,409
COD,196,410
COD,196,411
COD,196,412
COD,196,413
COD,196,414
COD,196,415
COD,196,416
COD,196,417
COD,196,418
COD,196,419
COD,196,420
COD,196,421
TZA,196,422
TZA,196,423
TZA,196,424
TZA,196,425
TZA,196,426
TZA,196,427
TZA,196,428
TZA,196,429
TZA,196,430
TZA,196,431
TZA,196,432
TZA,196,433
TZA,196,434
TZA,196,435
TZA,196,436
TZA,196,437
TZA,196,438
TZA,196,439
TZA,196,440
IDN,196,576
IDN,196,577
IDN,196,578
IDN,196,579
IDN,196,580
IDN,196,581
IDN,196,582
IDN,196,583
IDN,196,584
IDN,196,585
IDN,196,586
IDN,196,587
IDN,196,588
IDN,196,589
IDN,196,612
IDN,196,613
IDN,196,614
IDN,196,615
IDN,196,620
IDN,196,622
IDN,196,623
IDN,196,624
IDN,196,636
IDN,196,637
IDN,196,638
IDN,196,639
IDN,196,640
IDN,196,641
IDN,196,642
PNG,196,643
PNG,196,644
PNG,196,645
PNG,196,646
PNG,196,647
PNG,196,648
PNG,196,649
PNG,196,650
PNG,196,651
PNG,196,652
PNG,196,653
PNG,196,654
PNG,196,655
PNG,196,656
SLB,196,674
SLB,196,675
SLB,196,676
SLB,196,677
SLB,196,678
SLB,196,679
PER,197,202
PER,197,203
PER,197,204
PER,197,205
PER,197,206
PER,197,207
PER,197,208
PER,197,209
PER,197,210
PER,197,211
PER,197,212
PER,197,213
BRA,197,214
BRA,197,215
BRA,197,216
BRA,197,217
BRA,197,218
BRA,197,219
BRA,197,220
BRA,197,221
BRA,197,222
BRA,197,223
BRA,197,224
BRA,197,225
BRA,197,226
BRA,197,227
BRA,197,228
BRA,197,229
BRA,197,230
BRA,197,231
BRA,197,232
BRA,197,233
BRA,197,234
BRA,197,235
BRA,197,236
BRA,197,237
BRA,197,238
BRA,197,239
BRA,197,240
BRA,197,241
BRA,197,242
BRA,197,243
BRA,197,244
BRA,197,245
BRA,197,246
BRA,197,247
BRA,197,248
BRA,197,249
BRA,197,250
BRA,197,251
BRA,197,252
BRA,197,253
BRA,197,254
BRA,197,255
BRA,197,256
BRA,197,257
BRA,197,258
BRA,197,259
BRA,197,260
BRA,197,261
BRA,197,262
BRA,197,263
BRA,197,264
BRA,197,265
BRA,197,266
BRA,197,267
BRA,197,268
BRA,197,269
BRA,197,270
BRA,197,271
BRA,197,272
BRA,197,273
BRA,197,274
BRA,197,275
BRA,197,276
BRA,197,277
BRA,197,278
BRA,197,279
BRA,197,280
BRA,197,281
BRA,197,282
BRA,197,283
BRA,197,284
BRA,197,285
BRA,197,286
BRA,197,287
BRA,197,288
BRA,197,289
BRA,197,290
BRA,197,291
AGO,197,387
AGO,197,388
AGO,197,389
AGO,197,390
AGO,197,391
AGO,197,392
AGO,197,393
AGO,197,394
AGO,197,395
AGO,197,396
AGO,197,397
AGO,197,398
AGO,197,399
AGO,197,400
AGO,197,401
AGO,197,402
AGO,197,403
AGO,197,404
COD,197,405
COD,197,406
COD,197,407
COD,197,408
COD,197,409
COD,197,410
COD,197,411
COD,197,412
COD,197,413
COD,197,414
COD,197,415
COD,197,416
COD,197,417
COD,197,418
COD,197,419
COD,197,420
COD,197,421
ZMB,197,422
TZA,197,423
TZA,197,424
TZA,197,425
TZA,197,426
TZA,197,427
TZA,197,428
TZA,197,429
TZA,197,430
TZA,197,431
TZA,197,432
TZA,197,433
TZA,197,434
TZA,197,435
TZA,197,436
TZA,197,437
TZA,197,438
TZA,197,439
TZA,197,440
IDN,197,581
IDN,197,582
IDN,197,583
IDN,197,584
IDN,197,585
IDN,197,586
IDN,197,587
IDN,197,588
IDN,197,589
IDN,197,590
IDN,197,591
IDN,197,592
IDN,197,593
IDN,197,594
IDN,197,595
IDN,197,596
IDN,197,597
IDN,197,598
IDN,197,599
IDN,197,600
IDN,197,601
IDN,197,602
IDN,197,603
IDN,197,604
IDN,197,605
IDN,197,606
IDN,197,607
IDN,197,608
IDN,197,609
IDN,197,610
IDN,197,611
TLS,197,612
TLS,197,613
TLS,197,614
TLS,197,615
IDN,197,616
IDN,197,617
IDN,197,618
IDN,197,619
IDN,197,620
IDN,197,622
IDN,197,623
IDN,197,636
IDN,197,637
IDN,197,638
IDN,197,639
IDN,197,640
IDN,197,641
IDN,197,642
PNG,197,643
PNG,197,644
PNG,197,645
PNG,197,646
PNG,197,647
PNG,197,648
PNG,197,653
PNG,197,654
PNG,197,655
PNG,197,656
PNG,197,657
PNG,197,663
SLB,197,674
SLB,197,675
SLB,197,676
SLB,197,679
SLB,197,680
SLB,197,682
TUV,197,719
PYF,198,80
PYF,198,81
PER,198,203
PER,198,204
PER,198,205
PER,198,206
PER,198,207
PER,198,208
PER,198,209
PER,198,210
PER,198,211
PER,198,212
PER,198,213
PER,198,214
BRA,198,215
BRA,198,216
BRA,198,217
BRA,198,218
BRA,198,219
BRA,198,220
BRA,198,221
BRA,198,222
BRA,198,223
BRA,198,224
BRA,198,225
BRA,198,226
BRA,198,227
BRA,198,228
BRA,198,229
BRA,198,230
BRA,198,231
BRA,198,232
BRA,198,233
BRA,198,234
BRA,198,235
BRA,198,236
BRA,198,237
BRA,198,238
BRA,198,239
BRA,198,240
BRA,198,241
BRA,198,242
BRA,198,243
BRA,198,244
BRA,198,245
BRA,198,246
BRA,198,247
BRA,198,248
BRA,198,249
BRA,198,250
BRA,198,251
BRA,198,252
BRA,198,253
BRA,198,254
BRA,198,255
BRA,198,256
BRA,198,257
BRA,198,258
BRA,198,259
BRA,198,260
BRA,198,261
BRA,198,262
BRA,198,263
BRA,198,264
BRA,198,265
BRA,198,266
BRA,198,267
BRA,198,268
BRA,198,269
BRA,198,270
BRA,198,271
BRA,198,272
BRA,198,273
BRA,198,274
BRA,198,275
BRA,198,276
BRA,198,277
BRA,198,278
BRA,198,279
BRA,198,280
BRA,198,281
BRA,198,282
BRA,198,283
BRA,198,284
BRA,198,285
BRA,198,286
BRA,198,287
BRA,198,288
BRA,198,289
BRA,198,290
AGO,198,387
AGO,198,388
AGO,198,389
AGO,198,390
AGO,198,391
AGO,198,392
AGO,198,393
AGO,198,394
AGO,198,395
AGO,198,396
AGO,198,397
AGO,198,398
AGO,198,399
AGO,198,400
AGO,198,401
AGO,198,402
AGO,198,403
AGO,198,404
COD,198,405
COD,198,406
COD,198,407
COD,198,408
COD,198,409
COD,198,410
COD,198,411
COD,198,412
COD,198,413
COD,198,414
COD,198,415
COD,198,416
COD,198,417
COD,198,418
ZMB,198,419
ZMB,198,420
ZMB,198,421
ZMB,198,422
ZMB,198,423
TZA,198,424
TZA,198,425
TZA,198,426
TZA,198,427
TZA,198,428
TZA,198,429
TZA,198,430
TZA,198,431
TZA,198,432
TZA,198,433
TZA,198,434
TZA,198,435
TZA,198,436
TZA,198,437
TZA,198,438
TZA,198,439
TZA,198,440
IDN,198,588
IDN,198,589
IDN,198,590
IDN,198,591
IDN,198,592
IDN,198,593
IDN,198,594
IDN,198,595
IDN,198,596
IDN,198,597
IDN,198,598
IDN,198,599
IDN,198,600
IDN,198,601
IDN,198,602
IDN,198,603
IDN,198,604
IDN,198,605
IDN,198,606
IDN,198,607
IDN,198,608
IDN,198,609
IDN,198,610
TLS,198,611
TLS,198,612
TLS,198,613
TLS,198,614
TLS,198,615
IDN,198,641
IDN,198,642
PNG,198,643
PNG,198,644
PNG,198,645
PNG,198,646
PNG,198,647
PNG,198,648
PNG,198,653
PNG,198,654
PNG,198,655
PNG,198,656
PNG,198,657
PNG,198,658
PNG,198,659
PNG,198,663
PNG,198,665
PNG,198,666
SLB,198,675
SLB,198,676
SLB,198,677
SLB,198,679
SLB,198,681
SLB,198,682
SLB,198,683
PYF,199,80
PER,199,203
PER,199,204
PER,199,205
PER,199,206
PER,199,207
PER,199,208
PER,199,209
PER,199,210
PER,199,211
PER,199,212
PER,199,213
PER,199,214
BRA,199,215
BRA,199,216
BRA,199,217
BRA,199,218
BRA,199,219
BRA,199,220
BRA,199,221
BRA,199,222
BRA,199,223
BRA,199,224
BRA,199,225
BRA,199,226
BRA,199,227
BRA,199,228
BRA,199,229
BRA,199,230
BRA,199,231
BRA,199,232
BRA,199,233
BRA,199,234
BRA,199,235
BRA,199,236
BRA,199,237
BRA,199,238
BRA,199,239
BRA,199,240
BRA,199,241
BRA,199,242
BRA,199,243
BRA,199,244
BRA,199,245
BRA,199,246
BRA,199,247
BRA,199,248
BRA,199,249
BRA,199,250
BRA,199,251
BRA,199,252
BRA,199,253
BRA,199,254
BRA,199,255
BRA,199,256
BRA,199,257
BRA,199,258
BRA,199,259
BRA,199,260
BRA,199,261
BRA,199,262
BRA,199,263
BRA,199,264
BRA,199,265
BRA,199,266
BRA,199,267
BRA,199,268
BRA,199,269
BRA,199,270
BRA,199,271
BRA,199,272
BRA,199,273
BRA,199,274
BRA,199,275
BRA,199,276
BRA,199,277
BRA,199,278
BRA,199,279
BRA,199,280
BRA,199,281
BRA,199,282
BRA,199,283
BRA,199,284
BRA,199,285
BRA,199,286
BRA,199,287
BRA,199,288
BRA,199,289
BRA,199,290
AGO,199,387
AGO,199,388
AGO,199,389
AGO,199,390
AGO,199,391
AGO,199,392
AGO,199,393
AGO,199,394
AGO,199,395
AGO,199,396
AGO,199,397
AGO,199,398
AGO,199,399
AGO,199,400
AGO,199,401
AGO,199,402
AGO,199,403
AGO,199,404
COD,199,405
COD,199,406
COD,199,407
COD,199,408
COD,199,409
COD,199,410
COD,199,411
COD,199,412
COD,199,413
COD,199,414
COD,199,415
COD,199,416
COD,199,417
ZMB,199,418
ZMB,199,419
ZMB,199,420
ZMB,199,421
ZMB,199,422
ZMB,199,423
ZMB,199,424
ZMB,199,425
TZA,199,426
TZA,199,427
TZA,199,428
TZA,199,429
TZA,199,430
TZA,199,431
TZA,199,432
TZA,199,433
TZA,199,434
TZA,199,435
TZA,199,436
TZA,199,437
TZA,199,438
TZA,199,439
TZA,199,440
SYC,199,453
IDN,199,594
IDN,199,595
IDN,199,599
IDN,199,600
IDN,199,601
IDN,199,608
IDN,199,609
IDN,199,610
TLS,199,611
TLS,199,612
TLS,199,613
IDN,199,642
PNG,199,643
PNG,199,644
PNG,199,645
PNG,199,646
PNG,199,647
PNG,199,654
PNG,199,655
PNG,199,656
PNG,199,657
PNG,199,658
PNG,199,659
PNG,199,661
PNG,199,662
PNG,199,666
PNG,199,667
SLB,199,679
SLB,199,680
SLB,199,681
SLB,199,682
SLB,199,683
PYF,200,82
PYF,200,83
PER,200,204
PER,200,205
PER,200,206
PER,200,207
PER,200,208
PER,200,209
PER,200,210
PER,200,211
PER,200,212
PER,200,213
PER,200,214
PER,200,215
PER,200,216
BRA,200,217
BRA,200,218
PER,200,219
BRA,200,220
BRA,200,221
BRA,200,222
BRA,200,223
BRA,200,224
BRA,200,225
BRA,200,226
,200,227
,200,228
,200,229
,200,230
BRA,200,231
BRA,200,232
BRA,200,233
BRA,200,234
BRA,200,235
BRA,200,236
BRA,200,237
BRA,200,238
BRA,200,239
BRA,200,240
BRA,200,241
BRA,200,242
BRA,200,243
BRA,200,244
BRA,200,245
BRA,200,246
BRA,200,247
BRA,200,248
BRA,200,249
BRA,200,250
BRA,200,251
BRA,200,252
BRA,200,253
BRA,200,254
BRA,200,255
BRA,200,256
BRA,200,257
BRA,200,258
BRA,200,259
BRA,200,260
BRA,200,261
BRA,200,262
BRA,200,263
BRA,200,264
BRA,200,265
BRA,200,266
BRA,200,267
BRA,200,268
BRA,200,269
BRA,200,270
BRA,200,271
BRA,200,272
BRA,200,273
BRA,200,274
BRA,200,275
BRA,200,276
BRA,200,277
BRA,200,278
BRA,200,279
BRA,200,280
BRA,200,281
BRA,200,282
BRA,200,283
BRA,200,284
BRA,200,285
BRA,200,286
BRA,200,287
BRA,200,288
BRA,200,289
AGO,200,387
AGO,200,388
AGO,200,389
AGO,200,390
AGO,200,391
AGO,200,392
AGO,200,393
AGO,200,394
AGO,200,395
AGO,200,396
AGO,200,397
AGO,200,398
AGO,200,399
AGO,200,400
AGO,200,401
AGO,200,402
AGO,200,403
AGO,200,404
COD,200,405
COD,200,406
COD,200,407
COD,200,408
COD,200,409
COD,200,410
COD,200,411
COD,200,412
COD,200,413
COD,200,414
COD,200,415
COD,200,416
COD,200,417
ZMB,200,418
ZMB,200,419
ZMB,200,420
ZMB,200,421
ZMB,200,422
ZMB,200,423
ZMB,200,424
ZMB,200,425
ZMB,200,426
ZMB,200,427
MWI,200,428
MWI,200,429
TZA,200,430
TZA,200,431
TZA,200,432
TZA,200,433
TZA,200,434
TZA,200,435
TZA,200,436
TZA,200,437
TZA,200,438
TZA,200,439
TZA,200,440
IDN,200,598
IDN,200,599
IDN,200,600
IDN,200,601
IDN,200,602
IDN,200,608
IDN,200,609
IDN,200,610
PNG,200,655
PNG,200,656
PNG,200,657
PNG,200,658
PNG,200,659
PNG,200,660
PNG,200,661
PNG,200,662
PNG,200,663
SLB,200,680
SLB,200,681
SLB,200,682
SLB,200,683
SLB,200,684
PYF,201,83
PER,201,204
PER,201,205
PER,201,206
PER,201,207
PER,201,208
PER,201,209
PER,201,210
PER,201,211
PER,201,212
PER,201,213
PER,201,214
PER,201,215
PER,201,216
PER,201,217
PER,201,218
PER,201,219
BRA,201,220
BRA,201,221
BRA,201,222
BRA,201,223
BRA,201,224
,201,225
,201,226
,201,227
BOL,201,228
BOL,201,229
,201,230
BRA,201,231
BRA,201,232
BRA,201,233
BRA,201,234
BRA,201,235
BRA,201,236
BRA,201,237
BRA,201,238
BRA,201,239
BRA,201,240
BRA,201,241
BRA,201,242
BRA,201,243
BRA,201,244
BRA,201,245
BRA,201,246
BRA,201,247
BRA,201,248
BRA,201,249
BRA,201,250
BRA,201,251
BRA,201,252
BRA,201,253
BRA,201,254
BRA,201,255
BRA,201,256
BRA,201,257
BRA,201,258
BRA,201,259
BRA,201,260
BRA,201,261
BRA,201,262
BRA,201,263
BRA,201,264
BRA,201,265
BRA,201,266
BRA,201,267
BRA,201,268
BRA,201,269
BRA,201,270
BRA,201,271
BRA,201,272
BRA,201,273
BRA,201,274
BRA,201,275
BRA,201,276
BRA,201,277
BRA,201,278
BRA,201,279
BRA,201,280
BRA,201,281
BRA,201,282
BRA,201,283
BRA,201,284
BRA,201,285
BRA,201,286
BRA,201,287
BRA,201,288
AGO,201,387
AGO,201,388
AGO,201,389
AGO,201,390
AGO,201,391
AGO,201,392
AGO,201,393
AGO,201,394
AGO,201,395
AGO,201,396
AGO,201,397
AGO,201,398
AGO,201,399
AGO,201,400
AGO,201,401
AGO,201,402
AGO,201,403
AGO,201,404
AGO,201,405
COD,201,406
COD,201,407
COD,201,408
COD,201,409
COD,201,410
COD,201,411
COD,201,412
COD,201,413
COD,201,414
COD,201,415
COD,201,416
COD,201,417
ZMB,201,418
ZMB,201,419
ZMB,201,420
ZMB,201,421
ZMB,201,422
ZMB,201,423
ZMB,201,424
ZMB,201,425
ZMB,201,426
ZMB,201,427
MWI,201,428
MWI,201,429
TZA,201,430
TZA,201,431
TZA,201,432
TZA,201,433
TZA,201,434
TZA,201,435
TZA,201,436
TZA,201,437
TZA,201,438
TZA,201,439
TZA,201,440
TZA,201,441
MOZ,201,442
IDN,201,601
IDN,201,602
IDN,201,604
IDN,201,607
IDN,201,608
IDN,201,609
IDN,201,610
AUS,201,645
PNG,201,656
PNG,201,657
PNG,201,658
PNG,201,659
PNG,201,660
PNG,201,661
PNG,201,662
PNG,201,663
PNG,201,665
SLB,201,683
SLB,201,684
SLB,201,685
SLB,201,692
SLB,201,693
PER,202,205
PER,202,206
PER,202,207
PER,202,208
PER,202,209
PER,202,210
PER,202,211
PER,202,212
PER,202,213
PER,202,214
PER,202,215
PER,202,216
PER,202,217
PER,202,218
PER,202,219
BRA,202,220
BRA,202,221
,202,222
,202,223
,202,224
,202,225
BOL,202,226
BOL,202,227
BOL,202,228
BOL,202,229
,202,230
BRA,202,231
BRA,202,232
BRA,202,233
BRA,202,234
BRA,202,235
BRA,202,236
BRA,202,237
BRA,202,238
BRA,202,239
BRA,202,240
BRA,202,241
BRA,202,242
BRA,202,243
BRA,202,244
BRA,202,245
BRA,202,246
BRA,202,247
BRA,202,248
BRA,202,249
BRA,202,250
BRA,202,251
BRA,202,252
BRA,202,253
BRA,202,254
BRA,202,255
BRA,202,256
BRA,202,257
BRA,202,258
BRA,202,259
BRA,202,260
BRA,202,261
BRA,202,262
BRA,202,263
BRA,202,264
BRA,202,265
BRA,202,266
BRA,202,267
BRA,202,268
BRA,202,269
BRA,202,270
BRA,202,271
BRA,202,272
BRA,202,273
BRA,202,274
BRA,202,275
BRA,202,276
BRA,202,277
BRA,202,278
BRA,202,279
BRA,202,280
BRA,202,281
BRA,202,282
BRA,202,283
BRA,202,284
BRA,202,285
BRA,202,286
BRA,202,287
AGO,202,388
AGO,202,389
AGO,202,390
AGO,202,391
AGO,202,392
AGO,202,393
AGO,202,394
AGO,202,395
AGO,202,396
AGO,202,397
AGO,202,398
AGO,202,399
AGO,202,400
AGO,202,401
AGO,202,402
AGO,202,403
AGO,202,404
AGO,202,405
COD,202,406
COD,202,407
COD,202,408
COD,202,409
COD,202,410
COD,202,411
COD,202,412
COD,202,413
COD,202,414
COD,202,415
COD,202,416
COD,202,417
ZMB,202,418
ZMB,202,419
ZMB,202,420
ZMB,202,421
ZMB,202,422
ZMB,202,423
ZMB,202,424
ZMB,202,425
ZMB,202,426
ZMB,202,427
MWI,202,428
MWI,202,429
TZA,202,430
TZA,202,431
TZA,202,432
TZA,202,433
TZA,202,434
TZA,202,435
TZA,202,436
TZA,202,437
TZA,202,438
TZA,202,439
TZA,202,440
MOZ,202,441
MOZ,202,442
IDN,202,604
IDN,202,606
IDN,202,607
AUS,202,645
AUS,202,646
PNG,202,660
PNG,202,661
PNG,202,662
PNG,202,663
PNG,202,666
SLB,202,684
SLB,202,685
SLB,202,692
SLB,202,693
KIR,203,57
PER,203,205
PER,203,206
PER,203,207
PER,203,208
PER,203,209
PER,203,210
PER,203,211
PER,203,212
PER,203,213
PER,203,214
PER,203,215
PER,203,216
PER,203,217
PER,203,218
PER,203,219
PER,203,220
PER,203,221
BOL,203,222
,203,223
BOL,203,224
BOL,203,225
BOL,203,226
BOL,203,227
BOL,203,228
BOL,203,229
,203,230
BRA,203,231
BRA,203,232
BRA,203,233
BRA,203,234
BRA,203,235
BRA,203,236
BRA,203,237
BRA,203,238
BRA,203,239
BRA,203,240
BRA,203,241
BRA,203,242
BRA,203,243
BRA,203,244
BRA,203,245
BRA,203,246
BRA,203,247
BRA,203,248
BRA,203,249
BRA,203,250
BRA,203,251
BRA,203,252
BRA,203,253
BRA,203,254
BRA,203,255
BRA,203,256
BRA,203,257
BRA,203,258
BRA,203,259
BRA,203,260
BRA,203,261
BRA,203,262
BRA,203,263
BRA,203,264
BRA,203,265
BRA,203,266
BRA,203,267
BRA,203,268
BRA,203,269
BRA,203,270
BRA,203,271
BRA,203,272
BRA,203,273
BRA,203,274
BRA,203,275
BRA,203,276
BRA,203,277
BRA,203,278
BRA,203,279
BRA,203,280
BRA,203,281
BRA,203,282
BRA,203,283
BRA,203,284
BRA,203,285
BRA,203,286
AGO,203,388
AGO,203,389
AGO,203,390
AGO,203,391
AGO,203,392
AGO,203,393
AGO,203,394
AGO,203,395
AGO,203,396
AGO,203,397
AGO,203,398
AGO,203,399
AGO,203,400
AGO,203,401
AGO,203,402
AGO,203,403
AGO,203,404
AGO,203,405
AGO,203,406
AGO,203,407
AGO,203,408
ZMB,203,409
COD,203,410
COD,203,411
COD,203,412
COD,203,413
COD,203,414
COD,203,415
COD,203,416
COD,203,417
ZMB,203,418
ZMB,203,419
ZMB,203,420
ZMB,203,421
ZMB,203,422
ZMB,203,423
ZMB,203,424
ZMB,203,425
ZMB,203,426
ZMB,203,427
MWI,203,428
MWI,203,429
MWI,203,430
TZA,203,431
TZA,203,432
TZA,203,433
TZA,203,434
TZA,203,435
TZA,203,436
TZA,203,437
MOZ,203,438
MOZ,203,439
MOZ,203,440
MOZ,203,441
MOZ,203,442
COM,203,447
AUS,203,621
AUS,203,622
AUS,203,623
AUS,203,624
AUS,203,625
AUS,203,626
AUS,203,627
AUS,203,628
AUS,203,633
AUS,203,634
AUS,203,645
AUS,203,646
PNG,203,667
PNG,203,668
PNG,203,669
SLB,203,680
SLB,203,681
SLB,203,694
PER,204,206
PER,204,207
PER,204,208
PER,204,209
PER,204,210
PER,204,211
PER,204,212
PER,204,213
PER,204,214
PER,204,215
PER,204,216
PER,204,217
PER,204,218
PER,204,219
PER,204,220
PER,204,221
PER,204,222
BOL,204,223
BOL,204,224
BOL,204,225
BOL,204,226
BOL,204,227
BOL,204,228
BOL,204,229
,204,230
,204,231
BRA,204,232
BRA,204,233
BRA,204,234
BRA,204,235
BRA,204,236
BRA,204,237
BRA,204,238
BRA,204,239
BRA,204,240
BRA,204,241
BRA,204,242
BRA,204,243
BRA,204,244
BRA,204,245
BRA,204,246
BRA,204,247
BRA,204,248
BRA,204,249
BRA,204,250
BRA,204,251
BRA,204,252
BRA,204,253
BRA,204,254
BRA,204,255
BRA,204,256
BRA,204,257
BRA,204,258
BRA,204,259
BRA,204,260
BRA,204,261
BRA,204,262
BRA,204,263
BRA,204,264
BRA,204,265
BRA,204,266
BRA,204,267
BRA,204,268
BRA,204,269
BRA,204,270
BRA,204,271
BRA,204,272
BRA,204,273
BRA,204,274
BRA,204,275
BRA,204,276
BRA,204,277
BRA,204,278
BRA,204,279
BRA,204,280
BRA,204,281
BRA,204,282
BRA,204,283
BRA,204,284
BRA,204,285
BRA,204,286
AGO,204,388
AGO,204,389
AGO,204,390
AGO,204,391
AGO,204,392
AGO,204,393
AGO,204,394
AGO,204,395
AGO,204,396
AGO,204,397
AGO,204,398
AGO,204,399
AGO,204,400
AGO,204,401
AGO,204,402
AGO,204,403
AGO,204,404
AGO,204,405
AGO,204,406
AGO,204,407
AGO,204,408
ZMB,204,409
ZMB,204,410
ZMB,204,411
COD,204,412
COD,204,413
COD,204,414
ZMB,204,415
COD,204,416
COD,204,417
ZMB,204,418
ZMB,204,419
ZMB,204,420
ZMB,204,421
ZMB,204,422
ZMB,204,423
ZMB,204,424
ZMB,204,425
ZMB,204,426
ZMB,204,427
MWI,204,428
MWI,204,429
MOZ,204,430
MOZ,204,431
MOZ,204,432
MOZ,204,433
MOZ,204,434
MOZ,204,435
MOZ,204,436
MOZ,204,437
MOZ,204,438
MOZ,204,439
MOZ,204,440
MOZ,204,441
MOZ,204,442
COM,204,447
MDG,204,459
AUS,204,621
AUS,204,622
AUS,204,623
AUS,204,626
AUS,204,627
AUS,204,628
AUS,204,629
AUS,204,630
AUS,204,632
AUS,204,633
AUS,204,634
AUS,204,644
AUS,204,645
AUS,204,646
AUS,204,647
PNG,204,667
PNG,204,668
SLB,204,681
SLB,204,682
SLB,204,694
PER,205,206
PER,205,207
PER,205,208
PER,205,209
PER,205,210
PER,205,211
PER,205,212
PER,205,213
PER,205,214
PER,205,215
PER,205,216
PER,205,217
PER,205,218
PER,205,219
PER,205,220
PER,205,221
PER,205,222
BOL,205,223
BOL,205,224
BOL,205,225
BOL,205,226
BOL,205,227
BOL,205,228
BOL,205,229
BOL,205,230
,205,231
,205,232
,205,233
BRA,205,234
BRA,205,235
BRA,205,236
BRA,205,237
BRA,205,238
BRA,205,239
BRA,205,240
BRA,205,241
BRA,205,242
BRA,205,243
BRA,205,244
BRA,205,245
BRA,205,246
BRA,205,247
BRA,205,248
BRA,205,249
BRA,205,250
BRA,205,251
BRA,205,252
BRA,205,253
BRA,205,254
BRA,205,255
BRA,205,256
BRA,205,257
BRA,205,258
BRA,205,259
BRA,205,260
BRA,205,261
BRA,205,262
BRA,205,263
BRA,205,264
BRA,205,265
BRA,205,266
BRA,205,267
BRA,205,268
BRA,205,269
BRA,205,270
BRA,205,271
BRA,205,272
BRA,205,273
BRA,205,274
BRA,205,275
BRA,205,276
BRA,205,277
BRA,205,278
BRA,205,279
BRA,205,280
BRA,205,281
BRA,205,282
BRA,205,283
BRA,205,284
BRA,205,285
AGO,205,388
AGO,205,389
AGO,205,390
AGO,205,391
AGO,205,392
AGO,205,393
AGO,205,394
AGO,205,395
AGO,205,396
AGO,205,397
AGO,205,398
AGO,205,399
AGO,205,400
AGO,205,401
AGO,205,402
AGO,205,403
AGO,205,404
AGO,205,405
AGO,205,406
AGO,205,407
AGO,205,408
ZMB,205,409
ZMB,205,410
ZMB,205,411
ZMB,205,412
ZMB,205,413
ZMB,205,414
ZMB,205,415
ZMB,205,416
COD,205,417
COD,205,418
ZMB,205,419
ZMB,205,420
ZMB,205,421
ZMB,205,422
ZMB,205,423
ZMB,205,424
ZMB,205,425
ZMB,205,426
ZMB,205,427
MWI,205,428
MWI,205,429
MOZ,205,430
MOZ,205,431
MOZ,205,432
MOZ,205,433
MOZ,205,434
MOZ,205,435
MOZ,205,436
MOZ,205,437
MOZ,205,438
MOZ,205,439
MOZ,205,440
MOZ,205,441
MOZ,205,442
COM,205,448
COM,205,449
COM,205,450
MDG,205,458
MDG,205,459
MDG,205,460
AUS,205,622
AUS,205,623
AUS,205,624
AUS,205,625
AUS,205,626
AUS,205,627
AUS,205,628
AUS,205,629
AUS,205,630
AUS,205,631
AUS,205,632
AUS,205,633
AUS,205,634
AUS,205,644
AUS,205,645
AUS,205,646
AUS,205,647
FJI,205,715
PER,206,207
PER,206,208
PER,206,209
PER,206,210
PER,206,211
PER,206,212
PER,206,213
PER,206,214
PER,206,215
PER,206,216
PER,206,217
PER,206,218
PER,206,219
PER,206,220
PER,206,221
PER,206,222
BOL,206,223
BOL,206,224
BOL,206,225
BOL,206,226
BOL,206,227
BOL,206,228
BOL,206,229
BOL,206,230
BOL,206,231
BOL,206,232
BOL,206,233
,206,234
,206,235
BRA,206,236
BRA,206,237
BRA,206,238
BRA,206,239
BRA,206,240
BRA,206,241
BRA,206,242
BRA,206,243
BRA,206,244
BRA,206,245
BRA,206,246
BRA,206,247
BRA,206,248
BRA,206,249
BRA,206,250
BRA,206,251
BRA,206,252
BRA,206,253
BRA,206,254
BRA,206,255
BRA,206,256
BRA,206,257
BRA,206,258
BRA,206,259
BRA,206,260
BRA,206,261
BRA,206,262
BRA,206,263
BRA,206,264
BRA,206,265
BRA,206,266
BRA,206,267
BRA,206,268
BRA,206,269
BRA,206,270
BRA,206,271
BRA,206,272
BRA,206,273
BRA,206,274
BRA,206,275
BRA,206,276
BRA,206,277
BRA,206,278
BRA,206,279
BRA,206,280
BRA,206,281
BRA,206,282
BRA,206,283
BRA,206,284
BRA,206,285
AGO,206,386
AGO,206,387
AGO,206,388
AGO,206,389
AGO,206,390
AGO,206,391
AGO,206,392
AGO,206,393
AGO,206,394
AGO,206,395
AGO,206,396
AGO,206,397
AGO,206,398
AGO,206,399
AGO,206,400
AGO,206,401
AGO,206,402
AGO,206,403
AGO,206,404
AGO,206,405
AGO,206,406
AGO,206,407
AGO,206,408
ZMB,206,409
ZMB,206,410
ZMB,206,411
ZMB,206,412
ZMB,206,413
ZMB,206,414
ZMB,206,415
ZMB,206,416
ZMB,206,417
COD,206,418
COD,206,419
COD,206,420
ZMB,206,421
ZMB,206,422
ZMB,206,423
ZMB,206,424
ZMB,206,425
ZMB,206,426
MWI,206,427
MWI,206,428
MWI,206,429
MOZ,206,430
MOZ,206,431
MOZ,206,432
MOZ,206,433
MOZ,206,434
MOZ,206,435
MOZ,206,436
MOZ,206,437
MOZ,206,438
MOZ,206,439
MOZ,206,440
MOZ,206,441
MOZ,206,442
FRA,206,451
MDG,206,458
MDG,206,459
MDG,206,460
AUS,206,621
AUS,206,622
AUS,206,623
AUS,206,624
AUS,206,625
AUS,206,626
AUS,206,627
AUS,206,628
AUS,206,629
AUS,206,630
AUS,206,631
AUS,206,632
AUS,206,633
AUS,206,634
AUS,206,644
AUS,206,645
AUS,206,646
AUS,206,647
AUS,206,648
WSM,207,15
WSM,207,16
PER,207,208
PER,207,209
PER,207,210
PER,207,211
PER,207,212
PER,207,213
PER,207,214
PER,207,215
PER,207,216
PER,207,217
PER,207,218
PER,207,219
PER,207,220
PER,207,221
PER,207,222
BOL,207,223
BOL,207,224
BOL,207,225
BOL,207,226
BOL,207,227
BOL,207,228
BOL,207,229
BOL,207,230
BOL,207,231
BOL,207,232
BOL,207,233
BOL,207,234
,207,235
,207,236
,207,237
,207,238
BRA,207,239
BRA,207,240
BRA,207,241
BRA,207,242
BRA,207,243
BRA,207,244
BRA,207,245
BRA,207,246
BRA,207,247
BRA,207,248
BRA,207,249
BRA,207,250
BRA,207,251
BRA,207,252
BRA,207,253
BRA,207,254
BRA,207,255
BRA,207,256
BRA,207,257
BRA,207,258
BRA,207,259
BRA,207,260
BRA,207,261
BRA,207,262
BRA,207,263
BRA,207,264
BRA,207,265
BRA,207,266
BRA,207,267
BRA,207,268
BRA,207,269
BRA,207,270
BRA,207,271
BRA,207,272
BRA,207,273
BRA,207,274
BRA,207,275
BRA,207,276
BRA,207,277
BRA,207,278
BRA,207,279
BRA,207,280
BRA,207,281
BRA,207,282
BRA,207,283
AGO,207,386
AGO,207,387
AGO,207,388
AGO,207,389
AGO,207,390
AGO,207,391
AGO,207,392
AGO,207,393
AGO,207,394
AGO,207,395
AGO,207,396
AGO,207,397
AGO,207,398
AGO,207,399
AGO,207,400
AGO,207,401
AGO,207,402
AGO,207,403
AGO,207,404
ZMB,207,405
ZMB,207,406
ZMB,207,407
ZMB,207,408
ZMB,207,409
ZMB,207,410
ZMB,207,411
ZMB,207,412
ZMB,207,413
ZMB,207,414
ZMB,207,415
ZMB,207,416
ZMB,207,417
ZMB,207,418
COD,207,419
ZMB,207,420
ZMB,207,421
ZMB,207,422
ZMB,207,423
ZMB,207,424
ZMB,207,425
ZMB,207,426
MWI,207,427
MWI,207,428
MWI,207,429
MOZ,207,430
MOZ,207,431
MOZ,207,432
MOZ,207,433
MOZ,207,434
MOZ,207,435
MOZ,207,436
MOZ,207,437
MOZ,207,438
MOZ,207,439
MOZ,207,440
MOZ,207,441
MOZ,207,442
MDG,207,457
MDG,207,458
MDG,207,459
MDG,207,460
MDG,207,461
AUS,207,620
AUS,207,621
AUS,207,622
AUS,207,623
AUS,207,624
AUS,207,625
AUS,207,626
AUS,207,627
AUS,207,628
AUS,207,629
AUS,207,630
AUS,207,631
AUS,207,632
AUS,207,633
AUS,207,634
AUS,207,644
AUS,207,645
AUS,207,646
AUS,207,647
AUS,207,648
VUT,207,694
VUT,207,695
WSM,208,15
WSM,208,16
WSM,208,17
WSM,208,18
PER,208,208
PER,208,209
PER,208,210
PER,208,211
PER,208,212
PER,208,213
PER,208,214
PER,208,215
PER,208,216
PER,208,217
PER,208,218
PER,208,219
PER,208,220
PER,208,221
PER,208,222
BOL,208,223
BOL,208,224
BOL,208,225
BOL,208,226
BOL,208,227
BOL,208,228
BOL,208,229
BOL,208,230
BOL,208,231
BOL,208,232
BOL,208,233
BOL,208,234
BOL,208,235
BOL,208,236
BOL,208,237
BOL,208,238
,208,239
,208,240
BRA,208,241
BRA,208,242
BRA,208,243
BRA,208,244
BRA,208,245
BRA,208,246
BRA,208,247
BRA,208,248
BRA,208,249
BRA,208,250
BRA,208,251
BRA,208,252
BRA,208,253
BRA,208,254
BRA,208,255
BRA,208,256
BRA,208,257
BRA,208,258
BRA,208,259
BRA,208,260
BRA,208,261
BRA,208,262
BRA,208,263
BRA,208,264
BRA,208,265
BRA,208,266
BRA,208,267
BRA,208,268
BRA,208,269
BRA,208,270
BRA,208,271
BRA,208,272
BRA,208,273
BRA,208,274
BRA,208,275
BRA,208,276
BRA,208,277
BRA,208,278
BRA,208,279
BRA,208,280
BRA,208,281
BRA,208,282
BRA,208,283
AGO,208,385
AGO,208,386
AGO,208,387
AGO,208,388
AGO,208,389
AGO,208,390
AGO,208,391
AGO,208,392
AGO,208,393
AGO,208,394
AGO,208,395
AGO,208,396
AGO,208,397
AGO,208,398
AGO,208,399
AGO,208,400
AGO,208,401
AGO,208,402
AGO,208,403
AGO,208,404
ZMB,208,405
ZMB,208,406
ZMB,208,407
ZMB,208,408
ZMB,208,409
ZMB,208,410
ZMB,208,411
ZMB,208,412
ZMB,208,413
ZMB,208,414
ZMB,208,415
ZMB,208,416
ZMB,208,417
ZMB,208,418
ZMB,208,419
ZMB,208,420
ZMB,208,421
ZMB,208,422
ZMB,208,423
ZMB,208,424
ZMB,208,425
ZMB,208,426
MWI,208,427
MWI,208,428
MWI,208,429
MWI,208,430
MOZ,208,431
MOZ,208,432
MOZ,208,433
MOZ,208,434
MOZ,208,435
MOZ,208,436
MOZ,208,437
MOZ,208,438
MOZ,208,439
MOZ,208,440
MOZ,208,441
MOZ,208,442
MDG,208,456
MDG,208,457
MDG,208,458
MDG,208,459
MDG,208,460
MDG,208,461
AUS,208,613
AUS,208,614
AUS,208,615
AUS,208,620
AUS,208,621
AUS,208,622
AUS,208,623
AUS,208,624
AUS,208,625
AUS,208,626
AUS,208,627
AUS,208,628
AUS,208,629
AUS,208,630
AUS,208,631
AUS,208,632
AUS,208,633
AUS,208,634
AUS,208,644
AUS,208,645
AUS,208,646
AUS,208,647
AUS,208,648
VUT,208,695
VUT,208,696
WSM,209,17
WSM,209,18
ASM,209,19
ASM,209,22
PER,209,208
PER,209,209
PER,209,210
PER,209,211
PER,209,212
PER,209,213
PER,209,214
PER,209,215
PER,209,216
PER,209,217
PER,209,218
PER,209,219
PER,209,220
PER,209,221
PER,209,222
BOL,209,223
BOL,209,224
BOL,209,225
BOL,209,226
BOL,209,227
BOL,209,228
BOL,209,229
BOL,209,230
BOL,209,231
BOL,209,232
BOL,209,233
BOL,209,234
BOL,209,235
BOL,209,236
BOL,209,237
BOL,209,238
BOL,209,239
,209,240
BRA,209,241
BRA,209,242
BRA,209,243
BRA,209,244
BRA,209,245
BRA,209,246
BRA,209,247
BRA,209,248
BRA,209,249
BRA,209,250
BRA,209,251
BRA,209,252
BRA,209,253
BRA,209,254
BRA,209,255
BRA,209,256
BRA,209,257
BRA,209,258
BRA,209,259
BRA,209,260
BRA,209,261
BRA,209,262
BRA,209,263
BRA,209,264
BRA,209,265
BRA,209,266
BRA,209,267
BRA,209,268
BRA,209,269
BRA,209,270
BRA,209,271
BRA,209,272
BRA,209,273
BRA,209,274
BRA,209,275
BRA,209,276
BRA,209,277
BRA,209,278
BRA,209,279
BRA,209,280
BRA,209,281
BRA,209,282
BRA,209,283
AGO,209,385
AGO,209,386
AGO,209,387
AGO,209,388
AGO,209,389
AGO,209,390
AGO,209,391
AGO,209,392
AGO,209,393
AGO,209,394
AGO,209,395
AGO,209,396
AGO,209,397
AGO,209,398
AGO,209,399
AGO,209,400
AGO,209,401
AGO,209,402
AGO,209,403
AGO,209,404
ZMB,209,405
ZMB,209,406
ZMB,209,407
ZMB,209,408
ZMB,209,409
ZMB,209,410
ZMB,209,411
ZMB,209,412
ZMB,209,413
ZMB,209,414
ZMB,209,415
ZMB,209,416
ZMB,209,417
ZMB,209,418
ZMB,209,419
ZMB,209,420
ZMB,209,421
ZMB,209,422
ZMB,209,423
ZMB,209,424
ZMB,209,425
MOZ,209,426
MOZ,209,427
MWI,209,428
MWI,209,429
MWI,209,430
MWI,209,431
MOZ,209,432
MOZ,209,433
MOZ,209,434
MOZ,209,435
MOZ,209,436
MOZ,209,437
MOZ,209,438
MOZ,209,439
MOZ,209,440
MOZ,209,441
MOZ,209,442
MDG,209,456
MDG,209,457
MDG,209,458
MDG,209,459
MDG,209,460
MDG,209,461
AUS,209,611
AUS,209,612
AUS,209,613
AUS,209,614
AUS,209,615
AUS,209,616
AUS,209,619
AUS,209,620
AUS,209,621
AUS,209,622
AUS,209,623
AUS,209,624
AUS,209,625
AUS,209,626
AUS,209,627
AUS,209,628
AUS,209,629
AUS,209,630
AUS,209,631
AUS,209,632
AUS,209,633
AUS,209,634
AUS,209,644
AUS,209,645
AUS,209,646
AUS,209,647
AUS,209,648
AUS,209,649
AUS,209,650
VUT,209,695
VUT,209,696
PYF,210,70
PER,210,209
PER,210,210
PER,210,211
PER,210,212
PER,210,213
PER,210,214
PER,210,215
PER,210,216
PER,210,217
PER,210,218
PER,210,219
PER,210,220
PER,210,221
BOL,210,222
BOL,210,223
BOL,210,224
BOL,210,225
BOL,210,226
BOL,210,227
BOL,210,228
BOL,210,229
BOL,210,230
BOL,210,231
BOL,210,232
BOL,210,233
BOL,210,234
BOL,210,235
BOL,210,236
BOL,210,237
BOL,210,238
BOL,210,239
,210,240
BRA,210,241
BRA,210,242
BRA,210,243
BRA,210,244
BRA,210,245
BRA,210,246
BRA,210,247
BRA,210,248
BRA,210,249
BRA,210,250
BRA,210,251
BRA,210,252
BRA,210,253
BRA,210,254
BRA,210,255
BRA,210,256
BRA,210,257
BRA,210,258
BRA,210,259
BRA,210,260
BRA,210,261
BRA,210,262
BRA,210,263
BRA,210,264
BRA,210,265
BRA,210,266
BRA,210,267
BRA,210,268
BRA,210,269
BRA,210,270
BRA,210,271
BRA,210,272
BRA,210,273
BRA,210,274
BRA,210,275
BRA,210,276
BRA,210,277
BRA,210,278
BRA,210,279
BRA,210,280
BRA,210,281
BRA,210,282
AGO,210,385
AGO,210,386
AGO,210,387
AGO,210,388
AGO,210,389
AGO,210,390
AGO,210,391
AGO,210,392
AGO,210,393
AGO,210,394
AGO,210,395
AGO,210,396
AGO,210,397
AGO,210,398
AGO,210,399
AGO,210,400
AGO,210,401
AGO,210,402
AGO,210,403
AGO,210,404
ZMB,210,405
ZMB,210,406
ZMB,210,407
ZMB,210,408
ZMB,210,409
ZMB,210,410
ZMB,210,411
ZMB,210,412
ZMB,210,413
ZMB,210,414
ZMB,210,415
ZMB,210,416
ZMB,210,417
ZMB,210,418
ZMB,210,419
ZMB,210,420
ZMB,210,421
ZMB,210,422
MOZ,210,423
MOZ,210,424
MOZ,210,425
MOZ,210,426
MOZ,210,427
MOZ,210,428
MOZ,210,429
MWI,210,430
MWI,210,431
MWI,210,432
MOZ,210,433
MOZ,210,434
MOZ,210,435
MOZ,210,436
MOZ,210,437
MOZ,210,438
MOZ,210,439
MOZ,210,440
MOZ,210,441
MOZ,210,442
MDG,210,455
MDG,210,456
MDG,210,457
MDG,210,458
MDG,210,459
MDG,210,460
MDG,210,461
AUS,210,611
AUS,210,612
AUS,210,613
AUS,210,614
AUS,210,615
AUS,210,616
AUS,210,617
AUS,210,618
AUS,210,619
AUS,210,620
AUS,210,621
AUS,210,622
AUS,210,623
AUS,210,624
AUS,210,625
AUS,210,626
AUS,210,627
AUS,210,628
AUS,210,629
AUS,210,630
AUS,210,631
AUS,210,632
AUS,210,644
AUS,210,645
AUS,210,646
AUS,210,647
AUS,210,648
AUS,210,649
AUS,210,650
AUS,210,651
VUT,210,694
VUT,210,695
VUT,210,697
PER,211,210
PER,211,211
PER,211,212
PER,211,213
PER,211,214
PER,211,215
PER,211,216
PER,211,217
PER,211,218
PER,211,219
PER,211,220
PER,211,221
PER,211,222
BOL,211,223
BOL,211,224
BOL,211,225
BOL,211,226
BOL,211,227
BOL,211,228
BOL,211,229
BOL,211,230
BOL,211,231
BOL,211,232
BOL,211,233
BOL,211,234
BOL,211,235
BOL,211,236
BOL,211,237
BOL,211,238
,211,239
,211,240
BRA,211,241
BRA,211,242
BRA,211,243
BRA,211,244
BRA,211,245
BRA,211,246
BRA,211,247
BRA,211,248
BRA,211,249
BRA,211,250
BRA,211,251
BRA,211,252
BRA,211,253
BRA,211,254
BRA,211,255
BRA,211,256
BRA,211,257
BRA,211,258
BRA,211,259
BRA,211,260
BRA,211,261
BRA,211,262
BRA,211,263
BRA,211,264
BRA,211,265
BRA,211,266
BRA,211,267
BRA,211,268
BRA,211,269
BRA,211,270
BRA,211,271
BRA,211,272
BRA,211,273
BRA,211,274
BRA,211,275
BRA,211,276
BRA,211,277
BRA,211,278
BRA,211,279
BRA,211,280
BRA,211,281
BRA,211,282
BRA,211,283
AGO,211,385
AGO,211,386
AGO,211,387
AGO,211,388
AGO,211,389
AGO,211,390
AGO,211,391
AGO,211,392
AGO,211,393
AGO,211,394
AGO,211,395
AGO,211,396
AGO,211,397
AGO,211,398
AGO,211,399
AGO,211,400
AGO,211,401
AGO,211,402
AGO,211,403
AGO,211,404
ZMB,211,405
ZMB,211,406
ZMB,211,407
ZMB,211,408
ZMB,211,409
ZMB,211,410
ZMB,211,411
ZMB,211,412
ZMB,211,413
ZMB,211,414
ZMB,211,415
ZMB,211,416
ZMB,211,417
ZMB,211,418
ZMB,211,419
ZMB,211,420
ZMB,211,421
MOZ,211,422
MOZ,211,423
MOZ,211,424
MOZ,211,425
MOZ,211,426
MOZ,211,427
MOZ,211,428
MOZ,211,429
MWI,211,430
MWI,211,431
MWI,211,432
MOZ,211,433
MOZ,211,434
MOZ,211,435
MOZ,211,436
MOZ,211,437
MOZ,211,438
MOZ,211,439
MOZ,211,440
MOZ,211,441
MOZ,211,442
MDG,211,454
MDG,211,455
MDG,211,456
MDG,211,457
MDG,211,458
MDG,211,459
MDG,211,460
MDG,211,461
MDG,211,462
AUS,211,609
AUS,211,610
AUS,211,611
AUS,211,612
AUS,211,613
AUS,211,614
AUS,211,615
AUS,211,616
AUS,211,617
AUS,211,618
AUS,211,619
AUS,211,620
AUS,211,621
AUS,211,622
AUS,211,623
AUS,211,624
AUS,211,625
AUS,211,626
AUS,211,627
AUS,211,628
AUS,211,629
AUS,211,630
AUS,211,631
AUS,211,632
AUS,211,633
AUS,211,644
AUS,211,645
AUS,211,646
AUS,211,647
AUS,211,648
AUS,211,649
AUS,211,650
AUS,211,651
VUT,211,694
VUT,211,695
VUT,211,696
VUT,211,697
TON,212,9
PYF,212,64
PER,212,211
PER,212,212
PER,212,213
PER,212,214
PER,212,215
PER,212,216
PER,212,217
PER,212,218
PER,212,219
PER,212,220
PER,212,221
BOL,212,222
BOL,212,223
BOL,212,224
BOL,212,225
BOL,212,226
BOL,212,227
BOL,212,228
BOL,212,229
BOL,212,230
BOL,212,231
BOL,212,232
BOL,212,233
BOL,212,234
BOL,212,235
BOL,212,236
BOL,212,237
BOL,212,238
BOL,212,239
,212,240
BRA,212,241
BRA,212,242
BRA,212,243
BRA,212,244
BRA,212,245
BRA,212,246
BRA,212,247
BRA,212,248
BRA,212,249
BRA,212,250
BRA,212,251
BRA,212,252
BRA,212,253
BRA,212,254
BRA,212,255
BRA,212,256
BRA,212,257
BRA,212,258
BRA,212,259
BRA,212,260
BRA,212,261
BRA,212,262
BRA,212,263
BRA,212,264
BRA,212,265
BRA,212,266
BRA,212,267
BRA,212,268
BRA,212,269
BRA,212,270
BRA,212,271
BRA,212,272
BRA,212,273
BRA,212,274
BRA,212,275
BRA,212,276
BRA,212,277
BRA,212,278
BRA,212,279
BRA,212,280
BRA,212,281
BRA,212,282
BRA,212,283
AGO,212,384
AGO,212,385
AGO,212,386
AGO,212,387
AGO,212,388
AGO,212,389
AGO,212,390
AGO,212,391
AGO,212,392
AGO,212,393
AGO,212,394
AGO,212,395
AGO,212,396
AGO,212,397
AGO,212,398
AGO,212,399
AGO,212,400
AGO,212,401
AGO,212,402
AGO,212,403
AGO,212,404
ZMB,212,405
ZMB,212,406
ZMB,212,407
ZMB,212,408
ZMB,212,409
ZMB,212,410
ZMB,212,411
ZMB,212,412
ZMB,212,413
ZMB,212,414
ZMB,212,415
ZMB,212,416
ZMB,212,417
ZMB,212,418
ZMB,212,419
ZWE,212,420
ZWE,212,421
MOZ,212,422
MOZ,212,423
MOZ,212,424
MOZ,212,425
MOZ,212,426
MOZ,212,427
MOZ,212,428
MOZ,212,429
MWI,212,430
MWI,212,431
MWI,212,432
MOZ,212,433
MOZ,212,434
MOZ,212,435
MOZ,212,436
MOZ,212,437
MOZ,212,438
MOZ,212,439
MOZ,212,440
MOZ,212,441
MDG,212,451
MDG,212,452
MDG,212,453
MDG,212,454
MDG,212,455
MDG,212,456
MDG,212,457
MDG,212,458
MDG,212,459
MDG,212,460
MDG,212,461
AUS,212,609
AUS,212,610
AUS,212,611
AUS,212,612
AUS,212,613
AUS,212,614
AUS,212,615
AUS,212,616
AUS,212,617
AUS,212,618
AUS,212,619
AUS,212,620
AUS,212,621
AUS,212,622
AUS,212,623
AUS,212,624
AUS,212,625
AUS,212,626
AUS,212,627
AUS,212,628
AUS,212,629
AUS,212,630
AUS,212,631
AUS,212,632
AUS,212,633
AUS,212,634
AUS,212,635
AUS,212,643
AUS,212,644
AUS,212,645
AUS,212,646
AUS,212,647
AUS,212,648
AUS,212,649
AUS,212,650
AUS,212,651
VUT,212,694
VUT,212,695
VUT,212,697
FJI,213,1
PYF,213,57
PYF,213,68
PYF,213,69
PYF,213,76
PER,213,213
PER,213,214
PER,213,215
PER,213,216
PER,213,217
PER,213,218
PER,213,219
PER,213,220
PER,213,221
PER,213,222
BOL,213,223
BOL,213,224
BOL,213,225
BOL,213,226
BOL,213,227
BOL,213,228
BOL,213,229
BOL,213,230
BOL,213,231
BOL,213,232
BOL,213,233
BOL,213,234
BOL,213,235
BOL,213,236
BOL,213,237
BOL,213,238
BOL,213,239
,213,240
BRA,213,241
,213,242
,213,243
,213,244
BRA,213,245
BRA,213,246
BRA,213,247
BRA,213,248
BRA,213,249
BRA,213,250
BRA,213,251
BRA,213,252
BRA,213,253
BRA,213,254
BRA,213,255
BRA,213,256
BRA,213,257
BRA,213,258
BRA,213,259
BRA,213,260
BRA,213,261
BRA,213,262
BRA,213,263
BRA,213,264
BRA,213,265
BRA,213,266
BRA,213,267
BRA,213,268
BRA,213,269
BRA,213,270
BRA,213,271
BRA,213,272
BRA,213,273
BRA,213,274
BRA,213,275
BRA,213,276
BRA,213,277
BRA,213,278
BRA,213,279
BRA,213,280
BRA,213,281
BRA,213,282
BRA,213,283
AGO,213,384
AGO,213,385
AGO,213,386
AGO,213,387
AGO,213,388
AGO,213,389
AGO,213,390
AGO,213,391
AGO,213,392
AGO,213,393
AGO,213,394
AGO,213,395
AGO,213,396
AGO,213,397
AGO,213,398
AGO,213,399
AGO,213,400
AGO,213,401
AGO,213,402
AGO,213,403
AGO,213,404
ZMB,213,405
ZMB,213,406
ZMB,213,407
ZMB,213,408
ZMB,213,409
ZMB,213,410
ZMB,213,411
ZMB,213,412
ZMB,213,413
ZMB,213,414
ZMB,213,415
ZMB,213,416
ZMB,213,417
ZMB,213,418
ZWE,213,419
ZWE,213,420
ZWE,213,421
ZWE,213,422
ZWE,213,423
MOZ,213,424
MOZ,213,425
MOZ,213,426
MOZ,213,427
MOZ,213,428
MOZ,213,429
MWI,213,430
MWI,213,431
MOZ,213,432
MOZ,213,433
MOZ,213,434
MOZ,213,435
MOZ,213,436
MOZ,213,437
MOZ,213,438
MOZ,213,439
MOZ,213,440
MOZ,213,441
MDG,213,449
MDG,213,450
MDG,213,451
MDG,213,452
MDG,213,453
MDG,213,454
MDG,213,455
MDG,213,456
MDG,213,457
MDG,213,458
MDG,213,459
MDG,213,460
AUS,213,606
AUS,213,607
AUS,213,608
AUS,213,609
AUS,213,610
AUS,213,611
AUS,213,612
AUS,213,613
AUS,213,614
AUS,213,615
AUS,213,616
AUS,213,617
AUS,213,618
AUS,213,619
AUS,213,620
AUS,213,621
AUS,213,622
AUS,213,623
AUS,213,624
AUS,213,625
AUS,213,626
AUS,213,627
AUS,213,628
AUS,213,629
AUS,213,630
AUS,213,631
AUS,213,632
AUS,213,633
AUS,213,634
AUS,213,635
AUS,213,636
AUS,213,639
AUS,213,640
AUS,213,643
AUS,213,644
AUS,213,645
AUS,213,646
AUS,213,647
AUS,213,648
AUS,213,649
AUS,213,650
AUS,213,651
VUT,213,695
VUT,213,696
VUT,213,697
FJI,213,718
FJI,213,719
FJI,213,720
FJI,214,1
PYF,214,58
PYF,214,59
PER,214,215
PER,214,216
PER,214,217
PER,214,218
PER,214,219
PER,214,220
PER,214,221
PER,214,222
BOL,214,223
BOL,214,224
BOL,214,225
BOL,214,226
BOL,214,227
BOL,214,228
BOL,214,229
BOL,214,230
BOL,214,231
BOL,214,232
BOL,214,233
BOL,214,234
BOL,214,235
BOL,214,236
BOL,214,237
BOL,214,238
BOL,214,239
BOL,214,240
BOL,214,241
BOL,214,242
BOL,214,243
,214,244
BRA,214,245
BRA,214,246
BRA,214,247
BRA,214,248
BRA,214,249
BRA,214,250
BRA,214,251
BRA,214,252
BRA,214,253
BRA,214,254
BRA,214,255
BRA,214,256
BRA,214,257
BRA,214,258
BRA,214,259
BRA,214,260
BRA,214,261
BRA,214,262
BRA,214,263
BRA,214,264
BRA,214,265
BRA,214,266
BRA,214,267
BRA,214,268
BRA,214,269
BRA,214,270
BRA,214,271
BRA,214,272
BRA,214,273
BRA,214,274
BRA,214,275
BRA,214,276
BRA,214,277
BRA,214,278
BRA,214,279
BRA,214,280
BRA,214,281
BRA,214,282
AGO,214,384
AGO,214,385
AGO,214,386
AGO,214,387
AGO,214,388
AGO,214,389
AGO,214,390
AGO,214,391
AGO,214,392
AGO,214,393
AGO,214,394
AGO,214,395
AGO,214,396
AGO,214,397
AGO,214,398
AGO,214,399
AGO,214,400
AGO,214,401
AGO,214,402
AGO,214,403
AGO,214,404
AGO,214,405
ZMB,214,406
ZMB,214,407
ZMB,214,408
ZMB,214,409
ZMB,214,410
ZMB,214,411
ZMB,214,412
ZMB,214,413
ZMB,214,414
ZMB,214,415
ZMB,214,416
ZWE,214,417
ZWE,214,418
ZWE,214,419
ZWE,214,420
ZWE,214,421
ZWE,214,422
ZWE,214,423
ZWE,214,424
ZWE,214,425
ZWE,214,426
MOZ,214,427
MOZ,214,428
MOZ,214,429
MOZ,214,430
MOZ,214,431
MOZ,214,432
MOZ,214,433
MOZ,214,434
MOZ,214,435
MOZ,214,436
MOZ,214,437
MOZ,214,438
MOZ,214,439
MOZ,214,440
MDG,214,449
MDG,214,450
MDG,214,451
MDG,214,452
MDG,214,453
MDG,214,454
MDG,214,455
MDG,214,456
MDG,214,457
MDG,214,458
MDG,214,459
MDG,214,460
MDG,214,461
AUS,214,605
AUS,214,606
AUS,214,607
AUS,214,608
AUS,214,609
AUS,214,610
AUS,214,611
AUS,214,612
AUS,214,613
AUS,214,614
AUS,214,615
AUS,214,616
AUS,214,617
AUS,214,618
AUS,214,619
AUS,214,620
AUS,214,621
AUS,214,622
AUS,214,623
AUS,214,624
AUS,214,625
AUS,214,626
AUS,214,627
AUS,214,628
AUS,214,629
AUS,214,630
AUS,214,631
AUS,214,632
AUS,214,633
AUS,214,634
AUS,214,635
AUS,214,636
AUS,214,637
AUS,214,638
AUS,214,639
AUS,214,640
AUS,214,643
AUS,214,644
AUS,214,645
AUS,214,646
AUS,214,647
AUS,214,648
AUS,214,649
AUS,214,650
AUS,214,651
AUS,214,652
VUT,214,695
VUT,214,696
VUT,214,697
VUT,214,698
FJI,214,715
FJI,214,716
FJI,214,717
FJI,214,718
FJI,214,719
FJI,214,720
FJI,215,2
FJI,215,3
PYF,215,61
PYF,215,62
PYF,215,78
PER,215,217
PER,215,218
PER,215,219
PER,215,220
PER,215,221
BOL,215,222
BOL,215,223
BOL,215,224
BOL,215,225
BOL,215,226
BOL,215,227
BOL,215,228
BOL,215,229
BOL,215,230
BOL,215,231
BOL,215,232
BOL,215,233
BOL,215,234
BOL,215,235
BOL,215,236
BOL,215,237
BOL,215,238
BOL,215,239
BOL,215,240
BOL,215,241
BOL,215,242
BOL,215,243
,215,244
BRA,215,245
BRA,215,246
BRA,215,247
BRA,215,248
BRA,215,249
BRA,215,250
BRA,215,251
BRA,215,252
BRA,215,253
BRA,215,254
BRA,215,255
BRA,215,256
BRA,215,257
BRA,215,258
BRA,215,259
BRA,215,260
BRA,215,261
BRA,215,262
BRA,215,263
BRA,215,264
BRA,215,265
BRA,215,266
BRA,215,267
BRA,215,268
BRA,215,269
BRA,215,270
BRA,215,271
BRA,215,272
BRA,215,273
BRA,215,274
BRA,215,275
BRA,215,276
BRA,215,277
BRA,215,278
BRA,215,279
BRA,215,280
BRA,215,281
BRA,215,282
NAM,215,384
NAM,215,385
NAM,215,386
NAM,215,387
NAM,215,388
AGO,215,389
AGO,215,390
AGO,215,391
AGO,215,392
AGO,215,393
AGO,215,394
AGO,215,395
AGO,215,396
AGO,215,397
AGO,215,398
AGO,215,399
AGO,215,400
AGO,215,401
AGO,215,402
AGO,215,403
AGO,215,404
AGO,215,405
AGO,215,406
ZMB,215,407
ZMB,215,408
ZMB,215,409
ZMB,215,410
ZMB,215,411
ZMB,215,412
ZMB,215,413
ZMB,215,414
ZMB,215,415
ZWE,215,416
ZWE,215,417
ZWE,215,418
ZWE,215,419
ZWE,215,420
ZWE,215,421
ZWE,215,422
ZWE,215,423
ZWE,215,424
ZWE,215,425
ZWE,215,426
MOZ,215,427
MOZ,215,428
MOZ,215,429
MOZ,215,430
MOZ,215,431
MOZ,215,432
MOZ,215,433
MOZ,215,434
MOZ,215,435
MOZ,215,436
MOZ,215,437
MOZ,215,438
MDG,215,448
MDG,215,449
MDG,215,450
MDG,215,451
MDG,215,452
MDG,215,453
MDG,215,454
MDG,215,455
MDG,215,456
MDG,215,457
MDG,215,458
MDG,215,459
MDG,215,460
AUS,215,605
AUS,215,606
AUS,215,607
AUS,215,608
AUS,215,609
AUS,215,610
AUS,215,611
AUS,215,612
AUS,215,613
AUS,215,614
AUS,215,615
AUS,215,616
AUS,215,617
AUS,215,618
AUS,215,619
AUS,215,620
AUS,215,621
AUS,215,622
AUS,215,623
AUS,215,624
AUS,215,625
AUS,215,626
AUS,215,627
AUS,215,628
AUS,215,629
AUS,215,630
AUS,215,631
AUS,215,632
AUS,215,633
AUS,215,634
AUS,215,635
AUS,215,636
AUS,215,637
AUS,215,638
AUS,215,639
AUS,215,640
AUS,215,642
AUS,215,643
AUS,215,644
AUS,215,645
AUS,215,646
AUS,215,647
AUS,215,648
AUS,215,649
AUS,215,650
AUS,215,651
AUS,215,652
AUS,215,653
VUT,215,697
FJI,215,715
FJI,215,716
FJI,215,717
FJI,215,719
FJI,216,2
FJI,216,4
PYF,216,61
PYF,216,62
PYF,216,79
PER,216,218
PER,216,219
PER,216,220
PER,216,221
BOL,216,222
BOL,216,223
BOL,216,224
BOL,216,225
BOL,216,226
BOL,216,227
BOL,216,228
BOL,216,229
BOL,216,230
BOL,216,231
BOL,216,232
BOL,216,233
BOL,216,234
BOL,216,235
BOL,216,236
BOL,216,237
BOL,216,238
BOL,216,239
BOL,216,240
BOL,216,241
BOL,216,242
BOL,216,243
BOL,216,244
,216,245
BRA,216,246
BRA,216,247
BRA,216,248
BRA,216,249
BRA,216,250
BRA,216,251
BRA,216,252
BRA,216,253
BRA,216,254
BRA,216,255
BRA,216,256
BRA,216,257
BRA,216,258
BRA,216,259
BRA,216,260
BRA,216,261
BRA,216,262
BRA,216,263
BRA,216,264
BRA,216,265
BRA,216,266
BRA,216,267
BRA,216,268
BRA,216,269
BRA,216,270
BRA,216,271
BRA,216,272
BRA,216,273
BRA,216,274
BRA,216,275
BRA,216,276
BRA,216,277
BRA,216,278
BRA,216,279
BRA,216,280
BRA,216,281
BRA,216,282
NAM,216,384
NAM,216,385
NAM,216,386
NAM,216,387
NAM,216,388
NAM,216,389
NAM,216,390
NAM,216,391
NAM,216,392
NAM,216,393
NAM,216,394
NAM,216,395
NAM,216,396
NAM,216,397
NAM,216,398
AGO,216,399
AGO,216,400
AGO,216,401
AGO,216,402
AGO,216,403
AGO,216,404
AGO,216,405
NAM,216,406
NAM,216,407
NAM,216,408
NAM,216,409
NAM,216,410
ZMB,216,411
ZMB,216,412
ZMB,216,413
ZMB,216,414
ZWE,216,415
ZWE,216,416
ZWE,216,417
ZWE,216,418
ZWE,216,419
ZWE,216,420
ZWE,216,421
ZWE,216,422
ZWE,216,423
ZWE,216,424
ZWE,216,425
ZWE,216,426
MOZ,216,427
MOZ,216,428
MOZ,216,429
MOZ,216,430
MOZ,216,431
MOZ,216,432
MOZ,216,433
MOZ,216,434
MOZ,216,435
MOZ,216,436
MDG,216,448
MDG,216,449
MDG,216,450
MDG,216,451
MDG,216,452
MDG,216,453
MDG,216,454
MDG,216,455
MDG,216,456
MDG,216,457
MDG,216,458
MDG,216,459
MDG,216,460
AUS,216,605
AUS,216,606
AUS,216,607
AUS,216,608
AUS,216,609
AUS,216,610
AUS,216,611
AUS,216,612
AUS,216,613
AUS,216,614
AUS,216,615
AUS,216,616
AUS,216,617
AUS,216,618
AUS,216,619
AUS,216,620
AUS,216,621
AUS,216,622
AUS,216,623
AUS,216,624
AUS,216,625
AUS,216,626
AUS,216,627
AUS,216,628
AUS,216,629
AUS,216,630
AUS,216,631
AUS,216,632
AUS,216,633
AUS,216,634
AUS,216,635
AUS,216,636
AUS,216,637
AUS,216,638
AUS,216,639
AUS,216,640
AUS,216,641
AUS,216,642
AUS,216,643
AUS,216,644
AUS,216,645
AUS,216,646
AUS,216,647
AUS,216,648
AUS,216,649
AUS,216,650
AUS,216,651
AUS,216,652
AUS,216,653
VUT,216,697
VUT,216,698
FJI,216,715
FJI,216,716
FJI,216,717
FJI,216,718
FJI,216,719
FJI,217,3
PER,217,219
PER,217,220
CHL,217,221
CHL,217,222
BOL,217,223
BOL,217,224
BOL,217,225
BOL,217,226
BOL,217,227
BOL,217,228
BOL,217,229
BOL,217,230
BOL,217,231
BOL,217,232
BOL,217,233
BOL,217,234
BOL,217,235
BOL,217,236
BOL,217,237
BOL,217,238
BOL,217,239
BOL,217,240
BOL,217,241
BOL,217,242
BOL,217,243
BOL,217,244
,217,245
BRA,217,246
BRA,217,247
BRA,217,248
BRA,217,249
BRA,217,250
BRA,217,251
BRA,217,252
BRA,217,253
BRA,217,254
BRA,217,255
BRA,217,256
BRA,217,257
BRA,217,258
BRA,217,259
BRA,217,260
BRA,217,261
BRA,217,262
BRA,217,263
BRA,217,264
BRA,217,265
BRA,217,266
BRA,217,267
BRA,217,268
BRA,217,269
BRA,217,270
BRA,217,271
BRA,217,272
BRA,217,273
BRA,217,274
BRA,217,275
BRA,217,276
BRA,217,277
BRA,217,278
BRA,217,279
BRA,217,280
BRA,217,281
NAM,217,384
NAM,217,385
NAM,217,386
NAM,217,387
NAM,217,388
NAM,217,389
NAM,217,390
NAM,217,391
NAM,217,392
NAM,217,393
NAM,217,394
NAM,217,395
NAM,217,396
NAM,217,397
NAM,217,398
NAM,217,399
NAM,217,400
NAM,217,401
NAM,217,402
NAM,217,403
BWA,217,404
BWA,217,405
BWA,217,406
BWA,217,407
NAM,217,408
BWA,217,409
BWA,217,410
BWA,217,411
ZWE,217,412
ZWE,217,413
ZWE,217,414
ZWE,217,415
ZWE,217,416
ZWE,217,417
ZWE,217,418
ZWE,217,419
ZWE,217,420
ZWE,217,421
ZWE,217,422
ZWE,217,423
ZWE,217,424
ZWE,217,425
ZWE,217,426
MOZ,217,427
MOZ,217,428
MOZ,217,429
MOZ,217,430
MOZ,217,431
MOZ,217,432
MOZ,217,433
MOZ,217,434
MDG,217,449
MDG,217,450
MDG,217,451
MDG,217,452
MDG,217,453
MDG,217,454
MDG,217,455
MDG,217,456
MDG,217,457
MDG,217,458
MDG,217,459
AUS,217,604
AUS,217,605
AUS,217,606
AUS,217,607
AUS,217,608
AUS,217,609
AUS,217,610
AUS,217,611
AUS,217,612
AUS,217,613
AUS,217,614
AUS,217,615
AUS,217,616
AUS,217,617
AUS,217,618
AUS,217,619
AUS,217,620
AUS,217,621
AUS,217,622
AUS,217,623
AUS,217,624
AUS,217,625
AUS,217,626
AUS,217,627
AUS,217,628
AUS,217,629
AUS,217,630
AUS,217,631
AUS,217,632
AUS,217,633
AUS,217,634
AUS,217,635
AUS,217,636
AUS,217,637
AUS,217,638
AUS,217,639
AUS,217,640
AUS,217,641
AUS,217,642
AUS,217,643
AUS,217,644
AUS,217,645
AUS,217,646
AUS,217,647
AUS,217,648
AUS,217,649
AUS,217,650
AUS,217,651
AUS,217,652
AUS,217,653
FJI,217,715
FJI,217,716
FJI,217,717
FJI,217,718
FJI,217,719
FJI,218,1
FJI,218,3
FJI,218,4
TON,218,11
TON,218,12
TON,218,13
CHL,218,220
CHL,218,221
CHL,218,222
BOL,218,223
BOL,218,224
BOL,218,225
BOL,218,226
BOL,218,227
BOL,218,228
BOL,218,229
BOL,218,230
BOL,218,231
BOL,218,232
BOL,218,233
BOL,218,234
BOL,218,235
BOL,218,236
BOL,218,237
BOL,218,238
BOL,218,239
BOL,218,240
BOL,218,241
BOL,218,242
BOL,218,243
BOL,218,244
,218,245
BRA,218,246
BRA,218,247
BRA,218,248
BRA,218,249
BRA,218,250
BRA,218,251
BRA,218,252
BRA,218,253
BRA,218,254
BRA,218,255
BRA,218,256
BRA,218,257
BRA,218,258
BRA,218,259
BRA,218,260
BRA,218,261
BRA,218,262
BRA,218,263
BRA,218,264
BRA,218,265
BRA,218,266
BRA,218,267
BRA,218,268
BRA,218,269
BRA,218,270
BRA,218,271
BRA,218,272
BRA,218,273
BRA,218,274
BRA,218,275
BRA,218,276
BRA,218,277
BRA,218,278
BRA,218,279
BRA,218,280
BRA,218,281
NAM,218,385
NAM,218,386
NAM,218,387
NAM,218,388
NAM,218,389
NAM,218,390
NAM,218,391
NAM,218,392
NAM,218,393
NAM,218,394
NAM,218,395
NAM,218,396
NAM,218,397
NAM,218,398
NAM,218,399
NAM,218,400
NAM,218,401
NAM,218,402
BWA,218,403
BWA,218,404
BWA,218,405
BWA,218,406
BWA,218,407
BWA,218,408
BWA,218,409
BWA,218,410
BWA,218,411
BWA,218,412
ZWE,218,413
ZWE,218,414
ZWE,218,415
ZWE,218,416
ZWE,218,417
ZWE,218,418
ZWE,218,419
ZWE,218,420
ZWE,218,421
ZWE,218,422
ZWE,218,423
ZWE,218,424
ZWE,218,425
ZWE,218,426
MOZ,218,427
MOZ,218,428
MOZ,218,429
MOZ,218,430
MOZ,218,431
MOZ,218,432
MOZ,218,433
MOZ,218,434
MDG,218,449
MDG,218,450
MDG,218,451
MDG,218,452
MDG,218,453
MDG,218,454
MDG,218,455
MDG,218,456
MDG,218,457
MDG,218,458
MDG,218,459
AUS,218,604
AUS,218,605
AUS,218,606
AUS,218,607
AUS,218,608
AUS,218,609
AUS,218,610
AUS,218,611
AUS,218,612
AUS,218,613
AUS,218,614
AUS,218,615
AUS,218,616
AUS,218,617
AUS,218,618
AUS,218,619
AUS,218,620
AUS,218,621
AUS,218,622
AUS,218,623
AUS,218,624
AUS,218,625
AUS,218,626
AUS,218,627
AUS,218,628
AUS,218,629
AUS,218,630
AUS,218,631
AUS,218,632
AUS,218,633
AUS,218,634
AUS,218,635
AUS,218,636
AUS,218,637
AUS,218,638
AUS,218,639
AUS,218,640
AUS,218,641
AUS,218,642
AUS,218,643
AUS,218,644
AUS,218,645
AUS,218,646
AUS,218,647
AUS,218,648
AUS,218,649
AUS,218,650
AUS,218,651
AUS,218,652
AUS,218,653
AUS,218,654
VUT,218,699
FJI,218,716
FJI,218,717
FJI,218,718
FJI,218,720
FJI,219,4
PYF,219,78
PYF,219,82
CHL,219,220
CHL,219,221
CHL,219,222
CHL,219,223
BOL,219,224
BOL,219,225
BOL,219,226
BOL,219,227
BOL,219,228
BOL,219,229
BOL,219,230
BOL,219,231
BOL,219,232
BOL,219,233
BOL,219,234
BOL,219,235
BOL,219,236
BOL,219,237
BOL,219,238
BOL,219,239
BOL,219,240
BOL,219,241
BOL,219,242
BOL,219,243
BOL,219,244
,219,245
BRA,219,246
BRA,219,247
BRA,219,248
BRA,219,249
BRA,219,250
BRA,219,251
BRA,219,252
BRA,219,253
BRA,219,254
BRA,219,255
BRA,219,256
BRA,219,257
BRA,219,258
BRA,219,259
BRA,219,260
BRA,219,261
BRA,219,262
BRA,219,263
BRA,219,264
BRA,219,265
BRA,219,266
BRA,219,267
BRA,219,268
BRA,219,269
BRA,219,270
BRA,219,271
BRA,219,272
BRA,219,273
BRA,219,274
BRA,219,275
BRA,219,276
BRA,219,277
BRA,219,278
BRA,219,279
BRA,219,280
BRA,219,281
NAM,219,386
NAM,219,387
NAM,219,388
NAM,219,389
NAM,219,390
NAM,219,391
NAM,219,392
NAM,219,393
NAM,219,394
NAM,219,395
NAM,219,396
NAM,219,397
NAM,219,398
NAM,219,399
NAM,219,400
NAM,219,401
NAM,219,402
BWA,219,403
BWA,219,404
BWA,219,405
BWA,219,406
BWA,219,407
BWA,219,408
BWA,219,409
BWA,219,410
BWA,219,411
BWA,219,412
ZWE,219,413
ZWE,219,414
ZWE,219,415
ZWE,219,416
ZWE,219,417
ZWE,219,418
ZWE,219,419
ZWE,219,420
ZWE,219,421
ZWE,219,422
ZWE,219,423
ZWE,219,424
ZWE,219,425
ZWE,219,426
MOZ,219,427
MOZ,219,428
MOZ,219,429
MOZ,219,430
MOZ,219,431
MOZ,219,432
MDG,219,449
MDG,219,450
MDG,219,451
MDG,219,452
MDG,219,453
MDG,219,454
MDG,219,455
MDG,219,456
MDG,219,457
MDG,219,458
MDG,219,459
AUS,219,603
AUS,219,604
AUS,219,605
AUS,219,606
AUS,219,607
AUS,219,608
AUS,219,609
AUS,219,610
AUS,219,611
AUS,219,612
AUS,219,613
AUS,219,614
AUS,219,615
AUS,219,616
AUS,219,617
AUS,219,618
AUS,219,619
AUS,219,620
AUS,219,621
AUS,219,622
AUS,219,623
AUS,219,624
AUS,219,625
AUS,219,626
AUS,219,627
AUS,219,628
AUS,219,629
AUS,219,630
AUS,219,631
AUS,219,632
AUS,219,633
AUS,219,634
AUS,219,635
AUS,219,636
AUS,219,637
AUS,219,638
AUS,219,639
AUS,219,640
AUS,219,641
AUS,219,642
AUS,219,643
AUS,219,644
AUS,219,645
AUS,219,646
AUS,219,647
AUS,219,648
AUS,219,649
AUS,219,650
AUS,219,651
AUS,219,652
AUS,219,653
AUS,219,654
AUS,219,655
AUS,219,656
VUT,219,699
FJI,219,717
TON,220,10
TON,220,12
CHL,220,220
CHL,220,221
CHL,220,222
CHL,220,223
BOL,220,224
BOL,220,225
BOL,220,226
BOL,220,227
BOL,220,228
BOL,220,229
BOL,220,230
BOL,220,231
BOL,220,232
BOL,220,233
BOL,220,234
BOL,220,235
BOL,220,236
BOL,220,237
PRY,220,238
PRY,220,239
PRY,220,240
PRY,220,241
PRY,220,242
PRY,220,243
,220,244
,220,245
BRA,220,246
BRA,220,247
BRA,220,248
BRA,220,249
BRA,220,250
BRA,220,251
BRA,220,252
BRA,220,253
BRA,220,254
BRA,220,255
BRA,220,256
BRA,220,257
BRA,220,258
BRA,220,259
BRA,220,260
BRA,220,261
BRA,220,262
BRA,220,263
BRA,220,264
BRA,220,265
BRA,220,266
BRA,220,267
BRA,220,268
BRA,220,269
BRA,220,270
BRA,220,271
BRA,220,272
BRA,220,273
BRA,220,274
BRA,220,275
BRA,220,276
BRA,220,277
BRA,220,278
BRA,220,279
BRA,220,280
BRA,220,281
NAM,220,386
NAM,220,387
NAM,220,388
NAM,220,389
NAM,220,390
NAM,220,391
NAM,220,392
NAM,220,393
NAM,220,394
NAM,220,395
NAM,220,396
NAM,220,397
NAM,220,398
NAM,220,399
NAM,220,400
NAM,220,401
NAM,220,402
BWA,220,403
BWA,220,404
BWA,220,405
BWA,220,406
BWA,220,407
BWA,220,408
BWA,220,409
BWA,220,410
BWA,220,411
BWA,220,412
BWA,220,413
ZWE,220,414
ZWE,220,415
ZWE,220,416
ZWE,220,417
ZWE,220,418
ZWE,220,419
ZWE,220,420
ZWE,220,421
ZWE,220,422
ZWE,220,423
ZWE,220,424
ZWE,220,425
ZWE,220,426
MOZ,220,427
MOZ,220,428
MOZ,220,429
MOZ,220,430
MOZ,220,431
MDG,220,449
MDG,220,450
MDG,220,451
MDG,220,452
MDG,220,453
MDG,220,454
MDG,220,455
MDG,220,456
MDG,220,457
MDG,220,458
MUS,220,476
MUS,220,487
AUS,220,599
AUS,220,600
AUS,220,601
AUS,220,602
AUS,220,603
AUS,220,604
AUS,220,605
AUS,220,606
AUS,220,607
AUS,220,608
AUS,220,609
AUS,220,610
AUS,220,611
AUS,220,612
AUS,220,613
AUS,220,614
AUS,220,615
AUS,220,616
AUS,220,617
AUS,220,618
AUS,220,619
AUS,220,620
AUS,220,621
AUS,220,622
AUS,220,623
AUS,220,624
AUS,220,625
AUS,220,626
AUS,220,627
AUS,220,628
AUS,220,629
AUS,220,630
AUS,220,631
AUS,220,632
AUS,220,633
AUS,220,634
AUS,220,635
AUS,220,636
AUS,220,637
AUS,220,638
AUS,220,639
AUS,220,640
AUS,220,641
AUS,220,642
AUS,220,643
AUS,220,644
AUS,220,645
AUS,220,646
AUS,220,647
AUS,220,648
AUS,220,649
AUS,220,650
AUS,220,651
AUS,220,652
AUS,220,653
AUS,220,654
AUS,220,655
AUS,220,656
AUS,220,657
NCL,220,688
VUT,220,699
CHL,221,220
CHL,221,221
CHL,221,222
CHL,221,223
BOL,221,224
BOL,221,225
BOL,221,226
BOL,221,227
BOL,221,228
BOL,221,229
BOL,221,230
BOL,221,231
BOL,221,232
BOL,221,233
BOL,221,234
BOL,221,235
BOL,221,236
PRY,221,237
PRY,221,238
PRY,221,239
PRY,221,240
PRY,221,241
PRY,221,242
PRY,221,243
,221,244
,221,245
BRA,221,246
BRA,221,247
BRA,221,248
BRA,221,249
BRA,221,250
BRA,221,251
BRA,221,252
BRA,221,253
BRA,221,254
BRA,221,255
BRA,221,256
BRA,221,257
BRA,221,258
BRA,221,259
BRA,221,260
BRA,221,261
BRA,221,262
BRA,221,263
BRA,221,264
BRA,221,265
BRA,221,266
BRA,221,267
BRA,221,268
BRA,221,269
BRA,221,270
BRA,221,271
BRA,221,272
BRA,221,273
BRA,221,274
BRA,221,275
BRA,221,276
BRA,221,277
BRA,221,278
BRA,221,279
BRA,221,280
NAM,221,387
NAM,221,388
NAM,221,389
NAM,221,390
NAM,221,391
NAM,221,392
NAM,221,393
NAM,221,394
NAM,221,395
NAM,221,396
NAM,221,397
NAM,221,398
NAM,221,399
NAM,221,400
NAM,221,401
NAM,221,402
BWA,221,403
BWA,221,404
BWA,221,405
BWA,221,406
BWA,221,407
BWA,221,408
BWA,221,409
BWA,221,410
BWA,221,411
BWA,221,412
BWA,221,413
BWA,221,414
BWA,221,415
ZWE,221,416
ZWE,221,417
ZWE,221,418
ZWE,221,419
ZWE,221,420
ZWE,221,421
ZWE,221,422
ZWE,221,423
ZWE,221,424
ZWE,221,425
ZWE,221,426
MOZ,221,427
MOZ,221,428
MOZ,221,429
MOZ,221,430
MDG,221,449
MDG,221,450
MDG,221,451
MDG,221,452
MDG,221,453
MDG,221,454
MDG,221,455
MDG,221,456
MDG,221,457
MDG,221,458
MUS,221,475
MUS,221,476
AUS,221,596
AUS,221,597
AUS,221,598
AUS,221,599
AUS,221,600
AUS,221,601
AUS,221,602
AUS,221,603
AUS,221,604
AUS,221,605
AUS,221,606
AUS,221,607
AUS,221,608
AUS,221,609
AUS,221,610
AUS,221,611
AUS,221,612
AUS,221,613
AUS,221,614
AUS,221,615
AUS,221,616
AUS,221,617
AUS,221,618
AUS,221,619
AUS,221,620
AUS,221,621
AUS,221,622
AUS,221,623
AUS,221,624
AUS,221,625
AUS,221,626
AUS,221,627
AUS,221,628
AUS,221,629
AUS,221,630
AUS,221,631
AUS,221,632
AUS,221,633
AUS,221,634
AUS,221,635
AUS,221,636
AUS,221,637
AUS,221,638
AUS,221,639
AUS,221,640
AUS,221,641
AUS,221,642
AUS,221,643
AUS,221,644
AUS,221,645
AUS,221,646
AUS,221,647
AUS,221,648
AUS,221,649
AUS,221,650
AUS,221,651
AUS,221,652
AUS,221,653
AUS,221,654
AUS,221,655
AUS,221,656
AUS,221,657
AUS,221,658
AUS,221,659
NCL,221,688
NCL,221,689
NCL,221,690
NCL,221,694
VUT,221,700
CHL,222,220
CHL,222,221
CHL,222,222
CHL,222,223
BOL,222,224
BOL,222,225
BOL,222,226
BOL,222,227
BOL,222,228
BOL,222,229
BOL,222,230
BOL,222,231
BOL,222,232
BOL,222,233
BOL,222,234
BOL,222,235
BOL,222,236
PRY,222,237
PRY,222,238
PRY,222,239
PRY,222,240
PRY,222,241
PRY,222,242
PRY,222,243
PRY,222,244
BRA,222,245
BRA,222,246
BRA,222,247
BRA,222,248
BRA,222,249
BRA,222,250
BRA,222,251
BRA,222,252
BRA,222,253
BRA,222,254
BRA,222,255
BRA,222,256
BRA,222,257
BRA,222,258
BRA,222,259
BRA,222,260
BRA,222,261
BRA,222,262
BRA,222,263
BRA,222,264
BRA,222,265
BRA,222,266
BRA,222,267
BRA,222,268
BRA,222,269
BRA,222,270
BRA,222,271
BRA,222,272
BRA,222,273
BRA,222,274
BRA,222,275
BRA,222,276
BRA,222,277
BRA,222,278
BRA,222,279
BRA,222,280
NAM,222,387
NAM,222,388
NAM,222,389
NAM,222,390
NAM,222,391
NAM,222,392
NAM,222,393
NAM,222,394
NAM,222,395
NAM,222,396
NAM,222,397
NAM,222,398
NAM,222,399
NAM,222,400
NAM,222,401
NAM,222,402
BWA,222,403
BWA,222,404
BWA,222,405
BWA,222,406
BWA,222,407
BWA,222,408
BWA,222,409
BWA,222,410
BWA,222,411
BWA,222,412
BWA,222,413
BWA,222,414
BWA,222,415
ZWE,222,416
ZWE,222,417
ZWE,222,418
ZWE,222,419
ZWE,222,420
ZWE,222,421
ZWE,222,422
ZWE,222,423
ZWE,222,424
ZWE,222,425
MOZ,222,426
MOZ,222,427
MOZ,222,428
MOZ,222,429
MOZ,222,430
MOZ,222,431
MDG,222,448
MDG,222,449
MDG,222,450
MDG,222,451
MDG,222,452
MDG,222,453
MDG,222,454
MDG,222,455
MDG,222,456
MDG,222,457
MDG,222,458
FRA,222,471
FRA,222,472
AUS,222,591
AUS,222,593
AUS,222,594
AUS,222,595
AUS,222,596
AUS,222,597
AUS,222,598
AUS,222,599
AUS,222,600
AUS,222,601
AUS,222,602
AUS,222,603
AUS,222,604
AUS,222,605
AUS,222,606
AUS,222,607
AUS,222,608
AUS,222,609
AUS,222,610
AUS,222,611
AUS,222,612
AUS,222,613
AUS,222,614
AUS,222,615
AUS,222,616
AUS,222,617
AUS,222,618
AUS,222,619
AUS,222,620
AUS,222,621
AUS,222,622
AUS,222,623
AUS,222,624
AUS,222,625
AUS,222,626
AUS,222,627
AUS,222,628
AUS,222,629
AUS,222,630
AUS,222,631
AUS,222,632
AUS,222,633
AUS,222,634
AUS,222,635
AUS,222,636
AUS,222,637
AUS,222,638
AUS,222,639
AUS,222,640
AUS,222,641
AUS,222,642
AUS,222,643
AUS,222,644
AUS,222,645
AUS,222,646
AUS,222,647
AUS,222,648
AUS,222,649
AUS,222,650
AUS,222,651
AUS,222,652
AUS,222,653
AUS,222,654
AUS,222,655
AUS,222,656
AUS,222,657
AUS,222,658
AUS,222,659
NCL,222,689
NCL,222,690
NCL,222,691
NCL,222,694
NCL,222,695
TON,223,10
TON,223,11
PYF,223,90
CHL,223,220
CHL,223,221
CHL,223,222
CHL,223,223
CHL,223,224
BOL,223,225
BOL,223,226
BOL,223,227
BOL,223,228
BOL,223,229
BOL,223,230
BOL,223,231
BOL,223,232
BOL,223,233
BOL,223,234
BOL,223,235
PRY,223,236
PRY,223,237
PRY,223,238
PRY,223,239
PRY,223,240
PRY,223,241
PRY,223,242
PRY,223,243
PRY,223,244
BRA,223,245
BRA,223,246
BRA,223,247
BRA,223,248
BRA,223,249
BRA,223,250
BRA,223,251
BRA,223,252
BRA,223,253
BRA,223,254
BRA,223,255
BRA,223,256
BRA,223,257
BRA,223,258
BRA,223,259
BRA,223,260
BRA,223,261
BRA,223,262
BRA,223,263
BRA,223,264
BRA,223,265
BRA,223,266
BRA,223,267
BRA,223,268
BRA,223,269
BRA,223,270
BRA,223,271
BRA,223,272
BRA,223,273
BRA,223,274
BRA,223,275
BRA,223,276
BRA,223,277
BRA,223,278
BRA,223,279
NAM,223,388
NAM,223,389
NAM,223,390
NAM,223,391
NAM,223,392
NAM,223,393
NAM,223,394
NAM,223,395
NAM,223,396
NAM,223,397
NAM,223,398
NAM,223,399
NAM,223,400
NAM,223,401
NAM,223,402
BWA,223,403
BWA,223,404
BWA,223,405
BWA,223,406
BWA,223,407
BWA,223,408
BWA,223,409
BWA,223,410
BWA,223,411
BWA,223,412
BWA,223,413
BWA,223,414
BWA,223,415
BWA,223,416
ZWE,223,417
ZWE,223,418
ZWE,223,419
ZWE,223,420
ZWE,223,421
ZWE,223,422
ZWE,223,423
ZWE,223,424
ZWE,223,425
MOZ,223,426
MOZ,223,427
MOZ,223,428
MOZ,223,429
MOZ,223,430
MOZ,223,431
MDG,223,448
MDG,223,449
MDG,223,450
MDG,223,451
MDG,223,452
MDG,223,453
MDG,223,454
MDG,223,455
MDG,223,456
MDG,223,457
FRA,223,471
FRA,223,472
AUS,223,592
AUS,223,593
AUS,223,594
AUS,223,595
AUS,223,596
AUS,223,597
AUS,223,598
AUS,223,599
AUS,223,600
AUS,223,601
AUS,223,602
AUS,223,603
AUS,223,604
AUS,223,605
AUS,223,606
AUS,223,607
AUS,223,608
AUS,223,609
AUS,223,610
AUS,223,611
AUS,223,612
AUS,223,613
AUS,223,614
AUS,223,615
AUS,223,616
AUS,223,617
AUS,223,618
AUS,223,619
AUS,223,620
AUS,223,621
AUS,223,622
AUS,223,623
AUS,223,624
AUS,223,625
AUS,223,626
AUS,223,627
AUS,223,628
AUS,223,629
AUS,223,630
AUS,223,631
AUS,223,632
AUS,223,633
AUS,223,634
AUS,223,635
AUS,223,636
AUS,223,637
AUS,223,638
AUS,223,639
AUS,223,640
AUS,223,641
AUS,223,642
AUS,223,643
AUS,223,644
AUS,223,645
AUS,223,646
AUS,223,647
AUS,223,648
AUS,223,649
AUS,223,650
AUS,223,651
AUS,223,652
AUS,223,653
AUS,223,654
AUS,223,655
AUS,223,656
AUS,223,657
AUS,223,658
AUS,223,659
NCL,223,690
NCL,223,691
NCL,223,692
NCL,223,693
NCL,223,695
NCL,223,696
NCL,223,697
PYF,224,79
CHL,224,220
CHL,224,221
CHL,224,222
CHL,224,223
CHL,224,224
BOL,224,225
BOL,224,226
BOL,224,227
BOL,224,228
BOL,224,229
BOL,224,230
BOL,224,231
BOL,224,232
BOL,224,233
BOL,224,234
BOL,224,235
PRY,224,236
PRY,224,237
PRY,224,238
PRY,224,239
PRY,224,240
PRY,224,241
PRY,224,242
PRY,224,243
PRY,224,244
BRA,224,245
BRA,224,246
BRA,224,247
BRA,224,248
BRA,224,249
BRA,224,250
BRA,224,251
BRA,224,252
BRA,224,253
BRA,224,254
BRA,224,255
BRA,224,256
BRA,224,257
BRA,224,258
BRA,224,259
BRA,224,260
BRA,224,261
BRA,224,262
BRA,224,263
BRA,224,264
BRA,224,265
BRA,224,266
BRA,224,267
BRA,224,268
BRA,224,269
BRA,224,270
BRA,224,271
BRA,224,272
BRA,224,273
BRA,224,274
BRA,224,275
BRA,224,276
BRA,224,277
BRA,224,278
BRA,224,279
NAM,224,388
NAM,224,389
NAM,224,390
NAM,224,391
NAM,224,392
NAM,224,393
NAM,224,394
NAM,224,395
NAM,224,396
NAM,224,397
NAM,224,398
NAM,224,399
NAM,224,400
NAM,224,401
NAM,224,402
BWA,224,403
BWA,224,404
BWA,224,405
BWA,224,406
BWA,224,407
BWA,224,408
BWA,224,409
BWA,224,410
BWA,224,411
BWA,224,412
BWA,224,413
BWA,224,414
BWA,224,415
BWA,224,416
BWA,224,417
BWA,224,418
ZWE,224,419
ZWE,224,420
ZWE,224,421
ZWE,224,422
ZWE,224,423
ZWE,224,424
MOZ,224,425
MOZ,224,426
MOZ,224,427
MOZ,224,428
MOZ,224,429
MOZ,224,430
MOZ,224,431
MDG,224,447
MDG,224,448
MDG,224,449
MDG,224,450
MDG,224,451
MDG,224,452
MDG,224,453
MDG,224,454
MDG,224,455
MDG,224,456
MDG,224,457
AUS,224,588
AUS,224,589
AUS,224,590
AUS,224,591
AUS,224,592
AUS,224,593
AUS,224,594
AUS,224,595
AUS,224,596
AUS,224,597
AUS,224,598
AUS,224,599
AUS,224,600
AUS,224,601
AUS,224,602
AUS,224,603
AUS,224,604
AUS,224,605
AUS,224,606
AUS,224,607
AUS,224,608
AUS,224,609
AUS,224,610
AUS,224,611
AUS,224,612
AUS,224,613
AUS,224,614
AUS,224,615
AUS,224,616
AUS,224,617
AUS,224,618
AUS,224,619
AUS,224,620
AUS,224,621
AUS,224,622
AUS,224,623
AUS,224,624
AUS,224,625
AUS,224,626
AUS,224,627
AUS,224,628
AUS,224,629
AUS,224,630
AUS,224,631
AUS,224,632
AUS,224,633
AUS,224,634
AUS,224,635
AUS,224,636
AUS,224,637
AUS,224,638
AUS,224,639
AUS,224,640
AUS,224,641
AUS,224,642
AUS,224,643
AUS,224,644
AUS,224,645
AUS,224,646
AUS,224,647
AUS,224,648
AUS,224,649
AUS,224,650
AUS,224,651
AUS,224,652
AUS,224,653
AUS,224,654
AUS,224,655
AUS,224,656
AUS,224,657
AUS,224,658
AUS,224,659
AUS,224,660
AUS,224,661
NCL,224,691
NCL,224,692
NCL,224,693
NCL,224,694
NCL,224,696
NCL,224,697
FJI,224,710
CHL,225,220
CHL,225,221
CHL,225,222
CHL,225,223
CHL,225,224
BOL,225,225
BOL,225,226
BOL,225,227
ARG,225,228
ARG,225,229
ARG,225,230
ARG,225,231
BOL,225,232
ARG,225,233
ARG,225,234
ARG,225,235
PRY,225,236
PRY,225,237
PRY,225,238
PRY,225,239
PRY,225,240
PRY,225,241
PRY,225,242
PRY,225,243
PRY,225,244
PRY,225,245
PRY,225,246
PRY,225,247
PRY,225,248
BRA,225,249
BRA,225,250
BRA,225,251
BRA,225,252
BRA,225,253
BRA,225,254
BRA,225,255
BRA,225,256
BRA,225,257
BRA,225,258
BRA,225,259
BRA,225,260
BRA,225,261
BRA,225,262
BRA,225,263
BRA,225,264
BRA,225,265
BRA,225,266
BRA,225,267
BRA,225,268
BRA,225,269
BRA,225,270
BRA,225,271
BRA,225,272
BRA,225,273
BRA,225,274
BRA,225,275
BRA,225,276
BRA,225,277
BRA,225,278
NAM,225,389
NAM,225,390
NAM,225,391
NAM,225,392
NAM,225,393
NAM,225,394
NAM,225,395
NAM,225,396
NAM,225,397
NAM,225,398
NAM,225,399
NAM,225,400
BWA,225,401
BWA,225,402
BWA,225,403
BWA,225,404
BWA,225,405
BWA,225,406
BWA,225,407
BWA,225,408
BWA,225,409
BWA,225,410
BWA,225,411
BWA,225,412
BWA,225,413
BWA,225,414
BWA,225,415
BWA,225,416
BWA,225,417
BWA,225,418
ZAF,225,419
ZAF,225,420
ZWE,225,421
ZWE,225,422
ZWE,225,423
MOZ,225,424
MOZ,225,425
MOZ,225,426
MOZ,225,427
MOZ,225,428
MOZ,225,429
MOZ,225,430
MOZ,225,431
MOZ,225,432
MDG,225,447
MDG,225,448
MDG,225,449
MDG,225,450
MDG,225,451
MDG,225,452
MDG,225,453
MDG,225,454
MDG,225,455
MDG,225,456
MDG,225,457
AUS,225,588
AUS,225,589
AUS,225,590
AUS,225,591
AUS,225,592
AUS,225,593
AUS,225,594
AUS,225,595
AUS,225,596
AUS,225,597
AUS,225,598
AUS,225,599
AUS,225,600
AUS,225,601
AUS,225,602
AUS,225,603
AUS,225,604
AUS,225,605
AUS,225,606
AUS,225,607
AUS,225,608
AUS,225,609
AUS,225,610
AUS,225,611
AUS,225,612
AUS,225,613
AUS,225,614
AUS,225,615
AUS,225,616
AUS,225,617
AUS,225,618
AUS,225,619
AUS,225,620
AUS,225,621
AUS,225,622
AUS,225,623
AUS,225,624
AUS,225,625
AUS,225,626
AUS,225,627
AUS,225,628
AUS,225,629
AUS,225,630
AUS,225,631
AUS,225,632
AUS,225,633
AUS,225,634
AUS,225,635
AUS,225,636
AUS,225,637
AUS,225,638
AUS,225,639
AUS,225,640
AUS,225,641
AUS,225,642
AUS,225,643
AUS,225,644
AUS,225,645
AUS,225,646
AUS,225,647
AUS,225,648
AUS,225,649
AUS,225,650
AUS,225,651
AUS,225,652
AUS,225,653
AUS,225,654
AUS,225,655
AUS,225,656
AUS,225,657
AUS,225,658
AUS,225,659
AUS,225,660
AUS,225,661
AUS,225,662
NCL,225,693
NCL,225,694
NCL,225,695
CHL,226,220
CHL,226,221
CHL,226,222
CHL,226,223
CHL,226,224
CHL,226,225
BOL,226,226
ARG,226,227
ARG,226,228
ARG,226,229
ARG,226,230
ARG,226,231
ARG,226,232
ARG,226,233
ARG,226,234
ARG,226,235
ARG,226,236
PRY,226,237
PRY,226,238
PRY,226,239
PRY,226,240
PRY,226,241
PRY,226,242
PRY,226,243
PRY,226,244
PRY,226,245
PRY,226,246
PRY,226,247
PRY,226,248
PRY,226,249
BRA,226,250
BRA,226,251
BRA,226,252
BRA,226,253
BRA,226,254
BRA,226,255
BRA,226,256
BRA,226,257
BRA,226,258
BRA,226,259
BRA,226,260
BRA,226,261
BRA,226,262
BRA,226,263
BRA,226,264
BRA,226,265
BRA,226,266
BRA,226,267
BRA,226,268
BRA,226,269
BRA,226,270
BRA,226,271
BRA,226,272
BRA,226,273
BRA,226,274
BRA,226,275
BRA,226,276
BRA,226,277
NAM,226,389
NAM,226,390
NAM,226,391
NAM,226,392
NAM,226,393
NAM,226,394
NAM,226,395
NAM,226,396
NAM,226,397
NAM,226,398
NAM,226,399
NAM,226,400
BWA,226,401
BWA,226,402
BWA,226,403
BWA,226,404
BWA,226,405
BWA,226,406
BWA,226,407
BWA,226,408
BWA,226,409
BWA,226,410
BWA,226,411
BWA,226,412
BWA,226,413
BWA,226,414
BWA,226,415
BWA,226,416
ZAF,226,417
ZAF,226,418
ZAF,226,419
ZAF,226,420
ZAF,226,421
ZAF,226,422
ZAF,226,423
MOZ,226,424
MOZ,226,425
MOZ,226,426
MOZ,226,427
MOZ,226,428
MOZ,226,429
MOZ,226,430
MOZ,226,431
MOZ,226,432
MDG,226,447
MDG,226,448
MDG,226,449
MDG,226,450
MDG,226,451
MDG,226,452
MDG,226,453
MDG,226,454
MDG,226,455
MDG,226,456
AUS,226,588
AUS,226,589
AUS,226,590
AUS,226,591
AUS,226,592
AUS,226,593
AUS,226,594
AUS,226,595
AUS,226,596
AUS,226,597
AUS,226,598
AUS,226,599
AUS,226,600
AUS,226,601
AUS,226,602
AUS,226,603
AUS,226,604
AUS,226,605
AUS,226,606
AUS,226,607
AUS,226,608
AUS,226,609
AUS,226,610
AUS,226,611
AUS,226,612
AUS,226,613
AUS,226,614
AUS,226,615
AUS,226,616
AUS,226,617
AUS,226,618
AUS,226,619
AUS,226,620
AUS,226,621
AUS,226,622
AUS,226,623
AUS,226,624
AUS,226,625
AUS,226,626
AUS,226,627
AUS,226,628
AUS,226,629
AUS,226,630
AUS,226,631
AUS,226,632
AUS,226,633
AUS,226,634
AUS,226,635
AUS,226,636
AUS,226,637
AUS,226,638
AUS,226,639
AUS,226,640
AUS,226,641
AUS,226,642
AUS,226,643
AUS,226,644
AUS,226,645
AUS,226,646
AUS,226,647
AUS,226,648
AUS,226,649
AUS,226,650
AUS,226,651
AUS,226,652
AUS,226,653
AUS,226,654
AUS,226,655
AUS,226,656
AUS,226,657
AUS,226,658
AUS,226,659
AUS,226,660
AUS,226,661
AUS,226,662
NCL,226,695
NCL,226,696
CHL,227,219
CHL,227,220
CHL,227,221
CHL,227,222
CHL,227,223
CHL,227,224
CHL,227,225
CHL,227,226
ARG,227,227
ARG,227,228
ARG,227,229
ARG,227,230
ARG,227,231
ARG,227,232
ARG,227,233
ARG,227,234
ARG,227,235
ARG,227,236
ARG,227,237
PRY,227,238
PRY,227,239
PRY,227,240
PRY,227,241
PRY,227,242
PRY,227,243
PRY,227,244
PRY,227,245
PRY,227,246
PRY,227,247
PRY,227,248
PRY,227,249
BRA,227,250
BRA,227,251
BRA,227,252
BRA,227,253
BRA,227,254
BRA,227,255
BRA,227,256
BRA,227,257
BRA,227,258
BRA,227,259
BRA,227,260
BRA,227,261
BRA,227,262
BRA,227,263
BRA,227,264
BRA,227,265
BRA,227,266
BRA,227,267
BRA,227,268
BRA,227,269
BRA,227,270
BRA,227,271
BRA,227,272
BRA,227,273
NAM,227,389
NAM,227,390
NAM,227,391
NAM,227,392
NAM,227,393
NAM,227,394
NAM,227,395
NAM,227,396
NAM,227,397
NAM,227,398
NAM,227,399
NAM,227,400
BWA,227,401
BWA,227,402
BWA,227,403
BWA,227,404
BWA,227,405
BWA,227,406
BWA,227,407
BWA,227,408
BWA,227,409
BWA,227,410
BWA,227,411
BWA,227,412
BWA,227,413
BWA,227,414
BWA,227,415
ZAF,227,416
ZAF,227,417
ZAF,227,418
ZAF,227,419
ZAF,227,420
ZAF,227,421
ZAF,227,422
ZAF,227,423
MOZ,227,424
MOZ,227,425
MOZ,227,426
MOZ,227,427
MOZ,227,428
MOZ,227,429
MOZ,227,430
MOZ,227,431
MOZ,227,432
MDG,227,448
MDG,227,449
MDG,227,450
MDG,227,451
MDG,227,452
MDG,227,453
MDG,227,454
MDG,227,455
MDG,227,456
AUS,227,588
AUS,227,589
AUS,227,590
AUS,227,591
AUS,227,592
AUS,227,593
AUS,227,594
AUS,227,595
AUS,227,596
AUS,227,597
AUS,227,598
AUS,227,599
AUS,227,600
AUS,227,601
AUS,227,602
AUS,227,603
AUS,227,604
AUS,227,605
AUS,227,606
AUS,227,607
AUS,227,608
AUS,227,609
AUS,227,610
AUS,227,611
AUS,227,612
AUS,227,613
AUS,227,614
AUS,227,615
AUS,227,616
AUS,227,617
AUS,227,618
AUS,227,619
AUS,227,620
AUS,227,621
AUS,227,622
AUS,227,623
AUS,227,624
AUS,227,625
AUS,227,626
AUS,227,627
AUS,227,628
AUS,227,629
AUS,227,630
AUS,227,631
AUS,227,632
AUS,227,633
AUS,227,634
AUS,227,635
AUS,227,636
AUS,227,637
AUS,227,638
AUS,227,639
AUS,227,640
AUS,227,641
AUS,227,642
AUS,227,643
AUS,227,644
AUS,227,645
AUS,227,646
AUS,227,647
AUS,227,648
AUS,227,649
AUS,227,650
AUS,227,651
AUS,227,652
AUS,227,653
AUS,227,654
AUS,227,655
AUS,227,656
AUS,227,657
AUS,227,658
AUS,227,659
AUS,227,660
AUS,227,661
AUS,227,662
AUS,227,663
CHL,228,220
CHL,228,221
CHL,228,222
CHL,228,223
CHL,228,224
CHL,228,225
CHL,228,226
ARG,228,227
ARG,228,228
ARG,228,229
ARG,228,230
ARG,228,231
ARG,228,232
ARG,228,233
ARG,228,234
ARG,228,235
ARG,228,236
ARG,228,237
ARG,228,238
PRY,228,239
PRY,228,240
PRY,228,241
PRY,228,242
PRY,228,243
PRY,228,244
PRY,228,245
PRY,228,246
PRY,228,247
PRY,228,248
PRY,228,249
BRA,228,250
BRA,228,251
BRA,228,252
BRA,228,253
BRA,228,254
BRA,228,255
BRA,228,256
BRA,228,257
BRA,228,258
BRA,228,259
BRA,228,260
BRA,228,261
BRA,228,262
BRA,228,263
BRA,228,264
BRA,228,265
BRA,228,266
BRA,228,267
BRA,228,268
BRA,228,269
BRA,228,270
NAM,228,390
NAM,228,391
NAM,228,392
NAM,228,393
NAM,228,394
NAM,228,395
NAM,228,396
NAM,228,397
NAM,228,398
NAM,228,399
NAM,228,400
BWA,228,401
BWA,228,402
BWA,228,403
BWA,228,404
BWA,228,405
BWA,228,406
BWA,228,407
BWA,228,408
BWA,228,409
BWA,228,410
BWA,228,411
BWA,228,412
BWA,228,413
BWA,228,414
ZAF,228,415
ZAF,228,416
ZAF,228,417
ZAF,228,418
ZAF,228,419
ZAF,228,420
ZAF,228,421
ZAF,228,422
ZAF,228,423
ZAF,228,424
MOZ,228,425
MOZ,228,426
MOZ,228,427
MOZ,228,428
MOZ,228,429
MOZ,228,430
MOZ,228,431
MOZ,228,432
MDG,228,448
MDG,228,449
MDG,228,450
MDG,228,451
MDG,228,452
MDG,228,453
MDG,228,454
MDG,228,455
MDG,228,456
AUS,228,588
AUS,228,589
AUS,228,590
AUS,228,591
AUS,228,592
AUS,228,593
AUS,228,594
AUS,228,595
AUS,228,596
AUS,228,597
AUS,228,598
AUS,228,599
AUS,228,600
AUS,228,601
AUS,228,602
AUS,228,603
AUS,228,604
AUS,228,605
AUS,228,606
AUS,228,607
AUS,228,608
AUS,228,609
AUS,228,610
AUS,228,611
AUS,228,612
AUS,228,613
AUS,228,614
AUS,228,615
AUS,228,616
AUS,228,617
AUS,228,618
AUS,228,619
AUS,228,620
AUS,228,621
AUS,228,622
AUS,228,623
AUS,228,624
AUS,228,625
AUS,228,626
AUS,228,627
AUS,228,628
AUS,228,629
AUS,228,630
AUS,228,631
AUS,228,632
AUS,228,633
AUS,228,634
AUS,228,635
AUS,228,636
AUS,228,637
AUS,228,638
AUS,228,639
AUS,228,640
AUS,228,641
AUS,228,642
AUS,228,643
AUS,228,644
AUS,228,645
AUS,228,646
AUS,228,647
AUS,228,648
AUS,228,649
AUS,228,650
AUS,228,651
AUS,228,652
AUS,228,653
AUS,228,654
AUS,228,655
AUS,228,656
AUS,228,657
AUS,228,658
AUS,228,659
AUS,228,660
AUS,228,661
AUS,228,662
AUS,228,663
AUS,228,664
CHL,229,219
CHL,229,220
CHL,229,221
CHL,229,222
CHL,229,223
CHL,229,224
ARG,229,225
ARG,229,226
ARG,229,227
ARG,229,228
ARG,229,229
ARG,229,230
ARG,229,231
ARG,229,232
ARG,229,233
ARG,229,234
ARG,229,235
ARG,229,236
ARG,229,237
ARG,229,238
ARG,229,239
ARG,229,240
ARG,229,241
PRY,229,242
PRY,229,243
PRY,229,244
PRY,229,245
PRY,229,246
PRY,229,247
PRY,229,248
PRY,229,249
PRY,229,250
PRY,229,251
BRA,229,252
BRA,229,253
BRA,229,254
BRA,229,255
BRA,229,256
BRA,229,257
BRA,229,258
BRA,229,259
BRA,229,260
BRA,229,261
BRA,229,262
BRA,229,263
BRA,229,264
BRA,229,265
BRA,229,266
BRA,229,267
,229,268
NAM,229,390
NAM,229,391
NAM,229,392
NAM,229,393
NAM,229,394
NAM,229,395
NAM,229,396
NAM,229,397
NAM,229,398
NAM,229,399
NAM,229,400
BWA,229,401
BWA,229,402
BWA,229,403
BWA,229,404
BWA,229,405
BWA,229,406
BWA,229,407
BWA,229,408
BWA,229,409
BWA,229,410
BWA,229,411
BWA,229,412
BWA,229,413
BWA,229,414
ZAF,229,415
ZAF,229,416
ZAF,229,417
ZAF,229,418
ZAF,229,419
ZAF,229,420
ZAF,229,421
ZAF,229,422
ZAF,229,423
ZAF,229,424
MOZ,229,425
MOZ,229,426
MOZ,229,427
MOZ,229,428
MOZ,229,429
MOZ,229,430
MOZ,229,431
MDG,229,448
MDG,229,449
MDG,229,450
MDG,229,451
MDG,229,452
MDG,229,453
MDG,229,454
MDG,229,455
AUS,229,587
AUS,229,588
AUS,229,589
AUS,229,590
AUS,229,591
AUS,229,592
AUS,229,593
AUS,229,594
AUS,229,595
AUS,229,596
AUS,229,597
AUS,229,598
AUS,229,599
AUS,229,600
AUS,229,601
AUS,229,602
AUS,229,603
AUS,229,604
AUS,229,605
AUS,229,606
AUS,229,607
AUS,229,608
AUS,229,609
AUS,229,610
AUS,229,611
AUS,229,612
AUS,229,613
AUS,229,614
AUS,229,615
AUS,229,616
AUS,229,617
AUS,229,618
AUS,229,619
AUS,229,620
AUS,229,621
AUS,229,622
AUS,229,623
AUS,229,624
AUS,229,625
AUS,229,626
AUS,229,627
AUS,229,628
AUS,229,629
AUS,229,630
AUS,229,631
AUS,229,632
AUS,229,633
AUS,229,634
AUS,229,635
AUS,229,636
AUS,229,637
AUS,229,638
AUS,229,639
AUS,229,640
AUS,229,641
AUS,229,642
AUS,229,643
AUS,229,644
AUS,229,645
AUS,229,646
AUS,229,647
AUS,229,648
AUS,229,649
AUS,229,650
AUS,229,651
AUS,229,652
AUS,229,653
AUS,229,654
AUS,229,655
AUS,229,656
AUS,229,657
AUS,229,658
AUS,229,659
AUS,229,660
AUS,229,661
AUS,229,662
AUS,229,663
AUS,229,664
AUS,229,665
CHL,230,219
CHL,230,220
CHL,230,221
CHL,230,222
CHL,230,223
ARG,230,224
ARG,230,225
ARG,230,226
ARG,230,227
ARG,230,228
ARG,230,229
ARG,230,230
ARG,230,231
ARG,230,232
ARG,230,233
ARG,230,234
ARG,230,235
ARG,230,236
ARG,230,237
ARG,230,238
ARG,230,239
ARG,230,240
ARG,230,241
ARG,230,242
ARG,230,243
PRY,230,244
PRY,230,245
PRY,230,246
PRY,230,247
PRY,230,248
PRY,230,249
PRY,230,250
PRY,230,251
BRA,230,252
BRA,230,253
BRA,230,254
BRA,230,255
BRA,230,256
BRA,230,257
BRA,230,258
BRA,230,259
BRA,230,260
BRA,230,261
BRA,230,262
BRA,230,263
BRA,230,264
BRA,230,265
BRA,230,266
NAM,230,390
NAM,230,391
NAM,230,392
NAM,230,393
NAM,230,394
NAM,230,395
NAM,230,396
NAM,230,397
NAM,230,398
NAM,230,399
NAM,230,400
BWA,230,401
BWA,230,402
BWA,230,403
BWA,230,404
BWA,230,405
BWA,230,406
BWA,230,407
BWA,230,408
BWA,230,409
BWA,230,410
BWA,230,411
BWA,230,412
ZAF,230,413
ZAF,230,414
ZAF,230,415
ZAF,230,416
ZAF,230,417
ZAF,230,418
ZAF,230,419
ZAF,230,420
ZAF,230,421
ZAF,230,422
ZAF,230,423
ZAF,230,424
MOZ,230,425
MOZ,230,426
MOZ,230,427
MOZ,230,428
MOZ,230,429
MOZ,230,430
MOZ,230,431
MDG,230,448
MDG,230,449
MDG,230,450
MDG,230,451
MDG,230,452
MDG,230,453
MDG,230,454
MDG,230,455
AUS,230,587
AUS,230,588
AUS,230,589
AUS,230,590
AUS,230,591
AUS,230,592
AUS,230,593
AUS,230,594
AUS,230,595
AUS,230,596
AUS,230,597
AUS,230,598
AUS,230,599
AUS,230,600
AUS,230,601
AUS,230,602
AUS,230,603
AUS,230,604
AUS,230,605
AUS,230,606
AUS,230,607
AUS,230,608
AUS,230,609
AUS,230,610
AUS,230,611
AUS,230,612
AUS,230,613
AUS,230,614
AUS,230,615
AUS,230,616
AUS,230,617
AUS,230,618
AUS,230,619
AUS,230,620
AUS,230,621
AUS,230,622
AUS,230,623
AUS,230,624
AUS,230,625
AUS,230,626
AUS,230,627
AUS,230,628
AUS,230,629
AUS,230,630
AUS,230,631
AUS,230,632
AUS,230,633
AUS,230,634
AUS,230,635
AUS,230,636
AUS,230,637
AUS,230,638
AUS,230,639
AUS,230,640
AUS,230,641
AUS,230,642
AUS,230,643
AUS,230,644
AUS,230,645
AUS,230,646
AUS,230,647
AUS,230,648
AUS,230,649
AUS,230,650
AUS,230,651
AUS,230,652
AUS,230,653
AUS,230,654
AUS,230,655
AUS,230,656
AUS,230,657
AUS,230,658
AUS,230,659
AUS,230,660
AUS,230,661
AUS,230,662
AUS,230,663
AUS,230,664
AUS,230,665
AUS,230,666
AUS,230,667
CHL,231,219
CHL,231,220
CHL,231,221
CHL,231,222
CHL,231,223
ARG,231,224
ARG,231,225
ARG,231,226
ARG,231,227
ARG,231,228
ARG,231,229
ARG,231,230
ARG,231,231
ARG,231,232
ARG,231,233
ARG,231,234
ARG,231,235
ARG,231,236
ARG,231,237
ARG,231,238
ARG,231,239
ARG,231,240
ARG,231,241
ARG,231,242
ARG,231,243
ARG,231,244
ARG,231,245
PRY,231,246
PRY,231,247
PRY,231,248
PRY,231,249
PRY,231,250
PRY,231,251
BRA,231,252
BRA,231,253
BRA,231,254
BRA,231,255
BRA,231,256
BRA,231,257
BRA,231,258
BRA,231,259
BRA,231,260
BRA,231,261
BRA,231,262
BRA,231,263
BRA,231,264
BRA,231,265
NAM,231,390
NAM,231,391
NAM,231,392
NAM,231,393
NAM,231,394
NAM,231,395
NAM,231,396
NAM,231,397
NAM,231,398
NAM,231,399
NAM,231,400
ZAF,231,401
BWA,231,402
BWA,231,403
BWA,231,404
BWA,231,405
BWA,231,406
BWA,231,407
BWA,231,408
BWA,231,409
BWA,231,410
BWA,231,411
ZAF,231,412
ZAF,231,413
ZAF,231,414
ZAF,231,415
ZAF,231,416
ZAF,231,417
ZAF,231,418
ZAF,231,419
ZAF,231,420
ZAF,231,421
ZAF,231,422
ZAF,231,423
ZAF,231,424
MOZ,231,425
MOZ,231,426
MOZ,231,427
MOZ,231,428
MDG,231,449
MDG,231,450
MDG,231,451
MDG,231,452
MDG,231,453
MDG,231,454
AUS,231,586
AUS,231,587
AUS,231,588
AUS,231,589
AUS,231,590
AUS,231,591
AUS,231,592
AUS,231,593
AUS,231,594
AUS,231,595
AUS,231,596
AUS,231,597
AUS,231,598
AUS,231,599
AUS,231,600
AUS,231,601
AUS,231,602
AUS,231,603
AUS,231,604
AUS,231,605
AUS,231,606
AUS,231,607
AUS,231,608
AUS,231,609
AUS,231,610
AUS,231,611
AUS,231,612
AUS,231,613
AUS,231,614
AUS,231,615
AUS,231,616
AUS,231,617
AUS,231,618
AUS,231,619
AUS,231,620
AUS,231,621
AUS,231,622
AUS,231,623
AUS,231,624
AUS,231,625
AUS,231,626
AUS,231,627
AUS,231,628
AUS,231,629
AUS,231,630
AUS,231,631
AUS,231,632
AUS,231,633
AUS,231,634
AUS,231,635
AUS,231,636
AUS,231,637
AUS,231,638
AUS,231,639
AUS,231,640
AUS,231,641
AUS,231,642
AUS,231,643
AUS,231,644
AUS,231,645
AUS,231,646
AUS,231,647
AUS,231,648
AUS,231,649
AUS,231,650
AUS,231,651
AUS,231,652
AUS,231,653
AUS,231,654
AUS,231,655
AUS,231,656
AUS,231,657
AUS,231,658
AUS,231,659
AUS,231,660
AUS,231,661
AUS,231,662
AUS,231,663
AUS,231,664
AUS,231,665
AUS,231,666
AUS,231,667
CHL,232,219
CHL,232,220
CHL,232,221
CHL,232,222
CHL,232,223
ARG,232,224
ARG,232,225
ARG,232,226
ARG,232,227
ARG,232,228
ARG,232,229
ARG,232,230
ARG,232,231
ARG,232,232
ARG,232,233
ARG,232,234
ARG,232,235
ARG,232,236
ARG,232,237
ARG,232,238
ARG,232,239
ARG,232,240
ARG,232,241
ARG,232,242
ARG,232,243
ARG,232,244
ARG,232,245
PRY,232,246
PRY,232,247
PRY,232,248
PRY,232,249
PRY,232,250
,232,251
,232,252
,232,253
BRA,232,254
BRA,232,255
BRA,232,256
BRA,232,257
BRA,232,258
BRA,232,259
BRA,232,260
BRA,232,261
BRA,232,262
BRA,232,263
BRA,232,264
NAM,232,390
NAM,232,391
NAM,232,392
NAM,232,393
NAM,232,394
NAM,232,395
NAM,232,396
NAM,232,397
NAM,232,398
NAM,232,399
NAM,232,400
ZAF,232,401
BWA,232,402
BWA,232,403
BWA,232,404
BWA,232,405
BWA,232,406
ZAF,232,407
ZAF,232,408
ZAF,232,409
BWA,232,410
ZAF,232,411
ZAF,232,412
ZAF,232,413
ZAF,232,414
ZAF,232,415
ZAF,232,416
ZAF,232,417
ZAF,232,418
ZAF,232,419
ZAF,232,420
ZAF,232,421
ZAF,232,422
ZAF,232,423
ZAF,232,424
MOZ,232,425
MOZ,232,426
MDG,232,451
MDG,232,452
AUS,232,586
AUS,232,587
AUS,232,588
AUS,232,589
AUS,232,590
AUS,232,591
AUS,232,592
AUS,232,593
AUS,232,594
AUS,232,595
AUS,232,596
AUS,232,597
AUS,232,598
AUS,232,599
AUS,232,600
AUS,232,601
AUS,232,602
AUS,232,603
AUS,232,604
AUS,232,605
AUS,232,606
AUS,232,607
AUS,232,608
AUS,232,609
AUS,232,610
AUS,232,611
AUS,232,612
AUS,232,613
AUS,232,614
AUS,232,615
AUS,232,616
AUS,232,617
AUS,232,618
AUS,232,619
AUS,232,620
AUS,232,621
AUS,232,622
AUS,232,623
AUS,232,624
AUS,232,625
AUS,232,626
AUS,232,627
AUS,232,628
AUS,232,629
AUS,232,630
AUS,232,631
AUS,232,632
AUS,232,633
AUS,232,634
AUS,232,635
AUS,232,636
AUS,232,637
AUS,232,638
AUS,232,639
AUS,232,640
AUS,232,641
AUS,232,642
AUS,232,643
AUS,232,644
AUS,232,645
AUS,232,646
AUS,232,647
AUS,232,648
AUS,232,649
AUS,232,650
AUS,232,651
AUS,232,652
AUS,232,653
AUS,232,654
AUS,232,655
AUS,232,656
AUS,232,657
AUS,232,658
AUS,232,659
AUS,232,660
AUS,232,661
AUS,232,662
AUS,232,663
AUS,232,664
AUS,232,665
AUS,232,666
AUS,232,667
CHL,233,201
CHL,233,219
CHL,233,220
CHL,233,221
CHL,233,222
CHL,233,223
ARG,233,224
ARG,233,225
ARG,233,226
ARG,233,227
ARG,233,228
ARG,233,229
ARG,233,230
ARG,233,231
ARG,233,232
ARG,233,233
ARG,233,234
ARG,233,235
ARG,233,236
ARG,233,237
ARG,233,238
ARG,233,239
ARG,233,240
ARG,233,241
ARG,233,242
ARG,233,243
ARG,233,244
PRY,233,245
PRY,233,246
PRY,233,247
PRY,233,248
PRY,233,249
PRY,233,250
PRY,233,251
ARG,233,252
,233,253
BRA,233,254
BRA,233,255
BRA,233,256
BRA,233,257
BRA,233,258
BRA,233,259
BRA,233,260
BRA,233,261
BRA,233,262
BRA,233,263
,233,264
NAM,233,390
NAM,233,391
NAM,233,392
NAM,233,393
NAM,233,394
NAM,233,395
NAM,233,396
NAM,233,397
NAM,233,398
NAM,233,399
NAM,233,400
ZAF,233,401
ZAF,233,402
BWA,233,403
BWA,233,404
BWA,233,405
ZAF,233,406
ZAF,233,407
ZAF,233,408
ZAF,233,409
ZAF,233,410
ZAF,233,411
ZAF,233,412
ZAF,233,413
ZAF,233,414
ZAF,233,415
ZAF,233,416
ZAF,233,417
ZAF,233,418
ZAF,233,419
ZAF,233,420
ZAF,233,421
ZAF,233,422
SWZ,233,423
SWZ,233,424
MOZ,233,425
MOZ,233,426
AUS,233,587
AUS,233,588
AUS,233,589
AUS,233,590
AUS,233,591
AUS,233,592
AUS,233,593
AUS,233,594
AUS,233,595
AUS,233,596
AUS,233,597
AUS,233,598
AUS,233,599
AUS,233,600
AUS,233,601
AUS,233,602
AUS,233,603
AUS,233,604
AUS,233,605
AUS,233,606
AUS,233,607
AUS,233,608
AUS,233,609
AUS,233,610
AUS,233,611
AUS,233,612
AUS,233,613
AUS,233,614
AUS,233,615
AUS,233,616
AUS,233,617
AUS,233,618
AUS,233,619
AUS,233,620
AUS,233,621
AUS,233,622
AUS,233,623
AUS,233,624
AUS,233,625
AUS,233,626
AUS,233,627
AUS,233,628
AUS,233,629
AUS,233,630
AUS,233,631
AUS,233,632
AUS,233,633
AUS,233,634
AUS,233,635
AUS,233,636
AUS,233,637
AUS,233,638
AUS,233,639
AUS,233,640
AUS,233,641
AUS,233,642
AUS,233,643
AUS,233,644
AUS,233,645
AUS,233,646
AUS,233,647
AUS,233,648
AUS,233,649
AUS,233,650
AUS,233,651
AUS,233,652
AUS,233,653
AUS,233,654
AUS,233,655
AUS,233,656
AUS,233,657
AUS,233,658
AUS,233,659
AUS,233,660
AUS,233,661
AUS,233,662
AUS,233,663
AUS,233,664
AUS,233,665
AUS,233,666
AUS,233,667
CHL,234,219
CHL,234,220
CHL,234,221
CHL,234,222
CHL,234,223
ARG,234,224
ARG,234,225
ARG,234,226
ARG,234,227
ARG,234,228
ARG,234,229
ARG,234,230
ARG,234,231
ARG,234,232
ARG,234,233
ARG,234,234
ARG,234,235
ARG,234,236
ARG,234,237
ARG,234,238
ARG,234,239
ARG,234,240
ARG,234,241
ARG,234,242
ARG,234,243
PRY,234,244
PRY,234,245
PRY,234,246
PRY,234,247
PRY,234,248
PRY,234,249
PRY,234,250
ARG,234,251
ARG,234,252
,234,253
BRA,234,254
BRA,234,255
BRA,234,256
BRA,234,257
BRA,234,258
BRA,234,259
BRA,234,260
BRA,234,261
BRA,234,262
BRA,234,263
NAM,234,391
NAM,234,392
NAM,234,393
NAM,234,394
NAM,234,395
NAM,234,396
NAM,234,397
NAM,234,398
NAM,234,399
NAM,234,400
ZAF,234,401
ZAF,234,402
BWA,234,403
BWA,234,404
ZAF,234,405
ZAF,234,406
ZAF,234,407
ZAF,234,408
ZAF,234,409
ZAF,234,410
ZAF,234,411
ZAF,234,412
ZAF,234,413
ZAF,234,414
ZAF,234,415
ZAF,234,416
ZAF,234,417
ZAF,234,418
ZAF,234,419
ZAF,234,420
ZAF,234,421
ZAF,234,422
SWZ,234,423
SWZ,234,424
MOZ,234,425
MOZ,234,426
AUS,234,588
AUS,234,589
AUS,234,590
AUS,234,591
AUS,234,592
AUS,234,593
AUS,234,594
AUS,234,595
AUS,234,596
AUS,234,597
AUS,234,598
AUS,234,599
AUS,234,600
AUS,234,601
AUS,234,602
AUS,234,603
AUS,234,604
AUS,234,605
AUS,234,606
AUS,234,607
AUS,234,608
AUS,234,609
AUS,234,610
AUS,234,611
AUS,234,612
AUS,234,613
AUS,234,614
AUS,234,615
AUS,234,616
AUS,234,617
AUS,234,618
AUS,234,619
AUS,234,620
AUS,234,621
AUS,234,622
AUS,234,623
AUS,234,624
AUS,234,625
AUS,234,626
AUS,234,627
AUS,234,628
AUS,234,629
AUS,234,630
AUS,234,631
AUS,234,632
AUS,234,633
AUS,234,634
AUS,234,635
AUS,234,636
AUS,234,637
AUS,234,638
AUS,234,639
AUS,234,640
AUS,234,641
AUS,234,642
AUS,234,643
AUS,234,644
AUS,234,645
AUS,234,646
AUS,234,647
AUS,234,648
AUS,234,649
AUS,234,650
AUS,234,651
AUS,234,652
AUS,234,653
AUS,234,654
AUS,234,655
AUS,234,656
AUS,234,657
AUS,234,658
AUS,234,659
AUS,234,660
AUS,234,661
AUS,234,662
AUS,234,663
AUS,234,664
AUS,234,665
AUS,234,666
AUS,234,667
CHL,235,142
CHL,235,219
CHL,235,220
CHL,235,221
CHL,235,222
ARG,235,223
ARG,235,224
ARG,235,225
ARG,235,226
ARG,235,227
ARG,235,228
ARG,235,229
ARG,235,230
ARG,235,231
ARG,235,232
ARG,235,233
ARG,235,234
ARG,235,235
ARG,235,236
ARG,235,237
ARG,235,238
ARG,235,239
ARG,235,240
ARG,235,241
ARG,235,242
ARG,235,243
ARG,235,244
PRY,235,245
PRY,235,246
PRY,235,247
PRY,235,248
PRY,235,249
ARG,235,250
,235,251
,235,252
,235,253
BRA,235,254
BRA,235,255
BRA,235,256
BRA,235,257
BRA,235,258
BRA,235,259
BRA,235,260
BRA,235,261
BRA,235,262
BRA,235,263
BRA,235,264
NAM,235,391
NAM,235,392
NAM,235,393
NAM,235,394
NAM,235,395
NAM,235,396
NAM,235,397
NAM,235,398
NAM,235,399
NAM,235,400
ZAF,235,401
ZAF,235,402
ZAF,235,403
ZAF,235,404
ZAF,235,405
ZAF,235,406
ZAF,235,407
ZAF,235,408
ZAF,235,409
ZAF,235,410
ZAF,235,411
ZAF,235,412
ZAF,235,413
ZAF,235,414
ZAF,235,415
ZAF,235,416
ZAF,235,417
ZAF,235,418
ZAF,235,419
ZAF,235,420
ZAF,235,421
ZAF,235,422
ZAF,235,423
SWZ,235,424
ZAF,235,425
ZAF,235,426
AUS,235,588
AUS,235,589
AUS,235,590
AUS,235,591
AUS,235,592
AUS,235,593
AUS,235,594
AUS,235,595
AUS,235,596
AUS,235,597
AUS,235,598
AUS,235,599
AUS,235,600
AUS,235,601
AUS,235,602
AUS,235,603
AUS,235,604
AUS,235,605
AUS,235,606
AUS,235,607
AUS,235,608
AUS,235,609
AUS,235,610
AUS,235,611
AUS,235,612
AUS,235,613
AUS,235,614
AUS,235,615
AUS,235,616
AUS,235,617
AUS,235,618
AUS,235,619
AUS,235,620
AUS,235,621
AUS,235,622
AUS,235,623
AUS,235,624
AUS,235,625
AUS,235,626
AUS,235,627
AUS,235,628
AUS,235,629
AUS,235,630
AUS,235,631
AUS,235,632
AUS,235,633
AUS,235,634
AUS,235,635
AUS,235,636
AUS,235,637
AUS,235,638
AUS,235,639
AUS,235,640
AUS,235,641
AUS,235,642
AUS,235,643
AUS,235,644
AUS,235,645
AUS,235,646
AUS,235,647
AUS,235,648
AUS,235,649
AUS,235,650
AUS,235,651
AUS,235,652
AUS,235,653
AUS,235,654
AUS,235,655
AUS,235,656
AUS,235,657
AUS,235,658
AUS,235,659
AUS,235,660
AUS,235,661
AUS,235,662
AUS,235,663
AUS,235,664
AUS,235,665
AUS,235,666
AUS,235,667
AUS,235,668
CHL,236,218
CHL,236,219
CHL,236,220
CHL,236,221
CHL,236,222
ARG,236,223
ARG,236,224
ARG,236,225
ARG,236,226
ARG,236,227
ARG,236,228
ARG,236,229
ARG,236,230
ARG,236,231
ARG,236,232
ARG,236,233
ARG,236,234
ARG,236,235
ARG,236,236
ARG,236,237
ARG,236,238
ARG,236,239
ARG,236,240
ARG,236,241
ARG,236,242
ARG,236,243
ARG,236,244
ARG,236,245
ARG,236,246
ARG,236,247
ARG,236,248
ARG,236,249
,236,250
,236,251
BRA,236,252
BRA,236,253
BRA,236,254
BRA,236,255
BRA,236,256
BRA,236,257
BRA,236,258
BRA,236,259
BRA,236,260
BRA,236,261
BRA,236,262
BRA,236,263
BRA,236,264
NAM,236,392
NAM,236,393
NAM,236,394
NAM,236,395
NAM,236,396
NAM,236,397
NAM,236,398
NAM,236,399
NAM,236,400
ZAF,236,401
ZAF,236,402
ZAF,236,403
ZAF,236,404
ZAF,236,405
ZAF,236,406
ZAF,236,407
ZAF,236,408
ZAF,236,409
ZAF,236,410
ZAF,236,411
ZAF,236,412
ZAF,236,413
ZAF,236,414
ZAF,236,415
ZAF,236,416
ZAF,236,417
ZAF,236,418
ZAF,236,419
ZAF,236,420
ZAF,236,421
ZAF,236,422
ZAF,236,423
ZAF,236,424
ZAF,236,425
ZAF,236,426
AUS,236,589
AUS,236,590
AUS,236,591
AUS,236,592
AUS,236,593
AUS,236,594
AUS,236,595
AUS,236,596
AUS,236,597
AUS,236,598
AUS,236,599
AUS,236,600
AUS,236,601
AUS,236,602
AUS,236,603
AUS,236,604
AUS,236,605
AUS,236,606
AUS,236,607
AUS,236,608
AUS,236,609
AUS,236,610
AUS,236,611
AUS,236,612
AUS,236,613
AUS,236,614
AUS,236,615
AUS,236,616
AUS,236,617
AUS,236,618
AUS,236,619
AUS,236,620
AUS,236,621
AUS,236,622
AUS,236,623
AUS,236,624
AUS,236,625
AUS,236,626
AUS,236,627
AUS,236,628
AUS,236,629
AUS,236,630
AUS,236,631
AUS,236,632
AUS,236,633
AUS,236,634
AUS,236,635
AUS,236,636
AUS,236,637
AUS,236,638
AUS,236,639
AUS,236,640
AUS,236,641
AUS,236,642
AUS,236,643
AUS,236,644
AUS,236,645
AUS,236,646
AUS,236,647
AUS,236,648
AUS,236,649
AUS,236,650
AUS,236,651
AUS,236,652
AUS,236,653
AUS,236,654
AUS,236,655
AUS,236,656
AUS,236,657
AUS,236,658
AUS,236,659
AUS,236,660
AUS,236,661
AUS,236,662
AUS,236,663
AUS,236,664
AUS,236,665
AUS,236,666
AUS,236,667
CHL,237,218
CHL,237,219
CHL,237,220
CHL,237,221
ARG,237,222
ARG,237,223
ARG,237,224
ARG,237,225
ARG,237,226
ARG,237,227
ARG,237,228
ARG,237,229
ARG,237,230
ARG,237,231
ARG,237,232
ARG,237,233
ARG,237,234
ARG,237,235
ARG,237,236
ARG,237,237
ARG,237,238
ARG,237,239
ARG,237,240
ARG,237,241
ARG,237,242
ARG,237,243
ARG,237,244
ARG,237,245
ARG,237,246
ARG,237,247
ARG,237,248
,237,249
,237,250
BRA,237,251
BRA,237,252
BRA,237,253
BRA,237,254
BRA,237,255
BRA,237,256
BRA,237,257
BRA,237,258
BRA,237,259
BRA,237,260
BRA,237,261
BRA,237,262
BRA,237,263
NAM,237,392
NAM,237,393
NAM,237,394
ZAF,237,395
NAM,237,396
NAM,237,397
NAM,237,398
NAM,237,399
NAM,237,400
ZAF,237,401
ZAF,237,402
ZAF,237,403
ZAF,237,404
ZAF,237,405
ZAF,237,406
ZAF,237,407
ZAF,237,408
ZAF,237,409
ZAF,237,410
ZAF,237,411
ZAF,237,412
ZAF,237,413
ZAF,237,414
ZAF,237,415
ZAF,237,416
ZAF,237,417
ZAF,237,418
ZAF,237,419
ZAF,237,420
ZAF,237,421
ZAF,237,422
ZAF,237,423
ZAF,237,424
ZAF,237,425
ZAF,237,426
AUS,237,588
AUS,237,589
AUS,237,590
AUS,237,591
AUS,237,592
AUS,237,593
AUS,237,594
AUS,237,595
AUS,237,596
AUS,237,597
AUS,237,598
AUS,237,599
AUS,237,600
AUS,237,601
AUS,237,602
AUS,237,603
AUS,237,604
AUS,237,605
AUS,237,606
AUS,237,607
AUS,237,608
AUS,237,609
AUS,237,610
AUS,237,611
AUS,237,612
AUS,237,613
AUS,237,614
AUS,237,615
AUS,237,616
AUS,237,617
AUS,237,618
AUS,237,619
AUS,237,620
AUS,237,621
AUS,237,622
AUS,237,623
AUS,237,624
AUS,237,625
AUS,237,626
AUS,237,627
AUS,237,628
AUS,237,629
AUS,237,630
AUS,237,631
AUS,237,632
AUS,237,633
AUS,237,634
AUS,237,635
AUS,237,636
AUS,237,637
AUS,237,638
AUS,237,639
AUS,237,640
AUS,237,641
AUS,237,642
AUS,237,643
AUS,237,644
AUS,237,645
AUS,237,646
AUS,237,647
AUS,237,648
AUS,237,649
AUS,237,650
AUS,237,651
AUS,237,652
AUS,237,653
AUS,237,654
AUS,237,655
AUS,237,656
AUS,237,657
AUS,237,658
AUS,237,659
AUS,237,660
AUS,237,661
AUS,237,662
AUS,237,663
AUS,237,664
AUS,237,665
AUS,237,666
AUS,237,667
AUS,237,668
CHL,238,218
CHL,238,219
CHL,238,220
CHL,238,221
ARG,238,222
ARG,238,223
ARG,238,224
ARG,238,225
ARG,238,226
ARG,238,227
ARG,238,228
ARG,238,229
ARG,238,230
ARG,238,231
ARG,238,232
ARG,238,233
ARG,238,234
ARG,238,235
ARG,238,236
ARG,238,237
ARG,238,238
ARG,238,239
ARG,238,240
ARG,238,241
ARG,238,242
ARG,238,243
ARG,238,244
ARG,238,245
ARG,238,246
ARG,238,247
,238,248
BRA,238,249
BRA,238,250
BRA,238,251
BRA,238,252
BRA,238,253
BRA,238,254
BRA,238,255
BRA,238,256
BRA,238,257
BRA,238,258
BRA,238,259
BRA,238,260
BRA,238,261
BRA,238,262
BRA,238,263
NAM,238,393
ZAF,238,394
ZAF,238,395
ZAF,238,396
NAM,238,397
NAM,238,398
NAM,238,399
ZAF,238,400
ZAF,238,401
ZAF,238,402
ZAF,238,403
ZAF,238,404
ZAF,238,405
ZAF,238,406
ZAF,238,407
ZAF,238,408
ZAF,238,409
ZAF,238,410
ZAF,238,411
ZAF,238,412
ZAF,238,413
ZAF,238,414
ZAF,238,415
ZAF,238,416
LSO,238,417
LSO,238,418
ZAF,238,419
ZAF,238,420
ZAF,238,421
ZAF,238,422
ZAF,238,423
ZAF,238,424
ZAF,238,425
AUS,238,590
AUS,238,591
AUS,238,592
AUS,238,593
AUS,238,594
AUS,238,595
AUS,238,596
AUS,238,597
AUS,238,598
AUS,238,599
AUS,238,600
AUS,238,601
AUS,238,602
AUS,238,603
AUS,238,604
AUS,238,605
AUS,238,606
AUS,238,607
AUS,238,608
AUS,238,609
AUS,238,610
AUS,238,611
AUS,238,612
AUS,238,613
AUS,238,614
AUS,238,615
AUS,238,616
AUS,238,617
AUS,238,618
AUS,238,619
AUS,238,620
AUS,238,621
AUS,238,622
AUS,238,623
AUS,238,624
AUS,238,625
AUS,238,626
AUS,238,627
AUS,238,628
AUS,238,629
AUS,238,630
AUS,238,631
AUS,238,632
AUS,238,633
AUS,238,634
AUS,238,635
AUS,238,636
AUS,238,637
AUS,238,638
AUS,238,639
AUS,238,640
AUS,238,641
AUS,238,642
AUS,238,643
AUS,238,644
AUS,238,645
AUS,238,646
AUS,238,647
AUS,238,648
AUS,238,649
AUS,238,650
AUS,238,651
AUS,238,652
AUS,238,653
AUS,238,654
AUS,238,655
AUS,238,656
AUS,238,657
AUS,238,658
AUS,238,659
AUS,238,660
AUS,238,661
AUS,238,662
AUS,238,663
AUS,238,664
AUS,238,665
AUS,238,666
AUS,238,667
AUS,238,668
NZL,239,5
CHL,239,218
CHL,239,219
CHL,239,220
ARG,239,221
ARG,239,222
ARG,239,223
ARG,239,224
ARG,239,225
ARG,239,226
ARG,239,227
ARG,239,228
ARG,239,229
ARG,239,230
ARG,239,231
ARG,239,232
ARG,239,233
ARG,239,234
ARG,239,235
ARG,239,236
ARG,239,237
ARG,239,238
ARG,239,239
ARG,239,240
ARG,239,241
ARG,239,242
ARG,239,243
ARG,239,244
ARG,239,245
ARG,239,246
,239,247
,239,248
BRA,239,249
BRA,239,250
BRA,239,251
BRA,239,252
BRA,239,253
BRA,239,254
BRA,239,255
BRA,239,256
BRA,239,257
BRA,239,258
BRA,239,259
BRA,239,260
BRA,239,261
BRA,239,262
ZAF,239,394
ZAF,239,395
ZAF,239,396
ZAF,239,397
ZAF,239,398
ZAF,239,399
ZAF,239,400
ZAF,239,401
ZAF,239,402
ZAF,239,403
ZAF,239,404
ZAF,239,405
ZAF,239,406
ZAF,239,407
ZAF,239,408
ZAF,239,409
ZAF,239,410
ZAF,239,411
ZAF,239,412
ZAF,239,413
ZAF,239,414
ZAF,239,415
LSO,239,416
LSO,239,417
LSO,239,418
LSO,239,419
ZAF,239,420
ZAF,239,421
ZAF,239,422
ZAF,239,423
ZAF,239,424
AUS,239,590
AUS,239,591
AUS,239,592
AUS,239,593
AUS,239,594
AUS,239,595
AUS,239,596
AUS,239,597
AUS,239,598
AUS,239,599
AUS,239,600
AUS,239,601
AUS,239,602
AUS,239,603
AUS,239,604
AUS,239,605
AUS,239,606
AUS,239,607
AUS,239,608
AUS,239,609
AUS,239,610
AUS,239,611
AUS,239,612
AUS,239,613
AUS,239,614
AUS,239,615
AUS,239,616
AUS,239,617
AUS,239,618
AUS,239,619
AUS,239,620
AUS,239,621
AUS,239,622
AUS,239,623
AUS,239,624
AUS,239,625
AUS,239,626
AUS,239,627
AUS,239,628
AUS,239,629
AUS,239,630
AUS,239,631
AUS,239,632
AUS,239,633
AUS,239,634
AUS,239,635
AUS,239,636
AUS,239,637
AUS,239,638
AUS,239,639
AUS,239,640
AUS,239,641
AUS,239,642
AUS,239,643
AUS,239,644
AUS,239,645
AUS,239,646
AUS,239,647
AUS,239,648
AUS,239,649
AUS,239,650
AUS,239,651
AUS,239,652
AUS,239,653
AUS,239,654
AUS,239,655
AUS,239,656
AUS,239,657
AUS,239,658
AUS,239,659
AUS,239,660
AUS,239,661
AUS,239,662
AUS,239,663
AUS,239,664
AUS,239,665
AUS,239,666
AUS,239,667
CHL,240,218
CHL,240,219
CHL,240,220
ARG,240,221
ARG,240,222
ARG,240,223
ARG,240,224
ARG,240,225
ARG,240,226
ARG,240,227
ARG,240,228
ARG,240,229
ARG,240,230
ARG,240,231
ARG,240,232
ARG,240,233
ARG,240,234
ARG,240,235
ARG,240,236
ARG,240,237
ARG,240,238
ARG,240,239
ARG,240,240
ARG,240,241
ARG,240,242
ARG,240,243
ARG,240,244
ARG,240,245
,240,246
,240,247
BRA,240,248
BRA,240,249
BRA,240,250
BRA,240,251
BRA,240,252
BRA,240,253
BRA,240,254
BRA,240,255
BRA,240,256
BRA,240,257
BRA,240,258
BRA,240,259
BRA,240,260
BRA,240,261
ZAF,240,395
ZAF,240,396
ZAF,240,397
ZAF,240,398
ZAF,240,399
ZAF,240,400
ZAF,240,401
ZAF,240,402
ZAF,240,403
ZAF,240,404
ZAF,240,405
ZAF,240,406
ZAF,240,407
ZAF,240,408
ZAF,240,409
ZAF,240,410
ZAF,240,411
ZAF,240,412
ZAF,240,413
ZAF,240,414
LSO,240,415
LSO,240,416
LSO,240,417
LSO,240,418
ZAF,240,419
ZAF,240,420
ZAF,240,421
ZAF,240,422
ZAF,240,423
AUS,240,590
AUS,240,591
AUS,240,592
AUS,240,593
AUS,240,594
AUS,240,595
AUS,240,596
AUS,240,597
AUS,240,598
AUS,240,599
AUS,240,600
AUS,240,601
AUS,240,602
AUS,240,603
AUS,240,604
AUS,240,605
AUS,240,606
AUS,240,607
AUS,240,608
AUS,240,609
AUS,240,610
AUS,240,611
AUS,240,612
AUS,240,613
AUS,240,614
AUS,240,615
AUS,240,616
AUS,240,617
AUS,240,618
AUS,240,619
AUS,240,620
AUS,240,621
AUS,240,622
AUS,240,623
AUS,240,624
AUS,240,625
AUS,240,626
AUS,240,627
AUS,240,628
AUS,240,629
AUS,240,630
AUS,240,631
AUS,240,632
AUS,240,633
AUS,240,634
AUS,240,635
AUS,240,636
AUS,240,637
AUS,240,638
AUS,240,639
AUS,240,640
AUS,240,641
AUS,240,642
AUS,240,643
AUS,240,644
AUS,240,645
AUS,240,646
AUS,240,647
AUS,240,648
AUS,240,649
AUS,240,650
AUS,240,651
AUS,240,652
AUS,240,653
AUS,240,654
AUS,240,655
AUS,240,656
AUS,240,657
AUS,240,658
AUS,240,659
AUS,240,660
AUS,240,661
AUS,240,662
AUS,240,663
AUS,240,664
AUS,240,665
AUS,240,666
AUS,240,667
CHL,241,217
CHL,241,218
CHL,241,219
CHL,241,220
ARG,241,221
ARG,241,222
ARG,241,223
ARG,241,224
ARG,241,225
ARG,241,226
ARG,241,227
ARG,241,228
ARG,241,229
ARG,241,230
ARG,241,231
ARG,241,232
ARG,241,233
ARG,241,234
ARG,241,235
ARG,241,236
ARG,241,237
ARG,241,238
ARG,241,239
ARG,241,240
ARG,241,241
ARG,241,242
ARG,241,243
ARG,241,244
,241,245
,241,246
URY,241,247
BRA,241,248
BRA,241,249
BRA,241,250
BRA,241,251
BRA,241,252
BRA,241,253
BRA,241,254
BRA,241,255
BRA,241,256
BRA,241,257
BRA,241,258
BRA,241,259
BRA,241,260
ZAF,241,395
ZAF,241,396
ZAF,241,397
ZAF,241,398
ZAF,241,399
ZAF,241,400
ZAF,241,401
ZAF,241,402
ZAF,241,403
ZAF,241,404
ZAF,241,405
ZAF,241,406
ZAF,241,407
ZAF,241,408
ZAF,241,409
ZAF,241,410
ZAF,241,411
ZAF,241,412
ZAF,241,413
ZAF,241,414
ZAF,241,415
LSO,241,416
LSO,241,417
ZAF,241,418
ZAF,241,419
ZAF,241,420
ZAF,241,421
ZAF,241,422
AUS,241,590
AUS,241,591
AUS,241,592
AUS,241,593
AUS,241,594
AUS,241,595
AUS,241,596
AUS,241,597
AUS,241,598
AUS,241,599
AUS,241,600
AUS,241,601
AUS,241,602
AUS,241,603
AUS,241,604
AUS,241,605
AUS,241,606
AUS,241,607
AUS,241,608
AUS,241,609
AUS,241,610
AUS,241,611
AUS,241,612
AUS,241,613
AUS,241,614
AUS,241,615
AUS,241,616
AUS,241,617
AUS,241,618
AUS,241,619
AUS,241,620
AUS,241,621
AUS,241,622
AUS,241,623
AUS,241,624
AUS,241,625
AUS,241,626
AUS,241,627
AUS,241,628
AUS,241,629
AUS,241,630
AUS,241,631
AUS,241,632
AUS,241,633
AUS,241,634
AUS,241,635
AUS,241,636
AUS,241,637
AUS,241,638
AUS,241,639
AUS,241,640
AUS,241,641
AUS,241,642
AUS,241,643
AUS,241,644
AUS,241,645
AUS,241,646
AUS,241,647
AUS,241,648
AUS,241,649
AUS,241,650
AUS,241,651
AUS,241,652
AUS,241,653
AUS,241,654
AUS,241,655
AUS,241,656
AUS,241,657
AUS,241,658
AUS,241,659
AUS,241,660
AUS,241,661
AUS,241,662
AUS,241,663
AUS,241,664
AUS,241,665
AUS,241,666
AUS,241,667
CHL,242,217
CHL,242,218
CHL,242,219
ARG,242,220
ARG,242,221
ARG,242,222
ARG,242,223
ARG,242,224
ARG,242,225
ARG,242,226
ARG,242,227
ARG,242,228
ARG,242,229
ARG,242,230
ARG,242,231
ARG,242,232
ARG,242,233
ARG,242,234
ARG,242,235
ARG,242,236
ARG,242,237
ARG,242,238
ARG,242,239
ARG,242,240
ARG,242,241
ARG,242,242
ARG,242,243
ARG,242,244
URY,242,245
URY,242,246
URY,242,247
URY,242,248
BRA,242,249
BRA,242,250
BRA,242,251
BRA,242,252
BRA,242,253
BRA,242,254
BRA,242,255
BRA,242,256
BRA,242,257
BRA,242,258
BRA,242,259
BRA,242,260
ZAF,242,395
ZAF,242,396
ZAF,242,397
ZAF,242,398
ZAF,242,399
ZAF,242,400
ZAF,242,401
ZAF,242,402
ZAF,242,403
ZAF,242,404
ZAF,242,405
ZAF,242,406
ZAF,242,407
ZAF,242,408
ZAF,242,409
ZAF,242,410
ZAF,242,411
ZAF,242,412
ZAF,242,413
ZAF,242,414
ZAF,242,415
ZAF,242,416
ZAF,242,417
ZAF,242,418
ZAF,242,419
ZAF,242,420
ZAF,242,421
ZAF,242,422
AUS,242,591
AUS,242,592
AUS,242,593
AUS,242,594
AUS,242,595
AUS,242,596
AUS,242,597
AUS,242,598
AUS,242,599
AUS,242,600
AUS,242,601
AUS,242,602
AUS,242,603
AUS,242,604
AUS,242,605
AUS,242,606
AUS,242,607
AUS,242,608
AUS,242,609
AUS,242,610
AUS,242,611
AUS,242,612
AUS,242,613
AUS,242,614
AUS,242,615
AUS,242,616
AUS,242,617
AUS,242,618
AUS,242,619
AUS,242,620
AUS,242,621
AUS,242,622
AUS,242,623
AUS,242,624
AUS,242,625
AUS,242,626
AUS,242,627
AUS,242,628
AUS,242,629
AUS,242,630
AUS,242,631
AUS,242,632
AUS,242,633
AUS,242,634
AUS,242,635
AUS,242,636
AUS,242,637
AUS,242,638
AUS,242,639
AUS,242,640
AUS,242,641
AUS,242,642
AUS,242,643
AUS,242,644
AUS,242,645
AUS,242,646
AUS,242,647
AUS,242,648
AUS,242,649
AUS,242,650
AUS,242,651
AUS,242,652
AUS,242,653
AUS,242,654
AUS,242,655
AUS,242,656
AUS,242,657
AUS,242,658
AUS,242,659
AUS,242,660
AUS,242,661
AUS,242,662
AUS,242,663
AUS,242,664
AUS,242,665
AUS,242,666
AUS,242,667
CHL,243,217
CHL,243,218
CHL,243,219
ARG,243,220
ARG,243,221
ARG,243,222
ARG,243,223
ARG,243,224
ARG,243,225
ARG,243,226
ARG,243,227
ARG,243,228
ARG,243,229
ARG,243,230
ARG,243,231
ARG,243,232
ARG,243,233
ARG,243,234
ARG,243,235
ARG,243,236
ARG,243,237
ARG,243,238
ARG,243,239
ARG,243,240
ARG,243,241
ARG,243,242
ARG,243,243
ARG,243,244
URY,243,245
URY,243,246
URY,243,247
URY,243,248
URY,243,249
URY,243,250
BRA,243,251
BRA,243,252
BRA,243,253
BRA,243,254
BRA,243,255
BRA,243,256
BRA,243,257
BRA,243,258
BRA,243,259
ZAF,243,396
ZAF,243,397
ZAF,243,398
ZAF,243,399
ZAF,243,400
ZAF,243,401
ZAF,243,402
ZAF,243,403
ZAF,243,404
ZAF,243,405
ZAF,243,406
ZAF,243,407
ZAF,243,408
ZAF,243,409
ZAF,243,410
ZAF,243,411
ZAF,243,412
ZAF,243,413
ZAF,243,414
ZAF,243,415
ZAF,243,416
ZAF,243,417
ZAF,243,418
ZAF,243,419
ZAF,243,420
ZAF,243,421
AUS,243,591
AUS,243,592
AUS,243,593
AUS,243,594
AUS,243,595
AUS,243,596
AUS,243,597
AUS,243,598
AUS,243,599
AUS,243,600
AUS,243,601
AUS,243,602
AUS,243,603
AUS,243,604
AUS,243,605
AUS,243,606
AUS,243,607
AUS,243,608
AUS,243,609
AUS,243,610
AUS,243,611
AUS,243,612
AUS,243,613
AUS,243,614
AUS,243,615
AUS,243,616
AUS,243,617
AUS,243,618
AUS,243,619
AUS,243,620
AUS,243,621
AUS,243,622
AUS,243,623
AUS,243,624
AUS,243,625
AUS,243,626
AUS,243,627
AUS,243,628
AUS,243,629
AUS,243,630
AUS,243,631
AUS,243,632
AUS,243,633
AUS,243,634
AUS,243,635
AUS,243,636
AUS,243,637
AUS,243,638
AUS,243,639
AUS,243,640
AUS,243,641
AUS,243,642
AUS,243,643
AUS,243,644
AUS,243,645
AUS,243,646
AUS,243,647
AUS,243,648
AUS,243,649
AUS,243,650
AUS,243,651
AUS,243,652
AUS,243,653
AUS,243,654
AUS,243,655
AUS,243,656
AUS,243,657
AUS,243,658
AUS,243,659
AUS,243,660
AUS,243,661
AUS,243,662
AUS,243,663
AUS,243,664
AUS,243,665
AUS,243,666
AUS,243,667
CHL,244,217
CHL,244,218
CHL,244,219
ARG,244,220
ARG,244,221
ARG,244,222
ARG,244,223
ARG,244,224
ARG,244,225
ARG,244,226
ARG,244,227
ARG,244,228
ARG,244,229
ARG,244,230
ARG,244,231
ARG,244,232
ARG,244,233
ARG,244,234
ARG,244,235
ARG,244,236
ARG,244,237
ARG,244,238
ARG,244,239
ARG,244,240
ARG,244,241
ARG,244,242
ARG,244,243
ARG,244,244
URY,244,245
URY,244,246
URY,244,247
URY,244,248
URY,244,249
URY,244,250
URY,244,251
URY,244,252
BRA,244,253
BRA,244,254
BRA,244,255
BRA,244,256
BRA,244,257
BRA,244,258
ZAF,244,397
ZAF,244,398
ZAF,244,399
ZAF,244,400
ZAF,244,401
ZAF,244,402
ZAF,244,403
ZAF,244,404
ZAF,244,405
ZAF,244,406
ZAF,244,407
ZAF,244,408
ZAF,244,409
ZAF,244,410
ZAF,244,411
ZAF,244,412
ZAF,244,413
ZAF,244,414
ZAF,244,415
ZAF,244,416
ZAF,244,417
ZAF,244,418
ZAF,244,419
ZAF,244,420
AUS,244,592
AUS,244,593
AUS,244,594
AUS,244,595
AUS,244,596
AUS,244,597
AUS,244,598
AUS,244,599
AUS,244,600
AUS,244,601
AUS,244,602
AUS,244,603
AUS,244,604
AUS,244,605
AUS,244,606
AUS,244,607
AUS,244,608
AUS,244,609
AUS,244,610
AUS,244,611
AUS,244,612
AUS,244,613
AUS,244,614
AUS,244,615
AUS,244,616
AUS,244,617
AUS,244,618
AUS,244,619
AUS,244,620
AUS,244,621
AUS,244,622
AUS,244,623
AUS,244,624
AUS,244,625
AUS,244,626
AUS,244,627
AUS,244,628
AUS,244,629
AUS,244,630
AUS,244,631
AUS,244,632
AUS,244,633
AUS,244,634
AUS,244,635
AUS,244,636
AUS,244,637
AUS,244,638
AUS,244,639
AUS,244,640
AUS,244,641
AUS,244,642
AUS,244,643
AUS,244,644
AUS,244,645
AUS,244,646
AUS,244,647
AUS,244,648
AUS,244,649
AUS,244,650
AUS,244,651
AUS,244,652
AUS,244,653
AUS,244,654
AUS,244,655
AUS,244,656
AUS,244,657
AUS,244,658
AUS,244,659
AUS,244,660
AUS,244,661
AUS,244,662
AUS,244,663
AUS,244,664
AUS,244,665
AUS,244,666
CHL,245,218
CHL,245,219
ARG,245,220
ARG,245,221
ARG,245,222
ARG,245,223
ARG,245,224
ARG,245,225
ARG,245,226
ARG,245,227
ARG,245,228
ARG,245,229
ARG,245,230
ARG,245,231
ARG,245,232
ARG,245,233
ARG,245,234
ARG,245,235
ARG,245,236
ARG,245,237
ARG,245,238
ARG,245,239
ARG,245,240
ARG,245,241
ARG,245,242
ARG,245,243
ARG,245,244
URY,245,245
URY,245,246
URY,245,247
URY,245,248
URY,245,249
URY,245,250
URY,245,251
URY,245,252
URY,245,253
BRA,245,254
BRA,245,255
BRA,245,256
BRA,245,257
ZAF,245,397
ZAF,245,398
ZAF,245,399
ZAF,245,400
ZAF,245,401
ZAF,245,402
ZAF,245,403
ZAF,245,404
ZAF,245,405
ZAF,245,406
ZAF,245,407
ZAF,245,408
ZAF,245,409
ZAF,245,410
ZAF,245,411
ZAF,245,412
ZAF,245,413
ZAF,245,414
ZAF,245,415
ZAF,245,416
ZAF,245,417
ZAF,245,418
ZAF,245,419
AUS,245,592
AUS,245,593
AUS,245,594
AUS,245,595
AUS,245,596
AUS,245,597
AUS,245,598
AUS,245,599
AUS,245,600
AUS,245,601
AUS,245,602
AUS,245,603
AUS,245,604
AUS,245,605
AUS,245,606
AUS,245,607
AUS,245,608
AUS,245,609
AUS,245,610
AUS,245,611
AUS,245,612
AUS,245,613
AUS,245,614
AUS,245,615
AUS,245,616
AUS,245,617
AUS,245,626
AUS,245,627
AUS,245,628
AUS,245,629
AUS,245,630
AUS,245,631
AUS,245,632
AUS,245,633
AUS,245,634
AUS,245,635
AUS,245,636
AUS,245,637
AUS,245,638
AUS,245,639
AUS,245,640
AUS,245,641
AUS,245,642
AUS,245,643
AUS,245,644
AUS,245,645
AUS,245,646
AUS,245,647
AUS,245,648
AUS,245,649
AUS,245,650
AUS,245,651
AUS,245,652
AUS,245,653
AUS,245,654
AUS,245,655
AUS,245,656
AUS,245,657
AUS,245,658
AUS,245,659
AUS,245,660
AUS,245,661
AUS,245,662
AUS,245,663
AUS,245,664
AUS,245,665
AUS,245,666
CHL,246,217
CHL,246,218
CHL,246,219
CHL,246,220
ARG,246,221
ARG,246,222
ARG,246,223
ARG,246,224
ARG,246,225
ARG,246,226
ARG,246,227
ARG,246,228
ARG,246,229
ARG,246,230
ARG,246,231
ARG,246,232
ARG,246,233
ARG,246,234
ARG,246,235
ARG,246,236
ARG,246,237
ARG,246,238
ARG,246,239
ARG,246,240
ARG,246,241
ARG,246,242
ARG,246,243
ARG,246,244
URY,246,245
URY,246,246
URY,246,247
URY,246,248
URY,246,249
URY,246,250
URY,246,251
URY,246,252
URY,246,253
URY,246,254
BRA,246,255
BRA,246,256
ZAF,246,396
ZAF,246,397
ZAF,246,398
ZAF,246,399
ZAF,246,400
ZAF,246,401
ZAF,246,402
ZAF,246,403
ZAF,246,404
ZAF,246,405
ZAF,246,406
ZAF,246,407
ZAF,246,408
ZAF,246,409
ZAF,246,410
ZAF,246,411
ZAF,246,412
ZAF,246,413
ZAF,246,414
ZAF,246,415
ZAF,246,416
ZAF,246,417
ZAF,246,418
AUS,246,592
AUS,246,593
AUS,246,594
AUS,246,595
AUS,246,596
AUS,246,597
AUS,246,598
AUS,246,599
AUS,246,600
AUS,246,601
AUS,246,602
AUS,246,603
AUS,246,604
AUS,246,605
AUS,246,606
AUS,246,607
AUS,246,608
AUS,246,609
AUS,246,610
AUS,246,611
AUS,246,612
AUS,246,629
AUS,246,630
AUS,246,631
AUS,246,632
AUS,246,633
AUS,246,634
AUS,246,635
AUS,246,636
AUS,246,637
AUS,246,638
AUS,246,639
AUS,246,640
AUS,246,641
AUS,246,642
AUS,246,643
AUS,246,644
AUS,246,645
AUS,246,646
AUS,246,647
AUS,246,648
AUS,246,649
AUS,246,650
AUS,246,651
AUS,246,652
AUS,246,653
AUS,246,654
AUS,246,655
AUS,246,656
AUS,246,657
AUS,246,658
AUS,246,659
AUS,246,660
AUS,246,661
AUS,246,662
AUS,246,663
AUS,246,664
AUS,246,665
CHL,247,217
CHL,247,218
CHL,247,219
CHL,247,220
ARG,247,221
ARG,247,222
ARG,247,223
ARG,247,224
ARG,247,225
ARG,247,226
ARG,247,227
ARG,247,228
ARG,247,229
ARG,247,230
ARG,247,231
ARG,247,232
ARG,247,233
ARG,247,234
ARG,247,235
ARG,247,236
ARG,247,237
ARG,247,238
ARG,247,239
ARG,247,240
ARG,247,241
ARG,247,242
ARG,247,243
URY,247,244
URY,247,245
URY,247,246
URY,247,247
URY,247,248
URY,247,249
URY,247,250
URY,247,251
URY,247,252
URY,247,253
BRA,247,254
BRA,247,255
ZAF,247,397
ZAF,247,398
ZAF,247,399
ZAF,247,400
ZAF,247,401
ZAF,247,402
ZAF,247,403
ZAF,247,404
ZAF,247,405
ZAF,247,406
ZAF,247,407
ZAF,247,408
ZAF,247,409
ZAF,247,410
ZAF,247,411
ZAF,247,412
ZAF,247,413
ZAF,247,414
ZAF,247,415
ZAF,247,416
AUS,247,592
AUS,247,593
AUS,247,594
AUS,247,595
AUS,247,596
AUS,247,597
AUS,247,598
AUS,247,599
AUS,247,600
AUS,247,601
AUS,247,602
AUS,247,603
AUS,247,604
AUS,247,605
AUS,247,606
AUS,247,607
AUS,247,608
AUS,247,609
AUS,247,629
AUS,247,630
AUS,247,631
AUS,247,632
AUS,247,633
AUS,247,634
AUS,247,635
AUS,247,636
AUS,247,637
AUS,247,638
AUS,247,639
AUS,247,640
AUS,247,641
AUS,247,642
AUS,247,643
AUS,247,644
AUS,247,645
AUS,247,646
AUS,247,647
AUS,247,648
AUS,247,649
AUS,247,650
AUS,247,651
AUS,247,652
AUS,247,653
AUS,247,654
AUS,247,655
AUS,247,656
AUS,247,657
AUS,247,658
AUS,247,659
AUS,247,660
AUS,247,661
AUS,247,662
AUS,247,663
AUS,247,664
CHL,248,199
CHL,248,203
CHL,248,217
CHL,248,218
CHL,248,219
CHL,248,220
ARG,248,221
ARG,248,222
ARG,248,223
ARG,248,224
ARG,248,225
ARG,248,226
ARG,248,227
ARG,248,228
ARG,248,229
ARG,248,230
ARG,248,231
ARG,248,232
ARG,248,233
ARG,248,234
ARG,248,235
ARG,248,236
ARG,248,237
ARG,248,238
ARG,248,239
ARG,248,240
ARG,248,241
ARG,248,242
ARG,248,243
URY,248,244
URY,248,245
URY,248,246
URY,248,247
URY,248,248
URY,248,249
URY,248,250
URY,248,251
URY,248,252
URY,248,253
BRA,248,254
ZAF,248,397
ZAF,248,398
ZAF,248,399
ZAF,248,400
ZAF,248,401
ZAF,248,402
ZAF,248,403
ZAF,248,404
ZAF,248,405
ZAF,248,406
ZAF,248,407
ZAF,248,408
ZAF,248,409
ZAF,248,410
ZAF,248,411
ZAF,248,412
ZAF,248,413
ZAF,248,414
ZAF,248,415
AUS,248,591
AUS,248,592
AUS,248,593
AUS,248,594
AUS,248,595
AUS,248,596
AUS,248,597
AUS,248,598
AUS,248,599
AUS,248,600
AUS,248,601
AUS,248,602
AUS,248,603
AUS,248,604
AUS,248,605
AUS,248,606
AUS,248,607
AUS,248,608
AUS,248,630
AUS,248,631
AUS,248,632
AUS,248,633
AUS,248,634
AUS,248,635
AUS,248,636
AUS,248,637
AUS,248,638
AUS,248,639
AUS,248,640
AUS,248,641
AUS,248,642
AUS,248,643
AUS,248,644
AUS,248,645
AUS,248,646
AUS,248,647
AUS,248,648
AUS,248,649
AUS,248,650
AUS,248,651
AUS,248,652
AUS,248,653
AUS,248,654
AUS,248,655
AUS,248,656
AUS,248,657
AUS,248,658
AUS,248,659
AUS,248,660
AUS,248,661
AUS,248,662
AUS,248,663
CHL,249,216
CHL,249,217
CHL,249,218
CHL,249,219
CHL,249,220
ARG,249,221
ARG,249,222
ARG,249,223
ARG,249,224
ARG,249,225
ARG,249,226
ARG,249,227
ARG,249,228
ARG,249,229
ARG,249,230
ARG,249,231
ARG,249,232
ARG,249,233
ARG,249,234
ARG,249,235
ARG,249,236
ARG,249,237
ARG,249,238
ARG,249,239
ARG,249,240
ARG,249,241
ARG,249,242
ARG,249,243
ARG,249,244
URY,249,245
URY,249,246
URY,249,247
URY,249,248
URY,249,249
URY,249,250
URY,249,251
URY,249,252
URY,249,253
ZAF,249,397
ZAF,249,398
ZAF,249,399
ZAF,249,400
ZAF,249,401
ZAF,249,402
ZAF,249,403
ZAF,249,404
ZAF,249,405
ZAF,249,406
ZAF,249,407
ZAF,249,409
ZAF,249,410
AUS,249,591
AUS,249,592
AUS,249,593
AUS,249,594
AUS,249,595
AUS,249,596
AUS,249,597
AUS,249,598
AUS,249,599
AUS,249,600
AUS,249,631
AUS,249,632
AUS,249,633
AUS,249,635
AUS,249,636
AUS,249,637
AUS,249,638
AUS,249,639
AUS,249,640
AUS,249,641
AUS,249,642
AUS,249,643
AUS,249,644
AUS,249,645
AUS,249,646
AUS,249,647
AUS,249,648
AUS,249,649
AUS,249,650
AUS,249,651
AUS,249,652
AUS,249,653
AUS,249,654
AUS,249,655
AUS,249,656
AUS,249,657
AUS,249,658
AUS,249,659
AUS,249,660
AUS,249,661
AUS,249,662
AUS,249,663
NZL,249,705
NZL,249,706
NZL,249,707
CHL,250,216
CHL,250,217
CHL,250,218
CHL,250,219
ARG,250,220
ARG,250,221
ARG,250,222
ARG,250,223
ARG,250,224
ARG,250,225
ARG,250,226
ARG,250,227
ARG,250,228
ARG,250,229
ARG,250,230
ARG,250,231
ARG,250,232
ARG,250,233
ARG,250,234
ARG,250,235
ARG,250,236
ARG,250,237
ARG,250,238
ARG,250,239
ARG,250,240
ARG,250,241
ARG,250,242
ARG,250,243
ARG,250,244
ARG,250,245
URY,250,247
URY,250,248
URY,250,249
URY,250,250
URY,250,251
URY,250,252
ZAF,250,399
ZAF,250,400
ZAF,250,401
AUS,250,592
AUS,250,593
AUS,250,594
AUS,250,595
AUS,250,596
AUS,250,597
AUS,250,598
AUS,250,631
AUS,250,632
AUS,250,633
AUS,250,635
AUS,250,636
AUS,250,637
AUS,250,638
AUS,250,639
AUS,250,640
AUS,250,641
AUS,250,642
AUS,250,643
AUS,250,644
AUS,250,645
AUS,250,646
AUS,250,647
AUS,250,648
AUS,250,649
AUS,250,650
AUS,250,651
AUS,250,652
AUS,250,653
AUS,250,654
AUS,250,655
AUS,250,656
AUS,250,657
AUS,250,658
AUS,250,659
AUS,250,660
AUS,250,661
AUS,250,662
NZL,250,706
NZL,250,707
NZL,250,708
CHL,251,216
CHL,251,217
CHL,251,218
CHL,251,219
ARG,251,220
ARG,251,221
ARG,251,222
ARG,251,223
ARG,251,224
ARG,251,225
ARG,251,226
ARG,251,227
ARG,251,228
ARG,251,229
ARG,251,230
ARG,251,231
ARG,251,232
ARG,251,233
ARG,251,234
ARG,251,235
ARG,251,236
ARG,251,237
ARG,251,238
ARG,251,239
ARG,251,240
ARG,251,241
ARG,251,242
ARG,251,243
ARG,251,244
ARG,251,245
ARG,251,246
AUS,251,594
AUS,251,595
AUS,251,596
AUS,251,633
AUS,251,634
AUS,251,635
AUS,251,636
AUS,251,637
AUS,251,638
AUS,251,639
AUS,251,640
AUS,251,641
AUS,251,642
AUS,251,643
AUS,251,644
AUS,251,645
AUS,251,646
AUS,251,647
AUS,251,648
AUS,251,649
AUS,251,650
AUS,251,651
AUS,251,652
AUS,251,653
AUS,251,654
AUS,251,655
AUS,251,656
AUS,251,657
AUS,251,658
AUS,251,659
AUS,251,660
AUS,251,661
AUS,251,662
NZL,251,707
NZL,251,708
NZL,251,709
NZL,251,710
CHL,252,215
CHL,252,216
CHL,252,217
CHL,252,218
CHL,252,219
ARG,252,220
ARG,252,221
ARG,252,222
ARG,252,223
ARG,252,224
ARG,252,225
ARG,252,226
ARG,252,227
ARG,252,228
ARG,252,229
ARG,252,230
ARG,252,231
ARG,252,232
ARG,252,233
ARG,252,234
ARG,252,235
ARG,252,236
ARG,252,237
ARG,252,238
ARG,252,239
ARG,252,240
ARG,252,241
ARG,252,242
ARG,252,243
ARG,252,244
ARG,252,245
ARG,252,246
AUS,252,634
AUS,252,635
AUS,252,636
AUS,252,637
AUS,252,638
AUS,252,639
AUS,252,640
AUS,252,641
AUS,252,642
AUS,252,643
AUS,252,644
AUS,252,645
AUS,252,646
AUS,252,647
AUS,252,648
AUS,252,649
AUS,252,650
AUS,252,651
AUS,252,652
AUS,252,653
AUS,252,654
AUS,252,655
AUS,252,656
AUS,252,657
AUS,252,658
AUS,252,659
AUS,252,660
AUS,252,661
NZL,252,707
NZL,252,708
NZL,252,709
NZL,252,710
CHL,253,215
CHL,253,216
CHL,253,217
CHL,253,218
CHL,253,219
ARG,253,220
ARG,253,221
ARG,253,222
ARG,253,223
ARG,253,224
ARG,253,225
ARG,253,226
ARG,253,227
ARG,253,228
ARG,253,229
ARG,253,230
ARG,253,231
ARG,253,232
ARG,253,233
ARG,253,234
ARG,253,235
ARG,253,236
ARG,253,237
ARG,253,238
ARG,253,239
ARG,253,240
ARG,253,241
ARG,253,242
ARG,253,243
ARG,253,244
ARG,253,245
ARG,253,246
ARG,253,247
AUS,253,634
AUS,253,635
AUS,253,636
AUS,253,640
AUS,253,641
AUS,253,642
AUS,253,643
AUS,253,644
AUS,253,645
AUS,253,646
AUS,253,647
AUS,253,648
AUS,253,649
AUS,253,650
AUS,253,651
AUS,253,652
AUS,253,653
AUS,253,654
AUS,253,655
AUS,253,656
AUS,253,657
AUS,253,658
AUS,253,659
AUS,253,660
AUS,253,661
NZL,253,708
NZL,253,709
NZL,253,710
NZL,253,711
NZL,253,712
CHL,254,214
CHL,254,215
CHL,254,216
CHL,254,217
CHL,254,218
ARG,254,219
ARG,254,220
ARG,254,221
ARG,254,222
ARG,254,223
ARG,254,224
ARG,254,225
ARG,254,226
ARG,254,227
ARG,254,228
ARG,254,229
ARG,254,230
ARG,254,231
ARG,254,232
ARG,254,233
ARG,254,234
ARG,254,235
ARG,254,236
ARG,254,237
ARG,254,238
ARG,254,239
ARG,254,240
ARG,254,241
ARG,254,242
ARG,254,243
ARG,254,244
ARG,254,245
ARG,254,246
ARG,254,247
AUS,254,640
AUS,254,641
AUS,254,642
AUS,254,643
AUS,254,644
AUS,254,645
AUS,254,646
AUS,254,647
AUS,254,648
AUS,254,649
AUS,254,650
AUS,254,651
AUS,254,652
AUS,254,653
AUS,254,654
AUS,254,655
AUS,254,656
AUS,254,657
AUS,254,658
AUS,254,659
AUS,254,660
AUS,254,661
NZL,254,709
NZL,254,710
NZL,254,711
NZL,254,712
CHL,255,213
CHL,255,214
CHL,255,215
CHL,255,216
CHL,255,217
CHL,255,218
ARG,255,219
ARG,255,220
ARG,255,221
ARG,255,222
ARG,255,223
ARG,255,224
ARG,255,225
ARG,255,226
ARG,255,227
ARG,255,228
ARG,255,229
ARG,255,230
ARG,255,231
ARG,255,232
ARG,255,233
ARG,255,234
ARG,255,235
ARG,255,236
ARG,255,237
ARG,255,238
ARG,255,239
ARG,255,240
ARG,255,241
ARG,255,242
ARG,255,243
ARG,255,244
ARG,255,245
ARG,255,246
ARG,255,247
AUS,255,640
AUS,255,641
AUS,255,642
AUS,255,643
AUS,255,644
AUS,255,645
AUS,255,646
AUS,255,647
AUS,255,648
AUS,255,649
AUS,255,650
AUS,255,651
AUS,255,652
AUS,255,653
AUS,255,654
AUS,255,655
AUS,255,656
AUS,255,657
AUS,255,658
AUS,255,659
AUS,255,660
AUS,255,661
NZL,255,710
NZL,255,711
NZL,255,712
NZL,255,713
CHL,256,213
CHL,256,214
CHL,256,215
CHL,256,216
CHL,256,217
CHL,256,218
ARG,256,219
ARG,256,220
ARG,256,221
ARG,256,222
ARG,256,223
ARG,256,224
ARG,256,225
ARG,256,226
ARG,256,227
ARG,256,228
ARG,256,229
ARG,256,230
ARG,256,231
ARG,256,232
ARG,256,233
ARG,256,234
ARG,256,235
ARG,256,236
ARG,256,237
ARG,256,238
ARG,256,239
ARG,256,240
ARG,256,241
ARG,256,242
ARG,256,243
ARG,256,244
ARG,256,245
ARG,256,246
AUS,256,641
AUS,256,642
AUS,256,643
AUS,256,644
AUS,256,645
AUS,256,646
AUS,256,647
AUS,256,648
AUS,256,649
AUS,256,650
AUS,256,651
AUS,256,652
AUS,256,653
AUS,256,654
AUS,256,655
AUS,256,656
AUS,256,657
AUS,256,658
AUS,256,659
AUS,256,660
NZL,256,710
NZL,256,711
NZL,256,712
NZL,256,713
NZL,256,714
NZL,256,715
NZL,256,716
NZL,256,717
NZL,256,718
CHL,257,213
CHL,257,214
CHL,257,215
CHL,257,216
CHL,257,217
CHL,257,218
ARG,257,219
ARG,257,220
ARG,257,221
ARG,257,222
ARG,257,223
ARG,257,224
ARG,257,225
ARG,257,226
ARG,257,227
ARG,257,228
ARG,257,229
ARG,257,230
ARG,257,231
ARG,257,232
ARG,257,233
ARG,257,234
ARG,257,235
ARG,257,236
ARG,257,237
ARG,257,238
ARG,257,239
ARG,257,240
ARG,257,241
ARG,257,242
ARG,257,243
ARG,257,244
ARG,257,245
AUS,257,642
AUS,257,643
AUS,257,644
AUS,257,645
AUS,257,646
AUS,257,647
AUS,257,648
AUS,257,649
AUS,257,650
AUS,257,651
AUS,257,652
AUS,257,653
AUS,257,654
AUS,257,655
AUS,257,656
NZL,257,710
NZL,257,711
NZL,257,712
NZL,257,713
NZL,257,714
NZL,257,715
NZL,257,716
NZL,257,717
CHL,258,214
CHL,258,215
CHL,258,216
CHL,258,217
CHL,258,218
ARG,258,219
ARG,258,220
ARG,258,221
ARG,258,222
ARG,258,223
ARG,258,224
ARG,258,225
ARG,258,226
ARG,258,227
ARG,258,228
ARG,258,229
ARG,258,230
ARG,258,231
ARG,258,232
ARG,258,233
ARG,258,234
ARG,258,235
ARG,258,236
ARG,258,237
ARG,258,238
ARG,258,239
ARG,258,240
ARG,258,241
ARG,258,242
ARG,258,243
AUS,258,646
AUS,258,647
AUS,258,648
AUS,258,651
AUS,258,652
AUS,258,653
AUS,258,654
AUS,258,655
NZL,258,709
NZL,258,710
NZL,258,711
NZL,258,712
NZL,258,713
NZL,258,714
NZL,258,715
NZL,258,716
NZL,258,717
CHL,259,214
CHL,259,215
CHL,259,216
CHL,259,217
ARG,259,218
ARG,259,219
ARG,259,220
ARG,259,221
ARG,259,222
ARG,259,223
ARG,259,224
ARG,259,225
ARG,259,226
ARG,259,227
ARG,259,228
ARG,259,229
ARG,259,230
ARG,259,231
ARG,259,232
ARG,259,233
ARG,259,234
ARG,259,235
ARG,259,236
ARG,259,237
AUS,259,653
NZL,259,708
NZL,259,709
NZL,259,710
NZL,259,711
NZL,259,712
NZL,259,713
NZL,259,714
NZL,259,715
NZL,259,716
CHL,260,213
CHL,260,214
CHL,260,215
CHL,260,216
CHL,260,217
ARG,260,218
ARG,260,219
ARG,260,220
ARG,260,221
ARG,260,222
ARG,260,223
ARG,260,224
ARG,260,225
ARG,260,226
ARG,260,227
ARG,260,228
ARG,260,229
ARG,260,230
ARG,260,231
ARG,260,232
ARG,260,233
ARG,260,234
ARG,260,235
ARG,260,236
AUS,260,648
AUS,260,649
AUS,260,656
AUS,260,657
NZL,260,709
NZL,260,710
NZL,260,711
NZL,260,712
NZL,260,713
NZL,260,714
NZL,260,715
CHL,261,213
CHL,261,214
CHL,261,215
CHL,261,216
CHL,261,217
ARG,261,218
ARG,261,219
ARG,261,220
ARG,261,221
ARG,261,222
ARG,261,223
ARG,261,224
ARG,261,225
ARG,261,226
ARG,261,227
ARG,261,228
ARG,261,229
ARG,261,230
ARG,261,231
ARG,261,232
ARG,261,233
ARG,261,234
ARG,261,235
ARG,261,236
AUS,261,648
AUS,261,649
AUS,261,650
AUS,261,656
AUS,261,657
NZL,261,711
NZL,261,712
NZL,261,713
NZL,261,714
CHL,262,213
CHL,262,214
CHL,262,215
CHL,262,216
ARG,262,217
ARG,262,218
ARG,262,219
ARG,262,220
ARG,262,221
ARG,262,222
ARG,262,223
ARG,262,224
ARG,262,225
ARG,262,226
ARG,262,227
ARG,262,228
ARG,262,229
ARG,262,230
ARG,262,231
ARG,262,232
ARG,262,233
ARG,262,234
ARG,262,235
ARG,262,236
AUS,262,650
AUS,262,651
AUS,262,652
AUS,262,655
AUS,262,656
AUS,262,657
NZL,262,705
NZL,262,706
NZL,262,707
NZL,262,708
NZL,262,709
NZL,262,710
NZL,262,711
NZL,262,712
NZL,262,713
CHL,263,213
CHL,263,214
CHL,263,215
CHL,263,216
ARG,263,217
ARG,263,218
ARG,263,219
ARG,263,220
ARG,263,221
ARG,263,222
ARG,263,223
ARG,263,224
ARG,263,225
ARG,263,226
ARG,263,227
ARG,263,228
ARG,263,229
ARG,263,230
ARG,263,233
ARG,263,234
ARG,263,235
AUS,263,650
AUS,263,651
AUS,263,652
AUS,263,653
AUS,263,654
AUS,263,655
AUS,263,656
AUS,263,657
NZL,263,705
NZL,263,706
NZL,263,707
NZL,263,708
NZL,263,709
NZL,263,710
NZL,263,711
NZL,263,712
NZL,263,713
CHL,264,212
CHL,264,213
CHL,264,214
CHL,264,215
CHL,264,216
ARG,264,217
ARG,264,218
ARG,264,219
ARG,264,220
ARG,264,221
ARG,264,222
ARG,264,223
ARG,264,224
ARG,264,225
ARG,264,226
ARG,264,227
ARG,264,228
ARG,264,229
ARG,264,230
ARG,264,231
AUS,264,650
AUS,264,651
AUS,264,652
AUS,264,653
AUS,264,654
AUS,264,655
AUS,264,656
AUS,264,657
NZL,264,703
NZL,264,704
NZL,264,705
NZL,264,706
NZL,264,707
NZL,264,708
NZL,264,709
NZL,264,711
CHL,265,212
CHL,265,213
CHL,265,214
CHL,265,215
CHL,265,216
ARG,265,217
ARG,265,218
ARG,265,219
ARG,265,220
ARG,265,221
ARG,265,222
ARG,265,223
ARG,265,224
ARG,265,225
ARG,265,226
ARG,265,227
ARG,265,228
ARG,265,229
ARG,265,230
ARG,265,231
ARG,265,232
ARG,265,233
AUS,265,651
AUS,265,652
AUS,265,653
AUS,265,654
AUS,265,655
AUS,265,656
AUS,265,657
NZL,265,703
NZL,265,704
NZL,265,705
NZL,265,706
NZL,265,707
NZL,265,708
CHL,266,212
CHL,266,213
CHL,266,214
CHL,266,215
CHL,266,216
ARG,266,217
ARG,266,218
ARG,266,219
ARG,266,220
ARG,266,221
ARG,266,222
ARG,266,223
ARG,266,224
ARG,266,225
ARG,266,226
ARG,266,227
ARG,266,228
ARG,266,229
ARG,266,230
ARG,266,231
ARG,266,232
ARG,266,233
AUS,266,651
AUS,266,652
AUS,266,653
AUS,266,654
AUS,266,655
AUS,266,656
AUS,266,657
NZL,266,702
NZL,266,703
NZL,266,704
NZL,266,705
NZL,266,706
NZL,266,707
NZL,266,708
CHL,267,212
CHL,267,213
CHL,267,214
CHL,267,215
CHL,267,216
ARG,267,217
ARG,267,218
ARG,267,219
ARG,267,220
ARG,267,221
ARG,267,222
ARG,267,223
ARG,267,224
ARG,267,225
ARG,267,226
ARG,267,227
ARG,267,228
ARG,267,229
ARG,267,230
ARG,267,231
ARG,267,232
AUS,267,652
AUS,267,653
AUS,267,654
AUS,267,655
AUS,267,656
AUS,267,657
NZL,267,700
NZL,267,701
NZL,267,702
NZL,267,703
NZL,267,704
NZL,267,705
NZL,267,706
NZL,267,707
NZL,268,7
NZL,268,8
CHL,268,211
CHL,268,212
CHL,268,213
CHL,268,214
CHL,268,215
CHL,268,216
CHL,268,217
ARG,268,218
ARG,268,219
ARG,268,220
ARG,268,221
ARG,268,222
ARG,268,223
ARG,268,224
ARG,268,225
ARG,268,226
ARG,268,227
ARG,268,228
ARG,268,229
ARG,268,230
AUS,268,654
NZL,268,698
NZL,268,699
NZL,268,700
NZL,268,701
NZL,268,702
NZL,268,703
NZL,268,704
NZL,268,705
NZL,268,706
NZL,268,707
NZL,269,7
NZL,269,8
CHL,269,212
CHL,269,213
CHL,269,214
CHL,269,215
CHL,269,216
CHL,269,217
ARG,269,218
ARG,269,219
ARG,269,220
ARG,269,221
ARG,269,222
ARG,269,223
ARG,269,224
ARG,269,225
ARG,269,226
ARG,269,227
ARG,269,228
ARG,269,229
ARG,269,230
NZL,269,696
NZL,269,697
NZL,269,698
NZL,269,699
NZL,269,700
NZL,269,701
NZL,269,702
NZL,269,703
NZL,269,704
CHL,270,210
CHL,270,211
CHL,270,212
CHL,270,213
CHL,270,214
CHL,270,215
CHL,270,216
CHL,270,217
ARG,270,218
ARG,270,219
ARG,270,220
ARG,270,221
ARG,270,222
ARG,270,223
ARG,270,224
ARG,270,225
ARG,270,226
ARG,270,227
ARG,270,228
ARG,270,229
ARG,270,230
NZL,270,695
NZL,270,696
NZL,270,697
NZL,270,698
NZL,270,699
NZL,270,700
NZL,270,701
NZL,270,702
NZL,270,703
CHL,271,211
CHL,271,212
CHL,271,213
CHL,271,214
CHL,271,215
CHL,271,216
CHL,271,217
ARG,271,218
ARG,271,219
ARG,271,220
ARG,271,221
ARG,271,222
ARG,271,223
ARG,271,224
ARG,271,225
ARG,271,226
ARG,271,227
ARG,271,228
ARG,271,229
NZL,271,694
NZL,271,695
NZL,271,696
NZL,271,697
NZL,271,698
NZL,271,699
NZL,271,700
NZL,271,701
NZL,271,702
NZL,271,703
CHL,272,210
CHL,272,211
CHL,272,212
CHL,272,213
CHL,272,214
CHL,272,215
CHL,272,216
CHL,272,217
ARG,272,218
ARG,272,219
ARG,272,220
ARG,272,221
ARG,272,222
ARG,272,223
ARG,272,224
ARG,272,225
ARG,272,226
NZL,272,694
NZL,272,695
NZL,272,696
NZL,272,697
NZL,272,698
NZL,272,699
NZL,272,700
NZL,272,701
NZL,272,702
CHL,273,210
CHL,273,211
CHL,273,212
CHL,273,213
CHL,273,214
CHL,273,215
CHL,273,216
CHL,273,217
ARG,273,218
ARG,273,219
ARG,273,220
ARG,273,221
ARG,273,222
ARG,273,223
ARG,273,224
ARG,273,225
ARG,273,226
NZL,273,694
NZL,273,695
NZL,273,696
NZL,273,697
NZL,273,698
NZL,273,699
NZL,273,700
NZL,273,701
CHL,274,209
CHL,274,210
CHL,274,211
CHL,274,212
CHL,274,213
CHL,274,214
CHL,274,215
CHL,274,216
ARG,274,217
ARG,274,218
ARG,274,219
ARG,274,220
ARG,274,221
ARG,274,222
ARG,274,223
ARG,274,224
ARG,274,225
ARG,274,226
ARG,274,227
ZAF,274,436
NZL,274,696
NZL,274,697
NZL,274,698
NZL,274,699
NZL,274,700
CHL,275,212
CHL,275,213
CHL,275,214
CHL,275,215
CHL,275,216
ARG,275,217
ARG,275,218
ARG,275,219
ARG,275,220
ARG,275,221
ARG,275,222
ARG,275,223
ARG,275,224
ARG,275,225
ARG,275,226
ARG,275,227
ARG,275,228
ARG,275,229
NZL,275,696
NZL,275,697
CHL,276,210
CHL,276,211
CHL,276,212
CHL,276,213
CHL,276,214
CHL,276,215
ARG,276,216
ARG,276,217
ARG,276,218
ARG,276,219
ARG,276,220
ARG,276,221
ARG,276,222
ARG,276,223
ARG,276,224
ARG,276,225
ARG,276,226
ARG,276,227
ARG,276,228
ARG,276,229
CHL,277,209
CHL,277,210
CHL,277,211
CHL,277,212
CHL,277,213
CHL,277,214
CHL,277,215
ARG,277,216
ARG,277,217
ARG,277,218
ARG,277,219
ARG,277,220
ARG,277,221
ARG,277,222
ARG,277,223
ARG,277,224
ARG,277,225
ARG,277,226
ARG,277,227
ARG,277,228
ARG,277,229
CHL,278,209
CHL,278,210
CHL,278,211
CHL,278,212
CHL,278,213
CHL,278,214
CHL,278,215
ARG,278,216
ARG,278,217
ARG,278,218
ARG,278,219
ARG,278,220
ARG,278,221
ARG,278,222
ARG,278,223
ARG,278,224
ARG,278,225
ARG,278,226
ARG,278,227
CHL,279,209
CHL,279,210
CHL,279,211
CHL,279,212
,279,213
,279,214
ARG,279,215
ARG,279,216
ARG,279,217
ARG,279,218
ARG,279,219
ARG,279,220
ARG,279,221
ARG,279,222
ARG,279,223
ARG,279,224
ARG,279,225
CHL,280,209
CHL,280,210
CHL,280,211
CHL,280,212
,280,213
,280,214
ARG,280,215
ARG,280,216
ARG,280,217
ARG,280,218
ARG,280,219
ARG,280,220
ARG,280,221
ARG,280,222
ARG,280,223
ARG,280,224
ARG,280,225
NZL,280,718
CHL,281,210
CHL,281,211
CHL,281,212
CHL,281,213
ARG,281,214
ARG,281,215
ARG,281,216
ARG,281,217
ARG,281,218
ARG,281,219
ARG,281,220
ARG,281,221
ARG,281,222
ARG,281,223
ARG,281,224
ARG,281,225
CHL,282,210
CHL,282,211
CHL,282,212
CHL,282,213
CHL,282,214
CHL,282,215
ARG,282,216
ARG,282,217
ARG,282,218
ARG,282,219
ARG,282,220
ARG,282,221
ARG,282,222
NZL,282,692
NZL,282,693
CHL,283,210
CHL,283,211
CHL,283,212
CHL,283,213
CHL,283,214
CHL,283,215
ARG,283,216
ARG,283,217
ARG,283,218
ARG,283,219
ARG,283,220
ARG,283,221
ARG,283,222
ARG,283,223
CHL,284,210
CHL,284,211
CHL,284,212
CHL,284,213
CHL,284,214
CHL,284,215
CHL,284,216
ARG,284,217
ARG,284,218
ARG,284,219
ARG,284,220
ARG,284,221
ARG,284,222
ARG,284,223
CHL,285,211
CHL,285,212
CHL,285,213
CHL,285,214
CHL,285,215
CHL,285,216
CHL,285,217
CHL,285,218
CHL,285,219
CHL,285,220
CHL,285,221
CHL,285,222
ARG,285,223
ARG,285,224
NZL,285,699
CHL,286,211
CHL,286,212
CHL,286,213
CHL,286,214
CHL,286,215
CHL,286,216
CHL,286,217
CHL,286,218
CHL,286,219
CHL,286,220
CHL,286,221
CHL,286,222
CHL,286,223
ARG,286,224
NZL,286,699
CHL,287,212
CHL,287,213
CHL,287,214
CHL,287,215
CHL,287,216
CHL,287,217
CHL,287,218
CHL,287,219
CHL,287,220
CHL,287,221
CHL,287,222
CHL,287,223
ARG,287,224
CHL,288,213
CHL,288,214
CHL,288,215
CHL,288,216
CHL,288,217
CHL,288,218
CHL,288,219
CHL,288,220
CHL,288,221
CHL,288,222
CHL,288,223
ARG,288,224
ARG,288,225
ARG,288,226
CHL,289,214
CHL,289,215
CHL,289,216
CHL,289,217
CHL,289,218
CHL,289,219
CHL,289,220
CHL,289,221
CHL,289,222
CHL,289,223
ARG,289,224
ARG,289,225
ARG,289,226
ARG,289,227
ARG,289,228
NOR,289,367
AUS,289,678
CHL,290,216
CHL,290,217
CHL,290,218
CHL,290,219
CHL,290,220
CHL,290,221
CHL,290,222
CHL,290,223
ARG,290,224
ARG,290,225
ARG,290,226
ARG,290,227
ARG,290,228
ARG,290,229
ARG,290,230
ARG,290,231
ARG,290,232
ARG,290,233
AUS,290,678
CHL,291,219
CHL,291,220
CHL,291,221
CHL,291,222
CHL,291,223
CHL,291,224
CHL,291,225
CHL,291,226
CHL,291,227
CHL,291,228
CHL,292,224
CHL,292,225
CHL,292,226
